adj_close,adjustment_basis,available_at,exchange,raw_close,raw_high,raw_low,raw_open,security_id,ticker,trade_date,traded_value,trading_status,volume
20000.0,synthetic,2024-01-01T17:00:00+07:00,HOSE,20000.0,20200.0,19800.0,20000.0,SYNTHETIC-00,SYN00,2024-01-01,2000000000.0,normal,100000
20039.3522,synthetic,2024-01-02T17:00:00+07:00,HOSE,20039.3522,20239.745722,19838.958678000003,20039.3522,SYNTHETIC-00,SYN00,2024-01-02,2003935220.0,normal,100000
20078.4808,synthetic,2024-01-03T17:00:00+07:00,HOSE,20078.4808,20279.265608,19877.695992,20078.4808,SYNTHETIC-00,SYN00,2024-01-03,2007848080.0,normal,100000
20117.085,synthetic,2024-01-04T17:00:00+07:00,HOSE,20117.085,20318.255849999998,19915.91415,20117.085,SYNTHETIC-00,SYN00,2024-01-04,2011708500.0,normal,100000
20154.8666,synthetic,2024-01-05T17:00:00+07:00,HOSE,20154.8666,20356.415266,19953.317934000002,20154.8666,SYNTHETIC-00,SYN00,2024-01-05,2015486660.0000002,normal,100000
20191.5329,synthetic,2024-01-08T17:00:00+07:00,HOSE,20191.5329,20393.448228999998,19989.617571,20191.5329,SYNTHETIC-00,SYN00,2024-01-08,2019153289.9999998,normal,100000
20226.799,synthetic,2024-01-09T17:00:00+07:00,HOSE,20226.799,20429.06699,20024.53101,20226.799,SYNTHETIC-00,SYN00,2024-01-09,2022679900.0,normal,100000
20260.3904,synthetic,2024-01-10T17:00:00+07:00,HOSE,20260.3904,20462.994304,20057.786496,20260.3904,SYNTHETIC-00,SYN00,2024-01-10,2026039040.0,normal,100000
20292.0457,synthetic,2024-01-11T17:00:00+07:00,HOSE,20292.0457,20494.966157,20089.125243,20292.0457,SYNTHETIC-00,SYN00,2024-01-11,2029204569.9999998,normal,100000
20321.5187,synthetic,2024-01-12T17:00:00+07:00,HOSE,20321.5187,20524.733887000002,20118.303513,20321.5187,SYNTHETIC-00,SYN00,2024-01-12,2032151870.0,normal,100000
20348.5811,synthetic,2024-01-15T17:00:00+07:00,HOSE,20348.5811,20552.066910999998,20145.095289,20348.5811,SYNTHETIC-00,SYN00,2024-01-15,2034858110.0,normal,100000
20373.0244,synthetic,2024-01-16T17:00:00+07:00,HOSE,20373.0244,20576.754643999997,20169.294156,20373.0244,SYNTHETIC-00,SYN00,2024-01-16,2037302439.9999998,normal,100000
20394.6623,synthetic,2024-01-17T17:00:00+07:00,HOSE,20394.6623,20598.608923,20190.715677,20394.6623,SYNTHETIC-00,SYN00,2024-01-17,2039466230.0,normal,100000
20413.332,synthetic,2024-01-18T17:00:00+07:00,HOSE,20413.332,20617.46532,20209.198679999998,20413.332,SYNTHETIC-00,SYN00,2024-01-18,2041333199.9999998,normal,100000
20428.8962,synthetic,2024-01-19T17:00:00+07:00,HOSE,20428.8962,20633.185161999998,20224.607238,20428.8962,SYNTHETIC-00,SYN00,2024-01-19,2042889620.0,normal,100000
20441.2446,synthetic,2024-01-22T17:00:00+07:00,HOSE,20441.2446,20645.657046,20236.832154000003,20441.2446,SYNTHETIC-00,SYN00,2024-01-22,2044124460.0000002,normal,100000
20450.2945,synthetic,2024-01-23T17:00:00+07:00,HOSE,20450.2945,20654.797445,20245.791555,20450.2945,SYNTHETIC-00,SYN00,2024-01-23,2045029450.0,normal,100000
20455.9921,synthetic,2024-01-24T17:00:00+07:00,HOSE,20455.9921,20660.552021,20251.432179,20455.9921,SYNTHETIC-00,SYN00,2024-01-24,2045599210.0,normal,100000
20458.3129,synthetic,2024-01-25T17:00:00+07:00,HOSE,20458.3129,20662.896029,20253.729771000002,20458.3129,SYNTHETIC-00,SYN00,2024-01-25,2045831290.0,normal,100000
20457.2619,synthetic,2024-01-26T17:00:00+07:00,HOSE,20457.2619,20661.834519,20252.689281000003,20457.2619,SYNTHETIC-00,SYN00,2024-01-26,2045726190.0000002,normal,100000
20452.8736,synthetic,2024-01-29T17:00:00+07:00,HOSE,20452.8736,20657.402336,20248.344864,20452.8736,SYNTHETIC-00,SYN00,2024-01-29,2045287360.0,normal,100000
20445.2118,synthetic,2024-01-30T17:00:00+07:00,HOSE,20445.2118,20649.663918000002,20240.759682,20445.2118,SYNTHETIC-00,SYN00,2024-01-30,2044521180.0,normal,100000
20434.3687,synthetic,2024-01-31T17:00:00+07:00,HOSE,20434.3687,20638.712387,20230.025013,20434.3687,SYNTHETIC-00,SYN00,2024-01-31,2043436870.0,normal,100000
20420.464,synthetic,2024-02-01T17:00:00+07:00,HOSE,20420.464,20624.66864,20216.25936,20420.464,SYNTHETIC-00,SYN00,2024-02-01,2042046400.0,normal,100000
20403.6441,synthetic,2024-02-02T17:00:00+07:00,HOSE,20403.6441,20607.680541,20199.607659,20403.6441,SYNTHETIC-00,SYN00,2024-02-02,2040364410.0000002,normal,100000
20384.0801,synthetic,2024-02-05T17:00:00+07:00,HOSE,20384.0801,20587.920900999998,20180.239299,20384.0801,SYNTHETIC-00,SYN00,2024-02-05,2038408010.0,normal,100000
20361.9665,synthetic,2024-02-06T17:00:00+07:00,HOSE,20361.9665,20565.586164999997,20158.346835,20361.9665,SYNTHETIC-00,SYN00,2024-02-06,2036196649.9999998,normal,100000
20337.5192,synthetic,2024-02-07T17:00:00+07:00,HOSE,20337.5192,20540.894392,20134.144008,20337.5192,SYNTHETIC-00,SYN00,2024-02-07,2033751920.0,normal,100000
20310.9732,synthetic,2024-02-08T17:00:00+07:00,HOSE,20310.9732,20514.082932,20107.863468,20310.9732,SYNTHETIC-00,SYN00,2024-02-08,2031097320.0,normal,100000
20282.5808,synthetic,2024-02-09T17:00:00+07:00,HOSE,20282.5808,20485.406608,20079.754992,20282.5808,SYNTHETIC-00,SYN00,2024-02-09,2028258080.0,normal,100000
20252.609,synthetic,2024-02-12T17:00:00+07:00,HOSE,20252.609,20455.13509,20050.08291,20252.609,SYNTHETIC-00,SYN00,2024-02-12,2025260900.0,normal,100000
20221.3368,synthetic,2024-02-13T17:00:00+07:00,HOSE,20221.3368,20423.550168,20019.123432,20221.3368,SYNTHETIC-00,SYN00,2024-02-13,2022133680.0,normal,100000
20189.053,synthetic,2024-02-14T17:00:00+07:00,HOSE,20189.053,20390.94353,19987.16247,20189.053,SYNTHETIC-00,SYN00,2024-02-14,2018905300.0,normal,100000
20156.0537,synthetic,2024-02-15T17:00:00+07:00,HOSE,20156.0537,20357.614237,19954.493163,20156.0537,SYNTHETIC-00,SYN00,2024-02-15,2015605370.0,normal,100000
20122.6392,synthetic,2024-02-16T17:00:00+07:00,HOSE,20122.6392,20323.865592000002,19921.412808,20122.6392,SYNTHETIC-00,SYN00,2024-02-16,2012263920.0000002,normal,100000
20089.1121,synthetic,2024-02-19T17:00:00+07:00,HOSE,20089.1121,20290.003221,19888.220978999998,20089.1121,SYNTHETIC-00,SYN00,2024-02-19,2008911209.9999998,normal,100000
20055.774,synthetic,2024-02-20T17:00:00+07:00,HOSE,20055.774,20256.33174,19855.21626,20055.774,SYNTHETIC-00,SYN00,2024-02-20,2005577400.0000002,normal,100000
20022.9237,synthetic,2024-02-21T17:00:00+07:00,HOSE,20022.9237,20223.152937,19822.694463,20022.9237,SYNTHETIC-00,SYN00,2024-02-21,2002292370.0,normal,100000
19990.8544,synthetic,2024-02-22T17:00:00+07:00,HOSE,19990.8544,20190.762944000002,19790.945856,19990.8544,SYNTHETIC-00,SYN00,2024-02-22,1999085440.0,normal,100000
19959.8514,synthetic,2024-02-23T17:00:00+07:00,HOSE,19959.8514,20159.449914,19760.252886,19959.8514,SYNTHETIC-00,SYN00,2024-02-23,1995985140.0,normal,100000
19930.1901,synthetic,2024-02-26T17:00:00+07:00,HOSE,19930.1901,20129.492001,19730.888199,19930.1901,SYNTHETIC-00,SYN00,2024-02-26,1993019010.0,normal,100000
19902.1337,synthetic,2024-02-27T17:00:00+07:00,HOSE,19902.1337,20101.155037,19703.112362999997,19902.1337,SYNTHETIC-00,SYN00,2024-02-27,1990213369.9999998,normal,100000
19875.9315,synthetic,2024-02-28T17:00:00+07:00,HOSE,19875.9315,20074.690814999998,19677.172185,19875.9315,SYNTHETIC-00,SYN00,2024-02-28,1987593149.9999998,normal,100000
19851.8169,synthetic,2024-02-29T17:00:00+07:00,HOSE,19851.8169,20050.335069,19653.298731000003,19851.8169,SYNTHETIC-00,SYN00,2024-02-29,1985181690.0000002,normal,100000
19830.0056,synthetic,2024-03-01T17:00:00+07:00,HOSE,19830.0056,20028.305656,19631.705544,19830.0056,SYNTHETIC-00,SYN00,2024-03-01,1983000560.0,normal,100000
19810.6945,synthetic,2024-03-04T17:00:00+07:00,HOSE,19810.6945,20008.801445,19612.587555000002,19810.6945,SYNTHETIC-00,SYN00,2024-03-04,1981069450.0000002,normal,100000
19794.0603,synthetic,2024-03-05T17:00:00+07:00,HOSE,19794.0603,19992.000903,19596.119697000002,19794.0603,SYNTHETIC-00,SYN00,2024-03-05,1979406030.0,normal,100000
19780.2578,synthetic,2024-03-06T17:00:00+07:00,HOSE,19780.2578,19978.060378,19582.455222,19780.2578,SYNTHETIC-00,SYN00,2024-03-06,1978025780.0,normal,100000
19769.4196,synthetic,2024-03-07T17:00:00+07:00,HOSE,19769.4196,19967.113796,19571.725404,19769.4196,SYNTHETIC-00,SYN00,2024-03-07,1976941960.0,normal,100000
19761.6547,synthetic,2024-03-08T17:00:00+07:00,HOSE,19761.6547,19959.271247,19564.038152999998,19761.6547,SYNTHETIC-00,SYN00,2024-03-08,1976165470.0,normal,100000
19757.0482,synthetic,2024-03-11T17:00:00+07:00,HOSE,19757.0482,19954.618682,19559.477718000002,19757.0482,SYNTHETIC-00,SYN00,2024-03-11,1975704820.0,normal,100000
19755.6602,synthetic,2024-03-12T17:00:00+07:00,HOSE,19755.6602,19953.216802,19558.103597999998,19755.6602,SYNTHETIC-00,SYN00,2024-03-12,1975566019.9999998,normal,100000
19757.5261,synthetic,2024-03-13T17:00:00+07:00,HOSE,19757.5261,19955.101361,19559.950838999997,19757.5261,SYNTHETIC-00,SYN00,2024-03-13,1975752610.0,normal,100000
19762.6559,synthetic,2024-03-14T17:00:00+07:00,HOSE,19762.6559,19960.282459000002,19565.029341,19762.6559,SYNTHETIC-00,SYN00,2024-03-14,1976265590.0000002,normal,100000
19771.0341,synthetic,2024-03-15T17:00:00+07:00,HOSE,19771.0341,19968.744441000003,19573.323759,19771.0341,SYNTHETIC-00,SYN00,2024-03-15,1977103410.0,normal,100000
19782.6203,synthetic,2024-03-18T17:00:00+07:00,HOSE,19782.6203,19980.446503,19584.794096999998,19782.6203,SYNTHETIC-00,SYN00,2024-03-18,1978262029.9999998,normal,100000
19797.3487,synthetic,2024-03-19T17:00:00+07:00,HOSE,19797.3487,19995.322186999998,19599.375213,19797.3487,SYNTHETIC-00,SYN00,2024-03-19,1979734869.9999998,normal,100000
19815.1291,synthetic,2024-03-20T17:00:00+07:00,HOSE,19815.1291,20013.280391,19616.977808999996,19815.1291,SYNTHETIC-00,SYN00,2024-03-20,1981512909.9999998,normal,100000
19835.8472,synthetic,2024-03-21T17:00:00+07:00,HOSE,19835.8472,20034.205672,19637.488728,19835.8472,SYNTHETIC-00,SYN00,2024-03-21,1983584720.0,normal,100000
19859.3655,synthetic,2024-03-22T17:00:00+07:00,HOSE,19859.3655,20057.959155,19660.771845,19859.3655,SYNTHETIC-00,SYN00,2024-03-22,1985936550.0,normal,100000
19885.5238,synthetic,2024-03-25T17:00:00+07:00,HOSE,19885.5238,20084.379038,19686.668562,19885.5238,SYNTHETIC-00,SYN00,2024-03-25,1988552380.0,normal,100000
19914.1407,synthetic,2024-03-26T17:00:00+07:00,HOSE,19914.1407,20113.282107,19714.999293,19914.1407,SYNTHETIC-00,SYN00,2024-03-26,1991414070.0,normal,100000
19945.0145,synthetic,2024-03-27T17:00:00+07:00,HOSE,19945.0145,20144.464645,19745.564355000002,19945.0145,SYNTHETIC-00,SYN00,2024-03-27,1994501450.0,normal,100000
19977.9247,synthetic,2024-03-28T17:00:00+07:00,HOSE,19977.9247,20177.703946999998,19778.145453,19977.9247,SYNTHETIC-00,SYN00,2024-03-28,1997792470.0,normal,100000
20012.6336,synthetic,2024-03-29T17:00:00+07:00,HOSE,20012.6336,20212.759936000002,19812.507264,20012.6336,SYNTHETIC-00,SYN00,2024-03-29,2001263360.0,normal,100000
20048.8878,synthetic,2024-04-01T17:00:00+07:00,HOSE,20048.8878,20249.376678,19848.398922,20048.8878,SYNTHETIC-00,SYN00,2024-04-01,2004888780.0,normal,100000
20086.42,synthetic,2024-04-02T17:00:00+07:00,HOSE,20086.42,20287.2842,19885.5558,20086.42,SYNTHETIC-00,SYN00,2024-04-02,2008641999.9999998,normal,100000
20124.9512,synthetic,2024-04-03T17:00:00+07:00,HOSE,20124.9512,20326.200711999998,19923.701688,20124.9512,SYNTHETIC-00,SYN00,2024-04-03,2012495120.0,normal,100000
20164.1929,synthetic,2024-04-04T17:00:00+07:00,HOSE,20164.1929,20365.834829,19962.550970999997,20164.1929,SYNTHETIC-00,SYN00,2024-04-04,2016419289.9999998,normal,100000
20203.8487,synthetic,2024-04-05T17:00:00+07:00,HOSE,20203.8487,20405.887187,20001.810212999997,20203.8487,SYNTHETIC-00,SYN00,2024-04-05,2020384869.9999998,normal,100000
20243.6175,synthetic,2024-04-08T17:00:00+07:00,HOSE,20243.6175,20446.053675,20041.181325,20243.6175,SYNTHETIC-00,SYN00,2024-04-08,2024361750.0,normal,100000
20283.1954,synthetic,2024-04-09T17:00:00+07:00,HOSE,20283.1954,20486.027354,20080.363446,20283.1954,SYNTHETIC-00,SYN00,2024-04-09,2028319540.0,normal,100000
20322.2782,synthetic,2024-04-10T17:00:00+07:00,HOSE,20322.2782,20525.500982,20119.055418,20322.2782,SYNTHETIC-00,SYN00,2024-04-10,2032227820.0,normal,100000
20360.5643,synthetic,2024-04-11T17:00:00+07:00,HOSE,20360.5643,20564.169942999997,20156.958657,20360.5643,SYNTHETIC-00,SYN00,2024-04-11,2036056429.9999998,normal,100000
20397.7572,synthetic,2024-04-12T17:00:00+07:00,HOSE,20397.7572,20601.734772,20193.779628,20397.7572,SYNTHETIC-00,SYN00,2024-04-12,2039775720.0,normal,100000
20433.5679,synthetic,2024-04-15T17:00:00+07:00,HOSE,20433.5679,20637.903578999998,20229.232221,20433.5679,SYNTHETIC-00,SYN00,2024-04-15,2043356789.9999998,normal,100000
20467.7178,synthetic,2024-04-16T17:00:00+07:00,HOSE,20467.7178,20672.394978,20263.040621999997,20467.7178,SYNTHETIC-00,SYN00,2024-04-16,2046771779.9999998,normal,100000
20499.9409,synthetic,2024-04-17T17:00:00+07:00,HOSE,20499.9409,20704.940309,20294.941491,20499.9409,SYNTHETIC-00,SYN00,2024-04-17,2049994090.0000002,normal,100000
20529.9869,synthetic,2024-04-18T17:00:00+07:00,HOSE,20529.9869,20735.286769,20324.687031,20529.9869,SYNTHETIC-00,SYN00,2024-04-18,2052998690.0,normal,100000
20557.6226,synthetic,2024-04-19T17:00:00+07:00,HOSE,20557.6226,20763.198826,20352.046373999998,20557.6226,SYNTHETIC-00,SYN00,2024-04-19,2055762259.9999998,normal,100000
20582.6351,synthetic,2024-04-22T17:00:00+07:00,HOSE,20582.6351,20788.461451,20376.808749,20582.6351,SYNTHETIC-00,SYN00,2024-04-22,2058263510.0,normal,100000
20604.8334,synthetic,2024-04-23T17:00:00+07:00,HOSE,20604.8334,20810.881734,20398.785066,20604.8334,SYNTHETIC-00,SYN00,2024-04-23,2060483340.0,normal,100000
20624.0502,synthetic,2024-04-24T17:00:00+07:00,HOSE,20624.0502,20830.290702000002,20417.809698,20624.0502,SYNTHETIC-00,SYN00,2024-04-24,2062405020.0000002,normal,100000
20640.1439,synthetic,2024-04-25T17:00:00+07:00,HOSE,20640.1439,20846.545339,20433.742460999998,20640.1439,SYNTHETIC-00,SYN00,2024-04-25,2064014390.0,normal,100000
20652.9995,synthetic,2024-04-26T17:00:00+07:00,HOSE,20652.9995,20859.529495000002,20446.469505,20652.9995,SYNTHETIC-00,SYN00,2024-04-26,2065299950.0000002,normal,100000
20662.5304,synthetic,2024-04-29T17:00:00+07:00,HOSE,20662.5304,20869.155704,20455.905096,20662.5304,SYNTHETIC-00,SYN00,2024-04-29,2066253040.0,normal,100000
20668.6789,synthetic,2024-04-30T17:00:00+07:00,HOSE,20668.6789,20875.365689,20461.992111,20668.6789,SYNTHETIC-00,SYN00,2024-04-30,2066867890.0,normal,100000
20671.4167,synthetic,2024-05-01T17:00:00+07:00,HOSE,20671.4167,20878.130867000003,20464.702533,20671.4167,SYNTHETIC-00,SYN00,2024-05-01,2067141670.0000002,normal,100000
20670.7455,synthetic,2024-05-02T17:00:00+07:00,HOSE,20670.7455,20877.452955,20464.038045,20670.7455,SYNTHETIC-00,SYN00,2024-05-02,2067074550.0,normal,100000
20666.6967,synthetic,2024-05-03T17:00:00+07:00,HOSE,20666.6967,20873.363667,20460.029733,20666.6967,SYNTHETIC-00,SYN00,2024-05-03,2066669670.0,normal,100000
20659.3313,synthetic,2024-05-06T17:00:00+07:00,HOSE,20659.3313,20865.924613000003,20452.737987,20659.3313,SYNTHETIC-00,SYN00,2024-05-06,2065933130.0000002,normal,100000
20648.7393,synthetic,2024-05-07T17:00:00+07:00,HOSE,20648.7393,20855.226693,20442.251907,20648.7393,SYNTHETIC-00,SYN00,2024-05-07,2064873930.0,normal,100000
20635.0386,synthetic,2024-05-08T17:00:00+07:00,HOSE,20635.0386,20841.388986,20428.688213999998,20635.0386,SYNTHETIC-00,SYN00,2024-05-08,2063503860.0,normal,100000
20618.3739,synthetic,2024-05-09T17:00:00+07:00,HOSE,20618.3739,20824.557639,20412.190161,20618.3739,SYNTHETIC-00,SYN00,2024-05-09,2061837389.9999998,normal,100000
20598.9154,synthetic,2024-05-10T17:00:00+07:00,HOSE,20598.9154,20804.904554,20392.926246000003,20598.9154,SYNTHETIC-00,SYN00,2024-05-10,2059891540.0000002,normal,100000
20576.857,synthetic,2024-05-13T17:00:00+07:00,HOSE,20576.857,20782.62557,20371.08843,20576.857,SYNTHETIC-00,SYN00,2024-05-13,2057685700.0,normal,100000
20552.4144,synthetic,2024-05-14T17:00:00+07:00,HOSE,20552.4144,20757.938544,20346.890256000002,20552.4144,SYNTHETIC-00,SYN00,2024-05-14,2055241440.0000002,normal,100000
20525.8231,synthetic,2024-05-15T17:00:00+07:00,HOSE,20525.8231,20731.081331,20320.564869,20525.8231,SYNTHETIC-00,SYN00,2024-05-15,2052582310.0000002,normal,100000
20497.336,synthetic,2024-05-16T17:00:00+07:00,HOSE,20497.336,20702.30936,20292.36264,20497.336,SYNTHETIC-00,SYN00,2024-05-16,2049733600.0,normal,100000
20467.2213,synthetic,2024-05-17T17:00:00+07:00,HOSE,20467.2213,20671.893513000003,20262.549087,20467.2213,SYNTHETIC-00,SYN00,2024-05-17,2046722130.0,normal,100000
20435.7596,synthetic,2024-05-20T17:00:00+07:00,HOSE,20435.7596,20640.117196000003,20231.402004,20435.7596,SYNTHETIC-00,SYN00,2024-05-20,2043575960.0000002,normal,100000
20403.2419,synthetic,2024-05-21T17:00:00+07:00,HOSE,20403.2419,20607.274319,20199.209481,20403.2419,SYNTHETIC-00,SYN00,2024-05-21,2040324190.0,normal,100000
20369.9664,synthetic,2024-05-22T17:00:00+07:00,HOSE,20369.9664,20573.666064,20166.266736,20369.9664,SYNTHETIC-00,SYN00,2024-05-22,2036996640.0,normal,100000
20336.2365,synthetic,2024-05-23T17:00:00+07:00,HOSE,20336.2365,20539.598865,20132.874135,20336.2365,SYNTHETIC-00,SYN00,2024-05-23,2033623650.0,normal,100000
20302.3575,synthetic,2024-05-24T17:00:00+07:00,HOSE,20302.3575,20505.381074999998,20099.333925,20302.3575,SYNTHETIC-00,SYN00,2024-05-24,2030235749.9999998,normal,100000
20268.6346,synthetic,2024-05-27T17:00:00+07:00,HOSE,20268.6346,20471.320946,20065.948254000003,20268.6346,SYNTHETIC-00,SYN00,2024-05-27,2026863460.0000002,normal,100000
20235.37,synthetic,2024-05-28T17:00:00+07:00,HOSE,20235.37,20437.7237,20033.0163,20235.37,SYNTHETIC-00,SYN00,2024-05-28,2023537000.0,normal,100000
20202.8609,synthetic,2024-05-29T17:00:00+07:00,HOSE,20202.8609,20404.889509,20000.832291,20202.8609,SYNTHETIC-00,SYN00,2024-05-29,2020286090.0,normal,100000
20171.3965,synthetic,2024-05-30T17:00:00+07:00,HOSE,20171.3965,20373.110464999998,19969.682535,20171.3965,SYNTHETIC-00,SYN00,2024-05-30,2017139650.0,normal,100000
20141.2563,synthetic,2024-05-31T17:00:00+07:00,HOSE,20141.2563,20342.668863000003,19939.843737,20141.2563,SYNTHETIC-00,SYN00,2024-05-31,2014125630.0,normal,100000
20112.7079,synthetic,2024-06-03T17:00:00+07:00,HOSE,20112.7079,20313.834979000003,19911.580821,20112.7079,SYNTHETIC-00,SYN00,2024-06-03,2011270790.0000002,normal,100000
20086.0049,synthetic,2024-06-04T17:00:00+07:00,HOSE,20086.0049,20286.864949,19885.144851,20086.0049,SYNTHETIC-00,SYN00,2024-06-04,2008600490.0,normal,100000
20061.3848,synthetic,2024-06-05T17:00:00+07:00,HOSE,20061.3848,20261.998648,19860.770952,20061.3848,SYNTHETIC-00,SYN00,2024-06-05,2006138480.0,normal,100000
20039.0679,synthetic,2024-06-06T17:00:00+07:00,HOSE,20039.0679,20239.458579,19838.677220999998,20039.0679,SYNTHETIC-00,SYN00,2024-06-06,2003906789.9999998,normal,100000
20019.2556,synthetic,2024-06-07T17:00:00+07:00,HOSE,20019.2556,20219.448156000002,19819.063044,20019.2556,SYNTHETIC-00,SYN00,2024-06-07,2001925560.0,normal,100000
20002.1284,synthetic,2024-06-10T17:00:00+07:00,HOSE,20002.1284,20202.149684,19802.107116000003,20002.1284,SYNTHETIC-00,SYN00,2024-06-10,2000212840.0000002,normal,100000
19987.8457,synthetic,2024-06-11T17:00:00+07:00,HOSE,19987.8457,20187.724157,19787.967243000003,19987.8457,SYNTHETIC-00,SYN00,2024-06-11,1998784570.0000002,normal,100000
19976.5439,synthetic,2024-06-12T17:00:00+07:00,HOSE,19976.5439,20176.309339,19776.778461,19976.5439,SYNTHETIC-00,SYN00,2024-06-12,1997654390.0,normal,100000
19968.3361,synthetic,2024-06-13T17:00:00+07:00,HOSE,19968.3361,20168.019461,19768.652739,19968.3361,SYNTHETIC-00,SYN00,2024-06-13,1996833610.0,normal,100000
19963.3108,synthetic,2024-06-14T17:00:00+07:00,HOSE,19963.3108,20162.943908,19763.677691999997,19963.3108,SYNTHETIC-00,SYN00,2024-06-14,1996331080.0,normal,100000
19961.532,synthetic,2024-06-17T17:00:00+07:00,HOSE,19961.532,20161.14732,19761.91668,19961.532,SYNTHETIC-00,SYN00,2024-06-17,1996153200.0,normal,100000
19963.0381,synthetic,2024-06-18T17:00:00+07:00,HOSE,19963.0381,20162.668481,19763.407719000003,19963.0381,SYNTHETIC-00,SYN00,2024-06-18,1996303810.0000002,normal,100000
19967.8422,synthetic,2024-06-19T17:00:00+07:00,HOSE,19967.8422,20167.520622,19768.163778,19967.8422,SYNTHETIC-00,SYN00,2024-06-19,1996784220.0,normal,100000
19975.9318,synthetic,2024-06-20T17:00:00+07:00,HOSE,19975.9318,20175.691118,19776.172481999998,19975.9318,SYNTHETIC-00,SYN00,2024-06-20,1997593179.9999998,normal,100000
19987.2687,synthetic,2024-06-21T17:00:00+07:00,HOSE,19987.2687,20187.141387,19787.396013,19987.2687,SYNTHETIC-00,SYN00,2024-06-21,1998726870.0,normal,100000
20001.7895,synthetic,2024-06-24T17:00:00+07:00,HOSE,20001.7895,20201.807395,19801.771604999998,20001.7895,SYNTHETIC-00,SYN00,2024-06-24,2000178950.0,normal,100000
20019.4059,synthetic,2024-06-25T17:00:00+07:00,HOSE,20019.4059,20219.599959000003,19819.211841,20019.4059,SYNTHETIC-00,SYN00,2024-06-25,2001940590.0000002,normal,100000
20040.0051,synthetic,2024-06-26T17:00:00+07:00,HOSE,20040.0051,20240.405151,19839.605048999998,20040.0051,SYNTHETIC-00,SYN00,2024-06-26,2004000509.9999998,normal,100000
20063.4508,synthetic,2024-06-27T17:00:00+07:00,HOSE,20063.4508,20264.085307999998,19862.816292,20063.4508,SYNTHETIC-00,SYN00,2024-06-27,2006345079.9999998,normal,100000
20089.5838,synthetic,2024-06-28T17:00:00+07:00,HOSE,20089.5838,20290.479638,19888.687962,20089.5838,SYNTHETIC-00,SYN00,2024-06-28,2008958380.0,normal,100000
20118.2231,synthetic,2024-07-01T17:00:00+07:00,HOSE,20118.2231,20319.405330999998,19917.040869,20118.2231,SYNTHETIC-00,SYN00,2024-07-01,2011822310.0,normal,100000
20149.1673,synthetic,2024-07-02T17:00:00+07:00,HOSE,20149.1673,20350.658973,19947.675627,20149.1673,SYNTHETIC-00,SYN00,2024-07-02,2014916730.0,normal,100000
20182.1957,synthetic,2024-07-03T17:00:00+07:00,HOSE,20182.1957,20384.017657,19980.373743,20182.1957,SYNTHETIC-00,SYN00,2024-07-03,2018219570.0,normal,100000
20217.07,synthetic,2024-07-04T17:00:00+07:00,HOSE,20217.07,20419.2407,20014.8993,20217.07,SYNTHETIC-00,SYN00,2024-07-04,2021707000.0,normal,100000
20253.5358,synthetic,2024-07-05T17:00:00+07:00,HOSE,20253.5358,20456.071158000002,20051.000442,20253.5358,SYNTHETIC-00,SYN00,2024-07-05,2025353580.0000002,normal,100000
20291.3248,synthetic,2024-07-08T17:00:00+07:00,HOSE,20291.3248,20494.238048,20088.411551999998,20291.3248,SYNTHETIC-00,SYN00,2024-07-08,2029132479.9999998,normal,100000
20330.1561,synthetic,2024-07-09T17:00:00+07:00,HOSE,20330.1561,20533.457661,20126.854539,20330.1561,SYNTHETIC-00,SYN00,2024-07-09,2033015610.0,normal,100000
20369.7392,synthetic,2024-07-10T17:00:00+07:00,HOSE,20369.7392,20573.436592000002,20166.041807999998,20369.7392,SYNTHETIC-00,SYN00,2024-07-10,2036973920.0,normal,100000
20409.7756,synthetic,2024-07-11T17:00:00+07:00,HOSE,20409.7756,20613.873356,20205.677844,20409.7756,SYNTHETIC-00,SYN00,2024-07-11,2040977560.0,normal,100000
20449.9613,synthetic,2024-07-12T17:00:00+07:00,HOSE,20449.9613,20654.460913,20245.461687,20449.9613,SYNTHETIC-00,SYN00,2024-07-12,2044996130.0,normal,100000
20489.9895,synthetic,2024-07-15T17:00:00+07:00,HOSE,20489.9895,20694.889395,20285.089605,20489.9895,SYNTHETIC-00,SYN00,2024-07-15,2048998950.0,normal,100000
20529.5527,synthetic,2024-07-16T17:00:00+07:00,HOSE,20529.5527,20734.848227,20324.257173,20529.5527,SYNTHETIC-00,SYN00,2024-07-16,2052955270.0,normal,100000
20568.3458,synthetic,2024-07-17T17:00:00+07:00,HOSE,20568.3458,20774.029258,20362.662342,20568.3458,SYNTHETIC-00,SYN00,2024-07-17,2056834580.0,normal,100000
20606.0684,synthetic,2024-07-18T17:00:00+07:00,HOSE,20606.0684,20812.129084,20400.007716,20606.0684,SYNTHETIC-00,SYN00,2024-07-18,2060606840.0,normal,100000
20642.4275,synthetic,2024-07-19T17:00:00+07:00,HOSE,20642.4275,20848.851775000003,20436.003225,20642.4275,SYNTHETIC-00,SYN00,2024-07-19,2064242750.0000002,normal,100000
20677.1402,synthetic,2024-07-22T17:00:00+07:00,HOSE,20677.1402,20883.911602,20470.368798000003,20677.1402,SYNTHETIC-00,SYN00,2024-07-22,2067714020.0000002,normal,100000
20709.9364,synthetic,2024-07-23T17:00:00+07:00,HOSE,20709.9364,20917.035764,20502.837035999997,20709.9364,SYNTHETIC-00,SYN00,2024-07-23,2070993639.9999998,normal,100000
20740.5608,synthetic,2024-07-24T17:00:00+07:00,HOSE,20740.5608,20947.966408,20533.155192,20740.5608,SYNTHETIC-00,SYN00,2024-07-24,2074056080.0,normal,100000
20768.776,synthetic,2024-07-25T17:00:00+07:00,HOSE,20768.776,20976.463760000002,20561.08824,20768.776,SYNTHETIC-00,SYN00,2024-07-25,2076877600.0000002,normal,100000
20794.3644,synthetic,2024-07-26T17:00:00+07:00,HOSE,20794.3644,21002.308043999998,20586.420756,20794.3644,SYNTHETIC-00,SYN00,2024-07-26,2079436439.9999998,normal,100000
20817.1302,synthetic,2024-07-29T17:00:00+07:00,HOSE,20817.1302,21025.301502,20608.958898,20817.1302,SYNTHETIC-00,SYN00,2024-07-29,2081713020.0,normal,100000
20836.9017,synthetic,2024-07-30T17:00:00+07:00,HOSE,20836.9017,21045.270717,20628.532682999998,20836.9017,SYNTHETIC-00,SYN00,2024-07-30,2083690169.9999998,normal,100000
20853.5325,synthetic,2024-07-31T17:00:00+07:00,HOSE,20853.5325,21062.067825000002,20644.997175,20853.5325,SYNTHETIC-00,SYN00,2024-07-31,2085353250.0,normal,100000
20866.9035,synthetic,2024-08-01T17:00:00+07:00,HOSE,20866.9035,21075.572535,20658.234465,20866.9035,SYNTHETIC-00,SYN00,2024-08-01,2086690350.0,normal,100000
20876.9237,synthetic,2024-08-02T17:00:00+07:00,HOSE,20876.9237,21085.692937,20668.154463,20876.9237,SYNTHETIC-00,SYN00,2024-08-02,2087692370.0,normal,100000
20883.5315,synthetic,2024-08-05T17:00:00+07:00,HOSE,20883.5315,21092.366815,20674.696185,20883.5315,SYNTHETIC-00,SYN00,2024-08-05,2088353150.0,normal,100000
20886.6947,synthetic,2024-08-06T17:00:00+07:00,HOSE,20886.6947,21095.561647,20677.827753,20886.6947,SYNTHETIC-00,SYN00,2024-08-06,2088669470.0,normal,100000
20886.4117,synthetic,2024-08-07T17:00:00+07:00,HOSE,20886.4117,21095.275817,20677.547583,20886.4117,SYNTHETIC-00,SYN00,2024-08-07,2088641170.0,normal,100000
20882.7107,synthetic,2024-08-08T17:00:00+07:00,HOSE,20882.7107,21091.537807,20673.883593,20882.7107,SYNTHETIC-00,SYN00,2024-08-08,2088271070.0,normal,100000
20875.65,synthetic,2024-08-09T17:00:00+07:00,HOSE,20875.65,21084.4065,20666.893500000002,20875.65,SYNTHETIC-00,SYN00,2024-08-09,2087565000.0000002,normal,100000
20865.3172,synthetic,2024-08-12T17:00:00+07:00,HOSE,20865.3172,21073.970372,20656.664028000003,20865.3172,SYNTHETIC-00,SYN00,2024-08-12,2086531720.0000002,normal,100000
20851.8281,synthetic,2024-08-13T17:00:00+07:00,HOSE,20851.8281,21060.346381,20643.309819,20851.8281,SYNTHETIC-00,SYN00,2024-08-13,2085182810.0,normal,100000
20835.326,synthetic,2024-08-14T17:00:00+07:00,HOSE,20835.326,21043.67926,20626.97274,20835.326,SYNTHETIC-00,SYN00,2024-08-14,2083532600.0,normal,100000
20815.9799,synthetic,2024-08-15T17:00:00+07:00,HOSE,20815.9799,21024.139699,20607.820100999998,20815.9799,SYNTHETIC-00,SYN00,2024-08-15,2081597989.9999998,normal,100000
20793.9832,synthetic,2024-08-16T17:00:00+07:00,HOSE,20793.9832,21001.923032,20586.043368,20793.9832,SYNTHETIC-00,SYN00,2024-08-16,2079398319.9999998,normal,100000
20769.5512,synthetic,2024-08-19T17:00:00+07:00,HOSE,20769.5512,20977.246712,20561.855688000003,20769.5512,SYNTHETIC-00,SYN00,2024-08-19,2076955120.0000002,normal,100000
20742.9198,synthetic,2024-08-20T17:00:00+07:00,HOSE,20742.9198,20950.348998,20535.490601999998,20742.9198,SYNTHETIC-00,SYN00,2024-08-20,2074291980.0,normal,100000
20714.3427,synthetic,2024-08-21T17:00:00+07:00,HOSE,20714.3427,20921.486127,20507.199273000002,20714.3427,SYNTHETIC-00,SYN00,2024-08-21,2071434270.0,normal,100000
20684.0891,synthetic,2024-08-22T17:00:00+07:00,HOSE,20684.0891,20890.929991,20477.248209,20684.0891,SYNTHETIC-00,SYN00,2024-08-22,2068408910.0,normal,100000
20652.4413,synthetic,2024-08-23T17:00:00+07:00,HOSE,20652.4413,20858.965712999998,20445.916887,20652.4413,SYNTHETIC-00,SYN00,2024-08-23,2065244129.9999998,normal,100000
20619.6923,synthetic,2024-08-26T17:00:00+07:00,HOSE,20619.6923,20825.889223,20413.495377,20619.6923,SYNTHETIC-00,SYN00,2024-08-26,2061969229.9999998,normal,100000
20586.1426,synthetic,2024-08-27T17:00:00+07:00,HOSE,20586.1426,20792.004026,20380.281174,20586.1426,SYNTHETIC-00,SYN00,2024-08-27,2058614260.0,normal,100000
20552.0983,synthetic,2024-08-28T17:00:00+07:00,HOSE,20552.0983,20757.619283,20346.577317000003,20552.0983,SYNTHETIC-00,SYN00,2024-08-28,2055209830.0000002,normal,100000
20517.8678,synthetic,2024-08-29T17:00:00+07:00,HOSE,20517.8678,20723.046478,20312.689122,20517.8678,SYNTHETIC-00,SYN00,2024-08-29,2051786780.0,normal,100000
20483.7597,synthetic,2024-08-30T17:00:00+07:00,HOSE,20483.7597,20688.597297,20278.922102999997,20483.7597,SYNTHETIC-00,SYN00,2024-08-30,2048375969.9999998,normal,100000
20450.0798,synthetic,2024-09-02T17:00:00+07:00,HOSE,20450.0798,20654.580598,20245.579002,20450.0798,SYNTHETIC-00,SYN00,2024-09-02,2045007980.0,normal,100000
20417.129,synthetic,2024-09-03T17:00:00+07:00,HOSE,20417.129,20621.30029,20212.957710000002,20417.129,SYNTHETIC-00,SYN00,2024-09-03,2041712900.0,normal,100000
20385.2007,synthetic,2024-09-04T17:00:00+07:00,HOSE,20385.2007,20589.052707000003,20181.348693,20385.2007,SYNTHETIC-00,SYN00,2024-09-04,2038520070.0000002,normal,100000
20354.5786,synthetic,2024-09-05T17:00:00+07:00,HOSE,20354.5786,20558.124386,20151.032814000002,20354.5786,SYNTHETIC-00,SYN00,2024-09-05,2035457860.0,normal,100000
20325.5343,synthetic,2024-09-06T17:00:00+07:00,HOSE,20325.5343,20528.789643,20122.278957,20325.5343,SYNTHETIC-00,SYN00,2024-09-06,2032553430.0,normal,100000
20298.3259,synthetic,2024-09-09T17:00:00+07:00,HOSE,20298.3259,20501.309159,20095.342641,20298.3259,SYNTHETIC-00,SYN00,2024-09-09,2029832590.0,normal,100000
20273.1955,synthetic,2024-09-10T17:00:00+07:00,HOSE,20273.1955,20475.927455,20070.463545000002,20273.1955,SYNTHETIC-00,SYN00,2024-09-10,2027319550.0000002,normal,100000
20250.3676,synthetic,2024-09-11T17:00:00+07:00,HOSE,20250.3676,20452.871276,20047.863924,20250.3676,SYNTHETIC-00,SYN00,2024-09-11,2025036760.0000002,normal,100000
20230.048,synthetic,2024-09-12T17:00:00+07:00,HOSE,20230.048,20432.34848,20027.747519999997,20230.048,SYNTHETIC-00,SYN00,2024-09-12,2023004800.0,normal,100000
20212.4216,synthetic,2024-09-13T17:00:00+07:00,HOSE,20212.4216,20414.545816,20010.297384,20212.4216,SYNTHETIC-00,SYN00,2024-09-13,2021242160.0000002,normal,100000
20197.6519,synthetic,2024-09-16T17:00:00+07:00,HOSE,20197.6519,20399.628419,19995.675381,20197.6519,SYNTHETIC-00,SYN00,2024-09-16,2019765190.0,normal,100000
20185.8796,synthetic,2024-09-17T17:00:00+07:00,HOSE,20185.8796,20387.738396,19984.020804,20185.8796,SYNTHETIC-00,SYN00,2024-09-17,2018587960.0,normal,100000
20177.2216,synthetic,2024-09-18T17:00:00+07:00,HOSE,20177.2216,20378.993816000002,19975.449384,20177.2216,SYNTHETIC-00,SYN00,2024-09-18,2017722160.0,normal,100000
20171.7703,synthetic,2024-09-19T17:00:00+07:00,HOSE,20171.7703,20373.488003,19970.052597,20171.7703,SYNTHETIC-00,SYN00,2024-09-19,2017177030.0,normal,100000
20169.5931,synthetic,2024-09-20T17:00:00+07:00,HOSE,20169.5931,20371.289030999997,19967.897169,20169.5931,SYNTHETIC-00,SYN00,2024-09-20,2016959309.9999998,normal,100000
20170.7319,synthetic,2024-09-23T17:00:00+07:00,HOSE,20170.7319,20372.439219,19969.024580999998,20170.7319,SYNTHETIC-00,SYN00,2024-09-23,2017073190.0,normal,100000
20175.2029,synthetic,2024-09-24T17:00:00+07:00,HOSE,20175.2029,20376.954929,19973.450871,20175.2029,SYNTHETIC-00,SYN00,2024-09-24,2017520290.0,normal,100000
20182.9964,synthetic,2024-09-25T17:00:00+07:00,HOSE,20182.9964,20384.826364,19981.166436,20182.9964,SYNTHETIC-00,SYN00,2024-09-25,2018299640.0,normal,100000
20194.0767,synthetic,2024-09-26T17:00:00+07:00,HOSE,20194.0767,20396.017467,19992.135933,20194.0767,SYNTHETIC-00,SYN00,2024-09-26,2019407670.0000002,normal,100000
20208.3828,synthetic,2024-09-27T17:00:00+07:00,HOSE,20208.3828,20410.466628,20006.298972,20208.3828,SYNTHETIC-00,SYN00,2024-09-27,2020838280.0,normal,100000
20225.8283,synthetic,2024-09-30T17:00:00+07:00,HOSE,20225.8283,20428.086583,20023.570017000002,20225.8283,SYNTHETIC-00,SYN00,2024-09-30,2022582830.0,normal,100000
20246.302,synthetic,2024-10-01T17:00:00+07:00,HOSE,20246.302,20448.76502,20043.83898,20246.302,SYNTHETIC-00,SYN00,2024-10-01,2024630200.0,normal,100000
20269.6689,synthetic,2024-10-02T17:00:00+07:00,HOSE,20269.6689,20472.365589,20066.972211,20269.6689,SYNTHETIC-00,SYN00,2024-10-02,2026966890.0,normal,100000
20295.7708,synthetic,2024-10-03T17:00:00+07:00,HOSE,20295.7708,20498.728508,20092.813091999997,20295.7708,SYNTHETIC-00,SYN00,2024-10-03,2029577079.9999998,normal,100000
20324.4272,synthetic,2024-10-04T17:00:00+07:00,HOSE,20324.4272,20527.671471999998,20121.182928,20324.4272,SYNTHETIC-00,SYN00,2024-10-04,2032442719.9999998,normal,100000
20355.437,synthetic,2024-10-07T17:00:00+07:00,HOSE,20355.437,20558.991370000003,20151.88263,20355.437,SYNTHETIC-00,SYN00,2024-10-07,2035543700.0000002,normal,100000
20388.5793,synthetic,2024-10-08T17:00:00+07:00,HOSE,20388.5793,20592.465093000003,20184.693507,20388.5793,SYNTHETIC-00,SYN00,2024-10-08,2038857930.0000002,normal,100000
20423.6152,synthetic,2024-10-09T17:00:00+07:00,HOSE,20423.6152,20627.851352,20219.379048,20423.6152,SYNTHETIC-00,SYN00,2024-10-09,2042361520.0,normal,100000
20460.2896,synthetic,2024-10-10T17:00:00+07:00,HOSE,20460.2896,20664.892496,20255.686704,20460.2896,SYNTHETIC-00,SYN00,2024-10-10,2046028960.0,normal,100000
20498.3328,synthetic,2024-10-11T17:00:00+07:00,HOSE,20498.3328,20703.316128,20293.349472,20498.3328,SYNTHETIC-00,SYN00,2024-10-11,2049833280.0,normal,100000
20537.4624,synthetic,2024-10-14T17:00:00+07:00,HOSE,20537.4624,20742.837024,20332.087776,20537.4624,SYNTHETIC-00,SYN00,2024-10-14,2053746240.0,normal,100000
20577.3859,synthetic,2024-10-15T17:00:00+07:00,HOSE,20577.3859,20783.159759000002,20371.612041,20577.3859,SYNTHETIC-00,SYN00,2024-10-15,2057738590.0,normal,100000
20617.8024,synthetic,2024-10-16T17:00:00+07:00,HOSE,20617.8024,20823.980424,20411.624376,20617.8024,SYNTHETIC-00,SYN00,2024-10-16,2061780240.0,normal,100000
20658.4052,synthetic,2024-10-17T17:00:00+07:00,HOSE,20658.4052,20864.989252000003,20451.821148,20658.4052,SYNTHETIC-00,SYN00,2024-10-17,2065840520.0,normal,100000
20698.8847,synthetic,2024-10-18T17:00:00+07:00,HOSE,20698.8847,20905.873547,20491.895852999998,20698.8847,SYNTHETIC-00,SYN00,2024-10-18,2069888469.9999998,normal,100000
20738.93,synthetic,2024-10-21T17:00:00+07:00,HOSE,20738.93,20946.3193,20531.5407,20738.93,SYNTHETIC-00,SYN00,2024-10-21,2073893000.0,normal,100000
20778.2324,synthetic,2024-10-22T17:00:00+07:00,HOSE,20778.2324,20986.014724,20570.450076,20778.2324,SYNTHETIC-00,SYN00,2024-10-22,2077823240.0,normal,100000
20816.4878,synthetic,2024-10-23T17:00:00+07:00,HOSE,20816.4878,21024.652678,20608.322922,20816.4878,SYNTHETIC-00,SYN00,2024-10-23,2081648780.0,normal,100000
20853.3991,synthetic,2024-10-24T17:00:00+07:00,HOSE,20853.3991,21061.933091,20644.865109,20853.3991,SYNTHETIC-00,SYN00,2024-10-24,2085339909.9999998,normal,100000
20888.6791,synthetic,2024-10-25T17:00:00+07:00,HOSE,20888.6791,21097.565891000002,20679.792309,20888.6791,SYNTHETIC-00,SYN00,2024-10-25,2088867910.0000002,normal,100000
20922.0532,synthetic,2024-10-28T17:00:00+07:00,HOSE,20922.0532,21131.273731999998,20712.832668,20922.0532,SYNTHETIC-00,SYN00,2024-10-28,2092205319.9999998,normal,100000
20953.2618,synthetic,2024-10-29T17:00:00+07:00,HOSE,20953.2618,21162.794418,20743.729182,20953.2618,SYNTHETIC-00,SYN00,2024-10-29,2095326180.0,normal,100000
20982.0627,synthetic,2024-10-30T17:00:00+07:00,HOSE,20982.0627,21191.883327,20772.242072999998,20982.0627,SYNTHETIC-00,SYN00,2024-10-30,2098206269.9999998,normal,100000
21008.2336,synthetic,2024-10-31T17:00:00+07:00,HOSE,21008.2336,21218.315936,20798.151264,21008.2336,SYNTHETIC-00,SYN00,2024-10-31,2100823360.0,normal,100000
21031.574,synthetic,2024-11-01T17:00:00+07:00,HOSE,21031.574,21241.889740000002,20821.25826,21031.574,SYNTHETIC-00,SYN00,2024-11-01,2103157400.0,normal,100000
21051.9076,synthetic,2024-11-04T17:00:00+07:00,HOSE,21051.9076,21262.426676,20841.388523999998,21051.9076,SYNTHETIC-00,SYN00,2024-11-04,2105190759.9999998,normal,100000
21069.0834,synthetic,2024-11-05T17:00:00+07:00,HOSE,21069.0834,21279.774234,20858.392566,21069.0834,SYNTHETIC-00,SYN00,2024-11-05,2106908340.0,normal,100000
21082.9779,synthetic,2024-11-06T17:00:00+07:00,HOSE,21082.9779,21293.807679,20872.148121000002,21082.9779,SYNTHETIC-00,SYN00,2024-11-06,2108297790.0000002,normal,100000
21093.4958,synthetic,2024-11-07T17:00:00+07:00,HOSE,21093.4958,21304.430758000002,20882.560842,21093.4958,SYNTHETIC-00,SYN00,2024-11-07,2109349580.0,normal,100000
21100.5713,synthetic,2024-11-08T17:00:00+07:00,HOSE,21100.5713,21311.577013,20889.565587,21100.5713,SYNTHETIC-00,SYN00,2024-11-08,2110057130.0,normal,100000
21104.1686,synthetic,2024-11-11T17:00:00+07:00,HOSE,21104.1686,21315.210286,20893.126914,21104.1686,SYNTHETIC-00,SYN00,2024-11-11,2110416860.0,normal,100000
21104.2823,synthetic,2024-11-12T17:00:00+07:00,HOSE,21104.2823,21315.325123,20893.239477,21104.2823,SYNTHETIC-00,SYN00,2024-11-12,2110428230.0,normal,100000
21100.9376,synthetic,2024-11-13T17:00:00+07:00,HOSE,21100.9376,21311.946976000003,20889.928224,21100.9376,SYNTHETIC-00,SYN00,2024-11-13,2110093760.0,normal,100000
21094.1899,synthetic,2024-11-14T17:00:00+07:00,HOSE,21094.1899,21305.131799000003,20883.248001,21094.1899,SYNTHETIC-00,SYN00,2024-11-14,2109418990.0000002,normal,100000
21084.1243,synthetic,2024-11-15T17:00:00+07:00,HOSE,21084.1243,21294.965543,20873.283057,21084.1243,SYNTHETIC-00,SYN00,2024-11-15,2108412430.0,normal,100000
21070.8546,synthetic,2024-11-18T17:00:00+07:00,HOSE,21070.8546,21281.563146,20860.146053999997,21070.8546,SYNTHETIC-00,SYN00,2024-11-18,2107085459.9999998,normal,100000
21054.5226,synthetic,2024-11-19T17:00:00+07:00,HOSE,21054.5226,21265.067826000002,20843.977374,21054.5226,SYNTHETIC-00,SYN00,2024-11-19,2105452260.0,normal,100000
21035.296,synthetic,2024-11-20T17:00:00+07:00,HOSE,21035.296,21245.64896,20824.94304,21035.296,SYNTHETIC-00,SYN00,2024-11-20,2103529599.9999998,normal,100000
21013.3674,synthetic,2024-11-21T17:00:00+07:00,HOSE,21013.3674,21223.501074,20803.233726,21013.3674,SYNTHETIC-00,SYN00,2024-11-21,2101336740.0,normal,100000
20988.9522,synthetic,2024-11-22T17:00:00+07:00,HOSE,20988.9522,21198.841722,20779.062678,20988.9522,SYNTHETIC-00,SYN00,2024-11-22,2098895220.0,normal,100000
20962.2862,synthetic,2024-11-25T17:00:00+07:00,HOSE,20962.2862,21171.909062,20752.663338,20962.2862,SYNTHETIC-00,SYN00,2024-11-25,2096228619.9999998,normal,100000
20933.6239,synthetic,2024-11-26T17:00:00+07:00,HOSE,20933.6239,21142.960139,20724.287661,20933.6239,SYNTHETIC-00,SYN00,2024-11-26,2093362389.9999998,normal,100000
20903.2355,synthetic,2024-11-27T17:00:00+07:00,HOSE,20903.2355,21112.267855,20694.203145,20903.2355,SYNTHETIC-00,SYN00,2024-11-27,2090323550.0,normal,100000
20871.4052,synthetic,2024-11-28T17:00:00+07:00,HOSE,20871.4052,21080.119252,20662.691148,20871.4052,SYNTHETIC-00,SYN00,2024-11-28,2087140520.0,normal,100000
20838.4275,synthetic,2024-11-29T17:00:00+07:00,HOSE,20838.4275,21046.811775000002,20630.043225,20838.4275,SYNTHETIC-00,SYN00,2024-11-29,2083842750.0000002,normal,100000
20804.6056,synthetic,2024-12-02T17:00:00+07:00,HOSE,20804.6056,21012.651656,20596.559544,20804.6056,SYNTHETIC-00,SYN00,2024-12-02,2080460560.0,normal,100000
20770.2482,synthetic,2024-12-03T17:00:00+07:00,HOSE,20770.2482,20977.950682000002,20562.545718,20770.2482,SYNTHETIC-00,SYN00,2024-12-03,2077024820.0000002,normal,100000
20735.6667,synthetic,2024-12-04T17:00:00+07:00,HOSE,20735.6667,20943.023367,20528.310033,20735.6667,SYNTHETIC-00,SYN00,2024-12-04,2073566670.0000002,normal,100000
20701.1731,synthetic,2024-12-05T17:00:00+07:00,HOSE,20701.1731,20908.184831,20494.161369,20701.1731,SYNTHETIC-00,SYN00,2024-12-05,2070117310.0,normal,100000
20667.0769,synthetic,2024-12-06T17:00:00+07:00,HOSE,20667.0769,20873.747669,20460.406131,20667.0769,SYNTHETIC-00,SYN00,2024-12-06,2066707690.0,normal,100000
20633.6827,synthetic,2024-12-09T17:00:00+07:00,HOSE,20633.6827,20840.019527,20427.345873000002,20633.6827,SYNTHETIC-00,SYN00,2024-12-09,2063368270.0000002,normal,100000
20601.288,synthetic,2024-12-10T17:00:00+07:00,HOSE,20601.288,20807.30088,20395.275120000002,20601.288,SYNTHETIC-00,SYN00,2024-12-10,2060128800.0,normal,100000
20570.1807,synthetic,2024-12-11T17:00:00+07:00,HOSE,20570.1807,20775.882507000002,20364.478893,20570.1807,SYNTHETIC-00,SYN00,2024-12-11,2057018070.0,normal,100000
20540.6368,synthetic,2024-12-12T17:00:00+07:00,HOSE,20540.6368,20746.043168,20335.230432,20540.6368,SYNTHETIC-00,SYN00,2024-12-12,2054063680.0,normal,100000
20512.9187,synthetic,2024-12-13T17:00:00+07:00,HOSE,20512.9187,20718.047886999997,20307.789513,20512.9187,SYNTHETIC-00,SYN00,2024-12-13,2051291869.9999998,normal,100000
20487.2729,synthetic,2024-12-16T17:00:00+07:00,HOSE,20487.2729,20692.145629,20282.400171,20487.2729,SYNTHETIC-00,SYN00,2024-12-16,2048727290.0,normal,100000
20463.9286,synthetic,2024-12-17T17:00:00+07:00,HOSE,20463.9286,20668.567886,20259.289313999998,20463.9286,SYNTHETIC-00,SYN00,2024-12-17,2046392860.0,normal,100000
20443.0957,synthetic,2024-12-18T17:00:00+07:00,HOSE,20443.0957,20647.526657000002,20238.664743,20443.0957,SYNTHETIC-00,SYN00,2024-12-18,2044309570.0000002,normal,100000
20424.9637,synthetic,2024-12-19T17:00:00+07:00,HOSE,20424.9637,20629.213337,20220.714063,20424.9637,SYNTHETIC-00,SYN00,2024-12-19,2042496370.0,normal,100000
20409.7004,synthetic,2024-12-20T17:00:00+07:00,HOSE,20409.7004,20613.797404,20205.603396000002,20409.7004,SYNTHETIC-00,SYN00,2024-12-20,2040970040.0000002,normal,100000
20397.4506,synthetic,2024-12-23T17:00:00+07:00,HOSE,20397.4506,20601.425106,20193.476094,20397.4506,SYNTHETIC-00,SYN00,2024-12-23,2039745060.0,normal,100000
20388.3351,synthetic,2024-12-24T17:00:00+07:00,HOSE,20388.3351,20592.218451,20184.451749,20388.3351,SYNTHETIC-00,SYN00,2024-12-24,2038833510.0,normal,100000
20382.4503,synthetic,2024-12-25T17:00:00+07:00,HOSE,20382.4503,20586.274803,20178.625797,20382.4503,SYNTHETIC-00,SYN00,2024-12-25,2038245030.0,normal,100000
20379.8672,synthetic,2024-12-26T17:00:00+07:00,HOSE,20379.8672,20583.665872,20176.068528,20379.8672,SYNTHETIC-00,SYN00,2024-12-26,2037986720.0,normal,100000
20380.6311,synthetic,2024-12-27T17:00:00+07:00,HOSE,20380.6311,20584.437411,20176.824789,20380.6311,SYNTHETIC-00,SYN00,2024-12-27,2038063109.9999998,normal,100000
20384.7614,synthetic,2024-12-30T17:00:00+07:00,HOSE,20384.7614,20588.609013999998,20180.913786,20384.7614,SYNTHETIC-00,SYN00,2024-12-30,2038476140.0,normal,100000
20392.2512,synthetic,2024-12-31T17:00:00+07:00,HOSE,20392.2512,20596.173712,20188.328687999998,20392.2512,SYNTHETIC-00,SYN00,2024-12-31,2039225119.9999998,normal,100000
20403.0676,synthetic,2025-01-01T17:00:00+07:00,HOSE,20403.0676,20607.098275999997,20199.036924,20403.0676,SYNTHETIC-00,SYN00,2025-01-01,2040306759.9999998,normal,100000
20417.1518,synthetic,2025-01-02T17:00:00+07:00,HOSE,20417.1518,20621.323318,20212.980282,20417.1518,SYNTHETIC-00,SYN00,2025-01-02,2041715180.0,normal,100000
20434.4194,synthetic,2025-01-03T17:00:00+07:00,HOSE,20434.4194,20638.763594,20230.075205999998,20434.4194,SYNTHETIC-00,SYN00,2025-01-03,2043441940.0,normal,100000
20454.761,synthetic,2025-01-06T17:00:00+07:00,HOSE,20454.761,20659.30861,20250.213389999997,20454.761,SYNTHETIC-00,SYN00,2025-01-06,2045476099.9999998,normal,100000
20478.0429,synthetic,2025-01-07T17:00:00+07:00,HOSE,20478.0429,20682.823329,20273.262471000002,20478.0429,SYNTHETIC-00,SYN00,2025-01-07,2047804290.0,normal,100000
20504.1077,synthetic,2025-01-08T17:00:00+07:00,HOSE,20504.1077,20709.148777000002,20299.066623,20504.1077,SYNTHETIC-00,SYN00,2025-01-08,2050410770.0,normal,100000
20532.7758,synthetic,2025-01-09T17:00:00+07:00,HOSE,20532.7758,20738.103558,20327.448042,20532.7758,SYNTHETIC-00,SYN00,2025-01-09,2053277580.0,normal,100000
20563.8461,synthetic,2025-01-10T17:00:00+07:00,HOSE,20563.8461,20769.484560999997,20358.207639,20563.8461,SYNTHETIC-00,SYN00,2025-01-10,2056384610.0,normal,100000
20597.0979,synthetic,2025-01-13T17:00:00+07:00,HOSE,20597.0979,20803.068879000002,20391.126921,20597.0979,SYNTHETIC-00,SYN00,2025-01-13,2059709790.0,normal,100000
20632.2917,synthetic,2025-01-14T17:00:00+07:00,HOSE,20632.2917,20838.614617000003,20425.968783,20632.2917,SYNTHETIC-00,SYN00,2025-01-14,2063229170.0000002,normal,100000
20669.1714,synthetic,2025-01-15T17:00:00+07:00,HOSE,20669.1714,20875.863114,20462.479686,20669.1714,SYNTHETIC-00,SYN00,2025-01-15,2066917140.0,normal,100000
20707.4662,synthetic,2025-01-16T17:00:00+07:00,HOSE,20707.4662,20914.540861999998,20500.391538,20707.4662,SYNTHETIC-00,SYN00,2025-01-16,2070746620.0,normal,100000
20746.8922,synthetic,2025-01-17T17:00:00+07:00,HOSE,20746.8922,20954.361122,20539.423278,20746.8922,SYNTHETIC-00,SYN00,2025-01-17,2074689219.9999998,normal,100000
20787.1548,synthetic,2025-01-20T17:00:00+07:00,HOSE,20787.1548,20995.026348,20579.283252,20787.1548,SYNTHETIC-00,SYN00,2025-01-20,2078715480.0,normal,100000
20827.9508,synthetic,2025-01-21T17:00:00+07:00,HOSE,20827.9508,21036.230308,20619.671292,20827.9508,SYNTHETIC-00,SYN00,2025-01-21,2082795079.9999998,normal,100000
20868.9711,synthetic,2025-01-22T17:00:00+07:00,HOSE,20868.9711,21077.660810999998,20660.281389,20868.9711,SYNTHETIC-00,SYN00,2025-01-22,2086897110.0,normal,100000
20909.9027,synthetic,2025-01-23T17:00:00+07:00,HOSE,20909.9027,21119.001727,20700.803673,20909.9027,SYNTHETIC-00,SYN00,2025-01-23,2090990269.9999998,normal,100000
20950.4317,synthetic,2025-01-24T17:00:00+07:00,HOSE,20950.4317,21159.936017,20740.927383000002,20950.4317,SYNTHETIC-00,SYN00,2025-01-24,2095043170.0,normal,100000
20990.2459,synthetic,2025-01-27T17:00:00+07:00,HOSE,20990.2459,21200.148359000003,20780.343441,20990.2459,SYNTHETIC-00,SYN00,2025-01-27,2099024590.0000002,normal,100000
21029.0371,synthetic,2025-01-28T17:00:00+07:00,HOSE,21029.0371,21239.327471,20818.746729000002,21029.0371,SYNTHETIC-00,SYN00,2025-01-28,2102903710.0000002,normal,100000
21066.5042,synthetic,2025-01-29T17:00:00+07:00,HOSE,21066.5042,21277.169242,20855.839158,21066.5042,SYNTHETIC-00,SYN00,2025-01-29,2106650420.0,normal,100000
21102.3559,synthetic,2025-01-30T17:00:00+07:00,HOSE,21102.3559,21313.379459,20891.332340999998,21102.3559,SYNTHETIC-00,SYN00,2025-01-30,2110235589.9999998,normal,100000
21136.313,synthetic,2025-01-31T17:00:00+07:00,HOSE,21136.313,21347.67613,20924.949869999997,21136.313,SYNTHETIC-00,SYN00,2025-01-31,2113631299.9999998,normal,100000
21168.1113,synthetic,2025-02-03T17:00:00+07:00,HOSE,21168.1113,21379.792413,20956.430187,21168.1113,SYNTHETIC-00,SYN00,2025-02-03,2116811130.0,normal,100000
21197.5041,synthetic,2025-02-04T17:00:00+07:00,HOSE,21197.5041,21409.479141,20985.529058999997,21197.5041,SYNTHETIC-00,SYN00,2025-02-04,2119750409.9999998,normal,100000
21224.2641,synthetic,2025-02-05T17:00:00+07:00,HOSE,21224.2641,21436.506741,21012.021459,21224.2641,SYNTHETIC-00,SYN00,2025-02-05,2122426410.0,normal,100000
21248.1864,synthetic,2025-02-06T17:00:00+07:00,HOSE,21248.1864,21460.668264,21035.704535999997,21248.1864,SYNTHETIC-00,SYN00,2025-02-06,2124818639.9999998,normal,100000
21269.0896,synthetic,2025-02-07T17:00:00+07:00,HOSE,21269.0896,21481.780496,21056.398704,21269.0896,SYNTHETIC-00,SYN00,2025-02-07,2126908960.0,normal,100000
21286.8184,synthetic,2025-02-10T17:00:00+07:00,HOSE,21286.8184,21499.686584,21073.950216,21286.8184,SYNTHETIC-00,SYN00,2025-02-10,2128681840.0,normal,100000
21301.2445,synthetic,2025-02-11T17:00:00+07:00,HOSE,21301.2445,21514.256945,21088.232055,21301.2445,SYNTHETIC-00,SYN00,2025-02-11,2130124450.0,normal,100000
21312.2685,synthetic,2025-02-12T17:00:00+07:00,HOSE,21312.2685,21525.391184999997,21099.145815,21312.2685,SYNTHETIC-00,SYN00,2025-02-12,2131226849.9999998,normal,100000
21319.8202,synthetic,2025-02-13T17:00:00+07:00,HOSE,21319.8202,21533.018401999998,21106.621998,21319.8202,SYNTHETIC-00,SYN00,2025-02-13,2131982019.9999998,normal,100000
21323.8601,synthetic,2025-02-14T17:00:00+07:00,HOSE,21323.8601,21537.098701000003,21110.621499,21323.8601,SYNTHETIC-00,SYN00,2025-02-14,2132386010.0000002,normal,100000
21324.3793,synthetic,2025-02-17T17:00:00+07:00,HOSE,21324.3793,21537.623093000002,21111.135507,21324.3793,SYNTHETIC-00,SYN00,2025-02-17,2132437930.0,normal,100000
21321.3994,synthetic,2025-02-18T17:00:00+07:00,HOSE,21321.3994,21534.613394,21108.185405999997,21321.3994,SYNTHETIC-00,SYN00,2025-02-18,2132139939.9999998,normal,100000
21314.9732,synthetic,2025-02-19T17:00:00+07:00,HOSE,21314.9732,21528.122932000002,21101.823468,21314.9732,SYNTHETIC-00,SYN00,2025-02-19,2131497320.0,normal,100000
21305.183,synthetic,2025-02-20T17:00:00+07:00,HOSE,21305.183,21518.23483,21092.13117,21305.183,SYNTHETIC-00,SYN00,2025-02-20,2130518300.0,normal,100000
21292.1407,synthetic,2025-02-21T17:00:00+07:00,HOSE,21292.1407,21505.062107,21079.219293,21292.1407,SYNTHETIC-00,SYN00,2025-02-21,2129214070.0,normal,100000
21275.9863,synthetic,2025-02-24T17:00:00+07:00,HOSE,21275.9863,21488.746163,21063.226437,21275.9863,SYNTHETIC-00,SYN00,2025-02-24,2127598630.0,normal,100000
21256.8864,synthetic,2025-02-25T17:00:00+07:00,HOSE,21256.8864,21469.455264,21044.317536,21256.8864,SYNTHETIC-00,SYN00,2025-02-25,2125688640.0,normal,100000
21235.0327,synthetic,2025-02-26T17:00:00+07:00,HOSE,21235.0327,21447.383027,21022.682373,21235.0327,SYNTHETIC-00,SYN00,2025-02-26,2123503270.0,normal,100000
21210.6403,synthetic,2025-02-27T17:00:00+07:00,HOSE,21210.6403,21422.746703,20998.533896999998,21210.6403,SYNTHETIC-00,SYN00,2025-02-27,2121064030.0,normal,100000
21183.9453,synthetic,2025-02-28T17:00:00+07:00,HOSE,21183.9453,21395.784753,20972.105847,21183.9453,SYNTHETIC-00,SYN00,2025-02-28,2118394530.0,normal,100000
21155.2027,synthetic,2025-03-03T17:00:00+07:00,HOSE,21155.2027,21366.754727000003,20943.650673,21155.2027,SYNTHETIC-00,SYN00,2025-03-03,2115520270.0000002,normal,100000
21124.6839,synthetic,2025-03-04T17:00:00+07:00,HOSE,21124.6839,21335.930739,20913.437061,21124.6839,SYNTHETIC-00,SYN00,2025-03-04,2112468390.0,normal,100000
21092.6745,synthetic,2025-03-05T17:00:00+07:00,HOSE,21092.6745,21303.601245,20881.747755,21092.6745,SYNTHETIC-00,SYN00,2025-03-05,2109267450.0,normal,100000
21059.471,synthetic,2025-03-06T17:00:00+07:00,HOSE,21059.471,21270.065710000003,20848.87629,21059.471,SYNTHETIC-00,SYN00,2025-03-06,2105947100.0000002,normal,100000
21025.379,synthetic,2025-03-07T17:00:00+07:00,HOSE,21025.379,21235.63279,20815.125210000002,21025.379,SYNTHETIC-00,SYN00,2025-03-07,2102537900.0,normal,100000
20990.7098,synthetic,2025-03-10T17:00:00+07:00,HOSE,20990.7098,21200.616898,20780.802702,20990.7098,SYNTHETIC-00,SYN00,2025-03-10,2099070980.0,normal,100000
20955.778,synthetic,2025-03-11T17:00:00+07:00,HOSE,20955.778,21165.335779999998,20746.22022,20955.778,SYNTHETIC-00,SYN00,2025-03-11,2095577799.9999998,normal,100000
20920.8987,synthetic,2025-03-12T17:00:00+07:00,HOSE,20920.8987,21130.107687000003,20711.689713,20920.8987,SYNTHETIC-00,SYN00,2025-03-12,2092089870.0000002,normal,100000
20886.3852,synthetic,2025-03-13T17:00:00+07:00,HOSE,20886.3852,21095.249052,20677.521348000002,20886.3852,SYNTHETIC-00,SYN00,2025-03-13,2088638520.0,normal,100000
20852.5459,synthetic,2025-03-14T17:00:00+07:00,HOSE,20852.5459,21061.071359,20644.020441,20852.5459,SYNTHETIC-00,SYN00,2025-03-14,2085254590.0,normal,100000
20819.6824,synthetic,2025-03-17T17:00:00+07:00,HOSE,20819.6824,21027.879224,20611.485576000003,20819.6824,SYNTHETIC-00,SYN00,2025-03-17,2081968240.0000002,normal,100000
20788.0868,synthetic,2025-03-18T17:00:00+07:00,HOSE,20788.0868,20995.967668,20580.205932,20788.0868,SYNTHETIC-00,SYN00,2025-03-18,2078808680.0,normal,100000
20758.0396,synthetic,2025-03-19T17:00:00+07:00,HOSE,20758.0396,20965.619996,20550.459204,20758.0396,SYNTHETIC-00,SYN00,2025-03-19,2075803960.0,normal,100000
20729.8074,synthetic,2025-03-20T17:00:00+07:00,HOSE,20729.8074,20937.105474,20522.509326000003,20729.8074,SYNTHETIC-00,SYN00,2025-03-20,2072980740.0000002,normal,100000
20703.6414,synthetic,2025-03-21T17:00:00+07:00,HOSE,20703.6414,20910.677814000002,20496.604986,20703.6414,SYNTHETIC-00,SYN00,2025-03-21,2070364140.0,normal,100000
20679.7751,synthetic,2025-03-24T17:00:00+07:00,HOSE,20679.7751,20886.572851,20472.977348999997,20679.7751,SYNTHETIC-00,SYN00,2025-03-24,2067977510.0,normal,100000
20658.423,synthetic,2025-03-25T17:00:00+07:00,HOSE,20658.423,20865.00723,20451.83877,20658.423,SYNTHETIC-00,SYN00,2025-03-25,2065842300.0,normal,100000
20639.7791,synthetic,2025-03-26T17:00:00+07:00,HOSE,20639.7791,20846.176891,20433.381309,20639.7791,SYNTHETIC-00,SYN00,2025-03-26,2063977910.0,normal,100000
20624.0154,synthetic,2025-03-27T17:00:00+07:00,HOSE,20624.0154,20830.255554,20417.775246,20624.0154,SYNTHETIC-00,SYN00,2025-03-27,2062401540.0,normal,100000
20611.2809,synthetic,2025-03-28T17:00:00+07:00,HOSE,20611.2809,20817.393709000004,20405.168091,20611.2809,SYNTHETIC-00,SYN00,2025-03-28,2061128090.0000002,normal,100000
20601.7006,synthetic,2025-03-31T17:00:00+07:00,HOSE,20601.7006,20807.717606000002,20395.683594,20601.7006,SYNTHETIC-00,SYN00,2025-03-31,2060170060.0,normal,100000
20595.3748,synthetic,2025-04-01T17:00:00+07:00,HOSE,20595.3748,20801.328548,20389.421052,20595.3748,SYNTHETIC-00,SYN00,2025-04-01,2059537480.0000002,normal,100000
20592.3782,synthetic,2025-04-02T17:00:00+07:00,HOSE,20592.3782,20798.301982,20386.454417999998,20592.3782,SYNTHETIC-00,SYN00,2025-04-02,2059237820.0,normal,100000
20592.7595,synthetic,2025-04-03T17:00:00+07:00,HOSE,20592.7595,20798.687095,20386.831905,20592.7595,SYNTHETIC-00,SYN00,2025-04-03,2059275950.0,normal,100000
20596.5414,synthetic,2025-04-04T17:00:00+07:00,HOSE,20596.5414,20802.506813999997,20390.575986,20596.5414,SYNTHETIC-00,SYN00,2025-04-04,2059654139.9999998,normal,100000
20603.72,synthetic,2025-04-07T17:00:00+07:00,HOSE,20603.72,20809.7572,20397.682800000002,20603.72,SYNTHETIC-00,SYN00,2025-04-07,2060372000.0,normal,100000
20614.265,synthetic,2025-04-08T17:00:00+07:00,HOSE,20614.265,20820.40765,20408.122349999998,20614.265,SYNTHETIC-00,SYN00,2025-04-08,2061426500.0,normal,100000
20628.12,synthetic,2025-04-09T17:00:00+07:00,HOSE,20628.12,20834.4012,20421.838799999998,20628.12,SYNTHETIC-00,SYN00,2025-04-09,2062812000.0,normal,100000
20645.2027,synthetic,2025-04-10T17:00:00+07:00,HOSE,20645.2027,20851.654727,20438.750673000002,20645.2027,SYNTHETIC-00,SYN00,2025-04-10,2064520270.0000002,normal,100000
20665.4054,synthetic,2025-04-11T17:00:00+07:00,HOSE,20665.4054,20872.059454,20458.751346,20665.4054,SYNTHETIC-00,SYN00,2025-04-11,2066540540.0,normal,100000
20688.5957,synthetic,2025-04-14T17:00:00+07:00,HOSE,20688.5957,20895.481657,20481.709743000003,20688.5957,SYNTHETIC-00,SYN00,2025-04-14,2068859570.0000002,normal,100000
20714.6175,synthetic,2025-04-15T17:00:00+07:00,HOSE,20714.6175,20921.763675000002,20507.471325,20714.6175,SYNTHETIC-00,SYN00,2025-04-15,2071461750.0,normal,100000
20743.2917,synthetic,2025-04-16T17:00:00+07:00,HOSE,20743.2917,20950.724617000003,20535.858783,20743.2917,SYNTHETIC-00,SYN00,2025-04-16,2074329170.0000002,normal,100000
20774.4176,synthetic,2025-04-17T17:00:00+07:00,HOSE,20774.4176,20982.161776,20566.673424,20774.4176,SYNTHETIC-00,SYN00,2025-04-17,2077441760.0,normal,100000
20807.7743,synthetic,2025-04-18T17:00:00+07:00,HOSE,20807.7743,21015.852043000003,20599.696557,20807.7743,SYNTHETIC-00,SYN00,2025-04-18,2080777430.0,normal,100000
20843.1219,synthetic,2025-04-21T17:00:00+07:00,HOSE,20843.1219,21051.553119,20634.690680999996,20843.1219,SYNTHETIC-00,SYN00,2025-04-21,2084312189.9999998,normal,100000
20880.2037,synthetic,2025-04-22T17:00:00+07:00,HOSE,20880.2037,21089.005737,20671.401662999997,20880.2037,SYNTHETIC-00,SYN00,2025-04-22,2088020369.9999998,normal,100000
20918.7475,synthetic,2025-04-23T17:00:00+07:00,HOSE,20918.7475,21127.934975,20709.560025000002,20918.7475,SYNTHETIC-00,SYN00,2025-04-23,2091874750.0000002,normal,100000
20958.4679,synthetic,2025-04-24T17:00:00+07:00,HOSE,20958.4679,21168.052579,20748.883221,20958.4679,SYNTHETIC-00,SYN00,2025-04-24,2095846790.0,normal,100000
20999.0682,synthetic,2025-04-25T17:00:00+07:00,HOSE,20999.0682,21209.058882,20789.077518000002,20999.0682,SYNTHETIC-00,SYN00,2025-04-25,2099906820.0000002,normal,100000
21040.2432,synthetic,2025-04-28T17:00:00+07:00,HOSE,21040.2432,21250.645632,20829.840768000002,21040.2432,SYNTHETIC-00,SYN00,2025-04-28,2104024320.0,normal,100000
21081.6809,synthetic,2025-04-29T17:00:00+07:00,HOSE,21081.6809,21292.497709,20870.864091,21081.6809,SYNTHETIC-00,SYN00,2025-04-29,2108168090.0,normal,100000
21123.0655,synthetic,2025-04-30T17:00:00+07:00,HOSE,21123.0655,21334.296155,20911.834845,21123.0655,SYNTHETIC-00,SYN00,2025-04-30,2112306550.0,normal,100000
21164.0798,synthetic,2025-05-01T17:00:00+07:00,HOSE,21164.0798,21375.720598,20952.439002,21164.0798,SYNTHETIC-00,SYN00,2025-05-01,2116407980.0,normal,100000
21204.4079,synthetic,2025-05-02T17:00:00+07:00,HOSE,21204.4079,21416.451978999998,20992.363821,21204.4079,SYNTHETIC-00,SYN00,2025-05-02,2120440789.9999998,normal,100000
21243.7379,synthetic,2025-05-05T17:00:00+07:00,HOSE,21243.7379,21456.175279,21031.300521,21243.7379,SYNTHETIC-00,SYN00,2025-05-05,2124373790.0,normal,100000
21281.7646,synthetic,2025-05-06T17:00:00+07:00,HOSE,21281.7646,21494.582245999998,21068.946954,21281.7646,SYNTHETIC-00,SYN00,2025-05-06,2128176459.9999998,normal,100000
21318.1923,synthetic,2025-05-07T17:00:00+07:00,HOSE,21318.1923,21531.374223,21105.010377,21318.1923,SYNTHETIC-00,SYN00,2025-05-07,2131819229.9999998,normal,100000
21352.7374,synthetic,2025-05-08T17:00:00+07:00,HOSE,21352.7374,21566.264774000003,21139.210026,21352.7374,SYNTHETIC-00,SYN00,2025-05-08,2135273740.0000002,normal,100000
21385.1311,synthetic,2025-05-09T17:00:00+07:00,HOSE,21385.1311,21598.982410999997,21171.279789,21385.1311,SYNTHETIC-00,SYN00,2025-05-09,2138513109.9999998,normal,100000
21415.1218,synthetic,2025-05-12T17:00:00+07:00,HOSE,21415.1218,21629.273018,21200.970582,21415.1218,SYNTHETIC-00,SYN00,2025-05-12,2141512180.0,normal,100000
21442.4778,synthetic,2025-05-13T17:00:00+07:00,HOSE,21442.4778,21656.902578,21228.053022,21442.4778,SYNTHETIC-00,SYN00,2025-05-13,2144247780.0,normal,100000
21466.989,synthetic,2025-05-14T17:00:00+07:00,HOSE,21466.989,21681.658890000002,21252.31911,21466.989,SYNTHETIC-00,SYN00,2025-05-14,2146698900.0000002,normal,100000
21488.4695,synthetic,2025-05-15T17:00:00+07:00,HOSE,21488.4695,21703.354195,21273.584805,21488.4695,SYNTHETIC-00,SYN00,2025-05-15,2148846950.0,normal,100000
21506.7591,synthetic,2025-05-16T17:00:00+07:00,HOSE,21506.7591,21721.826691,21291.691509,21506.7591,SYNTHETIC-00,SYN00,2025-05-16,2150675910.0,normal,100000
21521.7252,synthetic,2025-05-19T17:00:00+07:00,HOSE,21521.7252,21736.942452,21306.507948000002,21521.7252,SYNTHETIC-00,SYN00,2025-05-19,2152172520.0,normal,100000
21533.2636,synthetic,2025-05-20T17:00:00+07:00,HOSE,21533.2636,21748.596235999998,21317.930964,21533.2636,SYNTHETIC-00,SYN00,2025-05-20,2153326360.0,normal,100000
21541.3003,synthetic,2025-05-21T17:00:00+07:00,HOSE,21541.3003,21756.713303,21325.887296999997,21541.3003,SYNTHETIC-00,SYN00,2025-05-21,2154130030.0,normal,100000
21545.7916,synthetic,2025-05-22T17:00:00+07:00,HOSE,21545.7916,21761.249516,21330.333684,21545.7916,SYNTHETIC-00,SYN00,2025-05-22,2154579160.0,normal,100000
21546.7248,synthetic,2025-05-23T17:00:00+07:00,HOSE,21546.7248,21762.192048,21331.257552,21546.7248,SYNTHETIC-00,SYN00,2025-05-23,2154672480.0,normal,100000
21544.1185,synthetic,2025-05-26T17:00:00+07:00,HOSE,21544.1185,21759.559685,21328.677315,21544.1185,SYNTHETIC-00,SYN00,2025-05-26,2154411850.0,normal,100000
21538.0222,synthetic,2025-05-27T17:00:00+07:00,HOSE,21538.0222,21753.402422,21322.641978,21538.0222,SYNTHETIC-00,SYN00,2025-05-27,2153802220.0,normal,100000
21528.5158,synthetic,2025-05-28T17:00:00+07:00,HOSE,21528.5158,21743.800958,21313.230642000002,21528.5158,SYNTHETIC-00,SYN00,2025-05-28,2152851580.0,normal,100000
21515.709,synthetic,2025-05-29T17:00:00+07:00,HOSE,21515.709,21730.86609,21300.55191,21515.709,SYNTHETIC-00,SYN00,2025-05-29,2151570900.0,normal,100000
21499.7399,synthetic,2025-05-30T17:00:00+07:00,HOSE,21499.7399,21714.737299,21284.742501,21499.7399,SYNTHETIC-00,SYN00,2025-05-30,2149973990.0,normal,100000
21480.7739,synthetic,2025-06-02T17:00:00+07:00,HOSE,21480.7739,21695.581639,21265.966161,21480.7739,SYNTHETIC-00,SYN00,2025-06-02,2148077390.0,normal,100000
21459.0019,synthetic,2025-06-03T17:00:00+07:00,HOSE,21459.0019,21673.591919,21244.411881,21459.0019,SYNTHETIC-00,SYN00,2025-06-03,2145900190.0,normal,100000
21434.6387,synthetic,2025-06-04T17:00:00+07:00,HOSE,21434.6387,21648.985087,21220.292312999998,21434.6387,SYNTHETIC-00,SYN00,2025-06-04,2143463870.0,normal,100000
21407.9203,synthetic,2025-06-05T17:00:00+07:00,HOSE,21407.9203,21621.999503000003,21193.841097,21407.9203,SYNTHETIC-00,SYN00,2025-06-05,2140792030.0000002,normal,100000
21379.1025,synthetic,2025-06-06T17:00:00+07:00,HOSE,21379.1025,21592.893525,21165.311475000002,21379.1025,SYNTHETIC-00,SYN00,2025-06-06,2137910250.0,normal,100000
21348.4578,synthetic,2025-06-09T17:00:00+07:00,HOSE,21348.4578,21561.942378,21134.973222,21348.4578,SYNTHETIC-00,SYN00,2025-06-09,2134845780.0,normal,100000
21316.2729,synthetic,2025-06-10T17:00:00+07:00,HOSE,21316.2729,21529.435629,21103.110171,21316.2729,SYNTHETIC-00,SYN00,2025-06-10,2131627290.0,normal,100000
21282.8467,synthetic,2025-06-11T17:00:00+07:00,HOSE,21282.8467,21495.675166999998,21070.018233,21282.8467,SYNTHETIC-00,SYN00,2025-06-11,2128284669.9999998,normal,100000
21248.4868,synthetic,2025-06-12T17:00:00+07:00,HOSE,21248.4868,21460.971668,21036.001932,21248.4868,SYNTHETIC-00,SYN00,2025-06-12,2124848679.9999998,normal,100000
21213.5072,synthetic,2025-06-13T17:00:00+07:00,HOSE,21213.5072,21425.642272,21001.372128,21213.5072,SYNTHETIC-00,SYN00,2025-06-13,2121350720.0,normal,100000
21178.2256,synthetic,2025-06-16T17:00:00+07:00,HOSE,21178.2256,21390.007856,20966.443344000003,21178.2256,SYNTHETIC-00,SYN00,2025-06-16,2117822560.0000002,normal,100000
21142.9606,synthetic,2025-06-17T17:00:00+07:00,HOSE,21142.9606,21354.390206,20931.530993999997,21142.9606,SYNTHETIC-00,SYN00,2025-06-17,2114296059.9999998,normal,100000
21108.0289,synthetic,2025-06-18T17:00:00+07:00,HOSE,21108.0289,21319.109189000003,20896.948611,21108.0289,SYNTHETIC-00,SYN00,2025-06-18,2110802890.0,normal,100000
21073.743,synthetic,2025-06-19T17:00:00+07:00,HOSE,21073.743,21284.48043,20863.005569999998,21073.743,SYNTHETIC-00,SYN00,2025-06-19,2107374299.9999998,normal,100000
21040.4084,synthetic,2025-06-20T17:00:00+07:00,HOSE,21040.4084,21250.812484000002,20830.004316,21040.4084,SYNTHETIC-00,SYN00,2025-06-20,2104040840.0,normal,100000
21008.3215,synthetic,2025-06-23T17:00:00+07:00,HOSE,21008.3215,21218.404714999997,20798.238285,21008.3215,SYNTHETIC-00,SYN00,2025-06-23,2100832149.9999998,normal,100000
20977.7671,synthetic,2025-06-24T17:00:00+07:00,HOSE,20977.7671,21187.544771,20767.989429,20977.7671,SYNTHETIC-00,SYN00,2025-06-24,2097776710.0,normal,100000
20949.0165,synthetic,2025-06-25T17:00:00+07:00,HOSE,20949.0165,21158.506665,20739.526335000002,20949.0165,SYNTHETIC-00,SYN00,2025-06-25,2094901650.0000002,normal,100000
20922.3253,synthetic,2025-06-26T17:00:00+07:00,HOSE,20922.3253,21131.548553,20713.102047,20922.3253,SYNTHETIC-00,SYN00,2025-06-26,2092232530.0,normal,100000
20897.9315,synthetic,2025-06-27T17:00:00+07:00,HOSE,20897.9315,21106.910815,20688.952185,20897.9315,SYNTHETIC-00,SYN00,2025-06-27,2089793149.9999998,normal,100000
20876.0543,synthetic,2025-06-30T17:00:00+07:00,HOSE,20876.0543,21084.814843,20667.293757,20876.0543,SYNTHETIC-00,SYN00,2025-06-30,2087605430.0,normal,100000
21864.8944,synthetic,2024-01-01T17:00:00+07:00,HOSE,21864.8944,22083.543344,21646.245456,21864.8944,SYNTHETIC-01,SYN01,2024-01-01,2208354334.4,normal,101000
21888.4451,synthetic,2024-01-02T17:00:00+07:00,HOSE,21888.4451,22107.329551000003,21669.560649,21888.4451,SYNTHETIC-01,SYN01,2024-01-02,2210732955.1,normal,101000
21908.8108,synthetic,2024-01-03T17:00:00+07:00,HOSE,21908.8108,22127.898908,21689.722692,21908.8108,SYNTHETIC-01,SYN01,2024-01-03,2212789890.7999997,normal,101000
21925.8442,synthetic,2024-01-04T17:00:00+07:00,HOSE,21925.8442,22145.102641999998,21706.585758,21925.8442,SYNTHETIC-01,SYN01,2024-01-04,2214510264.2,normal,101000
21939.4265,synthetic,2024-01-05T17:00:00+07:00,HOSE,21939.4265,22158.820765,21720.032235000002,21939.4265,SYNTHETIC-01,SYN01,2024-01-05,2215882076.5,normal,101000
21949.4689,synthetic,2024-01-08T17:00:00+07:00,HOSE,21949.4689,22168.963589,21729.974211,21949.4689,SYNTHETIC-01,SYN01,2024-01-08,2216896358.9,normal,101000
21955.9136,synthetic,2024-01-09T17:00:00+07:00,HOSE,21955.9136,22175.472736,21736.354464,21955.9136,SYNTHETIC-01,SYN01,2024-01-09,2217547273.6,normal,101000
21958.7339,synthetic,2024-01-10T17:00:00+07:00,HOSE,21958.7339,22178.321239,21739.146560999998,21958.7339,SYNTHETIC-01,SYN01,2024-01-10,2217832123.9,normal,101000
21957.9352,synthetic,2024-01-11T17:00:00+07:00,HOSE,21957.9352,22177.514552,21738.355848,21957.9352,SYNTHETIC-01,SYN01,2024-01-11,2217751455.2,normal,101000
21953.5543,synthetic,2024-01-12T17:00:00+07:00,HOSE,21953.5543,22173.089843,21734.018756999998,21953.5543,SYNTHETIC-01,SYN01,2024-01-12,2217308984.3,normal,101000
21945.6595,synthetic,2024-01-15T17:00:00+07:00,HOSE,21945.6595,22165.116095,21726.202905000002,21945.6595,SYNTHETIC-01,SYN01,2024-01-15,2216511609.5,normal,101000
21934.3496,synthetic,2024-01-16T17:00:00+07:00,HOSE,21934.3496,22153.693096000003,21715.006104,21934.3496,SYNTHETIC-01,SYN01,2024-01-16,2215369309.6,normal,101000
21919.7531,synthetic,2024-01-17T17:00:00+07:00,HOSE,21919.7531,22138.950631000003,21700.555569,21919.7531,SYNTHETIC-01,SYN01,2024-01-17,2213895063.1000004,normal,101000
21902.0268,synthetic,2024-01-18T17:00:00+07:00,HOSE,21902.0268,22121.047068,21683.006532,21902.0268,SYNTHETIC-01,SYN01,2024-01-18,2212104706.8,normal,101000
21881.3543,synthetic,2024-01-19T17:00:00+07:00,HOSE,21881.3543,22100.167843,21662.540757,21881.3543,SYNTHETIC-01,SYN01,2024-01-19,2210016784.2999997,normal,101000
21857.9442,synthetic,2024-01-22T17:00:00+07:00,HOSE,21857.9442,22076.523642000004,21639.364758,21857.9442,SYNTHETIC-01,SYN01,2024-01-22,2207652364.2000003,normal,101000
21832.0282,synthetic,2024-01-23T17:00:00+07:00,HOSE,21832.0282,22050.348482,21613.707918,21832.0282,SYNTHETIC-01,SYN01,2024-01-23,2205034848.2000003,normal,101000
21803.8586,synthetic,2024-01-24T17:00:00+07:00,HOSE,21803.8586,22021.897186,21585.820014,21803.8586,SYNTHETIC-01,SYN01,2024-01-24,2202189718.6,normal,101000
21773.7059,synthetic,2024-01-25T17:00:00+07:00,HOSE,21773.7059,21991.442959,21555.968841,21773.7059,SYNTHETIC-01,SYN01,2024-01-25,2199144295.9,normal,101000
21741.8567,synthetic,2024-01-26T17:00:00+07:00,HOSE,21741.8567,21959.275267,21524.438133,21741.8567,SYNTHETIC-01,SYN01,2024-01-26,2195927526.7,normal,101000
21708.6106,synthetic,2024-01-29T17:00:00+07:00,HOSE,21708.6106,21925.696706,21491.524494,21708.6106,SYNTHETIC-01,SYN01,2024-01-29,2192569670.6,normal,101000
21674.2775,synthetic,2024-01-30T17:00:00+07:00,HOSE,21674.2775,21891.020275,21457.534725,21674.2775,SYNTHETIC-01,SYN01,2024-01-30,2189102027.5,normal,101000
21639.1751,synthetic,2024-01-31T17:00:00+07:00,HOSE,21639.1751,21855.566851,21422.783349,21639.1751,SYNTHETIC-01,SYN01,2024-01-31,2185556685.1,normal,101000
21603.626,synthetic,2024-02-01T17:00:00+07:00,HOSE,21603.626,21819.66226,21387.58974,21603.626,SYNTHETIC-01,SYN01,2024-02-01,2181966226.0,normal,101000
21567.9549,synthetic,2024-02-02T17:00:00+07:00,HOSE,21567.9549,21783.634449,21352.275351,21567.9549,SYNTHETIC-01,SYN01,2024-02-02,2178363444.9,normal,101000
21532.4856,synthetic,2024-02-05T17:00:00+07:00,HOSE,21532.4856,21747.810456,21317.160744,21532.4856,SYNTHETIC-01,SYN01,2024-02-05,2174781045.6,normal,101000
21497.539,synthetic,2024-02-06T17:00:00+07:00,HOSE,21497.539,21712.51439,21282.56361,21497.539,SYNTHETIC-01,SYN01,2024-02-06,2171251439.0,normal,101000
21463.4298,synthetic,2024-02-07T17:00:00+07:00,HOSE,21463.4298,21678.064098000003,21248.795502,21463.4298,SYNTHETIC-01,SYN01,2024-02-07,2167806409.8,normal,101000
21430.4645,synthetic,2024-02-08T17:00:00+07:00,HOSE,21430.4645,21644.769145,21216.159854999998,21430.4645,SYNTHETIC-01,SYN01,2024-02-08,2164476914.5,normal,101000
21398.9388,synthetic,2024-02-09T17:00:00+07:00,HOSE,21398.9388,21612.928188,21184.949411999998,21398.9388,SYNTHETIC-01,SYN01,2024-02-09,2161292818.8,normal,101000
21369.1354,synthetic,2024-02-12T17:00:00+07:00,HOSE,21369.1354,21582.826753999998,21155.444046,21369.1354,SYNTHETIC-01,SYN01,2024-02-12,2158282675.4,normal,101000
21341.322,synthetic,2024-02-13T17:00:00+07:00,HOSE,21341.322,21554.73522,21127.90878,21341.322,SYNTHETIC-01,SYN01,2024-02-13,2155473522.0,normal,101000
21315.7491,synthetic,2024-02-14T17:00:00+07:00,HOSE,21315.7491,21528.906591000003,21102.591609,21315.7491,SYNTHETIC-01,SYN01,2024-02-14,2152890659.1,normal,101000
21292.6488,synthetic,2024-02-15T17:00:00+07:00,HOSE,21292.6488,21505.575288,21079.722311999998,21292.6488,SYNTHETIC-01,SYN01,2024-02-15,2150557528.7999997,normal,101000
21272.2324,synthetic,2024-02-16T17:00:00+07:00,HOSE,21272.2324,21484.954724,21059.510076000002,21272.2324,SYNTHETIC-01,SYN01,2024-02-16,2148495472.4,normal,101000
21254.6898,synthetic,2024-02-19T17:00:00+07:00,HOSE,21254.6898,21467.236698,21042.142902,21254.6898,SYNTHETIC-01,SYN01,2024-02-19,2146723669.8,normal,101000
21240.1874,synthetic,2024-02-20T17:00:00+07:00,HOSE,21240.1874,21452.589273999998,21027.785526,21240.1874,SYNTHETIC-01,SYN01,2024-02-20,2145258927.3999999,normal,101000
21228.8677,synthetic,2024-02-21T17:00:00+07:00,HOSE,21228.8677,21441.156377,21016.579023,21228.8677,SYNTHETIC-01,SYN01,2024-02-21,2144115637.6999998,normal,101000
21220.848,synthetic,2024-02-22T17:00:00+07:00,HOSE,21220.848,21433.056480000003,21008.63952,21220.848,SYNTHETIC-01,SYN01,2024-02-22,2143305648.0000002,normal,101000
21216.2195,synthetic,2024-02-23T17:00:00+07:00,HOSE,21216.2195,21428.381695,21004.057305,21216.2195,SYNTHETIC-01,SYN01,2024-02-23,2142838169.5,normal,101000
21215.0472,synthetic,2024-02-26T17:00:00+07:00,HOSE,21215.0472,21427.197672000002,21002.896728,21215.0472,SYNTHETIC-01,SYN01,2024-02-26,2142719767.2,normal,101000
21217.3692,synthetic,2024-02-27T17:00:00+07:00,HOSE,21217.3692,21429.542892,21005.195508,21217.3692,SYNTHETIC-01,SYN01,2024-02-27,2142954289.2,normal,101000
21223.1964,synthetic,2024-02-28T17:00:00+07:00,HOSE,21223.1964,21435.428364,21010.964436000002,21223.1964,SYNTHETIC-01,SYN01,2024-02-28,2143542836.4,normal,101000
21232.5123,synthetic,2024-02-29T17:00:00+07:00,HOSE,21232.5123,21444.837422999997,21020.187177,21232.5123,SYNTHETIC-01,SYN01,2024-02-29,2144483742.3,normal,101000
21245.2736,synthetic,2024-03-01T17:00:00+07:00,HOSE,21245.2736,21457.726336,21032.820864,21245.2736,SYNTHETIC-01,SYN01,2024-03-01,2145772633.6000001,normal,101000
21261.4098,synthetic,2024-03-04T17:00:00+07:00,HOSE,21261.4098,21474.023898000003,21048.795702,21261.4098,SYNTHETIC-01,SYN01,2024-03-04,2147402389.8000002,normal,101000
21280.8244,synthetic,2024-03-05T17:00:00+07:00,HOSE,21280.8244,21493.632644,21068.016156,21280.8244,SYNTHETIC-01,SYN01,2024-03-05,2149363264.4,normal,101000
21303.3945,synthetic,2024-03-06T17:00:00+07:00,HOSE,21303.3945,21516.428444999998,21090.360555,21303.3945,SYNTHETIC-01,SYN01,2024-03-06,2151642844.5,normal,101000
21328.9727,synthetic,2024-03-07T17:00:00+07:00,HOSE,21328.9727,21542.262426999998,21115.682973,21328.9727,SYNTHETIC-01,SYN01,2024-03-07,2154226242.7,normal,101000
21357.3871,synthetic,2024-03-08T17:00:00+07:00,HOSE,21357.3871,21570.960971,21143.813229,21357.3871,SYNTHETIC-01,SYN01,2024-03-08,2157096097.1,normal,101000
21388.4429,synthetic,2024-03-11T17:00:00+07:00,HOSE,21388.4429,21602.327329,21174.558470999997,21388.4429,SYNTHETIC-01,SYN01,2024-03-11,2160232732.8999996,normal,101000
21421.9238,synthetic,2024-03-12T17:00:00+07:00,HOSE,21421.9238,21636.143038000002,21207.704562,21421.9238,SYNTHETIC-01,SYN01,2024-03-12,2163614303.8,normal,101000
21457.5928,synthetic,2024-03-13T17:00:00+07:00,HOSE,21457.5928,21672.168727999997,21243.016872,21457.5928,SYNTHETIC-01,SYN01,2024-03-13,2167216872.7999997,normal,101000
21495.1949,synthetic,2024-03-14T17:00:00+07:00,HOSE,21495.1949,21710.146848999997,21280.242951,21495.1949,SYNTHETIC-01,SYN01,2024-03-14,2171014684.9,normal,101000
21534.4578,synthetic,2024-03-15T17:00:00+07:00,HOSE,21534.4578,21749.802378,21319.113222,21534.4578,SYNTHETIC-01,SYN01,2024-03-15,2174980237.8,normal,101000
21575.0947,synthetic,2024-03-18T17:00:00+07:00,HOSE,21575.0947,21790.845647000002,21359.343753,21575.0947,SYNTHETIC-01,SYN01,2024-03-18,2179084564.7000003,normal,101000
21616.8059,synthetic,2024-03-19T17:00:00+07:00,HOSE,21616.8059,21832.973959,21400.637841,21616.8059,SYNTHETIC-01,SYN01,2024-03-19,2183297395.9,normal,101000
21659.2814,synthetic,2024-03-20T17:00:00+07:00,HOSE,21659.2814,21875.874214,21442.688586,21659.2814,SYNTHETIC-01,SYN01,2024-03-20,2187587421.4,normal,101000
21702.203,synthetic,2024-03-21T17:00:00+07:00,HOSE,21702.203,21919.22503,21485.18097,21702.203,SYNTHETIC-01,SYN01,2024-03-21,2191922503.0,normal,101000
21745.2474,synthetic,2024-03-22T17:00:00+07:00,HOSE,21745.2474,21962.699874,21527.794926,21745.2474,SYNTHETIC-01,SYN01,2024-03-22,2196269987.4,normal,101000
21788.0878,synthetic,2024-03-25T17:00:00+07:00,HOSE,21788.0878,22005.968678,21570.206922,21788.0878,SYNTHETIC-01,SYN01,2024-03-25,2200596867.8,normal,101000
21830.3978,synthetic,2024-03-26T17:00:00+07:00,HOSE,21830.3978,22048.701778,21612.093822,21830.3978,SYNTHETIC-01,SYN01,2024-03-26,2204870177.7999997,normal,101000
21871.8532,synthetic,2024-03-27T17:00:00+07:00,HOSE,21871.8532,22090.571732,21653.134668000002,21871.8532,SYNTHETIC-01,SYN01,2024-03-27,2209057173.2000003,normal,101000
21912.1355,synthetic,2024-03-28T17:00:00+07:00,HOSE,21912.1355,22131.256855,21693.014145,21912.1355,SYNTHETIC-01,SYN01,2024-03-28,2213125685.5,normal,101000
21950.9341,synthetic,2024-03-29T17:00:00+07:00,HOSE,21950.9341,22170.443441,21731.424758999998,21950.9341,SYNTHETIC-01,SYN01,2024-03-29,2217044344.1,normal,101000
21987.9497,synthetic,2024-04-01T17:00:00+07:00,HOSE,21987.9497,22207.829197000003,21768.070203,21987.9497,SYNTHETIC-01,SYN01,2024-04-01,2220782919.7000003,normal,101000
22022.8966,synthetic,2024-04-02T17:00:00+07:00,HOSE,22022.8966,22243.125566,21802.667634,22022.8966,SYNTHETIC-01,SYN01,2024-04-02,2224312556.6,normal,101000
22055.5055,synthetic,2024-04-03T17:00:00+07:00,HOSE,22055.5055,22276.060555,21834.950445,22055.5055,SYNTHETIC-01,SYN01,2024-04-03,2227606055.5,normal,101000
22085.526,synthetic,2024-04-04T17:00:00+07:00,HOSE,22085.526,22306.381260000002,21864.67074,22085.526,SYNTHETIC-01,SYN01,2024-04-04,2230638126.0,normal,101000
22112.7292,synthetic,2024-04-05T17:00:00+07:00,HOSE,22112.7292,22333.856492000003,21891.601908,22112.7292,SYNTHETIC-01,SYN01,2024-04-05,2233385649.2000003,normal,101000
22136.9098,synthetic,2024-04-08T17:00:00+07:00,HOSE,22136.9098,22358.278898,21915.540702000002,22136.9098,SYNTHETIC-01,SYN01,2024-04-08,2235827889.8,normal,101000
22157.8878,synthetic,2024-04-09T17:00:00+07:00,HOSE,22157.8878,22379.466678,21936.308922,22157.8878,SYNTHETIC-01,SYN01,2024-04-09,2237946667.8,normal,101000
22175.511,synthetic,2024-04-10T17:00:00+07:00,HOSE,22175.511,22397.26611,21953.755889999997,22175.511,SYNTHETIC-01,SYN01,2024-04-10,2239726611.0,normal,101000
22189.6558,synthetic,2024-04-11T17:00:00+07:00,HOSE,22189.6558,22411.552358,21967.759242,22189.6558,SYNTHETIC-01,SYN01,2024-04-11,2241155235.8,normal,101000
22200.2289,synthetic,2024-04-12T17:00:00+07:00,HOSE,22200.2289,22422.231189,21978.226611,22200.2289,SYNTHETIC-01,SYN01,2024-04-12,2242223118.8999996,normal,101000
22207.168,synthetic,2024-04-15T17:00:00+07:00,HOSE,22207.168,22429.239680000002,21985.09632,22207.168,SYNTHETIC-01,SYN01,2024-04-15,2242923968.0,normal,101000
22210.4428,synthetic,2024-04-16T17:00:00+07:00,HOSE,22210.4428,22432.547228,21988.338372000002,22210.4428,SYNTHETIC-01,SYN01,2024-04-16,2243254722.8,normal,101000
22210.0547,synthetic,2024-04-17T17:00:00+07:00,HOSE,22210.0547,22432.155247000002,21987.954153,22210.0547,SYNTHETIC-01,SYN01,2024-04-17,2243215524.7000003,normal,101000
22206.0375,synthetic,2024-04-18T17:00:00+07:00,HOSE,22206.0375,22428.097875,21983.977124999998,22206.0375,SYNTHETIC-01,SYN01,2024-04-18,2242809787.5,normal,101000
22198.4565,synthetic,2024-04-19T17:00:00+07:00,HOSE,22198.4565,22420.441065,21976.471935,22198.4565,SYNTHETIC-01,SYN01,2024-04-19,2242044106.5,normal,101000
22187.4082,synthetic,2024-04-22T17:00:00+07:00,HOSE,22187.4082,22409.282282,21965.534118000003,22187.4082,SYNTHETIC-01,SYN01,2024-04-22,2240928228.2000003,normal,101000
22173.0191,synthetic,2024-04-23T17:00:00+07:00,HOSE,22173.0191,22394.749291,21951.288909000003,22173.0191,SYNTHETIC-01,SYN01,2024-04-23,2239474929.1,normal,101000
22155.4447,synthetic,2024-04-24T17:00:00+07:00,HOSE,22155.4447,22376.999147,21933.890253,22155.4447,SYNTHETIC-01,SYN01,2024-04-24,2237699914.7,normal,101000
22134.8677,synthetic,2024-04-25T17:00:00+07:00,HOSE,22134.8677,22356.216377,21913.519022999997,22134.8677,SYNTHETIC-01,SYN01,2024-04-25,2235621637.7,normal,101000
22111.4962,synthetic,2024-04-26T17:00:00+07:00,HOSE,22111.4962,22332.611162,21890.381238,22111.4962,SYNTHETIC-01,SYN01,2024-04-26,2233261116.2000003,normal,101000
22085.5619,synthetic,2024-04-29T17:00:00+07:00,HOSE,22085.5619,22306.417519000002,21864.706281,22085.5619,SYNTHETIC-01,SYN01,2024-04-29,2230641751.9,normal,101000
22057.3178,synthetic,2024-04-30T17:00:00+07:00,HOSE,22057.3178,22277.890978,21836.744622000002,22057.3178,SYNTHETIC-01,SYN01,2024-04-30,2227789097.8,normal,101000
22027.0356,synthetic,2024-05-01T17:00:00+07:00,HOSE,22027.0356,22247.305956,21806.765244,22027.0356,SYNTHETIC-01,SYN01,2024-05-01,2224730595.6,normal,101000
21995.0033,synthetic,2024-05-02T17:00:00+07:00,HOSE,21995.0033,22214.953333,21775.053267,21995.0033,SYNTHETIC-01,SYN01,2024-05-02,2221495333.3,normal,101000
21961.5226,synthetic,2024-05-03T17:00:00+07:00,HOSE,21961.5226,22181.137826000002,21741.907374,21961.5226,SYNTHETIC-01,SYN01,2024-05-03,2218113782.6,normal,101000
21926.906,synthetic,2024-05-06T17:00:00+07:00,HOSE,21926.906,22146.175059999998,21707.63694,21926.906,SYNTHETIC-01,SYN01,2024-05-06,2214617506.0,normal,101000
21891.474,synthetic,2024-05-07T17:00:00+07:00,HOSE,21891.474,22110.38874,21672.559259999998,21891.474,SYNTHETIC-01,SYN01,2024-05-07,2211038874.0,normal,101000
21855.5524,synthetic,2024-05-08T17:00:00+07:00,HOSE,21855.5524,22074.107924,21636.996876,21855.5524,SYNTHETIC-01,SYN01,2024-05-08,2207410792.4,normal,101000
21819.4696,synthetic,2024-05-09T17:00:00+07:00,HOSE,21819.4696,22037.664296,21601.274904,21819.4696,SYNTHETIC-01,SYN01,2024-05-09,2203766429.6,normal,101000
21783.5535,synthetic,2024-05-10T17:00:00+07:00,HOSE,21783.5535,22001.389035000004,21565.717965,21783.5535,SYNTHETIC-01,SYN01,2024-05-10,2200138903.5,normal,101000
21748.1289,synthetic,2024-05-13T17:00:00+07:00,HOSE,21748.1289,21965.610189,21530.647611,21748.1289,SYNTHETIC-01,SYN01,2024-05-13,2196561018.9,normal,101000
21713.5151,synthetic,2024-05-14T17:00:00+07:00,HOSE,21713.5151,21930.650251,21496.379949000002,21713.5151,SYNTHETIC-01,SYN01,2024-05-14,2193065025.1,normal,101000
21680.0232,synthetic,2024-05-15T17:00:00+07:00,HOSE,21680.0232,21896.823432,21463.222968,21680.0232,SYNTHETIC-01,SYN01,2024-05-15,2189682343.2,normal,101000
21647.9536,synthetic,2024-05-16T17:00:00+07:00,HOSE,21647.9536,21864.433136,21431.474064,21647.9536,SYNTHETIC-01,SYN01,2024-05-16,2186443313.6,normal,101000
21617.5938,synthetic,2024-05-17T17:00:00+07:00,HOSE,21617.5938,21833.769738,21401.417862,21617.5938,SYNTHETIC-01,SYN01,2024-05-17,2183376973.7999997,normal,101000
21589.2166,synthetic,2024-05-20T17:00:00+07:00,HOSE,21589.2166,21805.108766,21373.324434,21589.2166,SYNTHETIC-01,SYN01,2024-05-20,2180510876.6,normal,101000
21563.0774,synthetic,2024-05-21T17:00:00+07:00,HOSE,21563.0774,21778.708174,21347.446625999997,21563.0774,SYNTHETIC-01,SYN01,2024-05-21,2177870817.3999996,normal,101000
21539.4132,synthetic,2024-05-22T17:00:00+07:00,HOSE,21539.4132,21754.807332,21324.019067999998,21539.4132,SYNTHETIC-01,SYN01,2024-05-22,2175480733.2,normal,101000
21518.4402,synthetic,2024-05-23T17:00:00+07:00,HOSE,21518.4402,21733.624602,21303.255798000002,21518.4402,SYNTHETIC-01,SYN01,2024-05-23,2173362460.2000003,normal,101000
21500.3529,synthetic,2024-05-24T17:00:00+07:00,HOSE,21500.3529,21715.356429000003,21285.349371,21500.3529,SYNTHETIC-01,SYN01,2024-05-24,2171535642.9,normal,101000
21485.3227,synthetic,2024-05-27T17:00:00+07:00,HOSE,21485.3227,21700.175927,21270.469473,21485.3227,SYNTHETIC-01,SYN01,2024-05-27,2170017592.7000003,normal,101000
21473.4963,synthetic,2024-05-28T17:00:00+07:00,HOSE,21473.4963,21688.231262999998,21258.761337,21473.4963,SYNTHETIC-01,SYN01,2024-05-28,2168823126.2999997,normal,101000
21464.9953,synthetic,2024-05-29T17:00:00+07:00,HOSE,21464.9953,21679.645253,21250.345347,21464.9953,SYNTHETIC-01,SYN01,2024-05-29,2167964525.2999997,normal,101000
21459.9153,synthetic,2024-05-30T17:00:00+07:00,HOSE,21459.9153,21674.514453,21245.316147,21459.9153,SYNTHETIC-01,SYN01,2024-05-30,2167451445.3,normal,101000
21458.325,synthetic,2024-05-31T17:00:00+07:00,HOSE,21458.325,21672.90825,21243.74175,21458.325,SYNTHETIC-01,SYN01,2024-05-31,2167290825.0,normal,101000
21460.266,synthetic,2024-06-03T17:00:00+07:00,HOSE,21460.266,21674.86866,21245.66334,21460.266,SYNTHETIC-01,SYN01,2024-06-03,2167486866.0,normal,101000
21465.7524,synthetic,2024-06-04T17:00:00+07:00,HOSE,21465.7524,21680.409924000003,21251.094876,21465.7524,SYNTHETIC-01,SYN01,2024-06-04,2168040992.4,normal,101000
21474.7709,synthetic,2024-06-05T17:00:00+07:00,HOSE,21474.7709,21689.518609,21260.023191,21474.7709,SYNTHETIC-01,SYN01,2024-06-05,2168951860.9,normal,101000
21487.2808,synthetic,2024-06-06T17:00:00+07:00,HOSE,21487.2808,21702.153608,21272.407992,21487.2808,SYNTHETIC-01,SYN01,2024-06-06,2170215360.8,normal,101000
21503.2139,synthetic,2024-06-07T17:00:00+07:00,HOSE,21503.2139,21718.246038999998,21288.181761,21503.2139,SYNTHETIC-01,SYN01,2024-06-07,2171824603.9,normal,101000
21522.4755,synthetic,2024-06-10T17:00:00+07:00,HOSE,21522.4755,21737.700255,21307.250745,21522.4755,SYNTHETIC-01,SYN01,2024-06-10,2173770025.5,normal,101000
21544.9445,synthetic,2024-06-11T17:00:00+07:00,HOSE,21544.9445,21760.393945000003,21329.495055,21544.9445,SYNTHETIC-01,SYN01,2024-06-11,2176039394.5,normal,101000
21570.4744,synthetic,2024-06-12T17:00:00+07:00,HOSE,21570.4744,21786.179143999998,21354.769656,21570.4744,SYNTHETIC-01,SYN01,2024-06-12,2178617914.4,normal,101000
21598.8943,synthetic,2024-06-13T17:00:00+07:00,HOSE,21598.8943,21814.883243,21382.905357,21598.8943,SYNTHETIC-01,SYN01,2024-06-13,2181488324.3,normal,101000
21630.0097,synthetic,2024-06-14T17:00:00+07:00,HOSE,21630.0097,21846.309796999998,21413.709603,21630.0097,SYNTHETIC-01,SYN01,2024-06-14,2184630979.7,normal,101000
21663.6041,synthetic,2024-06-17T17:00:00+07:00,HOSE,21663.6041,21880.240141000002,21446.968059,21663.6041,SYNTHETIC-01,SYN01,2024-06-17,2188024014.1,normal,101000
21699.4405,synthetic,2024-06-18T17:00:00+07:00,HOSE,21699.4405,21916.434905000002,21482.446095,21699.4405,SYNTHETIC-01,SYN01,2024-06-18,2191643490.5,normal,101000
21737.2626,synthetic,2024-06-19T17:00:00+07:00,HOSE,21737.2626,21954.635226,21519.889973999998,21737.2626,SYNTHETIC-01,SYN01,2024-06-19,2195463522.6,normal,101000
21776.7971,synthetic,2024-06-20T17:00:00+07:00,HOSE,21776.7971,21994.565071,21559.029129,21776.7971,SYNTHETIC-01,SYN01,2024-06-20,2199456507.1,normal,101000
21817.7554,synthetic,2024-06-21T17:00:00+07:00,HOSE,21817.7554,22035.932954,21599.577845999996,21817.7554,SYNTHETIC-01,SYN01,2024-06-21,2203593295.3999996,normal,101000
21859.8357,synthetic,2024-06-24T17:00:00+07:00,HOSE,21859.8357,22078.434057,21641.237343,21859.8357,SYNTHETIC-01,SYN01,2024-06-24,2207843405.7,normal,101000
21902.7257,synthetic,2024-06-25T17:00:00+07:00,HOSE,21902.7257,22121.752957,21683.698442999997,21902.7257,SYNTHETIC-01,SYN01,2024-06-25,2212175295.7,normal,101000
21946.1043,synthetic,2024-06-26T17:00:00+07:00,HOSE,21946.1043,22165.565343,21726.643257,21946.1043,SYNTHETIC-01,SYN01,2024-06-26,2216556534.2999997,normal,101000
21989.6448,synthetic,2024-06-27T17:00:00+07:00,HOSE,21989.6448,22209.541247999998,21769.748352,21989.6448,SYNTHETIC-01,SYN01,2024-06-27,2220954124.7999997,normal,101000
22033.0172,synthetic,2024-06-28T17:00:00+07:00,HOSE,22033.0172,22253.347372,21812.687027999997,22033.0172,SYNTHETIC-01,SYN01,2024-06-28,2225334737.2,normal,101000
22075.8909,synthetic,2024-07-01T17:00:00+07:00,HOSE,22075.8909,22296.649809,21855.131991,22075.8909,SYNTHETIC-01,SYN01,2024-07-01,2229664980.8999996,normal,101000
22117.9378,synthetic,2024-07-02T17:00:00+07:00,HOSE,22117.9378,22339.117178,21896.758422,22117.9378,SYNTHETIC-01,SYN01,2024-07-02,2233911717.8,normal,101000
22158.8347,synthetic,2024-07-03T17:00:00+07:00,HOSE,22158.8347,22380.423047,21937.246353,22158.8347,SYNTHETIC-01,SYN01,2024-07-03,2238042304.7,normal,101000
22198.2666,synthetic,2024-07-04T17:00:00+07:00,HOSE,22198.2666,22420.249266,21976.283934,22198.2666,SYNTHETIC-01,SYN01,2024-07-04,2242024926.6,normal,101000
22235.9293,synthetic,2024-07-05T17:00:00+07:00,HOSE,22235.9293,22458.288593,22013.570007,22235.9293,SYNTHETIC-01,SYN01,2024-07-05,2245828859.3,normal,101000
22271.5319,synthetic,2024-07-08T17:00:00+07:00,HOSE,22271.5319,22494.247219,22048.816581000003,22271.5319,SYNTHETIC-01,SYN01,2024-07-08,2249424721.9,normal,101000
22304.8,synthetic,2024-07-09T17:00:00+07:00,HOSE,22304.8,22527.847999999998,22081.752,22304.8,SYNTHETIC-01,SYN01,2024-07-09,2252784800.0,normal,101000
22335.4783,synthetic,2024-07-10T17:00:00+07:00,HOSE,22335.4783,22558.833082999998,22112.123517,22335.4783,SYNTHETIC-01,SYN01,2024-07-10,2255883308.2999997,normal,101000
22363.3324,synthetic,2024-07-11T17:00:00+07:00,HOSE,22363.3324,22586.965723999998,22139.699076,22363.3324,SYNTHETIC-01,SYN01,2024-07-11,2258696572.4,normal,101000
22388.1517,synthetic,2024-07-12T17:00:00+07:00,HOSE,22388.1517,22612.033217,22164.270182999997,22388.1517,SYNTHETIC-01,SYN01,2024-07-12,2261203321.7,normal,101000
22409.7514,synthetic,2024-07-15T17:00:00+07:00,HOSE,22409.7514,22633.848914000002,22185.653886,22409.7514,SYNTHETIC-01,SYN01,2024-07-15,2263384891.4,normal,101000
22427.974,synthetic,2024-07-16T17:00:00+07:00,HOSE,22427.974,22652.25374,22203.694259999997,22427.974,SYNTHETIC-01,SYN01,2024-07-16,2265225374.0,normal,101000
22442.6911,synthetic,2024-07-17T17:00:00+07:00,HOSE,22442.6911,22667.118011,22218.264189,22442.6911,SYNTHETIC-01,SYN01,2024-07-17,2266711801.1,normal,101000
22453.8049,synthetic,2024-07-18T17:00:00+07:00,HOSE,22453.8049,22678.342948999998,22229.266851,22453.8049,SYNTHETIC-01,SYN01,2024-07-18,2267834294.9,normal,101000
22461.2486,synthetic,2024-07-19T17:00:00+07:00,HOSE,22461.2486,22685.861086,22236.636113999997,22461.2486,SYNTHETIC-01,SYN01,2024-07-19,2268586108.6,normal,101000
22464.9878,synthetic,2024-07-22T17:00:00+07:00,HOSE,22464.9878,22689.637678,22240.337922,22464.9878,SYNTHETIC-01,SYN01,2024-07-22,2268963767.7999997,normal,101000
22465.0204,synthetic,2024-07-23T17:00:00+07:00,HOSE,22465.0204,22689.670604000003,22240.370196,22465.0204,SYNTHETIC-01,SYN01,2024-07-23,2268967060.4,normal,101000
22461.3766,synthetic,2024-07-24T17:00:00+07:00,HOSE,22461.3766,22685.990365999998,22236.762834,22461.3766,SYNTHETIC-01,SYN01,2024-07-24,2268599036.6,normal,101000
22454.119,synthetic,2024-07-25T17:00:00+07:00,HOSE,22454.119,22678.66019,22229.57781,22454.119,SYNTHETIC-01,SYN01,2024-07-25,2267866019.0,normal,101000
22443.3415,synthetic,2024-07-26T17:00:00+07:00,HOSE,22443.3415,22667.774914999998,22218.908085,22443.3415,SYNTHETIC-01,SYN01,2024-07-26,2266777491.5,normal,101000
22429.1686,synthetic,2024-07-29T17:00:00+07:00,HOSE,22429.1686,22653.460286,22204.876914,22429.1686,SYNTHETIC-01,SYN01,2024-07-29,2265346028.6,normal,101000
22411.7544,synthetic,2024-07-30T17:00:00+07:00,HOSE,22411.7544,22635.871944000002,22187.636856,22411.7544,SYNTHETIC-01,SYN01,2024-07-30,2263587194.4,normal,101000
22391.2805,synthetic,2024-07-31T17:00:00+07:00,HOSE,22391.2805,22615.193305,22167.367695,22391.2805,SYNTHETIC-01,SYN01,2024-07-31,2261519330.5,normal,101000
22367.9546,synthetic,2024-08-01T17:00:00+07:00,HOSE,22367.9546,22591.634146,22144.275054,22367.9546,SYNTHETIC-01,SYN01,2024-08-01,2259163414.6,normal,101000
22342.0084,synthetic,2024-08-02T17:00:00+07:00,HOSE,22342.0084,22565.428484,22118.588315999998,22342.0084,SYNTHETIC-01,SYN01,2024-08-02,2256542848.4,normal,101000
22313.6955,synthetic,2024-08-05T17:00:00+07:00,HOSE,22313.6955,22536.832455000003,22090.558545,22313.6955,SYNTHETIC-01,SYN01,2024-08-05,2253683245.5,normal,101000
22283.2886,synthetic,2024-08-06T17:00:00+07:00,HOSE,22283.2886,22506.121486,22060.455714,22283.2886,SYNTHETIC-01,SYN01,2024-08-06,2250612148.6,normal,101000
22251.0773,synthetic,2024-08-07T17:00:00+07:00,HOSE,22251.0773,22473.588073000003,22028.566527,22251.0773,SYNTHETIC-01,SYN01,2024-08-07,2247358807.3,normal,101000
22217.3652,synthetic,2024-08-08T17:00:00+07:00,HOSE,22217.3652,22439.538852,21995.191548,22217.3652,SYNTHETIC-01,SYN01,2024-08-08,2243953885.2,normal,101000
22182.4673,synthetic,2024-08-09T17:00:00+07:00,HOSE,22182.4673,22404.291973,21960.642627,22182.4673,SYNTHETIC-01,SYN01,2024-08-09,2240429197.3,normal,101000
22146.7071,synthetic,2024-08-12T17:00:00+07:00,HOSE,22146.7071,22368.174171,21925.240029,22146.7071,SYNTHETIC-01,SYN01,2024-08-12,2236817417.1,normal,101000
22110.4137,synthetic,2024-08-13T17:00:00+07:00,HOSE,22110.4137,22331.517837,21889.309563000003,22110.4137,SYNTHETIC-01,SYN01,2024-08-13,2233151783.7000003,normal,101000
22073.9189,synthetic,2024-08-14T17:00:00+07:00,HOSE,22073.9189,22294.658089,21853.179711,22073.9189,SYNTHETIC-01,SYN01,2024-08-14,2229465808.9,normal,101000
22037.5546,synthetic,2024-08-15T17:00:00+07:00,HOSE,22037.5546,22257.930146,21817.179054,22037.5546,SYNTHETIC-01,SYN01,2024-08-15,2225793014.6,normal,101000
22001.6499,synthetic,2024-08-16T17:00:00+07:00,HOSE,22001.6499,22221.666399,21781.633401,22001.6499,SYNTHETIC-01,SYN01,2024-08-16,2222166639.9,normal,101000
21966.5286,synthetic,2024-08-19T17:00:00+07:00,HOSE,21966.5286,22186.193886,21746.863314000002,21966.5286,SYNTHETIC-01,SYN01,2024-08-19,2218619388.6000004,normal,101000
21932.5063,synthetic,2024-08-20T17:00:00+07:00,HOSE,21932.5063,22151.831363,21713.181237,21932.5063,SYNTHETIC-01,SYN01,2024-08-20,2215183136.3,normal,101000
21899.8883,synthetic,2024-08-21T17:00:00+07:00,HOSE,21899.8883,22118.887183,21680.889417,21899.8883,SYNTHETIC-01,SYN01,2024-08-21,2211888718.2999997,normal,101000
21868.9671,synthetic,2024-08-22T17:00:00+07:00,HOSE,21868.9671,22087.656771,21650.277429,21868.9671,SYNTHETIC-01,SYN01,2024-08-22,2208765677.1000004,normal,101000
21840.0202,synthetic,2024-08-23T17:00:00+07:00,HOSE,21840.0202,22058.420402,21621.619998,21840.0202,SYNTHETIC-01,SYN01,2024-08-23,2205842040.2,normal,101000
21813.3083,synthetic,2024-08-26T17:00:00+07:00,HOSE,21813.3083,22031.441383,21595.175217,21813.3083,SYNTHETIC-01,SYN01,2024-08-26,2203144138.3,normal,101000
21789.0731,synthetic,2024-08-27T17:00:00+07:00,HOSE,21789.0731,22006.963831,21571.182369000002,21789.0731,SYNTHETIC-01,SYN01,2024-08-27,2200696383.1000004,normal,101000
21767.5359,synthetic,2024-08-28T17:00:00+07:00,HOSE,21767.5359,21985.211259,21549.860541,21767.5359,SYNTHETIC-01,SYN01,2024-08-28,2198521125.9,normal,101000
21748.8962,synthetic,2024-08-29T17:00:00+07:00,HOSE,21748.8962,21966.385162,21531.407238,21748.8962,SYNTHETIC-01,SYN01,2024-08-29,2196638516.2,normal,101000
21733.3298,synthetic,2024-08-30T17:00:00+07:00,HOSE,21733.3298,21950.663098,21515.996501999998,21733.3298,SYNTHETIC-01,SYN01,2024-08-30,2195066309.7999997,normal,101000
21720.9882,synthetic,2024-09-02T17:00:00+07:00,HOSE,21720.9882,21938.198082,21503.778318,21720.9882,SYNTHETIC-01,SYN01,2024-09-02,2193819808.2,normal,101000
21711.9974,synthetic,2024-09-03T17:00:00+07:00,HOSE,21711.9974,21929.117374,21494.877426,21711.9974,SYNTHETIC-01,SYN01,2024-09-03,2192911737.4,normal,101000
21706.4571,synthetic,2024-09-04T17:00:00+07:00,HOSE,21706.4571,21923.521671,21489.392529,21706.4571,SYNTHETIC-01,SYN01,2024-09-04,2192352167.1,normal,101000
21704.4398,synthetic,2024-09-05T17:00:00+07:00,HOSE,21704.4398,21921.484198000002,21487.395402,21704.4398,SYNTHETIC-01,SYN01,2024-09-05,2192148419.8,normal,101000
21705.9909,synthetic,2024-09-06T17:00:00+07:00,HOSE,21705.9909,21923.050809,21488.930991,21705.9909,SYNTHETIC-01,SYN01,2024-09-06,2192305080.9,normal,101000
21711.1278,synthetic,2024-09-09T17:00:00+07:00,HOSE,21711.1278,21928.239078,21494.016521999998,21711.1278,SYNTHETIC-01,SYN01,2024-09-09,2192823907.7999997,normal,101000
21719.8404,synthetic,2024-09-10T17:00:00+07:00,HOSE,21719.8404,21937.038804,21502.641996000002,21719.8404,SYNTHETIC-01,SYN01,2024-09-10,2193703880.4,normal,101000
21732.0905,synthetic,2024-09-11T17:00:00+07:00,HOSE,21732.0905,21949.411405,21514.769594999998,21732.0905,SYNTHETIC-01,SYN01,2024-09-11,2194941140.5,normal,101000
21747.8124,synthetic,2024-09-12T17:00:00+07:00,HOSE,21747.8124,21965.290524,21530.334275999998,21747.8124,SYNTHETIC-01,SYN01,2024-09-12,2196529052.4,normal,101000
21766.9133,synthetic,2024-09-13T17:00:00+07:00,HOSE,21766.9133,21984.582433,21549.244167,21766.9133,SYNTHETIC-01,SYN01,2024-09-13,2198458243.3,normal,101000
21789.2738,synthetic,2024-09-16T17:00:00+07:00,HOSE,21789.2738,22007.166537999998,21571.381062,21789.2738,SYNTHETIC-01,SYN01,2024-09-16,2200716653.7999997,normal,101000
21814.7488,synthetic,2024-09-17T17:00:00+07:00,HOSE,21814.7488,22032.896288,21596.601312000003,21814.7488,SYNTHETIC-01,SYN01,2024-09-17,2203289628.8,normal,101000
21843.1679,synthetic,2024-09-18T17:00:00+07:00,HOSE,21843.1679,22061.599579,21624.736221,21843.1679,SYNTHETIC-01,SYN01,2024-09-18,2206159957.9,normal,101000
21874.3373,synthetic,2024-09-19T17:00:00+07:00,HOSE,21874.3373,22093.080673,21655.593926999998,21874.3373,SYNTHETIC-01,SYN01,2024-09-19,2209308067.2999997,normal,101000
21908.0404,synthetic,2024-09-20T17:00:00+07:00,HOSE,21908.0404,22127.120804000002,21688.959996,21908.0404,SYNTHETIC-01,SYN01,2024-09-20,2212712080.4,normal,101000
21944.0398,synthetic,2024-09-23T17:00:00+07:00,HOSE,21944.0398,22163.480197999997,21724.599402,21944.0398,SYNTHETIC-01,SYN01,2024-09-23,2216348019.7999997,normal,101000
21982.0784,synthetic,2024-09-24T17:00:00+07:00,HOSE,21982.0784,22201.899183999998,21762.257616,21982.0784,SYNTHETIC-01,SYN01,2024-09-24,2220189918.3999996,normal,101000
22021.8816,synthetic,2024-09-25T17:00:00+07:00,HOSE,22021.8816,22242.100416,21801.662784,22021.8816,SYNTHETIC-01,SYN01,2024-09-25,2224210041.6,normal,101000
22063.1593,synthetic,2024-09-26T17:00:00+07:00,HOSE,22063.1593,22283.790893,21842.527706999997,22063.1593,SYNTHETIC-01,SYN01,2024-09-26,2228379089.2999997,normal,101000
22105.6076,synthetic,2024-09-27T17:00:00+07:00,HOSE,22105.6076,22326.663676,21884.551524,22105.6076,SYNTHETIC-01,SYN01,2024-09-27,2232666367.6,normal,101000
22148.9117,synthetic,2024-09-30T17:00:00+07:00,HOSE,22148.9117,22370.400817,21927.422583,22148.9117,SYNTHETIC-01,SYN01,2024-09-30,2237040081.7000003,normal,101000
22192.7477,synthetic,2024-10-01T17:00:00+07:00,HOSE,22192.7477,22414.675177,21970.820223,22192.7477,SYNTHETIC-01,SYN01,2024-10-01,2241467517.7,normal,101000
22236.7857,synthetic,2024-10-02T17:00:00+07:00,HOSE,22236.7857,22459.153557,22014.417843,22236.7857,SYNTHETIC-01,SYN01,2024-10-02,2245915355.7,normal,101000
22280.6921,synthetic,2024-10-03T17:00:00+07:00,HOSE,22280.6921,22503.499021,22057.885179,22280.6921,SYNTHETIC-01,SYN01,2024-10-03,2250349902.1,normal,101000
22324.1326,synthetic,2024-10-04T17:00:00+07:00,HOSE,22324.1326,22547.373926,22100.891274,22324.1326,SYNTHETIC-01,SYN01,2024-10-04,2254737392.6,normal,101000
22366.7746,synthetic,2024-10-07T17:00:00+07:00,HOSE,22366.7746,22590.442346,22143.106854,22366.7746,SYNTHETIC-01,SYN01,2024-10-07,2259044234.6,normal,101000
22408.2908,synthetic,2024-10-08T17:00:00+07:00,HOSE,22408.2908,22632.373708,22184.207892,22408.2908,SYNTHETIC-01,SYN01,2024-10-08,2263237370.7999997,normal,101000
22448.3614,synthetic,2024-10-09T17:00:00+07:00,HOSE,22448.3614,22672.845014000002,22223.877786,22448.3614,SYNTHETIC-01,SYN01,2024-10-09,2267284501.4,normal,101000
22486.6771,synthetic,2024-10-10T17:00:00+07:00,HOSE,22486.6771,22711.543871,22261.810329,22486.6771,SYNTHETIC-01,SYN01,2024-10-10,2271154387.1,normal,101000
22522.9422,synthetic,2024-10-11T17:00:00+07:00,HOSE,22522.9422,22748.171622,22297.712778,22522.9422,SYNTHETIC-01,SYN01,2024-10-11,2274817162.2000003,normal,101000
22556.8771,synthetic,2024-10-14T17:00:00+07:00,HOSE,22556.8771,22782.445871000004,22331.308329,22556.8771,SYNTHETIC-01,SYN01,2024-10-14,2278244587.1000004,normal,101000
22588.221,synthetic,2024-10-15T17:00:00+07:00,HOSE,22588.221,22814.10321,22362.33879,22588.221,SYNTHETIC-01,SYN01,2024-10-15,2281410321.0,normal,101000
22616.7345,synthetic,2024-10-16T17:00:00+07:00,HOSE,22616.7345,22842.901845,22390.567154999997,22616.7345,SYNTHETIC-01,SYN01,2024-10-16,2284290184.5,normal,101000
22642.2017,synthetic,2024-10-17T17:00:00+07:00,HOSE,22642.2017,22868.623717000002,22415.779683,22642.2017,SYNTHETIC-01,SYN01,2024-10-17,2286862371.7000003,normal,101000
22664.4324,synthetic,2024-10-18T17:00:00+07:00,HOSE,22664.4324,22891.076724000002,22437.788076,22664.4324,SYNTHETIC-01,SYN01,2024-10-18,2289107672.4,normal,101000
22683.2641,synthetic,2024-10-21T17:00:00+07:00,HOSE,22683.2641,22910.096741,22456.431459,22683.2641,SYNTHETIC-01,SYN01,2024-10-21,2291009674.1,normal,101000
22698.5636,synthetic,2024-10-22T17:00:00+07:00,HOSE,22698.5636,22925.549236000003,22471.577964,22698.5636,SYNTHETIC-01,SYN01,2024-10-22,2292554923.6,normal,101000
22710.2281,synthetic,2024-10-23T17:00:00+07:00,HOSE,22710.2281,22937.330381,22483.125819,22710.2281,SYNTHETIC-01,SYN01,2024-10-23,2293733038.1,normal,101000
22718.1866,synthetic,2024-10-24T17:00:00+07:00,HOSE,22718.1866,22945.368466,22491.004734000002,22718.1866,SYNTHETIC-01,SYN01,2024-10-24,2294536846.6,normal,101000
22722.4005,synthetic,2024-10-25T17:00:00+07:00,HOSE,22722.4005,22949.624505,22495.176495,22722.4005,SYNTHETIC-01,SYN01,2024-10-25,2294962450.5,normal,101000
22722.8638,synthetic,2024-10-28T17:00:00+07:00,HOSE,22722.8638,22950.092438,22495.635162,22722.8638,SYNTHETIC-01,SYN01,2024-10-28,2295009243.7999997,normal,101000
22719.6034,synthetic,2024-10-29T17:00:00+07:00,HOSE,22719.6034,22946.799434,22492.407366,22719.6034,SYNTHETIC-01,SYN01,2024-10-29,2294679943.4,normal,101000
22712.6788,synthetic,2024-10-30T17:00:00+07:00,HOSE,22712.6788,22939.805588000003,22485.552012,22712.6788,SYNTHETIC-01,SYN01,2024-10-30,2293980558.8,normal,101000
22702.1814,synthetic,2024-10-31T17:00:00+07:00,HOSE,22702.1814,22929.203214,22475.159586,22702.1814,SYNTHETIC-01,SYN01,2024-10-31,2292920321.4,normal,101000
22688.2337,synthetic,2024-11-01T17:00:00+07:00,HOSE,22688.2337,22915.116037,22461.351363,22688.2337,SYNTHETIC-01,SYN01,2024-11-01,2291511603.7000003,normal,101000
22670.9881,synthetic,2024-11-04T17:00:00+07:00,HOSE,22670.9881,22897.697980999998,22444.278219,22670.9881,SYNTHETIC-01,SYN01,2024-11-04,2289769798.1,normal,101000
22650.6251,synthetic,2024-11-05T17:00:00+07:00,HOSE,22650.6251,22877.131351,22424.118849000002,22650.6251,SYNTHETIC-01,SYN01,2024-11-05,2287713135.1,normal,101000
22627.352,synthetic,2024-11-06T17:00:00+07:00,HOSE,22627.352,22853.625519999998,22401.07848,22627.352,SYNTHETIC-01,SYN01,2024-11-06,2285362552.0,normal,101000
22601.4005,synthetic,2024-11-07T17:00:00+07:00,HOSE,22601.4005,22827.414505,22375.386495,22601.4005,SYNTHETIC-01,SYN01,2024-11-07,2282741450.5,normal,101000
22573.0246,synthetic,2024-11-08T17:00:00+07:00,HOSE,22573.0246,22798.754846,22347.294354,22573.0246,SYNTHETIC-01,SYN01,2024-11-08,2279875484.6,normal,101000
22542.4979,synthetic,2024-11-11T17:00:00+07:00,HOSE,22542.4979,22767.922878999998,22317.072921,22542.4979,SYNTHETIC-01,SYN01,2024-11-11,2276792287.8999996,normal,101000
22510.1118,synthetic,2024-11-12T17:00:00+07:00,HOSE,22510.1118,22735.212917999997,22285.010682,22510.1118,SYNTHETIC-01,SYN01,2024-11-12,2273521291.7999997,normal,101000
22476.1716,synthetic,2024-11-13T17:00:00+07:00,HOSE,22476.1716,22700.933316000002,22251.409884,22476.1716,SYNTHETIC-01,SYN01,2024-11-13,2270093331.6000004,normal,101000
22440.995,synthetic,2024-11-14T17:00:00+07:00,HOSE,22440.995,22665.40495,22216.585049999998,22440.995,SYNTHETIC-01,SYN01,2024-11-14,2266540495.0,normal,101000
22404.9081,synthetic,2024-11-15T17:00:00+07:00,HOSE,22404.9081,22628.957181,22180.859019,22404.9081,SYNTHETIC-01,SYN01,2024-11-15,2262895718.1,normal,101000
22368.2434,synthetic,2024-11-18T17:00:00+07:00,HOSE,22368.2434,22591.925833999998,22144.560966,22368.2434,SYNTHETIC-01,SYN01,2024-11-18,2259192583.4,normal,101000
22331.3363,synthetic,2024-11-19T17:00:00+07:00,HOSE,22331.3363,22554.649663,22108.022936999998,22331.3363,SYNTHETIC-01,SYN01,2024-11-19,2255464966.2999997,normal,101000
22294.5228,synthetic,2024-11-20T17:00:00+07:00,HOSE,22294.5228,22517.468028,22071.577572,22294.5228,SYNTHETIC-01,SYN01,2024-11-20,2251746802.7999997,normal,101000
22258.1361,synthetic,2024-11-21T17:00:00+07:00,HOSE,22258.1361,22480.717461,22035.554739,22258.1361,SYNTHETIC-01,SYN01,2024-11-21,2248071746.1,normal,101000
22222.5043,synthetic,2024-11-22T17:00:00+07:00,HOSE,22222.5043,22444.729343,22000.279257000002,22222.5043,SYNTHETIC-01,SYN01,2024-11-22,2244472934.3,normal,101000
22187.948,synthetic,2024-11-25T17:00:00+07:00,HOSE,22187.948,22409.82748,21966.06852,22187.948,SYNTHETIC-01,SYN01,2024-11-25,2240982748.0,normal,101000
22154.7772,synthetic,2024-11-26T17:00:00+07:00,HOSE,22154.7772,22376.324972000002,21933.229428,22154.7772,SYNTHETIC-01,SYN01,2024-11-26,2237632497.2,normal,101000
22123.2893,synthetic,2024-11-27T17:00:00+07:00,HOSE,22123.2893,22344.522193,21902.056407,22123.2893,SYNTHETIC-01,SYN01,2024-11-27,2234452219.3,normal,101000
22093.7669,synthetic,2024-11-28T17:00:00+07:00,HOSE,22093.7669,22314.704568999998,21872.829231,22093.7669,SYNTHETIC-01,SYN01,2024-11-28,2231470456.9,normal,101000
22066.4757,synthetic,2024-11-29T17:00:00+07:00,HOSE,22066.4757,22287.140456999998,21845.810943,22066.4757,SYNTHETIC-01,SYN01,2024-11-29,2228714045.7,normal,101000
22041.6626,synthetic,2024-12-02T17:00:00+07:00,HOSE,22041.6626,22262.079226,21821.245973999998,22041.6626,SYNTHETIC-01,SYN01,2024-12-02,2226207922.6,normal,101000
22019.5538,synthetic,2024-12-03T17:00:00+07:00,HOSE,22019.5538,22239.749338,21799.358262,22019.5538,SYNTHETIC-01,SYN01,2024-12-03,2223974933.8,normal,101000
22000.3536,synthetic,2024-12-04T17:00:00+07:00,HOSE,22000.3536,22220.357136,21780.350064,22000.3536,SYNTHETIC-01,SYN01,2024-12-04,2222035713.6,normal,101000
21984.2428,synthetic,2024-12-05T17:00:00+07:00,HOSE,21984.2428,22204.085228,21764.400372,21984.2428,SYNTHETIC-01,SYN01,2024-12-05,2220408522.8,normal,101000
21971.3775,synthetic,2024-12-06T17:00:00+07:00,HOSE,21971.3775,22191.091275,21751.663725,21971.3775,SYNTHETIC-01,SYN01,2024-12-06,2219109127.5,normal,101000
21961.888,synthetic,2024-12-09T17:00:00+07:00,HOSE,21961.888,22181.50688,21742.269119999997,21961.888,SYNTHETIC-01,SYN01,2024-12-09,2218150688.0,normal,101000
21955.8784,synthetic,2024-12-10T17:00:00+07:00,HOSE,21955.8784,22175.437184000002,21736.319616,21955.8784,SYNTHETIC-01,SYN01,2024-12-10,2217543718.4,normal,101000
21953.4252,synthetic,2024-12-11T17:00:00+07:00,HOSE,21953.4252,22172.959452000003,21733.890948,21953.4252,SYNTHETIC-01,SYN01,2024-12-11,2217295945.2000003,normal,101000
21954.5774,synthetic,2024-12-12T17:00:00+07:00,HOSE,21954.5774,22174.123174,21735.031625999996,21954.5774,SYNTHETIC-01,SYN01,2024-12-12,2217412317.3999996,normal,101000
21959.356,synthetic,2024-12-13T17:00:00+07:00,HOSE,21959.356,22178.94956,21739.76244,21959.356,SYNTHETIC-01,SYN01,2024-12-13,2217894956.0,normal,101000
21967.7539,synthetic,2024-12-16T17:00:00+07:00,HOSE,21967.7539,22187.431439,21748.076361,21967.7539,SYNTHETIC-01,SYN01,2024-12-16,2218743143.9,normal,101000
21979.7357,synthetic,2024-12-17T17:00:00+07:00,HOSE,21979.7357,22199.533057,21759.938343,21979.7357,SYNTHETIC-01,SYN01,2024-12-17,2219953305.7000003,normal,101000
21995.2382,synthetic,2024-12-18T17:00:00+07:00,HOSE,21995.2382,22215.190582,21775.285818,21995.2382,SYNTHETIC-01,SYN01,2024-12-18,2221519058.2,normal,101000
22014.1707,synthetic,2024-12-19T17:00:00+07:00,HOSE,22014.1707,22234.312406999998,21794.028993,22014.1707,SYNTHETIC-01,SYN01,2024-12-19,2223431240.7,normal,101000
22036.4154,synthetic,2024-12-20T17:00:00+07:00,HOSE,22036.4154,22256.779554,21816.051246000003,22036.4154,SYNTHETIC-01,SYN01,2024-12-20,2225677955.4,normal,101000
22061.8284,synthetic,2024-12-23T17:00:00+07:00,HOSE,22061.8284,22282.446684,21841.210116,22061.8284,SYNTHETIC-01,SYN01,2024-12-23,2228244668.3999996,normal,101000
22090.2404,synthetic,2024-12-24T17:00:00+07:00,HOSE,22090.2404,22311.142804,21869.337996,22090.2404,SYNTHETIC-01,SYN01,2024-12-24,2231114280.4,normal,101000
22121.458,synthetic,2024-12-25T17:00:00+07:00,HOSE,22121.458,22342.67258,21900.24342,22121.458,SYNTHETIC-01,SYN01,2024-12-25,2234267258.0,normal,101000
22155.2647,synthetic,2024-12-26T17:00:00+07:00,HOSE,22155.2647,22376.817347,21933.712053,22155.2647,SYNTHETIC-01,SYN01,2024-12-26,2237681734.7,normal,101000
22191.4227,synthetic,2024-12-27T17:00:00+07:00,HOSE,22191.4227,22413.336927,21969.508472999998,22191.4227,SYNTHETIC-01,SYN01,2024-12-27,2241333692.7,normal,101000
22229.6741,synthetic,2024-12-30T17:00:00+07:00,HOSE,22229.6741,22451.970841000002,22007.377359,22229.6741,SYNTHETIC-01,SYN01,2024-12-30,2245197084.1,normal,101000
22269.7432,synthetic,2024-12-31T17:00:00+07:00,HOSE,22269.7432,22492.440632,22047.045768,22269.7432,SYNTHETIC-01,SYN01,2024-12-31,2249244063.2000003,normal,101000
22311.3381,synthetic,2025-01-01T17:00:00+07:00,HOSE,22311.3381,22534.451481,22088.224719,22311.3381,SYNTHETIC-01,SYN01,2025-01-01,2253445148.1,normal,101000
22354.1531,synthetic,2025-01-02T17:00:00+07:00,HOSE,22354.1531,22577.694631,22130.611569,22354.1531,SYNTHETIC-01,SYN01,2025-01-02,2257769463.1,normal,101000
22397.8708,synthetic,2025-01-03T17:00:00+07:00,HOSE,22397.8708,22621.849508,22173.892092000002,22397.8708,SYNTHETIC-01,SYN01,2025-01-03,2262184950.8,normal,101000
22442.1646,synthetic,2025-01-06T17:00:00+07:00,HOSE,22442.1646,22666.586246,22217.742954,22442.1646,SYNTHETIC-01,SYN01,2025-01-06,2266658624.6,normal,101000
22486.7013,synthetic,2025-01-07T17:00:00+07:00,HOSE,22486.7013,22711.568313,22261.834287,22486.7013,SYNTHETIC-01,SYN01,2025-01-07,2271156831.3,normal,101000
22531.1438,synthetic,2025-01-08T17:00:00+07:00,HOSE,22531.1438,22756.455238000002,22305.832362,22531.1438,SYNTHETIC-01,SYN01,2025-01-08,2275645523.8,normal,101000
22575.1539,synthetic,2025-01-09T17:00:00+07:00,HOSE,22575.1539,22800.905439000002,22349.402361,22575.1539,SYNTHETIC-01,SYN01,2025-01-09,2280090543.9,normal,101000
22618.3949,synthetic,2025-01-10T17:00:00+07:00,HOSE,22618.3949,22844.578848999998,22392.210951,22618.3949,SYNTHETIC-01,SYN01,2025-01-10,2284457884.9,normal,101000
22660.5349,synthetic,2025-01-13T17:00:00+07:00,HOSE,22660.5349,22887.140249,22433.929550999997,22660.5349,SYNTHETIC-01,SYN01,2025-01-13,2288714024.9,normal,101000
22701.2494,synthetic,2025-01-14T17:00:00+07:00,HOSE,22701.2494,22928.261894,22474.236906000002,22701.2494,SYNTHETIC-01,SYN01,2025-01-14,2292826189.4,normal,101000
22740.2242,synthetic,2025-01-15T17:00:00+07:00,HOSE,22740.2242,22967.626442,22512.821958,22740.2242,SYNTHETIC-01,SYN01,2025-01-15,2296762644.2000003,normal,101000
22777.1586,synthetic,2025-01-16T17:00:00+07:00,HOSE,22777.1586,23004.930185999998,22549.387014,22777.1586,SYNTHETIC-01,SYN01,2025-01-16,2300493018.6,normal,101000
22811.7677,synthetic,2025-01-17T17:00:00+07:00,HOSE,22811.7677,23039.885377000002,22583.650023,22811.7677,SYNTHETIC-01,SYN01,2025-01-17,2303988537.7,normal,101000
22843.7853,synthetic,2025-01-20T17:00:00+07:00,HOSE,22843.7853,23072.223153,22615.347447,22843.7853,SYNTHETIC-01,SYN01,2025-01-20,2307222315.3,normal,101000
22872.9668,synthetic,2025-01-21T17:00:00+07:00,HOSE,22872.9668,23101.696468,22644.237132,22872.9668,SYNTHETIC-01,SYN01,2025-01-21,2310169646.7999997,normal,101000
22899.0908,synthetic,2025-01-22T17:00:00+07:00,HOSE,22899.0908,23128.081708,22670.099892000002,22899.0908,SYNTHETIC-01,SYN01,2025-01-22,2312808170.8,normal,101000
22921.962,synthetic,2025-01-23T17:00:00+07:00,HOSE,22921.962,23151.18162,22692.74238,22921.962,SYNTHETIC-01,SYN01,2025-01-23,2315118162.0,normal,101000
22941.4126,synthetic,2025-01-24T17:00:00+07:00,HOSE,22941.4126,23170.826726,22711.998474,22941.4126,SYNTHETIC-01,SYN01,2025-01-24,2317082672.6,normal,101000
22957.3044,synthetic,2025-01-27T17:00:00+07:00,HOSE,22957.3044,23186.877444,22727.731356,22957.3044,SYNTHETIC-01,SYN01,2025-01-27,2318687744.4,normal,101000
22969.5299,synthetic,2025-01-28T17:00:00+07:00,HOSE,22969.5299,23199.225199,22739.834601000002,22969.5299,SYNTHETIC-01,SYN01,2025-01-28,2319922519.9,normal,101000
22978.0136,synthetic,2025-01-29T17:00:00+07:00,HOSE,22978.0136,23207.793736,22748.233463999997,22978.0136,SYNTHETIC-01,SYN01,2025-01-29,2320779373.6,normal,101000
22982.7125,synthetic,2025-01-30T17:00:00+07:00,HOSE,22982.7125,23212.539625,22752.885375,22982.7125,SYNTHETIC-01,SYN01,2025-01-30,2321253962.5,normal,101000
22983.6167,synthetic,2025-01-31T17:00:00+07:00,HOSE,22983.6167,23213.452867,22753.780532999997,22983.6167,SYNTHETIC-01,SYN01,2025-01-31,2321345286.7,normal,101000
22980.7498,synthetic,2025-02-03T17:00:00+07:00,HOSE,22980.7498,23210.557298000003,22750.942302,22980.7498,SYNTHETIC-01,SYN01,2025-02-03,2321055729.8,normal,101000
22974.168,synthetic,2025-02-04T17:00:00+07:00,HOSE,22974.168,23203.90968,22744.426320000002,22974.168,SYNTHETIC-01,SYN01,2025-02-04,2320390968.0,normal,101000
22963.9602,synthetic,2025-02-05T17:00:00+07:00,HOSE,22963.9602,23193.599802,22734.320598000002,22963.9602,SYNTHETIC-01,SYN01,2025-02-05,2319359980.2000003,normal,101000
22950.2467,synthetic,2025-02-06T17:00:00+07:00,HOSE,22950.2467,23179.749166999998,22720.744233,22950.2467,SYNTHETIC-01,SYN01,2025-02-06,2317974916.7,normal,101000
22933.1783,synthetic,2025-02-07T17:00:00+07:00,HOSE,22933.1783,23162.510083,22703.846516999998,22933.1783,SYNTHETIC-01,SYN01,2025-02-07,2316251008.3,normal,101000
22912.9343,synthetic,2025-02-10T17:00:00+07:00,HOSE,22912.9343,23142.063643,22683.804957,22912.9343,SYNTHETIC-01,SYN01,2025-02-10,2314206364.3,normal,101000
22889.7214,synthetic,2025-02-11T17:00:00+07:00,HOSE,22889.7214,23118.618614,22660.824185999998,22889.7214,SYNTHETIC-01,SYN01,2025-02-11,2311861861.3999996,normal,101000
22863.7713,synthetic,2025-02-12T17:00:00+07:00,HOSE,22863.7713,23092.409013,22635.133587,22863.7713,SYNTHETIC-01,SYN01,2025-02-12,2309240901.3,normal,101000
22835.3382,synthetic,2025-02-13T17:00:00+07:00,HOSE,22835.3382,23063.691582,22606.984817999997,22835.3382,SYNTHETIC-01,SYN01,2025-02-13,2306369158.2,normal,101000
22804.6971,synthetic,2025-02-14T17:00:00+07:00,HOSE,22804.6971,23032.744071,22576.650129,22804.6971,SYNTHETIC-01,SYN01,2025-02-14,2303274407.1,normal,101000
22772.1403,synthetic,2025-02-17T17:00:00+07:00,HOSE,22772.1403,22999.861703,22544.418897,22772.1403,SYNTHETIC-01,SYN01,2025-02-17,2299986170.2999997,normal,101000
22737.9756,synthetic,2025-02-18T17:00:00+07:00,HOSE,22737.9756,22965.355356,22510.595844000003,22737.9756,SYNTHETIC-01,SYN01,2025-02-18,2296535535.6000004,normal,101000
22702.5227,synthetic,2025-02-19T17:00:00+07:00,HOSE,22702.5227,22929.547927000003,22475.497473,22702.5227,SYNTHETIC-01,SYN01,2025-02-19,2292954792.7000003,normal,101000
22666.1108,synthetic,2025-02-20T17:00:00+07:00,HOSE,22666.1108,22892.771908,22439.449692,22666.1108,SYNTHETIC-01,SYN01,2025-02-20,2289277190.7999997,normal,101000
22629.0756,synthetic,2025-02-21T17:00:00+07:00,HOSE,22629.0756,22855.366356,22402.784844,22629.0756,SYNTHETIC-01,SYN01,2025-02-21,2285536635.6,normal,101000
22591.7561,synthetic,2025-02-24T17:00:00+07:00,HOSE,22591.7561,22817.673660999997,22365.838539,22591.7561,SYNTHETIC-01,SYN01,2025-02-24,2281767366.1,normal,101000
22554.4922,synthetic,2025-02-25T17:00:00+07:00,HOSE,22554.4922,22780.037122,22328.947278,22554.4922,SYNTHETIC-01,SYN01,2025-02-25,2278003712.2000003,normal,101000
22517.6215,synthetic,2025-02-26T17:00:00+07:00,HOSE,22517.6215,22742.797715,22292.445285,22517.6215,SYNTHETIC-01,SYN01,2025-02-26,2274279771.5,normal,101000
22481.4766,synthetic,2025-02-27T17:00:00+07:00,HOSE,22481.4766,22706.291366,22256.661834000002,22481.4766,SYNTHETIC-01,SYN01,2025-02-27,2270629136.6000004,normal,101000
22446.3827,synthetic,2025-02-28T17:00:00+07:00,HOSE,22446.3827,22670.846526999998,22221.918873,22446.3827,SYNTHETIC-01,SYN01,2025-02-28,2267084652.7,normal,101000
22412.6546,synthetic,2025-03-03T17:00:00+07:00,HOSE,22412.6546,22636.781146,22188.528054000002,22412.6546,SYNTHETIC-01,SYN01,2025-03-03,2263678114.6000004,normal,101000
22380.5949,synthetic,2025-03-04T17:00:00+07:00,HOSE,22380.5949,22604.400849,22156.788951,22380.5949,SYNTHETIC-01,SYN01,2025-03-04,2260440084.9,normal,101000
22350.4912,synthetic,2025-03-05T17:00:00+07:00,HOSE,22350.4912,22573.996112,22126.986288,22350.4912,SYNTHETIC-01,SYN01,2025-03-05,2257399611.2,normal,101000
22322.6143,synthetic,2025-03-06T17:00:00+07:00,HOSE,22322.6143,22545.840443,22099.388157,22322.6143,SYNTHETIC-01,SYN01,2025-03-06,2254584044.3,normal,101000
22297.2161,synthetic,2025-03-07T17:00:00+07:00,HOSE,22297.2161,22520.188261000003,22074.243939,22297.2161,SYNTHETIC-01,SYN01,2025-03-07,2252018826.1000004,normal,101000
22274.5282,synthetic,2025-03-10T17:00:00+07:00,HOSE,22274.5282,22497.273482,22051.782918,22274.5282,SYNTHETIC-01,SYN01,2025-03-10,2249727348.2000003,normal,101000
22254.7596,synthetic,2025-03-11T17:00:00+07:00,HOSE,22254.7596,22477.307196,22032.212004,22254.7596,SYNTHETIC-01,SYN01,2025-03-11,2247730719.6,normal,101000
22238.096,synthetic,2025-03-12T17:00:00+07:00,HOSE,22238.096,22460.47696,22015.715040000003,22238.096,SYNTHETIC-01,SYN01,2025-03-12,2246047696.0,normal,101000
22224.6982,synthetic,2025-03-13T17:00:00+07:00,HOSE,22224.6982,22446.945182,22002.451218,22224.6982,SYNTHETIC-01,SYN01,2025-03-13,2244694518.2,normal,101000
22214.7013,synthetic,2025-03-14T17:00:00+07:00,HOSE,22214.7013,22436.848313000002,21992.554287,22214.7013,SYNTHETIC-01,SYN01,2025-03-14,2243684831.3,normal,101000
22208.2133,synthetic,2025-03-17T17:00:00+07:00,HOSE,22208.2133,22430.295433,21986.131167,22208.2133,SYNTHETIC-01,SYN01,2025-03-17,2243029543.2999997,normal,101000
22205.3151,synthetic,2025-03-18T17:00:00+07:00,HOSE,22205.3151,22427.368251,21983.261949,22205.3151,SYNTHETIC-01,SYN01,2025-03-18,2242736825.1,normal,101000
22206.0594,synthetic,2025-03-19T17:00:00+07:00,HOSE,22206.0594,22428.119993999997,21983.998806,22206.0594,SYNTHETIC-01,SYN01,2025-03-19,2242811999.3999996,normal,101000
22210.4707,synthetic,2025-03-20T17:00:00+07:00,HOSE,22210.4707,22432.575407,21988.365993000003,22210.4707,SYNTHETIC-01,SYN01,2025-03-20,2243257540.7000003,normal,101000
22218.545,synthetic,2025-03-21T17:00:00+07:00,HOSE,22218.545,22440.73045,21996.359549999997,22218.545,SYNTHETIC-01,SYN01,2025-03-21,2244073045.0,normal,101000
22230.25,synthetic,2025-03-24T17:00:00+07:00,HOSE,22230.25,22452.5525,22007.9475,22230.25,SYNTHETIC-01,SYN01,2025-03-24,2245255250.0,normal,101000
22245.5248,synthetic,2025-03-25T17:00:00+07:00,HOSE,22245.5248,22467.980047999998,22023.069552,22245.5248,SYNTHETIC-01,SYN01,2025-03-25,2246798004.7999997,normal,101000
22264.2808,synthetic,2025-03-26T17:00:00+07:00,HOSE,22264.2808,22486.923608,22041.637992,22264.2808,SYNTHETIC-01,SYN01,2025-03-26,2248692360.8,normal,101000
22286.4022,synthetic,2025-03-27T17:00:00+07:00,HOSE,22286.4022,22509.266222000002,22063.538178,22286.4022,SYNTHETIC-01,SYN01,2025-03-27,2250926622.2,normal,101000
22311.7463,synthetic,2025-03-28T17:00:00+07:00,HOSE,22311.7463,22534.863762999998,22088.628837,22311.7463,SYNTHETIC-01,SYN01,2025-03-28,2253486376.2999997,normal,101000
22340.1447,synthetic,2025-03-31T17:00:00+07:00,HOSE,22340.1447,22563.546147,22116.743253,22340.1447,SYNTHETIC-01,SYN01,2025-03-31,2256354614.7000003,normal,101000
22371.4046,synthetic,2025-04-01T17:00:00+07:00,HOSE,22371.4046,22595.118646000003,22147.690554,22371.4046,SYNTHETIC-01,SYN01,2025-04-01,2259511864.6000004,normal,101000
22405.3096,synthetic,2025-04-02T17:00:00+07:00,HOSE,22405.3096,22629.362696,22181.256504,22405.3096,SYNTHETIC-01,SYN01,2025-04-02,2262936269.6,normal,101000
22441.6216,synthetic,2025-04-03T17:00:00+07:00,HOSE,22441.6216,22666.037816,22217.205383999997,22441.6216,SYNTHETIC-01,SYN01,2025-04-03,2266603781.6,normal,101000
22480.082,synthetic,2025-04-04T17:00:00+07:00,HOSE,22480.082,22704.88282,22255.281179999998,22480.082,SYNTHETIC-01,SYN01,2025-04-04,2270488282.0,normal,101000
22520.4139,synthetic,2025-04-07T17:00:00+07:00,HOSE,22520.4139,22745.618039,22295.209761,22520.4139,SYNTHETIC-01,SYN01,2025-04-07,2274561803.9,normal,101000
22562.3238,synthetic,2025-04-08T17:00:00+07:00,HOSE,22562.3238,22787.947038,22336.700561999998,22562.3238,SYNTHETIC-01,SYN01,2025-04-08,2278794703.7999997,normal,101000
22605.5041,synthetic,2025-04-09T17:00:00+07:00,HOSE,22605.5041,22831.559140999998,22379.449059,22605.5041,SYNTHETIC-01,SYN01,2025-04-09,2283155914.1,normal,101000
22649.6348,synthetic,2025-04-10T17:00:00+07:00,HOSE,22649.6348,22876.131148,22423.138452,22649.6348,SYNTHETIC-01,SYN01,2025-04-10,2287613114.8,normal,101000
22694.3866,synthetic,2025-04-11T17:00:00+07:00,HOSE,22694.3866,22921.330466000003,22467.442734,22694.3866,SYNTHETIC-01,SYN01,2025-04-11,2292133046.6000004,normal,101000
22739.4232,synthetic,2025-04-14T17:00:00+07:00,HOSE,22739.4232,22966.817432,22512.028968000002,22739.4232,SYNTHETIC-01,SYN01,2025-04-14,2296681743.2000003,normal,101000
22784.4038,synthetic,2025-04-15T17:00:00+07:00,HOSE,22784.4038,23012.247838,22556.559762,22784.4038,SYNTHETIC-01,SYN01,2025-04-15,2301224783.8,normal,101000
22828.9863,synthetic,2025-04-16T17:00:00+07:00,HOSE,22828.9863,23057.276163000002,22600.696437,22828.9863,SYNTHETIC-01,SYN01,2025-04-16,2305727616.3,normal,101000
22872.83,synthetic,2025-04-17T17:00:00+07:00,HOSE,22872.83,23101.5583,22644.101700000003,22872.83,SYNTHETIC-01,SYN01,2025-04-17,2310155830.0,normal,101000
22915.5983,synthetic,2025-04-18T17:00:00+07:00,HOSE,22915.5983,23144.754283000002,22686.442317,22915.5983,SYNTHETIC-01,SYN01,2025-04-18,2314475428.3,normal,101000
22956.962,synthetic,2025-04-21T17:00:00+07:00,HOSE,22956.962,23186.531619999998,22727.39238,22956.962,SYNTHETIC-01,SYN01,2025-04-21,2318653162.0,normal,101000
22996.6021,synthetic,2025-04-22T17:00:00+07:00,HOSE,22996.6021,23226.568121,22766.636079,22996.6021,SYNTHETIC-01,SYN01,2025-04-22,2322656812.1,normal,101000
23034.2125,synthetic,2025-04-23T17:00:00+07:00,HOSE,23034.2125,23264.554625,22803.870375000002,23034.2125,SYNTHETIC-01,SYN01,2025-04-23,2326455462.5,normal,101000
23069.5031,synthetic,2025-04-24T17:00:00+07:00,HOSE,23069.5031,23300.198131,22838.808069000002,23069.5031,SYNTHETIC-01,SYN01,2025-04-24,2330019813.1000004,normal,101000
23102.2026,synthetic,2025-04-25T17:00:00+07:00,HOSE,23102.2026,23333.224626,22871.180574,23102.2026,SYNTHETIC-01,SYN01,2025-04-25,2333322462.6,normal,101000
23132.0606,synthetic,2025-04-28T17:00:00+07:00,HOSE,23132.0606,23363.381206000002,22900.739994,23132.0606,SYNTHETIC-01,SYN01,2025-04-28,2336338120.6,normal,101000
23158.8505,synthetic,2025-04-29T17:00:00+07:00,HOSE,23158.8505,23390.439005,22927.261995,23158.8505,SYNTHETIC-01,SYN01,2025-04-29,2339043900.5,normal,101000
23182.3717,synthetic,2025-04-30T17:00:00+07:00,HOSE,23182.3717,23414.195417,22950.547983,23182.3717,SYNTHETIC-01,SYN01,2025-04-30,2341419541.7,normal,101000
23202.4511,synthetic,2025-05-01T17:00:00+07:00,HOSE,23202.4511,23434.475610999998,22970.426589,23202.4511,SYNTHETIC-01,SYN01,2025-05-01,2343447561.1,normal,101000
23218.9454,synthetic,2025-05-02T17:00:00+07:00,HOSE,23218.9454,23451.134854,22986.755946,23218.9454,SYNTHETIC-01,SYN01,2025-05-02,2345113485.4,normal,101000
23231.7423,synthetic,2025-05-05T17:00:00+07:00,HOSE,23231.7423,23464.059723000002,22999.424877,23231.7423,SYNTHETIC-01,SYN01,2025-05-05,2346405972.3,normal,101000
23240.7615,synthetic,2025-05-06T17:00:00+07:00,HOSE,23240.7615,23473.169115,23008.353885,23240.7615,SYNTHETIC-01,SYN01,2025-05-06,2347316911.5,normal,101000
23245.9558,synthetic,2025-05-07T17:00:00+07:00,HOSE,23245.9558,23478.415358,23013.496242,23245.9558,SYNTHETIC-01,SYN01,2025-05-07,2347841535.8,normal,101000
23247.3114,synthetic,2025-05-08T17:00:00+07:00,HOSE,23247.3114,23479.784514,23014.838286,23247.3114,SYNTHETIC-01,SYN01,2025-05-08,2347978451.4,normal,101000
23244.8481,synthetic,2025-05-09T17:00:00+07:00,HOSE,23244.8481,23477.296581,23012.399619,23244.8481,SYNTHETIC-01,SYN01,2025-05-09,2347729658.1,normal,101000
23238.6191,synthetic,2025-05-12T17:00:00+07:00,HOSE,23238.6191,23471.005291,23006.232909,23238.6191,SYNTHETIC-01,SYN01,2025-05-12,2347100529.1,normal,101000
23228.7105,synthetic,2025-05-13T17:00:00+07:00,HOSE,23228.7105,23460.997605,22996.423395,23228.7105,SYNTHETIC-01,SYN01,2025-05-13,2346099760.5,normal,101000
23215.2405,synthetic,2025-05-14T17:00:00+07:00,HOSE,23215.2405,23447.392905,22983.088095,23215.2405,SYNTHETIC-01,SYN01,2025-05-14,2344739290.5,normal,101000
23198.3579,synthetic,2025-05-15T17:00:00+07:00,HOSE,23198.3579,23430.341479,22966.374321,23198.3579,SYNTHETIC-01,SYN01,2025-05-15,2343034147.9,normal,101000
23178.2412,synthetic,2025-05-16T17:00:00+07:00,HOSE,23178.2412,23410.023612,22946.458788,23178.2412,SYNTHETIC-01,SYN01,2025-05-16,2341002361.2,normal,101000
23155.0961,synthetic,2025-05-19T17:00:00+07:00,HOSE,23155.0961,23386.647061,22923.545138999998,23155.0961,SYNTHETIC-01,SYN01,2025-05-19,2338664706.1,normal,101000
23129.1541,synthetic,2025-05-20T17:00:00+07:00,HOSE,23129.1541,23360.445641,22897.862559,23129.1541,SYNTHETIC-01,SYN01,2025-05-20,2336044564.1,normal,101000
23100.6701,synthetic,2025-05-21T17:00:00+07:00,HOSE,23100.6701,23331.676800999998,22869.663399,23100.6701,SYNTHETIC-01,SYN01,2025-05-21,2333167680.1,normal,101000
23069.9196,synthetic,2025-05-22T17:00:00+07:00,HOSE,23069.9196,23300.618796000002,22839.220404,23069.9196,SYNTHETIC-01,SYN01,2025-05-22,2330061879.6,normal,101000
23037.1968,synthetic,2025-05-23T17:00:00+07:00,HOSE,23037.1968,23267.568768,22806.824832000002,23037.1968,SYNTHETIC-01,SYN01,2025-05-23,2326756876.8,normal,101000
23002.8111,synthetic,2025-05-26T17:00:00+07:00,HOSE,23002.8111,23232.839211,22772.782989,23002.8111,SYNTHETIC-01,SYN01,2025-05-26,2323283921.1,normal,101000
22967.0847,synthetic,2025-05-27T17:00:00+07:00,HOSE,22967.0847,23196.755547,22737.413853,22967.0847,SYNTHETIC-01,SYN01,2025-05-27,2319675554.7,normal,101000
22930.3496,synthetic,2025-05-28T17:00:00+07:00,HOSE,22930.3496,23159.653096000002,22701.046104,22930.3496,SYNTHETIC-01,SYN01,2025-05-28,2315965309.6,normal,101000
22892.9447,synthetic,2025-05-29T17:00:00+07:00,HOSE,22892.9447,23121.874147,22664.015253,22892.9447,SYNTHETIC-01,SYN01,2025-05-29,2312187414.7,normal,101000
22855.2128,synthetic,2025-05-30T17:00:00+07:00,HOSE,22855.2128,23083.764928,22626.660672,22855.2128,SYNTHETIC-01,SYN01,2025-05-30,2308376492.8,normal,101000
22817.4976,synthetic,2025-06-02T17:00:00+07:00,HOSE,22817.4976,23045.672575999997,22589.322624,22817.4976,SYNTHETIC-01,SYN01,2025-06-02,2304567257.6,normal,101000
22780.141,synthetic,2025-06-03T17:00:00+07:00,HOSE,22780.141,23007.94241,22552.33959,22780.141,SYNTHETIC-01,SYN01,2025-06-03,2300794241.0,normal,101000
22743.4802,synthetic,2025-06-04T17:00:00+07:00,HOSE,22743.4802,22970.915002,22516.045398000002,22743.4802,SYNTHETIC-01,SYN01,2025-06-04,2297091500.2000003,normal,101000
22707.845,synthetic,2025-06-05T17:00:00+07:00,HOSE,22707.845,22934.923450000002,22480.76655,22707.845,SYNTHETIC-01,SYN01,2025-06-05,2293492345.0,normal,101000
22673.5553,synthetic,2025-06-06T17:00:00+07:00,HOSE,22673.5553,22900.290853,22446.819747,22673.5553,SYNTHETIC-01,SYN01,2025-06-06,2290029085.3,normal,101000
22640.9187,synthetic,2025-06-09T17:00:00+07:00,HOSE,22640.9187,22867.327887,22414.509512999997,22640.9187,SYNTHETIC-01,SYN01,2025-06-09,2286732788.7,normal,101000
22610.2278,synthetic,2025-06-10T17:00:00+07:00,HOSE,22610.2278,22836.330078,22384.125522000002,22610.2278,SYNTHETIC-01,SYN01,2025-06-10,2283633007.8,normal,101000
22581.7587,synthetic,2025-06-11T17:00:00+07:00,HOSE,22581.7587,22807.576287,22355.941112999997,22581.7587,SYNTHETIC-01,SYN01,2025-06-11,2280757628.7,normal,101000
22555.7685,synthetic,2025-06-12T17:00:00+07:00,HOSE,22555.7685,22781.326184999998,22330.210815,22555.7685,SYNTHETIC-01,SYN01,2025-06-12,2278132618.5,normal,101000
22532.4938,synthetic,2025-06-13T17:00:00+07:00,HOSE,22532.4938,22757.818738,22307.168862,22532.4938,SYNTHETIC-01,SYN01,2025-06-13,2275781873.8,normal,101000
22512.1488,synthetic,2025-06-16T17:00:00+07:00,HOSE,22512.1488,22737.270288,22287.027312,22512.1488,SYNTHETIC-01,SYN01,2025-06-16,2273727028.7999997,normal,101000
22494.924,synthetic,2025-06-17T17:00:00+07:00,HOSE,22494.924,22719.87324,22269.974759999997,22494.924,SYNTHETIC-01,SYN01,2025-06-17,2271987324.0,normal,101000
22480.9851,synthetic,2025-06-18T17:00:00+07:00,HOSE,22480.9851,22705.794951000003,22256.175249,22480.9851,SYNTHETIC-01,SYN01,2025-06-18,2270579495.1000004,normal,101000
22470.4717,synthetic,2025-06-19T17:00:00+07:00,HOSE,22470.4717,22695.176417,22245.766982999998,22470.4717,SYNTHETIC-01,SYN01,2025-06-19,2269517641.7,normal,101000
22463.4964,synthetic,2025-06-20T17:00:00+07:00,HOSE,22463.4964,22688.131364,22238.861436,22463.4964,SYNTHETIC-01,SYN01,2025-06-20,2268813136.4,normal,101000
22460.1439,synthetic,2025-06-23T17:00:00+07:00,HOSE,22460.1439,22684.745339,22235.542460999997,22460.1439,SYNTHETIC-01,SYN01,2025-06-23,2268474533.9,normal,101000
22460.4711,synthetic,2025-06-24T17:00:00+07:00,HOSE,22460.4711,22685.075811,22235.866389,22460.4711,SYNTHETIC-01,SYN01,2025-06-24,2268507581.1,normal,101000
22464.506,synthetic,2025-06-25T17:00:00+07:00,HOSE,22464.506,22689.15106,22239.860940000002,22464.506,SYNTHETIC-01,SYN01,2025-06-25,2268915106.0,normal,101000
22472.2479,synthetic,2025-06-26T17:00:00+07:00,HOSE,22472.2479,22696.970379,22247.525421,22472.2479,SYNTHETIC-01,SYN01,2025-06-26,2269697037.8999996,normal,101000
22483.6672,synthetic,2025-06-27T17:00:00+07:00,HOSE,22483.6672,22708.503872,22258.830528,22483.6672,SYNTHETIC-01,SYN01,2025-06-27,2270850387.2,normal,101000
22498.7058,synthetic,2025-06-30T17:00:00+07:00,HOSE,22498.7058,22723.692858,22273.718742,22498.7058,SYNTHETIC-01,SYN01,2025-06-30,2272369285.8,normal,101000
23422.1034,synthetic,2024-01-01T17:00:00+07:00,HOSE,23422.1034,23656.324434000002,23187.882365999998,23422.1034,SYNTHETIC-02,SYN02,2024-01-01,2389054546.8,normal,102000
23406.8679,synthetic,2024-01-02T17:00:00+07:00,HOSE,23406.8679,23640.936579,23172.799221,23406.8679,SYNTHETIC-02,SYN02,2024-01-02,2387500525.8,normal,102000
23388.2898,synthetic,2024-01-03T17:00:00+07:00,HOSE,23388.2898,23622.172698,23154.406902,23388.2898,SYNTHETIC-02,SYN02,2024-01-03,2385605559.6,normal,102000
23366.5649,synthetic,2024-01-04T17:00:00+07:00,HOSE,23366.5649,23600.230549,23132.899251000003,23366.5649,SYNTHETIC-02,SYN02,2024-01-04,2383389619.8,normal,102000
23341.9161,synthetic,2024-01-05T17:00:00+07:00,HOSE,23341.9161,23575.335261,23108.496938999997,23341.9161,SYNTHETIC-02,SYN02,2024-01-05,2380875442.2,normal,102000
23314.5903,synthetic,2024-01-08T17:00:00+07:00,HOSE,23314.5903,23547.736203,23081.444397,23314.5903,SYNTHETIC-02,SYN02,2024-01-08,2378088210.6,normal,102000
23284.857,synthetic,2024-01-09T17:00:00+07:00,HOSE,23284.857,23517.705570000002,23052.008429999998,23284.857,SYNTHETIC-02,SYN02,2024-01-09,2375055414.0,normal,102000
23253.005,synthetic,2024-01-10T17:00:00+07:00,HOSE,23253.005,23485.535050000002,23020.47495,23253.005,SYNTHETIC-02,SYN02,2024-01-10,2371806510.0,normal,102000
23219.3403,synthetic,2024-01-11T17:00:00+07:00,HOSE,23219.3403,23451.533703,22987.146897,23219.3403,SYNTHETIC-02,SYN02,2024-01-11,2368372710.6,normal,102000
23184.1827,synthetic,2024-01-12T17:00:00+07:00,HOSE,23184.1827,23416.024527,22952.340873,23184.1827,SYNTHETIC-02,SYN02,2024-01-12,2364786635.4,normal,102000
23147.8631,synthetic,2024-01-15T17:00:00+07:00,HOSE,23147.8631,23379.341731,22916.384468999997,23147.8631,SYNTHETIC-02,SYN02,2024-01-15,2361082036.2,normal,102000
23110.7209,synthetic,2024-01-16T17:00:00+07:00,HOSE,23110.7209,23341.828109000002,22879.613691,23110.7209,SYNTHETIC-02,SYN02,2024-01-16,2357293531.8,normal,102000
23073.1004,synthetic,2024-01-17T17:00:00+07:00,HOSE,23073.1004,23303.831404,22842.369396,23073.1004,SYNTHETIC-02,SYN02,2024-01-17,2353456240.7999997,normal,102000
23035.3484,synthetic,2024-01-18T17:00:00+07:00,HOSE,23035.3484,23265.701884,22804.994916,23035.3484,SYNTHETIC-02,SYN02,2024-01-18,2349605536.7999997,normal,102000
22997.8109,synthetic,2024-01-19T17:00:00+07:00,HOSE,22997.8109,23227.789009,22767.832791,22997.8109,SYNTHETIC-02,SYN02,2024-01-19,2345776711.8,normal,102000
22960.8305,synthetic,2024-01-22T17:00:00+07:00,HOSE,22960.8305,23190.438805,22731.222195,22960.8305,SYNTHETIC-02,SYN02,2024-01-22,2342004711.0,normal,102000
22924.7435,synthetic,2024-01-23T17:00:00+07:00,HOSE,22924.7435,23153.990935,22695.496065,22924.7435,SYNTHETIC-02,SYN02,2024-01-23,2338323837.0,normal,102000
22889.8771,synthetic,2024-01-24T17:00:00+07:00,HOSE,22889.8771,23118.775871,22660.978329,22889.8771,SYNTHETIC-02,SYN02,2024-01-24,2334767464.2000003,normal,102000
22856.5474,synthetic,2024-01-25T17:00:00+07:00,HOSE,22856.5474,23085.112874,22627.981926,22856.5474,SYNTHETIC-02,SYN02,2024-01-25,2331367834.7999997,normal,102000
22825.0563,synthetic,2024-01-26T17:00:00+07:00,HOSE,22825.0563,23053.306863,22596.805737,22825.0563,SYNTHETIC-02,SYN02,2024-01-26,2328155742.6,normal,102000
22795.6897,synthetic,2024-01-29T17:00:00+07:00,HOSE,22795.6897,23023.646597,22567.732803,22795.6897,SYNTHETIC-02,SYN02,2024-01-29,2325160349.4,normal,102000
22768.7157,synthetic,2024-01-30T17:00:00+07:00,HOSE,22768.7157,22996.402857,22541.028543,22768.7157,SYNTHETIC-02,SYN02,2024-01-30,2322409001.4,normal,102000
22744.3819,synthetic,2024-01-31T17:00:00+07:00,HOSE,22744.3819,22971.825719,22516.938081,22744.3819,SYNTHETIC-02,SYN02,2024-01-31,2319926953.8,normal,102000
22722.9144,synthetic,2024-02-01T17:00:00+07:00,HOSE,22722.9144,22950.143544000002,22495.685256,22722.9144,SYNTHETIC-02,SYN02,2024-02-01,2317737268.8,normal,102000
22704.516,synthetic,2024-02-02T17:00:00+07:00,HOSE,22704.516,22931.56116,22477.470839999998,22704.516,SYNTHETIC-02,SYN02,2024-02-02,2315860632.0,normal,102000
22689.3648,synthetic,2024-02-05T17:00:00+07:00,HOSE,22689.3648,22916.258448,22462.471152,22689.3648,SYNTHETIC-02,SYN02,2024-02-05,2314315209.6,normal,102000
22677.6129,synthetic,2024-02-06T17:00:00+07:00,HOSE,22677.6129,22904.389029,22450.836771,22677.6129,SYNTHETIC-02,SYN02,2024-02-06,2313116515.8,normal,102000
22669.3859,synthetic,2024-02-07T17:00:00+07:00,HOSE,22669.3859,22896.079759,22442.692041000002,22669.3859,SYNTHETIC-02,SYN02,2024-02-07,2312277361.8,normal,102000
22664.7814,synthetic,2024-02-08T17:00:00+07:00,HOSE,22664.7814,22891.429214,22438.133586,22664.7814,SYNTHETIC-02,SYN02,2024-02-08,2311807702.8,normal,102000
22663.8691,synthetic,2024-02-09T17:00:00+07:00,HOSE,22663.8691,22890.507791,22437.230409,22663.8691,SYNTHETIC-02,SYN02,2024-02-09,2311714648.2,normal,102000
22666.6897,synthetic,2024-02-12T17:00:00+07:00,HOSE,22666.6897,22893.356596999998,22440.022803,22666.6897,SYNTHETIC-02,SYN02,2024-02-12,2312002349.4,normal,102000
22673.2549,synthetic,2024-02-13T17:00:00+07:00,HOSE,22673.2549,22899.987449,22446.522351,22673.2549,SYNTHETIC-02,SYN02,2024-02-13,2312671999.8,normal,102000
22683.5476,synthetic,2024-02-14T17:00:00+07:00,HOSE,22683.5476,22910.383076000002,22456.712124,22683.5476,SYNTHETIC-02,SYN02,2024-02-14,2313721855.2000003,normal,102000
22697.5214,synthetic,2024-02-15T17:00:00+07:00,HOSE,22697.5214,22924.496614000003,22470.546186,22697.5214,SYNTHETIC-02,SYN02,2024-02-15,2315147182.8,normal,102000
22715.1014,synthetic,2024-02-16T17:00:00+07:00,HOSE,22715.1014,22942.252414,22487.950386,22715.1014,SYNTHETIC-02,SYN02,2024-02-16,2316940342.8,normal,102000
22736.1844,synthetic,2024-02-19T17:00:00+07:00,HOSE,22736.1844,22963.546243999997,22508.822556,22736.1844,SYNTHETIC-02,SYN02,2024-02-19,2319090808.7999997,normal,102000
22760.6396,synthetic,2024-02-20T17:00:00+07:00,HOSE,22760.6396,22988.245995999998,22533.033204,22760.6396,SYNTHETIC-02,SYN02,2024-02-20,2321585239.2,normal,102000
22788.3092,synthetic,2024-02-21T17:00:00+07:00,HOSE,22788.3092,23016.192292,22560.426108,22788.3092,SYNTHETIC-02,SYN02,2024-02-21,2324407538.4,normal,102000
22819.01,synthetic,2024-02-22T17:00:00+07:00,HOSE,22819.01,23047.2001,22590.8199,22819.01,SYNTHETIC-02,SYN02,2024-02-22,2327539020.0,normal,102000
22852.534,synthetic,2024-02-23T17:00:00+07:00,HOSE,22852.534,23081.05934,22624.00866,22852.534,SYNTHETIC-02,SYN02,2024-02-23,2330958468.0,normal,102000
22888.65,synthetic,2024-02-26T17:00:00+07:00,HOSE,22888.65,23117.536500000002,22659.7635,22888.65,SYNTHETIC-02,SYN02,2024-02-26,2334642300.0,normal,102000
22927.1052,synthetic,2024-02-27T17:00:00+07:00,HOSE,22927.1052,23156.376252000002,22697.834148,22927.1052,SYNTHETIC-02,SYN02,2024-02-27,2338564730.4,normal,102000
22967.6269,synthetic,2024-02-28T17:00:00+07:00,HOSE,22967.6269,23197.303169,22737.950631,22967.6269,SYNTHETIC-02,SYN02,2024-02-28,2342697943.7999997,normal,102000
23009.9245,synthetic,2024-02-29T17:00:00+07:00,HOSE,23009.9245,23240.023745000002,22779.825255,23009.9245,SYNTHETIC-02,SYN02,2024-02-29,2347012299.0,normal,102000
23053.6914,synthetic,2024-03-01T17:00:00+07:00,HOSE,23053.6914,23284.228314,22823.154486,23053.6914,SYNTHETIC-02,SYN02,2024-03-01,2351476522.8,normal,102000
23098.6077,synthetic,2024-03-04T17:00:00+07:00,HOSE,23098.6077,23329.593777000002,22867.621623,23098.6077,SYNTHETIC-02,SYN02,2024-03-04,2356057985.4,normal,102000
23144.342,synthetic,2024-03-05T17:00:00+07:00,HOSE,23144.342,23375.78542,22912.89858,23144.342,SYNTHETIC-02,SYN02,2024-03-05,2360722884.0,normal,102000
23190.5544,synthetic,2024-03-06T17:00:00+07:00,HOSE,23190.5544,23422.459944000002,22958.648856,23190.5544,SYNTHETIC-02,SYN02,2024-03-06,2365436548.8,normal,102000
23236.8993,synthetic,2024-03-07T17:00:00+07:00,HOSE,23236.8993,23469.268293,23004.530307,23236.8993,SYNTHETIC-02,SYN02,2024-03-07,2370163728.6,normal,102000
23283.0277,synthetic,2024-03-08T17:00:00+07:00,HOSE,23283.0277,23515.857977,23050.197422999998,23283.0277,SYNTHETIC-02,SYN02,2024-03-08,2374868825.4,normal,102000
23328.5906,synthetic,2024-03-11T17:00:00+07:00,HOSE,23328.5906,23561.876506,23095.304694,23328.5906,SYNTHETIC-02,SYN02,2024-03-11,2379516241.2,normal,102000
23373.2417,synthetic,2024-03-12T17:00:00+07:00,HOSE,23373.2417,23606.974116999998,23139.509283,23373.2417,SYNTHETIC-02,SYN02,2024-03-12,2384070653.4,normal,102000
23416.6404,synthetic,2024-03-13T17:00:00+07:00,HOSE,23416.6404,23650.806804,23182.473996,23416.6404,SYNTHETIC-02,SYN02,2024-03-13,2388497320.8,normal,102000
23458.4548,synthetic,2024-03-14T17:00:00+07:00,HOSE,23458.4548,23693.039348,23223.870252,23458.4548,SYNTHETIC-02,SYN02,2024-03-14,2392762389.6,normal,102000
23498.365,synthetic,2024-03-15T17:00:00+07:00,HOSE,23498.365,23733.348650000004,23263.38135,23498.365,SYNTHETIC-02,SYN02,2024-03-15,2396833230.0,normal,102000
23536.0655,synthetic,2024-03-18T17:00:00+07:00,HOSE,23536.0655,23771.426155,23300.704845,23536.0655,SYNTHETIC-02,SYN02,2024-03-18,2400678681.0,normal,102000
23571.2685,synthetic,2024-03-19T17:00:00+07:00,HOSE,23571.2685,23806.981184999997,23335.555815,23571.2685,SYNTHETIC-02,SYN02,2024-03-19,2404269387.0,normal,102000
23603.7062,synthetic,2024-03-20T17:00:00+07:00,HOSE,23603.7062,23839.743262,23367.669138,23603.7062,SYNTHETIC-02,SYN02,2024-03-20,2407578032.4,normal,102000
23633.1339,synthetic,2024-03-21T17:00:00+07:00,HOSE,23633.1339,23869.465239,23396.802561,23633.1339,SYNTHETIC-02,SYN02,2024-03-21,2410579657.8,normal,102000
23659.3319,synthetic,2024-03-22T17:00:00+07:00,HOSE,23659.3319,23895.925219,23422.738581,23659.3319,SYNTHETIC-02,SYN02,2024-03-22,2413251853.8,normal,102000
23682.1079,synthetic,2024-03-25T17:00:00+07:00,HOSE,23682.1079,23918.928979,23445.286820999998,23682.1079,SYNTHETIC-02,SYN02,2024-03-25,2415575005.7999997,normal,102000
23701.2989,synthetic,2024-03-26T17:00:00+07:00,HOSE,23701.2989,23938.311889,23464.285911000003,23701.2989,SYNTHETIC-02,SYN02,2024-03-26,2417532487.8,normal,102000
23716.7727,synthetic,2024-03-27T17:00:00+07:00,HOSE,23716.7727,23953.940427,23479.604973,23716.7727,SYNTHETIC-02,SYN02,2024-03-27,2419110815.4,normal,102000
23728.4293,synthetic,2024-03-28T17:00:00+07:00,HOSE,23728.4293,23965.713593,23491.145007,23728.4293,SYNTHETIC-02,SYN02,2024-03-28,2420299788.6,normal,102000
23736.2022,synthetic,2024-03-29T17:00:00+07:00,HOSE,23736.2022,23973.564222,23498.840178,23736.2022,SYNTHETIC-02,SYN02,2024-03-29,2421092624.4,normal,102000
23740.0585,synthetic,2024-04-01T17:00:00+07:00,HOSE,23740.0585,23977.459085,23502.657915,23740.0585,SYNTHETIC-02,SYN02,2024-04-01,2421485967.0,normal,102000
23739.9998,synthetic,2024-04-02T17:00:00+07:00,HOSE,23739.9998,23977.399798000002,23502.599802,23739.9998,SYNTHETIC-02,SYN02,2024-04-02,2421479979.6000004,normal,102000
23736.0619,synthetic,2024-04-03T17:00:00+07:00,HOSE,23736.0619,23973.422519,23498.701281,23736.0619,SYNTHETIC-02,SYN02,2024-04-03,2421078313.8,normal,102000
23728.3145,synthetic,2024-04-04T17:00:00+07:00,HOSE,23728.3145,23965.597645,23491.031355,23728.3145,SYNTHETIC-02,SYN02,2024-04-04,2420288079.0,normal,102000
23716.8605,synthetic,2024-04-05T17:00:00+07:00,HOSE,23716.8605,23954.029104999998,23479.691895,23716.8605,SYNTHETIC-02,SYN02,2024-04-05,2419119771.0,normal,102000
23701.8351,synthetic,2024-04-08T17:00:00+07:00,HOSE,23701.8351,23938.853451,23464.816749,23701.8351,SYNTHETIC-02,SYN02,2024-04-08,2417587180.2,normal,102000
23683.4042,synthetic,2024-04-09T17:00:00+07:00,HOSE,23683.4042,23920.238242,23446.570158000002,23683.4042,SYNTHETIC-02,SYN02,2024-04-09,2415707228.4,normal,102000
23661.763,synthetic,2024-04-10T17:00:00+07:00,HOSE,23661.763,23898.38063,23425.14537,23661.763,SYNTHETIC-02,SYN02,2024-04-10,2413499826.0,normal,102000
23637.1338,synthetic,2024-04-11T17:00:00+07:00,HOSE,23637.1338,23873.505138,23400.762462,23637.1338,SYNTHETIC-02,SYN02,2024-04-11,2410987647.6,normal,102000
23609.7643,synthetic,2024-04-12T17:00:00+07:00,HOSE,23609.7643,23845.861943,23373.666656999998,23609.7643,SYNTHETIC-02,SYN02,2024-04-12,2408195958.6,normal,102000
23579.9246,synthetic,2024-04-15T17:00:00+07:00,HOSE,23579.9246,23815.723845999997,23344.125354,23579.9246,SYNTHETIC-02,SYN02,2024-04-15,2405152309.2,normal,102000
23547.9053,synthetic,2024-04-16T17:00:00+07:00,HOSE,23547.9053,23783.384352999998,23312.426247,23547.9053,SYNTHETIC-02,SYN02,2024-04-16,2401886340.6,normal,102000
23514.014,synthetic,2024-04-17T17:00:00+07:00,HOSE,23514.014,23749.15414,23278.87386,23514.014,SYNTHETIC-02,SYN02,2024-04-17,2398429428.0,normal,102000
23478.5733,synthetic,2024-04-18T17:00:00+07:00,HOSE,23478.5733,23713.359033,23243.787567,23478.5733,SYNTHETIC-02,SYN02,2024-04-18,2394814476.6,normal,102000
23441.917,synthetic,2024-04-19T17:00:00+07:00,HOSE,23441.917,23676.336170000002,23207.49783,23441.917,SYNTHETIC-02,SYN02,2024-04-19,2391075534.0,normal,102000
23404.388,synthetic,2024-04-22T17:00:00+07:00,HOSE,23404.388,23638.43188,23170.344119999998,23404.388,SYNTHETIC-02,SYN02,2024-04-22,2387247576.0,normal,102000
23366.3344,synthetic,2024-04-23T17:00:00+07:00,HOSE,23366.3344,23599.997744,23132.671056,23366.3344,SYNTHETIC-02,SYN02,2024-04-23,2383366108.8,normal,102000
23328.1073,synthetic,2024-04-24T17:00:00+07:00,HOSE,23328.1073,23561.388373,23094.826226999998,23328.1073,SYNTHETIC-02,SYN02,2024-04-24,2379466944.6,normal,102000
23290.0572,synthetic,2024-04-25T17:00:00+07:00,HOSE,23290.0572,23522.957771999998,23057.156628,23290.0572,SYNTHETIC-02,SYN02,2024-04-25,2375585834.4,normal,102000
23252.5315,synthetic,2024-04-26T17:00:00+07:00,HOSE,23252.5315,23485.056815,23020.006185000002,23252.5315,SYNTHETIC-02,SYN02,2024-04-26,2371758213.0,normal,102000
23215.8716,synthetic,2024-04-29T17:00:00+07:00,HOSE,23215.8716,23448.030316,22983.712883999997,23215.8716,SYNTHETIC-02,SYN02,2024-04-29,2368018903.2,normal,102000
23180.41,synthetic,2024-04-30T17:00:00+07:00,HOSE,23180.41,23412.2141,22948.6059,23180.41,SYNTHETIC-02,SYN02,2024-04-30,2364401820.0,normal,102000
23146.4682,synthetic,2024-05-01T17:00:00+07:00,HOSE,23146.4682,23377.932882,22915.003517999998,23146.4682,SYNTHETIC-02,SYN02,2024-05-01,2360939756.4,normal,102000
23114.3536,synthetic,2024-05-02T17:00:00+07:00,HOSE,23114.3536,23345.497135999998,22883.210064,23114.3536,SYNTHETIC-02,SYN02,2024-05-02,2357664067.2,normal,102000
23084.3579,synthetic,2024-05-03T17:00:00+07:00,HOSE,23084.3579,23315.201479,22853.514321,23084.3579,SYNTHETIC-02,SYN02,2024-05-03,2354604505.7999997,normal,102000
23056.7543,synthetic,2024-05-06T17:00:00+07:00,HOSE,23056.7543,23287.321843,22826.186757,23056.7543,SYNTHETIC-02,SYN02,2024-05-06,2351788938.6,normal,102000
23031.7963,synthetic,2024-05-07T17:00:00+07:00,HOSE,23031.7963,23262.114263000003,22801.478337,23031.7963,SYNTHETIC-02,SYN02,2024-05-07,2349243222.6000004,normal,102000
23009.7153,synthetic,2024-05-08T17:00:00+07:00,HOSE,23009.7153,23239.812453,22779.618147,23009.7153,SYNTHETIC-02,SYN02,2024-05-08,2346990960.6,normal,102000
22990.7194,synthetic,2024-05-09T17:00:00+07:00,HOSE,22990.7194,23220.626594,22760.812206000002,22990.7194,SYNTHETIC-02,SYN02,2024-05-09,2345053378.8,normal,102000
22974.9919,synthetic,2024-05-10T17:00:00+07:00,HOSE,22974.9919,23204.741819000003,22745.241981,22974.9919,SYNTHETIC-02,SYN02,2024-05-10,2343449173.8,normal,102000
22962.69,synthetic,2024-05-13T17:00:00+07:00,HOSE,22962.69,23192.316899999998,22733.0631,22962.69,SYNTHETIC-02,SYN02,2024-05-13,2342194380.0,normal,102000
22953.9438,synthetic,2024-05-14T17:00:00+07:00,HOSE,22953.9438,23183.483238,22724.404362,22953.9438,SYNTHETIC-02,SYN02,2024-05-14,2341302267.6,normal,102000
22948.8556,synthetic,2024-05-15T17:00:00+07:00,HOSE,22948.8556,23178.344156,22719.367044,22948.8556,SYNTHETIC-02,SYN02,2024-05-15,2340783271.2,normal,102000
22947.4992,synthetic,2024-05-16T17:00:00+07:00,HOSE,22947.4992,23176.974191999998,22718.024208,22947.4992,SYNTHETIC-02,SYN02,2024-05-16,2340644918.3999996,normal,102000
22949.9191,synthetic,2024-05-17T17:00:00+07:00,HOSE,22949.9191,23179.418290999998,22720.419909,22949.9191,SYNTHETIC-02,SYN02,2024-05-17,2340891748.2,normal,102000
22956.1307,synthetic,2024-05-20T17:00:00+07:00,HOSE,22956.1307,23185.692007,22726.569393,22956.1307,SYNTHETIC-02,SYN02,2024-05-20,2341525331.4,normal,102000
22966.1199,synthetic,2024-05-21T17:00:00+07:00,HOSE,22966.1199,23195.781099000003,22736.458701,22966.1199,SYNTHETIC-02,SYN02,2024-05-21,2342544229.8,normal,102000
22979.8432,synthetic,2024-05-22T17:00:00+07:00,HOSE,22979.8432,23209.641632,22750.044768,22979.8432,SYNTHETIC-02,SYN02,2024-05-22,2343944006.4,normal,102000
22997.228,synthetic,2024-05-23T17:00:00+07:00,HOSE,22997.228,23227.20028,22767.255719999997,22997.228,SYNTHETIC-02,SYN02,2024-05-23,2345717256.0,normal,102000
23018.1731,synthetic,2024-05-24T17:00:00+07:00,HOSE,23018.1731,23248.354831,22787.991369,23018.1731,SYNTHETIC-02,SYN02,2024-05-24,2347853656.2,normal,102000
23042.5492,synthetic,2024-05-27T17:00:00+07:00,HOSE,23042.5492,23272.974692,22812.123708000003,23042.5492,SYNTHETIC-02,SYN02,2024-05-27,2350340018.4,normal,102000
23070.1998,synthetic,2024-05-28T17:00:00+07:00,HOSE,23070.1998,23300.901798,22839.497801999998,23070.1998,SYNTHETIC-02,SYN02,2024-05-28,2353160379.6,normal,102000
23100.9421,synthetic,2024-05-29T17:00:00+07:00,HOSE,23100.9421,23331.951521,22869.932679,23100.9421,SYNTHETIC-02,SYN02,2024-05-29,2356296094.2,normal,102000
23134.5684,synthetic,2024-05-30T17:00:00+07:00,HOSE,23134.5684,23365.914084,22903.222716,23134.5684,SYNTHETIC-02,SYN02,2024-05-30,2359725976.8,normal,102000
23170.8472,synthetic,2024-05-31T17:00:00+07:00,HOSE,23170.8472,23402.555672,22939.138728,23170.8472,SYNTHETIC-02,SYN02,2024-05-31,2363426414.4,normal,102000
23209.5251,synthetic,2024-06-03T17:00:00+07:00,HOSE,23209.5251,23441.620350999998,22977.429849,23209.5251,SYNTHETIC-02,SYN02,2024-06-03,2367371560.2,normal,102000
23250.328,synthetic,2024-06-04T17:00:00+07:00,HOSE,23250.328,23482.831280000002,23017.82472,23250.328,SYNTHETIC-02,SYN02,2024-06-04,2371533456.0,normal,102000
23292.9638,synthetic,2024-06-05T17:00:00+07:00,HOSE,23292.9638,23525.893438000003,23060.034162,23292.9638,SYNTHETIC-02,SYN02,2024-06-05,2375882307.6,normal,102000
23337.1237,synthetic,2024-06-06T17:00:00+07:00,HOSE,23337.1237,23570.494937,23103.752463,23337.1237,SYNTHETIC-02,SYN02,2024-06-06,2380386617.4,normal,102000
23382.4853,synthetic,2024-06-07T17:00:00+07:00,HOSE,23382.4853,23616.310153000002,23148.660447,23382.4853,SYNTHETIC-02,SYN02,2024-06-07,2385013500.6,normal,102000
23428.7142,synthetic,2024-06-10T17:00:00+07:00,HOSE,23428.7142,23663.001342,23194.427057999997,23428.7142,SYNTHETIC-02,SYN02,2024-06-10,2389728848.3999996,normal,102000
23475.4672,synthetic,2024-06-11T17:00:00+07:00,HOSE,23475.4672,23710.221872,23240.712528,23475.4672,SYNTHETIC-02,SYN02,2024-06-11,2394497654.4,normal,102000
23522.3947,synthetic,2024-06-12T17:00:00+07:00,HOSE,23522.3947,23757.618647,23287.170753000002,23522.3947,SYNTHETIC-02,SYN02,2024-06-12,2399284259.4,normal,102000
23569.1438,synthetic,2024-06-13T17:00:00+07:00,HOSE,23569.1438,23804.835238000003,23333.452362,23569.1438,SYNTHETIC-02,SYN02,2024-06-13,2404052667.6000004,normal,102000
23615.3609,synthetic,2024-06-14T17:00:00+07:00,HOSE,23615.3609,23851.514509,23379.207291,23615.3609,SYNTHETIC-02,SYN02,2024-06-14,2408766811.8,normal,102000
23660.6948,synthetic,2024-06-17T17:00:00+07:00,HOSE,23660.6948,23897.301748,23424.087852,23660.6948,SYNTHETIC-02,SYN02,2024-06-17,2413390869.6,normal,102000
23704.7999,synthetic,2024-06-18T17:00:00+07:00,HOSE,23704.7999,23941.847899,23467.751901000003,23704.7999,SYNTHETIC-02,SYN02,2024-06-18,2417889589.8,normal,102000
23747.3391,synthetic,2024-06-19T17:00:00+07:00,HOSE,23747.3391,23984.812491,23509.865709,23747.3391,SYNTHETIC-02,SYN02,2024-06-19,2422228588.2000003,normal,102000
23787.9868,synthetic,2024-06-20T17:00:00+07:00,HOSE,23787.9868,24025.866668,23550.106932,23787.9868,SYNTHETIC-02,SYN02,2024-06-20,2426374653.6,normal,102000
23826.4318,synthetic,2024-06-21T17:00:00+07:00,HOSE,23826.4318,24064.696118,23588.167481999997,23826.4318,SYNTHETIC-02,SYN02,2024-06-21,2430296043.6,normal,102000
23862.3806,synthetic,2024-06-24T17:00:00+07:00,HOSE,23862.3806,24101.004406,23623.756794,23862.3806,SYNTHETIC-02,SYN02,2024-06-24,2433962821.2,normal,102000
23895.5596,synthetic,2024-06-25T17:00:00+07:00,HOSE,23895.5596,24134.515196,23656.604004,23895.5596,SYNTHETIC-02,SYN02,2024-06-25,2437347079.2000003,normal,102000
23925.7181,synthetic,2024-06-26T17:00:00+07:00,HOSE,23925.7181,24164.975281,23686.460918999997,23925.7181,SYNTHETIC-02,SYN02,2024-06-26,2440423246.2,normal,102000
23952.6307,synthetic,2024-06-27T17:00:00+07:00,HOSE,23952.6307,24192.157007,23713.104393,23952.6307,SYNTHETIC-02,SYN02,2024-06-27,2443168331.4,normal,102000
23976.0994,synthetic,2024-06-28T17:00:00+07:00,HOSE,23976.0994,24215.860394,23736.338406,23976.0994,SYNTHETIC-02,SYN02,2024-06-28,2445562138.7999997,normal,102000
23995.9556,synthetic,2024-07-01T17:00:00+07:00,HOSE,23995.9556,24235.915156000003,23755.996044,23995.9556,SYNTHETIC-02,SYN02,2024-07-01,2447587471.2000003,normal,102000
24012.0618,synthetic,2024-07-02T17:00:00+07:00,HOSE,24012.0618,24252.182418,23771.941182,24012.0618,SYNTHETIC-02,SYN02,2024-07-02,2449230303.6,normal,102000
24024.3131,synthetic,2024-07-03T17:00:00+07:00,HOSE,24024.3131,24264.556231,23784.069969,24024.3131,SYNTHETIC-02,SYN02,2024-07-03,2450479936.2,normal,102000
24032.638,synthetic,2024-07-04T17:00:00+07:00,HOSE,24032.638,24272.964379999998,23792.31162,24032.638,SYNTHETIC-02,SYN02,2024-07-04,2451329076.0,normal,102000
24036.9993,synthetic,2024-07-05T17:00:00+07:00,HOSE,24036.9993,24277.369293,23796.629307,24036.9993,SYNTHETIC-02,SYN02,2024-07-05,2451773928.6,normal,102000
24037.3947,synthetic,2024-07-08T17:00:00+07:00,HOSE,24037.3947,24277.768647,23797.020753,24037.3947,SYNTHETIC-02,SYN02,2024-07-08,2451814259.4,normal,102000
24033.8564,synthetic,2024-07-09T17:00:00+07:00,HOSE,24033.8564,24274.194964000002,23793.517836,24033.8564,SYNTHETIC-02,SYN02,2024-07-09,2451453352.8,normal,102000
24026.4511,synthetic,2024-07-10T17:00:00+07:00,HOSE,24026.4511,24266.715611,23786.186588999997,24026.4511,SYNTHETIC-02,SYN02,2024-07-10,2450698012.2,normal,102000
24015.2791,synthetic,2024-07-11T17:00:00+07:00,HOSE,24015.2791,24255.431891,23775.126309,24015.2791,SYNTHETIC-02,SYN02,2024-07-11,2449558468.2,normal,102000
24000.4736,synthetic,2024-07-12T17:00:00+07:00,HOSE,24000.4736,24240.478336,23760.468864000002,24000.4736,SYNTHETIC-02,SYN02,2024-07-12,2448048307.2000003,normal,102000
23982.1991,synthetic,2024-07-15T17:00:00+07:00,HOSE,23982.1991,24222.021091000002,23742.377109,23982.1991,SYNTHETIC-02,SYN02,2024-07-15,2446184308.2000003,normal,102000
23960.65,synthetic,2024-07-16T17:00:00+07:00,HOSE,23960.65,24200.256500000003,23721.0435,23960.65,SYNTHETIC-02,SYN02,2024-07-16,2443986300.0,normal,102000
23936.0482,synthetic,2024-07-17T17:00:00+07:00,HOSE,23936.0482,24175.408682,23696.687718,23936.0482,SYNTHETIC-02,SYN02,2024-07-17,2441476916.4,normal,102000
23908.6417,synthetic,2024-07-18T17:00:00+07:00,HOSE,23908.6417,24147.728117,23669.555283,23908.6417,SYNTHETIC-02,SYN02,2024-07-18,2438681453.4,normal,102000
23878.7017,synthetic,2024-07-19T17:00:00+07:00,HOSE,23878.7017,24117.488717,23639.914683000003,23878.7017,SYNTHETIC-02,SYN02,2024-07-19,2435627573.4,normal,102000
23846.5198,synthetic,2024-07-22T17:00:00+07:00,HOSE,23846.5198,24084.984998,23608.054601999997,23846.5198,SYNTHETIC-02,SYN02,2024-07-22,2432345019.6,normal,102000
23812.406,synthetic,2024-07-23T17:00:00+07:00,HOSE,23812.406,24050.53006,23574.281939999997,23812.406,SYNTHETIC-02,SYN02,2024-07-23,2428865412.0,normal,102000
23776.685,synthetic,2024-07-24T17:00:00+07:00,HOSE,23776.685,24014.45185,23538.91815,23776.685,SYNTHETIC-02,SYN02,2024-07-24,2425221870.0,normal,102000
23739.6939,synthetic,2024-07-25T17:00:00+07:00,HOSE,23739.6939,23977.090838999997,23502.296961,23739.6939,SYNTHETIC-02,SYN02,2024-07-25,2421448777.7999997,normal,102000
23701.7789,synthetic,2024-07-26T17:00:00+07:00,HOSE,23701.7789,23938.796689000003,23464.761111,23701.7789,SYNTHETIC-02,SYN02,2024-07-26,2417581447.8,normal,102000
23663.292,synthetic,2024-07-29T17:00:00+07:00,HOSE,23663.292,23899.92492,23426.65908,23663.292,SYNTHETIC-02,SYN02,2024-07-29,2413655784.0,normal,102000
23624.5884,synthetic,2024-07-30T17:00:00+07:00,HOSE,23624.5884,23860.834284,23388.342516,23624.5884,SYNTHETIC-02,SYN02,2024-07-30,2409708016.8,normal,102000
23586.0233,synthetic,2024-07-31T17:00:00+07:00,HOSE,23586.0233,23821.883533,23350.163067,23586.0233,SYNTHETIC-02,SYN02,2024-07-31,2405774376.6,normal,102000
23547.9491,synthetic,2024-08-01T17:00:00+07:00,HOSE,23547.9491,23783.428591000004,23312.469609,23547.9491,SYNTHETIC-02,SYN02,2024-08-01,2401890808.2000003,normal,102000
23510.7121,synthetic,2024-08-02T17:00:00+07:00,HOSE,23510.7121,23745.819221,23275.604979,23510.7121,SYNTHETIC-02,SYN02,2024-08-02,2398092634.2000003,normal,102000
23474.6502,synthetic,2024-08-05T17:00:00+07:00,HOSE,23474.6502,23709.396702000002,23239.903698,23474.6502,SYNTHETIC-02,SYN02,2024-08-05,2394414320.4,normal,102000
23440.0904,synthetic,2024-08-06T17:00:00+07:00,HOSE,23440.0904,23674.491304000003,23205.689496,23440.0904,SYNTHETIC-02,SYN02,2024-08-06,2390889220.8,normal,102000
23407.3456,synthetic,2024-08-07T17:00:00+07:00,HOSE,23407.3456,23641.419056000002,23173.272144,23407.3456,SYNTHETIC-02,SYN02,2024-08-07,2387549251.2000003,normal,102000
23376.713,synthetic,2024-08-08T17:00:00+07:00,HOSE,23376.713,23610.48013,23142.94587,23376.713,SYNTHETIC-02,SYN02,2024-08-08,2384424726.0,normal,102000
23348.4718,synthetic,2024-08-09T17:00:00+07:00,HOSE,23348.4718,23581.956518,23114.987082,23348.4718,SYNTHETIC-02,SYN02,2024-08-09,2381544123.6,normal,102000
23322.8809,synthetic,2024-08-12T17:00:00+07:00,HOSE,23322.8809,23556.109709,23089.652091,23322.8809,SYNTHETIC-02,SYN02,2024-08-12,2378933851.8,normal,102000
23300.1772,synthetic,2024-08-13T17:00:00+07:00,HOSE,23300.1772,23533.178971999998,23067.175428,23300.1772,SYNTHETIC-02,SYN02,2024-08-13,2376618074.3999996,normal,102000
23280.5742,synthetic,2024-08-14T17:00:00+07:00,HOSE,23280.5742,23513.379942,23047.768458,23280.5742,SYNTHETIC-02,SYN02,2024-08-14,2374618568.4,normal,102000
23264.2605,synthetic,2024-08-15T17:00:00+07:00,HOSE,23264.2605,23496.903105,23031.617895,23264.2605,SYNTHETIC-02,SYN02,2024-08-15,2372954571.0,normal,102000
23251.3983,synthetic,2024-08-16T17:00:00+07:00,HOSE,23251.3983,23483.912283,23018.884317,23251.3983,SYNTHETIC-02,SYN02,2024-08-16,2371642626.6,normal,102000
23242.1227,synthetic,2024-08-19T17:00:00+07:00,HOSE,23242.1227,23474.543927,23009.701473,23242.1227,SYNTHETIC-02,SYN02,2024-08-19,2370696515.4,normal,102000
23236.5404,synthetic,2024-08-20T17:00:00+07:00,HOSE,23236.5404,23468.905804,23004.174996,23236.5404,SYNTHETIC-02,SYN02,2024-08-20,2370127120.8,normal,102000
23234.7295,synthetic,2024-08-21T17:00:00+07:00,HOSE,23234.7295,23467.076795,23002.382205,23234.7295,SYNTHETIC-02,SYN02,2024-08-21,2369942409.0,normal,102000
23236.7384,synthetic,2024-08-22T17:00:00+07:00,HOSE,23236.7384,23469.105784,23004.371015999997,23236.7384,SYNTHETIC-02,SYN02,2024-08-22,2370147316.7999997,normal,102000
23242.5863,synthetic,2024-08-23T17:00:00+07:00,HOSE,23242.5863,23475.012163,23010.160437,23242.5863,SYNTHETIC-02,SYN02,2024-08-23,2370743802.6,normal,102000
23252.2622,synthetic,2024-08-26T17:00:00+07:00,HOSE,23252.2622,23484.784822,23019.739578,23252.2622,SYNTHETIC-02,SYN02,2024-08-26,2371730744.4,normal,102000
23265.7256,synthetic,2024-08-27T17:00:00+07:00,HOSE,23265.7256,23498.382856,23033.068344000003,23265.7256,SYNTHETIC-02,SYN02,2024-08-27,2373104011.2000003,normal,102000
23282.9062,synthetic,2024-08-28T17:00:00+07:00,HOSE,23282.9062,23515.735262000002,23050.077138,23282.9062,SYNTHETIC-02,SYN02,2024-08-28,2374856432.4,normal,102000
23303.705,synthetic,2024-08-29T17:00:00+07:00,HOSE,23303.705,23536.74205,23070.667950000003,23303.705,SYNTHETIC-02,SYN02,2024-08-29,2376977910.0,normal,102000
23327.9941,synthetic,2024-08-30T17:00:00+07:00,HOSE,23327.9941,23561.274041,23094.714159,23327.9941,SYNTHETIC-02,SYN02,2024-08-30,2379455398.2,normal,102000
23355.6184,synthetic,2024-09-02T17:00:00+07:00,HOSE,23355.6184,23589.174584,23122.062216,23355.6184,SYNTHETIC-02,SYN02,2024-09-02,2382273076.7999997,normal,102000
23386.3957,synthetic,2024-09-03T17:00:00+07:00,HOSE,23386.3957,23620.259657000002,23152.531743,23386.3957,SYNTHETIC-02,SYN02,2024-09-03,2385412361.4,normal,102000
23420.1185,synthetic,2024-09-04T17:00:00+07:00,HOSE,23420.1185,23654.319685000002,23185.917315,23420.1185,SYNTHETIC-02,SYN02,2024-09-04,2388852087.0,normal,102000
23456.5551,synthetic,2024-09-05T17:00:00+07:00,HOSE,23456.5551,23691.120651,23221.989549,23456.5551,SYNTHETIC-02,SYN02,2024-09-05,2392568620.2000003,normal,102000
23495.4514,synthetic,2024-09-06T17:00:00+07:00,HOSE,23495.4514,23730.405914000003,23260.496886,23495.4514,SYNTHETIC-02,SYN02,2024-09-06,2396536042.8,normal,102000
23536.5324,synthetic,2024-09-09T17:00:00+07:00,HOSE,23536.5324,23771.897724,23301.167076,23536.5324,SYNTHETIC-02,SYN02,2024-09-09,2400726304.8,normal,102000
23579.504,synthetic,2024-09-10T17:00:00+07:00,HOSE,23579.504,23815.29904,23343.70896,23579.504,SYNTHETIC-02,SYN02,2024-09-10,2405109408.0,normal,102000
23624.0556,synthetic,2024-09-11T17:00:00+07:00,HOSE,23624.0556,23860.296156,23387.815044,23624.0556,SYNTHETIC-02,SYN02,2024-09-11,2409653671.2,normal,102000
23669.8621,synthetic,2024-09-12T17:00:00+07:00,HOSE,23669.8621,23906.560720999998,23433.163479,23669.8621,SYNTHETIC-02,SYN02,2024-09-12,2414325934.2,normal,102000
23716.5862,synthetic,2024-09-13T17:00:00+07:00,HOSE,23716.5862,23953.752062000003,23479.420338,23716.5862,SYNTHETIC-02,SYN02,2024-09-13,2419091792.4,normal,102000
23763.8813,synthetic,2024-09-16T17:00:00+07:00,HOSE,23763.8813,24001.520113000002,23526.242487,23763.8813,SYNTHETIC-02,SYN02,2024-09-16,2423915892.6,normal,102000
23811.3942,synthetic,2024-09-17T17:00:00+07:00,HOSE,23811.3942,24049.508142,23573.280258,23811.3942,SYNTHETIC-02,SYN02,2024-09-17,2428762208.4,normal,102000
23858.7675,synthetic,2024-09-18T17:00:00+07:00,HOSE,23858.7675,24097.355175,23620.179825000003,23858.7675,SYNTHETIC-02,SYN02,2024-09-18,2433594285.0,normal,102000
23905.6433,synthetic,2024-09-19T17:00:00+07:00,HOSE,23905.6433,24144.699733,23666.586866999998,23905.6433,SYNTHETIC-02,SYN02,2024-09-19,2438375616.6,normal,102000
23951.6655,synthetic,2024-09-20T17:00:00+07:00,HOSE,23951.6655,24191.182155,23712.148845,23951.6655,SYNTHETIC-02,SYN02,2024-09-20,2443069881.0,normal,102000
23996.4835,synthetic,2024-09-23T17:00:00+07:00,HOSE,23996.4835,24236.448334999997,23756.518665,23996.4835,SYNTHETIC-02,SYN02,2024-09-23,2447641317.0,normal,102000
24039.7546,synthetic,2024-09-24T17:00:00+07:00,HOSE,24039.7546,24280.152146,23799.357054,24039.7546,SYNTHETIC-02,SYN02,2024-09-24,2452054969.2,normal,102000
24081.1478,synthetic,2024-09-25T17:00:00+07:00,HOSE,24081.1478,24321.959278,23840.336322,24081.1478,SYNTHETIC-02,SYN02,2024-09-25,2456277075.6,normal,102000
24120.3462,synthetic,2024-09-26T17:00:00+07:00,HOSE,24120.3462,24361.549662,23879.142738,24120.3462,SYNTHETIC-02,SYN02,2024-09-26,2460275312.4,normal,102000
24157.0502,synthetic,2024-09-27T17:00:00+07:00,HOSE,24157.0502,24398.620702,23915.479698000003,24157.0502,SYNTHETIC-02,SYN02,2024-09-27,2464019120.4,normal,102000
24190.9805,synthetic,2024-09-30T17:00:00+07:00,HOSE,24190.9805,24432.890305,23949.070695000002,24190.9805,SYNTHETIC-02,SYN02,2024-09-30,2467480011.0,normal,102000
24221.8805,synthetic,2024-10-01T17:00:00+07:00,HOSE,24221.8805,24464.099305,23979.661695,24221.8805,SYNTHETIC-02,SYN02,2024-10-01,2470631811.0,normal,102000
24249.5189,synthetic,2024-10-02T17:00:00+07:00,HOSE,24249.5189,24492.014089,24007.023710999998,24249.5189,SYNTHETIC-02,SYN02,2024-10-02,2473450927.7999997,normal,102000
24273.6918,synthetic,2024-10-03T17:00:00+07:00,HOSE,24273.6918,24516.428718,24030.954882,24273.6918,SYNTHETIC-02,SYN02,2024-10-03,2475916563.6,normal,102000
24294.225,synthetic,2024-10-04T17:00:00+07:00,HOSE,24294.225,24537.16725,24051.28275,24294.225,SYNTHETIC-02,SYN02,2024-10-04,2478010950.0,normal,102000
24310.9757,synthetic,2024-10-07T17:00:00+07:00,HOSE,24310.9757,24554.085457,24067.865942999997,24310.9757,SYNTHETIC-02,SYN02,2024-10-07,2479719521.4,normal,102000
24323.8337,synthetic,2024-10-08T17:00:00+07:00,HOSE,24323.8337,24567.072036999998,24080.595363,24323.8337,SYNTHETIC-02,SYN02,2024-10-08,2481031037.4,normal,102000
24332.7227,synthetic,2024-10-09T17:00:00+07:00,HOSE,24332.7227,24576.049927,24089.395472999997,24332.7227,SYNTHETIC-02,SYN02,2024-10-09,2481937715.3999996,normal,102000
24337.6011,synthetic,2024-10-10T17:00:00+07:00,HOSE,24337.6011,24580.977111,24094.225089,24337.6011,SYNTHETIC-02,SYN02,2024-10-10,2482435312.2,normal,102000
24338.4624,synthetic,2024-10-11T17:00:00+07:00,HOSE,24338.4624,24581.847024,24095.077776000002,24338.4624,SYNTHETIC-02,SYN02,2024-10-11,2482523164.8,normal,102000
24335.3352,synthetic,2024-10-14T17:00:00+07:00,HOSE,24335.3352,24578.688552000003,24091.981848,24335.3352,SYNTHETIC-02,SYN02,2024-10-14,2482204190.4,normal,102000
24328.2831,synthetic,2024-10-15T17:00:00+07:00,HOSE,24328.2831,24571.565931,24085.000269,24328.2831,SYNTHETIC-02,SYN02,2024-10-15,2481484876.2000003,normal,102000
24317.4037,synthetic,2024-10-16T17:00:00+07:00,HOSE,24317.4037,24560.577737,24074.229663,24317.4037,SYNTHETIC-02,SYN02,2024-10-16,2480375177.4,normal,102000
24302.8282,synthetic,2024-10-17T17:00:00+07:00,HOSE,24302.8282,24545.856482,24059.799918,24302.8282,SYNTHETIC-02,SYN02,2024-10-17,2478888476.4,normal,102000
24284.7196,synthetic,2024-10-18T17:00:00+07:00,HOSE,24284.7196,24527.566796,24041.872404,24284.7196,SYNTHETIC-02,SYN02,2024-10-18,2477041399.2,normal,102000
24263.2711,synthetic,2024-10-21T17:00:00+07:00,HOSE,24263.2711,24505.903811000004,24020.638389,24263.2711,SYNTHETIC-02,SYN02,2024-10-21,2474853652.2000003,normal,102000
24238.7047,synthetic,2024-10-22T17:00:00+07:00,HOSE,24238.7047,24481.091747,23996.317653,24238.7047,SYNTHETIC-02,SYN02,2024-10-22,2472347879.3999996,normal,102000
24211.2683,synthetic,2024-10-23T17:00:00+07:00,HOSE,24211.2683,24453.380983,23969.155617,24211.2683,SYNTHETIC-02,SYN02,2024-10-23,2469549366.6,normal,102000
24181.2338,synthetic,2024-10-24T17:00:00+07:00,HOSE,24181.2338,24423.046138,23939.421462000002,24181.2338,SYNTHETIC-02,SYN02,2024-10-24,2466485847.6000004,normal,102000
24148.8946,synthetic,2024-10-25T17:00:00+07:00,HOSE,24148.8946,24390.383546,23907.405654,24148.8946,SYNTHETIC-02,SYN02,2024-10-25,2463187249.2,normal,102000
24114.5622,synthetic,2024-10-28T17:00:00+07:00,HOSE,24114.5622,24355.707822,23873.416578,24114.5622,SYNTHETIC-02,SYN02,2024-10-28,2459685344.4,normal,102000
24078.5641,synthetic,2024-10-29T17:00:00+07:00,HOSE,24078.5641,24319.349740999998,23837.778459,24078.5641,SYNTHETIC-02,SYN02,2024-10-29,2456013538.2,normal,102000
24041.2403,synthetic,2024-10-30T17:00:00+07:00,HOSE,24041.2403,24281.652703,23800.827897000003,24041.2403,SYNTHETIC-02,SYN02,2024-10-30,2452206510.6,normal,102000
24002.9401,synthetic,2024-10-31T17:00:00+07:00,HOSE,24002.9401,24242.969501,23762.910699,24002.9401,SYNTHETIC-02,SYN02,2024-10-31,2448299890.2,normal,102000
23964.0197,synthetic,2024-11-01T17:00:00+07:00,HOSE,23964.0197,24203.659897,23724.379503,23964.0197,SYNTHETIC-02,SYN02,2024-11-01,2444330009.4,normal,102000
23924.8386,synthetic,2024-11-04T17:00:00+07:00,HOSE,23924.8386,24164.086986,23685.590214,23924.8386,SYNTHETIC-02,SYN02,2024-11-04,2440333537.2,normal,102000
23885.7564,synthetic,2024-11-05T17:00:00+07:00,HOSE,23885.7564,24124.613964,23646.898835999997,23885.7564,SYNTHETIC-02,SYN02,2024-11-05,2436347152.7999997,normal,102000
23847.1303,synthetic,2024-11-06T17:00:00+07:00,HOSE,23847.1303,24085.601603,23608.658997000002,23847.1303,SYNTHETIC-02,SYN02,2024-11-06,2432407290.6,normal,102000
23809.312,synthetic,2024-11-07T17:00:00+07:00,HOSE,23809.312,24047.405120000003,23571.21888,23809.312,SYNTHETIC-02,SYN02,2024-11-07,2428549824.0,normal,102000
23772.6448,synthetic,2024-11-08T17:00:00+07:00,HOSE,23772.6448,24010.371248,23534.918351999997,23772.6448,SYNTHETIC-02,SYN02,2024-11-08,2424809769.6,normal,102000
23737.4609,synthetic,2024-11-11T17:00:00+07:00,HOSE,23737.4609,23974.835508999997,23500.086291,23737.4609,SYNTHETIC-02,SYN02,2024-11-11,2421221011.7999997,normal,102000
23704.0792,synthetic,2024-11-12T17:00:00+07:00,HOSE,23704.0792,23941.119992,23467.038408,23704.0792,SYNTHETIC-02,SYN02,2024-11-12,2417816078.4,normal,102000
23672.8024,synthetic,2024-11-13T17:00:00+07:00,HOSE,23672.8024,23909.530424,23436.074376,23672.8024,SYNTHETIC-02,SYN02,2024-11-13,2414625844.8,normal,102000
23643.9153,synthetic,2024-11-14T17:00:00+07:00,HOSE,23643.9153,23880.354453,23407.476147,23643.9153,SYNTHETIC-02,SYN02,2024-11-14,2411679360.6,normal,102000
23617.6827,synthetic,2024-11-15T17:00:00+07:00,HOSE,23617.6827,23853.859527,23381.505873000002,23617.6827,SYNTHETIC-02,SYN02,2024-11-15,2409003635.4,normal,102000
23594.347,synthetic,2024-11-18T17:00:00+07:00,HOSE,23594.347,23830.290470000004,23358.40353,23594.347,SYNTHETIC-02,SYN02,2024-11-18,2406623394.0,normal,102000
23574.1273,synthetic,2024-11-19T17:00:00+07:00,HOSE,23574.1273,23809.868573,23338.386027,23574.1273,SYNTHETIC-02,SYN02,2024-11-19,2404560984.6,normal,102000
23557.2173,synthetic,2024-11-20T17:00:00+07:00,HOSE,23557.2173,23792.789473,23321.645127,23557.2173,SYNTHETIC-02,SYN02,2024-11-20,2402836164.6,normal,102000
23543.7846,synthetic,2024-11-21T17:00:00+07:00,HOSE,23543.7846,23779.222446,23308.346754,23543.7846,SYNTHETIC-02,SYN02,2024-11-21,2401466029.2,normal,102000
23533.9691,synthetic,2024-11-22T17:00:00+07:00,HOSE,23533.9691,23769.308791,23298.629408999997,23533.9691,SYNTHETIC-02,SYN02,2024-11-22,2400464848.2,normal,102000
23527.8821,synthetic,2024-11-25T17:00:00+07:00,HOSE,23527.8821,23763.160921,23292.603279,23527.8821,SYNTHETIC-02,SYN02,2024-11-25,2399843974.2,normal,102000
23525.6062,synthetic,2024-11-26T17:00:00+07:00,HOSE,23525.6062,23760.862262,23290.350137999998,23525.6062,SYNTHETIC-02,SYN02,2024-11-26,2399611832.3999996,normal,102000
23527.1938,synthetic,2024-11-27T17:00:00+07:00,HOSE,23527.1938,23762.465738000003,23291.921862,23527.1938,SYNTHETIC-02,SYN02,2024-11-27,2399773767.6,normal,102000
23532.6677,synthetic,2024-11-28T17:00:00+07:00,HOSE,23532.6677,23767.994377000003,23297.341023,23532.6677,SYNTHETIC-02,SYN02,2024-11-28,2400332105.4,normal,102000
23542.0204,synthetic,2024-11-29T17:00:00+07:00,HOSE,23542.0204,23777.440604000003,23306.600196,23542.0204,SYNTHETIC-02,SYN02,2024-11-29,2401286080.8,normal,102000
23555.2142,synthetic,2024-12-02T17:00:00+07:00,HOSE,23555.2142,23790.766342,23319.662057999998,23555.2142,SYNTHETIC-02,SYN02,2024-12-02,2402631848.3999996,normal,102000
23572.1815,synthetic,2024-12-03T17:00:00+07:00,HOSE,23572.1815,23807.903315,23336.459684999998,23572.1815,SYNTHETIC-02,SYN02,2024-12-03,2404362513.0,normal,102000
23592.8252,synthetic,2024-12-04T17:00:00+07:00,HOSE,23592.8252,23828.753452,23356.896947999998,23592.8252,SYNTHETIC-02,SYN02,2024-12-04,2406468170.4,normal,102000
23617.0194,synthetic,2024-12-05T17:00:00+07:00,HOSE,23617.0194,23853.189594,23380.849206000003,23617.0194,SYNTHETIC-02,SYN02,2024-12-05,2408935978.8,normal,102000
23644.6098,synthetic,2024-12-06T17:00:00+07:00,HOSE,23644.6098,23881.055898,23408.163701999998,23644.6098,SYNTHETIC-02,SYN02,2024-12-06,2411750199.6,normal,102000
23675.4153,synthetic,2024-12-09T17:00:00+07:00,HOSE,23675.4153,23912.169453000002,23438.661147,23675.4153,SYNTHETIC-02,SYN02,2024-12-09,2414892360.6,normal,102000
23709.2287,synthetic,2024-12-10T17:00:00+07:00,HOSE,23709.2287,23946.320987,23472.136413,23709.2287,SYNTHETIC-02,SYN02,2024-12-10,2418341327.4,normal,102000
23745.8181,synthetic,2024-12-11T17:00:00+07:00,HOSE,23745.8181,23983.276281000002,23508.359919,23745.8181,SYNTHETIC-02,SYN02,2024-12-11,2422073446.2,normal,102000
23784.9286,synthetic,2024-12-12T17:00:00+07:00,HOSE,23784.9286,24022.777886,23547.079314,23784.9286,SYNTHETIC-02,SYN02,2024-12-12,2426062717.2,normal,102000
23826.2841,synthetic,2024-12-13T17:00:00+07:00,HOSE,23826.2841,24064.546941,23588.021259,23826.2841,SYNTHETIC-02,SYN02,2024-12-13,2430280978.2000003,normal,102000
23869.5892,synthetic,2024-12-16T17:00:00+07:00,HOSE,23869.5892,24108.285092,23630.893308,23869.5892,SYNTHETIC-02,SYN02,2024-12-16,2434698098.3999996,normal,102000
23914.531,synthetic,2024-12-17T17:00:00+07:00,HOSE,23914.531,24153.67631,23675.38569,23914.531,SYNTHETIC-02,SYN02,2024-12-17,2439282162.0,normal,102000
23960.7819,synthetic,2024-12-18T17:00:00+07:00,HOSE,23960.7819,24200.389719000003,23721.174081,23960.7819,SYNTHETIC-02,SYN02,2024-12-18,2443999753.8,normal,102000
24008.0017,synthetic,2024-12-19T17:00:00+07:00,HOSE,24008.0017,24248.081717,23767.921683,24008.0017,SYNTHETIC-02,SYN02,2024-12-19,2448816173.4,normal,102000
24055.8405,synthetic,2024-12-20T17:00:00+07:00,HOSE,24055.8405,24296.398905,23815.282095,24055.8405,SYNTHETIC-02,SYN02,2024-12-20,2453695731.0,normal,102000
24103.9412,synthetic,2024-12-23T17:00:00+07:00,HOSE,24103.9412,24344.980612000003,23862.901788,24103.9412,SYNTHETIC-02,SYN02,2024-12-23,2458602002.4,normal,102000
24151.9423,synthetic,2024-12-24T17:00:00+07:00,HOSE,24151.9423,24393.461723,23910.422876999997,24151.9423,SYNTHETIC-02,SYN02,2024-12-24,2463498114.6,normal,102000
24199.4812,synthetic,2024-12-25T17:00:00+07:00,HOSE,24199.4812,24441.476012,23957.486387999998,24199.4812,SYNTHETIC-02,SYN02,2024-12-25,2468347082.3999996,normal,102000
24246.1972,synthetic,2024-12-26T17:00:00+07:00,HOSE,24246.1972,24488.659172,24003.735227999998,24246.1972,SYNTHETIC-02,SYN02,2024-12-26,2473112114.4,normal,102000
24291.7343,synthetic,2024-12-27T17:00:00+07:00,HOSE,24291.7343,24534.651643,24048.816957,24291.7343,SYNTHETIC-02,SYN02,2024-12-27,2477756898.6,normal,102000
24335.7447,synthetic,2024-12-30T17:00:00+07:00,HOSE,24335.7447,24579.102146999998,24092.387253,24335.7447,SYNTHETIC-02,SYN02,2024-12-30,2482245959.4,normal,102000
24377.8914,synthetic,2024-12-31T17:00:00+07:00,HOSE,24377.8914,24621.670314,24134.112486,24377.8914,SYNTHETIC-02,SYN02,2024-12-31,2486544922.8,normal,102000
24417.8519,synthetic,2025-01-01T17:00:00+07:00,HOSE,24417.8519,24662.030419000002,24173.673381,24417.8519,SYNTHETIC-02,SYN02,2025-01-01,2490620893.8,normal,102000
24455.3207,synthetic,2025-01-02T17:00:00+07:00,HOSE,24455.3207,24699.873907,24210.767493,24455.3207,SYNTHETIC-02,SYN02,2025-01-02,2494442711.4,normal,102000
24490.0126,synthetic,2025-01-03T17:00:00+07:00,HOSE,24490.0126,24734.912726,24245.112473999998,24490.0126,SYNTHETIC-02,SYN02,2025-01-03,2497981285.2,normal,102000
24521.6648,synthetic,2025-01-06T17:00:00+07:00,HOSE,24521.6648,24766.881448,24276.448151999997,24521.6648,SYNTHETIC-02,SYN02,2025-01-06,2501209809.6,normal,102000
24550.0401,synthetic,2025-01-07T17:00:00+07:00,HOSE,24550.0401,24795.540501,24304.539698999997,24550.0401,SYNTHETIC-02,SYN02,2025-01-07,2504104090.2,normal,102000
24574.9288,synthetic,2025-01-08T17:00:00+07:00,HOSE,24574.9288,24820.678088,24329.179512000002,24574.9288,SYNTHETIC-02,SYN02,2025-01-08,2506642737.6000004,normal,102000
24596.151,synthetic,2025-01-09T17:00:00+07:00,HOSE,24596.151,24842.112510000003,24350.18949,24596.151,SYNTHETIC-02,SYN02,2025-01-09,2508807402.0,normal,102000
24613.5583,synthetic,2025-01-10T17:00:00+07:00,HOSE,24613.5583,24859.693883,24367.422717,24613.5583,SYNTHETIC-02,SYN02,2025-01-10,2510582946.6,normal,102000
24627.0353,synthetic,2025-01-13T17:00:00+07:00,HOSE,24627.0353,24873.305653,24380.764947,24627.0353,SYNTHETIC-02,SYN02,2025-01-13,2511957600.6,normal,102000
24636.5007,synthetic,2025-01-14T17:00:00+07:00,HOSE,24636.5007,24882.865707,24390.135693,24636.5007,SYNTHETIC-02,SYN02,2025-01-14,2512923071.4,normal,102000
24641.9083,synthetic,2025-01-15T17:00:00+07:00,HOSE,24641.9083,24888.327383,24395.489217,24641.9083,SYNTHETIC-02,SYN02,2025-01-15,2513474646.6,normal,102000
24643.2475,synthetic,2025-01-16T17:00:00+07:00,HOSE,24643.2475,24889.679975000003,24396.815025,24643.2475,SYNTHETIC-02,SYN02,2025-01-16,2513611245.0,normal,102000
24640.5431,synthetic,2025-01-17T17:00:00+07:00,HOSE,24640.5431,24886.948531,24394.137669,24640.5431,SYNTHETIC-02,SYN02,2025-01-17,2513335396.2,normal,102000
24633.8554,synthetic,2025-01-20T17:00:00+07:00,HOSE,24633.8554,24880.193954000002,24387.516846,24633.8554,SYNTHETIC-02,SYN02,2025-01-20,2512653250.8,normal,102000
24623.2796,synthetic,2025-01-21T17:00:00+07:00,HOSE,24623.2796,24869.512396000002,24377.046804,24623.2796,SYNTHETIC-02,SYN02,2025-01-21,2511574519.2000003,normal,102000
24608.9443,synthetic,2025-01-22T17:00:00+07:00,HOSE,24608.9443,24855.033743,24362.854857,24608.9443,SYNTHETIC-02,SYN02,2025-01-22,2510112318.6,normal,102000
24591.0111,synthetic,2025-01-23T17:00:00+07:00,HOSE,24591.0111,24836.921211,24345.100989,24591.0111,SYNTHETIC-02,SYN02,2025-01-23,2508283132.2,normal,102000
24569.6723,synthetic,2025-01-24T17:00:00+07:00,HOSE,24569.6723,24815.369023,24323.975576999997,24569.6723,SYNTHETIC-02,SYN02,2025-01-24,2506106574.6,normal,102000
24545.1492,synthetic,2025-01-27T17:00:00+07:00,HOSE,24545.1492,24790.600692,24299.697708,24545.1492,SYNTHETIC-02,SYN02,2025-01-27,2503605218.4,normal,102000
24517.69,synthetic,2025-01-28T17:00:00+07:00,HOSE,24517.69,24762.866899999997,24272.5131,24517.69,SYNTHETIC-02,SYN02,2025-01-28,2500804380.0,normal,102000
24487.5675,synthetic,2025-01-29T17:00:00+07:00,HOSE,24487.5675,24732.443175,24242.691825,24487.5675,SYNTHETIC-02,SYN02,2025-01-29,2497731885.0,normal,102000
24455.0761,synthetic,2025-01-30T17:00:00+07:00,HOSE,24455.0761,24699.626860999997,24210.525339,24455.0761,SYNTHETIC-02,SYN02,2025-01-30,2494417762.2,normal,102000
24420.5295,synthetic,2025-01-31T17:00:00+07:00,HOSE,24420.5295,24664.734795,24176.324205,24420.5295,SYNTHETIC-02,SYN02,2025-01-31,2490894009.0,normal,102000
24384.2575,synthetic,2025-02-03T17:00:00+07:00,HOSE,24384.2575,24628.100075,24140.414925,24384.2575,SYNTHETIC-02,SYN02,2025-02-03,2487194265.0,normal,102000
24346.603,synthetic,2025-02-04T17:00:00+07:00,HOSE,24346.603,24590.06903,24103.13697,24346.603,SYNTHETIC-02,SYN02,2025-02-04,2483353506.0,normal,102000
24307.9188,synthetic,2025-02-05T17:00:00+07:00,HOSE,24307.9188,24550.997988,24064.839612,24307.9188,SYNTHETIC-02,SYN02,2025-02-05,2479407717.6,normal,102000
24268.565,synthetic,2025-02-06T17:00:00+07:00,HOSE,24268.565,24511.250649999998,24025.87935,24268.565,SYNTHETIC-02,SYN02,2025-02-06,2475393630.0,normal,102000
24228.9052,synthetic,2025-02-07T17:00:00+07:00,HOSE,24228.9052,24471.194252,23986.616148,24228.9052,SYNTHETIC-02,SYN02,2025-02-07,2471348330.4,normal,102000
24189.3037,synthetic,2025-02-10T17:00:00+07:00,HOSE,24189.3037,24431.196737000002,23947.410663,24189.3037,SYNTHETIC-02,SYN02,2025-02-10,2467308977.4,normal,102000
24150.1227,synthetic,2025-02-11T17:00:00+07:00,HOSE,24150.1227,24391.623927,23908.621473,24150.1227,SYNTHETIC-02,SYN02,2025-02-11,2463312515.4,normal,102000
24111.719,synthetic,2025-02-12T17:00:00+07:00,HOSE,24111.719,24352.83619,23870.60181,24111.719,SYNTHETIC-02,SYN02,2025-02-12,2459395338.0,normal,102000
24074.4414,synthetic,2025-02-13T17:00:00+07:00,HOSE,24074.4414,24315.185814,23833.696986,24074.4414,SYNTHETIC-02,SYN02,2025-02-13,2455593022.8,normal,102000
24038.6275,synthetic,2025-02-14T17:00:00+07:00,HOSE,24038.6275,24279.013775,23798.241224999998,24038.6275,SYNTHETIC-02,SYN02,2025-02-14,2451940005.0,normal,102000
24004.6021,synthetic,2025-02-17T17:00:00+07:00,HOSE,24004.6021,24244.648121000002,23764.556078999998,24004.6021,SYNTHETIC-02,SYN02,2025-02-17,2448469414.2,normal,102000
23972.6735,synthetic,2025-02-18T17:00:00+07:00,HOSE,23972.6735,24212.400235,23732.946765,23972.6735,SYNTHETIC-02,SYN02,2025-02-18,2445212697.0,normal,102000
23943.1325,synthetic,2025-02-19T17:00:00+07:00,HOSE,23943.1325,24182.563825,23703.701175,23943.1325,SYNTHETIC-02,SYN02,2025-02-19,2442199515.0,normal,102000
23916.2493,synthetic,2025-02-20T17:00:00+07:00,HOSE,23916.2493,24155.411793,23677.086807,23916.2493,SYNTHETIC-02,SYN02,2025-02-20,2439457428.6,normal,102000
23892.2723,synthetic,2025-02-21T17:00:00+07:00,HOSE,23892.2723,24131.195023,23653.349577,23892.2723,SYNTHETIC-02,SYN02,2025-02-21,2437011774.6,normal,102000
23871.426,synthetic,2025-02-24T17:00:00+07:00,HOSE,23871.426,24110.14026,23632.71174,23871.426,SYNTHETIC-02,SYN02,2025-02-24,2434885452.0,normal,102000
23853.9097,synthetic,2025-02-25T17:00:00+07:00,HOSE,23853.9097,24092.448797,23615.370603,23853.9097,SYNTHETIC-02,SYN02,2025-02-25,2433098789.4,normal,102000
23839.8961,synthetic,2025-02-26T17:00:00+07:00,HOSE,23839.8961,24078.295061,23601.497139000003,23839.8961,SYNTHETIC-02,SYN02,2025-02-26,2431669402.2000003,normal,102000
23829.5301,synthetic,2025-02-27T17:00:00+07:00,HOSE,23829.5301,24067.825401000002,23591.234798999998,23829.5301,SYNTHETIC-02,SYN02,2025-02-27,2430612070.2,normal,102000
23822.9278,synthetic,2025-02-28T17:00:00+07:00,HOSE,23822.9278,24061.157078,23584.698522000002,23822.9278,SYNTHETIC-02,SYN02,2025-02-28,2429938635.6,normal,102000
23820.1762,synthetic,2025-03-03T17:00:00+07:00,HOSE,23820.1762,24058.377962000002,23581.974438,23820.1762,SYNTHETIC-02,SYN02,2025-03-03,2429657972.4,normal,102000
23821.3319,synthetic,2025-03-04T17:00:00+07:00,HOSE,23821.3319,24059.545219,23583.118581000002,23821.3319,SYNTHETIC-02,SYN02,2025-03-04,2429775853.8,normal,102000
23826.4215,synthetic,2025-03-05T17:00:00+07:00,HOSE,23826.4215,24064.685715,23588.157285,23826.4215,SYNTHETIC-02,SYN02,2025-03-05,2430294993.0,normal,102000
23835.4408,synthetic,2025-03-06T17:00:00+07:00,HOSE,23835.4408,24073.795208,23597.086392,23835.4408,SYNTHETIC-02,SYN02,2025-03-06,2431214961.6,normal,102000
23848.3553,synthetic,2025-03-07T17:00:00+07:00,HOSE,23848.3553,24086.838853,23609.871746999997,23848.3553,SYNTHETIC-02,SYN02,2025-03-07,2432532240.6,normal,102000
23865.0999,synthetic,2025-03-10T17:00:00+07:00,HOSE,23865.0999,24103.750899000002,23626.448901,23865.0999,SYNTHETIC-02,SYN02,2025-03-10,2434240189.8,normal,102000
23885.5798,synthetic,2025-03-11T17:00:00+07:00,HOSE,23885.5798,24124.435598,23646.724002,23885.5798,SYNTHETIC-02,SYN02,2025-03-11,2436329139.6,normal,102000
23909.6706,synthetic,2025-03-12T17:00:00+07:00,HOSE,23909.6706,24148.767306,23670.573894,23909.6706,SYNTHETIC-02,SYN02,2025-03-12,2438786401.2000003,normal,102000
23937.2197,synthetic,2025-03-13T17:00:00+07:00,HOSE,23937.2197,24176.591897000002,23697.847503,23937.2197,SYNTHETIC-02,SYN02,2025-03-13,2441596409.4,normal,102000
23968.0466,synthetic,2025-03-14T17:00:00+07:00,HOSE,23968.0466,24207.727066000003,23728.366134,23968.0466,SYNTHETIC-02,SYN02,2025-03-14,2444740753.2000003,normal,102000
24001.9444,synthetic,2025-03-17T17:00:00+07:00,HOSE,24001.9444,24241.963844,23761.924956,24001.9444,SYNTHETIC-02,SYN02,2025-03-17,2448198328.8,normal,102000
24038.6812,synthetic,2025-03-18T17:00:00+07:00,HOSE,24038.6812,24279.068012,23798.294388,24038.6812,SYNTHETIC-02,SYN02,2025-03-18,2451945482.4,normal,102000
24078.0015,synthetic,2025-03-19T17:00:00+07:00,HOSE,24078.0015,24318.781515,23837.221485,24078.0015,SYNTHETIC-02,SYN02,2025-03-19,2455956153.0,normal,102000
24119.6281,synthetic,2025-03-20T17:00:00+07:00,HOSE,24119.6281,24360.824381000002,23878.431819,24119.6281,SYNTHETIC-02,SYN02,2025-03-20,2460202066.2000003,normal,102000
24163.264,synthetic,2025-03-21T17:00:00+07:00,HOSE,24163.264,24404.89664,23921.63136,24163.264,SYNTHETIC-02,SYN02,2025-03-21,2464652928.0,normal,102000
24208.5944,synthetic,2025-03-24T17:00:00+07:00,HOSE,24208.5944,24450.680344,23966.508456000003,24208.5944,SYNTHETIC-02,SYN02,2025-03-24,2469276628.8,normal,102000
24255.2891,synthetic,2025-03-25T17:00:00+07:00,HOSE,24255.2891,24497.841991,24012.736209000002,24255.2891,SYNTHETIC-02,SYN02,2025-03-25,2474039488.2000003,normal,102000
24303.0051,synthetic,2025-03-26T17:00:00+07:00,HOSE,24303.0051,24546.035151,24059.975048999997,24303.0051,SYNTHETIC-02,SYN02,2025-03-26,2478906520.2,normal,102000
24351.389,synthetic,2025-03-27T17:00:00+07:00,HOSE,24351.389,24594.90289,24107.875109999997,24351.389,SYNTHETIC-02,SYN02,2025-03-27,2483841678.0,normal,102000
24400.0798,synthetic,2025-03-28T17:00:00+07:00,HOSE,24400.0798,24644.080598,24156.079002,24400.0798,SYNTHETIC-02,SYN02,2025-03-28,2488808139.6,normal,102000
24448.7121,synthetic,2025-03-31T17:00:00+07:00,HOSE,24448.7121,24693.199221000003,24204.224979,24448.7121,SYNTHETIC-02,SYN02,2025-03-31,2493768634.2000003,normal,102000
24496.9186,synthetic,2025-04-01T17:00:00+07:00,HOSE,24496.9186,24741.887786,24251.949414000002,24496.9186,SYNTHETIC-02,SYN02,2025-04-01,2498685697.2000003,normal,102000
24544.3338,synthetic,2025-04-02T17:00:00+07:00,HOSE,24544.3338,24789.777138,24298.890462,24544.3338,SYNTHETIC-02,SYN02,2025-04-02,2503522047.6,normal,102000
24590.5964,synthetic,2025-04-03T17:00:00+07:00,HOSE,24590.5964,24836.502364,24344.690435999997,24590.5964,SYNTHETIC-02,SYN02,2025-04-03,2508240832.7999997,normal,102000
24635.353,synthetic,2025-04-04T17:00:00+07:00,HOSE,24635.353,24881.70653,24388.99947,24635.353,SYNTHETIC-02,SYN02,2025-04-04,2512806006.0,normal,102000
24678.2614,synthetic,2025-04-07T17:00:00+07:00,HOSE,24678.2614,24925.044014,24431.478786,24678.2614,SYNTHETIC-02,SYN02,2025-04-07,2517182662.7999997,normal,102000
24718.9929,synthetic,2025-04-08T17:00:00+07:00,HOSE,24718.9929,24966.182829,24471.802971,24718.9929,SYNTHETIC-02,SYN02,2025-04-08,2521337275.8,normal,102000
24757.2361,synthetic,2025-04-09T17:00:00+07:00,HOSE,24757.2361,25004.808460999997,24509.663739,24757.2361,SYNTHETIC-02,SYN02,2025-04-09,2525238082.2,normal,102000
24792.6997,synthetic,2025-04-10T17:00:00+07:00,HOSE,24792.6997,25040.626697,24544.772703000002,24792.6997,SYNTHETIC-02,SYN02,2025-04-10,2528855369.4,normal,102000
24825.1149,synthetic,2025-04-11T17:00:00+07:00,HOSE,24825.1149,25073.366049,24576.863751,24825.1149,SYNTHETIC-02,SYN02,2025-04-11,2532161719.8,normal,102000
24854.2385,synthetic,2025-04-14T17:00:00+07:00,HOSE,24854.2385,25102.780885,24605.696115,24854.2385,SYNTHETIC-02,SYN02,2025-04-14,2535132327.0,normal,102000
24879.8548,synthetic,2025-04-15T17:00:00+07:00,HOSE,24879.8548,25128.653348,24631.056252000002,24879.8548,SYNTHETIC-02,SYN02,2025-04-15,2537745189.6,normal,102000
24901.778,synthetic,2025-04-16T17:00:00+07:00,HOSE,24901.778,25150.79578,24652.760219999996,24901.778,SYNTHETIC-02,SYN02,2025-04-16,2539981356.0,normal,102000
24919.8541,synthetic,2025-04-17T17:00:00+07:00,HOSE,24919.8541,25169.052641000002,24670.655559,24919.8541,SYNTHETIC-02,SYN02,2025-04-17,2541825118.2000003,normal,102000
24933.9624,synthetic,2025-04-18T17:00:00+07:00,HOSE,24933.9624,25183.302024,24684.622776,24933.9624,SYNTHETIC-02,SYN02,2025-04-18,2543264164.8,normal,102000
24944.0166,synthetic,2025-04-21T17:00:00+07:00,HOSE,24944.0166,25193.456766,24694.576434,24944.0166,SYNTHETIC-02,SYN02,2025-04-21,2544289693.2,normal,102000
24949.9658,synthetic,2025-04-22T17:00:00+07:00,HOSE,24949.9658,25199.465458000002,24700.466142,24949.9658,SYNTHETIC-02,SYN02,2025-04-22,2544896511.6000004,normal,102000
24951.7951,synthetic,2025-04-23T17:00:00+07:00,HOSE,24951.7951,25201.313051,24702.277148999998,24951.7951,SYNTHETIC-02,SYN02,2025-04-23,2545083100.2,normal,102000
24949.5254,synthetic,2025-04-24T17:00:00+07:00,HOSE,24949.5254,25199.020654,24700.030145999997,24949.5254,SYNTHETIC-02,SYN02,2025-04-24,2544851590.7999997,normal,102000
24943.2138,synthetic,2025-04-25T17:00:00+07:00,HOSE,24943.2138,25192.645938,24693.781662,24943.2138,SYNTHETIC-02,SYN02,2025-04-25,2544207807.6,normal,102000
24932.9524,synthetic,2025-04-28T17:00:00+07:00,HOSE,24932.9524,25182.281924,24683.622875999998,24932.9524,SYNTHETIC-02,SYN02,2025-04-28,2543161144.7999997,normal,102000
24918.8679,synthetic,2025-04-29T17:00:00+07:00,HOSE,24918.8679,25168.056579,24669.679221000002,24918.8679,SYNTHETIC-02,SYN02,2025-04-29,2541724525.8,normal,102000
24901.1199,synthetic,2025-04-30T17:00:00+07:00,HOSE,24901.1199,25150.131099000002,24652.108701,24901.1199,SYNTHETIC-02,SYN02,2025-04-30,2539914229.8,normal,102000
24879.8998,synthetic,2025-05-01T17:00:00+07:00,HOSE,24879.8998,25128.698798,24631.100801999997,24879.8998,SYNTHETIC-02,SYN02,2025-05-01,2537749779.6,normal,102000
24855.4283,synthetic,2025-05-02T17:00:00+07:00,HOSE,24855.4283,25103.982583,24606.874017,24855.4283,SYNTHETIC-02,SYN02,2025-05-02,2535253686.6,normal,102000
24827.9537,synthetic,2025-05-05T17:00:00+07:00,HOSE,24827.9537,25076.233236999997,24579.674163,24827.9537,SYNTHETIC-02,SYN02,2025-05-05,2532451277.3999996,normal,102000
24797.7495,synthetic,2025-05-06T17:00:00+07:00,HOSE,24797.7495,25045.726995,24549.772005000003,24797.7495,SYNTHETIC-02,SYN02,2025-05-06,2529370449.0,normal,102000
24765.1115,synthetic,2025-05-07T17:00:00+07:00,HOSE,24765.1115,25012.762615,24517.460385,24765.1115,SYNTHETIC-02,SYN02,2025-05-07,2526041373.0,normal,102000
24730.3552,synthetic,2025-05-08T17:00:00+07:00,HOSE,24730.3552,24977.658752000003,24483.051648,24730.3552,SYNTHETIC-02,SYN02,2025-05-08,2522496230.4,normal,102000
24693.8126,synthetic,2025-05-09T17:00:00+07:00,HOSE,24693.8126,24940.750726000002,24446.874474,24693.8126,SYNTHETIC-02,SYN02,2025-05-09,2518768885.2000003,normal,102000
24655.8297,synthetic,2025-05-12T17:00:00+07:00,HOSE,24655.8297,24902.387996999998,24409.271403,24655.8297,SYNTHETIC-02,SYN02,2025-05-12,2514894629.3999996,normal,102000
24616.7628,synthetic,2025-05-13T17:00:00+07:00,HOSE,24616.7628,24862.930428,24370.595172,24616.7628,SYNTHETIC-02,SYN02,2025-05-13,2510909805.6,normal,102000
24576.9756,synthetic,2025-05-14T17:00:00+07:00,HOSE,24576.9756,24822.745356000003,24331.205844,24576.9756,SYNTHETIC-02,SYN02,2025-05-14,2506851511.2000003,normal,102000
24536.8361,synthetic,2025-05-15T17:00:00+07:00,HOSE,24536.8361,24782.204461,24291.467739,24536.8361,SYNTHETIC-02,SYN02,2025-05-15,2502757282.2,normal,102000
24496.7134,synthetic,2025-05-16T17:00:00+07:00,HOSE,24496.7134,24741.680534,24251.746266000002,24496.7134,SYNTHETIC-02,SYN02,2025-05-16,2498664766.8,normal,102000
24456.9744,synthetic,2025-05-19T17:00:00+07:00,HOSE,24456.9744,24701.544144,24212.404656,24456.9744,SYNTHETIC-02,SYN02,2025-05-19,2494611388.7999997,normal,102000
24417.9813,synthetic,2025-05-20T17:00:00+07:00,HOSE,24417.9813,24662.161113,24173.801487,24417.9813,SYNTHETIC-02,SYN02,2025-05-20,2490634092.6,normal,102000
24380.0881,synthetic,2025-05-21T17:00:00+07:00,HOSE,24380.0881,24623.888981,24136.287219,24380.0881,SYNTHETIC-02,SYN02,2025-05-21,2486768986.2000003,normal,102000
24343.6385,synthetic,2025-05-22T17:00:00+07:00,HOSE,24343.6385,24587.074885,24100.202115,24343.6385,SYNTHETIC-02,SYN02,2025-05-22,2483051127.0,normal,102000
24308.9625,synthetic,2025-05-23T17:00:00+07:00,HOSE,24308.9625,24552.052125000002,24065.872875,24308.9625,SYNTHETIC-02,SYN02,2025-05-23,2479514175.0,normal,102000
24276.3747,synthetic,2025-05-26T17:00:00+07:00,HOSE,24276.3747,24519.138447,24033.610953,24276.3747,SYNTHETIC-02,SYN02,2025-05-26,2476190219.4,normal,102000
24246.1714,synthetic,2025-05-27T17:00:00+07:00,HOSE,24246.1714,24488.633114,24003.709686,24246.1714,SYNTHETIC-02,SYN02,2025-05-27,2473109482.7999997,normal,102000
24218.6289,synthetic,2025-05-28T17:00:00+07:00,HOSE,24218.6289,24460.815189,23976.442611,24218.6289,SYNTHETIC-02,SYN02,2025-05-28,2470300147.8,normal,102000
24194.0012,synthetic,2025-05-29T17:00:00+07:00,HOSE,24194.0012,24435.941211999998,23952.061188,24194.0012,SYNTHETIC-02,SYN02,2025-05-29,2467788122.4,normal,102000
24172.5185,synthetic,2025-05-30T17:00:00+07:00,HOSE,24172.5185,24414.243684999998,23930.793315,24172.5185,SYNTHETIC-02,SYN02,2025-05-30,2465596887.0,normal,102000
24154.3857,synthetic,2025-06-02T17:00:00+07:00,HOSE,24154.3857,24395.929557,23912.841843,24154.3857,SYNTHETIC-02,SYN02,2025-06-02,2463747341.4,normal,102000
24139.7806,synthetic,2025-06-03T17:00:00+07:00,HOSE,24139.7806,24381.178406,23898.382793999997,24139.7806,SYNTHETIC-02,SYN02,2025-06-03,2462257621.2,normal,102000
24128.8534,synthetic,2025-06-04T17:00:00+07:00,HOSE,24128.8534,24370.141934,23887.564866,24128.8534,SYNTHETIC-02,SYN02,2025-06-04,2461143046.8,normal,102000
24121.725,synthetic,2025-06-05T17:00:00+07:00,HOSE,24121.725,24362.94225,23880.507749999997,24121.725,SYNTHETIC-02,SYN02,2025-06-05,2460415950.0,normal,102000
24118.4869,synthetic,2025-06-06T17:00:00+07:00,HOSE,24118.4869,24359.671769,23877.302031,24118.4869,SYNTHETIC-02,SYN02,2025-06-06,2460085663.8,normal,102000
24119.2001,synthetic,2025-06-09T17:00:00+07:00,HOSE,24119.2001,24360.392100999998,23878.008099,24119.2001,SYNTHETIC-02,SYN02,2025-06-09,2460158410.2,normal,102000
24123.8948,synthetic,2025-06-10T17:00:00+07:00,HOSE,24123.8948,24365.133748,23882.655851999996,24123.8948,SYNTHETIC-02,SYN02,2025-06-10,2460637269.6,normal,102000
24132.5705,synthetic,2025-06-11T17:00:00+07:00,HOSE,24132.5705,24373.896205,23891.244795000002,24132.5705,SYNTHETIC-02,SYN02,2025-06-11,2461522191.0,normal,102000
24145.1957,synthetic,2025-06-12T17:00:00+07:00,HOSE,24145.1957,24386.647657,23903.743743,24145.1957,SYNTHETIC-02,SYN02,2025-06-12,2462809961.4,normal,102000
24161.7081,synthetic,2025-06-13T17:00:00+07:00,HOSE,24161.7081,24403.325181,23920.091019,24161.7081,SYNTHETIC-02,SYN02,2025-06-13,2464494226.2,normal,102000
24182.0151,synthetic,2025-06-16T17:00:00+07:00,HOSE,24182.0151,24423.835251,23940.194949,24182.0151,SYNTHETIC-02,SYN02,2025-06-16,2466565540.2000003,normal,102000
24205.9943,synthetic,2025-06-17T17:00:00+07:00,HOSE,24205.9943,24448.054243,23963.934357,24205.9943,SYNTHETIC-02,SYN02,2025-06-17,2469011418.6,normal,102000
24233.4943,synthetic,2025-06-18T17:00:00+07:00,HOSE,24233.4943,24475.829243,23991.159356999997,24233.4943,SYNTHETIC-02,SYN02,2025-06-18,2471816418.6,normal,102000
24264.3354,synthetic,2025-06-19T17:00:00+07:00,HOSE,24264.3354,24506.978754,24021.692046,24264.3354,SYNTHETIC-02,SYN02,2025-06-19,2474962210.8,normal,102000
24298.3113,synthetic,2025-06-20T17:00:00+07:00,HOSE,24298.3113,24541.294413,24055.328187000003,24298.3113,SYNTHETIC-02,SYN02,2025-06-20,2478427752.6,normal,102000
24335.1901,synthetic,2025-06-23T17:00:00+07:00,HOSE,24335.1901,24578.542001,24091.838198999998,24335.1901,SYNTHETIC-02,SYN02,2025-06-23,2482189390.2,normal,102000
24374.7156,synthetic,2025-06-24T17:00:00+07:00,HOSE,24374.7156,24618.462756,24130.968444,24374.7156,SYNTHETIC-02,SYN02,2025-06-24,2486220991.2,normal,102000
24416.6096,synthetic,2025-06-25T17:00:00+07:00,HOSE,24416.6096,24660.775696,24172.443504,24416.6096,SYNTHETIC-02,SYN02,2025-06-25,2490494179.2,normal,102000
24460.5736,synthetic,2025-06-26T17:00:00+07:00,HOSE,24460.5736,24705.179336,24215.967864,24460.5736,SYNTHETIC-02,SYN02,2025-06-26,2494978507.2,normal,102000
24506.2908,synthetic,2025-06-27T17:00:00+07:00,HOSE,24506.2908,24751.353708,24261.227892,24506.2908,SYNTHETIC-02,SYN02,2025-06-27,2499641661.6,normal,102000
24553.4286,synthetic,2025-06-30T17:00:00+07:00,HOSE,24553.4286,24798.962886,24307.894313999997,24553.4286,SYNTHETIC-02,SYN02,2025-06-30,2504449717.2,normal,102000
24569.2465,synthetic,2024-01-01T17:00:00+07:00,HOSE,24569.2465,24814.938965,24323.554035,24569.2465,SYNTHETIC-03,SYN03,2024-01-01,2530632389.5,normal,103000
24529.6197,synthetic,2024-01-02T17:00:00+07:00,HOSE,24529.6197,24774.915897,24284.323503,24529.6197,SYNTHETIC-03,SYN03,2024-01-02,2526550829.1,normal,103000
24489.8519,synthetic,2024-01-03T17:00:00+07:00,HOSE,24489.8519,24734.750419,24244.953381000003,24489.8519,SYNTHETIC-03,SYN03,2024-01-03,2522454745.7000003,normal,103000
24450.311,synthetic,2024-01-04T17:00:00+07:00,HOSE,24450.311,24694.814110000003,24205.80789,24450.311,SYNTHETIC-03,SYN03,2024-01-04,2518382033.0,normal,103000
24411.3612,synthetic,2024-01-05T17:00:00+07:00,HOSE,24411.3612,24655.474812,24167.247588,24411.3612,SYNTHETIC-03,SYN03,2024-01-05,2514370203.6,normal,103000
24373.3599,synthetic,2024-01-08T17:00:00+07:00,HOSE,24373.3599,24617.093499,24129.626301,24373.3599,SYNTHETIC-03,SYN03,2024-01-08,2510456069.7,normal,103000
24336.6554,synthetic,2024-01-09T17:00:00+07:00,HOSE,24336.6554,24580.021954,24093.288846,24336.6554,SYNTHETIC-03,SYN03,2024-01-09,2506675506.2,normal,103000
24301.5836,synthetic,2024-01-10T17:00:00+07:00,HOSE,24301.5836,24544.599436,24058.567764000003,24301.5836,SYNTHETIC-03,SYN03,2024-01-10,2503063110.8,normal,103000
24268.4655,synthetic,2024-01-11T17:00:00+07:00,HOSE,24268.4655,24511.150155,24025.780844999997,24268.4655,SYNTHETIC-03,SYN03,2024-01-11,2499651946.5,normal,103000
24237.6055,synthetic,2024-01-12T17:00:00+07:00,HOSE,24237.6055,24479.981555000002,23995.229445,24237.6055,SYNTHETIC-03,SYN03,2024-01-12,2496473366.5,normal,103000
24209.2884,synthetic,2024-01-15T17:00:00+07:00,HOSE,24209.2884,24451.381284000003,23967.195516,24209.2884,SYNTHETIC-03,SYN03,2024-01-15,2493556705.2000003,normal,103000
24183.7778,synthetic,2024-01-16T17:00:00+07:00,HOSE,24183.7778,24425.615578,23941.940022,24183.7778,SYNTHETIC-03,SYN03,2024-01-16,2490929113.4,normal,103000
24161.3141,synthetic,2024-01-17T17:00:00+07:00,HOSE,24161.3141,24402.927241,23919.700958999998,24161.3141,SYNTHETIC-03,SYN03,2024-01-17,2488615352.3,normal,103000
24142.1132,synthetic,2024-01-18T17:00:00+07:00,HOSE,24142.1132,24383.534332,23900.692068,24142.1132,SYNTHETIC-03,SYN03,2024-01-18,2486637659.6,normal,103000
24126.3645,synthetic,2024-01-19T17:00:00+07:00,HOSE,24126.3645,24367.628145,23885.100855,24126.3645,SYNTHETIC-03,SYN03,2024-01-19,2485015543.5,normal,103000
24114.23,synthetic,2024-01-22T17:00:00+07:00,HOSE,24114.23,24355.3723,23873.0877,24114.23,SYNTHETIC-03,SYN03,2024-01-22,2483765690.0,normal,103000
24105.8434,synthetic,2024-01-23T17:00:00+07:00,HOSE,24105.8434,24346.901834,23864.784966000003,24105.8434,SYNTHETIC-03,SYN03,2024-01-23,2482901870.2000003,normal,103000
24101.3087,synthetic,2024-01-24T17:00:00+07:00,HOSE,24101.3087,24342.321787,23860.295613000002,24101.3087,SYNTHETIC-03,SYN03,2024-01-24,2482434796.1000004,normal,103000
24100.7001,synthetic,2024-01-25T17:00:00+07:00,HOSE,24100.7001,24341.707101,23859.693098999996,24100.7001,SYNTHETIC-03,SYN03,2024-01-25,2482372110.2999997,normal,103000
24104.061,synthetic,2024-01-26T17:00:00+07:00,HOSE,24104.061,24345.10161,23863.02039,24104.061,SYNTHETIC-03,SYN03,2024-01-26,2482718283.0,normal,103000
24111.4043,synthetic,2024-01-29T17:00:00+07:00,HOSE,24111.4043,24352.518343,23870.290256999997,24111.4043,SYNTHETIC-03,SYN03,2024-01-29,2483474642.8999996,normal,103000
24122.7116,synthetic,2024-01-30T17:00:00+07:00,HOSE,24122.7116,24363.938716,23881.484483999997,24122.7116,SYNTHETIC-03,SYN03,2024-01-30,2484639294.7999997,normal,103000
24137.9341,synthetic,2024-01-31T17:00:00+07:00,HOSE,24137.9341,24379.313441,23896.554759,24137.9341,SYNTHETIC-03,SYN03,2024-01-31,2486207212.2999997,normal,103000
24156.9921,synthetic,2024-02-01T17:00:00+07:00,HOSE,24156.9921,24398.562020999998,23915.422179,24156.9921,SYNTHETIC-03,SYN03,2024-02-01,2488170186.2999997,normal,103000
24179.7761,synthetic,2024-02-02T17:00:00+07:00,HOSE,24179.7761,24421.573861,23937.978338999998,24179.7761,SYNTHETIC-03,SYN03,2024-02-02,2490516938.2999997,normal,103000
24206.147,synthetic,2024-02-05T17:00:00+07:00,HOSE,24206.147,24448.20847,23964.08553,24206.147,SYNTHETIC-03,SYN03,2024-02-05,2493233141.0,normal,103000
24235.9375,synthetic,2024-02-06T17:00:00+07:00,HOSE,24235.9375,24478.296875,23993.578125,24235.9375,SYNTHETIC-03,SYN03,2024-02-06,2496301562.5,normal,103000
24268.9526,synthetic,2024-02-07T17:00:00+07:00,HOSE,24268.9526,24511.642126000002,24026.263074,24268.9526,SYNTHETIC-03,SYN03,2024-02-07,2499702117.8,normal,103000
24304.9713,synthetic,2024-02-08T17:00:00+07:00,HOSE,24304.9713,24548.021013,24061.921587,24304.9713,SYNTHETIC-03,SYN03,2024-02-08,2503412043.9,normal,103000
24343.7479,synthetic,2024-02-09T17:00:00+07:00,HOSE,24343.7479,24587.185379,24100.310421,24343.7479,SYNTHETIC-03,SYN03,2024-02-09,2507406033.7,normal,103000
24385.0135,synthetic,2024-02-12T17:00:00+07:00,HOSE,24385.0135,24628.863635,24141.163365,24385.0135,SYNTHETIC-03,SYN03,2024-02-12,2511656390.5,normal,103000
24428.4784,synthetic,2024-02-13T17:00:00+07:00,HOSE,24428.4784,24672.763184,24184.193616,24428.4784,SYNTHETIC-03,SYN03,2024-02-13,2516133275.2,normal,103000
24473.8334,synthetic,2024-02-14T17:00:00+07:00,HOSE,24473.8334,24718.571734,24229.095065999998,24473.8334,SYNTHETIC-03,SYN03,2024-02-14,2520804840.2,normal,103000
24520.7527,synthetic,2024-02-15T17:00:00+07:00,HOSE,24520.7527,24765.960227,24275.545173000002,24520.7527,SYNTHETIC-03,SYN03,2024-02-15,2525637528.1,normal,103000
24568.8958,synthetic,2024-02-16T17:00:00+07:00,HOSE,24568.8958,24814.584757999997,24323.206842,24568.8958,SYNTHETIC-03,SYN03,2024-02-16,2530596267.3999996,normal,103000
24617.9105,synthetic,2024-02-19T17:00:00+07:00,HOSE,24617.9105,24864.089605,24371.731395000003,24617.9105,SYNTHETIC-03,SYN03,2024-02-19,2535644781.5,normal,103000
24667.4352,synthetic,2024-02-20T17:00:00+07:00,HOSE,24667.4352,24914.109552,24420.760847999998,24667.4352,SYNTHETIC-03,SYN03,2024-02-20,2540745825.6,normal,103000
24717.1023,synthetic,2024-02-21T17:00:00+07:00,HOSE,24717.1023,24964.273322999998,24469.931277,24717.1023,SYNTHETIC-03,SYN03,2024-02-21,2545861536.9,normal,103000
24766.5406,synthetic,2024-02-22T17:00:00+07:00,HOSE,24766.5406,25014.206006,24518.875194,24766.5406,SYNTHETIC-03,SYN03,2024-02-22,2550953681.8,normal,103000
24815.3788,synthetic,2024-02-23T17:00:00+07:00,HOSE,24815.3788,25063.532588,24567.225012,24815.3788,SYNTHETIC-03,SYN03,2024-02-23,2555984016.3999996,normal,103000
24863.2486,synthetic,2024-02-26T17:00:00+07:00,HOSE,24863.2486,25111.881085999998,24614.616114,24863.2486,SYNTHETIC-03,SYN03,2024-02-26,2560914605.7999997,normal,103000
24909.7875,synthetic,2024-02-27T17:00:00+07:00,HOSE,24909.7875,25158.885374999998,24660.689625,24909.7875,SYNTHETIC-03,SYN03,2024-02-27,2565708112.5,normal,103000
24954.6425,synthetic,2024-02-28T17:00:00+07:00,HOSE,24954.6425,25204.188925000002,24705.096075,24954.6425,SYNTHETIC-03,SYN03,2024-02-28,2570328177.5,normal,103000
24997.4732,synthetic,2024-02-29T17:00:00+07:00,HOSE,24997.4732,25247.447932,24747.498468,24997.4732,SYNTHETIC-03,SYN03,2024-02-29,2574739739.6,normal,103000
25037.9544,synthetic,2024-03-01T17:00:00+07:00,HOSE,25037.9544,25288.333943999998,24787.574856,25037.9544,SYNTHETIC-03,SYN03,2024-03-01,2578909303.2,normal,103000
25075.7799,synthetic,2024-03-04T17:00:00+07:00,HOSE,25075.7799,25326.537699,24825.022101000002,25075.7799,SYNTHETIC-03,SYN03,2024-03-04,2582805329.7000003,normal,103000
25110.6647,synthetic,2024-03-05T17:00:00+07:00,HOSE,25110.6647,25361.771347,24859.558053,25110.6647,SYNTHETIC-03,SYN03,2024-03-05,2586398464.1,normal,103000
25142.3483,synthetic,2024-03-06T17:00:00+07:00,HOSE,25142.3483,25393.771783,24890.924817000003,25142.3483,SYNTHETIC-03,SYN03,2024-03-06,2589661874.9,normal,103000
25170.5969,synthetic,2024-03-07T17:00:00+07:00,HOSE,25170.5969,25422.302869,24918.890931,25170.5969,SYNTHETIC-03,SYN03,2024-03-07,2592571480.7,normal,103000
25195.2057,synthetic,2024-03-08T17:00:00+07:00,HOSE,25195.2057,25447.157756999997,24943.253643,25195.2057,SYNTHETIC-03,SYN03,2024-03-08,2595106187.1,normal,103000
25216.001,synthetic,2024-03-11T17:00:00+07:00,HOSE,25216.001,25468.16101,24963.84099,25216.001,SYNTHETIC-03,SYN03,2024-03-11,2597248103.0,normal,103000
25232.8422,synthetic,2024-03-12T17:00:00+07:00,HOSE,25232.8422,25485.170621999998,24980.513778,25232.8422,SYNTHETIC-03,SYN03,2024-03-12,2598982746.6,normal,103000
25245.6227,synthetic,2024-03-13T17:00:00+07:00,HOSE,25245.6227,25498.078927,24993.166473,25245.6227,SYNTHETIC-03,SYN03,2024-03-13,2600299138.1,normal,103000
25254.2713,synthetic,2024-03-14T17:00:00+07:00,HOSE,25254.2713,25506.814013,25001.728587,25254.2713,SYNTHETIC-03,SYN03,2024-03-14,2601189943.9,normal,103000
25258.7531,synthetic,2024-03-15T17:00:00+07:00,HOSE,25258.7531,25511.340631000003,25006.165569,25258.7531,SYNTHETIC-03,SYN03,2024-03-15,2601651569.3,normal,103000
25259.0696,synthetic,2024-03-18T17:00:00+07:00,HOSE,25259.0696,25511.660296,25006.478904,25259.0696,SYNTHETIC-03,SYN03,2024-03-18,2601684168.7999997,normal,103000
25255.2585,synthetic,2024-03-19T17:00:00+07:00,HOSE,25255.2585,25507.811085,25002.705915,25255.2585,SYNTHETIC-03,SYN03,2024-03-19,2601291625.5,normal,103000
25247.394,synthetic,2024-03-20T17:00:00+07:00,HOSE,25247.394,25499.86794,24994.92006,25247.394,SYNTHETIC-03,SYN03,2024-03-20,2600481582.0,normal,103000
25235.5853,synthetic,2024-03-21T17:00:00+07:00,HOSE,25235.5853,25487.941153,24983.229446999998,25235.5853,SYNTHETIC-03,SYN03,2024-03-21,2599265285.9,normal,103000
25219.976,synthetic,2024-03-22T17:00:00+07:00,HOSE,25219.976,25472.17576,24967.77624,25219.976,SYNTHETIC-03,SYN03,2024-03-22,2597657528.0,normal,103000
25200.7425,synthetic,2024-03-25T17:00:00+07:00,HOSE,25200.7425,25452.749925,24948.735075,25200.7425,SYNTHETIC-03,SYN03,2024-03-25,2595676477.5,normal,103000
25178.0925,synthetic,2024-03-26T17:00:00+07:00,HOSE,25178.0925,25429.873424999998,24926.311575,25178.0925,SYNTHETIC-03,SYN03,2024-03-26,2593343527.5,normal,103000
25152.2623,synthetic,2024-03-27T17:00:00+07:00,HOSE,25152.2623,25403.784923,24900.739676999998,25152.2623,SYNTHETIC-03,SYN03,2024-03-27,2590683016.8999996,normal,103000
25123.5152,synthetic,2024-03-28T17:00:00+07:00,HOSE,25123.5152,25374.750352000003,24872.280048,25123.5152,SYNTHETIC-03,SYN03,2024-03-28,2587722065.6000004,normal,103000
25092.1388,synthetic,2024-03-29T17:00:00+07:00,HOSE,25092.1388,25343.060188,24841.217412,25092.1388,SYNTHETIC-03,SYN03,2024-03-29,2584490296.4,normal,103000
25058.4419,synthetic,2024-04-01T17:00:00+07:00,HOSE,25058.4419,25309.026319,24807.857481000003,25058.4419,SYNTHETIC-03,SYN03,2024-04-01,2581019515.7000003,normal,103000
25022.7519,synthetic,2024-04-02T17:00:00+07:00,HOSE,25022.7519,25272.979419,24772.524381,25022.7519,SYNTHETIC-03,SYN03,2024-04-02,2577343445.7,normal,103000
24985.4119,synthetic,2024-04-03T17:00:00+07:00,HOSE,24985.4119,25235.266019,24735.557781,24985.4119,SYNTHETIC-03,SYN03,2024-04-03,2573497425.7,normal,103000
24946.7773,synthetic,2024-04-04T17:00:00+07:00,HOSE,24946.7773,25196.245073000002,24697.309527,24946.7773,SYNTHETIC-03,SYN03,2024-04-04,2569518061.9,normal,103000
24907.2127,synthetic,2024-04-05T17:00:00+07:00,HOSE,24907.2127,25156.284827,24658.140573,24907.2127,SYNTHETIC-03,SYN03,2024-04-05,2565442908.1,normal,103000
24867.0886,synthetic,2024-04-08T17:00:00+07:00,HOSE,24867.0886,25115.759486,24618.417714,24867.0886,SYNTHETIC-03,SYN03,2024-04-08,2561310125.7999997,normal,103000
24826.7787,synthetic,2024-04-09T17:00:00+07:00,HOSE,24826.7787,25075.046487,24578.510913,24826.7787,SYNTHETIC-03,SYN03,2024-04-09,2557158206.1,normal,103000
24786.6559,synthetic,2024-04-10T17:00:00+07:00,HOSE,24786.6559,25034.522459000003,24538.789341,24786.6559,SYNTHETIC-03,SYN03,2024-04-10,2553025557.7000003,normal,103000
24747.09,synthetic,2024-04-11T17:00:00+07:00,HOSE,24747.09,24994.5609,24499.6191,24747.09,SYNTHETIC-03,SYN03,2024-04-11,2548950270.0,normal,103000
24708.4444,synthetic,2024-04-12T17:00:00+07:00,HOSE,24708.4444,24955.528844,24461.359956,24708.4444,SYNTHETIC-03,SYN03,2024-04-12,2544969773.2,normal,103000
24671.0731,synthetic,2024-04-15T17:00:00+07:00,HOSE,24671.0731,24917.783831,24424.362369000002,24671.0731,SYNTHETIC-03,SYN03,2024-04-15,2541120529.3,normal,103000
24635.3181,synthetic,2024-04-16T17:00:00+07:00,HOSE,24635.3181,24881.671281,24388.964919000002,24635.3181,SYNTHETIC-03,SYN03,2024-04-16,2537437764.3,normal,103000
24601.5069,synthetic,2024-04-17T17:00:00+07:00,HOSE,24601.5069,24847.521969,24355.491831,24601.5069,SYNTHETIC-03,SYN03,2024-04-17,2533955210.7,normal,103000
24569.9497,synthetic,2024-04-18T17:00:00+07:00,HOSE,24569.9497,24815.649197000002,24324.250203,24569.9497,SYNTHETIC-03,SYN03,2024-04-18,2530704819.1,normal,103000
24540.9379,synthetic,2024-04-19T17:00:00+07:00,HOSE,24540.9379,24786.347279,24295.528521,24540.9379,SYNTHETIC-03,SYN03,2024-04-19,2527716603.7000003,normal,103000
24514.741,synthetic,2024-04-22T17:00:00+07:00,HOSE,24514.741,24759.888410000003,24269.59359,24514.741,SYNTHETIC-03,SYN03,2024-04-22,2525018323.0,normal,103000
24491.6056,synthetic,2024-04-23T17:00:00+07:00,HOSE,24491.6056,24736.521656,24246.689543999997,24491.6056,SYNTHETIC-03,SYN03,2024-04-23,2522635376.7999997,normal,103000
24471.7535,synthetic,2024-04-24T17:00:00+07:00,HOSE,24471.7535,24716.471035,24227.035965,24471.7535,SYNTHETIC-03,SYN03,2024-04-24,2520590610.5,normal,103000
24455.3796,synthetic,2024-04-25T17:00:00+07:00,HOSE,24455.3796,24699.933396,24210.825804,24455.3796,SYNTHETIC-03,SYN03,2024-04-25,2518904098.8,normal,103000
24442.6517,synthetic,2024-04-26T17:00:00+07:00,HOSE,24442.6517,24687.078217,24198.225183,24442.6517,SYNTHETIC-03,SYN03,2024-04-26,2517593125.1,normal,103000
24433.7083,synthetic,2024-04-29T17:00:00+07:00,HOSE,24433.7083,24678.045382999997,24189.371217,24433.7083,SYNTHETIC-03,SYN03,2024-04-29,2516671954.8999996,normal,103000
24428.6586,synthetic,2024-04-30T17:00:00+07:00,HOSE,24428.6586,24672.945186,24184.372013999997,24428.6586,SYNTHETIC-03,SYN03,2024-04-30,2516151835.7999997,normal,103000
24427.581,synthetic,2024-05-01T17:00:00+07:00,HOSE,24427.581,24671.856809999997,24183.30519,24427.581,SYNTHETIC-03,SYN03,2024-05-01,2516040843.0,normal,103000
24430.5235,synthetic,2024-05-02T17:00:00+07:00,HOSE,24430.5235,24674.828735,24186.218265,24430.5235,SYNTHETIC-03,SYN03,2024-05-02,2516343920.5,normal,103000
24437.5024,synthetic,2024-05-03T17:00:00+07:00,HOSE,24437.5024,24681.877424000002,24193.127376,24437.5024,SYNTHETIC-03,SYN03,2024-05-03,2517062747.2000003,normal,103000
24448.5029,synthetic,2024-05-06T17:00:00+07:00,HOSE,24448.5029,24692.987929,24204.017871,24448.5029,SYNTHETIC-03,SYN03,2024-05-06,2518195798.7,normal,103000
24463.479,synthetic,2024-05-07T17:00:00+07:00,HOSE,24463.479,24708.11379,24218.84421,24463.479,SYNTHETIC-03,SYN03,2024-05-07,2519738337.0,normal,103000
24482.3534,synthetic,2024-05-08T17:00:00+07:00,HOSE,24482.3534,24727.176934,24237.529866,24482.3534,SYNTHETIC-03,SYN03,2024-05-08,2521682400.2,normal,103000
24505.0187,synthetic,2024-05-09T17:00:00+07:00,HOSE,24505.0187,24750.068887,24259.968513,24505.0187,SYNTHETIC-03,SYN03,2024-05-09,2524016926.1,normal,103000
24531.3373,synthetic,2024-05-10T17:00:00+07:00,HOSE,24531.3373,24776.650673,24286.023927,24531.3373,SYNTHETIC-03,SYN03,2024-05-10,2526727741.9,normal,103000
24561.1429,synthetic,2024-05-13T17:00:00+07:00,HOSE,24561.1429,24806.754329,24315.531471,24561.1429,SYNTHETIC-03,SYN03,2024-05-13,2529797718.7,normal,103000
24594.2409,synthetic,2024-05-14T17:00:00+07:00,HOSE,24594.2409,24840.183309,24348.298491,24594.2409,SYNTHETIC-03,SYN03,2024-05-14,2533206812.7000003,normal,103000
24630.4103,synthetic,2024-05-15T17:00:00+07:00,HOSE,24630.4103,24876.714402999998,24384.106197,24630.4103,SYNTHETIC-03,SYN03,2024-05-15,2536932260.9,normal,103000
24669.4049,synthetic,2024-05-16T17:00:00+07:00,HOSE,24669.4049,24916.098949000003,24422.710851,24669.4049,SYNTHETIC-03,SYN03,2024-05-16,2540948704.7000003,normal,103000
24710.9548,synthetic,2024-05-17T17:00:00+07:00,HOSE,24710.9548,24958.064348,24463.845252,24710.9548,SYNTHETIC-03,SYN03,2024-05-17,2545228344.4,normal,103000
24754.7686,synthetic,2024-05-20T17:00:00+07:00,HOSE,24754.7686,25002.316286,24507.220913999998,24754.7686,SYNTHETIC-03,SYN03,2024-05-20,2549741165.7999997,normal,103000
24800.5352,synthetic,2024-05-21T17:00:00+07:00,HOSE,24800.5352,25048.540552,24552.529848,24800.5352,SYNTHETIC-03,SYN03,2024-05-21,2554455125.6,normal,103000
24847.926,synthetic,2024-05-22T17:00:00+07:00,HOSE,24847.926,25096.40526,24599.44674,24847.926,SYNTHETIC-03,SYN03,2024-05-22,2559336378.0,normal,103000
24896.5976,synthetic,2024-05-23T17:00:00+07:00,HOSE,24896.5976,25145.563576,24647.631624,24896.5976,SYNTHETIC-03,SYN03,2024-05-23,2564349552.8,normal,103000
24946.1942,synthetic,2024-05-24T17:00:00+07:00,HOSE,24946.1942,25195.656142000003,24696.732258,24946.1942,SYNTHETIC-03,SYN03,2024-05-24,2569458002.6000004,normal,103000
24996.3503,synthetic,2024-05-27T17:00:00+07:00,HOSE,24996.3503,25246.313802999997,24746.386797,24996.3503,SYNTHETIC-03,SYN03,2024-05-27,2574624080.8999996,normal,103000
25046.6938,synthetic,2024-05-28T17:00:00+07:00,HOSE,25046.6938,25297.160738000002,24796.226862,25046.6938,SYNTHETIC-03,SYN03,2024-05-28,2579809461.4,normal,103000
25096.8488,synthetic,2024-05-29T17:00:00+07:00,HOSE,25096.8488,25347.817288,24845.880312,25096.8488,SYNTHETIC-03,SYN03,2024-05-29,2584975426.4,normal,103000
25146.4388,synthetic,2024-05-30T17:00:00+07:00,HOSE,25146.4388,25397.903188,24894.974412,25146.4388,SYNTHETIC-03,SYN03,2024-05-30,2590083196.4,normal,103000
25195.0898,synthetic,2024-05-31T17:00:00+07:00,HOSE,25195.0898,25447.040698,24943.138902000002,25195.0898,SYNTHETIC-03,SYN03,2024-05-31,2595094249.4,normal,103000
25242.4338,synthetic,2024-06-03T17:00:00+07:00,HOSE,25242.4338,25494.858138,24990.009461999998,25242.4338,SYNTHETIC-03,SYN03,2024-06-03,2599970681.4,normal,103000
25288.1116,synthetic,2024-06-04T17:00:00+07:00,HOSE,25288.1116,25540.992716,25035.230484,25288.1116,SYNTHETIC-03,SYN03,2024-06-04,2604675494.8,normal,103000
25331.7766,synthetic,2024-06-05T17:00:00+07:00,HOSE,25331.7766,25585.094366,25078.458834,25331.7766,SYNTHETIC-03,SYN03,2024-06-05,2609172989.8,normal,103000
25373.0972,synthetic,2024-06-06T17:00:00+07:00,HOSE,25373.0972,25626.828172,25119.366228,25373.0972,SYNTHETIC-03,SYN03,2024-06-06,2613429011.6,normal,103000
25411.7607,synthetic,2024-06-07T17:00:00+07:00,HOSE,25411.7607,25665.878307,25157.643093,25411.7607,SYNTHETIC-03,SYN03,2024-06-07,2617411352.1,normal,103000
25447.4757,synthetic,2024-06-10T17:00:00+07:00,HOSE,25447.4757,25701.950457,25193.000943,25447.4757,SYNTHETIC-03,SYN03,2024-06-10,2621089997.1,normal,103000
25479.9751,synthetic,2024-06-11T17:00:00+07:00,HOSE,25479.9751,25734.774851,25225.175349,25479.9751,SYNTHETIC-03,SYN03,2024-06-11,2624437435.3,normal,103000
25509.0186,synthetic,2024-06-12T17:00:00+07:00,HOSE,25509.0186,25764.108786,25253.928413999998,25509.0186,SYNTHETIC-03,SYN03,2024-06-12,2627428915.7999997,normal,103000
25534.3953,synthetic,2024-06-13T17:00:00+07:00,HOSE,25534.3953,25789.739253,25279.051347,25534.3953,SYNTHETIC-03,SYN03,2024-06-13,2630042715.9,normal,103000
25555.9253,synthetic,2024-06-14T17:00:00+07:00,HOSE,25555.9253,25811.484553,25300.366047,25555.9253,SYNTHETIC-03,SYN03,2024-06-14,2632260305.9,normal,103000
25573.4622,synthetic,2024-06-17T17:00:00+07:00,HOSE,25573.4622,25829.196822,25317.727578,25573.4622,SYNTHETIC-03,SYN03,2024-06-17,2634066606.6000004,normal,103000
25586.8939,synthetic,2024-06-18T17:00:00+07:00,HOSE,25586.8939,25842.762839,25331.024961,25586.8939,SYNTHETIC-03,SYN03,2024-06-18,2635450071.7,normal,103000
25596.1442,synthetic,2024-06-19T17:00:00+07:00,HOSE,25596.1442,25852.105642,25340.182758,25596.1442,SYNTHETIC-03,SYN03,2024-06-19,2636402852.6,normal,103000
25601.1733,synthetic,2024-06-20T17:00:00+07:00,HOSE,25601.1733,25857.185032999998,25345.161567,25601.1733,SYNTHETIC-03,SYN03,2024-06-20,2636920849.8999996,normal,103000
25601.9785,synthetic,2024-06-21T17:00:00+07:00,HOSE,25601.9785,25857.998285,25345.958715,25601.9785,SYNTHETIC-03,SYN03,2024-06-21,2637003785.5,normal,103000
25598.5938,synthetic,2024-06-24T17:00:00+07:00,HOSE,25598.5938,25854.579738,25342.607861999997,25598.5938,SYNTHETIC-03,SYN03,2024-06-24,2636655161.4,normal,103000
25591.0902,synthetic,2024-06-25T17:00:00+07:00,HOSE,25591.0902,25847.001102,25335.179298,25591.0902,SYNTHETIC-03,SYN03,2024-06-25,2635882290.6,normal,103000
25579.5744,synthetic,2024-06-26T17:00:00+07:00,HOSE,25579.5744,25835.370144,25323.778656000002,25579.5744,SYNTHETIC-03,SYN03,2024-06-26,2634696163.2000003,normal,103000
25564.188,synthetic,2024-06-27T17:00:00+07:00,HOSE,25564.188,25819.829879999998,25308.54612,25564.188,SYNTHETIC-03,SYN03,2024-06-27,2633111364.0,normal,103000
25545.106,synthetic,2024-06-28T17:00:00+07:00,HOSE,25545.106,25800.55706,25289.65494,25545.106,SYNTHETIC-03,SYN03,2024-06-28,2631145918.0,normal,103000
25522.5353,synthetic,2024-07-01T17:00:00+07:00,HOSE,25522.5353,25777.760653,25267.309946999998,25522.5353,SYNTHETIC-03,SYN03,2024-07-01,2628821135.9,normal,103000
25496.7124,synthetic,2024-07-02T17:00:00+07:00,HOSE,25496.7124,25751.679524,25241.745276,25496.7124,SYNTHETIC-03,SYN03,2024-07-02,2626161377.2,normal,103000
25467.901,synthetic,2024-07-03T17:00:00+07:00,HOSE,25467.901,25722.58001,25213.221990000002,25467.901,SYNTHETIC-03,SYN03,2024-07-03,2623193803.0,normal,103000
25436.3898,synthetic,2024-07-04T17:00:00+07:00,HOSE,25436.3898,25690.753698,25182.025902,25436.3898,SYNTHETIC-03,SYN03,2024-07-04,2619948149.4,normal,103000
25402.4897,synthetic,2024-07-05T17:00:00+07:00,HOSE,25402.4897,25656.514596999998,25148.464803,25402.4897,SYNTHETIC-03,SYN03,2024-07-05,2616456439.1,normal,103000
25366.5304,synthetic,2024-07-08T17:00:00+07:00,HOSE,25366.5304,25620.195704,25112.865095999998,25366.5304,SYNTHETIC-03,SYN03,2024-07-08,2612752631.2,normal,103000
25328.8581,synthetic,2024-07-09T17:00:00+07:00,HOSE,25328.8581,25582.146681000002,25075.569519,25328.8581,SYNTHETIC-03,SYN03,2024-07-09,2608872384.3,normal,103000
25289.8315,synthetic,2024-07-10T17:00:00+07:00,HOSE,25289.8315,25542.729815,25036.933185,25289.8315,SYNTHETIC-03,SYN03,2024-07-10,2604852644.5,normal,103000
25249.8194,synthetic,2024-07-11T17:00:00+07:00,HOSE,25249.8194,25502.317594,24997.321206,25249.8194,SYNTHETIC-03,SYN03,2024-07-11,2600731398.2,normal,103000
25209.197,synthetic,2024-07-12T17:00:00+07:00,HOSE,25209.197,25461.28897,24957.10503,25209.197,SYNTHETIC-03,SYN03,2024-07-12,2596547291.0,normal,103000
25168.3424,synthetic,2024-07-15T17:00:00+07:00,HOSE,25168.3424,25420.025824,24916.658976000002,25168.3424,SYNTHETIC-03,SYN03,2024-07-15,2592339267.2000003,normal,103000
25127.6343,synthetic,2024-07-16T17:00:00+07:00,HOSE,25127.6343,25378.910643000003,24876.357957,25127.6343,SYNTHETIC-03,SYN03,2024-07-16,2588146332.9,normal,103000
25087.4477,synthetic,2024-07-17T17:00:00+07:00,HOSE,25087.4477,25338.322177000002,24836.573223,25087.4477,SYNTHETIC-03,SYN03,2024-07-17,2584007113.1,normal,103000
25048.152,synthetic,2024-07-18T17:00:00+07:00,HOSE,25048.152,25298.63352,24797.670479999997,25048.152,SYNTHETIC-03,SYN03,2024-07-18,2579959656.0,normal,103000
25010.1071,synthetic,2024-07-19T17:00:00+07:00,HOSE,25010.1071,25260.208171000002,24760.006029,25010.1071,SYNTHETIC-03,SYN03,2024-07-19,2576041031.3,normal,103000
24973.6613,synthetic,2024-07-22T17:00:00+07:00,HOSE,24973.6613,25223.397913,24723.924687,24973.6613,SYNTHETIC-03,SYN03,2024-07-22,2572287113.9,normal,103000
24939.1483,synthetic,2024-07-23T17:00:00+07:00,HOSE,24939.1483,25188.539783,24689.756817,24939.1483,SYNTHETIC-03,SYN03,2024-07-23,2568732274.9,normal,103000
24906.8847,synthetic,2024-07-24T17:00:00+07:00,HOSE,24906.8847,25155.953546999997,24657.815853,24906.8847,SYNTHETIC-03,SYN03,2024-07-24,2565409124.1,normal,103000
24877.1681,synthetic,2024-07-25T17:00:00+07:00,HOSE,24877.1681,25125.939781,24628.396418999997,24877.1681,SYNTHETIC-03,SYN03,2024-07-25,2562348314.2999997,normal,103000
24850.2743,synthetic,2024-07-26T17:00:00+07:00,HOSE,24850.2743,25098.777043000002,24601.771557,24850.2743,SYNTHETIC-03,SYN03,2024-07-26,2559578252.9,normal,103000
24826.4562,synthetic,2024-07-29T17:00:00+07:00,HOSE,24826.4562,25074.720762,24578.191638,24826.4562,SYNTHETIC-03,SYN03,2024-07-29,2557124988.6,normal,103000
24805.9412,synthetic,2024-07-30T17:00:00+07:00,HOSE,24805.9412,25054.000612,24557.881788000002,24805.9412,SYNTHETIC-03,SYN03,2024-07-30,2555011943.6,normal,103000
24788.9304,synthetic,2024-07-31T17:00:00+07:00,HOSE,24788.9304,25036.819704,24541.041096,24788.9304,SYNTHETIC-03,SYN03,2024-07-31,2553259831.2000003,normal,103000
24775.597,synthetic,2024-08-01T17:00:00+07:00,HOSE,24775.597,25023.352970000004,24527.84103,24775.597,SYNTHETIC-03,SYN03,2024-08-01,2551886491.0,normal,103000
24766.0848,synthetic,2024-08-02T17:00:00+07:00,HOSE,24766.0848,25013.745648,24518.423952,24766.0848,SYNTHETIC-03,SYN03,2024-08-02,2550906734.4,normal,103000
24760.5079,synthetic,2024-08-05T17:00:00+07:00,HOSE,24760.5079,25008.112979,24512.902821,24760.5079,SYNTHETIC-03,SYN03,2024-08-05,2550332313.7000003,normal,103000
24758.9495,synthetic,2024-08-06T17:00:00+07:00,HOSE,24758.9495,25006.538995,24511.360005,24758.9495,SYNTHETIC-03,SYN03,2024-08-06,2550171798.5,normal,103000
24761.4617,synthetic,2024-08-07T17:00:00+07:00,HOSE,24761.4617,25009.076317,24513.847083,24761.4617,SYNTHETIC-03,SYN03,2024-08-07,2550430555.1,normal,103000
24768.0648,synthetic,2024-08-08T17:00:00+07:00,HOSE,24768.0648,25015.745448,24520.384152,24768.0648,SYNTHETIC-03,SYN03,2024-08-08,2551110674.4,normal,103000
24778.7475,synthetic,2024-08-09T17:00:00+07:00,HOSE,24778.7475,25026.534975000002,24530.960025,24778.7475,SYNTHETIC-03,SYN03,2024-08-09,2552210992.5,normal,103000
24793.4666,synthetic,2024-08-12T17:00:00+07:00,HOSE,24793.4666,25041.401266,24545.531934,24793.4666,SYNTHETIC-03,SYN03,2024-08-12,2553727059.8,normal,103000
24812.1476,synthetic,2024-08-13T17:00:00+07:00,HOSE,24812.1476,25060.269076,24564.026124,24812.1476,SYNTHETIC-03,SYN03,2024-08-13,2555651202.8,normal,103000
24834.6849,synthetic,2024-08-14T17:00:00+07:00,HOSE,24834.6849,25083.031749,24586.338051,24834.6849,SYNTHETIC-03,SYN03,2024-08-14,2557972544.7,normal,103000
24860.9427,synthetic,2024-08-15T17:00:00+07:00,HOSE,24860.9427,25109.552127,24612.333273,24860.9427,SYNTHETIC-03,SYN03,2024-08-15,2560677098.1,normal,103000
24890.7556,synthetic,2024-08-16T17:00:00+07:00,HOSE,24890.7556,25139.663156000002,24641.848044,24890.7556,SYNTHETIC-03,SYN03,2024-08-16,2563747826.8,normal,103000
24923.9297,synthetic,2024-08-19T17:00:00+07:00,HOSE,24923.9297,25173.168997,24674.690403,24923.9297,SYNTHETIC-03,SYN03,2024-08-19,2567164759.1,normal,103000
24960.244,synthetic,2024-08-20T17:00:00+07:00,HOSE,24960.244,25209.846439999998,24710.64156,24960.244,SYNTHETIC-03,SYN03,2024-08-20,2570905132.0,normal,103000
24999.4517,synthetic,2024-08-21T17:00:00+07:00,HOSE,24999.4517,25249.446217,24749.457183000002,24999.4517,SYNTHETIC-03,SYN03,2024-08-21,2574943525.1000004,normal,103000
25041.2821,synthetic,2024-08-22T17:00:00+07:00,HOSE,25041.2821,25291.694921000002,24790.869279,25041.2821,SYNTHETIC-03,SYN03,2024-08-22,2579252056.3,normal,103000
25085.4422,synthetic,2024-08-23T17:00:00+07:00,HOSE,25085.4422,25336.296622,24834.587778,25085.4422,SYNTHETIC-03,SYN03,2024-08-23,2583800546.6,normal,103000
25131.6187,synthetic,2024-08-26T17:00:00+07:00,HOSE,25131.6187,25382.934887,24880.302513,25131.6187,SYNTHETIC-03,SYN03,2024-08-26,2588556726.1,normal,103000
25179.4806,synthetic,2024-08-27T17:00:00+07:00,HOSE,25179.4806,25431.275406,24927.685793999997,25179.4806,SYNTHETIC-03,SYN03,2024-08-27,2593486501.7999997,normal,103000
25228.6814,synthetic,2024-08-28T17:00:00+07:00,HOSE,25228.6814,25480.968214,24976.394586000002,25228.6814,SYNTHETIC-03,SYN03,2024-08-28,2598554184.2000003,normal,103000
25278.8618,synthetic,2024-08-29T17:00:00+07:00,HOSE,25278.8618,25531.650417999997,25026.073182,25278.8618,SYNTHETIC-03,SYN03,2024-08-29,2603722765.4,normal,103000
25329.6523,synthetic,2024-08-30T17:00:00+07:00,HOSE,25329.6523,25582.948823000002,25076.355777,25329.6523,SYNTHETIC-03,SYN03,2024-08-30,2608954186.9,normal,103000
25380.6764,synthetic,2024-09-02T17:00:00+07:00,HOSE,25380.6764,25634.483164,25126.869636,25380.6764,SYNTHETIC-03,SYN03,2024-09-02,2614209669.2,normal,103000
25431.5534,synthetic,2024-09-03T17:00:00+07:00,HOSE,25431.5534,25685.868934000002,25177.237866,25431.5534,SYNTHETIC-03,SYN03,2024-09-03,2619450000.2000003,normal,103000
25481.9015,synthetic,2024-09-04T17:00:00+07:00,HOSE,25481.9015,25736.720515,25227.082485,25481.9015,SYNTHETIC-03,SYN03,2024-09-04,2624635854.5,normal,103000
25531.3412,synthetic,2024-09-05T17:00:00+07:00,HOSE,25531.3412,25786.654612,25276.027788,25531.3412,SYNTHETIC-03,SYN03,2024-09-05,2629728143.6,normal,103000
25579.4987,synthetic,2024-09-06T17:00:00+07:00,HOSE,25579.4987,25835.293687,25323.703713,25579.4987,SYNTHETIC-03,SYN03,2024-09-06,2634688366.1,normal,103000
25626.0088,synthetic,2024-09-09T17:00:00+07:00,HOSE,25626.0088,25882.268888,25369.748712,25626.0088,SYNTHETIC-03,SYN03,2024-09-09,2639478906.4,normal,103000
25670.5183,synthetic,2024-09-10T17:00:00+07:00,HOSE,25670.5183,25927.223483,25413.813116999998,25670.5183,SYNTHETIC-03,SYN03,2024-09-10,2644063384.9,normal,103000
25712.6895,synthetic,2024-09-11T17:00:00+07:00,HOSE,25712.6895,25969.816395,25455.562605,25712.6895,SYNTHETIC-03,SYN03,2024-09-11,2648407018.5,normal,103000
25752.2029,synthetic,2024-09-12T17:00:00+07:00,HOSE,25752.2029,26009.724929,25494.680871,25752.2029,SYNTHETIC-03,SYN03,2024-09-12,2652476898.7,normal,103000
25788.7606,synthetic,2024-09-13T17:00:00+07:00,HOSE,25788.7606,26046.648206,25530.872994,25788.7606,SYNTHETIC-03,SYN03,2024-09-13,2656242341.8,normal,103000
25822.0888,synthetic,2024-09-16T17:00:00+07:00,HOSE,25822.0888,26080.309688,25563.867912,25822.0888,SYNTHETIC-03,SYN03,2024-09-16,2659675146.4,normal,103000
25851.9408,synthetic,2024-09-17T17:00:00+07:00,HOSE,25851.9408,26110.460208,25593.421392,25851.9408,SYNTHETIC-03,SYN03,2024-09-17,2662749902.4,normal,103000
25878.0993,synthetic,2024-09-18T17:00:00+07:00,HOSE,25878.0993,26136.880293000002,25619.318307,25878.0993,SYNTHETIC-03,SYN03,2024-09-18,2665444227.9,normal,103000
25900.3782,synthetic,2024-09-19T17:00:00+07:00,HOSE,25900.3782,26159.381982,25641.374418,25900.3782,SYNTHETIC-03,SYN03,2024-09-19,2667738954.6,normal,103000
25918.6251,synthetic,2024-09-20T17:00:00+07:00,HOSE,25918.6251,26177.811351,25659.438849000002,25918.6251,SYNTHETIC-03,SYN03,2024-09-20,2669618385.3,normal,103000
25932.7223,synthetic,2024-09-23T17:00:00+07:00,HOSE,25932.7223,26192.049523,25673.395077,25932.7223,SYNTHETIC-03,SYN03,2024-09-23,2671070396.9,normal,103000
25942.5884,synthetic,2024-09-24T17:00:00+07:00,HOSE,25942.5884,26202.014284,25683.162516,25942.5884,SYNTHETIC-03,SYN03,2024-09-24,2672086605.2000003,normal,103000
25948.1788,synthetic,2024-09-25T17:00:00+07:00,HOSE,25948.1788,26207.660588000002,25688.697012,25948.1788,SYNTHETIC-03,SYN03,2024-09-25,2672662416.4,normal,103000
25949.4864,synthetic,2024-09-26T17:00:00+07:00,HOSE,25949.4864,26208.981264000002,25689.991536,25949.4864,SYNTHETIC-03,SYN03,2024-09-26,2672797099.2000003,normal,103000
25946.5414,synthetic,2024-09-27T17:00:00+07:00,HOSE,25946.5414,26206.006813999997,25687.075986,25946.5414,SYNTHETIC-03,SYN03,2024-09-27,2672493764.2,normal,103000
25939.4114,synthetic,2024-09-30T17:00:00+07:00,HOSE,25939.4114,26198.805514,25680.017286000002,25939.4114,SYNTHETIC-03,SYN03,2024-09-30,2671759374.2000003,normal,103000
25928.2005,synthetic,2024-10-01T17:00:00+07:00,HOSE,25928.2005,26187.482505,25668.918494999998,25928.2005,SYNTHETIC-03,SYN03,2024-10-01,2670604651.5,normal,103000
25913.0482,synthetic,2024-10-02T17:00:00+07:00,HOSE,25913.0482,26172.178682,25653.917718,25913.0482,SYNTHETIC-03,SYN03,2024-10-02,2669043964.6,normal,103000
25894.1281,synthetic,2024-10-03T17:00:00+07:00,HOSE,25894.1281,26153.069381,25635.186819000002,25894.1281,SYNTHETIC-03,SYN03,2024-10-03,2667095194.3,normal,103000
25871.6463,synthetic,2024-10-04T17:00:00+07:00,HOSE,25871.6463,26130.362763,25612.929837,25871.6463,SYNTHETIC-03,SYN03,2024-10-04,2664779568.9,normal,103000
25845.8391,synthetic,2024-10-07T17:00:00+07:00,HOSE,25845.8391,26104.297491,25587.380709,25845.8391,SYNTHETIC-03,SYN03,2024-10-07,2662121427.3,normal,103000
25816.9708,synthetic,2024-10-08T17:00:00+07:00,HOSE,25816.9708,26075.140508,25558.801091999998,25816.9708,SYNTHETIC-03,SYN03,2024-10-08,2659147992.4,normal,103000
25785.3312,synthetic,2024-10-09T17:00:00+07:00,HOSE,25785.3312,26043.184512,25527.477888,25785.3312,SYNTHETIC-03,SYN03,2024-10-09,2655889113.6,normal,103000
25751.2329,synthetic,2024-10-10T17:00:00+07:00,HOSE,25751.2329,26008.745229,25493.720570999998,25751.2329,SYNTHETIC-03,SYN03,2024-10-10,2652376988.7,normal,103000
25715.0083,synthetic,2024-10-11T17:00:00+07:00,HOSE,25715.0083,25972.158383,25457.858217,25715.0083,SYNTHETIC-03,SYN03,2024-10-11,2648645854.9,normal,103000
25677.0062,synthetic,2024-10-14T17:00:00+07:00,HOSE,25677.0062,25933.776262,25420.236138,25677.0062,SYNTHETIC-03,SYN03,2024-10-14,2644731638.6,normal,103000
25637.5892,synthetic,2024-10-15T17:00:00+07:00,HOSE,25637.5892,25893.965092,25381.213308,25637.5892,SYNTHETIC-03,SYN03,2024-10-15,2640671687.6,normal,103000
25597.1298,synthetic,2024-10-16T17:00:00+07:00,HOSE,25597.1298,25853.101098,25341.158502,25597.1298,SYNTHETIC-03,SYN03,2024-10-16,2636504369.4,normal,103000
25556.0078,synthetic,2024-10-17T17:00:00+07:00,HOSE,25556.0078,25811.567877999998,25300.447722,25556.0078,SYNTHETIC-03,SYN03,2024-10-17,2632268803.4,normal,103000
25514.6065,synthetic,2024-10-18T17:00:00+07:00,HOSE,25514.6065,25769.752565000003,25259.460435,25514.6065,SYNTHETIC-03,SYN03,2024-10-18,2628004469.5,normal,103000
25473.3094,synthetic,2024-10-21T17:00:00+07:00,HOSE,25473.3094,25728.042493999998,25218.576306,25473.3094,SYNTHETIC-03,SYN03,2024-10-21,2623750868.2,normal,103000
25432.4976,synthetic,2024-10-22T17:00:00+07:00,HOSE,25432.4976,25686.822576,25178.172624,25432.4976,SYNTHETIC-03,SYN03,2024-10-22,2619547252.7999997,normal,103000
25392.546,synthetic,2024-10-23T17:00:00+07:00,HOSE,25392.546,25646.471459999997,25138.62054,25392.546,SYNTHETIC-03,SYN03,2024-10-23,2615432238.0,normal,103000
25353.8209,synthetic,2024-10-24T17:00:00+07:00,HOSE,25353.8209,25607.359108999997,25100.282691,25353.8209,SYNTHETIC-03,SYN03,2024-10-24,2611443552.7,normal,103000
25316.6766,synthetic,2024-10-25T17:00:00+07:00,HOSE,25316.6766,25569.843365999997,25063.509834,25316.6766,SYNTHETIC-03,SYN03,2024-10-25,2607617689.7999997,normal,103000
25281.4532,synthetic,2024-10-28T17:00:00+07:00,HOSE,25281.4532,25534.267732,25028.638668,25281.4532,SYNTHETIC-03,SYN03,2024-10-28,2603989679.6,normal,103000
25248.4738,synthetic,2024-10-29T17:00:00+07:00,HOSE,25248.4738,25500.958538,24995.989062,25248.4738,SYNTHETIC-03,SYN03,2024-10-29,2600592801.4,normal,103000
25218.0423,synthetic,2024-10-30T17:00:00+07:00,HOSE,25218.0423,25470.222723000003,24965.861877,25218.0423,SYNTHETIC-03,SYN03,2024-10-30,2597458356.9,normal,103000
25190.441,synthetic,2024-10-31T17:00:00+07:00,HOSE,25190.441,25442.345409999998,24938.53659,25190.441,SYNTHETIC-03,SYN03,2024-10-31,2594615423.0,normal,103000
25165.9289,synthetic,2024-11-01T17:00:00+07:00,HOSE,25165.9289,25417.588189,24914.269611,25165.9289,SYNTHETIC-03,SYN03,2024-11-01,2592090676.7,normal,103000
25144.7395,synthetic,2024-11-04T17:00:00+07:00,HOSE,25144.7395,25396.186895,24893.292105,25144.7395,SYNTHETIC-03,SYN03,2024-11-04,2589908168.5,normal,103000
25127.0799,synthetic,2024-11-05T17:00:00+07:00,HOSE,25127.0799,25378.350699000002,24875.809101,25127.0799,SYNTHETIC-03,SYN03,2024-11-05,2588089229.7000003,normal,103000
25113.1287,synthetic,2024-11-06T17:00:00+07:00,HOSE,25113.1287,25364.259987,24861.997413,25113.1287,SYNTHETIC-03,SYN03,2024-11-06,2586652256.1,normal,103000
25103.0354,synthetic,2024-11-07T17:00:00+07:00,HOSE,25103.0354,25354.065754,24852.005046000002,25103.0354,SYNTHETIC-03,SYN03,2024-11-07,2585612646.2000003,normal,103000
25096.9191,synthetic,2024-11-08T17:00:00+07:00,HOSE,25096.9191,25347.888291,24845.949909,25096.9191,SYNTHETIC-03,SYN03,2024-11-08,2584982667.2999997,normal,103000
25094.8678,synthetic,2024-11-11T17:00:00+07:00,HOSE,25094.8678,25345.816478,24843.919122,25094.8678,SYNTHETIC-03,SYN03,2024-11-11,2584771383.4,normal,103000
25096.9378,synthetic,2024-11-12T17:00:00+07:00,HOSE,25096.9378,25347.907178,24845.968421999998,25096.9378,SYNTHETIC-03,SYN03,2024-11-12,2584984593.4,normal,103000
25103.1534,synthetic,2024-11-13T17:00:00+07:00,HOSE,25103.1534,25354.184934,24852.121865999998,25103.1534,SYNTHETIC-03,SYN03,2024-11-13,2585624800.2,normal,103000
25113.507,synthetic,2024-11-14T17:00:00+07:00,HOSE,25113.507,25364.64207,24862.37193,25113.507,SYNTHETIC-03,SYN03,2024-11-14,2586691221.0,normal,103000
25127.9584,synthetic,2024-11-15T17:00:00+07:00,HOSE,25127.9584,25379.237984,24876.678816,25127.9584,SYNTHETIC-03,SYN03,2024-11-15,2588179715.2,normal,103000
25146.4358,synthetic,2024-11-18T17:00:00+07:00,HOSE,25146.4358,25397.900158,24894.971442,25146.4358,SYNTHETIC-03,SYN03,2024-11-18,2590082887.4,normal,103000
25168.8357,synthetic,2024-11-19T17:00:00+07:00,HOSE,25168.8357,25420.524057,24917.147343,25168.8357,SYNTHETIC-03,SYN03,2024-11-19,2592390077.1,normal,103000
25195.0239,synthetic,2024-11-20T17:00:00+07:00,HOSE,25195.0239,25446.974139,24943.073661,25195.0239,SYNTHETIC-03,SYN03,2024-11-20,2595087461.7,normal,103000
25224.8363,synthetic,2024-11-21T17:00:00+07:00,HOSE,25224.8363,25477.084662999998,24972.587937,25224.8363,SYNTHETIC-03,SYN03,2024-11-21,2598158138.9,normal,103000
25258.0795,synthetic,2024-11-22T17:00:00+07:00,HOSE,25258.0795,25510.660295,25005.498704999998,25258.0795,SYNTHETIC-03,SYN03,2024-11-22,2601582188.5,normal,103000
25294.5326,synthetic,2024-11-25T17:00:00+07:00,HOSE,25294.5326,25547.477926,25041.587273999998,25294.5326,SYNTHETIC-03,SYN03,2024-11-25,2605336857.7999997,normal,103000
25333.9485,synthetic,2024-11-26T17:00:00+07:00,HOSE,25333.9485,25587.287985,25080.609014999998,25333.9485,SYNTHETIC-03,SYN03,2024-11-26,2609396695.5,normal,103000
25376.0554,synthetic,2024-11-27T17:00:00+07:00,HOSE,25376.0554,25629.815954,25122.294846,25376.0554,SYNTHETIC-03,SYN03,2024-11-27,2613733706.2000003,normal,103000
25420.5588,synthetic,2024-11-28T17:00:00+07:00,HOSE,25420.5588,25674.764388,25166.353211999998,25420.5588,SYNTHETIC-03,SYN03,2024-11-28,2618317556.4,normal,103000
25467.1435,synthetic,2024-11-29T17:00:00+07:00,HOSE,25467.1435,25721.814935,25212.472064999998,25467.1435,SYNTHETIC-03,SYN03,2024-11-29,2623115780.5,normal,103000
25515.4759,synthetic,2024-12-02T17:00:00+07:00,HOSE,25515.4759,25770.630659000002,25260.321141,25515.4759,SYNTHETIC-03,SYN03,2024-12-02,2628094017.7000003,normal,103000
25565.2065,synthetic,2024-12-03T17:00:00+07:00,HOSE,25565.2065,25820.858565000002,25309.554435,25565.2065,SYNTHETIC-03,SYN03,2024-12-03,2633216269.5,normal,103000
25615.9725,synthetic,2024-12-04T17:00:00+07:00,HOSE,25615.9725,25872.132225,25359.812775,25615.9725,SYNTHETIC-03,SYN03,2024-12-04,2638445167.5,normal,103000
25667.4004,synthetic,2024-12-05T17:00:00+07:00,HOSE,25667.4004,25924.074404,25410.726396,25667.4004,SYNTHETIC-03,SYN03,2024-12-05,2643742241.2,normal,103000
25719.1092,synthetic,2024-12-06T17:00:00+07:00,HOSE,25719.1092,25976.300292,25461.918107999998,25719.1092,SYNTHETIC-03,SYN03,2024-12-06,2649068247.6,normal,103000
25770.7133,synthetic,2024-12-09T17:00:00+07:00,HOSE,25770.7133,26028.420433,25513.006167,25770.7133,SYNTHETIC-03,SYN03,2024-12-09,2654383469.9,normal,103000
25821.8258,synthetic,2024-12-10T17:00:00+07:00,HOSE,25821.8258,26080.044058,25563.607541999998,25821.8258,SYNTHETIC-03,SYN03,2024-12-10,2659648057.4,normal,103000
25872.0618,synthetic,2024-12-11T17:00:00+07:00,HOSE,25872.0618,26130.782418,25613.341182,25872.0618,SYNTHETIC-03,SYN03,2024-12-11,2664822365.4,normal,103000
25921.0413,synthetic,2024-12-12T17:00:00+07:00,HOSE,25921.0413,26180.251713,25661.830887,25921.0413,SYNTHETIC-03,SYN03,2024-12-12,2669867253.9,normal,103000
25968.393,synthetic,2024-12-13T17:00:00+07:00,HOSE,25968.393,26228.07693,25708.70907,25968.393,SYNTHETIC-03,SYN03,2024-12-13,2674744479.0,normal,103000
26013.7575,synthetic,2024-12-16T17:00:00+07:00,HOSE,26013.7575,26273.895075,25753.619925,26013.7575,SYNTHETIC-03,SYN03,2024-12-16,2679417022.5,normal,103000
26056.7904,synthetic,2024-12-17T17:00:00+07:00,HOSE,26056.7904,26317.358304,25796.222496000002,26056.7904,SYNTHETIC-03,SYN03,2024-12-17,2683849411.2000003,normal,103000
26097.1656,synthetic,2024-12-18T17:00:00+07:00,HOSE,26097.1656,26358.137256,25836.193944,26097.1656,SYNTHETIC-03,SYN03,2024-12-18,2688008056.8,normal,103000
26134.5786,synthetic,2024-12-19T17:00:00+07:00,HOSE,26134.5786,26395.924386000002,25873.232814,26134.5786,SYNTHETIC-03,SYN03,2024-12-19,2691861595.8,normal,103000
26168.7488,synthetic,2024-12-20T17:00:00+07:00,HOSE,26168.7488,26430.436288,25907.061312,26168.7488,SYNTHETIC-03,SYN03,2024-12-20,2695381126.4,normal,103000
26199.423,synthetic,2024-12-23T17:00:00+07:00,HOSE,26199.423,26461.41723,25937.42877,26199.423,SYNTHETIC-03,SYN03,2024-12-23,2698540569.0,normal,103000
26226.3773,synthetic,2024-12-24T17:00:00+07:00,HOSE,26226.3773,26488.641073,25964.113527,26226.3773,SYNTHETIC-03,SYN03,2024-12-24,2701316861.9,normal,103000
26249.4194,synthetic,2024-12-25T17:00:00+07:00,HOSE,26249.4194,26511.913593999998,25986.925206,26249.4194,SYNTHETIC-03,SYN03,2024-12-25,2703690198.2,normal,103000
26268.3907,synthetic,2024-12-26T17:00:00+07:00,HOSE,26268.3907,26531.074607,26005.706793,26268.3907,SYNTHETIC-03,SYN03,2024-12-26,2705644242.1,normal,103000
26283.168,synthetic,2024-12-27T17:00:00+07:00,HOSE,26283.168,26545.99968,26020.336320000002,26283.168,SYNTHETIC-03,SYN03,2024-12-27,2707166304.0,normal,103000
26293.6644,synthetic,2024-12-30T17:00:00+07:00,HOSE,26293.6644,26556.601044000003,26030.727756,26293.6644,SYNTHETIC-03,SYN03,2024-12-30,2708247433.2000003,normal,103000
26299.8302,synthetic,2024-12-31T17:00:00+07:00,HOSE,26299.8302,26562.828502,26036.831898,26299.8302,SYNTHETIC-03,SYN03,2024-12-31,2708882510.6,normal,103000
26301.654,synthetic,2025-01-01T17:00:00+07:00,HOSE,26301.654,26564.67054,26038.637459999998,26301.654,SYNTHETIC-03,SYN03,2025-01-01,2709070362.0,normal,103000
26299.1622,synthetic,2025-01-02T17:00:00+07:00,HOSE,26299.1622,26562.153822,26036.170577999997,26299.1622,SYNTHETIC-03,SYN03,2025-01-02,2708813706.6,normal,103000
26292.4187,synthetic,2025-01-03T17:00:00+07:00,HOSE,26292.4187,26555.342887,26029.494512999998,26292.4187,SYNTHETIC-03,SYN03,2025-01-03,2708119126.1,normal,103000
26281.525,synthetic,2025-01-06T17:00:00+07:00,HOSE,26281.525,26544.34025,26018.70975,26281.525,SYNTHETIC-03,SYN03,2025-01-06,2706997075.0,normal,103000
26266.6184,synthetic,2025-01-07T17:00:00+07:00,HOSE,26266.6184,26529.284584,26003.952215999998,26266.6184,SYNTHETIC-03,SYN03,2025-01-07,2705461695.2,normal,103000
26247.8709,synthetic,2025-01-08T17:00:00+07:00,HOSE,26247.8709,26510.349609,25985.392191000003,26247.8709,SYNTHETIC-03,SYN03,2025-01-08,2703530702.7000003,normal,103000
26225.4877,synthetic,2025-01-09T17:00:00+07:00,HOSE,26225.4877,26487.742577,25963.232823000002,26225.4877,SYNTHETIC-03,SYN03,2025-01-09,2701225233.1000004,normal,103000
26199.7049,synthetic,2025-01-10T17:00:00+07:00,HOSE,26199.7049,26461.701949000002,25937.707851,26199.7049,SYNTHETIC-03,SYN03,2025-01-10,2698569604.7000003,normal,103000
26170.7873,synthetic,2025-01-13T17:00:00+07:00,HOSE,26170.7873,26432.495173,25909.079427,26170.7873,SYNTHETIC-03,SYN03,2025-01-13,2695591091.9,normal,103000
26139.0258,synthetic,2025-01-14T17:00:00+07:00,HOSE,26139.0258,26400.416058,25877.635542,26139.0258,SYNTHETIC-03,SYN03,2025-01-14,2692319657.4,normal,103000
26104.7348,synthetic,2025-01-15T17:00:00+07:00,HOSE,26104.7348,26365.782148,25843.687452,26104.7348,SYNTHETIC-03,SYN03,2025-01-15,2688787684.3999996,normal,103000
26068.2489,synthetic,2025-01-16T17:00:00+07:00,HOSE,26068.2489,26328.931388999998,25807.566411,26068.2489,SYNTHETIC-03,SYN03,2025-01-16,2685029636.7,normal,103000
26029.9199,synthetic,2025-01-17T17:00:00+07:00,HOSE,26029.9199,26290.219099,25769.620701,26029.9199,SYNTHETIC-03,SYN03,2025-01-17,2681081749.7000003,normal,103000
25990.114,synthetic,2025-01-20T17:00:00+07:00,HOSE,25990.114,26250.015140000003,25730.21286,25990.114,SYNTHETIC-03,SYN03,2025-01-20,2676981742.0,normal,103000
25949.2077,synthetic,2025-01-21T17:00:00+07:00,HOSE,25949.2077,26208.699776999998,25689.715623,25949.2077,SYNTHETIC-03,SYN03,2025-01-21,2672768393.1,normal,103000
25907.5853,synthetic,2025-01-22T17:00:00+07:00,HOSE,25907.5853,26166.661152999997,25648.509447,25907.5853,SYNTHETIC-03,SYN03,2025-01-22,2668481285.9,normal,103000
25865.6349,synthetic,2025-01-23T17:00:00+07:00,HOSE,25865.6349,26124.291249,25606.978551,25865.6349,SYNTHETIC-03,SYN03,2025-01-23,2664160394.7000003,normal,103000
25823.7456,synthetic,2025-01-24T17:00:00+07:00,HOSE,25823.7456,26081.983055999997,25565.508144,25823.7456,SYNTHETIC-03,SYN03,2025-01-24,2659845796.7999997,normal,103000
25782.3039,synthetic,2025-01-27T17:00:00+07:00,HOSE,25782.3039,26040.126938999998,25524.480861,25782.3039,SYNTHETIC-03,SYN03,2025-01-27,2655577301.7,normal,103000
25741.6909,synthetic,2025-01-28T17:00:00+07:00,HOSE,25741.6909,25999.107809,25484.273991000002,25741.6909,SYNTHETIC-03,SYN03,2025-01-28,2651394162.7000003,normal,103000
25702.2787,synthetic,2025-01-29T17:00:00+07:00,HOSE,25702.2787,25959.301487,25445.255912999997,25702.2787,SYNTHETIC-03,SYN03,2025-01-29,2647334706.1,normal,103000
25664.4283,synthetic,2025-01-30T17:00:00+07:00,HOSE,25664.4283,25921.072583,25407.784016999998,25664.4283,SYNTHETIC-03,SYN03,2025-01-30,2643436114.9,normal,103000
25628.486,synthetic,2025-01-31T17:00:00+07:00,HOSE,25628.486,25884.77086,25372.20114,25628.486,SYNTHETIC-03,SYN03,2025-01-31,2639734058.0,normal,103000
25594.7814,synthetic,2025-02-03T17:00:00+07:00,HOSE,25594.7814,25850.729214,25338.833586,25594.7814,SYNTHETIC-03,SYN03,2025-02-03,2636262484.2,normal,103000
25563.6249,synthetic,2025-02-04T17:00:00+07:00,HOSE,25563.6249,25819.261148999998,25307.988651,25563.6249,SYNTHETIC-03,SYN03,2025-02-04,2633053364.7,normal,103000
25535.3053,synthetic,2025-02-05T17:00:00+07:00,HOSE,25535.3053,25790.658353,25279.952247,25535.3053,SYNTHETIC-03,SYN03,2025-02-05,2630136445.9,normal,103000
25510.0878,synthetic,2025-02-06T17:00:00+07:00,HOSE,25510.0878,25765.188678000002,25254.986922,25510.0878,SYNTHETIC-03,SYN03,2025-02-06,2627539043.4,normal,103000
25488.2123,synthetic,2025-02-07T17:00:00+07:00,HOSE,25488.2123,25743.094423,25233.330177,25488.2123,SYNTHETIC-03,SYN03,2025-02-07,2625285866.9,normal,103000
25469.8917,synthetic,2025-02-10T17:00:00+07:00,HOSE,25469.8917,25724.590617,25215.192783,25469.8917,SYNTHETIC-03,SYN03,2025-02-10,2623398845.1,normal,103000
25455.3105,synthetic,2025-02-11T17:00:00+07:00,HOSE,25455.3105,25709.863605,25200.757395,25455.3105,SYNTHETIC-03,SYN03,2025-02-11,2621896981.5,normal,103000
25444.6237,synthetic,2025-02-12T17:00:00+07:00,HOSE,25444.6237,25699.069937,25190.177463,25444.6237,SYNTHETIC-03,SYN03,2025-02-12,2620796241.1,normal,103000
25437.9556,synthetic,2025-02-13T17:00:00+07:00,HOSE,25437.9556,25692.335156,25183.576044,25437.9556,SYNTHETIC-03,SYN03,2025-02-13,2620109426.8,normal,103000
25435.3989,synthetic,2025-02-14T17:00:00+07:00,HOSE,25435.3989,25689.752889,25181.044911,25435.3989,SYNTHETIC-03,SYN03,2025-02-14,2619846086.7,normal,103000
25437.0146,synthetic,2025-02-17T17:00:00+07:00,HOSE,25437.0146,25691.384746,25182.644453999997,25437.0146,SYNTHETIC-03,SYN03,2025-02-17,2620012503.7999997,normal,103000
25442.831,synthetic,2025-02-18T17:00:00+07:00,HOSE,25442.831,25697.259309999998,25188.40269,25442.831,SYNTHETIC-03,SYN03,2025-02-18,2620611593.0,normal,103000
25452.844,synthetic,2025-02-19T17:00:00+07:00,HOSE,25452.844,25707.372440000003,25198.31556,25452.844,SYNTHETIC-03,SYN03,2025-02-19,2621642932.0,normal,103000
25467.0168,synthetic,2025-02-20T17:00:00+07:00,HOSE,25467.0168,25721.686968,25212.346632,25467.0168,SYNTHETIC-03,SYN03,2025-02-20,2623102730.4,normal,103000
25485.2802,synthetic,2025-02-21T17:00:00+07:00,HOSE,25485.2802,25740.133002000002,25230.427398,25485.2802,SYNTHETIC-03,SYN03,2025-02-21,2624983860.6,normal,103000
25507.533,synthetic,2025-02-24T17:00:00+07:00,HOSE,25507.533,25762.60833,25252.45767,25507.533,SYNTHETIC-03,SYN03,2025-02-24,2627275899.0,normal,103000
25533.6428,synthetic,2025-02-25T17:00:00+07:00,HOSE,25533.6428,25788.979228,25278.306372000003,25533.6428,SYNTHETIC-03,SYN03,2025-02-25,2629965208.4,normal,103000
25563.4465,synthetic,2025-02-26T17:00:00+07:00,HOSE,25563.4465,25819.080964999997,25307.812035,25563.4465,SYNTHETIC-03,SYN03,2025-02-26,2633034989.5,normal,103000
25596.7516,synthetic,2025-02-27T17:00:00+07:00,HOSE,25596.7516,25852.719116,25340.784084,25596.7516,SYNTHETIC-03,SYN03,2025-02-27,2636465414.8,normal,103000
25633.3374,synthetic,2025-02-28T17:00:00+07:00,HOSE,25633.3374,25889.670774000002,25377.004026,25633.3374,SYNTHETIC-03,SYN03,2025-02-28,2640233752.2,normal,103000
25672.9562,synthetic,2025-03-03T17:00:00+07:00,HOSE,25672.9562,25929.685762,25416.226638,25672.9562,SYNTHETIC-03,SYN03,2025-03-03,2644314488.6,normal,103000
25715.3355,synthetic,2025-03-04T17:00:00+07:00,HOSE,25715.3355,25972.488855,25458.182145000002,25715.3355,SYNTHETIC-03,SYN03,2025-03-04,2648679556.5,normal,103000
25760.1791,synthetic,2025-03-05T17:00:00+07:00,HOSE,25760.1791,26017.780891000002,25502.577309,25760.1791,SYNTHETIC-03,SYN03,2025-03-05,2653298447.3,normal,103000
25807.1701,synthetic,2025-03-06T17:00:00+07:00,HOSE,25807.1701,26065.241801,25549.098399,25807.1701,SYNTHETIC-03,SYN03,2025-03-06,2658138520.2999997,normal,103000
25855.9723,synthetic,2025-03-07T17:00:00+07:00,HOSE,25855.9723,26114.532023,25597.412577000003,25855.9723,SYNTHETIC-03,SYN03,2025-03-07,2663165146.9,normal,103000
25906.2332,synthetic,2025-03-10T17:00:00+07:00,HOSE,25906.2332,26165.295532,25647.170867999997,25906.2332,SYNTHETIC-03,SYN03,2025-03-10,2668342019.6,normal,103000
25957.5863,synthetic,2025-03-11T17:00:00+07:00,HOSE,25957.5863,26217.162163,25698.010436999997,25957.5863,SYNTHETIC-03,SYN03,2025-03-11,2673631388.9,normal,103000
26009.6544,synthetic,2025-03-12T17:00:00+07:00,HOSE,26009.6544,26269.750944,25749.557856,26009.6544,SYNTHETIC-03,SYN03,2025-03-12,2678994403.2,normal,103000
26062.0518,synthetic,2025-03-13T17:00:00+07:00,HOSE,26062.0518,26322.672318,25801.431282,26062.0518,SYNTHETIC-03,SYN03,2025-03-13,2684391335.4,normal,103000
26114.3883,synthetic,2025-03-14T17:00:00+07:00,HOSE,26114.3883,26375.532183,25853.244416999998,26114.3883,SYNTHETIC-03,SYN03,2025-03-14,2689781994.9,normal,103000
26166.2717,synthetic,2025-03-17T17:00:00+07:00,HOSE,26166.2717,26427.934417,25904.608983000002,26166.2717,SYNTHETIC-03,SYN03,2025-03-17,2695125985.1,normal,103000
26217.3112,synthetic,2025-03-18T17:00:00+07:00,HOSE,26217.3112,26479.484312,25955.138088,26217.3112,SYNTHETIC-03,SYN03,2025-03-18,2700383053.6,normal,103000
26267.1211,synthetic,2025-03-19T17:00:00+07:00,HOSE,26267.1211,26529.792311,26004.449889,26267.1211,SYNTHETIC-03,SYN03,2025-03-19,2705513473.3,normal,103000
26315.3239,synthetic,2025-03-20T17:00:00+07:00,HOSE,26315.3239,26578.477139,26052.170661,26315.3239,SYNTHETIC-03,SYN03,2025-03-20,2710478361.7,normal,103000
26361.5537,synthetic,2025-03-21T17:00:00+07:00,HOSE,26361.5537,26625.169237000002,26097.938163,26361.5537,SYNTHETIC-03,SYN03,2025-03-21,2715240031.1,normal,103000
26405.4596,synthetic,2025-03-24T17:00:00+07:00,HOSE,26405.4596,26669.514196,26141.405003999997,26405.4596,SYNTHETIC-03,SYN03,2025-03-24,2719762338.7999997,normal,103000
26446.7087,synthetic,2025-03-25T17:00:00+07:00,HOSE,26446.7087,26711.175787,26182.241613,26446.7087,SYNTHETIC-03,SYN03,2025-03-25,2724010996.1,normal,103000
26484.9897,synthetic,2025-03-26T17:00:00+07:00,HOSE,26484.9897,26749.839597,26220.139803,26484.9897,SYNTHETIC-03,SYN03,2025-03-26,2727953939.1,normal,103000
26520.0153,synthetic,2025-03-27T17:00:00+07:00,HOSE,26520.0153,26785.215453,26254.815146999998,26520.0153,SYNTHETIC-03,SYN03,2025-03-27,2731561575.9,normal,103000
26551.5255,synthetic,2025-03-28T17:00:00+07:00,HOSE,26551.5255,26817.040754999998,26286.010245,26551.5255,SYNTHETIC-03,SYN03,2025-03-28,2734807126.5,normal,103000
26579.2898,synthetic,2025-03-31T17:00:00+07:00,HOSE,26579.2898,26845.082698,26313.496902,26579.2898,SYNTHETIC-03,SYN03,2025-03-31,2737666849.4,normal,103000
26603.1095,synthetic,2025-04-01T17:00:00+07:00,HOSE,26603.1095,26869.140594999997,26337.078405,26603.1095,SYNTHETIC-03,SYN03,2025-04-01,2740120278.5,normal,103000
26622.82,synthetic,2025-04-02T17:00:00+07:00,HOSE,26622.82,26889.0482,26356.5918,26622.82,SYNTHETIC-03,SYN03,2025-04-02,2742150460.0,normal,103000
26638.292,synthetic,2025-04-03T17:00:00+07:00,HOSE,26638.292,26904.67492,26371.90908,26638.292,SYNTHETIC-03,SYN03,2025-04-03,2743744076.0,normal,103000
26649.4332,synthetic,2025-04-04T17:00:00+07:00,HOSE,26649.4332,26915.927532,26382.938867999997,26649.4332,SYNTHETIC-03,SYN03,2025-04-04,2744891619.6,normal,103000
26656.189,synthetic,2025-04-07T17:00:00+07:00,HOSE,26656.189,26922.75089,26389.627109999998,26656.189,SYNTHETIC-03,SYN03,2025-04-07,2745587467.0,normal,103000
26658.5432,synthetic,2025-04-08T17:00:00+07:00,HOSE,26658.5432,26925.128632,26391.957768,26658.5432,SYNTHETIC-03,SYN03,2025-04-08,2745829949.6,normal,103000
26656.5181,synthetic,2025-04-09T17:00:00+07:00,HOSE,26656.5181,26923.083281000003,26389.952919,26656.5181,SYNTHETIC-03,SYN03,2025-04-09,2745621364.3,normal,103000
26650.1744,synthetic,2025-04-10T17:00:00+07:00,HOSE,26650.1744,26916.676144,26383.672656,26650.1744,SYNTHETIC-03,SYN03,2025-04-10,2744967963.2,normal,103000
26639.6103,synthetic,2025-04-11T17:00:00+07:00,HOSE,26639.6103,26906.006403,26373.214197,26639.6103,SYNTHETIC-03,SYN03,2025-04-11,2743879860.9,normal,103000
26624.9611,synthetic,2025-04-14T17:00:00+07:00,HOSE,26624.9611,26891.210711,26358.711489,26624.9611,SYNTHETIC-03,SYN03,2025-04-14,2742370993.3,normal,103000
26606.3971,synthetic,2025-04-15T17:00:00+07:00,HOSE,26606.3971,26872.461070999998,26340.333129,26606.3971,SYNTHETIC-03,SYN03,2025-04-15,2740458901.2999997,normal,103000
26584.1225,synthetic,2025-04-16T17:00:00+07:00,HOSE,26584.1225,26849.963725,26318.281275,26584.1225,SYNTHETIC-03,SYN03,2025-04-16,2738164617.5,normal,103000
26558.3732,synthetic,2025-04-17T17:00:00+07:00,HOSE,26558.3732,26823.956932,26292.789468000003,26558.3732,SYNTHETIC-03,SYN03,2025-04-17,2735512439.6000004,normal,103000
26529.4142,synthetic,2025-04-18T17:00:00+07:00,HOSE,26529.4142,26794.708341999998,26264.120058,26529.4142,SYNTHETIC-03,SYN03,2025-04-18,2732529662.6,normal,103000
26497.5376,synthetic,2025-04-21T17:00:00+07:00,HOSE,26497.5376,26762.512975999998,26232.562224,26497.5376,SYNTHETIC-03,SYN03,2025-04-21,2729246372.8,normal,103000
26463.0593,synthetic,2025-04-22T17:00:00+07:00,HOSE,26463.0593,26727.689893000002,26198.428707,26463.0593,SYNTHETIC-03,SYN03,2025-04-22,2725695107.9,normal,103000
26426.3163,synthetic,2025-04-23T17:00:00+07:00,HOSE,26426.3163,26690.579463,26162.053137,26426.3163,SYNTHETIC-03,SYN03,2025-04-23,2721910578.8999996,normal,103000
26387.6636,synthetic,2025-04-24T17:00:00+07:00,HOSE,26387.6636,26651.540236,26123.786964,26387.6636,SYNTHETIC-03,SYN03,2025-04-24,2717929350.8,normal,103000
26347.4705,synthetic,2025-04-25T17:00:00+07:00,HOSE,26347.4705,26610.945205,26083.995795,26347.4705,SYNTHETIC-03,SYN03,2025-04-25,2713789461.5,normal,103000
26306.1177,synthetic,2025-04-28T17:00:00+07:00,HOSE,26306.1177,26569.178877,26043.056523,26306.1177,SYNTHETIC-03,SYN03,2025-04-28,2709530123.1,normal,103000
26263.9941,synthetic,2025-04-29T17:00:00+07:00,HOSE,26263.9941,26526.634041,26001.354159,26263.9941,SYNTHETIC-03,SYN03,2025-04-29,2705191392.3,normal,103000
26221.4926,synthetic,2025-04-30T17:00:00+07:00,HOSE,26221.4926,26483.707526000002,25959.277674,26221.4926,SYNTHETIC-03,SYN03,2025-04-30,2700813737.8,normal,103000
26179.0078,synthetic,2025-05-01T17:00:00+07:00,HOSE,26179.0078,26440.797878,25917.217721999998,26179.0078,SYNTHETIC-03,SYN03,2025-05-01,2696437803.4,normal,103000
26136.9319,synthetic,2025-05-02T17:00:00+07:00,HOSE,26136.9319,26398.301219,25875.562581,26136.9319,SYNTHETIC-03,SYN03,2025-05-02,2692103985.7,normal,103000
26095.6517,synthetic,2025-05-05T17:00:00+07:00,HOSE,26095.6517,26356.608216999997,25834.695183,26095.6517,SYNTHETIC-03,SYN03,2025-05-05,2687852125.1,normal,103000
26055.5459,synthetic,2025-05-06T17:00:00+07:00,HOSE,26055.5459,26316.101359,25794.990441,26055.5459,SYNTHETIC-03,SYN03,2025-05-06,2683721227.7000003,normal,103000
26016.9816,synthetic,2025-05-07T17:00:00+07:00,HOSE,26016.9816,26277.151416,25756.811783999998,26016.9816,SYNTHETIC-03,SYN03,2025-05-07,2679749104.7999997,normal,103000
25980.3118,synthetic,2025-05-08T17:00:00+07:00,HOSE,25980.3118,26240.114918,25720.508682,25980.3118,SYNTHETIC-03,SYN03,2025-05-08,2675972115.4,normal,103000
25945.8726,synthetic,2025-05-09T17:00:00+07:00,HOSE,25945.8726,26205.331326,25686.413873999998,25945.8726,SYNTHETIC-03,SYN03,2025-05-09,2672424877.7999997,normal,103000
25913.9809,synthetic,2025-05-12T17:00:00+07:00,HOSE,25913.9809,26173.120709,25654.841091,25913.9809,SYNTHETIC-03,SYN03,2025-05-12,2669140032.7,normal,103000
25884.9321,synthetic,2025-05-13T17:00:00+07:00,HOSE,25884.9321,26143.781421000003,25626.082779,25884.9321,SYNTHETIC-03,SYN03,2025-05-13,2666148006.3,normal,103000
25858.9978,synthetic,2025-05-14T17:00:00+07:00,HOSE,25858.9978,26117.587778,25600.407822,25858.9978,SYNTHETIC-03,SYN03,2025-05-14,2663476773.4,normal,103000
25836.4243,synthetic,2025-05-15T17:00:00+07:00,HOSE,25836.4243,26094.788543,25578.060057,25836.4243,SYNTHETIC-03,SYN03,2025-05-15,2661151702.9,normal,103000
25817.4305,synthetic,2025-05-16T17:00:00+07:00,HOSE,25817.4305,26075.604805,25559.256194999998,25817.4305,SYNTHETIC-03,SYN03,2025-05-16,2659195341.5,normal,103000
25802.207,synthetic,2025-05-19T17:00:00+07:00,HOSE,25802.207,26060.229069999998,25544.18493,25802.207,SYNTHETIC-03,SYN03,2025-05-19,2657627321.0,normal,103000
25790.9141,synthetic,2025-05-20T17:00:00+07:00,HOSE,25790.9141,26048.823241000002,25533.004959,25790.9141,SYNTHETIC-03,SYN03,2025-05-20,2656464152.3,normal,103000
25783.6815,synthetic,2025-05-21T17:00:00+07:00,HOSE,25783.6815,26041.518314999998,25525.844685,25783.6815,SYNTHETIC-03,SYN03,2025-05-21,2655719194.5,normal,103000
25780.6069,synthetic,2025-05-22T17:00:00+07:00,HOSE,25780.6069,26038.412969,25522.800830999997,25780.6069,SYNTHETIC-03,SYN03,2025-05-22,2655402510.7,normal,103000
25781.756,synthetic,2025-05-23T17:00:00+07:00,HOSE,25781.756,26039.57356,25523.93844,25781.756,SYNTHETIC-03,SYN03,2025-05-23,2655520868.0,normal,103000
25787.1611,synthetic,2025-05-26T17:00:00+07:00,HOSE,25787.1611,26045.032711,25529.289489000003,25787.1611,SYNTHETIC-03,SYN03,2025-05-26,2656077593.3,normal,103000
25796.8219,synthetic,2025-05-27T17:00:00+07:00,HOSE,25796.8219,26054.790118999998,25538.853681,25796.8219,SYNTHETIC-03,SYN03,2025-05-27,2657072655.7,normal,103000
25810.7049,synthetic,2025-05-28T17:00:00+07:00,HOSE,25810.7049,26068.811949000003,25552.597851,25810.7049,SYNTHETIC-03,SYN03,2025-05-28,2658502604.7000003,normal,103000
25828.7438,synthetic,2025-05-29T17:00:00+07:00,HOSE,25828.7438,26087.031238,25570.456362,25828.7438,SYNTHETIC-03,SYN03,2025-05-29,2660360611.4,normal,103000
25850.8396,synthetic,2025-05-30T17:00:00+07:00,HOSE,25850.8396,26109.347996,25592.331204,25850.8396,SYNTHETIC-03,SYN03,2025-05-30,2662636478.7999997,normal,103000
25876.8618,synthetic,2025-06-02T17:00:00+07:00,HOSE,25876.8618,26135.630418,25618.093181999997,25876.8618,SYNTHETIC-03,SYN03,2025-06-02,2665316765.4,normal,103000
25906.6486,synthetic,2025-06-03T17:00:00+07:00,HOSE,25906.6486,26165.715086,25647.582114,25906.6486,SYNTHETIC-03,SYN03,2025-06-03,2668384805.8,normal,103000
25940.0082,synthetic,2025-06-04T17:00:00+07:00,HOSE,25940.0082,26199.408282,25680.608118,25940.0082,SYNTHETIC-03,SYN03,2025-06-04,2671820844.6,normal,103000
25976.7201,synthetic,2025-06-05T17:00:00+07:00,HOSE,25976.7201,26236.487300999997,25716.952899,25976.7201,SYNTHETIC-03,SYN03,2025-06-05,2675602170.2999997,normal,103000
26016.5365,synthetic,2025-06-06T17:00:00+07:00,HOSE,26016.5365,26276.701865,25756.371134999998,26016.5365,SYNTHETIC-03,SYN03,2025-06-06,2679703259.5,normal,103000
26059.1837,synthetic,2025-06-09T17:00:00+07:00,HOSE,26059.1837,26319.775537,25798.591863,26059.1837,SYNTHETIC-03,SYN03,2025-06-09,2684095921.1000004,normal,103000
26104.3645,synthetic,2025-06-10T17:00:00+07:00,HOSE,26104.3645,26365.408145,25843.320854999998,26104.3645,SYNTHETIC-03,SYN03,2025-06-10,2688749543.5,normal,103000
26151.7597,synthetic,2025-06-11T17:00:00+07:00,HOSE,26151.7597,26413.277297,25890.242102999997,26151.7597,SYNTHETIC-03,SYN03,2025-06-11,2693631249.1,normal,103000
26201.0308,synthetic,2025-06-12T17:00:00+07:00,HOSE,26201.0308,26463.041108,25939.020492,26201.0308,SYNTHETIC-03,SYN03,2025-06-12,2698706172.4,normal,103000
26251.8222,synthetic,2025-06-13T17:00:00+07:00,HOSE,26251.8222,26514.340421999997,25989.303978,26251.8222,SYNTHETIC-03,SYN03,2025-06-13,2703937686.6,normal,103000
26303.7641,synthetic,2025-06-16T17:00:00+07:00,HOSE,26303.7641,26566.801741,26040.726459,26303.7641,SYNTHETIC-03,SYN03,2025-06-16,2709287702.3,normal,103000
26356.475,synthetic,2025-06-17T17:00:00+07:00,HOSE,26356.475,26620.03975,26092.910249999997,26356.475,SYNTHETIC-03,SYN03,2025-06-17,2714716925.0,normal,103000
26409.5651,synthetic,2025-06-18T17:00:00+07:00,HOSE,26409.5651,26673.660751,26145.469449,26409.5651,SYNTHETIC-03,SYN03,2025-06-18,2720185205.3,normal,103000
26462.6391,synthetic,2025-06-19T17:00:00+07:00,HOSE,26462.6391,26727.265491000002,26198.012709,26462.6391,SYNTHETIC-03,SYN03,2025-06-19,2725651827.3,normal,103000
26515.2995,synthetic,2025-06-20T17:00:00+07:00,HOSE,26515.2995,26780.452495,26250.146505,26515.2995,SYNTHETIC-03,SYN03,2025-06-20,2731075848.5,normal,103000
26567.15,synthetic,2025-06-23T17:00:00+07:00,HOSE,26567.15,26832.821500000002,26301.4785,26567.15,SYNTHETIC-03,SYN03,2025-06-23,2736416450.0,normal,103000
26617.7988,synthetic,2025-06-24T17:00:00+07:00,HOSE,26617.7988,26883.976788,26351.620812,26617.7988,SYNTHETIC-03,SYN03,2025-06-24,2741633276.4,normal,103000
26666.8622,synthetic,2025-06-25T17:00:00+07:00,HOSE,26666.8622,26933.530822,26400.193578,26666.8622,SYNTHETIC-03,SYN03,2025-06-25,2746686806.6,normal,103000
26713.9677,synthetic,2025-06-26T17:00:00+07:00,HOSE,26713.9677,26981.107377,26446.828023000002,26713.9677,SYNTHETIC-03,SYN03,2025-06-26,2751538673.1,normal,103000
26758.7578,synthetic,2025-06-27T17:00:00+07:00,HOSE,26758.7578,27026.345377999998,26491.170222,26758.7578,SYNTHETIC-03,SYN03,2025-06-27,2756152053.4,normal,103000
26800.8929,synthetic,2025-06-30T17:00:00+07:00,HOSE,26800.8929,27068.901829,26532.883971,26800.8929,SYNTHETIC-03,SYN03,2025-06-30,2760491968.7,normal,103000
25609.426,synthetic,2024-01-01T17:00:00+07:00,HOSE,25609.426,25865.52026,25353.331739999998,25609.426,SYNTHETIC-04,SYN04,2024-01-01,2663380304.0,normal,104000
25586.0219,synthetic,2024-01-02T17:00:00+07:00,HOSE,25586.0219,25841.882119,25330.161680999998,25586.0219,SYNTHETIC-04,SYN04,2024-01-02,2660946277.6,normal,104000
25566.0723,synthetic,2024-01-03T17:00:00+07:00,HOSE,25566.0723,25821.733023,25310.411577,25566.0723,SYNTHETIC-04,SYN04,2024-01-03,2658871519.2,normal,104000
25549.7779,synthetic,2024-01-04T17:00:00+07:00,HOSE,25549.7779,25805.275679000002,25294.280121,25549.7779,SYNTHETIC-04,SYN04,2024-01-04,2657176901.6,normal,104000
25537.3106,synthetic,2024-01-05T17:00:00+07:00,HOSE,25537.3106,25792.683706,25281.937494,25537.3106,SYNTHETIC-04,SYN04,2024-01-05,2655880302.4,normal,104000
25528.812,synthetic,2024-01-08T17:00:00+07:00,HOSE,25528.812,25784.100120000003,25273.52388,25528.812,SYNTHETIC-04,SYN04,2024-01-08,2654996448.0,normal,104000
25524.3925,synthetic,2024-01-09T17:00:00+07:00,HOSE,25524.3925,25779.636425,25269.148575000003,25524.3925,SYNTHETIC-04,SYN04,2024-01-09,2654536820.0,normal,104000
25524.1308,synthetic,2024-01-10T17:00:00+07:00,HOSE,25524.1308,25779.372108,25268.889492,25524.1308,SYNTHETIC-04,SYN04,2024-01-10,2654509603.2,normal,104000
25528.0731,synthetic,2024-01-11T17:00:00+07:00,HOSE,25528.0731,25783.353831,25272.792369000003,25528.0731,SYNTHETIC-04,SYN04,2024-01-11,2654919602.4,normal,104000
25536.2332,synthetic,2024-01-12T17:00:00+07:00,HOSE,25536.2332,25791.595532,25280.870867999998,25536.2332,SYNTHETIC-04,SYN04,2024-01-12,2655768252.7999997,normal,104000
25548.592,synthetic,2024-01-15T17:00:00+07:00,HOSE,25548.592,25804.07792,25293.10608,25548.592,SYNTHETIC-04,SYN04,2024-01-15,2657053568.0,normal,104000
25565.0978,synthetic,2024-01-16T17:00:00+07:00,HOSE,25565.0978,25820.748778,25309.446821999998,25565.0978,SYNTHETIC-04,SYN04,2024-01-16,2658770171.2,normal,104000
25585.6664,synthetic,2024-01-17T17:00:00+07:00,HOSE,25585.6664,25841.523063999997,25329.809736,25585.6664,SYNTHETIC-04,SYN04,2024-01-17,2660909305.6,normal,104000
25610.182,synthetic,2024-01-18T17:00:00+07:00,HOSE,25610.182,25866.28382,25354.08018,25610.182,SYNTHETIC-04,SYN04,2024-01-18,2663458928.0,normal,104000
25638.4975,synthetic,2024-01-19T17:00:00+07:00,HOSE,25638.4975,25894.882475000002,25382.112525,25638.4975,SYNTHETIC-04,SYN04,2024-01-19,2666403740.0,normal,104000
25670.4358,synthetic,2024-01-22T17:00:00+07:00,HOSE,25670.4358,25927.140158,25413.731442,25670.4358,SYNTHETIC-04,SYN04,2024-01-22,2669725323.2,normal,104000
25705.7906,synthetic,2024-01-23T17:00:00+07:00,HOSE,25705.7906,25962.848506000002,25448.732694,25705.7906,SYNTHETIC-04,SYN04,2024-01-23,2673402222.4,normal,104000
25744.328,synthetic,2024-01-24T17:00:00+07:00,HOSE,25744.328,26001.77128,25486.884720000002,25744.328,SYNTHETIC-04,SYN04,2024-01-24,2677410112.0,normal,104000
25785.7877,synthetic,2024-01-25T17:00:00+07:00,HOSE,25785.7877,26043.645577,25527.929823000002,25785.7877,SYNTHETIC-04,SYN04,2024-01-25,2681721920.8,normal,104000
25829.8852,synthetic,2024-01-26T17:00:00+07:00,HOSE,25829.8852,26088.184052,25571.586348,25829.8852,SYNTHETIC-04,SYN04,2024-01-26,2686308060.8,normal,104000
25876.3137,synthetic,2024-01-29T17:00:00+07:00,HOSE,25876.3137,26135.076837,25617.550562999997,25876.3137,SYNTHETIC-04,SYN04,2024-01-29,2691136624.7999997,normal,104000
25924.7457,synthetic,2024-01-30T17:00:00+07:00,HOSE,25924.7457,26183.993157,25665.498243,25924.7457,SYNTHETIC-04,SYN04,2024-01-30,2696173552.7999997,normal,104000
25974.8361,synthetic,2024-01-31T17:00:00+07:00,HOSE,25974.8361,26234.584461000002,25715.087739,25974.8361,SYNTHETIC-04,SYN04,2024-01-31,2701382954.4,normal,104000
26026.2245,synthetic,2024-02-01T17:00:00+07:00,HOSE,26026.2245,26286.486745000002,25765.962255,26026.2245,SYNTHETIC-04,SYN04,2024-02-01,2706727348.0,normal,104000
26078.5377,synthetic,2024-02-02T17:00:00+07:00,HOSE,26078.5377,26339.323077,25817.752323,26078.5377,SYNTHETIC-04,SYN04,2024-02-02,2712167920.8,normal,104000
26131.3928,synthetic,2024-02-05T17:00:00+07:00,HOSE,26131.3928,26392.706728,25870.078872000002,26131.3928,SYNTHETIC-04,SYN04,2024-02-05,2717664851.2000003,normal,104000
26184.4003,synthetic,2024-02-06T17:00:00+07:00,HOSE,26184.4003,26446.244303000003,25922.556297,26184.4003,SYNTHETIC-04,SYN04,2024-02-06,2723177631.2000003,normal,104000
26237.167,synthetic,2024-02-07T17:00:00+07:00,HOSE,26237.167,26499.53867,25974.79533,26237.167,SYNTHETIC-04,SYN04,2024-02-07,2728665368.0,normal,104000
26289.2995,synthetic,2024-02-08T17:00:00+07:00,HOSE,26289.2995,26552.192495000003,26026.406505,26289.2995,SYNTHETIC-04,SYN04,2024-02-08,2734087148.0,normal,104000
26340.4076,synthetic,2024-02-09T17:00:00+07:00,HOSE,26340.4076,26603.811675999998,26077.003524,26340.4076,SYNTHETIC-04,SYN04,2024-02-09,2739402390.4,normal,104000
26390.1073,synthetic,2024-02-12T17:00:00+07:00,HOSE,26390.1073,26654.008373,26126.206227,26390.1073,SYNTHETIC-04,SYN04,2024-02-12,2744571159.2,normal,104000
26438.0246,synthetic,2024-02-13T17:00:00+07:00,HOSE,26438.0246,26702.404846,26173.644354,26438.0246,SYNTHETIC-04,SYN04,2024-02-13,2749554558.4,normal,104000
26483.7985,synthetic,2024-02-14T17:00:00+07:00,HOSE,26483.7985,26748.636485000003,26218.960515,26483.7985,SYNTHETIC-04,SYN04,2024-02-14,2754315044.0,normal,104000
26527.0846,synthetic,2024-02-15T17:00:00+07:00,HOSE,26527.0846,26792.355445999998,26261.813754,26527.0846,SYNTHETIC-04,SYN04,2024-02-15,2758816798.3999996,normal,104000
26567.5582,synthetic,2024-02-16T17:00:00+07:00,HOSE,26567.5582,26833.233782,26301.882618,26567.5582,SYNTHETIC-04,SYN04,2024-02-16,2763026052.7999997,normal,104000
26604.9174,synthetic,2024-02-19T17:00:00+07:00,HOSE,26604.9174,26870.966574,26338.868226,26604.9174,SYNTHETIC-04,SYN04,2024-02-19,2766911409.6,normal,104000
26638.886,synthetic,2024-02-20T17:00:00+07:00,HOSE,26638.886,26905.274859999998,26372.49714,26638.886,SYNTHETIC-04,SYN04,2024-02-20,2770444144.0,normal,104000
26669.2161,synthetic,2024-02-21T17:00:00+07:00,HOSE,26669.2161,26935.908261,26402.523939000002,26669.2161,SYNTHETIC-04,SYN04,2024-02-21,2773598474.4,normal,104000
26695.6905,synthetic,2024-02-22T17:00:00+07:00,HOSE,26695.6905,26962.647405,26428.733595,26695.6905,SYNTHETIC-04,SYN04,2024-02-22,2776351812.0,normal,104000
26718.125,synthetic,2024-02-23T17:00:00+07:00,HOSE,26718.125,26985.30625,26450.94375,26718.125,SYNTHETIC-04,SYN04,2024-02-23,2778685000.0,normal,104000
26736.3705,synthetic,2024-02-26T17:00:00+07:00,HOSE,26736.3705,27003.734205,26469.006795,26736.3705,SYNTHETIC-04,SYN04,2024-02-26,2780582532.0,normal,104000
26750.3137,synthetic,2024-02-27T17:00:00+07:00,HOSE,26750.3137,27017.816837,26482.810563,26750.3137,SYNTHETIC-04,SYN04,2024-02-27,2782032624.7999997,normal,104000
26759.8793,synthetic,2024-02-28T17:00:00+07:00,HOSE,26759.8793,27027.478093,26492.280507,26759.8793,SYNTHETIC-04,SYN04,2024-02-28,2783027447.2000003,normal,104000
26765.0298,synthetic,2024-02-29T17:00:00+07:00,HOSE,26765.0298,27032.680098,26497.379502,26765.0298,SYNTHETIC-04,SYN04,2024-02-29,2783563099.2,normal,104000
26765.7665,synthetic,2024-03-01T17:00:00+07:00,HOSE,26765.7665,27033.424165,26498.108835000003,26765.7665,SYNTHETIC-04,SYN04,2024-03-01,2783639716.0,normal,104000
26762.1296,synthetic,2024-03-04T17:00:00+07:00,HOSE,26762.1296,27029.750896,26494.508304,26762.1296,SYNTHETIC-04,SYN04,2024-03-04,2783261478.4,normal,104000
26754.1971,synthetic,2024-03-05T17:00:00+07:00,HOSE,26754.1971,27021.739071,26486.655129000002,26754.1971,SYNTHETIC-04,SYN04,2024-03-05,2782436498.4,normal,104000
26742.0847,synthetic,2024-03-06T17:00:00+07:00,HOSE,26742.0847,27009.505547,26474.663853,26742.0847,SYNTHETIC-04,SYN04,2024-03-06,2781176808.7999997,normal,104000
26725.9445,synthetic,2024-03-07T17:00:00+07:00,HOSE,26725.9445,26993.203945,26458.685055,26725.9445,SYNTHETIC-04,SYN04,2024-03-07,2779498228.0,normal,104000
26705.9632,synthetic,2024-03-08T17:00:00+07:00,HOSE,26705.9632,26973.022832,26438.903567999998,26705.9632,SYNTHETIC-04,SYN04,2024-03-08,2777420172.7999997,normal,104000
26682.3605,synthetic,2024-03-11T17:00:00+07:00,HOSE,26682.3605,26949.184105,26415.536894999997,26682.3605,SYNTHETIC-04,SYN04,2024-03-11,2774965492.0,normal,104000
26655.3869,synthetic,2024-03-12T17:00:00+07:00,HOSE,26655.3869,26921.940769,26388.833031000002,26655.3869,SYNTHETIC-04,SYN04,2024-03-12,2772160237.6,normal,104000
26625.3212,synthetic,2024-03-13T17:00:00+07:00,HOSE,26625.3212,26891.574411999998,26359.067988,26625.3212,SYNTHETIC-04,SYN04,2024-03-13,2769033404.7999997,normal,104000
26592.4681,synthetic,2024-03-14T17:00:00+07:00,HOSE,26592.4681,26858.392781,26326.543418999998,26592.4681,SYNTHETIC-04,SYN04,2024-03-14,2765616682.3999996,normal,104000
26557.1547,synthetic,2024-03-15T17:00:00+07:00,HOSE,26557.1547,26822.726247,26291.583153,26557.1547,SYNTHETIC-04,SYN04,2024-03-15,2761944088.7999997,normal,104000
26519.728,synthetic,2024-03-18T17:00:00+07:00,HOSE,26519.728,26784.92528,26254.53072,26519.728,SYNTHETIC-04,SYN04,2024-03-18,2758051712.0,normal,104000
26480.5513,synthetic,2024-03-19T17:00:00+07:00,HOSE,26480.5513,26745.356813,26215.745787,26480.5513,SYNTHETIC-04,SYN04,2024-03-19,2753977335.2,normal,104000
26440.0014,synthetic,2024-03-20T17:00:00+07:00,HOSE,26440.0014,26704.401414,26175.601386000002,26440.0014,SYNTHETIC-04,SYN04,2024-03-20,2749760145.6,normal,104000
26398.4646,synthetic,2024-03-21T17:00:00+07:00,HOSE,26398.4646,26662.449246,26134.479954,26398.4646,SYNTHETIC-04,SYN04,2024-03-21,2745440318.4,normal,104000
26356.3335,synthetic,2024-03-22T17:00:00+07:00,HOSE,26356.3335,26619.896835,26092.770165,26356.3335,SYNTHETIC-04,SYN04,2024-03-22,2741058684.0,normal,104000
26314.0042,synthetic,2024-03-25T17:00:00+07:00,HOSE,26314.0042,26577.144242,26050.864158,26314.0042,SYNTHETIC-04,SYN04,2024-03-25,2736656436.7999997,normal,104000
26271.872,synthetic,2024-03-26T17:00:00+07:00,HOSE,26271.872,26534.59072,26009.15328,26271.872,SYNTHETIC-04,SYN04,2024-03-26,2732274688.0,normal,104000
26230.3288,synthetic,2024-03-27T17:00:00+07:00,HOSE,26230.3288,26492.632088,25968.025512,26230.3288,SYNTHETIC-04,SYN04,2024-03-27,2727954195.2,normal,104000
26189.7598,synthetic,2024-03-28T17:00:00+07:00,HOSE,26189.7598,26451.657398,25927.862202,26189.7598,SYNTHETIC-04,SYN04,2024-03-28,2723735019.2,normal,104000
26150.5402,synthetic,2024-03-29T17:00:00+07:00,HOSE,26150.5402,26412.045602,25889.034798,26150.5402,SYNTHETIC-04,SYN04,2024-03-29,2719656180.7999997,normal,104000
26113.0328,synthetic,2024-04-01T17:00:00+07:00,HOSE,26113.0328,26374.163128,25851.902472,26113.0328,SYNTHETIC-04,SYN04,2024-04-01,2715755411.2000003,normal,104000
26077.5845,synthetic,2024-04-02T17:00:00+07:00,HOSE,26077.5845,26338.360345,25816.808655,26077.5845,SYNTHETIC-04,SYN04,2024-04-02,2712068788.0,normal,104000
26044.5247,synthetic,2024-04-03T17:00:00+07:00,HOSE,26044.5247,26304.969947,25784.079453000002,26044.5247,SYNTHETIC-04,SYN04,2024-04-03,2708630568.8,normal,104000
26014.1619,synthetic,2024-04-04T17:00:00+07:00,HOSE,26014.1619,26274.303519,25754.020280999997,26014.1619,SYNTHETIC-04,SYN04,2024-04-04,2705472837.6,normal,104000
25986.7821,synthetic,2024-04-05T17:00:00+07:00,HOSE,25986.7821,26246.649921,25726.914279,25986.7821,SYNTHETIC-04,SYN04,2024-04-05,2702625338.4,normal,104000
25962.647,synthetic,2024-04-08T17:00:00+07:00,HOSE,25962.647,26222.27347,25703.02053,25962.647,SYNTHETIC-04,SYN04,2024-04-08,2700115288.0,normal,104000
25941.9916,synthetic,2024-04-09T17:00:00+07:00,HOSE,25941.9916,26201.411516,25682.571684000002,25941.9916,SYNTHETIC-04,SYN04,2024-04-09,2697967126.4,normal,104000
25925.0229,synthetic,2024-04-10T17:00:00+07:00,HOSE,25925.0229,26184.273129,25665.772671,25925.0229,SYNTHETIC-04,SYN04,2024-04-10,2696202381.6,normal,104000
25911.9187,synthetic,2024-04-11T17:00:00+07:00,HOSE,25911.9187,26171.037887,25652.799512999998,25911.9187,SYNTHETIC-04,SYN04,2024-04-11,2694839544.7999997,normal,104000
25902.8263,synthetic,2024-04-12T17:00:00+07:00,HOSE,25902.8263,26161.854563,25643.798037,25902.8263,SYNTHETIC-04,SYN04,2024-04-12,2693893935.2000003,normal,104000
25897.8614,synthetic,2024-04-15T17:00:00+07:00,HOSE,25897.8614,26156.840014,25638.882786000002,25897.8614,SYNTHETIC-04,SYN04,2024-04-15,2693377585.6000004,normal,104000
25897.1076,synthetic,2024-04-16T17:00:00+07:00,HOSE,25897.1076,26156.078676,25638.136523999998,25897.1076,SYNTHETIC-04,SYN04,2024-04-16,2693299190.4,normal,104000
25900.6155,synthetic,2024-04-17T17:00:00+07:00,HOSE,25900.6155,26159.621655,25641.609345,25900.6155,SYNTHETIC-04,SYN04,2024-04-17,2693664012.0,normal,104000
25908.403,synthetic,2024-04-18T17:00:00+07:00,HOSE,25908.403,26167.48703,25649.318969999997,25908.403,SYNTHETIC-04,SYN04,2024-04-18,2694473912.0,normal,104000
25920.4545,synthetic,2024-04-19T17:00:00+07:00,HOSE,25920.4545,26179.659045,25661.249955,25920.4545,SYNTHETIC-04,SYN04,2024-04-19,2695727268.0,normal,104000
25936.7212,synthetic,2024-04-22T17:00:00+07:00,HOSE,25936.7212,26196.088412,25677.353988,25936.7212,SYNTHETIC-04,SYN04,2024-04-22,2697419004.8,normal,104000
25957.1217,synthetic,2024-04-23T17:00:00+07:00,HOSE,25957.1217,26216.692917,25697.550483,25957.1217,SYNTHETIC-04,SYN04,2024-04-23,2699540656.8,normal,104000
25981.542,synthetic,2024-04-24T17:00:00+07:00,HOSE,25981.542,26241.35742,25721.726580000002,25981.542,SYNTHETIC-04,SYN04,2024-04-24,2702080368.0,normal,104000
26009.8366,synthetic,2024-04-25T17:00:00+07:00,HOSE,26009.8366,26269.934966,25749.738233999997,26009.8366,SYNTHETIC-04,SYN04,2024-04-25,2705023006.4,normal,104000
26041.8291,synthetic,2024-04-26T17:00:00+07:00,HOSE,26041.8291,26302.247391,25781.410808999997,26041.8291,SYNTHETIC-04,SYN04,2024-04-26,2708350226.4,normal,104000
26077.3136,synthetic,2024-04-29T17:00:00+07:00,HOSE,26077.3136,26338.086736,25816.540464,26077.3136,SYNTHETIC-04,SYN04,2024-04-29,2712040614.4,normal,104000
26116.0558,synthetic,2024-04-30T17:00:00+07:00,HOSE,26116.0558,26377.216357999998,25854.895242,26116.0558,SYNTHETIC-04,SYN04,2024-04-30,2716069803.2,normal,104000
26157.7948,synthetic,2024-05-01T17:00:00+07:00,HOSE,26157.7948,26419.372748,25896.216851999998,26157.7948,SYNTHETIC-04,SYN04,2024-05-01,2720410659.2,normal,104000
26202.2446,synthetic,2024-05-02T17:00:00+07:00,HOSE,26202.2446,26464.267046,25940.222154000003,26202.2446,SYNTHETIC-04,SYN04,2024-05-02,2725033438.4,normal,104000
26249.0963,synthetic,2024-05-03T17:00:00+07:00,HOSE,26249.0963,26511.587263,25986.605337,26249.0963,SYNTHETIC-04,SYN04,2024-05-03,2729906015.2000003,normal,104000
26298.02,synthetic,2024-05-06T17:00:00+07:00,HOSE,26298.02,26561.000200000002,26035.0398,26298.02,SYNTHETIC-04,SYN04,2024-05-06,2734994080.0,normal,104000
26348.6676,synthetic,2024-05-07T17:00:00+07:00,HOSE,26348.6676,26612.154276,26085.180924,26348.6676,SYNTHETIC-04,SYN04,2024-05-07,2740261430.4,normal,104000
26400.6748,synthetic,2024-05-08T17:00:00+07:00,HOSE,26400.6748,26664.681548,26136.668052,26400.6748,SYNTHETIC-04,SYN04,2024-05-08,2745670179.2000003,normal,104000
26453.6645,synthetic,2024-05-09T17:00:00+07:00,HOSE,26453.6645,26718.201145,26189.127855,26453.6645,SYNTHETIC-04,SYN04,2024-05-09,2751181108.0,normal,104000
26507.2491,synthetic,2024-05-10T17:00:00+07:00,HOSE,26507.2491,26772.321591,26242.176609000002,26507.2491,SYNTHETIC-04,SYN04,2024-05-10,2756753906.4,normal,104000
26561.034,synthetic,2024-05-13T17:00:00+07:00,HOSE,26561.034,26826.64434,26295.42366,26561.034,SYNTHETIC-04,SYN04,2024-05-13,2762347536.0,normal,104000
26614.6206,synthetic,2024-05-14T17:00:00+07:00,HOSE,26614.6206,26880.766806,26348.474393999997,26614.6206,SYNTHETIC-04,SYN04,2024-05-14,2767920542.3999996,normal,104000
26667.6096,synthetic,2024-05-15T17:00:00+07:00,HOSE,26667.6096,26934.285696,26400.933504,26667.6096,SYNTHETIC-04,SYN04,2024-05-15,2773431398.4,normal,104000
26719.6045,synthetic,2024-05-16T17:00:00+07:00,HOSE,26719.6045,26986.800545000002,26452.408455,26719.6045,SYNTHETIC-04,SYN04,2024-05-16,2778838868.0,normal,104000
26770.2147,synthetic,2024-05-17T17:00:00+07:00,HOSE,26770.2147,27037.916847,26502.512553,26770.2147,SYNTHETIC-04,SYN04,2024-05-17,2784102328.8,normal,104000
26819.0595,synthetic,2024-05-20T17:00:00+07:00,HOSE,26819.0595,27087.250095,26550.868905,26819.0595,SYNTHETIC-04,SYN04,2024-05-20,2789182188.0,normal,104000
26865.7709,synthetic,2024-05-21T17:00:00+07:00,HOSE,26865.7709,27134.428609,26597.113191,26865.7709,SYNTHETIC-04,SYN04,2024-05-21,2794040173.6,normal,104000
26909.9974,synthetic,2024-05-22T17:00:00+07:00,HOSE,26909.9974,27179.097374,26640.897426,26909.9974,SYNTHETIC-04,SYN04,2024-05-22,2798639729.6,normal,104000
26951.4071,synthetic,2024-05-23T17:00:00+07:00,HOSE,26951.4071,27220.921171,26681.893029,26951.4071,SYNTHETIC-04,SYN04,2024-05-23,2802946338.4,normal,104000
26989.6908,synthetic,2024-05-24T17:00:00+07:00,HOSE,26989.6908,27259.587708,26719.793892,26989.6908,SYNTHETIC-04,SYN04,2024-05-24,2806927843.2,normal,104000
27024.5652,synthetic,2024-05-27T17:00:00+07:00,HOSE,27024.5652,27294.810852000002,26754.319548,27024.5652,SYNTHETIC-04,SYN04,2024-05-27,2810554780.8,normal,104000
27055.7751,synthetic,2024-05-28T17:00:00+07:00,HOSE,27055.7751,27326.332851,26785.217349,27055.7751,SYNTHETIC-04,SYN04,2024-05-28,2813800610.4,normal,104000
27083.0968,synthetic,2024-05-29T17:00:00+07:00,HOSE,27083.0968,27353.927768,26812.265831999997,27083.0968,SYNTHETIC-04,SYN04,2024-05-29,2816642067.2,normal,104000
27106.3393,synthetic,2024-05-30T17:00:00+07:00,HOSE,27106.3393,27377.402693,26835.275907,27106.3393,SYNTHETIC-04,SYN04,2024-05-30,2819059287.2,normal,104000
27125.3469,synthetic,2024-05-31T17:00:00+07:00,HOSE,27125.3469,27396.600369,26854.093431,27125.3469,SYNTHETIC-04,SYN04,2024-05-31,2821036077.6,normal,104000
27140.0008,synthetic,2024-06-03T17:00:00+07:00,HOSE,27140.0008,27411.400808000002,26868.600792,27140.0008,SYNTHETIC-04,SYN04,2024-06-03,2822560083.2000003,normal,104000
27150.2198,synthetic,2024-06-04T17:00:00+07:00,HOSE,27150.2198,27421.721998,26878.717601999997,27150.2198,SYNTHETIC-04,SYN04,2024-06-04,2823622859.2,normal,104000
27155.9616,synthetic,2024-06-05T17:00:00+07:00,HOSE,27155.9616,27427.521215999997,26884.401984,27155.9616,SYNTHETIC-04,SYN04,2024-06-05,2824220006.4,normal,104000
27157.223,synthetic,2024-06-06T17:00:00+07:00,HOSE,27157.223,27428.795230000003,26885.65077,27157.223,SYNTHETIC-04,SYN04,2024-06-06,2824351192.0,normal,104000
27154.0401,synthetic,2024-06-07T17:00:00+07:00,HOSE,27154.0401,27425.580501,26882.499698999996,27154.0401,SYNTHETIC-04,SYN04,2024-06-07,2824020170.3999996,normal,104000
27146.4878,synthetic,2024-06-10T17:00:00+07:00,HOSE,27146.4878,27417.952677999998,26875.022922,27146.4878,SYNTHETIC-04,SYN04,2024-06-10,2823234731.2,normal,104000
27134.679,synthetic,2024-06-11T17:00:00+07:00,HOSE,27134.679,27406.02579,26863.33221,27134.679,SYNTHETIC-04,SYN04,2024-06-11,2822006616.0,normal,104000
27118.764,synthetic,2024-06-12T17:00:00+07:00,HOSE,27118.764,27389.95164,26847.57636,27118.764,SYNTHETIC-04,SYN04,2024-06-12,2820351456.0,normal,104000
27098.9281,synthetic,2024-06-13T17:00:00+07:00,HOSE,27098.9281,27369.917381000003,26827.938819,27098.9281,SYNTHETIC-04,SYN04,2024-06-13,2818288522.4,normal,104000
27075.3907,synthetic,2024-06-14T17:00:00+07:00,HOSE,27075.3907,27346.144607,26804.636793,27075.3907,SYNTHETIC-04,SYN04,2024-06-14,2815840632.8,normal,104000
27048.4023,synthetic,2024-06-17T17:00:00+07:00,HOSE,27048.4023,27318.886323000002,26777.918277,27048.4023,SYNTHETIC-04,SYN04,2024-06-17,2813033839.2000003,normal,104000
27018.2427,synthetic,2024-06-18T17:00:00+07:00,HOSE,27018.2427,27288.425127,26748.060273,27018.2427,SYNTHETIC-04,SYN04,2024-06-18,2809897240.7999997,normal,104000
26985.2181,synthetic,2024-06-19T17:00:00+07:00,HOSE,26985.2181,27255.070281,26715.365918999996,26985.2181,SYNTHETIC-04,SYN04,2024-06-19,2806462682.3999996,normal,104000
26949.658,synthetic,2024-06-20T17:00:00+07:00,HOSE,26949.658,27219.15458,26680.16142,26949.658,SYNTHETIC-04,SYN04,2024-06-20,2802764432.0,normal,104000
26911.9123,synthetic,2024-06-21T17:00:00+07:00,HOSE,26911.9123,27181.031423,26642.793177,26911.9123,SYNTHETIC-04,SYN04,2024-06-21,2798838879.2,normal,104000
26872.348,synthetic,2024-06-24T17:00:00+07:00,HOSE,26872.348,27141.071480000002,26603.62452,26872.348,SYNTHETIC-04,SYN04,2024-06-24,2794724192.0,normal,104000
26831.3457,synthetic,2024-06-25T17:00:00+07:00,HOSE,26831.3457,27099.659157000002,26563.032243,26831.3457,SYNTHETIC-04,SYN04,2024-06-25,2790459952.8,normal,104000
26789.2966,synthetic,2024-06-26T17:00:00+07:00,HOSE,26789.2966,27057.189566,26521.403634000002,26789.2966,SYNTHETIC-04,SYN04,2024-06-26,2786086846.4,normal,104000
26746.5985,synthetic,2024-06-27T17:00:00+07:00,HOSE,26746.5985,27014.064485,26479.132515,26746.5985,SYNTHETIC-04,SYN04,2024-06-27,2781646244.0,normal,104000
26703.653,synthetic,2024-06-28T17:00:00+07:00,HOSE,26703.653,26970.68953,26436.616469999997,26703.653,SYNTHETIC-04,SYN04,2024-06-28,2777179912.0,normal,104000
26660.8615,synthetic,2024-07-01T17:00:00+07:00,HOSE,26660.8615,26927.470115,26394.252884999998,26660.8615,SYNTHETIC-04,SYN04,2024-07-01,2772729596.0,normal,104000
26618.6221,synthetic,2024-07-02T17:00:00+07:00,HOSE,26618.6221,26884.808321,26352.435879,26618.6221,SYNTHETIC-04,SYN04,2024-07-02,2768336698.4,normal,104000
26577.3267,synthetic,2024-07-03T17:00:00+07:00,HOSE,26577.3267,26843.099967000002,26311.553433,26577.3267,SYNTHETIC-04,SYN04,2024-07-03,2764041976.8,normal,104000
26537.3572,synthetic,2024-07-04T17:00:00+07:00,HOSE,26537.3572,26802.730772,26271.983627999998,26537.3572,SYNTHETIC-04,SYN04,2024-07-04,2759885148.7999997,normal,104000
26499.0833,synthetic,2024-07-05T17:00:00+07:00,HOSE,26499.0833,26764.074133,26234.092467,26499.0833,SYNTHETIC-04,SYN04,2024-07-05,2755904663.2,normal,104000
26462.8591,synthetic,2024-07-08T17:00:00+07:00,HOSE,26462.8591,26727.487691000002,26198.230509,26462.8591,SYNTHETIC-04,SYN04,2024-07-08,2752137346.4,normal,104000
26429.0208,synthetic,2024-07-09T17:00:00+07:00,HOSE,26429.0208,26693.311007999997,26164.730592,26429.0208,SYNTHETIC-04,SYN04,2024-07-09,2748618163.2,normal,104000
26397.8841,synthetic,2024-07-10T17:00:00+07:00,HOSE,26397.8841,26661.862941,26133.905259,26397.8841,SYNTHETIC-04,SYN04,2024-07-10,2745379946.4,normal,104000
26369.7419,synthetic,2024-07-11T17:00:00+07:00,HOSE,26369.7419,26633.439319,26106.044481,26369.7419,SYNTHETIC-04,SYN04,2024-07-11,2742453157.6,normal,104000
26344.8625,synthetic,2024-07-12T17:00:00+07:00,HOSE,26344.8625,26608.311125,26081.413875,26344.8625,SYNTHETIC-04,SYN04,2024-07-12,2739865700.0,normal,104000
26323.4877,synthetic,2024-07-15T17:00:00+07:00,HOSE,26323.4877,26586.722577,26060.252823000003,26323.4877,SYNTHETIC-04,SYN04,2024-07-15,2737642720.8,normal,104000
26305.8309,synthetic,2024-07-16T17:00:00+07:00,HOSE,26305.8309,26568.889209,26042.772591,26305.8309,SYNTHETIC-04,SYN04,2024-07-16,2735806413.6,normal,104000
26292.0759,synthetic,2024-07-17T17:00:00+07:00,HOSE,26292.0759,26554.996659,26029.155141,26292.0759,SYNTHETIC-04,SYN04,2024-07-17,2734375893.6,normal,104000
26282.3757,synthetic,2024-07-18T17:00:00+07:00,HOSE,26282.3757,26545.199457000002,26019.551943,26282.3757,SYNTHETIC-04,SYN04,2024-07-18,2733367072.8,normal,104000
26276.8515,synthetic,2024-07-19T17:00:00+07:00,HOSE,26276.8515,26539.620015,26014.082985,26276.8515,SYNTHETIC-04,SYN04,2024-07-19,2732792556.0,normal,104000
26275.5918,synthetic,2024-07-22T17:00:00+07:00,HOSE,26275.5918,26538.347717999997,26012.835882,26275.5918,SYNTHETIC-04,SYN04,2024-07-22,2732661547.2,normal,104000
26278.6521,synthetic,2024-07-23T17:00:00+07:00,HOSE,26278.6521,26541.438621,26015.865578999998,26278.6521,SYNTHETIC-04,SYN04,2024-07-23,2732979818.4,normal,104000
26286.0541,synthetic,2024-07-24T17:00:00+07:00,HOSE,26286.0541,26548.914641000003,26023.193559,26286.0541,SYNTHETIC-04,SYN04,2024-07-24,2733749626.4,normal,104000
26297.7859,synthetic,2024-07-25T17:00:00+07:00,HOSE,26297.7859,26560.763758999998,26034.808041,26297.7859,SYNTHETIC-04,SYN04,2024-07-25,2734969733.6,normal,104000
26313.802,synthetic,2024-07-26T17:00:00+07:00,HOSE,26313.802,26576.94002,26050.66398,26313.802,SYNTHETIC-04,SYN04,2024-07-26,2736635408.0,normal,104000
26334.0236,synthetic,2024-07-29T17:00:00+07:00,HOSE,26334.0236,26597.363836,26070.683364,26334.0236,SYNTHETIC-04,SYN04,2024-07-29,2738738454.4,normal,104000
26358.3386,synthetic,2024-07-30T17:00:00+07:00,HOSE,26358.3386,26621.921985999998,26094.755214,26358.3386,SYNTHETIC-04,SYN04,2024-07-30,2741267214.4,normal,104000
26386.6032,synthetic,2024-07-31T17:00:00+07:00,HOSE,26386.6032,26650.469232000003,26122.737168,26386.6032,SYNTHETIC-04,SYN04,2024-07-31,2744206732.8,normal,104000
26418.6419,synthetic,2024-08-01T17:00:00+07:00,HOSE,26418.6419,26682.828319,26154.455480999997,26418.6419,SYNTHETIC-04,SYN04,2024-08-01,2747538757.6,normal,104000
26454.2491,synthetic,2024-08-02T17:00:00+07:00,HOSE,26454.2491,26718.791591,26189.706609,26454.2491,SYNTHETIC-04,SYN04,2024-08-02,2751241906.4,normal,104000
26493.1905,synthetic,2024-08-05T17:00:00+07:00,HOSE,26493.1905,26758.122405000002,26228.258595,26493.1905,SYNTHETIC-04,SYN04,2024-08-05,2755291812.0,normal,104000
26535.2043,synthetic,2024-08-06T17:00:00+07:00,HOSE,26535.2043,26800.556343,26269.852257000002,26535.2043,SYNTHETIC-04,SYN04,2024-08-06,2759661247.2000003,normal,104000
26580.0031,synthetic,2024-08-07T17:00:00+07:00,HOSE,26580.0031,26845.803131,26314.203069000003,26580.0031,SYNTHETIC-04,SYN04,2024-08-07,2764320322.4,normal,104000
26627.276,synthetic,2024-08-08T17:00:00+07:00,HOSE,26627.276,26893.54876,26361.003240000002,26627.276,SYNTHETIC-04,SYN04,2024-08-08,2769236704.0,normal,104000
26676.6908,synthetic,2024-08-09T17:00:00+07:00,HOSE,26676.6908,26943.457708,26409.923892,26676.6908,SYNTHETIC-04,SYN04,2024-08-09,2774375843.2,normal,104000
26727.8962,synthetic,2024-08-12T17:00:00+07:00,HOSE,26727.8962,26995.175162,26460.617238,26727.8962,SYNTHETIC-04,SYN04,2024-08-12,2779701204.7999997,normal,104000
26780.5243,synthetic,2024-08-13T17:00:00+07:00,HOSE,26780.5243,27048.329543,26512.719057000002,26780.5243,SYNTHETIC-04,SYN04,2024-08-13,2785174527.2000003,normal,104000
26834.1939,synthetic,2024-08-14T17:00:00+07:00,HOSE,26834.1939,27102.535839,26565.851960999997,26834.1939,SYNTHETIC-04,SYN04,2024-08-14,2790756165.6,normal,104000
26888.5127,synthetic,2024-08-15T17:00:00+07:00,HOSE,26888.5127,27157.397827,26619.627572999998,26888.5127,SYNTHETIC-04,SYN04,2024-08-15,2796405320.7999997,normal,104000
26943.0811,synthetic,2024-08-16T17:00:00+07:00,HOSE,26943.0811,27212.511911,26673.650288999997,26943.0811,SYNTHETIC-04,SYN04,2024-08-16,2802080434.4,normal,104000
26997.495,synthetic,2024-08-19T17:00:00+07:00,HOSE,26997.495,27267.46995,26727.52005,26997.495,SYNTHETIC-04,SYN04,2024-08-19,2807739480.0,normal,104000
27051.349,synthetic,2024-08-20T17:00:00+07:00,HOSE,27051.349,27321.86249,26780.835509999997,27051.349,SYNTHETIC-04,SYN04,2024-08-20,2813340296.0,normal,104000
27104.2403,synthetic,2024-08-21T17:00:00+07:00,HOSE,27104.2403,27375.282703,26833.197897000002,27104.2403,SYNTHETIC-04,SYN04,2024-08-21,2818840991.2000003,normal,104000
27155.772,synthetic,2024-08-22T17:00:00+07:00,HOSE,27155.772,27427.32972,26884.21428,27155.772,SYNTHETIC-04,SYN04,2024-08-22,2824200288.0,normal,104000
27205.5562,synthetic,2024-08-23T17:00:00+07:00,HOSE,27205.5562,27477.611762,26933.500637999998,27205.5562,SYNTHETIC-04,SYN04,2024-08-23,2829377844.7999997,normal,104000
27253.218,synthetic,2024-08-26T17:00:00+07:00,HOSE,27253.218,27525.750180000003,26980.68582,27253.218,SYNTHETIC-04,SYN04,2024-08-26,2834334672.0,normal,104000
27298.3987,synthetic,2024-08-27T17:00:00+07:00,HOSE,27298.3987,27571.382687,27025.414713000002,27298.3987,SYNTHETIC-04,SYN04,2024-08-27,2839033464.8,normal,104000
27340.759,synthetic,2024-08-28T17:00:00+07:00,HOSE,27340.759,27614.166589999997,27067.35141,27340.759,SYNTHETIC-04,SYN04,2024-08-28,2843438936.0,normal,104000
27379.9825,synthetic,2024-08-29T17:00:00+07:00,HOSE,27379.9825,27653.782325,27106.182674999996,27379.9825,SYNTHETIC-04,SYN04,2024-08-29,2847518180.0,normal,104000
27415.7784,synthetic,2024-08-30T17:00:00+07:00,HOSE,27415.7784,27689.936184,27141.620616,27415.7784,SYNTHETIC-04,SYN04,2024-08-30,2851240953.6,normal,104000
27447.8845,synthetic,2024-09-02T17:00:00+07:00,HOSE,27447.8845,27722.363345,27173.405655,27447.8845,SYNTHETIC-04,SYN04,2024-09-02,2854579988.0,normal,104000
27476.07,synthetic,2024-09-03T17:00:00+07:00,HOSE,27476.07,27750.8307,27201.3093,27476.07,SYNTHETIC-04,SYN04,2024-09-03,2857511280.0,normal,104000
27500.1371,synthetic,2024-09-04T17:00:00+07:00,HOSE,27500.1371,27775.138471,27225.135729,27500.1371,SYNTHETIC-04,SYN04,2024-09-04,2860014258.4,normal,104000
27519.9238,synthetic,2024-09-05T17:00:00+07:00,HOSE,27519.9238,27795.123038,27244.724562,27519.9238,SYNTHETIC-04,SYN04,2024-09-05,2862072075.2000003,normal,104000
27535.3051,synthetic,2024-09-06T17:00:00+07:00,HOSE,27535.3051,27810.658151000003,27259.952049,27535.3051,SYNTHETIC-04,SYN04,2024-09-06,2863671730.4,normal,104000
27546.1941,synthetic,2024-09-09T17:00:00+07:00,HOSE,27546.1941,27821.656041000002,27270.732159,27546.1941,SYNTHETIC-04,SYN04,2024-09-09,2864804186.4,normal,104000
27552.5433,synthetic,2024-09-10T17:00:00+07:00,HOSE,27552.5433,27828.068733,27277.017867000002,27552.5433,SYNTHETIC-04,SYN04,2024-09-10,2865464503.2000003,normal,104000
27554.345,synthetic,2024-09-11T17:00:00+07:00,HOSE,27554.345,27829.888450000002,27278.80155,27554.345,SYNTHETIC-04,SYN04,2024-09-11,2865651880.0,normal,104000
27551.6311,synthetic,2024-09-12T17:00:00+07:00,HOSE,27551.6311,27827.147410999998,27276.114789,27551.6311,SYNTHETIC-04,SYN04,2024-09-12,2865369634.4,normal,104000
27544.4733,synthetic,2024-09-13T17:00:00+07:00,HOSE,27544.4733,27819.918033,27269.028567,27544.4733,SYNTHETIC-04,SYN04,2024-09-13,2864625223.2000003,normal,104000
27532.9816,synthetic,2024-09-16T17:00:00+07:00,HOSE,27532.9816,27808.311416,27257.651783999998,27532.9816,SYNTHETIC-04,SYN04,2024-09-16,2863430086.4,normal,104000
27517.3043,synthetic,2024-09-17T17:00:00+07:00,HOSE,27517.3043,27792.477343,27242.131257,27517.3043,SYNTHETIC-04,SYN04,2024-09-17,2861799647.2,normal,104000
27497.6254,synthetic,2024-09-18T17:00:00+07:00,HOSE,27497.6254,27772.601654000002,27222.649146,27497.6254,SYNTHETIC-04,SYN04,2024-09-18,2859753041.6,normal,104000
27474.1635,synthetic,2024-09-19T17:00:00+07:00,HOSE,27474.1635,27748.905134999997,27199.421865,27474.1635,SYNTHETIC-04,SYN04,2024-09-19,2857313004.0,normal,104000
27447.1694,synthetic,2024-09-20T17:00:00+07:00,HOSE,27447.1694,27721.641094,27172.697706,27447.1694,SYNTHETIC-04,SYN04,2024-09-20,2854505617.6,normal,104000
27416.9237,synthetic,2024-09-23T17:00:00+07:00,HOSE,27416.9237,27691.092937,27142.754462999997,27416.9237,SYNTHETIC-04,SYN04,2024-09-23,2851360064.7999997,normal,104000
27383.7341,synthetic,2024-09-24T17:00:00+07:00,HOSE,27383.7341,27657.571441,27109.896759000003,27383.7341,SYNTHETIC-04,SYN04,2024-09-24,2847908346.4,normal,104000
27347.9324,synthetic,2024-09-25T17:00:00+07:00,HOSE,27347.9324,27621.411724,27074.453076,27347.9324,SYNTHETIC-04,SYN04,2024-09-25,2844184969.6000004,normal,104000
27309.8713,synthetic,2024-09-26T17:00:00+07:00,HOSE,27309.8713,27582.970013,27036.772587,27309.8713,SYNTHETIC-04,SYN04,2024-09-26,2840226615.2,normal,104000
27269.9213,synthetic,2024-09-27T17:00:00+07:00,HOSE,27269.9213,27542.620513,26997.222087000002,27269.9213,SYNTHETIC-04,SYN04,2024-09-27,2836071815.2000003,normal,104000
27228.4674,synthetic,2024-09-30T17:00:00+07:00,HOSE,27228.4674,27500.752074,26956.182726000003,27228.4674,SYNTHETIC-04,SYN04,2024-09-30,2831760609.6,normal,104000
27185.9053,synthetic,2024-10-01T17:00:00+07:00,HOSE,27185.9053,27457.764353,26914.046247,27185.9053,SYNTHETIC-04,SYN04,2024-10-01,2827334151.2,normal,104000
27142.638,synthetic,2024-10-02T17:00:00+07:00,HOSE,27142.638,27414.06438,26871.21162,27142.638,SYNTHETIC-04,SYN04,2024-10-02,2822834352.0,normal,104000
27099.0728,synthetic,2024-10-03T17:00:00+07:00,HOSE,27099.0728,27370.063528000002,26828.082072,27099.0728,SYNTHETIC-04,SYN04,2024-10-03,2818303571.2000003,normal,104000
27055.617,synthetic,2024-10-04T17:00:00+07:00,HOSE,27055.617,27326.17317,26785.06083,27055.617,SYNTHETIC-04,SYN04,2024-10-04,2813784168.0,normal,104000
27012.6753,synthetic,2024-10-07T17:00:00+07:00,HOSE,27012.6753,27282.802053,26742.548547,27012.6753,SYNTHETIC-04,SYN04,2024-10-07,2809318231.2,normal,104000
26970.646,synthetic,2024-10-08T17:00:00+07:00,HOSE,26970.646,27240.352460000002,26700.93954,26970.646,SYNTHETIC-04,SYN04,2024-10-08,2804947184.0,normal,104000
26929.918,synthetic,2024-10-09T17:00:00+07:00,HOSE,26929.918,27199.217180000003,26660.61882,26929.918,SYNTHETIC-04,SYN04,2024-10-09,2800711472.0,normal,104000
26890.8681,synthetic,2024-10-10T17:00:00+07:00,HOSE,26890.8681,27159.776781,26621.959419,26890.8681,SYNTHETIC-04,SYN04,2024-10-10,2796650282.4,normal,104000
26853.8573,synthetic,2024-10-11T17:00:00+07:00,HOSE,26853.8573,27122.395873,26585.318726999998,26853.8573,SYNTHETIC-04,SYN04,2024-10-11,2792801159.2,normal,104000
26819.2291,synthetic,2024-10-14T17:00:00+07:00,HOSE,26819.2291,27087.421391,26551.036809,26819.2291,SYNTHETIC-04,SYN04,2024-10-14,2789199826.4,normal,104000
26787.3062,synthetic,2024-10-15T17:00:00+07:00,HOSE,26787.3062,27055.179261999998,26519.433138,26787.3062,SYNTHETIC-04,SYN04,2024-10-15,2785879844.7999997,normal,104000
26758.3887,synthetic,2024-10-16T17:00:00+07:00,HOSE,26758.3887,27025.972587,26490.804813,26758.3887,SYNTHETIC-04,SYN04,2024-10-16,2782872424.7999997,normal,104000
26732.7517,synthetic,2024-10-17T17:00:00+07:00,HOSE,26732.7517,27000.079217000002,26465.424183,26732.7517,SYNTHETIC-04,SYN04,2024-10-17,2780206176.8,normal,104000
26710.6438,synthetic,2024-10-18T17:00:00+07:00,HOSE,26710.6438,26977.750238,26443.537362000003,26710.6438,SYNTHETIC-04,SYN04,2024-10-18,2777906955.2000003,normal,104000
26692.2848,synthetic,2024-10-21T17:00:00+07:00,HOSE,26692.2848,26959.207648000003,26425.361952,26692.2848,SYNTHETIC-04,SYN04,2024-10-21,2775997619.2000003,normal,104000
26677.8647,synthetic,2024-10-22T17:00:00+07:00,HOSE,26677.8647,26944.643346999997,26411.086053,26677.8647,SYNTHETIC-04,SYN04,2024-10-22,2774497928.7999997,normal,104000
26667.5426,synthetic,2024-10-23T17:00:00+07:00,HOSE,26667.5426,26934.218026000002,26400.867174,26667.5426,SYNTHETIC-04,SYN04,2024-10-23,2773424430.4,normal,104000
26661.445,synthetic,2024-10-24T17:00:00+07:00,HOSE,26661.445,26928.05945,26394.83055,26661.445,SYNTHETIC-04,SYN04,2024-10-24,2772790280.0,normal,104000
26659.6657,synthetic,2024-10-25T17:00:00+07:00,HOSE,26659.6657,26926.262357000003,26393.069043,26659.6657,SYNTHETIC-04,SYN04,2024-10-25,2772605232.8,normal,104000
26662.2647,synthetic,2024-10-28T17:00:00+07:00,HOSE,26662.2647,26928.887347,26395.642053,26662.2647,SYNTHETIC-04,SYN04,2024-10-28,2772875528.8,normal,104000
26669.2681,synthetic,2024-10-29T17:00:00+07:00,HOSE,26669.2681,26935.960781,26402.575419,26669.2681,SYNTHETIC-04,SYN04,2024-10-29,2773603882.4,normal,104000
26680.6678,synthetic,2024-10-30T17:00:00+07:00,HOSE,26680.6678,26947.474478,26413.861122,26680.6678,SYNTHETIC-04,SYN04,2024-10-30,2774789451.2,normal,104000
26696.4214,synthetic,2024-10-31T17:00:00+07:00,HOSE,26696.4214,26963.385614,26429.457186,26696.4214,SYNTHETIC-04,SYN04,2024-10-31,2776427825.6,normal,104000
26716.4529,synthetic,2024-11-01T17:00:00+07:00,HOSE,26716.4529,26983.617429,26449.288371,26716.4529,SYNTHETIC-04,SYN04,2024-11-01,2778511101.6,normal,104000
26740.6524,synthetic,2024-11-04T17:00:00+07:00,HOSE,26740.6524,27008.058924,26473.245875999997,26740.6524,SYNTHETIC-04,SYN04,2024-11-04,2781027849.6,normal,104000
26768.8777,synthetic,2024-11-05T17:00:00+07:00,HOSE,26768.8777,27036.566477,26501.188923,26768.8777,SYNTHETIC-04,SYN04,2024-11-05,2783963280.8,normal,104000
26800.9543,synthetic,2024-11-06T17:00:00+07:00,HOSE,26800.9543,27068.963843,26532.944757,26800.9543,SYNTHETIC-04,SYN04,2024-11-06,2787299247.2000003,normal,104000
26836.6772,synthetic,2024-11-07T17:00:00+07:00,HOSE,26836.6772,27105.043972,26568.310427999997,26836.6772,SYNTHETIC-04,SYN04,2024-11-07,2791014428.7999997,normal,104000
26875.8118,synthetic,2024-11-08T17:00:00+07:00,HOSE,26875.8118,27144.569918,26607.053681999998,26875.8118,SYNTHETIC-04,SYN04,2024-11-08,2795084427.2,normal,104000
26918.0955,synthetic,2024-11-11T17:00:00+07:00,HOSE,26918.0955,27187.276455,26648.914545,26918.0955,SYNTHETIC-04,SYN04,2024-11-11,2799481932.0,normal,104000
26963.2398,synthetic,2024-11-12T17:00:00+07:00,HOSE,26963.2398,27232.872198,26693.607401999998,26963.2398,SYNTHETIC-04,SYN04,2024-11-12,2804176939.2,normal,104000
27010.9319,synthetic,2024-11-13T17:00:00+07:00,HOSE,27010.9319,27281.041219,26740.822581,27010.9319,SYNTHETIC-04,SYN04,2024-11-13,2809136917.6,normal,104000
27060.8369,synthetic,2024-11-14T17:00:00+07:00,HOSE,27060.8369,27331.445269,26790.228530999997,27060.8369,SYNTHETIC-04,SYN04,2024-11-14,2814327037.6,normal,104000
27112.6006,synthetic,2024-11-15T17:00:00+07:00,HOSE,27112.6006,27383.726606,26841.474594000003,27112.6006,SYNTHETIC-04,SYN04,2024-11-15,2819710462.4,normal,104000
27165.8516,synthetic,2024-11-18T17:00:00+07:00,HOSE,27165.8516,27437.510116,26894.193084000002,27165.8516,SYNTHETIC-04,SYN04,2024-11-18,2825248566.4,normal,104000
27220.2043,synthetic,2024-11-19T17:00:00+07:00,HOSE,27220.2043,27492.406343000002,26948.002257,27220.2043,SYNTHETIC-04,SYN04,2024-11-19,2830901247.2000003,normal,104000
27275.262,synthetic,2024-11-20T17:00:00+07:00,HOSE,27275.262,27548.014619999998,27002.50938,27275.262,SYNTHETIC-04,SYN04,2024-11-20,2836627248.0,normal,104000
27330.6199,synthetic,2024-11-21T17:00:00+07:00,HOSE,27330.6199,27603.926099,27057.313701000003,27330.6199,SYNTHETIC-04,SYN04,2024-11-21,2842384469.6000004,normal,104000
27385.8683,synthetic,2024-11-22T17:00:00+07:00,HOSE,27385.8683,27659.726982999997,27112.009617,27385.8683,SYNTHETIC-04,SYN04,2024-11-22,2848130303.2,normal,104000
27440.5959,synthetic,2024-11-25T17:00:00+07:00,HOSE,27440.5959,27715.001859,27166.189941,27440.5959,SYNTHETIC-04,SYN04,2024-11-25,2853821973.6,normal,104000
27494.3935,synthetic,2024-11-26T17:00:00+07:00,HOSE,27494.3935,27769.337434999998,27219.449565,27494.3935,SYNTHETIC-04,SYN04,2024-11-26,2859416924.0,normal,104000
27546.8575,synthetic,2024-11-27T17:00:00+07:00,HOSE,27546.8575,27822.326074999997,27271.388925,27546.8575,SYNTHETIC-04,SYN04,2024-11-27,2864873180.0,normal,104000
27597.5932,synthetic,2024-11-28T17:00:00+07:00,HOSE,27597.5932,27873.569132,27321.617267999998,27597.5932,SYNTHETIC-04,SYN04,2024-11-28,2870149692.7999997,normal,104000
27646.2184,synthetic,2024-11-29T17:00:00+07:00,HOSE,27646.2184,27922.680584,27369.756216,27646.2184,SYNTHETIC-04,SYN04,2024-11-29,2875206713.6000004,normal,104000
27692.3671,synthetic,2024-12-02T17:00:00+07:00,HOSE,27692.3671,27969.290771,27415.443429,27692.3671,SYNTHETIC-04,SYN04,2024-12-02,2880006178.4,normal,104000
27735.6928,synthetic,2024-12-03T17:00:00+07:00,HOSE,27735.6928,28013.049728,27458.335872,27735.6928,SYNTHETIC-04,SYN04,2024-12-03,2884512051.2000003,normal,104000
27775.8714,synthetic,2024-12-04T17:00:00+07:00,HOSE,27775.8714,28053.630114,27498.112686,27775.8714,SYNTHETIC-04,SYN04,2024-12-04,2888690625.6,normal,104000
27812.6048,synthetic,2024-12-05T17:00:00+07:00,HOSE,27812.6048,28090.730848000003,27534.478752,27812.6048,SYNTHETIC-04,SYN04,2024-12-05,2892510899.2000003,normal,104000
27845.6235,synthetic,2024-12-06T17:00:00+07:00,HOSE,27845.6235,28124.079735000003,27567.167265,27845.6235,SYNTHETIC-04,SYN04,2024-12-06,2895944844.0,normal,104000
27874.6895,synthetic,2024-12-09T17:00:00+07:00,HOSE,27874.6895,28153.436395,27595.942605,27874.6895,SYNTHETIC-04,SYN04,2024-12-09,2898967708.0,normal,104000
27899.5983,synthetic,2024-12-10T17:00:00+07:00,HOSE,27899.5983,28178.594283000002,27620.602317,27899.5983,SYNTHETIC-04,SYN04,2024-12-10,2901558223.2000003,normal,104000
27920.1811,synthetic,2024-12-11T17:00:00+07:00,HOSE,27920.1811,28199.382911,27640.979289000003,27920.1811,SYNTHETIC-04,SYN04,2024-12-11,2903698834.4,normal,104000
27936.3066,synthetic,2024-12-12T17:00:00+07:00,HOSE,27936.3066,28215.669666,27656.943533999998,27936.3066,SYNTHETIC-04,SYN04,2024-12-12,2905375886.4,normal,104000
27947.8824,synthetic,2024-12-13T17:00:00+07:00,HOSE,27947.8824,28227.361224,27668.403575999997,27947.8824,SYNTHETIC-04,SYN04,2024-12-13,2906579769.6,normal,104000
27954.8555,synthetic,2024-12-16T17:00:00+07:00,HOSE,27954.8555,28234.404055000003,27675.306945,27954.8555,SYNTHETIC-04,SYN04,2024-12-16,2907304972.0,normal,104000
27957.2134,synthetic,2024-12-17T17:00:00+07:00,HOSE,27957.2134,28236.785534000002,27677.641266,27957.2134,SYNTHETIC-04,SYN04,2024-12-17,2907550193.6,normal,104000
27954.984,synthetic,2024-12-18T17:00:00+07:00,HOSE,27954.984,28234.53384,27675.43416,27954.984,SYNTHETIC-04,SYN04,2024-12-18,2907318336.0,normal,104000
27948.2352,synthetic,2024-12-19T17:00:00+07:00,HOSE,27948.2352,28227.717552,27668.752848,27948.2352,SYNTHETIC-04,SYN04,2024-12-19,2906616460.7999997,normal,104000
27937.0745,synthetic,2024-12-20T17:00:00+07:00,HOSE,27937.0745,28216.445245,27657.703755,27937.0745,SYNTHETIC-04,SYN04,2024-12-20,2905455748.0,normal,104000
27921.6477,synthetic,2024-12-23T17:00:00+07:00,HOSE,27921.6477,28200.864177000003,27642.431223,27921.6477,SYNTHETIC-04,SYN04,2024-12-23,2903851360.8,normal,104000
27902.1375,synthetic,2024-12-24T17:00:00+07:00,HOSE,27902.1375,28181.158875,27623.116125,27902.1375,SYNTHETIC-04,SYN04,2024-12-24,2901822300.0,normal,104000
27878.7617,synthetic,2024-12-25T17:00:00+07:00,HOSE,27878.7617,28157.549317,27599.974082999997,27878.7617,SYNTHETIC-04,SYN04,2024-12-25,2899391216.7999997,normal,104000
27851.7713,synthetic,2024-12-26T17:00:00+07:00,HOSE,27851.7713,28130.289013,27573.253587,27851.7713,SYNTHETIC-04,SYN04,2024-12-26,2896584215.2,normal,104000
27821.4476,synthetic,2024-12-27T17:00:00+07:00,HOSE,27821.4476,28099.662076,27543.233124,27821.4476,SYNTHETIC-04,SYN04,2024-12-27,2893430550.4,normal,104000
27788.0997,synthetic,2024-12-30T17:00:00+07:00,HOSE,27788.0997,28065.980697,27510.218703,27788.0997,SYNTHETIC-04,SYN04,2024-12-30,2889962368.7999997,normal,104000
27752.0616,synthetic,2024-12-31T17:00:00+07:00,HOSE,27752.0616,28029.582216000003,27474.540984,27752.0616,SYNTHETIC-04,SYN04,2024-12-31,2886214406.4,normal,104000
27713.6889,synthetic,2025-01-01T17:00:00+07:00,HOSE,27713.6889,27990.825789000002,27436.552011,27713.6889,SYNTHETIC-04,SYN04,2025-01-01,2882223645.6,normal,104000
27673.3557,synthetic,2025-01-02T17:00:00+07:00,HOSE,27673.3557,27950.089257,27396.622143,27673.3557,SYNTHETIC-04,SYN04,2025-01-02,2878028992.8,normal,104000
27631.451,synthetic,2025-01-03T17:00:00+07:00,HOSE,27631.451,27907.76551,27355.13649,27631.451,SYNTHETIC-04,SYN04,2025-01-03,2873670904.0,normal,104000
27588.3753,synthetic,2025-01-06T17:00:00+07:00,HOSE,27588.3753,27864.259053,27312.491546999998,27588.3753,SYNTHETIC-04,SYN04,2025-01-06,2869191031.2,normal,104000
27544.5368,synthetic,2025-01-07T17:00:00+07:00,HOSE,27544.5368,27819.982168000002,27269.091432,27544.5368,SYNTHETIC-04,SYN04,2025-01-07,2864631827.2000003,normal,104000
27500.3483,synthetic,2025-01-08T17:00:00+07:00,HOSE,27500.3483,27775.351783000002,27225.344817,27500.3483,SYNTHETIC-04,SYN04,2025-01-08,2860036223.2000003,normal,104000
27456.2234,synthetic,2025-01-09T17:00:00+07:00,HOSE,27456.2234,27730.785634,27181.661165999998,27456.2234,SYNTHETIC-04,SYN04,2025-01-09,2855447233.6,normal,104000
27412.5732,synthetic,2025-01-10T17:00:00+07:00,HOSE,27412.5732,27686.698932,27138.447468,27412.5732,SYNTHETIC-04,SYN04,2025-01-10,2850907612.7999997,normal,104000
27369.8026,synthetic,2025-01-13T17:00:00+07:00,HOSE,27369.8026,27643.500626,27096.104573999997,27369.8026,SYNTHETIC-04,SYN04,2025-01-13,2846459470.4,normal,104000
27328.3076,synthetic,2025-01-14T17:00:00+07:00,HOSE,27328.3076,27601.590676,27055.024524,27328.3076,SYNTHETIC-04,SYN04,2025-01-14,2842143990.4,normal,104000
27288.4719,synthetic,2025-01-15T17:00:00+07:00,HOSE,27288.4719,27561.356619000002,27015.587181,27288.4719,SYNTHETIC-04,SYN04,2025-01-15,2838001077.6,normal,104000
27250.664,synthetic,2025-01-16T17:00:00+07:00,HOSE,27250.664,27523.17064,26978.15736,27250.664,SYNTHETIC-04,SYN04,2025-01-16,2834069056.0,normal,104000
27215.2343,synthetic,2025-01-17T17:00:00+07:00,HOSE,27215.2343,27487.386643,26943.081957,27215.2343,SYNTHETIC-04,SYN04,2025-01-17,2830384367.2,normal,104000
27182.513,synthetic,2025-01-20T17:00:00+07:00,HOSE,27182.513,27454.33813,26910.687869999998,27182.513,SYNTHETIC-04,SYN04,2025-01-20,2826981352.0,normal,104000
27152.8072,synthetic,2025-01-21T17:00:00+07:00,HOSE,27152.8072,27424.335272,26881.279128,27152.8072,SYNTHETIC-04,SYN04,2025-01-21,2823891948.7999997,normal,104000
27126.3992,synthetic,2025-01-22T17:00:00+07:00,HOSE,27126.3992,27397.663192,26855.135208,27126.3992,SYNTHETIC-04,SYN04,2025-01-22,2821145516.8,normal,104000
27103.5442,synthetic,2025-01-23T17:00:00+07:00,HOSE,27103.5442,27374.579642,26832.508758,27103.5442,SYNTHETIC-04,SYN04,2025-01-23,2818768596.8,normal,104000
27084.4688,synthetic,2025-01-24T17:00:00+07:00,HOSE,27084.4688,27355.313488,26813.624111999998,27084.4688,SYNTHETIC-04,SYN04,2025-01-24,2816784755.2,normal,104000
27069.3693,synthetic,2025-01-27T17:00:00+07:00,HOSE,27069.3693,27340.062993,26798.675606999997,27069.3693,SYNTHETIC-04,SYN04,2025-01-27,2815214407.2,normal,104000
27058.4108,synthetic,2025-01-28T17:00:00+07:00,HOSE,27058.4108,27328.994908,26787.826692000002,27058.4108,SYNTHETIC-04,SYN04,2025-01-28,2814074723.2000003,normal,104000
27051.7255,synthetic,2025-01-29T17:00:00+07:00,HOSE,27051.7255,27322.242755,26781.208245,27051.7255,SYNTHETIC-04,SYN04,2025-01-29,2813379452.0,normal,104000
27049.4124,synthetic,2025-01-30T17:00:00+07:00,HOSE,27049.4124,27319.906524,26778.918276,27049.4124,SYNTHETIC-04,SYN04,2025-01-30,2813138889.6,normal,104000
27051.5363,synthetic,2025-01-31T17:00:00+07:00,HOSE,27051.5363,27322.051663,26781.020937,27051.5363,SYNTHETIC-04,SYN04,2025-01-31,2813359775.2,normal,104000
27058.1278,synthetic,2025-02-03T17:00:00+07:00,HOSE,27058.1278,27328.709078,26787.546521999997,27058.1278,SYNTHETIC-04,SYN04,2025-02-03,2814045291.2,normal,104000
27069.1826,synthetic,2025-02-04T17:00:00+07:00,HOSE,27069.1826,27339.874426000002,26798.490773999998,27069.1826,SYNTHETIC-04,SYN04,2025-02-04,2815194990.4,normal,104000
27084.6616,synthetic,2025-02-05T17:00:00+07:00,HOSE,27084.6616,27355.508216,26813.814984,27084.6616,SYNTHETIC-04,SYN04,2025-02-05,2816804806.4,normal,104000
27104.4917,synthetic,2025-02-06T17:00:00+07:00,HOSE,27104.4917,27375.536616999998,26833.446783,27104.4917,SYNTHETIC-04,SYN04,2025-02-06,2818867136.7999997,normal,104000
27128.5653,synthetic,2025-02-07T17:00:00+07:00,HOSE,27128.5653,27399.850952999997,26857.279647,27128.5653,SYNTHETIC-04,SYN04,2025-02-07,2821370791.2,normal,104000
27156.7417,synthetic,2025-02-10T17:00:00+07:00,HOSE,27156.7417,27428.309117,26885.174282999997,27156.7417,SYNTHETIC-04,SYN04,2025-02-10,2824301136.7999997,normal,104000
27188.8478,synthetic,2025-02-11T17:00:00+07:00,HOSE,27188.8478,27460.736278,26916.959322,27188.8478,SYNTHETIC-04,SYN04,2025-02-11,2827640171.2,normal,104000
27224.6789,synthetic,2025-02-12T17:00:00+07:00,HOSE,27224.6789,27496.925689,26952.432111,27224.6789,SYNTHETIC-04,SYN04,2025-02-12,2831366605.6,normal,104000
27264.0004,synthetic,2025-02-13T17:00:00+07:00,HOSE,27264.0004,27536.640404,26991.360396,27264.0004,SYNTHETIC-04,SYN04,2025-02-13,2835456041.6,normal,104000
27306.5492,synthetic,2025-02-14T17:00:00+07:00,HOSE,27306.5492,27579.614692000003,27033.483708,27306.5492,SYNTHETIC-04,SYN04,2025-02-14,2839881116.8,normal,104000
27352.0353,synthetic,2025-02-17T17:00:00+07:00,HOSE,27352.0353,27625.555653,27078.514947,27352.0353,SYNTHETIC-04,SYN04,2025-02-17,2844611671.2,normal,104000
27400.1442,synthetic,2025-02-18T17:00:00+07:00,HOSE,27400.1442,27674.145642,27126.142757999998,27400.1442,SYNTHETIC-04,SYN04,2025-02-18,2849614996.7999997,normal,104000
27450.5385,synthetic,2025-02-19T17:00:00+07:00,HOSE,27450.5385,27725.043885,27176.033115,27450.5385,SYNTHETIC-04,SYN04,2025-02-19,2854856004.0,normal,104000
27502.8609,synthetic,2025-02-20T17:00:00+07:00,HOSE,27502.8609,27777.889509,27227.832291,27502.8609,SYNTHETIC-04,SYN04,2025-02-20,2860297533.6,normal,104000
27556.7364,synthetic,2025-02-21T17:00:00+07:00,HOSE,27556.7364,27832.303764,27281.169036000003,27556.7364,SYNTHETIC-04,SYN04,2025-02-21,2865900585.6000004,normal,104000
27611.7755,synthetic,2025-02-24T17:00:00+07:00,HOSE,27611.7755,27887.893255,27335.657745,27611.7755,SYNTHETIC-04,SYN04,2025-02-24,2871624652.0,normal,104000
27667.5767,synthetic,2025-02-25T17:00:00+07:00,HOSE,27667.5767,27944.252467000002,27390.900933,27667.5767,SYNTHETIC-04,SYN04,2025-02-25,2877427976.8,normal,104000
27723.73,synthetic,2025-02-26T17:00:00+07:00,HOSE,27723.73,28000.9673,27446.4927,27723.73,SYNTHETIC-04,SYN04,2025-02-26,2883267920.0,normal,104000
27779.8201,synthetic,2025-02-27T17:00:00+07:00,HOSE,27779.8201,28057.618301000002,27502.021899,27779.8201,SYNTHETIC-04,SYN04,2025-02-27,2889101290.4,normal,104000
27835.4298,synthetic,2025-02-28T17:00:00+07:00,HOSE,27835.4298,28113.784098000004,27557.075502,27835.4298,SYNTHETIC-04,SYN04,2025-02-28,2894884699.2000003,normal,104000
27890.1435,synthetic,2025-03-03T17:00:00+07:00,HOSE,27890.1435,28169.044934999998,27611.242065,27890.1435,SYNTHETIC-04,SYN04,2025-03-03,2900574924.0,normal,104000
27943.5507,synthetic,2025-03-04T17:00:00+07:00,HOSE,27943.5507,28222.986207,27664.115192999998,27943.5507,SYNTHETIC-04,SYN04,2025-03-04,2906129272.8,normal,104000
27995.2499,synthetic,2025-03-05T17:00:00+07:00,HOSE,27995.2499,28275.202398999998,27715.297401,27995.2499,SYNTHETIC-04,SYN04,2025-03-05,2911505989.6,normal,104000
28044.8516,synthetic,2025-03-06T17:00:00+07:00,HOSE,28044.8516,28325.300116000002,27764.403084,28044.8516,SYNTHETIC-04,SYN04,2025-03-06,2916664566.4,normal,104000
28091.9824,synthetic,2025-03-07T17:00:00+07:00,HOSE,28091.9824,28372.902224,27811.062576,28091.9824,SYNTHETIC-04,SYN04,2025-03-07,2921566169.6,normal,104000
28136.2882,synthetic,2025-03-10T17:00:00+07:00,HOSE,28136.2882,28417.651082,27854.925317999998,28136.2882,SYNTHETIC-04,SYN04,2025-03-10,2926173972.7999997,normal,104000
28177.4374,synthetic,2025-03-11T17:00:00+07:00,HOSE,28177.4374,28459.211774,27895.663026,28177.4374,SYNTHETIC-04,SYN04,2025-03-11,2930453489.6,normal,104000
28215.1245,synthetic,2025-03-12T17:00:00+07:00,HOSE,28215.1245,28497.275745000003,27932.973255,28215.1245,SYNTHETIC-04,SYN04,2025-03-12,2934372948.0,normal,104000
28249.0725,synthetic,2025-03-13T17:00:00+07:00,HOSE,28249.0725,28531.563224999998,27966.581775,28249.0725,SYNTHETIC-04,SYN04,2025-03-13,2937903540.0,normal,104000
28279.036,synthetic,2025-03-14T17:00:00+07:00,HOSE,28279.036,28561.82636,27996.24564,28279.036,SYNTHETIC-04,SYN04,2025-03-14,2941019744.0,normal,104000
28304.8036,synthetic,2025-03-17T17:00:00+07:00,HOSE,28304.8036,28587.851636,28021.755564,28304.8036,SYNTHETIC-04,SYN04,2025-03-17,2943699574.4,normal,104000
28326.1997,synthetic,2025-03-18T17:00:00+07:00,HOSE,28326.1997,28609.461697000002,28042.937703,28326.1997,SYNTHETIC-04,SYN04,2025-03-18,2945924768.8,normal,104000
28343.0868,synthetic,2025-03-19T17:00:00+07:00,HOSE,28343.0868,28626.517668,28059.655932,28343.0868,SYNTHETIC-04,SYN04,2025-03-19,2947681027.2000003,normal,104000
28355.3663,synthetic,2025-03-20T17:00:00+07:00,HOSE,28355.3663,28638.919963,28071.812637000003,28355.3663,SYNTHETIC-04,SYN04,2025-03-20,2948958095.2000003,normal,104000
28362.98,synthetic,2025-03-21T17:00:00+07:00,HOSE,28362.98,28646.6098,28079.3502,28362.98,SYNTHETIC-04,SYN04,2025-03-21,2949749920.0,normal,104000
28365.9105,synthetic,2025-03-24T17:00:00+07:00,HOSE,28365.9105,28649.569605,28082.251395000003,28365.9105,SYNTHETIC-04,SYN04,2025-03-24,2950054692.0,normal,104000
28364.1811,synthetic,2025-03-25T17:00:00+07:00,HOSE,28364.1811,28647.822911000003,28080.539289,28364.1811,SYNTHETIC-04,SYN04,2025-03-25,2949874834.4,normal,104000
28357.8564,synthetic,2025-03-26T17:00:00+07:00,HOSE,28357.8564,28641.434964,28074.277836,28357.8564,SYNTHETIC-04,SYN04,2025-03-26,2949217065.6,normal,104000
28347.0407,synthetic,2025-03-27T17:00:00+07:00,HOSE,28347.0407,28630.511107000002,28063.570293,28347.0407,SYNTHETIC-04,SYN04,2025-03-27,2948092232.8,normal,104000
28331.8775,synthetic,2025-03-28T17:00:00+07:00,HOSE,28331.8775,28615.196275,28048.558725,28331.8775,SYNTHETIC-04,SYN04,2025-03-28,2946515260.0,normal,104000
28312.5481,synthetic,2025-03-31T17:00:00+07:00,HOSE,28312.5481,28595.673581,28029.422619,28312.5481,SYNTHETIC-04,SYN04,2025-03-31,2944505002.4,normal,104000
28289.2694,synthetic,2025-04-01T17:00:00+07:00,HOSE,28289.2694,28572.162094000003,28006.376706,28289.2694,SYNTHETIC-04,SYN04,2025-04-01,2942084017.6,normal,104000
28262.2924,synthetic,2025-04-02T17:00:00+07:00,HOSE,28262.2924,28544.915323999998,27979.669476,28262.2924,SYNTHETIC-04,SYN04,2025-04-02,2939278409.6,normal,104000
28231.8989,synthetic,2025-04-03T17:00:00+07:00,HOSE,28231.8989,28514.217889,27949.579911,28231.8989,SYNTHETIC-04,SYN04,2025-04-03,2936117485.6,normal,104000
28198.3997,synthetic,2025-04-04T17:00:00+07:00,HOSE,28198.3997,28480.383697,27916.415703000002,28198.3997,SYNTHETIC-04,SYN04,2025-04-04,2932633568.8,normal,104000
28162.1307,synthetic,2025-04-07T17:00:00+07:00,HOSE,28162.1307,28443.752007000003,27880.509393,28162.1307,SYNTHETIC-04,SYN04,2025-04-07,2928861592.8,normal,104000
28123.4505,synthetic,2025-04-08T17:00:00+07:00,HOSE,28123.4505,28404.685005,27842.215995,28123.4505,SYNTHETIC-04,SYN04,2025-04-08,2924838852.0,normal,104000
28082.7366,synthetic,2025-04-09T17:00:00+07:00,HOSE,28082.7366,28363.563966,27801.909234,28082.7366,SYNTHETIC-04,SYN04,2025-04-09,2920604606.4,normal,104000
28040.3822,synthetic,2025-04-10T17:00:00+07:00,HOSE,28040.3822,28320.786022,27759.978378,28040.3822,SYNTHETIC-04,SYN04,2025-04-10,2916199748.8,normal,104000
27996.7924,synthetic,2025-04-11T17:00:00+07:00,HOSE,27996.7924,28276.760324,27716.824475999998,27996.7924,SYNTHETIC-04,SYN04,2025-04-11,2911666409.6,normal,104000
27952.3808,synthetic,2025-04-14T17:00:00+07:00,HOSE,27952.3808,28231.904608,27672.856991999997,27952.3808,SYNTHETIC-04,SYN04,2025-04-14,2907047603.2,normal,104000
27907.5657,synthetic,2025-04-15T17:00:00+07:00,HOSE,27907.5657,28186.641357,27628.490042999998,27907.5657,SYNTHETIC-04,SYN04,2025-04-15,2902386832.7999997,normal,104000
27862.767,synthetic,2025-04-16T17:00:00+07:00,HOSE,27862.767,28141.39467,27584.139329999998,27862.767,SYNTHETIC-04,SYN04,2025-04-16,2897727768.0,normal,104000
27818.4021,synthetic,2025-04-17T17:00:00+07:00,HOSE,27818.4021,28096.586121,27540.218079,27818.4021,SYNTHETIC-04,SYN04,2025-04-17,2893113818.4,normal,104000
27774.8829,synthetic,2025-04-18T17:00:00+07:00,HOSE,27774.8829,28052.631729,27497.134071,27774.8829,SYNTHETIC-04,SYN04,2025-04-18,2888587821.6,normal,104000
27732.6123,synthetic,2025-04-21T17:00:00+07:00,HOSE,27732.6123,28009.938423,27455.286177,27732.6123,SYNTHETIC-04,SYN04,2025-04-21,2884191679.2000003,normal,104000
27691.9812,synthetic,2025-04-22T17:00:00+07:00,HOSE,27691.9812,27968.901012,27415.061388,27691.9812,SYNTHETIC-04,SYN04,2025-04-22,2879966044.7999997,normal,104000
27653.3653,synthetic,2025-04-23T17:00:00+07:00,HOSE,27653.3653,27929.898953,27376.831647000003,27653.3653,SYNTHETIC-04,SYN04,2025-04-23,2875949991.2000003,normal,104000
27617.1226,synthetic,2025-04-24T17:00:00+07:00,HOSE,27617.1226,27893.293825999997,27340.951374,27617.1226,SYNTHETIC-04,SYN04,2025-04-24,2872180750.4,normal,104000
27583.5905,synthetic,2025-04-25T17:00:00+07:00,HOSE,27583.5905,27859.426405,27307.754595,27583.5905,SYNTHETIC-04,SYN04,2025-04-25,2868693412.0,normal,104000
27553.0833,synthetic,2025-04-28T17:00:00+07:00,HOSE,27553.0833,27828.614133,27277.552466999998,27553.0833,SYNTHETIC-04,SYN04,2025-04-28,2865520663.2,normal,104000
27525.8906,synthetic,2025-04-29T17:00:00+07:00,HOSE,27525.8906,27801.149505999998,27250.631694,27525.8906,SYNTHETIC-04,SYN04,2025-04-29,2862692622.4,normal,104000
27502.2745,synthetic,2025-04-30T17:00:00+07:00,HOSE,27502.2745,27777.297245,27227.251754999998,27502.2745,SYNTHETIC-04,SYN04,2025-04-30,2860236548.0,normal,104000
27482.4683,synthetic,2025-05-01T17:00:00+07:00,HOSE,27482.4683,27757.292983,27207.643617,27482.4683,SYNTHETIC-04,SYN04,2025-05-01,2858176703.2,normal,104000
27466.6749,synthetic,2025-05-02T17:00:00+07:00,HOSE,27466.6749,27741.341649,27192.008151,27466.6749,SYNTHETIC-04,SYN04,2025-05-02,2856534189.6000004,normal,104000
27455.0654,synthetic,2025-05-05T17:00:00+07:00,HOSE,27455.0654,27729.616054,27180.514746,27455.0654,SYNTHETIC-04,SYN04,2025-05-05,2855326801.6,normal,104000
27447.7778,synthetic,2025-05-06T17:00:00+07:00,HOSE,27447.7778,27722.255578,27173.300022,27447.7778,SYNTHETIC-04,SYN04,2025-05-06,2854568891.2,normal,104000
27444.9165,synthetic,2025-05-07T17:00:00+07:00,HOSE,27444.9165,27719.365665,27170.467334999998,27444.9165,SYNTHETIC-04,SYN04,2025-05-07,2854271316.0,normal,104000
27446.5514,synthetic,2025-05-08T17:00:00+07:00,HOSE,27446.5514,27721.016914,27172.085886,27446.5514,SYNTHETIC-04,SYN04,2025-05-08,2854441345.6,normal,104000
27452.7174,synthetic,2025-05-09T17:00:00+07:00,HOSE,27452.7174,27727.244574,27178.190226000002,27452.7174,SYNTHETIC-04,SYN04,2025-05-09,2855082609.6,normal,104000
27463.4141,synthetic,2025-05-12T17:00:00+07:00,HOSE,27463.4141,27738.048241,27188.779959000003,27463.4141,SYNTHETIC-04,SYN04,2025-05-12,2856195066.4,normal,104000
27478.6062,synthetic,2025-05-13T17:00:00+07:00,HOSE,27478.6062,27753.392261999998,27203.820138,27478.6062,SYNTHETIC-04,SYN04,2025-05-13,2857775044.7999997,normal,104000
27498.2232,synthetic,2025-05-14T17:00:00+07:00,HOSE,27498.2232,27773.205432,27223.240968000002,27498.2232,SYNTHETIC-04,SYN04,2025-05-14,2859815212.8,normal,104000
27522.1601,synthetic,2025-05-15T17:00:00+07:00,HOSE,27522.1601,27797.381701000002,27246.938499,27522.1601,SYNTHETIC-04,SYN04,2025-05-15,2862304650.4,normal,104000
27550.2779,synthetic,2025-05-16T17:00:00+07:00,HOSE,27550.2779,27825.780679,27274.775121000002,27550.2779,SYNTHETIC-04,SYN04,2025-05-16,2865228901.6,normal,104000
27582.4047,synthetic,2025-05-19T17:00:00+07:00,HOSE,27582.4047,27858.228747,27306.580652999997,27582.4047,SYNTHETIC-04,SYN04,2025-05-19,2868570088.7999997,normal,104000
27618.3364,synthetic,2025-05-20T17:00:00+07:00,HOSE,27618.3364,27894.519764,27342.153036,27618.3364,SYNTHETIC-04,SYN04,2025-05-20,2872306985.6,normal,104000
27657.8385,synthetic,2025-05-21T17:00:00+07:00,HOSE,27657.8385,27934.416885000002,27381.260115,27657.8385,SYNTHETIC-04,SYN04,2025-05-21,2876415204.0,normal,104000
27700.6471,synthetic,2025-05-22T17:00:00+07:00,HOSE,27700.6471,27977.653571,27423.640628999998,27700.6471,SYNTHETIC-04,SYN04,2025-05-22,2880867298.3999996,normal,104000
27746.4712,synthetic,2025-05-23T17:00:00+07:00,HOSE,27746.4712,28023.935912,27469.006488,27746.4712,SYNTHETIC-04,SYN04,2025-05-23,2885633004.8,normal,104000
27794.9943,synthetic,2025-05-26T17:00:00+07:00,HOSE,27794.9943,28072.944242999998,27517.044357,27794.9943,SYNTHETIC-04,SYN04,2025-05-26,2890679407.2,normal,104000
27845.8767,synthetic,2025-05-27T17:00:00+07:00,HOSE,27845.8767,28124.335467,27567.417933,27845.8767,SYNTHETIC-04,SYN04,2025-05-27,2895971176.8,normal,104000
27898.7581,synthetic,2025-05-28T17:00:00+07:00,HOSE,27898.7581,28177.745681,27619.770518999998,27898.7581,SYNTHETIC-04,SYN04,2025-05-28,2901470842.4,normal,104000
27953.2599,synthetic,2025-05-29T17:00:00+07:00,HOSE,27953.2599,28232.792499000003,27673.727301,27953.2599,SYNTHETIC-04,SYN04,2025-05-29,2907139029.6,normal,104000
28008.9883,synthetic,2025-05-30T17:00:00+07:00,HOSE,28008.9883,28289.078183,27728.898417,28008.9883,SYNTHETIC-04,SYN04,2025-05-30,2912934783.2000003,normal,104000
28065.5374,synthetic,2025-06-02T17:00:00+07:00,HOSE,28065.5374,28346.192774000003,27784.882026,28065.5374,SYNTHETIC-04,SYN04,2025-06-02,2918815889.6,normal,104000
28122.4919,synthetic,2025-06-03T17:00:00+07:00,HOSE,28122.4919,28403.716819,27841.266981,28122.4919,SYNTHETIC-04,SYN04,2025-06-03,2924739157.6,normal,104000
28179.431,synthetic,2025-06-04T17:00:00+07:00,HOSE,28179.431,28461.22531,27897.63669,28179.431,SYNTHETIC-04,SYN04,2025-06-04,2930660824.0,normal,104000
28235.9313,synthetic,2025-06-05T17:00:00+07:00,HOSE,28235.9313,28518.290613,27953.571987,28235.9313,SYNTHETIC-04,SYN04,2025-06-05,2936536855.2,normal,104000
28291.5708,synthetic,2025-06-06T17:00:00+07:00,HOSE,28291.5708,28574.486508,28008.655092,28291.5708,SYNTHETIC-04,SYN04,2025-06-06,2942323363.2000003,normal,104000
28345.9323,synthetic,2025-06-09T17:00:00+07:00,HOSE,28345.9323,28629.391623,28062.472977,28345.9323,SYNTHETIC-04,SYN04,2025-06-09,2947976959.2,normal,104000
28398.6071,synthetic,2025-06-10T17:00:00+07:00,HOSE,28398.6071,28682.593171,28114.621029,28398.6071,SYNTHETIC-04,SYN04,2025-06-10,2953455138.4,normal,104000
28449.1984,synthetic,2025-06-11T17:00:00+07:00,HOSE,28449.1984,28733.690384,28164.706416,28449.1984,SYNTHETIC-04,SYN04,2025-06-11,2958716633.6,normal,104000
28497.3254,synthetic,2025-06-12T17:00:00+07:00,HOSE,28497.3254,28782.298654000002,28212.352146,28497.3254,SYNTHETIC-04,SYN04,2025-06-12,2963721841.6000004,normal,104000
28542.6262,synthetic,2025-06-13T17:00:00+07:00,HOSE,28542.6262,28828.052462,28257.199937999998,28542.6262,SYNTHETIC-04,SYN04,2025-06-13,2968433124.7999997,normal,104000
28584.7618,synthetic,2025-06-16T17:00:00+07:00,HOSE,28584.7618,28870.609418,28298.914182,28584.7618,SYNTHETIC-04,SYN04,2025-06-16,2972815227.2,normal,104000
28623.4188,synthetic,2025-06-17T17:00:00+07:00,HOSE,28623.4188,28909.652987999998,28337.184612,28623.4188,SYNTHETIC-04,SYN04,2025-06-17,2976835555.2,normal,104000
28658.3128,synthetic,2025-06-18T17:00:00+07:00,HOSE,28658.3128,28944.895928,28371.729671999998,28658.3128,SYNTHETIC-04,SYN04,2025-06-18,2980464531.2,normal,104000
28689.1911,synthetic,2025-06-19T17:00:00+07:00,HOSE,28689.1911,28976.083011,28402.299189,28689.1911,SYNTHETIC-04,SYN04,2025-06-19,2983675874.4,normal,104000
28715.8349,synthetic,2025-06-20T17:00:00+07:00,HOSE,28715.8349,29002.993249000003,28428.676551,28715.8349,SYNTHETIC-04,SYN04,2025-06-20,2986446829.6000004,normal,104000
28738.062,synthetic,2025-06-23T17:00:00+07:00,HOSE,28738.062,29025.44262,28450.68138,28738.062,SYNTHETIC-04,SYN04,2025-06-23,2988758448.0,normal,104000
28755.7281,synthetic,2025-06-24T17:00:00+07:00,HOSE,28755.7281,29043.285381,28468.170819,28755.7281,SYNTHETIC-04,SYN04,2025-06-24,2990595722.4,normal,104000
28768.7287,synthetic,2025-06-25T17:00:00+07:00,HOSE,28768.7287,29056.415987,28481.041413,28768.7287,SYNTHETIC-04,SYN04,2025-06-25,2991947784.8,normal,104000
28777.0,synthetic,2025-06-26T17:00:00+07:00,HOSE,28777.0,29064.77,28489.23,28777.0,SYNTHETIC-04,SYN04,2025-06-26,2992808000.0,normal,104000
28780.5195,synthetic,2025-06-27T17:00:00+07:00,HOSE,28780.5195,29068.324695,28492.714304999998,28780.5195,SYNTHETIC-04,SYN04,2025-06-27,2993174028.0,normal,104000
28779.3063,synthetic,2025-06-30T17:00:00+07:00,HOSE,28779.3063,29067.099363,28491.513237,28779.3063,SYNTHETIC-04,SYN04,2025-06-30,2993047855.2,normal,104000
26977.6169,synthetic,2024-01-01T17:00:00+07:00,HOSE,26977.6169,27247.393069,26707.840731,26977.6169,SYNTHETIC-05,SYN05,2024-01-01,2832649774.5,normal,105000
26999.727,synthetic,2024-01-02T17:00:00+07:00,HOSE,26999.727,27269.72427,26729.72973,26999.727,SYNTHETIC-05,SYN05,2024-01-02,2834971335.0,normal,105000
27026.0029,synthetic,2024-01-03T17:00:00+07:00,HOSE,27026.0029,27296.262929,26755.742871,27026.0029,SYNTHETIC-05,SYN05,2024-01-03,2837730304.5,normal,105000
27056.2896,synthetic,2024-01-04T17:00:00+07:00,HOSE,27056.2896,27326.852496,26785.726704,27056.2896,SYNTHETIC-05,SYN05,2024-01-04,2840910408.0,normal,105000
27090.4005,synthetic,2024-01-05T17:00:00+07:00,HOSE,27090.4005,27361.304505,26819.496495,27090.4005,SYNTHETIC-05,SYN05,2024-01-05,2844492052.5,normal,105000
27128.1179,synthetic,2024-01-08T17:00:00+07:00,HOSE,27128.1179,27399.399079000003,26856.836721,27128.1179,SYNTHETIC-05,SYN05,2024-01-08,2848452379.5,normal,105000
27169.195,synthetic,2024-01-09T17:00:00+07:00,HOSE,27169.195,27440.88695,26897.50305,27169.195,SYNTHETIC-05,SYN05,2024-01-09,2852765475.0,normal,105000
27213.3576,synthetic,2024-01-10T17:00:00+07:00,HOSE,27213.3576,27485.491176,26941.224024,27213.3576,SYNTHETIC-05,SYN05,2024-01-10,2857402548.0,normal,105000
27260.3054,synthetic,2024-01-11T17:00:00+07:00,HOSE,27260.3054,27532.908454,26987.702346000002,27260.3054,SYNTHETIC-05,SYN05,2024-01-11,2862332067.0,normal,105000
27309.7146,synthetic,2024-01-12T17:00:00+07:00,HOSE,27309.7146,27582.811746,27036.617454,27309.7146,SYNTHETIC-05,SYN05,2024-01-12,2867520033.0,normal,105000
27361.2399,synthetic,2024-01-15T17:00:00+07:00,HOSE,27361.2399,27634.852299000002,27087.627501,27361.2399,SYNTHETIC-05,SYN05,2024-01-15,2872930189.5,normal,105000
27414.5171,synthetic,2024-01-16T17:00:00+07:00,HOSE,27414.5171,27688.662271,27140.371929,27414.5171,SYNTHETIC-05,SYN05,2024-01-16,2878524295.5,normal,105000
27469.1658,synthetic,2024-01-17T17:00:00+07:00,HOSE,27469.1658,27743.857458,27194.474142,27469.1658,SYNTHETIC-05,SYN05,2024-01-17,2884262409.0,normal,105000
27524.7922,synthetic,2024-01-18T17:00:00+07:00,HOSE,27524.7922,27800.040122,27249.544278,27524.7922,SYNTHETIC-05,SYN05,2024-01-18,2890103181.0,normal,105000
27580.9922,synthetic,2024-01-19T17:00:00+07:00,HOSE,27580.9922,27856.802122,27305.182278,27580.9922,SYNTHETIC-05,SYN05,2024-01-19,2896004181.0,normal,105000
27637.3548,synthetic,2024-01-22T17:00:00+07:00,HOSE,27637.3548,27913.728348,27360.981252,27637.3548,SYNTHETIC-05,SYN05,2024-01-22,2901922254.0,normal,105000
27693.4648,synthetic,2024-01-23T17:00:00+07:00,HOSE,27693.4648,27970.399448,27416.530152000003,27693.4648,SYNTHETIC-05,SYN05,2024-01-23,2907813804.0,normal,105000
27748.9073,synthetic,2024-01-24T17:00:00+07:00,HOSE,27748.9073,28026.396373,27471.418227,27748.9073,SYNTHETIC-05,SYN05,2024-01-24,2913635266.5,normal,105000
27803.27,synthetic,2024-01-25T17:00:00+07:00,HOSE,27803.27,28081.3027,27525.2373,27803.27,SYNTHETIC-05,SYN05,2024-01-25,2919343350.0,normal,105000
27856.1477,synthetic,2024-01-26T17:00:00+07:00,HOSE,27856.1477,28134.709177,27577.586223000002,27856.1477,SYNTHETIC-05,SYN05,2024-01-26,2924895508.5,normal,105000
27907.1455,synthetic,2024-01-29T17:00:00+07:00,HOSE,27907.1455,28186.216955,27628.074044999998,27907.1455,SYNTHETIC-05,SYN05,2024-01-29,2930250277.5,normal,105000
27955.8822,synthetic,2024-01-30T17:00:00+07:00,HOSE,27955.8822,28235.441022,27676.323378,27955.8822,SYNTHETIC-05,SYN05,2024-01-30,2935367631.0,normal,105000
28001.9944,synthetic,2024-01-31T17:00:00+07:00,HOSE,28001.9944,28282.014344,27721.974456,28001.9944,SYNTHETIC-05,SYN05,2024-01-31,2940209412.0,normal,105000
28045.1391,synthetic,2024-02-01T17:00:00+07:00,HOSE,28045.1391,28325.590491,27764.687709,28045.1391,SYNTHETIC-05,SYN05,2024-02-01,2944739605.5,normal,105000
28084.9974,synthetic,2024-02-02T17:00:00+07:00,HOSE,28084.9974,28365.847374,27804.147426,28084.9974,SYNTHETIC-05,SYN05,2024-02-02,2948924727.0,normal,105000
28121.2775,synthetic,2024-02-05T17:00:00+07:00,HOSE,28121.2775,28402.490275,27840.064725,28121.2775,SYNTHETIC-05,SYN05,2024-02-05,2952734137.5,normal,105000
28153.7176,synthetic,2024-02-06T17:00:00+07:00,HOSE,28153.7176,28435.254776,27872.180424,28153.7176,SYNTHETIC-05,SYN05,2024-02-06,2956140348.0,normal,105000
28182.0884,synthetic,2024-02-07T17:00:00+07:00,HOSE,28182.0884,28463.909284,27900.267516,28182.0884,SYNTHETIC-05,SYN05,2024-02-07,2959119282.0,normal,105000
28206.1952,synthetic,2024-02-08T17:00:00+07:00,HOSE,28206.1952,28488.257152,27924.133248,28206.1952,SYNTHETIC-05,SYN05,2024-02-08,2961650496.0,normal,105000
28225.8802,synthetic,2024-02-09T17:00:00+07:00,HOSE,28225.8802,28508.139002,27943.621398,28225.8802,SYNTHETIC-05,SYN05,2024-02-09,2963717421.0,normal,105000
28241.0239,synthetic,2024-02-12T17:00:00+07:00,HOSE,28241.0239,28523.434139,27958.613661,28241.0239,SYNTHETIC-05,SYN05,2024-02-12,2965307509.5,normal,105000
28251.5462,synthetic,2024-02-13T17:00:00+07:00,HOSE,28251.5462,28534.061662,27969.030738,28251.5462,SYNTHETIC-05,SYN05,2024-02-13,2966412351.0,normal,105000
28257.4077,synthetic,2024-02-14T17:00:00+07:00,HOSE,28257.4077,28539.981777,27974.833623,28257.4077,SYNTHETIC-05,SYN05,2024-02-14,2967027808.5,normal,105000
28258.6094,synthetic,2024-02-15T17:00:00+07:00,HOSE,28258.6094,28541.195494000003,27976.023306,28258.6094,SYNTHETIC-05,SYN05,2024-02-15,2967153987.0,normal,105000
28255.1934,synthetic,2024-02-16T17:00:00+07:00,HOSE,28255.1934,28537.745334,27972.641466,28255.1934,SYNTHETIC-05,SYN05,2024-02-16,2966795307.0,normal,105000
28247.2421,synthetic,2024-02-19T17:00:00+07:00,HOSE,28247.2421,28529.714520999998,27964.769679,28247.2421,SYNTHETIC-05,SYN05,2024-02-19,2965960420.5,normal,105000
28234.8773,synthetic,2024-02-20T17:00:00+07:00,HOSE,28234.8773,28517.226073,27952.528527,28234.8773,SYNTHETIC-05,SYN05,2024-02-20,2964662116.5,normal,105000
28218.2594,synthetic,2024-02-21T17:00:00+07:00,HOSE,28218.2594,28500.441994,27936.076805999997,28218.2594,SYNTHETIC-05,SYN05,2024-02-21,2962917237.0,normal,105000
28197.5853,synthetic,2024-02-22T17:00:00+07:00,HOSE,28197.5853,28479.561153,27915.609447,28197.5853,SYNTHETIC-05,SYN05,2024-02-22,2960746456.5,normal,105000
28173.0869,synthetic,2024-02-23T17:00:00+07:00,HOSE,28173.0869,28454.817768999997,27891.356031,28173.0869,SYNTHETIC-05,SYN05,2024-02-23,2958174124.5,normal,105000
28145.0285,synthetic,2024-02-26T17:00:00+07:00,HOSE,28145.0285,28426.478785,27863.578215,28145.0285,SYNTHETIC-05,SYN05,2024-02-26,2955227992.5,normal,105000
28113.7043,synthetic,2024-02-27T17:00:00+07:00,HOSE,28113.7043,28394.841343,27832.567257000002,28113.7043,SYNTHETIC-05,SYN05,2024-02-27,2951938951.5,normal,105000
28079.4359,synthetic,2024-02-28T17:00:00+07:00,HOSE,28079.4359,28360.230259,27798.641541,28079.4359,SYNTHETIC-05,SYN05,2024-02-28,2948340769.5,normal,105000
28042.5685,synthetic,2024-02-29T17:00:00+07:00,HOSE,28042.5685,28322.994185000003,27762.142815,28042.5685,SYNTHETIC-05,SYN05,2024-02-29,2944469692.5,normal,105000
28003.4684,synthetic,2024-03-01T17:00:00+07:00,HOSE,28003.4684,28283.503084000004,27723.433716,28003.4684,SYNTHETIC-05,SYN05,2024-03-01,2940364182.0,normal,105000
27962.5194,synthetic,2024-03-04T17:00:00+07:00,HOSE,27962.5194,28242.144594,27682.894206,27962.5194,SYNTHETIC-05,SYN05,2024-03-04,2936064537.0,normal,105000
27920.1189,synthetic,2024-03-05T17:00:00+07:00,HOSE,27920.1189,28199.320089,27640.917711000002,27920.1189,SYNTHETIC-05,SYN05,2024-03-05,2931612484.5,normal,105000
27876.6749,synthetic,2024-03-06T17:00:00+07:00,HOSE,27876.6749,28155.441649,27597.908151000003,27876.6749,SYNTHETIC-05,SYN05,2024-03-06,2927050864.5,normal,105000
27832.6022,synthetic,2024-03-07T17:00:00+07:00,HOSE,27832.6022,28110.928222000002,27554.276178,27832.6022,SYNTHETIC-05,SYN05,2024-03-07,2922423231.0,normal,105000
27788.3187,synthetic,2024-03-08T17:00:00+07:00,HOSE,27788.3187,28066.201887,27510.435513,27788.3187,SYNTHETIC-05,SYN05,2024-03-08,2917773463.5,normal,105000
27744.2421,synthetic,2024-03-11T17:00:00+07:00,HOSE,27744.2421,28021.684521,27466.799679,27744.2421,SYNTHETIC-05,SYN05,2024-03-11,2913145420.5,normal,105000
27700.7862,synthetic,2024-03-12T17:00:00+07:00,HOSE,27700.7862,27977.794061999997,27423.778338,27700.7862,SYNTHETIC-05,SYN05,2024-03-12,2908582551.0,normal,105000
27658.3578,synthetic,2024-03-13T17:00:00+07:00,HOSE,27658.3578,27934.941378000003,27381.774222,27658.3578,SYNTHETIC-05,SYN05,2024-03-13,2904127569.0,normal,105000
27617.3532,synthetic,2024-03-14T17:00:00+07:00,HOSE,27617.3532,27893.526732000002,27341.179668,27617.3532,SYNTHETIC-05,SYN05,2024-03-14,2899822086.0,normal,105000
27578.1556,synthetic,2024-03-15T17:00:00+07:00,HOSE,27578.1556,27853.937156,27302.374043999997,27578.1556,SYNTHETIC-05,SYN05,2024-03-15,2895706338.0,normal,105000
27541.1316,synthetic,2024-03-18T17:00:00+07:00,HOSE,27541.1316,27816.542916000002,27265.720284,27541.1316,SYNTHETIC-05,SYN05,2024-03-18,2891818818.0,normal,105000
27506.6289,synthetic,2024-03-19T17:00:00+07:00,HOSE,27506.6289,27781.695189,27231.562611,27506.6289,SYNTHETIC-05,SYN05,2024-03-19,2888196034.5,normal,105000
27474.9737,synthetic,2024-03-20T17:00:00+07:00,HOSE,27474.9737,27749.723437,27200.223962999997,27474.9737,SYNTHETIC-05,SYN05,2024-03-20,2884872238.5,normal,105000
27446.4682,synthetic,2024-03-21T17:00:00+07:00,HOSE,27446.4682,27720.932882,27172.003517999998,27446.4682,SYNTHETIC-05,SYN05,2024-03-21,2881879161.0,normal,105000
27421.3887,synthetic,2024-03-22T17:00:00+07:00,HOSE,27421.3887,27695.602587,27147.174812999998,27421.3887,SYNTHETIC-05,SYN05,2024-03-22,2879245813.5,normal,105000
27399.9837,synthetic,2024-03-25T17:00:00+07:00,HOSE,27399.9837,27673.983537,27125.983863,27399.9837,SYNTHETIC-05,SYN05,2024-03-25,2876998288.5,normal,105000
27382.4721,synthetic,2024-03-26T17:00:00+07:00,HOSE,27382.4721,27656.296821,27108.647379,27382.4721,SYNTHETIC-05,SYN05,2024-03-26,2875159570.5,normal,105000
27369.0418,synthetic,2024-03-27T17:00:00+07:00,HOSE,27369.0418,27642.732218,27095.351381999997,27369.0418,SYNTHETIC-05,SYN05,2024-03-27,2873749389.0,normal,105000
27359.8485,synthetic,2024-03-28T17:00:00+07:00,HOSE,27359.8485,27633.446985,27086.250015,27359.8485,SYNTHETIC-05,SYN05,2024-03-28,2872784092.5,normal,105000
27355.0146,synthetic,2024-03-29T17:00:00+07:00,HOSE,27355.0146,27628.564746,27081.464453999997,27355.0146,SYNTHETIC-05,SYN05,2024-03-29,2872276533.0,normal,105000
27354.6286,synthetic,2024-04-01T17:00:00+07:00,HOSE,27354.6286,27628.174886,27081.082314,27354.6286,SYNTHETIC-05,SYN05,2024-04-01,2872236003.0,normal,105000
27358.7444,synthetic,2024-04-02T17:00:00+07:00,HOSE,27358.7444,27632.331844,27085.156956,27358.7444,SYNTHETIC-05,SYN05,2024-04-02,2872668162.0,normal,105000
27367.3808,synthetic,2024-04-03T17:00:00+07:00,HOSE,27367.3808,27641.054608,27093.706992,27367.3808,SYNTHETIC-05,SYN05,2024-04-03,2873574984.0,normal,105000
27380.5216,synthetic,2024-04-04T17:00:00+07:00,HOSE,27380.5216,27654.326816,27106.716384,27380.5216,SYNTHETIC-05,SYN05,2024-04-04,2874954768.0,normal,105000
27398.1156,synthetic,2024-04-05T17:00:00+07:00,HOSE,27398.1156,27672.096756000003,27124.134444,27398.1156,SYNTHETIC-05,SYN05,2024-04-05,2876802138.0,normal,105000
27420.0769,synthetic,2024-04-08T17:00:00+07:00,HOSE,27420.0769,27694.277669,27145.876131,27420.0769,SYNTHETIC-05,SYN05,2024-04-08,2879108074.5,normal,105000
27446.2852,synthetic,2024-04-09T17:00:00+07:00,HOSE,27446.2852,27720.748052,27171.822347999998,27446.2852,SYNTHETIC-05,SYN05,2024-04-09,2881859946.0,normal,105000
27476.5871,synthetic,2024-04-10T17:00:00+07:00,HOSE,27476.5871,27751.352971,27201.821229,27476.5871,SYNTHETIC-05,SYN05,2024-04-10,2885041645.5,normal,105000
27510.7964,synthetic,2024-04-11T17:00:00+07:00,HOSE,27510.7964,27785.904363999998,27235.688436,27510.7964,SYNTHETIC-05,SYN05,2024-04-11,2888633622.0,normal,105000
27548.6957,synthetic,2024-04-12T17:00:00+07:00,HOSE,27548.6957,27824.182657,27273.208743,27548.6957,SYNTHETIC-05,SYN05,2024-04-12,2892613048.5,normal,105000
27590.0378,synthetic,2024-04-15T17:00:00+07:00,HOSE,27590.0378,27865.938177999997,27314.137422,27590.0378,SYNTHETIC-05,SYN05,2024-04-15,2896953969.0,normal,105000
27634.547,synthetic,2024-04-16T17:00:00+07:00,HOSE,27634.547,27910.89247,27358.20153,27634.547,SYNTHETIC-05,SYN05,2024-04-16,2901627435.0,normal,105000
27681.9215,synthetic,2024-04-17T17:00:00+07:00,HOSE,27681.9215,27958.740715,27405.102285,27681.9215,SYNTHETIC-05,SYN05,2024-04-17,2906601757.5,normal,105000
27731.8349,synthetic,2024-04-18T17:00:00+07:00,HOSE,27731.8349,28009.153249000003,27454.516551,27731.8349,SYNTHETIC-05,SYN05,2024-04-18,2911842664.5,normal,105000
27783.939,synthetic,2024-04-19T17:00:00+07:00,HOSE,27783.939,28061.77839,27506.099609999997,27783.939,SYNTHETIC-05,SYN05,2024-04-19,2917313595.0,normal,105000
27837.8658,synthetic,2024-04-22T17:00:00+07:00,HOSE,27837.8658,28116.244458,27559.487141999998,27837.8658,SYNTHETIC-05,SYN05,2024-04-22,2922975909.0,normal,105000
27893.2309,synthetic,2024-04-23T17:00:00+07:00,HOSE,27893.2309,28172.163209,27614.298591,27893.2309,SYNTHETIC-05,SYN05,2024-04-23,2928789244.5,normal,105000
27949.6355,synthetic,2024-04-24T17:00:00+07:00,HOSE,27949.6355,28229.131855,27670.139145,27949.6355,SYNTHETIC-05,SYN05,2024-04-24,2934711727.5,normal,105000
28006.6705,synthetic,2024-04-25T17:00:00+07:00,HOSE,28006.6705,28286.737205,27726.603795,28006.6705,SYNTHETIC-05,SYN05,2024-04-25,2940700402.5,normal,105000
28063.9188,synthetic,2024-04-26T17:00:00+07:00,HOSE,28063.9188,28344.557988,27783.279612,28063.9188,SYNTHETIC-05,SYN05,2024-04-26,2946711474.0,normal,105000
28120.9593,synthetic,2024-04-29T17:00:00+07:00,HOSE,28120.9593,28402.168893,27839.749707,28120.9593,SYNTHETIC-05,SYN05,2024-04-29,2952700726.5,normal,105000
28177.37,synthetic,2024-04-30T17:00:00+07:00,HOSE,28177.37,28459.1437,27895.596299999997,28177.37,SYNTHETIC-05,SYN05,2024-04-30,2958623850.0,normal,105000
28232.732,synthetic,2024-05-01T17:00:00+07:00,HOSE,28232.732,28515.05932,27950.40468,28232.732,SYNTHETIC-05,SYN05,2024-05-01,2964436860.0,normal,105000
28286.6326,synthetic,2024-05-02T17:00:00+07:00,HOSE,28286.6326,28569.498926,28003.766274,28286.6326,SYNTHETIC-05,SYN05,2024-05-02,2970096423.0,normal,105000
28338.6692,synthetic,2024-05-03T17:00:00+07:00,HOSE,28338.6692,28622.055892,28055.282508,28338.6692,SYNTHETIC-05,SYN05,2024-05-03,2975560266.0,normal,105000
28388.4532,synthetic,2024-05-06T17:00:00+07:00,HOSE,28388.4532,28672.337732,28104.568668,28388.4532,SYNTHETIC-05,SYN05,2024-05-06,2980787586.0,normal,105000
28435.6129,synthetic,2024-05-07T17:00:00+07:00,HOSE,28435.6129,28719.969029,28151.256771,28435.6129,SYNTHETIC-05,SYN05,2024-05-07,2985739354.5,normal,105000
28479.7974,synthetic,2024-05-08T17:00:00+07:00,HOSE,28479.7974,28764.595374,28194.999426,28479.7974,SYNTHETIC-05,SYN05,2024-05-08,2990378727.0,normal,105000
28520.68,synthetic,2024-05-09T17:00:00+07:00,HOSE,28520.68,28805.8868,28235.4732,28520.68,SYNTHETIC-05,SYN05,2024-05-09,2994671400.0,normal,105000
28557.961,synthetic,2024-05-10T17:00:00+07:00,HOSE,28557.961,28843.54061,28272.38139,28557.961,SYNTHETIC-05,SYN05,2024-05-10,2998585905.0,normal,105000
28591.3707,synthetic,2024-05-13T17:00:00+07:00,HOSE,28591.3707,28877.284407,28305.456993,28591.3707,SYNTHETIC-05,SYN05,2024-05-13,3002093923.5,normal,105000
28620.6723,synthetic,2024-05-14T17:00:00+07:00,HOSE,28620.6723,28906.879022999998,28334.465577,28620.6723,SYNTHETIC-05,SYN05,2024-05-14,3005170591.5,normal,105000
28645.664,synthetic,2024-05-15T17:00:00+07:00,HOSE,28645.664,28932.12064,28359.20736,28645.664,SYNTHETIC-05,SYN05,2024-05-15,3007794720.0,normal,105000
28666.1811,synthetic,2024-05-16T17:00:00+07:00,HOSE,28666.1811,28952.842911000003,28379.519289,28666.1811,SYNTHETIC-05,SYN05,2024-05-16,3009949015.5,normal,105000
28682.0976,synthetic,2024-05-17T17:00:00+07:00,HOSE,28682.0976,28968.918576,28395.276624000002,28682.0976,SYNTHETIC-05,SYN05,2024-05-17,3011620248.0,normal,105000
28693.3277,synthetic,2024-05-20T17:00:00+07:00,HOSE,28693.3277,28980.260977,28406.394423,28693.3277,SYNTHETIC-05,SYN05,2024-05-20,3012799408.5,normal,105000
28699.8263,synthetic,2024-05-21T17:00:00+07:00,HOSE,28699.8263,28986.824563000002,28412.828037,28699.8263,SYNTHETIC-05,SYN05,2024-05-21,3013481761.5,normal,105000
28701.5899,synthetic,2024-05-22T17:00:00+07:00,HOSE,28701.5899,28988.605799,28414.574000999997,28701.5899,SYNTHETIC-05,SYN05,2024-05-22,3013666939.5,normal,105000
28698.6565,synthetic,2024-05-23T17:00:00+07:00,HOSE,28698.6565,28985.643065,28411.669935,28698.6565,SYNTHETIC-05,SYN05,2024-05-23,3013358932.5,normal,105000
28691.1049,synthetic,2024-05-24T17:00:00+07:00,HOSE,28691.1049,28978.015948999997,28404.193851,28691.1049,SYNTHETIC-05,SYN05,2024-05-24,3012566014.5,normal,105000
28679.0544,synthetic,2024-05-27T17:00:00+07:00,HOSE,28679.0544,28965.844944,28392.263856,28679.0544,SYNTHETIC-05,SYN05,2024-05-27,3011300712.0,normal,105000
28662.6635,synthetic,2024-05-28T17:00:00+07:00,HOSE,28662.6635,28949.290135,28376.036865,28662.6635,SYNTHETIC-05,SYN05,2024-05-28,3009579667.5,normal,105000
28642.128,synthetic,2024-05-29T17:00:00+07:00,HOSE,28642.128,28928.54928,28355.706720000002,28642.128,SYNTHETIC-05,SYN05,2024-05-29,3007423440.0,normal,105000
28617.6794,synthetic,2024-05-30T17:00:00+07:00,HOSE,28617.6794,28903.856194,28331.502606000002,28617.6794,SYNTHETIC-05,SYN05,2024-05-30,3004856337.0,normal,105000
28589.5825,synthetic,2024-05-31T17:00:00+07:00,HOSE,28589.5825,28875.478325,28303.686675,28589.5825,SYNTHETIC-05,SYN05,2024-05-31,3001906162.5,normal,105000
28558.1329,synthetic,2024-06-03T17:00:00+07:00,HOSE,28558.1329,28843.714229,28272.551571,28558.1329,SYNTHETIC-05,SYN05,2024-06-03,2998603954.5,normal,105000
28523.654,synthetic,2024-06-04T17:00:00+07:00,HOSE,28523.654,28808.89054,28238.417459999997,28523.654,SYNTHETIC-05,SYN05,2024-06-04,2994983670.0,normal,105000
28486.4939,synthetic,2024-06-05T17:00:00+07:00,HOSE,28486.4939,28771.358839,28201.628961000002,28486.4939,SYNTHETIC-05,SYN05,2024-06-05,2991081859.5,normal,105000
28447.0224,synthetic,2024-06-06T17:00:00+07:00,HOSE,28447.0224,28731.492624000002,28162.552176,28447.0224,SYNTHETIC-05,SYN05,2024-06-06,2986937352.0,normal,105000
28405.6272,synthetic,2024-06-07T17:00:00+07:00,HOSE,28405.6272,28689.683472,28121.570927999997,28405.6272,SYNTHETIC-05,SYN05,2024-06-07,2982590856.0,normal,105000
28362.7109,synthetic,2024-06-10T17:00:00+07:00,HOSE,28362.7109,28646.338009,28079.083790999997,28362.7109,SYNTHETIC-05,SYN05,2024-06-10,2978084644.5,normal,105000
28318.6866,synthetic,2024-06-11T17:00:00+07:00,HOSE,28318.6866,28601.873466,28035.499734,28318.6866,SYNTHETIC-05,SYN05,2024-06-11,2973462093.0,normal,105000
28273.9751,synthetic,2024-06-12T17:00:00+07:00,HOSE,28273.9751,28556.714851,27991.235349,28273.9751,SYNTHETIC-05,SYN05,2024-06-12,2968767385.5,normal,105000
28229.0006,synthetic,2024-06-13T17:00:00+07:00,HOSE,28229.0006,28511.290606,27946.710594,28229.0006,SYNTHETIC-05,SYN05,2024-06-13,2964045063.0,normal,105000
28184.1875,synthetic,2024-06-14T17:00:00+07:00,HOSE,28184.1875,28466.029375000002,27902.345624999998,28184.1875,SYNTHETIC-05,SYN05,2024-06-14,2959339687.5,normal,105000
28139.9568,synthetic,2024-06-17T17:00:00+07:00,HOSE,28139.9568,28421.356368,27858.557232,28139.9568,SYNTHETIC-05,SYN05,2024-06-17,2954695464.0,normal,105000
28096.7227,synthetic,2024-06-18T17:00:00+07:00,HOSE,28096.7227,28377.689927,27815.755472999997,28096.7227,SYNTHETIC-05,SYN05,2024-06-18,2950155883.5,normal,105000
28054.889,synthetic,2024-06-19T17:00:00+07:00,HOSE,28054.889,28335.43789,27774.340109999997,28054.889,SYNTHETIC-05,SYN05,2024-06-19,2945763345.0,normal,105000
28014.8467,synthetic,2024-06-20T17:00:00+07:00,HOSE,28014.8467,28294.995166999997,27734.698233,28014.8467,SYNTHETIC-05,SYN05,2024-06-20,2941558903.5,normal,105000
27976.9701,synthetic,2024-06-21T17:00:00+07:00,HOSE,27976.9701,28256.739801,27697.200398999998,27976.9701,SYNTHETIC-05,SYN05,2024-06-21,2937581860.5,normal,105000
27941.6148,synthetic,2024-06-24T17:00:00+07:00,HOSE,27941.6148,28221.030948,27662.198652,27941.6148,SYNTHETIC-05,SYN05,2024-06-24,2933869554.0,normal,105000
27909.1146,synthetic,2024-06-25T17:00:00+07:00,HOSE,27909.1146,28188.205746,27630.023454000002,27909.1146,SYNTHETIC-05,SYN05,2024-06-25,2930457033.0,normal,105000
27879.7795,synthetic,2024-06-26T17:00:00+07:00,HOSE,27879.7795,28158.577295,27600.981705000002,27879.7795,SYNTHETIC-05,SYN05,2024-06-26,2927376847.5,normal,105000
27853.8933,synthetic,2024-06-27T17:00:00+07:00,HOSE,27853.8933,28132.432233,27575.354367,27853.8933,SYNTHETIC-05,SYN05,2024-06-27,2924658796.5,normal,105000
27831.7116,synthetic,2024-06-28T17:00:00+07:00,HOSE,27831.7116,28110.028716,27553.394483999997,27831.7116,SYNTHETIC-05,SYN05,2024-06-28,2922329718.0,normal,105000
27813.4603,synthetic,2024-07-01T17:00:00+07:00,HOSE,27813.4603,28091.594902999997,27535.325697,27813.4603,SYNTHETIC-05,SYN05,2024-07-01,2920413331.5,normal,105000
27799.334,synthetic,2024-07-02T17:00:00+07:00,HOSE,27799.334,28077.32734,27521.340659999998,27799.334,SYNTHETIC-05,SYN05,2024-07-02,2918930070.0,normal,105000
27789.4945,synthetic,2024-07-03T17:00:00+07:00,HOSE,27789.4945,28067.389445,27511.599555,27789.4945,SYNTHETIC-05,SYN05,2024-07-03,2917896922.5,normal,105000
27784.0703,synthetic,2024-07-04T17:00:00+07:00,HOSE,27784.0703,28061.911003,27506.229596999998,27784.0703,SYNTHETIC-05,SYN05,2024-07-04,2917327381.5,normal,105000
27783.1552,synthetic,2024-07-05T17:00:00+07:00,HOSE,27783.1552,28060.986752,27505.323648,27783.1552,SYNTHETIC-05,SYN05,2024-07-05,2917231296.0,normal,105000
27786.8078,synthetic,2024-07-08T17:00:00+07:00,HOSE,27786.8078,28064.675878,27508.939722,27786.8078,SYNTHETIC-05,SYN05,2024-07-08,2917614819.0,normal,105000
27795.0515,synthetic,2024-07-09T17:00:00+07:00,HOSE,27795.0515,28073.002015000002,27517.100985,27795.0515,SYNTHETIC-05,SYN05,2024-07-09,2918480407.5,normal,105000
27807.874,synthetic,2024-07-10T17:00:00+07:00,HOSE,27807.874,28085.95274,27529.79526,27807.874,SYNTHETIC-05,SYN05,2024-07-10,2919826770.0,normal,105000
27825.2272,synthetic,2024-07-11T17:00:00+07:00,HOSE,27825.2272,28103.479472000003,27546.974928,27825.2272,SYNTHETIC-05,SYN05,2024-07-11,2921648856.0,normal,105000
27847.0279,synthetic,2024-07-12T17:00:00+07:00,HOSE,27847.0279,28125.498179000002,27568.557621,27847.0279,SYNTHETIC-05,SYN05,2024-07-12,2923937929.5,normal,105000
27873.158,synthetic,2024-07-15T17:00:00+07:00,HOSE,27873.158,28151.88958,27594.42642,27873.158,SYNTHETIC-05,SYN05,2024-07-15,2926681590.0,normal,105000
27903.4655,synthetic,2024-07-16T17:00:00+07:00,HOSE,27903.4655,28182.500154999998,27624.430845,27903.4655,SYNTHETIC-05,SYN05,2024-07-16,2929863877.5,normal,105000
27937.765,synthetic,2024-07-17T17:00:00+07:00,HOSE,27937.765,28217.142649999998,27658.38735,27937.765,SYNTHETIC-05,SYN05,2024-07-17,2933465325.0,normal,105000
27975.8394,synthetic,2024-07-18T17:00:00+07:00,HOSE,27975.8394,28255.597794,27696.081006,27975.8394,SYNTHETIC-05,SYN05,2024-07-18,2937463137.0,normal,105000
28017.4409,synthetic,2024-07-19T17:00:00+07:00,HOSE,28017.4409,28297.615309,27737.266491000002,28017.4409,SYNTHETIC-05,SYN05,2024-07-19,2941831294.5,normal,105000
28062.2928,synthetic,2024-07-22T17:00:00+07:00,HOSE,28062.2928,28342.915728,27781.669872,28062.2928,SYNTHETIC-05,SYN05,2024-07-22,2946540744.0,normal,105000
28110.0914,synthetic,2024-07-23T17:00:00+07:00,HOSE,28110.0914,28391.192314,27828.990486000002,28110.0914,SYNTHETIC-05,SYN05,2024-07-23,2951559597.0,normal,105000
28160.508,synthetic,2024-07-24T17:00:00+07:00,HOSE,28160.508,28442.113080000003,27878.90292,28160.508,SYNTHETIC-05,SYN05,2024-07-24,2956853340.0,normal,105000
28213.1914,synthetic,2024-07-25T17:00:00+07:00,HOSE,28213.1914,28495.323314,27931.059486,28213.1914,SYNTHETIC-05,SYN05,2024-07-25,2962385097.0,normal,105000
28267.77,synthetic,2024-07-26T17:00:00+07:00,HOSE,28267.77,28550.4477,27985.0923,28267.77,SYNTHETIC-05,SYN05,2024-07-26,2968115850.0,normal,105000
28323.8551,synthetic,2024-07-29T17:00:00+07:00,HOSE,28323.8551,28607.093651,28040.616549000002,28323.8551,SYNTHETIC-05,SYN05,2024-07-29,2974004785.5,normal,105000
28381.0433,synthetic,2024-07-30T17:00:00+07:00,HOSE,28381.0433,28664.853733,28097.232867000002,28381.0433,SYNTHETIC-05,SYN05,2024-07-30,2980009546.5,normal,105000
28438.9199,synthetic,2024-07-31T17:00:00+07:00,HOSE,28438.9199,28723.309099000002,28154.530701,28438.9199,SYNTHETIC-05,SYN05,2024-07-31,2986086589.5,normal,105000
28497.0622,synthetic,2024-08-01T17:00:00+07:00,HOSE,28497.0622,28782.032822,28212.091578,28497.0622,SYNTHETIC-05,SYN05,2024-08-01,2992191531.0,normal,105000
28555.0427,synthetic,2024-08-02T17:00:00+07:00,HOSE,28555.0427,28840.593127000004,28269.492273,28555.0427,SYNTHETIC-05,SYN05,2024-08-02,2998279483.5,normal,105000
28612.4329,synthetic,2024-08-05T17:00:00+07:00,HOSE,28612.4329,28898.557229000002,28326.308570999998,28612.4329,SYNTHETIC-05,SYN05,2024-08-05,3004305454.5,normal,105000
28668.8066,synthetic,2024-08-06T17:00:00+07:00,HOSE,28668.8066,28955.494666,28382.118534,28668.8066,SYNTHETIC-05,SYN05,2024-08-06,3010224693.0,normal,105000
28723.7437,synthetic,2024-08-07T17:00:00+07:00,HOSE,28723.7437,29010.981137,28436.506263,28723.7437,SYNTHETIC-05,SYN05,2024-08-07,3015993088.5,normal,105000
28776.8341,synthetic,2024-08-08T17:00:00+07:00,HOSE,28776.8341,29064.602441,28489.065759,28776.8341,SYNTHETIC-05,SYN05,2024-08-08,3021567580.5,normal,105000
28827.6811,synthetic,2024-08-09T17:00:00+07:00,HOSE,28827.6811,29115.957911,28539.404289000002,28827.6811,SYNTHETIC-05,SYN05,2024-08-09,3026906515.5,normal,105000
28875.9051,synthetic,2024-08-12T17:00:00+07:00,HOSE,28875.9051,29164.664151,28587.146049,28875.9051,SYNTHETIC-05,SYN05,2024-08-12,3031970035.5,normal,105000
28921.1471,synthetic,2024-08-13T17:00:00+07:00,HOSE,28921.1471,29210.358570999997,28631.935629,28921.1471,SYNTHETIC-05,SYN05,2024-08-13,3036720445.5,normal,105000
28963.0722,synthetic,2024-08-14T17:00:00+07:00,HOSE,28963.0722,29252.702922,28673.441477999997,28963.0722,SYNTHETIC-05,SYN05,2024-08-14,3041122581.0,normal,105000
29001.3728,synthetic,2024-08-15T17:00:00+07:00,HOSE,29001.3728,29291.386528000003,28711.359072,29001.3728,SYNTHETIC-05,SYN05,2024-08-15,3045144144.0,normal,105000
29035.7714,synthetic,2024-08-16T17:00:00+07:00,HOSE,29035.7714,29326.129114000003,28745.413686,29035.7714,SYNTHETIC-05,SYN05,2024-08-16,3048755997.0,normal,105000
29066.0234,synthetic,2024-08-19T17:00:00+07:00,HOSE,29066.0234,29356.683633999997,28775.363166,29066.0234,SYNTHETIC-05,SYN05,2024-08-19,3051932457.0,normal,105000
29091.9196,synthetic,2024-08-20T17:00:00+07:00,HOSE,29091.9196,29382.838796,28801.000404000002,29091.9196,SYNTHETIC-05,SYN05,2024-08-20,3054651558.0,normal,105000
29113.2883,synthetic,2024-08-21T17:00:00+07:00,HOSE,29113.2883,29404.421183000002,28822.155416999998,29113.2883,SYNTHETIC-05,SYN05,2024-08-21,3056895271.5,normal,105000
29129.997,synthetic,2024-08-22T17:00:00+07:00,HOSE,29129.997,29421.29697,28838.69703,29129.997,SYNTHETIC-05,SYN05,2024-08-22,3058649685.0,normal,105000
29141.9538,synthetic,2024-08-23T17:00:00+07:00,HOSE,29141.9538,29433.373338,28850.534261999997,29141.9538,SYNTHETIC-05,SYN05,2024-08-23,3059905149.0,normal,105000
29149.1081,synthetic,2024-08-26T17:00:00+07:00,HOSE,29149.1081,29440.599181,28857.617019,29149.1081,SYNTHETIC-05,SYN05,2024-08-26,3060656350.5,normal,105000
29151.4514,synthetic,2024-08-27T17:00:00+07:00,HOSE,29151.4514,29442.965914,28859.936886000003,29151.4514,SYNTHETIC-05,SYN05,2024-08-27,3060902397.0,normal,105000
29149.0175,synthetic,2024-08-28T17:00:00+07:00,HOSE,29149.0175,29440.507675,28857.527325000003,29149.0175,SYNTHETIC-05,SYN05,2024-08-28,3060646837.5,normal,105000
29141.8817,synthetic,2024-08-29T17:00:00+07:00,HOSE,29141.8817,29433.300517000003,28850.462883,29141.8817,SYNTHETIC-05,SYN05,2024-08-29,3059897578.5,normal,105000
29130.1606,synthetic,2024-08-30T17:00:00+07:00,HOSE,29130.1606,29421.462206,28838.858994,29130.1606,SYNTHETIC-05,SYN05,2024-08-30,3058666863.0,normal,105000
29114.0105,synthetic,2024-09-02T17:00:00+07:00,HOSE,29114.0105,29405.150605,28822.870395,29114.0105,SYNTHETIC-05,SYN05,2024-09-02,3056971102.5,normal,105000
29093.6261,synthetic,2024-09-03T17:00:00+07:00,HOSE,29093.6261,29384.562361,28802.689839000002,29093.6261,SYNTHETIC-05,SYN05,2024-09-03,3054830740.5,normal,105000
29069.2385,synthetic,2024-09-04T17:00:00+07:00,HOSE,29069.2385,29359.930884999998,28778.546115,29069.2385,SYNTHETIC-05,SYN05,2024-09-04,3052270042.5,normal,105000
29041.1129,synthetic,2024-09-05T17:00:00+07:00,HOSE,29041.1129,29331.524029,28750.701771,29041.1129,SYNTHETIC-05,SYN05,2024-09-05,3049316854.5,normal,105000
29009.5459,synthetic,2024-09-06T17:00:00+07:00,HOSE,29009.5459,29299.641359,28719.450441,29009.5459,SYNTHETIC-05,SYN05,2024-09-06,3046002319.5,normal,105000
28974.863,synthetic,2024-09-09T17:00:00+07:00,HOSE,28974.863,29264.611630000003,28685.11437,28974.863,SYNTHETIC-05,SYN05,2024-09-09,3042360615.0,normal,105000
28937.415,synthetic,2024-09-10T17:00:00+07:00,HOSE,28937.415,29226.78915,28648.04085,28937.415,SYNTHETIC-05,SYN05,2024-09-10,3038428575.0,normal,105000
28897.5752,synthetic,2024-09-11T17:00:00+07:00,HOSE,28897.5752,29186.550951999998,28608.599448,28897.5752,SYNTHETIC-05,SYN05,2024-09-11,3034245396.0,normal,105000
28855.7355,synthetic,2024-09-12T17:00:00+07:00,HOSE,28855.7355,29144.292855,28567.178144999998,28855.7355,SYNTHETIC-05,SYN05,2024-09-12,3029852227.5,normal,105000
28812.3031,synthetic,2024-09-13T17:00:00+07:00,HOSE,28812.3031,29100.426131,28524.180069000002,28812.3031,SYNTHETIC-05,SYN05,2024-09-13,3025291825.5,normal,105000
28767.6967,synthetic,2024-09-16T17:00:00+07:00,HOSE,28767.6967,29055.373667,28480.019733,28767.6967,SYNTHETIC-05,SYN05,2024-09-16,3020608153.5,normal,105000
28722.3429,synthetic,2024-09-17T17:00:00+07:00,HOSE,28722.3429,29009.566329,28435.119470999998,28722.3429,SYNTHETIC-05,SYN05,2024-09-17,3015846004.5,normal,105000
28676.6722,synthetic,2024-09-18T17:00:00+07:00,HOSE,28676.6722,28963.438922,28389.905478,28676.6722,SYNTHETIC-05,SYN05,2024-09-18,3011050581.0,normal,105000
28631.1161,synthetic,2024-09-19T17:00:00+07:00,HOSE,28631.1161,28917.427261,28344.804938999998,28631.1161,SYNTHETIC-05,SYN05,2024-09-19,3006267190.5,normal,105000
28586.1026,synthetic,2024-09-20T17:00:00+07:00,HOSE,28586.1026,28871.963625999997,28300.241574,28586.1026,SYNTHETIC-05,SYN05,2024-09-20,3001540773.0,normal,105000
28542.0533,synthetic,2024-09-23T17:00:00+07:00,HOSE,28542.0533,28827.473833,28256.632767,28542.0533,SYNTHETIC-05,SYN05,2024-09-23,2996915596.5,normal,105000
28499.3799,synthetic,2024-09-24T17:00:00+07:00,HOSE,28499.3799,28784.373699,28214.386101,28499.3799,SYNTHETIC-05,SYN05,2024-09-24,2992434889.5,normal,105000
28458.481,synthetic,2024-09-25T17:00:00+07:00,HOSE,28458.481,28743.06581,28173.89619,28458.481,SYNTHETIC-05,SYN05,2024-09-25,2988140505.0,normal,105000
28419.739,synthetic,2024-09-26T17:00:00+07:00,HOSE,28419.739,28703.936390000003,28135.54161,28419.739,SYNTHETIC-05,SYN05,2024-09-26,2984072595.0,normal,105000
28383.5173,synthetic,2024-09-27T17:00:00+07:00,HOSE,28383.5173,28667.352473,28099.682127,28383.5173,SYNTHETIC-05,SYN05,2024-09-27,2980269316.5,normal,105000
28350.1577,synthetic,2024-09-30T17:00:00+07:00,HOSE,28350.1577,28633.659277,28066.656123,28350.1577,SYNTHETIC-05,SYN05,2024-09-30,2976766558.5,normal,105000
28319.9778,synthetic,2024-10-01T17:00:00+07:00,HOSE,28319.9778,28603.177578000003,28036.778022,28319.9778,SYNTHETIC-05,SYN05,2024-10-01,2973597669.0,normal,105000
28293.2692,synthetic,2024-10-02T17:00:00+07:00,HOSE,28293.2692,28576.201891999997,28010.336508,28293.2692,SYNTHETIC-05,SYN05,2024-10-02,2970793266.0,normal,105000
28270.2947,synthetic,2024-10-03T17:00:00+07:00,HOSE,28270.2947,28552.997647,27987.591752999997,28270.2947,SYNTHETIC-05,SYN05,2024-10-03,2968380943.5,normal,105000
28251.2875,synthetic,2024-10-04T17:00:00+07:00,HOSE,28251.2875,28533.800375,27968.774625,28251.2875,SYNTHETIC-05,SYN05,2024-10-04,2966385187.5,normal,105000
28236.4487,synthetic,2024-10-07T17:00:00+07:00,HOSE,28236.4487,28518.813187,27954.084213000002,28236.4487,SYNTHETIC-05,SYN05,2024-10-07,2964827113.5,normal,105000
28225.9469,synthetic,2024-10-08T17:00:00+07:00,HOSE,28225.9469,28508.206369,27943.687431,28225.9469,SYNTHETIC-05,SYN05,2024-10-08,2963724424.5,normal,105000
28219.9163,synthetic,2024-10-09T17:00:00+07:00,HOSE,28219.9163,28502.115463000002,27937.717137,28219.9163,SYNTHETIC-05,SYN05,2024-10-09,2963091211.5,normal,105000
28218.4562,synthetic,2024-10-10T17:00:00+07:00,HOSE,28218.4562,28500.640762,27936.271638000002,28218.4562,SYNTHETIC-05,SYN05,2024-10-10,2962937901.0,normal,105000
28221.6305,synthetic,2024-10-11T17:00:00+07:00,HOSE,28221.6305,28503.846805,27939.414194999998,28221.6305,SYNTHETIC-05,SYN05,2024-10-11,2963271202.5,normal,105000
28229.467,synthetic,2024-10-14T17:00:00+07:00,HOSE,28229.467,28511.76167,27947.17233,28229.467,SYNTHETIC-05,SYN05,2024-10-14,2964094035.0,normal,105000
28241.9572,synthetic,2024-10-15T17:00:00+07:00,HOSE,28241.9572,28524.376772,27959.537628000002,28241.9572,SYNTHETIC-05,SYN05,2024-10-15,2965405506.0,normal,105000
28259.0566,synthetic,2024-10-16T17:00:00+07:00,HOSE,28259.0566,28541.647166,27976.466034,28259.0566,SYNTHETIC-05,SYN05,2024-10-16,2967200943.0,normal,105000
28280.6848,synthetic,2024-10-17T17:00:00+07:00,HOSE,28280.6848,28563.491648,27997.877952,28280.6848,SYNTHETIC-05,SYN05,2024-10-17,2969471904.0,normal,105000
28306.7258,synthetic,2024-10-18T17:00:00+07:00,HOSE,28306.7258,28589.793058,28023.658542,28306.7258,SYNTHETIC-05,SYN05,2024-10-18,2972206209.0,normal,105000
28337.0291,synthetic,2024-10-21T17:00:00+07:00,HOSE,28337.0291,28620.399391,28053.658809,28337.0291,SYNTHETIC-05,SYN05,2024-10-21,2975388055.5,normal,105000
28371.4104,synthetic,2024-10-22T17:00:00+07:00,HOSE,28371.4104,28655.124504,28087.696296000002,28371.4104,SYNTHETIC-05,SYN05,2024-10-22,2978998092.0,normal,105000
28409.6527,synthetic,2024-10-23T17:00:00+07:00,HOSE,28409.6527,28693.749227,28125.556172999997,28409.6527,SYNTHETIC-05,SYN05,2024-10-23,2983013533.5,normal,105000
28451.5078,synthetic,2024-10-24T17:00:00+07:00,HOSE,28451.5078,28736.022878,28166.992722,28451.5078,SYNTHETIC-05,SYN05,2024-10-24,2987408319.0,normal,105000
28496.6981,synthetic,2024-10-25T17:00:00+07:00,HOSE,28496.6981,28781.665081000003,28211.731119,28496.6981,SYNTHETIC-05,SYN05,2024-10-25,2992153300.5,normal,105000
28544.918,synthetic,2024-10-28T17:00:00+07:00,HOSE,28544.918,28830.36718,28259.468820000002,28544.918,SYNTHETIC-05,SYN05,2024-10-28,2997216390.0,normal,105000
28595.8367,synthetic,2024-10-29T17:00:00+07:00,HOSE,28595.8367,28881.795067,28309.878333,28595.8367,SYNTHETIC-05,SYN05,2024-10-29,3002562853.5,normal,105000
28649.0997,synthetic,2024-10-30T17:00:00+07:00,HOSE,28649.0997,28935.590697,28362.608702999998,28649.0997,SYNTHETIC-05,SYN05,2024-10-30,3008155468.5,normal,105000
28704.3321,synthetic,2024-10-31T17:00:00+07:00,HOSE,28704.3321,28991.375421,28417.288779,28704.3321,SYNTHETIC-05,SYN05,2024-10-31,3013954870.5,normal,105000
28761.1407,synthetic,2024-11-01T17:00:00+07:00,HOSE,28761.1407,29048.752107,28473.529293,28761.1407,SYNTHETIC-05,SYN05,2024-11-01,3019919773.5,normal,105000
28819.1175,synthetic,2024-11-04T17:00:00+07:00,HOSE,28819.1175,29107.308675,28530.926325,28819.1175,SYNTHETIC-05,SYN05,2024-11-04,3026007337.5,normal,105000
28877.8425,synthetic,2024-11-05T17:00:00+07:00,HOSE,28877.8425,29166.620925,28589.064075,28877.8425,SYNTHETIC-05,SYN05,2024-11-05,3032173462.5,normal,105000
28936.8871,synthetic,2024-11-06T17:00:00+07:00,HOSE,28936.8871,29226.255971,28647.518229,28936.8871,SYNTHETIC-05,SYN05,2024-11-06,3038373145.5,normal,105000
28995.8174,synthetic,2024-11-07T17:00:00+07:00,HOSE,28995.8174,29285.775574,28705.859226,28995.8174,SYNTHETIC-05,SYN05,2024-11-07,3044560827.0,normal,105000
29054.1981,synthetic,2024-11-08T17:00:00+07:00,HOSE,29054.1981,29344.740081,28763.656119000003,29054.1981,SYNTHETIC-05,SYN05,2024-11-08,3050690800.5,normal,105000
29111.5959,synthetic,2024-11-11T17:00:00+07:00,HOSE,29111.5959,29402.711859,28820.479941,29111.5959,SYNTHETIC-05,SYN05,2024-11-11,3056717569.5,normal,105000
29167.5833,synthetic,2024-11-12T17:00:00+07:00,HOSE,29167.5833,29459.259133,28875.907466999997,29167.5833,SYNTHETIC-05,SYN05,2024-11-12,3062596246.5,normal,105000
29221.7423,synthetic,2024-11-13T17:00:00+07:00,HOSE,29221.7423,29513.959723000004,28929.524877,29221.7423,SYNTHETIC-05,SYN05,2024-11-13,3068282941.5,normal,105000
29273.6683,synthetic,2024-11-14T17:00:00+07:00,HOSE,29273.6683,29566.404983,28980.931617000002,29273.6683,SYNTHETIC-05,SYN05,2024-11-14,3073735171.5,normal,105000
29322.9735,synthetic,2024-11-15T17:00:00+07:00,HOSE,29322.9735,29616.203235,29029.743765,29322.9735,SYNTHETIC-05,SYN05,2024-11-15,3078912217.5,normal,105000
29369.2908,synthetic,2024-11-18T17:00:00+07:00,HOSE,29369.2908,29662.983708,29075.597891999998,29369.2908,SYNTHETIC-05,SYN05,2024-11-18,3083775534.0,normal,105000
29412.277,synthetic,2024-11-19T17:00:00+07:00,HOSE,29412.277,29706.39977,29118.154229999996,29412.277,SYNTHETIC-05,SYN05,2024-11-19,3088289085.0,normal,105000
29451.6164,synthetic,2024-11-20T17:00:00+07:00,HOSE,29451.6164,29746.132564,29157.100236,29451.6164,SYNTHETIC-05,SYN05,2024-11-20,3092419722.0,normal,105000
29487.0232,synthetic,2024-11-21T17:00:00+07:00,HOSE,29487.0232,29781.893432,29192.152968,29487.0232,SYNTHETIC-05,SYN05,2024-11-21,3096137436.0,normal,105000
29518.2453,synthetic,2024-11-22T17:00:00+07:00,HOSE,29518.2453,29813.427753,29223.062846999997,29518.2453,SYNTHETIC-05,SYN05,2024-11-22,3099415756.5,normal,105000
29545.0659,synthetic,2024-11-25T17:00:00+07:00,HOSE,29545.0659,29840.516559000003,29249.615241,29545.0659,SYNTHETIC-05,SYN05,2024-11-25,3102231919.5,normal,105000
29567.3062,synthetic,2024-11-26T17:00:00+07:00,HOSE,29567.3062,29862.979262,29271.633137999997,29567.3062,SYNTHETIC-05,SYN05,2024-11-26,3104567151.0,normal,105000
29584.8268,synthetic,2024-11-27T17:00:00+07:00,HOSE,29584.8268,29880.675068,29288.978531999997,29584.8268,SYNTHETIC-05,SYN05,2024-11-27,3106406814.0,normal,105000
29597.5296,synthetic,2024-11-28T17:00:00+07:00,HOSE,29597.5296,29893.504896000002,29301.554304,29597.5296,SYNTHETIC-05,SYN05,2024-11-28,3107740608.0,normal,105000
29605.3584,synthetic,2024-11-29T17:00:00+07:00,HOSE,29605.3584,29901.411984000002,29309.304816,29605.3584,SYNTHETIC-05,SYN05,2024-11-29,3108562632.0,normal,105000
29608.2996,synthetic,2024-12-02T17:00:00+07:00,HOSE,29608.2996,29904.382596,29312.216603999997,29608.2996,SYNTHETIC-05,SYN05,2024-12-02,3108871458.0,normal,105000
29606.3827,synthetic,2024-12-03T17:00:00+07:00,HOSE,29606.3827,29902.446527,29310.318872999997,29606.3827,SYNTHETIC-05,SYN05,2024-12-03,3108670183.5,normal,105000
29599.6792,synthetic,2024-12-04T17:00:00+07:00,HOSE,29599.6792,29895.675992,29303.682407999997,29599.6792,SYNTHETIC-05,SYN05,2024-12-04,3107966316.0,normal,105000
29588.3028,synthetic,2024-12-05T17:00:00+07:00,HOSE,29588.3028,29884.185828,29292.419772,29588.3028,SYNTHETIC-05,SYN05,2024-12-05,3106771794.0,normal,105000
29572.4078,synthetic,2024-12-06T17:00:00+07:00,HOSE,29572.4078,29868.131878,29276.683722,29572.4078,SYNTHETIC-05,SYN05,2024-12-06,3105102819.0,normal,105000
29552.1874,synthetic,2024-12-09T17:00:00+07:00,HOSE,29552.1874,29847.709274,29256.665525999997,29552.1874,SYNTHETIC-05,SYN05,2024-12-09,3102979677.0,normal,105000
29527.8722,synthetic,2024-12-10T17:00:00+07:00,HOSE,29527.8722,29823.150922,29232.593478000003,29527.8722,SYNTHETIC-05,SYN05,2024-12-10,3100426581.0,normal,105000
29499.7277,synthetic,2024-12-11T17:00:00+07:00,HOSE,29499.7277,29794.724976999998,29204.730423,29499.7277,SYNTHETIC-05,SYN05,2024-12-11,3097471408.5,normal,105000
29468.0518,synthetic,2024-12-12T17:00:00+07:00,HOSE,29468.0518,29762.732318000002,29173.371282,29468.0518,SYNTHETIC-05,SYN05,2024-12-12,3094145439.0,normal,105000
29433.1717,synthetic,2024-12-13T17:00:00+07:00,HOSE,29433.1717,29727.503417,29138.839982999998,29433.1717,SYNTHETIC-05,SYN05,2024-12-13,3090483028.5,normal,105000
29395.441,synthetic,2024-12-16T17:00:00+07:00,HOSE,29395.441,29689.395409999997,29101.48659,29395.441,SYNTHETIC-05,SYN05,2024-12-16,3086521305.0,normal,105000
29355.2364,synthetic,2024-12-17T17:00:00+07:00,HOSE,29355.2364,29648.788764,29061.684036000002,29355.2364,SYNTHETIC-05,SYN05,2024-12-17,3082299822.0,normal,105000
29312.9539,synthetic,2024-12-18T17:00:00+07:00,HOSE,29312.9539,29606.083439,29019.824361,29312.9539,SYNTHETIC-05,SYN05,2024-12-18,3077860159.5,normal,105000
29269.0054,synthetic,2024-12-19T17:00:00+07:00,HOSE,29269.0054,29561.695453999997,28976.315346,29269.0054,SYNTHETIC-05,SYN05,2024-12-19,3073245567.0,normal,105000
29223.8152,synthetic,2024-12-20T17:00:00+07:00,HOSE,29223.8152,29516.053352000003,28931.577048,29223.8152,SYNTHETIC-05,SYN05,2024-12-20,3068500596.0,normal,105000
29177.8156,synthetic,2024-12-23T17:00:00+07:00,HOSE,29177.8156,29469.593756000002,28886.037444,29177.8156,SYNTHETIC-05,SYN05,2024-12-23,3063670638.0,normal,105000
29131.4439,synthetic,2024-12-24T17:00:00+07:00,HOSE,29131.4439,29422.758339,28840.129460999997,29131.4439,SYNTHETIC-05,SYN05,2024-12-24,3058801609.5,normal,105000
29085.1382,synthetic,2024-12-25T17:00:00+07:00,HOSE,29085.1382,29375.989582000002,28794.286818,29085.1382,SYNTHETIC-05,SYN05,2024-12-25,3053939511.0,normal,105000
29039.3338,synthetic,2024-12-26T17:00:00+07:00,HOSE,29039.3338,29329.727138000002,28748.940462,29039.3338,SYNTHETIC-05,SYN05,2024-12-26,3049130049.0,normal,105000
28994.46,synthetic,2024-12-27T17:00:00+07:00,HOSE,28994.46,29284.404599999998,28704.5154,28994.46,SYNTHETIC-05,SYN05,2024-12-27,3044418300.0,normal,105000
28950.9362,synthetic,2024-12-30T17:00:00+07:00,HOSE,28950.9362,29240.445562,28661.426838,28950.9362,SYNTHETIC-05,SYN05,2024-12-30,3039848301.0,normal,105000
28909.1689,synthetic,2024-12-31T17:00:00+07:00,HOSE,28909.1689,29198.260589,28620.077211,28909.1689,SYNTHETIC-05,SYN05,2024-12-31,3035462734.5,normal,105000
28869.5485,synthetic,2025-01-01T17:00:00+07:00,HOSE,28869.5485,29158.243985,28580.853015,28869.5485,SYNTHETIC-05,SYN05,2025-01-01,3031302592.5,normal,105000
28832.4465,synthetic,2025-01-02T17:00:00+07:00,HOSE,28832.4465,29120.770965,28544.122034999997,28832.4465,SYNTHETIC-05,SYN05,2025-01-02,3027406882.5,normal,105000
28798.2127,synthetic,2025-01-03T17:00:00+07:00,HOSE,28798.2127,29086.194827,28510.230573,28798.2127,SYNTHETIC-05,SYN05,2025-01-03,3023812333.5,normal,105000
28767.1728,synthetic,2025-01-06T17:00:00+07:00,HOSE,28767.1728,29054.844528,28479.501072,28767.1728,SYNTHETIC-05,SYN05,2025-01-06,3020553144.0,normal,105000
28739.6258,synthetic,2025-01-07T17:00:00+07:00,HOSE,28739.6258,29027.022058000002,28452.229542,28739.6258,SYNTHETIC-05,SYN05,2025-01-07,3017660709.0,normal,105000
28715.8423,synthetic,2025-01-08T17:00:00+07:00,HOSE,28715.8423,29003.000723,28428.683877,28715.8423,SYNTHETIC-05,SYN05,2025-01-08,3015163441.5,normal,105000
28696.0626,synthetic,2025-01-09T17:00:00+07:00,HOSE,28696.0626,28983.023226,28409.101974,28696.0626,SYNTHETIC-05,SYN05,2025-01-09,3013086573.0,normal,105000
28680.4949,synthetic,2025-01-10T17:00:00+07:00,HOSE,28680.4949,28967.299849000003,28393.689951,28680.4949,SYNTHETIC-05,SYN05,2025-01-10,3011451964.5,normal,105000
28669.3142,synthetic,2025-01-13T17:00:00+07:00,HOSE,28669.3142,28956.007342,28382.621058,28669.3142,SYNTHETIC-05,SYN05,2025-01-13,3010277991.0,normal,105000
28662.6608,synthetic,2025-01-14T17:00:00+07:00,HOSE,28662.6608,28949.287408,28376.034192000003,28662.6608,SYNTHETIC-05,SYN05,2025-01-14,3009579384.0,normal,105000
28660.6399,synthetic,2025-01-15T17:00:00+07:00,HOSE,28660.6399,28947.246299,28374.033500999998,28660.6399,SYNTHETIC-05,SYN05,2025-01-15,3009367189.5,normal,105000
28663.3203,synthetic,2025-01-16T17:00:00+07:00,HOSE,28663.3203,28949.953503,28376.687096999998,28663.3203,SYNTHETIC-05,SYN05,2025-01-16,3009648631.5,normal,105000
28670.7346,synthetic,2025-01-17T17:00:00+07:00,HOSE,28670.7346,28957.441946,28384.027254,28670.7346,SYNTHETIC-05,SYN05,2025-01-17,3010427133.0,normal,105000
28682.8784,synthetic,2025-01-20T17:00:00+07:00,HOSE,28682.8784,28969.707184000003,28396.049616,28682.8784,SYNTHETIC-05,SYN05,2025-01-20,3011702232.0,normal,105000
28699.7107,synthetic,2025-01-21T17:00:00+07:00,HOSE,28699.7107,28986.707807,28412.713593,28699.7107,SYNTHETIC-05,SYN05,2025-01-21,3013469623.5,normal,105000
28721.154,synthetic,2025-01-22T17:00:00+07:00,HOSE,28721.154,29008.36554,28433.94246,28721.154,SYNTHETIC-05,SYN05,2025-01-22,3015721170.0,normal,105000
28747.0947,synthetic,2025-01-23T17:00:00+07:00,HOSE,28747.0947,29034.565647000003,28459.623753,28747.0947,SYNTHETIC-05,SYN05,2025-01-23,3018444943.5,normal,105000
28777.3838,synthetic,2025-01-24T17:00:00+07:00,HOSE,28777.3838,29065.157638,28489.609962,28777.3838,SYNTHETIC-05,SYN05,2025-01-24,3021625299.0,normal,105000
28811.8381,synthetic,2025-01-27T17:00:00+07:00,HOSE,28811.8381,29099.956481,28523.719719,28811.8381,SYNTHETIC-05,SYN05,2025-01-27,3025243000.5,normal,105000
28850.2408,synthetic,2025-01-28T17:00:00+07:00,HOSE,28850.2408,29138.743208,28561.738392,28850.2408,SYNTHETIC-05,SYN05,2025-01-28,3029275284.0,normal,105000
28892.3436,synthetic,2025-01-29T17:00:00+07:00,HOSE,28892.3436,29181.267036,28603.420164,28892.3436,SYNTHETIC-05,SYN05,2025-01-29,3033696078.0,normal,105000
28937.8677,synthetic,2025-01-30T17:00:00+07:00,HOSE,28937.8677,29227.246377,28648.489023,28937.8677,SYNTHETIC-05,SYN05,2025-01-30,3038476108.5,normal,105000
28986.506,synthetic,2025-01-31T17:00:00+07:00,HOSE,28986.506,29276.37106,28696.64094,28986.506,SYNTHETIC-05,SYN05,2025-01-31,3043583130.0,normal,105000
29037.9252,synthetic,2025-02-03T17:00:00+07:00,HOSE,29037.9252,29328.304452,28747.545948000003,29037.9252,SYNTHETIC-05,SYN05,2025-02-03,3048982146.0,normal,105000
29091.7681,synthetic,2025-02-04T17:00:00+07:00,HOSE,29091.7681,29382.685781,28800.850419000002,29091.7681,SYNTHETIC-05,SYN05,2025-02-04,3054635650.5,normal,105000
29147.656,synthetic,2025-02-05T17:00:00+07:00,HOSE,29147.656,29439.13256,28856.17944,29147.656,SYNTHETIC-05,SYN05,2025-02-05,3060503880.0,normal,105000
29205.1916,synthetic,2025-02-06T17:00:00+07:00,HOSE,29205.1916,29497.243516,28913.139683999998,29205.1916,SYNTHETIC-05,SYN05,2025-02-06,3066545118.0,normal,105000
29263.9621,synthetic,2025-02-07T17:00:00+07:00,HOSE,29263.9621,29556.601721000003,28971.322479,29263.9621,SYNTHETIC-05,SYN05,2025-02-07,3072716020.5,normal,105000
29323.5421,synthetic,2025-02-10T17:00:00+07:00,HOSE,29323.5421,29616.777521,29030.306678999998,29323.5421,SYNTHETIC-05,SYN05,2025-02-10,3078971920.5,normal,105000
29383.497,synthetic,2025-02-11T17:00:00+07:00,HOSE,29383.497,29677.33197,29089.66203,29383.497,SYNTHETIC-05,SYN05,2025-02-11,3085267185.0,normal,105000
29443.3868,synthetic,2025-02-12T17:00:00+07:00,HOSE,29443.3868,29737.820668,29148.952932,29443.3868,SYNTHETIC-05,SYN05,2025-02-12,3091555614.0,normal,105000
29502.7691,synthetic,2025-02-13T17:00:00+07:00,HOSE,29502.7691,29797.796791,29207.741409000002,29502.7691,SYNTHETIC-05,SYN05,2025-02-13,3097790755.5,normal,105000
29561.2036,synthetic,2025-02-14T17:00:00+07:00,HOSE,29561.2036,29856.815636,29265.591564000002,29561.2036,SYNTHETIC-05,SYN05,2025-02-14,3103926378.0,normal,105000
29618.2551,synthetic,2025-02-17T17:00:00+07:00,HOSE,29618.2551,29914.437651,29322.072548999997,29618.2551,SYNTHETIC-05,SYN05,2025-02-17,3109916785.5,normal,105000
29673.4978,synthetic,2025-02-18T17:00:00+07:00,HOSE,29673.4978,29970.232778,29376.762822,29673.4978,SYNTHETIC-05,SYN05,2025-02-18,3115717269.0,normal,105000
29726.5189,synthetic,2025-02-19T17:00:00+07:00,HOSE,29726.5189,30023.784089,29429.253710999998,29726.5189,SYNTHETIC-05,SYN05,2025-02-19,3121284484.5,normal,105000
29776.9224,synthetic,2025-02-20T17:00:00+07:00,HOSE,29776.9224,30074.691624,29479.153176,29776.9224,SYNTHETIC-05,SYN05,2025-02-20,3126576852.0,normal,105000
29824.333,synthetic,2025-02-21T17:00:00+07:00,HOSE,29824.333,30122.57633,29526.089669999998,29824.333,SYNTHETIC-05,SYN05,2025-02-21,3131554965.0,normal,105000
29868.399,synthetic,2025-02-24T17:00:00+07:00,HOSE,29868.399,30167.082990000003,29569.71501,29868.399,SYNTHETIC-05,SYN05,2025-02-24,3136181895.0,normal,105000
29908.7963,synthetic,2025-02-25T17:00:00+07:00,HOSE,29908.7963,30207.884263000004,29609.708337,29908.7963,SYNTHETIC-05,SYN05,2025-02-25,3140423611.5,normal,105000
29945.2313,synthetic,2025-02-26T17:00:00+07:00,HOSE,29945.2313,30244.683613,29645.778986999998,29945.2313,SYNTHETIC-05,SYN05,2025-02-26,3144249286.5,normal,105000
29977.4436,synthetic,2025-02-27T17:00:00+07:00,HOSE,29977.4436,30277.218036,29677.669164,29977.4436,SYNTHETIC-05,SYN05,2025-02-27,3147631578.0,normal,105000
30005.2088,synthetic,2025-02-28T17:00:00+07:00,HOSE,30005.2088,30305.260888,29705.156712,30005.2088,SYNTHETIC-05,SYN05,2025-02-28,3150546924.0,normal,105000
30028.3408,synthetic,2025-03-03T17:00:00+07:00,HOSE,30028.3408,30328.624208,29728.057392000002,30028.3408,SYNTHETIC-05,SYN05,2025-03-03,3152975784.0,normal,105000
30046.6933,synthetic,2025-03-04T17:00:00+07:00,HOSE,30046.6933,30347.160233,29746.226367,30046.6933,SYNTHETIC-05,SYN05,2025-03-04,3154902796.5,normal,105000
30060.1618,synthetic,2025-03-05T17:00:00+07:00,HOSE,30060.1618,30360.763418000002,29759.560182,30060.1618,SYNTHETIC-05,SYN05,2025-03-05,3156316989.0,normal,105000
30068.6843,synthetic,2025-03-06T17:00:00+07:00,HOSE,30068.6843,30369.371143,29767.997457,30068.6843,SYNTHETIC-05,SYN05,2025-03-06,3157211851.5,normal,105000
30072.242,synthetic,2025-03-07T17:00:00+07:00,HOSE,30072.242,30372.96442,29771.519579999996,30072.242,SYNTHETIC-05,SYN05,2025-03-07,3157585410.0,normal,105000
30070.8598,synthetic,2025-03-10T17:00:00+07:00,HOSE,30070.8598,30371.568398,29770.151201999997,30070.8598,SYNTHETIC-05,SYN05,2025-03-10,3157440279.0,normal,105000
30064.6054,synthetic,2025-03-11T17:00:00+07:00,HOSE,30064.6054,30365.251454,29763.959346,30064.6054,SYNTHETIC-05,SYN05,2025-03-11,3156783567.0,normal,105000
30053.5895,synthetic,2025-03-12T17:00:00+07:00,HOSE,30053.5895,30354.125395,29753.053604999997,30053.5895,SYNTHETIC-05,SYN05,2025-03-12,3155626897.5,normal,105000
30037.9641,synthetic,2025-03-13T17:00:00+07:00,HOSE,30037.9641,30338.343741,29737.584459,30037.9641,SYNTHETIC-05,SYN05,2025-03-13,3153986230.5,normal,105000
30017.9209,synthetic,2025-03-14T17:00:00+07:00,HOSE,30017.9209,30318.100109000003,29717.741691,30017.9209,SYNTHETIC-05,SYN05,2025-03-14,3151881694.5,normal,105000
29993.69,synthetic,2025-03-17T17:00:00+07:00,HOSE,29993.69,30293.6269,29693.753099999998,29993.69,SYNTHETIC-05,SYN05,2025-03-17,3149337450.0,normal,105000
29965.5371,synthetic,2025-03-18T17:00:00+07:00,HOSE,29965.5371,30265.192471000002,29665.881729,29965.5371,SYNTHETIC-05,SYN05,2025-03-18,3146381395.5,normal,105000
29933.761,synthetic,2025-03-19T17:00:00+07:00,HOSE,29933.761,30233.098609999997,29634.42339,29933.761,SYNTHETIC-05,SYN05,2025-03-19,3143044905.0,normal,105000
29898.6908,synthetic,2025-03-20T17:00:00+07:00,HOSE,29898.6908,30197.677708,29599.703892,29898.6908,SYNTHETIC-05,SYN05,2025-03-20,3139362534.0,normal,105000
29860.6828,synthetic,2025-03-21T17:00:00+07:00,HOSE,29860.6828,30159.289628,29562.075972,29860.6828,SYNTHETIC-05,SYN05,2025-03-21,3135371694.0,normal,105000
29820.117,synthetic,2025-03-24T17:00:00+07:00,HOSE,29820.117,30118.31817,29521.915829999998,29820.117,SYNTHETIC-05,SYN05,2025-03-24,3131112285.0,normal,105000
29777.3935,synthetic,2025-03-25T17:00:00+07:00,HOSE,29777.3935,30075.167435,29479.619564999997,29777.3935,SYNTHETIC-05,SYN05,2025-03-25,3126626317.5,normal,105000
29732.9292,synthetic,2025-03-26T17:00:00+07:00,HOSE,29732.9292,30030.258491999997,29435.599908,29732.9292,SYNTHETIC-05,SYN05,2025-03-26,3121957566.0,normal,105000
29687.1536,synthetic,2025-03-27T17:00:00+07:00,HOSE,29687.1536,29984.025136,29390.282064000003,29687.1536,SYNTHETIC-05,SYN05,2025-03-27,3117151128.0,normal,105000
29640.5051,synthetic,2025-03-28T17:00:00+07:00,HOSE,29640.5051,29936.910151,29344.100048999997,29640.5051,SYNTHETIC-05,SYN05,2025-03-28,3112253035.5,normal,105000
29593.4275,synthetic,2025-03-31T17:00:00+07:00,HOSE,29593.4275,29889.361775,29297.493225000002,29593.4275,SYNTHETIC-05,SYN05,2025-03-31,3107309887.5,normal,105000
29546.3657,synthetic,2025-04-01T17:00:00+07:00,HOSE,29546.3657,29841.829357,29250.902043,29546.3657,SYNTHETIC-05,SYN05,2025-04-01,3102368398.5,normal,105000
29499.7626,synthetic,2025-04-02T17:00:00+07:00,HOSE,29499.7626,29794.760226,29204.764973999998,29499.7626,SYNTHETIC-05,SYN05,2025-04-02,3097475073.0,normal,105000
29454.0549,synthetic,2025-04-03T17:00:00+07:00,HOSE,29454.0549,29748.595449,29159.514350999998,29454.0549,SYNTHETIC-05,SYN05,2025-04-03,3092675764.5,normal,105000
29409.6699,synthetic,2025-04-04T17:00:00+07:00,HOSE,29409.6699,29703.766599000002,29115.573201,29409.6699,SYNTHETIC-05,SYN05,2025-04-04,3088015339.5,normal,105000
29367.0222,synthetic,2025-04-07T17:00:00+07:00,HOSE,29367.0222,29660.692422,29073.351978,29367.0222,SYNTHETIC-05,SYN05,2025-04-07,3083537331.0,normal,105000
29326.5104,synthetic,2025-04-08T17:00:00+07:00,HOSE,29326.5104,29619.775504,29033.245295999997,29326.5104,SYNTHETIC-05,SYN05,2025-04-08,3079283592.0,normal,105000
29288.5142,synthetic,2025-04-09T17:00:00+07:00,HOSE,29288.5142,29581.399342,28995.629058000002,29288.5142,SYNTHETIC-05,SYN05,2025-04-09,3075293991.0,normal,105000
29253.3915,synthetic,2025-04-10T17:00:00+07:00,HOSE,29253.3915,29545.925415,28960.857585,29253.3915,SYNTHETIC-05,SYN05,2025-04-10,3071606107.5,normal,105000
29221.4759,synthetic,2025-04-11T17:00:00+07:00,HOSE,29221.4759,29513.690659,28929.261141000003,29221.4759,SYNTHETIC-05,SYN05,2025-04-11,3068254969.5,normal,105000
29193.0745,synthetic,2025-04-14T17:00:00+07:00,HOSE,29193.0745,29485.005245,28901.143754999997,29193.0745,SYNTHETIC-05,SYN05,2025-04-14,3065272822.5,normal,105000
29168.4655,synthetic,2025-04-15T17:00:00+07:00,HOSE,29168.4655,29460.150155,28876.780844999997,29168.4655,SYNTHETIC-05,SYN05,2025-04-15,3062688877.5,normal,105000
29147.8966,synthetic,2025-04-16T17:00:00+07:00,HOSE,29147.8966,29439.375566,28856.417634,29147.8966,SYNTHETIC-05,SYN05,2025-04-16,3060529143.0,normal,105000
29131.5831,synthetic,2025-04-17T17:00:00+07:00,HOSE,29131.5831,29422.898931,28840.267269,29131.5831,SYNTHETIC-05,SYN05,2025-04-17,3058816225.5,normal,105000
29119.7066,synthetic,2025-04-18T17:00:00+07:00,HOSE,29119.7066,29410.903666000002,28828.509534,29119.7066,SYNTHETIC-05,SYN05,2025-04-18,3057569193.0,normal,105000
29112.4139,synthetic,2025-04-21T17:00:00+07:00,HOSE,29112.4139,29403.538039,28821.289761,29112.4139,SYNTHETIC-05,SYN05,2025-04-21,3056803459.5,normal,105000
29109.8157,synthetic,2025-04-22T17:00:00+07:00,HOSE,29109.8157,29400.913857,28818.717543,29109.8157,SYNTHETIC-05,SYN05,2025-04-22,3056530648.5,normal,105000
29111.9865,synthetic,2025-04-23T17:00:00+07:00,HOSE,29111.9865,29403.106365,28820.866635,29111.9865,SYNTHETIC-05,SYN05,2025-04-23,3056758582.5,normal,105000
29118.9633,synthetic,2025-04-24T17:00:00+07:00,HOSE,29118.9633,29410.152933,28827.773666999998,29118.9633,SYNTHETIC-05,SYN05,2025-04-24,3057491146.5,normal,105000
29130.7463,synthetic,2025-04-25T17:00:00+07:00,HOSE,29130.7463,29422.053763,28839.438836999998,29130.7463,SYNTHETIC-05,SYN05,2025-04-25,3058728361.5,normal,105000
29147.2979,synthetic,2025-04-28T17:00:00+07:00,HOSE,29147.2979,29438.770879000003,28855.824921,29147.2979,SYNTHETIC-05,SYN05,2025-04-28,3060466279.5,normal,105000
29168.5437,synthetic,2025-04-29T17:00:00+07:00,HOSE,29168.5437,29460.229137,28876.858263,29168.5437,SYNTHETIC-05,SYN05,2025-04-29,3062697088.5,normal,105000
29194.3725,synthetic,2025-04-30T17:00:00+07:00,HOSE,29194.3725,29486.316225000002,28902.428775,29194.3725,SYNTHETIC-05,SYN05,2025-04-30,3065409112.5,normal,105000
29224.6371,synthetic,2025-05-01T17:00:00+07:00,HOSE,29224.6371,29516.883471,28932.390729,29224.6371,SYNTHETIC-05,SYN05,2025-05-01,3068586895.5,normal,105000
29259.1553,synthetic,2025-05-02T17:00:00+07:00,HOSE,29259.1553,29551.746853,28966.563746999997,29259.1553,SYNTHETIC-05,SYN05,2025-05-02,3072211306.5,normal,105000
29297.7108,synthetic,2025-05-05T17:00:00+07:00,HOSE,29297.7108,29590.687908,29004.733692,29297.7108,SYNTHETIC-05,SYN05,2025-05-05,3076259634.0,normal,105000
29340.0549,synthetic,2025-05-06T17:00:00+07:00,HOSE,29340.0549,29633.455449,29046.654350999997,29340.0549,SYNTHETIC-05,SYN05,2025-05-06,3080705764.5,normal,105000
29385.9081,synthetic,2025-05-07T17:00:00+07:00,HOSE,29385.9081,29679.767181,29092.049019000002,29385.9081,SYNTHETIC-05,SYN05,2025-05-07,3085520350.5,normal,105000
29434.9615,synthetic,2025-05-08T17:00:00+07:00,HOSE,29434.9615,29729.311115,29140.611885000002,29434.9615,SYNTHETIC-05,SYN05,2025-05-08,3090670957.5,normal,105000
29486.8798,synthetic,2025-05-09T17:00:00+07:00,HOSE,29486.8798,29781.748598,29192.011002,29486.8798,SYNTHETIC-05,SYN05,2025-05-09,3096122379.0,normal,105000
29541.3025,synthetic,2025-05-12T17:00:00+07:00,HOSE,29541.3025,29836.715525000003,29245.889475,29541.3025,SYNTHETIC-05,SYN05,2025-05-12,3101836762.5,normal,105000
29597.8476,synthetic,2025-05-13T17:00:00+07:00,HOSE,29597.8476,29893.826076,29301.869124,29597.8476,SYNTHETIC-05,SYN05,2025-05-13,3107773998.0,normal,105000
29656.1135,synthetic,2025-05-14T17:00:00+07:00,HOSE,29656.1135,29952.674635,29359.552365,29656.1135,SYNTHETIC-05,SYN05,2025-05-14,3113891917.5,normal,105000
29715.6825,synthetic,2025-05-15T17:00:00+07:00,HOSE,29715.6825,30012.839325,29418.525674999997,29715.6825,SYNTHETIC-05,SYN05,2025-05-15,3120146662.5,normal,105000
29776.124,synthetic,2025-05-16T17:00:00+07:00,HOSE,29776.124,30073.88524,29478.36276,29776.124,SYNTHETIC-05,SYN05,2025-05-16,3126493020.0,normal,105000
29836.9974,synthetic,2025-05-19T17:00:00+07:00,HOSE,29836.9974,30135.367374,29538.627426,29836.9974,SYNTHETIC-05,SYN05,2025-05-19,3132884727.0,normal,105000
29897.8563,synthetic,2025-05-20T17:00:00+07:00,HOSE,29897.8563,30196.834863,29598.877737,29897.8563,SYNTHETIC-05,SYN05,2025-05-20,3139274911.5,normal,105000
29958.2514,synthetic,2025-05-21T17:00:00+07:00,HOSE,29958.2514,30257.833914000003,29658.668886,29958.2514,SYNTHETIC-05,SYN05,2025-05-21,3145616397.0,normal,105000
30017.7351,synthetic,2025-05-22T17:00:00+07:00,HOSE,30017.7351,30317.912451000004,29717.557749,30017.7351,SYNTHETIC-05,SYN05,2025-05-22,3151862185.5,normal,105000
30075.8645,synthetic,2025-05-23T17:00:00+07:00,HOSE,30075.8645,30376.623145,29775.105854999998,30075.8645,SYNTHETIC-05,SYN05,2025-05-23,3157965772.5,normal,105000
30132.2059,synthetic,2025-05-26T17:00:00+07:00,HOSE,30132.2059,30433.527959000003,29830.883841,30132.2059,SYNTHETIC-05,SYN05,2025-05-26,3163881619.5,normal,105000
30186.3384,synthetic,2025-05-27T17:00:00+07:00,HOSE,30186.3384,30488.201784,29884.475016,30186.3384,SYNTHETIC-05,SYN05,2025-05-27,3169565532.0,normal,105000
30237.8576,synthetic,2025-05-28T17:00:00+07:00,HOSE,30237.8576,30540.236176,29935.479024,30237.8576,SYNTHETIC-05,SYN05,2025-05-28,3174975048.0,normal,105000
30286.3796,synthetic,2025-05-29T17:00:00+07:00,HOSE,30286.3796,30589.243396,29983.515804,30286.3796,SYNTHETIC-05,SYN05,2025-05-29,3180069858.0,normal,105000
30331.5443,synthetic,2025-05-30T17:00:00+07:00,HOSE,30331.5443,30634.859743,30028.228857000002,30331.5443,SYNTHETIC-05,SYN05,2025-05-30,3184812151.5,normal,105000
30373.0192,synthetic,2025-06-02T17:00:00+07:00,HOSE,30373.0192,30676.749391999998,30069.289008,30373.0192,SYNTHETIC-05,SYN05,2025-06-02,3189167016.0,normal,105000
30410.5023,synthetic,2025-06-03T17:00:00+07:00,HOSE,30410.5023,30714.607323,30106.397277,30410.5023,SYNTHETIC-05,SYN05,2025-06-03,3193102741.5,normal,105000
30443.7251,synthetic,2025-06-04T17:00:00+07:00,HOSE,30443.7251,30748.162351,30139.287849,30443.7251,SYNTHETIC-05,SYN05,2025-06-04,3196591135.5,normal,105000
30472.4555,synthetic,2025-06-05T17:00:00+07:00,HOSE,30472.4555,30777.180055,30167.730945,30472.4555,SYNTHETIC-05,SYN05,2025-06-05,3199607827.5,normal,105000
30496.4997,synthetic,2025-06-06T17:00:00+07:00,HOSE,30496.4997,30801.464697,30191.534703,30496.4997,SYNTHETIC-05,SYN05,2025-06-06,3202132468.5,normal,105000
30515.7045,synthetic,2025-06-09T17:00:00+07:00,HOSE,30515.7045,30820.861545,30210.547455,30515.7045,SYNTHETIC-05,SYN05,2025-06-09,3204148972.5,normal,105000
30529.9588,synthetic,2025-06-10T17:00:00+07:00,HOSE,30529.9588,30835.258388000002,30224.659212,30529.9588,SYNTHETIC-05,SYN05,2025-06-10,3205645674.0,normal,105000
30539.1945,synthetic,2025-06-11T17:00:00+07:00,HOSE,30539.1945,30844.586445,30233.802555000002,30539.1945,SYNTHETIC-05,SYN05,2025-06-11,3206615422.5,normal,105000
30543.3877,synthetic,2025-06-12T17:00:00+07:00,HOSE,30543.3877,30848.821577,30237.953823,30543.3877,SYNTHETIC-05,SYN05,2025-06-12,3207055708.5,normal,105000
30542.5582,synthetic,2025-06-13T17:00:00+07:00,HOSE,30542.5582,30847.983782,30237.132618,30542.5582,SYNTHETIC-05,SYN05,2025-06-13,3206968611.0,normal,105000
30536.7702,synthetic,2025-06-16T17:00:00+07:00,HOSE,30536.7702,30842.137902,30231.402498,30536.7702,SYNTHETIC-05,SYN05,2025-06-16,3206360871.0,normal,105000
30526.131,synthetic,2025-06-17T17:00:00+07:00,HOSE,30526.131,30831.392310000003,30220.86969,30526.131,SYNTHETIC-05,SYN05,2025-06-17,3205243755.0,normal,105000
30510.79,synthetic,2025-06-18T17:00:00+07:00,HOSE,30510.79,30815.8979,30205.6821,30510.79,SYNTHETIC-05,SYN05,2025-06-18,3203632950.0,normal,105000
30490.9378,synthetic,2025-06-19T17:00:00+07:00,HOSE,30490.9378,30795.847178,30186.028422,30490.9378,SYNTHETIC-05,SYN05,2025-06-19,3201548469.0,normal,105000
30466.8033,synthetic,2025-06-20T17:00:00+07:00,HOSE,30466.8033,30771.471333,30162.135266999998,30466.8033,SYNTHETIC-05,SYN05,2025-06-20,3199014346.5,normal,105000
30438.6526,synthetic,2025-06-23T17:00:00+07:00,HOSE,30438.6526,30743.039126000003,30134.266074,30438.6526,SYNTHETIC-05,SYN05,2025-06-23,3196058523.0,normal,105000
30406.7853,synthetic,2025-06-24T17:00:00+07:00,HOSE,30406.7853,30710.853153,30102.717447,30406.7853,SYNTHETIC-05,SYN05,2025-06-24,3192712456.5,normal,105000
30371.5325,synthetic,2025-06-25T17:00:00+07:00,HOSE,30371.5325,30675.247825000002,30067.817175,30371.5325,SYNTHETIC-05,SYN05,2025-06-25,3189010912.5,normal,105000
30333.2528,synthetic,2025-06-26T17:00:00+07:00,HOSE,30333.2528,30636.585327999997,30029.920272,30333.2528,SYNTHETIC-05,SYN05,2025-06-26,3184991544.0,normal,105000
30292.3298,synthetic,2025-06-27T17:00:00+07:00,HOSE,30292.3298,30595.253098,29989.406501999998,30292.3298,SYNTHETIC-05,SYN05,2025-06-27,3180694629.0,normal,105000
30249.1676,synthetic,2025-06-30T17:00:00+07:00,HOSE,30249.1676,30551.659276000002,29946.675924,30249.1676,SYNTHETIC-05,SYN05,2025-06-30,3176162598.0,normal,105000
28838.391,synthetic,2024-01-01T17:00:00+07:00,HNX,28838.391,29126.77491,28550.00709,28838.391,SYNTHETIC-06,SYN06,2024-01-01,3056869446.0,normal,106000
28896.3115,synthetic,2024-01-02T17:00:00+07:00,HNX,28896.3115,29185.274615,28607.348385,28896.3115,SYNTHETIC-06,SYN06,2024-01-02,3063009019.0,normal,106000
28955.2622,synthetic,2024-01-03T17:00:00+07:00,HNX,28955.2622,29244.814822,28665.709578,28955.2622,SYNTHETIC-06,SYN06,2024-01-03,3069257793.2000003,normal,106000
29014.8182,synthetic,2024-01-04T17:00:00+07:00,HNX,29014.8182,29304.966382000002,28724.670018,29014.8182,SYNTHETIC-06,SYN06,2024-01-04,3075570729.2000003,normal,106000
29074.5469,synthetic,2024-01-05T17:00:00+07:00,HNX,29074.5469,29365.292369000003,28783.801431,29074.5469,SYNTHETIC-06,SYN06,2024-01-05,3081901971.4,normal,106000
29134.0119,synthetic,2024-01-08T17:00:00+07:00,HNX,29134.0119,29425.352019,28842.671781,29134.0119,SYNTHETIC-06,SYN06,2024-01-08,3088205261.4,normal,106000
29192.7762,synthetic,2024-01-09T17:00:00+07:00,HNX,29192.7762,29484.703962,28900.848438,29192.7762,SYNTHETIC-06,SYN06,2024-01-09,3094434277.2,normal,106000
29250.4063,synthetic,2024-01-10T17:00:00+07:00,HNX,29250.4063,29542.910363,28957.902237,29250.4063,SYNTHETIC-06,SYN06,2024-01-10,3100543067.7999997,normal,106000
29306.4758,synthetic,2024-01-11T17:00:00+07:00,HNX,29306.4758,29599.540558,29013.411042,29306.4758,SYNTHETIC-06,SYN06,2024-01-11,3106486434.8,normal,106000
29360.5692,synthetic,2024-01-12T17:00:00+07:00,HNX,29360.5692,29654.174892000003,29066.963508,29360.5692,SYNTHETIC-06,SYN06,2024-01-12,3112220335.2000003,normal,106000
29412.2854,synthetic,2024-01-15T17:00:00+07:00,HNX,29412.2854,29706.408254,29118.162546,29412.2854,SYNTHETIC-06,SYN06,2024-01-15,3117702252.4,normal,106000
29461.2418,synthetic,2024-01-16T17:00:00+07:00,HNX,29461.2418,29755.854218,29166.629382,29461.2418,SYNTHETIC-06,SYN06,2024-01-16,3122891630.8,normal,106000
29507.0774,synthetic,2024-01-17T17:00:00+07:00,HNX,29507.0774,29802.148173999998,29212.006626,29507.0774,SYNTHETIC-06,SYN06,2024-01-17,3127750204.3999996,normal,106000
29549.4567,synthetic,2024-01-18T17:00:00+07:00,HNX,29549.4567,29844.951267,29253.962132999997,29549.4567,SYNTHETIC-06,SYN06,2024-01-18,3132242410.2,normal,106000
29588.0724,synthetic,2024-01-19T17:00:00+07:00,HNX,29588.0724,29883.953124,29292.191676000002,29588.0724,SYNTHETIC-06,SYN06,2024-01-19,3136335674.4,normal,106000
29622.649,synthetic,2024-01-22T17:00:00+07:00,HNX,29622.649,29918.875490000002,29326.42251,29622.649,SYNTHETIC-06,SYN06,2024-01-22,3140000794.0,normal,106000
29652.9448,synthetic,2024-01-23T17:00:00+07:00,HNX,29652.9448,29949.474248000002,29356.415352,29652.9448,SYNTHETIC-06,SYN06,2024-01-23,3143212148.8,normal,106000
29678.7549,synthetic,2024-01-24T17:00:00+07:00,HNX,29678.7549,29975.542449,29381.967351,29678.7549,SYNTHETIC-06,SYN06,2024-01-24,3145948019.4,normal,106000
29699.9131,synthetic,2024-01-25T17:00:00+07:00,HNX,29699.9131,29996.912231000002,29402.913969,29699.9131,SYNTHETIC-06,SYN06,2024-01-25,3148190788.6000004,normal,106000
29716.2934,synthetic,2024-01-26T17:00:00+07:00,HNX,29716.2934,30013.456334,29419.130466,29716.2934,SYNTHETIC-06,SYN06,2024-01-26,3149927100.4,normal,106000
29727.8113,synthetic,2024-01-29T17:00:00+07:00,HNX,29727.8113,30025.089413,29430.533187,29727.8113,SYNTHETIC-06,SYN06,2024-01-29,3151147997.8,normal,106000
29734.4251,synthetic,2024-01-30T17:00:00+07:00,HNX,29734.4251,30031.769351,29437.080849,29734.4251,SYNTHETIC-06,SYN06,2024-01-30,3151849060.6,normal,106000
29736.1357,synthetic,2024-01-31T17:00:00+07:00,HNX,29736.1357,30033.497057,29438.774342999997,29736.1357,SYNTHETIC-06,SYN06,2024-01-31,3152030384.2,normal,106000
29732.9871,synthetic,2024-02-01T17:00:00+07:00,HNX,29732.9871,30030.316971,29435.657228999997,29732.9871,SYNTHETIC-06,SYN06,2024-02-01,3151696632.6,normal,106000
29725.0657,synthetic,2024-02-02T17:00:00+07:00,HNX,29725.0657,30022.316357,29427.815043,29725.0657,SYNTHETIC-06,SYN06,2024-02-02,3150856964.2,normal,106000
29712.4997,synthetic,2024-02-05T17:00:00+07:00,HNX,29712.4997,30009.624697,29415.374703,29712.4997,SYNTHETIC-06,SYN06,2024-02-05,3149524968.2,normal,106000
29695.4576,synthetic,2024-02-06T17:00:00+07:00,HNX,29695.4576,29992.412176,29398.503024,29695.4576,SYNTHETIC-06,SYN06,2024-02-06,3147718505.6000004,normal,106000
29674.1463,synthetic,2024-02-07T17:00:00+07:00,HNX,29674.1463,29970.887763,29377.404837000002,29674.1463,SYNTHETIC-06,SYN06,2024-02-07,3145459507.8,normal,106000
29648.8098,synthetic,2024-02-08T17:00:00+07:00,HNX,29648.8098,29945.297898,29352.321701999997,29648.8098,SYNTHETIC-06,SYN06,2024-02-08,3142773838.7999997,normal,106000
29619.7259,synthetic,2024-02-09T17:00:00+07:00,HNX,29619.7259,29915.923159,29323.528641,29619.7259,SYNTHETIC-06,SYN06,2024-02-09,3139690945.4,normal,106000
29587.2043,synthetic,2024-02-12T17:00:00+07:00,HNX,29587.2043,29883.076343,29291.332257000002,29587.2043,SYNTHETIC-06,SYN06,2024-02-12,3136243655.8,normal,106000
29551.583,synthetic,2024-02-13T17:00:00+07:00,HNX,29551.583,29847.09883,29256.06717,29551.583,SYNTHETIC-06,SYN06,2024-02-13,3132467798.0,normal,106000
29513.2255,synthetic,2024-02-14T17:00:00+07:00,HNX,29513.2255,29808.357755,29218.093245,29513.2255,SYNTHETIC-06,SYN06,2024-02-14,3128401903.0,normal,106000
29472.5169,synthetic,2024-02-15T17:00:00+07:00,HNX,29472.5169,29767.242069,29177.791730999998,29472.5169,SYNTHETIC-06,SYN06,2024-02-15,3124086791.4,normal,106000
29429.8611,synthetic,2024-02-16T17:00:00+07:00,HNX,29429.8611,29724.159711,29135.562488999996,29429.8611,SYNTHETIC-06,SYN06,2024-02-16,3119565276.6,normal,106000
29385.6765,synthetic,2024-02-19T17:00:00+07:00,HNX,29385.6765,29679.533265000002,29091.819735,29385.6765,SYNTHETIC-06,SYN06,2024-02-19,3114881709.0,normal,106000
29340.3922,synthetic,2024-02-20T17:00:00+07:00,HNX,29340.3922,29633.796122,29046.988277999997,29340.3922,SYNTHETIC-06,SYN06,2024-02-20,3110081573.2,normal,106000
29294.4448,synthetic,2024-02-21T17:00:00+07:00,HNX,29294.4448,29587.389248000003,29001.500352,29294.4448,SYNTHETIC-06,SYN06,2024-02-21,3105211148.8,normal,106000
29248.2741,synthetic,2024-02-22T17:00:00+07:00,HNX,29248.2741,29540.756841,28955.791359,29248.2741,SYNTHETIC-06,SYN06,2024-02-22,3100317054.6,normal,106000
29202.3198,synthetic,2024-02-23T17:00:00+07:00,HNX,29202.3198,29494.342998,28910.296602000002,29202.3198,SYNTHETIC-06,SYN06,2024-02-23,3095445898.8,normal,106000
29157.0175,synthetic,2024-02-26T17:00:00+07:00,HNX,29157.0175,29448.587675000002,28865.447325,29157.0175,SYNTHETIC-06,SYN06,2024-02-26,3090643855.0,normal,106000
29112.7953,synthetic,2024-02-27T17:00:00+07:00,HNX,29112.7953,29403.923253,28821.667347000002,29112.7953,SYNTHETIC-06,SYN06,2024-02-27,3085956301.8,normal,106000
29070.0705,synthetic,2024-02-28T17:00:00+07:00,HNX,29070.0705,29360.771205,28779.369795000002,29070.0705,SYNTHETIC-06,SYN06,2024-02-28,3081427473.0,normal,106000
29029.2465,synthetic,2024-02-29T17:00:00+07:00,HNX,29029.2465,29319.538965,28738.954035000002,29029.2465,SYNTHETIC-06,SYN06,2024-02-29,3077100129.0,normal,106000
28990.7092,synthetic,2024-03-01T17:00:00+07:00,HNX,28990.7092,29280.616292000002,28700.802108,28990.7092,SYNTHETIC-06,SYN06,2024-03-01,3073015175.2000003,normal,106000
28954.8249,synthetic,2024-03-04T17:00:00+07:00,HNX,28954.8249,29244.373149,28665.276651,28954.8249,SYNTHETIC-06,SYN06,2024-03-04,3069211439.4,normal,106000
28921.9369,synthetic,2024-03-05T17:00:00+07:00,HNX,28921.9369,29211.156269,28632.717531000002,28921.9369,SYNTHETIC-06,SYN06,2024-03-05,3065725311.4,normal,106000
28892.3635,synthetic,2024-03-06T17:00:00+07:00,HNX,28892.3635,29181.287135,28603.439865,28892.3635,SYNTHETIC-06,SYN06,2024-03-06,3062590531.0,normal,106000
28866.3958,synthetic,2024-03-07T17:00:00+07:00,HNX,28866.3958,29155.059758,28577.731841999997,28866.3958,SYNTHETIC-06,SYN06,2024-03-07,3059837954.7999997,normal,106000
28844.2955,synthetic,2024-03-08T17:00:00+07:00,HNX,28844.2955,29132.738455,28555.852545,28844.2955,SYNTHETIC-06,SYN06,2024-03-08,3057495323.0,normal,106000
28826.2932,synthetic,2024-03-11T17:00:00+07:00,HNX,28826.2932,29114.556132,28538.030268,28826.2932,SYNTHETIC-06,SYN06,2024-03-11,3055587079.2,normal,106000
28812.5869,synthetic,2024-03-12T17:00:00+07:00,HNX,28812.5869,29100.712768999998,28524.461031,28812.5869,SYNTHETIC-06,SYN06,2024-03-12,3054134211.3999996,normal,106000
28803.3408,synthetic,2024-03-13T17:00:00+07:00,HNX,28803.3408,29091.374208,28515.307392000002,28803.3408,SYNTHETIC-06,SYN06,2024-03-13,3053154124.8,normal,106000
28798.6839,synthetic,2024-03-14T17:00:00+07:00,HNX,28798.6839,29086.670739,28510.697061,28798.6839,SYNTHETIC-06,SYN06,2024-03-14,3052660493.4,normal,106000
28798.7095,synthetic,2024-03-15T17:00:00+07:00,HNX,28798.7095,29086.696595,28510.722405,28798.7095,SYNTHETIC-06,SYN06,2024-03-15,3052663207.0,normal,106000
28803.4746,synthetic,2024-03-18T17:00:00+07:00,HNX,28803.4746,29091.509346000003,28515.439854,28803.4746,SYNTHETIC-06,SYN06,2024-03-18,3053168307.6000004,normal,106000
28812.9993,synthetic,2024-03-19T17:00:00+07:00,HNX,28812.9993,29101.129292999998,28524.869307,28812.9993,SYNTHETIC-06,SYN06,2024-03-19,3054177925.7999997,normal,106000
28827.2666,synthetic,2024-03-20T17:00:00+07:00,HNX,28827.2666,29115.539266,28538.993934,28827.2666,SYNTHETIC-06,SYN06,2024-03-20,3055690259.6,normal,106000
28846.2229,synthetic,2024-03-21T17:00:00+07:00,HNX,28846.2229,29134.685129,28557.760671,28846.2229,SYNTHETIC-06,SYN06,2024-03-21,3057699627.4,normal,106000
28869.778,synthetic,2024-03-22T17:00:00+07:00,HNX,28869.778,29158.475779999997,28581.08022,28869.778,SYNTHETIC-06,SYN06,2024-03-22,3060196468.0,normal,106000
28897.8054,synthetic,2024-03-25T17:00:00+07:00,HNX,28897.8054,29186.783454,28608.827346000002,28897.8054,SYNTHETIC-06,SYN06,2024-03-25,3063167372.4,normal,106000
28930.1438,synthetic,2024-03-26T17:00:00+07:00,HNX,28930.1438,29219.445238,28640.842362000003,28930.1438,SYNTHETIC-06,SYN06,2024-03-26,3066595242.8,normal,106000
28966.5973,synthetic,2024-03-27T17:00:00+07:00,HNX,28966.5973,29256.263273,28676.931327000002,28966.5973,SYNTHETIC-06,SYN06,2024-03-27,3070459313.8,normal,106000
29006.9372,synthetic,2024-03-28T17:00:00+07:00,HNX,29006.9372,29297.006572000002,28716.867828,29006.9372,SYNTHETIC-06,SYN06,2024-03-28,3074735343.2,normal,106000
29050.9034,synthetic,2024-03-29T17:00:00+07:00,HNX,29050.9034,29341.412433999998,28760.394366,29050.9034,SYNTHETIC-06,SYN06,2024-03-29,3079395760.4,normal,106000
29098.2059,synthetic,2024-04-01T17:00:00+07:00,HNX,29098.2059,29389.187959000003,28807.223841,29098.2059,SYNTHETIC-06,SYN06,2024-04-01,3084409825.4,normal,106000
29148.5268,synthetic,2024-04-02T17:00:00+07:00,HNX,29148.5268,29440.012068,28857.041532,29148.5268,SYNTHETIC-06,SYN06,2024-04-02,3089743840.8,normal,106000
29201.5226,synthetic,2024-04-03T17:00:00+07:00,HNX,29201.5226,29493.537826,28909.507374,29201.5226,SYNTHETIC-06,SYN06,2024-04-03,3095361395.6,normal,106000
29256.8269,synthetic,2024-04-04T17:00:00+07:00,HNX,29256.8269,29549.395169,28964.258631,29256.8269,SYNTHETIC-06,SYN06,2024-04-04,3101223651.4,normal,106000
29314.0522,synthetic,2024-04-05T17:00:00+07:00,HNX,29314.0522,29607.192722,29020.911677999997,29314.0522,SYNTHETIC-06,SYN06,2024-04-05,3107289533.2,normal,106000
29372.7938,synthetic,2024-04-08T17:00:00+07:00,HNX,29372.7938,29666.521738,29079.065862,29372.7938,SYNTHETIC-06,SYN06,2024-04-08,3113516142.7999997,normal,106000
29432.6318,synthetic,2024-04-09T17:00:00+07:00,HNX,29432.6318,29726.958118,29138.305482,29432.6318,SYNTHETIC-06,SYN06,2024-04-09,3119858970.7999997,normal,106000
29493.1354,synthetic,2024-04-10T17:00:00+07:00,HNX,29493.1354,29788.066754,29198.204046,29493.1354,SYNTHETIC-06,SYN06,2024-04-10,3126272352.4,normal,106000
29553.8655,synthetic,2024-04-11T17:00:00+07:00,HNX,29553.8655,29849.404155,29258.326845,29553.8655,SYNTHETIC-06,SYN06,2024-04-11,3132709743.0,normal,106000
29614.3785,synthetic,2024-04-12T17:00:00+07:00,HNX,29614.3785,29910.522285,29318.234715,29614.3785,SYNTHETIC-06,SYN06,2024-04-12,3139124121.0,normal,106000
29674.2302,synthetic,2024-04-15T17:00:00+07:00,HNX,29674.2302,29970.972502,29377.487898000003,29674.2302,SYNTHETIC-06,SYN06,2024-04-15,3145468401.2000003,normal,106000
29732.9791,synthetic,2024-04-16T17:00:00+07:00,HNX,29732.9791,30030.308891,29435.649309,29732.9791,SYNTHETIC-06,SYN06,2024-04-16,3151695784.6,normal,106000
29790.1908,synthetic,2024-04-17T17:00:00+07:00,HNX,29790.1908,30088.092708,29492.288892,29790.1908,SYNTHETIC-06,SYN06,2024-04-17,3157760224.8,normal,106000
29845.4411,synthetic,2024-04-18T17:00:00+07:00,HNX,29845.4411,30143.895511,29546.986689,29845.4411,SYNTHETIC-06,SYN06,2024-04-18,3163616756.6,normal,106000
29898.3206,synthetic,2024-04-19T17:00:00+07:00,HNX,29898.3206,30197.303806,29599.337394,29898.3206,SYNTHETIC-06,SYN06,2024-04-19,3169221983.6,normal,106000
29948.4377,synthetic,2024-04-22T17:00:00+07:00,HNX,29948.4377,30247.922077,29648.953322999998,29948.4377,SYNTHETIC-06,SYN06,2024-04-22,3174534396.2,normal,106000
29995.4229,synthetic,2024-04-23T17:00:00+07:00,HNX,29995.4229,30295.377129,29695.468671000002,29995.4229,SYNTHETIC-06,SYN06,2024-04-23,3179514827.4,normal,106000
30038.9317,synthetic,2024-04-24T17:00:00+07:00,HNX,30038.9317,30339.321017000002,29738.542383,30038.9317,SYNTHETIC-06,SYN06,2024-04-24,3184126760.2000003,normal,106000
30078.6484,synthetic,2024-04-25T17:00:00+07:00,HNX,30078.6484,30379.434884,29777.861915999998,30078.6484,SYNTHETIC-06,SYN06,2024-04-25,3188336730.3999996,normal,106000
30114.2889,synthetic,2024-04-26T17:00:00+07:00,HNX,30114.2889,30415.431789,29813.146011,30114.2889,SYNTHETIC-06,SYN06,2024-04-26,3192114623.4,normal,106000
30145.6034,synthetic,2024-04-29T17:00:00+07:00,HNX,30145.6034,30447.059434,29844.147366,30145.6034,SYNTHETIC-06,SYN06,2024-04-29,3195433960.4,normal,106000
30172.3793,synthetic,2024-04-30T17:00:00+07:00,HNX,30172.3793,30474.103093,29870.655507,30172.3793,SYNTHETIC-06,SYN06,2024-04-30,3198272205.8,normal,106000
30194.4428,synthetic,2024-05-01T17:00:00+07:00,HNX,30194.4428,30496.387228,29892.498372000002,30194.4428,SYNTHETIC-06,SYN06,2024-05-01,3200610936.8,normal,106000
30211.661,synthetic,2024-05-02T17:00:00+07:00,HNX,30211.661,30513.77761,29909.54439,30211.661,SYNTHETIC-06,SYN06,2024-05-02,3202436066.0,normal,106000
30223.9433,synthetic,2024-05-03T17:00:00+07:00,HNX,30223.9433,30526.182732999998,29921.703867,30223.9433,SYNTHETIC-06,SYN06,2024-05-03,3203737989.7999997,normal,106000
30231.2421,synthetic,2024-05-06T17:00:00+07:00,HNX,30231.2421,30533.554521,29928.929679,30231.2421,SYNTHETIC-06,SYN06,2024-05-06,3204511662.6,normal,106000
30233.5533,synthetic,2024-05-07T17:00:00+07:00,HNX,30233.5533,30535.888833,29931.217767,30233.5533,SYNTHETIC-06,SYN06,2024-05-07,3204756649.8,normal,106000
30230.9168,synthetic,2024-05-08T17:00:00+07:00,HNX,30230.9168,30533.225968,29928.607632,30230.9168,SYNTHETIC-06,SYN06,2024-05-08,3204477180.7999997,normal,106000
30223.4153,synthetic,2024-05-09T17:00:00+07:00,HNX,30223.4153,30525.649453,29921.181147,30223.4153,SYNTHETIC-06,SYN06,2024-05-09,3203682021.8,normal,106000
30211.1745,synthetic,2024-05-10T17:00:00+07:00,HNX,30211.1745,30513.286245000003,29909.062755,30211.1745,SYNTHETIC-06,SYN06,2024-05-10,3202384497.0,normal,106000
30194.3608,synthetic,2024-05-13T17:00:00+07:00,HNX,30194.3608,30496.304408,29892.417191999997,30194.3608,SYNTHETIC-06,SYN06,2024-05-13,3200602244.7999997,normal,106000
30173.1805,synthetic,2024-05-14T17:00:00+07:00,HNX,30173.1805,30474.912304999998,29871.448695,30173.1805,SYNTHETIC-06,SYN06,2024-05-14,3198357133.0,normal,106000
30147.8772,synthetic,2024-05-15T17:00:00+07:00,HNX,30147.8772,30449.355971999998,29846.398428,30147.8772,SYNTHETIC-06,SYN06,2024-05-15,3195674983.2,normal,106000
30118.7298,synthetic,2024-05-16T17:00:00+07:00,HNX,30118.7298,30419.917098,29817.542502,30118.7298,SYNTHETIC-06,SYN06,2024-05-16,3192585358.8,normal,106000
30086.0493,synthetic,2024-05-17T17:00:00+07:00,HNX,30086.0493,30386.909793,29785.188807,30086.0493,SYNTHETIC-06,SYN06,2024-05-17,3189121225.7999997,normal,106000
30050.1764,synthetic,2024-05-20T17:00:00+07:00,HNX,30050.1764,30350.678164,29749.674636,30050.1764,SYNTHETIC-06,SYN06,2024-05-20,3185318698.4,normal,106000
30011.4778,synthetic,2024-05-21T17:00:00+07:00,HNX,30011.4778,30311.592578,29711.363022,30011.4778,SYNTHETIC-06,SYN06,2024-05-21,3181216646.8,normal,106000
29970.3428,synthetic,2024-05-22T17:00:00+07:00,HNX,29970.3428,30270.046228,29670.639371999998,29970.3428,SYNTHETIC-06,SYN06,2024-05-22,3176856336.7999997,normal,106000
29927.1799,synthetic,2024-05-23T17:00:00+07:00,HNX,29927.1799,30226.451699,29627.908100999997,29927.1799,SYNTHETIC-06,SYN06,2024-05-23,3172281069.4,normal,106000
29882.4129,synthetic,2024-05-24T17:00:00+07:00,HNX,29882.4129,30181.237029,29583.588771,29882.4129,SYNTHETIC-06,SYN06,2024-05-24,3167535767.4,normal,106000
29836.4774,synthetic,2024-05-27T17:00:00+07:00,HNX,29836.4774,30134.842174,29538.112626,29836.4774,SYNTHETIC-06,SYN06,2024-05-27,3162666604.4,normal,106000
29789.8163,synthetic,2024-05-28T17:00:00+07:00,HNX,29789.8163,30087.714463,29491.918136999997,29789.8163,SYNTHETIC-06,SYN06,2024-05-28,3157720527.7999997,normal,106000
29742.8767,synthetic,2024-05-29T17:00:00+07:00,HNX,29742.8767,30040.305467000002,29445.447933,29742.8767,SYNTHETIC-06,SYN06,2024-05-29,3152744930.2000003,normal,106000
29696.1058,synthetic,2024-05-30T17:00:00+07:00,HNX,29696.1058,29993.066858000002,29399.144742,29696.1058,SYNTHETIC-06,SYN06,2024-05-30,3147787214.8,normal,106000
29649.9471,synthetic,2024-05-31T17:00:00+07:00,HNX,29649.9471,29946.446571,29353.447629000002,29649.9471,SYNTHETIC-06,SYN06,2024-05-31,3142894392.6,normal,106000
29604.8371,synthetic,2024-06-03T17:00:00+07:00,HNX,29604.8371,29900.885471,29308.788729,29604.8371,SYNTHETIC-06,SYN06,2024-06-03,3138112732.6,normal,106000
29561.2014,synthetic,2024-06-04T17:00:00+07:00,HNX,29561.2014,29856.813414000004,29265.589386,29561.2014,SYNTHETIC-06,SYN06,2024-06-04,3133487348.4,normal,106000
29519.4519,synthetic,2024-06-05T17:00:00+07:00,HNX,29519.4519,29814.646419,29224.257381,29519.4519,SYNTHETIC-06,SYN06,2024-06-05,3129061901.4,normal,106000
29479.9833,synthetic,2024-06-06T17:00:00+07:00,HNX,29479.9833,29774.783133,29185.183467,29479.9833,SYNTHETIC-06,SYN06,2024-06-06,3124878229.8,normal,106000
29443.1702,synthetic,2024-06-07T17:00:00+07:00,HNX,29443.1702,29737.601902000002,29148.738498,29443.1702,SYNTHETIC-06,SYN06,2024-06-07,3120976041.2000003,normal,106000
29409.3647,synthetic,2024-06-10T17:00:00+07:00,HNX,29409.3647,29703.458347,29115.271052999997,29409.3647,SYNTHETIC-06,SYN06,2024-06-10,3117392658.2,normal,106000
29378.8934,synthetic,2024-06-11T17:00:00+07:00,HNX,29378.8934,29672.682334,29085.104466,29378.8934,SYNTHETIC-06,SYN06,2024-06-11,3114162700.4,normal,106000
29352.0555,synthetic,2024-06-12T17:00:00+07:00,HNX,29352.0555,29645.576054999998,29058.534945,29352.0555,SYNTHETIC-06,SYN06,2024-06-12,3111317883.0,normal,106000
29329.1207,synthetic,2024-06-13T17:00:00+07:00,HNX,29329.1207,29622.411907,29035.829492999997,29329.1207,SYNTHETIC-06,SYN06,2024-06-13,3108886794.2,normal,106000
29310.3271,synthetic,2024-06-14T17:00:00+07:00,HNX,29310.3271,29603.430371,29017.223829,29310.3271,SYNTHETIC-06,SYN06,2024-06-14,3106894672.6,normal,106000
29295.8799,synthetic,2024-06-17T17:00:00+07:00,HNX,29295.8799,29588.838699,29002.921101,29295.8799,SYNTHETIC-06,SYN06,2024-06-17,3105363269.4,normal,106000
29285.95,synthetic,2024-06-18T17:00:00+07:00,HNX,29285.95,29578.8095,28993.090500000002,29285.95,SYNTHETIC-06,SYN06,2024-06-18,3104310700.0,normal,106000
29280.6729,synthetic,2024-06-19T17:00:00+07:00,HNX,29280.6729,29573.479629,28987.866171,29280.6729,SYNTHETIC-06,SYN06,2024-06-19,3103751327.4,normal,106000
29280.1477,synthetic,2024-06-20T17:00:00+07:00,HNX,29280.1477,29572.949177000002,28987.346223,29280.1477,SYNTHETIC-06,SYN06,2024-06-20,3103695656.2000003,normal,106000
29284.4364,synthetic,2024-06-21T17:00:00+07:00,HNX,29284.4364,29577.280764,28991.592036,29284.4364,SYNTHETIC-06,SYN06,2024-06-21,3104150258.4,normal,106000
29293.5638,synthetic,2024-06-24T17:00:00+07:00,HNX,29293.5638,29586.499438,29000.628162,29293.5638,SYNTHETIC-06,SYN06,2024-06-24,3105117762.8,normal,106000
29307.5172,synthetic,2024-06-25T17:00:00+07:00,HNX,29307.5172,29600.592372,29014.442027999998,29307.5172,SYNTHETIC-06,SYN06,2024-06-25,3106596823.2,normal,106000
29326.2461,synthetic,2024-06-26T17:00:00+07:00,HNX,29326.2461,29619.508561000002,29032.983639,29326.2461,SYNTHETIC-06,SYN06,2024-06-26,3108582086.6,normal,106000
29349.6631,synthetic,2024-06-27T17:00:00+07:00,HNX,29349.6631,29643.159731000003,29056.166469,29349.6631,SYNTHETIC-06,SYN06,2024-06-27,3111064288.6000004,normal,106000
29377.6439,synthetic,2024-06-28T17:00:00+07:00,HNX,29377.6439,29671.420339,29083.867460999998,29377.6439,SYNTHETIC-06,SYN06,2024-06-28,3114030253.4,normal,106000
29410.0284,synthetic,2024-07-01T17:00:00+07:00,HNX,29410.0284,29704.128684,29115.928116,29410.0284,SYNTHETIC-06,SYN06,2024-07-01,3117463010.4,normal,106000
29446.6215,synthetic,2024-07-02T17:00:00+07:00,HNX,29446.6215,29741.087715,29152.155285,29446.6215,SYNTHETIC-06,SYN06,2024-07-02,3121341879.0,normal,106000
29487.1945,synthetic,2024-07-03T17:00:00+07:00,HNX,29487.1945,29782.066445,29192.322555000002,29487.1945,SYNTHETIC-06,SYN06,2024-07-03,3125642617.0,normal,106000
29531.4864,synthetic,2024-07-04T17:00:00+07:00,HNX,29531.4864,29826.801264,29236.171536,29531.4864,SYNTHETIC-06,SYN06,2024-07-04,3130337558.4,normal,106000
29579.2058,synthetic,2024-07-05T17:00:00+07:00,HNX,29579.2058,29874.997858,29283.413742,29579.2058,SYNTHETIC-06,SYN06,2024-07-05,3135395814.8,normal,106000
29630.0326,synthetic,2024-07-08T17:00:00+07:00,HNX,29630.0326,29926.332926,29333.732273999998,29630.0326,SYNTHETIC-06,SYN06,2024-07-08,3140783455.6,normal,106000
29683.6205,synthetic,2024-07-09T17:00:00+07:00,HNX,29683.6205,29980.456705,29386.784295,29683.6205,SYNTHETIC-06,SYN06,2024-07-09,3146463773.0,normal,106000
29739.5995,synthetic,2024-07-10T17:00:00+07:00,HNX,29739.5995,30036.995495,29442.203505,29739.5995,SYNTHETIC-06,SYN06,2024-07-10,3152397547.0,normal,106000
29797.5779,synthetic,2024-07-11T17:00:00+07:00,HNX,29797.5779,30095.553679,29499.602121,29797.5779,SYNTHETIC-06,SYN06,2024-07-11,3158543257.4,normal,106000
29857.1461,synthetic,2024-07-12T17:00:00+07:00,HNX,29857.1461,30155.717561,29558.574639000002,29857.1461,SYNTHETIC-06,SYN06,2024-07-12,3164857486.6000004,normal,106000
29917.8789,synthetic,2024-07-15T17:00:00+07:00,HNX,29917.8789,30217.057689,29618.700111,29917.8789,SYNTHETIC-06,SYN06,2024-07-15,3171295163.4,normal,106000
29979.3392,synthetic,2024-07-16T17:00:00+07:00,HNX,29979.3392,30279.132591999998,29679.545808,29979.3392,SYNTHETIC-06,SYN06,2024-07-16,3177809955.2,normal,106000
30041.0814,synthetic,2024-07-17T17:00:00+07:00,HNX,30041.0814,30341.492213999998,29740.670586,30041.0814,SYNTHETIC-06,SYN06,2024-07-17,3184354628.4,normal,106000
30102.655,synthetic,2024-07-18T17:00:00+07:00,HNX,30102.655,30403.681549999998,29801.62845,30102.655,SYNTHETIC-06,SYN06,2024-07-18,3190881430.0,normal,106000
30163.608,synthetic,2024-07-19T17:00:00+07:00,HNX,30163.608,30465.24408,29861.97192,30163.608,SYNTHETIC-06,SYN06,2024-07-19,3197342448.0,normal,106000
30223.4912,synthetic,2024-07-22T17:00:00+07:00,HNX,30223.4912,30525.726112,29921.256288,30223.4912,SYNTHETIC-06,SYN06,2024-07-22,3203690067.2,normal,106000
30281.8618,synthetic,2024-07-23T17:00:00+07:00,HNX,30281.8618,30584.680418,29979.043181999998,30281.8618,SYNTHETIC-06,SYN06,2024-07-23,3209877350.7999997,normal,106000
30338.2871,synthetic,2024-07-24T17:00:00+07:00,HNX,30338.2871,30641.669971000003,30034.904229,30338.2871,SYNTHETIC-06,SYN06,2024-07-24,3215858432.6000004,normal,106000
30392.349,synthetic,2024-07-25T17:00:00+07:00,HNX,30392.349,30696.27249,30088.425509999997,30392.349,SYNTHETIC-06,SYN06,2024-07-25,3221588994.0,normal,106000
30443.6471,synthetic,2024-07-26T17:00:00+07:00,HNX,30443.6471,30748.083571,30139.210628999997,30443.6471,SYNTHETIC-06,SYN06,2024-07-26,3227026592.6,normal,106000
30491.8028,synthetic,2024-07-29T17:00:00+07:00,HNX,30491.8028,30796.720828,30186.884772,30491.8028,SYNTHETIC-06,SYN06,2024-07-29,3232131096.8,normal,106000
30536.4628,synthetic,2024-07-30T17:00:00+07:00,HNX,30536.4628,30841.827428,30231.098172,30536.4628,SYNTHETIC-06,SYN06,2024-07-30,3236865056.8,normal,106000
30577.3027,synthetic,2024-07-31T17:00:00+07:00,HNX,30577.3027,30883.075727,30271.529673,30577.3027,SYNTHETIC-06,SYN06,2024-07-31,3241194086.2,normal,106000
30614.0297,synthetic,2024-08-01T17:00:00+07:00,HNX,30614.0297,30920.169997,30307.889402999997,30614.0297,SYNTHETIC-06,SYN06,2024-08-01,3245087148.2,normal,106000
30646.3857,synthetic,2024-08-02T17:00:00+07:00,HNX,30646.3857,30952.849556999998,30339.921843,30646.3857,SYNTHETIC-06,SYN06,2024-08-02,3248516884.2,normal,106000
30674.1501,synthetic,2024-08-05T17:00:00+07:00,HNX,30674.1501,30980.891601,30367.408599,30674.1501,SYNTHETIC-06,SYN06,2024-08-05,3251459910.6,normal,106000
30697.1414,synthetic,2024-08-06T17:00:00+07:00,HNX,30697.1414,31004.112814,30390.169986,30697.1414,SYNTHETIC-06,SYN06,2024-08-06,3253896988.4,normal,106000
30715.2199,synthetic,2024-08-07T17:00:00+07:00,HNX,30715.2199,31022.372099,30408.067701,30715.2199,SYNTHETIC-06,SYN06,2024-08-07,3255813309.4,normal,106000
30728.2882,synthetic,2024-08-08T17:00:00+07:00,HNX,30728.2882,31035.571082,30421.005318,30728.2882,SYNTHETIC-06,SYN06,2024-08-08,3257198549.2,normal,106000
30736.293,synthetic,2024-08-09T17:00:00+07:00,HNX,30736.293,31043.65593,30428.930070000002,30736.293,SYNTHETIC-06,SYN06,2024-08-09,3258047058.0,normal,106000
30739.2251,synthetic,2024-08-12T17:00:00+07:00,HNX,30739.2251,31046.617351,30431.832849,30739.2251,SYNTHETIC-06,SYN06,2024-08-12,3258357860.6,normal,106000
30737.1196,synthetic,2024-08-13T17:00:00+07:00,HNX,30737.1196,31044.490796000002,30429.748404,30737.1196,SYNTHETIC-06,SYN06,2024-08-13,3258134677.6000004,normal,106000
30730.056,synthetic,2024-08-14T17:00:00+07:00,HNX,30730.056,31037.35656,30422.75544,30730.056,SYNTHETIC-06,SYN06,2024-08-14,3257385936.0,normal,106000
30718.1569,synthetic,2024-08-15T17:00:00+07:00,HNX,30718.1569,31025.338469000002,30410.975331,30718.1569,SYNTHETIC-06,SYN06,2024-08-15,3256124631.4,normal,106000
30701.587,synthetic,2024-08-16T17:00:00+07:00,HNX,30701.587,31008.60287,30394.57113,30701.587,SYNTHETIC-06,SYN06,2024-08-16,3254368222.0,normal,106000
30680.5512,synthetic,2024-08-19T17:00:00+07:00,HNX,30680.5512,30987.356712,30373.745688000003,30680.5512,SYNTHETIC-06,SYN06,2024-08-19,3252138427.2000003,normal,106000
30655.2932,synthetic,2024-08-20T17:00:00+07:00,HNX,30655.2932,30961.846132,30348.740268,30655.2932,SYNTHETIC-06,SYN06,2024-08-20,3249461079.2,normal,106000
30626.0923,synthetic,2024-08-21T17:00:00+07:00,HNX,30626.0923,30932.353223000002,30319.831377,30626.0923,SYNTHETIC-06,SYN06,2024-08-21,3246365783.8,normal,106000
30593.2614,synthetic,2024-08-22T17:00:00+07:00,HNX,30593.2614,30899.194014,30287.328786,30593.2614,SYNTHETIC-06,SYN06,2024-08-22,3242885708.4,normal,106000
30557.1434,synthetic,2024-08-23T17:00:00+07:00,HNX,30557.1434,30862.714834000002,30251.571966,30557.1434,SYNTHETIC-06,SYN06,2024-08-23,3239057200.4,normal,106000
30518.1082,synthetic,2024-08-26T17:00:00+07:00,HNX,30518.1082,30823.289281999998,30212.927118,30518.1082,SYNTHETIC-06,SYN06,2024-08-26,3234919469.2,normal,106000
30476.5494,synthetic,2024-08-27T17:00:00+07:00,HNX,30476.5494,30781.314894,30171.783906,30476.5494,SYNTHETIC-06,SYN06,2024-08-27,3230514236.4,normal,106000
30432.88,synthetic,2024-08-28T17:00:00+07:00,HNX,30432.88,30737.2088,30128.5512,30432.88,SYNTHETIC-06,SYN06,2024-08-28,3225885280.0,normal,106000
30387.5296,synthetic,2024-08-29T17:00:00+07:00,HNX,30387.5296,30691.404896000004,30083.654304,30387.5296,SYNTHETIC-06,SYN06,2024-08-29,3221078137.6000004,normal,106000
30340.9396,synthetic,2024-08-30T17:00:00+07:00,HNX,30340.9396,30644.348996,30037.530204000002,30340.9396,SYNTHETIC-06,SYN06,2024-08-30,3216139597.6000004,normal,106000
30293.5598,synthetic,2024-09-02T17:00:00+07:00,HNX,30293.5598,30596.495398,29990.624202,30293.5598,SYNTHETIC-06,SYN06,2024-09-02,3211117338.7999997,normal,106000
30245.8445,synthetic,2024-09-03T17:00:00+07:00,HNX,30245.8445,30548.302945,29943.386055,30245.8445,SYNTHETIC-06,SYN06,2024-09-03,3206059517.0,normal,106000
30198.2485,synthetic,2024-09-04T17:00:00+07:00,HNX,30198.2485,30500.230985000002,29896.266015,30198.2485,SYNTHETIC-06,SYN06,2024-09-04,3201014341.0,normal,106000
30151.2235,synthetic,2024-09-05T17:00:00+07:00,HNX,30151.2235,30452.735735000002,29849.711264999998,30151.2235,SYNTHETIC-06,SYN06,2024-09-05,3196029691.0,normal,106000
30105.214,synthetic,2024-09-06T17:00:00+07:00,HNX,30105.214,30406.26614,29804.16186,30105.214,SYNTHETIC-06,SYN06,2024-09-06,3191152684.0,normal,106000
30060.6544,synthetic,2024-09-09T17:00:00+07:00,HNX,30060.6544,30361.260944,29760.047855999997,30060.6544,SYNTHETIC-06,SYN06,2024-09-09,3186429366.4,normal,106000
30017.9652,synthetic,2024-09-10T17:00:00+07:00,HNX,30017.9652,30318.144851999998,29717.785548,30017.9652,SYNTHETIC-06,SYN06,2024-09-10,3181904311.2,normal,106000
29977.5499,synthetic,2024-09-11T17:00:00+07:00,HNX,29977.5499,30277.325399,29677.774401000002,29977.5499,SYNTHETIC-06,SYN06,2024-09-11,3177620289.4,normal,106000
29939.7918,synthetic,2024-09-12T17:00:00+07:00,HNX,29939.7918,30239.189717999998,29640.393882,29939.7918,SYNTHETIC-06,SYN06,2024-09-12,3173617930.7999997,normal,106000
29905.0516,synthetic,2024-09-13T17:00:00+07:00,HNX,29905.0516,30204.102116,29606.001084,29905.0516,SYNTHETIC-06,SYN06,2024-09-13,3169935469.6,normal,106000
29873.6646,synthetic,2024-09-16T17:00:00+07:00,HNX,29873.6646,30172.401246,29574.927954,29873.6646,SYNTHETIC-06,SYN06,2024-09-16,3166608447.6,normal,106000
29845.9384,synthetic,2024-09-17T17:00:00+07:00,HNX,29845.9384,30144.397784,29547.479015999998,29845.9384,SYNTHETIC-06,SYN06,2024-09-17,3163669470.4,normal,106000
29822.1505,synthetic,2024-09-18T17:00:00+07:00,HNX,29822.1505,30120.372005,29523.928995,29822.1505,SYNTHETIC-06,SYN06,2024-09-18,3161147953.0,normal,106000
29802.5469,synthetic,2024-09-19T17:00:00+07:00,HNX,29802.5469,30100.572369,29504.521431,29802.5469,SYNTHETIC-06,SYN06,2024-09-19,3159069971.4,normal,106000
29787.3402,synthetic,2024-09-20T17:00:00+07:00,HNX,29787.3402,30085.213602,29489.466797999998,29787.3402,SYNTHETIC-06,SYN06,2024-09-20,3157458061.2,normal,106000
29776.7082,synthetic,2024-09-23T17:00:00+07:00,HNX,29776.7082,30074.475282,29478.941118000002,29776.7082,SYNTHETIC-06,SYN06,2024-09-23,3156331069.2000003,normal,106000
29770.7928,synthetic,2024-09-24T17:00:00+07:00,HNX,29770.7928,30068.500728,29473.084872,29770.7928,SYNTHETIC-06,SYN06,2024-09-24,3155704036.7999997,normal,106000
29769.699,synthetic,2024-09-25T17:00:00+07:00,HNX,29769.699,30067.39599,29472.00201,29769.699,SYNTHETIC-06,SYN06,2024-09-25,3155588094.0,normal,106000
29773.4944,synthetic,2024-09-26T17:00:00+07:00,HNX,29773.4944,30071.229344,29475.759456,29773.4944,SYNTHETIC-06,SYN06,2024-09-26,3155990406.4,normal,106000
29782.2085,synthetic,2024-09-27T17:00:00+07:00,HNX,29782.2085,30080.030585,29484.386415,29782.2085,SYNTHETIC-06,SYN06,2024-09-27,3156914101.0,normal,106000
29795.8327,synthetic,2024-09-30T17:00:00+07:00,HNX,29795.8327,30093.791027,29497.874373,29795.8327,SYNTHETIC-06,SYN06,2024-09-30,3158358266.2,normal,106000
29814.3201,synthetic,2024-10-01T17:00:00+07:00,HNX,29814.3201,30112.463301,29516.176899000002,29814.3201,SYNTHETIC-06,SYN06,2024-10-01,3160317930.6,normal,106000
29837.5862,synthetic,2024-10-02T17:00:00+07:00,HNX,29837.5862,30135.962062000002,29539.210338,29837.5862,SYNTHETIC-06,SYN06,2024-10-02,3162784137.2000003,normal,106000
29865.5088,synthetic,2024-10-03T17:00:00+07:00,HNX,29865.5088,30164.163888,29566.853712,29865.5088,SYNTHETIC-06,SYN06,2024-10-03,3165743932.8,normal,106000
29897.9293,synthetic,2024-10-04T17:00:00+07:00,HNX,29897.9293,30196.908593,29598.950007,29897.9293,SYNTHETIC-06,SYN06,2024-10-04,3169180505.8,normal,106000
29934.6535,synthetic,2024-10-07T17:00:00+07:00,HNX,29934.6535,30234.000035,29635.306965,29934.6535,SYNTHETIC-06,SYN06,2024-10-07,3173073271.0,normal,106000
29975.4525,synthetic,2024-10-08T17:00:00+07:00,HNX,29975.4525,30275.207025,29675.697975,29975.4525,SYNTHETIC-06,SYN06,2024-10-08,3177397965.0,normal,106000
30020.0648,synthetic,2024-10-09T17:00:00+07:00,HNX,30020.0648,30320.265448000002,29719.864152,30020.0648,SYNTHETIC-06,SYN06,2024-10-09,3182126868.8,normal,106000
30068.1974,synthetic,2024-10-10T17:00:00+07:00,HNX,30068.1974,30368.879374,29767.515426,30068.1974,SYNTHETIC-06,SYN06,2024-10-10,3187228924.4,normal,106000
30119.5283,synthetic,2024-10-11T17:00:00+07:00,HNX,30119.5283,30420.723583000003,29818.333017,30119.5283,SYNTHETIC-06,SYN06,2024-10-11,3192669999.8,normal,106000
30173.7084,synthetic,2024-10-14T17:00:00+07:00,HNX,30173.7084,30475.445484,29871.971316,30173.7084,SYNTHETIC-06,SYN06,2024-10-14,3198413090.4,normal,106000
30230.3638,synthetic,2024-10-15T17:00:00+07:00,HNX,30230.3638,30532.667438,29928.060161999998,30230.3638,SYNTHETIC-06,SYN06,2024-10-15,3204418562.7999997,normal,106000
30289.099,synthetic,2024-10-16T17:00:00+07:00,HNX,30289.099,30591.98999,29986.20801,30289.099,SYNTHETIC-06,SYN06,2024-10-16,3210644494.0,normal,106000
30349.4993,synthetic,2024-10-17T17:00:00+07:00,HNX,30349.4993,30652.994293,30046.004307,30349.4993,SYNTHETIC-06,SYN06,2024-10-17,3217046925.7999997,normal,106000
30411.1341,synthetic,2024-10-18T17:00:00+07:00,HNX,30411.1341,30715.245441,30107.022759,30411.1341,SYNTHETIC-06,SYN06,2024-10-18,3223580214.6,normal,106000
30473.5603,synthetic,2024-10-21T17:00:00+07:00,HNX,30473.5603,30778.295903000002,30168.824697,30473.5603,SYNTHETIC-06,SYN06,2024-10-21,3230197391.8,normal,106000
30536.3255,synthetic,2024-10-22T17:00:00+07:00,HNX,30536.3255,30841.688755,30230.962245,30536.3255,SYNTHETIC-06,SYN06,2024-10-22,3236850503.0,normal,106000
30598.9721,synthetic,2024-10-23T17:00:00+07:00,HNX,30598.9721,30904.961821,30292.982378999997,30598.9721,SYNTHETIC-06,SYN06,2024-10-23,3243491042.6,normal,106000
30661.0405,synthetic,2024-10-24T17:00:00+07:00,HNX,30661.0405,30967.650905,30354.430095,30661.0405,SYNTHETIC-06,SYN06,2024-10-24,3250070293.0,normal,106000
30722.0735,synthetic,2024-10-25T17:00:00+07:00,HNX,30722.0735,31029.294234999998,30414.852765,30722.0735,SYNTHETIC-06,SYN06,2024-10-25,3256539791.0,normal,106000
30781.6199,synthetic,2024-10-28T17:00:00+07:00,HNX,30781.6199,31089.436099000002,30473.803701,30781.6199,SYNTHETIC-06,SYN06,2024-10-28,3262851709.4,normal,106000
30839.2385,synthetic,2024-10-29T17:00:00+07:00,HNX,30839.2385,31147.630885,30530.846115,30839.2385,SYNTHETIC-06,SYN06,2024-10-29,3268959281.0,normal,106000
30894.5021,synthetic,2024-10-30T17:00:00+07:00,HNX,30894.5021,31203.447121,30585.557079000002,30894.5021,SYNTHETIC-06,SYN06,2024-10-30,3274817222.6000004,normal,106000
30947.0015,synthetic,2024-10-31T17:00:00+07:00,HNX,30947.0015,31256.471514999997,30637.531485,30947.0015,SYNTHETIC-06,SYN06,2024-10-31,3280382159.0,normal,106000
30996.349,synthetic,2024-11-01T17:00:00+07:00,HNX,30996.349,31306.31249,30686.385509999996,30996.349,SYNTHETIC-06,SYN06,2024-11-01,3285612994.0,normal,106000
31042.1823,synthetic,2024-11-04T17:00:00+07:00,HNX,31042.1823,31352.604123,30731.760477,31042.1823,SYNTHETIC-06,SYN06,2024-11-04,3290471323.8,normal,106000
31084.1679,synthetic,2024-11-05T17:00:00+07:00,HNX,31084.1679,31395.009579,30773.326221,31084.1679,SYNTHETIC-06,SYN06,2024-11-05,3294921797.4,normal,106000
31122.0043,synthetic,2024-11-06T17:00:00+07:00,HNX,31122.0043,31433.224343,30810.784257,31122.0043,SYNTHETIC-06,SYN06,2024-11-06,3298932455.8,normal,106000
31155.4249,synthetic,2024-11-07T17:00:00+07:00,HNX,31155.4249,31466.979149000003,30843.870651,31155.4249,SYNTHETIC-06,SYN06,2024-11-07,3302475039.4,normal,106000
31184.2008,synthetic,2024-11-08T17:00:00+07:00,HNX,31184.2008,31496.042808,30872.358792,31184.2008,SYNTHETIC-06,SYN06,2024-11-08,3305525284.7999997,normal,106000
31208.143,synthetic,2024-11-11T17:00:00+07:00,HNX,31208.143,31520.224430000002,30896.061569999998,31208.143,SYNTHETIC-06,SYN06,2024-11-11,3308063158.0,normal,106000
31227.1044,synthetic,2024-11-12T17:00:00+07:00,HNX,31227.1044,31539.375444,30914.833356,31227.1044,SYNTHETIC-06,SYN06,2024-11-12,3310073066.4,normal,106000
31240.9809,synthetic,2024-11-13T17:00:00+07:00,HNX,31240.9809,31553.390709,30928.571090999998,31240.9809,SYNTHETIC-06,SYN06,2024-11-13,3311543975.4,normal,106000
31249.7131,synthetic,2024-11-14T17:00:00+07:00,HNX,31249.7131,31562.210231,30937.215969,31249.7131,SYNTHETIC-06,SYN06,2024-11-14,3312469588.6,normal,106000
31253.2866,synthetic,2024-11-15T17:00:00+07:00,HNX,31253.2866,31565.819466,30940.753733999998,31253.2866,SYNTHETIC-06,SYN06,2024-11-15,3312848379.6,normal,106000
31251.7318,synthetic,2024-11-18T17:00:00+07:00,HNX,31251.7318,31564.249118000003,30939.214482,31251.7318,SYNTHETIC-06,SYN06,2024-11-18,3312683570.8,normal,106000
31245.1245,synthetic,2024-11-19T17:00:00+07:00,HNX,31245.1245,31557.575745000002,30932.673255,31245.1245,SYNTHETIC-06,SYN06,2024-11-19,3311983197.0,normal,106000
31233.5842,synthetic,2024-11-20T17:00:00+07:00,HNX,31233.5842,31545.920042,30921.248358,31233.5842,SYNTHETIC-06,SYN06,2024-11-20,3310759925.2000003,normal,106000
31217.2736,synthetic,2024-11-21T17:00:00+07:00,HNX,31217.2736,31529.446336,30905.100864,31217.2736,SYNTHETIC-06,SYN06,2024-11-21,3309031001.6,normal,106000
31196.3964,synthetic,2024-11-22T17:00:00+07:00,HNX,31196.3964,31508.360364,30884.432436000003,31196.3964,SYNTHETIC-06,SYN06,2024-11-22,3306818018.4,normal,106000
31171.196,synthetic,2024-11-25T17:00:00+07:00,HNX,31171.196,31482.90796,30859.48404,31171.196,SYNTHETIC-06,SYN06,2024-11-25,3304146776.0,normal,106000
31141.9523,synthetic,2024-11-26T17:00:00+07:00,HNX,31141.9523,31453.371823,30830.532777,31141.9523,SYNTHETIC-06,SYN06,2024-11-26,3301046943.8,normal,106000
31108.9797,synthetic,2024-11-27T17:00:00+07:00,HNX,31108.9797,31420.069497,30797.889903,31108.9797,SYNTHETIC-06,SYN06,2024-11-27,3297551848.2,normal,106000
31072.6233,synthetic,2024-11-28T17:00:00+07:00,HNX,31072.6233,31383.349533,30761.897066999998,31072.6233,SYNTHETIC-06,SYN06,2024-11-28,3293698069.7999997,normal,106000
31033.2565,synthetic,2024-11-29T17:00:00+07:00,HNX,31033.2565,31343.589065,30722.923935,31033.2565,SYNTHETIC-06,SYN06,2024-11-29,3289525189.0,normal,106000
30991.2767,synthetic,2024-12-02T17:00:00+07:00,HNX,30991.2767,31301.189467,30681.363932999997,30991.2767,SYNTHETIC-06,SYN06,2024-12-02,3285075330.2,normal,106000
30947.1019,synthetic,2024-12-03T17:00:00+07:00,HNX,30947.1019,31256.572919000002,30637.630881,30947.1019,SYNTHETIC-06,SYN06,2024-12-03,3280392801.4,normal,106000
30901.1669,synthetic,2024-12-04T17:00:00+07:00,HNX,30901.1669,31210.178569,30592.155231,30901.1669,SYNTHETIC-06,SYN06,2024-12-04,3275523691.4,normal,106000
30853.9194,synthetic,2024-12-05T17:00:00+07:00,HNX,30853.9194,31162.458594,30545.380205999998,30853.9194,SYNTHETIC-06,SYN06,2024-12-05,3270515456.4,normal,106000
30805.8161,synthetic,2024-12-06T17:00:00+07:00,HNX,30805.8161,31113.874261,30497.757939,30805.8161,SYNTHETIC-06,SYN06,2024-12-06,3265416506.6,normal,106000
30757.3184,synthetic,2024-12-09T17:00:00+07:00,HNX,30757.3184,31064.891584,30449.745216,30757.3184,SYNTHETIC-06,SYN06,2024-12-09,3260275750.4,normal,106000
30708.8889,synthetic,2024-12-10T17:00:00+07:00,HNX,30708.8889,31015.977789,30401.800011000003,30708.8889,SYNTHETIC-06,SYN06,2024-12-10,3255142223.4,normal,106000
30660.9873,synthetic,2024-12-11T17:00:00+07:00,HNX,30660.9873,30967.597173000002,30354.377427,30660.9873,SYNTHETIC-06,SYN06,2024-12-11,3250064653.8,normal,106000
30614.0668,synthetic,2024-12-12T17:00:00+07:00,HNX,30614.0668,30920.207468,30307.926132,30614.0668,SYNTHETIC-06,SYN06,2024-12-12,3245091080.8,normal,106000
30568.5703,synthetic,2024-12-13T17:00:00+07:00,HNX,30568.5703,30874.256003,30262.884597,30568.5703,SYNTHETIC-06,SYN06,2024-12-13,3240268451.7999997,normal,106000
30524.9271,synthetic,2024-12-16T17:00:00+07:00,HNX,30524.9271,30830.176371,30219.677829,30524.9271,SYNTHETIC-06,SYN06,2024-12-16,3235642272.6,normal,106000
30483.5495,synthetic,2024-12-17T17:00:00+07:00,HNX,30483.5495,30788.384995,30178.714005,30483.5495,SYNTHETIC-06,SYN06,2024-12-17,3231256247.0,normal,106000
30444.83,synthetic,2024-12-18T17:00:00+07:00,HNX,30444.83,30749.2783,30140.3817,30444.83,SYNTHETIC-06,SYN06,2024-12-18,3227151980.0,normal,106000
30409.1379,synthetic,2024-12-19T17:00:00+07:00,HNX,30409.1379,30713.229279000003,30105.046521,30409.1379,SYNTHETIC-06,SYN06,2024-12-19,3223368617.4,normal,106000
30376.8173,synthetic,2024-12-20T17:00:00+07:00,HNX,30376.8173,30680.585473,30073.049127,30376.8173,SYNTHETIC-06,SYN06,2024-12-20,3219942633.7999997,normal,106000
30348.1841,synthetic,2024-12-23T17:00:00+07:00,HNX,30348.1841,30651.665941,30044.702258999998,30348.1841,SYNTHETIC-06,SYN06,2024-12-23,3216907514.6,normal,106000
30323.5244,synthetic,2024-12-24T17:00:00+07:00,HNX,30323.5244,30626.759643999998,30020.289156,30323.5244,SYNTHETIC-06,SYN06,2024-12-24,3214293586.3999996,normal,106000
30303.0918,synthetic,2024-12-25T17:00:00+07:00,HNX,30303.0918,30606.122718,30000.060881999998,30303.0918,SYNTHETIC-06,SYN06,2024-12-25,3212127730.7999997,normal,106000
30287.1066,synthetic,2024-12-26T17:00:00+07:00,HNX,30287.1066,30589.977666,29984.235534,30287.1066,SYNTHETIC-06,SYN06,2024-12-26,3210433299.6,normal,106000
30275.7537,synthetic,2024-12-27T17:00:00+07:00,HNX,30275.7537,30578.511237000002,29972.996163,30275.7537,SYNTHETIC-06,SYN06,2024-12-27,3209229892.2000003,normal,106000
30269.1815,synthetic,2024-12-30T17:00:00+07:00,HNX,30269.1815,30571.873315,29966.489684999997,30269.1815,SYNTHETIC-06,SYN06,2024-12-30,3208533239.0,normal,106000
30267.5013,synthetic,2024-12-31T17:00:00+07:00,HNX,30267.5013,30570.176313,29964.826287,30267.5013,SYNTHETIC-06,SYN06,2024-12-31,3208355137.8,normal,106000
30270.7861,synthetic,2025-01-01T17:00:00+07:00,HNX,30270.7861,30573.493961,29968.078239000002,30270.7861,SYNTHETIC-06,SYN06,2025-01-01,3208703326.6,normal,106000
30279.0703,synthetic,2025-01-02T17:00:00+07:00,HNX,30279.0703,30581.861002999998,29976.279597,30279.0703,SYNTHETIC-06,SYN06,2025-01-02,3209581451.7999997,normal,106000
30292.3498,synthetic,2025-01-03T17:00:00+07:00,HNX,30292.3498,30595.273298,29989.426302,30292.3498,SYNTHETIC-06,SYN06,2025-01-03,3210989078.8,normal,106000
30310.5813,synthetic,2025-01-06T17:00:00+07:00,HNX,30310.5813,30613.687113000004,30007.475487,30310.5813,SYNTHETIC-06,SYN06,2025-01-06,3212921617.8,normal,106000
30333.6831,synthetic,2025-01-07T17:00:00+07:00,HNX,30333.6831,30637.019931,30030.346268999998,30333.6831,SYNTHETIC-06,SYN06,2025-01-07,3215370408.6,normal,106000
30361.5357,synthetic,2025-01-08T17:00:00+07:00,HNX,30361.5357,30665.151057,30057.920343,30361.5357,SYNTHETIC-06,SYN06,2025-01-08,3218322784.2,normal,106000
30393.9818,synthetic,2025-01-09T17:00:00+07:00,HNX,30393.9818,30697.921618,30090.041982000002,30393.9818,SYNTHETIC-06,SYN06,2025-01-09,3221762070.8,normal,106000
30430.828,synthetic,2025-01-10T17:00:00+07:00,HNX,30430.828,30735.136280000002,30126.51972,30430.828,SYNTHETIC-06,SYN06,2025-01-10,3225667768.0,normal,106000
30471.8457,synthetic,2025-01-13T17:00:00+07:00,HNX,30471.8457,30776.564157,30167.127243000003,30471.8457,SYNTHETIC-06,SYN06,2025-01-13,3230015644.2000003,normal,106000
30516.7727,synthetic,2025-01-14T17:00:00+07:00,HNX,30516.7727,30821.940427,30211.604973,30516.7727,SYNTHETIC-06,SYN06,2025-01-14,3234777906.2000003,normal,106000
30565.3148,synthetic,2025-01-15T17:00:00+07:00,HNX,30565.3148,30870.967948,30259.661652,30565.3148,SYNTHETIC-06,SYN06,2025-01-15,3239923368.8,normal,106000
30617.1478,synthetic,2025-01-16T17:00:00+07:00,HNX,30617.1478,30923.319278,30310.976322,30617.1478,SYNTHETIC-06,SYN06,2025-01-16,3245417666.7999997,normal,106000
30671.9197,synthetic,2025-01-17T17:00:00+07:00,HNX,30671.9197,30978.638896999997,30365.200503,30671.9197,SYNTHETIC-06,SYN06,2025-01-17,3251223488.2,normal,106000
30729.2533,synthetic,2025-01-20T17:00:00+07:00,HNX,30729.2533,31036.545833,30421.960767,30729.2533,SYNTHETIC-06,SYN06,2025-01-20,3257300849.8,normal,106000
30788.7488,synthetic,2025-01-21T17:00:00+07:00,HNX,30788.7488,31096.636288,30480.861312,30788.7488,SYNTHETIC-06,SYN06,2025-01-21,3263607372.8,normal,106000
30849.9866,synthetic,2025-01-22T17:00:00+07:00,HNX,30849.9866,31158.486466000002,30541.486734,30849.9866,SYNTHETIC-06,SYN06,2025-01-22,3270098579.6,normal,106000
30912.5306,synthetic,2025-01-23T17:00:00+07:00,HNX,30912.5306,31221.655906,30603.405293999997,30912.5306,SYNTHETIC-06,SYN06,2025-01-23,3276728243.6,normal,106000
30975.9316,synthetic,2025-01-24T17:00:00+07:00,HNX,30975.9316,31285.690916,30666.172284,30975.9316,SYNTHETIC-06,SYN06,2025-01-24,3283448749.6,normal,106000
31039.7306,synthetic,2025-01-27T17:00:00+07:00,HNX,31039.7306,31350.127905999998,30729.333294,31039.7306,SYNTHETIC-06,SYN06,2025-01-27,3290211443.6,normal,106000
31103.4627,synthetic,2025-01-28T17:00:00+07:00,HNX,31103.4627,31414.497327,30792.428073,31103.4627,SYNTHETIC-06,SYN06,2025-01-28,3296967046.2,normal,106000
31166.6606,synthetic,2025-01-29T17:00:00+07:00,HNX,31166.6606,31478.327205999998,30854.993994,31166.6606,SYNTHETIC-06,SYN06,2025-01-29,3303666023.6,normal,106000
31228.8591,synthetic,2025-01-30T17:00:00+07:00,HNX,31228.8591,31541.147691000002,30916.570509,31228.8591,SYNTHETIC-06,SYN06,2025-01-30,3310259064.6000004,normal,106000
31289.5984,synthetic,2025-01-31T17:00:00+07:00,HNX,31289.5984,31602.494383999998,30976.702416,31289.5984,SYNTHETIC-06,SYN06,2025-01-31,3316697430.4,normal,106000
31348.4286,synthetic,2025-02-03T17:00:00+07:00,HNX,31348.4286,31661.912886,31034.944314,31348.4286,SYNTHETIC-06,SYN06,2025-02-03,3322933431.6,normal,106000
31404.9136,synthetic,2025-02-04T17:00:00+07:00,HNX,31404.9136,31718.962736,31090.864464,31404.9136,SYNTHETIC-06,SYN06,2025-02-04,3328920841.6,normal,106000
31458.6349,synthetic,2025-02-05T17:00:00+07:00,HNX,31458.6349,31773.221249000002,31144.048551,31458.6349,SYNTHETIC-06,SYN06,2025-02-05,3334615299.4,normal,106000
31509.1957,synthetic,2025-02-06T17:00:00+07:00,HNX,31509.1957,31824.287657,31194.103743,31509.1957,SYNTHETIC-06,SYN06,2025-02-06,3339974744.2,normal,106000
31556.2244,synthetic,2025-02-07T17:00:00+07:00,HNX,31556.2244,31871.786644,31240.662156,31556.2244,SYNTHETIC-06,SYN06,2025-02-07,3344959786.4,normal,106000
31599.3786,synthetic,2025-02-10T17:00:00+07:00,HNX,31599.3786,31915.372386,31283.384814,31599.3786,SYNTHETIC-06,SYN06,2025-02-10,3349534131.6,normal,106000
31638.3476,synthetic,2025-02-11T17:00:00+07:00,HNX,31638.3476,31954.731076,31321.964124000002,31638.3476,SYNTHETIC-06,SYN06,2025-02-11,3353664845.6,normal,106000
31672.8562,synthetic,2025-02-12T17:00:00+07:00,HNX,31672.8562,31989.584762,31356.127637999998,31672.8562,SYNTHETIC-06,SYN06,2025-02-12,3357322757.2,normal,106000
31702.6673,synthetic,2025-02-13T17:00:00+07:00,HNX,31702.6673,32019.693973,31385.640627,31702.6673,SYNTHETIC-06,SYN06,2025-02-13,3360482733.8,normal,106000
31727.5838,synthetic,2025-02-14T17:00:00+07:00,HNX,31727.5838,32044.859638,31410.307962,31727.5838,SYNTHETIC-06,SYN06,2025-02-14,3363123882.8,normal,106000
31747.4511,synthetic,2025-02-17T17:00:00+07:00,HNX,31747.4511,32064.925611,31429.976588999998,31747.4511,SYNTHETIC-06,SYN06,2025-02-17,3365229816.6,normal,106000
31762.1584,synthetic,2025-02-18T17:00:00+07:00,HNX,31762.1584,32079.779984,31444.536816,31762.1584,SYNTHETIC-06,SYN06,2025-02-18,3366788790.4,normal,106000
31771.64,synthetic,2025-02-19T17:00:00+07:00,HNX,31771.64,32089.3564,31453.9236,31771.64,SYNTHETIC-06,SYN06,2025-02-19,3367793840.0,normal,106000
31775.8758,synthetic,2025-02-20T17:00:00+07:00,HNX,31775.8758,32093.634558,31458.117042,31775.8758,SYNTHETIC-06,SYN06,2025-02-20,3368242834.8,normal,106000
31774.8919,synthetic,2025-02-21T17:00:00+07:00,HNX,31774.8919,32092.640819,31457.142980999997,31774.8919,SYNTHETIC-06,SYN06,2025-02-21,3368138541.4,normal,106000
31768.7596,synthetic,2025-02-24T17:00:00+07:00,HNX,31768.7596,32086.447196,31451.072004,31768.7596,SYNTHETIC-06,SYN06,2025-02-24,3367488517.6,normal,106000
31757.5957,synthetic,2025-02-25T17:00:00+07:00,HNX,31757.5957,32075.171657000003,31440.019743,31757.5957,SYNTHETIC-06,SYN06,2025-02-25,3366305144.2000003,normal,106000
31741.5604,synthetic,2025-02-26T17:00:00+07:00,HNX,31741.5604,32058.976004,31424.144795999997,31741.5604,SYNTHETIC-06,SYN06,2025-02-26,3364605402.3999996,normal,106000
31720.8563,synthetic,2025-02-27T17:00:00+07:00,HNX,31720.8563,32038.064863,31403.647737,31720.8563,SYNTHETIC-06,SYN06,2025-02-27,3362410767.7999997,normal,106000
31695.7262,synthetic,2025-02-28T17:00:00+07:00,HNX,31695.7262,32012.683462,31378.768938,31695.7262,SYNTHETIC-06,SYN06,2025-02-28,3359746977.2000003,normal,106000
31666.4507,synthetic,2025-03-03T17:00:00+07:00,HNX,31666.4507,31983.115207000003,31349.786193,31666.4507,SYNTHETIC-06,SYN06,2025-03-03,3356643774.2000003,normal,106000
31633.3454,synthetic,2025-03-04T17:00:00+07:00,HNX,31633.3454,31949.678853999998,31317.011946,31633.3454,SYNTHETIC-06,SYN06,2025-03-04,3353134612.3999996,normal,106000
31596.7579,synthetic,2025-03-05T17:00:00+07:00,HNX,31596.7579,31912.725479,31280.790321,31596.7579,SYNTHETIC-06,SYN06,2025-03-05,3349256337.4,normal,106000
31557.0647,synthetic,2025-03-06T17:00:00+07:00,HNX,31557.0647,31872.635347,31241.494053,31557.0647,SYNTHETIC-06,SYN06,2025-03-06,3345048858.2,normal,106000
31514.667,synthetic,2025-03-07T17:00:00+07:00,HNX,31514.667,31829.813670000003,31199.52033,31514.667,SYNTHETIC-06,SYN06,2025-03-07,3340554702.0,normal,106000
31469.9878,synthetic,2025-03-10T17:00:00+07:00,HNX,31469.9878,31784.687678,31155.287922,31469.9878,SYNTHETIC-06,SYN06,2025-03-10,3335818706.7999997,normal,106000
31423.4675,synthetic,2025-03-11T17:00:00+07:00,HNX,31423.4675,31737.702175,31109.232825,31423.4675,SYNTHETIC-06,SYN06,2025-03-11,3330887555.0,normal,106000
31375.5598,synthetic,2025-03-12T17:00:00+07:00,HNX,31375.5598,31689.315398,31061.804202,31375.5598,SYNTHETIC-06,SYN06,2025-03-12,3325809338.7999997,normal,106000
31326.7281,synthetic,2025-03-13T17:00:00+07:00,HNX,31326.7281,31639.995381,31013.460819,31326.7281,SYNTHETIC-06,SYN06,2025-03-13,3320633178.6,normal,106000
31277.4414,synthetic,2025-03-14T17:00:00+07:00,HNX,31277.4414,31590.215814,30964.666986,31277.4414,SYNTHETIC-06,SYN06,2025-03-14,3315408788.4,normal,106000
31228.1701,synthetic,2025-03-17T17:00:00+07:00,HNX,31228.1701,31540.451801,30915.888399,31228.1701,SYNTHETIC-06,SYN06,2025-03-17,3310186030.6,normal,106000
31179.3819,synthetic,2025-03-18T17:00:00+07:00,HNX,31179.3819,31491.175719,30867.588081,31179.3819,SYNTHETIC-06,SYN06,2025-03-18,3305014481.4,normal,106000
31131.5387,synthetic,2025-03-19T17:00:00+07:00,HNX,31131.5387,31442.854087,30820.223313000002,31131.5387,SYNTHETIC-06,SYN06,2025-03-19,3299943102.2000003,normal,106000
31085.0922,synthetic,2025-03-20T17:00:00+07:00,HNX,31085.0922,31395.943122,30774.241277999998,31085.0922,SYNTHETIC-06,SYN06,2025-03-20,3295019773.2,normal,106000
31040.4805,synthetic,2025-03-21T17:00:00+07:00,HNX,31040.4805,31350.885305000003,30730.075695,31040.4805,SYNTHETIC-06,SYN06,2025-03-21,3290290933.0,normal,106000
30998.1252,synthetic,2025-03-24T17:00:00+07:00,HNX,30998.1252,31308.106452,30688.143947999997,30998.1252,SYNTHETIC-06,SYN06,2025-03-24,3285801271.2,normal,106000
30958.4275,synthetic,2025-03-25T17:00:00+07:00,HNX,30958.4275,31268.011775000003,30648.843225,30958.4275,SYNTHETIC-06,SYN06,2025-03-25,3281593315.0,normal,106000
30921.7661,synthetic,2025-03-26T17:00:00+07:00,HNX,30921.7661,31230.983761,30612.548439000002,30921.7661,SYNTHETIC-06,SYN06,2025-03-26,3277707206.6,normal,106000
30888.4936,synthetic,2025-03-27T17:00:00+07:00,HNX,30888.4936,31197.378536,30579.608664000003,30888.4936,SYNTHETIC-06,SYN06,2025-03-27,3274180321.6000004,normal,106000
30858.9349,synthetic,2025-03-28T17:00:00+07:00,HNX,30858.9349,31167.524249000002,30550.345551,30858.9349,SYNTHETIC-06,SYN06,2025-03-28,3271047099.4,normal,106000
30833.3841,synthetic,2025-03-31T17:00:00+07:00,HNX,30833.3841,31141.717941,30525.050259,30833.3841,SYNTHETIC-06,SYN06,2025-03-31,3268338714.6,normal,106000
30812.1033,synthetic,2025-04-01T17:00:00+07:00,HNX,30812.1033,31120.224333,30503.982267,30812.1033,SYNTHETIC-06,SYN06,2025-04-01,3266082949.7999997,normal,106000
30795.3203,synthetic,2025-04-02T17:00:00+07:00,HNX,30795.3203,31103.273503,30487.367097,30795.3203,SYNTHETIC-06,SYN06,2025-04-02,3264303951.7999997,normal,106000
30783.2273,synthetic,2025-04-03T17:00:00+07:00,HNX,30783.2273,31091.059573,30475.395027,30783.2273,SYNTHETIC-06,SYN06,2025-04-03,3263022093.7999997,normal,106000
30775.9796,synthetic,2025-04-04T17:00:00+07:00,HNX,30775.9796,31083.739395999997,30468.219804,30775.9796,SYNTHETIC-06,SYN06,2025-04-04,3262253837.6,normal,106000
30773.6946,synthetic,2025-04-07T17:00:00+07:00,HNX,30773.6946,31081.431546,30465.957653999998,30773.6946,SYNTHETIC-06,SYN06,2025-04-07,3262011627.6,normal,106000
30776.451,synthetic,2025-04-08T17:00:00+07:00,HNX,30776.451,31084.21551,30468.68649,30776.451,SYNTHETIC-06,SYN06,2025-04-08,3262303806.0,normal,106000
30784.2886,synthetic,2025-04-09T17:00:00+07:00,HNX,30784.2886,31092.131486,30476.445714,30784.2886,SYNTHETIC-06,SYN06,2025-04-09,3263134591.6,normal,106000
30797.2073,synthetic,2025-04-10T17:00:00+07:00,HNX,30797.2073,31105.179373,30489.235226999997,30797.2073,SYNTHETIC-06,SYN06,2025-04-10,3264503973.7999997,normal,106000
30815.1681,synthetic,2025-04-11T17:00:00+07:00,HNX,30815.1681,31123.319781,30507.016419,30815.1681,SYNTHETIC-06,SYN06,2025-04-11,3266407818.6,normal,106000
30838.0922,synthetic,2025-04-14T17:00:00+07:00,HNX,30838.0922,31146.473122,30529.711278,30838.0922,SYNTHETIC-06,SYN06,2025-04-14,3268837773.2,normal,106000
30865.8623,synthetic,2025-04-15T17:00:00+07:00,HNX,30865.8623,31174.520923,30557.203677,30865.8623,SYNTHETIC-06,SYN06,2025-04-15,3271781403.8,normal,106000
30898.3232,synthetic,2025-04-16T17:00:00+07:00,HNX,30898.3232,31207.306431999998,30589.339968,30898.3232,SYNTHETIC-06,SYN06,2025-04-16,3275222259.2,normal,106000
30935.2822,synthetic,2025-04-17T17:00:00+07:00,HNX,30935.2822,31244.635022000002,30625.929378,30935.2822,SYNTHETIC-06,SYN06,2025-04-17,3279139913.2000003,normal,106000
30976.511,synthetic,2025-04-18T17:00:00+07:00,HNX,30976.511,31286.27611,30666.74589,30976.511,SYNTHETIC-06,SYN06,2025-04-18,3283510166.0,normal,106000
31021.7469,synthetic,2025-04-21T17:00:00+07:00,HNX,31021.7469,31331.964368999998,30711.529431,31021.7469,SYNTHETIC-06,SYN06,2025-04-21,3288305171.3999996,normal,106000
31070.6942,synthetic,2025-04-22T17:00:00+07:00,HNX,31070.6942,31381.401142000002,30759.987258,31070.6942,SYNTHETIC-06,SYN06,2025-04-22,3293493585.2000003,normal,106000
31123.0269,synthetic,2025-04-23T17:00:00+07:00,HNX,31123.0269,31434.257169,30811.796631,31123.0269,SYNTHETIC-06,SYN06,2025-04-23,3299040851.4,normal,106000
31178.3903,synthetic,2025-04-24T17:00:00+07:00,HNX,31178.3903,31490.174203,30866.606397,31178.3903,SYNTHETIC-06,SYN06,2025-04-24,3304909371.7999997,normal,106000
31236.4035,synthetic,2025-04-25T17:00:00+07:00,HNX,31236.4035,31548.767535,30924.039465,31236.4035,SYNTHETIC-06,SYN06,2025-04-25,3311058771.0,normal,106000
31296.6626,synthetic,2025-04-28T17:00:00+07:00,HNX,31296.6626,31609.629226,30983.695974,31296.6626,SYNTHETIC-06,SYN06,2025-04-28,3317446235.6,normal,106000
31358.7432,synthetic,2025-04-29T17:00:00+07:00,HNX,31358.7432,31672.330632,31045.155768,31358.7432,SYNTHETIC-06,SYN06,2025-04-29,3324026779.2000003,normal,106000
31422.2036,synthetic,2025-04-30T17:00:00+07:00,HNX,31422.2036,31736.425636,31107.981564,31422.2036,SYNTHETIC-06,SYN06,2025-04-30,3330753581.6,normal,106000
31486.5884,synthetic,2025-05-01T17:00:00+07:00,HNX,31486.5884,31801.454284,31171.722516,31486.5884,SYNTHETIC-06,SYN06,2025-05-01,3337578370.4,normal,106000
31551.4319,synthetic,2025-05-02T17:00:00+07:00,HNX,31551.4319,31866.946219,31235.917580999998,31551.4319,SYNTHETIC-06,SYN06,2025-05-02,3344451781.4,normal,106000
31616.2619,synthetic,2025-05-05T17:00:00+07:00,HNX,31616.2619,31932.424519,31300.099281000003,31616.2619,SYNTHETIC-06,SYN06,2025-05-05,3351323761.4,normal,106000
31680.6036,synthetic,2025-05-06T17:00:00+07:00,HNX,31680.6036,31997.409636,31363.797563999997,31680.6036,SYNTHETIC-06,SYN06,2025-05-06,3358143981.6,normal,106000
31743.9832,synthetic,2025-05-07T17:00:00+07:00,HNX,31743.9832,32061.423032,31426.543368,31743.9832,SYNTHETIC-06,SYN06,2025-05-07,3364862219.2,normal,106000
31805.9326,synthetic,2025-05-08T17:00:00+07:00,HNX,31805.9326,32123.991926,31487.873274,31805.9326,SYNTHETIC-06,SYN06,2025-05-08,3371428855.6,normal,106000
31865.993,synthetic,2025-05-09T17:00:00+07:00,HNX,31865.993,32184.65293,31547.333069999997,31865.993,SYNTHETIC-06,SYN06,2025-05-09,3377795258.0,normal,106000
31923.719,synthetic,2025-05-12T17:00:00+07:00,HNX,31923.719,32242.95619,31604.48181,31923.719,SYNTHETIC-06,SYN06,2025-05-12,3383914214.0,normal,106000
31978.6831,synthetic,2025-05-13T17:00:00+07:00,HNX,31978.6831,32298.469931,31658.896268999997,31978.6831,SYNTHETIC-06,SYN06,2025-05-13,3389740408.6,normal,106000
32030.479,synthetic,2025-05-14T17:00:00+07:00,HNX,32030.479,32350.78379,31710.174209999997,32030.479,SYNTHETIC-06,SYN06,2025-05-14,3395230774.0,normal,106000
32078.7258,synthetic,2025-05-15T17:00:00+07:00,HNX,32078.7258,32399.513058,31757.938542,32078.7258,SYNTHETIC-06,SYN06,2025-05-15,3400344934.8,normal,106000
32123.0716,synthetic,2025-05-16T17:00:00+07:00,HNX,32123.0716,32444.302316,31801.840883999997,32123.0716,SYNTHETIC-06,SYN06,2025-05-16,3405045589.6,normal,106000
32163.1969,synthetic,2025-05-19T17:00:00+07:00,HNX,32163.1969,32484.828869,31841.564930999997,32163.1969,SYNTHETIC-06,SYN06,2025-05-19,3409298871.4,normal,106000
32198.8175,synthetic,2025-05-20T17:00:00+07:00,HNX,32198.8175,32520.805675,31876.829325000002,32198.8175,SYNTHETIC-06,SYN06,2025-05-20,3413074655.0,normal,106000
32229.6876,synthetic,2025-05-21T17:00:00+07:00,HNX,32229.6876,32551.984476,31907.390724,32229.6876,SYNTHETIC-06,SYN06,2025-05-21,3416346885.6,normal,106000
32255.6021,synthetic,2025-05-22T17:00:00+07:00,HNX,32255.6021,32578.158121,31933.046079,32255.6021,SYNTHETIC-06,SYN06,2025-05-22,3419093822.6,normal,106000
32276.3989,synthetic,2025-05-23T17:00:00+07:00,HNX,32276.3989,32599.162889,31953.634911,32276.3989,SYNTHETIC-06,SYN06,2025-05-23,3421298283.4,normal,106000
32291.96,synthetic,2025-05-26T17:00:00+07:00,HNX,32291.96,32614.8796,31969.040399999998,32291.96,SYNTHETIC-06,SYN06,2025-05-26,3422947760.0,normal,106000
32302.2133,synthetic,2025-05-27T17:00:00+07:00,HNX,32302.2133,32625.235432999998,31979.191167,32302.2133,SYNTHETIC-06,SYN06,2025-05-27,3424034609.7999997,normal,106000
32307.1331,synthetic,2025-05-28T17:00:00+07:00,HNX,32307.1331,32630.204431,31984.061769,32307.1331,SYNTHETIC-06,SYN06,2025-05-28,3424556108.6,normal,106000
32306.7404,synthetic,2025-05-29T17:00:00+07:00,HNX,32306.7404,32629.807804,31983.672995999998,32306.7404,SYNTHETIC-06,SYN06,2025-05-29,3424514482.4,normal,106000
32301.1025,synthetic,2025-05-30T17:00:00+07:00,HNX,32301.1025,32624.113525,31978.091475,32301.1025,SYNTHETIC-06,SYN06,2025-05-30,3423916865.0,normal,106000
32290.3329,synthetic,2025-06-02T17:00:00+07:00,HNX,32290.3329,32613.236229000002,31967.429571,32290.3329,SYNTHETIC-06,SYN06,2025-06-02,3422775287.4,normal,106000
32274.5895,synthetic,2025-06-03T17:00:00+07:00,HNX,32274.5895,32597.335395,31951.843605,32274.5895,SYNTHETIC-06,SYN06,2025-06-03,3421106487.0,normal,106000
32254.0734,synthetic,2025-06-04T17:00:00+07:00,HNX,32254.0734,32576.614134000003,31931.532666,32254.0734,SYNTHETIC-06,SYN06,2025-06-04,3418931780.4,normal,106000
32229.0268,synthetic,2025-06-05T17:00:00+07:00,HNX,32229.0268,32551.317068,31906.736532,32229.0268,SYNTHETIC-06,SYN06,2025-06-05,3416276840.8,normal,106000
32199.7308,synthetic,2025-06-06T17:00:00+07:00,HNX,32199.7308,32521.728108000003,31877.733492,32199.7308,SYNTHETIC-06,SYN06,2025-06-06,3413171464.8,normal,106000
32166.5023,synthetic,2025-06-09T17:00:00+07:00,HNX,32166.5023,32488.167323,31844.837277,32166.5023,SYNTHETIC-06,SYN06,2025-06-09,3409649243.8,normal,106000
32129.6912,synthetic,2025-06-10T17:00:00+07:00,HNX,32129.6912,32450.988112000003,31808.394288,32129.6912,SYNTHETIC-06,SYN06,2025-06-10,3405747267.2000003,normal,106000
32089.677,synthetic,2025-06-11T17:00:00+07:00,HNX,32089.677,32410.57377,31768.78023,32089.677,SYNTHETIC-06,SYN06,2025-06-11,3401505762.0,normal,106000
32046.865,synthetic,2025-06-12T17:00:00+07:00,HNX,32046.865,32367.33365,31726.396350000003,32046.865,SYNTHETIC-06,SYN06,2025-06-12,3396967690.0,normal,106000
32001.6829,synthetic,2025-06-13T17:00:00+07:00,HNX,32001.6829,32321.699729,31681.666071,32001.6829,SYNTHETIC-06,SYN06,2025-06-13,3392178387.4,normal,106000
31954.5765,synthetic,2025-06-16T17:00:00+07:00,HNX,31954.5765,32274.122264999998,31635.030735,31954.5765,SYNTHETIC-06,SYN06,2025-06-16,3387185109.0,normal,106000
31906.0059,synthetic,2025-06-17T17:00:00+07:00,HNX,31906.0059,32225.065959,31586.945841,31906.0059,SYNTHETIC-06,SYN06,2025-06-17,3382036625.4,normal,106000
31856.4414,synthetic,2025-06-18T17:00:00+07:00,HNX,31856.4414,32175.005814,31537.876986,31856.4414,SYNTHETIC-06,SYN06,2025-06-18,3376782788.4,normal,106000
31806.3592,synthetic,2025-06-19T17:00:00+07:00,HNX,31806.3592,32124.422791999998,31488.295608,31806.3592,SYNTHETIC-06,SYN06,2025-06-19,3371474075.2,normal,106000
31756.2377,synthetic,2025-06-20T17:00:00+07:00,HNX,31756.2377,32073.800077000004,31438.675323,31756.2377,SYNTHETIC-06,SYN06,2025-06-20,3366161196.2000003,normal,106000
31706.5529,synthetic,2025-06-23T17:00:00+07:00,HNX,31706.5529,32023.618429,31389.487371,31706.5529,SYNTHETIC-06,SYN06,2025-06-23,3360894607.4,normal,106000
31657.7754,synthetic,2025-06-24T17:00:00+07:00,HNX,31657.7754,31974.353154,31341.197645999997,31657.7754,SYNTHETIC-06,SYN06,2025-06-24,3355724192.3999996,normal,106000
31610.3656,synthetic,2025-06-25T17:00:00+07:00,HNX,31610.3656,31926.469256,31294.261944,31610.3656,SYNTHETIC-06,SYN06,2025-06-25,3350698753.6,normal,106000
31564.771,synthetic,2025-06-26T17:00:00+07:00,HNX,31564.771,31880.41871,31249.12329,31564.771,SYNTHETIC-06,SYN06,2025-06-26,3345865726.0,normal,106000
31521.4222,synthetic,2025-06-27T17:00:00+07:00,HNX,31521.4222,31836.636422,31206.207978000002,31521.4222,SYNTHETIC-06,SYN06,2025-06-27,3341270753.2000003,normal,106000
31480.7296,synthetic,2025-06-30T17:00:00+07:00,HNX,31480.7296,31795.536895999998,31165.922304,31480.7296,SYNTHETIC-06,SYN06,2025-06-30,3336957337.6,normal,106000
30903.4063,synthetic,2024-01-01T17:00:00+07:00,HNX,30903.4063,31212.440362999998,30594.372237,30903.4063,SYNTHETIC-07,SYN07,2024-01-01,3306664474.1,normal,107000
30951.95,synthetic,2024-01-02T17:00:00+07:00,HNX,30951.95,31261.4695,30642.430500000002,30951.95,SYNTHETIC-07,SYN07,2024-01-02,3311858650.0,normal,107000
30996.8694,synthetic,2024-01-03T17:00:00+07:00,HNX,30996.8694,31306.838094,30686.900706,30996.8694,SYNTHETIC-07,SYN07,2024-01-03,3316665025.8,normal,107000
31037.8422,synthetic,2024-01-04T17:00:00+07:00,HNX,31037.8422,31348.220622,30727.463777999998,31037.8422,SYNTHETIC-07,SYN07,2024-01-04,3321049115.4,normal,107000
31074.579,synthetic,2024-01-05T17:00:00+07:00,HNX,31074.579,31385.324790000002,30763.83321,31074.579,SYNTHETIC-07,SYN07,2024-01-05,3324979953.0,normal,107000
31106.8263,synthetic,2024-01-08T17:00:00+07:00,HNX,31106.8263,31417.894563,30795.758037,31106.8263,SYNTHETIC-07,SYN07,2024-01-08,3328430414.1,normal,107000
31134.369,synthetic,2024-01-09T17:00:00+07:00,HNX,31134.369,31445.71269,30823.025309999997,31134.369,SYNTHETIC-07,SYN07,2024-01-09,3331377483.0,normal,107000
31157.0322,synthetic,2024-01-10T17:00:00+07:00,HNX,31157.0322,31468.602522,30845.461878000002,31157.0322,SYNTHETIC-07,SYN07,2024-01-10,3333802445.4,normal,107000
31174.6837,synthetic,2024-01-11T17:00:00+07:00,HNX,31174.6837,31486.430537,30862.936863000003,31174.6837,SYNTHETIC-07,SYN07,2024-01-11,3335691155.9,normal,107000
31187.2348,synthetic,2024-01-12T17:00:00+07:00,HNX,31187.2348,31499.107148,30875.362451999998,31187.2348,SYNTHETIC-07,SYN07,2024-01-12,3337034123.6,normal,107000
31194.6411,synthetic,2024-01-15T17:00:00+07:00,HNX,31194.6411,31506.587511,30882.694689,31194.6411,SYNTHETIC-07,SYN07,2024-01-15,3337826597.7000003,normal,107000
31196.9037,synthetic,2024-01-16T17:00:00+07:00,HNX,31196.9037,31508.872736999998,30884.934663,31196.9037,SYNTHETIC-07,SYN07,2024-01-16,3338068695.9,normal,107000
31194.0683,synthetic,2024-01-17T17:00:00+07:00,HNX,31194.0683,31506.008983,30882.127617,31194.0683,SYNTHETIC-07,SYN07,2024-01-17,3337765308.1,normal,107000
31186.2255,synthetic,2024-01-18T17:00:00+07:00,HNX,31186.2255,31498.087755,30874.363245,31186.2255,SYNTHETIC-07,SYN07,2024-01-18,3336926128.5,normal,107000
31173.5094,synthetic,2024-01-19T17:00:00+07:00,HNX,31173.5094,31485.244494,30861.774306,31173.5094,SYNTHETIC-07,SYN07,2024-01-19,3335565505.7999997,normal,107000
31156.0966,synthetic,2024-01-22T17:00:00+07:00,HNX,31156.0966,31467.657566,30844.535634,31156.0966,SYNTHETIC-07,SYN07,2024-01-22,3333702336.2000003,normal,107000
31134.2041,synthetic,2024-01-23T17:00:00+07:00,HNX,31134.2041,31445.546141,30822.862059,31134.2041,SYNTHETIC-07,SYN07,2024-01-23,3331359838.7,normal,107000
31108.0876,synthetic,2024-01-24T17:00:00+07:00,HNX,31108.0876,31419.168476,30797.006724,31108.0876,SYNTHETIC-07,SYN07,2024-01-24,3328565373.2,normal,107000
31078.0384,synthetic,2024-01-25T17:00:00+07:00,HNX,31078.0384,31388.818784000003,30767.258016,31078.0384,SYNTHETIC-07,SYN07,2024-01-25,3325350108.8,normal,107000
31044.3813,synthetic,2024-01-26T17:00:00+07:00,HNX,31044.3813,31354.825113000003,30733.937487,31044.3813,SYNTHETIC-07,SYN07,2024-01-26,3321748799.1,normal,107000
31007.4707,synthetic,2024-01-29T17:00:00+07:00,HNX,31007.4707,31317.545407,30697.395993000002,31007.4707,SYNTHETIC-07,SYN07,2024-01-29,3317799364.9,normal,107000
30967.688,synthetic,2024-01-30T17:00:00+07:00,HNX,30967.688,31277.364879999997,30658.01112,30967.688,SYNTHETIC-07,SYN07,2024-01-30,3313542616.0,normal,107000
30925.4371,synthetic,2024-01-31T17:00:00+07:00,HNX,30925.4371,31234.691471,30616.182729,30925.4371,SYNTHETIC-07,SYN07,2024-01-31,3309021769.7,normal,107000
30881.1417,synthetic,2024-02-01T17:00:00+07:00,HNX,30881.1417,31189.953117,30572.330283,30881.1417,SYNTHETIC-07,SYN07,2024-02-01,3304282161.9,normal,107000
30835.2407,synthetic,2024-02-02T17:00:00+07:00,HNX,30835.2407,31143.593106999997,30526.888293,30835.2407,SYNTHETIC-07,SYN07,2024-02-02,3299370754.8999996,normal,107000
30788.1844,synthetic,2024-02-05T17:00:00+07:00,HNX,30788.1844,31096.066243999998,30480.302556,30788.1844,SYNTHETIC-07,SYN07,2024-02-05,3294335730.7999997,normal,107000
30740.4308,synthetic,2024-02-06T17:00:00+07:00,HNX,30740.4308,31047.835108,30433.026491999997,30740.4308,SYNTHETIC-07,SYN07,2024-02-06,3289226095.6,normal,107000
30692.4416,synthetic,2024-02-07T17:00:00+07:00,HNX,30692.4416,30999.366016,30385.517183999997,30692.4416,SYNTHETIC-07,SYN07,2024-02-07,3284091251.2,normal,107000
30644.6779,synthetic,2024-02-08T17:00:00+07:00,HNX,30644.6779,30951.124679,30338.231120999997,30644.6779,SYNTHETIC-07,SYN07,2024-02-08,3278980535.2999997,normal,107000
30597.5969,synthetic,2024-02-09T17:00:00+07:00,HNX,30597.5969,30903.572869,30291.620931,30597.5969,SYNTHETIC-07,SYN07,2024-02-09,3273942868.3,normal,107000
30551.6481,synthetic,2024-02-12T17:00:00+07:00,HNX,30551.6481,30857.164580999997,30246.131619,30551.6481,SYNTHETIC-07,SYN07,2024-02-12,3269026346.7,normal,107000
30507.2693,synthetic,2024-02-13T17:00:00+07:00,HNX,30507.2693,30812.341993000002,30202.196606999998,30507.2693,SYNTHETIC-07,SYN07,2024-02-13,3264277815.1,normal,107000
30464.884,synthetic,2024-02-14T17:00:00+07:00,HNX,30464.884,30769.53284,30160.235159999997,30464.884,SYNTHETIC-07,SYN07,2024-02-14,3259742588.0,normal,107000
30424.8972,synthetic,2024-02-15T17:00:00+07:00,HNX,30424.8972,30729.146172,30120.648228,30424.8972,SYNTHETIC-07,SYN07,2024-02-15,3255464000.4,normal,107000
30387.6935,synthetic,2024-02-16T17:00:00+07:00,HNX,30387.6935,30691.570435,30083.816565,30387.6935,SYNTHETIC-07,SYN07,2024-02-16,3251483204.5,normal,107000
30353.6333,synthetic,2024-02-19T17:00:00+07:00,HNX,30353.6333,30657.169633,30050.096967,30353.6333,SYNTHETIC-07,SYN07,2024-02-19,3247838763.1,normal,107000
30323.0508,synthetic,2024-02-20T17:00:00+07:00,HNX,30323.0508,30626.281308,30019.820292,30323.0508,SYNTHETIC-07,SYN07,2024-02-20,3244566435.6,normal,107000
30296.2517,synthetic,2024-02-21T17:00:00+07:00,HNX,30296.2517,30599.214217,29993.289183,30296.2517,SYNTHETIC-07,SYN07,2024-02-21,3241698931.9,normal,107000
30273.5108,synthetic,2024-02-22T17:00:00+07:00,HNX,30273.5108,30576.245908,29970.775692,30273.5108,SYNTHETIC-07,SYN07,2024-02-22,3239265655.6,normal,107000
30255.0703,synthetic,2024-02-23T17:00:00+07:00,HNX,30255.0703,30557.621003,29952.519597,30255.0703,SYNTHETIC-07,SYN07,2024-02-23,3237292522.1,normal,107000
30241.1383,synthetic,2024-02-26T17:00:00+07:00,HNX,30241.1383,30543.549682999997,29938.726917,30241.1383,SYNTHETIC-07,SYN07,2024-02-26,3235801798.1,normal,107000
30231.8871,synthetic,2024-02-27T17:00:00+07:00,HNX,30231.8871,30534.205971,29929.568229,30231.8871,SYNTHETIC-07,SYN07,2024-02-27,3234811919.7,normal,107000
30227.4527,synthetic,2024-02-28T17:00:00+07:00,HNX,30227.4527,30529.727227000003,29925.178173,30227.4527,SYNTHETIC-07,SYN07,2024-02-28,3234337438.9,normal,107000
30227.933,synthetic,2024-02-29T17:00:00+07:00,HNX,30227.933,30530.212330000002,29925.65367,30227.933,SYNTHETIC-07,SYN07,2024-02-29,3234388831.0,normal,107000
30233.3881,synthetic,2024-03-01T17:00:00+07:00,HNX,30233.3881,30535.721981,29931.054219,30233.3881,SYNTHETIC-07,SYN07,2024-03-01,3234972526.7,normal,107000
30243.8392,synthetic,2024-03-04T17:00:00+07:00,HNX,30243.8392,30546.277592,29941.400808,30243.8392,SYNTHETIC-07,SYN07,2024-03-04,3236090794.3999996,normal,107000
30259.269,synthetic,2024-03-05T17:00:00+07:00,HNX,30259.269,30561.86169,29956.67631,30259.269,SYNTHETIC-07,SYN07,2024-03-05,3237741783.0,normal,107000
30279.6212,synthetic,2024-03-06T17:00:00+07:00,HNX,30279.6212,30582.417412000003,29976.824988,30279.6212,SYNTHETIC-07,SYN07,2024-03-06,3239919468.4,normal,107000
30304.8012,synthetic,2024-03-07T17:00:00+07:00,HNX,30304.8012,30607.849212,30001.753188000002,30304.8012,SYNTHETIC-07,SYN07,2024-03-07,3242613728.4,normal,107000
30334.6768,synthetic,2024-03-08T17:00:00+07:00,HNX,30334.6768,30638.023568,30031.330032,30334.6768,SYNTHETIC-07,SYN07,2024-03-08,3245810417.6,normal,107000
30369.0787,synthetic,2024-03-11T17:00:00+07:00,HNX,30369.0787,30672.769486999998,30065.387913,30369.0787,SYNTHETIC-07,SYN07,2024-03-11,3249491420.8999996,normal,107000
30407.8014,synthetic,2024-03-12T17:00:00+07:00,HNX,30407.8014,30711.879414,30103.723386,30407.8014,SYNTHETIC-07,SYN07,2024-03-12,3253634749.8,normal,107000
30450.6052,synthetic,2024-03-13T17:00:00+07:00,HNX,30450.6052,30755.111252000002,30146.099148,30450.6052,SYNTHETIC-07,SYN07,2024-03-13,3258214756.4,normal,107000
30497.2171,synthetic,2024-03-14T17:00:00+07:00,HNX,30497.2171,30802.189271000003,30192.244929,30497.2171,SYNTHETIC-07,SYN07,2024-03-14,3263202229.7000003,normal,107000
30547.3327,synthetic,2024-03-15T17:00:00+07:00,HNX,30547.3327,30852.806027,30241.859373,30547.3327,SYNTHETIC-07,SYN07,2024-03-15,3268564598.9,normal,107000
30600.6186,synthetic,2024-03-18T17:00:00+07:00,HNX,30600.6186,30906.624786,30294.612414000003,30600.6186,SYNTHETIC-07,SYN07,2024-03-18,3274266190.2000003,normal,107000
30656.7145,synthetic,2024-03-19T17:00:00+07:00,HNX,30656.7145,30963.281645,30350.147354999997,30656.7145,SYNTHETIC-07,SYN07,2024-03-19,3280268451.5,normal,107000
30715.2354,synthetic,2024-03-20T17:00:00+07:00,HNX,30715.2354,31022.387754000003,30408.083046,30715.2354,SYNTHETIC-07,SYN07,2024-03-20,3286530187.8,normal,107000
30775.775,synthetic,2024-03-21T17:00:00+07:00,HNX,30775.775,31083.532750000002,30468.01725,30775.775,SYNTHETIC-07,SYN07,2024-03-21,3293007925.0,normal,107000
30837.9081,synthetic,2024-03-22T17:00:00+07:00,HNX,30837.9081,31146.287181,30529.529019,30837.9081,SYNTHETIC-07,SYN07,2024-03-22,3299656166.7000003,normal,107000
30901.1945,synthetic,2024-03-25T17:00:00+07:00,HNX,30901.1945,31210.206445000003,30592.182555,30901.1945,SYNTHETIC-07,SYN07,2024-03-25,3306427811.5,normal,107000
30965.1814,synthetic,2024-03-26T17:00:00+07:00,HNX,30965.1814,31274.833214000002,30655.529586,30965.1814,SYNTHETIC-07,SYN07,2024-03-26,3313274409.8,normal,107000
31029.408,synthetic,2024-03-27T17:00:00+07:00,HNX,31029.408,31339.70208,30719.11392,31029.408,SYNTHETIC-07,SYN07,2024-03-27,3320146656.0,normal,107000
31093.4087,synthetic,2024-03-28T17:00:00+07:00,HNX,31093.4087,31404.342787,30782.474613,31093.4087,SYNTHETIC-07,SYN07,2024-03-28,3326994730.9,normal,107000
31156.7169,synthetic,2024-03-29T17:00:00+07:00,HNX,31156.7169,31468.284069,30845.149730999998,31156.7169,SYNTHETIC-07,SYN07,2024-03-29,3333768708.2999997,normal,107000
31218.8691,synthetic,2024-04-01T17:00:00+07:00,HNX,31218.8691,31531.057791,30906.680409,31218.8691,SYNTHETIC-07,SYN07,2024-04-01,3340418993.7,normal,107000
31279.4091,synthetic,2024-04-02T17:00:00+07:00,HNX,31279.4091,31592.203191,30966.615009,31279.4091,SYNTHETIC-07,SYN07,2024-04-02,3346896773.7000003,normal,107000
31337.8915,synthetic,2024-04-03T17:00:00+07:00,HNX,31337.8915,31651.270415000003,31024.512585,31337.8915,SYNTHETIC-07,SYN07,2024-04-03,3353154390.5,normal,107000
31393.8861,synthetic,2024-04-04T17:00:00+07:00,HNX,31393.8861,31707.824961,31079.947239,31393.8861,SYNTHETIC-07,SYN07,2024-04-04,3359145812.7,normal,107000
31446.9819,synthetic,2024-04-05T17:00:00+07:00,HNX,31446.9819,31761.451719,31132.512080999997,31446.9819,SYNTHETIC-07,SYN07,2024-04-05,3364827063.2999997,normal,107000
31496.7905,synthetic,2024-04-08T17:00:00+07:00,HNX,31496.7905,31811.758405,31181.822594999998,31496.7905,SYNTHETIC-07,SYN07,2024-04-08,3370156583.5,normal,107000
31542.9503,synthetic,2024-04-09T17:00:00+07:00,HNX,31542.9503,31858.379803,31227.520797,31542.9503,SYNTHETIC-07,SYN07,2024-04-09,3375095682.1,normal,107000
31585.1293,synthetic,2024-04-10T17:00:00+07:00,HNX,31585.1293,31900.980593,31269.278007,31585.1293,SYNTHETIC-07,SYN07,2024-04-10,3379608835.1,normal,107000
31623.0292,synthetic,2024-04-11T17:00:00+07:00,HNX,31623.0292,31939.259492,31306.798908,31623.0292,SYNTHETIC-07,SYN07,2024-04-11,3383664124.4,normal,107000
31656.3874,synthetic,2024-04-12T17:00:00+07:00,HNX,31656.3874,31972.951274,31339.823526,31656.3874,SYNTHETIC-07,SYN07,2024-04-12,3387233451.8,normal,107000
31684.9805,synthetic,2024-04-15T17:00:00+07:00,HNX,31684.9805,32001.830305000003,31368.130695,31684.9805,SYNTHETIC-07,SYN07,2024-04-15,3390292913.5,normal,107000
31708.6257,synthetic,2024-04-16T17:00:00+07:00,HNX,31708.6257,32025.711957,31391.539443,31708.6257,SYNTHETIC-07,SYN07,2024-04-16,3392822949.9,normal,107000
31727.1833,synthetic,2024-04-17T17:00:00+07:00,HNX,31727.1833,32044.455133,31409.911467,31727.1833,SYNTHETIC-07,SYN07,2024-04-17,3394808613.1,normal,107000
31740.5578,synthetic,2024-04-18T17:00:00+07:00,HNX,31740.5578,32057.963378,31423.152221999997,31740.5578,SYNTHETIC-07,SYN07,2024-04-18,3396239684.6,normal,107000
31748.699,synthetic,2024-04-19T17:00:00+07:00,HNX,31748.699,32066.18599,31431.21201,31748.699,SYNTHETIC-07,SYN07,2024-04-19,3397110793.0,normal,107000
31751.6026,synthetic,2024-04-22T17:00:00+07:00,HNX,31751.6026,32069.118626,31434.086573999997,31751.6026,SYNTHETIC-07,SYN07,2024-04-22,3397421478.2,normal,107000
31749.3098,synthetic,2024-04-23T17:00:00+07:00,HNX,31749.3098,32066.802897999998,31431.816702,31749.3098,SYNTHETIC-07,SYN07,2024-04-23,3397176148.6,normal,107000
31741.9078,synthetic,2024-04-24T17:00:00+07:00,HNX,31741.9078,32059.326878,31424.488722000002,31741.9078,SYNTHETIC-07,SYN07,2024-04-24,3396384134.6,normal,107000
31729.5278,synthetic,2024-04-25T17:00:00+07:00,HNX,31729.5278,32046.823078,31412.232522,31729.5278,SYNTHETIC-07,SYN07,2024-04-25,3395059474.6,normal,107000
31712.3448,synthetic,2024-04-26T17:00:00+07:00,HNX,31712.3448,32029.468247999997,31395.221352,31712.3448,SYNTHETIC-07,SYN07,2024-04-26,3393220893.6,normal,107000
31690.5751,synthetic,2024-04-29T17:00:00+07:00,HNX,31690.5751,32007.480851,31373.669348999996,31690.5751,SYNTHETIC-07,SYN07,2024-04-29,3390891535.7,normal,107000
31664.4743,synthetic,2024-04-30T17:00:00+07:00,HNX,31664.4743,31981.119043000002,31347.829557,31664.4743,SYNTHETIC-07,SYN07,2024-04-30,3388098750.1000004,normal,107000
31634.3351,synthetic,2024-05-01T17:00:00+07:00,HNX,31634.3351,31950.678451,31317.991749,31634.3351,SYNTHETIC-07,SYN07,2024-05-01,3384873855.7,normal,107000
31600.4841,synthetic,2024-05-02T17:00:00+07:00,HNX,31600.4841,31916.488941000003,31284.479259,31600.4841,SYNTHETIC-07,SYN07,2024-05-02,3381251798.7000003,normal,107000
31563.2789,synthetic,2024-05-03T17:00:00+07:00,HNX,31563.2789,31878.911689,31247.646111000002,31563.2789,SYNTHETIC-07,SYN07,2024-05-03,3377270842.3,normal,107000
31523.1045,synthetic,2024-05-06T17:00:00+07:00,HNX,31523.1045,31838.335545,31207.873455,31523.1045,SYNTHETIC-07,SYN07,2024-05-06,3372972181.5,normal,107000
31480.3698,synthetic,2024-05-07T17:00:00+07:00,HNX,31480.3698,31795.173498,31165.566102,31480.3698,SYNTHETIC-07,SYN07,2024-05-07,3368399568.6,normal,107000
31435.5038,synthetic,2024-05-08T17:00:00+07:00,HNX,31435.5038,31749.858838,31121.148761999997,31435.5038,SYNTHETIC-07,SYN07,2024-05-08,3363598906.6,normal,107000
31388.9514,synthetic,2024-05-09T17:00:00+07:00,HNX,31388.9514,31702.840914,31075.061886000003,31388.9514,SYNTHETIC-07,SYN07,2024-05-09,3358617799.8,normal,107000
31341.1701,synthetic,2024-05-10T17:00:00+07:00,HNX,31341.1701,31654.581801,31027.758399,31341.1701,SYNTHETIC-07,SYN07,2024-05-10,3353505200.7,normal,107000
31292.6252,synthetic,2024-05-13T17:00:00+07:00,HNX,31292.6252,31605.551452,30979.698947999997,31292.6252,SYNTHETIC-07,SYN07,2024-05-13,3348310896.3999996,normal,107000
31243.7863,synthetic,2024-05-14T17:00:00+07:00,HNX,31243.7863,31556.224163,30931.348437,31243.7863,SYNTHETIC-07,SYN07,2024-05-14,3343085134.1,normal,107000
31195.1231,synthetic,2024-05-15T17:00:00+07:00,HNX,31195.1231,31507.074331,30883.171869,31195.1231,SYNTHETIC-07,SYN07,2024-05-15,3337878171.7000003,normal,107000
31147.1017,synthetic,2024-05-16T17:00:00+07:00,HNX,31147.1017,31458.572717,30835.630683,31147.1017,SYNTHETIC-07,SYN07,2024-05-16,3332739881.9,normal,107000
31100.1803,synthetic,2024-05-17T17:00:00+07:00,HNX,31100.1803,31411.182103,30789.178497,31100.1803,SYNTHETIC-07,SYN07,2024-05-17,3327719292.1,normal,107000
31054.8064,synthetic,2024-05-20T17:00:00+07:00,HNX,31054.8064,31365.354464,30744.258336000003,31054.8064,SYNTHETIC-07,SYN07,2024-05-20,3322864284.8,normal,107000
31011.4127,synthetic,2024-05-21T17:00:00+07:00,HNX,31011.4127,31321.526827,30701.298573,31011.4127,SYNTHETIC-07,SYN07,2024-05-21,3318221158.9,normal,107000
30970.4138,synthetic,2024-05-22T17:00:00+07:00,HNX,30970.4138,31280.117938,30660.709661999997,30970.4138,SYNTHETIC-07,SYN07,2024-05-22,3313834276.6,normal,107000
30932.2035,synthetic,2024-05-23T17:00:00+07:00,HNX,30932.2035,31241.525535,30622.881465,30932.2035,SYNTHETIC-07,SYN07,2024-05-23,3309745774.5,normal,107000
30897.1518,synthetic,2024-05-24T17:00:00+07:00,HNX,30897.1518,31206.123317999998,30588.180282,30897.1518,SYNTHETIC-07,SYN07,2024-05-24,3305995242.6,normal,107000
30865.6019,synthetic,2024-05-27T17:00:00+07:00,HNX,30865.6019,31174.257919000003,30556.945881,30865.6019,SYNTHETIC-07,SYN07,2024-05-27,3302619403.3,normal,107000
30837.8685,synthetic,2024-05-28T17:00:00+07:00,HNX,30837.8685,31146.247185,30529.489815,30837.8685,SYNTHETIC-07,SYN07,2024-05-28,3299651929.5,normal,107000
30814.2349,synthetic,2024-05-29T17:00:00+07:00,HNX,30814.2349,31122.377249,30506.092550999998,30814.2349,SYNTHETIC-07,SYN07,2024-05-29,3297123134.2999997,normal,107000
30794.9516,synthetic,2024-05-30T17:00:00+07:00,HNX,30794.9516,31102.901116,30487.002084,30794.9516,SYNTHETIC-07,SYN07,2024-05-30,3295059821.2,normal,107000
30780.2343,synthetic,2024-05-31T17:00:00+07:00,HNX,30780.2343,31088.036643,30472.431957,30780.2343,SYNTHETIC-07,SYN07,2024-05-31,3293485070.1,normal,107000
30770.2629,synthetic,2024-06-03T17:00:00+07:00,HNX,30770.2629,31077.965529,30462.560271000002,30770.2629,SYNTHETIC-07,SYN07,2024-06-03,3292418130.3,normal,107000
30765.1798,synthetic,2024-06-04T17:00:00+07:00,HNX,30765.1798,31072.831598,30457.528002000003,30765.1798,SYNTHETIC-07,SYN07,2024-06-04,3291874238.6000004,normal,107000
30765.0894,synthetic,2024-06-05T17:00:00+07:00,HNX,30765.0894,31072.740294,30457.438506000002,30765.0894,SYNTHETIC-07,SYN07,2024-06-05,3291864565.8,normal,107000
30770.0572,synthetic,2024-06-06T17:00:00+07:00,HNX,30770.0572,31077.757772,30462.356627999998,30770.0572,SYNTHETIC-07,SYN07,2024-06-06,3292396120.4,normal,107000
30780.1093,synthetic,2024-06-07T17:00:00+07:00,HNX,30780.1093,31087.910393000002,30472.308207,30780.1093,SYNTHETIC-07,SYN07,2024-06-07,3293471695.1,normal,107000
30795.2327,synthetic,2024-06-10T17:00:00+07:00,HNX,30795.2327,31103.185027,30487.280373,30795.2327,SYNTHETIC-07,SYN07,2024-06-10,3295089898.9,normal,107000
30815.3746,synthetic,2024-06-11T17:00:00+07:00,HNX,30815.3746,31123.528346,30507.220854,30815.3746,SYNTHETIC-07,SYN07,2024-06-11,3297245082.2,normal,107000
30840.4432,synthetic,2024-06-12T17:00:00+07:00,HNX,30840.4432,31148.847632,30532.038768000002,30840.4432,SYNTHETIC-07,SYN07,2024-06-12,3299927422.4,normal,107000
30870.3083,synthetic,2024-06-13T17:00:00+07:00,HNX,30870.3083,31179.011383,30561.605217,30870.3083,SYNTHETIC-07,SYN07,2024-06-13,3303122988.1,normal,107000
30904.8019,synthetic,2024-06-14T17:00:00+07:00,HNX,30904.8019,31213.849919,30595.753880999997,30904.8019,SYNTHETIC-07,SYN07,2024-06-14,3306813803.2999997,normal,107000
30943.719,synthetic,2024-06-17T17:00:00+07:00,HNX,30943.719,31253.15619,30634.28181,30943.719,SYNTHETIC-07,SYN07,2024-06-17,3310977933.0,normal,107000
30986.8196,synthetic,2024-06-18T17:00:00+07:00,HNX,30986.8196,31296.687796,30676.951404,30986.8196,SYNTHETIC-07,SYN07,2024-06-18,3315589697.2,normal,107000
31033.8295,synthetic,2024-06-19T17:00:00+07:00,HNX,31033.8295,31344.167795,30723.491205,31033.8295,SYNTHETIC-07,SYN07,2024-06-19,3320619756.5,normal,107000
31084.4427,synthetic,2024-06-20T17:00:00+07:00,HNX,31084.4427,31395.287127,30773.598273,31084.4427,SYNTHETIC-07,SYN07,2024-06-20,3326035368.9,normal,107000
31138.3231,synthetic,2024-06-21T17:00:00+07:00,HNX,31138.3231,31449.706331,30826.939869,31138.3231,SYNTHETIC-07,SYN07,2024-06-21,3331800571.7000003,normal,107000
31195.1068,synthetic,2024-06-24T17:00:00+07:00,HNX,31195.1068,31507.057868,30883.155732000003,31195.1068,SYNTHETIC-07,SYN07,2024-06-24,3337876427.6000004,normal,107000
31254.405,synthetic,2024-06-25T17:00:00+07:00,HNX,31254.405,31566.94905,30941.86095,31254.405,SYNTHETIC-07,SYN07,2024-06-25,3344221335.0,normal,107000
31315.8064,synthetic,2024-06-26T17:00:00+07:00,HNX,31315.8064,31628.964464,31002.648336000002,31315.8064,SYNTHETIC-07,SYN07,2024-06-26,3350791284.8,normal,107000
31378.8803,synthetic,2024-06-27T17:00:00+07:00,HNX,31378.8803,31692.669103,31065.091497,31378.8803,SYNTHETIC-07,SYN07,2024-06-27,3357540192.1,normal,107000
31443.1801,synthetic,2024-06-28T17:00:00+07:00,HNX,31443.1801,31757.611901,31128.748299000003,31443.1801,SYNTHETIC-07,SYN07,2024-06-28,3364420270.7000003,normal,107000
31508.2465,synthetic,2024-07-01T17:00:00+07:00,HNX,31508.2465,31823.328965,31193.164035,31508.2465,SYNTHETIC-07,SYN07,2024-07-01,3371382375.5,normal,107000
31573.6111,synthetic,2024-07-02T17:00:00+07:00,HNX,31573.6111,31889.347211,31257.874988999996,31573.6111,SYNTHETIC-07,SYN07,2024-07-02,3378376387.7,normal,107000
31638.8004,synthetic,2024-07-03T17:00:00+07:00,HNX,31638.8004,31955.188404,31322.412396,31638.8004,SYNTHETIC-07,SYN07,2024-07-03,3385351642.8,normal,107000
31703.3394,synthetic,2024-07-04T17:00:00+07:00,HNX,31703.3394,32020.372794000003,31386.306006,31703.3394,SYNTHETIC-07,SYN07,2024-07-04,3392257315.8,normal,107000
31766.7559,synthetic,2024-07-05T17:00:00+07:00,HNX,31766.7559,32084.423459,31449.088341,31766.7559,SYNTHETIC-07,SYN07,2024-07-05,3399042881.3,normal,107000
31828.5844,synthetic,2024-07-08T17:00:00+07:00,HNX,31828.5844,32146.870244,31510.298555999998,31828.5844,SYNTHETIC-07,SYN07,2024-07-08,3405658530.8,normal,107000
31888.3701,synthetic,2024-07-09T17:00:00+07:00,HNX,31888.3701,32207.253801,31569.486399,31888.3701,SYNTHETIC-07,SYN07,2024-07-09,3412055600.7,normal,107000
31945.6734,synthetic,2024-07-10T17:00:00+07:00,HNX,31945.6734,32265.130134,31626.216666,31945.6734,SYNTHETIC-07,SYN07,2024-07-10,3418187053.8,normal,107000
32000.0732,synthetic,2024-07-11T17:00:00+07:00,HNX,32000.0732,32320.073932,31680.072468,32000.0732,SYNTHETIC-07,SYN07,2024-07-11,3424007832.4,normal,107000
32051.1716,synthetic,2024-07-12T17:00:00+07:00,HNX,32051.1716,32371.683316000002,31730.659884,32051.1716,SYNTHETIC-07,SYN07,2024-07-12,3429475361.2000003,normal,107000
32098.5971,synthetic,2024-07-15T17:00:00+07:00,HNX,32098.5971,32419.583071,31777.611128999997,32098.5971,SYNTHETIC-07,SYN07,2024-07-15,3434549889.7,normal,107000
32142.0084,synthetic,2024-07-16T17:00:00+07:00,HNX,32142.0084,32463.428484,31820.588315999998,32142.0084,SYNTHETIC-07,SYN07,2024-07-16,3439194898.7999997,normal,107000
32181.0975,synthetic,2024-07-17T17:00:00+07:00,HNX,32181.0975,32502.908475,31859.286525,32181.0975,SYNTHETIC-07,SYN07,2024-07-17,3443377432.5,normal,107000
32215.593,synthetic,2024-07-18T17:00:00+07:00,HNX,32215.593,32537.74893,31893.43707,32215.593,SYNTHETIC-07,SYN07,2024-07-18,3447068451.0,normal,107000
32245.2626,synthetic,2024-07-19T17:00:00+07:00,HNX,32245.2626,32567.715226,31922.809973999996,32245.2626,SYNTHETIC-07,SYN07,2024-07-19,3450243098.2,normal,107000
32269.9156,synthetic,2024-07-22T17:00:00+07:00,HNX,32269.9156,32592.614756,31947.216444,32269.9156,SYNTHETIC-07,SYN07,2024-07-22,3452880969.2,normal,107000
32289.4047,synthetic,2024-07-23T17:00:00+07:00,HNX,32289.4047,32612.298747,31966.510652999998,32289.4047,SYNTHETIC-07,SYN07,2024-07-23,3454966302.9,normal,107000
32303.6273,synthetic,2024-07-24T17:00:00+07:00,HNX,32303.6273,32626.663573,31980.591027,32303.6273,SYNTHETIC-07,SYN07,2024-07-24,3456488121.1,normal,107000
32312.5272,synthetic,2024-07-25T17:00:00+07:00,HNX,32312.5272,32635.652472,31989.401928,32312.5272,SYNTHETIC-07,SYN07,2024-07-25,3457440410.4,normal,107000
32316.0943,synthetic,2024-07-26T17:00:00+07:00,HNX,32316.0943,32639.255243,31992.933357,32316.0943,SYNTHETIC-07,SYN07,2024-07-26,3457822090.1,normal,107000
32314.3656,synthetic,2024-07-29T17:00:00+07:00,HNX,32314.3656,32637.509256,31991.221944,32314.3656,SYNTHETIC-07,SYN07,2024-07-29,3457637119.2000003,normal,107000
32307.4241,synthetic,2024-07-30T17:00:00+07:00,HNX,32307.4241,32630.498341000002,31984.349858999998,32307.4241,SYNTHETIC-07,SYN07,2024-07-30,3456894378.7,normal,107000
32295.3987,synthetic,2024-07-31T17:00:00+07:00,HNX,32295.3987,32618.352687000002,31972.444713,32295.3987,SYNTHETIC-07,SYN07,2024-07-31,3455607660.9,normal,107000
32278.4621,synthetic,2024-08-01T17:00:00+07:00,HNX,32278.4621,32601.246721,31955.677479,32278.4621,SYNTHETIC-07,SYN07,2024-08-01,3453795444.7000003,normal,107000
32256.8298,synthetic,2024-08-02T17:00:00+07:00,HNX,32256.8298,32579.398098,31934.261501999998,32256.8298,SYNTHETIC-07,SYN07,2024-08-02,3451480788.6,normal,107000
32230.7575,synthetic,2024-08-05T17:00:00+07:00,HNX,32230.7575,32553.065075,31908.449925,32230.7575,SYNTHETIC-07,SYN07,2024-08-05,3448691052.5,normal,107000
32200.539,synthetic,2024-08-06T17:00:00+07:00,HNX,32200.539,32522.544390000003,31878.53361,32200.539,SYNTHETIC-07,SYN07,2024-08-06,3445457673.0,normal,107000
32166.5027,synthetic,2024-08-07T17:00:00+07:00,HNX,32166.5027,32488.167727,31844.837673,32166.5027,SYNTHETIC-07,SYN07,2024-08-07,3441815788.9,normal,107000
32129.0093,synthetic,2024-08-08T17:00:00+07:00,HNX,32129.0093,32450.299393,31807.719207000002,32129.0093,SYNTHETIC-07,SYN07,2024-08-08,3437803995.1000004,normal,107000
32088.4475,synthetic,2024-08-09T17:00:00+07:00,HNX,32088.4475,32409.331974999997,31767.563025,32088.4475,SYNTHETIC-07,SYN07,2024-08-09,3433463882.5,normal,107000
32045.2308,synthetic,2024-08-12T17:00:00+07:00,HNX,32045.2308,32365.683108,31724.778492,32045.2308,SYNTHETIC-07,SYN07,2024-08-12,3428839695.6,normal,107000
31999.7938,synthetic,2024-08-13T17:00:00+07:00,HNX,31999.7938,32319.791738,31679.795862,31999.7938,SYNTHETIC-07,SYN07,2024-08-13,3423977936.6,normal,107000
31952.5876,synthetic,2024-08-14T17:00:00+07:00,HNX,31952.5876,32272.113476,31633.061724,31952.5876,SYNTHETIC-07,SYN07,2024-08-14,3418926873.2,normal,107000
31904.0766,synthetic,2024-08-15T17:00:00+07:00,HNX,31904.0766,32223.117366000002,31585.035834,31904.0766,SYNTHETIC-07,SYN07,2024-08-15,3413736196.2,normal,107000
31854.7337,synthetic,2024-08-16T17:00:00+07:00,HNX,31854.7337,32173.281037,31536.186363,31854.7337,SYNTHETIC-07,SYN07,2024-08-16,3408456505.9,normal,107000
31805.0365,synthetic,2024-08-19T17:00:00+07:00,HNX,31805.0365,32123.086864999997,31486.986135,31805.0365,SYNTHETIC-07,SYN07,2024-08-19,3403138905.5,normal,107000
31755.4632,synthetic,2024-08-20T17:00:00+07:00,HNX,31755.4632,32073.017831999998,31437.908568,31755.4632,SYNTHETIC-07,SYN07,2024-08-20,3397834562.3999996,normal,107000
31706.4888,synthetic,2024-08-21T17:00:00+07:00,HNX,31706.4888,32023.553688,31389.423912,31706.4888,SYNTHETIC-07,SYN07,2024-08-21,3392594301.6,normal,107000
31658.581,synthetic,2024-08-22T17:00:00+07:00,HNX,31658.581,31975.16681,31341.995189999998,31658.581,SYNTHETIC-07,SYN07,2024-08-22,3387468167.0,normal,107000
31612.1964,synthetic,2024-08-23T17:00:00+07:00,HNX,31612.1964,31928.318364000002,31296.074436,31612.1964,SYNTHETIC-07,SYN07,2024-08-23,3382505014.8,normal,107000
31567.7774,synthetic,2024-08-26T17:00:00+07:00,HNX,31567.7774,31883.455174,31252.099626,31567.7774,SYNTHETIC-07,SYN07,2024-08-26,3377752181.7999997,normal,107000
31525.7483,synthetic,2024-08-27T17:00:00+07:00,HNX,31525.7483,31841.005783,31210.490816999998,31525.7483,SYNTHETIC-07,SYN07,2024-08-27,3373255068.1,normal,107000
31486.5125,synthetic,2024-08-28T17:00:00+07:00,HNX,31486.5125,31801.377625,31171.647375,31486.5125,SYNTHETIC-07,SYN07,2024-08-28,3369056837.5,normal,107000
31450.4493,synthetic,2024-08-29T17:00:00+07:00,HNX,31450.4493,31764.953793,31135.944807,31450.4493,SYNTHETIC-07,SYN07,2024-08-29,3365198075.1,normal,107000
31417.9116,synthetic,2024-08-30T17:00:00+07:00,HNX,31417.9116,31732.090716,31103.732484,31417.9116,SYNTHETIC-07,SYN07,2024-08-30,3361716541.2,normal,107000
31389.223,synthetic,2024-09-02T17:00:00+07:00,HNX,31389.223,31703.115230000003,31075.33077,31389.223,SYNTHETIC-07,SYN07,2024-09-02,3358646861.0,normal,107000
31364.6755,synthetic,2024-09-03T17:00:00+07:00,HNX,31364.6755,31678.322255000003,31051.028745,31364.6755,SYNTHETIC-07,SYN07,2024-09-03,3356020278.5,normal,107000
31344.5281,synthetic,2024-09-04T17:00:00+07:00,HNX,31344.5281,31657.973381,31031.082819,31344.5281,SYNTHETIC-07,SYN07,2024-09-04,3353864506.7,normal,107000
31329.0045,synthetic,2024-09-05T17:00:00+07:00,HNX,31329.0045,31642.294545,31015.714454999998,31329.0045,SYNTHETIC-07,SYN07,2024-09-05,3352203481.5,normal,107000
31318.2921,synthetic,2024-09-06T17:00:00+07:00,HNX,31318.2921,31631.475021,31005.109179,31318.2921,SYNTHETIC-07,SYN07,2024-09-06,3351057254.7,normal,107000
31312.5401,synthetic,2024-09-09T17:00:00+07:00,HNX,31312.5401,31625.665501,30999.414698999997,31312.5401,SYNTHETIC-07,SYN07,2024-09-09,3350441790.7,normal,107000
31311.8594,synthetic,2024-09-10T17:00:00+07:00,HNX,31311.8594,31624.977994,30998.740806,31311.8594,SYNTHETIC-07,SYN07,2024-09-10,3350368955.8,normal,107000
31316.3211,synthetic,2024-09-11T17:00:00+07:00,HNX,31316.3211,31629.484311,31003.157889000002,31316.3211,SYNTHETIC-07,SYN07,2024-09-11,3350846357.7000003,normal,107000
31325.9566,synthetic,2024-09-12T17:00:00+07:00,HNX,31325.9566,31639.216166000002,31012.697034,31325.9566,SYNTHETIC-07,SYN07,2024-09-12,3351877356.2000003,normal,107000
31340.7571,synthetic,2024-09-13T17:00:00+07:00,HNX,31340.7571,31654.164671,31027.349529,31340.7571,SYNTHETIC-07,SYN07,2024-09-13,3353461009.7,normal,107000
31360.6735,synthetic,2024-09-16T17:00:00+07:00,HNX,31360.6735,31674.280235000002,31047.066765,31360.6735,SYNTHETIC-07,SYN07,2024-09-16,3355592064.5,normal,107000
31385.6171,synthetic,2024-09-17T17:00:00+07:00,HNX,31385.6171,31699.473271,31071.760929,31385.6171,SYNTHETIC-07,SYN07,2024-09-17,3358261029.7,normal,107000
31415.4596,synthetic,2024-09-18T17:00:00+07:00,HNX,31415.4596,31729.614196,31101.305003999998,31415.4596,SYNTHETIC-07,SYN07,2024-09-18,3361454177.2,normal,107000
31450.0345,synthetic,2024-09-19T17:00:00+07:00,HNX,31450.0345,31764.534845000002,31135.534155,31450.0345,SYNTHETIC-07,SYN07,2024-09-19,3365153691.5,normal,107000
31489.1374,synthetic,2024-09-20T17:00:00+07:00,HNX,31489.1374,31804.028774,31174.246026,31489.1374,SYNTHETIC-07,SYN07,2024-09-20,3369337701.8,normal,107000
31532.5281,synthetic,2024-09-23T17:00:00+07:00,HNX,31532.5281,31847.853381,31217.202819,31532.5281,SYNTHETIC-07,SYN07,2024-09-23,3373980506.7,normal,107000
31579.9314,synthetic,2024-09-24T17:00:00+07:00,HNX,31579.9314,31895.730714,31264.132086,31579.9314,SYNTHETIC-07,SYN07,2024-09-24,3379052659.8,normal,107000
31631.0395,synthetic,2024-09-25T17:00:00+07:00,HNX,31631.0395,31947.349895,31314.729105,31631.0395,SYNTHETIC-07,SYN07,2024-09-25,3384521226.5,normal,107000
31685.5137,synthetic,2024-09-26T17:00:00+07:00,HNX,31685.5137,32002.368836999998,31368.658563,31685.5137,SYNTHETIC-07,SYN07,2024-09-26,3390349965.9,normal,107000
31742.9869,synthetic,2024-09-27T17:00:00+07:00,HNX,31742.9869,32060.416769,31425.557031,31742.9869,SYNTHETIC-07,SYN07,2024-09-27,3396499598.3,normal,107000
31803.0659,synthetic,2024-09-30T17:00:00+07:00,HNX,31803.0659,32121.096559,31485.035241,31803.0659,SYNTHETIC-07,SYN07,2024-09-30,3402928051.3,normal,107000
31865.3347,synthetic,2024-10-01T17:00:00+07:00,HNX,31865.3347,32183.988047,31546.681353,31865.3347,SYNTHETIC-07,SYN07,2024-10-01,3409590812.9,normal,107000
31929.3572,synthetic,2024-10-02T17:00:00+07:00,HNX,31929.3572,32248.650771999997,31610.063628,31929.3572,SYNTHETIC-07,SYN07,2024-10-02,3416441220.3999996,normal,107000
31994.6803,synthetic,2024-10-03T17:00:00+07:00,HNX,31994.6803,32314.627103,31674.733497,31994.6803,SYNTHETIC-07,SYN07,2024-10-03,3423430792.1,normal,107000
32060.838,synthetic,2024-10-04T17:00:00+07:00,HNX,32060.838,32381.44638,31740.22962,32060.838,SYNTHETIC-07,SYN07,2024-10-04,3430509666.0,normal,107000
32127.3544,synthetic,2024-10-07T17:00:00+07:00,HNX,32127.3544,32448.627944,31806.080856,32127.3544,SYNTHETIC-07,SYN07,2024-10-07,3437626920.8,normal,107000
32193.7479,synthetic,2024-10-08T17:00:00+07:00,HNX,32193.7479,32515.685379,31871.810421,32193.7479,SYNTHETIC-07,SYN07,2024-10-08,3444731025.2999997,normal,107000
32259.5352,synthetic,2024-10-09T17:00:00+07:00,HNX,32259.5352,32582.130552,31936.939847999998,32259.5352,SYNTHETIC-07,SYN07,2024-10-09,3451770266.3999996,normal,107000
32324.235,synthetic,2024-10-10T17:00:00+07:00,HNX,32324.235,32647.47735,32000.99265,32324.235,SYNTHETIC-07,SYN07,2024-10-10,3458693145.0,normal,107000
32387.3725,synthetic,2024-10-11T17:00:00+07:00,HNX,32387.3725,32711.246225000003,32063.498775,32387.3725,SYNTHETIC-07,SYN07,2024-10-11,3465448857.5,normal,107000
32448.4836,synthetic,2024-10-14T17:00:00+07:00,HNX,32448.4836,32772.968436,32123.998764,32448.4836,SYNTHETIC-07,SYN07,2024-10-14,3471987745.2,normal,107000
32507.1186,synthetic,2024-10-15T17:00:00+07:00,HNX,32507.1186,32832.189786,32182.047414,32507.1186,SYNTHETIC-07,SYN07,2024-10-15,3478261690.2000003,normal,107000
32562.8467,synthetic,2024-10-16T17:00:00+07:00,HNX,32562.8467,32888.475167,32237.218233,32562.8467,SYNTHETIC-07,SYN07,2024-10-16,3484224596.8999996,normal,107000
32615.26,synthetic,2024-10-17T17:00:00+07:00,HNX,32615.26,32941.412599999996,32289.107399999997,32615.26,SYNTHETIC-07,SYN07,2024-10-17,3489832820.0,normal,107000
32663.9771,synthetic,2024-10-18T17:00:00+07:00,HNX,32663.9771,32990.616871,32337.337328999998,32663.9771,SYNTHETIC-07,SYN07,2024-10-18,3495045549.7,normal,107000
32708.6468,synthetic,2024-10-21T17:00:00+07:00,HNX,32708.6468,33035.733267999996,32381.560331999997,32708.6468,SYNTHETIC-07,SYN07,2024-10-21,3499825207.6,normal,107000
32748.9518,synthetic,2024-10-22T17:00:00+07:00,HNX,32748.9518,33076.441318,32421.462282,32748.9518,SYNTHETIC-07,SYN07,2024-10-22,3504137842.6,normal,107000
32784.6113,synthetic,2024-10-23T17:00:00+07:00,HNX,32784.6113,33112.457413,32456.765186999997,32784.6113,SYNTHETIC-07,SYN07,2024-10-23,3507953409.0999994,normal,107000
32815.3842,synthetic,2024-10-24T17:00:00+07:00,HNX,32815.3842,33143.538042,32487.230358,32815.3842,SYNTHETIC-07,SYN07,2024-10-24,3511246109.4,normal,107000
32841.0714,synthetic,2024-10-25T17:00:00+07:00,HNX,32841.0714,33169.482114,32512.660686,32841.0714,SYNTHETIC-07,SYN07,2024-10-25,3513994639.8,normal,107000
32861.5178,synthetic,2024-10-28T17:00:00+07:00,HNX,32861.5178,33190.132978,32532.902622,32861.5178,SYNTHETIC-07,SYN07,2024-10-28,3516182404.6000004,normal,107000
32876.6138,synthetic,2024-10-29T17:00:00+07:00,HNX,32876.6138,33205.379938,32547.847662,32876.6138,SYNTHETIC-07,SYN07,2024-10-29,3517797676.6,normal,107000
32886.2965,synthetic,2024-10-30T17:00:00+07:00,HNX,32886.2965,33215.159465,32557.433534999996,32886.2965,SYNTHETIC-07,SYN07,2024-10-30,3518833725.4999995,normal,107000
32890.5504,synthetic,2024-10-31T17:00:00+07:00,HNX,32890.5504,33219.455904,32561.644895999998,32890.5504,SYNTHETIC-07,SYN07,2024-10-31,3519288892.8,normal,107000
32889.4076,synthetic,2024-11-01T17:00:00+07:00,HNX,32889.4076,33218.301675999995,32560.513523999998,32889.4076,SYNTHETIC-07,SYN07,2024-11-01,3519166613.2,normal,107000
32882.9472,synthetic,2024-11-04T17:00:00+07:00,HNX,32882.9472,33211.776672,32554.117728,32882.9472,SYNTHETIC-07,SYN07,2024-11-04,3518475350.4,normal,107000
32871.2951,synthetic,2024-11-05T17:00:00+07:00,HNX,32871.2951,33200.008051000004,32542.582149,32871.2951,SYNTHETIC-07,SYN07,2024-11-05,3517228575.7000003,normal,107000
32854.622,synthetic,2024-11-06T17:00:00+07:00,HNX,32854.622,33183.16822000001,32526.075780000003,32854.622,SYNTHETIC-07,SYN07,2024-11-06,3515444554.0000005,normal,107000
32833.1423,synthetic,2024-11-07T17:00:00+07:00,HNX,32833.1423,33161.473723,32504.810877,32833.1423,SYNTHETIC-07,SYN07,2024-11-07,3513146226.1,normal,107000
32807.1118,synthetic,2024-11-08T17:00:00+07:00,HNX,32807.1118,33135.182918,32479.040682,32807.1118,SYNTHETIC-07,SYN07,2024-11-08,3510360962.6,normal,107000
32776.8251,synthetic,2024-11-11T17:00:00+07:00,HNX,32776.8251,33104.593351,32449.056849,32776.8251,SYNTHETIC-07,SYN07,2024-11-11,3507120285.7000003,normal,107000
32742.6126,synthetic,2024-11-12T17:00:00+07:00,HNX,32742.6126,33070.038726,32415.186474000002,32742.6126,SYNTHETIC-07,SYN07,2024-11-12,3503459548.2,normal,107000
32704.8376,synthetic,2024-11-13T17:00:00+07:00,HNX,32704.8376,33031.885976,32377.789224,32704.8376,SYNTHETIC-07,SYN07,2024-11-13,3499417623.2,normal,107000
32663.8929,synthetic,2024-11-14T17:00:00+07:00,HNX,32663.8929,32990.531829,32337.253971,32663.8929,SYNTHETIC-07,SYN07,2024-11-14,3495036540.2999997,normal,107000
32620.1965,synthetic,2024-11-15T17:00:00+07:00,HNX,32620.1965,32946.398465,32293.994534999998,32620.1965,SYNTHETIC-07,SYN07,2024-11-15,3490361025.5,normal,107000
32574.1884,synthetic,2024-11-18T17:00:00+07:00,HNX,32574.1884,32899.930284,32248.446516,32574.1884,SYNTHETIC-07,SYN07,2024-11-18,3485438158.7999997,normal,107000
32526.3262,synthetic,2024-11-19T17:00:00+07:00,HNX,32526.3262,32851.589461999996,32201.062938,32526.3262,SYNTHETIC-07,SYN07,2024-11-19,3480316903.4,normal,107000
32477.0811,synthetic,2024-11-20T17:00:00+07:00,HNX,32477.0811,32801.851911,32152.310289,32477.0811,SYNTHETIC-07,SYN07,2024-11-20,3475047677.7,normal,107000
32426.9335,synthetic,2024-11-21T17:00:00+07:00,HNX,32426.9335,32751.202835,32102.664165,32426.9335,SYNTHETIC-07,SYN07,2024-11-21,3469681884.5,normal,107000
32376.3694,synthetic,2024-11-22T17:00:00+07:00,HNX,32376.3694,32700.133094,32052.605706,32376.3694,SYNTHETIC-07,SYN07,2024-11-22,3464271525.8,normal,107000
32325.8754,synthetic,2024-11-25T17:00:00+07:00,HNX,32325.8754,32649.134154,32002.616646000002,32325.8754,SYNTHETIC-07,SYN07,2024-11-25,3458868667.8,normal,107000
32275.9357,synthetic,2024-11-26T17:00:00+07:00,HNX,32275.9357,32598.695057,31953.176343000003,32275.9357,SYNTHETIC-07,SYN07,2024-11-26,3453525119.9,normal,107000
32227.0273,synthetic,2024-11-27T17:00:00+07:00,HNX,32227.0273,32549.297573000003,31904.757027,32227.0273,SYNTHETIC-07,SYN07,2024-11-27,3448291921.1000004,normal,107000
32179.6164,synthetic,2024-11-28T17:00:00+07:00,HNX,32179.6164,32501.412564,31857.820236,32179.6164,SYNTHETIC-07,SYN07,2024-11-28,3443218954.7999997,normal,107000
32134.1551,synthetic,2024-11-29T17:00:00+07:00,HNX,32134.1551,32455.496651,31812.813549,32134.1551,SYNTHETIC-07,SYN07,2024-11-29,3438354595.7,normal,107000
32091.0775,synthetic,2024-12-02T17:00:00+07:00,HNX,32091.0775,32411.988275,31770.166725,32091.0775,SYNTHETIC-07,SYN07,2024-12-02,3433745292.5,normal,107000
32050.7969,synthetic,2024-12-03T17:00:00+07:00,HNX,32050.7969,32371.304869000003,31730.288931,32050.7969,SYNTHETIC-07,SYN07,2024-12-03,3429435268.3,normal,107000
32013.7022,synthetic,2024-12-04T17:00:00+07:00,HNX,32013.7022,32333.839222,31693.565178,32013.7022,SYNTHETIC-07,SYN07,2024-12-04,3425466135.4,normal,107000
31980.1559,synthetic,2024-12-05T17:00:00+07:00,HNX,31980.1559,32299.957459,31660.354341000002,31980.1559,SYNTHETIC-07,SYN07,2024-12-05,3421876681.3,normal,107000
31950.4907,synthetic,2024-12-06T17:00:00+07:00,HNX,31950.4907,32269.995606999997,31630.985793,31950.4907,SYNTHETIC-07,SYN07,2024-12-06,3418702504.8999996,normal,107000
31925.0078,synthetic,2024-12-09T17:00:00+07:00,HNX,31925.0078,32244.257878,31605.757722,31925.0078,SYNTHETIC-07,SYN07,2024-12-09,3415975834.6,normal,107000
31903.9747,synthetic,2024-12-10T17:00:00+07:00,HNX,31903.9747,32223.014446999998,31584.934953,31903.9747,SYNTHETIC-07,SYN07,2024-12-10,3413725292.9,normal,107000
31887.6234,synthetic,2024-12-11T17:00:00+07:00,HNX,31887.6234,32206.499634,31568.747166,31887.6234,SYNTHETIC-07,SYN07,2024-12-11,3411975703.8,normal,107000
31876.1486,synthetic,2024-12-12T17:00:00+07:00,HNX,31876.1486,32194.910086,31557.387114,31876.1486,SYNTHETIC-07,SYN07,2024-12-12,3410747900.2,normal,107000
31869.7071,synthetic,2024-12-13T17:00:00+07:00,HNX,31869.7071,32188.404171,31551.010029,31869.7071,SYNTHETIC-07,SYN07,2024-12-13,3410058659.7,normal,107000
31868.416,synthetic,2024-12-16T17:00:00+07:00,HNX,31868.416,32187.10016,31549.73184,31868.416,SYNTHETIC-07,SYN07,2024-12-16,3409920512.0,normal,107000
31872.3526,synthetic,2024-12-17T17:00:00+07:00,HNX,31872.3526,32191.076126,31553.629073999997,31872.3526,SYNTHETIC-07,SYN07,2024-12-17,3410341728.2,normal,107000
31881.5534,synthetic,2024-12-18T17:00:00+07:00,HNX,31881.5534,32200.368934000002,31562.737866,31881.5534,SYNTHETIC-07,SYN07,2024-12-18,3411326213.8,normal,107000
31896.0141,synthetic,2024-12-19T17:00:00+07:00,HNX,31896.0141,32214.974241,31577.053959,31896.0141,SYNTHETIC-07,SYN07,2024-12-19,3412873508.7,normal,107000
31915.6895,synthetic,2024-12-20T17:00:00+07:00,HNX,31915.6895,32234.846395,31596.532605,31915.6895,SYNTHETIC-07,SYN07,2024-12-20,3414978776.5,normal,107000
31940.4938,synthetic,2024-12-23T17:00:00+07:00,HNX,31940.4938,32259.898738,31621.088862,31940.4938,SYNTHETIC-07,SYN07,2024-12-23,3417632836.6,normal,107000
31970.3013,synthetic,2024-12-24T17:00:00+07:00,HNX,31970.3013,32290.004312999998,31650.598287,31970.3013,SYNTHETIC-07,SYN07,2024-12-24,3420822239.1,normal,107000
32004.9467,synthetic,2024-12-25T17:00:00+07:00,HNX,32004.9467,32324.996167,31684.897233,32004.9467,SYNTHETIC-07,SYN07,2024-12-25,3424529296.9,normal,107000
32044.2265,synthetic,2024-12-26T17:00:00+07:00,HNX,32044.2265,32364.668765000002,31723.784235,32044.2265,SYNTHETIC-07,SYN07,2024-12-26,3428732235.5,normal,107000
32087.9002,synthetic,2024-12-27T17:00:00+07:00,HNX,32087.9002,32408.779202,31767.021198,32087.9002,SYNTHETIC-07,SYN07,2024-12-27,3433405321.4,normal,107000
32135.692,synthetic,2024-12-30T17:00:00+07:00,HNX,32135.692,32457.04892,31814.335079999997,32135.692,SYNTHETIC-07,SYN07,2024-12-30,3438519044.0,normal,107000
32187.292,synthetic,2024-12-31T17:00:00+07:00,HNX,32187.292,32509.164920000003,31865.41908,32187.292,SYNTHETIC-07,SYN07,2024-12-31,3444040244.0,normal,107000
32242.3592,synthetic,2025-01-01T17:00:00+07:00,HNX,32242.3592,32564.782791999998,31919.935608,32242.3592,SYNTHETIC-07,SYN07,2025-01-01,3449932434.4,normal,107000
32300.523,synthetic,2025-01-02T17:00:00+07:00,HNX,32300.523,32623.52823,31977.517770000002,32300.523,SYNTHETIC-07,SYN07,2025-01-02,3456155961.0,normal,107000
32361.3863,synthetic,2025-01-03T17:00:00+07:00,HNX,32361.3863,32685.000162999997,32037.772437,32361.3863,SYNTHETIC-07,SYN07,2025-01-03,3462668334.1,normal,107000
32424.5281,synthetic,2025-01-06T17:00:00+07:00,HNX,32424.5281,32748.773381,32100.282819,32424.5281,SYNTHETIC-07,SYN07,2025-01-06,3469424506.7,normal,107000
32489.5068,synthetic,2025-01-07T17:00:00+07:00,HNX,32489.5068,32814.401868,32164.611731999998,32489.5068,SYNTHETIC-07,SYN07,2025-01-07,3476377227.6,normal,107000
32555.863,synthetic,2025-01-08T17:00:00+07:00,HNX,32555.863,32881.421630000004,32230.30437,32555.863,SYNTHETIC-07,SYN07,2025-01-08,3483477341.0,normal,107000
32623.1238,synthetic,2025-01-09T17:00:00+07:00,HNX,32623.1238,32949.355038,32296.892562,32623.1238,SYNTHETIC-07,SYN07,2025-01-09,3490674246.6,normal,107000
32690.8058,synthetic,2025-01-10T17:00:00+07:00,HNX,32690.8058,33017.713857999996,32363.897741999997,32690.8058,SYNTHETIC-07,SYN07,2025-01-10,3497916220.6,normal,107000
32758.4193,synthetic,2025-01-13T17:00:00+07:00,HNX,32758.4193,33086.003493000004,32430.835107000003,32758.4193,SYNTHETIC-07,SYN07,2025-01-13,3505150865.1000004,normal,107000
32825.4722,synthetic,2025-01-14T17:00:00+07:00,HNX,32825.4722,33153.726921999994,32497.217477999995,32825.4722,SYNTHETIC-07,SYN07,2025-01-14,3512325525.3999996,normal,107000
32891.4745,synthetic,2025-01-15T17:00:00+07:00,HNX,32891.4745,33220.389245,32562.559754999995,32891.4745,SYNTHETIC-07,SYN07,2025-01-15,3519387771.4999995,normal,107000
32955.9419,synthetic,2025-01-16T17:00:00+07:00,HNX,32955.9419,33285.501318999995,32626.382480999997,32955.9419,SYNTHETIC-07,SYN07,2025-01-16,3526285783.2999997,normal,107000
33018.4004,synthetic,2025-01-17T17:00:00+07:00,HNX,33018.4004,33348.584404,32688.216396,33018.4004,SYNTHETIC-07,SYN07,2025-01-17,3532968842.7999997,normal,107000
33078.3906,synthetic,2025-01-20T17:00:00+07:00,HNX,33078.3906,33409.174505999996,32747.606694,33078.3906,SYNTHETIC-07,SYN07,2025-01-20,3539387794.2,normal,107000
33135.4716,synthetic,2025-01-21T17:00:00+07:00,HNX,33135.4716,33466.826316,32804.116883999995,33135.4716,SYNTHETIC-07,SYN07,2025-01-21,3545495461.2,normal,107000
33189.2252,synthetic,2025-01-22T17:00:00+07:00,HNX,33189.2252,33521.117452,32857.332948,33189.2252,SYNTHETIC-07,SYN07,2025-01-22,3551247096.4,normal,107000
33239.2601,synthetic,2025-01-23T17:00:00+07:00,HNX,33239.2601,33571.652701,32906.867499,33239.2601,SYNTHETIC-07,SYN07,2025-01-23,3556600830.7,normal,107000
33285.2151,synthetic,2025-01-24T17:00:00+07:00,HNX,33285.2151,33618.067251,32952.362949,33285.2151,SYNTHETIC-07,SYN07,2025-01-24,3561518015.7000003,normal,107000
33326.763,synthetic,2025-01-27T17:00:00+07:00,HNX,33326.763,33660.03063,32993.49537,33326.763,SYNTHETIC-07,SYN07,2025-01-27,3565963641.0,normal,107000
33363.6138,synthetic,2025-01-28T17:00:00+07:00,HNX,33363.6138,33697.249938,33029.977662,33363.6138,SYNTHETIC-07,SYN07,2025-01-28,3569906676.6,normal,107000
33395.5171,synthetic,2025-01-29T17:00:00+07:00,HNX,33395.5171,33729.472271,33061.561928999996,33395.5171,SYNTHETIC-07,SYN07,2025-01-29,3573320329.7,normal,107000
33422.2654,synthetic,2025-01-30T17:00:00+07:00,HNX,33422.2654,33756.488053999994,33088.042746,33422.2654,SYNTHETIC-07,SYN07,2025-01-30,3576182397.7999997,normal,107000
33443.6955,synthetic,2025-01-31T17:00:00+07:00,HNX,33443.6955,33778.132455,33109.258545000004,33443.6955,SYNTHETIC-07,SYN07,2025-01-31,3578475418.5,normal,107000
33459.6905,synthetic,2025-02-03T17:00:00+07:00,HNX,33459.6905,33794.287404999995,33125.093595,33459.6905,SYNTHETIC-07,SYN07,2025-02-03,3580186883.4999995,normal,107000
33470.1809,synthetic,2025-02-04T17:00:00+07:00,HNX,33470.1809,33804.882709,33135.479091,33470.1809,SYNTHETIC-07,SYN07,2025-02-04,3581309356.2999997,normal,107000
33475.1454,synthetic,2025-02-05T17:00:00+07:00,HNX,33475.1454,33809.896854,33140.393946000004,33475.1454,SYNTHETIC-07,SYN07,2025-02-05,3581840557.8,normal,107000
33474.6109,synthetic,2025-02-06T17:00:00+07:00,HNX,33474.6109,33809.357009,33139.864791,33474.6109,SYNTHETIC-07,SYN07,2025-02-06,3581783366.3,normal,107000
33468.6527,synthetic,2025-02-07T17:00:00+07:00,HNX,33468.6527,33803.339227,33133.966173,33468.6527,SYNTHETIC-07,SYN07,2025-02-07,3581145838.9,normal,107000
33457.3932,synthetic,2025-02-10T17:00:00+07:00,HNX,33457.3932,33791.967132,33122.819268,33457.3932,SYNTHETIC-07,SYN07,2025-02-10,3579941072.3999996,normal,107000
33441.0013,synthetic,2025-02-11T17:00:00+07:00,HNX,33441.0013,33775.411313000004,33106.591287,33441.0013,SYNTHETIC-07,SYN07,2025-02-11,3578187139.1000004,normal,107000
33419.69,synthetic,2025-02-12T17:00:00+07:00,HNX,33419.69,33753.886900000005,33085.4931,33419.69,SYNTHETIC-07,SYN07,2025-02-12,3575906830.0000005,normal,107000
33393.7149,synthetic,2025-02-13T17:00:00+07:00,HNX,33393.7149,33727.652049,33059.777751,33393.7149,SYNTHETIC-07,SYN07,2025-02-13,3573127494.2999997,normal,107000
33363.3715,synthetic,2025-02-14T17:00:00+07:00,HNX,33363.3715,33697.005215000005,33029.737785,33363.3715,SYNTHETIC-07,SYN07,2025-02-14,3569880750.5,normal,107000
33328.9921,synthetic,2025-02-17T17:00:00+07:00,HNX,33328.9921,33662.282021000006,32995.702179,33328.9921,SYNTHETIC-07,SYN07,2025-02-17,3566202154.7000003,normal,107000
33290.9428,synthetic,2025-02-18T17:00:00+07:00,HNX,33290.9428,33623.852227999996,32958.033372,33290.9428,SYNTHETIC-07,SYN07,2025-02-18,3562130879.6,normal,107000
33249.62,synthetic,2025-02-19T17:00:00+07:00,HNX,33249.62,33582.116200000004,32917.1238,33249.62,SYNTHETIC-07,SYN07,2025-02-19,3557709340.0000005,normal,107000
33205.4464,synthetic,2025-02-20T17:00:00+07:00,HNX,33205.4464,33537.500864,32873.391936,33205.4464,SYNTHETIC-07,SYN07,2025-02-20,3552982764.8,normal,107000
33158.8675,synthetic,2025-02-21T17:00:00+07:00,HNX,33158.8675,33490.456175,32827.278825,33158.8675,SYNTHETIC-07,SYN07,2025-02-21,3547998822.5,normal,107000
33110.3472,synthetic,2025-02-24T17:00:00+07:00,HNX,33110.3472,33441.450672,32779.243727999994,33110.3472,SYNTHETIC-07,SYN07,2025-02-24,3542807150.3999996,normal,107000
33060.3636,synthetic,2025-02-25T17:00:00+07:00,HNX,33060.3636,33390.967236,32729.759963999997,33060.3636,SYNTHETIC-07,SYN07,2025-02-25,3537458905.2,normal,107000
33009.405,synthetic,2025-02-26T17:00:00+07:00,HNX,33009.405,33339.49905,32679.31095,33009.405,SYNTHETIC-07,SYN07,2025-02-26,3532006335.0,normal,107000
32957.9653,synthetic,2025-02-27T17:00:00+07:00,HNX,32957.9653,33287.544953000004,32628.385647000003,32957.9653,SYNTHETIC-07,SYN07,2025-02-27,3526502287.1000004,normal,107000
32906.5402,synthetic,2025-02-28T17:00:00+07:00,HNX,32906.5402,33235.605602,32577.474798000003,32906.5402,SYNTHETIC-07,SYN07,2025-02-28,3520999801.4,normal,107000
32855.6228,synthetic,2025-03-03T17:00:00+07:00,HNX,32855.6228,33184.179028,32527.066571999996,32855.6228,SYNTHETIC-07,SYN07,2025-03-03,3515551639.6,normal,107000
32805.6995,synthetic,2025-03-04T17:00:00+07:00,HNX,32805.6995,33133.756495,32477.642505000003,32805.6995,SYNTHETIC-07,SYN07,2025-03-04,3510209846.5000005,normal,107000
32757.2466,synthetic,2025-03-05T17:00:00+07:00,HNX,32757.2466,33084.819066,32429.674133999997,32757.2466,SYNTHETIC-07,SYN07,2025-03-05,3505025386.2,normal,107000
32710.7258,synthetic,2025-03-06T17:00:00+07:00,HNX,32710.7258,33037.833058000004,32383.618542,32710.7258,SYNTHETIC-07,SYN07,2025-03-06,3500047660.6,normal,107000
32666.5814,synthetic,2025-03-07T17:00:00+07:00,HNX,32666.5814,32993.247214,32339.915586,32666.5814,SYNTHETIC-07,SYN07,2025-03-07,3495324209.7999997,normal,107000
32625.2364,synthetic,2025-03-10T17:00:00+07:00,HNX,32625.2364,32951.488764,32298.984036,32625.2364,SYNTHETIC-07,SYN07,2025-03-10,3490900294.8,normal,107000
32587.0899,synthetic,2025-03-11T17:00:00+07:00,HNX,32587.0899,32912.960799,32261.219000999998,32587.0899,SYNTHETIC-07,SYN07,2025-03-11,3486818619.2999997,normal,107000
32552.5138,synthetic,2025-03-12T17:00:00+07:00,HNX,32552.5138,32878.038938,32226.988662,32552.5138,SYNTHETIC-07,SYN07,2025-03-12,3483118976.6,normal,107000
32521.8504,synthetic,2025-03-13T17:00:00+07:00,HNX,32521.8504,32847.068904,32196.631896,32521.8504,SYNTHETIC-07,SYN07,2025-03-13,3479837992.7999997,normal,107000
32495.4103,synthetic,2025-03-14T17:00:00+07:00,HNX,32495.4103,32820.364403,32170.456197,32495.4103,SYNTHETIC-07,SYN07,2025-03-14,3477008902.1,normal,107000
32473.4695,synthetic,2025-03-17T17:00:00+07:00,HNX,32473.4695,32798.204195,32148.734805,32473.4695,SYNTHETIC-07,SYN07,2025-03-17,3474661236.5,normal,107000
32456.2684,synthetic,2025-03-18T17:00:00+07:00,HNX,32456.2684,32780.831084,32131.705716,32456.2684,SYNTHETIC-07,SYN07,2025-03-18,3472820718.8,normal,107000
32444.0098,synthetic,2025-03-19T17:00:00+07:00,HNX,32444.0098,32768.449898,32119.569702,32444.0098,SYNTHETIC-07,SYN07,2025-03-19,3471509048.6,normal,107000
32436.8576,synthetic,2025-03-20T17:00:00+07:00,HNX,32436.8576,32761.226176,32112.489024,32436.8576,SYNTHETIC-07,SYN07,2025-03-20,3470743763.2,normal,107000
32434.9358,synthetic,2025-03-21T17:00:00+07:00,HNX,32434.9358,32759.285158,32110.586442,32434.9358,SYNTHETIC-07,SYN07,2025-03-21,3470538130.6,normal,107000
32438.3276,synthetic,2025-03-24T17:00:00+07:00,HNX,32438.3276,32762.710876,32113.944324,32438.3276,SYNTHETIC-07,SYN07,2025-03-24,3470901053.2000003,normal,107000
32447.0751,synthetic,2025-03-25T17:00:00+07:00,HNX,32447.0751,32771.545850999995,32122.604348999997,32447.0751,SYNTHETIC-07,SYN07,2025-03-25,3471837035.7,normal,107000
32461.1785,synthetic,2025-03-26T17:00:00+07:00,HNX,32461.1785,32785.790285,32136.566715,32461.1785,SYNTHETIC-07,SYN07,2025-03-26,3473346099.5,normal,107000
32480.5969,synthetic,2025-03-27T17:00:00+07:00,HNX,32480.5969,32805.402869,32155.790931,32480.5969,SYNTHETIC-07,SYN07,2025-03-27,3475423868.3,normal,107000
32505.2475,synthetic,2025-03-28T17:00:00+07:00,HNX,32505.2475,32830.299975,32180.195025,32505.2475,SYNTHETIC-07,SYN07,2025-03-28,3478061482.5,normal,107000
32535.007,synthetic,2025-03-31T17:00:00+07:00,HNX,32535.007,32860.35707,32209.65693,32535.007,SYNTHETIC-07,SYN07,2025-03-31,3481245749.0,normal,107000
32569.7118,synthetic,2025-04-01T17:00:00+07:00,HNX,32569.7118,32895.408918,32244.014682,32569.7118,SYNTHETIC-07,SYN07,2025-04-01,3484959162.6,normal,107000
32609.1591,synthetic,2025-04-02T17:00:00+07:00,HNX,32609.1591,32935.250691,32283.067509,32609.1591,SYNTHETIC-07,SYN07,2025-04-02,3489180023.7000003,normal,107000
32653.1086,synthetic,2025-04-03T17:00:00+07:00,HNX,32653.1086,32979.639686,32326.577514,32653.1086,SYNTHETIC-07,SYN07,2025-04-03,3493882620.2,normal,107000
32701.2834,synthetic,2025-04-04T17:00:00+07:00,HNX,32701.2834,33028.296234,32374.270566,32701.2834,SYNTHETIC-07,SYN07,2025-04-04,3499037323.8,normal,107000
32753.3721,synthetic,2025-04-07T17:00:00+07:00,HNX,32753.3721,33080.905821,32425.838379,32753.3721,SYNTHETIC-07,SYN07,2025-04-07,3504610814.7000003,normal,107000
32809.0311,synthetic,2025-04-08T17:00:00+07:00,HNX,32809.0311,33137.121411,32480.940789,32809.0311,SYNTHETIC-07,SYN07,2025-04-08,3510566327.7,normal,107000
32867.8866,synthetic,2025-04-09T17:00:00+07:00,HNX,32867.8866,33196.565466,32539.207733999996,32867.8866,SYNTHETIC-07,SYN07,2025-04-09,3516863866.2,normal,107000
32929.5374,synthetic,2025-04-10T17:00:00+07:00,HNX,32929.5374,33258.832774,32600.242026,32929.5374,SYNTHETIC-07,SYN07,2025-04-10,3523460501.8,normal,107000
32993.5577,synthetic,2025-04-11T17:00:00+07:00,HNX,32993.5577,33323.493277,32663.622122999997,32993.5577,SYNTHETIC-07,SYN07,2025-04-11,3530310673.8999996,normal,107000
33059.5001,synthetic,2025-04-14T17:00:00+07:00,HNX,33059.5001,33390.095101,32728.905098999996,33059.5001,SYNTHETIC-07,SYN07,2025-04-14,3537366510.7,normal,107000
33126.8992,synthetic,2025-04-15T17:00:00+07:00,HNX,33126.8992,33458.168192,32795.630208,33126.8992,SYNTHETIC-07,SYN07,2025-04-15,3544578214.4,normal,107000
33195.2749,synthetic,2025-04-16T17:00:00+07:00,HNX,33195.2749,33527.227649,32863.32215099999,33195.2749,SYNTHETIC-07,SYN07,2025-04-16,3551894414.2999997,normal,107000
33264.1362,synthetic,2025-04-17T17:00:00+07:00,HNX,33264.1362,33596.777562,32931.494838,33264.1362,SYNTHETIC-07,SYN07,2025-04-17,3559262573.4,normal,107000
33332.9854,synthetic,2025-04-18T17:00:00+07:00,HNX,33332.9854,33666.315254,32999.655545999995,33332.9854,SYNTHETIC-07,SYN07,2025-04-18,3566629437.7999997,normal,107000
33401.3217,synthetic,2025-04-21T17:00:00+07:00,HNX,33401.3217,33735.334917,33067.308483,33401.3217,SYNTHETIC-07,SYN07,2025-04-21,3573941421.9,normal,107000
33468.6458,synthetic,2025-04-22T17:00:00+07:00,HNX,33468.6458,33803.332258,33133.959341999995,33468.6458,SYNTHETIC-07,SYN07,2025-04-22,3581145100.6,normal,107000
33534.464,synthetic,2025-04-23T17:00:00+07:00,HNX,33534.464,33869.80864,33199.11936,33534.464,SYNTHETIC-07,SYN07,2025-04-23,3588187648.0,normal,107000
33598.2924,synthetic,2025-04-24T17:00:00+07:00,HNX,33598.2924,33934.275324,33262.309475999995,33598.2924,SYNTHETIC-07,SYN07,2025-04-24,3595017286.7999997,normal,107000
33659.6614,synthetic,2025-04-25T17:00:00+07:00,HNX,33659.6614,33996.258014,33323.064785999995,33659.6614,SYNTHETIC-07,SYN07,2025-04-25,3601583769.7999997,normal,107000
33718.1201,synthetic,2025-04-28T17:00:00+07:00,HNX,33718.1201,34055.301301,33380.938899,33718.1201,SYNTHETIC-07,SYN07,2025-04-28,3607838850.7,normal,107000
33773.2399,synthetic,2025-04-29T17:00:00+07:00,HNX,33773.2399,34110.972299,33435.507501,33773.2399,SYNTHETIC-07,SYN07,2025-04-29,3613736669.3,normal,107000
33824.6192,synthetic,2025-04-30T17:00:00+07:00,HNX,33824.6192,34162.865392,33486.373008,33824.6192,SYNTHETIC-07,SYN07,2025-04-30,3619234254.4,normal,107000
33871.8866,synthetic,2025-05-01T17:00:00+07:00,HNX,33871.8866,34210.605466,33533.167733999995,33871.8866,SYNTHETIC-07,SYN07,2025-05-01,3624291866.2,normal,107000
33914.7051,synthetic,2025-05-02T17:00:00+07:00,HNX,33914.7051,34253.852151,33575.558049,33914.7051,SYNTHETIC-07,SYN07,2025-05-02,3628873445.7,normal,107000
33952.7747,synthetic,2025-05-05T17:00:00+07:00,HNX,33952.7747,34292.302447,33613.246953,33952.7747,SYNTHETIC-07,SYN07,2025-05-05,3632946892.9,normal,107000
33985.8362,synthetic,2025-05-06T17:00:00+07:00,HNX,33985.8362,34325.694562,33645.977838,33985.8362,SYNTHETIC-07,SYN07,2025-05-06,3636484473.3999996,normal,107000
34013.673,synthetic,2025-05-07T17:00:00+07:00,HNX,34013.673,34353.80973,33673.536270000004,34013.673,SYNTHETIC-07,SYN07,2025-05-07,3639463011.0000005,normal,107000
34036.1138,synthetic,2025-05-08T17:00:00+07:00,HNX,34036.1138,34376.474938,33695.752662,34036.1138,SYNTHETIC-07,SYN07,2025-05-08,3641864176.6,normal,107000
34053.0341,synthetic,2025-05-09T17:00:00+07:00,HNX,34053.0341,34393.564440999995,33712.503759,34053.0341,SYNTHETIC-07,SYN07,2025-05-09,3643674648.7,normal,107000
34064.3575,synthetic,2025-05-12T17:00:00+07:00,HNX,34064.3575,34405.001075,33723.713925,34064.3575,SYNTHETIC-07,SYN07,2025-05-12,3644886252.5,normal,107000
34070.0568,synthetic,2025-05-13T17:00:00+07:00,HNX,34070.0568,34410.757368,33729.356232,34070.0568,SYNTHETIC-07,SYN07,2025-05-13,3645496077.6,normal,107000
34070.1537,synthetic,2025-05-14T17:00:00+07:00,HNX,34070.1537,34410.855237,33729.452163,34070.1537,SYNTHETIC-07,SYN07,2025-05-14,3645506445.9,normal,107000
34064.7191,synthetic,2025-05-15T17:00:00+07:00,HNX,34064.7191,34405.366291000006,33724.071909,34064.7191,SYNTHETIC-07,SYN07,2025-05-15,3644924943.7000003,normal,107000
34053.8722,synthetic,2025-05-16T17:00:00+07:00,HNX,34053.8722,34394.410921999995,33713.333478,34053.8722,SYNTHETIC-07,SYN07,2025-05-16,3643764325.3999996,normal,107000
34037.7796,synthetic,2025-05-19T17:00:00+07:00,HNX,34037.7796,34378.157396,33697.401804,34037.7796,SYNTHETIC-07,SYN07,2025-05-19,3642042417.2000003,normal,107000
34016.6529,synthetic,2025-05-20T17:00:00+07:00,HNX,34016.6529,34356.819429,33676.486371,34016.6529,SYNTHETIC-07,SYN07,2025-05-20,3639781860.3,normal,107000
33990.7475,synthetic,2025-05-21T17:00:00+07:00,HNX,33990.7475,34330.654975,33650.840025,33990.7475,SYNTHETIC-07,SYN07,2025-05-21,3637009982.4999995,normal,107000
33960.3595,synthetic,2025-05-22T17:00:00+07:00,HNX,33960.3595,34299.963095,33620.755905,33960.3595,SYNTHETIC-07,SYN07,2025-05-22,3633758466.5,normal,107000
33925.823,synthetic,2025-05-23T17:00:00+07:00,HNX,33925.823,34265.081229999996,33586.56477,33925.823,SYNTHETIC-07,SYN07,2025-05-23,3630063060.9999995,normal,107000
33887.5069,synthetic,2025-05-26T17:00:00+07:00,HNX,33887.5069,34226.381969,33548.631831,33887.5069,SYNTHETIC-07,SYN07,2025-05-26,3625963238.3,normal,107000
33845.8111,synthetic,2025-05-27T17:00:00+07:00,HNX,33845.8111,34184.269211,33507.352989,33845.8111,SYNTHETIC-07,SYN07,2025-05-27,3621501787.7,normal,107000
33801.1632,synthetic,2025-05-28T17:00:00+07:00,HNX,33801.1632,34139.174832000004,33463.151568,33801.1632,SYNTHETIC-07,SYN07,2025-05-28,3616724462.4,normal,107000
33754.0141,synthetic,2025-05-29T17:00:00+07:00,HNX,33754.0141,34091.554241,33416.473959,33754.0141,SYNTHETIC-07,SYN07,2025-05-29,3611679508.7,normal,107000
33704.8338,synthetic,2025-05-30T17:00:00+07:00,HNX,33704.8338,34041.882138,33367.785462,33704.8338,SYNTHETIC-07,SYN07,2025-05-30,3606417216.6,normal,107000
33654.1077,synthetic,2025-06-02T17:00:00+07:00,HNX,33654.1077,33990.648777,33317.566623,33654.1077,SYNTHETIC-07,SYN07,2025-06-02,3600989523.9,normal,107000
33602.3316,synthetic,2025-06-03T17:00:00+07:00,HNX,33602.3316,33938.354916,33266.308284,33602.3316,SYNTHETIC-07,SYN07,2025-06-03,3595449481.2,normal,107000
33550.0079,synthetic,2025-06-04T17:00:00+07:00,HNX,33550.0079,33885.507978999995,33214.507821,33550.0079,SYNTHETIC-07,SYN07,2025-06-04,3589850845.2999997,normal,107000
33497.6411,synthetic,2025-06-05T17:00:00+07:00,HNX,33497.6411,33832.617511000004,33162.664689,33497.6411,SYNTHETIC-07,SYN07,2025-06-05,3584247597.7000003,normal,107000
33445.7335,synthetic,2025-06-06T17:00:00+07:00,HNX,33445.7335,33780.190835,33111.276165,33445.7335,SYNTHETIC-07,SYN07,2025-06-06,3578693484.5,normal,107000
33394.7813,synthetic,2025-06-09T17:00:00+07:00,HNX,33394.7813,33728.729113,33060.833487,33394.7813,SYNTHETIC-07,SYN07,2025-06-09,3573241599.1000004,normal,107000
33345.2705,synthetic,2025-06-10T17:00:00+07:00,HNX,33345.2705,33678.723205,33011.817794999995,33345.2705,SYNTHETIC-07,SYN07,2025-06-10,3567943943.5,normal,107000
33297.6729,synthetic,2025-06-11T17:00:00+07:00,HNX,33297.6729,33630.649629,32964.696170999996,33297.6729,SYNTHETIC-07,SYN07,2025-06-11,3562851000.2999997,normal,107000
33252.443,synthetic,2025-06-12T17:00:00+07:00,HNX,33252.443,33584.96743,32919.91857,33252.443,SYNTHETIC-07,SYN07,2025-06-12,3558011401.0,normal,107000
33210.0139,synthetic,2025-06-13T17:00:00+07:00,HNX,33210.0139,33542.114039,32877.913760999996,33210.0139,SYNTHETIC-07,SYN07,2025-06-13,3553471487.2999997,normal,107000
33170.7948,synthetic,2025-06-16T17:00:00+07:00,HNX,33170.7948,33502.502748000006,32839.086852,33170.7948,SYNTHETIC-07,SYN07,2025-06-16,3549275043.6000004,normal,107000
33135.1676,synthetic,2025-06-17T17:00:00+07:00,HNX,33135.1676,33466.519276,32803.815924,33135.1676,SYNTHETIC-07,SYN07,2025-06-17,3545462933.2000003,normal,107000
33103.4842,synthetic,2025-06-18T17:00:00+07:00,HNX,33103.4842,33434.519042,32772.449358,33103.4842,SYNTHETIC-07,SYN07,2025-06-18,3542072809.4,normal,107000
33076.0645,synthetic,2025-06-19T17:00:00+07:00,HNX,33076.0645,33406.825145,32745.303855,33076.0645,SYNTHETIC-07,SYN07,2025-06-19,3539138901.5,normal,107000
33053.1936,synthetic,2025-06-20T17:00:00+07:00,HNX,33053.1936,33383.725536,32722.661664,33053.1936,SYNTHETIC-07,SYN07,2025-06-20,3536691715.2,normal,107000
33035.1205,synthetic,2025-06-23T17:00:00+07:00,HNX,33035.1205,33365.471704999996,32704.769295,33035.1205,SYNTHETIC-07,SYN07,2025-06-23,3534757893.4999995,normal,107000
33022.056,synthetic,2025-06-24T17:00:00+07:00,HNX,33022.056,33352.27656,32691.835439999995,33022.056,SYNTHETIC-07,SYN07,2025-06-24,3533359991.9999995,normal,107000
33014.1715,synthetic,2025-06-25T17:00:00+07:00,HNX,33014.1715,33344.313214999995,32684.029784999995,33014.1715,SYNTHETIC-07,SYN07,2025-06-25,3532516350.4999995,normal,107000
33011.598,synthetic,2025-06-26T17:00:00+07:00,HNX,33011.598,33341.71398,32681.48202,33011.598,SYNTHETIC-07,SYN07,2025-06-26,3532240986.0,normal,107000
33014.4251,synthetic,2025-06-27T17:00:00+07:00,HNX,33014.4251,33344.569351,32684.280849,33014.4251,SYNTHETIC-07,SYN07,2025-06-27,3532543485.7,normal,107000
33022.7002,synthetic,2025-06-30T17:00:00+07:00,HNX,33022.7002,33352.927202,32692.473198,33022.7002,SYNTHETIC-07,SYN07,2025-06-30,3533428921.4,normal,107000
32639.4953,synthetic,2024-01-01T17:00:00+07:00,HNX,32639.4953,32965.890253,32313.100347,32639.4953,SYNTHETIC-08,SYN08,2024-01-01,3525065492.4,normal,108000
32637.0184,synthetic,2024-01-02T17:00:00+07:00,HNX,32637.0184,32963.388584,32310.648216,32637.0184,SYNTHETIC-08,SYN08,2024-01-02,3524797987.2000003,normal,108000
32629.3022,synthetic,2024-01-03T17:00:00+07:00,HNX,32629.3022,32955.595221999996,32303.009177999997,32629.3022,SYNTHETIC-08,SYN08,2024-01-03,3523964637.6,normal,108000
32616.487,synthetic,2024-01-04T17:00:00+07:00,HNX,32616.487,32942.65187,32290.32213,32616.487,SYNTHETIC-08,SYN08,2024-01-04,3522580596.0,normal,108000
32598.7571,synthetic,2024-01-05T17:00:00+07:00,HNX,32598.7571,32924.744671,32272.769528999997,32598.7571,SYNTHETIC-08,SYN08,2024-01-05,3520665766.7999997,normal,108000
32576.3396,synthetic,2024-01-08T17:00:00+07:00,HNX,32576.3396,32902.102996,32250.576204,32576.3396,SYNTHETIC-08,SYN08,2024-01-08,3518244676.7999997,normal,108000
32549.5015,synthetic,2024-01-09T17:00:00+07:00,HNX,32549.5015,32874.996515,32224.006484999998,32549.5015,SYNTHETIC-08,SYN08,2024-01-09,3515346162.0,normal,108000
32518.5478,synthetic,2024-01-10T17:00:00+07:00,HNX,32518.5478,32843.733278,32193.362322,32518.5478,SYNTHETIC-08,SYN08,2024-01-10,3512003162.4,normal,108000
32483.8179,synthetic,2024-01-11T17:00:00+07:00,HNX,32483.8179,32808.656079,32158.979721,32483.8179,SYNTHETIC-08,SYN08,2024-01-11,3508252333.2,normal,108000
32445.6826,synthetic,2024-01-12T17:00:00+07:00,HNX,32445.6826,32770.139426,32121.225774,32445.6826,SYNTHETIC-08,SYN08,2024-01-12,3504133720.8,normal,108000
32404.5406,synthetic,2024-01-15T17:00:00+07:00,HNX,32404.5406,32728.586006,32080.495194,32404.5406,SYNTHETIC-08,SYN08,2024-01-15,3499690384.8,normal,108000
32360.8148,synthetic,2024-01-16T17:00:00+07:00,HNX,32360.8148,32684.422948,32037.206652,32360.8148,SYNTHETIC-08,SYN08,2024-01-16,3494967998.4,normal,108000
32314.9482,synthetic,2024-01-17T17:00:00+07:00,HNX,32314.9482,32638.097682,31991.798718,32314.9482,SYNTHETIC-08,SYN08,2024-01-17,3490014405.6,normal,108000
32267.4,synthetic,2024-01-18T17:00:00+07:00,HNX,32267.4,32590.074,31944.726000000002,32267.4,SYNTHETIC-08,SYN08,2024-01-18,3484879200.0,normal,108000
32218.6415,synthetic,2024-01-19T17:00:00+07:00,HNX,32218.6415,32540.827915,31896.455085,32218.6415,SYNTHETIC-08,SYN08,2024-01-19,3479613282.0,normal,108000
32169.1517,synthetic,2024-01-22T17:00:00+07:00,HNX,32169.1517,32490.843216999998,31847.460183,32169.1517,SYNTHETIC-08,SYN08,2024-01-22,3474268383.6,normal,108000
32119.4139,synthetic,2024-01-23T17:00:00+07:00,HNX,32119.4139,32440.608039,31798.219761,32119.4139,SYNTHETIC-08,SYN08,2024-01-23,3468896701.2,normal,108000
32069.9106,synthetic,2024-01-24T17:00:00+07:00,HNX,32069.9106,32390.609706,31749.211494,32069.9106,SYNTHETIC-08,SYN08,2024-01-24,3463550344.7999997,normal,108000
32021.1203,synthetic,2024-01-25T17:00:00+07:00,HNX,32021.1203,32341.331502999998,31700.909097,32021.1203,SYNTHETIC-08,SYN08,2024-01-25,3458280992.4,normal,108000
31973.5133,synthetic,2024-01-26T17:00:00+07:00,HNX,31973.5133,32293.248433,31653.778166999997,31973.5133,SYNTHETIC-08,SYN08,2024-01-26,3453139436.4,normal,108000
31927.5481,synthetic,2024-01-29T17:00:00+07:00,HNX,31927.5481,32246.823581,31608.272619,31927.5481,SYNTHETIC-08,SYN08,2024-01-29,3448175194.8,normal,108000
31883.6677,synthetic,2024-01-30T17:00:00+07:00,HNX,31883.6677,32202.504377,31564.831023000002,31883.6677,SYNTHETIC-08,SYN08,2024-01-30,3443436111.6000004,normal,108000
31842.2964,synthetic,2024-01-31T17:00:00+07:00,HNX,31842.2964,32160.719364,31523.873435999998,31842.2964,SYNTHETIC-08,SYN08,2024-01-31,3438968011.2,normal,108000
31803.8365,synthetic,2024-02-01T17:00:00+07:00,HNX,31803.8365,32121.874865,31485.798135,31803.8365,SYNTHETIC-08,SYN08,2024-02-01,3434814342.0,normal,108000
31768.6655,synthetic,2024-02-02T17:00:00+07:00,HNX,31768.6655,32086.352155,31450.978844999998,31768.6655,SYNTHETIC-08,SYN08,2024-02-02,3431015874.0,normal,108000
31737.1334,synthetic,2024-02-05T17:00:00+07:00,HNX,31737.1334,32054.504734,31419.762066,31737.1334,SYNTHETIC-08,SYN08,2024-02-05,3427610407.2,normal,108000
31709.5601,synthetic,2024-02-06T17:00:00+07:00,HNX,31709.5601,32026.655701,31392.464498999998,31709.5601,SYNTHETIC-08,SYN08,2024-02-06,3424632490.7999997,normal,108000
31686.2337,synthetic,2024-02-07T17:00:00+07:00,HNX,31686.2337,32003.096037,31369.371363000002,31686.2337,SYNTHETIC-08,SYN08,2024-02-07,3422113239.6,normal,108000
31667.4077,synthetic,2024-02-08T17:00:00+07:00,HNX,31667.4077,31984.081777,31350.733623,31667.4077,SYNTHETIC-08,SYN08,2024-02-08,3420080031.6,normal,108000
31653.3001,synthetic,2024-02-09T17:00:00+07:00,HNX,31653.3001,31969.833101,31336.767099,31653.3001,SYNTHETIC-08,SYN08,2024-02-09,3418556410.8,normal,108000
31644.0916,synthetic,2024-02-12T17:00:00+07:00,HNX,31644.0916,31960.532516,31327.650684,31644.0916,SYNTHETIC-08,SYN08,2024-02-12,3417561892.8,normal,108000
31639.9246,synthetic,2024-02-13T17:00:00+07:00,HNX,31639.9246,31956.323846,31323.525353999998,31639.9246,SYNTHETIC-08,SYN08,2024-02-13,3417111856.7999997,normal,108000
31640.902,synthetic,2024-02-14T17:00:00+07:00,HNX,31640.902,31957.311019999997,31324.49298,31640.902,SYNTHETIC-08,SYN08,2024-02-14,3417217416.0,normal,108000
31647.0868,synthetic,2024-02-15T17:00:00+07:00,HNX,31647.0868,31963.557668,31330.615932,31647.0868,SYNTHETIC-08,SYN08,2024-02-15,3417885374.4,normal,108000
31658.5015,synthetic,2024-02-16T17:00:00+07:00,HNX,31658.5015,31975.086515,31341.916484999998,31658.5015,SYNTHETIC-08,SYN08,2024-02-16,3419118162.0,normal,108000
31675.1281,synthetic,2024-02-19T17:00:00+07:00,HNX,31675.1281,31991.879381000002,31358.376819,31675.1281,SYNTHETIC-08,SYN08,2024-02-19,3420913834.8,normal,108000
31696.908,synthetic,2024-02-20T17:00:00+07:00,HNX,31696.908,32013.87708,31379.93892,31696.908,SYNTHETIC-08,SYN08,2024-02-20,3423266064.0,normal,108000
31723.7425,synthetic,2024-02-21T17:00:00+07:00,HNX,31723.7425,32040.979925,31406.505075,31723.7425,SYNTHETIC-08,SYN08,2024-02-21,3426164190.0,normal,108000
31755.4933,synthetic,2024-02-22T17:00:00+07:00,HNX,31755.4933,32073.048232999998,31437.938367,31755.4933,SYNTHETIC-08,SYN08,2024-02-22,3429593276.3999996,normal,108000
31791.9833,synthetic,2024-02-23T17:00:00+07:00,HNX,31791.9833,32109.903133,31474.063467,31791.9833,SYNTHETIC-08,SYN08,2024-02-23,3433534196.4,normal,108000
31832.9979,synthetic,2024-02-26T17:00:00+07:00,HNX,31832.9979,32151.327879,31514.667920999997,31832.9979,SYNTHETIC-08,SYN08,2024-02-26,3437963773.2,normal,108000
31878.286,synthetic,2024-02-27T17:00:00+07:00,HNX,31878.286,32197.06886,31559.50314,31878.286,SYNTHETIC-08,SYN08,2024-02-27,3442854888.0,normal,108000
31927.5622,synthetic,2024-02-28T17:00:00+07:00,HNX,31927.5622,32246.837822,31608.286578,31927.5622,SYNTHETIC-08,SYN08,2024-02-28,3448176717.6,normal,108000
31980.508,synthetic,2024-02-29T17:00:00+07:00,HNX,31980.508,32300.313080000004,31660.70292,31980.508,SYNTHETIC-08,SYN08,2024-02-29,3453894864.0,normal,108000
32036.7744,synthetic,2024-03-01T17:00:00+07:00,HNX,32036.7744,32357.142143999998,31716.406656,32036.7744,SYNTHETIC-08,SYN08,2024-03-01,3459971635.2,normal,108000
32095.9844,synthetic,2024-03-04T17:00:00+07:00,HNX,32095.9844,32416.944244000002,31775.024556,32095.9844,SYNTHETIC-08,SYN08,2024-03-04,3466366315.2000003,normal,108000
32157.7351,synthetic,2024-03-05T17:00:00+07:00,HNX,32157.7351,32479.312451,31836.157749,32157.7351,SYNTHETIC-08,SYN08,2024-03-05,3473035390.8,normal,108000
32221.6012,synthetic,2024-03-06T17:00:00+07:00,HNX,32221.6012,32543.817212,31899.385188,32221.6012,SYNTHETIC-08,SYN08,2024-03-06,3479932929.6,normal,108000
32287.1377,synthetic,2024-03-07T17:00:00+07:00,HNX,32287.1377,32610.009077,31964.266323,32287.1377,SYNTHETIC-08,SYN08,2024-03-07,3487010871.6,normal,108000
32353.8834,synthetic,2024-03-08T17:00:00+07:00,HNX,32353.8834,32677.422233999998,32030.344566,32353.8834,SYNTHETIC-08,SYN08,2024-03-08,3494219407.2,normal,108000
32421.3648,synthetic,2024-03-11T17:00:00+07:00,HNX,32421.3648,32745.578448,32097.151152,32421.3648,SYNTHETIC-08,SYN08,2024-03-11,3501507398.4,normal,108000
32489.0991,synthetic,2024-03-12T17:00:00+07:00,HNX,32489.0991,32813.990091,32164.208109,32489.0991,SYNTHETIC-08,SYN08,2024-03-12,3508822702.7999997,normal,108000
32556.5988,synthetic,2024-03-13T17:00:00+07:00,HNX,32556.5988,32882.164788,32231.032812,32556.5988,SYNTHETIC-08,SYN08,2024-03-13,3516112670.4,normal,108000
32623.3755,synthetic,2024-03-14T17:00:00+07:00,HNX,32623.3755,32949.609254999996,32297.141744999997,32623.3755,SYNTHETIC-08,SYN08,2024-03-14,3523324554.0,normal,108000
32688.9438,synthetic,2024-03-15T17:00:00+07:00,HNX,32688.9438,33015.833238,32362.054362,32688.9438,SYNTHETIC-08,SYN08,2024-03-15,3530405930.4,normal,108000
32752.8258,synthetic,2024-03-18T17:00:00+07:00,HNX,32752.8258,33080.354058,32425.297542,32752.8258,SYNTHETIC-08,SYN08,2024-03-18,3537305186.4,normal,108000
32814.5552,synthetic,2024-03-19T17:00:00+07:00,HNX,32814.5552,33142.700752000004,32486.409648,32814.5552,SYNTHETIC-08,SYN08,2024-03-19,3543971961.6000004,normal,108000
32873.6815,synthetic,2024-03-20T17:00:00+07:00,HNX,32873.6815,33202.418315,32544.944685,32873.6815,SYNTHETIC-08,SYN08,2024-03-20,3550357602.0,normal,108000
32929.774,synthetic,2024-03-21T17:00:00+07:00,HNX,32929.774,33259.07174,32600.476259999996,32929.774,SYNTHETIC-08,SYN08,2024-03-21,3556415591.9999995,normal,108000
32982.4259,synthetic,2024-03-22T17:00:00+07:00,HNX,32982.4259,33312.250159,32652.601641,32982.4259,SYNTHETIC-08,SYN08,2024-03-22,3562101997.2000003,normal,108000
33031.2584,synthetic,2024-03-25T17:00:00+07:00,HNX,33031.2584,33361.570984,32700.945816,33031.2584,SYNTHETIC-08,SYN08,2024-03-25,3567375907.2,normal,108000
33075.9237,synthetic,2024-03-26T17:00:00+07:00,HNX,33075.9237,33406.682937,32745.164462999997,33075.9237,SYNTHETIC-08,SYN08,2024-03-26,3572199759.6,normal,108000
33116.1092,synthetic,2024-03-27T17:00:00+07:00,HNX,33116.1092,33447.270292,32784.948108,33116.1092,SYNTHETIC-08,SYN08,2024-03-27,3576539793.6,normal,108000
33151.5397,synthetic,2024-03-28T17:00:00+07:00,HNX,33151.5397,33483.055097000004,32820.024303,33151.5397,SYNTHETIC-08,SYN08,2024-03-28,3580366287.6,normal,108000
33181.981,synthetic,2024-03-29T17:00:00+07:00,HNX,33181.981,33513.80081,32850.16119,33181.981,SYNTHETIC-08,SYN08,2024-03-29,3583653948.0,normal,108000
33207.2414,synthetic,2024-04-01T17:00:00+07:00,HNX,33207.2414,33539.313814,32875.168986,33207.2414,SYNTHETIC-08,SYN08,2024-04-01,3586382071.2,normal,108000
33227.1745,synthetic,2024-04-02T17:00:00+07:00,HNX,33227.1745,33559.446245,32894.902755,33227.1745,SYNTHETIC-08,SYN08,2024-04-02,3588534846.0,normal,108000
33241.68,synthetic,2024-04-03T17:00:00+07:00,HNX,33241.68,33574.0968,32909.2632,33241.68,SYNTHETIC-08,SYN08,2024-04-03,3590101440.0,normal,108000
33250.705,synthetic,2024-04-04T17:00:00+07:00,HNX,33250.705,33583.21205,32918.19795,33250.705,SYNTHETIC-08,SYN08,2024-04-04,3591076140.0,normal,108000
33254.2447,synthetic,2024-04-05T17:00:00+07:00,HNX,33254.2447,33586.787147,32921.702253,33254.2447,SYNTHETIC-08,SYN08,2024-04-05,3591458427.6000004,normal,108000
33252.3422,synthetic,2024-04-08T17:00:00+07:00,HNX,33252.3422,33584.865622,32919.818778,33252.3422,SYNTHETIC-08,SYN08,2024-04-08,3591252957.6,normal,108000
33245.0884,synthetic,2024-04-09T17:00:00+07:00,HNX,33245.0884,33577.539284,32912.637516,33245.0884,SYNTHETIC-08,SYN08,2024-04-09,3590469547.2000003,normal,108000
33232.6207,synthetic,2024-04-10T17:00:00+07:00,HNX,33232.6207,33564.946907,32900.294493,33232.6207,SYNTHETIC-08,SYN08,2024-04-10,3589123035.6,normal,108000
33215.1219,synthetic,2024-04-11T17:00:00+07:00,HNX,33215.1219,33547.273119,32882.970681,33215.1219,SYNTHETIC-08,SYN08,2024-04-11,3587233165.2,normal,108000
33192.8184,synthetic,2024-04-12T17:00:00+07:00,HNX,33192.8184,33524.74658399999,32860.890216,33192.8184,SYNTHETIC-08,SYN08,2024-04-12,3584824387.2,normal,108000
33165.9778,synthetic,2024-04-15T17:00:00+07:00,HNX,33165.9778,33497.637578,32834.318022,33165.9778,SYNTHETIC-08,SYN08,2024-04-15,3581925602.4,normal,108000
33134.9065,synthetic,2024-04-16T17:00:00+07:00,HNX,33134.9065,33466.255565,32803.557434999995,33134.9065,SYNTHETIC-08,SYN08,2024-04-16,3578569901.9999995,normal,108000
33099.9463,synthetic,2024-04-17T17:00:00+07:00,HNX,33099.9463,33430.945763,32768.946837,33099.9463,SYNTHETIC-08,SYN08,2024-04-17,3574794200.4000006,normal,108000
33061.4716,synthetic,2024-04-18T17:00:00+07:00,HNX,33061.4716,33392.086316,32730.856883999997,33061.4716,SYNTHETIC-08,SYN08,2024-04-18,3570638932.7999997,normal,108000
33019.8856,synthetic,2024-04-19T17:00:00+07:00,HNX,33019.8856,33350.084456000004,32689.686744000002,33019.8856,SYNTHETIC-08,SYN08,2024-04-19,3566147644.8,normal,108000
32975.6164,synthetic,2024-04-22T17:00:00+07:00,HNX,32975.6164,33305.372564,32645.860236,32975.6164,SYNTHETIC-08,SYN08,2024-04-22,3561366571.2,normal,108000
32929.1132,synthetic,2024-04-23T17:00:00+07:00,HNX,32929.1132,33258.404332,32599.822067999998,32929.1132,SYNTHETIC-08,SYN08,2024-04-23,3556344225.6,normal,108000
32880.8422,synthetic,2024-04-24T17:00:00+07:00,HNX,32880.8422,33209.650622,32552.033777999997,32880.8422,SYNTHETIC-08,SYN08,2024-04-24,3551130957.6,normal,108000
32831.2823,synthetic,2024-04-25T17:00:00+07:00,HNX,32831.2823,33159.595123,32502.969477,32831.2823,SYNTHETIC-08,SYN08,2024-04-25,3545778488.4,normal,108000
32780.9211,synthetic,2024-04-26T17:00:00+07:00,HNX,32780.9211,33108.730311,32453.111889,32780.9211,SYNTHETIC-08,SYN08,2024-04-26,3540339478.8,normal,108000
32730.2504,synthetic,2024-04-29T17:00:00+07:00,HNX,32730.2504,33057.552904000004,32402.947896,32730.2504,SYNTHETIC-08,SYN08,2024-04-29,3534867043.2000003,normal,108000
32679.7622,synthetic,2024-04-30T17:00:00+07:00,HNX,32679.7622,33006.559822,32352.964578,32679.7622,SYNTHETIC-08,SYN08,2024-04-30,3529414317.6,normal,108000
32629.9447,synthetic,2024-05-01T17:00:00+07:00,HNX,32629.9447,32956.244147,32303.645253,32629.9447,SYNTHETIC-08,SYN08,2024-05-01,3524034027.6,normal,108000
32581.2782,synthetic,2024-05-02T17:00:00+07:00,HNX,32581.2782,32907.090982,32255.465418,32581.2782,SYNTHETIC-08,SYN08,2024-05-02,3518778045.6,normal,108000
32534.2315,synthetic,2024-05-03T17:00:00+07:00,HNX,32534.2315,32859.573815,32208.889185,32534.2315,SYNTHETIC-08,SYN08,2024-05-03,3513697002.0,normal,108000
32489.2578,synthetic,2024-05-06T17:00:00+07:00,HNX,32489.2578,32814.150378,32164.365222,32489.2578,SYNTHETIC-08,SYN08,2024-05-06,3508839842.4,normal,108000
32446.7918,synthetic,2024-05-07T17:00:00+07:00,HNX,32446.7918,32771.259718,32122.323882,32446.7918,SYNTHETIC-08,SYN08,2024-05-07,3504253514.4,normal,108000
32407.2462,synthetic,2024-05-08T17:00:00+07:00,HNX,32407.2462,32731.318662,32083.173738,32407.2462,SYNTHETIC-08,SYN08,2024-05-08,3499982589.6000004,normal,108000
32371.0085,synthetic,2024-05-09T17:00:00+07:00,HNX,32371.0085,32694.718585,32047.298415,32371.0085,SYNTHETIC-08,SYN08,2024-05-09,3496068918.0,normal,108000
32338.4387,synthetic,2024-05-10T17:00:00+07:00,HNX,32338.4387,32661.823087,32015.054312999997,32338.4387,SYNTHETIC-08,SYN08,2024-05-10,3492551379.6,normal,108000
32309.8666,synthetic,2024-05-13T17:00:00+07:00,HNX,32309.8666,32632.965266000003,31986.767934,32309.8666,SYNTHETIC-08,SYN08,2024-05-13,3489465592.8,normal,108000
32285.5892,synthetic,2024-05-14T17:00:00+07:00,HNX,32285.5892,32608.445091999998,31962.733308,32285.5892,SYNTHETIC-08,SYN08,2024-05-14,3486843633.6,normal,108000
32265.8691,synthetic,2024-05-15T17:00:00+07:00,HNX,32265.8691,32588.527791,31943.210409,32265.8691,SYNTHETIC-08,SYN08,2024-05-15,3484713862.8,normal,108000
32250.9326,synthetic,2024-05-16T17:00:00+07:00,HNX,32250.9326,32573.441926,31928.423274,32250.9326,SYNTHETIC-08,SYN08,2024-05-16,3483100720.8,normal,108000
32240.9684,synthetic,2024-05-17T17:00:00+07:00,HNX,32240.9684,32563.378084000004,31918.558716,32240.9684,SYNTHETIC-08,SYN08,2024-05-17,3482024587.2000003,normal,108000
32236.1258,synthetic,2024-05-20T17:00:00+07:00,HNX,32236.1258,32558.487058000002,31913.764542,32236.1258,SYNTHETIC-08,SYN08,2024-05-20,3481501586.4,normal,108000
32236.5147,synthetic,2024-05-21T17:00:00+07:00,HNX,32236.5147,32558.879847,31914.149553,32236.5147,SYNTHETIC-08,SYN08,2024-05-21,3481543587.6,normal,108000
32242.2036,synthetic,2024-05-22T17:00:00+07:00,HNX,32242.2036,32564.625636,31919.781564,32242.2036,SYNTHETIC-08,SYN08,2024-05-22,3482157988.8,normal,108000
32253.2205,synthetic,2024-05-23T17:00:00+07:00,HNX,32253.2205,32575.752705,31930.688295,32253.2205,SYNTHETIC-08,SYN08,2024-05-23,3483347814.0,normal,108000
32269.5517,synthetic,2024-05-24T17:00:00+07:00,HNX,32269.5517,32592.247217,31946.856183,32269.5517,SYNTHETIC-08,SYN08,2024-05-24,3485111583.6,normal,108000
32291.1423,synthetic,2024-05-27T17:00:00+07:00,HNX,32291.1423,32614.053723,31968.230876999998,32291.1423,SYNTHETIC-08,SYN08,2024-05-27,3487443368.4,normal,108000
32317.8962,synthetic,2024-05-28T17:00:00+07:00,HNX,32317.8962,32641.075162,31994.717237999997,32317.8962,SYNTHETIC-08,SYN08,2024-05-28,3490332789.6,normal,108000
32349.6773,synthetic,2024-05-29T17:00:00+07:00,HNX,32349.6773,32673.174073,32026.180527,32349.6773,SYNTHETIC-08,SYN08,2024-05-29,3493765148.4,normal,108000
32386.3096,synthetic,2024-05-30T17:00:00+07:00,HNX,32386.3096,32710.172696,32062.446504,32386.3096,SYNTHETIC-08,SYN08,2024-05-30,3497721436.8,normal,108000
32427.5788,synthetic,2024-05-31T17:00:00+07:00,HNX,32427.5788,32751.854588,32103.303012,32427.5788,SYNTHETIC-08,SYN08,2024-05-31,3502178510.4,normal,108000
32473.2333,synthetic,2024-06-03T17:00:00+07:00,HNX,32473.2333,32797.965633,32148.500967,32473.2333,SYNTHETIC-08,SYN08,2024-06-03,3507109196.4,normal,108000
32522.9861,synthetic,2024-06-04T17:00:00+07:00,HNX,32522.9861,32848.215961,32197.756239,32522.9861,SYNTHETIC-08,SYN08,2024-06-04,3512482498.7999997,normal,108000
32576.5166,synthetic,2024-06-05T17:00:00+07:00,HNX,32576.5166,32902.281766,32250.751433999998,32576.5166,SYNTHETIC-08,SYN08,2024-06-05,3518263792.7999997,normal,108000
32633.4728,synthetic,2024-06-06T17:00:00+07:00,HNX,32633.4728,32959.807528,32307.138071999998,32633.4728,SYNTHETIC-08,SYN08,2024-06-06,3524415062.4,normal,108000
32693.4735,synthetic,2024-06-07T17:00:00+07:00,HNX,32693.4735,33020.408235,32366.538765,32693.4735,SYNTHETIC-08,SYN08,2024-06-07,3530895138.0,normal,108000
32756.1112,synthetic,2024-06-10T17:00:00+07:00,HNX,32756.1112,33083.672312,32428.550088,32756.1112,SYNTHETIC-08,SYN08,2024-06-10,3537660009.6,normal,108000
32820.955,synthetic,2024-06-11T17:00:00+07:00,HNX,32820.955,33149.16455,32492.745450000002,32820.955,SYNTHETIC-08,SYN08,2024-06-11,3544663140.0,normal,108000
32887.5538,synthetic,2024-06-12T17:00:00+07:00,HNX,32887.5538,33216.429338,32558.678262,32887.5538,SYNTHETIC-08,SYN08,2024-06-12,3551855810.4,normal,108000
32955.4395,synthetic,2024-06-13T17:00:00+07:00,HNX,32955.4395,33284.993895,32625.885105,32955.4395,SYNTHETIC-08,SYN08,2024-06-13,3559187466.0,normal,108000
33024.1306,synthetic,2024-06-14T17:00:00+07:00,HNX,33024.1306,33354.371906,32693.889293999997,33024.1306,SYNTHETIC-08,SYN08,2024-06-14,3566606104.7999997,normal,108000
33093.1363,synthetic,2024-06-17T17:00:00+07:00,HNX,33093.1363,33424.067663,32762.204937,33093.1363,SYNTHETIC-08,SYN08,2024-06-17,3574058720.3999996,normal,108000
33161.9604,synthetic,2024-06-18T17:00:00+07:00,HNX,33161.9604,33493.580004,32830.340796000004,33161.9604,SYNTHETIC-08,SYN08,2024-06-18,3581491723.2000003,normal,108000
33230.1049,synthetic,2024-06-19T17:00:00+07:00,HNX,33230.1049,33562.405949,32897.803851,33230.1049,SYNTHETIC-08,SYN08,2024-06-19,3588851329.2,normal,108000
33297.0748,synthetic,2024-06-20T17:00:00+07:00,HNX,33297.0748,33630.045548,32964.104052,33297.0748,SYNTHETIC-08,SYN08,2024-06-20,3596084078.4,normal,108000
33362.3822,synthetic,2024-06-21T17:00:00+07:00,HNX,33362.3822,33696.006022,33028.758378,33362.3822,SYNTHETIC-08,SYN08,2024-06-21,3603137277.6,normal,108000
33425.5504,synthetic,2024-06-24T17:00:00+07:00,HNX,33425.5504,33759.805904,33091.294896,33425.5504,SYNTHETIC-08,SYN08,2024-06-24,3609959443.2,normal,108000
33486.1182,synthetic,2024-06-25T17:00:00+07:00,HNX,33486.1182,33820.979382,33151.257018,33486.1182,SYNTHETIC-08,SYN08,2024-06-25,3616500765.6,normal,108000
33543.6444,synthetic,2024-06-26T17:00:00+07:00,HNX,33543.6444,33879.080844,33208.207956,33543.6444,SYNTHETIC-08,SYN08,2024-06-26,3622713595.2,normal,108000
33597.7116,synthetic,2024-06-27T17:00:00+07:00,HNX,33597.7116,33933.688716000004,33261.734484,33597.7116,SYNTHETIC-08,SYN08,2024-06-27,3628552852.8,normal,108000
33647.9302,synthetic,2024-06-28T17:00:00+07:00,HNX,33647.9302,33984.409502,33311.450898,33647.9302,SYNTHETIC-08,SYN08,2024-06-28,3633976461.6000004,normal,108000
33693.9422,synthetic,2024-07-01T17:00:00+07:00,HNX,33693.9422,34030.881622,33357.002777999995,33693.9422,SYNTHETIC-08,SYN08,2024-07-01,3638945757.6,normal,108000
33735.4247,synthetic,2024-07-02T17:00:00+07:00,HNX,33735.4247,34072.778947000006,33398.070453,33735.4247,SYNTHETIC-08,SYN08,2024-07-02,3643425867.6000004,normal,108000
33772.0929,synthetic,2024-07-03T17:00:00+07:00,HNX,33772.0929,34109.813829000006,33434.371971,33772.0929,SYNTHETIC-08,SYN08,2024-07-03,3647386033.2000003,normal,108000
33803.7031,synthetic,2024-07-04T17:00:00+07:00,HNX,33803.7031,34141.740131,33465.666069,33803.7031,SYNTHETIC-08,SYN08,2024-07-04,3650799934.7999997,normal,108000
33830.0551,synthetic,2024-07-05T17:00:00+07:00,HNX,33830.0551,34168.355651,33491.754549,33830.0551,SYNTHETIC-08,SYN08,2024-07-05,3653645950.7999997,normal,108000
33850.9941,synthetic,2024-07-08T17:00:00+07:00,HNX,33850.9941,34189.50404100001,33512.484159,33850.9941,SYNTHETIC-08,SYN08,2024-07-08,3655907362.8,normal,108000
33866.4126,synthetic,2024-07-09T17:00:00+07:00,HNX,33866.4126,34205.07672600001,33527.748474,33866.4126,SYNTHETIC-08,SYN08,2024-07-09,3657572560.8,normal,108000
33876.2511,synthetic,2024-07-10T17:00:00+07:00,HNX,33876.2511,34215.013611,33537.488589,33876.2511,SYNTHETIC-08,SYN08,2024-07-10,3658635118.8,normal,108000
33880.4991,synthetic,2024-07-11T17:00:00+07:00,HNX,33880.4991,34219.304091,33541.694109000004,33880.4991,SYNTHETIC-08,SYN08,2024-07-11,3659093902.8,normal,108000
33879.1949,synthetic,2024-07-12T17:00:00+07:00,HNX,33879.1949,34217.986849,33540.402951000004,33879.1949,SYNTHETIC-08,SYN08,2024-07-12,3658953049.2000003,normal,108000
33872.4254,synthetic,2024-07-15T17:00:00+07:00,HNX,33872.4254,34211.149654,33533.701146,33872.4254,SYNTHETIC-08,SYN08,2024-07-15,3658221943.2,normal,108000
33860.3253,synthetic,2024-07-16T17:00:00+07:00,HNX,33860.3253,34198.928553,33521.722046999996,33860.3253,SYNTHETIC-08,SYN08,2024-07-16,3656915132.3999996,normal,108000
33843.0756,synthetic,2024-07-17T17:00:00+07:00,HNX,33843.0756,34181.506356,33504.644843999995,33843.0756,SYNTHETIC-08,SYN08,2024-07-17,3655052164.7999997,normal,108000
33820.9021,synthetic,2024-07-18T17:00:00+07:00,HNX,33820.9021,34159.111121,33482.693079,33820.9021,SYNTHETIC-08,SYN08,2024-07-18,3652657426.7999997,normal,108000
33794.0725,synthetic,2024-07-19T17:00:00+07:00,HNX,33794.0725,34132.013225,33456.131775,33794.0725,SYNTHETIC-08,SYN08,2024-07-19,3649759830.0,normal,108000
33762.8947,synthetic,2024-07-22T17:00:00+07:00,HNX,33762.8947,34100.523646999995,33425.265753,33762.8947,SYNTHETIC-08,SYN08,2024-07-22,3646392627.6,normal,108000
33727.713,synthetic,2024-07-23T17:00:00+07:00,HNX,33727.713,34064.990130000006,33390.43587,33727.713,SYNTHETIC-08,SYN08,2024-07-23,3642593004.0000005,normal,108000
33688.9051,synthetic,2024-07-24T17:00:00+07:00,HNX,33688.9051,34025.794151,33352.016049000005,33688.9051,SYNTHETIC-08,SYN08,2024-07-24,3638401750.8,normal,108000
33646.8787,synthetic,2024-07-25T17:00:00+07:00,HNX,33646.8787,33983.347487,33310.409913,33646.8787,SYNTHETIC-08,SYN08,2024-07-25,3633862899.6,normal,108000
33602.0671,synthetic,2024-07-26T17:00:00+07:00,HNX,33602.0671,33938.087771,33266.046429,33602.0671,SYNTHETIC-08,SYN08,2024-07-26,3629023246.8,normal,108000
33554.926,synthetic,2024-07-29T17:00:00+07:00,HNX,33554.926,33890.47526,33219.37674,33554.926,SYNTHETIC-08,SYN08,2024-07-29,3623932008.0,normal,108000
33505.9283,synthetic,2024-07-30T17:00:00+07:00,HNX,33505.9283,33840.987583,33170.869017,33505.9283,SYNTHETIC-08,SYN08,2024-07-30,3618640256.4,normal,108000
33455.5608,synthetic,2024-07-31T17:00:00+07:00,HNX,33455.5608,33790.116408,33121.005192,33455.5608,SYNTHETIC-08,SYN08,2024-07-31,3613200566.4,normal,108000
33404.3194,synthetic,2024-08-01T17:00:00+07:00,HNX,33404.3194,33738.362594,33070.276206,33404.3194,SYNTHETIC-08,SYN08,2024-08-01,3607666495.2,normal,108000
33352.7049,synthetic,2024-08-02T17:00:00+07:00,HNX,33352.7049,33686.231949,33019.17785099999,33352.7049,SYNTHETIC-08,SYN08,2024-08-02,3602092129.2,normal,108000
33301.2189,synthetic,2024-08-05T17:00:00+07:00,HNX,33301.2189,33634.231089,32968.206711,33301.2189,SYNTHETIC-08,SYN08,2024-08-05,3596531641.2,normal,108000
33250.3594,synthetic,2024-08-06T17:00:00+07:00,HNX,33250.3594,33582.862994,32917.855806,33250.3594,SYNTHETIC-08,SYN08,2024-08-06,3591038815.2000003,normal,108000
33200.6167,synthetic,2024-08-07T17:00:00+07:00,HNX,33200.6167,33532.622867,32868.610533,33200.6167,SYNTHETIC-08,SYN08,2024-08-07,3585666603.6,normal,108000
33152.4701,synthetic,2024-08-08T17:00:00+07:00,HNX,33152.4701,33483.994801,32820.945399,33152.4701,SYNTHETIC-08,SYN08,2024-08-08,3580466770.7999997,normal,108000
33106.3834,synthetic,2024-08-09T17:00:00+07:00,HNX,33106.3834,33437.447234,32775.319566,33106.3834,SYNTHETIC-08,SYN08,2024-08-09,3575489407.2,normal,108000
33062.8018,synthetic,2024-08-12T17:00:00+07:00,HNX,33062.8018,33393.429818000004,32732.173782,33062.8018,SYNTHETIC-08,SYN08,2024-08-12,3570782594.4,normal,108000
33022.1483,synthetic,2024-08-13T17:00:00+07:00,HNX,33022.1483,33352.369783,32691.926817,33022.1483,SYNTHETIC-08,SYN08,2024-08-13,3566392016.4,normal,108000
32984.8211,synthetic,2024-08-14T17:00:00+07:00,HNX,32984.8211,33314.669311,32654.972889,32984.8211,SYNTHETIC-08,SYN08,2024-08-14,3562360678.8,normal,108000
32951.1903,synthetic,2024-08-15T17:00:00+07:00,HNX,32951.1903,33280.702203,32621.678397000003,32951.1903,SYNTHETIC-08,SYN08,2024-08-15,3558728552.4,normal,108000
32921.5953,synthetic,2024-08-16T17:00:00+07:00,HNX,32921.5953,33250.811253,32592.379347000002,32921.5953,SYNTHETIC-08,SYN08,2024-08-16,3555532292.4,normal,108000
32896.3429,synthetic,2024-08-19T17:00:00+07:00,HNX,32896.3429,33225.30632900001,32567.379471000004,32896.3429,SYNTHETIC-08,SYN08,2024-08-19,3552805033.2000003,normal,108000
32875.7048,synthetic,2024-08-20T17:00:00+07:00,HNX,32875.7048,33204.461848,32546.947752,32875.7048,SYNTHETIC-08,SYN08,2024-08-20,3550576118.4,normal,108000
32859.9158,synthetic,2024-08-21T17:00:00+07:00,HNX,32859.9158,33188.514958,32531.316642,32859.9158,SYNTHETIC-08,SYN08,2024-08-21,3548870906.4,normal,108000
32849.1726,synthetic,2024-08-22T17:00:00+07:00,HNX,32849.1726,33177.664326,32520.680873999998,32849.1726,SYNTHETIC-08,SYN08,2024-08-22,3547710640.7999997,normal,108000
32843.6321,synthetic,2024-08-23T17:00:00+07:00,HNX,32843.6321,33172.068421,32515.195779,32843.6321,SYNTHETIC-08,SYN08,2024-08-23,3547112266.8,normal,108000
32843.4107,synthetic,2024-08-26T17:00:00+07:00,HNX,32843.4107,33171.844807,32514.976593,32843.4107,SYNTHETIC-08,SYN08,2024-08-26,3547088355.6,normal,108000
32848.5834,synthetic,2024-08-27T17:00:00+07:00,HNX,32848.5834,33177.069234,32520.097566000004,32848.5834,SYNTHETIC-08,SYN08,2024-08-27,3547647007.2000003,normal,108000
32859.1833,synthetic,2024-08-28T17:00:00+07:00,HNX,32859.1833,33187.775132999996,32530.591467,32859.1833,SYNTHETIC-08,SYN08,2024-08-28,3548791796.3999996,normal,108000
32875.2013,synthetic,2024-08-29T17:00:00+07:00,HNX,32875.2013,33203.953313,32546.449287,32875.2013,SYNTHETIC-08,SYN08,2024-08-29,3550521740.4,normal,108000
32896.5863,synthetic,2024-08-30T17:00:00+07:00,HNX,32896.5863,33225.552163,32567.620437,32896.5863,SYNTHETIC-08,SYN08,2024-08-30,3552831320.4,normal,108000
32923.2453,synthetic,2024-09-02T17:00:00+07:00,HNX,32923.2453,33252.477753,32594.012847,32923.2453,SYNTHETIC-08,SYN08,2024-09-02,3555710492.4,normal,108000
32955.0442,synthetic,2024-09-03T17:00:00+07:00,HNX,32955.0442,33284.594642,32625.493757999997,32955.0442,SYNTHETIC-08,SYN08,2024-09-03,3559144773.5999994,normal,108000
32991.8083,synthetic,2024-09-04T17:00:00+07:00,HNX,32991.8083,33321.726382999994,32661.890216999996,32991.8083,SYNTHETIC-08,SYN08,2024-09-04,3563115296.3999996,normal,108000
33033.3237,synthetic,2024-09-05T17:00:00+07:00,HNX,33033.3237,33363.656937,32702.990463000002,33033.3237,SYNTHETIC-08,SYN08,2024-09-05,3567598959.6,normal,108000
33079.3384,synthetic,2024-09-06T17:00:00+07:00,HNX,33079.3384,33410.131784,32748.545016,33079.3384,SYNTHETIC-08,SYN08,2024-09-06,3572568547.2000003,normal,108000
33129.564,synthetic,2024-09-09T17:00:00+07:00,HNX,33129.564,33460.85964,32798.268359999995,33129.564,SYNTHETIC-08,SYN08,2024-09-09,3577992912.0,normal,108000
33183.6778,synthetic,2024-09-10T17:00:00+07:00,HNX,33183.6778,33515.514577999995,32851.841022,33183.6778,SYNTHETIC-08,SYN08,2024-09-10,3583837202.3999996,normal,108000
33241.3245,synthetic,2024-09-11T17:00:00+07:00,HNX,33241.3245,33573.737745000006,32908.911255,33241.3245,SYNTHETIC-08,SYN08,2024-09-11,3590063046.0000005,normal,108000
33302.1192,synthetic,2024-09-12T17:00:00+07:00,HNX,33302.1192,33635.140392,32969.098008,33302.1192,SYNTHETIC-08,SYN08,2024-09-12,3596628873.6,normal,108000
33365.6496,synthetic,2024-09-13T17:00:00+07:00,HNX,33365.6496,33699.306096,33031.993103999994,33365.6496,SYNTHETIC-08,SYN08,2024-09-13,3603490156.7999997,normal,108000
33431.4794,synthetic,2024-09-16T17:00:00+07:00,HNX,33431.4794,33765.794193999995,33097.164606,33431.4794,SYNTHETIC-08,SYN08,2024-09-16,3610599775.2,normal,108000
33499.1509,synthetic,2024-09-17T17:00:00+07:00,HNX,33499.1509,33834.142409,33164.159391,33499.1509,SYNTHETIC-08,SYN08,2024-09-17,3617908297.2000003,normal,108000
33568.1892,synthetic,2024-09-18T17:00:00+07:00,HNX,33568.1892,33903.871092,33232.507308,33568.1892,SYNTHETIC-08,SYN08,2024-09-18,3625364433.6,normal,108000
33638.1051,synthetic,2024-09-19T17:00:00+07:00,HNX,33638.1051,33974.486151000005,33301.724049,33638.1051,SYNTHETIC-08,SYN08,2024-09-19,3632915350.8,normal,108000
33708.3994,synthetic,2024-09-20T17:00:00+07:00,HNX,33708.3994,34045.483394,33371.315406,33708.3994,SYNTHETIC-08,SYN08,2024-09-20,3640507135.2000003,normal,108000
33778.567,synthetic,2024-09-23T17:00:00+07:00,HNX,33778.567,34116.35267,33440.781330000005,33778.567,SYNTHETIC-08,SYN08,2024-09-23,3648085236.0000005,normal,108000
33848.1005,synthetic,2024-09-24T17:00:00+07:00,HNX,33848.1005,34186.581505,33509.619495,33848.1005,SYNTHETIC-08,SYN08,2024-09-24,3655594854.0,normal,108000
33916.4951,synthetic,2024-09-25T17:00:00+07:00,HNX,33916.4951,34255.660051,33577.330149,33916.4951,SYNTHETIC-08,SYN08,2024-09-25,3662981470.8,normal,108000
33983.2525,synthetic,2024-09-26T17:00:00+07:00,HNX,33983.2525,34323.085025,33643.419975000004,33983.2525,SYNTHETIC-08,SYN08,2024-09-26,3670191270.0000005,normal,108000
34047.8855,synthetic,2024-09-27T17:00:00+07:00,HNX,34047.8855,34388.364355,33707.406644999995,34047.8855,SYNTHETIC-08,SYN08,2024-09-27,3677171633.9999995,normal,108000
34109.9222,synthetic,2024-09-30T17:00:00+07:00,HNX,34109.9222,34451.021422,33768.822978000004,34109.9222,SYNTHETIC-08,SYN08,2024-09-30,3683871597.6,normal,108000
34168.9107,synthetic,2024-10-01T17:00:00+07:00,HNX,34168.9107,34510.599807,33827.221593,34168.9107,SYNTHETIC-08,SYN08,2024-10-01,3690242355.6,normal,108000
34224.4225,synthetic,2024-10-02T17:00:00+07:00,HNX,34224.4225,34566.666725,33882.178275,34224.4225,SYNTHETIC-08,SYN08,2024-10-02,3696237630.0,normal,108000
34276.0573,synthetic,2024-10-03T17:00:00+07:00,HNX,34276.0573,34618.817873,33933.296727,34276.0573,SYNTHETIC-08,SYN08,2024-10-03,3701814188.4,normal,108000
34323.4465,synthetic,2024-10-04T17:00:00+07:00,HNX,34323.4465,34666.680965,33980.212035,34323.4465,SYNTHETIC-08,SYN08,2024-10-04,3706932222.0,normal,108000
34366.2567,synthetic,2024-10-07T17:00:00+07:00,HNX,34366.2567,34709.919267,34022.594133,34366.2567,SYNTHETIC-08,SYN08,2024-10-07,3711555723.6,normal,108000
34404.1933,synthetic,2024-10-08T17:00:00+07:00,HNX,34404.1933,34748.235233,34060.151367,34404.1933,SYNTHETIC-08,SYN08,2024-10-08,3715652876.4,normal,108000
34437.003,synthetic,2024-10-09T17:00:00+07:00,HNX,34437.003,34781.373029999995,34092.63297,34437.003,SYNTHETIC-08,SYN08,2024-10-09,3719196323.9999995,normal,108000
34464.4766,synthetic,2024-10-10T17:00:00+07:00,HNX,34464.4766,34809.121366,34119.831834000004,34464.4766,SYNTHETIC-08,SYN08,2024-10-10,3722163472.8,normal,108000
34486.4509,synthetic,2024-10-11T17:00:00+07:00,HNX,34486.4509,34831.315409,34141.586391000004,34486.4509,SYNTHETIC-08,SYN08,2024-10-11,3724536697.2000003,normal,108000
34502.8109,synthetic,2024-10-14T17:00:00+07:00,HNX,34502.8109,34847.839008999996,34157.782791,34502.8109,SYNTHETIC-08,SYN08,2024-10-14,3726303577.2,normal,108000
34513.4903,synthetic,2024-10-15T17:00:00+07:00,HNX,34513.4903,34858.625202999996,34168.355397,34513.4903,SYNTHETIC-08,SYN08,2024-10-15,3727456952.3999996,normal,108000
34518.4724,synthetic,2024-10-16T17:00:00+07:00,HNX,34518.4724,34863.657124,34173.287676,34518.4724,SYNTHETIC-08,SYN08,2024-10-16,3727995019.2,normal,108000
34517.7908,synthetic,2024-10-17T17:00:00+07:00,HNX,34517.7908,34862.968708,34172.612892000005,34517.7908,SYNTHETIC-08,SYN08,2024-10-17,3727921406.4,normal,108000
34511.5283,synthetic,2024-10-18T17:00:00+07:00,HNX,34511.5283,34856.643583,34166.413017,34511.5283,SYNTHETIC-08,SYN08,2024-10-18,3727245056.3999996,normal,108000
34499.8165,synthetic,2024-10-21T17:00:00+07:00,HNX,34499.8165,34844.814665,34154.818335,34499.8165,SYNTHETIC-08,SYN08,2024-10-21,3725980182.0,normal,108000
34482.8347,synthetic,2024-10-22T17:00:00+07:00,HNX,34482.8347,34827.663047,34138.006353,34482.8347,SYNTHETIC-08,SYN08,2024-10-22,3724146147.6,normal,108000
34460.8074,synthetic,2024-10-23T17:00:00+07:00,HNX,34460.8074,34805.415474,34116.199325999994,34460.8074,SYNTHETIC-08,SYN08,2024-10-23,3721767199.2,normal,108000
34434.003,synthetic,2024-10-24T17:00:00+07:00,HNX,34434.003,34778.343029999996,34089.66297,34434.003,SYNTHETIC-08,SYN08,2024-10-24,3718872323.9999995,normal,108000
34402.7304,synthetic,2024-10-25T17:00:00+07:00,HNX,34402.7304,34746.757704,34058.703096,34402.7304,SYNTHETIC-08,SYN08,2024-10-25,3715494883.2,normal,108000
34367.3362,synthetic,2024-10-28T17:00:00+07:00,HNX,34367.3362,34711.009562,34023.662838,34367.3362,SYNTHETIC-08,SYN08,2024-10-28,3711672309.6,normal,108000
34328.2018,synthetic,2024-10-29T17:00:00+07:00,HNX,34328.2018,34671.483818,33984.919782000004,34328.2018,SYNTHETIC-08,SYN08,2024-10-29,3707445794.4,normal,108000
34285.7389,synthetic,2024-10-30T17:00:00+07:00,HNX,34285.7389,34628.596288999994,33942.881511,34285.7389,SYNTHETIC-08,SYN08,2024-10-30,3702859801.2,normal,108000
34240.3865,synthetic,2024-10-31T17:00:00+07:00,HNX,34240.3865,34582.790365,33897.982635,34240.3865,SYNTHETIC-08,SYN08,2024-10-31,3697961742.0,normal,108000
34192.6062,synthetic,2024-11-01T17:00:00+07:00,HNX,34192.6062,34534.532262,33850.680138,34192.6062,SYNTHETIC-08,SYN08,2024-11-01,3692801469.6000004,normal,108000
34142.8782,synthetic,2024-11-04T17:00:00+07:00,HNX,34142.8782,34484.306982,33801.449418,34142.8782,SYNTHETIC-08,SYN08,2024-11-04,3687430845.6,normal,108000
34091.6969,synthetic,2024-11-05T17:00:00+07:00,HNX,34091.6969,34432.613869,33750.779931000005,34091.6969,SYNTHETIC-08,SYN08,2024-11-05,3681903265.2000003,normal,108000
34039.5668,synthetic,2024-11-06T17:00:00+07:00,HNX,34039.5668,34379.962468,33699.171132,34039.5668,SYNTHETIC-08,SYN08,2024-11-06,3676273214.4,normal,108000
33986.9978,synthetic,2024-11-07T17:00:00+07:00,HNX,33986.9978,34326.867778,33647.127821999995,33986.9978,SYNTHETIC-08,SYN08,2024-11-07,3670595762.3999996,normal,108000
33934.501,synthetic,2024-11-08T17:00:00+07:00,HNX,33934.501,34273.846009999994,33595.15599,33934.501,SYNTHETIC-08,SYN08,2024-11-08,3664926107.9999995,normal,108000
33882.5844,synthetic,2024-11-11T17:00:00+07:00,HNX,33882.5844,34221.410244,33543.758556,33882.5844,SYNTHETIC-08,SYN08,2024-11-11,3659319115.2,normal,108000
33831.7488,synthetic,2024-11-12T17:00:00+07:00,HNX,33831.7488,34170.066288,33493.431312,33831.7488,SYNTHETIC-08,SYN08,2024-11-12,3653828870.4,normal,108000
33782.4839,synthetic,2024-11-13T17:00:00+07:00,HNX,33782.4839,34120.308739,33444.659061,33782.4839,SYNTHETIC-08,SYN08,2024-11-13,3648508261.2,normal,108000
33735.2642,synthetic,2024-11-14T17:00:00+07:00,HNX,33735.2642,34072.616841999996,33397.911558,33735.2642,SYNTHETIC-08,SYN08,2024-11-14,3643408533.6,normal,108000
33690.5456,synthetic,2024-11-15T17:00:00+07:00,HNX,33690.5456,34027.451056,33353.640144,33690.5456,SYNTHETIC-08,SYN08,2024-11-15,3638578924.7999997,normal,108000
33648.762,synthetic,2024-11-18T17:00:00+07:00,HNX,33648.762,33985.24962,33312.27438,33648.762,SYNTHETIC-08,SYN08,2024-11-18,3634066296.0000005,normal,108000
33610.3221,synthetic,2024-11-19T17:00:00+07:00,HNX,33610.3221,33946.425320999995,33274.218879,33610.3221,SYNTHETIC-08,SYN08,2024-11-19,3629914786.7999997,normal,108000
33575.6063,synthetic,2024-11-20T17:00:00+07:00,HNX,33575.6063,33911.362363,33239.850237,33575.6063,SYNTHETIC-08,SYN08,2024-11-20,3626165480.4,normal,108000
33544.9643,synthetic,2024-11-21T17:00:00+07:00,HNX,33544.9643,33880.413943,33209.514657,33544.9643,SYNTHETIC-08,SYN08,2024-11-21,3622856144.4,normal,108000
33518.7125,synthetic,2024-11-22T17:00:00+07:00,HNX,33518.7125,33853.899625,33183.525375000005,33518.7125,SYNTHETIC-08,SYN08,2024-11-22,3620020950.0,normal,108000
33497.1319,synthetic,2024-11-25T17:00:00+07:00,HNX,33497.1319,33832.103219000004,33162.160581,33497.1319,SYNTHETIC-08,SYN08,2024-11-25,3617690245.2,normal,108000
33480.4662,synthetic,2024-11-26T17:00:00+07:00,HNX,33480.4662,33815.270862000005,33145.661538,33480.4662,SYNTHETIC-08,SYN08,2024-11-26,3615890349.6000004,normal,108000
33468.9203,synthetic,2024-11-27T17:00:00+07:00,HNX,33468.9203,33803.609503,33134.231096999996,33468.9203,SYNTHETIC-08,SYN08,2024-11-27,3614643392.3999996,normal,108000
33462.6589,synthetic,2024-11-28T17:00:00+07:00,HNX,33462.6589,33797.285489,33128.032311,33462.6589,SYNTHETIC-08,SYN08,2024-11-28,3613967161.2000003,normal,108000
33461.8052,synthetic,2024-11-29T17:00:00+07:00,HNX,33461.8052,33796.423252,33127.187148000005,33461.8052,SYNTHETIC-08,SYN08,2024-11-29,3613874961.6000004,normal,108000
33466.4406,synthetic,2024-12-02T17:00:00+07:00,HNX,33466.4406,33801.105006000005,33131.776194,33466.4406,SYNTHETIC-08,SYN08,2024-12-02,3614375584.8,normal,108000
33476.6037,synthetic,2024-12-03T17:00:00+07:00,HNX,33476.6037,33811.369737,33141.837663,33476.6037,SYNTHETIC-08,SYN08,2024-12-03,3615473199.6,normal,108000
33492.2902,synthetic,2024-12-04T17:00:00+07:00,HNX,33492.2902,33827.213102,33157.367298000005,33492.2902,SYNTHETIC-08,SYN08,2024-12-04,3617167341.6000004,normal,108000
33513.453,synthetic,2024-12-05T17:00:00+07:00,HNX,33513.453,33848.587530000004,33178.31847,33513.453,SYNTHETIC-08,SYN08,2024-12-05,3619452924.0,normal,108000
33540.0022,synthetic,2024-12-06T17:00:00+07:00,HNX,33540.0022,33875.402222000004,33204.602178,33540.0022,SYNTHETIC-08,SYN08,2024-12-06,3622320237.6000004,normal,108000
33571.8059,synthetic,2024-12-09T17:00:00+07:00,HNX,33571.8059,33907.523959,33236.087841,33571.8059,SYNTHETIC-08,SYN08,2024-12-09,3625755037.2,normal,108000
33608.691,synthetic,2024-12-10T17:00:00+07:00,HNX,33608.691,33944.77791,33272.60409,33608.691,SYNTHETIC-08,SYN08,2024-12-10,3629738628.0,normal,108000
33650.4438,synthetic,2024-12-11T17:00:00+07:00,HNX,33650.4438,33986.948238000004,33313.939362,33650.4438,SYNTHETIC-08,SYN08,2024-12-11,3634247930.4,normal,108000
33696.8122,synthetic,2024-12-12T17:00:00+07:00,HNX,33696.8122,34033.780322,33359.844078,33696.8122,SYNTHETIC-08,SYN08,2024-12-12,3639255717.6,normal,108000
33747.5064,synthetic,2024-12-13T17:00:00+07:00,HNX,33747.5064,34084.981464,33410.031336,33747.5064,SYNTHETIC-08,SYN08,2024-12-13,3644730691.2,normal,108000
33802.2016,synthetic,2024-12-16T17:00:00+07:00,HNX,33802.2016,34140.223616,33464.179584,33802.2016,SYNTHETIC-08,SYN08,2024-12-16,3650637772.8,normal,108000
33860.5395,synthetic,2024-12-17T17:00:00+07:00,HNX,33860.5395,34199.144895,33521.934105,33860.5395,SYNTHETIC-08,SYN08,2024-12-17,3656938266.0,normal,108000
33922.1312,synthetic,2024-12-18T17:00:00+07:00,HNX,33922.1312,34261.352512000005,33582.909888,33922.1312,SYNTHETIC-08,SYN08,2024-12-18,3663590169.6000004,normal,108000
33986.5599,synthetic,2024-12-19T17:00:00+07:00,HNX,33986.5599,34326.425499,33646.694301,33986.5599,SYNTHETIC-08,SYN08,2024-12-19,3670548469.2,normal,108000
34053.3835,synthetic,2024-12-20T17:00:00+07:00,HNX,34053.3835,34393.917335000006,33712.849665,34053.3835,SYNTHETIC-08,SYN08,2024-12-20,3677765418.0000005,normal,108000
34122.1382,synthetic,2024-12-23T17:00:00+07:00,HNX,34122.1382,34463.359582000005,33780.916818,34122.1382,SYNTHETIC-08,SYN08,2024-12-23,3685190925.6,normal,108000
34192.3418,synthetic,2024-12-24T17:00:00+07:00,HNX,34192.3418,34534.265218,33850.418382,34192.3418,SYNTHETIC-08,SYN08,2024-12-24,3692772914.4,normal,108000
34263.4975,synthetic,2024-12-25T17:00:00+07:00,HNX,34263.4975,34606.132475,33920.862525,34263.4975,SYNTHETIC-08,SYN08,2024-12-25,3700457729.9999995,normal,108000
34335.0978,synthetic,2024-12-26T17:00:00+07:00,HNX,34335.0978,34678.448778000005,33991.746822,34335.0978,SYNTHETIC-08,SYN08,2024-12-26,3708190562.4000006,normal,108000
34406.6282,synthetic,2024-12-27T17:00:00+07:00,HNX,34406.6282,34750.694482,34062.561918,34406.6282,SYNTHETIC-08,SYN08,2024-12-27,3715915845.6,normal,108000
34477.572,synthetic,2024-12-30T17:00:00+07:00,HNX,34477.572,34822.34772,34132.79628,34477.572,SYNTHETIC-08,SYN08,2024-12-30,3723577776.0,normal,108000
34547.4144,synthetic,2024-12-31T17:00:00+07:00,HNX,34547.4144,34892.888544,34201.940256,34547.4144,SYNTHETIC-08,SYN08,2024-12-31,3731120755.2000003,normal,108000
34615.6466,synthetic,2025-01-01T17:00:00+07:00,HNX,34615.6466,34961.803066,34269.490134,34615.6466,SYNTHETIC-08,SYN08,2025-01-01,3738489832.8,normal,108000
34681.7709,synthetic,2025-01-02T17:00:00+07:00,HNX,34681.7709,35028.588609000006,34334.953191,34681.7709,SYNTHETIC-08,SYN08,2025-01-02,3745631257.2000003,normal,108000
34745.3044,synthetic,2025-01-03T17:00:00+07:00,HNX,34745.3044,35092.757444,34397.851356,34745.3044,SYNTHETIC-08,SYN08,2025-01-03,3752492875.2000003,normal,108000
34805.7839,synthetic,2025-01-06T17:00:00+07:00,HNX,34805.7839,35153.841739,34457.726061,34805.7839,SYNTHETIC-08,SYN08,2025-01-06,3759024661.2000003,normal,108000
34862.7701,synthetic,2025-01-07T17:00:00+07:00,HNX,34862.7701,35211.397801,34514.142399000004,34862.7701,SYNTHETIC-08,SYN08,2025-01-07,3765179170.8,normal,108000
34915.8517,synthetic,2025-01-08T17:00:00+07:00,HNX,34915.8517,35265.010217,34566.693182999996,34915.8517,SYNTHETIC-08,SYN08,2025-01-08,3770911983.6,normal,108000
34964.6492,synthetic,2025-01-09T17:00:00+07:00,HNX,34964.6492,35314.295692,34615.002708,34964.6492,SYNTHETIC-08,SYN08,2025-01-09,3776182113.6,normal,108000
35008.8185,synthetic,2025-01-10T17:00:00+07:00,HNX,35008.8185,35358.906685,34658.730315,35008.8185,SYNTHETIC-08,SYN08,2025-01-10,3780952398.0,normal,108000
35048.0549,synthetic,2025-01-13T17:00:00+07:00,HNX,35048.0549,35398.535449,34697.574351,35048.0549,SYNTHETIC-08,SYN08,2025-01-13,3785189929.2000003,normal,108000
35082.0952,synthetic,2025-01-14T17:00:00+07:00,HNX,35082.0952,35432.916152000005,34731.274248,35082.0952,SYNTHETIC-08,SYN08,2025-01-14,3788866281.6000004,normal,108000
35110.721,synthetic,2025-01-15T17:00:00+07:00,HNX,35110.721,35461.82821,34759.613789999996,35110.721,SYNTHETIC-08,SYN08,2025-01-15,3791957867.9999995,normal,108000
35133.7608,synthetic,2025-01-16T17:00:00+07:00,HNX,35133.7608,35485.098408,34782.423191999995,35133.7608,SYNTHETIC-08,SYN08,2025-01-16,3794446166.3999996,normal,108000
35151.0913,synthetic,2025-01-17T17:00:00+07:00,HNX,35151.0913,35502.602213,34799.580387,35151.0913,SYNTHETIC-08,SYN08,2025-01-17,3796317860.4,normal,108000
35162.6395,synthetic,2025-01-20T17:00:00+07:00,HNX,35162.6395,35514.265895,34811.013105,35162.6395,SYNTHETIC-08,SYN08,2025-01-20,3797565065.9999995,normal,108000
35168.3825,synthetic,2025-01-21T17:00:00+07:00,HNX,35168.3825,35520.066325,34816.698675,35168.3825,SYNTHETIC-08,SYN08,2025-01-21,3798185310.0,normal,108000
35168.3485,synthetic,2025-01-22T17:00:00+07:00,HNX,35168.3485,35520.031985,34816.665015,35168.3485,SYNTHETIC-08,SYN08,2025-01-22,3798181638.0,normal,108000
35162.6162,synthetic,2025-01-23T17:00:00+07:00,HNX,35162.6162,35514.242362,34810.990037999996,35162.6162,SYNTHETIC-08,SYN08,2025-01-23,3797562549.5999994,normal,108000
35151.3141,synthetic,2025-01-24T17:00:00+07:00,HNX,35151.3141,35502.827241000006,34799.800959,35151.3141,SYNTHETIC-08,SYN08,2025-01-24,3796341922.8,normal,108000
35134.6193,synthetic,2025-01-27T17:00:00+07:00,HNX,35134.6193,35485.965492999996,34783.273107,35134.6193,SYNTHETIC-08,SYN08,2025-01-27,3794538884.3999996,normal,108000
35112.7554,synthetic,2025-01-28T17:00:00+07:00,HNX,35112.7554,35463.882954,34761.627846,35112.7554,SYNTHETIC-08,SYN08,2025-01-28,3792177583.2000003,normal,108000
35085.9907,synthetic,2025-01-29T17:00:00+07:00,HNX,35085.9907,35436.850607,34735.130793000004,35085.9907,SYNTHETIC-08,SYN08,2025-01-29,3789286995.6000004,normal,108000
35054.6354,synthetic,2025-01-30T17:00:00+07:00,HNX,35054.6354,35405.181754,34704.089046,35054.6354,SYNTHETIC-08,SYN08,2025-01-30,3785900623.2,normal,108000
35019.0385,synthetic,2025-01-31T17:00:00+07:00,HNX,35019.0385,35369.228885000004,34668.848115,35019.0385,SYNTHETIC-08,SYN08,2025-01-31,3782056158.0000005,normal,108000
34979.5845,synthetic,2025-02-03T17:00:00+07:00,HNX,34979.5845,35329.380345,34629.788655,34979.5845,SYNTHETIC-08,SYN08,2025-02-03,3777795125.9999995,normal,108000
34936.6897,synthetic,2025-02-04T17:00:00+07:00,HNX,34936.6897,35286.056597,34587.322803,34936.6897,SYNTHETIC-08,SYN08,2025-02-04,3773162487.6000004,normal,108000
34890.7981,synthetic,2025-02-05T17:00:00+07:00,HNX,34890.7981,35239.706081000004,34541.890118999996,34890.7981,SYNTHETIC-08,SYN08,2025-02-05,3768206194.8,normal,108000
34842.3778,synthetic,2025-02-06T17:00:00+07:00,HNX,34842.3778,35190.801578000006,34493.954022,34842.3778,SYNTHETIC-08,SYN08,2025-02-06,3762976802.4,normal,108000
34791.9159,synthetic,2025-02-07T17:00:00+07:00,HNX,34791.9159,35139.835059,34443.996741,34791.9159,SYNTHETIC-08,SYN08,2025-02-07,3757526917.2,normal,108000
34739.9149,synthetic,2025-02-10T17:00:00+07:00,HNX,34739.9149,35087.314049,34392.515751000006,34739.9149,SYNTHETIC-08,SYN08,2025-02-10,3751910809.2000003,normal,108000
34686.8877,synthetic,2025-02-11T17:00:00+07:00,HNX,34686.8877,35033.756577,34340.018823,34686.8877,SYNTHETIC-08,SYN08,2025-02-11,3746183871.6,normal,108000
34633.3534,synthetic,2025-02-12T17:00:00+07:00,HNX,34633.3534,34979.686934,34287.019866,34633.3534,SYNTHETIC-08,SYN08,2025-02-12,3740402167.2,normal,108000
34579.8329,synthetic,2025-02-13T17:00:00+07:00,HNX,34579.8329,34925.631229,34234.034571000004,34579.8329,SYNTHETIC-08,SYN08,2025-02-13,3734621953.2000003,normal,108000
34526.8442,synthetic,2025-02-14T17:00:00+07:00,HNX,34526.8442,34872.112642,34181.575758,34526.8442,SYNTHETIC-08,SYN08,2025-02-14,3728899173.6,normal,108000
34474.8987,synthetic,2025-02-17T17:00:00+07:00,HNX,34474.8987,34819.647687,34130.149713,34474.8987,SYNTHETIC-08,SYN08,2025-02-17,3723289059.6,normal,108000
34424.4968,synthetic,2025-02-18T17:00:00+07:00,HNX,34424.4968,34768.741768,34080.251832,34424.4968,SYNTHETIC-08,SYN08,2025-02-18,3717845654.4,normal,108000
34376.1239,synthetic,2025-02-19T17:00:00+07:00,HNX,34376.1239,34719.885139,34032.362661,34376.1239,SYNTHETIC-08,SYN08,2025-02-19,3712621381.2,normal,108000
34330.2468,synthetic,2025-02-20T17:00:00+07:00,HNX,34330.2468,34673.549268,33986.944332,34330.2468,SYNTHETIC-08,SYN08,2025-02-20,3707666654.4,normal,108000
34287.3105,synthetic,2025-02-21T17:00:00+07:00,HNX,34287.3105,34630.183605,33944.437395,34287.3105,SYNTHETIC-08,SYN08,2025-02-21,3703029534.0,normal,108000
34247.7344,synthetic,2025-02-24T17:00:00+07:00,HNX,34247.7344,34590.211744,33905.257056,34247.7344,SYNTHETIC-08,SYN08,2025-02-24,3698755315.2000003,normal,108000
34211.9094,synthetic,2025-02-25T17:00:00+07:00,HNX,34211.9094,34554.028494,33869.790305999995,34211.9094,SYNTHETIC-08,SYN08,2025-02-25,3694886215.2,normal,108000
34180.1957,synthetic,2025-02-26T17:00:00+07:00,HNX,34180.1957,34521.997657,33838.39374299999,34180.1957,SYNTHETIC-08,SYN08,2025-02-26,3691461135.5999994,normal,108000
34152.9196,synthetic,2025-02-27T17:00:00+07:00,HNX,34152.9196,34494.448796000004,33811.390404,34152.9196,SYNTHETIC-08,SYN08,2025-02-27,3688515316.8,normal,108000
34130.3716,synthetic,2025-02-28T17:00:00+07:00,HNX,34130.3716,34471.675316,33789.067884,34130.3716,SYNTHETIC-08,SYN08,2025-02-28,3686080132.7999997,normal,108000
34112.8046,synthetic,2025-03-03T17:00:00+07:00,HNX,34112.8046,34453.932646,33771.676554000005,34112.8046,SYNTHETIC-08,SYN08,2025-03-03,3684182896.8,normal,108000
34100.4318,synthetic,2025-03-04T17:00:00+07:00,HNX,34100.4318,34441.436118,33759.427482,34100.4318,SYNTHETIC-08,SYN08,2025-03-04,3682846634.3999996,normal,108000
34093.4259,synthetic,2025-03-05T17:00:00+07:00,HNX,34093.4259,34434.360159,33752.491641,34093.4259,SYNTHETIC-08,SYN08,2025-03-05,3682089997.2000003,normal,108000
34091.9173,synthetic,2025-03-06T17:00:00+07:00,HNX,34091.9173,34432.836473,33750.998127,34091.9173,SYNTHETIC-08,SYN08,2025-03-06,3681927068.4,normal,108000
34095.9938,synthetic,2025-03-07T17:00:00+07:00,HNX,34095.9938,34436.953738,33755.033862,34095.9938,SYNTHETIC-08,SYN08,2025-03-07,3682367330.3999996,normal,108000
34105.6998,synthetic,2025-03-10T17:00:00+07:00,HNX,34105.6998,34446.756798,33764.642802,34105.6998,SYNTHETIC-08,SYN08,2025-03-10,3683415578.4,normal,108000
34121.0361,synthetic,2025-03-11T17:00:00+07:00,HNX,34121.0361,34462.246460999995,33779.825739,34121.0361,SYNTHETIC-08,SYN08,2025-03-11,3685071898.7999997,normal,108000
34141.9595,synthetic,2025-03-12T17:00:00+07:00,HNX,34141.9595,34483.379095,33800.539905,34141.9595,SYNTHETIC-08,SYN08,2025-03-12,3687331625.9999995,normal,108000
34168.3835,synthetic,2025-03-13T17:00:00+07:00,HNX,34168.3835,34510.06733500001,33826.699665,34168.3835,SYNTHETIC-08,SYN08,2025-03-13,3690185418.0000005,normal,108000
34200.1786,synthetic,2025-03-14T17:00:00+07:00,HNX,34200.1786,34542.180386,33858.176814,34200.1786,SYNTHETIC-08,SYN08,2025-03-14,3693619288.7999997,normal,108000
34237.1732,synthetic,2025-03-17T17:00:00+07:00,HNX,34237.1732,34579.544932,33894.801468,34237.1732,SYNTHETIC-08,SYN08,2025-03-17,3697614705.6,normal,108000
34279.1543,synthetic,2025-03-18T17:00:00+07:00,HNX,34279.1543,34621.945843,33936.362757,34279.1543,SYNTHETIC-08,SYN08,2025-03-18,3702148664.4,normal,108000
34325.8694,synthetic,2025-03-19T17:00:00+07:00,HNX,34325.8694,34669.12809400001,33982.610706,34325.8694,SYNTHETIC-08,SYN08,2025-03-19,3707193895.2000003,normal,108000
34377.0277,synthetic,2025-03-20T17:00:00+07:00,HNX,34377.0277,34720.797977,34033.257422999995,34377.0277,SYNTHETIC-08,SYN08,2025-03-20,3712718991.6,normal,108000
34432.3022,synthetic,2025-03-21T17:00:00+07:00,HNX,34432.3022,34776.625221999995,34087.979178,34432.3022,SYNTHETIC-08,SYN08,2025-03-21,3718688637.6,normal,108000
34491.3316,synthetic,2025-03-24T17:00:00+07:00,HNX,34491.3316,34836.244915999996,34146.418284,34491.3316,SYNTHETIC-08,SYN08,2025-03-24,3725063812.7999997,normal,108000
34553.7233,synthetic,2025-03-25T17:00:00+07:00,HNX,34553.7233,34899.260533,34208.186066999995,34553.7233,SYNTHETIC-08,SYN08,2025-03-25,3731802116.3999996,normal,108000
34619.0555,synthetic,2025-03-26T17:00:00+07:00,HNX,34619.0555,34965.246055,34272.864945,34619.0555,SYNTHETIC-08,SYN08,2025-03-26,3738857994.0000005,normal,108000
34686.8808,synthetic,2025-03-27T17:00:00+07:00,HNX,34686.8808,35033.749608,34340.011992,34686.8808,SYNTHETIC-08,SYN08,2025-03-27,3746183126.4,normal,108000
34756.7289,synthetic,2025-03-28T17:00:00+07:00,HNX,34756.7289,35104.296189,34409.161611,34756.7289,SYNTHETIC-08,SYN08,2025-03-28,3753726721.2000003,normal,108000
34828.1106,synthetic,2025-03-31T17:00:00+07:00,HNX,34828.1106,35176.391706,34479.829494,34828.1106,SYNTHETIC-08,SYN08,2025-03-31,3761435944.8,normal,108000
34900.5212,synthetic,2025-04-01T17:00:00+07:00,HNX,34900.5212,35249.52641200001,34551.515988,34900.5212,SYNTHETIC-08,SYN08,2025-04-01,3769256289.6000004,normal,108000
34973.4445,synthetic,2025-04-02T17:00:00+07:00,HNX,34973.4445,35323.178945,34623.710054999996,34973.4445,SYNTHETIC-08,SYN08,2025-04-02,3777132005.9999995,normal,108000
35046.3573,synthetic,2025-04-03T17:00:00+07:00,HNX,35046.3573,35396.820873000004,34695.893727,35046.3573,SYNTHETIC-08,SYN08,2025-04-03,3785006588.4000006,normal,108000
35118.733,synthetic,2025-04-04T17:00:00+07:00,HNX,35118.733,35469.92033,34767.54567,35118.733,SYNTHETIC-08,SYN08,2025-04-04,3792823164.0,normal,108000
35190.0466,synthetic,2025-04-07T17:00:00+07:00,HNX,35190.0466,35541.947066,34838.146134,35190.0466,SYNTHETIC-08,SYN08,2025-04-07,3800525032.8,normal,108000
35259.7788,synthetic,2025-04-08T17:00:00+07:00,HNX,35259.7788,35612.376588,34907.181012,35259.7788,SYNTHETIC-08,SYN08,2025-04-08,3808056110.4,normal,108000
35327.421,synthetic,2025-04-09T17:00:00+07:00,HNX,35327.421,35680.695210000005,34974.14679,35327.421,SYNTHETIC-08,SYN08,2025-04-09,3815361468.0,normal,108000
35392.4793,synthetic,2025-04-10T17:00:00+07:00,HNX,35392.4793,35746.404093,35038.554507,35392.4793,SYNTHETIC-08,SYN08,2025-04-10,3822387764.4,normal,108000
35454.4793,synthetic,2025-04-11T17:00:00+07:00,HNX,35454.4793,35809.024093,35099.934507,35454.4793,SYNTHETIC-08,SYN08,2025-04-11,3829083764.4,normal,108000
35512.9703,synthetic,2025-04-14T17:00:00+07:00,HNX,35512.9703,35868.100003,35157.840597,35512.9703,SYNTHETIC-08,SYN08,2025-04-14,3835400792.4,normal,108000
35567.5297,synthetic,2025-04-15T17:00:00+07:00,HNX,35567.5297,35923.204997,35211.854403,35567.5297,SYNTHETIC-08,SYN08,2025-04-15,3841293207.6,normal,108000
35617.767,synthetic,2025-04-16T17:00:00+07:00,HNX,35617.767,35973.94467,35261.58933,35617.767,SYNTHETIC-08,SYN08,2025-04-16,3846718836.0,normal,108000
35663.3274,synthetic,2025-04-17T17:00:00+07:00,HNX,35663.3274,36019.960674,35306.694126,35663.3274,SYNTHETIC-08,SYN08,2025-04-17,3851639359.2000003,normal,108000
35703.8955,synthetic,2025-04-18T17:00:00+07:00,HNX,35703.8955,36060.934455,35346.856544999995,35703.8955,SYNTHETIC-08,SYN08,2025-04-18,3856020714.0,normal,108000
35739.1982,synthetic,2025-04-21T17:00:00+07:00,HNX,35739.1982,36096.590182,35381.806218,35739.1982,SYNTHETIC-08,SYN08,2025-04-21,3859833405.6,normal,108000
35769.0077,synthetic,2025-04-22T17:00:00+07:00,HNX,35769.0077,36126.697777,35411.317623,35769.0077,SYNTHETIC-08,SYN08,2025-04-22,3863052831.6000004,normal,108000
35793.1434,synthetic,2025-04-23T17:00:00+07:00,HNX,35793.1434,36151.074834,35435.211966,35793.1434,SYNTHETIC-08,SYN08,2025-04-23,3865659487.2000003,normal,108000
35811.4743,synthetic,2025-04-24T17:00:00+07:00,HNX,35811.4743,36169.589043,35453.359557,35811.4743,SYNTHETIC-08,SYN08,2025-04-24,3867639224.4,normal,108000
35823.9199,synthetic,2025-04-25T17:00:00+07:00,HNX,35823.9199,36182.159099000004,35465.680701,35823.9199,SYNTHETIC-08,SYN08,2025-04-25,3868983349.2000003,normal,108000
35830.451,synthetic,2025-04-28T17:00:00+07:00,HNX,35830.451,36188.75551,35472.14649,35830.451,SYNTHETIC-08,SYN08,2025-04-28,3869688708.0,normal,108000
35831.0903,synthetic,2025-04-29T17:00:00+07:00,HNX,35831.0903,36189.401203,35472.779397000006,35831.0903,SYNTHETIC-08,SYN08,2025-04-29,3869757752.4000006,normal,108000
35825.9122,synthetic,2025-04-30T17:00:00+07:00,HNX,35825.9122,36184.171322,35467.653077999996,35825.9122,SYNTHETIC-08,SYN08,2025-04-30,3869198517.6,normal,108000
35815.0418,synthetic,2025-05-01T17:00:00+07:00,HNX,35815.0418,36173.192218,35456.891382,35815.0418,SYNTHETIC-08,SYN08,2025-05-01,3868024514.4,normal,108000
35798.6538,synthetic,2025-05-02T17:00:00+07:00,HNX,35798.6538,36156.640338,35440.667262,35798.6538,SYNTHETIC-08,SYN08,2025-05-02,3866254610.4,normal,108000
35776.9709,synthetic,2025-05-05T17:00:00+07:00,HNX,35776.9709,36134.740609,35419.201191,35776.9709,SYNTHETIC-08,SYN08,2025-05-05,3863912857.2,normal,108000
35750.2611,synthetic,2025-05-06T17:00:00+07:00,HNX,35750.2611,36107.76371100001,35392.758489,35750.2611,SYNTHETIC-08,SYN08,2025-05-06,3861028198.8,normal,108000
35718.8359,synthetic,2025-05-07T17:00:00+07:00,HNX,35718.8359,36076.024259,35361.647541,35718.8359,SYNTHETIC-08,SYN08,2025-05-07,3857634277.2,normal,108000
35683.0463,synthetic,2025-05-08T17:00:00+07:00,HNX,35683.0463,36039.876763,35326.215837,35683.0463,SYNTHETIC-08,SYN08,2025-05-08,3853769000.4,normal,108000
35643.2802,synthetic,2025-05-09T17:00:00+07:00,HNX,35643.2802,35999.713002000004,35286.847398,35643.2802,SYNTHETIC-08,SYN08,2025-05-09,3849474261.6,normal,108000
35599.9581,synthetic,2025-05-12T17:00:00+07:00,HNX,35599.9581,35955.95768100001,35243.958519,35599.9581,SYNTHETIC-08,SYN08,2025-05-12,3844795474.8,normal,108000
35553.5296,synthetic,2025-05-13T17:00:00+07:00,HNX,35553.5296,35909.064896,35197.994304,35553.5296,SYNTHETIC-08,SYN08,2025-05-13,3839781196.8,normal,108000
35504.4686,synthetic,2025-05-14T17:00:00+07:00,HNX,35504.4686,35859.513286,35149.423914,35504.4686,SYNTHETIC-08,SYN08,2025-05-14,3834482608.8,normal,108000
35453.2697,synthetic,2025-05-15T17:00:00+07:00,HNX,35453.2697,35807.802397,35098.737002999995,35453.2697,SYNTHETIC-08,SYN08,2025-05-15,3828953127.6,normal,108000
35400.4431,synthetic,2025-05-16T17:00:00+07:00,HNX,35400.4431,35754.447531,35046.438668999996,35400.4431,SYNTHETIC-08,SYN08,2025-05-16,3823247854.7999997,normal,108000
35346.5106,synthetic,2025-05-19T17:00:00+07:00,HNX,35346.5106,35699.975706000005,34993.045494,35346.5106,SYNTHETIC-08,SYN08,2025-05-19,3817423144.8,normal,108000
35292.0003,synthetic,2025-05-20T17:00:00+07:00,HNX,35292.0003,35644.920303,34939.080297,35292.0003,SYNTHETIC-08,SYN08,2025-05-20,3811536032.4,normal,108000
35237.4431,synthetic,2025-05-21T17:00:00+07:00,HNX,35237.4431,35589.817531,34885.06866899999,35237.4431,SYNTHETIC-08,SYN08,2025-05-21,3805643854.7999997,normal,108000
35183.3672,synthetic,2025-05-22T17:00:00+07:00,HNX,35183.3672,35535.200872,34831.533528,35183.3672,SYNTHETIC-08,SYN08,2025-05-22,3799803657.6,normal,108000
35130.2948,synthetic,2025-05-23T17:00:00+07:00,HNX,35130.2948,35481.597748,34778.99185200001,35130.2948,SYNTHETIC-08,SYN08,2025-05-23,3794071838.4000006,normal,108000
35078.7371,synthetic,2025-05-26T17:00:00+07:00,HNX,35078.7371,35429.524471,34727.949729,35078.7371,SYNTHETIC-08,SYN08,2025-05-26,3788503606.7999997,normal,108000
35029.1906,synthetic,2025-05-27T17:00:00+07:00,HNX,35029.1906,35379.482506,34678.898694,35029.1906,SYNTHETIC-08,SYN08,2025-05-27,3783152584.8,normal,108000
34982.1334,synthetic,2025-05-28T17:00:00+07:00,HNX,34982.1334,35331.954734,34632.312066,34982.1334,SYNTHETIC-08,SYN08,2025-05-28,3778070407.2,normal,108000
34938.0214,synthetic,2025-05-29T17:00:00+07:00,HNX,34938.0214,35287.401613999995,34588.641186,34938.0214,SYNTHETIC-08,SYN08,2025-05-29,3773306311.2,normal,108000
34897.2851,synthetic,2025-05-30T17:00:00+07:00,HNX,34897.2851,35246.257951,34548.312249,34897.2851,SYNTHETIC-08,SYN08,2025-05-30,3768906790.8,normal,108000
34860.3264,synthetic,2025-06-02T17:00:00+07:00,HNX,34860.3264,35208.929663999996,34511.723136,34860.3264,SYNTHETIC-08,SYN08,2025-06-02,3764915251.2,normal,108000
34827.5158,synthetic,2025-06-03T17:00:00+07:00,HNX,34827.5158,35175.790958,34479.240642000004,34827.5158,SYNTHETIC-08,SYN08,2025-06-03,3761371706.4,normal,108000
34799.19,synthetic,2025-06-04T17:00:00+07:00,HNX,34799.19,35147.1819,34451.1981,34799.19,SYNTHETIC-08,SYN08,2025-06-04,3758312520.0000005,normal,108000
34775.6493,synthetic,2025-06-05T17:00:00+07:00,HNX,34775.6493,35123.405793,34427.892807,34775.6493,SYNTHETIC-08,SYN08,2025-06-05,3755770124.3999996,normal,108000
34757.1558,synthetic,2025-06-06T17:00:00+07:00,HNX,34757.1558,35104.727358000004,34409.584242,34757.1558,SYNTHETIC-08,SYN08,2025-06-06,3753772826.4,normal,108000
34743.9314,synthetic,2025-06-09T17:00:00+07:00,HNX,34743.9314,35091.370714000004,34396.492086,34743.9314,SYNTHETIC-08,SYN08,2025-06-09,3752344591.2000003,normal,108000
34736.1569,synthetic,2025-06-10T17:00:00+07:00,HNX,34736.1569,35083.518469,34388.795331,34736.1569,SYNTHETIC-08,SYN08,2025-06-10,3751504945.2000003,normal,108000
34733.9701,synthetic,2025-06-11T17:00:00+07:00,HNX,34733.9701,35081.309800999996,34386.630399,34733.9701,SYNTHETIC-08,SYN08,2025-06-11,3751268770.7999997,normal,108000
34737.4657,synthetic,2025-06-12T17:00:00+07:00,HNX,34737.4657,35084.840357,34390.091043,34737.4657,SYNTHETIC-08,SYN08,2025-06-12,3751646295.6,normal,108000
34746.6939,synthetic,2025-06-13T17:00:00+07:00,HNX,34746.6939,35094.160839,34399.226961,34746.6939,SYNTHETIC-08,SYN08,2025-06-13,3752642941.2,normal,108000
34761.6605,synthetic,2025-06-16T17:00:00+07:00,HNX,34761.6605,35109.277105,34414.043894999995,34761.6605,SYNTHETIC-08,SYN08,2025-06-16,3754259334.0,normal,108000
34782.3269,synthetic,2025-06-17T17:00:00+07:00,HNX,34782.3269,35130.150169,34434.503631,34782.3269,SYNTHETIC-08,SYN08,2025-06-17,3756491305.2,normal,108000
34808.6098,synthetic,2025-06-18T17:00:00+07:00,HNX,34808.6098,35156.695898,34460.523702,34808.6098,SYNTHETIC-08,SYN08,2025-06-18,3759329858.3999996,normal,108000
34840.3824,synthetic,2025-06-19T17:00:00+07:00,HNX,34840.3824,35188.786224,34491.978576,34840.3824,SYNTHETIC-08,SYN08,2025-06-19,3762761299.2000003,normal,108000
34877.4746,synthetic,2025-06-20T17:00:00+07:00,HNX,34877.4746,35226.249346000004,34528.699854,34877.4746,SYNTHETIC-08,SYN08,2025-06-20,3766767256.8,normal,108000
34919.6744,synthetic,2025-06-23T17:00:00+07:00,HNX,34919.6744,35268.871144000004,34570.477656,34919.6744,SYNTHETIC-08,SYN08,2025-06-23,3771324835.2000003,normal,108000
34966.729,synthetic,2025-06-24T17:00:00+07:00,HNX,34966.729,35316.39629,34617.06171,34966.729,SYNTHETIC-08,SYN08,2025-06-24,3776406732.0,normal,108000
35018.3465,synthetic,2025-06-25T17:00:00+07:00,HNX,35018.3465,35368.529965,34668.163035,35018.3465,SYNTHETIC-08,SYN08,2025-06-25,3781981422.0,normal,108000
35074.1977,synthetic,2025-06-26T17:00:00+07:00,HNX,35074.1977,35424.939676999995,34723.455723,35074.1977,SYNTHETIC-08,SYN08,2025-06-26,3788013351.6,normal,108000
35133.9187,synthetic,2025-06-27T17:00:00+07:00,HNX,35133.9187,35485.257887,34782.579513000004,35133.9187,SYNTHETIC-08,SYN08,2025-06-27,3794463219.6000004,normal,108000
35197.1129,synthetic,2025-06-30T17:00:00+07:00,HNX,35197.1129,35549.084029,34845.141771,35197.1129,SYNTHETIC-08,SYN08,2025-06-30,3801288193.2,normal,108000
33777.2605,synthetic,2024-01-01T17:00:00+07:00,HNX,33777.2605,34115.033104999995,33439.487895,33777.2605,SYNTHETIC-09,SYN09,2024-01-01,3681721394.4999995,normal,109000
33729.8922,synthetic,2024-01-02T17:00:00+07:00,HNX,33729.8922,34067.191122000004,33392.593278,33729.8922,SYNTHETIC-09,SYN09,2024-01-02,3676558249.8,normal,109000
33680.7672,synthetic,2024-01-03T17:00:00+07:00,HNX,33680.7672,34017.574872000005,33343.959528,33680.7672,SYNTHETIC-09,SYN09,2024-01-03,3671203624.8,normal,109000
33630.3774,synthetic,2024-01-04T17:00:00+07:00,HNX,33630.3774,33966.681174,33294.073626,33630.3774,SYNTHETIC-09,SYN09,2024-01-04,3665711136.6,normal,109000
33579.2229,synthetic,2024-01-05T17:00:00+07:00,HNX,33579.2229,33915.015129,33243.430671,33579.2229,SYNTHETIC-09,SYN09,2024-01-05,3660135296.1,normal,109000
33527.8078,synthetic,2024-01-08T17:00:00+07:00,HNX,33527.8078,33863.085878000005,33192.529722,33527.8078,SYNTHETIC-09,SYN09,2024-01-08,3654531050.2000003,normal,109000
33476.6359,synthetic,2024-01-09T17:00:00+07:00,HNX,33476.6359,33811.402259,33141.869541,33476.6359,SYNTHETIC-09,SYN09,2024-01-09,3648953313.1,normal,109000
33426.2069,synthetic,2024-01-10T17:00:00+07:00,HNX,33426.2069,33760.468968999994,33091.944831,33426.2069,SYNTHETIC-09,SYN09,2024-01-10,3643456552.1,normal,109000
33377.0116,synthetic,2024-01-11T17:00:00+07:00,HNX,33377.0116,33710.781716,33043.241484,33377.0116,SYNTHETIC-09,SYN09,2024-01-11,3638094264.3999996,normal,109000
33329.5286,synthetic,2024-01-12T17:00:00+07:00,HNX,33329.5286,33662.823886,32996.233314,33329.5286,SYNTHETIC-09,SYN09,2024-01-12,3632918617.3999996,normal,109000
33284.2206,synthetic,2024-01-15T17:00:00+07:00,HNX,33284.2206,33617.062806,32951.378394,33284.2206,SYNTHETIC-09,SYN09,2024-01-15,3627980045.4,normal,109000
33241.5306,synthetic,2024-01-16T17:00:00+07:00,HNX,33241.5306,33573.945906,32909.115293999996,33241.5306,SYNTHETIC-09,SYN09,2024-01-16,3623326835.3999996,normal,109000
33201.8787,synthetic,2024-01-17T17:00:00+07:00,HNX,33201.8787,33533.897487,32869.859913,33201.8787,SYNTHETIC-09,SYN09,2024-01-17,3619004778.3,normal,109000
33165.6591,synthetic,2024-01-18T17:00:00+07:00,HNX,33165.6591,33497.315690999996,32834.002509,33165.6591,SYNTHETIC-09,SYN09,2024-01-18,3615056841.8999996,normal,109000
33133.2374,synthetic,2024-01-19T17:00:00+07:00,HNX,33133.2374,33464.569773999996,32801.905026,33133.2374,SYNTHETIC-09,SYN09,2024-01-19,3611522876.6,normal,109000
33104.9479,synthetic,2024-01-22T17:00:00+07:00,HNX,33104.9479,33435.997379,32773.898421,33104.9479,SYNTHETIC-09,SYN09,2024-01-22,3608439321.1,normal,109000
33081.0911,synthetic,2024-01-23T17:00:00+07:00,HNX,33081.0911,33411.902011,32750.280188999997,33081.0911,SYNTHETIC-09,SYN09,2024-01-23,3605838929.8999996,normal,109000
33061.9323,synthetic,2024-01-24T17:00:00+07:00,HNX,33061.9323,33392.551623,32731.312977,33061.9323,SYNTHETIC-09,SYN09,2024-01-24,3603750620.7,normal,109000
33047.6992,synthetic,2024-01-25T17:00:00+07:00,HNX,33047.6992,33378.176192000006,32717.222208000003,33047.6992,SYNTHETIC-09,SYN09,2024-01-25,3602199212.8,normal,109000
33038.5806,synthetic,2024-01-26T17:00:00+07:00,HNX,33038.5806,33368.966406,32708.194794,33038.5806,SYNTHETIC-09,SYN09,2024-01-26,3601205285.4,normal,109000
33034.7255,synthetic,2024-01-29T17:00:00+07:00,HNX,33034.7255,33365.072755,32704.378245,33034.7255,SYNTHETIC-09,SYN09,2024-01-29,3600785079.5,normal,109000
33036.2415,synthetic,2024-01-30T17:00:00+07:00,HNX,33036.2415,33366.603915,32705.879084999997,33036.2415,SYNTHETIC-09,SYN09,2024-01-30,3600950323.4999995,normal,109000
33043.1947,synthetic,2024-01-31T17:00:00+07:00,HNX,33043.1947,33373.626647,32712.762753,33043.1947,SYNTHETIC-09,SYN09,2024-01-31,3601708222.3,normal,109000
33055.6088,synthetic,2024-02-01T17:00:00+07:00,HNX,33055.6088,33386.164888,32725.052712,33055.6088,SYNTHETIC-09,SYN09,2024-02-01,3603061359.2000003,normal,109000
33073.4652,synthetic,2024-02-02T17:00:00+07:00,HNX,33073.4652,33404.199852,32742.730548,33073.4652,SYNTHETIC-09,SYN09,2024-02-02,3605007706.7999997,normal,109000
33096.7031,synthetic,2024-02-05T17:00:00+07:00,HNX,33096.7031,33427.670131,32765.736069,33096.7031,SYNTHETIC-09,SYN09,2024-02-05,3607540637.9,normal,109000
33125.2195,synthetic,2024-02-06T17:00:00+07:00,HNX,33125.2195,33456.471695,32793.967305,33125.2195,SYNTHETIC-09,SYN09,2024-02-06,3610648925.5,normal,109000
33158.8704,synthetic,2024-02-07T17:00:00+07:00,HNX,33158.8704,33490.459104,32827.281696,33158.8704,SYNTHETIC-09,SYN09,2024-02-07,3614316873.6,normal,109000
33197.4709,synthetic,2024-02-08T17:00:00+07:00,HNX,33197.4709,33529.445609,32865.496191,33197.4709,SYNTHETIC-09,SYN09,2024-02-08,3618524328.1,normal,109000
33240.7973,synthetic,2024-02-09T17:00:00+07:00,HNX,33240.7973,33573.205273,32908.389327,33240.7973,SYNTHETIC-09,SYN09,2024-02-09,3623246905.7,normal,109000
33288.5876,synthetic,2024-02-12T17:00:00+07:00,HNX,33288.5876,33621.473476,32955.701724,33288.5876,SYNTHETIC-09,SYN09,2024-02-12,3628456048.4,normal,109000
33340.5439,synthetic,2024-02-13T17:00:00+07:00,HNX,33340.5439,33673.949339,33007.138460999995,33340.5439,SYNTHETIC-09,SYN09,2024-02-13,3634119285.1,normal,109000
33396.3338,synthetic,2024-02-14T17:00:00+07:00,HNX,33396.3338,33730.297138,33062.370462,33396.3338,SYNTHETIC-09,SYN09,2024-02-14,3640200384.2,normal,109000
33455.5931,synthetic,2024-02-15T17:00:00+07:00,HNX,33455.5931,33790.149031,33121.037168999996,33455.5931,SYNTHETIC-09,SYN09,2024-02-15,3646659647.8999996,normal,109000
33517.9281,synthetic,2024-02-16T17:00:00+07:00,HNX,33517.9281,33853.107380999994,33182.748819,33517.9281,SYNTHETIC-09,SYN09,2024-02-16,3653454162.8999996,normal,109000
33582.9183,synthetic,2024-02-19T17:00:00+07:00,HNX,33582.9183,33918.747483,33247.089116999996,33582.9183,SYNTHETIC-09,SYN09,2024-02-19,3660538094.7,normal,109000
33650.1195,synthetic,2024-02-20T17:00:00+07:00,HNX,33650.1195,33986.620695,33313.618305,33650.1195,SYNTHETIC-09,SYN09,2024-02-20,3667863025.5,normal,109000
33719.0673,synthetic,2024-02-21T17:00:00+07:00,HNX,33719.0673,34056.257973,33381.876627000005,33719.0673,SYNTHETIC-09,SYN09,2024-02-21,3675378335.7000003,normal,109000
33789.2801,synthetic,2024-02-22T17:00:00+07:00,HNX,33789.2801,34127.172901000005,33451.387299,33789.2801,SYNTHETIC-09,SYN09,2024-02-22,3683031530.9000006,normal,109000
33860.2631,synthetic,2024-02-23T17:00:00+07:00,HNX,33860.2631,34198.865731,33521.660468999995,33860.2631,SYNTHETIC-09,SYN09,2024-02-23,3690768677.8999996,normal,109000
33931.5126,synthetic,2024-02-26T17:00:00+07:00,HNX,33931.5126,34270.827726,33592.197474,33931.5126,SYNTHETIC-09,SYN09,2024-02-26,3698534873.4,normal,109000
34002.5191,synthetic,2024-02-27T17:00:00+07:00,HNX,34002.5191,34342.544291,33662.493909,34002.5191,SYNTHETIC-09,SYN09,2024-02-27,3706274581.8999996,normal,109000
34072.7726,synthetic,2024-02-28T17:00:00+07:00,HNX,34072.7726,34413.500325999994,33732.044874,34072.7726,SYNTHETIC-09,SYN09,2024-02-28,3713932213.3999996,normal,109000
34141.7661,synthetic,2024-02-29T17:00:00+07:00,HNX,34141.7661,34483.183761,33800.348439,34141.7661,SYNTHETIC-09,SYN09,2024-02-29,3721452504.9,normal,109000
34209.0004,synthetic,2024-03-01T17:00:00+07:00,HNX,34209.0004,34551.090403999995,33866.910396,34209.0004,SYNTHETIC-09,SYN09,2024-03-01,3728781043.6,normal,109000
34273.9884,synthetic,2024-03-04T17:00:00+07:00,HNX,34273.9884,34616.728284000004,33931.248516,34273.9884,SYNTHETIC-09,SYN09,2024-03-04,3735864735.6000004,normal,109000
34336.2593,synthetic,2024-03-05T17:00:00+07:00,HNX,34336.2593,34679.621892999996,33992.896707,34336.2593,SYNTHETIC-09,SYN09,2024-03-05,3742652263.7,normal,109000
34395.3633,synthetic,2024-03-06T17:00:00+07:00,HNX,34395.3633,34739.316932999995,34051.409667,34395.3633,SYNTHETIC-09,SYN09,2024-03-06,3749094599.7,normal,109000
34450.8754,synthetic,2024-03-07T17:00:00+07:00,HNX,34450.8754,34795.384154,34106.366645999995,34450.8754,SYNTHETIC-09,SYN09,2024-03-07,3755145418.6,normal,109000
34502.3995,synthetic,2024-03-08T17:00:00+07:00,HNX,34502.3995,34847.423495,34157.375504999996,34502.3995,SYNTHETIC-09,SYN09,2024-03-08,3760761545.5,normal,109000
34549.5724,synthetic,2024-03-11T17:00:00+07:00,HNX,34549.5724,34895.068124,34204.076676,34549.5724,SYNTHETIC-09,SYN09,2024-03-11,3765903391.6,normal,109000
34592.0671,synthetic,2024-03-12T17:00:00+07:00,HNX,34592.0671,34937.987771,34246.146429,34592.0671,SYNTHETIC-09,SYN09,2024-03-12,3770535313.9,normal,109000
34629.5962,synthetic,2024-03-13T17:00:00+07:00,HNX,34629.5962,34975.892162000004,34283.300237999996,34629.5962,SYNTHETIC-09,SYN09,2024-03-13,3774625985.8,normal,109000
34661.9146,synthetic,2024-03-14T17:00:00+07:00,HNX,34661.9146,35008.533745999994,34315.295454,34661.9146,SYNTHETIC-09,SYN09,2024-03-14,3778148691.3999996,normal,109000
34688.822,synthetic,2024-03-15T17:00:00+07:00,HNX,34688.822,35035.71022,34341.93378,34688.822,SYNTHETIC-09,SYN09,2024-03-15,3781081598.0,normal,109000
34710.1651,synthetic,2024-03-18T17:00:00+07:00,HNX,34710.1651,35057.266750999996,34363.063449,34710.1651,SYNTHETIC-09,SYN09,2024-03-18,3783407995.8999996,normal,109000
34725.8388,synthetic,2024-03-19T17:00:00+07:00,HNX,34725.8388,35073.097188,34378.580411999996,34725.8388,SYNTHETIC-09,SYN09,2024-03-19,3785116429.2,normal,109000
34735.7878,synthetic,2024-03-20T17:00:00+07:00,HNX,34735.7878,35083.145678,34388.429921999996,34735.7878,SYNTHETIC-09,SYN09,2024-03-20,3786200870.2,normal,109000
34740.0067,synthetic,2024-03-21T17:00:00+07:00,HNX,34740.0067,35087.406767,34392.606632999996,34740.0067,SYNTHETIC-09,SYN09,2024-03-21,3786660730.2999997,normal,109000
34738.5403,synthetic,2024-03-22T17:00:00+07:00,HNX,34738.5403,35085.925703,34391.154897,34738.5403,SYNTHETIC-09,SYN09,2024-03-22,3786500892.7000003,normal,109000
34731.4833,synthetic,2024-03-25T17:00:00+07:00,HNX,34731.4833,35078.798133,34384.168467,34731.4833,SYNTHETIC-09,SYN09,2024-03-25,3785731679.7,normal,109000
34718.9789,synthetic,2024-03-26T17:00:00+07:00,HNX,34718.9789,35066.168689000006,34371.789111,34718.9789,SYNTHETIC-09,SYN09,2024-03-26,3784368700.1000004,normal,109000
34701.218,synthetic,2024-03-27T17:00:00+07:00,HNX,34701.218,35048.23018,34354.20582,34701.218,SYNTHETIC-09,SYN09,2024-03-27,3782432762.0,normal,109000
34678.4368,synthetic,2024-03-28T17:00:00+07:00,HNX,34678.4368,35025.221168000004,34331.652432,34678.4368,SYNTHETIC-09,SYN09,2024-03-28,3779949611.2000003,normal,109000
34650.9147,synthetic,2024-03-29T17:00:00+07:00,HNX,34650.9147,34997.423847,34304.405553000004,34650.9147,SYNTHETIC-09,SYN09,2024-03-29,3776949702.3,normal,109000
34618.9714,synthetic,2024-04-01T17:00:00+07:00,HNX,34618.9714,34965.161114,34272.781686,34618.9714,SYNTHETIC-09,SYN09,2024-04-01,3773467882.6000004,normal,109000
34582.9642,synthetic,2024-04-02T17:00:00+07:00,HNX,34582.9642,34928.793842,34237.134558000005,34582.9642,SYNTHETIC-09,SYN09,2024-04-02,3769543097.8,normal,109000
34543.2838,synthetic,2024-04-03T17:00:00+07:00,HNX,34543.2838,34888.716638,34197.850962,34543.2838,SYNTHETIC-09,SYN09,2024-04-03,3765217934.2,normal,109000
34500.3514,synthetic,2024-04-04T17:00:00+07:00,HNX,34500.3514,34845.354914,34155.347885999996,34500.3514,SYNTHETIC-09,SYN09,2024-04-04,3760538302.6,normal,109000
34454.6142,synthetic,2024-04-05T17:00:00+07:00,HNX,34454.6142,34799.160342,34110.068058000004,34454.6142,SYNTHETIC-09,SYN09,2024-04-05,3755552947.8,normal,109000
34406.5414,synthetic,2024-04-08T17:00:00+07:00,HNX,34406.5414,34750.606814,34062.475986000005,34406.5414,SYNTHETIC-09,SYN09,2024-04-08,3750313012.6000004,normal,109000
34356.6199,synthetic,2024-04-09T17:00:00+07:00,HNX,34356.6199,34700.186099,34013.053701,34356.6199,SYNTHETIC-09,SYN09,2024-04-09,3744871569.1,normal,109000
34305.3503,synthetic,2024-04-10T17:00:00+07:00,HNX,34305.3503,34648.403803,33962.296796999995,34305.3503,SYNTHETIC-09,SYN09,2024-04-10,3739283182.7,normal,109000
34253.2417,synthetic,2024-04-11T17:00:00+07:00,HNX,34253.2417,34595.774117,33910.709283,34253.2417,SYNTHETIC-09,SYN09,2024-04-11,3733603345.2999997,normal,109000
34200.8081,synthetic,2024-04-12T17:00:00+07:00,HNX,34200.8081,34542.816181,33858.800019,34200.8081,SYNTHETIC-09,SYN09,2024-04-12,3727888082.9,normal,109000
34148.5638,synthetic,2024-04-15T17:00:00+07:00,HNX,34148.5638,34490.049438,33807.078162000005,34148.5638,SYNTHETIC-09,SYN09,2024-04-15,3722193454.2000003,normal,109000
34097.0187,synthetic,2024-04-16T17:00:00+07:00,HNX,34097.0187,34437.988887,33756.048513,34097.0187,SYNTHETIC-09,SYN09,2024-04-16,3716575038.3,normal,109000
34046.6748,synthetic,2024-04-17T17:00:00+07:00,HNX,34046.6748,34387.141548,33706.208052,34046.6748,SYNTHETIC-09,SYN09,2024-04-17,3711087553.2000003,normal,109000
33998.0221,synthetic,2024-04-18T17:00:00+07:00,HNX,33998.0221,34338.002321,33658.041879000004,33998.0221,SYNTHETIC-09,SYN09,2024-04-18,3705784408.9,normal,109000
33951.5342,synthetic,2024-04-19T17:00:00+07:00,HNX,33951.5342,34291.049542,33612.018858,33951.5342,SYNTHETIC-09,SYN09,2024-04-19,3700717227.8,normal,109000
33907.6655,synthetic,2024-04-22T17:00:00+07:00,HNX,33907.6655,34246.742155,33568.588845000006,33907.6655,SYNTHETIC-09,SYN09,2024-04-22,3695935539.5000005,normal,109000
33866.8473,synthetic,2024-04-23T17:00:00+07:00,HNX,33866.8473,34205.515773,33528.178827,33866.8473,SYNTHETIC-09,SYN09,2024-04-23,3691486355.7000003,normal,109000
33829.485,synthetic,2024-04-24T17:00:00+07:00,HNX,33829.485,34167.77985,33491.19015,33829.485,SYNTHETIC-09,SYN09,2024-04-24,3687413865.0,normal,109000
33795.9547,synthetic,2024-04-25T17:00:00+07:00,HNX,33795.9547,34133.914247,33457.995153,33795.9547,SYNTHETIC-09,SYN09,2024-04-25,3683759062.3,normal,109000
33766.6013,synthetic,2024-04-26T17:00:00+07:00,HNX,33766.6013,34104.267313000004,33428.935287,33766.6013,SYNTHETIC-09,SYN09,2024-04-26,3680559541.7000003,normal,109000
33741.7354,synthetic,2024-04-29T17:00:00+07:00,HNX,33741.7354,34079.152753999995,33404.318046,33741.7354,SYNTHETIC-09,SYN09,2024-04-29,3677849158.6,normal,109000
33721.6317,synthetic,2024-04-30T17:00:00+07:00,HNX,33721.6317,34058.848017,33384.415383,33721.6317,SYNTHETIC-09,SYN09,2024-04-30,3675657855.2999997,normal,109000
33706.527,synthetic,2024-05-01T17:00:00+07:00,HNX,33706.527,34043.59227,33369.46173,33706.527,SYNTHETIC-09,SYN09,2024-05-01,3674011443.0,normal,109000
33696.6184,synthetic,2024-05-02T17:00:00+07:00,HNX,33696.6184,34033.584584,33359.652216,33696.6184,SYNTHETIC-09,SYN09,2024-05-02,3672931405.6,normal,109000
33692.0627,synthetic,2024-05-03T17:00:00+07:00,HNX,33692.0627,34028.983327,33355.142073,33692.0627,SYNTHETIC-09,SYN09,2024-05-03,3672434834.3,normal,109000
33692.9744,synthetic,2024-05-06T17:00:00+07:00,HNX,33692.9744,34029.904144,33356.044656,33692.9744,SYNTHETIC-09,SYN09,2024-05-06,3672534209.6,normal,109000
33699.4259,synthetic,2024-05-07T17:00:00+07:00,HNX,33699.4259,34036.420159,33362.431641,33699.4259,SYNTHETIC-09,SYN09,2024-05-07,3673237423.1000004,normal,109000
33711.4464,synthetic,2024-05-08T17:00:00+07:00,HNX,33711.4464,34048.560864,33374.331936,33711.4464,SYNTHETIC-09,SYN09,2024-05-08,3674547657.6,normal,109000
33729.0219,synthetic,2024-05-09T17:00:00+07:00,HNX,33729.0219,34066.312119,33391.731681,33729.0219,SYNTHETIC-09,SYN09,2024-05-09,3676463387.1,normal,109000
33752.0952,synthetic,2024-05-10T17:00:00+07:00,HNX,33752.0952,34089.616152,33414.574248000004,33752.0952,SYNTHETIC-09,SYN09,2024-05-10,3678978376.8,normal,109000
33780.5663,synthetic,2024-05-13T17:00:00+07:00,HNX,33780.5663,34118.371963,33442.760637,33780.5663,SYNTHETIC-09,SYN09,2024-05-13,3682081726.7,normal,109000
33814.293,synthetic,2024-05-14T17:00:00+07:00,HNX,33814.293,34152.43593,33476.150069999996,33814.293,SYNTHETIC-09,SYN09,2024-05-14,3685757937.0,normal,109000
33853.0916,synthetic,2024-05-15T17:00:00+07:00,HNX,33853.0916,34191.622516,33514.560684,33853.0916,SYNTHETIC-09,SYN09,2024-05-15,3689986984.4,normal,109000
33896.7383,synthetic,2024-05-16T17:00:00+07:00,HNX,33896.7383,34235.705683,33557.770916999994,33896.7383,SYNTHETIC-09,SYN09,2024-05-16,3694744474.7,normal,109000
33944.9703,synthetic,2024-05-17T17:00:00+07:00,HNX,33944.9703,34284.420003,33605.520597,33944.9703,SYNTHETIC-09,SYN09,2024-05-17,3700001762.7000003,normal,109000
33997.488,synthetic,2024-05-20T17:00:00+07:00,HNX,33997.488,34337.46288,33657.513119999996,33997.488,SYNTHETIC-09,SYN09,2024-05-20,3705726191.9999995,normal,109000
34053.9562,synthetic,2024-05-21T17:00:00+07:00,HNX,34053.9562,34394.495762,33713.416638,34053.9562,SYNTHETIC-09,SYN09,2024-05-21,3711881225.8,normal,109000
34114.0072,synthetic,2024-05-22T17:00:00+07:00,HNX,34114.0072,34455.147272,33772.867128,34114.0072,SYNTHETIC-09,SYN09,2024-05-22,3718426784.8,normal,109000
34177.2427,synthetic,2024-05-23T17:00:00+07:00,HNX,34177.2427,34519.015127000006,33835.470273,34177.2427,SYNTHETIC-09,SYN09,2024-05-23,3725319454.3,normal,109000
34243.2369,synthetic,2024-05-24T17:00:00+07:00,HNX,34243.2369,34585.669269000005,33900.804531,34243.2369,SYNTHETIC-09,SYN09,2024-05-24,3732512822.1000004,normal,109000
34311.5393,synthetic,2024-05-27T17:00:00+07:00,HNX,34311.5393,34654.654693,33968.423907,34311.5393,SYNTHETIC-09,SYN09,2024-05-27,3739957783.7,normal,109000
34381.6784,synthetic,2024-05-28T17:00:00+07:00,HNX,34381.6784,34725.495184,34037.861615999995,34381.6784,SYNTHETIC-09,SYN09,2024-05-28,3747602945.6,normal,109000
34453.165,synthetic,2024-05-29T17:00:00+07:00,HNX,34453.165,34797.69665,34108.633350000004,34453.165,SYNTHETIC-09,SYN09,2024-05-29,3755394985.0,normal,109000
34525.4958,synthetic,2024-05-30T17:00:00+07:00,HNX,34525.4958,34870.750757999995,34180.240842,34525.4958,SYNTHETIC-09,SYN09,2024-05-30,3763279042.2,normal,109000
34598.1577,synthetic,2024-05-31T17:00:00+07:00,HNX,34598.1577,34944.139277,34252.176123000005,34598.1577,SYNTHETIC-09,SYN09,2024-05-31,3771199189.3,normal,109000
34670.6318,synthetic,2024-06-03T17:00:00+07:00,HNX,34670.6318,35017.338118,34323.925482000006,34670.6318,SYNTHETIC-09,SYN09,2024-06-03,3779098866.2000003,normal,109000
34742.3976,synthetic,2024-06-04T17:00:00+07:00,HNX,34742.3976,35089.821575999995,34394.973624,34742.3976,SYNTHETIC-09,SYN09,2024-06-04,3786921338.3999996,normal,109000
34812.9376,synthetic,2024-06-05T17:00:00+07:00,HNX,34812.9376,35161.066975999995,34464.808224,34812.9376,SYNTHETIC-09,SYN09,2024-06-05,3794610198.3999996,normal,109000
34881.7413,synthetic,2024-06-06T17:00:00+07:00,HNX,34881.7413,35230.558713,34532.923887000004,34881.7413,SYNTHETIC-09,SYN09,2024-06-06,3802109801.7000003,normal,109000
34948.3105,synthetic,2024-06-07T17:00:00+07:00,HNX,34948.3105,35297.793605,34598.827395,34948.3105,SYNTHETIC-09,SYN09,2024-06-07,3809365844.5,normal,109000
35012.1627,synthetic,2024-06-10T17:00:00+07:00,HNX,35012.1627,35362.284327,34662.041073,35012.1627,SYNTHETIC-09,SYN09,2024-06-10,3816325734.3,normal,109000
35072.8367,synthetic,2024-06-11T17:00:00+07:00,HNX,35072.8367,35423.565067,34722.108333,35072.8367,SYNTHETIC-09,SYN09,2024-06-11,3822939200.3,normal,109000
35129.8956,synthetic,2024-06-12T17:00:00+07:00,HNX,35129.8956,35481.194556,34778.596644000005,35129.8956,SYNTHETIC-09,SYN09,2024-06-12,3829158620.4000006,normal,109000
35182.9321,synthetic,2024-06-13T17:00:00+07:00,HNX,35182.9321,35534.761420999996,34831.102779,35182.9321,SYNTHETIC-09,SYN09,2024-06-13,3834939598.8999996,normal,109000
35231.5716,synthetic,2024-06-14T17:00:00+07:00,HNX,35231.5716,35583.887316,34879.255884000006,35231.5716,SYNTHETIC-09,SYN09,2024-06-14,3840241304.4,normal,109000
35275.4763,synthetic,2024-06-17T17:00:00+07:00,HNX,35275.4763,35628.231063,34922.721537000005,35275.4763,SYNTHETIC-09,SYN09,2024-06-17,3845026916.7000003,normal,109000
35314.3481,synthetic,2024-06-18T17:00:00+07:00,HNX,35314.3481,35667.491581,34961.204619000004,35314.3481,SYNTHETIC-09,SYN09,2024-06-18,3849263942.9,normal,109000
35347.9321,synthetic,2024-06-19T17:00:00+07:00,HNX,35347.9321,35701.411421,34994.452779,35347.9321,SYNTHETIC-09,SYN09,2024-06-19,3852924598.8999996,normal,109000
35376.0185,synthetic,2024-06-20T17:00:00+07:00,HNX,35376.0185,35729.778685,35022.258315,35376.0185,SYNTHETIC-09,SYN09,2024-06-20,3855986016.5,normal,109000
35398.4454,synthetic,2024-06-21T17:00:00+07:00,HNX,35398.4454,35752.429853999995,35044.460946,35398.4454,SYNTHETIC-09,SYN09,2024-06-21,3858430548.5999994,normal,109000
35415.0999,synthetic,2024-06-24T17:00:00+07:00,HNX,35415.0999,35769.250899,35060.948901,35415.0999,SYNTHETIC-09,SYN09,2024-06-24,3860245889.1,normal,109000
35425.9197,synthetic,2024-06-25T17:00:00+07:00,HNX,35425.9197,35780.178897,35071.660503,35425.9197,SYNTHETIC-09,SYN09,2024-06-25,3861425247.2999997,normal,109000
35430.8935,synthetic,2024-06-26T17:00:00+07:00,HNX,35430.8935,35785.202435,35076.584565,35430.8935,SYNTHETIC-09,SYN09,2024-06-26,3861967391.5,normal,109000
35430.061,synthetic,2024-06-27T17:00:00+07:00,HNX,35430.061,35784.36161,35075.76039,35430.061,SYNTHETIC-09,SYN09,2024-06-27,3861876649.0,normal,109000
35423.513,synthetic,2024-06-28T17:00:00+07:00,HNX,35423.513,35777.74813,35069.27787,35423.513,SYNTHETIC-09,SYN09,2024-06-28,3861162917.0,normal,109000
35411.39,synthetic,2024-07-01T17:00:00+07:00,HNX,35411.39,35765.5039,35057.276099999995,35411.39,SYNTHETIC-09,SYN09,2024-07-01,3859841510.0,normal,109000
35393.8811,synthetic,2024-07-02T17:00:00+07:00,HNX,35393.8811,35747.819911,35039.942289,35393.8811,SYNTHETIC-09,SYN09,2024-07-02,3857933039.9,normal,109000
35371.222,synthetic,2024-07-03T17:00:00+07:00,HNX,35371.222,35724.93422,35017.50978,35371.222,SYNTHETIC-09,SYN09,2024-07-03,3855463198.0,normal,109000
35343.6928,synthetic,2024-07-04T17:00:00+07:00,HNX,35343.6928,35697.129728,34990.255871999994,35343.6928,SYNTHETIC-09,SYN09,2024-07-04,3852462515.2,normal,109000
35311.6149,synthetic,2024-07-05T17:00:00+07:00,HNX,35311.6149,35664.731049,34958.498751,35311.6149,SYNTHETIC-09,SYN09,2024-07-05,3848966024.1,normal,109000
35275.3485,synthetic,2024-07-08T17:00:00+07:00,HNX,35275.3485,35628.101985,34922.595015,35275.3485,SYNTHETIC-09,SYN09,2024-07-08,3845012986.5,normal,109000
35235.2885,synthetic,2024-07-09T17:00:00+07:00,HNX,35235.2885,35587.641385,34882.935615,35235.2885,SYNTHETIC-09,SYN09,2024-07-09,3840646446.5000005,normal,109000
35191.8608,synthetic,2024-07-10T17:00:00+07:00,HNX,35191.8608,35543.779408,34839.942192,35191.8608,SYNTHETIC-09,SYN09,2024-07-10,3835912827.2000003,normal,109000
35145.5188,synthetic,2024-07-11T17:00:00+07:00,HNX,35145.5188,35496.973988,34794.063612,35145.5188,SYNTHETIC-09,SYN09,2024-07-11,3830861549.2,normal,109000
35096.7387,synthetic,2024-07-12T17:00:00+07:00,HNX,35096.7387,35447.706087,34745.771313000005,35096.7387,SYNTHETIC-09,SYN09,2024-07-12,3825544518.3,normal,109000
35046.0154,synthetic,2024-07-15T17:00:00+07:00,HNX,35046.0154,35396.475554,34695.555245999996,35046.0154,SYNTHETIC-09,SYN09,2024-07-15,3820015678.5999994,normal,109000
34993.8577,synthetic,2024-07-16T17:00:00+07:00,HNX,34993.8577,35343.796277,34643.919123,34993.8577,SYNTHETIC-09,SYN09,2024-07-16,3814330489.3,normal,109000
34940.7843,synthetic,2024-07-17T17:00:00+07:00,HNX,34940.7843,35290.192143,34591.376457,34940.7843,SYNTHETIC-09,SYN09,2024-07-17,3808545488.7,normal,109000
34887.3191,synthetic,2024-07-18T17:00:00+07:00,HNX,34887.3191,35236.192291,34538.445909,34887.3191,SYNTHETIC-09,SYN09,2024-07-18,3802717781.9,normal,109000
34833.9866,synthetic,2024-07-19T17:00:00+07:00,HNX,34833.9866,35182.326466,34485.646733999994,34833.9866,SYNTHETIC-09,SYN09,2024-07-19,3796904539.3999996,normal,109000
34781.3078,synthetic,2024-07-22T17:00:00+07:00,HNX,34781.3078,35129.120878,34433.494722,34781.3078,SYNTHETIC-09,SYN09,2024-07-22,3791162550.2000003,normal,109000
34729.7958,synthetic,2024-07-23T17:00:00+07:00,HNX,34729.7958,35077.093758,34382.497842,34729.7958,SYNTHETIC-09,SYN09,2024-07-23,3785547742.2,normal,109000
34679.9519,synthetic,2024-07-24T17:00:00+07:00,HNX,34679.9519,35026.751419,34333.152381,34679.9519,SYNTHETIC-09,SYN09,2024-07-24,3780114757.1,normal,109000
34632.2612,synthetic,2024-07-25T17:00:00+07:00,HNX,34632.2612,34978.583812000004,34285.938588,34632.2612,SYNTHETIC-09,SYN09,2024-07-25,3774916470.8,normal,109000
34587.1897,synthetic,2024-07-26T17:00:00+07:00,HNX,34587.1897,34933.061597,34241.317803000005,34587.1897,SYNTHETIC-09,SYN09,2024-07-26,3770003677.3,normal,109000
34545.18,synthetic,2024-07-29T17:00:00+07:00,HNX,34545.18,34890.6318,34199.7282,34545.18,SYNTHETIC-09,SYN09,2024-07-29,3765424620.0,normal,109000
34506.6488,synthetic,2024-07-30T17:00:00+07:00,HNX,34506.6488,34851.715288,34161.582312000006,34506.6488,SYNTHETIC-09,SYN09,2024-07-30,3761224719.2000003,normal,109000
34471.9834,synthetic,2024-07-31T17:00:00+07:00,HNX,34471.9834,34816.703234,34127.263565999994,34471.9834,SYNTHETIC-09,SYN09,2024-07-31,3757446190.6,normal,109000
34441.5392,synthetic,2024-08-01T17:00:00+07:00,HNX,34441.5392,34785.954592,34097.123808,34441.5392,SYNTHETIC-09,SYN09,2024-08-01,3754127772.7999997,normal,109000
34415.6372,synthetic,2024-08-02T17:00:00+07:00,HNX,34415.6372,34759.793571999995,34071.480828,34415.6372,SYNTHETIC-09,SYN09,2024-08-02,3751304454.7999997,normal,109000
34394.5618,synthetic,2024-08-05T17:00:00+07:00,HNX,34394.5618,34738.507418,34050.616182000005,34394.5618,SYNTHETIC-09,SYN09,2024-08-05,3749007236.2000003,normal,109000
34378.559,synthetic,2024-08-06T17:00:00+07:00,HNX,34378.559,34722.34459,34034.77341,34378.559,SYNTHETIC-09,SYN09,2024-08-06,3747262931.0,normal,109000
34367.8348,synthetic,2024-08-07T17:00:00+07:00,HNX,34367.8348,34711.513148,34024.156451999996,34367.8348,SYNTHETIC-09,SYN09,2024-08-07,3746093993.2,normal,109000
34362.5536,synthetic,2024-08-08T17:00:00+07:00,HNX,34362.5536,34706.179136,34018.928064,34362.5536,SYNTHETIC-09,SYN09,2024-08-08,3745518342.4,normal,109000
34362.8375,synthetic,2024-08-09T17:00:00+07:00,HNX,34362.8375,34706.465875,34019.209125,34362.8375,SYNTHETIC-09,SYN09,2024-08-09,3745549287.5,normal,109000
34368.765,synthetic,2024-08-12T17:00:00+07:00,HNX,34368.765,34712.45265,34025.07735,34368.765,SYNTHETIC-09,SYN09,2024-08-12,3746195385.0,normal,109000
34380.3711,synthetic,2024-08-13T17:00:00+07:00,HNX,34380.3711,34724.174811,34036.567388999996,34380.3711,SYNTHETIC-09,SYN09,2024-08-13,3747460449.8999996,normal,109000
34397.6466,synthetic,2024-08-14T17:00:00+07:00,HNX,34397.6466,34741.623066,34053.670134,34397.6466,SYNTHETIC-09,SYN09,2024-08-14,3749343479.4,normal,109000
34420.5382,synthetic,2024-08-15T17:00:00+07:00,HNX,34420.5382,34764.743582,34076.332818,34420.5382,SYNTHETIC-09,SYN09,2024-08-15,3751838663.8,normal,109000
34448.949,synthetic,2024-08-16T17:00:00+07:00,HNX,34448.949,34793.43849,34104.45951,34448.949,SYNTHETIC-09,SYN09,2024-08-16,3754935441.0,normal,109000
34482.7387,synthetic,2024-08-19T17:00:00+07:00,HNX,34482.7387,34827.566087,34137.911313000004,34482.7387,SYNTHETIC-09,SYN09,2024-08-19,3758618518.3,normal,109000
34521.7249,synthetic,2024-08-20T17:00:00+07:00,HNX,34521.7249,34866.942149,34176.507651,34521.7249,SYNTHETIC-09,SYN09,2024-08-20,3762868014.1,normal,109000
34565.684,synthetic,2024-08-21T17:00:00+07:00,HNX,34565.684,34911.340840000004,34220.02716,34565.684,SYNTHETIC-09,SYN09,2024-08-21,3767659556.0,normal,109000
34614.3524,synthetic,2024-08-22T17:00:00+07:00,HNX,34614.3524,34960.495924,34268.208876000004,34614.3524,SYNTHETIC-09,SYN09,2024-08-22,3772964411.6000004,normal,109000
34667.4287,synthetic,2024-08-23T17:00:00+07:00,HNX,34667.4287,35014.102987,34320.754412999995,34667.4287,SYNTHETIC-09,SYN09,2024-08-23,3778749728.2999997,normal,109000
34724.5753,synthetic,2024-08-26T17:00:00+07:00,HNX,34724.5753,35071.821053,34377.329546999994,34724.5753,SYNTHETIC-09,SYN09,2024-08-26,3784978707.7,normal,109000
34785.4206,synthetic,2024-08-27T17:00:00+07:00,HNX,34785.4206,35133.274806,34437.566393999994,34785.4206,SYNTHETIC-09,SYN09,2024-08-27,3791610845.3999996,normal,109000
34849.562,synthetic,2024-08-28T17:00:00+07:00,HNX,34849.562,35198.05762,34501.06638,34849.562,SYNTHETIC-09,SYN09,2024-08-28,3798602258.0,normal,109000
34916.5683,synthetic,2024-08-29T17:00:00+07:00,HNX,34916.5683,35265.733983,34567.402617,34916.5683,SYNTHETIC-09,SYN09,2024-08-29,3805905944.7,normal,109000
34985.9827,synthetic,2024-08-30T17:00:00+07:00,HNX,34985.9827,35335.842527,34636.122873,34985.9827,SYNTHETIC-09,SYN09,2024-08-30,3813472114.3,normal,109000
35057.3268,synthetic,2024-09-02T17:00:00+07:00,HNX,35057.3268,35407.900068,34706.753532,35057.3268,SYNTHETIC-09,SYN09,2024-09-02,3821248621.2000003,normal,109000
35130.1032,synthetic,2024-09-03T17:00:00+07:00,HNX,35130.1032,35481.404232,34778.802167999995,35130.1032,SYNTHETIC-09,SYN09,2024-09-03,3829181248.7999997,normal,109000
35203.8003,synthetic,2024-09-04T17:00:00+07:00,HNX,35203.8003,35555.838303000004,34851.762297,35203.8003,SYNTHETIC-09,SYN09,2024-09-04,3837214232.7000003,normal,109000
35277.8957,synthetic,2024-09-05T17:00:00+07:00,HNX,35277.8957,35630.674657,34925.116743,35277.8957,SYNTHETIC-09,SYN09,2024-09-05,3845290631.3,normal,109000
35351.8606,synthetic,2024-09-06T17:00:00+07:00,HNX,35351.8606,35705.379206,34998.341994,35351.8606,SYNTHETIC-09,SYN09,2024-09-06,3853352805.4,normal,109000
35425.1641,synthetic,2024-09-09T17:00:00+07:00,HNX,35425.1641,35779.415741000004,35070.912459,35425.1641,SYNTHETIC-09,SYN09,2024-09-09,3861342886.9,normal,109000
35497.2778,synthetic,2024-09-10T17:00:00+07:00,HNX,35497.2778,35852.25057800001,35142.305022,35497.2778,SYNTHETIC-09,SYN09,2024-09-10,3869203280.2000003,normal,109000
35567.6802,synthetic,2024-09-11T17:00:00+07:00,HNX,35567.6802,35923.357002000004,35212.003398,35567.6802,SYNTHETIC-09,SYN09,2024-09-11,3876877141.8,normal,109000
35635.8611,synthetic,2024-09-12T17:00:00+07:00,HNX,35635.8611,35992.219711000005,35279.502489,35635.8611,SYNTHETIC-09,SYN09,2024-09-12,3884308859.9,normal,109000
35701.3268,synthetic,2024-09-13T17:00:00+07:00,HNX,35701.3268,36058.340068000005,35344.313532,35701.3268,SYNTHETIC-09,SYN09,2024-09-13,3891444621.2000003,normal,109000
35763.6038,synthetic,2024-09-16T17:00:00+07:00,HNX,35763.6038,36121.239837999994,35405.967762,35763.6038,SYNTHETIC-09,SYN09,2024-09-16,3898232814.2,normal,109000
35822.2437,synthetic,2024-09-17T17:00:00+07:00,HNX,35822.2437,36180.466136999996,35464.021263,35822.2437,SYNTHETIC-09,SYN09,2024-09-17,3904624563.2999997,normal,109000
35876.8273,synthetic,2024-09-18T17:00:00+07:00,HNX,35876.8273,36235.595573,35518.059026999996,35876.8273,SYNTHETIC-09,SYN09,2024-09-18,3910574175.7,normal,109000
35926.9686,synthetic,2024-09-19T17:00:00+07:00,HNX,35926.9686,36286.238286,35567.698914,35926.9686,SYNTHETIC-09,SYN09,2024-09-19,3916039577.4,normal,109000
35972.3184,synthetic,2024-09-20T17:00:00+07:00,HNX,35972.3184,36332.041584,35612.595215999994,35972.3184,SYNTHETIC-09,SYN09,2024-09-20,3920982705.5999994,normal,109000
36012.5681,synthetic,2024-09-23T17:00:00+07:00,HNX,36012.5681,36372.693780999994,35652.442419,36012.5681,SYNTHETIC-09,SYN09,2024-09-23,3925369922.8999996,normal,109000
36047.4523,synthetic,2024-09-24T17:00:00+07:00,HNX,36047.4523,36407.926822999994,35686.977777,36047.4523,SYNTHETIC-09,SYN09,2024-09-24,3929172300.7,normal,109000
36076.7518,synthetic,2024-09-25T17:00:00+07:00,HNX,36076.7518,36437.519318,35715.984282,36076.7518,SYNTHETIC-09,SYN09,2024-09-25,3932365946.2,normal,109000
36100.2957,synthetic,2024-09-26T17:00:00+07:00,HNX,36100.2957,36461.298657,35739.292743000005,36100.2957,SYNTHETIC-09,SYN09,2024-09-26,3934932231.3,normal,109000
36117.963,synthetic,2024-09-27T17:00:00+07:00,HNX,36117.963,36479.14263,35756.783370000005,36117.963,SYNTHETIC-09,SYN09,2024-09-27,3936857967.0000005,normal,109000
36129.6842,synthetic,2024-09-30T17:00:00+07:00,HNX,36129.6842,36490.98104200001,35768.387358,36129.6842,SYNTHETIC-09,SYN09,2024-09-30,3938135577.8,normal,109000
36135.4418,synthetic,2024-10-01T17:00:00+07:00,HNX,36135.4418,36496.796218,35774.087382,36135.4418,SYNTHETIC-09,SYN09,2024-10-01,3938763156.2000003,normal,109000
36135.2702,synthetic,2024-10-02T17:00:00+07:00,HNX,36135.2702,36496.622902,35773.917497999995,36135.2702,SYNTHETIC-09,SYN09,2024-10-02,3938744451.7999997,normal,109000
36129.2562,synthetic,2024-10-03T17:00:00+07:00,HNX,36129.2562,36490.548762000006,35767.963638,36129.2562,SYNTHETIC-09,SYN09,2024-10-03,3938088925.8,normal,109000
36117.5372,synthetic,2024-10-04T17:00:00+07:00,HNX,36117.5372,36478.712572,35756.361828,36117.5372,SYNTHETIC-09,SYN09,2024-10-04,3936811554.7999997,normal,109000
36100.3005,synthetic,2024-10-07T17:00:00+07:00,HNX,36100.3005,36461.303504999996,35739.297495,36100.3005,SYNTHETIC-09,SYN09,2024-10-07,3934932754.4999995,normal,109000
36077.7812,synthetic,2024-10-08T17:00:00+07:00,HNX,36077.7812,36438.559012,35717.003388,36077.7812,SYNTHETIC-09,SYN09,2024-10-08,3932478150.7999997,normal,109000
36050.2599,synthetic,2024-10-09T17:00:00+07:00,HNX,36050.2599,36410.762499,35689.757301,36050.2599,SYNTHETIC-09,SYN09,2024-10-09,3929478329.1,normal,109000
36018.0596,synthetic,2024-10-10T17:00:00+07:00,HNX,36018.0596,36378.240196,35657.879004,36018.0596,SYNTHETIC-09,SYN09,2024-10-10,3925968496.4,normal,109000
35981.5433,synthetic,2024-10-11T17:00:00+07:00,HNX,35981.5433,36341.358733,35621.727866999994,35981.5433,SYNTHETIC-09,SYN09,2024-10-11,3921988219.7,normal,109000
35941.1099,synthetic,2024-10-14T17:00:00+07:00,HNX,35941.1099,36300.520999,35581.698801000006,35941.1099,SYNTHETIC-09,SYN09,2024-10-14,3917580979.1000004,normal,109000
35897.1904,synthetic,2024-10-15T17:00:00+07:00,HNX,35897.1904,36256.162304,35538.218496,35897.1904,SYNTHETIC-09,SYN09,2024-10-15,3912793753.6,normal,109000
35850.2441,synthetic,2024-10-16T17:00:00+07:00,HNX,35850.2441,36208.746541,35491.74165900001,35850.2441,SYNTHETIC-09,SYN09,2024-10-16,3907676606.9000006,normal,109000
35800.7543,synthetic,2024-10-17T17:00:00+07:00,HNX,35800.7543,36158.761843,35442.746757,35800.7543,SYNTHETIC-09,SYN09,2024-10-17,3902282218.7000003,normal,109000
35749.2237,synthetic,2024-10-18T17:00:00+07:00,HNX,35749.2237,36106.715937,35391.731463000004,35749.2237,SYNTHETIC-09,SYN09,2024-10-18,3896665383.3,normal,109000
35696.1699,synthetic,2024-10-21T17:00:00+07:00,HNX,35696.1699,36053.131599,35339.208201,35696.1699,SYNTHETIC-09,SYN09,2024-10-21,3890882519.1,normal,109000
35642.1211,synthetic,2024-10-22T17:00:00+07:00,HNX,35642.1211,35998.542311,35285.699888999996,35642.1211,SYNTHETIC-09,SYN09,2024-10-22,3884991199.8999996,normal,109000
35587.611,synthetic,2024-10-23T17:00:00+07:00,HNX,35587.611,35943.487109999995,35231.73489,35587.611,SYNTHETIC-09,SYN09,2024-10-23,3879049598.9999995,normal,109000
35533.1748,synthetic,2024-10-24T17:00:00+07:00,HNX,35533.1748,35888.506548,35177.843052000004,35533.1748,SYNTHETIC-09,SYN09,2024-10-24,3873116053.2000003,normal,109000
35479.3446,synthetic,2024-10-25T17:00:00+07:00,HNX,35479.3446,35834.138046,35124.55115399999,35479.3446,SYNTHETIC-09,SYN09,2024-10-25,3867248561.3999996,normal,109000
35426.6447,synthetic,2024-10-28T17:00:00+07:00,HNX,35426.6447,35780.911147,35072.378252999995,35426.6447,SYNTHETIC-09,SYN09,2024-10-28,3861504272.2999997,normal,109000
35375.5879,synthetic,2024-10-29T17:00:00+07:00,HNX,35375.5879,35729.343779,35021.832020999995,35375.5879,SYNTHETIC-09,SYN09,2024-10-29,3855939081.1,normal,109000
35326.6713,synthetic,2024-10-30T17:00:00+07:00,HNX,35326.6713,35679.938013,34973.404587000005,35326.6713,SYNTHETIC-09,SYN09,2024-10-30,3850607171.7000003,normal,109000
35280.3724,synthetic,2024-10-31T17:00:00+07:00,HNX,35280.3724,35633.176124,34927.568676,35280.3724,SYNTHETIC-09,SYN09,2024-10-31,3845560591.6,normal,109000
35237.1457,synthetic,2024-11-01T17:00:00+07:00,HNX,35237.1457,35589.517157,34884.774243,35237.1457,SYNTHETIC-09,SYN09,2024-11-01,3840848881.3,normal,109000
35197.4192,synthetic,2024-11-04T17:00:00+07:00,HNX,35197.4192,35549.393392,34845.445007999995,35197.4192,SYNTHETIC-09,SYN09,2024-11-04,3836518692.7999997,normal,109000
35161.5915,synthetic,2024-11-05T17:00:00+07:00,HNX,35161.5915,35513.207415000004,34809.975585,35161.5915,SYNTHETIC-09,SYN09,2024-11-05,3832613473.5000005,normal,109000
35130.0291,synthetic,2024-11-06T17:00:00+07:00,HNX,35130.0291,35481.329391,34778.728809,35130.0291,SYNTHETIC-09,SYN09,2024-11-06,3829173171.9,normal,109000
35103.0634,synthetic,2024-11-07T17:00:00+07:00,HNX,35103.0634,35454.094034,34752.032766,35103.0634,SYNTHETIC-09,SYN09,2024-11-07,3826233910.6,normal,109000
35080.9889,synthetic,2024-11-08T17:00:00+07:00,HNX,35080.9889,35431.798789,34730.17901099999,35080.9889,SYNTHETIC-09,SYN09,2024-11-08,3823827790.0999994,normal,109000
35064.0612,synthetic,2024-11-11T17:00:00+07:00,HNX,35064.0612,35414.701812,34713.42058799999,35064.0612,SYNTHETIC-09,SYN09,2024-11-11,3821982670.7999997,normal,109000
35052.4949,synthetic,2024-11-12T17:00:00+07:00,HNX,35052.4949,35403.019849,34701.969951,35052.4949,SYNTHETIC-09,SYN09,2024-11-12,3820721944.1,normal,109000
35046.4629,synthetic,2024-11-13T17:00:00+07:00,HNX,35046.4629,35396.927529,34695.998271,35046.4629,SYNTHETIC-09,SYN09,2024-11-13,3820064456.1,normal,109000
35046.0945,synthetic,2024-11-14T17:00:00+07:00,HNX,35046.0945,35396.555445,34695.633555,35046.0945,SYNTHETIC-09,SYN09,2024-11-14,3820024300.5,normal,109000
35051.4752,synthetic,2024-11-15T17:00:00+07:00,HNX,35051.4752,35401.989952,34700.960448,35051.4752,SYNTHETIC-09,SYN09,2024-11-15,3820610796.8,normal,109000
35062.6456,synthetic,2024-11-18T17:00:00+07:00,HNX,35062.6456,35413.272056,34712.019144000005,35062.6456,SYNTHETIC-09,SYN09,2024-11-18,3821828370.4000006,normal,109000
35079.6015,synthetic,2024-11-19T17:00:00+07:00,HNX,35079.6015,35430.397515,34728.805485,35079.6015,SYNTHETIC-09,SYN09,2024-11-19,3823676563.4999995,normal,109000
35102.2937,synthetic,2024-11-20T17:00:00+07:00,HNX,35102.2937,35453.316637,34751.270763,35102.2937,SYNTHETIC-09,SYN09,2024-11-20,3826150013.3,normal,109000
35130.6286,synthetic,2024-11-21T17:00:00+07:00,HNX,35130.6286,35481.934885999995,34779.322314,35130.6286,SYNTHETIC-09,SYN09,2024-11-21,3829238517.3999996,normal,109000
35164.468,synthetic,2024-11-22T17:00:00+07:00,HNX,35164.468,35516.11268,34812.82332,35164.468,SYNTHETIC-09,SYN09,2024-11-22,3832927012.0,normal,109000
35203.631,synthetic,2024-11-25T17:00:00+07:00,HNX,35203.631,35555.667310000004,34851.59469,35203.631,SYNTHETIC-09,SYN09,2024-11-25,3837195779.0,normal,109000
35247.894,synthetic,2024-11-26T17:00:00+07:00,HNX,35247.894,35600.37294,34895.41506,35247.894,SYNTHETIC-09,SYN09,2024-11-26,3842020446.0,normal,109000
35296.9929,synthetic,2024-11-27T17:00:00+07:00,HNX,35296.9929,35649.962829,34944.022971,35296.9929,SYNTHETIC-09,SYN09,2024-11-27,3847372226.1,normal,109000
35350.6248,synthetic,2024-11-28T17:00:00+07:00,HNX,35350.6248,35704.131047999996,34997.118552,35350.6248,SYNTHETIC-09,SYN09,2024-11-28,3853218103.2,normal,109000
35408.4493,synthetic,2024-11-29T17:00:00+07:00,HNX,35408.4493,35762.533793,35054.364807,35408.4493,SYNTHETIC-09,SYN09,2024-11-29,3859520973.7,normal,109000
35470.0914,synthetic,2024-12-02T17:00:00+07:00,HNX,35470.0914,35824.792314,35115.390486,35470.0914,SYNTHETIC-09,SYN09,2024-12-02,3866239962.6,normal,109000
35535.1439,synthetic,2024-12-03T17:00:00+07:00,HNX,35535.1439,35890.495339,35179.792461000005,35535.1439,SYNTHETIC-09,SYN09,2024-12-03,3873330685.1000004,normal,109000
35603.1703,synthetic,2024-12-04T17:00:00+07:00,HNX,35603.1703,35959.202003,35247.138597,35603.1703,SYNTHETIC-09,SYN09,2024-12-04,3880745562.7,normal,109000
35673.7075,synthetic,2024-12-05T17:00:00+07:00,HNX,35673.7075,36030.444574999994,35316.970425,35673.7075,SYNTHETIC-09,SYN09,2024-12-05,3888434117.4999995,normal,109000
35746.2698,synthetic,2024-12-06T17:00:00+07:00,HNX,35746.2698,36103.732498000005,35388.807102,35746.2698,SYNTHETIC-09,SYN09,2024-12-06,3896343408.2000003,normal,109000
35820.3523,synthetic,2024-12-09T17:00:00+07:00,HNX,35820.3523,36178.555823,35462.148776999995,35820.3523,SYNTHETIC-09,SYN09,2024-12-09,3904418400.7,normal,109000
35895.4344,synthetic,2024-12-10T17:00:00+07:00,HNX,35895.4344,36254.388743999996,35536.480056,35895.4344,SYNTHETIC-09,SYN09,2024-12-10,3912602349.6,normal,109000
35970.9844,synthetic,2024-12-11T17:00:00+07:00,HNX,35970.9844,36330.694244,35611.274556000004,35970.9844,SYNTHETIC-09,SYN09,2024-12-11,3920837299.6,normal,109000
36046.4636,synthetic,2024-12-12T17:00:00+07:00,HNX,36046.4636,36406.928236,35685.998964000006,36046.4636,SYNTHETIC-09,SYN09,2024-12-12,3929064532.4,normal,109000
36121.3305,synthetic,2024-12-13T17:00:00+07:00,HNX,36121.3305,36482.543804999994,35760.117195,36121.3305,SYNTHETIC-09,SYN09,2024-12-13,3937225024.4999995,normal,109000
36195.0456,synthetic,2024-12-16T17:00:00+07:00,HNX,36195.0456,36556.996055999996,35833.095144,36195.0456,SYNTHETIC-09,SYN09,2024-12-16,3945259970.3999996,normal,109000
36267.0759,synthetic,2024-12-17T17:00:00+07:00,HNX,36267.0759,36629.746659000004,35904.405141,36267.0759,SYNTHETIC-09,SYN09,2024-12-17,3953111273.1000004,normal,109000
36336.8999,synthetic,2024-12-18T17:00:00+07:00,HNX,36336.8999,36700.268898999995,35973.530901,36336.8999,SYNTHETIC-09,SYN09,2024-12-18,3960722089.0999994,normal,109000
36404.0114,synthetic,2024-12-19T17:00:00+07:00,HNX,36404.0114,36768.051514000006,36039.971286,36404.0114,SYNTHETIC-09,SYN09,2024-12-19,3968037242.6000004,normal,109000
36467.9252,synthetic,2024-12-20T17:00:00+07:00,HNX,36467.9252,36832.604452,36103.245947999996,36467.9252,SYNTHETIC-09,SYN09,2024-12-20,3975003846.7999997,normal,109000
36528.1807,synthetic,2024-12-23T17:00:00+07:00,HNX,36528.1807,36893.462507,36162.898893,36528.1807,SYNTHETIC-09,SYN09,2024-12-23,3981571696.2999997,normal,109000
36584.3468,synthetic,2024-12-24T17:00:00+07:00,HNX,36584.3468,36950.190268,36218.503332,36584.3468,SYNTHETIC-09,SYN09,2024-12-24,3987693801.2,normal,109000
36636.0256,synthetic,2024-12-25T17:00:00+07:00,HNX,36636.0256,37002.385856,36269.665344,36636.0256,SYNTHETIC-09,SYN09,2024-12-25,3993326790.4,normal,109000
36682.8566,synthetic,2024-12-26T17:00:00+07:00,HNX,36682.8566,37049.685166,36316.028033999995,36682.8566,SYNTHETIC-09,SYN09,2024-12-26,3998431369.4,normal,109000
36724.52,synthetic,2024-12-27T17:00:00+07:00,HNX,36724.52,37091.765199999994,36357.2748,36724.52,SYNTHETIC-09,SYN09,2024-12-27,4002972679.9999995,normal,109000
36760.74,synthetic,2024-12-30T17:00:00+07:00,HNX,36760.74,37128.3474,36393.1326,36760.74,SYNTHETIC-09,SYN09,2024-12-30,4006920660.0,normal,109000
36791.2874,synthetic,2024-12-31T17:00:00+07:00,HNX,36791.2874,37159.200274,36423.374526,36791.2874,SYNTHETIC-09,SYN09,2024-12-31,4010250326.6,normal,109000
36815.9822,synthetic,2025-01-01T17:00:00+07:00,HNX,36815.9822,37184.142022,36447.822378,36815.9822,SYNTHETIC-09,SYN09,2025-01-01,4012942059.7999997,normal,109000
36834.6951,synthetic,2025-01-02T17:00:00+07:00,HNX,36834.6951,37203.042051,36466.348149,36834.6951,SYNTHETIC-09,SYN09,2025-01-02,4014981765.8999996,normal,109000
36847.349,synthetic,2025-01-03T17:00:00+07:00,HNX,36847.349,37215.822490000006,36478.87551,36847.349,SYNTHETIC-09,SYN09,2025-01-03,4016361041.0,normal,109000
36853.92,synthetic,2025-01-06T17:00:00+07:00,HNX,36853.92,37222.4592,36485.3808,36853.92,SYNTHETIC-09,SYN09,2025-01-06,4017077280.0,normal,109000
36854.4372,synthetic,2025-01-07T17:00:00+07:00,HNX,36854.4372,37222.981572000004,36485.892828,36854.4372,SYNTHETIC-09,SYN09,2025-01-07,4017133654.8,normal,109000
36848.9828,synthetic,2025-01-08T17:00:00+07:00,HNX,36848.9828,37217.472627999996,36480.492972,36848.9828,SYNTHETIC-09,SYN09,2025-01-08,4016539125.2,normal,109000
36837.6913,synthetic,2025-01-09T17:00:00+07:00,HNX,36837.6913,37206.068213,36469.314387,36837.6913,SYNTHETIC-09,SYN09,2025-01-09,4015308351.7,normal,109000
36820.7478,synthetic,2025-01-10T17:00:00+07:00,HNX,36820.7478,37188.955278,36452.54032199999,36820.7478,SYNTHETIC-09,SYN09,2025-01-10,4013461510.2,normal,109000
36798.3866,synthetic,2025-01-13T17:00:00+07:00,HNX,36798.3866,37166.370466,36430.402733999996,36798.3866,SYNTHETIC-09,SYN09,2025-01-13,4011024139.3999996,normal,109000
36770.8886,synthetic,2025-01-14T17:00:00+07:00,HNX,36770.8886,37138.597486,36403.179714,36770.8886,SYNTHETIC-09,SYN09,2025-01-14,4008026857.3999996,normal,109000
36738.5787,synthetic,2025-01-15T17:00:00+07:00,HNX,36738.5787,37105.964487,36371.192913,36738.5787,SYNTHETIC-09,SYN09,2025-01-15,4004505078.2999997,normal,109000
36701.8223,synthetic,2025-01-16T17:00:00+07:00,HNX,36701.8223,37068.840523,36334.804077,36701.8223,SYNTHETIC-09,SYN09,2025-01-16,4000498630.7,normal,109000
36661.0223,synthetic,2025-01-17T17:00:00+07:00,HNX,36661.0223,37027.632523,36294.41207699999,36661.0223,SYNTHETIC-09,SYN09,2025-01-17,3996051430.7,normal,109000
36616.6148,synthetic,2025-01-20T17:00:00+07:00,HNX,36616.6148,36982.78094800001,36250.448652,36616.6148,SYNTHETIC-09,SYN09,2025-01-20,3991211013.2000003,normal,109000
36569.0651,synthetic,2025-01-21T17:00:00+07:00,HNX,36569.0651,36934.755751,36203.374449,36569.0651,SYNTHETIC-09,SYN09,2025-01-21,3986028095.9,normal,109000
36518.8634,synthetic,2025-01-22T17:00:00+07:00,HNX,36518.8634,36884.052034,36153.674766000004,36518.8634,SYNTHETIC-09,SYN09,2025-01-22,3980556110.6000004,normal,109000
36466.5205,synthetic,2025-01-23T17:00:00+07:00,HNX,36466.5205,36831.185704999996,36101.855295,36466.5205,SYNTHETIC-09,SYN09,2025-01-23,3974850734.5,normal,109000
36412.5628,synthetic,2025-01-24T17:00:00+07:00,HNX,36412.5628,36776.688428,36048.437172,36412.5628,SYNTHETIC-09,SYN09,2025-01-24,3968969345.2,normal,109000
36357.5278,synthetic,2025-01-27T17:00:00+07:00,HNX,36357.5278,36721.10307800001,35993.952522,36357.5278,SYNTHETIC-09,SYN09,2025-01-27,3962970530.2000003,normal,109000
36301.9597,synthetic,2025-01-28T17:00:00+07:00,HNX,36301.9597,36664.979297,35938.940103,36301.9597,SYNTHETIC-09,SYN09,2025-01-28,3956913607.2999997,normal,109000
36246.4042,synthetic,2025-01-29T17:00:00+07:00,HNX,36246.4042,36608.868242,35883.940158,36246.4042,SYNTHETIC-09,SYN09,2025-01-29,3950858057.7999997,normal,109000
36191.4047,synthetic,2025-01-30T17:00:00+07:00,HNX,36191.4047,36553.318747,35829.490653,36191.4047,SYNTHETIC-09,SYN09,2025-01-30,3944863112.2999997,normal,109000
36137.4969,synthetic,2025-01-31T17:00:00+07:00,HNX,36137.4969,36498.871868999995,35776.121931,36137.4969,SYNTHETIC-09,SYN09,2025-01-31,3938987162.1,normal,109000
36085.2055,synthetic,2025-02-03T17:00:00+07:00,HNX,36085.2055,36446.057555,35724.35344499999,36085.2055,SYNTHETIC-09,SYN09,2025-02-03,3933287399.4999995,normal,109000
36035.0395,synthetic,2025-02-04T17:00:00+07:00,HNX,36035.0395,36395.389895,35674.689105,36035.0395,SYNTHETIC-09,SYN09,2025-02-04,3927819305.5,normal,109000
35987.4884,synthetic,2025-02-05T17:00:00+07:00,HNX,35987.4884,36347.363284,35627.613516000005,35987.4884,SYNTHETIC-09,SYN09,2025-02-05,3922636235.6000004,normal,109000
35943.0185,synthetic,2025-02-06T17:00:00+07:00,HNX,35943.0185,36302.448684999996,35583.588315,35943.0185,SYNTHETIC-09,SYN09,2025-02-06,3917789016.5,normal,109000
35902.0698,synthetic,2025-02-07T17:00:00+07:00,HNX,35902.0698,36261.090498,35543.049102,35902.0698,SYNTHETIC-09,SYN09,2025-02-07,3913325608.2,normal,109000
35865.0523,synthetic,2025-02-10T17:00:00+07:00,HNX,35865.0523,36223.70282300001,35506.401777,35865.0523,SYNTHETIC-09,SYN09,2025-02-10,3909290700.7000003,normal,109000
35832.3437,synthetic,2025-02-11T17:00:00+07:00,HNX,35832.3437,36190.667137,35474.020263,35832.3437,SYNTHETIC-09,SYN09,2025-02-11,3905725463.2999997,normal,109000
35804.2862,synthetic,2025-02-12T17:00:00+07:00,HNX,35804.2862,36162.329062000004,35446.243338,35804.2862,SYNTHETIC-09,SYN09,2025-02-12,3902667195.8,normal,109000
35781.1847,synthetic,2025-02-13T17:00:00+07:00,HNX,35781.1847,36138.996546999995,35423.372853,35781.1847,SYNTHETIC-09,SYN09,2025-02-13,3900149132.2999997,normal,109000
35763.3044,synthetic,2025-02-14T17:00:00+07:00,HNX,35763.3044,36120.937444,35405.671356,35763.3044,SYNTHETIC-09,SYN09,2025-02-14,3898200179.6,normal,109000
35750.8692,synthetic,2025-02-17T17:00:00+07:00,HNX,35750.8692,36108.377892000004,35393.360508,35750.8692,SYNTHETIC-09,SYN09,2025-02-17,3896844742.8,normal,109000
35744.0604,synthetic,2025-02-18T17:00:00+07:00,HNX,35744.0604,36101.501004000005,35386.619796,35744.0604,SYNTHETIC-09,SYN09,2025-02-18,3896102583.6000004,normal,109000
35743.0149,synthetic,2025-02-19T17:00:00+07:00,HNX,35743.0149,36100.445049,35385.584751,35743.0149,SYNTHETIC-09,SYN09,2025-02-19,3895988624.1000004,normal,109000
35747.8251,synthetic,2025-02-20T17:00:00+07:00,HNX,35747.8251,36105.303351,35390.346849,35747.8251,SYNTHETIC-09,SYN09,2025-02-20,3896512935.9,normal,109000
35758.5377,synthetic,2025-02-21T17:00:00+07:00,HNX,35758.5377,36116.123077000004,35400.952323,35758.5377,SYNTHETIC-09,SYN09,2025-02-21,3897680609.3,normal,109000
35775.1538,synthetic,2025-02-24T17:00:00+07:00,HNX,35775.1538,36132.905338,35417.402262,35775.1538,SYNTHETIC-09,SYN09,2025-02-24,3899491764.2,normal,109000
35797.6285,synthetic,2025-02-25T17:00:00+07:00,HNX,35797.6285,36155.604784999996,35439.652215,35797.6285,SYNTHETIC-09,SYN09,2025-02-25,3901941506.5,normal,109000
35825.8713,synthetic,2025-02-26T17:00:00+07:00,HNX,35825.8713,36184.130013,35467.612586999996,35825.8713,SYNTHETIC-09,SYN09,2025-02-26,3905019971.7,normal,109000
35859.7466,synthetic,2025-02-27T17:00:00+07:00,HNX,35859.7466,36218.344066,35501.149134,35859.7466,SYNTHETIC-09,SYN09,2025-02-27,3908712379.3999996,normal,109000
35899.0748,synthetic,2025-02-28T17:00:00+07:00,HNX,35899.0748,36258.065548000006,35540.084052,35899.0748,SYNTHETIC-09,SYN09,2025-02-28,3912999153.2000003,normal,109000
35943.6329,synthetic,2025-03-03T17:00:00+07:00,HNX,35943.6329,36303.069229,35584.19657099999,35943.6329,SYNTHETIC-09,SYN09,2025-03-03,3917855986.0999994,normal,109000
35993.1563,synthetic,2025-03-04T17:00:00+07:00,HNX,35993.1563,36353.087863,35633.224737000004,35993.1563,SYNTHETIC-09,SYN09,2025-03-04,3923254036.7000003,normal,109000
36047.3401,synthetic,2025-03-05T17:00:00+07:00,HNX,36047.3401,36407.813501000004,35686.866699,36047.3401,SYNTHETIC-09,SYN09,2025-03-05,3929160070.9,normal,109000
36105.8418,synthetic,2025-03-06T17:00:00+07:00,HNX,36105.8418,36466.900218,35744.783382,36105.8418,SYNTHETIC-09,SYN09,2025-03-06,3935536756.2000003,normal,109000
36168.2828,synthetic,2025-03-07T17:00:00+07:00,HNX,36168.2828,36529.965628,35806.599972,36168.2828,SYNTHETIC-09,SYN09,2025-03-07,3942342825.2000003,normal,109000
36234.2515,synthetic,2025-03-10T17:00:00+07:00,HNX,36234.2515,36596.594015,35871.908984999995,36234.2515,SYNTHETIC-09,SYN09,2025-03-10,3949533413.5,normal,109000
36303.3057,synthetic,2025-03-11T17:00:00+07:00,HNX,36303.3057,36666.338757,35940.272643,36303.3057,SYNTHETIC-09,SYN09,2025-03-11,3957060321.2999997,normal,109000
36374.9763,synthetic,2025-03-12T17:00:00+07:00,HNX,36374.9763,36738.726063,36011.226537,36374.9763,SYNTHETIC-09,SYN09,2025-03-12,3964872416.7000003,normal,109000
36448.7705,synthetic,2025-03-13T17:00:00+07:00,HNX,36448.7705,36813.258205,36084.282795,36448.7705,SYNTHETIC-09,SYN09,2025-03-13,3972915984.5,normal,109000
36524.1751,synthetic,2025-03-14T17:00:00+07:00,HNX,36524.1751,36889.416851,36158.933349,36524.1751,SYNTHETIC-09,SYN09,2025-03-14,3981135085.9,normal,109000
36600.6609,synthetic,2025-03-17T17:00:00+07:00,HNX,36600.6609,36966.667509000006,36234.654291,36600.6609,SYNTHETIC-09,SYN09,2025-03-17,3989472038.1000004,normal,109000
36677.6868,synthetic,2025-03-18T17:00:00+07:00,HNX,36677.6868,37044.463668000004,36310.909932,36677.6868,SYNTHETIC-09,SYN09,2025-03-18,3997867861.2000003,normal,109000
36754.7039,synthetic,2025-03-19T17:00:00+07:00,HNX,36754.7039,37122.250939,36387.156861,36754.7039,SYNTHETIC-09,SYN09,2025-03-19,4006262725.1,normal,109000
36831.16,synthetic,2025-03-20T17:00:00+07:00,HNX,36831.16,37199.471600000004,36462.8484,36831.16,SYNTHETIC-09,SYN09,2025-03-20,4014596440.0000005,normal,109000
36906.5045,synthetic,2025-03-21T17:00:00+07:00,HNX,36906.5045,37275.569545000006,36537.439455,36906.5045,SYNTHETIC-09,SYN09,2025-03-21,4022808990.5000005,normal,109000
36980.1928,synthetic,2025-03-24T17:00:00+07:00,HNX,36980.1928,37349.994728,36610.390871999996,36980.1928,SYNTHETIC-09,SYN09,2025-03-24,4030841015.2,normal,109000
37051.6913,synthetic,2025-03-25T17:00:00+07:00,HNX,37051.6913,37422.208213,36681.174387,37051.6913,SYNTHETIC-09,SYN09,2025-03-25,4038634351.7,normal,109000
37120.4817,synthetic,2025-03-26T17:00:00+07:00,HNX,37120.4817,37491.686516999995,36749.276883,37120.4817,SYNTHETIC-09,SYN09,2025-03-26,4046132505.2999997,normal,109000
37186.0666,synthetic,2025-03-27T17:00:00+07:00,HNX,37186.0666,37557.927266,36814.205934,37186.0666,SYNTHETIC-09,SYN09,2025-03-27,4053281259.3999996,normal,109000
37247.973,synthetic,2025-03-28T17:00:00+07:00,HNX,37247.973,37620.45273,36875.49327,37247.973,SYNTHETIC-09,SYN09,2025-03-28,4060029057.0,normal,109000
37305.7575,synthetic,2025-03-31T17:00:00+07:00,HNX,37305.7575,37678.815075,36932.699925,37305.7575,SYNTHETIC-09,SYN09,2025-03-31,4066327567.5,normal,109000
37359.0103,synthetic,2025-04-01T17:00:00+07:00,HNX,37359.0103,37732.600403000004,36985.420197,37359.0103,SYNTHETIC-09,SYN09,2025-04-01,4072132122.7000003,normal,109000
37407.3591,synthetic,2025-04-02T17:00:00+07:00,HNX,37407.3591,37781.432691,37033.285509,37407.3591,SYNTHETIC-09,SYN09,2025-04-02,4077402141.9,normal,109000
37450.4728,synthetic,2025-04-03T17:00:00+07:00,HNX,37450.4728,37824.977528,37075.968072,37450.4728,SYNTHETIC-09,SYN09,2025-04-03,4082101535.2000003,normal,109000
37488.0648,synthetic,2025-04-04T17:00:00+07:00,HNX,37488.0648,37862.945448,37113.184152,37488.0648,SYNTHETIC-09,SYN09,2025-04-04,4086199063.2,normal,109000
37519.8958,synthetic,2025-04-07T17:00:00+07:00,HNX,37519.8958,37895.094758,37144.696842,37519.8958,SYNTHETIC-09,SYN09,2025-04-07,4089668642.2,normal,109000
37545.7762,synthetic,2025-04-08T17:00:00+07:00,HNX,37545.7762,37921.233962,37170.318438,37545.7762,SYNTHETIC-09,SYN09,2025-04-08,4092489605.8,normal,109000
37565.5682,synthetic,2025-04-09T17:00:00+07:00,HNX,37565.5682,37941.223882,37189.912518000005,37565.5682,SYNTHETIC-09,SYN09,2025-04-09,4094646933.8,normal,109000
37579.187,synthetic,2025-04-10T17:00:00+07:00,HNX,37579.187,37954.97887,37203.39513,37579.187,SYNTHETIC-09,SYN09,2025-04-10,4096131383.0,normal,109000
37586.6019,synthetic,2025-04-11T17:00:00+07:00,HNX,37586.6019,37962.467919,37210.735881,37586.6019,SYNTHETIC-09,SYN09,2025-04-11,4096939607.1000004,normal,109000
37587.8364,synthetic,2025-04-14T17:00:00+07:00,HNX,37587.8364,37963.714764000004,37211.958035999996,37587.8364,SYNTHETIC-09,SYN09,2025-04-14,4097074167.6,normal,109000
37582.9681,synthetic,2025-04-15T17:00:00+07:00,HNX,37582.9681,37958.797781,37207.138418999995,37582.9681,SYNTHETIC-09,SYN09,2025-04-15,4096543522.8999996,normal,109000
37572.1282,synthetic,2025-04-16T17:00:00+07:00,HNX,37572.1282,37947.849482,37196.406918,37572.1282,SYNTHETIC-09,SYN09,2025-04-16,4095361973.7999997,normal,109000
37555.4995,synthetic,2025-04-17T17:00:00+07:00,HNX,37555.4995,37931.054495,37179.944505,37555.4995,SYNTHETIC-09,SYN09,2025-04-17,4093549445.5,normal,109000
37533.3155,synthetic,2025-04-18T17:00:00+07:00,HNX,37533.3155,37908.648655,37157.982345,37533.3155,SYNTHETIC-09,SYN09,2025-04-18,4091131389.4999995,normal,109000
37505.8571,synthetic,2025-04-21T17:00:00+07:00,HNX,37505.8571,37880.915671,37130.798529,37505.8571,SYNTHETIC-09,SYN09,2025-04-21,4088138423.9,normal,109000
37473.4507,synthetic,2025-04-22T17:00:00+07:00,HNX,37473.4507,37848.185207,37098.716193,37473.4507,SYNTHETIC-09,SYN09,2025-04-22,4084606126.3,normal,109000
37436.4646,synthetic,2025-04-23T17:00:00+07:00,HNX,37436.4646,37810.829246,37062.099954,37436.4646,SYNTHETIC-09,SYN09,2025-04-23,4080574641.4,normal,109000
37395.3054,synthetic,2025-04-24T17:00:00+07:00,HNX,37395.3054,37769.258453999995,37021.352346,37395.3054,SYNTHETIC-09,SYN09,2025-04-24,4076088288.6,normal,109000
37350.4141,synthetic,2025-04-25T17:00:00+07:00,HNX,37350.4141,37723.918241,36976.909959000004,37350.4141,SYNTHETIC-09,SYN09,2025-04-25,4071195136.9,normal,109000
37302.2621,synthetic,2025-04-28T17:00:00+07:00,HNX,37302.2621,37675.284721,36929.239478999996,37302.2621,SYNTHETIC-09,SYN09,2025-04-28,4065946568.9,normal,109000
37251.3468,synthetic,2025-04-29T17:00:00+07:00,HNX,37251.3468,37623.860268,36878.833332,37251.3468,SYNTHETIC-09,SYN09,2025-04-29,4060396801.2,normal,109000
37198.1868,synthetic,2025-04-30T17:00:00+07:00,HNX,37198.1868,37570.168668000006,36826.204932,37198.1868,SYNTHETIC-09,SYN09,2025-04-30,4054602361.2000003,normal,109000
37143.3174,synthetic,2025-05-01T17:00:00+07:00,HNX,37143.3174,37514.750574,36771.884226,37143.3174,SYNTHETIC-09,SYN09,2025-05-01,4048621596.6,normal,109000
37087.2859,synthetic,2025-05-02T17:00:00+07:00,HNX,37087.2859,37458.158759000005,36716.413041,37087.2859,SYNTHETIC-09,SYN09,2025-05-02,4042514163.1000004,normal,109000
37030.6465,synthetic,2025-05-05T17:00:00+07:00,HNX,37030.6465,37400.952965000004,36660.340035,37030.6465,SYNTHETIC-09,SYN09,2025-05-05,4036340468.5000005,normal,109000
36973.9561,synthetic,2025-05-06T17:00:00+07:00,HNX,36973.9561,37343.695661000005,36604.216539,36973.9561,SYNTHETIC-09,SYN09,2025-05-06,4030161214.9,normal,109000
36917.7692,synthetic,2025-05-07T17:00:00+07:00,HNX,36917.7692,37286.946892,36548.591508000005,36917.7692,SYNTHETIC-09,SYN09,2025-05-07,4024036842.8,normal,109000
36862.6335,synthetic,2025-05-08T17:00:00+07:00,HNX,36862.6335,37231.259835000004,36494.007165,36862.6335,SYNTHETIC-09,SYN09,2025-05-08,4018027051.5000005,normal,109000
36809.0855,synthetic,2025-05-09T17:00:00+07:00,HNX,36809.0855,37177.176355,36440.994645,36809.0855,SYNTHETIC-09,SYN09,2025-05-09,4012190319.5,normal,109000
36757.6463,synthetic,2025-05-12T17:00:00+07:00,HNX,36757.6463,37125.222763,36390.069837,36757.6463,SYNTHETIC-09,SYN09,2025-05-12,4006583446.7,normal,109000
36708.8178,synthetic,2025-05-13T17:00:00+07:00,HNX,36708.8178,37075.905977999995,36341.729622,36708.8178,SYNTHETIC-09,SYN09,2025-05-13,4001261140.2,normal,109000
36663.0784,synthetic,2025-05-14T17:00:00+07:00,HNX,36663.0784,37029.709184,36296.447616,36663.0784,SYNTHETIC-09,SYN09,2025-05-14,3996275545.6,normal,109000
36620.88,synthetic,2025-05-15T17:00:00+07:00,HNX,36620.88,36987.0888,36254.6712,36620.88,SYNTHETIC-09,SYN09,2025-05-15,3991675919.9999995,normal,109000
36582.6447,synthetic,2025-05-16T17:00:00+07:00,HNX,36582.6447,36948.471147,36216.818253,36582.6447,SYNTHETIC-09,SYN09,2025-05-16,3987508272.2999997,normal,109000
36548.7613,synthetic,2025-05-19T17:00:00+07:00,HNX,36548.7613,36914.248912999996,36183.273687,36548.7613,SYNTHETIC-09,SYN09,2025-05-19,3983814981.7,normal,109000
36519.5834,synthetic,2025-05-20T17:00:00+07:00,HNX,36519.5834,36884.779234,36154.387566000005,36519.5834,SYNTHETIC-09,SYN09,2025-05-20,3980634590.6000004,normal,109000
36495.4263,synthetic,2025-05-21T17:00:00+07:00,HNX,36495.4263,36860.380563,36130.472037,36495.4263,SYNTHETIC-09,SYN09,2025-05-21,3978001466.7,normal,109000
36476.5653,synthetic,2025-05-22T17:00:00+07:00,HNX,36476.5653,36841.330953000004,36111.799647,36476.5653,SYNTHETIC-09,SYN09,2025-05-22,3975945617.7000003,normal,109000
36463.2337,synthetic,2025-05-23T17:00:00+07:00,HNX,36463.2337,36827.866037,36098.601362999994,36463.2337,SYNTHETIC-09,SYN09,2025-05-23,3974492473.2999997,normal,109000
36455.6213,synthetic,2025-05-26T17:00:00+07:00,HNX,36455.6213,36820.177513,36091.065086999995,36455.6213,SYNTHETIC-09,SYN09,2025-05-26,3973662721.7,normal,109000
36453.8731,synthetic,2025-05-27T17:00:00+07:00,HNX,36453.8731,36818.411831,36089.334369,36453.8731,SYNTHETIC-09,SYN09,2025-05-27,3973472167.8999996,normal,109000
36458.0886,synthetic,2025-05-28T17:00:00+07:00,HNX,36458.0886,36822.669486000006,36093.507714,36458.0886,SYNTHETIC-09,SYN09,2025-05-28,3973931657.4,normal,109000
36468.3209,synthetic,2025-05-29T17:00:00+07:00,HNX,36468.3209,36833.004109,36103.637690999996,36468.3209,SYNTHETIC-09,SYN09,2025-05-29,3975046978.1,normal,109000
36484.5764,synthetic,2025-05-30T17:00:00+07:00,HNX,36484.5764,36849.422163999996,36119.730636,36484.5764,SYNTHETIC-09,SYN09,2025-05-30,3976818827.6,normal,109000
36506.8146,synthetic,2025-06-02T17:00:00+07:00,HNX,36506.8146,36871.882745999996,36141.746454,36506.8146,SYNTHETIC-09,SYN09,2025-06-02,3979242791.3999996,normal,109000
36534.9487,synthetic,2025-06-03T17:00:00+07:00,HNX,36534.9487,36900.298187,36169.599213,36534.9487,SYNTHETIC-09,SYN09,2025-06-03,3982309408.3,normal,109000
36568.8456,synthetic,2025-06-04T17:00:00+07:00,HNX,36568.8456,36934.534056000004,36203.157144,36568.8456,SYNTHETIC-09,SYN09,2025-06-04,3986004170.4,normal,109000
36608.3271,synthetic,2025-06-05T17:00:00+07:00,HNX,36608.3271,36974.410371000005,36242.243829,36608.3271,SYNTHETIC-09,SYN09,2025-06-05,3990307653.9,normal,109000
36653.1709,synthetic,2025-06-06T17:00:00+07:00,HNX,36653.1709,37019.702609,36286.639190999995,36653.1709,SYNTHETIC-09,SYN09,2025-06-06,3995195628.1,normal,109000
36703.1119,synthetic,2025-06-09T17:00:00+07:00,HNX,36703.1119,37070.143019,36336.080781000004,36703.1119,SYNTHETIC-09,SYN09,2025-06-09,4000639197.1000004,normal,109000
36757.844,synthetic,2025-06-10T17:00:00+07:00,HNX,36757.844,37125.422439999995,36390.26556,36757.844,SYNTHETIC-09,SYN09,2025-06-10,4006604995.9999995,normal,109000
36817.0218,synthetic,2025-06-11T17:00:00+07:00,HNX,36817.0218,37185.192018,36448.851582,36817.0218,SYNTHETIC-09,SYN09,2025-06-11,4013055376.2000003,normal,109000
36880.2636,synthetic,2025-06-12T17:00:00+07:00,HNX,36880.2636,37249.066236,36511.460964,36880.2636,SYNTHETIC-09,SYN09,2025-06-12,4019948732.3999996,normal,109000
36947.153,synthetic,2025-06-13T17:00:00+07:00,HNX,36947.153,37316.62453,36577.681469999996,36947.153,SYNTHETIC-09,SYN09,2025-06-13,4027239677.0,normal,109000
37017.2428,synthetic,2025-06-16T17:00:00+07:00,HNX,37017.2428,37387.415228,36647.070372,37017.2428,SYNTHETIC-09,SYN09,2025-06-16,4034879465.2,normal,109000
37090.0574,synthetic,2025-06-17T17:00:00+07:00,HNX,37090.0574,37460.957974,36719.156826,37090.0574,SYNTHETIC-09,SYN09,2025-06-17,4042816256.6,normal,109000
37165.0966,synthetic,2025-06-18T17:00:00+07:00,HNX,37165.0966,37536.747566,36793.445633999996,37165.0966,SYNTHETIC-09,SYN09,2025-06-18,4050995529.3999996,normal,109000
37241.8395,synthetic,2025-06-19T17:00:00+07:00,HNX,37241.8395,37614.257895,36869.421105,37241.8395,SYNTHETIC-09,SYN09,2025-06-19,4059360505.5,normal,109000
37319.7479,synthetic,2025-06-20T17:00:00+07:00,HNX,37319.7479,37692.945379000004,36946.550421,37319.7479,SYNTHETIC-09,SYN09,2025-06-20,4067852521.1000004,normal,109000
37398.2711,synthetic,2025-06-23T17:00:00+07:00,HNX,37398.2711,37772.253810999995,37024.288389,37398.2711,SYNTHETIC-09,SYN09,2025-06-23,4076411549.8999996,normal,109000
37476.85,synthetic,2025-06-24T17:00:00+07:00,HNX,37476.85,37851.6185,37102.0815,37476.85,SYNTHETIC-09,SYN09,2025-06-24,4084976650.0,normal,109000
37554.9216,synthetic,2025-06-25T17:00:00+07:00,HNX,37554.9216,37930.470816,37179.372384,37554.9216,SYNTHETIC-09,SYN09,2025-06-25,4093486454.4,normal,109000
37631.9237,synthetic,2025-06-26T17:00:00+07:00,HNX,37631.9237,38008.242937,37255.604462999996,37631.9237,SYNTHETIC-09,SYN09,2025-06-26,4101879683.2999997,normal,109000
37707.3002,synthetic,2025-06-27T17:00:00+07:00,HNX,37707.3002,38084.373201999995,37330.227198,37707.3002,SYNTHETIC-09,SYN09,2025-06-27,4110095721.7999997,normal,109000
37780.5051,synthetic,2025-06-30T17:00:00+07:00,HNX,37780.5051,38158.310151000005,37402.700049,37780.5051,SYNTHETIC-09,SYN09,2025-06-30,4118075055.9,normal,109000
34621.2494,synthetic,2024-01-01T17:00:00+07:00,HNX,34621.2494,34967.461894,34275.036906,34621.2494,SYNTHETIC-10,SYN10,2024-01-01,3808337434.0,normal,110000
34580.4704,synthetic,2024-01-02T17:00:00+07:00,HNX,34580.4704,34926.275104,34234.665696,34580.4704,SYNTHETIC-10,SYN10,2024-01-02,3803851744.0,normal,110000
34543.2651,synthetic,2024-01-03T17:00:00+07:00,HNX,34543.2651,34888.697751,34197.832448999994,34543.2651,SYNTHETIC-10,SYN10,2024-01-03,3799759160.9999995,normal,110000
34510.0144,synthetic,2024-01-04T17:00:00+07:00,HNX,34510.0144,34855.114544000004,34164.914256,34510.0144,SYNTHETIC-10,SYN10,2024-01-04,3796101584.0,normal,110000
34481.0665,synthetic,2024-01-05T17:00:00+07:00,HNX,34481.0665,34825.877165,34136.255835,34481.0665,SYNTHETIC-10,SYN10,2024-01-05,3792917315.0,normal,110000
34456.7349,synthetic,2024-01-08T17:00:00+07:00,HNX,34456.7349,34801.302249,34112.167551000006,34456.7349,SYNTHETIC-10,SYN10,2024-01-08,3790240839.0000005,normal,110000
34437.2959,synthetic,2024-01-09T17:00:00+07:00,HNX,34437.2959,34781.668859,34092.922941,34437.2959,SYNTHETIC-10,SYN10,2024-01-09,3788102548.9999995,normal,110000
34422.9871,synthetic,2024-01-10T17:00:00+07:00,HNX,34422.9871,34767.216971,34078.757228999995,34422.9871,SYNTHETIC-10,SYN10,2024-01-10,3786528581.0,normal,110000
34414.0052,synthetic,2024-01-11T17:00:00+07:00,HNX,34414.0052,34758.145252,34069.865148,34414.0052,SYNTHETIC-10,SYN10,2024-01-11,3785540572.0,normal,110000
34410.5058,synthetic,2024-01-12T17:00:00+07:00,HNX,34410.5058,34754.610858,34066.400742,34410.5058,SYNTHETIC-10,SYN10,2024-01-12,3785155638.0,normal,110000
34412.6011,synthetic,2024-01-15T17:00:00+07:00,HNX,34412.6011,34756.727111,34068.475089,34412.6011,SYNTHETIC-10,SYN10,2024-01-15,3785386121.0,normal,110000
34420.3603,synthetic,2024-01-16T17:00:00+07:00,HNX,34420.3603,34764.563903,34076.156697,34420.3603,SYNTHETIC-10,SYN10,2024-01-16,3786239633.0,normal,110000
34433.8083,synthetic,2024-01-17T17:00:00+07:00,HNX,34433.8083,34778.146383,34089.470216999995,34433.8083,SYNTHETIC-10,SYN10,2024-01-17,3787718912.9999995,normal,110000
34452.926,synthetic,2024-01-18T17:00:00+07:00,HNX,34452.926,34797.45526,34108.39674,34452.926,SYNTHETIC-10,SYN10,2024-01-18,3789821860.0,normal,110000
34477.6502,synthetic,2024-01-19T17:00:00+07:00,HNX,34477.6502,34822.426702,34132.873697999996,34477.6502,SYNTHETIC-10,SYN10,2024-01-19,3792541521.9999995,normal,110000
34507.8741,synthetic,2024-01-22T17:00:00+07:00,HNX,34507.8741,34852.952841,34162.795359,34507.8741,SYNTHETIC-10,SYN10,2024-01-22,3795866151.0,normal,110000
34543.4477,synthetic,2024-01-23T17:00:00+07:00,HNX,34543.4477,34888.882177,34198.013222999994,34543.4477,SYNTHETIC-10,SYN10,2024-01-23,3799779246.9999995,normal,110000
34584.1789,synthetic,2024-01-24T17:00:00+07:00,HNX,34584.1789,34930.020689,34238.337111,34584.1789,SYNTHETIC-10,SYN10,2024-01-24,3804259679.0,normal,110000
34629.8345,synthetic,2024-01-25T17:00:00+07:00,HNX,34629.8345,34976.132845,34283.536154999994,34629.8345,SYNTHETIC-10,SYN10,2024-01-25,3809281794.9999995,normal,110000
34680.142,synthetic,2024-01-26T17:00:00+07:00,HNX,34680.142,35026.94342,34333.34058,34680.142,SYNTHETIC-10,SYN10,2024-01-26,3814815620.0,normal,110000
34734.7912,synthetic,2024-01-29T17:00:00+07:00,HNX,34734.7912,35082.139112,34387.443288,34734.7912,SYNTHETIC-10,SYN10,2024-01-29,3820827032.0,normal,110000
34793.4361,synthetic,2024-01-30T17:00:00+07:00,HNX,34793.4361,35141.370461,34445.501739,34793.4361,SYNTHETIC-10,SYN10,2024-01-30,3827277971.0,normal,110000
34855.6973,synthetic,2024-01-31T17:00:00+07:00,HNX,34855.6973,35204.254273,34507.140327,34855.6973,SYNTHETIC-10,SYN10,2024-01-31,3834126703.0,normal,110000
34921.1647,synthetic,2024-02-01T17:00:00+07:00,HNX,34921.1647,35270.376347000005,34571.953053,34921.1647,SYNTHETIC-10,SYN10,2024-02-01,3841328117.0,normal,110000
34989.4006,synthetic,2024-02-02T17:00:00+07:00,HNX,34989.4006,35339.294606,34639.506594,34989.4006,SYNTHETIC-10,SYN10,2024-02-02,3848834066.0,normal,110000
35059.9422,synthetic,2024-02-05T17:00:00+07:00,HNX,35059.9422,35410.541622,34709.342778,35059.9422,SYNTHETIC-10,SYN10,2024-02-05,3856593641.9999995,normal,110000
35132.3056,synthetic,2024-02-06T17:00:00+07:00,HNX,35132.3056,35483.628656,34780.982544,35132.3056,SYNTHETIC-10,SYN10,2024-02-06,3864553616.0,normal,110000
35205.9892,synthetic,2024-02-07T17:00:00+07:00,HNX,35205.9892,35558.049092,34853.929308000006,35205.9892,SYNTHETIC-10,SYN10,2024-02-07,3872658812.0000005,normal,110000
35280.4777,synthetic,2024-02-08T17:00:00+07:00,HNX,35280.4777,35633.282477,34927.672923000006,35280.4777,SYNTHETIC-10,SYN10,2024-02-08,3880852547.0000005,normal,110000
35355.2459,synthetic,2024-02-09T17:00:00+07:00,HNX,35355.2459,35708.798359,35001.693441,35355.2459,SYNTHETIC-10,SYN10,2024-02-09,3889077049.0,normal,110000
35429.7632,synthetic,2024-02-12T17:00:00+07:00,HNX,35429.7632,35784.060832,35075.465568,35429.7632,SYNTHETIC-10,SYN10,2024-02-12,3897273952.0,normal,110000
35503.4981,synthetic,2024-02-13T17:00:00+07:00,HNX,35503.4981,35858.533080999994,35148.463119,35503.4981,SYNTHETIC-10,SYN10,2024-02-13,3905384790.9999995,normal,110000
35575.9223,synthetic,2024-02-14T17:00:00+07:00,HNX,35575.9223,35931.681523,35220.163077,35575.9223,SYNTHETIC-10,SYN10,2024-02-14,3913351453.0,normal,110000
35646.5156,synthetic,2024-02-15T17:00:00+07:00,HNX,35646.5156,36002.980756,35290.050444,35646.5156,SYNTHETIC-10,SYN10,2024-02-15,3921116716.0,normal,110000
35714.7702,synthetic,2024-02-16T17:00:00+07:00,HNX,35714.7702,36071.917902,35357.622498,35714.7702,SYNTHETIC-10,SYN10,2024-02-16,3928624722.0,normal,110000
35780.1955,synthetic,2024-02-19T17:00:00+07:00,HNX,35780.1955,36137.997455000004,35422.393545,35780.1955,SYNTHETIC-10,SYN10,2024-02-19,3935821505.0,normal,110000
35842.3226,synthetic,2024-02-20T17:00:00+07:00,HNX,35842.3226,36200.745826,35483.899374,35842.3226,SYNTHETIC-10,SYN10,2024-02-20,3942655486.0,normal,110000
35900.7085,synthetic,2024-02-21T17:00:00+07:00,HNX,35900.7085,36259.715585,35541.701415,35900.7085,SYNTHETIC-10,SYN10,2024-02-21,3949077935.0,normal,110000
35954.9403,synthetic,2024-02-22T17:00:00+07:00,HNX,35954.9403,36314.489703,35595.390897000005,35954.9403,SYNTHETIC-10,SYN10,2024-02-22,3955043433.0,normal,110000
36004.6392,synthetic,2024-02-23T17:00:00+07:00,HNX,36004.6392,36364.685592,35644.592807999994,36004.6392,SYNTHETIC-10,SYN10,2024-02-23,3960510311.9999995,normal,110000
36049.4643,synthetic,2024-02-26T17:00:00+07:00,HNX,36049.4643,36409.958943,35688.969657,36049.4643,SYNTHETIC-10,SYN10,2024-02-26,3965441073.0,normal,110000
36089.1159,synthetic,2024-02-27T17:00:00+07:00,HNX,36089.1159,36450.007058999996,35728.224741,36089.1159,SYNTHETIC-10,SYN10,2024-02-27,3969802748.9999995,normal,110000
36123.3382,synthetic,2024-02-28T17:00:00+07:00,HNX,36123.3382,36484.571582,35762.104818,36123.3382,SYNTHETIC-10,SYN10,2024-02-28,3973567202.0,normal,110000
36151.9224,synthetic,2024-02-29T17:00:00+07:00,HNX,36151.9224,36513.44162400001,35790.403176,36151.9224,SYNTHETIC-10,SYN10,2024-02-29,3976711464.0000005,normal,110000
36174.7083,synthetic,2024-03-01T17:00:00+07:00,HNX,36174.7083,36536.455383,35812.961217,36174.7083,SYNTHETIC-10,SYN10,2024-03-01,3979217913.0,normal,110000
36191.5862,synthetic,2024-03-04T17:00:00+07:00,HNX,36191.5862,36553.502062,35829.670337999996,36191.5862,SYNTHETIC-10,SYN10,2024-03-04,3981074482.0,normal,110000
36202.4982,synthetic,2024-03-05T17:00:00+07:00,HNX,36202.4982,36564.523182000004,35840.473218,36202.4982,SYNTHETIC-10,SYN10,2024-03-05,3982274802.0,normal,110000
36207.4383,synthetic,2024-03-06T17:00:00+07:00,HNX,36207.4383,36569.512683,35845.363917,36207.4383,SYNTHETIC-10,SYN10,2024-03-06,3982818213.0,normal,110000
36206.4531,synthetic,2024-03-07T17:00:00+07:00,HNX,36206.4531,36568.517631,35844.388568999995,36206.4531,SYNTHETIC-10,SYN10,2024-03-07,3982709841.0,normal,110000
36199.6408,synthetic,2024-03-08T17:00:00+07:00,HNX,36199.6408,36561.637208,35837.644392,36199.6408,SYNTHETIC-10,SYN10,2024-03-08,3981960488.0,normal,110000
36187.1507,synthetic,2024-03-11T17:00:00+07:00,HNX,36187.1507,36549.022207,35825.279192999995,36187.1507,SYNTHETIC-10,SYN10,2024-03-11,3980586577.0,normal,110000
36169.1813,synthetic,2024-03-12T17:00:00+07:00,HNX,36169.1813,36530.873112999994,35807.489487,36169.1813,SYNTHETIC-10,SYN10,2024-03-12,3978609942.9999995,normal,110000
36145.9785,synthetic,2024-03-13T17:00:00+07:00,HNX,36145.9785,36507.438285,35784.518715,36145.9785,SYNTHETIC-10,SYN10,2024-03-13,3976057634.9999995,normal,110000
36117.8335,synthetic,2024-03-14T17:00:00+07:00,HNX,36117.8335,36479.011835,35756.655165000004,36117.8335,SYNTHETIC-10,SYN10,2024-03-14,3972961685.0,normal,110000
36085.0792,synthetic,2024-03-15T17:00:00+07:00,HNX,36085.0792,36445.929992,35724.228408,36085.0792,SYNTHETIC-10,SYN10,2024-03-15,3969358712.0,normal,110000
36048.0878,synthetic,2024-03-18T17:00:00+07:00,HNX,36048.0878,36408.568678,35687.606922,36048.0878,SYNTHETIC-10,SYN10,2024-03-18,3965289658.0,normal,110000
36007.2664,synthetic,2024-03-19T17:00:00+07:00,HNX,36007.2664,36367.339064,35647.193736,36007.2664,SYNTHETIC-10,SYN10,2024-03-19,3960799304.0,normal,110000
35963.054,synthetic,2024-03-20T17:00:00+07:00,HNX,35963.054,36322.684539999995,35603.42346,35963.054,SYNTHETIC-10,SYN10,2024-03-20,3955935939.9999995,normal,110000
35915.9164,synthetic,2024-03-21T17:00:00+07:00,HNX,35915.9164,36275.075564,35556.757236000005,35915.9164,SYNTHETIC-10,SYN10,2024-03-21,3950750804.0,normal,110000
35866.3426,synthetic,2024-03-22T17:00:00+07:00,HNX,35866.3426,36225.006026,35507.679174000004,35866.3426,SYNTHETIC-10,SYN10,2024-03-22,3945297686.0000005,normal,110000
35814.8404,synthetic,2024-03-25T17:00:00+07:00,HNX,35814.8404,36172.988804,35456.691996,35814.8404,SYNTHETIC-10,SYN10,2024-03-25,3939632444.0,normal,110000
35761.9311,synthetic,2024-03-26T17:00:00+07:00,HNX,35761.9311,36119.550411000004,35404.311789,35761.9311,SYNTHETIC-10,SYN10,2024-03-26,3933812421.0,normal,110000
35708.1456,synthetic,2024-03-27T17:00:00+07:00,HNX,35708.1456,36065.227056,35351.064144,35708.1456,SYNTHETIC-10,SYN10,2024-03-27,3927896016.0000005,normal,110000
35654.0197,synthetic,2024-03-28T17:00:00+07:00,HNX,35654.0197,36010.559897,35297.479502999995,35654.0197,SYNTHETIC-10,SYN10,2024-03-28,3921942166.9999995,normal,110000
35600.0895,synthetic,2024-03-29T17:00:00+07:00,HNX,35600.0895,35956.090395,35244.088605000004,35600.0895,SYNTHETIC-10,SYN10,2024-03-29,3916009845.0,normal,110000
35546.8866,synthetic,2024-04-01T17:00:00+07:00,HNX,35546.8866,35902.355466,35191.417733999995,35546.8866,SYNTHETIC-10,SYN10,2024-04-01,3910157526.0,normal,110000
35494.9345,synthetic,2024-04-02T17:00:00+07:00,HNX,35494.9345,35849.883845000004,35139.985155,35494.9345,SYNTHETIC-10,SYN10,2024-04-02,3904442795.0000005,normal,110000
35444.7438,synthetic,2024-04-03T17:00:00+07:00,HNX,35444.7438,35799.191238,35090.296361999994,35444.7438,SYNTHETIC-10,SYN10,2024-04-03,3898921817.9999995,normal,110000
35396.8086,synthetic,2024-04-04T17:00:00+07:00,HNX,35396.8086,35750.776686,35042.840513999996,35396.8086,SYNTHETIC-10,SYN10,2024-04-04,3893648945.9999995,normal,110000
35351.6028,synthetic,2024-04-05T17:00:00+07:00,HNX,35351.6028,35705.118828,34998.086772,35351.6028,SYNTHETIC-10,SYN10,2024-04-05,3888676308.0,normal,110000
35309.5761,synthetic,2024-04-08T17:00:00+07:00,HNX,35309.5761,35662.671860999995,34956.480339,35309.5761,SYNTHETIC-10,SYN10,2024-04-08,3884053371.0,normal,110000
35271.1511,synthetic,2024-04-09T17:00:00+07:00,HNX,35271.1511,35623.862611000004,34918.439589,35271.1511,SYNTHETIC-10,SYN10,2024-04-09,3879826621.0000005,normal,110000
35236.7205,synthetic,2024-04-10T17:00:00+07:00,HNX,35236.7205,35589.087705000005,34884.353295,35236.7205,SYNTHETIC-10,SYN10,2024-04-10,3876039255.0000005,normal,110000
35206.6438,synthetic,2024-04-11T17:00:00+07:00,HNX,35206.6438,35558.710238,34854.577361999996,35206.6438,SYNTHETIC-10,SYN10,2024-04-11,3872730818.0,normal,110000
35181.2452,synthetic,2024-04-12T17:00:00+07:00,HNX,35181.2452,35533.057651999996,34829.432748,35181.2452,SYNTHETIC-10,SYN10,2024-04-12,3869936971.9999995,normal,110000
35160.8112,synthetic,2024-04-15T17:00:00+07:00,HNX,35160.8112,35512.419312,34809.203087999995,35160.8112,SYNTHETIC-10,SYN10,2024-04-15,3867689231.9999995,normal,110000
35145.589,synthetic,2024-04-16T17:00:00+07:00,HNX,35145.589,35497.04489,34794.13311,35145.589,SYNTHETIC-10,SYN10,2024-04-16,3866014790.0,normal,110000
35135.7845,synthetic,2024-04-17T17:00:00+07:00,HNX,35135.7845,35487.142345,34784.426655,35135.7845,SYNTHETIC-10,SYN10,2024-04-17,3864936295.0,normal,110000
35131.5611,synthetic,2024-04-18T17:00:00+07:00,HNX,35131.5611,35482.876711,34780.245489,35131.5611,SYNTHETIC-10,SYN10,2024-04-18,3864471721.0,normal,110000
35133.0388,synthetic,2024-04-19T17:00:00+07:00,HNX,35133.0388,35484.369188000004,34781.708412,35133.0388,SYNTHETIC-10,SYN10,2024-04-19,3864634268.0,normal,110000
35140.2932,synthetic,2024-04-22T17:00:00+07:00,HNX,35140.2932,35491.696132,34788.890268,35140.2932,SYNTHETIC-10,SYN10,2024-04-22,3865432252.0,normal,110000
35153.3549,synthetic,2024-04-23T17:00:00+07:00,HNX,35153.3549,35504.888449,34801.821351,35153.3549,SYNTHETIC-10,SYN10,2024-04-23,3866869039.0,normal,110000
35172.2097,synthetic,2024-04-24T17:00:00+07:00,HNX,35172.2097,35523.931797,34820.487603,35172.2097,SYNTHETIC-10,SYN10,2024-04-24,3868943067.0,normal,110000
35196.7982,synthetic,2024-04-25T17:00:00+07:00,HNX,35196.7982,35548.766182,34844.830217999996,35196.7982,SYNTHETIC-10,SYN10,2024-04-25,3871647801.9999995,normal,110000
35227.0163,synthetic,2024-04-26T17:00:00+07:00,HNX,35227.0163,35579.286463000004,34874.746137,35227.0163,SYNTHETIC-10,SYN10,2024-04-26,3874971793.0000005,normal,110000
35262.7161,synthetic,2024-04-29T17:00:00+07:00,HNX,35262.7161,35615.343260999995,34910.088939,35262.7161,SYNTHETIC-10,SYN10,2024-04-29,3878898770.9999995,normal,110000
35303.7062,synthetic,2024-04-30T17:00:00+07:00,HNX,35303.7062,35656.743262,34950.669138,35303.7062,SYNTHETIC-10,SYN10,2024-04-30,3883407682.0,normal,110000
35349.7534,synthetic,2024-05-01T17:00:00+07:00,HNX,35349.7534,35703.250934,34996.255866,35349.7534,SYNTHETIC-10,SYN10,2024-05-01,3888472874.0,normal,110000
35400.584,synthetic,2024-05-02T17:00:00+07:00,HNX,35400.584,35754.58984,35046.578160000005,35400.584,SYNTHETIC-10,SYN10,2024-05-02,3894064240.0000005,normal,110000
35455.8855,synthetic,2024-05-03T17:00:00+07:00,HNX,35455.8855,35810.444355,35101.326644999994,35455.8855,SYNTHETIC-10,SYN10,2024-05-03,3900147404.9999995,normal,110000
35515.3088,synthetic,2024-05-06T17:00:00+07:00,HNX,35515.3088,35870.461888,35160.155712,35515.3088,SYNTHETIC-10,SYN10,2024-05-06,3906683968.0,normal,110000
35578.4704,synthetic,2024-05-07T17:00:00+07:00,HNX,35578.4704,35934.255103999996,35222.685696,35578.4704,SYNTHETIC-10,SYN10,2024-05-07,3913631744.0,normal,110000
35644.9552,synthetic,2024-05-08T17:00:00+07:00,HNX,35644.9552,36001.404751999995,35288.505648,35644.9552,SYNTHETIC-10,SYN10,2024-05-08,3920945071.9999995,normal,110000
35714.3191,synthetic,2024-05-09T17:00:00+07:00,HNX,35714.3191,36071.462291,35357.175909,35714.3191,SYNTHETIC-10,SYN10,2024-05-09,3928575101.0,normal,110000
35786.0926,synthetic,2024-05-10T17:00:00+07:00,HNX,35786.0926,36143.953526000005,35428.231674,35786.0926,SYNTHETIC-10,SYN10,2024-05-10,3936470186.0000005,normal,110000
35859.7839,synthetic,2024-05-13T17:00:00+07:00,HNX,35859.7839,36218.381739000004,35501.186061,35859.7839,SYNTHETIC-10,SYN10,2024-05-13,3944576229.0000005,normal,110000
35934.8828,synthetic,2024-05-14T17:00:00+07:00,HNX,35934.8828,36294.231628,35575.533972,35934.8828,SYNTHETIC-10,SYN10,2024-05-14,3952837108.0,normal,110000
36010.8644,synthetic,2024-05-15T17:00:00+07:00,HNX,36010.8644,36370.973044,35650.755756,36010.8644,SYNTHETIC-10,SYN10,2024-05-15,3961195084.0,normal,110000
36087.1937,synthetic,2024-05-16T17:00:00+07:00,HNX,36087.1937,36448.06563700001,35726.321763,36087.1937,SYNTHETIC-10,SYN10,2024-05-16,3969591307.0000005,normal,110000
36163.3294,synthetic,2024-05-17T17:00:00+07:00,HNX,36163.3294,36524.962694,35801.696106,36163.3294,SYNTHETIC-10,SYN10,2024-05-17,3977966234.0000005,normal,110000
36238.7286,synthetic,2024-05-20T17:00:00+07:00,HNX,36238.7286,36601.115886,35876.341314000005,36238.7286,SYNTHETIC-10,SYN10,2024-05-20,3986260146.0000005,normal,110000
36312.8513,synthetic,2024-05-21T17:00:00+07:00,HNX,36312.8513,36675.979813000005,35949.722787,36312.8513,SYNTHETIC-10,SYN10,2024-05-21,3994413643.0,normal,110000
36385.1653,synthetic,2024-05-22T17:00:00+07:00,HNX,36385.1653,36749.016953,36021.313647,36385.1653,SYNTHETIC-10,SYN10,2024-05-22,4002368183.0,normal,110000
36455.1504,synthetic,2024-05-23T17:00:00+07:00,HNX,36455.1504,36819.701904,36090.598895999996,36455.1504,SYNTHETIC-10,SYN10,2024-05-23,4010066544.0,normal,110000
36522.3036,synthetic,2024-05-24T17:00:00+07:00,HNX,36522.3036,36887.526636,36157.080563999996,36522.3036,SYNTHETIC-10,SYN10,2024-05-24,4017453396.0,normal,110000
36586.1432,synthetic,2024-05-27T17:00:00+07:00,HNX,36586.1432,36952.004632,36220.281768,36586.1432,SYNTHETIC-10,SYN10,2024-05-27,4024475752.0,normal,110000
36646.2138,synthetic,2024-05-28T17:00:00+07:00,HNX,36646.2138,37012.675938,36279.751661999995,36646.2138,SYNTHETIC-10,SYN10,2024-05-28,4031083517.9999995,normal,110000
36702.0901,synthetic,2024-05-29T17:00:00+07:00,HNX,36702.0901,37069.111001000005,36335.069199,36702.0901,SYNTHETIC-10,SYN10,2024-05-29,4037229911.0,normal,110000
36753.3811,synthetic,2024-05-30T17:00:00+07:00,HNX,36753.3811,37120.914911,36385.847289,36753.3811,SYNTHETIC-10,SYN10,2024-05-30,4042871921.0,normal,110000
36799.7342,synthetic,2024-05-31T17:00:00+07:00,HNX,36799.7342,37167.731542,36431.736858,36799.7342,SYNTHETIC-10,SYN10,2024-05-31,4047970762.0,normal,110000
36840.8383,synthetic,2024-06-03T17:00:00+07:00,HNX,36840.8383,37209.246683000005,36472.429917,36840.8383,SYNTHETIC-10,SYN10,2024-06-03,4052492213.0000005,normal,110000
36876.4271,synthetic,2024-06-04T17:00:00+07:00,HNX,36876.4271,37245.191371,36507.662829,36876.4271,SYNTHETIC-10,SYN10,2024-06-04,4056406981.0,normal,110000
36906.2816,synthetic,2024-06-05T17:00:00+07:00,HNX,36906.2816,37275.344416,36537.218784000004,36906.2816,SYNTHETIC-10,SYN10,2024-06-05,4059690976.0,normal,110000
36930.2325,synthetic,2024-06-06T17:00:00+07:00,HNX,36930.2325,37299.534824999995,36560.930175,36930.2325,SYNTHETIC-10,SYN10,2024-06-06,4062325575.0,normal,110000
36948.162,synthetic,2024-06-07T17:00:00+07:00,HNX,36948.162,37317.643619999995,36578.68038,36948.162,SYNTHETIC-10,SYN10,2024-06-07,4064297819.9999995,normal,110000
36960.0046,synthetic,2024-06-10T17:00:00+07:00,HNX,36960.0046,37329.604646,36590.404554,36960.0046,SYNTHETIC-10,SYN10,2024-06-10,4065600506.0,normal,110000
36965.7482,synthetic,2024-06-11T17:00:00+07:00,HNX,36965.7482,37335.405682000004,36596.090718,36965.7482,SYNTHETIC-10,SYN10,2024-06-11,4066232302.0,normal,110000
36965.4342,synthetic,2024-06-12T17:00:00+07:00,HNX,36965.4342,37335.088542000005,36595.779858,36965.4342,SYNTHETIC-10,SYN10,2024-06-12,4066197762.0000005,normal,110000
36959.1567,synthetic,2024-06-13T17:00:00+07:00,HNX,36959.1567,37328.748267,36589.565133,36959.1567,SYNTHETIC-10,SYN10,2024-06-13,4065507237.0,normal,110000
36947.0624,synthetic,2024-06-14T17:00:00+07:00,HNX,36947.0624,37316.533024000004,36577.591776,36947.0624,SYNTHETIC-10,SYN10,2024-06-14,4064176864.0000005,normal,110000
36929.3481,synthetic,2024-06-17T17:00:00+07:00,HNX,36929.3481,37298.641581,36560.054619,36929.3481,SYNTHETIC-10,SYN10,2024-06-17,4062228291.0000005,normal,110000
36906.2596,synthetic,2024-06-18T17:00:00+07:00,HNX,36906.2596,37275.322196,36537.197003999994,36906.2596,SYNTHETIC-10,SYN10,2024-06-18,4059688555.9999995,normal,110000
36878.0888,synthetic,2024-06-19T17:00:00+07:00,HNX,36878.0888,37246.869688,36509.307912,36878.0888,SYNTHETIC-10,SYN10,2024-06-19,4056589767.9999995,normal,110000
36845.1711,synthetic,2024-06-20T17:00:00+07:00,HNX,36845.1711,37213.622811,36476.719389,36845.1711,SYNTHETIC-10,SYN10,2024-06-20,4052968821.0,normal,110000
36807.8818,synthetic,2024-06-21T17:00:00+07:00,HNX,36807.8818,37175.960618000005,36439.802982,36807.8818,SYNTHETIC-10,SYN10,2024-06-21,4048866998.0000005,normal,110000
36766.6328,synthetic,2024-06-24T17:00:00+07:00,HNX,36766.6328,37134.299128,36398.966472,36766.6328,SYNTHETIC-10,SYN10,2024-06-24,4044329608.0,normal,110000
36721.8686,synthetic,2024-06-25T17:00:00+07:00,HNX,36721.8686,37089.087286,36354.649914,36721.8686,SYNTHETIC-10,SYN10,2024-06-25,4039405546.0,normal,110000
36674.0619,synthetic,2024-06-26T17:00:00+07:00,HNX,36674.0619,37040.802519000004,36307.321281,36674.0619,SYNTHETIC-10,SYN10,2024-06-26,4034146809.0,normal,110000
36623.7097,synthetic,2024-06-27T17:00:00+07:00,HNX,36623.7097,36989.946797,36257.472603,36623.7097,SYNTHETIC-10,SYN10,2024-06-27,4028608067.0,normal,110000
36571.328,synthetic,2024-06-28T17:00:00+07:00,HNX,36571.328,36937.041280000005,36205.61472,36571.328,SYNTHETIC-10,SYN10,2024-06-28,4022846080.0,normal,110000
36517.448,synthetic,2024-07-01T17:00:00+07:00,HNX,36517.448,36882.62248,36152.273519999995,36517.448,SYNTHETIC-10,SYN10,2024-07-01,4016919279.9999995,normal,110000
36462.6108,synthetic,2024-07-02T17:00:00+07:00,HNX,36462.6108,36827.236908,36097.984692000005,36462.6108,SYNTHETIC-10,SYN10,2024-07-02,4010887188.0000005,normal,110000
36407.363,synthetic,2024-07-03T17:00:00+07:00,HNX,36407.363,36771.43663,36043.28937,36407.363,SYNTHETIC-10,SYN10,2024-07-03,4004809929.9999995,normal,110000
36352.2521,synthetic,2024-07-04T17:00:00+07:00,HNX,36352.2521,36715.774621,35988.729579,36352.2521,SYNTHETIC-10,SYN10,2024-07-04,3998747731.0,normal,110000
36297.8218,synthetic,2024-07-05T17:00:00+07:00,HNX,36297.8218,36660.800018,35934.843581999994,36297.8218,SYNTHETIC-10,SYN10,2024-07-05,3992760398.0,normal,110000
36244.6075,synthetic,2024-07-08T17:00:00+07:00,HNX,36244.6075,36607.053575,35882.161425,36244.6075,SYNTHETIC-10,SYN10,2024-07-08,3986906825.0,normal,110000
36193.1323,synthetic,2024-07-09T17:00:00+07:00,HNX,36193.1323,36555.063622999995,35831.200977,36193.1323,SYNTHETIC-10,SYN10,2024-07-09,3981244552.9999995,normal,110000
36143.903,synthetic,2024-07-10T17:00:00+07:00,HNX,36143.903,36505.34203,35782.46397,36143.903,SYNTHETIC-10,SYN10,2024-07-10,3975829330.0,normal,110000
36097.4056,synthetic,2024-07-11T17:00:00+07:00,HNX,36097.4056,36458.379656,35736.431544,36097.4056,SYNTHETIC-10,SYN10,2024-07-11,3970714616.0,normal,110000
36054.1024,synthetic,2024-07-12T17:00:00+07:00,HNX,36054.1024,36414.643424,35693.561376000005,36054.1024,SYNTHETIC-10,SYN10,2024-07-12,3965951264.0000005,normal,110000
36014.4284,synthetic,2024-07-15T17:00:00+07:00,HNX,36014.4284,36374.572684,35654.284115999995,36014.4284,SYNTHETIC-10,SYN10,2024-07-15,3961587123.9999995,normal,110000
35978.788,synthetic,2024-07-16T17:00:00+07:00,HNX,35978.788,36338.575880000004,35619.00012,35978.788,SYNTHETIC-10,SYN10,2024-07-16,3957666680.0,normal,110000
35947.5523,synthetic,2024-07-17T17:00:00+07:00,HNX,35947.5523,36307.027823000004,35588.076777,35947.5523,SYNTHETIC-10,SYN10,2024-07-17,3954230753.0000005,normal,110000
35921.0564,synthetic,2024-07-18T17:00:00+07:00,HNX,35921.0564,36280.266964,35561.845836,35921.0564,SYNTHETIC-10,SYN10,2024-07-18,3951316204.0,normal,110000
35899.5976,synthetic,2024-07-19T17:00:00+07:00,HNX,35899.5976,36258.593576,35540.601624,35899.5976,SYNTHETIC-10,SYN10,2024-07-19,3948955736.0,normal,110000
35883.4329,synthetic,2024-07-22T17:00:00+07:00,HNX,35883.4329,36242.267229,35524.598571,35883.4329,SYNTHETIC-10,SYN10,2024-07-22,3947177619.0,normal,110000
35872.7773,synthetic,2024-07-23T17:00:00+07:00,HNX,35872.7773,36231.505073,35514.049527,35872.7773,SYNTHETIC-10,SYN10,2024-07-23,3946005503.0,normal,110000
35867.8029,synthetic,2024-07-24T17:00:00+07:00,HNX,35867.8029,36226.480929000005,35509.124871,35867.8029,SYNTHETIC-10,SYN10,2024-07-24,3945458319.0000005,normal,110000
35868.6372,synthetic,2024-07-25T17:00:00+07:00,HNX,35868.6372,36227.323572,35509.95082799999,35868.6372,SYNTHETIC-10,SYN10,2024-07-25,3945550091.9999995,normal,110000
35875.3626,synthetic,2024-07-26T17:00:00+07:00,HNX,35875.3626,36234.116226,35516.608974,35875.3626,SYNTHETIC-10,SYN10,2024-07-26,3946289886.0,normal,110000
35888.0158,synthetic,2024-07-29T17:00:00+07:00,HNX,35888.0158,36246.895958,35529.135642,35888.0158,SYNTHETIC-10,SYN10,2024-07-29,3947681738.0,normal,110000
35906.5874,synthetic,2024-07-30T17:00:00+07:00,HNX,35906.5874,36265.653274,35547.521526,35906.5874,SYNTHETIC-10,SYN10,2024-07-30,3949724613.9999995,normal,110000
35931.0222,synthetic,2024-07-31T17:00:00+07:00,HNX,35931.0222,36290.332422,35571.711978,35931.0222,SYNTHETIC-10,SYN10,2024-07-31,3952412442.0,normal,110000
35961.2191,synthetic,2024-08-01T17:00:00+07:00,HNX,35961.2191,36320.831291,35601.606909,35961.2191,SYNTHETIC-10,SYN10,2024-08-01,3955734101.0,normal,110000
35997.0321,synthetic,2024-08-02T17:00:00+07:00,HNX,35997.0321,36357.002421,35637.061778999996,35997.0321,SYNTHETIC-10,SYN10,2024-08-02,3959673530.9999995,normal,110000
36038.271,synthetic,2024-08-05T17:00:00+07:00,HNX,36038.271,36398.65371,35677.88829,36038.271,SYNTHETIC-10,SYN10,2024-08-05,3964209810.0,normal,110000
36084.7024,synthetic,2024-08-06T17:00:00+07:00,HNX,36084.7024,36445.549424000004,35723.855376,36084.7024,SYNTHETIC-10,SYN10,2024-08-06,3969317264.0,normal,110000
36136.0517,synthetic,2024-08-07T17:00:00+07:00,HNX,36136.0517,36497.412217000005,35774.691183,36136.0517,SYNTHETIC-10,SYN10,2024-08-07,3974965687.0000005,normal,110000
36192.0042,synthetic,2024-08-08T17:00:00+07:00,HNX,36192.0042,36553.924242,35830.084158000005,36192.0042,SYNTHETIC-10,SYN10,2024-08-08,3981120462.0000005,normal,110000
36252.2076,synthetic,2024-08-09T17:00:00+07:00,HNX,36252.2076,36614.729676,35889.685524,36252.2076,SYNTHETIC-10,SYN10,2024-08-09,3987742836.0,normal,110000
36316.2745,synthetic,2024-08-12T17:00:00+07:00,HNX,36316.2745,36679.437245,35953.111755,36316.2745,SYNTHETIC-10,SYN10,2024-08-12,3994790195.0,normal,110000
36383.7844,synthetic,2024-08-13T17:00:00+07:00,HNX,36383.7844,36747.622244,36019.946555999995,36383.7844,SYNTHETIC-10,SYN10,2024-08-13,4002216283.9999995,normal,110000
36454.2874,synthetic,2024-08-14T17:00:00+07:00,HNX,36454.2874,36818.830274,36089.744526,36454.2874,SYNTHETIC-10,SYN10,2024-08-14,4009971614.0,normal,110000
36527.3067,synthetic,2024-08-15T17:00:00+07:00,HNX,36527.3067,36892.579767,36162.033633,36527.3067,SYNTHETIC-10,SYN10,2024-08-15,4018003737.0,normal,110000
36602.3429,synthetic,2024-08-16T17:00:00+07:00,HNX,36602.3429,36968.366329000004,36236.319471,36602.3429,SYNTHETIC-10,SYN10,2024-08-16,4026257719.0000005,normal,110000
36678.8768,synthetic,2024-08-19T17:00:00+07:00,HNX,36678.8768,37045.665568,36312.088032,36678.8768,SYNTHETIC-10,SYN10,2024-08-19,4034676448.0,normal,110000
36756.3744,synthetic,2024-08-20T17:00:00+07:00,HNX,36756.3744,37123.938144,36388.810656,36756.3744,SYNTHETIC-10,SYN10,2024-08-20,4043201184.0,normal,110000
36834.2901,synthetic,2024-08-21T17:00:00+07:00,HNX,36834.2901,37202.633001,36465.947198999995,36834.2901,SYNTHETIC-10,SYN10,2024-08-21,4051771911.0,normal,110000
36912.0718,synthetic,2024-08-22T17:00:00+07:00,HNX,36912.0718,37281.192517999996,36542.951082,36912.0718,SYNTHETIC-10,SYN10,2024-08-22,4060327898.0,normal,110000
36989.1654,synthetic,2024-08-23T17:00:00+07:00,HNX,36989.1654,37359.057054,36619.273746,36989.1654,SYNTHETIC-10,SYN10,2024-08-23,4068808194.0,normal,110000
37065.0188,synthetic,2024-08-26T17:00:00+07:00,HNX,37065.0188,37435.668988,36694.368612,37065.0188,SYNTHETIC-10,SYN10,2024-08-26,4077152068.0,normal,110000
37139.0875,synthetic,2024-08-27T17:00:00+07:00,HNX,37139.0875,37510.478375,36767.696625000004,37139.0875,SYNTHETIC-10,SYN10,2024-08-27,4085299625.0,normal,110000
37210.8389,synthetic,2024-08-28T17:00:00+07:00,HNX,37210.8389,37582.947289,36838.730511,37210.8389,SYNTHETIC-10,SYN10,2024-08-28,4093192279.0000005,normal,110000
37279.7571,synthetic,2024-08-29T17:00:00+07:00,HNX,37279.7571,37652.554671000005,36906.959529,37279.7571,SYNTHETIC-10,SYN10,2024-08-29,4100773281.0000005,normal,110000
37345.3477,synthetic,2024-08-30T17:00:00+07:00,HNX,37345.3477,37718.801177,36971.894222999996,37345.3477,SYNTHETIC-10,SYN10,2024-08-30,4107988247.0,normal,110000
37407.1422,synthetic,2024-09-02T17:00:00+07:00,HNX,37407.1422,37781.213622,37033.070778,37407.1422,SYNTHETIC-10,SYN10,2024-09-02,4114785642.0,normal,110000
37464.7028,synthetic,2024-09-03T17:00:00+07:00,HNX,37464.7028,37839.349828,37090.055772,37464.7028,SYNTHETIC-10,SYN10,2024-09-03,4121117308.0,normal,110000
37517.626,synthetic,2024-09-04T17:00:00+07:00,HNX,37517.626,37892.80226,37142.44974,37517.626,SYNTHETIC-10,SYN10,2024-09-04,4126938859.9999995,normal,110000
37565.5472,synthetic,2024-09-05T17:00:00+07:00,HNX,37565.5472,37941.202672,37189.891728,37565.5472,SYNTHETIC-10,SYN10,2024-09-05,4132210192.0,normal,110000
37608.1437,synthetic,2024-09-06T17:00:00+07:00,HNX,37608.1437,37984.225137,37232.062263,37608.1437,SYNTHETIC-10,SYN10,2024-09-06,4136895807.0,normal,110000
37645.1382,synthetic,2024-09-09T17:00:00+07:00,HNX,37645.1382,38021.589582,37268.686818,37645.1382,SYNTHETIC-10,SYN10,2024-09-09,4140965202.0,normal,110000
37676.3014,synthetic,2024-09-10T17:00:00+07:00,HNX,37676.3014,38053.064414,37299.53838599999,37676.3014,SYNTHETIC-10,SYN10,2024-09-10,4144393153.9999995,normal,110000
37701.4547,synthetic,2024-09-11T17:00:00+07:00,HNX,37701.4547,38078.469247,37324.440153,37701.4547,SYNTHETIC-10,SYN10,2024-09-11,4147160017.0,normal,110000
37720.4714,synthetic,2024-09-12T17:00:00+07:00,HNX,37720.4714,38097.676114,37343.266686,37720.4714,SYNTHETIC-10,SYN10,2024-09-12,4149251854.0000005,normal,110000
37733.2787,synthetic,2024-09-13T17:00:00+07:00,HNX,37733.2787,38110.611487,37355.945913,37733.2787,SYNTHETIC-10,SYN10,2024-09-13,4150660657.0000005,normal,110000
37739.8578,synthetic,2024-09-16T17:00:00+07:00,HNX,37739.8578,38117.256378,37362.459222,37739.8578,SYNTHETIC-10,SYN10,2024-09-16,4151384358.0,normal,110000
37740.2448,synthetic,2024-09-17T17:00:00+07:00,HNX,37740.2448,38117.647248,37362.842352,37740.2448,SYNTHETIC-10,SYN10,2024-09-17,4151426928.0,normal,110000
37734.5296,synthetic,2024-09-18T17:00:00+07:00,HNX,37734.5296,38111.874896,37357.184304,37734.5296,SYNTHETIC-10,SYN10,2024-09-18,4150798256.0,normal,110000
37722.8558,synthetic,2024-09-19T17:00:00+07:00,HNX,37722.8558,38100.084358,37345.627241999995,37722.8558,SYNTHETIC-10,SYN10,2024-09-19,4149514137.9999995,normal,110000
37705.4186,synthetic,2024-09-20T17:00:00+07:00,HNX,37705.4186,38082.472786,37328.364413999996,37705.4186,SYNTHETIC-10,SYN10,2024-09-20,4147596045.9999995,normal,110000
37682.4633,synthetic,2024-09-23T17:00:00+07:00,HNX,37682.4633,38059.28793300001,37305.638667,37682.4633,SYNTHETIC-10,SYN10,2024-09-23,4145070963.0000005,normal,110000
37654.2826,synthetic,2024-09-24T17:00:00+07:00,HNX,37654.2826,38030.825425999996,37277.739774,37654.2826,SYNTHETIC-10,SYN10,2024-09-24,4141971086.0,normal,110000
37621.2139,synthetic,2024-09-25T17:00:00+07:00,HNX,37621.2139,37997.426039000005,37245.001761,37621.2139,SYNTHETIC-10,SYN10,2024-09-25,4138333529.0000005,normal,110000
37583.636,synthetic,2024-09-26T17:00:00+07:00,HNX,37583.636,37959.47236,37207.79964,37583.636,SYNTHETIC-10,SYN10,2024-09-26,4134199960.0,normal,110000
37541.9654,synthetic,2024-09-27T17:00:00+07:00,HNX,37541.9654,37917.385054,37166.545746,37541.9654,SYNTHETIC-10,SYN10,2024-09-27,4129616194.0,normal,110000
37496.6521,synthetic,2024-09-30T17:00:00+07:00,HNX,37496.6521,37871.618621,37121.685579,37496.6521,SYNTHETIC-10,SYN10,2024-09-30,4124631731.0,normal,110000
37448.1758,synthetic,2024-10-01T17:00:00+07:00,HNX,37448.1758,37822.657558,37073.694041999996,37448.1758,SYNTHETIC-10,SYN10,2024-10-01,4119299337.9999995,normal,110000
37397.0411,synthetic,2024-10-02T17:00:00+07:00,HNX,37397.0411,37771.011511000004,37023.070689,37397.0411,SYNTHETIC-10,SYN10,2024-10-02,4113674521.0000005,normal,110000
37343.773,synthetic,2024-10-03T17:00:00+07:00,HNX,37343.773,37717.21073,36970.33527,37343.773,SYNTHETIC-10,SYN10,2024-10-03,4107815030.0,normal,110000
37288.9121,synthetic,2024-10-04T17:00:00+07:00,HNX,37288.9121,37661.801221,36916.022979,37288.9121,SYNTHETIC-10,SYN10,2024-10-04,4101780331.0,normal,110000
37233.0101,synthetic,2024-10-07T17:00:00+07:00,HNX,37233.0101,37605.340201,36860.679999,37233.0101,SYNTHETIC-10,SYN10,2024-10-07,4095631111.0,normal,110000
37176.6246,synthetic,2024-10-08T17:00:00+07:00,HNX,37176.6246,37548.390846,36804.858354,37176.6246,SYNTHETIC-10,SYN10,2024-10-08,4089428706.0000005,normal,110000
37120.3147,synthetic,2024-10-09T17:00:00+07:00,HNX,37120.3147,37491.517847,36749.111553,37120.3147,SYNTHETIC-10,SYN10,2024-10-09,4083234617.0000005,normal,110000
37064.636,synthetic,2024-10-10T17:00:00+07:00,HNX,37064.636,37435.28236,36693.98964,37064.636,SYNTHETIC-10,SYN10,2024-10-10,4077109960.0,normal,110000
37010.1365,synthetic,2024-10-11T17:00:00+07:00,HNX,37010.1365,37380.237865,36640.035135,37010.1365,SYNTHETIC-10,SYN10,2024-10-11,4071115015.0,normal,110000
36957.352,synthetic,2024-10-14T17:00:00+07:00,HNX,36957.352,37326.92552,36587.77848,36957.352,SYNTHETIC-10,SYN10,2024-10-14,4065308720.0,normal,110000
36906.8017,synthetic,2024-10-15T17:00:00+07:00,HNX,36906.8017,37275.869717,36537.733683000006,36906.8017,SYNTHETIC-10,SYN10,2024-10-15,4059748187.0000005,normal,110000
36858.9848,synthetic,2024-10-16T17:00:00+07:00,HNX,36858.9848,37227.574648,36490.394951999995,36858.9848,SYNTHETIC-10,SYN10,2024-10-16,4054488328.0,normal,110000
36814.3761,synthetic,2024-10-17T17:00:00+07:00,HNX,36814.3761,37182.519861,36446.232339,36814.3761,SYNTHETIC-10,SYN10,2024-10-17,4049581371.0,normal,110000
36773.423,synthetic,2024-10-18T17:00:00+07:00,HNX,36773.423,37141.157230000004,36405.68877,36773.423,SYNTHETIC-10,SYN10,2024-10-18,4045076530.0000005,normal,110000
36736.5422,synthetic,2024-10-21T17:00:00+07:00,HNX,36736.5422,37103.907622000006,36369.176778,36736.5422,SYNTHETIC-10,SYN10,2024-10-21,4041019642.0000005,normal,110000
36704.1166,synthetic,2024-10-22T17:00:00+07:00,HNX,36704.1166,37071.157766000004,36337.075434,36704.1166,SYNTHETIC-10,SYN10,2024-10-22,4037452826.0,normal,110000
36676.4927,synthetic,2024-10-23T17:00:00+07:00,HNX,36676.4927,37043.257627000006,36309.727773,36676.4927,SYNTHETIC-10,SYN10,2024-10-23,4034414197.0000005,normal,110000
36653.9786,synthetic,2024-10-24T17:00:00+07:00,HNX,36653.9786,37020.518386,36287.438814,36653.9786,SYNTHETIC-10,SYN10,2024-10-24,4031937646.0000005,normal,110000
36636.8414,synthetic,2024-10-25T17:00:00+07:00,HNX,36636.8414,37003.209813999994,36270.472986,36636.8414,SYNTHETIC-10,SYN10,2024-10-25,4030052553.9999995,normal,110000
36625.3058,synthetic,2024-10-28T17:00:00+07:00,HNX,36625.3058,36991.558858000004,36259.052742,36625.3058,SYNTHETIC-10,SYN10,2024-10-28,4028783638.0,normal,110000
36619.5524,synthetic,2024-10-29T17:00:00+07:00,HNX,36619.5524,36985.747924,36253.356876,36619.5524,SYNTHETIC-10,SYN10,2024-10-29,4028150764.0,normal,110000
36619.7168,synthetic,2024-10-30T17:00:00+07:00,HNX,36619.7168,36985.913968,36253.519632,36619.7168,SYNTHETIC-10,SYN10,2024-10-30,4028168848.0,normal,110000
36625.8884,synthetic,2024-10-31T17:00:00+07:00,HNX,36625.8884,36992.147284000006,36259.629516,36625.8884,SYNTHETIC-10,SYN10,2024-10-31,4028847724.0000005,normal,110000
36638.1101,synthetic,2024-11-01T17:00:00+07:00,HNX,36638.1101,37004.491201,36271.728999,36638.1101,SYNTHETIC-10,SYN10,2024-11-01,4030192111.0,normal,110000
36656.3777,synthetic,2024-11-04T17:00:00+07:00,HNX,36656.3777,37022.941477,36289.813922999994,36656.3777,SYNTHETIC-10,SYN10,2024-11-04,4032201546.9999995,normal,110000
36680.6401,synthetic,2024-11-05T17:00:00+07:00,HNX,36680.6401,37047.446501,36313.833698999995,36680.6401,SYNTHETIC-10,SYN10,2024-11-05,4034870410.9999995,normal,110000
36710.7997,synthetic,2024-11-06T17:00:00+07:00,HNX,36710.7997,37077.907697,36343.691703000004,36710.7997,SYNTHETIC-10,SYN10,2024-11-06,4038187967.0000005,normal,110000
36746.7125,synthetic,2024-11-07T17:00:00+07:00,HNX,36746.7125,37114.179625000004,36379.245375,36746.7125,SYNTHETIC-10,SYN10,2024-11-07,4042138375.0,normal,110000
36788.1893,synthetic,2024-11-08T17:00:00+07:00,HNX,36788.1893,37156.071192999996,36420.307407,36788.1893,SYNTHETIC-10,SYN10,2024-11-08,4046700823.0,normal,110000
36834.9972,synthetic,2024-11-11T17:00:00+07:00,HNX,36834.9972,37203.347172,36466.647227999994,36834.9972,SYNTHETIC-10,SYN10,2024-11-11,4051849692.0,normal,110000
36886.8603,synthetic,2024-11-12T17:00:00+07:00,HNX,36886.8603,37255.728903,36517.991697,36886.8603,SYNTHETIC-10,SYN10,2024-11-12,4057554633.0,normal,110000
36943.462,synthetic,2024-11-13T17:00:00+07:00,HNX,36943.462,37312.89662,36574.02738,36943.462,SYNTHETIC-10,SYN10,2024-11-13,4063780820.0,normal,110000
37004.447,synthetic,2024-11-14T17:00:00+07:00,HNX,37004.447,37374.49147,36634.40253,37004.447,SYNTHETIC-10,SYN10,2024-11-14,4070489170.0,normal,110000
37069.4236,synthetic,2024-11-15T17:00:00+07:00,HNX,37069.4236,37440.117836000005,36698.729364,37069.4236,SYNTHETIC-10,SYN10,2024-11-15,4077636596.0,normal,110000
37137.9664,synthetic,2024-11-18T17:00:00+07:00,HNX,37137.9664,37509.346064,36766.586736,37137.9664,SYNTHETIC-10,SYN10,2024-11-18,4085176303.9999995,normal,110000
37209.6192,synthetic,2024-11-19T17:00:00+07:00,HNX,37209.6192,37581.715392,36837.523008000004,37209.6192,SYNTHETIC-10,SYN10,2024-11-19,4093058112.0,normal,110000
37283.8984,synthetic,2024-11-20T17:00:00+07:00,HNX,37283.8984,37656.737384,36911.059416,37283.8984,SYNTHETIC-10,SYN10,2024-11-20,4101228824.0,normal,110000
37360.2964,synthetic,2024-11-21T17:00:00+07:00,HNX,37360.2964,37733.899364,36986.693436,37360.2964,SYNTHETIC-10,SYN10,2024-11-21,4109632604.0,normal,110000
37438.2854,synthetic,2024-11-22T17:00:00+07:00,HNX,37438.2854,37812.668254000004,37063.902546,37438.2854,SYNTHETIC-10,SYN10,2024-11-22,4118211394.0,normal,110000
37517.3216,synthetic,2024-11-25T17:00:00+07:00,HNX,37517.3216,37892.494816000006,37142.148384,37517.3216,SYNTHETIC-10,SYN10,2024-11-25,4126905376.0000005,normal,110000
37596.8492,synthetic,2024-11-26T17:00:00+07:00,HNX,37596.8492,37972.817692,37220.880708,37596.8492,SYNTHETIC-10,SYN10,2024-11-26,4135653411.9999995,normal,110000
37676.3051,synthetic,2024-11-27T17:00:00+07:00,HNX,37676.3051,38053.068151,37299.542048999996,37676.3051,SYNTHETIC-10,SYN10,2024-11-27,4144393560.9999995,normal,110000
37755.1234,synthetic,2024-11-28T17:00:00+07:00,HNX,37755.1234,38132.674633999995,37377.572166,37755.1234,SYNTHETIC-10,SYN10,2024-11-28,4153063573.9999995,normal,110000
37832.7401,synthetic,2024-11-29T17:00:00+07:00,HNX,37832.7401,38211.067501000005,37454.412699,37832.7401,SYNTHETIC-10,SYN10,2024-11-29,4161601411.0000005,normal,110000
37908.5983,synthetic,2024-12-02T17:00:00+07:00,HNX,37908.5983,38287.684282999995,37529.512317,37908.5983,SYNTHETIC-10,SYN10,2024-12-02,4169945813.0,normal,110000
37982.1523,synthetic,2024-12-03T17:00:00+07:00,HNX,37982.1523,38361.973823,37602.330777,37982.1523,SYNTHETIC-10,SYN10,2024-12-03,4178036753.0,normal,110000
38052.8733,synthetic,2024-12-04T17:00:00+07:00,HNX,38052.8733,38433.402033,37672.344567,38052.8733,SYNTHETIC-10,SYN10,2024-12-04,4185816063.0,normal,110000
38120.2538,synthetic,2024-12-05T17:00:00+07:00,HNX,38120.2538,38501.456337999996,37739.051262,38120.2538,SYNTHETIC-10,SYN10,2024-12-05,4193227918.0,normal,110000
38183.8122,synthetic,2024-12-06T17:00:00+07:00,HNX,38183.8122,38565.650322,37801.974078,38183.8122,SYNTHETIC-10,SYN10,2024-12-06,4200219342.0,normal,110000
38243.0976,synthetic,2024-12-09T17:00:00+07:00,HNX,38243.0976,38625.528576000004,37860.666624,38243.0976,SYNTHETIC-10,SYN10,2024-12-09,4206740736.0,normal,110000
38297.694,synthetic,2024-12-10T17:00:00+07:00,HNX,38297.694,38680.67094,37914.71706,38297.694,SYNTHETIC-10,SYN10,2024-12-10,4212746340.0000005,normal,110000
38347.2243,synthetic,2024-12-11T17:00:00+07:00,HNX,38347.2243,38730.696543000005,37963.752057,38347.2243,SYNTHETIC-10,SYN10,2024-12-11,4218194673.0,normal,110000
38391.3539,synthetic,2024-12-12T17:00:00+07:00,HNX,38391.3539,38775.267439,38007.440361,38391.3539,SYNTHETIC-10,SYN10,2024-12-12,4223048929.0,normal,110000
38429.7943,synthetic,2024-12-13T17:00:00+07:00,HNX,38429.7943,38814.092243,38045.496357,38429.7943,SYNTHETIC-10,SYN10,2024-12-13,4227277373.0,normal,110000
38462.3056,synthetic,2024-12-16T17:00:00+07:00,HNX,38462.3056,38846.928656,38077.682544,38462.3056,SYNTHETIC-10,SYN10,2024-12-16,4230853616.0,normal,110000
38488.6993,synthetic,2024-12-17T17:00:00+07:00,HNX,38488.6993,38873.586293,38103.812307,38488.6993,SYNTHETIC-10,SYN10,2024-12-17,4233756923.0,normal,110000
38508.84,synthetic,2024-12-18T17:00:00+07:00,HNX,38508.84,38893.9284,38123.751599999996,38508.84,SYNTHETIC-10,SYN10,2024-12-18,4235972399.9999995,normal,110000
38522.6469,synthetic,2024-12-19T17:00:00+07:00,HNX,38522.6469,38907.873369,38137.420431,38522.6469,SYNTHETIC-10,SYN10,2024-12-19,4237491159.0,normal,110000
38530.0945,synthetic,2024-12-20T17:00:00+07:00,HNX,38530.0945,38915.395445,38144.793555,38530.0945,SYNTHETIC-10,SYN10,2024-12-20,4238310395.0,normal,110000
38531.2132,synthetic,2024-12-23T17:00:00+07:00,HNX,38531.2132,38916.525332,38145.901068,38531.2132,SYNTHETIC-10,SYN10,2024-12-23,4238433452.0,normal,110000
38526.0886,synthetic,2024-12-24T17:00:00+07:00,HNX,38526.0886,38911.34948600001,38140.827714,38526.0886,SYNTHETIC-10,SYN10,2024-12-24,4237869746.0000005,normal,110000
38514.8608,synthetic,2024-12-25T17:00:00+07:00,HNX,38514.8608,38900.009408000005,38129.712192,38514.8608,SYNTHETIC-10,SYN10,2024-12-25,4236634688.0000005,normal,110000
38497.7234,synthetic,2024-12-26T17:00:00+07:00,HNX,38497.7234,38882.700634,38112.746166000004,38497.7234,SYNTHETIC-10,SYN10,2024-12-26,4234749574.0000005,normal,110000
38474.9209,synthetic,2024-12-27T17:00:00+07:00,HNX,38474.9209,38859.670109,38090.171690999996,38474.9209,SYNTHETIC-10,SYN10,2024-12-27,4232241298.9999995,normal,110000
38446.7468,synthetic,2024-12-30T17:00:00+07:00,HNX,38446.7468,38831.214268,38062.279332,38446.7468,SYNTHETIC-10,SYN10,2024-12-30,4229142148.0,normal,110000
38413.5405,synthetic,2024-12-31T17:00:00+07:00,HNX,38413.5405,38797.675905000004,38029.405095,38413.5405,SYNTHETIC-10,SYN10,2024-12-31,4225489455.0000005,normal,110000
38375.684,synthetic,2025-01-01T17:00:00+07:00,HNX,38375.684,38759.44084,37991.92716,38375.684,SYNTHETIC-10,SYN10,2025-01-01,4221325240.0,normal,110000
38333.5982,synthetic,2025-01-02T17:00:00+07:00,HNX,38333.5982,38716.934182,37950.262218,38333.5982,SYNTHETIC-10,SYN10,2025-01-02,4216695802.0,normal,110000
38287.739,synthetic,2025-01-03T17:00:00+07:00,HNX,38287.739,38670.61639,37904.86161,38287.739,SYNTHETIC-10,SYN10,2025-01-03,4211651290.0,normal,110000
38238.5928,synthetic,2025-01-06T17:00:00+07:00,HNX,38238.5928,38620.978728,37856.206871999995,38238.5928,SYNTHETIC-10,SYN10,2025-01-06,4206245208.0,normal,110000
38186.6721,synthetic,2025-01-07T17:00:00+07:00,HNX,38186.6721,38568.538821,37804.805379000005,38186.6721,SYNTHETIC-10,SYN10,2025-01-07,4200533931.0000005,normal,110000
38132.5107,synthetic,2025-01-08T17:00:00+07:00,HNX,38132.5107,38513.835806999996,37751.185593,38132.5107,SYNTHETIC-10,SYN10,2025-01-08,4194576177.0,normal,110000
38076.659,synthetic,2025-01-09T17:00:00+07:00,HNX,38076.659,38457.42559,37695.89241,38076.659,SYNTHETIC-10,SYN10,2025-01-09,4188432490.0,normal,110000
38019.6792,synthetic,2025-01-10T17:00:00+07:00,HNX,38019.6792,38399.875992,37639.482407999996,38019.6792,SYNTHETIC-10,SYN10,2025-01-10,4182164712.0,normal,110000
37962.14,synthetic,2025-01-13T17:00:00+07:00,HNX,37962.14,38341.7614,37582.518599999996,37962.14,SYNTHETIC-10,SYN10,2025-01-13,4175835400.0,normal,110000
37904.6125,synthetic,2025-01-14T17:00:00+07:00,HNX,37904.6125,38283.658625000004,37525.566375,37904.6125,SYNTHETIC-10,SYN10,2025-01-14,4169507375.0000005,normal,110000
37847.6645,synthetic,2025-01-15T17:00:00+07:00,HNX,37847.6645,38226.141145,37469.187855,37847.6645,SYNTHETIC-10,SYN10,2025-01-15,4163243095.0,normal,110000
37791.8566,synthetic,2025-01-16T17:00:00+07:00,HNX,37791.8566,38169.775166,37413.938034,37791.8566,SYNTHETIC-10,SYN10,2025-01-16,4157104226.0,normal,110000
37737.7374,synthetic,2025-01-17T17:00:00+07:00,HNX,37737.7374,38115.114774,37360.360025999995,37737.7374,SYNTHETIC-10,SYN10,2025-01-17,4151151114.0,normal,110000
37685.8393,synthetic,2025-01-20T17:00:00+07:00,HNX,37685.8393,38062.697693,37308.980907,37685.8393,SYNTHETIC-10,SYN10,2025-01-20,4145442323.0,normal,110000
37636.6743,synthetic,2025-01-21T17:00:00+07:00,HNX,37636.6743,38013.041043,37260.307557,37636.6743,SYNTHETIC-10,SYN10,2025-01-21,4140034173.0,normal,110000
37590.7304,synthetic,2025-01-22T17:00:00+07:00,HNX,37590.7304,37966.637704,37214.823096,37590.7304,SYNTHETIC-10,SYN10,2025-01-22,4134980344.0,normal,110000
37548.4677,synthetic,2025-01-23T17:00:00+07:00,HNX,37548.4677,37923.952377,37172.983023,37548.4677,SYNTHETIC-10,SYN10,2025-01-23,4130331447.0,normal,110000
37510.3153,synthetic,2025-01-24T17:00:00+07:00,HNX,37510.3153,37885.418453000006,37135.212147,37510.3153,SYNTHETIC-10,SYN10,2025-01-24,4126134683.0,normal,110000
37476.6684,synthetic,2025-01-27T17:00:00+07:00,HNX,37476.6684,37851.435084000004,37101.901716,37476.6684,SYNTHETIC-10,SYN10,2025-01-27,4122433524.0000005,normal,110000
37447.8851,synthetic,2025-01-28T17:00:00+07:00,HNX,37447.8851,37822.363951,37073.406249,37447.8851,SYNTHETIC-10,SYN10,2025-01-28,4119267361.0,normal,110000
37424.2844,synthetic,2025-01-29T17:00:00+07:00,HNX,37424.2844,37798.527244,37050.041556,37424.2844,SYNTHETIC-10,SYN10,2025-01-29,4116671283.9999995,normal,110000
37406.1442,synthetic,2025-01-30T17:00:00+07:00,HNX,37406.1442,37780.205642,37032.082758000004,37406.1442,SYNTHETIC-10,SYN10,2025-01-30,4114675862.0000005,normal,110000
37393.6987,synthetic,2025-01-31T17:00:00+07:00,HNX,37393.6987,37767.635687,37019.761713,37393.6987,SYNTHETIC-10,SYN10,2025-01-31,4113306857.0,normal,110000
37387.1377,synthetic,2025-02-03T17:00:00+07:00,HNX,37387.1377,37761.009077,37013.266322999996,37387.1377,SYNTHETIC-10,SYN10,2025-02-03,4112585147.0,normal,110000
37386.605,synthetic,2025-02-04T17:00:00+07:00,HNX,37386.605,37760.47105,37012.738950000006,37386.605,SYNTHETIC-10,SYN10,2025-02-04,4112526550.0000005,normal,110000
37392.1972,synthetic,2025-02-05T17:00:00+07:00,HNX,37392.1972,37766.119172000006,37018.275228,37392.1972,SYNTHETIC-10,SYN10,2025-02-05,4113141692.0000005,normal,110000
37403.9637,synthetic,2025-02-06T17:00:00+07:00,HNX,37403.9637,37778.003337,37029.924063,37403.9637,SYNTHETIC-10,SYN10,2025-02-06,4114436007.0,normal,110000
37421.9057,synthetic,2025-02-07T17:00:00+07:00,HNX,37421.9057,37796.124757000005,37047.686643,37421.9057,SYNTHETIC-10,SYN10,2025-02-07,4116409627.0000005,normal,110000
37445.9766,synthetic,2025-02-10T17:00:00+07:00,HNX,37445.9766,37820.436366,37071.516834,37445.9766,SYNTHETIC-10,SYN10,2025-02-10,4119057426.0,normal,110000
37476.082,synthetic,2025-02-11T17:00:00+07:00,HNX,37476.082,37850.842820000005,37101.32118,37476.082,SYNTHETIC-10,SYN10,2025-02-11,4122369020.0,normal,110000
37512.0804,synthetic,2025-02-12T17:00:00+07:00,HNX,37512.0804,37887.201204,37136.959596,37512.0804,SYNTHETIC-10,SYN10,2025-02-12,4126328844.0,normal,110000
37553.7841,synthetic,2025-02-13T17:00:00+07:00,HNX,37553.7841,37929.321940999995,37178.246259,37553.7841,SYNTHETIC-10,SYN10,2025-02-13,4130916250.9999995,normal,110000
37600.96,synthetic,2025-02-14T17:00:00+07:00,HNX,37600.96,37976.9696,37224.9504,37600.96,SYNTHETIC-10,SYN10,2025-02-14,4136105600.0,normal,110000
37653.3316,synthetic,2025-02-17T17:00:00+07:00,HNX,37653.3316,38029.864916,37276.798284,37653.3316,SYNTHETIC-10,SYN10,2025-02-17,4141866475.9999995,normal,110000
37710.5804,synthetic,2025-02-18T17:00:00+07:00,HNX,37710.5804,38087.686204,37333.474596,37710.5804,SYNTHETIC-10,SYN10,2025-02-18,4148163844.0,normal,110000
37772.3479,synthetic,2025-02-19T17:00:00+07:00,HNX,37772.3479,38150.071379,37394.624421,37772.3479,SYNTHETIC-10,SYN10,2025-02-19,4154958269.0,normal,110000
37838.2385,synthetic,2025-02-20T17:00:00+07:00,HNX,37838.2385,38216.620885,37459.856115,37838.2385,SYNTHETIC-10,SYN10,2025-02-20,4162206235.0,normal,110000
37907.8217,synthetic,2025-02-21T17:00:00+07:00,HNX,37907.8217,38286.899917,37528.743483,37907.8217,SYNTHETIC-10,SYN10,2025-02-21,4169860387.0,normal,110000
37980.635,synthetic,2025-02-24T17:00:00+07:00,HNX,37980.635,38360.44135,37600.82865,37980.635,SYNTHETIC-10,SYN10,2025-02-24,4177869850.0,normal,110000
38056.1879,synthetic,2025-02-25T17:00:00+07:00,HNX,38056.1879,38436.749779,37675.626021,38056.1879,SYNTHETIC-10,SYN10,2025-02-25,4186180668.9999995,normal,110000
38133.9648,synthetic,2025-02-26T17:00:00+07:00,HNX,38133.9648,38515.304448,37752.625152,38133.9648,SYNTHETIC-10,SYN10,2025-02-26,4194736128.0,normal,110000
38213.4288,synthetic,2025-02-27T17:00:00+07:00,HNX,38213.4288,38595.563088,37831.294512,38213.4288,SYNTHETIC-10,SYN10,2025-02-27,4203477168.0,normal,110000
38294.0266,synthetic,2025-02-28T17:00:00+07:00,HNX,38294.0266,38676.966865999995,37911.086334,38294.0266,SYNTHETIC-10,SYN10,2025-02-28,4212342925.9999995,normal,110000
38375.1918,synthetic,2025-03-03T17:00:00+07:00,HNX,38375.1918,38758.943718,37991.439882,38375.1918,SYNTHETIC-10,SYN10,2025-03-03,4221271098.0,normal,110000
38456.3502,synthetic,2025-03-04T17:00:00+07:00,HNX,38456.3502,38840.913702,38071.786698,38456.3502,SYNTHETIC-10,SYN10,2025-03-04,4230198522.0,normal,110000
38536.9241,synthetic,2025-03-05T17:00:00+07:00,HNX,38536.9241,38922.293341,38151.554858999996,38536.9241,SYNTHETIC-10,SYN10,2025-03-05,4239061650.9999995,normal,110000
38616.3373,synthetic,2025-03-06T17:00:00+07:00,HNX,38616.3373,39002.500673,38230.173926999996,38616.3373,SYNTHETIC-10,SYN10,2025-03-06,4247797103.0,normal,110000
38694.0199,synthetic,2025-03-07T17:00:00+07:00,HNX,38694.0199,39080.960098999996,38307.079701,38694.0199,SYNTHETIC-10,SYN10,2025-03-07,4256342189.0,normal,110000
38769.4134,synthetic,2025-03-10T17:00:00+07:00,HNX,38769.4134,39157.107533999995,38381.719266,38769.4134,SYNTHETIC-10,SYN10,2025-03-10,4264635473.9999995,normal,110000
38841.9756,synthetic,2025-03-11T17:00:00+07:00,HNX,38841.9756,39230.395356,38453.555843999995,38841.9756,SYNTHETIC-10,SYN10,2025-03-11,4272617316.0,normal,110000
38911.1857,synthetic,2025-03-12T17:00:00+07:00,HNX,38911.1857,39300.297557000005,38522.073843,38911.1857,SYNTHETIC-10,SYN10,2025-03-12,4280230427.0,normal,110000
38976.5487,synthetic,2025-03-13T17:00:00+07:00,HNX,38976.5487,39366.314186999996,38586.783213,38976.5487,SYNTHETIC-10,SYN10,2025-03-13,4287420357.0,normal,110000
39037.6004,synthetic,2025-03-14T17:00:00+07:00,HNX,39037.6004,39427.976404,38647.224396000005,39037.6004,SYNTHETIC-10,SYN10,2025-03-14,4294136044.0000005,normal,110000
39093.9118,synthetic,2025-03-17T17:00:00+07:00,HNX,39093.9118,39484.850918000004,38702.972682,39093.9118,SYNTHETIC-10,SYN10,2025-03-17,4300330298.0,normal,110000
39145.093,synthetic,2025-03-18T17:00:00+07:00,HNX,39145.093,39536.54393,38753.64207,39145.093,SYNTHETIC-10,SYN10,2025-03-18,4305960230.0,normal,110000
39190.7974,synthetic,2025-03-19T17:00:00+07:00,HNX,39190.7974,39582.705374000005,38798.889426,39190.7974,SYNTHETIC-10,SYN10,2025-03-19,4310987714.0,normal,110000
39230.7247,synthetic,2025-03-20T17:00:00+07:00,HNX,39230.7247,39623.031946999996,38838.417453,39230.7247,SYNTHETIC-10,SYN10,2025-03-20,4315379717.0,normal,110000
39264.6243,synthetic,2025-03-21T17:00:00+07:00,HNX,39264.6243,39657.270543000006,38871.978057,39264.6243,SYNTHETIC-10,SYN10,2025-03-21,4319108673.0,normal,110000
39292.2976,synthetic,2025-03-24T17:00:00+07:00,HNX,39292.2976,39685.220576,38899.374624,39292.2976,SYNTHETIC-10,SYN10,2025-03-24,4322152736.0,normal,110000
39313.5999,synthetic,2025-03-25T17:00:00+07:00,HNX,39313.5999,39706.735899,38920.463901,39313.5999,SYNTHETIC-10,SYN10,2025-03-25,4324495989.0,normal,110000
39328.4424,synthetic,2025-03-26T17:00:00+07:00,HNX,39328.4424,39721.726824,38935.157976,39328.4424,SYNTHETIC-10,SYN10,2025-03-26,4326128664.0,normal,110000
39336.7925,synthetic,2025-03-27T17:00:00+07:00,HNX,39336.7925,39730.160425,38943.424575000005,39336.7925,SYNTHETIC-10,SYN10,2025-03-27,4327047175.0,normal,110000
39338.6745,synthetic,2025-03-28T17:00:00+07:00,HNX,39338.6745,39732.061245000004,38945.287755,39338.6745,SYNTHETIC-10,SYN10,2025-03-28,4327254195.0,normal,110000
39334.1695,synthetic,2025-03-31T17:00:00+07:00,HNX,39334.1695,39727.51119500001,38940.827805,39334.1695,SYNTHETIC-10,SYN10,2025-03-31,4326758645.0,normal,110000
39323.4143,synthetic,2025-04-01T17:00:00+07:00,HNX,39323.4143,39716.648443,38930.180156999995,39323.4143,SYNTHETIC-10,SYN10,2025-04-01,4325575573.0,normal,110000
39306.6002,synthetic,2025-04-02T17:00:00+07:00,HNX,39306.6002,39699.666202,38913.534198,39306.6002,SYNTHETIC-10,SYN10,2025-04-02,4323726022.0,normal,110000
39283.971,synthetic,2025-04-03T17:00:00+07:00,HNX,39283.971,39676.81071,38891.13129,39283.971,SYNTHETIC-10,SYN10,2025-04-03,4321236810.0,normal,110000
39255.8207,synthetic,2025-04-04T17:00:00+07:00,HNX,39255.8207,39648.378907,38863.262492999995,39255.8207,SYNTHETIC-10,SYN10,2025-04-04,4318140277.0,normal,110000
39222.4907,synthetic,2025-04-07T17:00:00+07:00,HNX,39222.4907,39614.715607000006,38830.265793,39222.4907,SYNTHETIC-10,SYN10,2025-04-07,4314473977.0,normal,110000
39184.3661,synthetic,2025-04-08T17:00:00+07:00,HNX,39184.3661,39576.209761,38792.522439,39184.3661,SYNTHETIC-10,SYN10,2025-04-08,4310280271.0,normal,110000
39141.8722,synthetic,2025-04-09T17:00:00+07:00,HNX,39141.8722,39533.290922,38750.453477999996,39141.8722,SYNTHETIC-10,SYN10,2025-04-09,4305605942.0,normal,110000
39095.4707,synthetic,2025-04-10T17:00:00+07:00,HNX,39095.4707,39486.425406999995,38704.515993,39095.4707,SYNTHETIC-10,SYN10,2025-04-10,4300501777.0,normal,110000
39045.6547,synthetic,2025-04-11T17:00:00+07:00,HNX,39045.6547,39436.111247,38655.198153,39045.6547,SYNTHETIC-10,SYN10,2025-04-11,4295022017.0,normal,110000
38992.9446,synthetic,2025-04-14T17:00:00+07:00,HNX,38992.9446,39382.874046000004,38603.015154,38992.9446,SYNTHETIC-10,SYN10,2025-04-14,4289223906.0000005,normal,110000
38937.8833,synthetic,2025-04-15T17:00:00+07:00,HNX,38937.8833,39327.262133000004,38548.504467,38937.8833,SYNTHETIC-10,SYN10,2025-04-15,4283167163.0,normal,110000
38881.031,synthetic,2025-04-16T17:00:00+07:00,HNX,38881.031,39269.84131,38492.22069,38881.031,SYNTHETIC-10,SYN10,2025-04-16,4276913410.0000005,normal,110000
38822.9604,synthetic,2025-04-17T17:00:00+07:00,HNX,38822.9604,39211.190004000004,38434.730796,38822.9604,SYNTHETIC-10,SYN10,2025-04-17,4270525644.0000005,normal,110000
38764.2518,synthetic,2025-04-18T17:00:00+07:00,HNX,38764.2518,39151.894318,38376.609282,38764.2518,SYNTHETIC-10,SYN10,2025-04-18,4264067698.0,normal,110000
38705.488,synthetic,2025-04-21T17:00:00+07:00,HNX,38705.488,39092.54288,38318.433119999994,38705.488,SYNTHETIC-10,SYN10,2025-04-21,4257603679.9999995,normal,110000
38647.2495,synthetic,2025-04-22T17:00:00+07:00,HNX,38647.2495,39033.721995,38260.777004999996,38647.2495,SYNTHETIC-10,SYN10,2025-04-22,4251197445.0,normal,110000
38590.1097,synthetic,2025-04-23T17:00:00+07:00,HNX,38590.1097,38976.010797,38204.208603,38590.1097,SYNTHETIC-10,SYN10,2025-04-23,4244912067.0,normal,110000
38534.6303,synthetic,2025-04-24T17:00:00+07:00,HNX,38534.6303,38919.976602999996,38149.283997,38534.6303,SYNTHETIC-10,SYN10,2025-04-24,4238809332.9999995,normal,110000
38481.357,synthetic,2025-04-25T17:00:00+07:00,HNX,38481.357,38866.17057,38096.543430000005,38481.357,SYNTHETIC-10,SYN10,2025-04-25,4232949270.0000005,normal,110000
38430.8151,synthetic,2025-04-28T17:00:00+07:00,HNX,38430.8151,38815.123251,38046.506949,38430.8151,SYNTHETIC-10,SYN10,2025-04-28,4227389661.0,normal,110000
38383.5059,synthetic,2025-04-29T17:00:00+07:00,HNX,38383.5059,38767.340958999994,37999.670841,38383.5059,SYNTHETIC-10,SYN10,2025-04-29,4222185648.9999995,normal,110000
38339.9024,synthetic,2025-04-30T17:00:00+07:00,HNX,38339.9024,38723.301424,37956.503376,38339.9024,SYNTHETIC-10,SYN10,2025-04-30,4217389264.0,normal,110000
38300.4468,synthetic,2025-05-01T17:00:00+07:00,HNX,38300.4468,38683.451268,37917.442332,38300.4468,SYNTHETIC-10,SYN10,2025-05-01,4213049148.0,normal,110000
38265.5463,synthetic,2025-05-02T17:00:00+07:00,HNX,38265.5463,38648.201763000005,37882.890837,38265.5463,SYNTHETIC-10,SYN10,2025-05-02,4209210093.0,normal,110000
38235.5714,synthetic,2025-05-05T17:00:00+07:00,HNX,38235.5714,38617.927114,37853.215686,38235.5714,SYNTHETIC-10,SYN10,2025-05-05,4205912854.0,normal,110000
38210.8524,synthetic,2025-05-06T17:00:00+07:00,HNX,38210.8524,38592.960924000006,37828.743876,38210.8524,SYNTHETIC-10,SYN10,2025-05-06,4203193764.0000005,normal,110000
38191.6777,synthetic,2025-05-07T17:00:00+07:00,HNX,38191.6777,38573.594477,37809.760923,38191.6777,SYNTHETIC-10,SYN10,2025-05-07,4201084547.0,normal,110000
38178.2919,synthetic,2025-05-08T17:00:00+07:00,HNX,38178.2919,38560.074818999994,37796.508981,38178.2919,SYNTHETIC-10,SYN10,2025-05-08,4199612108.9999995,normal,110000
38170.894,synthetic,2025-05-09T17:00:00+07:00,HNX,38170.894,38552.60294,37789.18506,38170.894,SYNTHETIC-10,SYN10,2025-05-09,4198798340.0,normal,110000
38169.6361,synthetic,2025-05-12T17:00:00+07:00,HNX,38169.6361,38551.332461000005,37787.939739,38169.6361,SYNTHETIC-10,SYN10,2025-05-12,4198659971.0000005,normal,110000
38174.6227,synthetic,2025-05-13T17:00:00+07:00,HNX,38174.6227,38556.368927,37792.876473,38174.6227,SYNTHETIC-10,SYN10,2025-05-13,4199208497.0,normal,110000
38185.9095,synthetic,2025-05-14T17:00:00+07:00,HNX,38185.9095,38567.768595,37804.050405,38185.9095,SYNTHETIC-10,SYN10,2025-05-14,4200450045.0,normal,110000
38203.5036,synthetic,2025-05-15T17:00:00+07:00,HNX,38203.5036,38585.538636,37821.468563999995,38203.5036,SYNTHETIC-10,SYN10,2025-05-15,4202385395.9999995,normal,110000
38227.363,synthetic,2025-05-16T17:00:00+07:00,HNX,38227.363,38609.63663,37845.089369999994,38227.363,SYNTHETIC-10,SYN10,2025-05-16,4205009929.9999995,normal,110000
38257.3968,synthetic,2025-05-19T17:00:00+07:00,HNX,38257.3968,38639.970768,37874.822832000005,38257.3968,SYNTHETIC-10,SYN10,2025-05-19,4208313648.0000005,normal,110000
38293.4662,synthetic,2025-05-20T17:00:00+07:00,HNX,38293.4662,38676.400862,37910.531538,38293.4662,SYNTHETIC-10,SYN10,2025-05-20,4212281282.0000005,normal,110000
38335.3848,synthetic,2025-05-21T17:00:00+07:00,HNX,38335.3848,38718.738648,37952.030952,38335.3848,SYNTHETIC-10,SYN10,2025-05-21,4216892328.0,normal,110000
38382.9199,synthetic,2025-05-22T17:00:00+07:00,HNX,38382.9199,38766.749099,37999.090701,38382.9199,SYNTHETIC-10,SYN10,2025-05-22,4222121189.0,normal,110000
38435.7943,synthetic,2025-05-23T17:00:00+07:00,HNX,38435.7943,38820.152243000004,38051.436357,38435.7943,SYNTHETIC-10,SYN10,2025-05-23,4227937373.0,normal,110000
38493.6875,synthetic,2025-05-26T17:00:00+07:00,HNX,38493.6875,38878.624375,38108.750625,38493.6875,SYNTHETIC-10,SYN10,2025-05-26,4234305625.0,normal,110000
38556.2383,synthetic,2025-05-27T17:00:00+07:00,HNX,38556.2383,38941.800682999994,38170.675917,38556.2383,SYNTHETIC-10,SYN10,2025-05-27,4241186212.9999995,normal,110000
38623.0469,synthetic,2025-05-28T17:00:00+07:00,HNX,38623.0469,39009.277369,38236.816431,38623.0469,SYNTHETIC-10,SYN10,2025-05-28,4248535159.0,normal,110000
38693.6776,synthetic,2025-05-29T17:00:00+07:00,HNX,38693.6776,39080.614376000005,38306.740824,38693.6776,SYNTHETIC-10,SYN10,2025-05-29,4256304536.0000005,normal,110000
38767.6621,synthetic,2025-05-30T17:00:00+07:00,HNX,38767.6621,39155.338721,38379.985479,38767.6621,SYNTHETIC-10,SYN10,2025-05-30,4264442831.0,normal,110000
38844.5025,synthetic,2025-06-02T17:00:00+07:00,HNX,38844.5025,39232.947525,38456.057475,38844.5025,SYNTHETIC-10,SYN10,2025-06-02,4272895275.0000005,normal,110000
38923.6751,synthetic,2025-06-03T17:00:00+07:00,HNX,38923.6751,39312.911851,38534.438349000004,38923.6751,SYNTHETIC-10,SYN10,2025-06-03,4281604261.0,normal,110000
39004.6344,synthetic,2025-06-04T17:00:00+07:00,HNX,39004.6344,39394.680744000005,38614.588056,39004.6344,SYNTHETIC-10,SYN10,2025-06-04,4290509784.0000005,normal,110000
39086.8168,synthetic,2025-06-05T17:00:00+07:00,HNX,39086.8168,39477.684968,38695.948632,39086.8168,SYNTHETIC-10,SYN10,2025-06-05,4299549848.0,normal,110000
39169.6456,synthetic,2025-06-06T17:00:00+07:00,HNX,39169.6456,39561.342056,38777.949144000006,39169.6456,SYNTHETIC-10,SYN10,2025-06-06,4308661016.0,normal,110000
39252.5352,synthetic,2025-06-09T17:00:00+07:00,HNX,39252.5352,39645.060551999995,38860.009848,39252.5352,SYNTHETIC-10,SYN10,2025-06-09,4317778872.0,normal,110000
39334.8958,synthetic,2025-06-10T17:00:00+07:00,HNX,39334.8958,39728.244758,38941.546841999996,39334.8958,SYNTHETIC-10,SYN10,2025-06-10,4326838538.0,normal,110000
39416.1389,synthetic,2025-06-11T17:00:00+07:00,HNX,39416.1389,39810.300289,39021.977511,39416.1389,SYNTHETIC-10,SYN10,2025-06-11,4335775279.0,normal,110000
39495.6815,synthetic,2025-06-12T17:00:00+07:00,HNX,39495.6815,39890.638315,39100.724685,39495.6815,SYNTHETIC-10,SYN10,2025-06-12,4344524965.0,normal,110000
39572.952,synthetic,2025-06-13T17:00:00+07:00,HNX,39572.952,39968.68152,39177.22248,39572.952,SYNTHETIC-10,SYN10,2025-06-13,4353024720.0,normal,110000
39647.3946,synthetic,2025-06-16T17:00:00+07:00,HNX,39647.3946,40043.868546,39250.920654,39647.3946,SYNTHETIC-10,SYN10,2025-06-16,4361213406.0,normal,110000
39718.4746,synthetic,2025-06-17T17:00:00+07:00,HNX,39718.4746,40115.659346,39321.289854,39718.4746,SYNTHETIC-10,SYN10,2025-06-17,4369032206.0,normal,110000
39785.6836,synthetic,2025-06-18T17:00:00+07:00,HNX,39785.6836,40183.540435999996,39387.826764,39785.6836,SYNTHETIC-10,SYN10,2025-06-18,4376425196.0,normal,110000
39848.5438,synthetic,2025-06-19T17:00:00+07:00,HNX,39848.5438,40247.029238,39450.058361999996,39848.5438,SYNTHETIC-10,SYN10,2025-06-19,4383339818.0,normal,110000
39906.6127,synthetic,2025-06-20T17:00:00+07:00,HNX,39906.6127,40305.678826999996,39507.546573,39906.6127,SYNTHETIC-10,SYN10,2025-06-20,4389727397.0,normal,110000
39959.4876,synthetic,2025-06-23T17:00:00+07:00,HNX,39959.4876,40359.082476,39559.892724,39959.4876,SYNTHETIC-10,SYN10,2025-06-23,4395543636.0,normal,110000
40006.8094,synthetic,2025-06-24T17:00:00+07:00,HNX,40006.8094,40406.877494,39606.741305999996,40006.8094,SYNTHETIC-10,SYN10,2025-06-24,4400749034.0,normal,110000
40048.2657,synthetic,2025-06-25T17:00:00+07:00,HNX,40048.2657,40448.748357000004,39647.783043,40048.2657,SYNTHETIC-10,SYN10,2025-06-25,4405309227.0,normal,110000
40083.5949,synthetic,2025-06-26T17:00:00+07:00,HNX,40083.5949,40484.430849,39682.758950999996,40083.5949,SYNTHETIC-10,SYN10,2025-06-26,4409195439.0,normal,110000
40112.5877,synthetic,2025-06-27T17:00:00+07:00,HNX,40112.5877,40513.713576999995,39711.461823,40112.5877,SYNTHETIC-10,SYN10,2025-06-27,4412384647.0,normal,110000
40135.0904,synthetic,2025-06-30T17:00:00+07:00,HNX,40135.0904,40536.441304,39733.739496,40135.0904,SYNTHETIC-10,SYN10,2025-06-30,4414859944.0,normal,110000
35777.2586,synthetic,2024-01-01T17:00:00+07:00,HNX,35777.2586,36135.031186,35419.486014,35777.2586,SYNTHETIC-11,SYN11,2024-01-01,3971275704.6,normal,111000
35791.7736,synthetic,2024-01-02T17:00:00+07:00,HNX,35791.7736,36149.691336,35433.855864,35791.7736,SYNTHETIC-11,SYN11,2024-01-02,3972886869.6,normal,111000
35812.1824,synthetic,2024-01-03T17:00:00+07:00,HNX,35812.1824,36170.304224,35454.060575999996,35812.1824,SYNTHETIC-11,SYN11,2024-01-03,3975152246.3999996,normal,111000
35838.4197,synthetic,2024-01-04T17:00:00+07:00,HNX,35838.4197,36196.803897,35480.035503,35838.4197,SYNTHETIC-11,SYN11,2024-01-04,3978064586.7,normal,111000
35870.3745,synthetic,2024-01-05T17:00:00+07:00,HNX,35870.3745,36229.078245,35511.670755,35870.3745,SYNTHETIC-11,SYN11,2024-01-05,3981611569.5,normal,111000
35907.8913,synthetic,2024-01-08T17:00:00+07:00,HNX,35907.8913,36266.970213,35548.812387000005,35907.8913,SYNTHETIC-11,SYN11,2024-01-08,3985775934.3,normal,111000
35950.7706,synthetic,2024-01-09T17:00:00+07:00,HNX,35950.7706,36310.27830600001,35591.262894,35950.7706,SYNTHETIC-11,SYN11,2024-01-09,3990535536.6000004,normal,111000
35998.7703,synthetic,2024-01-10T17:00:00+07:00,HNX,35998.7703,36358.758002999995,35638.782597,35998.7703,SYNTHETIC-11,SYN11,2024-01-10,3995863503.2999997,normal,111000
36051.6073,synthetic,2024-01-11T17:00:00+07:00,HNX,36051.6073,36412.123373,35691.091227000004,36051.6073,SYNTHETIC-11,SYN11,2024-01-11,4001728410.3,normal,111000
36108.9592,synthetic,2024-01-12T17:00:00+07:00,HNX,36108.9592,36470.048792,35747.86960799999,36108.9592,SYNTHETIC-11,SYN11,2024-01-12,4008094471.2,normal,111000
36170.4667,synthetic,2024-01-15T17:00:00+07:00,HNX,36170.4667,36532.171366999995,35808.762033,36170.4667,SYNTHETIC-11,SYN11,2024-01-15,4014921803.7,normal,111000
36235.7356,synthetic,2024-01-16T17:00:00+07:00,HNX,36235.7356,36598.092956,35873.378244,36235.7356,SYNTHETIC-11,SYN11,2024-01-16,4022166651.6,normal,111000
36304.3397,synthetic,2024-01-17T17:00:00+07:00,HNX,36304.3397,36667.383097,35941.296302999996,36304.3397,SYNTHETIC-11,SYN11,2024-01-17,4029781706.7,normal,111000
36375.8239,synthetic,2024-01-18T17:00:00+07:00,HNX,36375.8239,36739.582139000006,36012.065661,36375.8239,SYNTHETIC-11,SYN11,2024-01-18,4037716452.9000006,normal,111000
36449.7074,synthetic,2024-01-19T17:00:00+07:00,HNX,36449.7074,36814.204474,36085.210326,36449.7074,SYNTHETIC-11,SYN11,2024-01-19,4045917521.4,normal,111000
36525.4871,synthetic,2024-01-22T17:00:00+07:00,HNX,36525.4871,36890.741970999996,36160.232229,36525.4871,SYNTHETIC-11,SYN11,2024-01-22,4054329068.1,normal,111000
36602.6417,synthetic,2024-01-23T17:00:00+07:00,HNX,36602.6417,36968.668117,36236.615283,36602.6417,SYNTHETIC-11,SYN11,2024-01-23,4062893228.7,normal,111000
36680.6354,synthetic,2024-01-24T17:00:00+07:00,HNX,36680.6354,37047.441754,36313.829046,36680.6354,SYNTHETIC-11,SYN11,2024-01-24,4071550529.4,normal,111000
36758.9222,synthetic,2024-01-25T17:00:00+07:00,HNX,36758.9222,37126.511422,36391.332978,36758.9222,SYNTHETIC-11,SYN11,2024-01-25,4080240364.2000003,normal,111000
36836.9507,synthetic,2024-01-26T17:00:00+07:00,HNX,36836.9507,37205.320207000004,36468.581193,36836.9507,SYNTHETIC-11,SYN11,2024-01-26,4088901527.7000003,normal,111000
36914.1678,synthetic,2024-01-29T17:00:00+07:00,HNX,36914.1678,37283.309478,36545.026122,36914.1678,SYNTHETIC-11,SYN11,2024-01-29,4097472625.8,normal,111000
36990.0245,synthetic,2024-01-30T17:00:00+07:00,HNX,36990.0245,37359.924745,36620.124255,36990.0245,SYNTHETIC-11,SYN11,2024-01-30,4105892719.5,normal,111000
37063.9797,synthetic,2024-01-31T17:00:00+07:00,HNX,37063.9797,37434.61949700001,36693.339903,37063.9797,SYNTHETIC-11,SYN11,2024-01-31,4114101746.7000003,normal,111000
37135.5055,synthetic,2024-02-01T17:00:00+07:00,HNX,37135.5055,37506.860555,36764.150445,37135.5055,SYNTHETIC-11,SYN11,2024-02-01,4122041110.5,normal,111000
37204.0915,synthetic,2024-02-02T17:00:00+07:00,HNX,37204.0915,37576.132415,36832.050585000005,37204.0915,SYNTHETIC-11,SYN11,2024-02-02,4129654156.5000005,normal,111000
37269.25,synthetic,2024-02-05T17:00:00+07:00,HNX,37269.25,37641.9425,36896.5575,37269.25,SYNTHETIC-11,SYN11,2024-02-05,4136886750.0,normal,111000
37330.5203,synthetic,2024-02-06T17:00:00+07:00,HNX,37330.5203,37703.825503,36957.21509699999,37330.5203,SYNTHETIC-11,SYN11,2024-02-06,4143687753.2999997,normal,111000
37387.4727,synthetic,2024-02-07T17:00:00+07:00,HNX,37387.4727,37761.347427,37013.597972999996,37387.4727,SYNTHETIC-11,SYN11,2024-02-07,4150009469.7,normal,111000
37439.7134,synthetic,2024-02-08T17:00:00+07:00,HNX,37439.7134,37814.110534,37065.316266,37439.7134,SYNTHETIC-11,SYN11,2024-02-08,4155808187.4,normal,111000
37486.8874,synthetic,2024-02-09T17:00:00+07:00,HNX,37486.8874,37861.756274,37112.018526,37486.8874,SYNTHETIC-11,SYN11,2024-02-09,4161044501.4,normal,111000
37528.683,synthetic,2024-02-12T17:00:00+07:00,HNX,37528.683,37903.969829999995,37153.39617,37528.683,SYNTHETIC-11,SYN11,2024-02-12,4165683812.9999995,normal,111000
37564.8339,synthetic,2024-02-13T17:00:00+07:00,HNX,37564.8339,37940.482239,37189.185561,37564.8339,SYNTHETIC-11,SYN11,2024-02-13,4169696562.8999996,normal,111000
37595.1226,synthetic,2024-02-14T17:00:00+07:00,HNX,37595.1226,37971.073826,37219.171374000005,37595.1226,SYNTHETIC-11,SYN11,2024-02-14,4173058608.6000004,normal,111000
37619.3824,synthetic,2024-02-15T17:00:00+07:00,HNX,37619.3824,37995.576224000004,37243.188576,37619.3824,SYNTHETIC-11,SYN11,2024-02-15,4175751446.4,normal,111000
37637.499,synthetic,2024-02-16T17:00:00+07:00,HNX,37637.499,38013.87399000001,37261.12401,37637.499,SYNTHETIC-11,SYN11,2024-02-16,4177762389.0000005,normal,111000
37649.4116,synthetic,2024-02-19T17:00:00+07:00,HNX,37649.4116,38025.905716,37272.917484,37649.4116,SYNTHETIC-11,SYN11,2024-02-19,4179084687.6,normal,111000
37655.114,synthetic,2024-02-20T17:00:00+07:00,HNX,37655.114,38031.665140000005,37278.56286,37655.114,SYNTHETIC-11,SYN11,2024-02-20,4179717654.0,normal,111000
37654.6542,synthetic,2024-02-21T17:00:00+07:00,HNX,37654.6542,38031.200742,37278.10765799999,37654.6542,SYNTHETIC-11,SYN11,2024-02-21,4179666616.2,normal,111000
37648.1342,synthetic,2024-02-22T17:00:00+07:00,HNX,37648.1342,38024.615542,37271.652858,37648.1342,SYNTHETIC-11,SYN11,2024-02-22,4178942896.2,normal,111000
37635.7088,synthetic,2024-02-23T17:00:00+07:00,HNX,37635.7088,38012.065888,37259.351712,37635.7088,SYNTHETIC-11,SYN11,2024-02-23,4177563676.8,normal,111000
37617.5843,synthetic,2024-02-26T17:00:00+07:00,HNX,37617.5843,37993.760143,37241.408457000005,37617.5843,SYNTHETIC-11,SYN11,2024-02-26,4175551857.3,normal,111000
37594.0163,synthetic,2024-02-27T17:00:00+07:00,HNX,37594.0163,37969.956463,37218.076137000004,37594.0163,SYNTHETIC-11,SYN11,2024-02-27,4172935809.3,normal,111000
37565.3072,synthetic,2024-02-28T17:00:00+07:00,HNX,37565.3072,37940.960272000004,37189.654128,37565.3072,SYNTHETIC-11,SYN11,2024-02-28,4169749099.2000003,normal,111000
37531.8033,synthetic,2024-02-29T17:00:00+07:00,HNX,37531.8033,37907.121333,37156.485267,37531.8033,SYNTHETIC-11,SYN11,2024-02-29,4166030166.3,normal,111000
37493.8912,synthetic,2024-03-01T17:00:00+07:00,HNX,37493.8912,37868.830111999996,37118.952288,37493.8912,SYNTHETIC-11,SYN11,2024-03-01,4161821923.2,normal,111000
37451.9944,synthetic,2024-03-04T17:00:00+07:00,HNX,37451.9944,37826.514344,37077.474456,37451.9944,SYNTHETIC-11,SYN11,2024-03-04,4157171378.4000006,normal,111000
37406.569,synthetic,2024-03-05T17:00:00+07:00,HNX,37406.569,37780.634690000006,37032.50331,37406.569,SYNTHETIC-11,SYN11,2024-03-05,4152129159.0000005,normal,111000
37358.0997,synthetic,2024-03-06T17:00:00+07:00,HNX,37358.0997,37731.680696999996,36984.518703,37358.0997,SYNTHETIC-11,SYN11,2024-03-06,4146749066.7,normal,111000
37307.095,synthetic,2024-03-07T17:00:00+07:00,HNX,37307.095,37680.16595,36934.02405,37307.095,SYNTHETIC-11,SYN11,2024-03-07,4141087545.0,normal,111000
37254.0827,synthetic,2024-03-08T17:00:00+07:00,HNX,37254.0827,37626.623526999996,36881.541873,37254.0827,SYNTHETIC-11,SYN11,2024-03-08,4135203179.7,normal,111000
37199.6052,synthetic,2024-03-11T17:00:00+07:00,HNX,37199.6052,37571.601252,36827.609147999996,37199.6052,SYNTHETIC-11,SYN11,2024-03-11,4129156177.2,normal,111000
37144.2147,synthetic,2024-03-12T17:00:00+07:00,HNX,37144.2147,37515.656847,36772.772552999995,37144.2147,SYNTHETIC-11,SYN11,2024-03-12,4123007831.7,normal,111000
37088.4684,synthetic,2024-03-13T17:00:00+07:00,HNX,37088.4684,37459.353083999995,36717.583716,37088.4684,SYNTHETIC-11,SYN11,2024-03-13,4116819992.3999996,normal,111000
37032.9238,synthetic,2024-03-14T17:00:00+07:00,HNX,37032.9238,37403.253037999995,36662.594562,37032.9238,SYNTHETIC-11,SYN11,2024-03-14,4110654541.7999997,normal,111000
36978.1343,synthetic,2024-03-15T17:00:00+07:00,HNX,36978.1343,37347.915643,36608.352956999996,36978.1343,SYNTHETIC-11,SYN11,2024-03-15,4104572907.2999997,normal,111000
36924.6443,synthetic,2024-03-18T17:00:00+07:00,HNX,36924.6443,37293.890743,36555.397856999996,36924.6443,SYNTHETIC-11,SYN11,2024-03-18,4098635517.3,normal,111000
36872.985,synthetic,2024-03-19T17:00:00+07:00,HNX,36872.985,37241.714850000004,36504.25515,36872.985,SYNTHETIC-11,SYN11,2024-03-19,4092901335.0,normal,111000
36823.6707,synthetic,2024-03-20T17:00:00+07:00,HNX,36823.6707,37191.907407000006,36455.433993,36823.6707,SYNTHETIC-11,SYN11,2024-03-20,4087427447.7000003,normal,111000
36777.1942,synthetic,2024-03-21T17:00:00+07:00,HNX,36777.1942,37144.966142,36409.422258,36777.1942,SYNTHETIC-11,SYN11,2024-03-21,4082268556.2,normal,111000
36734.0237,synthetic,2024-03-22T17:00:00+07:00,HNX,36734.0237,37101.363936999995,36366.683463,36734.0237,SYNTHETIC-11,SYN11,2024-03-22,4077476630.7,normal,111000
36694.5991,synthetic,2024-03-25T17:00:00+07:00,HNX,36694.5991,37061.545091,36327.653109,36694.5991,SYNTHETIC-11,SYN11,2024-03-25,4073100500.1,normal,111000
36659.3288,synthetic,2024-03-26T17:00:00+07:00,HNX,36659.3288,37025.92208800001,36292.735512,36659.3288,SYNTHETIC-11,SYN11,2024-03-26,4069185496.8,normal,111000
36628.5873,synthetic,2024-03-27T17:00:00+07:00,HNX,36628.5873,36994.873173,36262.301427,36628.5873,SYNTHETIC-11,SYN11,2024-03-27,4065773190.2999997,normal,111000
36602.7119,synthetic,2024-03-28T17:00:00+07:00,HNX,36602.7119,36968.739019,36236.684781,36602.7119,SYNTHETIC-11,SYN11,2024-03-28,4062901020.9,normal,111000
36582.001,synthetic,2024-03-29T17:00:00+07:00,HNX,36582.001,36947.82101,36216.18098999999,36582.001,SYNTHETIC-11,SYN11,2024-03-29,4060602110.9999995,normal,111000
36566.712,synthetic,2024-04-01T17:00:00+07:00,HNX,36566.712,36932.37912,36201.04488,36566.712,SYNTHETIC-11,SYN11,2024-04-01,4058905032.0,normal,111000
36557.0594,synthetic,2024-04-02T17:00:00+07:00,HNX,36557.0594,36922.629993999995,36191.488806,36557.0594,SYNTHETIC-11,SYN11,2024-04-02,4057833593.3999996,normal,111000
36553.2135,synthetic,2024-04-03T17:00:00+07:00,HNX,36553.2135,36918.745635,36187.681365,36553.2135,SYNTHETIC-11,SYN11,2024-04-03,4057406698.5,normal,111000
36555.2993,synthetic,2024-04-04T17:00:00+07:00,HNX,36555.2993,36920.852292999996,36189.746307,36555.2993,SYNTHETIC-11,SYN11,2024-04-04,4057638222.2999997,normal,111000
36563.3958,synthetic,2024-04-05T17:00:00+07:00,HNX,36563.3958,36929.029758,36197.761842,36563.3958,SYNTHETIC-11,SYN11,2024-04-05,4058536933.7999997,normal,111000
36577.5351,synthetic,2024-04-08T17:00:00+07:00,HNX,36577.5351,36943.310451000005,36211.759749,36577.5351,SYNTHETIC-11,SYN11,2024-04-08,4060106396.1,normal,111000
36597.7028,synthetic,2024-04-09T17:00:00+07:00,HNX,36597.7028,36963.679828,36231.725772,36597.7028,SYNTHETIC-11,SYN11,2024-04-09,4062345010.7999997,normal,111000
36623.8372,synthetic,2024-04-10T17:00:00+07:00,HNX,36623.8372,36990.075572,36257.598828,36623.8372,SYNTHETIC-11,SYN11,2024-04-10,4065245929.2000003,normal,111000
36655.8303,synthetic,2024-04-11T17:00:00+07:00,HNX,36655.8303,37022.388603,36289.271997,36655.8303,SYNTHETIC-11,SYN11,2024-04-11,4068797163.3,normal,111000
36693.5285,synthetic,2024-04-12T17:00:00+07:00,HNX,36693.5285,37060.463785,36326.593215,36693.5285,SYNTHETIC-11,SYN11,2024-04-12,4072981663.5,normal,111000
36736.7328,synthetic,2024-04-15T17:00:00+07:00,HNX,36736.7328,37104.100128,36369.365472,36736.7328,SYNTHETIC-11,SYN11,2024-04-15,4077777340.7999997,normal,111000
36785.2009,synthetic,2024-04-16T17:00:00+07:00,HNX,36785.2009,37153.052909000005,36417.348891,36785.2009,SYNTHETIC-11,SYN11,2024-04-16,4083157299.9000006,normal,111000
36838.6482,synthetic,2024-04-17T17:00:00+07:00,HNX,36838.6482,37207.034682000005,36470.261718,36838.6482,SYNTHETIC-11,SYN11,2024-04-17,4089089950.2000003,normal,111000
36896.7496,synthetic,2024-04-18T17:00:00+07:00,HNX,36896.7496,37265.717096,36527.782104000005,36896.7496,SYNTHETIC-11,SYN11,2024-04-18,4095539205.6000004,normal,111000
36959.1422,synthetic,2024-04-19T17:00:00+07:00,HNX,36959.1422,37328.733622,36589.550778000004,36959.1422,SYNTHETIC-11,SYN11,2024-04-19,4102464784.2000003,normal,111000
37025.4269,synthetic,2024-04-22T17:00:00+07:00,HNX,37025.4269,37395.681168999996,36655.172631,37025.4269,SYNTHETIC-11,SYN11,2024-04-22,4109822385.8999996,normal,111000
37095.172,synthetic,2024-04-23T17:00:00+07:00,HNX,37095.172,37466.123719999996,36724.22028,37095.172,SYNTHETIC-11,SYN11,2024-04-23,4117564092.0,normal,111000
37167.9155,synthetic,2024-04-24T17:00:00+07:00,HNX,37167.9155,37539.594655,36796.236345000005,37167.9155,SYNTHETIC-11,SYN11,2024-04-24,4125638620.5000005,normal,111000
37243.1689,synthetic,2024-04-25T17:00:00+07:00,HNX,37243.1689,37615.600588999994,36870.737211,37243.1689,SYNTHETIC-11,SYN11,2024-04-25,4133991747.8999996,normal,111000
37320.4204,synthetic,2024-04-26T17:00:00+07:00,HNX,37320.4204,37693.624604000004,36947.216196,37320.4204,SYNTHETIC-11,SYN11,2024-04-26,4142566664.4,normal,111000
37399.1392,synthetic,2024-04-29T17:00:00+07:00,HNX,37399.1392,37773.130592,37025.147807999994,37399.1392,SYNTHETIC-11,SYN11,2024-04-29,4151304451.2,normal,111000
37478.7791,synthetic,2024-04-30T17:00:00+07:00,HNX,37478.7791,37853.566891,37103.991309,37478.7791,SYNTHETIC-11,SYN11,2024-04-30,4160144480.1,normal,111000
37558.7832,synthetic,2024-05-01T17:00:00+07:00,HNX,37558.7832,37934.371031999995,37183.195368,37558.7832,SYNTHETIC-11,SYN11,2024-05-01,4169024935.2,normal,111000
37638.5882,synthetic,2024-05-02T17:00:00+07:00,HNX,37638.5882,38014.974082,37262.202317999996,37638.5882,SYNTHETIC-11,SYN11,2024-05-02,4177883290.2,normal,111000
37717.6289,synthetic,2024-05-03T17:00:00+07:00,HNX,37717.6289,38094.805189000006,37340.452611,37717.6289,SYNTHETIC-11,SYN11,2024-05-03,4186656807.9000006,normal,111000
37795.3435,synthetic,2024-05-06T17:00:00+07:00,HNX,37795.3435,38173.296935000006,37417.390065,37795.3435,SYNTHETIC-11,SYN11,2024-05-06,4195283128.5000005,normal,111000
37871.1778,synthetic,2024-05-07T17:00:00+07:00,HNX,37871.1778,38249.889577999995,37492.466022,37871.1778,SYNTHETIC-11,SYN11,2024-05-07,4203700735.7999997,normal,111000
37944.5904,synthetic,2024-05-08T17:00:00+07:00,HNX,37944.5904,38324.036304,37565.144496,37944.5904,SYNTHETIC-11,SYN11,2024-05-08,4211849534.4,normal,111000
38015.0575,synthetic,2024-05-09T17:00:00+07:00,HNX,38015.0575,38395.208075,37634.906925,38015.0575,SYNTHETIC-11,SYN11,2024-05-09,4219671382.5000005,normal,111000
38082.0776,synthetic,2024-05-10T17:00:00+07:00,HNX,38082.0776,38462.898376,37701.256824,38082.0776,SYNTHETIC-11,SYN11,2024-05-10,4227110613.5999994,normal,111000
38145.1766,synthetic,2024-05-13T17:00:00+07:00,HNX,38145.1766,38526.628366,37763.724834,38145.1766,SYNTHETIC-11,SYN11,2024-05-13,4234114602.6,normal,111000
38203.9114,synthetic,2024-05-14T17:00:00+07:00,HNX,38203.9114,38585.950514,37821.872286,38203.9114,SYNTHETIC-11,SYN11,2024-05-14,4240634165.3999996,normal,111000
38257.8751,synthetic,2024-05-15T17:00:00+07:00,HNX,38257.8751,38640.453851,37875.296349,38257.8751,SYNTHETIC-11,SYN11,2024-05-15,4246624136.1,normal,111000
38306.7002,synthetic,2024-05-16T17:00:00+07:00,HNX,38306.7002,38689.767202,37923.633197999996,38306.7002,SYNTHETIC-11,SYN11,2024-05-16,4252043722.2,normal,111000
38350.0628,synthetic,2024-05-17T17:00:00+07:00,HNX,38350.0628,38733.563428,37966.562172,38350.0628,SYNTHETIC-11,SYN11,2024-05-17,4256856970.8,normal,111000
38387.6853,synthetic,2024-05-20T17:00:00+07:00,HNX,38387.6853,38771.562153,38003.808446999996,38387.6853,SYNTHETIC-11,SYN11,2024-05-20,4261033068.2999997,normal,111000
38419.3396,synthetic,2024-05-21T17:00:00+07:00,HNX,38419.3396,38803.532996,38035.146204,38419.3396,SYNTHETIC-11,SYN11,2024-05-21,4264546695.6,normal,111000
38444.8492,synthetic,2024-05-22T17:00:00+07:00,HNX,38444.8492,38829.297692,38060.400707999994,38444.8492,SYNTHETIC-11,SYN11,2024-05-22,4267378261.2,normal,111000
38464.0909,synthetic,2024-05-23T17:00:00+07:00,HNX,38464.0909,38848.731809000004,38079.449991,38464.0909,SYNTHETIC-11,SYN11,2024-05-23,4269514089.9,normal,111000
38476.9965,synthetic,2024-05-24T17:00:00+07:00,HNX,38476.9965,38861.766465,38092.226535,38476.9965,SYNTHETIC-11,SYN11,2024-05-24,4270946611.5,normal,111000
38483.5531,synthetic,2024-05-27T17:00:00+07:00,HNX,38483.5531,38868.388630999994,38098.717569,38483.5531,SYNTHETIC-11,SYN11,2024-05-27,4271674394.1,normal,111000
38483.8034,synthetic,2024-05-28T17:00:00+07:00,HNX,38483.8034,38868.641434,38098.965366,38483.8034,SYNTHETIC-11,SYN11,2024-05-28,4271702177.3999996,normal,111000
38477.8454,synthetic,2024-05-29T17:00:00+07:00,HNX,38477.8454,38862.623854,38093.066946,38477.8454,SYNTHETIC-11,SYN11,2024-05-29,4271040839.3999996,normal,111000
38465.831,synthetic,2024-05-30T17:00:00+07:00,HNX,38465.831,38850.48931,38081.17269,38465.831,SYNTHETIC-11,SYN11,2024-05-30,4269707241.0,normal,111000
38447.9653,synthetic,2024-05-31T17:00:00+07:00,HNX,38447.9653,38832.444953000006,38063.485647,38447.9653,SYNTHETIC-11,SYN11,2024-05-31,4267724148.3,normal,111000
38424.5037,synthetic,2024-06-03T17:00:00+07:00,HNX,38424.5037,38808.748737,38040.258663,38424.5037,SYNTHETIC-11,SYN11,2024-06-03,4265119910.7000003,normal,111000
38395.75,synthetic,2024-06-04T17:00:00+07:00,HNX,38395.75,38779.7075,38011.7925,38395.75,SYNTHETIC-11,SYN11,2024-06-04,4261928250.0,normal,111000
38362.053,synthetic,2024-06-05T17:00:00+07:00,HNX,38362.053,38745.67353,37978.43247,38362.053,SYNTHETIC-11,SYN11,2024-06-05,4258187883.0,normal,111000
38323.8033,synthetic,2024-06-06T17:00:00+07:00,HNX,38323.8033,38707.041333,37940.565267,38323.8033,SYNTHETIC-11,SYN11,2024-06-06,4253942166.3,normal,111000
38281.4297,synthetic,2024-06-07T17:00:00+07:00,HNX,38281.4297,38664.243997,37898.615403,38281.4297,SYNTHETIC-11,SYN11,2024-06-07,4249238696.7000003,normal,111000
38235.3947,synthetic,2024-06-10T17:00:00+07:00,HNX,38235.3947,38617.748647,37853.040752999994,38235.3947,SYNTHETIC-11,SYN11,2024-06-10,4244128811.7,normal,111000
38186.1905,synthetic,2024-06-11T17:00:00+07:00,HNX,38186.1905,38568.052404999995,37804.328595,38186.1905,SYNTHETIC-11,SYN11,2024-06-11,4238667145.4999995,normal,111000
38134.3341,synthetic,2024-06-12T17:00:00+07:00,HNX,38134.3341,38515.677441,37752.990759,38134.3341,SYNTHETIC-11,SYN11,2024-06-12,4232911085.1,normal,111000
38080.3631,synthetic,2024-06-13T17:00:00+07:00,HNX,38080.3631,38461.166731000005,37699.559469,38080.3631,SYNTHETIC-11,SYN11,2024-06-13,4226920304.1000004,normal,111000
38024.8302,synthetic,2024-06-14T17:00:00+07:00,HNX,38024.8302,38405.078502,37644.581898,38024.8302,SYNTHETIC-11,SYN11,2024-06-14,4220756152.2,normal,111000
37968.2989,synthetic,2024-06-17T17:00:00+07:00,HNX,37968.2989,38347.981889,37588.615911,37968.2989,SYNTHETIC-11,SYN11,2024-06-17,4214481177.9,normal,111000
37911.3384,synthetic,2024-06-18T17:00:00+07:00,HNX,37911.3384,38290.451784000004,37532.225016,37911.3384,SYNTHETIC-11,SYN11,2024-06-18,4208158562.4,normal,111000
37854.5187,synthetic,2024-06-19T17:00:00+07:00,HNX,37854.5187,38233.063887000004,37475.973513,37854.5187,SYNTHETIC-11,SYN11,2024-06-19,4201851575.7000003,normal,111000
37798.406,synthetic,2024-06-20T17:00:00+07:00,HNX,37798.406,38176.390060000005,37420.42194,37798.406,SYNTHETIC-11,SYN11,2024-06-20,4195623066.0000005,normal,111000
37743.5579,synthetic,2024-06-21T17:00:00+07:00,HNX,37743.5579,38120.993479,37366.122321,37743.5579,SYNTHETIC-11,SYN11,2024-06-21,4189534926.9,normal,111000
37690.5193,synthetic,2024-06-24T17:00:00+07:00,HNX,37690.5193,38067.424493,37313.614107,37690.5193,SYNTHETIC-11,SYN11,2024-06-24,4183647642.3,normal,111000
37639.8178,synthetic,2024-06-25T17:00:00+07:00,HNX,37639.8178,38016.215978,37263.419621999994,37639.8178,SYNTHETIC-11,SYN11,2024-06-25,4178019775.7999997,normal,111000
37591.9599,synthetic,2024-06-26T17:00:00+07:00,HNX,37591.9599,37967.879499,37216.040301,37591.9599,SYNTHETIC-11,SYN11,2024-06-26,4172707548.9,normal,111000
37547.427,synthetic,2024-06-27T17:00:00+07:00,HNX,37547.427,37922.90127,37171.952730000005,37547.427,SYNTHETIC-11,SYN11,2024-06-27,4167764397.0000005,normal,111000
37506.6724,synthetic,2024-06-28T17:00:00+07:00,HNX,37506.6724,37881.73912400001,37131.605676,37506.6724,SYNTHETIC-11,SYN11,2024-06-28,4163240636.4000006,normal,111000
37470.1172,synthetic,2024-07-01T17:00:00+07:00,HNX,37470.1172,37844.818372,37095.416028,37470.1172,SYNTHETIC-11,SYN11,2024-07-01,4159183009.2000003,normal,111000
37438.1483,synthetic,2024-07-02T17:00:00+07:00,HNX,37438.1483,37812.529783,37063.766817,37438.1483,SYNTHETIC-11,SYN11,2024-07-02,4155634461.3,normal,111000
37411.115,synthetic,2024-07-03T17:00:00+07:00,HNX,37411.115,37785.226149999995,37037.00385,37411.115,SYNTHETIC-11,SYN11,2024-07-03,4152633765.0,normal,111000
37389.3269,synthetic,2024-07-04T17:00:00+07:00,HNX,37389.3269,37763.220169,37015.433631,37389.3269,SYNTHETIC-11,SYN11,2024-07-04,4150215285.9,normal,111000
37373.0519,synthetic,2024-07-05T17:00:00+07:00,HNX,37373.0519,37746.782418999996,36999.321381,37373.0519,SYNTHETIC-11,SYN11,2024-07-05,4148408760.8999996,normal,111000
37362.5145,synthetic,2024-07-08T17:00:00+07:00,HNX,37362.5145,37736.139644999996,36988.889355,37362.5145,SYNTHETIC-11,SYN11,2024-07-08,4147239109.4999995,normal,111000
37357.8938,synthetic,2024-07-09T17:00:00+07:00,HNX,37357.8938,37731.472738,36984.314862,37357.8938,SYNTHETIC-11,SYN11,2024-07-09,4146726211.7999997,normal,111000
37359.3231,synthetic,2024-07-10T17:00:00+07:00,HNX,37359.3231,37732.916331,36985.729869,37359.3231,SYNTHETIC-11,SYN11,2024-07-10,4146884864.1000004,normal,111000
37366.8886,synthetic,2024-07-11T17:00:00+07:00,HNX,37366.8886,37740.557486,36993.219714,37366.8886,SYNTHETIC-11,SYN11,2024-07-11,4147724634.6,normal,111000
37380.6285,synthetic,2024-07-12T17:00:00+07:00,HNX,37380.6285,37754.434785,37006.822215,37380.6285,SYNTHETIC-11,SYN11,2024-07-12,4149249763.5,normal,111000
37400.5336,synthetic,2024-07-15T17:00:00+07:00,HNX,37400.5336,37774.538936000004,37026.528264,37400.5336,SYNTHETIC-11,SYN11,2024-07-15,4151459229.6000004,normal,111000
37426.5464,synthetic,2024-07-16T17:00:00+07:00,HNX,37426.5464,37800.811864,37052.280935999996,37426.5464,SYNTHETIC-11,SYN11,2024-07-16,4154346650.4,normal,111000
37458.5621,synthetic,2024-07-17T17:00:00+07:00,HNX,37458.5621,37833.147721,37083.976479000004,37458.5621,SYNTHETIC-11,SYN11,2024-07-17,4157900393.1000004,normal,111000
37496.4287,synthetic,2024-07-18T17:00:00+07:00,HNX,37496.4287,37871.392987,37121.464412999994,37496.4287,SYNTHETIC-11,SYN11,2024-07-18,4162103585.7,normal,111000
37539.9484,synthetic,2024-07-19T17:00:00+07:00,HNX,37539.9484,37915.347884,37164.548916,37539.9484,SYNTHETIC-11,SYN11,2024-07-19,4166934272.4,normal,111000
37588.8784,synthetic,2024-07-22T17:00:00+07:00,HNX,37588.8784,37964.767184000004,37212.989616,37588.8784,SYNTHETIC-11,SYN11,2024-07-22,4172365502.4,normal,111000
37642.9327,synthetic,2024-07-23T17:00:00+07:00,HNX,37642.9327,38019.362026999996,37266.503373,37642.9327,SYNTHETIC-11,SYN11,2024-07-23,4178365529.7,normal,111000
37701.784,synthetic,2024-07-24T17:00:00+07:00,HNX,37701.784,38078.80184,37324.76616,37701.784,SYNTHETIC-11,SYN11,2024-07-24,4184898024.0,normal,111000
37765.0654,synthetic,2024-07-25T17:00:00+07:00,HNX,37765.0654,38142.716054,37387.414746,37765.0654,SYNTHETIC-11,SYN11,2024-07-25,4191922259.4,normal,111000
37832.3733,synthetic,2024-07-26T17:00:00+07:00,HNX,37832.3733,38210.697033,37454.049567,37832.3733,SYNTHETIC-11,SYN11,2024-07-26,4199393436.2999997,normal,111000
37903.2701,synthetic,2024-07-29T17:00:00+07:00,HNX,37903.2701,38282.302801000005,37524.237399,37903.2701,SYNTHETIC-11,SYN11,2024-07-29,4207262981.1000004,normal,111000
37977.2871,synthetic,2024-07-30T17:00:00+07:00,HNX,37977.2871,38357.059971,37597.514229,37977.2871,SYNTHETIC-11,SYN11,2024-07-30,4215478868.1000004,normal,111000
38053.9279,synthetic,2024-07-31T17:00:00+07:00,HNX,38053.9279,38434.467179,37673.388621000006,38053.9279,SYNTHETIC-11,SYN11,2024-07-31,4223985996.9,normal,111000
38132.6721,synthetic,2024-08-01T17:00:00+07:00,HNX,38132.6721,38513.998821,37751.345379000006,38132.6721,SYNTHETIC-11,SYN11,2024-08-01,4232726603.1000004,normal,111000
38212.9791,synthetic,2024-08-02T17:00:00+07:00,HNX,38212.9791,38595.108890999996,37830.849309,38212.9791,SYNTHETIC-11,SYN11,2024-08-02,4241640680.0999994,normal,111000
38294.2924,synthetic,2024-08-05T17:00:00+07:00,HNX,38294.2924,38677.235324,37911.349475999996,38294.2924,SYNTHETIC-11,SYN11,2024-08-05,4250666456.3999996,normal,111000
38376.0438,synthetic,2024-08-06T17:00:00+07:00,HNX,38376.0438,38759.804238,37992.283362,38376.0438,SYNTHETIC-11,SYN11,2024-08-06,4259740861.7999997,normal,111000
38457.6581,synthetic,2024-08-07T17:00:00+07:00,HNX,38457.6581,38842.234681,38073.081519,38457.6581,SYNTHETIC-11,SYN11,2024-08-07,4268800049.1,normal,111000
38538.5578,synthetic,2024-08-08T17:00:00+07:00,HNX,38538.5578,38923.943378,38153.172222,38538.5578,SYNTHETIC-11,SYN11,2024-08-08,4277779915.8,normal,111000
38618.1678,synthetic,2024-08-09T17:00:00+07:00,HNX,38618.1678,39004.349478000004,38231.986122,38618.1678,SYNTHETIC-11,SYN11,2024-08-09,4286616625.8,normal,111000
38695.9207,synthetic,2024-08-12T17:00:00+07:00,HNX,38695.9207,39082.879907,38308.961493,38695.9207,SYNTHETIC-11,SYN11,2024-08-12,4295247197.7,normal,111000
38771.2614,synthetic,2024-08-13T17:00:00+07:00,HNX,38771.2614,39158.97401400001,38383.548786,38771.2614,SYNTHETIC-11,SYN11,2024-08-13,4303610015.400001,normal,111000
38843.6523,synthetic,2024-08-14T17:00:00+07:00,HNX,38843.6523,39232.088823000006,38455.215777,38843.6523,SYNTHETIC-11,SYN11,2024-08-14,4311645405.3,normal,111000
38912.5781,synthetic,2024-08-15T17:00:00+07:00,HNX,38912.5781,39301.703881,38523.452318999996,38912.5781,SYNTHETIC-11,SYN11,2024-08-15,4319296169.099999,normal,111000
38977.5506,synthetic,2024-08-16T17:00:00+07:00,HNX,38977.5506,39367.326106,38587.775094000004,38977.5506,SYNTHETIC-11,SYN11,2024-08-16,4326508116.6,normal,111000
39038.1132,synthetic,2024-08-19T17:00:00+07:00,HNX,39038.1132,39428.494332,38647.732068,39038.1132,SYNTHETIC-11,SYN11,2024-08-19,4333230565.2,normal,111000
39093.8454,synthetic,2024-08-20T17:00:00+07:00,HNX,39093.8454,39484.783854,38702.906945999996,39093.8454,SYNTHETIC-11,SYN11,2024-08-20,4339416839.4,normal,111000
39144.3671,synthetic,2024-08-21T17:00:00+07:00,HNX,39144.3671,39535.810771000004,38752.923429,39144.3671,SYNTHETIC-11,SYN11,2024-08-21,4345024748.1,normal,111000
39189.3417,synthetic,2024-08-22T17:00:00+07:00,HNX,39189.3417,39581.235117,38797.448283,39189.3417,SYNTHETIC-11,SYN11,2024-08-22,4350016928.7,normal,111000
39228.48,synthetic,2024-08-23T17:00:00+07:00,HNX,39228.48,39620.764800000004,38836.1952,39228.48,SYNTHETIC-11,SYN11,2024-08-23,4354361280.0,normal,111000
39261.5428,synthetic,2024-08-26T17:00:00+07:00,HNX,39261.5428,39654.158228,38868.927372000006,39261.5428,SYNTHETIC-11,SYN11,2024-08-26,4358031250.8,normal,111000
39288.3438,synthetic,2024-08-27T17:00:00+07:00,HNX,39288.3438,39681.227238,38895.460362000005,39288.3438,SYNTHETIC-11,SYN11,2024-08-27,4361006161.8,normal,111000
39308.7505,synthetic,2024-08-28T17:00:00+07:00,HNX,39308.7505,39701.838005000005,38915.662995,39308.7505,SYNTHETIC-11,SYN11,2024-08-28,4363271305.5,normal,111000
39322.6869,synthetic,2024-08-29T17:00:00+07:00,HNX,39322.6869,39715.913769,38929.460031,39322.6869,SYNTHETIC-11,SYN11,2024-08-29,4364818245.9,normal,111000
39330.1331,synthetic,2024-08-30T17:00:00+07:00,HNX,39330.1331,39723.434431,38936.831769,39330.1331,SYNTHETIC-11,SYN11,2024-08-30,4365644774.099999,normal,111000
39331.1263,synthetic,2024-09-02T17:00:00+07:00,HNX,39331.1263,39724.43756300001,38937.815037,39331.1263,SYNTHETIC-11,SYN11,2024-09-02,4365755019.3,normal,111000
39325.7602,synthetic,2024-09-03T17:00:00+07:00,HNX,39325.7602,39719.017801999995,38932.502598,39325.7602,SYNTHETIC-11,SYN11,2024-09-03,4365159382.2,normal,111000
39314.1838,synthetic,2024-09-04T17:00:00+07:00,HNX,39314.1838,39707.325638,38921.041961999996,39314.1838,SYNTHETIC-11,SYN11,2024-09-04,4363874401.8,normal,111000
39296.6004,synthetic,2024-09-05T17:00:00+07:00,HNX,39296.6004,39689.566404000005,38903.634396,39296.6004,SYNTHETIC-11,SYN11,2024-09-05,4361922644.400001,normal,111000
39273.2655,synthetic,2024-09-06T17:00:00+07:00,HNX,39273.2655,39665.998155,38880.532845,39273.2655,SYNTHETIC-11,SYN11,2024-09-06,4359332470.5,normal,111000
39244.4838,synthetic,2024-09-09T17:00:00+07:00,HNX,39244.4838,39636.928638000005,38852.038962,39244.4838,SYNTHETIC-11,SYN11,2024-09-09,4356137701.8,normal,111000
39210.6067,synthetic,2024-09-10T17:00:00+07:00,HNX,39210.6067,39602.712767,38818.500632999996,39210.6067,SYNTHETIC-11,SYN11,2024-09-10,4352377343.7,normal,111000
39172.0289,synthetic,2024-09-11T17:00:00+07:00,HNX,39172.0289,39563.749188999995,38780.308611,39172.0289,SYNTHETIC-11,SYN11,2024-09-11,4348095207.9,normal,111000
39129.184,synthetic,2024-09-12T17:00:00+07:00,HNX,39129.184,39520.47584,38737.89216,39129.184,SYNTHETIC-11,SYN11,2024-09-12,4343339424.0,normal,111000
39082.5412,synthetic,2024-09-13T17:00:00+07:00,HNX,39082.5412,39473.366612,38691.715788,39082.5412,SYNTHETIC-11,SYN11,2024-09-13,4338162073.2,normal,111000
39032.6001,synthetic,2024-09-16T17:00:00+07:00,HNX,39032.6001,39422.926101000005,38642.274099,39032.6001,SYNTHETIC-11,SYN11,2024-09-16,4332618611.1,normal,111000
38979.8866,synthetic,2024-09-17T17:00:00+07:00,HNX,38979.8866,39369.685465999995,38590.087734,38979.8866,SYNTHETIC-11,SYN11,2024-09-17,4326767412.599999,normal,111000
38924.9478,synthetic,2024-09-18T17:00:00+07:00,HNX,38924.9478,39314.197278,38535.698322000004,38924.9478,SYNTHETIC-11,SYN11,2024-09-18,4320669205.8,normal,111000
38868.3471,synthetic,2024-09-19T17:00:00+07:00,HNX,38868.3471,39257.030571,38479.663628999995,38868.3471,SYNTHETIC-11,SYN11,2024-09-19,4314386528.099999,normal,111000
38810.6594,synthetic,2024-09-20T17:00:00+07:00,HNX,38810.6594,39198.765993999994,38422.552806,38810.6594,SYNTHETIC-11,SYN11,2024-09-20,4307983193.4,normal,111000
38752.466,synthetic,2024-09-23T17:00:00+07:00,HNX,38752.466,39139.99066,38364.94134,38752.466,SYNTHETIC-11,SYN11,2024-09-23,4301523726.0,normal,111000
38694.3496,synthetic,2024-09-24T17:00:00+07:00,HNX,38694.3496,39081.293096,38307.406104,38694.3496,SYNTHETIC-11,SYN11,2024-09-24,4295072805.6,normal,111000
38636.8895,synthetic,2024-09-25T17:00:00+07:00,HNX,38636.8895,39023.258395,38250.520605,38636.8895,SYNTHETIC-11,SYN11,2024-09-25,4288694734.4999995,normal,111000
38580.6569,synthetic,2024-09-26T17:00:00+07:00,HNX,38580.6569,38966.463469,38194.850331,38580.6569,SYNTHETIC-11,SYN11,2024-09-26,4282452915.9,normal,111000
38526.2103,synthetic,2024-09-27T17:00:00+07:00,HNX,38526.2103,38911.472403,38140.948197,38526.2103,SYNTHETIC-11,SYN11,2024-09-27,4276409343.2999997,normal,111000
38474.0913,synthetic,2024-09-30T17:00:00+07:00,HNX,38474.0913,38858.832213,38089.350387,38474.0913,SYNTHETIC-11,SYN11,2024-09-30,4270624134.3,normal,111000
38424.8202,synthetic,2024-10-01T17:00:00+07:00,HNX,38424.8202,38809.068402000004,38040.571998,38424.8202,SYNTHETIC-11,SYN11,2024-10-01,4265155042.2000003,normal,111000
38378.8921,synthetic,2024-10-02T17:00:00+07:00,HNX,38378.8921,38762.681021,37995.103179,38378.8921,SYNTHETIC-11,SYN11,2024-10-02,4260057023.1,normal,111000
38336.7736,synthetic,2024-10-03T17:00:00+07:00,HNX,38336.7736,38720.141336,37953.405864,38336.7736,SYNTHETIC-11,SYN11,2024-10-03,4255381869.6,normal,111000
38298.8994,synthetic,2024-10-04T17:00:00+07:00,HNX,38298.8994,38681.888394,37915.910406,38298.8994,SYNTHETIC-11,SYN11,2024-10-04,4251177833.4,normal,111000
38265.6687,synthetic,2024-10-07T17:00:00+07:00,HNX,38265.6687,38648.325387000004,37883.012013,38265.6687,SYNTHETIC-11,SYN11,2024-10-07,4247489225.7000003,normal,111000
38237.4432,synthetic,2024-10-08T17:00:00+07:00,HNX,38237.4432,38619.817632,37855.068768000005,38237.4432,SYNTHETIC-11,SYN11,2024-10-08,4244356195.2000003,normal,111000
38214.5441,synthetic,2024-10-09T17:00:00+07:00,HNX,38214.5441,38596.689541,37832.398659,38214.5441,SYNTHETIC-11,SYN11,2024-10-09,4241814395.1,normal,111000
38197.2502,synthetic,2024-10-10T17:00:00+07:00,HNX,38197.2502,38579.222702,37815.277698000005,38197.2502,SYNTHETIC-11,SYN11,2024-10-10,4239894772.2000003,normal,111000
38185.796,synthetic,2024-10-11T17:00:00+07:00,HNX,38185.796,38567.65396,37803.93804,38185.796,SYNTHETIC-11,SYN11,2024-10-11,4238623356.0,normal,111000
38180.3702,synthetic,2024-10-14T17:00:00+07:00,HNX,38180.3702,38562.173901999995,37798.566498,38180.3702,SYNTHETIC-11,SYN11,2024-10-14,4238021092.2,normal,111000
38181.1143,synthetic,2024-10-15T17:00:00+07:00,HNX,38181.1143,38562.925443,37799.303157,38181.1143,SYNTHETIC-11,SYN11,2024-10-15,4238103687.3,normal,111000
38188.1219,synthetic,2024-10-16T17:00:00+07:00,HNX,38188.1219,38570.003119,37806.240680999996,38188.1219,SYNTHETIC-11,SYN11,2024-10-16,4238881530.8999996,normal,111000
38201.4379,synthetic,2024-10-17T17:00:00+07:00,HNX,38201.4379,38583.452279,37819.423521,38201.4379,SYNTHETIC-11,SYN11,2024-10-17,4240359606.8999996,normal,111000
38221.0583,synthetic,2024-10-18T17:00:00+07:00,HNX,38221.0583,38603.268883,37838.847717,38221.0583,SYNTHETIC-11,SYN11,2024-10-18,4242537471.2999997,normal,111000
38246.9301,synthetic,2024-10-21T17:00:00+07:00,HNX,38246.9301,38629.399400999995,37864.460799,38246.9301,SYNTHETIC-11,SYN11,2024-10-21,4245409241.1,normal,111000
38278.9517,synthetic,2024-10-22T17:00:00+07:00,HNX,38278.9517,38661.741216999995,37896.162183,38278.9517,SYNTHETIC-11,SYN11,2024-10-22,4248963638.7,normal,111000
38316.9733,synthetic,2024-10-23T17:00:00+07:00,HNX,38316.9733,38700.143033,37933.803566999995,38316.9733,SYNTHETIC-11,SYN11,2024-10-23,4253184036.2999997,normal,111000
38360.7979,synthetic,2024-10-24T17:00:00+07:00,HNX,38360.7979,38744.405879,37977.189921,38360.7979,SYNTHETIC-11,SYN11,2024-10-24,4258048566.8999996,normal,111000
38410.1829,synthetic,2024-10-25T17:00:00+07:00,HNX,38410.1829,38794.284729,38026.081071,38410.1829,SYNTHETIC-11,SYN11,2024-10-25,4263530301.9,normal,111000
38464.8407,synthetic,2024-10-28T17:00:00+07:00,HNX,38464.8407,38849.489107,38080.192293,38464.8407,SYNTHETIC-11,SYN11,2024-10-28,4269597317.7000003,normal,111000
38524.4417,synthetic,2024-10-29T17:00:00+07:00,HNX,38524.4417,38909.686117000005,38139.197283,38524.4417,SYNTHETIC-11,SYN11,2024-10-29,4276213028.7000003,normal,111000
38588.6153,synthetic,2024-10-30T17:00:00+07:00,HNX,38588.6153,38974.501453,38202.729147,38588.6153,SYNTHETIC-11,SYN11,2024-10-30,4283336298.2999997,normal,111000
38656.9535,synthetic,2024-10-31T17:00:00+07:00,HNX,38656.9535,39043.523035000006,38270.383965,38656.9535,SYNTHETIC-11,SYN11,2024-10-31,4290921838.5000005,normal,111000
38729.0126,synthetic,2024-11-01T17:00:00+07:00,HNX,38729.0126,39116.302726,38341.722474,38729.0126,SYNTHETIC-11,SYN11,2024-11-01,4298920398.6,normal,111000
38804.3172,synthetic,2024-11-04T17:00:00+07:00,HNX,38804.3172,39192.360371999996,38416.274028,38804.3172,SYNTHETIC-11,SYN11,2024-11-04,4307279209.2,normal,111000
38882.363,synthetic,2024-11-05T17:00:00+07:00,HNX,38882.363,39271.18663,38493.53937,38882.363,SYNTHETIC-11,SYN11,2024-11-05,4315942293.0,normal,111000
38962.6208,synthetic,2024-11-06T17:00:00+07:00,HNX,38962.6208,39352.247008,38572.994591999995,38962.6208,SYNTHETIC-11,SYN11,2024-11-06,4324850908.799999,normal,111000
39044.5403,synthetic,2024-11-07T17:00:00+07:00,HNX,39044.5403,39434.985703,38654.094897,39044.5403,SYNTHETIC-11,SYN11,2024-11-07,4333943973.3,normal,111000
39127.5544,synthetic,2024-11-08T17:00:00+07:00,HNX,39127.5544,39518.829944000005,38736.278856,39127.5544,SYNTHETIC-11,SYN11,2024-11-08,4343158538.400001,normal,111000
39211.0834,synthetic,2024-11-11T17:00:00+07:00,HNX,39211.0834,39603.194234,38818.972566000004,39211.0834,SYNTHETIC-11,SYN11,2024-11-11,4352430257.400001,normal,111000
39294.5402,synthetic,2024-11-12T17:00:00+07:00,HNX,39294.5402,39687.485602,38901.594798000006,39294.5402,SYNTHETIC-11,SYN11,2024-11-12,4361693962.200001,normal,111000
39377.3345,synthetic,2024-11-13T17:00:00+07:00,HNX,39377.3345,39771.107845,38983.561154999996,39377.3345,SYNTHETIC-11,SYN11,2024-11-13,4370884129.5,normal,111000
39458.8781,synthetic,2024-11-14T17:00:00+07:00,HNX,39458.8781,39853.466881,39064.289319,39458.8781,SYNTHETIC-11,SYN11,2024-11-14,4379935469.1,normal,111000
39538.5898,synthetic,2024-11-15T17:00:00+07:00,HNX,39538.5898,39933.975698,39143.203902,39538.5898,SYNTHETIC-11,SYN11,2024-11-15,4388783467.8,normal,111000
39615.9007,synthetic,2024-11-18T17:00:00+07:00,HNX,39615.9007,40012.059707,39219.741692999996,39615.9007,SYNTHETIC-11,SYN11,2024-11-18,4397364977.7,normal,111000
39690.2591,synthetic,2024-11-19T17:00:00+07:00,HNX,39690.2591,40087.161691,39293.356509000005,39690.2591,SYNTHETIC-11,SYN11,2024-11-19,4405618760.1,normal,111000
39761.1353,synthetic,2024-11-20T17:00:00+07:00,HNX,39761.1353,40158.746653,39363.523947,39761.1353,SYNTHETIC-11,SYN11,2024-11-20,4413486018.3,normal,111000
39828.027,synthetic,2024-11-21T17:00:00+07:00,HNX,39828.027,40226.307270000005,39429.74673,39828.027,SYNTHETIC-11,SYN11,2024-11-21,4420910997.0,normal,111000
39890.4636,synthetic,2024-11-22T17:00:00+07:00,HNX,39890.4636,40289.368236,39491.558964,39890.4636,SYNTHETIC-11,SYN11,2024-11-22,4427841459.6,normal,111000
39948.011,synthetic,2024-11-25T17:00:00+07:00,HNX,39948.011,40347.491109999995,39548.53089,39948.011,SYNTHETIC-11,SYN11,2024-11-25,4434229221.0,normal,111000
40000.2757,synthetic,2024-11-26T17:00:00+07:00,HNX,40000.2757,40400.278457,39600.272942999996,40000.2757,SYNTHETIC-11,SYN11,2024-11-26,4440030602.7,normal,111000
40046.9083,synthetic,2024-11-27T17:00:00+07:00,HNX,40046.9083,40447.37738300001,39646.439217,40046.9083,SYNTHETIC-11,SYN11,2024-11-27,4445206821.3,normal,111000
40087.6076,synthetic,2024-11-28T17:00:00+07:00,HNX,40087.6076,40488.483676,39686.731524,40087.6076,SYNTHETIC-11,SYN11,2024-11-28,4449724443.6,normal,111000
40122.1233,synthetic,2024-11-29T17:00:00+07:00,HNX,40122.1233,40523.344533,39720.902066999995,40122.1233,SYNTHETIC-11,SYN11,2024-11-29,4453555686.3,normal,111000
40150.2582,synthetic,2024-12-02T17:00:00+07:00,HNX,40150.2582,40551.760782,39748.755617999996,40150.2582,SYNTHETIC-11,SYN11,2024-12-02,4456678660.2,normal,111000
40171.871,synthetic,2024-12-03T17:00:00+07:00,HNX,40171.871,40573.58971,39770.15229,40171.871,SYNTHETIC-11,SYN11,2024-12-03,4459077681.0,normal,111000
40186.8769,synthetic,2024-12-04T17:00:00+07:00,HNX,40186.8769,40588.745669,39785.008131,40186.8769,SYNTHETIC-11,SYN11,2024-12-04,4460743335.900001,normal,111000
40195.2493,synthetic,2024-12-05T17:00:00+07:00,HNX,40195.2493,40597.201793,39793.296807000006,40195.2493,SYNTHETIC-11,SYN11,2024-12-05,4461672672.3,normal,111000
40197.0192,synthetic,2024-12-06T17:00:00+07:00,HNX,40197.0192,40598.989392,39795.049008,40197.0192,SYNTHETIC-11,SYN11,2024-12-06,4461869131.2,normal,111000
40192.2759,synthetic,2024-12-09T17:00:00+07:00,HNX,40192.2759,40594.198659,39790.353141,40192.2759,SYNTHETIC-11,SYN11,2024-12-09,4461342624.9,normal,111000
40181.1653,synthetic,2024-12-10T17:00:00+07:00,HNX,40181.1653,40582.976953,39779.353647,40181.1653,SYNTHETIC-11,SYN11,2024-12-10,4460109348.3,normal,111000
40163.8889,synthetic,2024-12-11T17:00:00+07:00,HNX,40163.8889,40565.527789,39762.250011,40163.8889,SYNTHETIC-11,SYN11,2024-12-11,4458191667.9,normal,111000
40140.7017,synthetic,2024-12-12T17:00:00+07:00,HNX,40140.7017,40542.108716999996,39739.294683,40140.7017,SYNTHETIC-11,SYN11,2024-12-12,4455617888.7,normal,111000
40111.9094,synthetic,2024-12-13T17:00:00+07:00,HNX,40111.9094,40513.028494,39710.790305999995,40111.9094,SYNTHETIC-11,SYN11,2024-12-13,4452421943.4,normal,111000
40077.8661,synthetic,2024-12-16T17:00:00+07:00,HNX,40077.8661,40478.644761,39677.087438999995,40077.8661,SYNTHETIC-11,SYN11,2024-12-16,4448643137.1,normal,111000
40038.97,synthetic,2024-12-17T17:00:00+07:00,HNX,40038.97,40439.3597,39638.5803,40038.97,SYNTHETIC-11,SYN11,2024-12-17,4444325670.0,normal,111000
39995.66,synthetic,2024-12-18T17:00:00+07:00,HNX,39995.66,40395.6166,39595.703400000006,39995.66,SYNTHETIC-11,SYN11,2024-12-18,4439518260.0,normal,111000
39948.4117,synthetic,2024-12-19T17:00:00+07:00,HNX,39948.4117,40347.895817,39548.927583,39948.4117,SYNTHETIC-11,SYN11,2024-12-19,4434273698.7,normal,111000
39897.7323,synthetic,2024-12-20T17:00:00+07:00,HNX,39897.7323,40296.709623,39498.754977000004,39897.7323,SYNTHETIC-11,SYN11,2024-12-20,4428648285.3,normal,111000
39844.1564,synthetic,2024-12-23T17:00:00+07:00,HNX,39844.1564,40242.597964,39445.714836,39844.1564,SYNTHETIC-11,SYN11,2024-12-23,4422701360.4,normal,111000
39788.241,synthetic,2024-12-24T17:00:00+07:00,HNX,39788.241,40186.12341,39390.35859,39788.241,SYNTHETIC-11,SYN11,2024-12-24,4416494751.0,normal,111000
39730.5602,synthetic,2024-12-25T17:00:00+07:00,HNX,39730.5602,40127.865802,39333.254598,39730.5602,SYNTHETIC-11,SYN11,2024-12-25,4410092182.2,normal,111000
39671.7004,synthetic,2024-12-26T17:00:00+07:00,HNX,39671.7004,40068.417404,39274.983396,39671.7004,SYNTHETIC-11,SYN11,2024-12-26,4403558744.400001,normal,111000
39612.2553,synthetic,2024-12-27T17:00:00+07:00,HNX,39612.2553,40008.377853,39216.132746999996,39612.2553,SYNTHETIC-11,SYN11,2024-12-27,4396960338.299999,normal,111000
39552.8204,synthetic,2024-12-30T17:00:00+07:00,HNX,39552.8204,39948.348604,39157.292195999995,39552.8204,SYNTHETIC-11,SYN11,2024-12-30,4390363064.4,normal,111000
39493.9886,synthetic,2024-12-31T17:00:00+07:00,HNX,39493.9886,39888.928486,39099.048714,39493.9886,SYNTHETIC-11,SYN11,2024-12-31,4383832734.599999,normal,111000
39436.3446,synthetic,2025-01-01T17:00:00+07:00,HNX,39436.3446,39830.708046,39041.981153999994,39436.3446,SYNTHETIC-11,SYN11,2025-01-01,4377434250.599999,normal,111000
39380.4612,synthetic,2025-01-02T17:00:00+07:00,HNX,39380.4612,39774.265812,38986.656588,39380.4612,SYNTHETIC-11,SYN11,2025-01-02,4371231193.2,normal,111000
39326.8939,synthetic,2025-01-03T17:00:00+07:00,HNX,39326.8939,39720.162839000004,38933.624961,39326.8939,SYNTHETIC-11,SYN11,2025-01-03,4365285222.900001,normal,111000
39276.1771,synthetic,2025-01-06T17:00:00+07:00,HNX,39276.1771,39668.938871,38883.415329,39276.1771,SYNTHETIC-11,SYN11,2025-01-06,4359655658.1,normal,111000
39228.8203,synthetic,2025-01-07T17:00:00+07:00,HNX,39228.8203,39621.108503,38836.532096999996,39228.8203,SYNTHETIC-11,SYN11,2025-01-07,4354399053.3,normal,111000
39185.3037,synthetic,2025-01-08T17:00:00+07:00,HNX,39185.3037,39577.156737,38793.450662999996,39185.3037,SYNTHETIC-11,SYN11,2025-01-08,4349568710.7,normal,111000
39146.0753,synthetic,2025-01-09T17:00:00+07:00,HNX,39146.0753,39537.536052999996,38754.614547,39146.0753,SYNTHETIC-11,SYN11,2025-01-09,4345214358.299999,normal,111000
39111.5477,synthetic,2025-01-10T17:00:00+07:00,HNX,39111.5477,39502.663177,38720.432223,39111.5477,SYNTHETIC-11,SYN11,2025-01-10,4341381794.700001,normal,111000
39082.095,synthetic,2025-01-13T17:00:00+07:00,HNX,39082.095,39472.91595,38691.27405,39082.095,SYNTHETIC-11,SYN11,2025-01-13,4338112545.0,normal,111000
39058.0503,synthetic,2025-01-14T17:00:00+07:00,HNX,39058.0503,39448.630803,38667.469797000005,39058.0503,SYNTHETIC-11,SYN11,2025-01-14,4335443583.3,normal,111000
39039.7037,synthetic,2025-01-15T17:00:00+07:00,HNX,39039.7037,39430.100737,38649.306662999996,39039.7037,SYNTHETIC-11,SYN11,2025-01-15,4333407110.7,normal,111000
39027.3001,synthetic,2025-01-16T17:00:00+07:00,HNX,39027.3001,39417.573101,38637.027099,39027.3001,SYNTHETIC-11,SYN11,2025-01-16,4332030311.1,normal,111000
39021.0379,synthetic,2025-01-17T17:00:00+07:00,HNX,39021.0379,39411.24827900001,38630.827521,39021.0379,SYNTHETIC-11,SYN11,2025-01-17,4331335206.900001,normal,111000
39021.0671,synthetic,2025-01-20T17:00:00+07:00,HNX,39021.0671,39411.277771,38630.856429,39021.0671,SYNTHETIC-11,SYN11,2025-01-20,4331338448.1,normal,111000
39027.4893,synthetic,2025-01-21T17:00:00+07:00,HNX,39027.4893,39417.764193,38637.214407,39027.4893,SYNTHETIC-11,SYN11,2025-01-21,4332051312.3,normal,111000
39040.356,synthetic,2025-01-22T17:00:00+07:00,HNX,39040.356,39430.75956,38649.95244,39040.356,SYNTHETIC-11,SYN11,2025-01-22,4333479516.0,normal,111000
39059.6688,synthetic,2025-01-23T17:00:00+07:00,HNX,39059.6688,39450.265488,38669.072112,39059.6688,SYNTHETIC-11,SYN11,2025-01-23,4335623236.8,normal,111000
39085.3794,synthetic,2025-01-24T17:00:00+07:00,HNX,39085.3794,39476.233194,38694.525605999996,39085.3794,SYNTHETIC-11,SYN11,2025-01-24,4338477113.4,normal,111000
39117.3896,synthetic,2025-01-27T17:00:00+07:00,HNX,39117.3896,39508.563496,38726.215704,39117.3896,SYNTHETIC-11,SYN11,2025-01-27,4342030245.6,normal,111000
39155.552,synthetic,2025-01-28T17:00:00+07:00,HNX,39155.552,39547.107520000005,38763.99648,39155.552,SYNTHETIC-11,SYN11,2025-01-28,4346266272.0,normal,111000
39199.6707,synthetic,2025-01-29T17:00:00+07:00,HNX,39199.6707,39591.667407,38807.673993000004,39199.6707,SYNTHETIC-11,SYN11,2025-01-29,4351163447.7,normal,111000
39249.503,synthetic,2025-01-30T17:00:00+07:00,HNX,39249.503,39641.998029999995,38857.00797,39249.503,SYNTHETIC-11,SYN11,2025-01-30,4356694833.0,normal,111000
39304.7603,synthetic,2025-01-31T17:00:00+07:00,HNX,39304.7603,39697.807903,38911.712697,39304.7603,SYNTHETIC-11,SYN11,2025-01-31,4362828393.3,normal,111000
39365.1104,synthetic,2025-02-03T17:00:00+07:00,HNX,39365.1104,39758.761503999995,38971.459296,39365.1104,SYNTHETIC-11,SYN11,2025-02-03,4369527254.4,normal,111000
39430.1794,synthetic,2025-02-04T17:00:00+07:00,HNX,39430.1794,39824.481194,39035.877606,39430.1794,SYNTHETIC-11,SYN11,2025-02-04,4376749913.400001,normal,111000
39499.5544,synthetic,2025-02-05T17:00:00+07:00,HNX,39499.5544,39894.549944,39104.558856,39499.5544,SYNTHETIC-11,SYN11,2025-02-05,4384450538.400001,normal,111000
39572.7863,synthetic,2025-02-06T17:00:00+07:00,HNX,39572.7863,39968.514163,39177.058437,39572.7863,SYNTHETIC-11,SYN11,2025-02-06,4392579279.3,normal,111000
39649.3924,synthetic,2025-02-07T17:00:00+07:00,HNX,39649.3924,40045.886324,39252.898475999995,39649.3924,SYNTHETIC-11,SYN11,2025-02-07,4401082556.4,normal,111000
39728.8608,synthetic,2025-02-10T17:00:00+07:00,HNX,39728.8608,40126.149408000005,39331.572192,39728.8608,SYNTHETIC-11,SYN11,2025-02-10,4409903548.8,normal,111000
39810.6533,synthetic,2025-02-11T17:00:00+07:00,HNX,39810.6533,40208.759833,39412.546767,39810.6533,SYNTHETIC-11,SYN11,2025-02-11,4418982516.3,normal,111000
39894.2097,synthetic,2025-02-12T17:00:00+07:00,HNX,39894.2097,40293.151797,39495.267603,39894.2097,SYNTHETIC-11,SYN11,2025-02-12,4428257276.7,normal,111000
39978.9522,synthetic,2025-02-13T17:00:00+07:00,HNX,39978.9522,40378.741722,39579.162678,39978.9522,SYNTHETIC-11,SYN11,2025-02-13,4437663694.2,normal,111000
40064.2896,synthetic,2025-02-14T17:00:00+07:00,HNX,40064.2896,40464.932495999994,39663.646704,40064.2896,SYNTHETIC-11,SYN11,2025-02-14,4447136145.599999,normal,111000
40149.6225,synthetic,2025-02-17T17:00:00+07:00,HNX,40149.6225,40551.118725,39748.126274999995,40149.6225,SYNTHETIC-11,SYN11,2025-02-17,4456608097.5,normal,111000
40234.3476,synthetic,2025-02-18T17:00:00+07:00,HNX,40234.3476,40636.691076,39832.004124,40234.3476,SYNTHETIC-11,SYN11,2025-02-18,4466012583.6,normal,111000
40317.8634,synthetic,2025-02-19T17:00:00+07:00,HNX,40317.8634,40721.042034000006,39914.684766,40317.8634,SYNTHETIC-11,SYN11,2025-02-19,4475282837.400001,normal,111000
40399.5749,synthetic,2025-02-20T17:00:00+07:00,HNX,40399.5749,40803.570649,39995.579151,40399.5749,SYNTHETIC-11,SYN11,2025-02-20,4484352813.9,normal,111000
40478.8988,synthetic,2025-02-21T17:00:00+07:00,HNX,40478.8988,40883.687788,40074.109812,40478.8988,SYNTHETIC-11,SYN11,2025-02-21,4493157766.8,normal,111000
40555.2689,synthetic,2025-02-24T17:00:00+07:00,HNX,40555.2689,40960.82158900001,40149.716211,40555.2689,SYNTHETIC-11,SYN11,2025-02-24,4501634847.900001,normal,111000
40628.1412,synthetic,2025-02-25T17:00:00+07:00,HNX,40628.1412,41034.422612,40221.859787999994,40628.1412,SYNTHETIC-11,SYN11,2025-02-25,4509723673.2,normal,111000
40696.9987,synthetic,2025-02-26T17:00:00+07:00,HNX,40696.9987,41103.96868699999,40290.028713,40696.9987,SYNTHETIC-11,SYN11,2025-02-26,4517366855.7,normal,111000
40761.3567,synthetic,2025-02-27T17:00:00+07:00,HNX,40761.3567,41168.970267,40353.743132999996,40761.3567,SYNTHETIC-11,SYN11,2025-02-27,4524510593.7,normal,111000
40820.7669,synthetic,2025-02-28T17:00:00+07:00,HNX,40820.7669,41228.974569000005,40412.559231,40820.7669,SYNTHETIC-11,SYN11,2025-02-28,4531105125.900001,normal,111000
40874.822,synthetic,2025-03-03T17:00:00+07:00,HNX,40874.822,41283.57022,40466.07378,40874.822,SYNTHETIC-11,SYN11,2025-03-03,4537105242.0,normal,111000
40923.1598,synthetic,2025-03-04T17:00:00+07:00,HNX,40923.1598,41332.391398,40513.928202,40923.1598,SYNTHETIC-11,SYN11,2025-03-04,4542470737.8,normal,111000
40965.4666,synthetic,2025-03-05T17:00:00+07:00,HNX,40965.4666,41375.121266,40555.811934,40965.4666,SYNTHETIC-11,SYN11,2025-03-05,4547166792.6,normal,111000
41001.4802,synthetic,2025-03-06T17:00:00+07:00,HNX,41001.4802,41411.495001999996,40591.465398,41001.4802,SYNTHETIC-11,SYN11,2025-03-06,4551164302.2,normal,111000
41030.993,synthetic,2025-03-07T17:00:00+07:00,HNX,41030.993,41441.302930000005,40620.68307,41030.993,SYNTHETIC-11,SYN11,2025-03-07,4554440223.0,normal,111000
41053.8538,synthetic,2025-03-10T17:00:00+07:00,HNX,41053.8538,41464.392338,40643.315262,41053.8538,SYNTHETIC-11,SYN11,2025-03-10,4556977771.799999,normal,111000
41069.9693,synthetic,2025-03-11T17:00:00+07:00,HNX,41069.9693,41480.668993,40659.269606999995,41069.9693,SYNTHETIC-11,SYN11,2025-03-11,4558766592.299999,normal,111000
41079.3053,synthetic,2025-03-12T17:00:00+07:00,HNX,41079.3053,41490.098353,40668.512247,41079.3053,SYNTHETIC-11,SYN11,2025-03-12,4559802888.3,normal,111000
41081.887,synthetic,2025-03-13T17:00:00+07:00,HNX,41081.887,41492.705870000005,40671.06813,41081.887,SYNTHETIC-11,SYN11,2025-03-13,4560089457.0,normal,111000
41077.7986,synthetic,2025-03-14T17:00:00+07:00,HNX,41077.7986,41488.576586,40667.020614,41077.7986,SYNTHETIC-11,SYN11,2025-03-14,4559635644.6,normal,111000
41067.1826,synthetic,2025-03-17T17:00:00+07:00,HNX,41067.1826,41477.854426,40656.510774,41067.1826,SYNTHETIC-11,SYN11,2025-03-17,4558457268.6,normal,111000
41050.2386,synthetic,2025-03-18T17:00:00+07:00,HNX,41050.2386,41460.740986,40639.736214,41050.2386,SYNTHETIC-11,SYN11,2025-03-18,4556576484.599999,normal,111000
41027.221,synthetic,2025-03-19T17:00:00+07:00,HNX,41027.221,41437.49321,40616.948789999995,41027.221,SYNTHETIC-11,SYN11,2025-03-19,4554021531.0,normal,111000
40998.4365,synthetic,2025-03-20T17:00:00+07:00,HNX,40998.4365,41408.42086500001,40588.452135,40998.4365,SYNTHETIC-11,SYN11,2025-03-20,4550826451.5,normal,111000
40964.2413,synthetic,2025-03-21T17:00:00+07:00,HNX,40964.2413,41373.883713,40554.598887,40964.2413,SYNTHETIC-11,SYN11,2025-03-21,4547030784.3,normal,111000
40925.0376,synthetic,2025-03-24T17:00:00+07:00,HNX,40925.0376,41334.28797600001,40515.787224,40925.0376,SYNTHETIC-11,SYN11,2025-03-24,4542679173.6,normal,111000
40881.2693,synthetic,2025-03-25T17:00:00+07:00,HNX,40881.2693,41290.081993,40472.456607,40881.2693,SYNTHETIC-11,SYN11,2025-03-25,4537820892.3,normal,111000
40833.4182,synthetic,2025-03-26T17:00:00+07:00,HNX,40833.4182,41241.752382,40425.084018,40833.4182,SYNTHETIC-11,SYN11,2025-03-26,4532509420.2,normal,111000
40781.9994,synthetic,2025-03-27T17:00:00+07:00,HNX,40781.9994,41189.819394,40374.179406,40781.9994,SYNTHETIC-11,SYN11,2025-03-27,4526801933.4,normal,111000
40727.5563,synthetic,2025-03-28T17:00:00+07:00,HNX,40727.5563,41134.831863,40320.280736999994,40727.5563,SYNTHETIC-11,SYN11,2025-03-28,4520758749.299999,normal,111000
40670.6556,synthetic,2025-03-31T17:00:00+07:00,HNX,40670.6556,41077.362155999996,40263.949044,40670.6556,SYNTHETIC-11,SYN11,2025-03-31,4514442771.599999,normal,111000
40611.8825,synthetic,2025-04-01T17:00:00+07:00,HNX,40611.8825,41018.001325,40205.763675,40611.8825,SYNTHETIC-11,SYN11,2025-04-01,4507918957.5,normal,111000
40551.8351,synthetic,2025-04-02T17:00:00+07:00,HNX,40551.8351,40957.353450999995,40146.316749,40551.8351,SYNTHETIC-11,SYN11,2025-04-02,4501253696.099999,normal,111000
40491.1194,synthetic,2025-04-03T17:00:00+07:00,HNX,40491.1194,40896.030594,40086.208206,40491.1194,SYNTHETIC-11,SYN11,2025-04-03,4494514253.400001,normal,111000
40430.3442,synthetic,2025-04-04T17:00:00+07:00,HNX,40430.3442,40834.647641999996,40026.040758,40430.3442,SYNTHETIC-11,SYN11,2025-04-04,4487768206.2,normal,111000
40370.116,synthetic,2025-04-07T17:00:00+07:00,HNX,40370.116,40773.81716,39966.414840000005,40370.116,SYNTHETIC-11,SYN11,2025-04-07,4481082876.0,normal,111000
40311.0335,synthetic,2025-04-08T17:00:00+07:00,HNX,40311.0335,40714.143834999995,39907.923165,40311.0335,SYNTHETIC-11,SYN11,2025-04-08,4474524718.5,normal,111000
40253.6839,synthetic,2025-04-09T17:00:00+07:00,HNX,40253.6839,40656.220739000004,39851.147061,40253.6839,SYNTHETIC-11,SYN11,2025-04-09,4468158912.900001,normal,111000
40198.637,synthetic,2025-04-10T17:00:00+07:00,HNX,40198.637,40600.62337,39796.650630000004,40198.637,SYNTHETIC-11,SYN11,2025-04-10,4462048707.0,normal,111000
40146.4418,synthetic,2025-04-11T17:00:00+07:00,HNX,40146.4418,40547.906218000004,39744.977382,40146.4418,SYNTHETIC-11,SYN11,2025-04-11,4456255039.8,normal,111000
40097.622,synthetic,2025-04-14T17:00:00+07:00,HNX,40097.622,40498.59822,39696.645780000006,40097.622,SYNTHETIC-11,SYN11,2025-04-14,4450836042.0,normal,111000
40052.6722,synthetic,2025-04-15T17:00:00+07:00,HNX,40052.6722,40453.198922,39652.145478,40052.6722,SYNTHETIC-11,SYN11,2025-04-15,4445846614.2,normal,111000
40012.054,synthetic,2025-04-16T17:00:00+07:00,HNX,40012.054,40412.17454,39611.93345999999,40012.054,SYNTHETIC-11,SYN11,2025-04-16,4441337994.0,normal,111000
39976.1936,synthetic,2025-04-17T17:00:00+07:00,HNX,39976.1936,40375.955536,39576.431663999996,39976.1936,SYNTHETIC-11,SYN11,2025-04-17,4437357489.599999,normal,111000
39945.4778,synthetic,2025-04-18T17:00:00+07:00,HNX,39945.4778,40344.932578,39546.023022,39945.4778,SYNTHETIC-11,SYN11,2025-04-18,4433948035.8,normal,111000
39920.2521,synthetic,2025-04-21T17:00:00+07:00,HNX,39920.2521,40319.454621,39521.049579,39920.2521,SYNTHETIC-11,SYN11,2025-04-21,4431147983.099999,normal,111000
39900.8182,synthetic,2025-04-22T17:00:00+07:00,HNX,39900.8182,40299.826382,39501.810018000004,39900.8182,SYNTHETIC-11,SYN11,2025-04-22,4428990820.2,normal,111000
39887.4317,synthetic,2025-04-23T17:00:00+07:00,HNX,39887.4317,40286.306017,39488.557383,39887.4317,SYNTHETIC-11,SYN11,2025-04-23,4427504918.7,normal,111000
39880.3008,synthetic,2025-04-24T17:00:00+07:00,HNX,39880.3008,40279.103808,39481.497791999995,39880.3008,SYNTHETIC-11,SYN11,2025-04-24,4426713388.799999,normal,111000
39879.5848,synthetic,2025-04-25T17:00:00+07:00,HNX,39879.5848,40278.380648,39480.788951999995,39879.5848,SYNTHETIC-11,SYN11,2025-04-25,4426633912.799999,normal,111000
39885.393,synthetic,2025-04-28T17:00:00+07:00,HNX,39885.393,40284.246929999994,39486.53907,39885.393,SYNTHETIC-11,SYN11,2025-04-28,4427278623.0,normal,111000
39897.7841,synthetic,2025-04-29T17:00:00+07:00,HNX,39897.7841,40296.761941,39498.806259,39897.7841,SYNTHETIC-11,SYN11,2025-04-29,4428654035.099999,normal,111000
39916.7657,synthetic,2025-04-30T17:00:00+07:00,HNX,39916.7657,40315.933357,39517.598043000005,39916.7657,SYNTHETIC-11,SYN11,2025-04-30,4430760992.700001,normal,111000
39942.2942,synthetic,2025-05-01T17:00:00+07:00,HNX,39942.2942,40341.717141999994,39542.871258,39942.2942,SYNTHETIC-11,SYN11,2025-05-01,4433594656.2,normal,111000
39974.275,synthetic,2025-05-02T17:00:00+07:00,HNX,39974.275,40374.01775,39574.532250000004,39974.275,SYNTHETIC-11,SYN11,2025-05-02,4437144525.0,normal,111000
40012.5632,synthetic,2025-05-05T17:00:00+07:00,HNX,40012.5632,40412.688832,39612.437567999994,40012.5632,SYNTHETIC-11,SYN11,2025-05-05,4441394515.2,normal,111000
40056.9645,synthetic,2025-05-06T17:00:00+07:00,HNX,40056.9645,40457.534145000005,39656.394855,40056.9645,SYNTHETIC-11,SYN11,2025-05-06,4446323059.5,normal,111000
40107.236,synthetic,2025-05-07T17:00:00+07:00,HNX,40107.236,40508.308359999995,39706.16364,40107.236,SYNTHETIC-11,SYN11,2025-05-07,4451903196.0,normal,111000
40163.0881,synthetic,2025-05-08T17:00:00+07:00,HNX,40163.0881,40564.718981,39761.457219,40163.0881,SYNTHETIC-11,SYN11,2025-05-08,4458102779.1,normal,111000
40224.1864,synthetic,2025-05-09T17:00:00+07:00,HNX,40224.1864,40626.428264,39821.944535999995,40224.1864,SYNTHETIC-11,SYN11,2025-05-09,4464884690.4,normal,111000
40290.1535,synthetic,2025-05-12T17:00:00+07:00,HNX,40290.1535,40693.055035,39887.251965,40290.1535,SYNTHETIC-11,SYN11,2025-05-12,4472207038.5,normal,111000
40360.572,synthetic,2025-05-13T17:00:00+07:00,HNX,40360.572,40764.17772,39956.96628,40360.572,SYNTHETIC-11,SYN11,2025-05-13,4480023492.0,normal,111000
40434.9866,synthetic,2025-05-14T17:00:00+07:00,HNX,40434.9866,40839.33646599999,40030.636734,40434.9866,SYNTHETIC-11,SYN11,2025-05-14,4488283512.599999,normal,111000
40512.9083,synthetic,2025-05-15T17:00:00+07:00,HNX,40512.9083,40918.037383,40107.779217,40512.9083,SYNTHETIC-11,SYN11,2025-05-15,4496932821.3,normal,111000
40593.8168,synthetic,2025-05-16T17:00:00+07:00,HNX,40593.8168,40999.754968,40187.878632,40593.8168,SYNTHETIC-11,SYN11,2025-05-16,4505913664.8,normal,111000
40677.1651,synthetic,2025-05-19T17:00:00+07:00,HNX,40677.1651,41083.936751,40270.393448999996,40677.1651,SYNTHETIC-11,SYN11,2025-05-19,4515165326.099999,normal,111000
40762.3829,synthetic,2025-05-20T17:00:00+07:00,HNX,40762.3829,41170.006729,40354.75907099999,40762.3829,SYNTHETIC-11,SYN11,2025-05-20,4524624501.9,normal,111000
40848.8816,synthetic,2025-05-21T17:00:00+07:00,HNX,40848.8816,41257.370416,40440.392784,40848.8816,SYNTHETIC-11,SYN11,2025-05-21,4534225857.6,normal,111000
40936.0584,synthetic,2025-05-22T17:00:00+07:00,HNX,40936.0584,41345.418984,40526.697816,40936.0584,SYNTHETIC-11,SYN11,2025-05-22,4543902482.400001,normal,111000
41023.3014,synthetic,2025-05-23T17:00:00+07:00,HNX,41023.3014,41433.534413999994,40613.068386,41023.3014,SYNTHETIC-11,SYN11,2025-05-23,4553586455.4,normal,111000
41109.9941,synthetic,2025-05-26T17:00:00+07:00,HNX,41109.9941,41521.094041000004,40698.894159,41109.9941,SYNTHETIC-11,SYN11,2025-05-26,4563209345.1,normal,111000
41195.5215,synthetic,2025-05-27T17:00:00+07:00,HNX,41195.5215,41607.476715000004,40783.566285,41195.5215,SYNTHETIC-11,SYN11,2025-05-27,4572702886.5,normal,111000
41279.2741,synthetic,2025-05-28T17:00:00+07:00,HNX,41279.2741,41692.066841,40866.481359000005,41279.2741,SYNTHETIC-11,SYN11,2025-05-28,4581999425.1,normal,111000
41360.6545,synthetic,2025-05-29T17:00:00+07:00,HNX,41360.6545,41774.261045,40947.047954999995,41360.6545,SYNTHETIC-11,SYN11,2025-05-29,4591032649.5,normal,111000
41439.0815,synthetic,2025-05-30T17:00:00+07:00,HNX,41439.0815,41853.472315,41024.690685,41439.0815,SYNTHETIC-11,SYN11,2025-05-30,4599738046.5,normal,111000
41513.9964,synthetic,2025-06-02T17:00:00+07:00,HNX,41513.9964,41929.136364000005,41098.856436,41513.9964,SYNTHETIC-11,SYN11,2025-06-02,4608053600.400001,normal,111000
41584.8674,synthetic,2025-06-03T17:00:00+07:00,HNX,41584.8674,42000.716074,41169.018726,41584.8674,SYNTHETIC-11,SYN11,2025-06-03,4615920281.400001,normal,111000
41651.195,synthetic,2025-06-04T17:00:00+07:00,HNX,41651.195,42067.70695,41234.68305,41651.195,SYNTHETIC-11,SYN11,2025-06-04,4623282645.0,normal,111000
41712.5166,synthetic,2025-06-05T17:00:00+07:00,HNX,41712.5166,42129.641766,41295.391434000005,41712.5166,SYNTHETIC-11,SYN11,2025-06-05,4630089342.6,normal,111000
41768.4108,synthetic,2025-06-06T17:00:00+07:00,HNX,41768.4108,42186.094908,41350.726692,41768.4108,SYNTHETIC-11,SYN11,2025-06-06,4636293598.8,normal,111000
41818.502,synthetic,2025-06-09T17:00:00+07:00,HNX,41818.502,42236.68702,41400.31698,41818.502,SYNTHETIC-11,SYN11,2025-06-09,4641853722.0,normal,111000
41862.4636,synthetic,2025-06-10T17:00:00+07:00,HNX,41862.4636,42281.088236,41443.838964,41862.4636,SYNTHETIC-11,SYN11,2025-06-10,4646733459.6,normal,111000
41900.0217,synthetic,2025-06-11T17:00:00+07:00,HNX,41900.0217,42319.021917,41481.021483,41900.0217,SYNTHETIC-11,SYN11,2025-06-11,4650902408.7,normal,111000
41930.9573,synthetic,2025-06-12T17:00:00+07:00,HNX,41930.9573,42350.266873,41511.647727,41930.9573,SYNTHETIC-11,SYN11,2025-06-12,4654336260.3,normal,111000
41955.1094,synthetic,2025-06-13T17:00:00+07:00,HNX,41955.1094,42374.660494,41535.558306,41955.1094,SYNTHETIC-11,SYN11,2025-06-13,4657017143.400001,normal,111000
41972.3756,synthetic,2025-06-16T17:00:00+07:00,HNX,41972.3756,42392.099356,41552.651844,41972.3756,SYNTHETIC-11,SYN11,2025-06-16,4658933691.6,normal,111000
41982.714,synthetic,2025-06-17T17:00:00+07:00,HNX,41982.714,42402.54114,41562.88686,41982.714,SYNTHETIC-11,SYN11,2025-06-17,4660081254.0,normal,111000
41986.1433,synthetic,2025-06-18T17:00:00+07:00,HNX,41986.1433,42406.004733,41566.281867000005,41986.1433,SYNTHETIC-11,SYN11,2025-06-18,4660461906.3,normal,111000
41982.7428,synthetic,2025-06-19T17:00:00+07:00,HNX,41982.7428,42402.570228,41562.915372,41982.7428,SYNTHETIC-11,SYN11,2025-06-19,4660084450.8,normal,111000
41972.6513,synthetic,2025-06-20T17:00:00+07:00,HNX,41972.6513,42392.377813,41552.924786999996,41972.6513,SYNTHETIC-11,SYN11,2025-06-20,4658964294.3,normal,111000
41956.0662,synthetic,2025-06-23T17:00:00+07:00,HNX,41956.0662,42375.626862000005,41536.505538,41956.0662,SYNTHETIC-11,SYN11,2025-06-23,4657123348.2,normal,111000
41933.241,synthetic,2025-06-24T17:00:00+07:00,HNX,41933.241,42352.573410000005,41513.90859,41933.241,SYNTHETIC-11,SYN11,2025-06-24,4654589751.0,normal,111000
41904.4834,synthetic,2025-06-25T17:00:00+07:00,HNX,41904.4834,42323.528234,41485.438566,41904.4834,SYNTHETIC-11,SYN11,2025-06-25,4651397657.4,normal,111000
41870.1517,synthetic,2025-06-26T17:00:00+07:00,HNX,41870.1517,42288.853217,41451.450183,41870.1517,SYNTHETIC-11,SYN11,2025-06-26,4647586838.7,normal,111000
41830.6516,synthetic,2025-06-27T17:00:00+07:00,HNX,41830.6516,42248.958115999994,41412.345084,41830.6516,SYNTHETIC-11,SYN11,2025-06-27,4643202327.599999,normal,111000
41786.4322,synthetic,2025-06-30T17:00:00+07:00,HNX,41786.4322,42204.296522000004,41368.567878,41786.4322,SYNTHETIC-11,SYN11,2025-06-30,4638293974.200001,normal,111000
