snapshot_date,security_id,ticker,cluster_label,membership_period
2023-11-30,KBS:HOSE:AAM,AAM,1,development
2023-11-30,KBS:HOSE:ABS,ABS,1,development
2023-11-30,KBS:HOSE:ABT,ABT,1,development
2023-11-30,KBS:HOSE:ACC,ACC,1,development
2023-11-30,KBS:HOSE:ACL,ACL,1,development
2023-11-30,KBS:HOSE:AGG,AGG,1,development
2023-11-30,KBS:HOSE:AGR,AGR,1,development
2023-11-30,KBS:HOSE:APG,APG,1,development
2023-11-30,KBS:HOSE:APH,APH,1,development
2023-11-30,KBS:HOSE:ASG,ASG,1,development
2023-11-30,KBS:HOSE:ASP,ASP,1,development
2023-11-30,KBS:HOSE:AST,AST,1,development
2023-11-30,KBS:HOSE:BCM,BCM,1,development
2023-11-30,KBS:HOSE:BHN,BHN,1,development
2023-11-30,KBS:HOSE:BTP,BTP,1,development
2023-11-30,KBS:HOSE:BVH,BVH,1,development
2023-11-30,KBS:HOSE:C32,C32,1,development
2023-11-30,KBS:HOSE:CDC,CDC,1,development
2023-11-30,KBS:HOSE:CII,CII,0,development
2023-11-30,KBS:HOSE:CKG,CKG,1,development
2023-11-30,KBS:HOSE:CLC,CLC,1,development
2023-11-30,KBS:HOSE:CMV,CMV,1,development
2023-11-30,KBS:HOSE:CMX,CMX,1,development
2023-11-30,KBS:HOSE:CNG,CNG,1,development
2023-11-30,KBS:HOSE:CRC,CRC,1,development
2023-11-30,KBS:HOSE:CRE,CRE,1,development
2023-11-30,KBS:HOSE:CSM,CSM,1,development
2023-11-30,KBS:HOSE:CSV,CSV,1,development
2023-11-30,KBS:HOSE:CTD,CTD,0,development
2023-11-30,KBS:HOSE:CTF,CTF,1,development
2023-11-30,KBS:HOSE:CTI,CTI,1,development
2023-11-30,KBS:HOSE:CTR,CTR,1,development
2023-11-30,KBS:HOSE:D2D,D2D,1,development
2023-11-30,KBS:HOSE:DAH,DAH,1,development
2023-11-30,KBS:HOSE:DBD,DBD,1,development
2023-11-30,KBS:HOSE:DCL,DCL,1,development
2023-11-30,KBS:HOSE:DHC,DHC,1,development
2023-11-30,KBS:HOSE:DMC,DMC,1,development
2023-11-30,KBS:HOSE:DQC,DQC,1,development
2023-11-30,KBS:HOSE:DRC,DRC,1,development
2023-11-30,KBS:HOSE:DSN,DSN,1,development
2023-11-30,KBS:HOSE:DTL,DTL,1,development
2023-11-30,KBS:HOSE:DTT,DTT,1,development
2023-11-30,KBS:HOSE:DVP,DVP,1,development
2023-11-30,KBS:HOSE:ELC,ELC,1,development
2023-11-30,KBS:HOSE:EVE,EVE,1,development
2023-11-30,KBS:HOSE:EVG,EVG,1,development
2023-11-30,KBS:HOSE:FCM,FCM,1,development
2023-11-30,KBS:HOSE:FCN,FCN,1,development
2023-11-30,KBS:HOSE:FIR,FIR,1,development
2023-11-30,KBS:HOSE:FIT,FIT,1,development
2023-11-30,KBS:HOSE:FPT,FPT,0,development
2023-11-30,KBS:HOSE:GDT,GDT,1,development
2023-11-30,KBS:HOSE:GEG,GEG,1,development
2023-11-30,KBS:HOSE:GMD,GMD,1,development
2023-11-30,KBS:HOSE:HAP,HAP,1,development
2023-11-30,KBS:HOSE:HHP,HHP,1,development
2023-11-30,KBS:HOSE:HHV,HHV,0,development
2023-11-30,KBS:HOSE:HMC,HMC,1,development
2023-11-30,KBS:HOSE:HRC,HRC,1,development
2023-11-30,KBS:HOSE:HSL,HSL,1,development
2023-11-30,KBS:HOSE:HTI,HTI,1,development
2023-11-30,KBS:HOSE:HTN,HTN,1,development
2023-11-30,KBS:HOSE:HTV,HTV,1,development
2023-11-30,KBS:HOSE:HUB,HUB,1,development
2023-11-30,KBS:HOSE:ICT,ICT,1,development
2023-11-30,KBS:HOSE:ILB,ILB,1,development
2023-11-30,KBS:HOSE:ITD,ITD,1,development
2023-11-30,KBS:HOSE:KDC,KDC,1,development
2023-11-30,KBS:HOSE:KDH,KDH,1,development
2023-11-30,KBS:HOSE:KHP,KHP,1,development
2023-11-30,KBS:HOSE:KOS,KOS,1,development
2023-11-30,KBS:HOSE:KSB,KSB,1,development
2023-11-30,KBS:HOSE:LBM,LBM,1,development
2023-11-30,KBS:HOSE:LCG,LCG,1,development
2023-11-30,KBS:HOSE:LHG,LHG,1,development
2023-11-30,KBS:HOSE:LIX,LIX,1,development
2023-11-30,KBS:HOSE:MBB,MBB,0,development
2023-11-30,KBS:HOSE:MCP,MCP,1,development
2023-11-30,KBS:HOSE:MHC,MHC,1,development
2023-11-30,KBS:HOSE:MIG,MIG,1,development
2023-11-30,KBS:HOSE:MSH,MSH,1,development
2023-11-30,KBS:HOSE:NBB,NBB,1,development
2023-11-30,KBS:HOSE:NCT,NCT,1,development
2023-11-30,KBS:HOSE:NNC,NNC,1,development
2023-11-30,KBS:HOSE:PAC,PAC,1,development
2023-11-30,KBS:HOSE:PGC,PGC,1,development
2023-11-30,KBS:HOSE:PGD,PGD,1,development
2023-11-30,KBS:HOSE:PHR,PHR,1,development
2023-11-30,KBS:HOSE:PJT,PJT,1,development
2023-11-30,KBS:HOSE:PLP,PLP,1,development
2023-11-30,KBS:HOSE:PLX,PLX,1,development
2023-11-30,KBS:HOSE:PNJ,PNJ,1,development
2023-11-30,KBS:HOSE:PTB,PTB,1,development
2023-11-30,KBS:HOSE:PVT,PVT,0,development
2023-11-30,KBS:HOSE:RAL,RAL,1,development
2023-11-30,KBS:HOSE:S4A,S4A,1,development
2023-11-30,KBS:HOSE:SAB,SAB,1,development
2023-11-30,KBS:HOSE:SAM,SAM,1,development
2023-11-30,KBS:HOSE:SAV,SAV,1,development
2023-11-30,KBS:HOSE:SBA,SBA,1,development
2023-11-30,KBS:HOSE:SBV,SBV,1,development
2023-11-30,KBS:HOSE:SC5,SC5,1,development
2023-11-30,KBS:HOSE:SCS,SCS,1,development
2023-11-30,KBS:HOSE:SGR,SGR,1,development
2023-11-30,KBS:HOSE:SGT,SGT,1,development
2023-11-30,KBS:HOSE:SHA,SHA,1,development
2023-11-30,KBS:HOSE:SHI,SHI,1,development
2023-11-30,KBS:HOSE:SHP,SHP,1,development
2023-11-30,KBS:HOSE:SJD,SJD,1,development
2023-11-30,KBS:HOSE:SJS,SJS,1,development
2023-11-30,KBS:HOSE:SMB,SMB,1,development
2023-11-30,KBS:HOSE:SPM,SPM,1,development
2023-11-30,KBS:HOSE:SRC,SRC,1,development
2023-11-30,KBS:HOSE:SRF,SRF,1,development
2023-11-30,KBS:HOSE:STG,STG,1,development
2023-11-30,KBS:HOSE:SVT,SVT,1,development
2023-11-30,KBS:HOSE:TCL,TCL,1,development
2023-11-30,KBS:HOSE:TCO,TCO,1,development
2023-11-30,KBS:HOSE:TDG,TDG,1,development
2023-11-30,KBS:HOSE:TDP,TDP,1,development
2023-11-30,KBS:HOSE:TIP,TIP,1,development
2023-11-30,KBS:HOSE:TLG,TLG,1,development
2023-11-30,KBS:HOSE:TMS,TMS,1,development
2023-11-30,KBS:HOSE:TN1,TN1,1,development
2023-11-30,KBS:HOSE:TNI,TNI,1,development
2023-11-30,KBS:HOSE:TRA,TRA,1,development
2023-11-30,KBS:HOSE:TV2,TV2,1,development
2023-11-30,KBS:HOSE:UIC,UIC,1,development
2023-11-30,KBS:HOSE:VCA,VCA,1,development
2023-11-30,KBS:HOSE:VFG,VFG,1,development
2023-11-30,KBS:HOSE:VHC,VHC,1,development
2023-11-30,KBS:HOSE:VHM,VHM,0,development
2023-11-30,KBS:HOSE:VJC,VJC,0,development
2023-11-30,KBS:HOSE:VMD,VMD,1,development
2023-11-30,KBS:HOSE:VNG,VNG,1,development
2023-11-30,KBS:HOSE:VPB,VPB,0,development
2023-11-30,KBS:HOSE:VPS,VPS,1,development
2023-11-30,KBS:HOSE:VSC,VSC,1,development
2023-11-30,KBS:HOSE:VSI,VSI,1,development
2023-11-30,KBS:UPCOM:APC,APC,1,development
2023-11-30,KBS:UPCOM:GMC,GMC,1,development
2023-12-29,KBS:HOSE:AAM,AAM,1,development
2023-12-29,KBS:HOSE:ABS,ABS,1,development
2023-12-29,KBS:HOSE:ABT,ABT,1,development
2023-12-29,KBS:HOSE:ACC,ACC,1,development
2023-12-29,KBS:HOSE:ACL,ACL,1,development
2023-12-29,KBS:HOSE:ADS,ADS,1,development
2023-12-29,KBS:HOSE:AGG,AGG,1,development
2023-12-29,KBS:HOSE:AGR,AGR,1,development
2023-12-29,KBS:HOSE:ANV,ANV,1,development
2023-12-29,KBS:HOSE:APG,APG,1,development
2023-12-29,KBS:HOSE:APH,APH,1,development
2023-12-29,KBS:HOSE:ASG,ASG,1,development
2023-12-29,KBS:HOSE:ASM,ASM,1,development
2023-12-29,KBS:HOSE:ASP,ASP,1,development
2023-12-29,KBS:HOSE:AST,AST,1,development
2023-12-29,KBS:HOSE:BCM,BCM,1,development
2023-12-29,KBS:HOSE:BHN,BHN,1,development
2023-12-29,KBS:HOSE:BMI,BMI,1,development
2023-12-29,KBS:HOSE:BTP,BTP,1,development
2023-12-29,KBS:HOSE:BVH,BVH,1,development
2023-12-29,KBS:HOSE:C32,C32,1,development
2023-12-29,KBS:HOSE:CCL,CCL,1,development
2023-12-29,KBS:HOSE:CDC,CDC,1,development
2023-12-29,KBS:HOSE:CIG,CIG,1,development
2023-12-29,KBS:HOSE:CII,CII,1,development
2023-12-29,KBS:HOSE:CKG,CKG,1,development
2023-12-29,KBS:HOSE:CLC,CLC,1,development
2023-12-29,KBS:HOSE:CMV,CMV,1,development
2023-12-29,KBS:HOSE:CMX,CMX,1,development
2023-12-29,KBS:HOSE:CNG,CNG,1,development
2023-12-29,KBS:HOSE:CRC,CRC,1,development
2023-12-29,KBS:HOSE:CRE,CRE,1,development
2023-12-29,KBS:HOSE:CSM,CSM,1,development
2023-12-29,KBS:HOSE:CSV,CSV,1,development
2023-12-29,KBS:HOSE:CTD,CTD,1,development
2023-12-29,KBS:HOSE:CTF,CTF,1,development
2023-12-29,KBS:HOSE:CTI,CTI,1,development
2023-12-29,KBS:HOSE:CTR,CTR,1,development
2023-12-29,KBS:HOSE:CTS,CTS,1,development
2023-12-29,KBS:HOSE:CVT,CVT,1,development
2023-12-29,KBS:HOSE:D2D,D2D,1,development
2023-12-29,KBS:HOSE:DAH,DAH,1,development
2023-12-29,KBS:HOSE:DBC,DBC,0,development
2023-12-29,KBS:HOSE:DBD,DBD,1,development
2023-12-29,KBS:HOSE:DCL,DCL,1,development
2023-12-29,KBS:HOSE:DCM,DCM,1,development
2023-12-29,KBS:HOSE:DGC,DGC,0,development
2023-12-29,KBS:HOSE:DGW,DGW,1,development
2023-12-29,KBS:HOSE:DHA,DHA,1,development
2023-12-29,KBS:HOSE:DHC,DHC,1,development
2023-12-29,KBS:HOSE:DLG,DLG,1,development
2023-12-29,KBS:HOSE:DMC,DMC,1,development
2023-12-29,KBS:HOSE:DPG,DPG,1,development
2023-12-29,KBS:HOSE:DQC,DQC,1,development
2023-12-29,KBS:HOSE:DRC,DRC,1,development
2023-12-29,KBS:HOSE:DSN,DSN,1,development
2023-12-29,KBS:HOSE:DTL,DTL,1,development
2023-12-29,KBS:HOSE:DTT,DTT,1,development
2023-12-29,KBS:HOSE:DVP,DVP,1,development
2023-12-29,KBS:HOSE:DXV,DXV,1,development
2023-12-29,KBS:HOSE:EVE,EVE,1,development
2023-12-29,KBS:HOSE:EVG,EVG,1,development
2023-12-29,KBS:HOSE:FCM,FCM,1,development
2023-12-29,KBS:HOSE:FCN,FCN,1,development
2023-12-29,KBS:HOSE:FIR,FIR,1,development
2023-12-29,KBS:HOSE:FIT,FIT,1,development
2023-12-29,KBS:HOSE:FMC,FMC,1,development
2023-12-29,KBS:HOSE:FPT,FPT,0,development
2023-12-29,KBS:HOSE:FTS,FTS,1,development
2023-12-29,KBS:HOSE:GDT,GDT,1,development
2023-12-29,KBS:HOSE:GEG,GEG,1,development
2023-12-29,KBS:HOSE:GIL,GIL,1,development
2023-12-29,KBS:HOSE:GMD,GMD,1,development
2023-12-29,KBS:HOSE:HAG,HAG,0,development
2023-12-29,KBS:HOSE:HAP,HAP,1,development
2023-12-29,KBS:HOSE:HAR,HAR,1,development
2023-12-29,KBS:HOSE:HCM,HCM,0,development
2023-12-29,KBS:HOSE:HHP,HHP,1,development
2023-12-29,KBS:HOSE:HHV,HHV,1,development
2023-12-29,KBS:HOSE:HID,HID,1,development
2023-12-29,KBS:HOSE:HII,HII,1,development
2023-12-29,KBS:HOSE:HMC,HMC,1,development
2023-12-29,KBS:HOSE:HRC,HRC,1,development
2023-12-29,KBS:HOSE:HSG,HSG,0,development
2023-12-29,KBS:HOSE:HSL,HSL,1,development
2023-12-29,KBS:HOSE:HTI,HTI,1,development
2023-12-29,KBS:HOSE:HTN,HTN,1,development
2023-12-29,KBS:HOSE:HTV,HTV,1,development
2023-12-29,KBS:HOSE:HUB,HUB,1,development
2023-12-29,KBS:HOSE:HVN,HVN,1,development
2023-12-29,KBS:HOSE:ICT,ICT,1,development
2023-12-29,KBS:HOSE:ILB,ILB,1,development
2023-12-29,KBS:HOSE:ITC,ITC,1,development
2023-12-29,KBS:HOSE:ITD,ITD,1,development
2023-12-29,KBS:HOSE:KDC,KDC,1,development
2023-12-29,KBS:HOSE:KDH,KDH,1,development
2023-12-29,KBS:HOSE:KHP,KHP,1,development
2023-12-29,KBS:HOSE:KOS,KOS,1,development
2023-12-29,KBS:HOSE:KSB,KSB,1,development
2023-12-29,KBS:HOSE:LBM,LBM,1,development
2023-12-29,KBS:HOSE:LCG,LCG,1,development
2023-12-29,KBS:HOSE:LHG,LHG,1,development
2023-12-29,KBS:HOSE:LIX,LIX,1,development
2023-12-29,KBS:HOSE:LM8,LM8,1,development
2023-12-29,KBS:HOSE:LPB,LPB,1,development
2023-12-29,KBS:HOSE:MBB,MBB,0,development
2023-12-29,KBS:HOSE:MCP,MCP,1,development
2023-12-29,KBS:HOSE:MHC,MHC,1,development
2023-12-29,KBS:HOSE:MIG,MIG,1,development
2023-12-29,KBS:HOSE:MSB,MSB,1,development
2023-12-29,KBS:HOSE:MSH,MSH,1,development
2023-12-29,KBS:HOSE:MWG,MWG,0,development
2023-12-29,KBS:HOSE:NAF,NAF,1,development
2023-12-29,KBS:HOSE:NBB,NBB,1,development
2023-12-29,KBS:HOSE:NCT,NCT,1,development
2023-12-29,KBS:HOSE:NKG,NKG,0,development
2023-12-29,KBS:HOSE:NNC,NNC,1,development
2023-12-29,KBS:HOSE:NVL,NVL,0,development
2023-12-29,KBS:HOSE:OGC,OGC,1,development
2023-12-29,KBS:HOSE:OPC,OPC,1,development
2023-12-29,KBS:HOSE:ORS,ORS,1,development
2023-12-29,KBS:HOSE:PAC,PAC,1,development
2023-12-29,KBS:HOSE:PAN,PAN,1,development
2023-12-29,KBS:HOSE:PDR,PDR,0,development
2023-12-29,KBS:HOSE:PGC,PGC,1,development
2023-12-29,KBS:HOSE:PGD,PGD,1,development
2023-12-29,KBS:HOSE:PGV,PGV,1,development
2023-12-29,KBS:HOSE:PHR,PHR,1,development
2023-12-29,KBS:HOSE:PJT,PJT,1,development
2023-12-29,KBS:HOSE:PLP,PLP,1,development
2023-12-29,KBS:HOSE:PLX,PLX,1,development
2023-12-29,KBS:HOSE:PNJ,PNJ,1,development
2023-12-29,KBS:HOSE:PTB,PTB,1,development
2023-12-29,KBS:HOSE:PVT,PVT,1,development
2023-12-29,KBS:HOSE:RAL,RAL,1,development
2023-12-29,KBS:HOSE:S4A,S4A,1,development
2023-12-29,KBS:HOSE:SAB,SAB,1,development
2023-12-29,KBS:HOSE:SAM,SAM,1,development
2023-12-29,KBS:HOSE:SAV,SAV,1,development
2023-12-29,KBS:HOSE:SBA,SBA,1,development
2023-12-29,KBS:HOSE:SBV,SBV,1,development
2023-12-29,KBS:HOSE:SC5,SC5,1,development
2023-12-29,KBS:HOSE:SCR,SCR,1,development
2023-12-29,KBS:HOSE:SCS,SCS,1,development
2023-12-29,KBS:HOSE:SGR,SGR,1,development
2023-12-29,KBS:HOSE:SGT,SGT,1,development
2023-12-29,KBS:HOSE:SHA,SHA,1,development
2023-12-29,KBS:HOSE:SHI,SHI,1,development
2023-12-29,KBS:HOSE:SHP,SHP,1,development
2023-12-29,KBS:HOSE:SJD,SJD,1,development
2023-12-29,KBS:HOSE:SJS,SJS,1,development
2023-12-29,KBS:HOSE:SMB,SMB,1,development
2023-12-29,KBS:HOSE:SPM,SPM,1,development
2023-12-29,KBS:HOSE:SRC,SRC,1,development
2023-12-29,KBS:HOSE:SRF,SRF,1,development
2023-12-29,KBS:HOSE:STB,STB,0,development
2023-12-29,KBS:HOSE:STG,STG,1,development
2023-12-29,KBS:HOSE:SVT,SVT,1,development
2023-12-29,KBS:HOSE:TCB,TCB,0,development
2023-12-29,KBS:HOSE:TCL,TCL,1,development
2023-12-29,KBS:HOSE:TCM,TCM,1,development
2023-12-29,KBS:HOSE:TCO,TCO,1,development
2023-12-29,KBS:HOSE:TCR,TCR,1,development
2023-12-29,KBS:HOSE:TDG,TDG,1,development
2023-12-29,KBS:HOSE:TDP,TDP,1,development
2023-12-29,KBS:HOSE:TIP,TIP,1,development
2023-12-29,KBS:HOSE:TLG,TLG,1,development
2023-12-29,KBS:HOSE:TLH,TLH,1,development
2023-12-29,KBS:HOSE:TMS,TMS,1,development
2023-12-29,KBS:HOSE:TN1,TN1,1,development
2023-12-29,KBS:HOSE:TNI,TNI,1,development
2023-12-29,KBS:HOSE:TNT,TNT,1,development
2023-12-29,KBS:HOSE:TRA,TRA,1,development
2023-12-29,KBS:HOSE:TRC,TRC,1,development
2023-12-29,KBS:HOSE:TV2,TV2,1,development
2023-12-29,KBS:HOSE:TVB,TVB,1,development
2023-12-29,KBS:HOSE:UIC,UIC,1,development
2023-12-29,KBS:HOSE:VCA,VCA,1,development
2023-12-29,KBS:HOSE:VDS,VDS,1,development
2023-12-29,KBS:HOSE:VFG,VFG,1,development
2023-12-29,KBS:HOSE:VGC,VGC,1,development
2023-12-29,KBS:HOSE:VHC,VHC,1,development
2023-12-29,KBS:HOSE:VHM,VHM,0,development
2023-12-29,KBS:HOSE:VJC,VJC,1,development
2023-12-29,KBS:HOSE:VND,VND,0,development
2023-12-29,KBS:HOSE:VNG,VNG,1,development
2023-12-29,KBS:HOSE:VPB,VPB,0,development
2023-12-29,KBS:HOSE:VPS,VPS,1,development
2023-12-29,KBS:HOSE:VSC,VSC,1,development
2023-12-29,KBS:HOSE:VSI,VSI,1,development
2023-12-29,KBS:UPCOM:APC,APC,1,development
2023-12-29,KBS:UPCOM:GMC,GMC,1,development
2023-12-29,KBS:UPCOM:HBC,HBC,1,development
2023-12-29,KBS:UPCOM:HNG,HNG,1,development
2023-12-29,KBS:UPCOM:POM,POM,1,development
2024-01-31,KBS:HOSE:AAM,AAM,1,development
2024-01-31,KBS:HOSE:ABS,ABS,1,development
2024-01-31,KBS:HOSE:ABT,ABT,1,development
2024-01-31,KBS:HOSE:ACC,ACC,1,development
2024-01-31,KBS:HOSE:ACL,ACL,1,development
2024-01-31,KBS:HOSE:ADS,ADS,1,development
2024-01-31,KBS:HOSE:AGG,AGG,1,development
2024-01-31,KBS:HOSE:AGR,AGR,1,development
2024-01-31,KBS:HOSE:ANV,ANV,1,development
2024-01-31,KBS:HOSE:APG,APG,1,development
2024-01-31,KBS:HOSE:APH,APH,1,development
2024-01-31,KBS:HOSE:ASM,ASM,1,development
2024-01-31,KBS:HOSE:ASP,ASP,1,development
2024-01-31,KBS:HOSE:AST,AST,1,development
2024-01-31,KBS:HOSE:BCM,BCM,1,development
2024-01-31,KBS:HOSE:BHN,BHN,1,development
2024-01-31,KBS:HOSE:BKG,BKG,1,development
2024-01-31,KBS:HOSE:BMI,BMI,1,development
2024-01-31,KBS:HOSE:BTP,BTP,1,development
2024-01-31,KBS:HOSE:BVH,BVH,1,development
2024-01-31,KBS:HOSE:C32,C32,1,development
2024-01-31,KBS:HOSE:CCL,CCL,1,development
2024-01-31,KBS:HOSE:CDC,CDC,1,development
2024-01-31,KBS:HOSE:CIG,CIG,1,development
2024-01-31,KBS:HOSE:CII,CII,0,development
2024-01-31,KBS:HOSE:CKG,CKG,1,development
2024-01-31,KBS:HOSE:CLC,CLC,1,development
2024-01-31,KBS:HOSE:CMV,CMV,1,development
2024-01-31,KBS:HOSE:CMX,CMX,1,development
2024-01-31,KBS:HOSE:CNG,CNG,1,development
2024-01-31,KBS:HOSE:CRC,CRC,1,development
2024-01-31,KBS:HOSE:CRE,CRE,1,development
2024-01-31,KBS:HOSE:CSM,CSM,1,development
2024-01-31,KBS:HOSE:CSV,CSV,1,development
2024-01-31,KBS:HOSE:CTD,CTD,1,development
2024-01-31,KBS:HOSE:CTF,CTF,1,development
2024-01-31,KBS:HOSE:CTI,CTI,1,development
2024-01-31,KBS:HOSE:CTR,CTR,1,development
2024-01-31,KBS:HOSE:CTS,CTS,1,development
2024-01-31,KBS:HOSE:CVT,CVT,1,development
2024-01-31,KBS:HOSE:D2D,D2D,1,development
2024-01-31,KBS:HOSE:DAH,DAH,1,development
2024-01-31,KBS:HOSE:DBC,DBC,0,development
2024-01-31,KBS:HOSE:DBD,DBD,1,development
2024-01-31,KBS:HOSE:DCL,DCL,1,development
2024-01-31,KBS:HOSE:DCM,DCM,1,development
2024-01-31,KBS:HOSE:DGC,DGC,0,development
2024-01-31,KBS:HOSE:DGW,DGW,1,development
2024-01-31,KBS:HOSE:DHA,DHA,1,development
2024-01-31,KBS:HOSE:DHC,DHC,1,development
2024-01-31,KBS:HOSE:DLG,DLG,1,development
2024-01-31,KBS:HOSE:DMC,DMC,1,development
2024-01-31,KBS:HOSE:DPG,DPG,1,development
2024-01-31,KBS:HOSE:DQC,DQC,1,development
2024-01-31,KBS:HOSE:DRC,DRC,1,development
2024-01-31,KBS:HOSE:DSN,DSN,1,development
2024-01-31,KBS:HOSE:DTL,DTL,1,development
2024-01-31,KBS:HOSE:DTT,DTT,1,development
2024-01-31,KBS:HOSE:DVP,DVP,1,development
2024-01-31,KBS:HOSE:DXV,DXV,1,development
2024-01-31,KBS:HOSE:EVE,EVE,1,development
2024-01-31,KBS:HOSE:EVG,EVG,1,development
2024-01-31,KBS:HOSE:FCM,FCM,1,development
2024-01-31,KBS:HOSE:FCN,FCN,1,development
2024-01-31,KBS:HOSE:FIR,FIR,1,development
2024-01-31,KBS:HOSE:FIT,FIT,1,development
2024-01-31,KBS:HOSE:FMC,FMC,1,development
2024-01-31,KBS:HOSE:FPT,FPT,0,development
2024-01-31,KBS:HOSE:FTS,FTS,1,development
2024-01-31,KBS:HOSE:GDT,GDT,1,development
2024-01-31,KBS:HOSE:GEG,GEG,1,development
2024-01-31,KBS:HOSE:GIL,GIL,1,development
2024-01-31,KBS:HOSE:GMD,GMD,1,development
2024-01-31,KBS:HOSE:HAG,HAG,0,development
2024-01-31,KBS:HOSE:HAP,HAP,1,development
2024-01-31,KBS:HOSE:HAR,HAR,1,development
2024-01-31,KBS:HOSE:HCM,HCM,0,development
2024-01-31,KBS:HOSE:HHP,HHP,1,development
2024-01-31,KBS:HOSE:HHV,HHV,1,development
2024-01-31,KBS:HOSE:HID,HID,1,development
2024-01-31,KBS:HOSE:HII,HII,1,development
2024-01-31,KBS:HOSE:HMC,HMC,1,development
2024-01-31,KBS:HOSE:HRC,HRC,1,development
2024-01-31,KBS:HOSE:HSG,HSG,0,development
2024-01-31,KBS:HOSE:HSL,HSL,1,development
2024-01-31,KBS:HOSE:HTI,HTI,1,development
2024-01-31,KBS:HOSE:HTN,HTN,1,development
2024-01-31,KBS:HOSE:HTV,HTV,1,development
2024-01-31,KBS:HOSE:HUB,HUB,1,development
2024-01-31,KBS:HOSE:HVN,HVN,1,development
2024-01-31,KBS:HOSE:ICT,ICT,1,development
2024-01-31,KBS:HOSE:ILB,ILB,1,development
2024-01-31,KBS:HOSE:ITC,ITC,1,development
2024-01-31,KBS:HOSE:ITD,ITD,1,development
2024-01-31,KBS:HOSE:KDC,KDC,1,development
2024-01-31,KBS:HOSE:KDH,KDH,1,development
2024-01-31,KBS:HOSE:KHP,KHP,1,development
2024-01-31,KBS:HOSE:KOS,KOS,1,development
2024-01-31,KBS:HOSE:KSB,KSB,1,development
2024-01-31,KBS:HOSE:LBM,LBM,1,development
2024-01-31,KBS:HOSE:LCG,LCG,1,development
2024-01-31,KBS:HOSE:LHG,LHG,1,development
2024-01-31,KBS:HOSE:LIX,LIX,1,development
2024-01-31,KBS:HOSE:LM8,LM8,1,development
2024-01-31,KBS:HOSE:LPB,LPB,1,development
2024-01-31,KBS:HOSE:MBB,MBB,0,development
2024-01-31,KBS:HOSE:MCP,MCP,1,development
2024-01-31,KBS:HOSE:MHC,MHC,1,development
2024-01-31,KBS:HOSE:MIG,MIG,1,development
2024-01-31,KBS:HOSE:MSB,MSB,1,development
2024-01-31,KBS:HOSE:MSH,MSH,1,development
2024-01-31,KBS:HOSE:MWG,MWG,0,development
2024-01-31,KBS:HOSE:NAF,NAF,1,development
2024-01-31,KBS:HOSE:NBB,NBB,1,development
2024-01-31,KBS:HOSE:NCT,NCT,1,development
2024-01-31,KBS:HOSE:NKG,NKG,0,development
2024-01-31,KBS:HOSE:NNC,NNC,1,development
2024-01-31,KBS:HOSE:NVL,NVL,0,development
2024-01-31,KBS:HOSE:NVT,NVT,1,development
2024-01-31,KBS:HOSE:OCB,OCB,1,development
2024-01-31,KBS:HOSE:OGC,OGC,1,development
2024-01-31,KBS:HOSE:OPC,OPC,1,development
2024-01-31,KBS:HOSE:PAC,PAC,1,development
2024-01-31,KBS:HOSE:PAN,PAN,1,development
2024-01-31,KBS:HOSE:PDR,PDR,0,development
2024-01-31,KBS:HOSE:PGC,PGC,1,development
2024-01-31,KBS:HOSE:PGD,PGD,1,development
2024-01-31,KBS:HOSE:PGV,PGV,1,development
2024-01-31,KBS:HOSE:PHR,PHR,1,development
2024-01-31,KBS:HOSE:PJT,PJT,1,development
2024-01-31,KBS:HOSE:PLP,PLP,1,development
2024-01-31,KBS:HOSE:PLX,PLX,1,development
2024-01-31,KBS:HOSE:PNJ,PNJ,1,development
2024-01-31,KBS:HOSE:PTB,PTB,1,development
2024-01-31,KBS:HOSE:PVP,PVP,1,development
2024-01-31,KBS:HOSE:PVT,PVT,1,development
2024-01-31,KBS:HOSE:RAL,RAL,1,development
2024-01-31,KBS:HOSE:S4A,S4A,1,development
2024-01-31,KBS:HOSE:SAB,SAB,1,development
2024-01-31,KBS:HOSE:SAM,SAM,1,development
2024-01-31,KBS:HOSE:SAV,SAV,1,development
2024-01-31,KBS:HOSE:SBA,SBA,1,development
2024-01-31,KBS:HOSE:SBV,SBV,1,development
2024-01-31,KBS:HOSE:SC5,SC5,1,development
2024-01-31,KBS:HOSE:SCR,SCR,1,development
2024-01-31,KBS:HOSE:SCS,SCS,1,development
2024-01-31,KBS:HOSE:SGR,SGR,1,development
2024-01-31,KBS:HOSE:SGT,SGT,1,development
2024-01-31,KBS:HOSE:SHA,SHA,1,development
2024-01-31,KBS:HOSE:SHI,SHI,1,development
2024-01-31,KBS:HOSE:SHP,SHP,1,development
2024-01-31,KBS:HOSE:SJD,SJD,1,development
2024-01-31,KBS:HOSE:SJS,SJS,1,development
2024-01-31,KBS:HOSE:SMB,SMB,1,development
2024-01-31,KBS:HOSE:SPM,SPM,1,development
2024-01-31,KBS:HOSE:SRC,SRC,1,development
2024-01-31,KBS:HOSE:SRF,SRF,1,development
2024-01-31,KBS:HOSE:STB,STB,0,development
2024-01-31,KBS:HOSE:STG,STG,1,development
2024-01-31,KBS:HOSE:SVT,SVT,1,development
2024-01-31,KBS:HOSE:TCB,TCB,0,development
2024-01-31,KBS:HOSE:TCL,TCL,1,development
2024-01-31,KBS:HOSE:TCM,TCM,1,development
2024-01-31,KBS:HOSE:TCO,TCO,1,development
2024-01-31,KBS:HOSE:TCR,TCR,1,development
2024-01-31,KBS:HOSE:TDG,TDG,1,development
2024-01-31,KBS:HOSE:TDP,TDP,1,development
2024-01-31,KBS:HOSE:TIP,TIP,1,development
2024-01-31,KBS:HOSE:TLG,TLG,1,development
2024-01-31,KBS:HOSE:TLH,TLH,1,development
2024-01-31,KBS:HOSE:TMS,TMS,1,development
2024-01-31,KBS:HOSE:TN1,TN1,1,development
2024-01-31,KBS:HOSE:TNC,TNC,1,development
2024-01-31,KBS:HOSE:TNI,TNI,1,development
2024-01-31,KBS:HOSE:TNT,TNT,1,development
2024-01-31,KBS:HOSE:TRA,TRA,1,development
2024-01-31,KBS:HOSE:TRC,TRC,1,development
2024-01-31,KBS:HOSE:TV2,TV2,1,development
2024-01-31,KBS:HOSE:TVB,TVB,1,development
2024-01-31,KBS:HOSE:UIC,UIC,1,development
2024-01-31,KBS:HOSE:VCA,VCA,1,development
2024-01-31,KBS:HOSE:VDS,VDS,1,development
2024-01-31,KBS:HOSE:VFG,VFG,1,development
2024-01-31,KBS:HOSE:VGC,VGC,1,development
2024-01-31,KBS:HOSE:VHM,VHM,0,development
2024-01-31,KBS:HOSE:VJC,VJC,1,development
2024-01-31,KBS:HOSE:VND,VND,0,development
2024-01-31,KBS:HOSE:VNG,VNG,1,development
2024-01-31,KBS:HOSE:VPB,VPB,0,development
2024-01-31,KBS:HOSE:VPS,VPS,1,development
2024-01-31,KBS:HOSE:VSI,VSI,1,development
2024-01-31,KBS:UPCOM:APC,APC,1,development
2024-01-31,KBS:UPCOM:GMC,GMC,1,development
2024-01-31,KBS:UPCOM:HBC,HBC,1,development
2024-01-31,KBS:UPCOM:HNG,HNG,1,development
2024-01-31,KBS:UPCOM:POM,POM,1,development
2024-02-29,KBS:HOSE:AAM,AAM,1,development
2024-02-29,KBS:HOSE:ABS,ABS,1,development
2024-02-29,KBS:HOSE:ABT,ABT,1,development
2024-02-29,KBS:HOSE:ACC,ACC,1,development
2024-02-29,KBS:HOSE:ACL,ACL,1,development
2024-02-29,KBS:HOSE:ADS,ADS,1,development
2024-02-29,KBS:HOSE:AGG,AGG,1,development
2024-02-29,KBS:HOSE:AGR,AGR,1,development
2024-02-29,KBS:HOSE:ANV,ANV,1,development
2024-02-29,KBS:HOSE:APG,APG,1,development
2024-02-29,KBS:HOSE:APH,APH,1,development
2024-02-29,KBS:HOSE:ASM,ASM,1,development
2024-02-29,KBS:HOSE:ASP,ASP,1,development
2024-02-29,KBS:HOSE:AST,AST,1,development
2024-02-29,KBS:HOSE:BCM,BCM,1,development
2024-02-29,KBS:HOSE:BHN,BHN,1,development
2024-02-29,KBS:HOSE:BKG,BKG,1,development
2024-02-29,KBS:HOSE:BMI,BMI,1,development
2024-02-29,KBS:HOSE:BTP,BTP,1,development
2024-02-29,KBS:HOSE:BVH,BVH,1,development
2024-02-29,KBS:HOSE:C32,C32,1,development
2024-02-29,KBS:HOSE:CCL,CCL,1,development
2024-02-29,KBS:HOSE:CDC,CDC,1,development
2024-02-29,KBS:HOSE:CIG,CIG,1,development
2024-02-29,KBS:HOSE:CII,CII,0,development
2024-02-29,KBS:HOSE:CKG,CKG,1,development
2024-02-29,KBS:HOSE:CLC,CLC,1,development
2024-02-29,KBS:HOSE:CMV,CMV,1,development
2024-02-29,KBS:HOSE:CMX,CMX,1,development
2024-02-29,KBS:HOSE:CNG,CNG,1,development
2024-02-29,KBS:HOSE:CRC,CRC,1,development
2024-02-29,KBS:HOSE:CRE,CRE,1,development
2024-02-29,KBS:HOSE:CSM,CSM,1,development
2024-02-29,KBS:HOSE:CSV,CSV,1,development
2024-02-29,KBS:HOSE:CTD,CTD,1,development
2024-02-29,KBS:HOSE:CTF,CTF,1,development
2024-02-29,KBS:HOSE:CTI,CTI,1,development
2024-02-29,KBS:HOSE:CTR,CTR,1,development
2024-02-29,KBS:HOSE:CTS,CTS,1,development
2024-02-29,KBS:HOSE:CVT,CVT,1,development
2024-02-29,KBS:HOSE:D2D,D2D,1,development
2024-02-29,KBS:HOSE:DAH,DAH,1,development
2024-02-29,KBS:HOSE:DBC,DBC,0,development
2024-02-29,KBS:HOSE:DBD,DBD,1,development
2024-02-29,KBS:HOSE:DCL,DCL,1,development
2024-02-29,KBS:HOSE:DCM,DCM,1,development
2024-02-29,KBS:HOSE:DGC,DGC,0,development
2024-02-29,KBS:HOSE:DGW,DGW,1,development
2024-02-29,KBS:HOSE:DHA,DHA,1,development
2024-02-29,KBS:HOSE:DHC,DHC,1,development
2024-02-29,KBS:HOSE:DLG,DLG,1,development
2024-02-29,KBS:HOSE:DMC,DMC,1,development
2024-02-29,KBS:HOSE:DPG,DPG,1,development
2024-02-29,KBS:HOSE:DQC,DQC,1,development
2024-02-29,KBS:HOSE:DRC,DRC,1,development
2024-02-29,KBS:HOSE:DSN,DSN,1,development
2024-02-29,KBS:HOSE:DTL,DTL,1,development
2024-02-29,KBS:HOSE:DTT,DTT,1,development
2024-02-29,KBS:HOSE:DVP,DVP,1,development
2024-02-29,KBS:HOSE:DXV,DXV,1,development
2024-02-29,KBS:HOSE:EVE,EVE,1,development
2024-02-29,KBS:HOSE:EVG,EVG,1,development
2024-02-29,KBS:HOSE:FCM,FCM,1,development
2024-02-29,KBS:HOSE:FCN,FCN,1,development
2024-02-29,KBS:HOSE:FIR,FIR,1,development
2024-02-29,KBS:HOSE:FIT,FIT,1,development
2024-02-29,KBS:HOSE:FMC,FMC,1,development
2024-02-29,KBS:HOSE:FPT,FPT,0,development
2024-02-29,KBS:HOSE:FTS,FTS,1,development
2024-02-29,KBS:HOSE:GDT,GDT,1,development
2024-02-29,KBS:HOSE:GEG,GEG,1,development
2024-02-29,KBS:HOSE:GIL,GIL,1,development
2024-02-29,KBS:HOSE:GMD,GMD,1,development
2024-02-29,KBS:HOSE:HAG,HAG,1,development
2024-02-29,KBS:HOSE:HAP,HAP,1,development
2024-02-29,KBS:HOSE:HAR,HAR,1,development
2024-02-29,KBS:HOSE:HCM,HCM,0,development
2024-02-29,KBS:HOSE:HHP,HHP,1,development
2024-02-29,KBS:HOSE:HHV,HHV,1,development
2024-02-29,KBS:HOSE:HID,HID,1,development
2024-02-29,KBS:HOSE:HII,HII,1,development
2024-02-29,KBS:HOSE:HMC,HMC,1,development
2024-02-29,KBS:HOSE:HRC,HRC,1,development
2024-02-29,KBS:HOSE:HSG,HSG,0,development
2024-02-29,KBS:HOSE:HSL,HSL,1,development
2024-02-29,KBS:HOSE:HTI,HTI,1,development
2024-02-29,KBS:HOSE:HTN,HTN,1,development
2024-02-29,KBS:HOSE:HTV,HTV,1,development
2024-02-29,KBS:HOSE:HUB,HUB,1,development
2024-02-29,KBS:HOSE:HVN,HVN,1,development
2024-02-29,KBS:HOSE:ICT,ICT,1,development
2024-02-29,KBS:HOSE:ILB,ILB,1,development
2024-02-29,KBS:HOSE:ITC,ITC,1,development
2024-02-29,KBS:HOSE:ITD,ITD,1,development
2024-02-29,KBS:HOSE:KDC,KDC,1,development
2024-02-29,KBS:HOSE:KDH,KDH,1,development
2024-02-29,KBS:HOSE:KHP,KHP,1,development
2024-02-29,KBS:HOSE:KOS,KOS,1,development
2024-02-29,KBS:HOSE:KSB,KSB,1,development
2024-02-29,KBS:HOSE:LBM,LBM,1,development
2024-02-29,KBS:HOSE:LCG,LCG,1,development
2024-02-29,KBS:HOSE:LHG,LHG,1,development
2024-02-29,KBS:HOSE:LIX,LIX,1,development
2024-02-29,KBS:HOSE:LM8,LM8,1,development
2024-02-29,KBS:HOSE:LPB,LPB,1,development
2024-02-29,KBS:HOSE:MBB,MBB,0,development
2024-02-29,KBS:HOSE:MCP,MCP,1,development
2024-02-29,KBS:HOSE:MHC,MHC,1,development
2024-02-29,KBS:HOSE:MIG,MIG,1,development
2024-02-29,KBS:HOSE:MSB,MSB,0,development
2024-02-29,KBS:HOSE:MSH,MSH,1,development
2024-02-29,KBS:HOSE:MWG,MWG,0,development
2024-02-29,KBS:HOSE:NAF,NAF,1,development
2024-02-29,KBS:HOSE:NBB,NBB,1,development
2024-02-29,KBS:HOSE:NCT,NCT,1,development
2024-02-29,KBS:HOSE:NKG,NKG,0,development
2024-02-29,KBS:HOSE:NNC,NNC,1,development
2024-02-29,KBS:HOSE:NVL,NVL,0,development
2024-02-29,KBS:HOSE:NVT,NVT,1,development
2024-02-29,KBS:HOSE:OCB,OCB,1,development
2024-02-29,KBS:HOSE:OGC,OGC,1,development
2024-02-29,KBS:HOSE:OPC,OPC,1,development
2024-02-29,KBS:HOSE:PAC,PAC,1,development
2024-02-29,KBS:HOSE:PAN,PAN,1,development
2024-02-29,KBS:HOSE:PDR,PDR,0,development
2024-02-29,KBS:HOSE:PGC,PGC,1,development
2024-02-29,KBS:HOSE:PGD,PGD,1,development
2024-02-29,KBS:HOSE:PGV,PGV,1,development
2024-02-29,KBS:HOSE:PHR,PHR,1,development
2024-02-29,KBS:HOSE:PJT,PJT,1,development
2024-02-29,KBS:HOSE:PLP,PLP,1,development
2024-02-29,KBS:HOSE:PLX,PLX,1,development
2024-02-29,KBS:HOSE:PNJ,PNJ,1,development
2024-02-29,KBS:HOSE:PTB,PTB,1,development
2024-02-29,KBS:HOSE:PVP,PVP,1,development
2024-02-29,KBS:HOSE:PVT,PVT,1,development
2024-02-29,KBS:HOSE:RAL,RAL,1,development
2024-02-29,KBS:HOSE:S4A,S4A,1,development
2024-02-29,KBS:HOSE:SAB,SAB,1,development
2024-02-29,KBS:HOSE:SAM,SAM,1,development
2024-02-29,KBS:HOSE:SAV,SAV,1,development
2024-02-29,KBS:HOSE:SBA,SBA,1,development
2024-02-29,KBS:HOSE:SBV,SBV,1,development
2024-02-29,KBS:HOSE:SC5,SC5,1,development
2024-02-29,KBS:HOSE:SCR,SCR,1,development
2024-02-29,KBS:HOSE:SCS,SCS,1,development
2024-02-29,KBS:HOSE:SGR,SGR,1,development
2024-02-29,KBS:HOSE:SGT,SGT,1,development
2024-02-29,KBS:HOSE:SHA,SHA,1,development
2024-02-29,KBS:HOSE:SHI,SHI,1,development
2024-02-29,KBS:HOSE:SHP,SHP,1,development
2024-02-29,KBS:HOSE:SJD,SJD,1,development
2024-02-29,KBS:HOSE:SJS,SJS,1,development
2024-02-29,KBS:HOSE:SMB,SMB,1,development
2024-02-29,KBS:HOSE:SPM,SPM,1,development
2024-02-29,KBS:HOSE:SRC,SRC,1,development
2024-02-29,KBS:HOSE:SRF,SRF,1,development
2024-02-29,KBS:HOSE:STB,STB,0,development
2024-02-29,KBS:HOSE:STG,STG,1,development
2024-02-29,KBS:HOSE:SVT,SVT,1,development
2024-02-29,KBS:HOSE:TCB,TCB,0,development
2024-02-29,KBS:HOSE:TCL,TCL,1,development
2024-02-29,KBS:HOSE:TCM,TCM,1,development
2024-02-29,KBS:HOSE:TCO,TCO,1,development
2024-02-29,KBS:HOSE:TCR,TCR,1,development
2024-02-29,KBS:HOSE:TDG,TDG,1,development
2024-02-29,KBS:HOSE:TDP,TDP,1,development
2024-02-29,KBS:HOSE:TIP,TIP,1,development
2024-02-29,KBS:HOSE:TLG,TLG,1,development
2024-02-29,KBS:HOSE:TLH,TLH,1,development
2024-02-29,KBS:HOSE:TMS,TMS,1,development
2024-02-29,KBS:HOSE:TN1,TN1,1,development
2024-02-29,KBS:HOSE:TNC,TNC,1,development
2024-02-29,KBS:HOSE:TNI,TNI,1,development
2024-02-29,KBS:HOSE:TNT,TNT,1,development
2024-02-29,KBS:HOSE:TRA,TRA,1,development
2024-02-29,KBS:HOSE:TRC,TRC,1,development
2024-02-29,KBS:HOSE:TV2,TV2,1,development
2024-02-29,KBS:HOSE:TVB,TVB,1,development
2024-02-29,KBS:HOSE:UIC,UIC,1,development
2024-02-29,KBS:HOSE:VCA,VCA,1,development
2024-02-29,KBS:HOSE:VDS,VDS,1,development
2024-02-29,KBS:HOSE:VFG,VFG,1,development
2024-02-29,KBS:HOSE:VGC,VGC,1,development
2024-02-29,KBS:HOSE:VHM,VHM,0,development
2024-02-29,KBS:HOSE:VJC,VJC,1,development
2024-02-29,KBS:HOSE:VND,VND,0,development
2024-02-29,KBS:HOSE:VNG,VNG,1,development
2024-02-29,KBS:HOSE:VPB,VPB,0,development
2024-02-29,KBS:HOSE:VPS,VPS,1,development
2024-02-29,KBS:HOSE:VSI,VSI,1,development
2024-02-29,KBS:UPCOM:APC,APC,1,development
2024-02-29,KBS:UPCOM:GMC,GMC,1,development
2024-02-29,KBS:UPCOM:HBC,HBC,1,development
2024-02-29,KBS:UPCOM:HNG,HNG,1,development
2024-02-29,KBS:UPCOM:POM,POM,1,development
2024-03-29,KBS:HOSE:AAM,AAM,1,development
2024-03-29,KBS:HOSE:ABS,ABS,1,development
2024-03-29,KBS:HOSE:ABT,ABT,1,development
2024-03-29,KBS:HOSE:ACC,ACC,1,development
2024-03-29,KBS:HOSE:ACL,ACL,1,development
2024-03-29,KBS:HOSE:ADS,ADS,1,development
2024-03-29,KBS:HOSE:AGG,AGG,1,development
2024-03-29,KBS:HOSE:AGR,AGR,1,development
2024-03-29,KBS:HOSE:ANV,ANV,1,development
2024-03-29,KBS:HOSE:APG,APG,1,development
2024-03-29,KBS:HOSE:APH,APH,1,development
2024-03-29,KBS:HOSE:ASM,ASM,1,development
2024-03-29,KBS:HOSE:ASP,ASP,1,development
2024-03-29,KBS:HOSE:AST,AST,1,development
2024-03-29,KBS:HOSE:BCM,BCM,1,development
2024-03-29,KBS:HOSE:BHN,BHN,1,development
2024-03-29,KBS:HOSE:BKG,BKG,1,development
2024-03-29,KBS:HOSE:BMI,BMI,1,development
2024-03-29,KBS:HOSE:BTP,BTP,1,development
2024-03-29,KBS:HOSE:BVH,BVH,1,development
2024-03-29,KBS:HOSE:C32,C32,1,development
2024-03-29,KBS:HOSE:CCL,CCL,1,development
2024-03-29,KBS:HOSE:CDC,CDC,1,development
2024-03-29,KBS:HOSE:CIG,CIG,1,development
2024-03-29,KBS:HOSE:CII,CII,1,development
2024-03-29,KBS:HOSE:CKG,CKG,1,development
2024-03-29,KBS:HOSE:CLC,CLC,1,development
2024-03-29,KBS:HOSE:CMV,CMV,1,development
2024-03-29,KBS:HOSE:CMX,CMX,1,development
2024-03-29,KBS:HOSE:CNG,CNG,1,development
2024-03-29,KBS:HOSE:CRC,CRC,1,development
2024-03-29,KBS:HOSE:CRE,CRE,1,development
2024-03-29,KBS:HOSE:CSM,CSM,1,development
2024-03-29,KBS:HOSE:CSV,CSV,1,development
2024-03-29,KBS:HOSE:CTD,CTD,1,development
2024-03-29,KBS:HOSE:CTF,CTF,1,development
2024-03-29,KBS:HOSE:CTI,CTI,1,development
2024-03-29,KBS:HOSE:CTR,CTR,1,development
2024-03-29,KBS:HOSE:CTS,CTS,1,development
2024-03-29,KBS:HOSE:CVT,CVT,1,development
2024-03-29,KBS:HOSE:D2D,D2D,1,development
2024-03-29,KBS:HOSE:DAH,DAH,1,development
2024-03-29,KBS:HOSE:DBC,DBC,0,development
2024-03-29,KBS:HOSE:DBD,DBD,1,development
2024-03-29,KBS:HOSE:DCL,DCL,1,development
2024-03-29,KBS:HOSE:DCM,DCM,1,development
2024-03-29,KBS:HOSE:DGC,DGC,0,development
2024-03-29,KBS:HOSE:DGW,DGW,1,development
2024-03-29,KBS:HOSE:DHA,DHA,1,development
2024-03-29,KBS:HOSE:DHC,DHC,1,development
2024-03-29,KBS:HOSE:DLG,DLG,1,development
2024-03-29,KBS:HOSE:DMC,DMC,1,development
2024-03-29,KBS:HOSE:DPG,DPG,1,development
2024-03-29,KBS:HOSE:DQC,DQC,1,development
2024-03-29,KBS:HOSE:DRC,DRC,1,development
2024-03-29,KBS:HOSE:DSN,DSN,1,development
2024-03-29,KBS:HOSE:DTL,DTL,1,development
2024-03-29,KBS:HOSE:DTT,DTT,1,development
2024-03-29,KBS:HOSE:DVP,DVP,1,development
2024-03-29,KBS:HOSE:DXV,DXV,1,development
2024-03-29,KBS:HOSE:EVE,EVE,1,development
2024-03-29,KBS:HOSE:EVG,EVG,1,development
2024-03-29,KBS:HOSE:FCM,FCM,1,development
2024-03-29,KBS:HOSE:FCN,FCN,1,development
2024-03-29,KBS:HOSE:FIR,FIR,1,development
2024-03-29,KBS:HOSE:FIT,FIT,1,development
2024-03-29,KBS:HOSE:FMC,FMC,1,development
2024-03-29,KBS:HOSE:FPT,FPT,0,development
2024-03-29,KBS:HOSE:FTS,FTS,1,development
2024-03-29,KBS:HOSE:GDT,GDT,1,development
2024-03-29,KBS:HOSE:GEG,GEG,1,development
2024-03-29,KBS:HOSE:GIL,GIL,1,development
2024-03-29,KBS:HOSE:GMD,GMD,1,development
2024-03-29,KBS:HOSE:HAG,HAG,1,development
2024-03-29,KBS:HOSE:HAP,HAP,1,development
2024-03-29,KBS:HOSE:HAR,HAR,1,development
2024-03-29,KBS:HOSE:HCM,HCM,0,development
2024-03-29,KBS:HOSE:HHP,HHP,1,development
2024-03-29,KBS:HOSE:HHV,HHV,1,development
2024-03-29,KBS:HOSE:HID,HID,1,development
2024-03-29,KBS:HOSE:HII,HII,1,development
2024-03-29,KBS:HOSE:HMC,HMC,1,development
2024-03-29,KBS:HOSE:HRC,HRC,1,development
2024-03-29,KBS:HOSE:HSG,HSG,0,development
2024-03-29,KBS:HOSE:HSL,HSL,1,development
2024-03-29,KBS:HOSE:HTI,HTI,1,development
2024-03-29,KBS:HOSE:HTN,HTN,1,development
2024-03-29,KBS:HOSE:HTV,HTV,1,development
2024-03-29,KBS:HOSE:HUB,HUB,1,development
2024-03-29,KBS:HOSE:HVN,HVN,1,development
2024-03-29,KBS:HOSE:ICT,ICT,1,development
2024-03-29,KBS:HOSE:ILB,ILB,1,development
2024-03-29,KBS:HOSE:ITC,ITC,1,development
2024-03-29,KBS:HOSE:ITD,ITD,1,development
2024-03-29,KBS:HOSE:KDC,KDC,1,development
2024-03-29,KBS:HOSE:KDH,KDH,1,development
2024-03-29,KBS:HOSE:KHP,KHP,1,development
2024-03-29,KBS:HOSE:KOS,KOS,1,development
2024-03-29,KBS:HOSE:KSB,KSB,1,development
2024-03-29,KBS:HOSE:LBM,LBM,1,development
2024-03-29,KBS:HOSE:LCG,LCG,1,development
2024-03-29,KBS:HOSE:LHG,LHG,1,development
2024-03-29,KBS:HOSE:LIX,LIX,1,development
2024-03-29,KBS:HOSE:LM8,LM8,1,development
2024-03-29,KBS:HOSE:LPB,LPB,1,development
2024-03-29,KBS:HOSE:MBB,MBB,0,development
2024-03-29,KBS:HOSE:MCP,MCP,1,development
2024-03-29,KBS:HOSE:MHC,MHC,1,development
2024-03-29,KBS:HOSE:MIG,MIG,1,development
2024-03-29,KBS:HOSE:MSB,MSB,1,development
2024-03-29,KBS:HOSE:MSH,MSH,1,development
2024-03-29,KBS:HOSE:MWG,MWG,0,development
2024-03-29,KBS:HOSE:NAF,NAF,1,development
2024-03-29,KBS:HOSE:NBB,NBB,1,development
2024-03-29,KBS:HOSE:NCT,NCT,1,development
2024-03-29,KBS:HOSE:NKG,NKG,0,development
2024-03-29,KBS:HOSE:NNC,NNC,1,development
2024-03-29,KBS:HOSE:NVL,NVL,0,development
2024-03-29,KBS:HOSE:NVT,NVT,1,development
2024-03-29,KBS:HOSE:OCB,OCB,1,development
2024-03-29,KBS:HOSE:OGC,OGC,1,development
2024-03-29,KBS:HOSE:OPC,OPC,1,development
2024-03-29,KBS:HOSE:PAC,PAC,1,development
2024-03-29,KBS:HOSE:PAN,PAN,1,development
2024-03-29,KBS:HOSE:PDR,PDR,0,development
2024-03-29,KBS:HOSE:PGC,PGC,1,development
2024-03-29,KBS:HOSE:PGD,PGD,1,development
2024-03-29,KBS:HOSE:PGV,PGV,1,development
2024-03-29,KBS:HOSE:PHR,PHR,1,development
2024-03-29,KBS:HOSE:PJT,PJT,1,development
2024-03-29,KBS:HOSE:PLP,PLP,1,development
2024-03-29,KBS:HOSE:PLX,PLX,1,development
2024-03-29,KBS:HOSE:PNJ,PNJ,1,development
2024-03-29,KBS:HOSE:PTB,PTB,1,development
2024-03-29,KBS:HOSE:PVP,PVP,1,development
2024-03-29,KBS:HOSE:PVT,PVT,1,development
2024-03-29,KBS:HOSE:RAL,RAL,1,development
2024-03-29,KBS:HOSE:S4A,S4A,1,development
2024-03-29,KBS:HOSE:SAB,SAB,1,development
2024-03-29,KBS:HOSE:SAM,SAM,1,development
2024-03-29,KBS:HOSE:SAV,SAV,1,development
2024-03-29,KBS:HOSE:SBA,SBA,1,development
2024-03-29,KBS:HOSE:SBV,SBV,1,development
2024-03-29,KBS:HOSE:SC5,SC5,1,development
2024-03-29,KBS:HOSE:SCR,SCR,1,development
2024-03-29,KBS:HOSE:SCS,SCS,1,development
2024-03-29,KBS:HOSE:SGR,SGR,1,development
2024-03-29,KBS:HOSE:SGT,SGT,1,development
2024-03-29,KBS:HOSE:SHA,SHA,1,development
2024-03-29,KBS:HOSE:SHI,SHI,1,development
2024-03-29,KBS:HOSE:SHP,SHP,1,development
2024-03-29,KBS:HOSE:SJD,SJD,1,development
2024-03-29,KBS:HOSE:SJS,SJS,1,development
2024-03-29,KBS:HOSE:SMB,SMB,1,development
2024-03-29,KBS:HOSE:SPM,SPM,1,development
2024-03-29,KBS:HOSE:SRC,SRC,1,development
2024-03-29,KBS:HOSE:SRF,SRF,1,development
2024-03-29,KBS:HOSE:SSB,SSB,1,development
2024-03-29,KBS:HOSE:STB,STB,0,development
2024-03-29,KBS:HOSE:STG,STG,1,development
2024-03-29,KBS:HOSE:SVT,SVT,1,development
2024-03-29,KBS:HOSE:TCB,TCB,0,development
2024-03-29,KBS:HOSE:TCL,TCL,1,development
2024-03-29,KBS:HOSE:TCM,TCM,1,development
2024-03-29,KBS:HOSE:TCO,TCO,1,development
2024-03-29,KBS:HOSE:TCR,TCR,1,development
2024-03-29,KBS:HOSE:TDG,TDG,1,development
2024-03-29,KBS:HOSE:TDP,TDP,1,development
2024-03-29,KBS:HOSE:TIP,TIP,1,development
2024-03-29,KBS:HOSE:TLG,TLG,1,development
2024-03-29,KBS:HOSE:TLH,TLH,1,development
2024-03-29,KBS:HOSE:TMS,TMS,1,development
2024-03-29,KBS:HOSE:TN1,TN1,1,development
2024-03-29,KBS:HOSE:TNC,TNC,1,development
2024-03-29,KBS:HOSE:TNI,TNI,1,development
2024-03-29,KBS:HOSE:TNT,TNT,1,development
2024-03-29,KBS:HOSE:TRA,TRA,1,development
2024-03-29,KBS:HOSE:TRC,TRC,1,development
2024-03-29,KBS:HOSE:TV2,TV2,1,development
2024-03-29,KBS:HOSE:TVB,TVB,1,development
2024-03-29,KBS:HOSE:UIC,UIC,1,development
2024-03-29,KBS:HOSE:VCA,VCA,1,development
2024-03-29,KBS:HOSE:VDS,VDS,1,development
2024-03-29,KBS:HOSE:VFG,VFG,1,development
2024-03-29,KBS:HOSE:VGC,VGC,1,development
2024-03-29,KBS:HOSE:VHM,VHM,0,development
2024-03-29,KBS:HOSE:VJC,VJC,1,development
2024-03-29,KBS:HOSE:VND,VND,0,development
2024-03-29,KBS:HOSE:VNG,VNG,1,development
2024-03-29,KBS:HOSE:VPB,VPB,0,development
2024-03-29,KBS:HOSE:VPS,VPS,1,development
2024-03-29,KBS:HOSE:VSI,VSI,1,development
2024-03-29,KBS:UPCOM:APC,APC,1,development
2024-03-29,KBS:UPCOM:GMC,GMC,1,development
2024-03-29,KBS:UPCOM:HBC,HBC,1,development
2024-03-29,KBS:UPCOM:HNG,HNG,1,development
2024-03-29,KBS:UPCOM:POM,POM,1,development
2024-04-26,KBS:HOSE:AAM,AAM,1,development
2024-04-26,KBS:HOSE:ABS,ABS,1,development
2024-04-26,KBS:HOSE:ABT,ABT,1,development
2024-04-26,KBS:HOSE:ACC,ACC,1,development
2024-04-26,KBS:HOSE:ACL,ACL,1,development
2024-04-26,KBS:HOSE:ADS,ADS,1,development
2024-04-26,KBS:HOSE:AGG,AGG,1,development
2024-04-26,KBS:HOSE:AGR,AGR,1,development
2024-04-26,KBS:HOSE:ANV,ANV,1,development
2024-04-26,KBS:HOSE:APG,APG,1,development
2024-04-26,KBS:HOSE:APH,APH,1,development
2024-04-26,KBS:HOSE:ASM,ASM,1,development
2024-04-26,KBS:HOSE:ASP,ASP,1,development
2024-04-26,KBS:HOSE:AST,AST,1,development
2024-04-26,KBS:HOSE:BCM,BCM,1,development
2024-04-26,KBS:HOSE:BHN,BHN,1,development
2024-04-26,KBS:HOSE:BKG,BKG,1,development
2024-04-26,KBS:HOSE:BMI,BMI,1,development
2024-04-26,KBS:HOSE:BTP,BTP,1,development
2024-04-26,KBS:HOSE:BVH,BVH,1,development
2024-04-26,KBS:HOSE:C32,C32,1,development
2024-04-26,KBS:HOSE:CCI,CCI,1,development
2024-04-26,KBS:HOSE:CCL,CCL,1,development
2024-04-26,KBS:HOSE:CDC,CDC,1,development
2024-04-26,KBS:HOSE:CIG,CIG,1,development
2024-04-26,KBS:HOSE:CII,CII,1,development
2024-04-26,KBS:HOSE:CKG,CKG,1,development
2024-04-26,KBS:HOSE:CLC,CLC,1,development
2024-04-26,KBS:HOSE:CMV,CMV,1,development
2024-04-26,KBS:HOSE:CMX,CMX,1,development
2024-04-26,KBS:HOSE:CNG,CNG,1,development
2024-04-26,KBS:HOSE:CRC,CRC,1,development
2024-04-26,KBS:HOSE:CRE,CRE,1,development
2024-04-26,KBS:HOSE:CSM,CSM,1,development
2024-04-26,KBS:HOSE:CSV,CSV,1,development
2024-04-26,KBS:HOSE:CTD,CTD,1,development
2024-04-26,KBS:HOSE:CTF,CTF,1,development
2024-04-26,KBS:HOSE:CTI,CTI,1,development
2024-04-26,KBS:HOSE:CTR,CTR,1,development
2024-04-26,KBS:HOSE:CTS,CTS,1,development
2024-04-26,KBS:HOSE:CVT,CVT,1,development
2024-04-26,KBS:HOSE:D2D,D2D,1,development
2024-04-26,KBS:HOSE:DAH,DAH,1,development
2024-04-26,KBS:HOSE:DBC,DBC,0,development
2024-04-26,KBS:HOSE:DBD,DBD,1,development
2024-04-26,KBS:HOSE:DC4,DC4,1,development
2024-04-26,KBS:HOSE:DCL,DCL,1,development
2024-04-26,KBS:HOSE:DCM,DCM,1,development
2024-04-26,KBS:HOSE:DGC,DGC,0,development
2024-04-26,KBS:HOSE:DGW,DGW,1,development
2024-04-26,KBS:HOSE:DHA,DHA,1,development
2024-04-26,KBS:HOSE:DHC,DHC,1,development
2024-04-26,KBS:HOSE:DLG,DLG,1,development
2024-04-26,KBS:HOSE:DMC,DMC,1,development
2024-04-26,KBS:HOSE:DPG,DPG,1,development
2024-04-26,KBS:HOSE:DQC,DQC,1,development
2024-04-26,KBS:HOSE:DRC,DRC,1,development
2024-04-26,KBS:HOSE:DRH,DRH,1,development
2024-04-26,KBS:HOSE:DSN,DSN,1,development
2024-04-26,KBS:HOSE:DTL,DTL,1,development
2024-04-26,KBS:HOSE:DTT,DTT,1,development
2024-04-26,KBS:HOSE:DVP,DVP,1,development
2024-04-26,KBS:HOSE:DXG,DXG,0,development
2024-04-26,KBS:HOSE:DXV,DXV,1,development
2024-04-26,KBS:HOSE:EVE,EVE,1,development
2024-04-26,KBS:HOSE:EVG,EVG,1,development
2024-04-26,KBS:HOSE:FCM,FCM,1,development
2024-04-26,KBS:HOSE:FCN,FCN,1,development
2024-04-26,KBS:HOSE:FIR,FIR,1,development
2024-04-26,KBS:HOSE:FIT,FIT,1,development
2024-04-26,KBS:HOSE:FMC,FMC,1,development
2024-04-26,KBS:HOSE:FPT,FPT,0,development
2024-04-26,KBS:HOSE:FTS,FTS,1,development
2024-04-26,KBS:HOSE:GDT,GDT,1,development
2024-04-26,KBS:HOSE:GEG,GEG,1,development
2024-04-26,KBS:HOSE:GIL,GIL,1,development
2024-04-26,KBS:HOSE:GMD,GMD,1,development
2024-04-26,KBS:HOSE:HAG,HAG,1,development
2024-04-26,KBS:HOSE:HAP,HAP,1,development
2024-04-26,KBS:HOSE:HAR,HAR,1,development
2024-04-26,KBS:HOSE:HAS,HAS,1,development
2024-04-26,KBS:HOSE:HCM,HCM,1,development
2024-04-26,KBS:HOSE:HDC,HDC,1,development
2024-04-26,KBS:HOSE:HHP,HHP,1,development
2024-04-26,KBS:HOSE:HHV,HHV,1,development
2024-04-26,KBS:HOSE:HID,HID,1,development
2024-04-26,KBS:HOSE:HII,HII,1,development
2024-04-26,KBS:HOSE:HMC,HMC,1,development
2024-04-26,KBS:HOSE:HRC,HRC,1,development
2024-04-26,KBS:HOSE:HSG,HSG,1,development
2024-04-26,KBS:HOSE:HSL,HSL,1,development
2024-04-26,KBS:HOSE:HTI,HTI,1,development
2024-04-26,KBS:HOSE:HTN,HTN,1,development
2024-04-26,KBS:HOSE:HTV,HTV,1,development
2024-04-26,KBS:HOSE:HUB,HUB,1,development
2024-04-26,KBS:HOSE:HVN,HVN,1,development
2024-04-26,KBS:HOSE:ICT,ICT,1,development
2024-04-26,KBS:HOSE:IJC,IJC,1,development
2024-04-26,KBS:HOSE:ILB,ILB,1,development
2024-04-26,KBS:HOSE:ITC,ITC,1,development
2024-04-26,KBS:HOSE:ITD,ITD,1,development
2024-04-26,KBS:HOSE:JVC,JVC,1,development
2024-04-26,KBS:HOSE:KBC,KBC,0,development
2024-04-26,KBS:HOSE:KDC,KDC,1,development
2024-04-26,KBS:HOSE:KDH,KDH,1,development
2024-04-26,KBS:HOSE:KHP,KHP,1,development
2024-04-26,KBS:HOSE:KOS,KOS,1,development
2024-04-26,KBS:HOSE:KSB,KSB,1,development
2024-04-26,KBS:HOSE:LBM,LBM,1,development
2024-04-26,KBS:HOSE:LCG,LCG,1,development
2024-04-26,KBS:HOSE:LDG,LDG,1,development
2024-04-26,KBS:HOSE:LHG,LHG,1,development
2024-04-26,KBS:HOSE:LIX,LIX,1,development
2024-04-26,KBS:HOSE:LM8,LM8,1,development
2024-04-26,KBS:HOSE:LPB,LPB,1,development
2024-04-26,KBS:HOSE:MBB,MBB,0,development
2024-04-26,KBS:HOSE:MCP,MCP,1,development
2024-04-26,KBS:HOSE:MDG,MDG,1,development
2024-04-26,KBS:HOSE:MHC,MHC,1,development
2024-04-26,KBS:HOSE:MIG,MIG,1,development
2024-04-26,KBS:HOSE:MSB,MSB,1,development
2024-04-26,KBS:HOSE:MSH,MSH,1,development
2024-04-26,KBS:HOSE:MWG,MWG,0,development
2024-04-26,KBS:HOSE:NAF,NAF,1,development
2024-04-26,KBS:HOSE:NAV,NAV,1,development
2024-04-26,KBS:HOSE:NBB,NBB,1,development
2024-04-26,KBS:HOSE:NCT,NCT,1,development
2024-04-26,KBS:HOSE:NHA,NHA,1,development
2024-04-26,KBS:HOSE:NKG,NKG,1,development
2024-04-26,KBS:HOSE:NLG,NLG,1,development
2024-04-26,KBS:HOSE:NNC,NNC,1,development
2024-04-26,KBS:HOSE:NVL,NVL,0,development
2024-04-26,KBS:HOSE:NVT,NVT,1,development
2024-04-26,KBS:HOSE:OCB,OCB,1,development
2024-04-26,KBS:HOSE:OGC,OGC,1,development
2024-04-26,KBS:HOSE:OPC,OPC,1,development
2024-04-26,KBS:HOSE:PAC,PAC,1,development
2024-04-26,KBS:HOSE:PAN,PAN,1,development
2024-04-26,KBS:HOSE:PDR,PDR,0,development
2024-04-26,KBS:HOSE:PGC,PGC,1,development
2024-04-26,KBS:HOSE:PGD,PGD,1,development
2024-04-26,KBS:HOSE:PGV,PGV,1,development
2024-04-26,KBS:HOSE:PHR,PHR,1,development
2024-04-26,KBS:HOSE:PJT,PJT,1,development
2024-04-26,KBS:HOSE:PLP,PLP,1,development
2024-04-26,KBS:HOSE:PLX,PLX,1,development
2024-04-26,KBS:HOSE:PNJ,PNJ,1,development
2024-04-26,KBS:HOSE:PTB,PTB,1,development
2024-04-26,KBS:HOSE:PVP,PVP,1,development
2024-04-26,KBS:HOSE:PVT,PVT,1,development
2024-04-26,KBS:HOSE:RAL,RAL,1,development
2024-04-26,KBS:HOSE:S4A,S4A,1,development
2024-04-26,KBS:HOSE:SAB,SAB,1,development
2024-04-26,KBS:HOSE:SAM,SAM,1,development
2024-04-26,KBS:HOSE:SAV,SAV,1,development
2024-04-26,KBS:HOSE:SBA,SBA,1,development
2024-04-26,KBS:HOSE:SBV,SBV,1,development
2024-04-26,KBS:HOSE:SC5,SC5,1,development
2024-04-26,KBS:HOSE:SCR,SCR,1,development
2024-04-26,KBS:HOSE:SCS,SCS,1,development
2024-04-26,KBS:HOSE:SGR,SGR,1,development
2024-04-26,KBS:HOSE:SGT,SGT,1,development
2024-04-26,KBS:HOSE:SHA,SHA,1,development
2024-04-26,KBS:HOSE:SHI,SHI,1,development
2024-04-26,KBS:HOSE:SHP,SHP,1,development
2024-04-26,KBS:HOSE:SJD,SJD,1,development
2024-04-26,KBS:HOSE:SJS,SJS,1,development
2024-04-26,KBS:HOSE:SMB,SMB,1,development
2024-04-26,KBS:HOSE:SPM,SPM,1,development
2024-04-26,KBS:HOSE:SRC,SRC,1,development
2024-04-26,KBS:HOSE:SRF,SRF,1,development
2024-04-26,KBS:HOSE:SSB,SSB,1,development
2024-04-26,KBS:HOSE:STB,STB,0,development
2024-04-26,KBS:HOSE:STG,STG,1,development
2024-04-26,KBS:HOSE:SVT,SVT,1,development
2024-04-26,KBS:HOSE:TCB,TCB,0,development
2024-04-26,KBS:HOSE:TCL,TCL,1,development
2024-04-26,KBS:HOSE:TCM,TCM,1,development
2024-04-26,KBS:HOSE:TCO,TCO,1,development
2024-04-26,KBS:HOSE:TCR,TCR,1,development
2024-04-26,KBS:HOSE:TDC,TDC,1,development
2024-04-26,KBS:HOSE:TDG,TDG,1,development
2024-04-26,KBS:HOSE:TDP,TDP,1,development
2024-04-26,KBS:HOSE:TIP,TIP,1,development
2024-04-26,KBS:HOSE:TLG,TLG,1,development
2024-04-26,KBS:HOSE:TLH,TLH,1,development
2024-04-26,KBS:HOSE:TMS,TMS,1,development
2024-04-26,KBS:HOSE:TN1,TN1,1,development
2024-04-26,KBS:HOSE:TNC,TNC,1,development
2024-04-26,KBS:HOSE:TNH,TNH,1,development
2024-04-26,KBS:HOSE:TNI,TNI,1,development
2024-04-26,KBS:HOSE:TNT,TNT,1,development
2024-04-26,KBS:HOSE:TRA,TRA,1,development
2024-04-26,KBS:HOSE:TRC,TRC,1,development
2024-04-26,KBS:HOSE:TV2,TV2,1,development
2024-04-26,KBS:HOSE:TVB,TVB,1,development
2024-04-26,KBS:HOSE:UIC,UIC,1,development
2024-04-26,KBS:HOSE:VCA,VCA,1,development
2024-04-26,KBS:HOSE:VDS,VDS,1,development
2024-04-26,KBS:HOSE:VFG,VFG,1,development
2024-04-26,KBS:HOSE:VGC,VGC,1,development
2024-04-26,KBS:HOSE:VHM,VHM,0,development
2024-04-26,KBS:HOSE:VJC,VJC,1,development
2024-04-26,KBS:HOSE:VND,VND,0,development
2024-04-26,KBS:HOSE:VNG,VNG,1,development
2024-04-26,KBS:HOSE:VOS,VOS,1,development
2024-04-26,KBS:HOSE:VPB,VPB,0,development
2024-04-26,KBS:HOSE:VPS,VPS,1,development
2024-04-26,KBS:HOSE:VSI,VSI,1,development
2024-04-26,KBS:UPCOM:APC,APC,1,development
2024-04-26,KBS:UPCOM:GMC,GMC,1,development
2024-04-26,KBS:UPCOM:HBC,HBC,1,development
2024-04-26,KBS:UPCOM:HNG,HNG,1,development
2024-04-26,KBS:UPCOM:POM,POM,1,development
2024-05-31,KBS:HOSE:AAM,AAM,1,development
2024-05-31,KBS:HOSE:ABS,ABS,1,development
2024-05-31,KBS:HOSE:ABT,ABT,1,development
2024-05-31,KBS:HOSE:ACC,ACC,1,development
2024-05-31,KBS:HOSE:ACL,ACL,1,development
2024-05-31,KBS:HOSE:ADS,ADS,1,development
2024-05-31,KBS:HOSE:AGG,AGG,1,development
2024-05-31,KBS:HOSE:AGR,AGR,1,development
2024-05-31,KBS:HOSE:ANV,ANV,1,development
2024-05-31,KBS:HOSE:APG,APG,1,development
2024-05-31,KBS:HOSE:APH,APH,1,development
2024-05-31,KBS:HOSE:ASM,ASM,1,development
2024-05-31,KBS:HOSE:ASP,ASP,1,development
2024-05-31,KBS:HOSE:AST,AST,1,development
2024-05-31,KBS:HOSE:BCM,BCM,1,development
2024-05-31,KBS:HOSE:BHN,BHN,1,development
2024-05-31,KBS:HOSE:BKG,BKG,1,development
2024-05-31,KBS:HOSE:BMI,BMI,1,development
2024-05-31,KBS:HOSE:BTP,BTP,1,development
2024-05-31,KBS:HOSE:BVH,BVH,1,development
2024-05-31,KBS:HOSE:C32,C32,1,development
2024-05-31,KBS:HOSE:CCI,CCI,1,development
2024-05-31,KBS:HOSE:CCL,CCL,1,development
2024-05-31,KBS:HOSE:CDC,CDC,1,development
2024-05-31,KBS:HOSE:CIG,CIG,1,development
2024-05-31,KBS:HOSE:CII,CII,1,development
2024-05-31,KBS:HOSE:CKG,CKG,1,development
2024-05-31,KBS:HOSE:CLC,CLC,1,development
2024-05-31,KBS:HOSE:CMV,CMV,1,development
2024-05-31,KBS:HOSE:CMX,CMX,1,development
2024-05-31,KBS:HOSE:CNG,CNG,1,development
2024-05-31,KBS:HOSE:CRC,CRC,1,development
2024-05-31,KBS:HOSE:CRE,CRE,1,development
2024-05-31,KBS:HOSE:CSV,CSV,1,development
2024-05-31,KBS:HOSE:CTD,CTD,1,development
2024-05-31,KBS:HOSE:CTF,CTF,1,development
2024-05-31,KBS:HOSE:CTI,CTI,1,development
2024-05-31,KBS:HOSE:CTR,CTR,1,development
2024-05-31,KBS:HOSE:CTS,CTS,1,development
2024-05-31,KBS:HOSE:CVT,CVT,1,development
2024-05-31,KBS:HOSE:D2D,D2D,1,development
2024-05-31,KBS:HOSE:DAH,DAH,1,development
2024-05-31,KBS:HOSE:DBC,DBC,0,development
2024-05-31,KBS:HOSE:DBD,DBD,1,development
2024-05-31,KBS:HOSE:DC4,DC4,1,development
2024-05-31,KBS:HOSE:DCL,DCL,1,development
2024-05-31,KBS:HOSE:DCM,DCM,1,development
2024-05-31,KBS:HOSE:DGC,DGC,0,development
2024-05-31,KBS:HOSE:DGW,DGW,1,development
2024-05-31,KBS:HOSE:DHA,DHA,1,development
2024-05-31,KBS:HOSE:DHC,DHC,1,development
2024-05-31,KBS:HOSE:DLG,DLG,1,development
2024-05-31,KBS:HOSE:DMC,DMC,1,development
2024-05-31,KBS:HOSE:DPG,DPG,1,development
2024-05-31,KBS:HOSE:DQC,DQC,1,development
2024-05-31,KBS:HOSE:DRC,DRC,1,development
2024-05-31,KBS:HOSE:DRH,DRH,1,development
2024-05-31,KBS:HOSE:DSN,DSN,1,development
2024-05-31,KBS:HOSE:DTL,DTL,1,development
2024-05-31,KBS:HOSE:DTT,DTT,1,development
2024-05-31,KBS:HOSE:DVP,DVP,1,development
2024-05-31,KBS:HOSE:DXG,DXG,1,development
2024-05-31,KBS:HOSE:DXV,DXV,1,development
2024-05-31,KBS:HOSE:EVE,EVE,1,development
2024-05-31,KBS:HOSE:EVG,EVG,1,development
2024-05-31,KBS:HOSE:FCM,FCM,1,development
2024-05-31,KBS:HOSE:FCN,FCN,1,development
2024-05-31,KBS:HOSE:FDC,FDC,1,development
2024-05-31,KBS:HOSE:FIR,FIR,1,development
2024-05-31,KBS:HOSE:FIT,FIT,1,development
2024-05-31,KBS:HOSE:FMC,FMC,1,development
2024-05-31,KBS:HOSE:FPT,FPT,0,development
2024-05-31,KBS:HOSE:FTS,FTS,1,development
2024-05-31,KBS:HOSE:GDT,GDT,1,development
2024-05-31,KBS:HOSE:GEG,GEG,1,development
2024-05-31,KBS:HOSE:GIL,GIL,1,development
2024-05-31,KBS:HOSE:GMD,GMD,1,development
2024-05-31,KBS:HOSE:HAG,HAG,0,development
2024-05-31,KBS:HOSE:HAP,HAP,1,development
2024-05-31,KBS:HOSE:HAR,HAR,1,development
2024-05-31,KBS:HOSE:HAS,HAS,1,development
2024-05-31,KBS:HOSE:HAX,HAX,1,development
2024-05-31,KBS:HOSE:HCM,HCM,0,development
2024-05-31,KBS:HOSE:HDC,HDC,1,development
2024-05-31,KBS:HOSE:HHP,HHP,1,development
2024-05-31,KBS:HOSE:HHV,HHV,1,development
2024-05-31,KBS:HOSE:HID,HID,1,development
2024-05-31,KBS:HOSE:HII,HII,1,development
2024-05-31,KBS:HOSE:HMC,HMC,1,development
2024-05-31,KBS:HOSE:HQC,HQC,1,development
2024-05-31,KBS:HOSE:HRC,HRC,1,development
2024-05-31,KBS:HOSE:HSG,HSG,1,development
2024-05-31,KBS:HOSE:HSL,HSL,1,development
2024-05-31,KBS:HOSE:HTI,HTI,1,development
2024-05-31,KBS:HOSE:HTN,HTN,1,development
2024-05-31,KBS:HOSE:HTV,HTV,1,development
2024-05-31,KBS:HOSE:HUB,HUB,1,development
2024-05-31,KBS:HOSE:HVN,HVN,1,development
2024-05-31,KBS:HOSE:ICT,ICT,1,development
2024-05-31,KBS:HOSE:IJC,IJC,1,development
2024-05-31,KBS:HOSE:ILB,ILB,1,development
2024-05-31,KBS:HOSE:ITC,ITC,1,development
2024-05-31,KBS:HOSE:ITD,ITD,1,development
2024-05-31,KBS:HOSE:JVC,JVC,1,development
2024-05-31,KBS:HOSE:KBC,KBC,1,development
2024-05-31,KBS:HOSE:KDC,KDC,1,development
2024-05-31,KBS:HOSE:KDH,KDH,1,development
2024-05-31,KBS:HOSE:KHP,KHP,1,development
2024-05-31,KBS:HOSE:KMR,KMR,1,development
2024-05-31,KBS:HOSE:KOS,KOS,1,development
2024-05-31,KBS:HOSE:KSB,KSB,1,development
2024-05-31,KBS:HOSE:LBM,LBM,1,development
2024-05-31,KBS:HOSE:LCG,LCG,1,development
2024-05-31,KBS:HOSE:LDG,LDG,1,development
2024-05-31,KBS:HOSE:LHG,LHG,1,development
2024-05-31,KBS:HOSE:LIX,LIX,1,development
2024-05-31,KBS:HOSE:LM8,LM8,1,development
2024-05-31,KBS:HOSE:LPB,LPB,0,development
2024-05-31,KBS:HOSE:MBB,MBB,0,development
2024-05-31,KBS:HOSE:MCP,MCP,1,development
2024-05-31,KBS:HOSE:MDG,MDG,1,development
2024-05-31,KBS:HOSE:MHC,MHC,1,development
2024-05-31,KBS:HOSE:MIG,MIG,1,development
2024-05-31,KBS:HOSE:MSB,MSB,1,development
2024-05-31,KBS:HOSE:MSH,MSH,1,development
2024-05-31,KBS:HOSE:MWG,MWG,0,development
2024-05-31,KBS:HOSE:NAF,NAF,1,development
2024-05-31,KBS:HOSE:NAV,NAV,1,development
2024-05-31,KBS:HOSE:NBB,NBB,1,development
2024-05-31,KBS:HOSE:NCT,NCT,1,development
2024-05-31,KBS:HOSE:NHA,NHA,1,development
2024-05-31,KBS:HOSE:NHT,NHT,1,development
2024-05-31,KBS:HOSE:NKG,NKG,1,development
2024-05-31,KBS:HOSE:NLG,NLG,1,development
2024-05-31,KBS:HOSE:NNC,NNC,1,development
2024-05-31,KBS:HOSE:NVL,NVL,0,development
2024-05-31,KBS:HOSE:NVT,NVT,1,development
2024-05-31,KBS:HOSE:OCB,OCB,1,development
2024-05-31,KBS:HOSE:OGC,OGC,1,development
2024-05-31,KBS:HOSE:OPC,OPC,1,development
2024-05-31,KBS:HOSE:PAC,PAC,1,development
2024-05-31,KBS:HOSE:PAN,PAN,1,development
2024-05-31,KBS:HOSE:PGC,PGC,1,development
2024-05-31,KBS:HOSE:PGD,PGD,1,development
2024-05-31,KBS:HOSE:PGV,PGV,1,development
2024-05-31,KBS:HOSE:PHR,PHR,1,development
2024-05-31,KBS:HOSE:PJT,PJT,1,development
2024-05-31,KBS:HOSE:PLP,PLP,1,development
2024-05-31,KBS:HOSE:PLX,PLX,1,development
2024-05-31,KBS:HOSE:PNJ,PNJ,1,development
2024-05-31,KBS:HOSE:PTB,PTB,1,development
2024-05-31,KBS:HOSE:PTC,PTC,1,development
2024-05-31,KBS:HOSE:PVP,PVP,1,development
2024-05-31,KBS:HOSE:PVT,PVT,1,development
2024-05-31,KBS:HOSE:RAL,RAL,1,development
2024-05-31,KBS:HOSE:S4A,S4A,1,development
2024-05-31,KBS:HOSE:SAB,SAB,1,development
2024-05-31,KBS:HOSE:SAM,SAM,1,development
2024-05-31,KBS:HOSE:SAV,SAV,1,development
2024-05-31,KBS:HOSE:SBA,SBA,1,development
2024-05-31,KBS:HOSE:SBV,SBV,1,development
2024-05-31,KBS:HOSE:SC5,SC5,1,development
2024-05-31,KBS:HOSE:SCR,SCR,1,development
2024-05-31,KBS:HOSE:SCS,SCS,1,development
2024-05-31,KBS:HOSE:SFI,SFI,1,development
2024-05-31,KBS:HOSE:SGR,SGR,1,development
2024-05-31,KBS:HOSE:SGT,SGT,1,development
2024-05-31,KBS:HOSE:SHA,SHA,1,development
2024-05-31,KBS:HOSE:SHI,SHI,1,development
2024-05-31,KBS:HOSE:SHP,SHP,1,development
2024-05-31,KBS:HOSE:SJD,SJD,1,development
2024-05-31,KBS:HOSE:SJS,SJS,1,development
2024-05-31,KBS:HOSE:SMB,SMB,1,development
2024-05-31,KBS:HOSE:SPM,SPM,1,development
2024-05-31,KBS:HOSE:SRC,SRC,1,development
2024-05-31,KBS:HOSE:SRF,SRF,1,development
2024-05-31,KBS:HOSE:SSB,SSB,1,development
2024-05-31,KBS:HOSE:STB,STB,0,development
2024-05-31,KBS:HOSE:STG,STG,1,development
2024-05-31,KBS:HOSE:SVT,SVT,1,development
2024-05-31,KBS:HOSE:TCB,TCB,0,development
2024-05-31,KBS:HOSE:TCL,TCL,1,development
2024-05-31,KBS:HOSE:TCM,TCM,1,development
2024-05-31,KBS:HOSE:TCO,TCO,1,development
2024-05-31,KBS:HOSE:TCR,TCR,1,development
2024-05-31,KBS:HOSE:TDC,TDC,1,development
2024-05-31,KBS:HOSE:TDG,TDG,1,development
2024-05-31,KBS:HOSE:TDP,TDP,1,development
2024-05-31,KBS:HOSE:TIP,TIP,1,development
2024-05-31,KBS:HOSE:TLG,TLG,1,development
2024-05-31,KBS:HOSE:TLH,TLH,1,development
2024-05-31,KBS:HOSE:TMS,TMS,1,development
2024-05-31,KBS:HOSE:TN1,TN1,1,development
2024-05-31,KBS:HOSE:TNC,TNC,1,development
2024-05-31,KBS:HOSE:TNH,TNH,1,development
2024-05-31,KBS:HOSE:TNI,TNI,1,development
2024-05-31,KBS:HOSE:TNT,TNT,1,development
2024-05-31,KBS:HOSE:TRA,TRA,1,development
2024-05-31,KBS:HOSE:TRC,TRC,1,development
2024-05-31,KBS:HOSE:TTE,TTE,1,development
2024-05-31,KBS:HOSE:TV2,TV2,1,development
2024-05-31,KBS:HOSE:TVB,TVB,1,development
2024-05-31,KBS:HOSE:UIC,UIC,1,development
2024-05-31,KBS:HOSE:VCA,VCA,1,development
2024-05-31,KBS:HOSE:VDS,VDS,1,development
2024-05-31,KBS:HOSE:VFG,VFG,1,development
2024-05-31,KBS:HOSE:VGC,VGC,1,development
2024-05-31,KBS:HOSE:VHM,VHM,0,development
2024-05-31,KBS:HOSE:VIP,VIP,1,development
2024-05-31,KBS:HOSE:VIX,VIX,0,development
2024-05-31,KBS:HOSE:VJC,VJC,1,development
2024-05-31,KBS:HOSE:VND,VND,0,development
2024-05-31,KBS:HOSE:VNG,VNG,1,development
2024-05-31,KBS:HOSE:VOS,VOS,1,development
2024-05-31,KBS:HOSE:VPB,VPB,0,development
2024-05-31,KBS:HOSE:VPS,VPS,1,development
2024-05-31,KBS:HOSE:VSH,VSH,1,development
2024-05-31,KBS:HOSE:VSI,VSI,1,development
2024-05-31,KBS:UPCOM:GMC,GMC,1,development
2024-05-31,KBS:UPCOM:HBC,HBC,1,development
2024-05-31,KBS:UPCOM:HNG,HNG,1,development
2024-06-28,KBS:HOSE:AAM,AAM,1,development
2024-06-28,KBS:HOSE:ABS,ABS,1,development
2024-06-28,KBS:HOSE:ABT,ABT,1,development
2024-06-28,KBS:HOSE:ACC,ACC,1,development
2024-06-28,KBS:HOSE:ACL,ACL,1,development
2024-06-28,KBS:HOSE:ADS,ADS,1,development
2024-06-28,KBS:HOSE:AGG,AGG,1,development
2024-06-28,KBS:HOSE:AGR,AGR,1,development
2024-06-28,KBS:HOSE:ANV,ANV,1,development
2024-06-28,KBS:HOSE:APG,APG,1,development
2024-06-28,KBS:HOSE:APH,APH,1,development
2024-06-28,KBS:HOSE:ASM,ASM,1,development
2024-06-28,KBS:HOSE:ASP,ASP,1,development
2024-06-28,KBS:HOSE:AST,AST,1,development
2024-06-28,KBS:HOSE:BCM,BCM,1,development
2024-06-28,KBS:HOSE:BFC,BFC,1,development
2024-06-28,KBS:HOSE:BHN,BHN,1,development
2024-06-28,KBS:HOSE:BIC,BIC,1,development
2024-06-28,KBS:HOSE:BKG,BKG,1,development
2024-06-28,KBS:HOSE:BMI,BMI,1,development
2024-06-28,KBS:HOSE:BTP,BTP,1,development
2024-06-28,KBS:HOSE:BVH,BVH,1,development
2024-06-28,KBS:HOSE:C32,C32,1,development
2024-06-28,KBS:HOSE:CCI,CCI,1,development
2024-06-28,KBS:HOSE:CCL,CCL,1,development
2024-06-28,KBS:HOSE:CDC,CDC,1,development
2024-06-28,KBS:HOSE:CHP,CHP,1,development
2024-06-28,KBS:HOSE:CIG,CIG,1,development
2024-06-28,KBS:HOSE:CII,CII,1,development
2024-06-28,KBS:HOSE:CKG,CKG,1,development
2024-06-28,KBS:HOSE:CLC,CLC,1,development
2024-06-28,KBS:HOSE:CMV,CMV,1,development
2024-06-28,KBS:HOSE:CMX,CMX,1,development
2024-06-28,KBS:HOSE:CNG,CNG,1,development
2024-06-28,KBS:HOSE:CRC,CRC,1,development
2024-06-28,KBS:HOSE:CRE,CRE,1,development
2024-06-28,KBS:HOSE:CSV,CSV,1,development
2024-06-28,KBS:HOSE:CTD,CTD,1,development
2024-06-28,KBS:HOSE:CTF,CTF,1,development
2024-06-28,KBS:HOSE:CTI,CTI,1,development
2024-06-28,KBS:HOSE:CTR,CTR,1,development
2024-06-28,KBS:HOSE:CTS,CTS,1,development
2024-06-28,KBS:HOSE:CVT,CVT,1,development
2024-06-28,KBS:HOSE:D2D,D2D,1,development
2024-06-28,KBS:HOSE:DAH,DAH,1,development
2024-06-28,KBS:HOSE:DBC,DBC,1,development
2024-06-28,KBS:HOSE:DBD,DBD,1,development
2024-06-28,KBS:HOSE:DC4,DC4,1,development
2024-06-28,KBS:HOSE:DCL,DCL,1,development
2024-06-28,KBS:HOSE:DCM,DCM,1,development
2024-06-28,KBS:HOSE:DGC,DGC,0,development
2024-06-28,KBS:HOSE:DGW,DGW,1,development
2024-06-28,KBS:HOSE:DHA,DHA,1,development
2024-06-28,KBS:HOSE:DHC,DHC,1,development
2024-06-28,KBS:HOSE:DLG,DLG,1,development
2024-06-28,KBS:HOSE:DMC,DMC,1,development
2024-06-28,KBS:HOSE:DPG,DPG,1,development
2024-06-28,KBS:HOSE:DQC,DQC,1,development
2024-06-28,KBS:HOSE:DRC,DRC,1,development
2024-06-28,KBS:HOSE:DRH,DRH,1,development
2024-06-28,KBS:HOSE:DSN,DSN,1,development
2024-06-28,KBS:HOSE:DTA,DTA,1,development
2024-06-28,KBS:HOSE:DTL,DTL,1,development
2024-06-28,KBS:HOSE:DTT,DTT,1,development
2024-06-28,KBS:HOSE:DVP,DVP,1,development
2024-06-28,KBS:HOSE:DXG,DXG,1,development
2024-06-28,KBS:HOSE:DXV,DXV,1,development
2024-06-28,KBS:HOSE:EVE,EVE,1,development
2024-06-28,KBS:HOSE:EVG,EVG,1,development
2024-06-28,KBS:HOSE:FCM,FCM,1,development
2024-06-28,KBS:HOSE:FCN,FCN,1,development
2024-06-28,KBS:HOSE:FDC,FDC,1,development
2024-06-28,KBS:HOSE:FIR,FIR,1,development
2024-06-28,KBS:HOSE:FIT,FIT,1,development
2024-06-28,KBS:HOSE:FMC,FMC,1,development
2024-06-28,KBS:HOSE:FPT,FPT,0,development
2024-06-28,KBS:HOSE:FRT,FRT,1,development
2024-06-28,KBS:HOSE:FTS,FTS,1,development
2024-06-28,KBS:HOSE:GDT,GDT,1,development
2024-06-28,KBS:HOSE:GEG,GEG,1,development
2024-06-28,KBS:HOSE:GIL,GIL,1,development
2024-06-28,KBS:HOSE:GMD,GMD,1,development
2024-06-28,KBS:HOSE:HAG,HAG,1,development
2024-06-28,KBS:HOSE:HAP,HAP,1,development
2024-06-28,KBS:HOSE:HAR,HAR,1,development
2024-06-28,KBS:HOSE:HAS,HAS,1,development
2024-06-28,KBS:HOSE:HAX,HAX,1,development
2024-06-28,KBS:HOSE:HCM,HCM,1,development
2024-06-28,KBS:HOSE:HDC,HDC,1,development
2024-06-28,KBS:HOSE:HHP,HHP,1,development
2024-06-28,KBS:HOSE:HHV,HHV,1,development
2024-06-28,KBS:HOSE:HID,HID,1,development
2024-06-28,KBS:HOSE:HII,HII,1,development
2024-06-28,KBS:HOSE:HMC,HMC,1,development
2024-06-28,KBS:HOSE:HQC,HQC,1,development
2024-06-28,KBS:HOSE:HRC,HRC,1,development
2024-06-28,KBS:HOSE:HSG,HSG,0,development
2024-06-28,KBS:HOSE:HSL,HSL,1,development
2024-06-28,KBS:HOSE:HTI,HTI,1,development
2024-06-28,KBS:HOSE:HTL,HTL,1,development
2024-06-28,KBS:HOSE:HTN,HTN,1,development
2024-06-28,KBS:HOSE:HTV,HTV,1,development
2024-06-28,KBS:HOSE:HUB,HUB,1,development
2024-06-28,KBS:HOSE:HVN,HVN,1,development
2024-06-28,KBS:HOSE:ICT,ICT,1,development
2024-06-28,KBS:HOSE:IJC,IJC,1,development
2024-06-28,KBS:HOSE:ILB,ILB,1,development
2024-06-28,KBS:HOSE:ITC,ITC,1,development
2024-06-28,KBS:HOSE:ITD,ITD,1,development
2024-06-28,KBS:HOSE:JVC,JVC,1,development
2024-06-28,KBS:HOSE:KBC,KBC,1,development
2024-06-28,KBS:HOSE:KDC,KDC,1,development
2024-06-28,KBS:HOSE:KDH,KDH,1,development
2024-06-28,KBS:HOSE:KHP,KHP,1,development
2024-06-28,KBS:HOSE:KMR,KMR,1,development
2024-06-28,KBS:HOSE:KOS,KOS,1,development
2024-06-28,KBS:HOSE:KSB,KSB,1,development
2024-06-28,KBS:HOSE:LAF,LAF,1,development
2024-06-28,KBS:HOSE:LBM,LBM,1,development
2024-06-28,KBS:HOSE:LCG,LCG,1,development
2024-06-28,KBS:HOSE:LDG,LDG,1,development
2024-06-28,KBS:HOSE:LHG,LHG,1,development
2024-06-28,KBS:HOSE:LIX,LIX,1,development
2024-06-28,KBS:HOSE:LM8,LM8,1,development
2024-06-28,KBS:HOSE:LPB,LPB,0,development
2024-06-28,KBS:HOSE:MBB,MBB,0,development
2024-06-28,KBS:HOSE:MCP,MCP,1,development
2024-06-28,KBS:HOSE:MDG,MDG,1,development
2024-06-28,KBS:HOSE:MHC,MHC,1,development
2024-06-28,KBS:HOSE:MIG,MIG,1,development
2024-06-28,KBS:HOSE:MSB,MSB,1,development
2024-06-28,KBS:HOSE:MSH,MSH,1,development
2024-06-28,KBS:HOSE:MWG,MWG,0,development
2024-06-28,KBS:HOSE:NAF,NAF,1,development
2024-06-28,KBS:HOSE:NAV,NAV,1,development
2024-06-28,KBS:HOSE:NBB,NBB,1,development
2024-06-28,KBS:HOSE:NCT,NCT,1,development
2024-06-28,KBS:HOSE:NHA,NHA,1,development
2024-06-28,KBS:HOSE:NHT,NHT,1,development
2024-06-28,KBS:HOSE:NKG,NKG,1,development
2024-06-28,KBS:HOSE:NLG,NLG,1,development
2024-06-28,KBS:HOSE:NNC,NNC,1,development
2024-06-28,KBS:HOSE:NVL,NVL,1,development
2024-06-28,KBS:HOSE:NVT,NVT,1,development
2024-06-28,KBS:HOSE:OCB,OCB,1,development
2024-06-28,KBS:HOSE:OGC,OGC,1,development
2024-06-28,KBS:HOSE:OPC,OPC,1,development
2024-06-28,KBS:HOSE:PAC,PAC,1,development
2024-06-28,KBS:HOSE:PAN,PAN,1,development
2024-06-28,KBS:HOSE:PDN,PDN,1,development
2024-06-28,KBS:HOSE:PGC,PGC,1,development
2024-06-28,KBS:HOSE:PGD,PGD,1,development
2024-06-28,KBS:HOSE:PGV,PGV,1,development
2024-06-28,KBS:HOSE:PHR,PHR,1,development
2024-06-28,KBS:HOSE:PJT,PJT,1,development
2024-06-28,KBS:HOSE:PLP,PLP,1,development
2024-06-28,KBS:HOSE:PLX,PLX,1,development
2024-06-28,KBS:HOSE:PNJ,PNJ,1,development
2024-06-28,KBS:HOSE:PTB,PTB,1,development
2024-06-28,KBS:HOSE:PTC,PTC,1,development
2024-06-28,KBS:HOSE:PTL,PTL,1,development
2024-06-28,KBS:HOSE:PVP,PVP,1,development
2024-06-28,KBS:HOSE:PVT,PVT,1,development
2024-06-28,KBS:HOSE:QCG,QCG,1,development
2024-06-28,KBS:HOSE:RAL,RAL,1,development
2024-06-28,KBS:HOSE:S4A,S4A,1,development
2024-06-28,KBS:HOSE:SAB,SAB,1,development
2024-06-28,KBS:HOSE:SAM,SAM,1,development
2024-06-28,KBS:HOSE:SAV,SAV,1,development
2024-06-28,KBS:HOSE:SBA,SBA,1,development
2024-06-28,KBS:HOSE:SBV,SBV,1,development
2024-06-28,KBS:HOSE:SC5,SC5,1,development
2024-06-28,KBS:HOSE:SCR,SCR,1,development
2024-06-28,KBS:HOSE:SCS,SCS,1,development
2024-06-28,KBS:HOSE:SFI,SFI,1,development
2024-06-28,KBS:HOSE:SGR,SGR,1,development
2024-06-28,KBS:HOSE:SGT,SGT,1,development
2024-06-28,KBS:HOSE:SHA,SHA,1,development
2024-06-28,KBS:HOSE:SHI,SHI,1,development
2024-06-28,KBS:HOSE:SHP,SHP,1,development
2024-06-28,KBS:HOSE:SJD,SJD,1,development
2024-06-28,KBS:HOSE:SJS,SJS,1,development
2024-06-28,KBS:HOSE:SMB,SMB,1,development
2024-06-28,KBS:HOSE:SPM,SPM,1,development
2024-06-28,KBS:HOSE:SRC,SRC,1,development
2024-06-28,KBS:HOSE:SRF,SRF,1,development
2024-06-28,KBS:HOSE:SSB,SSB,1,development
2024-06-28,KBS:HOSE:STB,STB,0,development
2024-06-28,KBS:HOSE:STG,STG,1,development
2024-06-28,KBS:HOSE:SVC,SVC,1,development
2024-06-28,KBS:HOSE:SVT,SVT,1,development
2024-06-28,KBS:HOSE:TCB,TCB,0,development
2024-06-28,KBS:HOSE:TCL,TCL,1,development
2024-06-28,KBS:HOSE:TCM,TCM,1,development
2024-06-28,KBS:HOSE:TCO,TCO,1,development
2024-06-28,KBS:HOSE:TCR,TCR,1,development
2024-06-28,KBS:HOSE:TDC,TDC,1,development
2024-06-28,KBS:HOSE:TDG,TDG,1,development
2024-06-28,KBS:HOSE:TDP,TDP,1,development
2024-06-28,KBS:HOSE:TDW,TDW,1,development
2024-06-28,KBS:HOSE:TEG,TEG,1,development
2024-06-28,KBS:HOSE:THG,THG,1,development
2024-06-28,KBS:HOSE:TIP,TIP,1,development
2024-06-28,KBS:HOSE:TLG,TLG,1,development
2024-06-28,KBS:HOSE:TLH,TLH,1,development
2024-06-28,KBS:HOSE:TMS,TMS,1,development
2024-06-28,KBS:HOSE:TN1,TN1,1,development
2024-06-28,KBS:HOSE:TNC,TNC,1,development
2024-06-28,KBS:HOSE:TNH,TNH,1,development
2024-06-28,KBS:HOSE:TNI,TNI,1,development
2024-06-28,KBS:HOSE:TNT,TNT,1,development
2024-06-28,KBS:HOSE:TPB,TPB,1,development
2024-06-28,KBS:HOSE:TRA,TRA,1,development
2024-06-28,KBS:HOSE:TRC,TRC,1,development
2024-06-28,KBS:HOSE:TTE,TTE,1,development
2024-06-28,KBS:HOSE:TV2,TV2,1,development
2024-06-28,KBS:HOSE:TVB,TVB,1,development
2024-06-28,KBS:HOSE:TVS,TVS,1,development
2024-06-28,KBS:HOSE:UIC,UIC,1,development
2024-06-28,KBS:HOSE:VCA,VCA,1,development
2024-06-28,KBS:HOSE:VCG,VCG,1,development
2024-06-28,KBS:HOSE:VDS,VDS,1,development
2024-06-28,KBS:HOSE:VFG,VFG,1,development
2024-06-28,KBS:HOSE:VGC,VGC,1,development
2024-06-28,KBS:HOSE:VHM,VHM,0,development
2024-06-28,KBS:HOSE:VIP,VIP,1,development
2024-06-28,KBS:HOSE:VIX,VIX,0,development
2024-06-28,KBS:HOSE:VJC,VJC,1,development
2024-06-28,KBS:HOSE:VND,VND,1,development
2024-06-28,KBS:HOSE:VNG,VNG,1,development
2024-06-28,KBS:HOSE:VOS,VOS,1,development
2024-06-28,KBS:HOSE:VPB,VPB,0,development
2024-06-28,KBS:HOSE:VPS,VPS,1,development
2024-06-28,KBS:HOSE:VSH,VSH,1,development
2024-06-28,KBS:HOSE:VSI,VSI,1,development
2024-06-28,KBS:HOSE:VTO,VTO,1,development
2024-06-28,KBS:UPCOM:GMC,GMC,1,development
2024-06-28,KBS:UPCOM:HBC,HBC,1,development
2024-06-28,KBS:UPCOM:HNG,HNG,1,development
2024-06-28,KBS:UPCOM:TCD,TCD,1,development
2024-07-31,KBS:HOSE:AAM,AAM,1,development
2024-07-31,KBS:HOSE:AAT,AAT,1,development
2024-07-31,KBS:HOSE:ABR,ABR,1,development
2024-07-31,KBS:HOSE:ABS,ABS,1,development
2024-07-31,KBS:HOSE:ABT,ABT,1,development
2024-07-31,KBS:HOSE:ACC,ACC,1,development
2024-07-31,KBS:HOSE:ACL,ACL,1,development
2024-07-31,KBS:HOSE:ADS,ADS,1,development
2024-07-31,KBS:HOSE:AGG,AGG,1,development
2024-07-31,KBS:HOSE:AGR,AGR,1,development
2024-07-31,KBS:HOSE:ANV,ANV,1,development
2024-07-31,KBS:HOSE:APG,APG,1,development
2024-07-31,KBS:HOSE:APH,APH,1,development
2024-07-31,KBS:HOSE:ASM,ASM,1,development
2024-07-31,KBS:HOSE:ASP,ASP,1,development
2024-07-31,KBS:HOSE:AST,AST,1,development
2024-07-31,KBS:HOSE:BCM,BCM,1,development
2024-07-31,KBS:HOSE:BFC,BFC,1,development
2024-07-31,KBS:HOSE:BHN,BHN,1,development
2024-07-31,KBS:HOSE:BIC,BIC,1,development
2024-07-31,KBS:HOSE:BKG,BKG,1,development
2024-07-31,KBS:HOSE:BMI,BMI,1,development
2024-07-31,KBS:HOSE:BRC,BRC,1,development
2024-07-31,KBS:HOSE:BTP,BTP,1,development
2024-07-31,KBS:HOSE:BVH,BVH,1,development
2024-07-31,KBS:HOSE:C32,C32,1,development
2024-07-31,KBS:HOSE:CCI,CCI,1,development
2024-07-31,KBS:HOSE:CCL,CCL,1,development
2024-07-31,KBS:HOSE:CDC,CDC,1,development
2024-07-31,KBS:HOSE:CHP,CHP,1,development
2024-07-31,KBS:HOSE:CIG,CIG,1,development
2024-07-31,KBS:HOSE:CII,CII,1,development
2024-07-31,KBS:HOSE:CKG,CKG,1,development
2024-07-31,KBS:HOSE:CLC,CLC,1,development
2024-07-31,KBS:HOSE:CMV,CMV,1,development
2024-07-31,KBS:HOSE:CMX,CMX,1,development
2024-07-31,KBS:HOSE:CNG,CNG,1,development
2024-07-31,KBS:HOSE:CRC,CRC,1,development
2024-07-31,KBS:HOSE:CRE,CRE,1,development
2024-07-31,KBS:HOSE:CSV,CSV,1,development
2024-07-31,KBS:HOSE:CTD,CTD,1,development
2024-07-31,KBS:HOSE:CTF,CTF,1,development
2024-07-31,KBS:HOSE:CTI,CTI,1,development
2024-07-31,KBS:HOSE:CTR,CTR,1,development
2024-07-31,KBS:HOSE:CTS,CTS,1,development
2024-07-31,KBS:HOSE:CVT,CVT,1,development
2024-07-31,KBS:HOSE:D2D,D2D,1,development
2024-07-31,KBS:HOSE:DAH,DAH,1,development
2024-07-31,KBS:HOSE:DBC,DBC,0,development
2024-07-31,KBS:HOSE:DBD,DBD,1,development
2024-07-31,KBS:HOSE:DC4,DC4,1,development
2024-07-31,KBS:HOSE:DCL,DCL,1,development
2024-07-31,KBS:HOSE:DCM,DCM,0,development
2024-07-31,KBS:HOSE:DGC,DGC,0,development
2024-07-31,KBS:HOSE:DGW,DGW,1,development
2024-07-31,KBS:HOSE:DHA,DHA,1,development
2024-07-31,KBS:HOSE:DHC,DHC,1,development
2024-07-31,KBS:HOSE:DLG,DLG,1,development
2024-07-31,KBS:HOSE:DMC,DMC,1,development
2024-07-31,KBS:HOSE:DPG,DPG,1,development
2024-07-31,KBS:HOSE:DQC,DQC,1,development
2024-07-31,KBS:HOSE:DRC,DRC,1,development
2024-07-31,KBS:HOSE:DRH,DRH,1,development
2024-07-31,KBS:HOSE:DSN,DSN,1,development
2024-07-31,KBS:HOSE:DTA,DTA,1,development
2024-07-31,KBS:HOSE:DTL,DTL,1,development
2024-07-31,KBS:HOSE:DTT,DTT,1,development
2024-07-31,KBS:HOSE:DVP,DVP,1,development
2024-07-31,KBS:HOSE:DXG,DXG,1,development
2024-07-31,KBS:HOSE:DXS,DXS,1,development
2024-07-31,KBS:HOSE:DXV,DXV,1,development
2024-07-31,KBS:HOSE:EVE,EVE,1,development
2024-07-31,KBS:HOSE:EVG,EVG,1,development
2024-07-31,KBS:HOSE:FCM,FCM,1,development
2024-07-31,KBS:HOSE:FCN,FCN,1,development
2024-07-31,KBS:HOSE:FDC,FDC,1,development
2024-07-31,KBS:HOSE:FIR,FIR,1,development
2024-07-31,KBS:HOSE:FIT,FIT,1,development
2024-07-31,KBS:HOSE:FMC,FMC,1,development
2024-07-31,KBS:HOSE:FPT,FPT,0,development
2024-07-31,KBS:HOSE:FRT,FRT,1,development
2024-07-31,KBS:HOSE:FTS,FTS,1,development
2024-07-31,KBS:HOSE:GDT,GDT,1,development
2024-07-31,KBS:HOSE:GEG,GEG,1,development
2024-07-31,KBS:HOSE:GIL,GIL,1,development
2024-07-31,KBS:HOSE:GMD,GMD,1,development
2024-07-31,KBS:HOSE:HAG,HAG,1,development
2024-07-31,KBS:HOSE:HAP,HAP,1,development
2024-07-31,KBS:HOSE:HAR,HAR,1,development
2024-07-31,KBS:HOSE:HAS,HAS,1,development
2024-07-31,KBS:HOSE:HAX,HAX,1,development
2024-07-31,KBS:HOSE:HCM,HCM,1,development
2024-07-31,KBS:HOSE:HDC,HDC,1,development
2024-07-31,KBS:HOSE:HDG,HDG,0,development
2024-07-31,KBS:HOSE:HHP,HHP,1,development
2024-07-31,KBS:HOSE:HHV,HHV,1,development
2024-07-31,KBS:HOSE:HID,HID,1,development
2024-07-31,KBS:HOSE:HII,HII,1,development
2024-07-31,KBS:HOSE:HMC,HMC,1,development
2024-07-31,KBS:HOSE:HQC,HQC,1,development
2024-07-31,KBS:HOSE:HRC,HRC,1,development
2024-07-31,KBS:HOSE:HSG,HSG,0,development
2024-07-31,KBS:HOSE:HSL,HSL,1,development
2024-07-31,KBS:HOSE:HTI,HTI,1,development
2024-07-31,KBS:HOSE:HTL,HTL,1,development
2024-07-31,KBS:HOSE:HTN,HTN,1,development
2024-07-31,KBS:HOSE:HTV,HTV,1,development
2024-07-31,KBS:HOSE:HUB,HUB,1,development
2024-07-31,KBS:HOSE:HVN,HVN,0,development
2024-07-31,KBS:HOSE:ICT,ICT,1,development
2024-07-31,KBS:HOSE:IJC,IJC,1,development
2024-07-31,KBS:HOSE:ILB,ILB,1,development
2024-07-31,KBS:HOSE:ITC,ITC,1,development
2024-07-31,KBS:HOSE:ITD,ITD,1,development
2024-07-31,KBS:HOSE:JVC,JVC,1,development
2024-07-31,KBS:HOSE:KBC,KBC,1,development
2024-07-31,KBS:HOSE:KDC,KDC,1,development
2024-07-31,KBS:HOSE:KDH,KDH,1,development
2024-07-31,KBS:HOSE:KHG,KHG,1,development
2024-07-31,KBS:HOSE:KHP,KHP,1,development
2024-07-31,KBS:HOSE:KMR,KMR,1,development
2024-07-31,KBS:HOSE:KOS,KOS,1,development
2024-07-31,KBS:HOSE:KSB,KSB,1,development
2024-07-31,KBS:HOSE:LAF,LAF,1,development
2024-07-31,KBS:HOSE:LBM,LBM,1,development
2024-07-31,KBS:HOSE:LCG,LCG,1,development
2024-07-31,KBS:HOSE:LDG,LDG,1,development
2024-07-31,KBS:HOSE:LHG,LHG,1,development
2024-07-31,KBS:HOSE:LIX,LIX,1,development
2024-07-31,KBS:HOSE:LM8,LM8,1,development
2024-07-31,KBS:HOSE:LPB,LPB,0,development
2024-07-31,KBS:HOSE:MBB,MBB,0,development
2024-07-31,KBS:HOSE:MCP,MCP,1,development
2024-07-31,KBS:HOSE:MDG,MDG,1,development
2024-07-31,KBS:HOSE:MHC,MHC,1,development
2024-07-31,KBS:HOSE:MIG,MIG,1,development
2024-07-31,KBS:HOSE:MSB,MSB,1,development
2024-07-31,KBS:HOSE:MSH,MSH,1,development
2024-07-31,KBS:HOSE:MWG,MWG,0,development
2024-07-31,KBS:HOSE:NAF,NAF,1,development
2024-07-31,KBS:HOSE:NAV,NAV,1,development
2024-07-31,KBS:HOSE:NBB,NBB,1,development
2024-07-31,KBS:HOSE:NCT,NCT,1,development
2024-07-31,KBS:HOSE:NHA,NHA,1,development
2024-07-31,KBS:HOSE:NHT,NHT,1,development
2024-07-31,KBS:HOSE:NKG,NKG,1,development
2024-07-31,KBS:HOSE:NLG,NLG,1,development
2024-07-31,KBS:HOSE:NNC,NNC,1,development
2024-07-31,KBS:HOSE:NVL,NVL,1,development
2024-07-31,KBS:HOSE:NVT,NVT,1,development
2024-07-31,KBS:HOSE:OCB,OCB,1,development
2024-07-31,KBS:HOSE:OGC,OGC,1,development
2024-07-31,KBS:HOSE:OPC,OPC,1,development
2024-07-31,KBS:HOSE:PAC,PAC,1,development
2024-07-31,KBS:HOSE:PAN,PAN,1,development
2024-07-31,KBS:HOSE:PDN,PDN,1,development
2024-07-31,KBS:HOSE:PGC,PGC,1,development
2024-07-31,KBS:HOSE:PGD,PGD,1,development
2024-07-31,KBS:HOSE:PGV,PGV,1,development
2024-07-31,KBS:HOSE:PHR,PHR,1,development
2024-07-31,KBS:HOSE:PLP,PLP,1,development
2024-07-31,KBS:HOSE:PLX,PLX,1,development
2024-07-31,KBS:HOSE:PNJ,PNJ,1,development
2024-07-31,KBS:HOSE:PTB,PTB,1,development
2024-07-31,KBS:HOSE:PTC,PTC,1,development
2024-07-31,KBS:HOSE:PTL,PTL,1,development
2024-07-31,KBS:HOSE:PVP,PVP,1,development
2024-07-31,KBS:HOSE:PVT,PVT,1,development
2024-07-31,KBS:HOSE:QCG,QCG,1,development
2024-07-31,KBS:HOSE:RAL,RAL,1,development
2024-07-31,KBS:HOSE:S4A,S4A,1,development
2024-07-31,KBS:HOSE:SAB,SAB,1,development
2024-07-31,KBS:HOSE:SAM,SAM,1,development
2024-07-31,KBS:HOSE:SAV,SAV,1,development
2024-07-31,KBS:HOSE:SBA,SBA,1,development
2024-07-31,KBS:HOSE:SBV,SBV,1,development
2024-07-31,KBS:HOSE:SC5,SC5,1,development
2024-07-31,KBS:HOSE:SCR,SCR,1,development
2024-07-31,KBS:HOSE:SCS,SCS,1,development
2024-07-31,KBS:HOSE:SFI,SFI,1,development
2024-07-31,KBS:HOSE:SGR,SGR,1,development
2024-07-31,KBS:HOSE:SGT,SGT,1,development
2024-07-31,KBS:HOSE:SHA,SHA,1,development
2024-07-31,KBS:HOSE:SHB,SHB,0,development
2024-07-31,KBS:HOSE:SHI,SHI,1,development
2024-07-31,KBS:HOSE:SHP,SHP,1,development
2024-07-31,KBS:HOSE:SJD,SJD,1,development
2024-07-31,KBS:HOSE:SJS,SJS,1,development
2024-07-31,KBS:HOSE:SMB,SMB,1,development
2024-07-31,KBS:HOSE:SPM,SPM,1,development
2024-07-31,KBS:HOSE:SRC,SRC,1,development
2024-07-31,KBS:HOSE:SRF,SRF,1,development
2024-07-31,KBS:HOSE:SSB,SSB,1,development
2024-07-31,KBS:HOSE:STB,STB,0,development
2024-07-31,KBS:HOSE:STG,STG,1,development
2024-07-31,KBS:HOSE:STK,STK,1,development
2024-07-31,KBS:HOSE:SVC,SVC,1,development
2024-07-31,KBS:HOSE:SVT,SVT,1,development
2024-07-31,KBS:HOSE:TCB,TCB,0,development
2024-07-31,KBS:HOSE:TCL,TCL,1,development
2024-07-31,KBS:HOSE:TCM,TCM,1,development
2024-07-31,KBS:HOSE:TCO,TCO,1,development
2024-07-31,KBS:HOSE:TCR,TCR,1,development
2024-07-31,KBS:HOSE:TDC,TDC,1,development
2024-07-31,KBS:HOSE:TDG,TDG,1,development
2024-07-31,KBS:HOSE:TDP,TDP,1,development
2024-07-31,KBS:HOSE:TDW,TDW,1,development
2024-07-31,KBS:HOSE:TEG,TEG,1,development
2024-07-31,KBS:HOSE:THG,THG,1,development
2024-07-31,KBS:HOSE:TIP,TIP,1,development
2024-07-31,KBS:HOSE:TLG,TLG,1,development
2024-07-31,KBS:HOSE:TLH,TLH,1,development
2024-07-31,KBS:HOSE:TMS,TMS,1,development
2024-07-31,KBS:HOSE:TMT,TMT,1,development
2024-07-31,KBS:HOSE:TN1,TN1,1,development
2024-07-31,KBS:HOSE:TNC,TNC,1,development
2024-07-31,KBS:HOSE:TNH,TNH,1,development
2024-07-31,KBS:HOSE:TNI,TNI,1,development
2024-07-31,KBS:HOSE:TNT,TNT,1,development
2024-07-31,KBS:HOSE:TPB,TPB,0,development
2024-07-31,KBS:HOSE:TRA,TRA,1,development
2024-07-31,KBS:HOSE:TRC,TRC,1,development
2024-07-31,KBS:HOSE:TTE,TTE,1,development
2024-07-31,KBS:HOSE:TV2,TV2,1,development
2024-07-31,KBS:HOSE:TVB,TVB,1,development
2024-07-31,KBS:HOSE:TVS,TVS,1,development
2024-07-31,KBS:HOSE:UIC,UIC,1,development
2024-07-31,KBS:HOSE:VCA,VCA,1,development
2024-07-31,KBS:HOSE:VCG,VCG,1,development
2024-07-31,KBS:HOSE:VDS,VDS,1,development
2024-07-31,KBS:HOSE:VFG,VFG,1,development
2024-07-31,KBS:HOSE:VGC,VGC,1,development
2024-07-31,KBS:HOSE:VHM,VHM,0,development
2024-07-31,KBS:HOSE:VIP,VIP,1,development
2024-07-31,KBS:HOSE:VIX,VIX,0,development
2024-07-31,KBS:HOSE:VJC,VJC,1,development
2024-07-31,KBS:HOSE:VND,VND,1,development
2024-07-31,KBS:HOSE:VNG,VNG,1,development
2024-07-31,KBS:HOSE:VOS,VOS,1,development
2024-07-31,KBS:HOSE:VPB,VPB,0,development
2024-07-31,KBS:HOSE:VPS,VPS,1,development
2024-07-31,KBS:HOSE:VSH,VSH,1,development
2024-07-31,KBS:HOSE:VSI,VSI,1,development
2024-07-31,KBS:HOSE:VTO,VTO,1,development
2024-07-31,KBS:UPCOM:GMC,GMC,1,development
2024-07-31,KBS:UPCOM:HBC,HBC,1,development
2024-07-31,KBS:UPCOM:HNG,HNG,1,development
2024-08-30,KBS:HNX:CST,CST,1,development
2024-08-30,KBS:HNX:MIC,MIC,1,development
2024-08-30,KBS:HNX:PTX,PTX,1,development
2024-08-30,KBS:HOSE:AAM,AAM,1,development
2024-08-30,KBS:HOSE:AAT,AAT,1,development
2024-08-30,KBS:HOSE:ABR,ABR,1,development
2024-08-30,KBS:HOSE:ABS,ABS,1,development
2024-08-30,KBS:HOSE:ABT,ABT,1,development
2024-08-30,KBS:HOSE:ACC,ACC,1,development
2024-08-30,KBS:HOSE:ACG,ACG,1,development
2024-08-30,KBS:HOSE:ACL,ACL,1,development
2024-08-30,KBS:HOSE:ADP,ADP,1,development
2024-08-30,KBS:HOSE:ADS,ADS,1,development
2024-08-30,KBS:HOSE:AFX,AFX,1,development
2024-08-30,KBS:HOSE:AGG,AGG,1,development
2024-08-30,KBS:HOSE:AGR,AGR,1,development
2024-08-30,KBS:HOSE:ANT,ANT,1,development
2024-08-30,KBS:HOSE:ANV,ANV,1,development
2024-08-30,KBS:HOSE:APG,APG,1,development
2024-08-30,KBS:HOSE:APH,APH,1,development
2024-08-30,KBS:HOSE:ASM,ASM,1,development
2024-08-30,KBS:HOSE:ASP,ASP,1,development
2024-08-30,KBS:HOSE:AST,AST,1,development
2024-08-30,KBS:HOSE:BCE,BCE,1,development
2024-08-30,KBS:HOSE:BCM,BCM,1,development
2024-08-30,KBS:HOSE:BFC,BFC,1,development
2024-08-30,KBS:HOSE:BHN,BHN,1,development
2024-08-30,KBS:HOSE:BIC,BIC,1,development
2024-08-30,KBS:HOSE:BKG,BKG,1,development
2024-08-30,KBS:HOSE:BMI,BMI,1,development
2024-08-30,KBS:HOSE:BRC,BRC,1,development
2024-08-30,KBS:HOSE:BSR,BSR,0,development
2024-08-30,KBS:HOSE:BTP,BTP,1,development
2024-08-30,KBS:HOSE:BVH,BVH,1,development
2024-08-30,KBS:HOSE:C32,C32,1,development
2024-08-30,KBS:HOSE:CCI,CCI,1,development
2024-08-30,KBS:HOSE:CCL,CCL,1,development
2024-08-30,KBS:HOSE:CDC,CDC,1,development
2024-08-30,KBS:HOSE:CHP,CHP,1,development
2024-08-30,KBS:HOSE:CIG,CIG,1,development
2024-08-30,KBS:HOSE:CII,CII,1,development
2024-08-30,KBS:HOSE:CKG,CKG,1,development
2024-08-30,KBS:HOSE:CLC,CLC,1,development
2024-08-30,KBS:HOSE:CLW,CLW,1,development
2024-08-30,KBS:HOSE:CMV,CMV,1,development
2024-08-30,KBS:HOSE:CMX,CMX,1,development
2024-08-30,KBS:HOSE:CNG,CNG,1,development
2024-08-30,KBS:HOSE:COM,COM,1,development
2024-08-30,KBS:HOSE:CRC,CRC,1,development
2024-08-30,KBS:HOSE:CRE,CRE,1,development
2024-08-30,KBS:HOSE:CSV,CSV,1,development
2024-08-30,KBS:HOSE:CTD,CTD,1,development
2024-08-30,KBS:HOSE:CTF,CTF,1,development
2024-08-30,KBS:HOSE:CTI,CTI,1,development
2024-08-30,KBS:HOSE:CTR,CTR,1,development
2024-08-30,KBS:HOSE:CTS,CTS,1,development
2024-08-30,KBS:HOSE:CVT,CVT,1,development
2024-08-30,KBS:HOSE:D2D,D2D,1,development
2024-08-30,KBS:HOSE:DAH,DAH,1,development
2024-08-30,KBS:HOSE:DBC,DBC,0,development
2024-08-30,KBS:HOSE:DBD,DBD,1,development
2024-08-30,KBS:HOSE:DC4,DC4,1,development
2024-08-30,KBS:HOSE:DCL,DCL,1,development
2024-08-30,KBS:HOSE:DCM,DCM,1,development
2024-08-30,KBS:HOSE:DGC,DGC,0,development
2024-08-30,KBS:HOSE:DGW,DGW,1,development
2024-08-30,KBS:HOSE:DHA,DHA,1,development
2024-08-30,KBS:HOSE:DHC,DHC,1,development
2024-08-30,KBS:HOSE:DLG,DLG,1,development
2024-08-30,KBS:HOSE:DMC,DMC,1,development
2024-08-30,KBS:HOSE:DPG,DPG,1,development
2024-08-30,KBS:HOSE:DQC,DQC,1,development
2024-08-30,KBS:HOSE:DRC,DRC,1,development
2024-08-30,KBS:HOSE:DRH,DRH,1,development
2024-08-30,KBS:HOSE:DSC,DSC,1,development
2024-08-30,KBS:HOSE:DSN,DSN,1,development
2024-08-30,KBS:HOSE:DTA,DTA,1,development
2024-08-30,KBS:HOSE:DTL,DTL,1,development
2024-08-30,KBS:HOSE:DTT,DTT,1,development
2024-08-30,KBS:HOSE:DVP,DVP,1,development
2024-08-30,KBS:HOSE:DXG,DXG,0,development
2024-08-30,KBS:HOSE:DXS,DXS,1,development
2024-08-30,KBS:HOSE:DXV,DXV,1,development
2024-08-30,KBS:HOSE:EVE,EVE,1,development
2024-08-30,KBS:HOSE:EVG,EVG,1,development
2024-08-30,KBS:HOSE:FCM,FCM,1,development
2024-08-30,KBS:HOSE:FCN,FCN,1,development
2024-08-30,KBS:HOSE:FDC,FDC,1,development
2024-08-30,KBS:HOSE:FIR,FIR,1,development
2024-08-30,KBS:HOSE:FIT,FIT,1,development
2024-08-30,KBS:HOSE:FMC,FMC,1,development
2024-08-30,KBS:HOSE:FPT,FPT,0,development
2024-08-30,KBS:HOSE:FRT,FRT,1,development
2024-08-30,KBS:HOSE:FTS,FTS,1,development
2024-08-30,KBS:HOSE:GDT,GDT,1,development
2024-08-30,KBS:HOSE:GEG,GEG,1,development
2024-08-30,KBS:HOSE:GHC,GHC,1,development
2024-08-30,KBS:HOSE:GIL,GIL,1,development
2024-08-30,KBS:HOSE:GMD,GMD,1,development
2024-08-30,KBS:HOSE:GTA,GTA,1,development
2024-08-30,KBS:HOSE:HAG,HAG,1,development
2024-08-30,KBS:HOSE:HAP,HAP,1,development
2024-08-30,KBS:HOSE:HAR,HAR,1,development
2024-08-30,KBS:HOSE:HAS,HAS,1,development
2024-08-30,KBS:HOSE:HAX,HAX,1,development
2024-08-30,KBS:HOSE:HCM,HCM,0,development
2024-08-30,KBS:HOSE:HDC,HDC,1,development
2024-08-30,KBS:HOSE:HDG,HDG,1,development
2024-08-30,KBS:HOSE:HHP,HHP,1,development
2024-08-30,KBS:HOSE:HHV,HHV,1,development
2024-08-30,KBS:HOSE:HID,HID,1,development
2024-08-30,KBS:HOSE:HII,HII,1,development
2024-08-30,KBS:HOSE:HMC,HMC,1,development
2024-08-30,KBS:HOSE:HQC,HQC,1,development
2024-08-30,KBS:HOSE:HRC,HRC,1,development
2024-08-30,KBS:HOSE:HSG,HSG,0,development
2024-08-30,KBS:HOSE:HSL,HSL,1,development
2024-08-30,KBS:HOSE:HTI,HTI,1,development
2024-08-30,KBS:HOSE:HTL,HTL,1,development
2024-08-30,KBS:HOSE:HTN,HTN,1,development
2024-08-30,KBS:HOSE:HTV,HTV,1,development
2024-08-30,KBS:HOSE:HUB,HUB,1,development
2024-08-30,KBS:HOSE:HVN,HVN,1,development
2024-08-30,KBS:HOSE:ICT,ICT,1,development
2024-08-30,KBS:HOSE:IJC,IJC,1,development
2024-08-30,KBS:HOSE:ILB,ILB,1,development
2024-08-30,KBS:HOSE:ITC,ITC,1,development
2024-08-30,KBS:HOSE:ITD,ITD,1,development
2024-08-30,KBS:HOSE:JVC,JVC,1,development
2024-08-30,KBS:HOSE:KBC,KBC,1,development
2024-08-30,KBS:HOSE:KDC,KDC,1,development
2024-08-30,KBS:HOSE:KDH,KDH,1,development
2024-08-30,KBS:HOSE:KHG,KHG,1,development
2024-08-30,KBS:HOSE:KHP,KHP,1,development
2024-08-30,KBS:HOSE:KLB,KLB,1,development
2024-08-30,KBS:HOSE:KMR,KMR,1,development
2024-08-30,KBS:HOSE:KOS,KOS,1,development
2024-08-30,KBS:HOSE:KSB,KSB,1,development
2024-08-30,KBS:HOSE:LAF,LAF,1,development
2024-08-30,KBS:HOSE:LBM,LBM,1,development
2024-08-30,KBS:HOSE:LCG,LCG,1,development
2024-08-30,KBS:HOSE:LDG,LDG,1,development
2024-08-30,KBS:HOSE:LGL,LGL,1,development
2024-08-30,KBS:HOSE:LHG,LHG,1,development
2024-08-30,KBS:HOSE:LIX,LIX,1,development
2024-08-30,KBS:HOSE:LM8,LM8,1,development
2024-08-30,KBS:HOSE:LPB,LPB,1,development
2024-08-30,KBS:HOSE:LSS,LSS,1,development
2024-08-30,KBS:HOSE:MBB,MBB,0,development
2024-08-30,KBS:HOSE:MCH,MCH,1,development
2024-08-30,KBS:HOSE:MCP,MCP,1,development
2024-08-30,KBS:HOSE:MDG,MDG,1,development
2024-08-30,KBS:HOSE:MHC,MHC,1,development
2024-08-30,KBS:HOSE:MIG,MIG,1,development
2024-08-30,KBS:HOSE:MSB,MSB,0,development
2024-08-30,KBS:HOSE:MSH,MSH,1,development
2024-08-30,KBS:HOSE:MWG,MWG,0,development
2024-08-30,KBS:HOSE:NAF,NAF,1,development
2024-08-30,KBS:HOSE:NAV,NAV,1,development
2024-08-30,KBS:HOSE:NBB,NBB,1,development
2024-08-30,KBS:HOSE:NCT,NCT,1,development
2024-08-30,KBS:HOSE:NHA,NHA,1,development
2024-08-30,KBS:HOSE:NHT,NHT,1,development
2024-08-30,KBS:HOSE:NKG,NKG,1,development
2024-08-30,KBS:HOSE:NLG,NLG,1,development
2024-08-30,KBS:HOSE:NNC,NNC,1,development
2024-08-30,KBS:HOSE:NTC,NTC,1,development
2024-08-30,KBS:HOSE:NVL,NVL,0,development
2024-08-30,KBS:HOSE:NVT,NVT,1,development
2024-08-30,KBS:HOSE:OCB,OCB,1,development
2024-08-30,KBS:HOSE:OGC,OGC,1,development
2024-08-30,KBS:HOSE:OPC,OPC,1,development
2024-08-30,KBS:HOSE:PAC,PAC,1,development
2024-08-30,KBS:HOSE:PAN,PAN,1,development
2024-08-30,KBS:HOSE:PDN,PDN,1,development
2024-08-30,KBS:HOSE:PDV,PDV,1,development
2024-08-30,KBS:HOSE:PGC,PGC,1,development
2024-08-30,KBS:HOSE:PGD,PGD,1,development
2024-08-30,KBS:HOSE:PGV,PGV,1,development
2024-08-30,KBS:HOSE:PHR,PHR,1,development
2024-08-30,KBS:HOSE:PIT,PIT,1,development
2024-08-30,KBS:HOSE:PLP,PLP,1,development
2024-08-30,KBS:HOSE:PLX,PLX,1,development
2024-08-30,KBS:HOSE:PNJ,PNJ,0,development
2024-08-30,KBS:HOSE:PTB,PTB,1,development
2024-08-30,KBS:HOSE:PTC,PTC,1,development
2024-08-30,KBS:HOSE:PTL,PTL,1,development
2024-08-30,KBS:HOSE:PVP,PVP,1,development
2024-08-30,KBS:HOSE:PVT,PVT,1,development
2024-08-30,KBS:HOSE:QCG,QCG,1,development
2024-08-30,KBS:HOSE:RAL,RAL,1,development
2024-08-30,KBS:HOSE:S4A,S4A,1,development
2024-08-30,KBS:HOSE:SAB,SAB,1,development
2024-08-30,KBS:HOSE:SAM,SAM,1,development
2024-08-30,KBS:HOSE:SAV,SAV,1,development
2024-08-30,KBS:HOSE:SBA,SBA,1,development
2024-08-30,KBS:HOSE:SBV,SBV,1,development
2024-08-30,KBS:HOSE:SC5,SC5,1,development
2024-08-30,KBS:HOSE:SCR,SCR,1,development
2024-08-30,KBS:HOSE:SCS,SCS,1,development
2024-08-30,KBS:HOSE:SFI,SFI,1,development
2024-08-30,KBS:HOSE:SGR,SGR,1,development
2024-08-30,KBS:HOSE:SGT,SGT,1,development
2024-08-30,KBS:HOSE:SHA,SHA,1,development
2024-08-30,KBS:HOSE:SHB,SHB,0,development
2024-08-30,KBS:HOSE:SHI,SHI,1,development
2024-08-30,KBS:HOSE:SHP,SHP,1,development
2024-08-30,KBS:HOSE:SJD,SJD,1,development
2024-08-30,KBS:HOSE:SJS,SJS,1,development
2024-08-30,KBS:HOSE:SMB,SMB,1,development
2024-08-30,KBS:HOSE:SMC,SMC,1,development
2024-08-30,KBS:HOSE:SPM,SPM,1,development
2024-08-30,KBS:HOSE:SRC,SRC,1,development
2024-08-30,KBS:HOSE:SRF,SRF,1,development
2024-08-30,KBS:HOSE:SSB,SSB,1,development
2024-08-30,KBS:HOSE:SSC,SSC,1,development
2024-08-30,KBS:HOSE:STB,STB,0,development
2024-08-30,KBS:HOSE:STG,STG,1,development
2024-08-30,KBS:HOSE:STK,STK,1,development
2024-08-30,KBS:HOSE:SVC,SVC,1,development
2024-08-30,KBS:HOSE:SVT,SVT,1,development
2024-08-30,KBS:HOSE:TCB,TCB,0,development
2024-08-30,KBS:HOSE:TCL,TCL,1,development
2024-08-30,KBS:HOSE:TCM,TCM,1,development
2024-08-30,KBS:HOSE:TCO,TCO,1,development
2024-08-30,KBS:HOSE:TCR,TCR,1,development
2024-08-30,KBS:HOSE:TDC,TDC,1,development
2024-08-30,KBS:HOSE:TDG,TDG,1,development
2024-08-30,KBS:HOSE:TDP,TDP,1,development
2024-08-30,KBS:HOSE:TDW,TDW,1,development
2024-08-30,KBS:HOSE:TEG,TEG,1,development
2024-08-30,KBS:HOSE:THG,THG,1,development
2024-08-30,KBS:HOSE:TIP,TIP,1,development
2024-08-30,KBS:HOSE:TLG,TLG,1,development
2024-08-30,KBS:HOSE:TLH,TLH,1,development
2024-08-30,KBS:HOSE:TMS,TMS,1,development
2024-08-30,KBS:HOSE:TMT,TMT,1,development
2024-08-30,KBS:HOSE:TNC,TNC,1,development
2024-08-30,KBS:HOSE:TNH,TNH,1,development
2024-08-30,KBS:HOSE:TNI,TNI,1,development
2024-08-30,KBS:HOSE:TNT,TNT,1,development
2024-08-30,KBS:HOSE:TPB,TPB,0,development
2024-08-30,KBS:HOSE:TRA,TRA,1,development
2024-08-30,KBS:HOSE:TRC,TRC,1,development
2024-08-30,KBS:HOSE:TTE,TTE,1,development
2024-08-30,KBS:HOSE:TV2,TV2,1,development
2024-08-30,KBS:HOSE:TVB,TVB,1,development
2024-08-30,KBS:HOSE:TVS,TVS,1,development
2024-08-30,KBS:HOSE:UIC,UIC,1,development
2024-08-30,KBS:HOSE:VAB,VAB,1,development
2024-08-30,KBS:HOSE:VCA,VCA,1,development
2024-08-30,KBS:HOSE:VCG,VCG,1,development
2024-08-30,KBS:HOSE:VDS,VDS,1,development
2024-08-30,KBS:HOSE:VFG,VFG,1,development
2024-08-30,KBS:HOSE:VGC,VGC,1,development
2024-08-30,KBS:HOSE:VHM,VHM,0,development
2024-08-30,KBS:HOSE:VIP,VIP,1,development
2024-08-30,KBS:HOSE:VIX,VIX,0,development
2024-08-30,KBS:HOSE:VJC,VJC,0,development
2024-08-30,KBS:HOSE:VND,VND,0,development
2024-08-30,KBS:HOSE:VNG,VNG,1,development
2024-08-30,KBS:HOSE:VOS,VOS,1,development
2024-08-30,KBS:HOSE:VPB,VPB,0,development
2024-08-30,KBS:HOSE:VPG,VPG,1,development
2024-08-30,KBS:HOSE:VPS,VPS,1,development
2024-08-30,KBS:HOSE:VSH,VSH,1,development
2024-08-30,KBS:HOSE:VSI,VSI,1,development
2024-08-30,KBS:HOSE:VTO,VTO,1,development
2024-08-30,KBS:UPCOM:A32,A32,1,development
2024-08-30,KBS:UPCOM:AAS,AAS,1,development
2024-08-30,KBS:UPCOM:ABB,ABB,1,development
2024-08-30,KBS:UPCOM:ABC,ABC,1,development
2024-08-30,KBS:UPCOM:ABI,ABI,1,development
2024-08-30,KBS:UPCOM:ACE,ACE,1,development
2024-08-30,KBS:UPCOM:ACM,ACM,1,development
2024-08-30,KBS:UPCOM:ACS,ACS,1,development
2024-08-30,KBS:UPCOM:ACV,ACV,1,development
2024-08-30,KBS:UPCOM:AG1,AG1,1,development
2024-08-30,KBS:UPCOM:AGF,AGF,1,development
2024-08-30,KBS:UPCOM:AGP,AGP,1,development
2024-08-30,KBS:UPCOM:AGX,AGX,1,development
2024-08-30,KBS:UPCOM:AIC,AIC,1,development
2024-08-30,KBS:UPCOM:ALV,ALV,1,development
2024-08-30,KBS:UPCOM:AMP,AMP,1,development
2024-08-30,KBS:UPCOM:AMS,AMS,1,development
2024-08-30,KBS:UPCOM:APF,APF,1,development
2024-08-30,KBS:UPCOM:APL,APL,1,development
2024-08-30,KBS:UPCOM:APT,APT,1,development
2024-08-30,KBS:UPCOM:ATA,ATA,1,development
2024-08-30,KBS:UPCOM:ATG,ATG,1,development
2024-08-30,KBS:UPCOM:AVC,AVC,1,development
2024-08-30,KBS:UPCOM:BAL,BAL,1,development
2024-08-30,KBS:UPCOM:BBH,BBH,1,development
2024-08-30,KBS:UPCOM:BBM,BBM,1,development
2024-08-30,KBS:UPCOM:BBT,BBT,1,development
2024-08-30,KBS:UPCOM:BCB,BCB,1,development
2024-08-30,KBS:UPCOM:BCP,BCP,1,development
2024-08-30,KBS:UPCOM:BDG,BDG,1,development
2024-08-30,KBS:UPCOM:BDT,BDT,1,development
2024-08-30,KBS:UPCOM:BDW,BDW,1,development
2024-08-30,KBS:UPCOM:BEL,BEL,1,development
2024-08-30,KBS:UPCOM:BGW,BGW,1,development
2024-08-30,KBS:UPCOM:BHA,BHA,1,development
2024-08-30,KBS:UPCOM:BHC,BHC,1,development
2024-08-30,KBS:UPCOM:BHG,BHG,1,development
2024-08-30,KBS:UPCOM:BHK,BHK,1,development
2024-08-30,KBS:UPCOM:BHP,BHP,1,development
2024-08-30,KBS:UPCOM:BIO,BIO,1,development
2024-08-30,KBS:UPCOM:BLI,BLI,1,development
2024-08-30,KBS:UPCOM:BLN,BLN,1,development
2024-08-30,KBS:UPCOM:BLT,BLT,1,development
2024-08-30,KBS:UPCOM:BMD,BMD,1,development
2024-08-30,KBS:UPCOM:BMF,BMF,1,development
2024-08-30,KBS:UPCOM:BMG,BMG,1,development
2024-08-30,KBS:UPCOM:BMJ,BMJ,1,development
2024-08-30,KBS:UPCOM:BMS,BMS,1,development
2024-08-30,KBS:UPCOM:BMV,BMV,1,development
2024-08-30,KBS:UPCOM:BNW,BNW,1,development
2024-08-30,KBS:UPCOM:BQB,BQB,1,development
2024-08-30,KBS:UPCOM:BRR,BRR,1,development
2024-08-30,KBS:UPCOM:BRS,BRS,1,development
2024-08-30,KBS:UPCOM:BSD,BSD,1,development
2024-08-30,KBS:UPCOM:BSG,BSG,1,development
2024-08-30,KBS:UPCOM:BSH,BSH,1,development
2024-08-30,KBS:UPCOM:BSL,BSL,1,development
2024-08-30,KBS:UPCOM:BSP,BSP,1,development
2024-08-30,KBS:UPCOM:BSQ,BSQ,1,development
2024-08-30,KBS:UPCOM:BTB,BTB,1,development
2024-08-30,KBS:UPCOM:BTD,BTD,1,development
2024-08-30,KBS:UPCOM:BTG,BTG,1,development
2024-08-30,KBS:UPCOM:BTN,BTN,1,development
2024-08-30,KBS:UPCOM:BTU,BTU,1,development
2024-08-30,KBS:UPCOM:BTV,BTV,1,development
2024-08-30,KBS:UPCOM:BVG,BVG,1,development
2024-08-30,KBS:UPCOM:BVL,BVL,1,development
2024-08-30,KBS:UPCOM:BVN,BVN,1,development
2024-08-30,KBS:UPCOM:BWA,BWA,1,development
2024-08-30,KBS:UPCOM:BWS,BWS,1,development
2024-08-30,KBS:UPCOM:C22,C22,1,development
2024-08-30,KBS:UPCOM:C4G,C4G,1,development
2024-08-30,KBS:UPCOM:C92,C92,1,development
2024-08-30,KBS:UPCOM:CAD,CAD,1,development
2024-08-30,KBS:UPCOM:CAT,CAT,1,development
2024-08-30,KBS:UPCOM:CBI,CBI,1,development
2024-08-30,KBS:UPCOM:CBS,CBS,1,development
2024-08-30,KBS:UPCOM:CC1,CC1,1,development
2024-08-30,KBS:UPCOM:CCA,CCA,1,development
2024-08-30,KBS:UPCOM:CCM,CCM,1,development
2024-08-30,KBS:UPCOM:CCP,CCP,1,development
2024-08-30,KBS:UPCOM:CCT,CCT,1,development
2024-08-30,KBS:UPCOM:CCV,CCV,1,development
2024-08-30,KBS:UPCOM:CDP,CDP,1,development
2024-08-30,KBS:UPCOM:CDR,CDR,1,development
2024-08-30,KBS:UPCOM:CEN,CEN,1,development
2024-08-30,KBS:UPCOM:CFM,CFM,1,development
2024-08-30,KBS:UPCOM:CFV,CFV,1,development
2024-08-30,KBS:UPCOM:CH5,CH5,1,development
2024-08-30,KBS:UPCOM:CHC,CHC,1,development
2024-08-30,KBS:UPCOM:CHS,CHS,1,development
2024-08-30,KBS:UPCOM:CI5,CI5,1,development
2024-08-30,KBS:UPCOM:CID,CID,1,development
2024-08-30,KBS:UPCOM:CKA,CKA,1,development
2024-08-30,KBS:UPCOM:CKD,CKD,1,development
2024-08-30,KBS:UPCOM:CLX,CLX,1,development
2024-08-30,KBS:UPCOM:CMD,CMD,1,development
2024-08-30,KBS:UPCOM:CMF,CMF,1,development
2024-08-30,KBS:UPCOM:CMI,CMI,1,development
2024-08-30,KBS:UPCOM:CMK,CMK,1,development
2024-08-30,KBS:UPCOM:CMN,CMN,1,development
2024-08-30,KBS:UPCOM:CMT,CMT,1,development
2024-08-30,KBS:UPCOM:CMW,CMW,1,development
2024-08-30,KBS:UPCOM:CNC,CNC,1,development
2024-08-30,KBS:UPCOM:CNN,CNN,1,development
2024-08-30,KBS:UPCOM:CNT,CNT,1,development
2024-08-30,KBS:UPCOM:CPA,CPA,1,development
2024-08-30,KBS:UPCOM:CPI,CPI,1,development
2024-08-30,KBS:UPCOM:CQN,CQN,1,development
2024-08-30,KBS:UPCOM:CQT,CQT,1,development
2024-08-30,KBS:UPCOM:CT3,CT3,1,development
2024-08-30,KBS:UPCOM:CTW,CTW,1,development
2024-08-30,KBS:UPCOM:DAS,DAS,1,development
2024-08-30,KBS:UPCOM:DBM,DBM,1,development
2024-08-30,KBS:UPCOM:DC1,DC1,1,development
2024-08-30,KBS:UPCOM:DCF,DCF,1,development
2024-08-30,KBS:UPCOM:DCH,DCH,1,development
2024-08-30,KBS:UPCOM:DCR,DCR,1,development
2024-08-30,KBS:UPCOM:DCS,DCS,1,development
2024-08-30,KBS:UPCOM:DCT,DCT,1,development
2024-08-30,KBS:UPCOM:DDH,DDH,1,development
2024-08-30,KBS:UPCOM:DDM,DDM,1,development
2024-08-30,KBS:UPCOM:DDN,DDN,1,development
2024-08-30,KBS:UPCOM:DDV,DDV,1,development
2024-08-30,KBS:UPCOM:DFC,DFC,1,development
2024-08-30,KBS:UPCOM:DGT,DGT,1,development
2024-08-30,KBS:UPCOM:DHB,DHB,1,development
2024-08-30,KBS:UPCOM:DHD,DHD,1,development
2024-08-30,KBS:UPCOM:DHN,DHN,1,development
2024-08-30,KBS:UPCOM:DIC,DIC,1,development
2024-08-30,KBS:UPCOM:DID,DID,1,development
2024-08-30,KBS:UPCOM:DKC,DKC,1,development
2024-08-30,KBS:UPCOM:DLR,DLR,1,development
2024-08-30,KBS:UPCOM:DLT,DLT,1,development
2024-08-30,KBS:UPCOM:DM7,DM7,1,development
2024-08-30,KBS:UPCOM:DNA,DNA,1,development
2024-08-30,KBS:UPCOM:DND,DND,1,development
2024-08-30,KBS:UPCOM:DNE,DNE,1,development
2024-08-30,KBS:UPCOM:DNH,DNH,1,development
2024-08-30,KBS:UPCOM:DNL,DNL,1,development
2024-08-30,KBS:UPCOM:DNM,DNM,1,development
2024-08-30,KBS:UPCOM:DNT,DNT,1,development
2024-08-30,KBS:UPCOM:DNW,DNW,1,development
2024-08-30,KBS:UPCOM:DOC,DOC,1,development
2024-08-30,KBS:UPCOM:DOP,DOP,1,development
2024-08-30,KBS:UPCOM:DP1,DP1,1,development
2024-08-30,KBS:UPCOM:DPH,DPH,1,development
2024-08-30,KBS:UPCOM:DPP,DPP,1,development
2024-08-30,KBS:UPCOM:DRG,DRG,1,development
2024-08-30,KBS:UPCOM:DRI,DRI,1,development
2024-08-30,KBS:UPCOM:DSG,DSG,1,development
2024-08-30,KBS:UPCOM:DSP,DSP,1,development
2024-08-30,KBS:UPCOM:DTI,DTI,1,development
2024-08-30,KBS:UPCOM:DTP,DTP,1,development
2024-08-30,KBS:UPCOM:DUS,DUS,1,development
2024-08-30,KBS:UPCOM:DVC,DVC,1,development
2024-08-30,KBS:UPCOM:DVW,DVW,1,development
2024-08-30,KBS:UPCOM:DWS,DWS,1,development
2024-08-30,KBS:UPCOM:DXL,DXL,1,development
2024-08-30,KBS:UPCOM:E12,E12,1,development
2024-08-30,KBS:UPCOM:E29,E29,1,development
2024-08-30,KBS:UPCOM:EIC,EIC,1,development
2024-08-30,KBS:UPCOM:EIN,EIN,1,development
2024-08-30,KBS:UPCOM:EMG,EMG,1,development
2024-08-30,KBS:UPCOM:EMS,EMS,1,development
2024-08-30,KBS:UPCOM:FCC,FCC,1,development
2024-08-30,KBS:UPCOM:FCS,FCS,1,development
2024-08-30,KBS:UPCOM:FHN,FHN,1,development
2024-08-30,KBS:UPCOM:FHS,FHS,1,development
2024-08-30,KBS:UPCOM:FIC,FIC,1,development
2024-08-30,KBS:UPCOM:FOC,FOC,1,development
2024-08-30,KBS:UPCOM:FOX,FOX,1,development
2024-08-30,KBS:UPCOM:FRC,FRC,1,development
2024-08-30,KBS:UPCOM:FRM,FRM,1,development
2024-08-30,KBS:UPCOM:FT1,FT1,1,development
2024-08-30,KBS:UPCOM:FTI,FTI,1,development
2024-08-30,KBS:UPCOM:FTM,FTM,1,development
2024-08-30,KBS:UPCOM:G36,G36,1,development
2024-08-30,KBS:UPCOM:GCB,GCB,1,development
2024-08-30,KBS:UPCOM:GER,GER,1,development
2024-08-30,KBS:UPCOM:GGG,GGG,1,development
2024-08-30,KBS:UPCOM:GH3,GH3,1,development
2024-08-30,KBS:UPCOM:GLC,GLC,1,development
2024-08-30,KBS:UPCOM:GMC,GMC,1,development
2024-08-30,KBS:UPCOM:GND,GND,1,development
2024-08-30,KBS:UPCOM:GSM,GSM,1,development
2024-08-30,KBS:UPCOM:GTD,GTD,1,development
2024-08-30,KBS:UPCOM:GTS,GTS,1,development
2024-08-30,KBS:UPCOM:H11,H11,1,development
2024-08-30,KBS:UPCOM:HAC,HAC,1,development
2024-08-30,KBS:UPCOM:HAF,HAF,1,development
2024-08-30,KBS:UPCOM:HAM,HAM,1,development
2024-08-30,KBS:UPCOM:HAN,HAN,1,development
2024-08-30,KBS:UPCOM:HBC,HBC,1,development
2024-08-30,KBS:UPCOM:HBD,HBD,1,development
2024-08-30,KBS:UPCOM:HBH,HBH,1,development
2024-08-30,KBS:UPCOM:HD6,HD6,1,development
2024-08-30,KBS:UPCOM:HDW,HDW,1,development
2024-08-30,KBS:UPCOM:HEJ,HEJ,1,development
2024-08-30,KBS:UPCOM:HEP,HEP,1,development
2024-08-30,KBS:UPCOM:HES,HES,1,development
2024-08-30,KBS:UPCOM:HHG,HHG,1,development
2024-08-30,KBS:UPCOM:HLB,HLB,1,development
2024-08-30,KBS:UPCOM:HLS,HLS,1,development
2024-08-30,KBS:UPCOM:HND,HND,1,development
2024-08-30,KBS:UPCOM:HNF,HNF,1,development
2024-08-30,KBS:UPCOM:HNG,HNG,1,development
2024-08-30,KBS:UPCOM:HNM,HNM,1,development
2024-08-30,KBS:UPCOM:HPH,HPH,1,development
2024-08-30,KBS:UPCOM:HPT,HPT,1,development
2024-08-30,KBS:UPCOM:HTM,HTM,1,development
2024-08-30,KBS:UPCOM:HWS,HWS,1,development
2024-08-30,KBS:UPCOM:ICI,ICI,1,development
2024-08-30,KBS:UPCOM:ICN,ICN,1,development
2024-08-30,KBS:UPCOM:IFS,IFS,1,development
2024-08-30,KBS:UPCOM:ILA,ILA,1,development
2024-08-30,KBS:UPCOM:ILC,ILC,1,development
2024-08-30,KBS:UPCOM:ILS,ILS,1,development
2024-08-30,KBS:UPCOM:IST,IST,1,development
2024-08-30,KBS:UPCOM:JOS,JOS,1,development
2024-08-30,KBS:UPCOM:KHW,KHW,1,development
2024-08-30,KBS:UPCOM:KIP,KIP,1,development
2024-08-30,KBS:UPCOM:L63,L63,1,development
2024-08-30,KBS:UPCOM:LAI,LAI,1,development
2024-08-30,KBS:UPCOM:LIC,LIC,1,development
2024-08-30,KBS:UPCOM:LLM,LLM,1,development
2024-08-30,KBS:UPCOM:LMI,LMI,1,development
2024-08-30,KBS:UPCOM:LTC,LTC,1,development
2024-08-30,KBS:UPCOM:MDF,MDF,1,development
2024-08-30,KBS:UPCOM:MEC,MEC,1,development
2024-08-30,KBS:UPCOM:MFS,MFS,1,development
2024-08-30,KBS:UPCOM:MGC,MGC,1,development
2024-08-30,KBS:UPCOM:MGG,MGG,1,development
2024-08-30,KBS:UPCOM:MPC,MPC,1,development
2024-08-30,KBS:UPCOM:MSR,MSR,1,development
2024-08-30,KBS:UPCOM:MVN,MVN,1,development
2024-08-30,KBS:UPCOM:NAU,NAU,1,development
2024-08-30,KBS:UPCOM:NBT,NBT,1,development
2024-08-30,KBS:UPCOM:ND2,ND2,1,development
2024-08-30,KBS:UPCOM:NOS,NOS,1,development
2024-08-30,KBS:UPCOM:NQN,NQN,1,development
2024-08-30,KBS:UPCOM:NTT,NTT,1,development
2024-08-30,KBS:UPCOM:NTW,NTW,1,development
2024-08-30,KBS:UPCOM:NUE,NUE,1,development
2024-08-30,KBS:UPCOM:OIL,OIL,1,development
2024-08-30,KBS:UPCOM:PCC,PCC,1,development
2024-08-30,KBS:UPCOM:PCF,PCF,1,development
2024-08-30,KBS:UPCOM:PFL,PFL,1,development
2024-08-30,KBS:UPCOM:PHP,PHP,1,development
2024-08-30,KBS:UPCOM:PHS,PHS,1,development
2024-08-30,KBS:UPCOM:PVE,PVE,1,development
2024-08-30,KBS:UPCOM:PVL,PVL,1,development
2024-08-30,KBS:UPCOM:PVX,PVX,1,development
2024-08-30,KBS:UPCOM:PWA,PWA,1,development
2024-08-30,KBS:UPCOM:PWS,PWS,1,development
2024-08-30,KBS:UPCOM:PXA,PXA,1,development
2024-08-30,KBS:UPCOM:PXI,PXI,1,development
2024-08-30,KBS:UPCOM:PXM,PXM,1,development
2024-08-30,KBS:UPCOM:PXS,PXS,1,development
2024-08-30,KBS:UPCOM:QCC,QCC,1,development
2024-08-30,KBS:UPCOM:QHW,QHW,1,development
2024-08-30,KBS:UPCOM:QNC,QNC,1,development
2024-08-30,KBS:UPCOM:QNS,QNS,1,development
2024-08-30,KBS:UPCOM:QPH,QPH,1,development
2024-08-30,KBS:UPCOM:QSP,QSP,1,development
2024-08-30,KBS:UPCOM:RIC,RIC,1,development
2024-08-30,KBS:UPCOM:S74,S74,1,development
2024-08-30,KBS:UPCOM:SBD,SBD,1,development
2024-08-30,KBS:UPCOM:SBM,SBM,1,development
2024-08-30,KBS:UPCOM:SCJ,SCJ,1,development
2024-08-30,KBS:UPCOM:SCL,SCL,1,development
2024-08-30,KBS:UPCOM:SD2,SD2,1,development
2024-08-30,KBS:UPCOM:SD7,SD7,1,development
2024-08-30,KBS:UPCOM:SDP,SDP,1,development
2024-08-30,KBS:UPCOM:SEA,SEA,1,development
2024-08-30,KBS:UPCOM:SGB,SGB,1,development
2024-08-30,KBS:UPCOM:SGS,SGS,1,development
2024-08-30,KBS:UPCOM:SID,SID,1,development
2024-08-30,KBS:UPCOM:SJG,SJG,1,development
2024-08-30,KBS:UPCOM:SKV,SKV,1,development
2024-08-30,KBS:UPCOM:SRB,SRB,1,development
2024-08-30,KBS:UPCOM:SSG,SSG,1,development
2024-08-30,KBS:UPCOM:SSH,SSH,1,development
2024-08-30,KBS:UPCOM:STT,STT,1,development
2024-08-30,KBS:UPCOM:SWC,SWC,1,development
2024-08-30,KBS:UPCOM:TDB,TDB,1,development
2024-08-30,KBS:UPCOM:TDS,TDS,1,development
2024-08-30,KBS:UPCOM:TGP,TGP,1,development
2024-08-30,KBS:UPCOM:THW,THW,1,development
2024-08-30,KBS:UPCOM:TIS,TIS,1,development
2024-08-30,KBS:UPCOM:TLP,TLP,1,development
2024-08-30,KBS:UPCOM:TNW,TNW,1,development
2024-08-30,KBS:UPCOM:TOW,TOW,1,development
2024-08-30,KBS:UPCOM:TSD,TSD,1,development
2024-08-30,KBS:UPCOM:TST,TST,1,development
2024-08-30,KBS:UPCOM:TTD,TTD,1,development
2024-08-30,KBS:UPCOM:TTG,TTG,1,development
2024-08-30,KBS:UPCOM:TTS,TTS,1,development
2024-08-30,KBS:UPCOM:TUG,TUG,1,development
2024-08-30,KBS:UPCOM:TV1,TV1,1,development
2024-08-30,KBS:UPCOM:TVN,TVN,1,development
2024-08-30,KBS:UPCOM:UDC,UDC,1,development
2024-08-30,KBS:UPCOM:USC,USC,1,development
2024-08-30,KBS:UPCOM:VAV,VAV,1,development
2024-08-30,KBS:UPCOM:VCP,VCP,1,development
2024-08-30,KBS:UPCOM:VCR,VCR,1,development
2024-08-30,KBS:UPCOM:VDN,VDN,1,development
2024-08-30,KBS:UPCOM:VEA,VEA,1,development
2024-08-30,KBS:UPCOM:VGG,VGG,1,development
2024-08-30,KBS:UPCOM:VGI,VGI,1,development
2024-08-30,KBS:UPCOM:VGT,VGT,1,development
2024-08-30,KBS:UPCOM:VHG,VHG,1,development
2024-08-30,KBS:UPCOM:VIM,VIM,1,development
2024-08-30,KBS:UPCOM:VIN,VIN,1,development
2024-08-30,KBS:UPCOM:VIW,VIW,1,development
2024-08-30,KBS:UPCOM:VKC,VKC,1,development
2024-08-30,KBS:UPCOM:VLG,VLG,1,development
2024-08-30,KBS:UPCOM:VLW,VLW,1,development
2024-08-30,KBS:UPCOM:VNB,VNB,1,development
2024-08-30,KBS:UPCOM:VPR,VPR,1,development
2024-08-30,KBS:UPCOM:VSE,VSE,1,development
2024-08-30,KBS:UPCOM:VST,VST,1,development
2024-08-30,KBS:UPCOM:VTK,VTK,1,development
2024-08-30,KBS:UPCOM:VW3,VW3,1,development
2024-08-30,KBS:UPCOM:WSB,WSB,1,development
2024-08-30,KBS:UPCOM:XMC,XMC,1,development
2024-08-30,KBS:UPCOM:XMP,XMP,1,development
2024-09-30,KBS:HNX:CST,CST,1,development
2024-09-30,KBS:HNX:MIC,MIC,1,development
2024-09-30,KBS:HOSE:AAM,AAM,1,development
2024-09-30,KBS:HOSE:AAT,AAT,1,development
2024-09-30,KBS:HOSE:ABR,ABR,1,development
2024-09-30,KBS:HOSE:ABS,ABS,1,development
2024-09-30,KBS:HOSE:ABT,ABT,1,development
2024-09-30,KBS:HOSE:ACC,ACC,1,development
2024-09-30,KBS:HOSE:ACG,ACG,1,development
2024-09-30,KBS:HOSE:ACL,ACL,1,development
2024-09-30,KBS:HOSE:ADP,ADP,1,development
2024-09-30,KBS:HOSE:ADS,ADS,1,development
2024-09-30,KBS:HOSE:AFX,AFX,1,development
2024-09-30,KBS:HOSE:AGG,AGG,1,development
2024-09-30,KBS:HOSE:AGR,AGR,1,development
2024-09-30,KBS:HOSE:ANT,ANT,1,development
2024-09-30,KBS:HOSE:ANV,ANV,1,development
2024-09-30,KBS:HOSE:APG,APG,1,development
2024-09-30,KBS:HOSE:APH,APH,1,development
2024-09-30,KBS:HOSE:ASM,ASM,1,development
2024-09-30,KBS:HOSE:ASP,ASP,1,development
2024-09-30,KBS:HOSE:AST,AST,1,development
2024-09-30,KBS:HOSE:BCE,BCE,1,development
2024-09-30,KBS:HOSE:BCM,BCM,1,development
2024-09-30,KBS:HOSE:BFC,BFC,1,development
2024-09-30,KBS:HOSE:BHN,BHN,1,development
2024-09-30,KBS:HOSE:BIC,BIC,1,development
2024-09-30,KBS:HOSE:BKG,BKG,1,development
2024-09-30,KBS:HOSE:BMI,BMI,1,development
2024-09-30,KBS:HOSE:BRC,BRC,1,development
2024-09-30,KBS:HOSE:BSI,BSI,1,development
2024-09-30,KBS:HOSE:BSR,BSR,1,development
2024-09-30,KBS:HOSE:BTP,BTP,1,development
2024-09-30,KBS:HOSE:BVH,BVH,1,development
2024-09-30,KBS:HOSE:C32,C32,1,development
2024-09-30,KBS:HOSE:CCI,CCI,1,development
2024-09-30,KBS:HOSE:CCL,CCL,1,development
2024-09-30,KBS:HOSE:CDC,CDC,1,development
2024-09-30,KBS:HOSE:CHP,CHP,1,development
2024-09-30,KBS:HOSE:CIG,CIG,1,development
2024-09-30,KBS:HOSE:CII,CII,1,development
2024-09-30,KBS:HOSE:CKG,CKG,1,development
2024-09-30,KBS:HOSE:CLC,CLC,1,development
2024-09-30,KBS:HOSE:CLW,CLW,1,development
2024-09-30,KBS:HOSE:CMV,CMV,1,development
2024-09-30,KBS:HOSE:CMX,CMX,1,development
2024-09-30,KBS:HOSE:CNG,CNG,1,development
2024-09-30,KBS:HOSE:COM,COM,1,development
2024-09-30,KBS:HOSE:CRC,CRC,1,development
2024-09-30,KBS:HOSE:CRE,CRE,1,development
2024-09-30,KBS:HOSE:CSV,CSV,1,development
2024-09-30,KBS:HOSE:CTD,CTD,1,development
2024-09-30,KBS:HOSE:CTF,CTF,1,development
2024-09-30,KBS:HOSE:CTI,CTI,1,development
2024-09-30,KBS:HOSE:CTR,CTR,1,development
2024-09-30,KBS:HOSE:CTS,CTS,1,development
2024-09-30,KBS:HOSE:CVT,CVT,1,development
2024-09-30,KBS:HOSE:D2D,D2D,1,development
2024-09-30,KBS:HOSE:DAH,DAH,1,development
2024-09-30,KBS:HOSE:DBC,DBC,1,development
2024-09-30,KBS:HOSE:DBD,DBD,1,development
2024-09-30,KBS:HOSE:DC4,DC4,1,development
2024-09-30,KBS:HOSE:DCL,DCL,1,development
2024-09-30,KBS:HOSE:DCM,DCM,1,development
2024-09-30,KBS:HOSE:DGC,DGC,0,development
2024-09-30,KBS:HOSE:DGW,DGW,1,development
2024-09-30,KBS:HOSE:DHA,DHA,1,development
2024-09-30,KBS:HOSE:DHC,DHC,1,development
2024-09-30,KBS:HOSE:DLG,DLG,1,development
2024-09-30,KBS:HOSE:DMC,DMC,1,development
2024-09-30,KBS:HOSE:DPG,DPG,1,development
2024-09-30,KBS:HOSE:DQC,DQC,1,development
2024-09-30,KBS:HOSE:DRC,DRC,1,development
2024-09-30,KBS:HOSE:DSC,DSC,1,development
2024-09-30,KBS:HOSE:DSN,DSN,1,development
2024-09-30,KBS:HOSE:DTA,DTA,1,development
2024-09-30,KBS:HOSE:DTL,DTL,1,development
2024-09-30,KBS:HOSE:DTT,DTT,1,development
2024-09-30,KBS:HOSE:DVP,DVP,1,development
2024-09-30,KBS:HOSE:DXG,DXG,0,development
2024-09-30,KBS:HOSE:DXS,DXS,1,development
2024-09-30,KBS:HOSE:DXV,DXV,1,development
2024-09-30,KBS:HOSE:EIB,EIB,0,development
2024-09-30,KBS:HOSE:EVE,EVE,1,development
2024-09-30,KBS:HOSE:EVF,EVF,1,development
2024-09-30,KBS:HOSE:EVG,EVG,1,development
2024-09-30,KBS:HOSE:FCM,FCM,1,development
2024-09-30,KBS:HOSE:FCN,FCN,1,development
2024-09-30,KBS:HOSE:FDC,FDC,1,development
2024-09-30,KBS:HOSE:FIR,FIR,1,development
2024-09-30,KBS:HOSE:FIT,FIT,1,development
2024-09-30,KBS:HOSE:FMC,FMC,1,development
2024-09-30,KBS:HOSE:FPT,FPT,0,development
2024-09-30,KBS:HOSE:FRT,FRT,1,development
2024-09-30,KBS:HOSE:FTS,FTS,1,development
2024-09-30,KBS:HOSE:GAS,GAS,1,development
2024-09-30,KBS:HOSE:GDT,GDT,1,development
2024-09-30,KBS:HOSE:GEG,GEG,1,development
2024-09-30,KBS:HOSE:GHC,GHC,1,development
2024-09-30,KBS:HOSE:GIL,GIL,1,development
2024-09-30,KBS:HOSE:GMD,GMD,1,development
2024-09-30,KBS:HOSE:GTA,GTA,1,development
2024-09-30,KBS:HOSE:HAG,HAG,1,development
2024-09-30,KBS:HOSE:HAP,HAP,1,development
2024-09-30,KBS:HOSE:HAR,HAR,1,development
2024-09-30,KBS:HOSE:HAS,HAS,1,development
2024-09-30,KBS:HOSE:HAX,HAX,1,development
2024-09-30,KBS:HOSE:HCD,HCD,1,development
2024-09-30,KBS:HOSE:HCM,HCM,0,development
2024-09-30,KBS:HOSE:HDC,HDC,1,development
2024-09-30,KBS:HOSE:HDG,HDG,1,development
2024-09-30,KBS:HOSE:HHP,HHP,1,development
2024-09-30,KBS:HOSE:HHV,HHV,1,development
2024-09-30,KBS:HOSE:HID,HID,1,development
2024-09-30,KBS:HOSE:HII,HII,1,development
2024-09-30,KBS:HOSE:HMC,HMC,1,development
2024-09-30,KBS:HOSE:HQC,HQC,1,development
2024-09-30,KBS:HOSE:HRC,HRC,1,development
2024-09-30,KBS:HOSE:HSG,HSG,0,development
2024-09-30,KBS:HOSE:HSL,HSL,1,development
2024-09-30,KBS:HOSE:HTI,HTI,1,development
2024-09-30,KBS:HOSE:HTL,HTL,1,development
2024-09-30,KBS:HOSE:HTN,HTN,1,development
2024-09-30,KBS:HOSE:HTV,HTV,1,development
2024-09-30,KBS:HOSE:HUB,HUB,1,development
2024-09-30,KBS:HOSE:HVN,HVN,1,development
2024-09-30,KBS:HOSE:ICT,ICT,1,development
2024-09-30,KBS:HOSE:IJC,IJC,1,development
2024-09-30,KBS:HOSE:ILB,ILB,1,development
2024-09-30,KBS:HOSE:ITC,ITC,1,development
2024-09-30,KBS:HOSE:ITD,ITD,1,development
2024-09-30,KBS:HOSE:JVC,JVC,1,development
2024-09-30,KBS:HOSE:KBC,KBC,1,development
2024-09-30,KBS:HOSE:KDC,KDC,1,development
2024-09-30,KBS:HOSE:KDH,KDH,1,development
2024-09-30,KBS:HOSE:KHG,KHG,1,development
2024-09-30,KBS:HOSE:KHP,KHP,1,development
2024-09-30,KBS:HOSE:KLB,KLB,1,development
2024-09-30,KBS:HOSE:KMR,KMR,1,development
2024-09-30,KBS:HOSE:KOS,KOS,1,development
2024-09-30,KBS:HOSE:KSB,KSB,1,development
2024-09-30,KBS:HOSE:L10,L10,1,development
2024-09-30,KBS:HOSE:LAF,LAF,1,development
2024-09-30,KBS:HOSE:LBM,LBM,1,development
2024-09-30,KBS:HOSE:LCG,LCG,1,development
2024-09-30,KBS:HOSE:LDG,LDG,1,development
2024-09-30,KBS:HOSE:LGL,LGL,1,development
2024-09-30,KBS:HOSE:LHG,LHG,1,development
2024-09-30,KBS:HOSE:LIX,LIX,1,development
2024-09-30,KBS:HOSE:LM8,LM8,1,development
2024-09-30,KBS:HOSE:LPB,LPB,1,development
2024-09-30,KBS:HOSE:LSS,LSS,1,development
2024-09-30,KBS:HOSE:MBB,MBB,0,development
2024-09-30,KBS:HOSE:MCH,MCH,1,development
2024-09-30,KBS:HOSE:MCP,MCP,1,development
2024-09-30,KBS:HOSE:MDG,MDG,1,development
2024-09-30,KBS:HOSE:MHC,MHC,1,development
2024-09-30,KBS:HOSE:MIG,MIG,1,development
2024-09-30,KBS:HOSE:MSB,MSB,1,development
2024-09-30,KBS:HOSE:MSH,MSH,1,development
2024-09-30,KBS:HOSE:MWG,MWG,0,development
2024-09-30,KBS:HOSE:NAF,NAF,1,development
2024-09-30,KBS:HOSE:NAV,NAV,1,development
2024-09-30,KBS:HOSE:NBB,NBB,1,development
2024-09-30,KBS:HOSE:NCT,NCT,1,development
2024-09-30,KBS:HOSE:NHA,NHA,1,development
2024-09-30,KBS:HOSE:NHT,NHT,1,development
2024-09-30,KBS:HOSE:NKG,NKG,1,development
2024-09-30,KBS:HOSE:NLG,NLG,1,development
2024-09-30,KBS:HOSE:NNC,NNC,1,development
2024-09-30,KBS:HOSE:NTC,NTC,1,development
2024-09-30,KBS:HOSE:NVL,NVL,1,development
2024-09-30,KBS:HOSE:NVT,NVT,1,development
2024-09-30,KBS:HOSE:OCB,OCB,1,development
2024-09-30,KBS:HOSE:OGC,OGC,1,development
2024-09-30,KBS:HOSE:OPC,OPC,1,development
2024-09-30,KBS:HOSE:PAC,PAC,1,development
2024-09-30,KBS:HOSE:PAN,PAN,1,development
2024-09-30,KBS:HOSE:PDN,PDN,1,development
2024-09-30,KBS:HOSE:PDV,PDV,1,development
2024-09-30,KBS:HOSE:PGC,PGC,1,development
2024-09-30,KBS:HOSE:PGD,PGD,1,development
2024-09-30,KBS:HOSE:PGV,PGV,1,development
2024-09-30,KBS:HOSE:PHR,PHR,1,development
2024-09-30,KBS:HOSE:PIT,PIT,1,development
2024-09-30,KBS:HOSE:PLP,PLP,1,development
2024-09-30,KBS:HOSE:PLX,PLX,1,development
2024-09-30,KBS:HOSE:PNC,PNC,1,development
2024-09-30,KBS:HOSE:PNJ,PNJ,1,development
2024-09-30,KBS:HOSE:PTB,PTB,1,development
2024-09-30,KBS:HOSE:PTC,PTC,1,development
2024-09-30,KBS:HOSE:PTL,PTL,1,development
2024-09-30,KBS:HOSE:PVP,PVP,1,development
2024-09-30,KBS:HOSE:PVT,PVT,1,development
2024-09-30,KBS:HOSE:QCG,QCG,1,development
2024-09-30,KBS:HOSE:RAL,RAL,1,development
2024-09-30,KBS:HOSE:S4A,S4A,1,development
2024-09-30,KBS:HOSE:SAB,SAB,1,development
2024-09-30,KBS:HOSE:SAM,SAM,1,development
2024-09-30,KBS:HOSE:SAV,SAV,1,development
2024-09-30,KBS:HOSE:SBA,SBA,1,development
2024-09-30,KBS:HOSE:SBV,SBV,1,development
2024-09-30,KBS:HOSE:SC5,SC5,1,development
2024-09-30,KBS:HOSE:SCR,SCR,1,development
2024-09-30,KBS:HOSE:SCS,SCS,1,development
2024-09-30,KBS:HOSE:SFI,SFI,1,development
2024-09-30,KBS:HOSE:SGR,SGR,1,development
2024-09-30,KBS:HOSE:SGT,SGT,1,development
2024-09-30,KBS:HOSE:SHA,SHA,1,development
2024-09-30,KBS:HOSE:SHB,SHB,0,development
2024-09-30,KBS:HOSE:SHI,SHI,1,development
2024-09-30,KBS:HOSE:SHP,SHP,1,development
2024-09-30,KBS:HOSE:SIP,SIP,1,development
2024-09-30,KBS:HOSE:SJD,SJD,1,development
2024-09-30,KBS:HOSE:SJS,SJS,1,development
2024-09-30,KBS:HOSE:SMA,SMA,1,development
2024-09-30,KBS:HOSE:SMB,SMB,1,development
2024-09-30,KBS:HOSE:SMC,SMC,1,development
2024-09-30,KBS:HOSE:SPM,SPM,1,development
2024-09-30,KBS:HOSE:SRC,SRC,1,development
2024-09-30,KBS:HOSE:SRF,SRF,1,development
2024-09-30,KBS:HOSE:SSB,SSB,0,development
2024-09-30,KBS:HOSE:SSC,SSC,1,development
2024-09-30,KBS:HOSE:STB,STB,0,development
2024-09-30,KBS:HOSE:STG,STG,1,development
2024-09-30,KBS:HOSE:STK,STK,1,development
2024-09-30,KBS:HOSE:SVC,SVC,1,development
2024-09-30,KBS:HOSE:SVT,SVT,1,development
2024-09-30,KBS:HOSE:TCB,TCB,0,development
2024-09-30,KBS:HOSE:TCL,TCL,1,development
2024-09-30,KBS:HOSE:TCM,TCM,1,development
2024-09-30,KBS:HOSE:TCO,TCO,1,development
2024-09-30,KBS:HOSE:TCR,TCR,1,development
2024-09-30,KBS:HOSE:TDC,TDC,1,development
2024-09-30,KBS:HOSE:TDG,TDG,1,development
2024-09-30,KBS:HOSE:TDP,TDP,1,development
2024-09-30,KBS:HOSE:TDW,TDW,1,development
2024-09-30,KBS:HOSE:TEG,TEG,1,development
2024-09-30,KBS:HOSE:THG,THG,1,development
2024-09-30,KBS:HOSE:TIP,TIP,1,development
2024-09-30,KBS:HOSE:TIX,TIX,1,development
2024-09-30,KBS:HOSE:TLG,TLG,1,development
2024-09-30,KBS:HOSE:TLH,TLH,1,development
2024-09-30,KBS:HOSE:TMS,TMS,1,development
2024-09-30,KBS:HOSE:TMT,TMT,1,development
2024-09-30,KBS:HOSE:TNC,TNC,1,development
2024-09-30,KBS:HOSE:TNH,TNH,1,development
2024-09-30,KBS:HOSE:TNI,TNI,1,development
2024-09-30,KBS:HOSE:TNT,TNT,1,development
2024-09-30,KBS:HOSE:TPB,TPB,0,development
2024-09-30,KBS:HOSE:TRA,TRA,1,development
2024-09-30,KBS:HOSE:TRC,TRC,1,development
2024-09-30,KBS:HOSE:TTE,TTE,1,development
2024-09-30,KBS:HOSE:TV2,TV2,1,development
2024-09-30,KBS:HOSE:TVB,TVB,1,development
2024-09-30,KBS:HOSE:TVS,TVS,1,development
2024-09-30,KBS:HOSE:TVT,TVT,1,development
2024-09-30,KBS:HOSE:UIC,UIC,1,development
2024-09-30,KBS:HOSE:VAB,VAB,1,development
2024-09-30,KBS:HOSE:VCA,VCA,1,development
2024-09-30,KBS:HOSE:VCG,VCG,1,development
2024-09-30,KBS:HOSE:VDS,VDS,1,development
2024-09-30,KBS:HOSE:VFG,VFG,1,development
2024-09-30,KBS:HOSE:VGC,VGC,1,development
2024-09-30,KBS:HOSE:VHM,VHM,0,development
2024-09-30,KBS:HOSE:VID,VID,1,development
2024-09-30,KBS:HOSE:VIP,VIP,1,development
2024-09-30,KBS:HOSE:VIX,VIX,0,development
2024-09-30,KBS:HOSE:VJC,VJC,1,development
2024-09-30,KBS:HOSE:VND,VND,1,development
2024-09-30,KBS:HOSE:VNG,VNG,1,development
2024-09-30,KBS:HOSE:VOS,VOS,1,development
2024-09-30,KBS:HOSE:VPB,VPB,0,development
2024-09-30,KBS:HOSE:VPG,VPG,1,development
2024-09-30,KBS:HOSE:VPS,VPS,1,development
2024-09-30,KBS:HOSE:VSH,VSH,1,development
2024-09-30,KBS:HOSE:VSI,VSI,1,development
2024-09-30,KBS:HOSE:VTO,VTO,1,development
2024-09-30,KBS:UPCOM:A32,A32,1,development
2024-09-30,KBS:UPCOM:AAS,AAS,1,development
2024-09-30,KBS:UPCOM:ABB,ABB,1,development
2024-09-30,KBS:UPCOM:ABC,ABC,1,development
2024-09-30,KBS:UPCOM:ABI,ABI,1,development
2024-09-30,KBS:UPCOM:ACE,ACE,1,development
2024-09-30,KBS:UPCOM:ACM,ACM,1,development
2024-09-30,KBS:UPCOM:ACS,ACS,1,development
2024-09-30,KBS:UPCOM:ACV,ACV,1,development
2024-09-30,KBS:UPCOM:AG1,AG1,1,development
2024-09-30,KBS:UPCOM:AGF,AGF,1,development
2024-09-30,KBS:UPCOM:AGP,AGP,1,development
2024-09-30,KBS:UPCOM:AGX,AGX,1,development
2024-09-30,KBS:UPCOM:AIC,AIC,1,development
2024-09-30,KBS:UPCOM:ALV,ALV,1,development
2024-09-30,KBS:UPCOM:AMP,AMP,1,development
2024-09-30,KBS:UPCOM:AMS,AMS,1,development
2024-09-30,KBS:UPCOM:APF,APF,1,development
2024-09-30,KBS:UPCOM:APL,APL,1,development
2024-09-30,KBS:UPCOM:APT,APT,1,development
2024-09-30,KBS:UPCOM:ART,ART,1,development
2024-09-30,KBS:UPCOM:ATA,ATA,1,development
2024-09-30,KBS:UPCOM:ATG,ATG,1,development
2024-09-30,KBS:UPCOM:AVC,AVC,1,development
2024-09-30,KBS:UPCOM:BAL,BAL,1,development
2024-09-30,KBS:UPCOM:BBH,BBH,1,development
2024-09-30,KBS:UPCOM:BBM,BBM,1,development
2024-09-30,KBS:UPCOM:BBT,BBT,1,development
2024-09-30,KBS:UPCOM:BCA,BCA,1,development
2024-09-30,KBS:UPCOM:BCB,BCB,1,development
2024-09-30,KBS:UPCOM:BCP,BCP,1,development
2024-09-30,KBS:UPCOM:BDG,BDG,1,development
2024-09-30,KBS:UPCOM:BDT,BDT,1,development
2024-09-30,KBS:UPCOM:BDW,BDW,1,development
2024-09-30,KBS:UPCOM:BEL,BEL,1,development
2024-09-30,KBS:UPCOM:BGW,BGW,1,development
2024-09-30,KBS:UPCOM:BHA,BHA,1,development
2024-09-30,KBS:UPCOM:BHC,BHC,1,development
2024-09-30,KBS:UPCOM:BHG,BHG,1,development
2024-09-30,KBS:UPCOM:BHK,BHK,1,development
2024-09-30,KBS:UPCOM:BHP,BHP,1,development
2024-09-30,KBS:UPCOM:BIO,BIO,1,development
2024-09-30,KBS:UPCOM:BLI,BLI,1,development
2024-09-30,KBS:UPCOM:BLN,BLN,1,development
2024-09-30,KBS:UPCOM:BLT,BLT,1,development
2024-09-30,KBS:UPCOM:BMD,BMD,1,development
2024-09-30,KBS:UPCOM:BMF,BMF,1,development
2024-09-30,KBS:UPCOM:BMG,BMG,1,development
2024-09-30,KBS:UPCOM:BMJ,BMJ,1,development
2024-09-30,KBS:UPCOM:BMS,BMS,1,development
2024-09-30,KBS:UPCOM:BMV,BMV,1,development
2024-09-30,KBS:UPCOM:BNW,BNW,1,development
2024-09-30,KBS:UPCOM:BQB,BQB,1,development
2024-09-30,KBS:UPCOM:BRR,BRR,1,development
2024-09-30,KBS:UPCOM:BRS,BRS,1,development
2024-09-30,KBS:UPCOM:BSD,BSD,1,development
2024-09-30,KBS:UPCOM:BSG,BSG,1,development
2024-09-30,KBS:UPCOM:BSH,BSH,1,development
2024-09-30,KBS:UPCOM:BSL,BSL,1,development
2024-09-30,KBS:UPCOM:BSP,BSP,1,development
2024-09-30,KBS:UPCOM:BSQ,BSQ,1,development
2024-09-30,KBS:UPCOM:BTB,BTB,1,development
2024-09-30,KBS:UPCOM:BTD,BTD,1,development
2024-09-30,KBS:UPCOM:BTG,BTG,1,development
2024-09-30,KBS:UPCOM:BTN,BTN,1,development
2024-09-30,KBS:UPCOM:BTU,BTU,1,development
2024-09-30,KBS:UPCOM:BTV,BTV,1,development
2024-09-30,KBS:UPCOM:BVG,BVG,1,development
2024-09-30,KBS:UPCOM:BVL,BVL,1,development
2024-09-30,KBS:UPCOM:BVN,BVN,1,development
2024-09-30,KBS:UPCOM:BWA,BWA,1,development
2024-09-30,KBS:UPCOM:BWS,BWS,1,development
2024-09-30,KBS:UPCOM:C22,C22,1,development
2024-09-30,KBS:UPCOM:C4G,C4G,1,development
2024-09-30,KBS:UPCOM:C92,C92,1,development
2024-09-30,KBS:UPCOM:CAD,CAD,1,development
2024-09-30,KBS:UPCOM:CAT,CAT,1,development
2024-09-30,KBS:UPCOM:CBI,CBI,1,development
2024-09-30,KBS:UPCOM:CBS,CBS,1,development
2024-09-30,KBS:UPCOM:CC1,CC1,1,development
2024-09-30,KBS:UPCOM:CCA,CCA,1,development
2024-09-30,KBS:UPCOM:CCM,CCM,1,development
2024-09-30,KBS:UPCOM:CCP,CCP,1,development
2024-09-30,KBS:UPCOM:CCT,CCT,1,development
2024-09-30,KBS:UPCOM:CCV,CCV,1,development
2024-09-30,KBS:UPCOM:CDP,CDP,1,development
2024-09-30,KBS:UPCOM:CDR,CDR,1,development
2024-09-30,KBS:UPCOM:CEN,CEN,1,development
2024-09-30,KBS:UPCOM:CFM,CFM,1,development
2024-09-30,KBS:UPCOM:CFV,CFV,1,development
2024-09-30,KBS:UPCOM:CH5,CH5,1,development
2024-09-30,KBS:UPCOM:CHC,CHC,1,development
2024-09-30,KBS:UPCOM:CHS,CHS,1,development
2024-09-30,KBS:UPCOM:CI5,CI5,1,development
2024-09-30,KBS:UPCOM:CID,CID,1,development
2024-09-30,KBS:UPCOM:CKA,CKA,1,development
2024-09-30,KBS:UPCOM:CKD,CKD,1,development
2024-09-30,KBS:UPCOM:CLX,CLX,1,development
2024-09-30,KBS:UPCOM:CMD,CMD,1,development
2024-09-30,KBS:UPCOM:CMF,CMF,1,development
2024-09-30,KBS:UPCOM:CMI,CMI,1,development
2024-09-30,KBS:UPCOM:CMK,CMK,1,development
2024-09-30,KBS:UPCOM:CMN,CMN,1,development
2024-09-30,KBS:UPCOM:CMT,CMT,1,development
2024-09-30,KBS:UPCOM:CMW,CMW,1,development
2024-09-30,KBS:UPCOM:CNC,CNC,1,development
2024-09-30,KBS:UPCOM:CNN,CNN,1,development
2024-09-30,KBS:UPCOM:CNT,CNT,1,development
2024-09-30,KBS:UPCOM:CPA,CPA,1,development
2024-09-30,KBS:UPCOM:CPI,CPI,1,development
2024-09-30,KBS:UPCOM:CQN,CQN,1,development
2024-09-30,KBS:UPCOM:CQT,CQT,1,development
2024-09-30,KBS:UPCOM:CT3,CT3,1,development
2024-09-30,KBS:UPCOM:CTW,CTW,1,development
2024-09-30,KBS:UPCOM:DAS,DAS,1,development
2024-09-30,KBS:UPCOM:DBM,DBM,1,development
2024-09-30,KBS:UPCOM:DC1,DC1,1,development
2024-09-30,KBS:UPCOM:DCF,DCF,1,development
2024-09-30,KBS:UPCOM:DCH,DCH,1,development
2024-09-30,KBS:UPCOM:DCR,DCR,1,development
2024-09-30,KBS:UPCOM:DCS,DCS,1,development
2024-09-30,KBS:UPCOM:DCT,DCT,1,development
2024-09-30,KBS:UPCOM:DDH,DDH,1,development
2024-09-30,KBS:UPCOM:DDM,DDM,1,development
2024-09-30,KBS:UPCOM:DDN,DDN,1,development
2024-09-30,KBS:UPCOM:DDV,DDV,1,development
2024-09-30,KBS:UPCOM:DFC,DFC,1,development
2024-09-30,KBS:UPCOM:DGT,DGT,1,development
2024-09-30,KBS:UPCOM:DHB,DHB,1,development
2024-09-30,KBS:UPCOM:DHD,DHD,1,development
2024-09-30,KBS:UPCOM:DHN,DHN,1,development
2024-09-30,KBS:UPCOM:DIC,DIC,1,development
2024-09-30,KBS:UPCOM:DID,DID,1,development
2024-09-30,KBS:UPCOM:DKC,DKC,1,development
2024-09-30,KBS:UPCOM:DLR,DLR,1,development
2024-09-30,KBS:UPCOM:DLT,DLT,1,development
2024-09-30,KBS:UPCOM:DM7,DM7,1,development
2024-09-30,KBS:UPCOM:DNA,DNA,1,development
2024-09-30,KBS:UPCOM:DND,DND,1,development
2024-09-30,KBS:UPCOM:DNE,DNE,1,development
2024-09-30,KBS:UPCOM:DNH,DNH,1,development
2024-09-30,KBS:UPCOM:DNL,DNL,1,development
2024-09-30,KBS:UPCOM:DNM,DNM,1,development
2024-09-30,KBS:UPCOM:DNT,DNT,1,development
2024-09-30,KBS:UPCOM:DNW,DNW,1,development
2024-09-30,KBS:UPCOM:DOC,DOC,1,development
2024-09-30,KBS:UPCOM:DOP,DOP,1,development
2024-09-30,KBS:UPCOM:DP1,DP1,1,development
2024-09-30,KBS:UPCOM:DPH,DPH,1,development
2024-09-30,KBS:UPCOM:DPP,DPP,1,development
2024-09-30,KBS:UPCOM:DRG,DRG,1,development
2024-09-30,KBS:UPCOM:DRI,DRI,1,development
2024-09-30,KBS:UPCOM:DSG,DSG,1,development
2024-09-30,KBS:UPCOM:DSP,DSP,1,development
2024-09-30,KBS:UPCOM:DTI,DTI,1,development
2024-09-30,KBS:UPCOM:DTP,DTP,1,development
2024-09-30,KBS:UPCOM:DUS,DUS,1,development
2024-09-30,KBS:UPCOM:DVC,DVC,1,development
2024-09-30,KBS:UPCOM:DVW,DVW,1,development
2024-09-30,KBS:UPCOM:DWS,DWS,1,development
2024-09-30,KBS:UPCOM:DXL,DXL,1,development
2024-09-30,KBS:UPCOM:E12,E12,1,development
2024-09-30,KBS:UPCOM:E29,E29,1,development
2024-09-30,KBS:UPCOM:EIC,EIC,1,development
2024-09-30,KBS:UPCOM:EIN,EIN,1,development
2024-09-30,KBS:UPCOM:EMG,EMG,1,development
2024-09-30,KBS:UPCOM:EMS,EMS,1,development
2024-09-30,KBS:UPCOM:FCC,FCC,1,development
2024-09-30,KBS:UPCOM:FCS,FCS,1,development
2024-09-30,KBS:UPCOM:FHN,FHN,1,development
2024-09-30,KBS:UPCOM:FHS,FHS,1,development
2024-09-30,KBS:UPCOM:FIC,FIC,1,development
2024-09-30,KBS:UPCOM:FOC,FOC,1,development
2024-09-30,KBS:UPCOM:FOX,FOX,1,development
2024-09-30,KBS:UPCOM:FRC,FRC,1,development
2024-09-30,KBS:UPCOM:FRM,FRM,1,development
2024-09-30,KBS:UPCOM:FT1,FT1,1,development
2024-09-30,KBS:UPCOM:FTI,FTI,1,development
2024-09-30,KBS:UPCOM:FTM,FTM,1,development
2024-09-30,KBS:UPCOM:G36,G36,1,development
2024-09-30,KBS:UPCOM:GCB,GCB,1,development
2024-09-30,KBS:UPCOM:GER,GER,1,development
2024-09-30,KBS:UPCOM:GGG,GGG,1,development
2024-09-30,KBS:UPCOM:GH3,GH3,1,development
2024-09-30,KBS:UPCOM:GLC,GLC,1,development
2024-09-30,KBS:UPCOM:GMC,GMC,1,development
2024-09-30,KBS:UPCOM:GND,GND,1,development
2024-09-30,KBS:UPCOM:GSM,GSM,1,development
2024-09-30,KBS:UPCOM:GTD,GTD,1,development
2024-09-30,KBS:UPCOM:GTS,GTS,1,development
2024-09-30,KBS:UPCOM:H11,H11,1,development
2024-09-30,KBS:UPCOM:HAC,HAC,1,development
2024-09-30,KBS:UPCOM:HAF,HAF,1,development
2024-09-30,KBS:UPCOM:HAM,HAM,1,development
2024-09-30,KBS:UPCOM:HAN,HAN,1,development
2024-09-30,KBS:UPCOM:HBD,HBD,1,development
2024-09-30,KBS:UPCOM:HBH,HBH,1,development
2024-09-30,KBS:UPCOM:HD6,HD6,1,development
2024-09-30,KBS:UPCOM:HDW,HDW,1,development
2024-09-30,KBS:UPCOM:HEJ,HEJ,1,development
2024-09-30,KBS:UPCOM:HEP,HEP,1,development
2024-09-30,KBS:UPCOM:HES,HES,1,development
2024-09-30,KBS:UPCOM:HHG,HHG,1,development
2024-09-30,KBS:UPCOM:HLB,HLB,1,development
2024-09-30,KBS:UPCOM:HLS,HLS,1,development
2024-09-30,KBS:UPCOM:HND,HND,1,development
2024-09-30,KBS:UPCOM:HNF,HNF,1,development
2024-09-30,KBS:UPCOM:HNM,HNM,1,development
2024-09-30,KBS:UPCOM:HPH,HPH,1,development
2024-09-30,KBS:UPCOM:HPT,HPT,1,development
2024-09-30,KBS:UPCOM:HTM,HTM,1,development
2024-09-30,KBS:UPCOM:HWS,HWS,1,development
2024-09-30,KBS:UPCOM:ICI,ICI,1,development
2024-09-30,KBS:UPCOM:ICN,ICN,1,development
2024-09-30,KBS:UPCOM:IFS,IFS,1,development
2024-09-30,KBS:UPCOM:ILA,ILA,1,development
2024-09-30,KBS:UPCOM:ILC,ILC,1,development
2024-09-30,KBS:UPCOM:ILS,ILS,1,development
2024-09-30,KBS:UPCOM:IST,IST,1,development
2024-09-30,KBS:UPCOM:JOS,JOS,1,development
2024-09-30,KBS:UPCOM:KHW,KHW,1,development
2024-09-30,KBS:UPCOM:KIP,KIP,1,development
2024-09-30,KBS:UPCOM:L63,L63,1,development
2024-09-30,KBS:UPCOM:LAI,LAI,1,development
2024-09-30,KBS:UPCOM:LIC,LIC,1,development
2024-09-30,KBS:UPCOM:LLM,LLM,1,development
2024-09-30,KBS:UPCOM:LMI,LMI,1,development
2024-09-30,KBS:UPCOM:LTC,LTC,1,development
2024-09-30,KBS:UPCOM:MDF,MDF,1,development
2024-09-30,KBS:UPCOM:MEC,MEC,1,development
2024-09-30,KBS:UPCOM:MFS,MFS,1,development
2024-09-30,KBS:UPCOM:MGC,MGC,1,development
2024-09-30,KBS:UPCOM:MGG,MGG,1,development
2024-09-30,KBS:UPCOM:MPC,MPC,1,development
2024-09-30,KBS:UPCOM:MSR,MSR,1,development
2024-09-30,KBS:UPCOM:MVN,MVN,1,development
2024-09-30,KBS:UPCOM:NAU,NAU,1,development
2024-09-30,KBS:UPCOM:NBT,NBT,1,development
2024-09-30,KBS:UPCOM:ND2,ND2,1,development
2024-09-30,KBS:UPCOM:NOS,NOS,1,development
2024-09-30,KBS:UPCOM:NQN,NQN,1,development
2024-09-30,KBS:UPCOM:NTT,NTT,1,development
2024-09-30,KBS:UPCOM:NTW,NTW,1,development
2024-09-30,KBS:UPCOM:NUE,NUE,1,development
2024-09-30,KBS:UPCOM:OIL,OIL,1,development
2024-09-30,KBS:UPCOM:PCC,PCC,1,development
2024-09-30,KBS:UPCOM:PCF,PCF,1,development
2024-09-30,KBS:UPCOM:PFL,PFL,1,development
2024-09-30,KBS:UPCOM:PHP,PHP,1,development
2024-09-30,KBS:UPCOM:PHS,PHS,1,development
2024-09-30,KBS:UPCOM:PVE,PVE,1,development
2024-09-30,KBS:UPCOM:PVL,PVL,1,development
2024-09-30,KBS:UPCOM:PVX,PVX,1,development
2024-09-30,KBS:UPCOM:PWA,PWA,1,development
2024-09-30,KBS:UPCOM:PWS,PWS,1,development
2024-09-30,KBS:UPCOM:PXA,PXA,1,development
2024-09-30,KBS:UPCOM:PXI,PXI,1,development
2024-09-30,KBS:UPCOM:PXM,PXM,1,development
2024-09-30,KBS:UPCOM:PXS,PXS,1,development
2024-09-30,KBS:UPCOM:QCC,QCC,1,development
2024-09-30,KBS:UPCOM:QHW,QHW,1,development
2024-09-30,KBS:UPCOM:QNC,QNC,1,development
2024-09-30,KBS:UPCOM:QNS,QNS,1,development
2024-09-30,KBS:UPCOM:QPH,QPH,1,development
2024-09-30,KBS:UPCOM:QSP,QSP,1,development
2024-09-30,KBS:UPCOM:RIC,RIC,1,development
2024-09-30,KBS:UPCOM:S74,S74,1,development
2024-09-30,KBS:UPCOM:SBD,SBD,1,development
2024-09-30,KBS:UPCOM:SBM,SBM,1,development
2024-09-30,KBS:UPCOM:SCJ,SCJ,1,development
2024-09-30,KBS:UPCOM:SCL,SCL,1,development
2024-09-30,KBS:UPCOM:SD2,SD2,1,development
2024-09-30,KBS:UPCOM:SD7,SD7,1,development
2024-09-30,KBS:UPCOM:SDP,SDP,1,development
2024-09-30,KBS:UPCOM:SEA,SEA,1,development
2024-09-30,KBS:UPCOM:SGB,SGB,1,development
2024-09-30,KBS:UPCOM:SGS,SGS,1,development
2024-09-30,KBS:UPCOM:SID,SID,1,development
2024-09-30,KBS:UPCOM:SJG,SJG,1,development
2024-09-30,KBS:UPCOM:SKV,SKV,1,development
2024-09-30,KBS:UPCOM:SRB,SRB,1,development
2024-09-30,KBS:UPCOM:SSG,SSG,1,development
2024-09-30,KBS:UPCOM:SSH,SSH,1,development
2024-09-30,KBS:UPCOM:STT,STT,1,development
2024-09-30,KBS:UPCOM:SWC,SWC,1,development
2024-09-30,KBS:UPCOM:TDB,TDB,1,development
2024-09-30,KBS:UPCOM:TDS,TDS,1,development
2024-09-30,KBS:UPCOM:TGP,TGP,1,development
2024-09-30,KBS:UPCOM:THW,THW,1,development
2024-09-30,KBS:UPCOM:TIS,TIS,1,development
2024-09-30,KBS:UPCOM:TLP,TLP,1,development
2024-09-30,KBS:UPCOM:TNW,TNW,1,development
2024-09-30,KBS:UPCOM:TOS,TOS,1,development
2024-09-30,KBS:UPCOM:TOW,TOW,1,development
2024-09-30,KBS:UPCOM:TSD,TSD,1,development
2024-09-30,KBS:UPCOM:TST,TST,1,development
2024-09-30,KBS:UPCOM:TTD,TTD,1,development
2024-09-30,KBS:UPCOM:TTG,TTG,1,development
2024-09-30,KBS:UPCOM:TTS,TTS,1,development
2024-09-30,KBS:UPCOM:TUG,TUG,1,development
2024-09-30,KBS:UPCOM:TV1,TV1,1,development
2024-09-30,KBS:UPCOM:TVN,TVN,1,development
2024-09-30,KBS:UPCOM:UDC,UDC,1,development
2024-09-30,KBS:UPCOM:USC,USC,1,development
2024-09-30,KBS:UPCOM:VAV,VAV,1,development
2024-09-30,KBS:UPCOM:VCP,VCP,1,development
2024-09-30,KBS:UPCOM:VCR,VCR,1,development
2024-09-30,KBS:UPCOM:VDN,VDN,1,development
2024-09-30,KBS:UPCOM:VEA,VEA,1,development
2024-09-30,KBS:UPCOM:VGG,VGG,1,development
2024-09-30,KBS:UPCOM:VGI,VGI,1,development
2024-09-30,KBS:UPCOM:VGT,VGT,1,development
2024-09-30,KBS:UPCOM:VHG,VHG,1,development
2024-09-30,KBS:UPCOM:VIM,VIM,1,development
2024-09-30,KBS:UPCOM:VIN,VIN,1,development
2024-09-30,KBS:UPCOM:VIW,VIW,1,development
2024-09-30,KBS:UPCOM:VKC,VKC,1,development
2024-09-30,KBS:UPCOM:VLG,VLG,1,development
2024-09-30,KBS:UPCOM:VLW,VLW,1,development
2024-09-30,KBS:UPCOM:VNB,VNB,1,development
2024-09-30,KBS:UPCOM:VPR,VPR,1,development
2024-09-30,KBS:UPCOM:VSE,VSE,1,development
2024-09-30,KBS:UPCOM:VST,VST,1,development
2024-09-30,KBS:UPCOM:VTK,VTK,1,development
2024-09-30,KBS:UPCOM:VW3,VW3,1,development
2024-09-30,KBS:UPCOM:WSB,WSB,1,development
2024-09-30,KBS:UPCOM:XMC,XMC,1,development
2024-09-30,KBS:UPCOM:XMP,XMP,1,development
2024-10-31,KBS:HNX:CST,CST,1,development
2024-10-31,KBS:HNX:MIC,MIC,1,development
2024-10-31,KBS:HOSE:AAM,AAM,1,development
2024-10-31,KBS:HOSE:AAT,AAT,1,development
2024-10-31,KBS:HOSE:ABR,ABR,1,development
2024-10-31,KBS:HOSE:ABS,ABS,1,development
2024-10-31,KBS:HOSE:ABT,ABT,1,development
2024-10-31,KBS:HOSE:ACC,ACC,1,development
2024-10-31,KBS:HOSE:ACG,ACG,1,development
2024-10-31,KBS:HOSE:ACL,ACL,1,development
2024-10-31,KBS:HOSE:ADG,ADG,1,development
2024-10-31,KBS:HOSE:ADP,ADP,1,development
2024-10-31,KBS:HOSE:ADS,ADS,1,development
2024-10-31,KBS:HOSE:AFX,AFX,1,development
2024-10-31,KBS:HOSE:AGG,AGG,1,development
2024-10-31,KBS:HOSE:AGR,AGR,1,development
2024-10-31,KBS:HOSE:ANT,ANT,1,development
2024-10-31,KBS:HOSE:ANV,ANV,1,development
2024-10-31,KBS:HOSE:APG,APG,1,development
2024-10-31,KBS:HOSE:APH,APH,1,development
2024-10-31,KBS:HOSE:ASM,ASM,1,development
2024-10-31,KBS:HOSE:ASP,ASP,1,development
2024-10-31,KBS:HOSE:AST,AST,1,development
2024-10-31,KBS:HOSE:BCE,BCE,1,development
2024-10-31,KBS:HOSE:BCM,BCM,1,development
2024-10-31,KBS:HOSE:BFC,BFC,1,development
2024-10-31,KBS:HOSE:BHN,BHN,1,development
2024-10-31,KBS:HOSE:BIC,BIC,1,development
2024-10-31,KBS:HOSE:BKG,BKG,1,development
2024-10-31,KBS:HOSE:BMI,BMI,1,development
2024-10-31,KBS:HOSE:BRC,BRC,1,development
2024-10-31,KBS:HOSE:BSI,BSI,1,development
2024-10-31,KBS:HOSE:BSR,BSR,1,development
2024-10-31,KBS:HOSE:BTP,BTP,1,development
2024-10-31,KBS:HOSE:BVH,BVH,1,development
2024-10-31,KBS:HOSE:C32,C32,1,development
2024-10-31,KBS:HOSE:CCI,CCI,1,development
2024-10-31,KBS:HOSE:CCL,CCL,1,development
2024-10-31,KBS:HOSE:CDC,CDC,1,development
2024-10-31,KBS:HOSE:CHP,CHP,1,development
2024-10-31,KBS:HOSE:CIG,CIG,1,development
2024-10-31,KBS:HOSE:CII,CII,1,development
2024-10-31,KBS:HOSE:CKG,CKG,1,development
2024-10-31,KBS:HOSE:CLC,CLC,1,development
2024-10-31,KBS:HOSE:CLW,CLW,1,development
2024-10-31,KBS:HOSE:CMV,CMV,1,development
2024-10-31,KBS:HOSE:CMX,CMX,1,development
2024-10-31,KBS:HOSE:CNG,CNG,1,development
2024-10-31,KBS:HOSE:COM,COM,1,development
2024-10-31,KBS:HOSE:CRC,CRC,1,development
2024-10-31,KBS:HOSE:CRE,CRE,1,development
2024-10-31,KBS:HOSE:CSV,CSV,1,development
2024-10-31,KBS:HOSE:CTD,CTD,1,development
2024-10-31,KBS:HOSE:CTF,CTF,1,development
2024-10-31,KBS:HOSE:CTI,CTI,1,development
2024-10-31,KBS:HOSE:CTR,CTR,1,development
2024-10-31,KBS:HOSE:CTS,CTS,1,development
2024-10-31,KBS:HOSE:CVT,CVT,1,development
2024-10-31,KBS:HOSE:D2D,D2D,1,development
2024-10-31,KBS:HOSE:DAH,DAH,1,development
2024-10-31,KBS:HOSE:DBC,DBC,1,development
2024-10-31,KBS:HOSE:DBD,DBD,1,development
2024-10-31,KBS:HOSE:DC4,DC4,1,development
2024-10-31,KBS:HOSE:DCL,DCL,1,development
2024-10-31,KBS:HOSE:DCM,DCM,1,development
2024-10-31,KBS:HOSE:DGC,DGC,1,development
2024-10-31,KBS:HOSE:DGW,DGW,1,development
2024-10-31,KBS:HOSE:DHA,DHA,1,development
2024-10-31,KBS:HOSE:DHC,DHC,1,development
2024-10-31,KBS:HOSE:DLG,DLG,1,development
2024-10-31,KBS:HOSE:DMC,DMC,1,development
2024-10-31,KBS:HOSE:DPG,DPG,1,development
2024-10-31,KBS:HOSE:DQC,DQC,1,development
2024-10-31,KBS:HOSE:DRC,DRC,1,development
2024-10-31,KBS:HOSE:DSN,DSN,1,development
2024-10-31,KBS:HOSE:DTA,DTA,1,development
2024-10-31,KBS:HOSE:DTL,DTL,1,development
2024-10-31,KBS:HOSE:DTT,DTT,1,development
2024-10-31,KBS:HOSE:DVP,DVP,1,development
2024-10-31,KBS:HOSE:DXG,DXG,0,development
2024-10-31,KBS:HOSE:DXS,DXS,1,development
2024-10-31,KBS:HOSE:DXV,DXV,1,development
2024-10-31,KBS:HOSE:EIB,EIB,0,development
2024-10-31,KBS:HOSE:EVE,EVE,1,development
2024-10-31,KBS:HOSE:EVF,EVF,1,development
2024-10-31,KBS:HOSE:EVG,EVG,1,development
2024-10-31,KBS:HOSE:FCM,FCM,1,development
2024-10-31,KBS:HOSE:FCN,FCN,1,development
2024-10-31,KBS:HOSE:FDC,FDC,1,development
2024-10-31,KBS:HOSE:FIR,FIR,1,development
2024-10-31,KBS:HOSE:FIT,FIT,1,development
2024-10-31,KBS:HOSE:FMC,FMC,1,development
2024-10-31,KBS:HOSE:FPT,FPT,0,development
2024-10-31,KBS:HOSE:FRT,FRT,1,development
2024-10-31,KBS:HOSE:FTS,FTS,1,development
2024-10-31,KBS:HOSE:GAS,GAS,1,development
2024-10-31,KBS:HOSE:GDT,GDT,1,development
2024-10-31,KBS:HOSE:GEG,GEG,1,development
2024-10-31,KBS:HOSE:GHC,GHC,1,development
2024-10-31,KBS:HOSE:GIL,GIL,1,development
2024-10-31,KBS:HOSE:GMD,GMD,1,development
2024-10-31,KBS:HOSE:GTA,GTA,1,development
2024-10-31,KBS:HOSE:HAG,HAG,1,development
2024-10-31,KBS:HOSE:HAP,HAP,1,development
2024-10-31,KBS:HOSE:HAR,HAR,1,development
2024-10-31,KBS:HOSE:HAS,HAS,1,development
2024-10-31,KBS:HOSE:HAX,HAX,1,development
2024-10-31,KBS:HOSE:HCD,HCD,1,development
2024-10-31,KBS:HOSE:HCM,HCM,0,development
2024-10-31,KBS:HOSE:HDC,HDC,1,development
2024-10-31,KBS:HOSE:HDG,HDG,1,development
2024-10-31,KBS:HOSE:HHP,HHP,1,development
2024-10-31,KBS:HOSE:HHV,HHV,1,development
2024-10-31,KBS:HOSE:HID,HID,1,development
2024-10-31,KBS:HOSE:HII,HII,1,development
2024-10-31,KBS:HOSE:HMC,HMC,1,development
2024-10-31,KBS:HOSE:HQC,HQC,1,development
2024-10-31,KBS:HOSE:HRC,HRC,1,development
2024-10-31,KBS:HOSE:HSG,HSG,1,development
2024-10-31,KBS:HOSE:HSL,HSL,1,development
2024-10-31,KBS:HOSE:HTI,HTI,1,development
2024-10-31,KBS:HOSE:HTL,HTL,1,development
2024-10-31,KBS:HOSE:HTN,HTN,1,development
2024-10-31,KBS:HOSE:HTV,HTV,1,development
2024-10-31,KBS:HOSE:HU1,HU1,1,development
2024-10-31,KBS:HOSE:HUB,HUB,1,development
2024-10-31,KBS:HOSE:HVN,HVN,1,development
2024-10-31,KBS:HOSE:ICT,ICT,1,development
2024-10-31,KBS:HOSE:IJC,IJC,1,development
2024-10-31,KBS:HOSE:ILB,ILB,1,development
2024-10-31,KBS:HOSE:ITC,ITC,1,development
2024-10-31,KBS:HOSE:ITD,ITD,1,development
2024-10-31,KBS:HOSE:JVC,JVC,1,development
2024-10-31,KBS:HOSE:KBC,KBC,1,development
2024-10-31,KBS:HOSE:KDC,KDC,1,development
2024-10-31,KBS:HOSE:KDH,KDH,1,development
2024-10-31,KBS:HOSE:KHG,KHG,1,development
2024-10-31,KBS:HOSE:KHP,KHP,1,development
2024-10-31,KBS:HOSE:KLB,KLB,1,development
2024-10-31,KBS:HOSE:KMR,KMR,1,development
2024-10-31,KBS:HOSE:KOS,KOS,1,development
2024-10-31,KBS:HOSE:KSB,KSB,1,development
2024-10-31,KBS:HOSE:L10,L10,1,development
2024-10-31,KBS:HOSE:LAF,LAF,1,development
2024-10-31,KBS:HOSE:LBM,LBM,1,development
2024-10-31,KBS:HOSE:LCG,LCG,1,development
2024-10-31,KBS:HOSE:LDG,LDG,1,development
2024-10-31,KBS:HOSE:LGL,LGL,1,development
2024-10-31,KBS:HOSE:LHG,LHG,1,development
2024-10-31,KBS:HOSE:LIX,LIX,1,development
2024-10-31,KBS:HOSE:LM8,LM8,1,development
2024-10-31,KBS:HOSE:LPB,LPB,1,development
2024-10-31,KBS:HOSE:LSS,LSS,1,development
2024-10-31,KBS:HOSE:MBB,MBB,0,development
2024-10-31,KBS:HOSE:MCH,MCH,1,development
2024-10-31,KBS:HOSE:MCP,MCP,1,development
2024-10-31,KBS:HOSE:MDG,MDG,1,development
2024-10-31,KBS:HOSE:MHC,MHC,1,development
2024-10-31,KBS:HOSE:MIG,MIG,1,development
2024-10-31,KBS:HOSE:MSB,MSB,0,development
2024-10-31,KBS:HOSE:MSH,MSH,1,development
2024-10-31,KBS:HOSE:MWG,MWG,0,development
2024-10-31,KBS:HOSE:NAF,NAF,1,development
2024-10-31,KBS:HOSE:NAV,NAV,1,development
2024-10-31,KBS:HOSE:NBB,NBB,1,development
2024-10-31,KBS:HOSE:NCT,NCT,1,development
2024-10-31,KBS:HOSE:NHA,NHA,1,development
2024-10-31,KBS:HOSE:NHT,NHT,1,development
2024-10-31,KBS:HOSE:NKG,NKG,1,development
2024-10-31,KBS:HOSE:NLG,NLG,1,development
2024-10-31,KBS:HOSE:NNC,NNC,1,development
2024-10-31,KBS:HOSE:NTC,NTC,1,development
2024-10-31,KBS:HOSE:NVL,NVL,1,development
2024-10-31,KBS:HOSE:NVT,NVT,1,development
2024-10-31,KBS:HOSE:OCB,OCB,1,development
2024-10-31,KBS:HOSE:OGC,OGC,1,development
2024-10-31,KBS:HOSE:OPC,OPC,1,development
2024-10-31,KBS:HOSE:PAC,PAC,1,development
2024-10-31,KBS:HOSE:PAN,PAN,1,development
2024-10-31,KBS:HOSE:PDN,PDN,1,development
2024-10-31,KBS:HOSE:PDV,PDV,1,development
2024-10-31,KBS:HOSE:PGC,PGC,1,development
2024-10-31,KBS:HOSE:PGD,PGD,1,development
2024-10-31,KBS:HOSE:PGI,PGI,1,development
2024-10-31,KBS:HOSE:PGV,PGV,1,development
2024-10-31,KBS:HOSE:PHR,PHR,1,development
2024-10-31,KBS:HOSE:PIT,PIT,1,development
2024-10-31,KBS:HOSE:PLP,PLP,1,development
2024-10-31,KBS:HOSE:PLX,PLX,1,development
2024-10-31,KBS:HOSE:PNC,PNC,1,development
2024-10-31,KBS:HOSE:PNJ,PNJ,1,development
2024-10-31,KBS:HOSE:PTB,PTB,1,development
2024-10-31,KBS:HOSE:PTC,PTC,1,development
2024-10-31,KBS:HOSE:PTL,PTL,1,development
2024-10-31,KBS:HOSE:PVP,PVP,1,development
2024-10-31,KBS:HOSE:PVT,PVT,1,development
2024-10-31,KBS:HOSE:QCG,QCG,1,development
2024-10-31,KBS:HOSE:RAL,RAL,1,development
2024-10-31,KBS:HOSE:S4A,S4A,1,development
2024-10-31,KBS:HOSE:SAB,SAB,1,development
2024-10-31,KBS:HOSE:SAM,SAM,1,development
2024-10-31,KBS:HOSE:SAV,SAV,1,development
2024-10-31,KBS:HOSE:SBA,SBA,1,development
2024-10-31,KBS:HOSE:SBV,SBV,1,development
2024-10-31,KBS:HOSE:SC5,SC5,1,development
2024-10-31,KBS:HOSE:SCR,SCR,1,development
2024-10-31,KBS:HOSE:SCS,SCS,1,development
2024-10-31,KBS:HOSE:SFI,SFI,1,development
2024-10-31,KBS:HOSE:SGR,SGR,1,development
2024-10-31,KBS:HOSE:SGT,SGT,1,development
2024-10-31,KBS:HOSE:SHA,SHA,1,development
2024-10-31,KBS:HOSE:SHB,SHB,1,development
2024-10-31,KBS:HOSE:SHI,SHI,1,development
2024-10-31,KBS:HOSE:SHP,SHP,1,development
2024-10-31,KBS:HOSE:SIP,SIP,1,development
2024-10-31,KBS:HOSE:SJD,SJD,1,development
2024-10-31,KBS:HOSE:SJS,SJS,1,development
2024-10-31,KBS:HOSE:SMA,SMA,1,development
2024-10-31,KBS:HOSE:SMB,SMB,1,development
2024-10-31,KBS:HOSE:SMC,SMC,1,development
2024-10-31,KBS:HOSE:SPM,SPM,1,development
2024-10-31,KBS:HOSE:SRC,SRC,1,development
2024-10-31,KBS:HOSE:SRF,SRF,1,development
2024-10-31,KBS:HOSE:SSB,SSB,1,development
2024-10-31,KBS:HOSE:SSC,SSC,1,development
2024-10-31,KBS:HOSE:STB,STB,0,development
2024-10-31,KBS:HOSE:STG,STG,1,development
2024-10-31,KBS:HOSE:STK,STK,1,development
2024-10-31,KBS:HOSE:SVC,SVC,1,development
2024-10-31,KBS:HOSE:SVT,SVT,1,development
2024-10-31,KBS:HOSE:TCB,TCB,0,development
2024-10-31,KBS:HOSE:TCL,TCL,1,development
2024-10-31,KBS:HOSE:TCM,TCM,1,development
2024-10-31,KBS:HOSE:TCO,TCO,1,development
2024-10-31,KBS:HOSE:TCR,TCR,1,development
2024-10-31,KBS:HOSE:TDC,TDC,1,development
2024-10-31,KBS:HOSE:TDG,TDG,1,development
2024-10-31,KBS:HOSE:TDP,TDP,1,development
2024-10-31,KBS:HOSE:TDW,TDW,1,development
2024-10-31,KBS:HOSE:TEG,TEG,1,development
2024-10-31,KBS:HOSE:THG,THG,1,development
2024-10-31,KBS:HOSE:TIP,TIP,1,development
2024-10-31,KBS:HOSE:TIX,TIX,1,development
2024-10-31,KBS:HOSE:TLG,TLG,1,development
2024-10-31,KBS:HOSE:TLH,TLH,1,development
2024-10-31,KBS:HOSE:TMS,TMS,1,development
2024-10-31,KBS:HOSE:TMT,TMT,1,development
2024-10-31,KBS:HOSE:TNC,TNC,1,development
2024-10-31,KBS:HOSE:TNH,TNH,1,development
2024-10-31,KBS:HOSE:TNI,TNI,1,development
2024-10-31,KBS:HOSE:TNT,TNT,1,development
2024-10-31,KBS:HOSE:TPB,TPB,0,development
2024-10-31,KBS:HOSE:TRA,TRA,1,development
2024-10-31,KBS:HOSE:TRC,TRC,1,development
2024-10-31,KBS:HOSE:TTE,TTE,1,development
2024-10-31,KBS:HOSE:TV2,TV2,1,development
2024-10-31,KBS:HOSE:TVB,TVB,1,development
2024-10-31,KBS:HOSE:TVS,TVS,1,development
2024-10-31,KBS:HOSE:TVT,TVT,1,development
2024-10-31,KBS:HOSE:UIC,UIC,1,development
2024-10-31,KBS:HOSE:VAB,VAB,1,development
2024-10-31,KBS:HOSE:VCA,VCA,1,development
2024-10-31,KBS:HOSE:VCG,VCG,1,development
2024-10-31,KBS:HOSE:VDS,VDS,1,development
2024-10-31,KBS:HOSE:VFG,VFG,1,development
2024-10-31,KBS:HOSE:VGC,VGC,1,development
2024-10-31,KBS:HOSE:VHM,VHM,0,development
2024-10-31,KBS:HOSE:VID,VID,1,development
2024-10-31,KBS:HOSE:VIP,VIP,1,development
2024-10-31,KBS:HOSE:VIX,VIX,0,development
2024-10-31,KBS:HOSE:VJC,VJC,1,development
2024-10-31,KBS:HOSE:VND,VND,1,development
2024-10-31,KBS:HOSE:VNG,VNG,1,development
2024-10-31,KBS:HOSE:VOS,VOS,1,development
2024-10-31,KBS:HOSE:VPB,VPB,0,development
2024-10-31,KBS:HOSE:VPG,VPG,1,development
2024-10-31,KBS:HOSE:VPS,VPS,1,development
2024-10-31,KBS:HOSE:VSH,VSH,1,development
2024-10-31,KBS:HOSE:VSI,VSI,1,development
2024-10-31,KBS:HOSE:VTO,VTO,1,development
2024-10-31,KBS:UPCOM:A32,A32,1,development
2024-10-31,KBS:UPCOM:AAS,AAS,1,development
2024-10-31,KBS:UPCOM:ABB,ABB,1,development
2024-10-31,KBS:UPCOM:ABC,ABC,1,development
2024-10-31,KBS:UPCOM:ABI,ABI,1,development
2024-10-31,KBS:UPCOM:ACE,ACE,1,development
2024-10-31,KBS:UPCOM:ACM,ACM,1,development
2024-10-31,KBS:UPCOM:ACS,ACS,1,development
2024-10-31,KBS:UPCOM:ACV,ACV,1,development
2024-10-31,KBS:UPCOM:AG1,AG1,1,development
2024-10-31,KBS:UPCOM:AGF,AGF,1,development
2024-10-31,KBS:UPCOM:AGP,AGP,1,development
2024-10-31,KBS:UPCOM:AGX,AGX,1,development
2024-10-31,KBS:UPCOM:AIC,AIC,1,development
2024-10-31,KBS:UPCOM:ALV,ALV,1,development
2024-10-31,KBS:UPCOM:AMP,AMP,1,development
2024-10-31,KBS:UPCOM:AMS,AMS,1,development
2024-10-31,KBS:UPCOM:APF,APF,1,development
2024-10-31,KBS:UPCOM:APL,APL,1,development
2024-10-31,KBS:UPCOM:APT,APT,1,development
2024-10-31,KBS:UPCOM:ART,ART,1,development
2024-10-31,KBS:UPCOM:ATA,ATA,1,development
2024-10-31,KBS:UPCOM:ATG,ATG,1,development
2024-10-31,KBS:UPCOM:AVC,AVC,1,development
2024-10-31,KBS:UPCOM:BAL,BAL,1,development
2024-10-31,KBS:UPCOM:BBH,BBH,1,development
2024-10-31,KBS:UPCOM:BBM,BBM,1,development
2024-10-31,KBS:UPCOM:BBT,BBT,1,development
2024-10-31,KBS:UPCOM:BCA,BCA,1,development
2024-10-31,KBS:UPCOM:BCB,BCB,1,development
2024-10-31,KBS:UPCOM:BCP,BCP,1,development
2024-10-31,KBS:UPCOM:BDG,BDG,1,development
2024-10-31,KBS:UPCOM:BDT,BDT,1,development
2024-10-31,KBS:UPCOM:BDW,BDW,1,development
2024-10-31,KBS:UPCOM:BEL,BEL,1,development
2024-10-31,KBS:UPCOM:BGW,BGW,1,development
2024-10-31,KBS:UPCOM:BHA,BHA,1,development
2024-10-31,KBS:UPCOM:BHC,BHC,1,development
2024-10-31,KBS:UPCOM:BHG,BHG,1,development
2024-10-31,KBS:UPCOM:BHK,BHK,1,development
2024-10-31,KBS:UPCOM:BHP,BHP,1,development
2024-10-31,KBS:UPCOM:BIO,BIO,1,development
2024-10-31,KBS:UPCOM:BLI,BLI,1,development
2024-10-31,KBS:UPCOM:BLN,BLN,1,development
2024-10-31,KBS:UPCOM:BLT,BLT,1,development
2024-10-31,KBS:UPCOM:BMD,BMD,1,development
2024-10-31,KBS:UPCOM:BMF,BMF,1,development
2024-10-31,KBS:UPCOM:BMG,BMG,1,development
2024-10-31,KBS:UPCOM:BMJ,BMJ,1,development
2024-10-31,KBS:UPCOM:BMS,BMS,1,development
2024-10-31,KBS:UPCOM:BMV,BMV,1,development
2024-10-31,KBS:UPCOM:BNW,BNW,1,development
2024-10-31,KBS:UPCOM:BQB,BQB,1,development
2024-10-31,KBS:UPCOM:BRR,BRR,1,development
2024-10-31,KBS:UPCOM:BRS,BRS,1,development
2024-10-31,KBS:UPCOM:BSD,BSD,1,development
2024-10-31,KBS:UPCOM:BSG,BSG,1,development
2024-10-31,KBS:UPCOM:BSH,BSH,1,development
2024-10-31,KBS:UPCOM:BSL,BSL,1,development
2024-10-31,KBS:UPCOM:BSP,BSP,1,development
2024-10-31,KBS:UPCOM:BSQ,BSQ,1,development
2024-10-31,KBS:UPCOM:BTB,BTB,1,development
2024-10-31,KBS:UPCOM:BTD,BTD,1,development
2024-10-31,KBS:UPCOM:BTG,BTG,1,development
2024-10-31,KBS:UPCOM:BTN,BTN,1,development
2024-10-31,KBS:UPCOM:BTU,BTU,1,development
2024-10-31,KBS:UPCOM:BTV,BTV,1,development
2024-10-31,KBS:UPCOM:BVG,BVG,1,development
2024-10-31,KBS:UPCOM:BVL,BVL,1,development
2024-10-31,KBS:UPCOM:BVN,BVN,1,development
2024-10-31,KBS:UPCOM:BWA,BWA,1,development
2024-10-31,KBS:UPCOM:BWS,BWS,1,development
2024-10-31,KBS:UPCOM:C22,C22,1,development
2024-10-31,KBS:UPCOM:C4G,C4G,1,development
2024-10-31,KBS:UPCOM:C92,C92,1,development
2024-10-31,KBS:UPCOM:CAD,CAD,1,development
2024-10-31,KBS:UPCOM:CAT,CAT,1,development
2024-10-31,KBS:UPCOM:CBI,CBI,1,development
2024-10-31,KBS:UPCOM:CBS,CBS,1,development
2024-10-31,KBS:UPCOM:CC1,CC1,1,development
2024-10-31,KBS:UPCOM:CCA,CCA,1,development
2024-10-31,KBS:UPCOM:CCM,CCM,1,development
2024-10-31,KBS:UPCOM:CCP,CCP,1,development
2024-10-31,KBS:UPCOM:CCT,CCT,1,development
2024-10-31,KBS:UPCOM:CCV,CCV,1,development
2024-10-31,KBS:UPCOM:CDP,CDP,1,development
2024-10-31,KBS:UPCOM:CDR,CDR,1,development
2024-10-31,KBS:UPCOM:CEN,CEN,1,development
2024-10-31,KBS:UPCOM:CFM,CFM,1,development
2024-10-31,KBS:UPCOM:CFV,CFV,1,development
2024-10-31,KBS:UPCOM:CH5,CH5,1,development
2024-10-31,KBS:UPCOM:CHC,CHC,1,development
2024-10-31,KBS:UPCOM:CHS,CHS,1,development
2024-10-31,KBS:UPCOM:CI5,CI5,1,development
2024-10-31,KBS:UPCOM:CID,CID,1,development
2024-10-31,KBS:UPCOM:CKA,CKA,1,development
2024-10-31,KBS:UPCOM:CKD,CKD,1,development
2024-10-31,KBS:UPCOM:CLX,CLX,1,development
2024-10-31,KBS:UPCOM:CMD,CMD,1,development
2024-10-31,KBS:UPCOM:CMF,CMF,1,development
2024-10-31,KBS:UPCOM:CMI,CMI,1,development
2024-10-31,KBS:UPCOM:CMK,CMK,1,development
2024-10-31,KBS:UPCOM:CMN,CMN,1,development
2024-10-31,KBS:UPCOM:CMT,CMT,1,development
2024-10-31,KBS:UPCOM:CMW,CMW,1,development
2024-10-31,KBS:UPCOM:CNC,CNC,1,development
2024-10-31,KBS:UPCOM:CNN,CNN,1,development
2024-10-31,KBS:UPCOM:CNT,CNT,1,development
2024-10-31,KBS:UPCOM:CPA,CPA,1,development
2024-10-31,KBS:UPCOM:CPI,CPI,1,development
2024-10-31,KBS:UPCOM:CQN,CQN,1,development
2024-10-31,KBS:UPCOM:CQT,CQT,1,development
2024-10-31,KBS:UPCOM:CT3,CT3,1,development
2024-10-31,KBS:UPCOM:CTW,CTW,1,development
2024-10-31,KBS:UPCOM:DAS,DAS,1,development
2024-10-31,KBS:UPCOM:DBM,DBM,1,development
2024-10-31,KBS:UPCOM:DC1,DC1,1,development
2024-10-31,KBS:UPCOM:DCF,DCF,1,development
2024-10-31,KBS:UPCOM:DCH,DCH,1,development
2024-10-31,KBS:UPCOM:DCR,DCR,1,development
2024-10-31,KBS:UPCOM:DCS,DCS,1,development
2024-10-31,KBS:UPCOM:DCT,DCT,1,development
2024-10-31,KBS:UPCOM:DDH,DDH,1,development
2024-10-31,KBS:UPCOM:DDM,DDM,1,development
2024-10-31,KBS:UPCOM:DDN,DDN,1,development
2024-10-31,KBS:UPCOM:DDV,DDV,1,development
2024-10-31,KBS:UPCOM:DFC,DFC,1,development
2024-10-31,KBS:UPCOM:DGT,DGT,1,development
2024-10-31,KBS:UPCOM:DHB,DHB,1,development
2024-10-31,KBS:UPCOM:DHD,DHD,1,development
2024-10-31,KBS:UPCOM:DHN,DHN,1,development
2024-10-31,KBS:UPCOM:DIC,DIC,1,development
2024-10-31,KBS:UPCOM:DID,DID,1,development
2024-10-31,KBS:UPCOM:DKC,DKC,1,development
2024-10-31,KBS:UPCOM:DLR,DLR,1,development
2024-10-31,KBS:UPCOM:DLT,DLT,1,development
2024-10-31,KBS:UPCOM:DM7,DM7,1,development
2024-10-31,KBS:UPCOM:DNA,DNA,1,development
2024-10-31,KBS:UPCOM:DND,DND,1,development
2024-10-31,KBS:UPCOM:DNE,DNE,1,development
2024-10-31,KBS:UPCOM:DNH,DNH,1,development
2024-10-31,KBS:UPCOM:DNL,DNL,1,development
2024-10-31,KBS:UPCOM:DNM,DNM,1,development
2024-10-31,KBS:UPCOM:DNT,DNT,1,development
2024-10-31,KBS:UPCOM:DNW,DNW,1,development
2024-10-31,KBS:UPCOM:DOC,DOC,1,development
2024-10-31,KBS:UPCOM:DOP,DOP,1,development
2024-10-31,KBS:UPCOM:DP1,DP1,1,development
2024-10-31,KBS:UPCOM:DPH,DPH,1,development
2024-10-31,KBS:UPCOM:DPP,DPP,1,development
2024-10-31,KBS:UPCOM:DRG,DRG,1,development
2024-10-31,KBS:UPCOM:DRI,DRI,1,development
2024-10-31,KBS:UPCOM:DSG,DSG,1,development
2024-10-31,KBS:UPCOM:DSP,DSP,1,development
2024-10-31,KBS:UPCOM:DTI,DTI,1,development
2024-10-31,KBS:UPCOM:DTP,DTP,1,development
2024-10-31,KBS:UPCOM:DUS,DUS,1,development
2024-10-31,KBS:UPCOM:DVC,DVC,1,development
2024-10-31,KBS:UPCOM:DVW,DVW,1,development
2024-10-31,KBS:UPCOM:DWS,DWS,1,development
2024-10-31,KBS:UPCOM:DXL,DXL,1,development
2024-10-31,KBS:UPCOM:E12,E12,1,development
2024-10-31,KBS:UPCOM:E29,E29,1,development
2024-10-31,KBS:UPCOM:EIC,EIC,1,development
2024-10-31,KBS:UPCOM:EIN,EIN,1,development
2024-10-31,KBS:UPCOM:EMG,EMG,1,development
2024-10-31,KBS:UPCOM:EMS,EMS,1,development
2024-10-31,KBS:UPCOM:FCC,FCC,1,development
2024-10-31,KBS:UPCOM:FCS,FCS,1,development
2024-10-31,KBS:UPCOM:FHN,FHN,1,development
2024-10-31,KBS:UPCOM:FHS,FHS,1,development
2024-10-31,KBS:UPCOM:FIC,FIC,1,development
2024-10-31,KBS:UPCOM:FOC,FOC,1,development
2024-10-31,KBS:UPCOM:FOX,FOX,1,development
2024-10-31,KBS:UPCOM:FRC,FRC,1,development
2024-10-31,KBS:UPCOM:FRM,FRM,1,development
2024-10-31,KBS:UPCOM:FT1,FT1,1,development
2024-10-31,KBS:UPCOM:FTI,FTI,1,development
2024-10-31,KBS:UPCOM:FTM,FTM,1,development
2024-10-31,KBS:UPCOM:G36,G36,1,development
2024-10-31,KBS:UPCOM:GCB,GCB,1,development
2024-10-31,KBS:UPCOM:GER,GER,1,development
2024-10-31,KBS:UPCOM:GGG,GGG,1,development
2024-10-31,KBS:UPCOM:GH3,GH3,1,development
2024-10-31,KBS:UPCOM:GLC,GLC,1,development
2024-10-31,KBS:UPCOM:GMC,GMC,1,development
2024-10-31,KBS:UPCOM:GND,GND,1,development
2024-10-31,KBS:UPCOM:GSM,GSM,1,development
2024-10-31,KBS:UPCOM:GTD,GTD,1,development
2024-10-31,KBS:UPCOM:GTS,GTS,1,development
2024-10-31,KBS:UPCOM:H11,H11,1,development
2024-10-31,KBS:UPCOM:HAC,HAC,1,development
2024-10-31,KBS:UPCOM:HAF,HAF,1,development
2024-10-31,KBS:UPCOM:HAM,HAM,1,development
2024-10-31,KBS:UPCOM:HAN,HAN,1,development
2024-10-31,KBS:UPCOM:HBD,HBD,1,development
2024-10-31,KBS:UPCOM:HBH,HBH,1,development
2024-10-31,KBS:UPCOM:HD6,HD6,1,development
2024-10-31,KBS:UPCOM:HDW,HDW,1,development
2024-10-31,KBS:UPCOM:HEJ,HEJ,1,development
2024-10-31,KBS:UPCOM:HEP,HEP,1,development
2024-10-31,KBS:UPCOM:HES,HES,1,development
2024-10-31,KBS:UPCOM:HHG,HHG,1,development
2024-10-31,KBS:UPCOM:HLB,HLB,1,development
2024-10-31,KBS:UPCOM:HLS,HLS,1,development
2024-10-31,KBS:UPCOM:HND,HND,1,development
2024-10-31,KBS:UPCOM:HNF,HNF,1,development
2024-10-31,KBS:UPCOM:HNM,HNM,1,development
2024-10-31,KBS:UPCOM:HPH,HPH,1,development
2024-10-31,KBS:UPCOM:HPT,HPT,1,development
2024-10-31,KBS:UPCOM:HTM,HTM,1,development
2024-10-31,KBS:UPCOM:HWS,HWS,1,development
2024-10-31,KBS:UPCOM:ICI,ICI,1,development
2024-10-31,KBS:UPCOM:ICN,ICN,1,development
2024-10-31,KBS:UPCOM:IFS,IFS,1,development
2024-10-31,KBS:UPCOM:ILA,ILA,1,development
2024-10-31,KBS:UPCOM:ILC,ILC,1,development
2024-10-31,KBS:UPCOM:ILS,ILS,1,development
2024-10-31,KBS:UPCOM:IST,IST,1,development
2024-10-31,KBS:UPCOM:JOS,JOS,1,development
2024-10-31,KBS:UPCOM:KHW,KHW,1,development
2024-10-31,KBS:UPCOM:KIP,KIP,1,development
2024-10-31,KBS:UPCOM:L63,L63,1,development
2024-10-31,KBS:UPCOM:LAI,LAI,1,development
2024-10-31,KBS:UPCOM:LIC,LIC,1,development
2024-10-31,KBS:UPCOM:LLM,LLM,1,development
2024-10-31,KBS:UPCOM:LMI,LMI,1,development
2024-10-31,KBS:UPCOM:LTC,LTC,1,development
2024-10-31,KBS:UPCOM:MDF,MDF,1,development
2024-10-31,KBS:UPCOM:MEC,MEC,1,development
2024-10-31,KBS:UPCOM:MFS,MFS,1,development
2024-10-31,KBS:UPCOM:MGC,MGC,1,development
2024-10-31,KBS:UPCOM:MGG,MGG,1,development
2024-10-31,KBS:UPCOM:MPC,MPC,1,development
2024-10-31,KBS:UPCOM:MSR,MSR,1,development
2024-10-31,KBS:UPCOM:MVN,MVN,1,development
2024-10-31,KBS:UPCOM:NAU,NAU,1,development
2024-10-31,KBS:UPCOM:NBT,NBT,1,development
2024-10-31,KBS:UPCOM:ND2,ND2,1,development
2024-10-31,KBS:UPCOM:NOS,NOS,1,development
2024-10-31,KBS:UPCOM:NQN,NQN,1,development
2024-10-31,KBS:UPCOM:NTT,NTT,1,development
2024-10-31,KBS:UPCOM:NTW,NTW,1,development
2024-10-31,KBS:UPCOM:NUE,NUE,1,development
2024-10-31,KBS:UPCOM:OIL,OIL,1,development
2024-10-31,KBS:UPCOM:PCC,PCC,1,development
2024-10-31,KBS:UPCOM:PCF,PCF,1,development
2024-10-31,KBS:UPCOM:PFL,PFL,1,development
2024-10-31,KBS:UPCOM:PHP,PHP,1,development
2024-10-31,KBS:UPCOM:PHS,PHS,1,development
2024-10-31,KBS:UPCOM:PVE,PVE,1,development
2024-10-31,KBS:UPCOM:PVL,PVL,1,development
2024-10-31,KBS:UPCOM:PVX,PVX,1,development
2024-10-31,KBS:UPCOM:PWA,PWA,1,development
2024-10-31,KBS:UPCOM:PWS,PWS,1,development
2024-10-31,KBS:UPCOM:PXA,PXA,1,development
2024-10-31,KBS:UPCOM:PXI,PXI,1,development
2024-10-31,KBS:UPCOM:PXM,PXM,1,development
2024-10-31,KBS:UPCOM:PXS,PXS,1,development
2024-10-31,KBS:UPCOM:QCC,QCC,1,development
2024-10-31,KBS:UPCOM:QHW,QHW,1,development
2024-10-31,KBS:UPCOM:QNC,QNC,1,development
2024-10-31,KBS:UPCOM:QNS,QNS,1,development
2024-10-31,KBS:UPCOM:QPH,QPH,1,development
2024-10-31,KBS:UPCOM:QSP,QSP,1,development
2024-10-31,KBS:UPCOM:RIC,RIC,1,development
2024-10-31,KBS:UPCOM:S74,S74,1,development
2024-10-31,KBS:UPCOM:SBD,SBD,1,development
2024-10-31,KBS:UPCOM:SBM,SBM,1,development
2024-10-31,KBS:UPCOM:SCJ,SCJ,1,development
2024-10-31,KBS:UPCOM:SCL,SCL,1,development
2024-10-31,KBS:UPCOM:SD2,SD2,1,development
2024-10-31,KBS:UPCOM:SD7,SD7,1,development
2024-10-31,KBS:UPCOM:SDP,SDP,1,development
2024-10-31,KBS:UPCOM:SEA,SEA,1,development
2024-10-31,KBS:UPCOM:SGB,SGB,1,development
2024-10-31,KBS:UPCOM:SGS,SGS,1,development
2024-10-31,KBS:UPCOM:SID,SID,1,development
2024-10-31,KBS:UPCOM:SJG,SJG,1,development
2024-10-31,KBS:UPCOM:SKV,SKV,1,development
2024-10-31,KBS:UPCOM:SRB,SRB,1,development
2024-10-31,KBS:UPCOM:SSG,SSG,1,development
2024-10-31,KBS:UPCOM:SSH,SSH,1,development
2024-10-31,KBS:UPCOM:STT,STT,1,development
2024-10-31,KBS:UPCOM:SWC,SWC,1,development
2024-10-31,KBS:UPCOM:TDB,TDB,1,development
2024-10-31,KBS:UPCOM:TDS,TDS,1,development
2024-10-31,KBS:UPCOM:TGP,TGP,1,development
2024-10-31,KBS:UPCOM:THW,THW,1,development
2024-10-31,KBS:UPCOM:TIS,TIS,1,development
2024-10-31,KBS:UPCOM:TLP,TLP,1,development
2024-10-31,KBS:UPCOM:TNW,TNW,1,development
2024-10-31,KBS:UPCOM:TOS,TOS,1,development
2024-10-31,KBS:UPCOM:TOW,TOW,1,development
2024-10-31,KBS:UPCOM:TSD,TSD,1,development
2024-10-31,KBS:UPCOM:TST,TST,1,development
2024-10-31,KBS:UPCOM:TTD,TTD,1,development
2024-10-31,KBS:UPCOM:TTG,TTG,1,development
2024-10-31,KBS:UPCOM:TTS,TTS,1,development
2024-10-31,KBS:UPCOM:TUG,TUG,1,development
2024-10-31,KBS:UPCOM:TV1,TV1,1,development
2024-10-31,KBS:UPCOM:TVN,TVN,1,development
2024-10-31,KBS:UPCOM:UDC,UDC,1,development
2024-10-31,KBS:UPCOM:USC,USC,1,development
2024-10-31,KBS:UPCOM:VAV,VAV,1,development
2024-10-31,KBS:UPCOM:VCP,VCP,1,development
2024-10-31,KBS:UPCOM:VCR,VCR,1,development
2024-10-31,KBS:UPCOM:VDN,VDN,1,development
2024-10-31,KBS:UPCOM:VEA,VEA,1,development
2024-10-31,KBS:UPCOM:VGG,VGG,1,development
2024-10-31,KBS:UPCOM:VGI,VGI,1,development
2024-10-31,KBS:UPCOM:VGT,VGT,1,development
2024-10-31,KBS:UPCOM:VHG,VHG,1,development
2024-10-31,KBS:UPCOM:VIM,VIM,1,development
2024-10-31,KBS:UPCOM:VIN,VIN,1,development
2024-10-31,KBS:UPCOM:VIW,VIW,1,development
2024-10-31,KBS:UPCOM:VKC,VKC,1,development
2024-10-31,KBS:UPCOM:VLG,VLG,1,development
2024-10-31,KBS:UPCOM:VLW,VLW,1,development
2024-10-31,KBS:UPCOM:VNB,VNB,1,development
2024-10-31,KBS:UPCOM:VPR,VPR,1,development
2024-10-31,KBS:UPCOM:VSE,VSE,1,development
2024-10-31,KBS:UPCOM:VST,VST,1,development
2024-10-31,KBS:UPCOM:VTK,VTK,1,development
2024-10-31,KBS:UPCOM:VW3,VW3,1,development
2024-10-31,KBS:UPCOM:WSB,WSB,1,development
2024-10-31,KBS:UPCOM:XMC,XMC,1,development
2024-10-31,KBS:UPCOM:XMP,XMP,1,development
2024-11-29,KBS:HNX:ADC,ADC,1,development
2024-11-29,KBS:HNX:ALT,ALT,1,development
2024-11-29,KBS:HNX:AMC,AMC,1,development
2024-11-29,KBS:HNX:AME,AME,1,development
2024-11-29,KBS:HNX:AMV,AMV,1,development
2024-11-29,KBS:HNX:API,API,1,development
2024-11-29,KBS:HNX:APS,APS,1,development
2024-11-29,KBS:HNX:ARM,ARM,1,development
2024-11-29,KBS:HNX:ATS,ATS,1,development
2024-11-29,KBS:HNX:BAB,BAB,1,development
2024-11-29,KBS:HNX:BAX,BAX,1,development
2024-11-29,KBS:HNX:BBS,BBS,1,development
2024-11-29,KBS:HNX:BCF,BCF,1,development
2024-11-29,KBS:HNX:BED,BED,1,development
2024-11-29,KBS:HNX:BKC,BKC,1,development
2024-11-29,KBS:HNX:BNA,BNA,1,development
2024-11-29,KBS:HNX:BPC,BPC,1,development
2024-11-29,KBS:HNX:BTS,BTS,1,development
2024-11-29,KBS:HNX:BTW,BTW,1,development
2024-11-29,KBS:HNX:BVS,BVS,1,development
2024-11-29,KBS:HNX:BXH,BXH,1,development
2024-11-29,KBS:HNX:C69,C69,1,development
2024-11-29,KBS:HNX:CAG,CAG,1,development
2024-11-29,KBS:HNX:CAN,CAN,1,development
2024-11-29,KBS:HNX:CAP,CAP,1,development
2024-11-29,KBS:HNX:CCR,CCR,1,development
2024-11-29,KBS:HNX:CDN,CDN,1,development
2024-11-29,KBS:HNX:CEO,CEO,1,development
2024-11-29,KBS:HNX:CET,CET,1,development
2024-11-29,KBS:HNX:CIA,CIA,1,development
2024-11-29,KBS:HNX:CJC,CJC,1,development
2024-11-29,KBS:HNX:CKV,CKV,1,development
2024-11-29,KBS:HNX:CLH,CLH,1,development
2024-11-29,KBS:HNX:CLM,CLM,1,development
2024-11-29,KBS:HNX:CMC,CMC,1,development
2024-11-29,KBS:HNX:CMS,CMS,1,development
2024-11-29,KBS:HNX:CPC,CPC,1,development
2024-11-29,KBS:HNX:CSC,CSC,1,development
2024-11-29,KBS:HNX:CST,CST,1,development
2024-11-29,KBS:HNX:CTB,CTB,1,development
2024-11-29,KBS:HNX:CTP,CTP,1,development
2024-11-29,KBS:HNX:CTT,CTT,1,development
2024-11-29,KBS:HNX:CX8,CX8,1,development
2024-11-29,KBS:HNX:D11,D11,1,development
2024-11-29,KBS:HNX:DAD,DAD,1,development
2024-11-29,KBS:HNX:DAE,DAE,1,development
2024-11-29,KBS:HNX:DC2,DC2,1,development
2024-11-29,KBS:HNX:DHP,DHP,1,development
2024-11-29,KBS:HNX:DIH,DIH,1,development
2024-11-29,KBS:HNX:DL1,DL1,1,development
2024-11-29,KBS:HNX:DNC,DNC,1,development
2024-11-29,KBS:HNX:DNP,DNP,1,development
2024-11-29,KBS:HNX:DP3,DP3,1,development
2024-11-29,KBS:HNX:DS3,DS3,1,development
2024-11-29,KBS:HNX:DST,DST,1,development
2024-11-29,KBS:HNX:DTD,DTD,1,development
2024-11-29,KBS:HNX:DTK,DTK,1,development
2024-11-29,KBS:HNX:EBS,EBS,1,development
2024-11-29,KBS:HNX:ECI,ECI,1,development
2024-11-29,KBS:HNX:EID,EID,1,development
2024-11-29,KBS:HNX:EVS,EVS,1,development
2024-11-29,KBS:HNX:FID,FID,1,development
2024-11-29,KBS:HNX:GDW,GDW,1,development
2024-11-29,KBS:HNX:GKM,GKM,1,development
2024-11-29,KBS:HNX:GLT,GLT,1,development
2024-11-29,KBS:HNX:GMA,GMA,1,development
2024-11-29,KBS:HNX:GMX,GMX,1,development
2024-11-29,KBS:HNX:HAD,HAD,1,development
2024-11-29,KBS:HNX:HAT,HAT,1,development
2024-11-29,KBS:HNX:HBS,HBS,1,development
2024-11-29,KBS:HNX:HCC,HCC,1,development
2024-11-29,KBS:HNX:HDA,HDA,1,development
2024-11-29,KBS:HNX:HEV,HEV,1,development
2024-11-29,KBS:HNX:HGM,HGM,1,development
2024-11-29,KBS:HNX:HHC,HHC,1,development
2024-11-29,KBS:HNX:HJS,HJS,1,development
2024-11-29,KBS:HNX:HKT,HKT,1,development
2024-11-29,KBS:HNX:HLC,HLC,1,development
2024-11-29,KBS:HNX:HLD,HLD,1,development
2024-11-29,KBS:HNX:HMH,HMH,1,development
2024-11-29,KBS:HNX:HTC,HTC,1,development
2024-11-29,KBS:HNX:HUT,HUT,1,development
2024-11-29,KBS:HNX:HVT,HVT,1,development
2024-11-29,KBS:HNX:ICG,ICG,1,development
2024-11-29,KBS:HNX:IDC,IDC,1,development
2024-11-29,KBS:HNX:IDJ,IDJ,1,development
2024-11-29,KBS:HNX:IDV,IDV,1,development
2024-11-29,KBS:HNX:INC,INC,1,development
2024-11-29,KBS:HNX:INN,INN,1,development
2024-11-29,KBS:HNX:IPA,IPA,1,development
2024-11-29,KBS:HNX:IVS,IVS,1,development
2024-11-29,KBS:HNX:KDM,KDM,1,development
2024-11-29,KBS:HNX:KHS,KHS,1,development
2024-11-29,KBS:HNX:KKC,KKC,1,development
2024-11-29,KBS:HNX:KSD,KSD,1,development
2024-11-29,KBS:HNX:KSF,KSF,1,development
2024-11-29,KBS:HNX:KST,KST,1,development
2024-11-29,KBS:HNX:KSV,KSV,1,development
2024-11-29,KBS:HNX:KTS,KTS,1,development
2024-11-29,KBS:HNX:L14,L14,1,development
2024-11-29,KBS:HNX:L18,L18,1,development
2024-11-29,KBS:HNX:LBE,LBE,1,development
2024-11-29,KBS:HNX:LCD,LCD,1,development
2024-11-29,KBS:HNX:LDP,LDP,1,development
2024-11-29,KBS:HNX:LHC,LHC,1,development
2024-11-29,KBS:HNX:LIG,LIG,1,development
2024-11-29,KBS:HNX:MAC,MAC,1,development
2024-11-29,KBS:HNX:MAS,MAS,1,development
2024-11-29,KBS:HNX:MBG,MBG,1,development
2024-11-29,KBS:HNX:MCC,MCC,1,development
2024-11-29,KBS:HNX:MCF,MCF,1,development
2024-11-29,KBS:HNX:MCO,MCO,1,development
2024-11-29,KBS:HNX:MDC,MDC,1,development
2024-11-29,KBS:HNX:MED,MED,1,development
2024-11-29,KBS:HNX:MIC,MIC,1,development
2024-11-29,KBS:HNX:MKV,MKV,1,development
2024-11-29,KBS:HNX:MST,MST,1,development
2024-11-29,KBS:HNX:MVB,MVB,1,development
2024-11-29,KBS:HNX:NAG,NAG,1,development
2024-11-29,KBS:HNX:NAP,NAP,1,development
2024-11-29,KBS:HNX:NBP,NBP,1,development
2024-11-29,KBS:HNX:NBW,NBW,1,development
2024-11-29,KBS:HNX:NDN,NDN,1,development
2024-11-29,KBS:HNX:NET,NET,1,development
2024-11-29,KBS:HNX:NFC,NFC,1,development
2024-11-29,KBS:HNX:NHC,NHC,1,development
2024-11-29,KBS:HNX:NRC,NRC,1,development
2024-11-29,KBS:HNX:NSH,NSH,1,development
2024-11-29,KBS:HNX:NST,NST,1,development
2024-11-29,KBS:HNX:NTH,NTH,1,development
2024-11-29,KBS:HNX:NTP,NTP,1,development
2024-11-29,KBS:HNX:NVB,NVB,1,development
2024-11-29,KBS:HNX:ONE,ONE,1,development
2024-11-29,KBS:HNX:PBP,PBP,1,development
2024-11-29,KBS:HNX:PCE,PCE,1,development
2024-11-29,KBS:HNX:PCT,PCT,1,development
2024-11-29,KBS:HNX:PDB,PDB,1,development
2024-11-29,KBS:HNX:PEN,PEN,1,development
2024-11-29,KBS:HNX:PGN,PGN,1,development
2024-11-29,KBS:HNX:PGS,PGS,1,development
2024-11-29,KBS:HNX:PGT,PGT,1,development
2024-11-29,KBS:HNX:PHN,PHN,1,development
2024-11-29,KBS:HNX:PIA,PIA,1,development
2024-11-29,KBS:HNX:PIC,PIC,1,development
2024-11-29,KBS:HNX:PJC,PJC,1,development
2024-11-29,KBS:HNX:PLC,PLC,1,development
2024-11-29,KBS:HNX:PMB,PMB,1,development
2024-11-29,KBS:HNX:PMC,PMC,1,development
2024-11-29,KBS:HNX:PMP,PMP,1,development
2024-11-29,KBS:HNX:PMS,PMS,1,development
2024-11-29,KBS:HNX:POT,POT,1,development
2024-11-29,KBS:HNX:PPE,PPE,1,development
2024-11-29,KBS:HNX:PPP,PPP,1,development
2024-11-29,KBS:HNX:PPS,PPS,1,development
2024-11-29,KBS:HNX:PPY,PPY,1,development
2024-11-29,KBS:HNX:PRC,PRC,1,development
2024-11-29,KBS:HNX:PRE,PRE,1,development
2024-11-29,KBS:HNX:PSD,PSD,1,development
2024-11-29,KBS:HNX:PSE,PSE,1,development
2024-11-29,KBS:HNX:PSI,PSI,1,development
2024-11-29,KBS:HNX:PSW,PSW,1,development
2024-11-29,KBS:HNX:PTD,PTD,1,development
2024-11-29,KBS:HNX:PTS,PTS,1,development
2024-11-29,KBS:HNX:PV2,PV2,1,development
2024-11-29,KBS:HNX:PVB,PVB,1,development
2024-11-29,KBS:HNX:PVC,PVC,1,development
2024-11-29,KBS:HNX:PVG,PVG,1,development
2024-11-29,KBS:HOSE:AAM,AAM,1,development
2024-11-29,KBS:HOSE:AAT,AAT,1,development
2024-11-29,KBS:HOSE:ABR,ABR,1,development
2024-11-29,KBS:HOSE:ABS,ABS,1,development
2024-11-29,KBS:HOSE:ABT,ABT,1,development
2024-11-29,KBS:HOSE:ACC,ACC,1,development
2024-11-29,KBS:HOSE:ACG,ACG,1,development
2024-11-29,KBS:HOSE:ACL,ACL,1,development
2024-11-29,KBS:HOSE:ADG,ADG,1,development
2024-11-29,KBS:HOSE:ADP,ADP,1,development
2024-11-29,KBS:HOSE:ADS,ADS,1,development
2024-11-29,KBS:HOSE:AFX,AFX,1,development
2024-11-29,KBS:HOSE:AGG,AGG,1,development
2024-11-29,KBS:HOSE:AGR,AGR,1,development
2024-11-29,KBS:HOSE:ANT,ANT,1,development
2024-11-29,KBS:HOSE:ANV,ANV,1,development
2024-11-29,KBS:HOSE:APG,APG,1,development
2024-11-29,KBS:HOSE:APH,APH,1,development
2024-11-29,KBS:HOSE:ASM,ASM,1,development
2024-11-29,KBS:HOSE:ASP,ASP,1,development
2024-11-29,KBS:HOSE:AST,AST,1,development
2024-11-29,KBS:HOSE:BCE,BCE,1,development
2024-11-29,KBS:HOSE:BCM,BCM,1,development
2024-11-29,KBS:HOSE:BFC,BFC,1,development
2024-11-29,KBS:HOSE:BHN,BHN,1,development
2024-11-29,KBS:HOSE:BIC,BIC,1,development
2024-11-29,KBS:HOSE:BKG,BKG,1,development
2024-11-29,KBS:HOSE:BMI,BMI,1,development
2024-11-29,KBS:HOSE:BRC,BRC,1,development
2024-11-29,KBS:HOSE:BSI,BSI,1,development
2024-11-29,KBS:HOSE:BSR,BSR,1,development
2024-11-29,KBS:HOSE:BTP,BTP,1,development
2024-11-29,KBS:HOSE:BVH,BVH,1,development
2024-11-29,KBS:HOSE:C32,C32,1,development
2024-11-29,KBS:HOSE:CCI,CCI,1,development
2024-11-29,KBS:HOSE:CCL,CCL,1,development
2024-11-29,KBS:HOSE:CDC,CDC,1,development
2024-11-29,KBS:HOSE:CHP,CHP,1,development
2024-11-29,KBS:HOSE:CIG,CIG,1,development
2024-11-29,KBS:HOSE:CII,CII,1,development
2024-11-29,KBS:HOSE:CKG,CKG,1,development
2024-11-29,KBS:HOSE:CLC,CLC,1,development
2024-11-29,KBS:HOSE:CLW,CLW,1,development
2024-11-29,KBS:HOSE:CMV,CMV,1,development
2024-11-29,KBS:HOSE:CMX,CMX,1,development
2024-11-29,KBS:HOSE:CNG,CNG,1,development
2024-11-29,KBS:HOSE:COM,COM,1,development
2024-11-29,KBS:HOSE:CRC,CRC,1,development
2024-11-29,KBS:HOSE:CRE,CRE,1,development
2024-11-29,KBS:HOSE:CSV,CSV,1,development
2024-11-29,KBS:HOSE:CTD,CTD,1,development
2024-11-29,KBS:HOSE:CTF,CTF,1,development
2024-11-29,KBS:HOSE:CTI,CTI,1,development
2024-11-29,KBS:HOSE:CTR,CTR,1,development
2024-11-29,KBS:HOSE:CTS,CTS,1,development
2024-11-29,KBS:HOSE:CVT,CVT,1,development
2024-11-29,KBS:HOSE:D2D,D2D,1,development
2024-11-29,KBS:HOSE:DAH,DAH,1,development
2024-11-29,KBS:HOSE:DBC,DBC,1,development
2024-11-29,KBS:HOSE:DBD,DBD,1,development
2024-11-29,KBS:HOSE:DC4,DC4,1,development
2024-11-29,KBS:HOSE:DCL,DCL,1,development
2024-11-29,KBS:HOSE:DCM,DCM,1,development
2024-11-29,KBS:HOSE:DGC,DGC,1,development
2024-11-29,KBS:HOSE:DGW,DGW,1,development
2024-11-29,KBS:HOSE:DHA,DHA,1,development
2024-11-29,KBS:HOSE:DHC,DHC,1,development
2024-11-29,KBS:HOSE:DLG,DLG,1,development
2024-11-29,KBS:HOSE:DMC,DMC,1,development
2024-11-29,KBS:HOSE:DPG,DPG,1,development
2024-11-29,KBS:HOSE:DQC,DQC,1,development
2024-11-29,KBS:HOSE:DRC,DRC,1,development
2024-11-29,KBS:HOSE:DSN,DSN,1,development
2024-11-29,KBS:HOSE:DTA,DTA,1,development
2024-11-29,KBS:HOSE:DTL,DTL,1,development
2024-11-29,KBS:HOSE:DTT,DTT,1,development
2024-11-29,KBS:HOSE:DVP,DVP,1,development
2024-11-29,KBS:HOSE:DXG,DXG,0,development
2024-11-29,KBS:HOSE:DXS,DXS,1,development
2024-11-29,KBS:HOSE:DXV,DXV,1,development
2024-11-29,KBS:HOSE:EIB,EIB,1,development
2024-11-29,KBS:HOSE:EVE,EVE,1,development
2024-11-29,KBS:HOSE:EVF,EVF,1,development
2024-11-29,KBS:HOSE:EVG,EVG,1,development
2024-11-29,KBS:HOSE:FCM,FCM,1,development
2024-11-29,KBS:HOSE:FCN,FCN,1,development
2024-11-29,KBS:HOSE:FDC,FDC,1,development
2024-11-29,KBS:HOSE:FIR,FIR,1,development
2024-11-29,KBS:HOSE:FIT,FIT,1,development
2024-11-29,KBS:HOSE:FMC,FMC,1,development
2024-11-29,KBS:HOSE:FPT,FPT,0,development
2024-11-29,KBS:HOSE:FRT,FRT,1,development
2024-11-29,KBS:HOSE:FTS,FTS,1,development
2024-11-29,KBS:HOSE:GAS,GAS,1,development
2024-11-29,KBS:HOSE:GDT,GDT,1,development
2024-11-29,KBS:HOSE:GEG,GEG,1,development
2024-11-29,KBS:HOSE:GHC,GHC,1,development
2024-11-29,KBS:HOSE:GIL,GIL,1,development
2024-11-29,KBS:HOSE:GMD,GMD,1,development
2024-11-29,KBS:HOSE:GTA,GTA,1,development
2024-11-29,KBS:HOSE:HAG,HAG,1,development
2024-11-29,KBS:HOSE:HAP,HAP,1,development
2024-11-29,KBS:HOSE:HAR,HAR,1,development
2024-11-29,KBS:HOSE:HAS,HAS,1,development
2024-11-29,KBS:HOSE:HAX,HAX,1,development
2024-11-29,KBS:HOSE:HCD,HCD,1,development
2024-11-29,KBS:HOSE:HCM,HCM,1,development
2024-11-29,KBS:HOSE:HDC,HDC,1,development
2024-11-29,KBS:HOSE:HDG,HDG,1,development
2024-11-29,KBS:HOSE:HHP,HHP,1,development
2024-11-29,KBS:HOSE:HHV,HHV,1,development
2024-11-29,KBS:HOSE:HID,HID,1,development
2024-11-29,KBS:HOSE:HII,HII,1,development
2024-11-29,KBS:HOSE:HMC,HMC,1,development
2024-11-29,KBS:HOSE:HQC,HQC,1,development
2024-11-29,KBS:HOSE:HRC,HRC,1,development
2024-11-29,KBS:HOSE:HSG,HSG,1,development
2024-11-29,KBS:HOSE:HSL,HSL,1,development
2024-11-29,KBS:HOSE:HTG,HTG,1,development
2024-11-29,KBS:HOSE:HTI,HTI,1,development
2024-11-29,KBS:HOSE:HTL,HTL,1,development
2024-11-29,KBS:HOSE:HTN,HTN,1,development
2024-11-29,KBS:HOSE:HTV,HTV,1,development
2024-11-29,KBS:HOSE:HU1,HU1,1,development
2024-11-29,KBS:HOSE:HUB,HUB,1,development
2024-11-29,KBS:HOSE:HVN,HVN,1,development
2024-11-29,KBS:HOSE:ICT,ICT,1,development
2024-11-29,KBS:HOSE:IJC,IJC,1,development
2024-11-29,KBS:HOSE:ILB,ILB,1,development
2024-11-29,KBS:HOSE:ITC,ITC,1,development
2024-11-29,KBS:HOSE:ITD,ITD,1,development
2024-11-29,KBS:HOSE:JVC,JVC,1,development
2024-11-29,KBS:HOSE:KBC,KBC,1,development
2024-11-29,KBS:HOSE:KDC,KDC,1,development
2024-11-29,KBS:HOSE:KDH,KDH,1,development
2024-11-29,KBS:HOSE:KHG,KHG,1,development
2024-11-29,KBS:HOSE:KHP,KHP,1,development
2024-11-29,KBS:HOSE:KLB,KLB,1,development
2024-11-29,KBS:HOSE:KMR,KMR,1,development
2024-11-29,KBS:HOSE:KOS,KOS,1,development
2024-11-29,KBS:HOSE:KSB,KSB,1,development
2024-11-29,KBS:HOSE:L10,L10,1,development
2024-11-29,KBS:HOSE:LAF,LAF,1,development
2024-11-29,KBS:HOSE:LBM,LBM,1,development
2024-11-29,KBS:HOSE:LCG,LCG,1,development
2024-11-29,KBS:HOSE:LDG,LDG,1,development
2024-11-29,KBS:HOSE:LGL,LGL,1,development
2024-11-29,KBS:HOSE:LHG,LHG,1,development
2024-11-29,KBS:HOSE:LIX,LIX,1,development
2024-11-29,KBS:HOSE:LM8,LM8,1,development
2024-11-29,KBS:HOSE:LPB,LPB,1,development
2024-11-29,KBS:HOSE:LSS,LSS,1,development
2024-11-29,KBS:HOSE:MBB,MBB,0,development
2024-11-29,KBS:HOSE:MCH,MCH,1,development
2024-11-29,KBS:HOSE:MCP,MCP,1,development
2024-11-29,KBS:HOSE:MDG,MDG,1,development
2024-11-29,KBS:HOSE:MHC,MHC,1,development
2024-11-29,KBS:HOSE:MIG,MIG,1,development
2024-11-29,KBS:HOSE:MSB,MSB,1,development
2024-11-29,KBS:HOSE:MSH,MSH,1,development
2024-11-29,KBS:HOSE:MWG,MWG,0,development
2024-11-29,KBS:HOSE:NAF,NAF,1,development
2024-11-29,KBS:HOSE:NAV,NAV,1,development
2024-11-29,KBS:HOSE:NBB,NBB,1,development
2024-11-29,KBS:HOSE:NCT,NCT,1,development
2024-11-29,KBS:HOSE:NHA,NHA,1,development
2024-11-29,KBS:HOSE:NHT,NHT,1,development
2024-11-29,KBS:HOSE:NKG,NKG,1,development
2024-11-29,KBS:HOSE:NLG,NLG,1,development
2024-11-29,KBS:HOSE:NNC,NNC,1,development
2024-11-29,KBS:HOSE:NTC,NTC,1,development
2024-11-29,KBS:HOSE:NVL,NVL,1,development
2024-11-29,KBS:HOSE:NVT,NVT,1,development
2024-11-29,KBS:HOSE:OCB,OCB,1,development
2024-11-29,KBS:HOSE:OGC,OGC,1,development
2024-11-29,KBS:HOSE:OPC,OPC,1,development
2024-11-29,KBS:HOSE:PAC,PAC,1,development
2024-11-29,KBS:HOSE:PAN,PAN,1,development
2024-11-29,KBS:HOSE:PDN,PDN,1,development
2024-11-29,KBS:HOSE:PDV,PDV,1,development
2024-11-29,KBS:HOSE:PGC,PGC,1,development
2024-11-29,KBS:HOSE:PGD,PGD,1,development
2024-11-29,KBS:HOSE:PGI,PGI,1,development
2024-11-29,KBS:HOSE:PGV,PGV,1,development
2024-11-29,KBS:HOSE:PHR,PHR,1,development
2024-11-29,KBS:HOSE:PIT,PIT,1,development
2024-11-29,KBS:HOSE:PLP,PLP,1,development
2024-11-29,KBS:HOSE:PLX,PLX,1,development
2024-11-29,KBS:HOSE:PNC,PNC,1,development
2024-11-29,KBS:HOSE:PNJ,PNJ,1,development
2024-11-29,KBS:HOSE:PTB,PTB,1,development
2024-11-29,KBS:HOSE:PTC,PTC,1,development
2024-11-29,KBS:HOSE:PTL,PTL,1,development
2024-11-29,KBS:HOSE:PVP,PVP,1,development
2024-11-29,KBS:HOSE:PVT,PVT,1,development
2024-11-29,KBS:HOSE:QCG,QCG,1,development
2024-11-29,KBS:HOSE:RAL,RAL,1,development
2024-11-29,KBS:HOSE:S4A,S4A,1,development
2024-11-29,KBS:HOSE:SAB,SAB,1,development
2024-11-29,KBS:HOSE:SAM,SAM,1,development
2024-11-29,KBS:HOSE:SAV,SAV,1,development
2024-11-29,KBS:HOSE:SBA,SBA,1,development
2024-11-29,KBS:HOSE:SBV,SBV,1,development
2024-11-29,KBS:HOSE:SC5,SC5,1,development
2024-11-29,KBS:HOSE:SCR,SCR,1,development
2024-11-29,KBS:HOSE:SCS,SCS,1,development
2024-11-29,KBS:HOSE:SFI,SFI,1,development
2024-11-29,KBS:HOSE:SGR,SGR,1,development
2024-11-29,KBS:HOSE:SGT,SGT,1,development
2024-11-29,KBS:HOSE:SHA,SHA,1,development
2024-11-29,KBS:HOSE:SHB,SHB,1,development
2024-11-29,KBS:HOSE:SHI,SHI,1,development
2024-11-29,KBS:HOSE:SHP,SHP,1,development
2024-11-29,KBS:HOSE:SIP,SIP,1,development
2024-11-29,KBS:HOSE:SJD,SJD,1,development
2024-11-29,KBS:HOSE:SJS,SJS,1,development
2024-11-29,KBS:HOSE:SMA,SMA,1,development
2024-11-29,KBS:HOSE:SMB,SMB,1,development
2024-11-29,KBS:HOSE:SMC,SMC,1,development
2024-11-29,KBS:HOSE:SPM,SPM,1,development
2024-11-29,KBS:HOSE:SRC,SRC,1,development
2024-11-29,KBS:HOSE:SRF,SRF,1,development
2024-11-29,KBS:HOSE:SSB,SSB,1,development
2024-11-29,KBS:HOSE:SSC,SSC,1,development
2024-11-29,KBS:HOSE:STB,STB,0,development
2024-11-29,KBS:HOSE:STG,STG,1,development
2024-11-29,KBS:HOSE:STK,STK,1,development
2024-11-29,KBS:HOSE:SVC,SVC,1,development
2024-11-29,KBS:HOSE:SVT,SVT,1,development
2024-11-29,KBS:HOSE:SZL,SZL,1,development
2024-11-29,KBS:HOSE:TCB,TCB,0,development
2024-11-29,KBS:HOSE:TCL,TCL,1,development
2024-11-29,KBS:HOSE:TCM,TCM,1,development
2024-11-29,KBS:HOSE:TCO,TCO,1,development
2024-11-29,KBS:HOSE:TCR,TCR,1,development
2024-11-29,KBS:HOSE:TDC,TDC,1,development
2024-11-29,KBS:HOSE:TDG,TDG,1,development
2024-11-29,KBS:HOSE:TDP,TDP,1,development
2024-11-29,KBS:HOSE:TDW,TDW,1,development
2024-11-29,KBS:HOSE:TEG,TEG,1,development
2024-11-29,KBS:HOSE:THG,THG,1,development
2024-11-29,KBS:HOSE:TIP,TIP,1,development
2024-11-29,KBS:HOSE:TIX,TIX,1,development
2024-11-29,KBS:HOSE:TLG,TLG,1,development
2024-11-29,KBS:HOSE:TLH,TLH,1,development
2024-11-29,KBS:HOSE:TMS,TMS,1,development
2024-11-29,KBS:HOSE:TMT,TMT,1,development
2024-11-29,KBS:HOSE:TNC,TNC,1,development
2024-11-29,KBS:HOSE:TNH,TNH,1,development
2024-11-29,KBS:HOSE:TNI,TNI,1,development
2024-11-29,KBS:HOSE:TNT,TNT,1,development
2024-11-29,KBS:HOSE:TPB,TPB,1,development
2024-11-29,KBS:HOSE:TRA,TRA,1,development
2024-11-29,KBS:HOSE:TRC,TRC,1,development
2024-11-29,KBS:HOSE:TTE,TTE,1,development
2024-11-29,KBS:HOSE:TV2,TV2,1,development
2024-11-29,KBS:HOSE:TVB,TVB,1,development
2024-11-29,KBS:HOSE:TVS,TVS,1,development
2024-11-29,KBS:HOSE:TVT,TVT,1,development
2024-11-29,KBS:HOSE:UIC,UIC,1,development
2024-11-29,KBS:HOSE:VAB,VAB,1,development
2024-11-29,KBS:HOSE:VCA,VCA,1,development
2024-11-29,KBS:HOSE:VCG,VCG,1,development
2024-11-29,KBS:HOSE:VDS,VDS,1,development
2024-11-29,KBS:HOSE:VFG,VFG,1,development
2024-11-29,KBS:HOSE:VGC,VGC,1,development
2024-11-29,KBS:HOSE:VHM,VHM,0,development
2024-11-29,KBS:HOSE:VID,VID,1,development
2024-11-29,KBS:HOSE:VIP,VIP,1,development
2024-11-29,KBS:HOSE:VIX,VIX,1,development
2024-11-29,KBS:HOSE:VJC,VJC,1,development
2024-11-29,KBS:HOSE:VND,VND,1,development
2024-11-29,KBS:HOSE:VNG,VNG,1,development
2024-11-29,KBS:HOSE:VOS,VOS,1,development
2024-11-29,KBS:HOSE:VPB,VPB,0,development
2024-11-29,KBS:HOSE:VPG,VPG,1,development
2024-11-29,KBS:HOSE:VPS,VPS,1,development
2024-11-29,KBS:HOSE:VSH,VSH,1,development
2024-11-29,KBS:HOSE:VSI,VSI,1,development
2024-11-29,KBS:HOSE:VTO,VTO,1,development
2024-11-29,KBS:UPCOM:A32,A32,1,development
2024-11-29,KBS:UPCOM:AAS,AAS,1,development
2024-11-29,KBS:UPCOM:AAV,AAV,1,development
2024-11-29,KBS:UPCOM:ABB,ABB,1,development
2024-11-29,KBS:UPCOM:ABC,ABC,1,development
2024-11-29,KBS:UPCOM:ABI,ABI,1,development
2024-11-29,KBS:UPCOM:ACE,ACE,1,development
2024-11-29,KBS:UPCOM:ACM,ACM,1,development
2024-11-29,KBS:UPCOM:ACS,ACS,1,development
2024-11-29,KBS:UPCOM:ACV,ACV,1,development
2024-11-29,KBS:UPCOM:AG1,AG1,1,development
2024-11-29,KBS:UPCOM:AGF,AGF,1,development
2024-11-29,KBS:UPCOM:AGP,AGP,1,development
2024-11-29,KBS:UPCOM:AGX,AGX,1,development
2024-11-29,KBS:UPCOM:AIC,AIC,1,development
2024-11-29,KBS:UPCOM:ALV,ALV,1,development
2024-11-29,KBS:UPCOM:AMP,AMP,1,development
2024-11-29,KBS:UPCOM:AMS,AMS,1,development
2024-11-29,KBS:UPCOM:APF,APF,1,development
2024-11-29,KBS:UPCOM:APL,APL,1,development
2024-11-29,KBS:UPCOM:APT,APT,1,development
2024-11-29,KBS:UPCOM:ART,ART,1,development
2024-11-29,KBS:UPCOM:ATA,ATA,1,development
2024-11-29,KBS:UPCOM:ATG,ATG,1,development
2024-11-29,KBS:UPCOM:AVC,AVC,1,development
2024-11-29,KBS:UPCOM:BAL,BAL,1,development
2024-11-29,KBS:UPCOM:BBH,BBH,1,development
2024-11-29,KBS:UPCOM:BBM,BBM,1,development
2024-11-29,KBS:UPCOM:BBT,BBT,1,development
2024-11-29,KBS:UPCOM:BCA,BCA,1,development
2024-11-29,KBS:UPCOM:BCB,BCB,1,development
2024-11-29,KBS:UPCOM:BCP,BCP,1,development
2024-11-29,KBS:UPCOM:BDG,BDG,1,development
2024-11-29,KBS:UPCOM:BDT,BDT,1,development
2024-11-29,KBS:UPCOM:BDW,BDW,1,development
2024-11-29,KBS:UPCOM:BEL,BEL,1,development
2024-11-29,KBS:UPCOM:BGW,BGW,1,development
2024-11-29,KBS:UPCOM:BHA,BHA,1,development
2024-11-29,KBS:UPCOM:BHC,BHC,1,development
2024-11-29,KBS:UPCOM:BHG,BHG,1,development
2024-11-29,KBS:UPCOM:BHK,BHK,1,development
2024-11-29,KBS:UPCOM:BHP,BHP,1,development
2024-11-29,KBS:UPCOM:BIO,BIO,1,development
2024-11-29,KBS:UPCOM:BLI,BLI,1,development
2024-11-29,KBS:UPCOM:BLN,BLN,1,development
2024-11-29,KBS:UPCOM:BLT,BLT,1,development
2024-11-29,KBS:UPCOM:BMD,BMD,1,development
2024-11-29,KBS:UPCOM:BMF,BMF,1,development
2024-11-29,KBS:UPCOM:BMG,BMG,1,development
2024-11-29,KBS:UPCOM:BMJ,BMJ,1,development
2024-11-29,KBS:UPCOM:BMS,BMS,1,development
2024-11-29,KBS:UPCOM:BMV,BMV,1,development
2024-11-29,KBS:UPCOM:BNW,BNW,1,development
2024-11-29,KBS:UPCOM:BQB,BQB,1,development
2024-11-29,KBS:UPCOM:BRR,BRR,1,development
2024-11-29,KBS:UPCOM:BRS,BRS,1,development
2024-11-29,KBS:UPCOM:BSD,BSD,1,development
2024-11-29,KBS:UPCOM:BSG,BSG,1,development
2024-11-29,KBS:UPCOM:BSH,BSH,1,development
2024-11-29,KBS:UPCOM:BSL,BSL,1,development
2024-11-29,KBS:UPCOM:BSP,BSP,1,development
2024-11-29,KBS:UPCOM:BSQ,BSQ,1,development
2024-11-29,KBS:UPCOM:BTB,BTB,1,development
2024-11-29,KBS:UPCOM:BTD,BTD,1,development
2024-11-29,KBS:UPCOM:BTG,BTG,1,development
2024-11-29,KBS:UPCOM:BTN,BTN,1,development
2024-11-29,KBS:UPCOM:BTU,BTU,1,development
2024-11-29,KBS:UPCOM:BTV,BTV,1,development
2024-11-29,KBS:UPCOM:BVG,BVG,1,development
2024-11-29,KBS:UPCOM:BVL,BVL,1,development
2024-11-29,KBS:UPCOM:BVN,BVN,1,development
2024-11-29,KBS:UPCOM:BWA,BWA,1,development
2024-11-29,KBS:UPCOM:BWS,BWS,1,development
2024-11-29,KBS:UPCOM:C22,C22,1,development
2024-11-29,KBS:UPCOM:C4G,C4G,1,development
2024-11-29,KBS:UPCOM:C92,C92,1,development
2024-11-29,KBS:UPCOM:CAD,CAD,1,development
2024-11-29,KBS:UPCOM:CAT,CAT,1,development
2024-11-29,KBS:UPCOM:CBI,CBI,1,development
2024-11-29,KBS:UPCOM:CBS,CBS,1,development
2024-11-29,KBS:UPCOM:CC1,CC1,1,development
2024-11-29,KBS:UPCOM:CCA,CCA,1,development
2024-11-29,KBS:UPCOM:CCM,CCM,1,development
2024-11-29,KBS:UPCOM:CCP,CCP,1,development
2024-11-29,KBS:UPCOM:CCT,CCT,1,development
2024-11-29,KBS:UPCOM:CCV,CCV,1,development
2024-11-29,KBS:UPCOM:CDP,CDP,1,development
2024-11-29,KBS:UPCOM:CDR,CDR,1,development
2024-11-29,KBS:UPCOM:CEN,CEN,1,development
2024-11-29,KBS:UPCOM:CFM,CFM,1,development
2024-11-29,KBS:UPCOM:CFV,CFV,1,development
2024-11-29,KBS:UPCOM:CH5,CH5,1,development
2024-11-29,KBS:UPCOM:CHC,CHC,1,development
2024-11-29,KBS:UPCOM:CHS,CHS,1,development
2024-11-29,KBS:UPCOM:CI5,CI5,1,development
2024-11-29,KBS:UPCOM:CID,CID,1,development
2024-11-29,KBS:UPCOM:CKA,CKA,1,development
2024-11-29,KBS:UPCOM:CKD,CKD,1,development
2024-11-29,KBS:UPCOM:CLX,CLX,1,development
2024-11-29,KBS:UPCOM:CMD,CMD,1,development
2024-11-29,KBS:UPCOM:CMF,CMF,1,development
2024-11-29,KBS:UPCOM:CMI,CMI,1,development
2024-11-29,KBS:UPCOM:CMK,CMK,1,development
2024-11-29,KBS:UPCOM:CMN,CMN,1,development
2024-11-29,KBS:UPCOM:CMT,CMT,1,development
2024-11-29,KBS:UPCOM:CMW,CMW,1,development
2024-11-29,KBS:UPCOM:CNC,CNC,1,development
2024-11-29,KBS:UPCOM:CNN,CNN,1,development
2024-11-29,KBS:UPCOM:CNT,CNT,1,development
2024-11-29,KBS:UPCOM:CPA,CPA,1,development
2024-11-29,KBS:UPCOM:CPI,CPI,1,development
2024-11-29,KBS:UPCOM:CQN,CQN,1,development
2024-11-29,KBS:UPCOM:CQT,CQT,1,development
2024-11-29,KBS:UPCOM:CT3,CT3,1,development
2024-11-29,KBS:UPCOM:CTW,CTW,1,development
2024-11-29,KBS:UPCOM:CVN,CVN,1,development
2024-11-29,KBS:UPCOM:DAS,DAS,1,development
2024-11-29,KBS:UPCOM:DBM,DBM,1,development
2024-11-29,KBS:UPCOM:DC1,DC1,1,development
2024-11-29,KBS:UPCOM:DCF,DCF,1,development
2024-11-29,KBS:UPCOM:DCH,DCH,1,development
2024-11-29,KBS:UPCOM:DCR,DCR,1,development
2024-11-29,KBS:UPCOM:DCS,DCS,1,development
2024-11-29,KBS:UPCOM:DCT,DCT,1,development
2024-11-29,KBS:UPCOM:DDG,DDG,1,development
2024-11-29,KBS:UPCOM:DDH,DDH,1,development
2024-11-29,KBS:UPCOM:DDM,DDM,1,development
2024-11-29,KBS:UPCOM:DDN,DDN,1,development
2024-11-29,KBS:UPCOM:DDV,DDV,1,development
2024-11-29,KBS:UPCOM:DFC,DFC,1,development
2024-11-29,KBS:UPCOM:DGT,DGT,1,development
2024-11-29,KBS:UPCOM:DHB,DHB,1,development
2024-11-29,KBS:UPCOM:DHD,DHD,1,development
2024-11-29,KBS:UPCOM:DHN,DHN,1,development
2024-11-29,KBS:UPCOM:DIC,DIC,1,development
2024-11-29,KBS:UPCOM:DID,DID,1,development
2024-11-29,KBS:UPCOM:DKC,DKC,1,development
2024-11-29,KBS:UPCOM:DLR,DLR,1,development
2024-11-29,KBS:UPCOM:DLT,DLT,1,development
2024-11-29,KBS:UPCOM:DM7,DM7,1,development
2024-11-29,KBS:UPCOM:DNA,DNA,1,development
2024-11-29,KBS:UPCOM:DND,DND,1,development
2024-11-29,KBS:UPCOM:DNE,DNE,1,development
2024-11-29,KBS:UPCOM:DNH,DNH,1,development
2024-11-29,KBS:UPCOM:DNL,DNL,1,development
2024-11-29,KBS:UPCOM:DNM,DNM,1,development
2024-11-29,KBS:UPCOM:DNT,DNT,1,development
2024-11-29,KBS:UPCOM:DNW,DNW,1,development
2024-11-29,KBS:UPCOM:DOC,DOC,1,development
2024-11-29,KBS:UPCOM:DOP,DOP,1,development
2024-11-29,KBS:UPCOM:DP1,DP1,1,development
2024-11-29,KBS:UPCOM:DPH,DPH,1,development
2024-11-29,KBS:UPCOM:DPP,DPP,1,development
2024-11-29,KBS:UPCOM:DRG,DRG,1,development
2024-11-29,KBS:UPCOM:DRI,DRI,1,development
2024-11-29,KBS:UPCOM:DSG,DSG,1,development
2024-11-29,KBS:UPCOM:DSP,DSP,1,development
2024-11-29,KBS:UPCOM:DTC,DTC,1,development
2024-11-29,KBS:UPCOM:DTI,DTI,1,development
2024-11-29,KBS:UPCOM:DTP,DTP,1,development
2024-11-29,KBS:UPCOM:DUS,DUS,1,development
2024-11-29,KBS:UPCOM:DVC,DVC,1,development
2024-11-29,KBS:UPCOM:DVW,DVW,1,development
2024-11-29,KBS:UPCOM:DWS,DWS,1,development
2024-11-29,KBS:UPCOM:DXL,DXL,1,development
2024-11-29,KBS:UPCOM:E12,E12,1,development
2024-11-29,KBS:UPCOM:E29,E29,1,development
2024-11-29,KBS:UPCOM:EIC,EIC,1,development
2024-11-29,KBS:UPCOM:EIN,EIN,1,development
2024-11-29,KBS:UPCOM:EMG,EMG,1,development
2024-11-29,KBS:UPCOM:EMS,EMS,1,development
2024-11-29,KBS:UPCOM:FCC,FCC,1,development
2024-11-29,KBS:UPCOM:FCS,FCS,1,development
2024-11-29,KBS:UPCOM:FHN,FHN,1,development
2024-11-29,KBS:UPCOM:FHS,FHS,1,development
2024-11-29,KBS:UPCOM:FIC,FIC,1,development
2024-11-29,KBS:UPCOM:FOC,FOC,1,development
2024-11-29,KBS:UPCOM:FOX,FOX,1,development
2024-11-29,KBS:UPCOM:FRC,FRC,1,development
2024-11-29,KBS:UPCOM:FRM,FRM,1,development
2024-11-29,KBS:UPCOM:FT1,FT1,1,development
2024-11-29,KBS:UPCOM:FTI,FTI,1,development
2024-11-29,KBS:UPCOM:FTM,FTM,1,development
2024-11-29,KBS:UPCOM:G36,G36,1,development
2024-11-29,KBS:UPCOM:GCB,GCB,1,development
2024-11-29,KBS:UPCOM:GER,GER,1,development
2024-11-29,KBS:UPCOM:GGG,GGG,1,development
2024-11-29,KBS:UPCOM:GH3,GH3,1,development
2024-11-29,KBS:UPCOM:GLC,GLC,1,development
2024-11-29,KBS:UPCOM:GMC,GMC,1,development
2024-11-29,KBS:UPCOM:GND,GND,1,development
2024-11-29,KBS:UPCOM:GSM,GSM,1,development
2024-11-29,KBS:UPCOM:GTD,GTD,1,development
2024-11-29,KBS:UPCOM:GTS,GTS,1,development
2024-11-29,KBS:UPCOM:H11,H11,1,development
2024-11-29,KBS:UPCOM:HAC,HAC,1,development
2024-11-29,KBS:UPCOM:HAF,HAF,1,development
2024-11-29,KBS:UPCOM:HAM,HAM,1,development
2024-11-29,KBS:UPCOM:HAN,HAN,1,development
2024-11-29,KBS:UPCOM:HBD,HBD,1,development
2024-11-29,KBS:UPCOM:HBH,HBH,1,development
2024-11-29,KBS:UPCOM:HD6,HD6,1,development
2024-11-29,KBS:UPCOM:HDW,HDW,1,development
2024-11-29,KBS:UPCOM:HEJ,HEJ,1,development
2024-11-29,KBS:UPCOM:HEP,HEP,1,development
2024-11-29,KBS:UPCOM:HES,HES,1,development
2024-11-29,KBS:UPCOM:HHG,HHG,1,development
2024-11-29,KBS:UPCOM:HLB,HLB,1,development
2024-11-29,KBS:UPCOM:HLS,HLS,1,development
2024-11-29,KBS:UPCOM:HND,HND,1,development
2024-11-29,KBS:UPCOM:HNF,HNF,1,development
2024-11-29,KBS:UPCOM:HNM,HNM,1,development
2024-11-29,KBS:UPCOM:HPH,HPH,1,development
2024-11-29,KBS:UPCOM:HPT,HPT,1,development
2024-11-29,KBS:UPCOM:HTM,HTM,1,development
2024-11-29,KBS:UPCOM:HWS,HWS,1,development
2024-11-29,KBS:UPCOM:ICI,ICI,1,development
2024-11-29,KBS:UPCOM:ICN,ICN,1,development
2024-11-29,KBS:UPCOM:IFS,IFS,1,development
2024-11-29,KBS:UPCOM:ILA,ILA,1,development
2024-11-29,KBS:UPCOM:ILC,ILC,1,development
2024-11-29,KBS:UPCOM:ILS,ILS,1,development
2024-11-29,KBS:UPCOM:IST,IST,1,development
2024-11-29,KBS:UPCOM:JOS,JOS,1,development
2024-11-29,KBS:UPCOM:KHW,KHW,1,development
2024-11-29,KBS:UPCOM:KIP,KIP,1,development
2024-11-29,KBS:UPCOM:L63,L63,1,development
2024-11-29,KBS:UPCOM:LAI,LAI,1,development
2024-11-29,KBS:UPCOM:LIC,LIC,1,development
2024-11-29,KBS:UPCOM:LLM,LLM,1,development
2024-11-29,KBS:UPCOM:LMI,LMI,1,development
2024-11-29,KBS:UPCOM:LTC,LTC,1,development
2024-11-29,KBS:UPCOM:MDF,MDF,1,development
2024-11-29,KBS:UPCOM:MEC,MEC,1,development
2024-11-29,KBS:UPCOM:MFS,MFS,1,development
2024-11-29,KBS:UPCOM:MGC,MGC,1,development
2024-11-29,KBS:UPCOM:MGG,MGG,1,development
2024-11-29,KBS:UPCOM:MPC,MPC,1,development
2024-11-29,KBS:UPCOM:MSR,MSR,1,development
2024-11-29,KBS:UPCOM:MVN,MVN,1,development
2024-11-29,KBS:UPCOM:NAU,NAU,1,development
2024-11-29,KBS:UPCOM:NBT,NBT,1,development
2024-11-29,KBS:UPCOM:ND2,ND2,1,development
2024-11-29,KBS:UPCOM:NOS,NOS,1,development
2024-11-29,KBS:UPCOM:NQN,NQN,1,development
2024-11-29,KBS:UPCOM:NTT,NTT,1,development
2024-11-29,KBS:UPCOM:NTW,NTW,1,development
2024-11-29,KBS:UPCOM:NUE,NUE,1,development
2024-11-29,KBS:UPCOM:OIL,OIL,1,development
2024-11-29,KBS:UPCOM:PCC,PCC,1,development
2024-11-29,KBS:UPCOM:PCF,PCF,1,development
2024-11-29,KBS:UPCOM:PCG,PCG,1,development
2024-11-29,KBS:UPCOM:PFL,PFL,1,development
2024-11-29,KBS:UPCOM:PHP,PHP,1,development
2024-11-29,KBS:UPCOM:PHS,PHS,1,development
2024-11-29,KBS:UPCOM:PVE,PVE,1,development
2024-11-29,KBS:UPCOM:PVL,PVL,1,development
2024-11-29,KBS:UPCOM:PVX,PVX,1,development
2024-11-29,KBS:UPCOM:PWA,PWA,1,development
2024-11-29,KBS:UPCOM:PWS,PWS,1,development
2024-11-29,KBS:UPCOM:PXA,PXA,1,development
2024-11-29,KBS:UPCOM:PXI,PXI,1,development
2024-11-29,KBS:UPCOM:PXM,PXM,1,development
2024-11-29,KBS:UPCOM:PXS,PXS,1,development
2024-11-29,KBS:UPCOM:QCC,QCC,1,development
2024-11-29,KBS:UPCOM:QHW,QHW,1,development
2024-11-29,KBS:UPCOM:QNC,QNC,1,development
2024-11-29,KBS:UPCOM:QNS,QNS,1,development
2024-11-29,KBS:UPCOM:QPH,QPH,1,development
2024-11-29,KBS:UPCOM:QSP,QSP,1,development
2024-11-29,KBS:UPCOM:RIC,RIC,1,development
2024-11-29,KBS:UPCOM:S74,S74,1,development
2024-11-29,KBS:UPCOM:SBD,SBD,1,development
2024-11-29,KBS:UPCOM:SBM,SBM,1,development
2024-11-29,KBS:UPCOM:SCJ,SCJ,1,development
2024-11-29,KBS:UPCOM:SCL,SCL,1,development
2024-11-29,KBS:UPCOM:SD2,SD2,1,development
2024-11-29,KBS:UPCOM:SD7,SD7,1,development
2024-11-29,KBS:UPCOM:SDP,SDP,1,development
2024-11-29,KBS:UPCOM:SEA,SEA,1,development
2024-11-29,KBS:UPCOM:SGB,SGB,1,development
2024-11-29,KBS:UPCOM:SGS,SGS,1,development
2024-11-29,KBS:UPCOM:SID,SID,1,development
2024-11-29,KBS:UPCOM:SJG,SJG,1,development
2024-11-29,KBS:UPCOM:SKV,SKV,1,development
2024-11-29,KBS:UPCOM:SRB,SRB,1,development
2024-11-29,KBS:UPCOM:SSG,SSG,1,development
2024-11-29,KBS:UPCOM:SSH,SSH,1,development
2024-11-29,KBS:UPCOM:STT,STT,1,development
2024-11-29,KBS:UPCOM:SWC,SWC,1,development
2024-11-29,KBS:UPCOM:TDB,TDB,1,development
2024-11-29,KBS:UPCOM:TDS,TDS,1,development
2024-11-29,KBS:UPCOM:TGP,TGP,1,development
2024-11-29,KBS:UPCOM:THW,THW,1,development
2024-11-29,KBS:UPCOM:TIS,TIS,1,development
2024-11-29,KBS:UPCOM:TLP,TLP,1,development
2024-11-29,KBS:UPCOM:TNW,TNW,1,development
2024-11-29,KBS:UPCOM:TOS,TOS,1,development
2024-11-29,KBS:UPCOM:TOW,TOW,1,development
2024-11-29,KBS:UPCOM:TSD,TSD,1,development
2024-11-29,KBS:UPCOM:TST,TST,1,development
2024-11-29,KBS:UPCOM:TTD,TTD,1,development
2024-11-29,KBS:UPCOM:TTG,TTG,1,development
2024-11-29,KBS:UPCOM:TTS,TTS,1,development
2024-11-29,KBS:UPCOM:TUG,TUG,1,development
2024-11-29,KBS:UPCOM:TV1,TV1,1,development
2024-11-29,KBS:UPCOM:TVN,TVN,1,development
2024-11-29,KBS:UPCOM:UDC,UDC,1,development
2024-11-29,KBS:UPCOM:USC,USC,1,development
2024-11-29,KBS:UPCOM:VAV,VAV,1,development
2024-11-29,KBS:UPCOM:VCP,VCP,1,development
2024-11-29,KBS:UPCOM:VCR,VCR,1,development
2024-11-29,KBS:UPCOM:VDN,VDN,1,development
2024-11-29,KBS:UPCOM:VEA,VEA,1,development
2024-11-29,KBS:UPCOM:VGG,VGG,1,development
2024-11-29,KBS:UPCOM:VGI,VGI,1,development
2024-11-29,KBS:UPCOM:VGT,VGT,1,development
2024-11-29,KBS:UPCOM:VHG,VHG,1,development
2024-11-29,KBS:UPCOM:VIM,VIM,1,development
2024-11-29,KBS:UPCOM:VIN,VIN,1,development
2024-11-29,KBS:UPCOM:VIW,VIW,1,development
2024-11-29,KBS:UPCOM:VKC,VKC,1,development
2024-11-29,KBS:UPCOM:VLG,VLG,1,development
2024-11-29,KBS:UPCOM:VLW,VLW,1,development
2024-11-29,KBS:UPCOM:VNB,VNB,1,development
2024-11-29,KBS:UPCOM:VPR,VPR,1,development
2024-11-29,KBS:UPCOM:VSE,VSE,1,development
2024-11-29,KBS:UPCOM:VST,VST,1,development
2024-11-29,KBS:UPCOM:VTK,VTK,1,development
2024-11-29,KBS:UPCOM:VW3,VW3,1,development
2024-11-29,KBS:UPCOM:WSB,WSB,1,development
2024-11-29,KBS:UPCOM:XMC,XMC,1,development
2024-11-29,KBS:UPCOM:XMP,XMP,1,development
2024-12-31,KBS:HNX:ADC,ADC,1,development
2024-12-31,KBS:HNX:ALT,ALT,1,development
2024-12-31,KBS:HNX:AMC,AMC,1,development
2024-12-31,KBS:HNX:AME,AME,1,development
2024-12-31,KBS:HNX:AMV,AMV,1,development
2024-12-31,KBS:HNX:API,API,1,development
2024-12-31,KBS:HNX:APS,APS,1,development
2024-12-31,KBS:HNX:ARM,ARM,1,development
2024-12-31,KBS:HNX:ATS,ATS,1,development
2024-12-31,KBS:HNX:BAB,BAB,1,development
2024-12-31,KBS:HNX:BAX,BAX,1,development
2024-12-31,KBS:HNX:BBS,BBS,1,development
2024-12-31,KBS:HNX:BCF,BCF,1,development
2024-12-31,KBS:HNX:BED,BED,1,development
2024-12-31,KBS:HNX:BKC,BKC,1,development
2024-12-31,KBS:HNX:BNA,BNA,1,development
2024-12-31,KBS:HNX:BPC,BPC,1,development
2024-12-31,KBS:HNX:BTS,BTS,1,development
2024-12-31,KBS:HNX:BTW,BTW,1,development
2024-12-31,KBS:HNX:BVS,BVS,1,development
2024-12-31,KBS:HNX:BXH,BXH,1,development
2024-12-31,KBS:HNX:C69,C69,1,development
2024-12-31,KBS:HNX:CAG,CAG,1,development
2024-12-31,KBS:HNX:CAN,CAN,1,development
2024-12-31,KBS:HNX:CAP,CAP,1,development
2024-12-31,KBS:HNX:CCR,CCR,1,development
2024-12-31,KBS:HNX:CDN,CDN,1,development
2024-12-31,KBS:HNX:CEO,CEO,1,development
2024-12-31,KBS:HNX:CET,CET,1,development
2024-12-31,KBS:HNX:CIA,CIA,1,development
2024-12-31,KBS:HNX:CJC,CJC,1,development
2024-12-31,KBS:HNX:CKV,CKV,1,development
2024-12-31,KBS:HNX:CLH,CLH,1,development
2024-12-31,KBS:HNX:CLM,CLM,1,development
2024-12-31,KBS:HNX:CMC,CMC,1,development
2024-12-31,KBS:HNX:CMS,CMS,1,development
2024-12-31,KBS:HNX:CPC,CPC,1,development
2024-12-31,KBS:HNX:CSC,CSC,1,development
2024-12-31,KBS:HNX:CST,CST,1,development
2024-12-31,KBS:HNX:CTB,CTB,1,development
2024-12-31,KBS:HNX:CTP,CTP,1,development
2024-12-31,KBS:HNX:CTT,CTT,1,development
2024-12-31,KBS:HNX:CX8,CX8,1,development
2024-12-31,KBS:HNX:D11,D11,1,development
2024-12-31,KBS:HNX:DAD,DAD,1,development
2024-12-31,KBS:HNX:DAE,DAE,1,development
2024-12-31,KBS:HNX:DC2,DC2,1,development
2024-12-31,KBS:HNX:DHP,DHP,1,development
2024-12-31,KBS:HNX:DIH,DIH,1,development
2024-12-31,KBS:HNX:DL1,DL1,1,development
2024-12-31,KBS:HNX:DNC,DNC,1,development
2024-12-31,KBS:HNX:DNP,DNP,1,development
2024-12-31,KBS:HNX:DP3,DP3,1,development
2024-12-31,KBS:HNX:DS3,DS3,1,development
2024-12-31,KBS:HNX:DST,DST,1,development
2024-12-31,KBS:HNX:DTD,DTD,1,development
2024-12-31,KBS:HNX:DTK,DTK,1,development
2024-12-31,KBS:HNX:EBS,EBS,1,development
2024-12-31,KBS:HNX:ECI,ECI,1,development
2024-12-31,KBS:HNX:EID,EID,1,development
2024-12-31,KBS:HNX:EVS,EVS,1,development
2024-12-31,KBS:HNX:FID,FID,1,development
2024-12-31,KBS:HNX:GDW,GDW,1,development
2024-12-31,KBS:HNX:GKM,GKM,1,development
2024-12-31,KBS:HNX:GLT,GLT,1,development
2024-12-31,KBS:HNX:GMA,GMA,1,development
2024-12-31,KBS:HNX:GMX,GMX,1,development
2024-12-31,KBS:HNX:HAD,HAD,1,development
2024-12-31,KBS:HNX:HAT,HAT,1,development
2024-12-31,KBS:HNX:HBS,HBS,1,development
2024-12-31,KBS:HNX:HCC,HCC,1,development
2024-12-31,KBS:HNX:HDA,HDA,1,development
2024-12-31,KBS:HNX:HEV,HEV,1,development
2024-12-31,KBS:HNX:HGM,HGM,1,development
2024-12-31,KBS:HNX:HHC,HHC,1,development
2024-12-31,KBS:HNX:HJS,HJS,1,development
2024-12-31,KBS:HNX:HKT,HKT,1,development
2024-12-31,KBS:HNX:HLC,HLC,1,development
2024-12-31,KBS:HNX:HLD,HLD,1,development
2024-12-31,KBS:HNX:HMH,HMH,1,development
2024-12-31,KBS:HNX:HTC,HTC,1,development
2024-12-31,KBS:HNX:HUT,HUT,1,development
2024-12-31,KBS:HNX:HVT,HVT,1,development
2024-12-31,KBS:HNX:ICG,ICG,1,development
2024-12-31,KBS:HNX:IDC,IDC,1,development
2024-12-31,KBS:HNX:IDJ,IDJ,1,development
2024-12-31,KBS:HNX:IDV,IDV,1,development
2024-12-31,KBS:HNX:INC,INC,1,development
2024-12-31,KBS:HNX:INN,INN,1,development
2024-12-31,KBS:HNX:IPA,IPA,1,development
2024-12-31,KBS:HNX:IVS,IVS,1,development
2024-12-31,KBS:HNX:KDM,KDM,1,development
2024-12-31,KBS:HNX:KHS,KHS,1,development
2024-12-31,KBS:HNX:KKC,KKC,1,development
2024-12-31,KBS:HNX:KSD,KSD,1,development
2024-12-31,KBS:HNX:KSF,KSF,1,development
2024-12-31,KBS:HNX:KST,KST,1,development
2024-12-31,KBS:HNX:KSV,KSV,1,development
2024-12-31,KBS:HNX:KTS,KTS,1,development
2024-12-31,KBS:HNX:L14,L14,1,development
2024-12-31,KBS:HNX:L18,L18,1,development
2024-12-31,KBS:HNX:LBE,LBE,1,development
2024-12-31,KBS:HNX:LCD,LCD,1,development
2024-12-31,KBS:HNX:LDP,LDP,1,development
2024-12-31,KBS:HNX:LHC,LHC,1,development
2024-12-31,KBS:HNX:LIG,LIG,1,development
2024-12-31,KBS:HNX:MAC,MAC,1,development
2024-12-31,KBS:HNX:MAS,MAS,1,development
2024-12-31,KBS:HNX:MBG,MBG,1,development
2024-12-31,KBS:HNX:MCC,MCC,1,development
2024-12-31,KBS:HNX:MCF,MCF,1,development
2024-12-31,KBS:HNX:MCO,MCO,1,development
2024-12-31,KBS:HNX:MDC,MDC,1,development
2024-12-31,KBS:HNX:MED,MED,1,development
2024-12-31,KBS:HNX:MKV,MKV,1,development
2024-12-31,KBS:HNX:MST,MST,1,development
2024-12-31,KBS:HNX:MVB,MVB,1,development
2024-12-31,KBS:HNX:NAG,NAG,1,development
2024-12-31,KBS:HNX:NAP,NAP,1,development
2024-12-31,KBS:HNX:NBP,NBP,1,development
2024-12-31,KBS:HNX:NBW,NBW,1,development
2024-12-31,KBS:HNX:NDN,NDN,1,development
2024-12-31,KBS:HNX:NET,NET,1,development
2024-12-31,KBS:HNX:NFC,NFC,1,development
2024-12-31,KBS:HNX:NHC,NHC,1,development
2024-12-31,KBS:HNX:NRC,NRC,1,development
2024-12-31,KBS:HNX:NSH,NSH,1,development
2024-12-31,KBS:HNX:NST,NST,1,development
2024-12-31,KBS:HNX:NTH,NTH,1,development
2024-12-31,KBS:HNX:NTP,NTP,1,development
2024-12-31,KBS:HNX:NVB,NVB,1,development
2024-12-31,KBS:HNX:ONE,ONE,1,development
2024-12-31,KBS:HNX:PBP,PBP,1,development
2024-12-31,KBS:HNX:PCE,PCE,1,development
2024-12-31,KBS:HNX:PCT,PCT,1,development
2024-12-31,KBS:HNX:PDB,PDB,1,development
2024-12-31,KBS:HNX:PEN,PEN,1,development
2024-12-31,KBS:HNX:PGN,PGN,1,development
2024-12-31,KBS:HNX:PGS,PGS,1,development
2024-12-31,KBS:HNX:PGT,PGT,1,development
2024-12-31,KBS:HNX:PHN,PHN,1,development
2024-12-31,KBS:HNX:PIA,PIA,1,development
2024-12-31,KBS:HNX:PIC,PIC,1,development
2024-12-31,KBS:HNX:PJC,PJC,1,development
2024-12-31,KBS:HNX:PLC,PLC,1,development
2024-12-31,KBS:HNX:PMB,PMB,1,development
2024-12-31,KBS:HNX:PMC,PMC,1,development
2024-12-31,KBS:HNX:PMP,PMP,1,development
2024-12-31,KBS:HNX:PMS,PMS,1,development
2024-12-31,KBS:HNX:POT,POT,1,development
2024-12-31,KBS:HNX:PPE,PPE,1,development
2024-12-31,KBS:HNX:PPP,PPP,1,development
2024-12-31,KBS:HNX:PPS,PPS,1,development
2024-12-31,KBS:HNX:PPY,PPY,1,development
2024-12-31,KBS:HNX:PRC,PRC,1,development
2024-12-31,KBS:HNX:PRE,PRE,1,development
2024-12-31,KBS:HNX:PSD,PSD,1,development
2024-12-31,KBS:HNX:PSE,PSE,1,development
2024-12-31,KBS:HNX:PSI,PSI,1,development
2024-12-31,KBS:HNX:PSW,PSW,1,development
2024-12-31,KBS:HNX:PTD,PTD,1,development
2024-12-31,KBS:HNX:PTS,PTS,1,development
2024-12-31,KBS:HNX:PV2,PV2,1,development
2024-12-31,KBS:HNX:PVB,PVB,1,development
2024-12-31,KBS:HNX:PVC,PVC,1,development
2024-12-31,KBS:HNX:PVG,PVG,1,development
2024-12-31,KBS:HOSE:AAM,AAM,1,development
2024-12-31,KBS:HOSE:AAT,AAT,1,development
2024-12-31,KBS:HOSE:ABR,ABR,1,development
2024-12-31,KBS:HOSE:ABS,ABS,1,development
2024-12-31,KBS:HOSE:ABT,ABT,1,development
2024-12-31,KBS:HOSE:ACC,ACC,1,development
2024-12-31,KBS:HOSE:ACG,ACG,1,development
2024-12-31,KBS:HOSE:ACL,ACL,1,development
2024-12-31,KBS:HOSE:ADG,ADG,1,development
2024-12-31,KBS:HOSE:ADP,ADP,1,development
2024-12-31,KBS:HOSE:ADS,ADS,1,development
2024-12-31,KBS:HOSE:AFX,AFX,1,development
2024-12-31,KBS:HOSE:AGG,AGG,1,development
2024-12-31,KBS:HOSE:AGR,AGR,1,development
2024-12-31,KBS:HOSE:ANT,ANT,1,development
2024-12-31,KBS:HOSE:ANV,ANV,1,development
2024-12-31,KBS:HOSE:APG,APG,1,development
2024-12-31,KBS:HOSE:APH,APH,1,development
2024-12-31,KBS:HOSE:ASM,ASM,1,development
2024-12-31,KBS:HOSE:ASP,ASP,1,development
2024-12-31,KBS:HOSE:AST,AST,1,development
2024-12-31,KBS:HOSE:BAF,BAF,1,development
2024-12-31,KBS:HOSE:BCE,BCE,1,development
2024-12-31,KBS:HOSE:BCM,BCM,1,development
2024-12-31,KBS:HOSE:BFC,BFC,1,development
2024-12-31,KBS:HOSE:BHN,BHN,1,development
2024-12-31,KBS:HOSE:BIC,BIC,1,development
2024-12-31,KBS:HOSE:BKG,BKG,1,development
2024-12-31,KBS:HOSE:BMI,BMI,1,development
2024-12-31,KBS:HOSE:BRC,BRC,1,development
2024-12-31,KBS:HOSE:BSI,BSI,1,development
2024-12-31,KBS:HOSE:BSR,BSR,1,development
2024-12-31,KBS:HOSE:BTP,BTP,1,development
2024-12-31,KBS:HOSE:BVH,BVH,1,development
2024-12-31,KBS:HOSE:C32,C32,1,development
2024-12-31,KBS:HOSE:CCI,CCI,1,development
2024-12-31,KBS:HOSE:CCL,CCL,1,development
2024-12-31,KBS:HOSE:CDC,CDC,1,development
2024-12-31,KBS:HOSE:CHP,CHP,1,development
2024-12-31,KBS:HOSE:CIG,CIG,1,development
2024-12-31,KBS:HOSE:CII,CII,1,development
2024-12-31,KBS:HOSE:CKG,CKG,1,development
2024-12-31,KBS:HOSE:CLC,CLC,1,development
2024-12-31,KBS:HOSE:CLW,CLW,1,development
2024-12-31,KBS:HOSE:CMV,CMV,1,development
2024-12-31,KBS:HOSE:CMX,CMX,1,development
2024-12-31,KBS:HOSE:CNG,CNG,1,development
2024-12-31,KBS:HOSE:COM,COM,1,development
2024-12-31,KBS:HOSE:CRC,CRC,1,development
2024-12-31,KBS:HOSE:CRE,CRE,1,development
2024-12-31,KBS:HOSE:CSV,CSV,1,development
2024-12-31,KBS:HOSE:CTD,CTD,1,development
2024-12-31,KBS:HOSE:CTF,CTF,1,development
2024-12-31,KBS:HOSE:CTI,CTI,1,development
2024-12-31,KBS:HOSE:CTR,CTR,1,development
2024-12-31,KBS:HOSE:CTS,CTS,1,development
2024-12-31,KBS:HOSE:CVT,CVT,1,development
2024-12-31,KBS:HOSE:D2D,D2D,1,development
2024-12-31,KBS:HOSE:DAH,DAH,1,development
2024-12-31,KBS:HOSE:DBC,DBC,1,development
2024-12-31,KBS:HOSE:DBD,DBD,1,development
2024-12-31,KBS:HOSE:DC4,DC4,1,development
2024-12-31,KBS:HOSE:DCL,DCL,1,development
2024-12-31,KBS:HOSE:DCM,DCM,1,development
2024-12-31,KBS:HOSE:DGC,DGC,0,development
2024-12-31,KBS:HOSE:DGW,DGW,1,development
2024-12-31,KBS:HOSE:DHA,DHA,1,development
2024-12-31,KBS:HOSE:DHC,DHC,1,development
2024-12-31,KBS:HOSE:DLG,DLG,1,development
2024-12-31,KBS:HOSE:DMC,DMC,1,development
2024-12-31,KBS:HOSE:DPG,DPG,1,development
2024-12-31,KBS:HOSE:DQC,DQC,1,development
2024-12-31,KBS:HOSE:DRC,DRC,1,development
2024-12-31,KBS:HOSE:DSN,DSN,1,development
2024-12-31,KBS:HOSE:DTA,DTA,1,development
2024-12-31,KBS:HOSE:DTL,DTL,1,development
2024-12-31,KBS:HOSE:DTT,DTT,1,development
2024-12-31,KBS:HOSE:DVP,DVP,1,development
2024-12-31,KBS:HOSE:DXG,DXG,0,development
2024-12-31,KBS:HOSE:DXS,DXS,1,development
2024-12-31,KBS:HOSE:DXV,DXV,1,development
2024-12-31,KBS:HOSE:EIB,EIB,0,development
2024-12-31,KBS:HOSE:ELC,ELC,1,development
2024-12-31,KBS:HOSE:EVE,EVE,1,development
2024-12-31,KBS:HOSE:EVF,EVF,1,development
2024-12-31,KBS:HOSE:EVG,EVG,1,development
2024-12-31,KBS:HOSE:FCM,FCM,1,development
2024-12-31,KBS:HOSE:FCN,FCN,1,development
2024-12-31,KBS:HOSE:FDC,FDC,1,development
2024-12-31,KBS:HOSE:FIR,FIR,1,development
2024-12-31,KBS:HOSE:FIT,FIT,1,development
2024-12-31,KBS:HOSE:FMC,FMC,1,development
2024-12-31,KBS:HOSE:FPT,FPT,0,development
2024-12-31,KBS:HOSE:FRT,FRT,1,development
2024-12-31,KBS:HOSE:FTS,FTS,1,development
2024-12-31,KBS:HOSE:GAS,GAS,1,development
2024-12-31,KBS:HOSE:GDT,GDT,1,development
2024-12-31,KBS:HOSE:GEG,GEG,1,development
2024-12-31,KBS:HOSE:GIL,GIL,1,development
2024-12-31,KBS:HOSE:GMD,GMD,1,development
2024-12-31,KBS:HOSE:GTA,GTA,1,development
2024-12-31,KBS:HOSE:HAG,HAG,1,development
2024-12-31,KBS:HOSE:HAP,HAP,1,development
2024-12-31,KBS:HOSE:HAR,HAR,1,development
2024-12-31,KBS:HOSE:HAS,HAS,1,development
2024-12-31,KBS:HOSE:HAX,HAX,1,development
2024-12-31,KBS:HOSE:HCD,HCD,1,development
2024-12-31,KBS:HOSE:HCM,HCM,0,development
2024-12-31,KBS:HOSE:HDC,HDC,1,development
2024-12-31,KBS:HOSE:HDG,HDG,1,development
2024-12-31,KBS:HOSE:HHP,HHP,1,development
2024-12-31,KBS:HOSE:HHV,HHV,1,development
2024-12-31,KBS:HOSE:HID,HID,1,development
2024-12-31,KBS:HOSE:HII,HII,1,development
2024-12-31,KBS:HOSE:HMC,HMC,1,development
2024-12-31,KBS:HOSE:HQC,HQC,1,development
2024-12-31,KBS:HOSE:HRC,HRC,1,development
2024-12-31,KBS:HOSE:HSG,HSG,1,development
2024-12-31,KBS:HOSE:HSL,HSL,1,development
2024-12-31,KBS:HOSE:HTG,HTG,1,development
2024-12-31,KBS:HOSE:HTI,HTI,1,development
2024-12-31,KBS:HOSE:HTL,HTL,1,development
2024-12-31,KBS:HOSE:HTN,HTN,1,development
2024-12-31,KBS:HOSE:HTV,HTV,1,development
2024-12-31,KBS:HOSE:HU1,HU1,1,development
2024-12-31,KBS:HOSE:HUB,HUB,1,development
2024-12-31,KBS:HOSE:HVN,HVN,1,development
2024-12-31,KBS:HOSE:ICT,ICT,1,development
2024-12-31,KBS:HOSE:IJC,IJC,1,development
2024-12-31,KBS:HOSE:ILB,ILB,1,development
2024-12-31,KBS:HOSE:ITC,ITC,1,development
2024-12-31,KBS:HOSE:ITD,ITD,1,development
2024-12-31,KBS:HOSE:JVC,JVC,1,development
2024-12-31,KBS:HOSE:KBC,KBC,1,development
2024-12-31,KBS:HOSE:KDC,KDC,1,development
2024-12-31,KBS:HOSE:KDH,KDH,1,development
2024-12-31,KBS:HOSE:KHG,KHG,1,development
2024-12-31,KBS:HOSE:KHP,KHP,1,development
2024-12-31,KBS:HOSE:KMR,KMR,1,development
2024-12-31,KBS:HOSE:KOS,KOS,1,development
2024-12-31,KBS:HOSE:KSB,KSB,1,development
2024-12-31,KBS:HOSE:L10,L10,1,development
2024-12-31,KBS:HOSE:LAF,LAF,1,development
2024-12-31,KBS:HOSE:LBM,LBM,1,development
2024-12-31,KBS:HOSE:LCG,LCG,1,development
2024-12-31,KBS:HOSE:LDG,LDG,1,development
2024-12-31,KBS:HOSE:LGL,LGL,1,development
2024-12-31,KBS:HOSE:LHG,LHG,1,development
2024-12-31,KBS:HOSE:LIX,LIX,1,development
2024-12-31,KBS:HOSE:LM8,LM8,1,development
2024-12-31,KBS:HOSE:LPB,LPB,1,development
2024-12-31,KBS:HOSE:LSS,LSS,1,development
2024-12-31,KBS:HOSE:MBB,MBB,0,development
2024-12-31,KBS:HOSE:MCP,MCP,1,development
2024-12-31,KBS:HOSE:MDG,MDG,1,development
2024-12-31,KBS:HOSE:MHC,MHC,1,development
2024-12-31,KBS:HOSE:MIG,MIG,1,development
2024-12-31,KBS:HOSE:MSB,MSB,1,development
2024-12-31,KBS:HOSE:MSH,MSH,1,development
2024-12-31,KBS:HOSE:MWG,MWG,0,development
2024-12-31,KBS:HOSE:NAF,NAF,1,development
2024-12-31,KBS:HOSE:NAV,NAV,1,development
2024-12-31,KBS:HOSE:NBB,NBB,1,development
2024-12-31,KBS:HOSE:NCT,NCT,1,development
2024-12-31,KBS:HOSE:NHA,NHA,1,development
2024-12-31,KBS:HOSE:NHT,NHT,1,development
2024-12-31,KBS:HOSE:NKG,NKG,1,development
2024-12-31,KBS:HOSE:NLG,NLG,1,development
2024-12-31,KBS:HOSE:NNC,NNC,1,development
2024-12-31,KBS:HOSE:NTL,NTL,1,development
2024-12-31,KBS:HOSE:NVL,NVL,1,development
2024-12-31,KBS:HOSE:NVT,NVT,1,development
2024-12-31,KBS:HOSE:OCB,OCB,1,development
2024-12-31,KBS:HOSE:OGC,OGC,1,development
2024-12-31,KBS:HOSE:OPC,OPC,1,development
2024-12-31,KBS:HOSE:PAC,PAC,1,development
2024-12-31,KBS:HOSE:PAN,PAN,1,development
2024-12-31,KBS:HOSE:PDN,PDN,1,development
2024-12-31,KBS:HOSE:PGC,PGC,1,development
2024-12-31,KBS:HOSE:PGD,PGD,1,development
2024-12-31,KBS:HOSE:PGI,PGI,1,development
2024-12-31,KBS:HOSE:PGV,PGV,1,development
2024-12-31,KBS:HOSE:PHR,PHR,1,development
2024-12-31,KBS:HOSE:PIT,PIT,1,development
2024-12-31,KBS:HOSE:PLP,PLP,1,development
2024-12-31,KBS:HOSE:PLX,PLX,1,development
2024-12-31,KBS:HOSE:PNC,PNC,1,development
2024-12-31,KBS:HOSE:PNJ,PNJ,1,development
2024-12-31,KBS:HOSE:PTB,PTB,1,development
2024-12-31,KBS:HOSE:PTC,PTC,1,development
2024-12-31,KBS:HOSE:PTL,PTL,1,development
2024-12-31,KBS:HOSE:PVP,PVP,1,development
2024-12-31,KBS:HOSE:PVT,PVT,1,development
2024-12-31,KBS:HOSE:QCG,QCG,1,development
2024-12-31,KBS:HOSE:RAL,RAL,1,development
2024-12-31,KBS:HOSE:S4A,S4A,1,development
2024-12-31,KBS:HOSE:SAB,SAB,1,development
2024-12-31,KBS:HOSE:SAM,SAM,1,development
2024-12-31,KBS:HOSE:SAV,SAV,1,development
2024-12-31,KBS:HOSE:SBA,SBA,1,development
2024-12-31,KBS:HOSE:SBV,SBV,1,development
2024-12-31,KBS:HOSE:SC5,SC5,1,development
2024-12-31,KBS:HOSE:SCR,SCR,1,development
2024-12-31,KBS:HOSE:SCS,SCS,1,development
2024-12-31,KBS:HOSE:SFI,SFI,1,development
2024-12-31,KBS:HOSE:SGR,SGR,1,development
2024-12-31,KBS:HOSE:SGT,SGT,1,development
2024-12-31,KBS:HOSE:SHA,SHA,1,development
2024-12-31,KBS:HOSE:SHB,SHB,1,development
2024-12-31,KBS:HOSE:SHI,SHI,1,development
2024-12-31,KBS:HOSE:SHP,SHP,1,development
2024-12-31,KBS:HOSE:SIP,SIP,1,development
2024-12-31,KBS:HOSE:SJD,SJD,1,development
2024-12-31,KBS:HOSE:SJS,SJS,1,development
2024-12-31,KBS:HOSE:SMA,SMA,1,development
2024-12-31,KBS:HOSE:SMB,SMB,1,development
2024-12-31,KBS:HOSE:SMC,SMC,1,development
2024-12-31,KBS:HOSE:SPM,SPM,1,development
2024-12-31,KBS:HOSE:SRC,SRC,1,development
2024-12-31,KBS:HOSE:SRF,SRF,1,development
2024-12-31,KBS:HOSE:SSB,SSB,1,development
2024-12-31,KBS:HOSE:SSC,SSC,1,development
2024-12-31,KBS:HOSE:STB,STB,0,development
2024-12-31,KBS:HOSE:STG,STG,1,development
2024-12-31,KBS:HOSE:STK,STK,1,development
2024-12-31,KBS:HOSE:SVC,SVC,1,development
2024-12-31,KBS:HOSE:SVT,SVT,1,development
2024-12-31,KBS:HOSE:SZL,SZL,1,development
2024-12-31,KBS:HOSE:TCB,TCB,0,development
2024-12-31,KBS:HOSE:TCL,TCL,1,development
2024-12-31,KBS:HOSE:TCM,TCM,1,development
2024-12-31,KBS:HOSE:TCO,TCO,1,development
2024-12-31,KBS:HOSE:TCR,TCR,1,development
2024-12-31,KBS:HOSE:TDC,TDC,1,development
2024-12-31,KBS:HOSE:TDG,TDG,1,development
2024-12-31,KBS:HOSE:TDP,TDP,1,development
2024-12-31,KBS:HOSE:TDW,TDW,1,development
2024-12-31,KBS:HOSE:TEG,TEG,1,development
2024-12-31,KBS:HOSE:THG,THG,1,development
2024-12-31,KBS:HOSE:TIP,TIP,1,development
2024-12-31,KBS:HOSE:TIX,TIX,1,development
2024-12-31,KBS:HOSE:TLG,TLG,1,development
2024-12-31,KBS:HOSE:TLH,TLH,1,development
2024-12-31,KBS:HOSE:TMS,TMS,1,development
2024-12-31,KBS:HOSE:TMT,TMT,1,development
2024-12-31,KBS:HOSE:TNC,TNC,1,development
2024-12-31,KBS:HOSE:TNH,TNH,1,development
2024-12-31,KBS:HOSE:TNI,TNI,1,development
2024-12-31,KBS:HOSE:TNT,TNT,1,development
2024-12-31,KBS:HOSE:TPB,TPB,1,development
2024-12-31,KBS:HOSE:TRA,TRA,1,development
2024-12-31,KBS:HOSE:TRC,TRC,1,development
2024-12-31,KBS:HOSE:TTE,TTE,1,development
2024-12-31,KBS:HOSE:TV2,TV2,1,development
2024-12-31,KBS:HOSE:TVB,TVB,1,development
2024-12-31,KBS:HOSE:TVS,TVS,1,development
2024-12-31,KBS:HOSE:TVT,TVT,1,development
2024-12-31,KBS:HOSE:UIC,UIC,1,development
2024-12-31,KBS:HOSE:VCA,VCA,1,development
2024-12-31,KBS:HOSE:VCG,VCG,1,development
2024-12-31,KBS:HOSE:VDS,VDS,1,development
2024-12-31,KBS:HOSE:VFG,VFG,1,development
2024-12-31,KBS:HOSE:VGC,VGC,1,development
2024-12-31,KBS:HOSE:VHM,VHM,0,development
2024-12-31,KBS:HOSE:VID,VID,1,development
2024-12-31,KBS:HOSE:VIP,VIP,1,development
2024-12-31,KBS:HOSE:VIX,VIX,1,development
2024-12-31,KBS:HOSE:VJC,VJC,1,development
2024-12-31,KBS:HOSE:VMD,VMD,1,development
2024-12-31,KBS:HOSE:VND,VND,1,development
2024-12-31,KBS:HOSE:VNG,VNG,1,development
2024-12-31,KBS:HOSE:VOS,VOS,1,development
2024-12-31,KBS:HOSE:VPB,VPB,0,development
2024-12-31,KBS:HOSE:VPG,VPG,1,development
2024-12-31,KBS:HOSE:VPS,VPS,1,development
2024-12-31,KBS:HOSE:VSH,VSH,1,development
2024-12-31,KBS:HOSE:VSI,VSI,1,development
2024-12-31,KBS:HOSE:VTO,VTO,1,development
2024-12-31,KBS:UPCOM:A32,A32,1,development
2024-12-31,KBS:UPCOM:AAS,AAS,1,development
2024-12-31,KBS:UPCOM:AAV,AAV,1,development
2024-12-31,KBS:UPCOM:ABB,ABB,1,development
2024-12-31,KBS:UPCOM:ABC,ABC,1,development
2024-12-31,KBS:UPCOM:ABI,ABI,1,development
2024-12-31,KBS:UPCOM:ACE,ACE,1,development
2024-12-31,KBS:UPCOM:ACM,ACM,1,development
2024-12-31,KBS:UPCOM:ACS,ACS,1,development
2024-12-31,KBS:UPCOM:ACV,ACV,1,development
2024-12-31,KBS:UPCOM:AG1,AG1,1,development
2024-12-31,KBS:UPCOM:AGF,AGF,1,development
2024-12-31,KBS:UPCOM:AGP,AGP,1,development
2024-12-31,KBS:UPCOM:AGX,AGX,1,development
2024-12-31,KBS:UPCOM:AIC,AIC,1,development
2024-12-31,KBS:UPCOM:ALV,ALV,1,development
2024-12-31,KBS:UPCOM:AMP,AMP,1,development
2024-12-31,KBS:UPCOM:AMS,AMS,1,development
2024-12-31,KBS:UPCOM:APF,APF,1,development
2024-12-31,KBS:UPCOM:APL,APL,1,development
2024-12-31,KBS:UPCOM:APT,APT,1,development
2024-12-31,KBS:UPCOM:ART,ART,1,development
2024-12-31,KBS:UPCOM:ATA,ATA,1,development
2024-12-31,KBS:UPCOM:ATG,ATG,1,development
2024-12-31,KBS:UPCOM:AVC,AVC,1,development
2024-12-31,KBS:UPCOM:BAL,BAL,1,development
2024-12-31,KBS:UPCOM:BBH,BBH,1,development
2024-12-31,KBS:UPCOM:BBM,BBM,1,development
2024-12-31,KBS:UPCOM:BBT,BBT,1,development
2024-12-31,KBS:UPCOM:BCA,BCA,1,development
2024-12-31,KBS:UPCOM:BCB,BCB,1,development
2024-12-31,KBS:UPCOM:BCP,BCP,1,development
2024-12-31,KBS:UPCOM:BDG,BDG,1,development
2024-12-31,KBS:UPCOM:BDT,BDT,1,development
2024-12-31,KBS:UPCOM:BDW,BDW,1,development
2024-12-31,KBS:UPCOM:BEL,BEL,1,development
2024-12-31,KBS:UPCOM:BGW,BGW,1,development
2024-12-31,KBS:UPCOM:BHA,BHA,1,development
2024-12-31,KBS:UPCOM:BHC,BHC,1,development
2024-12-31,KBS:UPCOM:BHG,BHG,1,development
2024-12-31,KBS:UPCOM:BHK,BHK,1,development
2024-12-31,KBS:UPCOM:BHP,BHP,1,development
2024-12-31,KBS:UPCOM:BIO,BIO,1,development
2024-12-31,KBS:UPCOM:BLF,BLF,1,development
2024-12-31,KBS:UPCOM:BLI,BLI,1,development
2024-12-31,KBS:UPCOM:BLN,BLN,1,development
2024-12-31,KBS:UPCOM:BLT,BLT,1,development
2024-12-31,KBS:UPCOM:BMD,BMD,1,development
2024-12-31,KBS:UPCOM:BMF,BMF,1,development
2024-12-31,KBS:UPCOM:BMG,BMG,1,development
2024-12-31,KBS:UPCOM:BMJ,BMJ,1,development
2024-12-31,KBS:UPCOM:BMS,BMS,1,development
2024-12-31,KBS:UPCOM:BMV,BMV,1,development
2024-12-31,KBS:UPCOM:BNW,BNW,1,development
2024-12-31,KBS:UPCOM:BQB,BQB,1,development
2024-12-31,KBS:UPCOM:BRR,BRR,1,development
2024-12-31,KBS:UPCOM:BRS,BRS,1,development
2024-12-31,KBS:UPCOM:BSD,BSD,1,development
2024-12-31,KBS:UPCOM:BSG,BSG,1,development
2024-12-31,KBS:UPCOM:BSH,BSH,1,development
2024-12-31,KBS:UPCOM:BSL,BSL,1,development
2024-12-31,KBS:UPCOM:BSP,BSP,1,development
2024-12-31,KBS:UPCOM:BSQ,BSQ,1,development
2024-12-31,KBS:UPCOM:BTB,BTB,1,development
2024-12-31,KBS:UPCOM:BTD,BTD,1,development
2024-12-31,KBS:UPCOM:BTG,BTG,1,development
2024-12-31,KBS:UPCOM:BTN,BTN,1,development
2024-12-31,KBS:UPCOM:BTU,BTU,1,development
2024-12-31,KBS:UPCOM:BTV,BTV,1,development
2024-12-31,KBS:UPCOM:BVG,BVG,1,development
2024-12-31,KBS:UPCOM:BVL,BVL,1,development
2024-12-31,KBS:UPCOM:BVN,BVN,1,development
2024-12-31,KBS:UPCOM:BWA,BWA,1,development
2024-12-31,KBS:UPCOM:BWS,BWS,1,development
2024-12-31,KBS:UPCOM:C22,C22,1,development
2024-12-31,KBS:UPCOM:C4G,C4G,1,development
2024-12-31,KBS:UPCOM:C92,C92,1,development
2024-12-31,KBS:UPCOM:CAD,CAD,1,development
2024-12-31,KBS:UPCOM:CAT,CAT,1,development
2024-12-31,KBS:UPCOM:CBI,CBI,1,development
2024-12-31,KBS:UPCOM:CBS,CBS,1,development
2024-12-31,KBS:UPCOM:CC1,CC1,1,development
2024-12-31,KBS:UPCOM:CCA,CCA,1,development
2024-12-31,KBS:UPCOM:CCM,CCM,1,development
2024-12-31,KBS:UPCOM:CCP,CCP,1,development
2024-12-31,KBS:UPCOM:CCT,CCT,1,development
2024-12-31,KBS:UPCOM:CCV,CCV,1,development
2024-12-31,KBS:UPCOM:CDP,CDP,1,development
2024-12-31,KBS:UPCOM:CDR,CDR,1,development
2024-12-31,KBS:UPCOM:CEN,CEN,1,development
2024-12-31,KBS:UPCOM:CFM,CFM,1,development
2024-12-31,KBS:UPCOM:CFV,CFV,1,development
2024-12-31,KBS:UPCOM:CH5,CH5,1,development
2024-12-31,KBS:UPCOM:CHC,CHC,1,development
2024-12-31,KBS:UPCOM:CHS,CHS,1,development
2024-12-31,KBS:UPCOM:CI5,CI5,1,development
2024-12-31,KBS:UPCOM:CID,CID,1,development
2024-12-31,KBS:UPCOM:CKA,CKA,1,development
2024-12-31,KBS:UPCOM:CKD,CKD,1,development
2024-12-31,KBS:UPCOM:CLX,CLX,1,development
2024-12-31,KBS:UPCOM:CMD,CMD,1,development
2024-12-31,KBS:UPCOM:CMF,CMF,1,development
2024-12-31,KBS:UPCOM:CMI,CMI,1,development
2024-12-31,KBS:UPCOM:CMK,CMK,1,development
2024-12-31,KBS:UPCOM:CMN,CMN,1,development
2024-12-31,KBS:UPCOM:CMT,CMT,1,development
2024-12-31,KBS:UPCOM:CMW,CMW,1,development
2024-12-31,KBS:UPCOM:CNC,CNC,1,development
2024-12-31,KBS:UPCOM:CNN,CNN,1,development
2024-12-31,KBS:UPCOM:CNT,CNT,1,development
2024-12-31,KBS:UPCOM:CPA,CPA,1,development
2024-12-31,KBS:UPCOM:CPI,CPI,1,development
2024-12-31,KBS:UPCOM:CQN,CQN,1,development
2024-12-31,KBS:UPCOM:CQT,CQT,1,development
2024-12-31,KBS:UPCOM:CT3,CT3,1,development
2024-12-31,KBS:UPCOM:CTW,CTW,1,development
2024-12-31,KBS:UPCOM:CVN,CVN,1,development
2024-12-31,KBS:UPCOM:DAS,DAS,1,development
2024-12-31,KBS:UPCOM:DBM,DBM,1,development
2024-12-31,KBS:UPCOM:DC1,DC1,1,development
2024-12-31,KBS:UPCOM:DCF,DCF,1,development
2024-12-31,KBS:UPCOM:DCH,DCH,1,development
2024-12-31,KBS:UPCOM:DCR,DCR,1,development
2024-12-31,KBS:UPCOM:DCS,DCS,1,development
2024-12-31,KBS:UPCOM:DCT,DCT,1,development
2024-12-31,KBS:UPCOM:DDG,DDG,1,development
2024-12-31,KBS:UPCOM:DDH,DDH,1,development
2024-12-31,KBS:UPCOM:DDM,DDM,1,development
2024-12-31,KBS:UPCOM:DDN,DDN,1,development
2024-12-31,KBS:UPCOM:DDV,DDV,1,development
2024-12-31,KBS:UPCOM:DFC,DFC,1,development
2024-12-31,KBS:UPCOM:DGT,DGT,1,development
2024-12-31,KBS:UPCOM:DHB,DHB,1,development
2024-12-31,KBS:UPCOM:DHD,DHD,1,development
2024-12-31,KBS:UPCOM:DHN,DHN,1,development
2024-12-31,KBS:UPCOM:DIC,DIC,1,development
2024-12-31,KBS:UPCOM:DID,DID,1,development
2024-12-31,KBS:UPCOM:DKC,DKC,1,development
2024-12-31,KBS:UPCOM:DLR,DLR,1,development
2024-12-31,KBS:UPCOM:DLT,DLT,1,development
2024-12-31,KBS:UPCOM:DM7,DM7,1,development
2024-12-31,KBS:UPCOM:DNA,DNA,1,development
2024-12-31,KBS:UPCOM:DTC,DTC,1,development
2024-12-31,KBS:UPCOM:GMC,GMC,1,development
2024-12-31,KBS:UPCOM:PCG,PCG,1,development
2025-01-24,KBS:HNX:ADC,ADC,1,development
2025-01-24,KBS:HNX:ALT,ALT,1,development
2025-01-24,KBS:HNX:AMC,AMC,1,development
2025-01-24,KBS:HNX:AME,AME,1,development
2025-01-24,KBS:HNX:AMV,AMV,1,development
2025-01-24,KBS:HNX:API,API,1,development
2025-01-24,KBS:HNX:APS,APS,1,development
2025-01-24,KBS:HNX:ARM,ARM,1,development
2025-01-24,KBS:HNX:ATS,ATS,1,development
2025-01-24,KBS:HNX:BAB,BAB,1,development
2025-01-24,KBS:HNX:BAX,BAX,1,development
2025-01-24,KBS:HNX:BBS,BBS,1,development
2025-01-24,KBS:HNX:BCF,BCF,1,development
2025-01-24,KBS:HNX:BED,BED,1,development
2025-01-24,KBS:HNX:BKC,BKC,1,development
2025-01-24,KBS:HNX:BNA,BNA,1,development
2025-01-24,KBS:HNX:BPC,BPC,1,development
2025-01-24,KBS:HNX:BTS,BTS,1,development
2025-01-24,KBS:HNX:BTW,BTW,1,development
2025-01-24,KBS:HNX:BVS,BVS,1,development
2025-01-24,KBS:HNX:BXH,BXH,1,development
2025-01-24,KBS:HNX:C69,C69,1,development
2025-01-24,KBS:HNX:CAG,CAG,1,development
2025-01-24,KBS:HNX:CAN,CAN,1,development
2025-01-24,KBS:HNX:CAP,CAP,1,development
2025-01-24,KBS:HNX:CCR,CCR,1,development
2025-01-24,KBS:HNX:CDN,CDN,1,development
2025-01-24,KBS:HNX:CEO,CEO,1,development
2025-01-24,KBS:HNX:CET,CET,1,development
2025-01-24,KBS:HNX:CIA,CIA,1,development
2025-01-24,KBS:HNX:CJC,CJC,1,development
2025-01-24,KBS:HNX:CKV,CKV,1,development
2025-01-24,KBS:HNX:CLH,CLH,1,development
2025-01-24,KBS:HNX:CLM,CLM,1,development
2025-01-24,KBS:HNX:CMC,CMC,1,development
2025-01-24,KBS:HNX:CMS,CMS,1,development
2025-01-24,KBS:HNX:CPC,CPC,1,development
2025-01-24,KBS:HNX:CSC,CSC,1,development
2025-01-24,KBS:HNX:CTB,CTB,1,development
2025-01-24,KBS:HNX:CTP,CTP,1,development
2025-01-24,KBS:HNX:CTT,CTT,1,development
2025-01-24,KBS:HNX:CX8,CX8,1,development
2025-01-24,KBS:HNX:D11,D11,1,development
2025-01-24,KBS:HNX:DAD,DAD,1,development
2025-01-24,KBS:HNX:DAE,DAE,1,development
2025-01-24,KBS:HNX:DC2,DC2,1,development
2025-01-24,KBS:HNX:DHP,DHP,1,development
2025-01-24,KBS:HNX:DIH,DIH,1,development
2025-01-24,KBS:HNX:DL1,DL1,1,development
2025-01-24,KBS:HNX:DNC,DNC,1,development
2025-01-24,KBS:HNX:DNP,DNP,1,development
2025-01-24,KBS:HNX:DP3,DP3,1,development
2025-01-24,KBS:HNX:DS3,DS3,1,development
2025-01-24,KBS:HNX:DST,DST,1,development
2025-01-24,KBS:HNX:DTD,DTD,1,development
2025-01-24,KBS:HNX:DTK,DTK,1,development
2025-01-24,KBS:HNX:EBS,EBS,1,development
2025-01-24,KBS:HNX:ECI,ECI,1,development
2025-01-24,KBS:HNX:EID,EID,1,development
2025-01-24,KBS:HNX:EVS,EVS,1,development
2025-01-24,KBS:HNX:FID,FID,1,development
2025-01-24,KBS:HNX:GDW,GDW,1,development
2025-01-24,KBS:HNX:GKM,GKM,1,development
2025-01-24,KBS:HNX:GLT,GLT,1,development
2025-01-24,KBS:HNX:GMA,GMA,1,development
2025-01-24,KBS:HNX:GMX,GMX,1,development
2025-01-24,KBS:HNX:HAD,HAD,1,development
2025-01-24,KBS:HNX:HAT,HAT,1,development
2025-01-24,KBS:HNX:HBS,HBS,1,development
2025-01-24,KBS:HNX:HCC,HCC,1,development
2025-01-24,KBS:HNX:HDA,HDA,1,development
2025-01-24,KBS:HNX:HEV,HEV,1,development
2025-01-24,KBS:HNX:HGM,HGM,1,development
2025-01-24,KBS:HNX:HHC,HHC,1,development
2025-01-24,KBS:HNX:HJS,HJS,1,development
2025-01-24,KBS:HNX:HKT,HKT,1,development
2025-01-24,KBS:HNX:HLC,HLC,1,development
2025-01-24,KBS:HNX:HLD,HLD,1,development
2025-01-24,KBS:HNX:HMH,HMH,1,development
2025-01-24,KBS:HNX:HMR,HMR,1,development
2025-01-24,KBS:HNX:HTC,HTC,1,development
2025-01-24,KBS:HNX:HUT,HUT,1,development
2025-01-24,KBS:HNX:HVT,HVT,1,development
2025-01-24,KBS:HNX:ICG,ICG,1,development
2025-01-24,KBS:HNX:IDC,IDC,1,development
2025-01-24,KBS:HNX:IDJ,IDJ,1,development
2025-01-24,KBS:HNX:IDV,IDV,1,development
2025-01-24,KBS:HNX:INC,INC,1,development
2025-01-24,KBS:HNX:INN,INN,1,development
2025-01-24,KBS:HNX:IPA,IPA,1,development
2025-01-24,KBS:HNX:IVS,IVS,1,development
2025-01-24,KBS:HNX:KDM,KDM,1,development
2025-01-24,KBS:HNX:KHS,KHS,1,development
2025-01-24,KBS:HNX:KKC,KKC,1,development
2025-01-24,KBS:HNX:KSD,KSD,1,development
2025-01-24,KBS:HNX:KSF,KSF,1,development
2025-01-24,KBS:HNX:KST,KST,1,development
2025-01-24,KBS:HNX:KSV,KSV,1,development
2025-01-24,KBS:HNX:KTS,KTS,1,development
2025-01-24,KBS:HNX:L14,L14,1,development
2025-01-24,KBS:HNX:L18,L18,1,development
2025-01-24,KBS:HNX:LBE,LBE,1,development
2025-01-24,KBS:HNX:LCD,LCD,1,development
2025-01-24,KBS:HNX:LDP,LDP,1,development
2025-01-24,KBS:HNX:LHC,LHC,1,development
2025-01-24,KBS:HNX:LIG,LIG,1,development
2025-01-24,KBS:HNX:MAC,MAC,1,development
2025-01-24,KBS:HNX:MAS,MAS,1,development
2025-01-24,KBS:HNX:MBG,MBG,1,development
2025-01-24,KBS:HNX:MCC,MCC,1,development
2025-01-24,KBS:HNX:MCF,MCF,1,development
2025-01-24,KBS:HNX:MCO,MCO,1,development
2025-01-24,KBS:HNX:MDC,MDC,1,development
2025-01-24,KBS:HNX:MED,MED,1,development
2025-01-24,KBS:HNX:MKV,MKV,1,development
2025-01-24,KBS:HNX:MST,MST,1,development
2025-01-24,KBS:HNX:MVB,MVB,1,development
2025-01-24,KBS:HNX:NAG,NAG,1,development
2025-01-24,KBS:HNX:NAP,NAP,1,development
2025-01-24,KBS:HNX:NBP,NBP,1,development
2025-01-24,KBS:HNX:NBW,NBW,1,development
2025-01-24,KBS:HNX:NDN,NDN,1,development
2025-01-24,KBS:HNX:NET,NET,1,development
2025-01-24,KBS:HNX:NFC,NFC,1,development
2025-01-24,KBS:HNX:NHC,NHC,1,development
2025-01-24,KBS:HNX:NRC,NRC,1,development
2025-01-24,KBS:HNX:NSH,NSH,1,development
2025-01-24,KBS:HNX:NST,NST,1,development
2025-01-24,KBS:HNX:NTH,NTH,1,development
2025-01-24,KBS:HNX:NTP,NTP,1,development
2025-01-24,KBS:HNX:NVB,NVB,1,development
2025-01-24,KBS:HNX:ONE,ONE,1,development
2025-01-24,KBS:HNX:PBP,PBP,1,development
2025-01-24,KBS:HNX:PCE,PCE,1,development
2025-01-24,KBS:HNX:PCT,PCT,1,development
2025-01-24,KBS:HNX:PDB,PDB,1,development
2025-01-24,KBS:HNX:PEN,PEN,1,development
2025-01-24,KBS:HNX:PGN,PGN,1,development
2025-01-24,KBS:HNX:PGS,PGS,1,development
2025-01-24,KBS:HNX:PGT,PGT,1,development
2025-01-24,KBS:HNX:PHN,PHN,1,development
2025-01-24,KBS:HNX:PIA,PIA,1,development
2025-01-24,KBS:HNX:PIC,PIC,1,development
2025-01-24,KBS:HNX:PJC,PJC,1,development
2025-01-24,KBS:HNX:PLC,PLC,1,development
2025-01-24,KBS:HNX:PMB,PMB,1,development
2025-01-24,KBS:HNX:PMC,PMC,1,development
2025-01-24,KBS:HNX:PMP,PMP,1,development
2025-01-24,KBS:HNX:PMS,PMS,1,development
2025-01-24,KBS:HNX:POT,POT,1,development
2025-01-24,KBS:HNX:PPE,PPE,1,development
2025-01-24,KBS:HNX:PPP,PPP,1,development
2025-01-24,KBS:HNX:PPS,PPS,1,development
2025-01-24,KBS:HNX:PPY,PPY,1,development
2025-01-24,KBS:HNX:PRC,PRC,1,development
2025-01-24,KBS:HNX:PRE,PRE,1,development
2025-01-24,KBS:HNX:PSD,PSD,1,development
2025-01-24,KBS:HNX:PSE,PSE,1,development
2025-01-24,KBS:HNX:PSI,PSI,1,development
2025-01-24,KBS:HNX:PSW,PSW,1,development
2025-01-24,KBS:HNX:PTD,PTD,1,development
2025-01-24,KBS:HNX:PTS,PTS,1,development
2025-01-24,KBS:HNX:PV2,PV2,1,development
2025-01-24,KBS:HNX:PVB,PVB,1,development
2025-01-24,KBS:HNX:PVC,PVC,1,development
2025-01-24,KBS:HNX:PVG,PVG,1,development
2025-01-24,KBS:HOSE:AAM,AAM,1,development
2025-01-24,KBS:HOSE:AAT,AAT,1,development
2025-01-24,KBS:HOSE:ABR,ABR,1,development
2025-01-24,KBS:HOSE:ABS,ABS,1,development
2025-01-24,KBS:HOSE:ABT,ABT,1,development
2025-01-24,KBS:HOSE:ACC,ACC,1,development
2025-01-24,KBS:HOSE:ACG,ACG,1,development
2025-01-24,KBS:HOSE:ACL,ACL,1,development
2025-01-24,KBS:HOSE:ADG,ADG,1,development
2025-01-24,KBS:HOSE:ADP,ADP,1,development
2025-01-24,KBS:HOSE:ADS,ADS,1,development
2025-01-24,KBS:HOSE:AFX,AFX,1,development
2025-01-24,KBS:HOSE:AGG,AGG,1,development
2025-01-24,KBS:HOSE:AGR,AGR,1,development
2025-01-24,KBS:HOSE:ANT,ANT,1,development
2025-01-24,KBS:HOSE:ANV,ANV,1,development
2025-01-24,KBS:HOSE:APG,APG,1,development
2025-01-24,KBS:HOSE:APH,APH,1,development
2025-01-24,KBS:HOSE:ASM,ASM,1,development
2025-01-24,KBS:HOSE:ASP,ASP,1,development
2025-01-24,KBS:HOSE:AST,AST,1,development
2025-01-24,KBS:HOSE:BAF,BAF,1,development
2025-01-24,KBS:HOSE:BCE,BCE,1,development
2025-01-24,KBS:HOSE:BCM,BCM,1,development
2025-01-24,KBS:HOSE:BFC,BFC,1,development
2025-01-24,KBS:HOSE:BHN,BHN,1,development
2025-01-24,KBS:HOSE:BIC,BIC,1,development
2025-01-24,KBS:HOSE:BKG,BKG,1,development
2025-01-24,KBS:HOSE:BMI,BMI,1,development
2025-01-24,KBS:HOSE:BRC,BRC,1,development
2025-01-24,KBS:HOSE:BSI,BSI,1,development
2025-01-24,KBS:HOSE:BTP,BTP,1,development
2025-01-24,KBS:HOSE:BVH,BVH,1,development
2025-01-24,KBS:HOSE:C32,C32,1,development
2025-01-24,KBS:HOSE:CCI,CCI,1,development
2025-01-24,KBS:HOSE:CCL,CCL,1,development
2025-01-24,KBS:HOSE:CDC,CDC,1,development
2025-01-24,KBS:HOSE:CHP,CHP,1,development
2025-01-24,KBS:HOSE:CIG,CIG,1,development
2025-01-24,KBS:HOSE:CII,CII,1,development
2025-01-24,KBS:HOSE:CKG,CKG,1,development
2025-01-24,KBS:HOSE:CLC,CLC,1,development
2025-01-24,KBS:HOSE:CLW,CLW,1,development
2025-01-24,KBS:HOSE:CMV,CMV,1,development
2025-01-24,KBS:HOSE:CMX,CMX,1,development
2025-01-24,KBS:HOSE:CNG,CNG,1,development
2025-01-24,KBS:HOSE:COM,COM,1,development
2025-01-24,KBS:HOSE:CRC,CRC,1,development
2025-01-24,KBS:HOSE:CRE,CRE,1,development
2025-01-24,KBS:HOSE:CSV,CSV,1,development
2025-01-24,KBS:HOSE:CTD,CTD,1,development
2025-01-24,KBS:HOSE:CTF,CTF,1,development
2025-01-24,KBS:HOSE:CTI,CTI,1,development
2025-01-24,KBS:HOSE:CTR,CTR,0,development
2025-01-24,KBS:HOSE:CTS,CTS,1,development
2025-01-24,KBS:HOSE:CVT,CVT,1,development
2025-01-24,KBS:HOSE:D2D,D2D,1,development
2025-01-24,KBS:HOSE:DAH,DAH,1,development
2025-01-24,KBS:HOSE:DBC,DBC,0,development
2025-01-24,KBS:HOSE:DBD,DBD,1,development
2025-01-24,KBS:HOSE:DCL,DCL,1,development
2025-01-24,KBS:HOSE:DCM,DCM,1,development
2025-01-24,KBS:HOSE:DGC,DGC,0,development
2025-01-24,KBS:HOSE:DGW,DGW,1,development
2025-01-24,KBS:HOSE:DHA,DHA,1,development
2025-01-24,KBS:HOSE:DHC,DHC,1,development
2025-01-24,KBS:HOSE:DLG,DLG,1,development
2025-01-24,KBS:HOSE:DMC,DMC,1,development
2025-01-24,KBS:HOSE:DPG,DPG,1,development
2025-01-24,KBS:HOSE:DQC,DQC,1,development
2025-01-24,KBS:HOSE:DRC,DRC,1,development
2025-01-24,KBS:HOSE:DSN,DSN,1,development
2025-01-24,KBS:HOSE:DTA,DTA,1,development
2025-01-24,KBS:HOSE:DTL,DTL,1,development
2025-01-24,KBS:HOSE:DTT,DTT,1,development
2025-01-24,KBS:HOSE:DVP,DVP,1,development
2025-01-24,KBS:HOSE:DXG,DXG,0,development
2025-01-24,KBS:HOSE:DXS,DXS,1,development
2025-01-24,KBS:HOSE:DXV,DXV,1,development
2025-01-24,KBS:HOSE:EIB,EIB,0,development
2025-01-24,KBS:HOSE:ELC,ELC,1,development
2025-01-24,KBS:HOSE:EVE,EVE,1,development
2025-01-24,KBS:HOSE:EVF,EVF,1,development
2025-01-24,KBS:HOSE:EVG,EVG,1,development
2025-01-24,KBS:HOSE:FCM,FCM,1,development
2025-01-24,KBS:HOSE:FCN,FCN,1,development
2025-01-24,KBS:HOSE:FDC,FDC,1,development
2025-01-24,KBS:HOSE:FIR,FIR,1,development
2025-01-24,KBS:HOSE:FIT,FIT,1,development
2025-01-24,KBS:HOSE:FMC,FMC,1,development
2025-01-24,KBS:HOSE:FPT,FPT,0,development
2025-01-24,KBS:HOSE:FRT,FRT,0,development
2025-01-24,KBS:HOSE:FTS,FTS,1,development
2025-01-24,KBS:HOSE:GAS,GAS,1,development
2025-01-24,KBS:HOSE:GDT,GDT,1,development
2025-01-24,KBS:HOSE:GEG,GEG,1,development
2025-01-24,KBS:HOSE:GIL,GIL,1,development
2025-01-24,KBS:HOSE:GMD,GMD,1,development
2025-01-24,KBS:HOSE:GTA,GTA,1,development
2025-01-24,KBS:HOSE:HAG,HAG,1,development
2025-01-24,KBS:HOSE:HAP,HAP,1,development
2025-01-24,KBS:HOSE:HAR,HAR,1,development
2025-01-24,KBS:HOSE:HAS,HAS,1,development
2025-01-24,KBS:HOSE:HAX,HAX,1,development
2025-01-24,KBS:HOSE:HCD,HCD,1,development
2025-01-24,KBS:HOSE:HCM,HCM,0,development
2025-01-24,KBS:HOSE:HDC,HDC,1,development
2025-01-24,KBS:HOSE:HDG,HDG,1,development
2025-01-24,KBS:HOSE:HHP,HHP,1,development
2025-01-24,KBS:HOSE:HHV,HHV,1,development
2025-01-24,KBS:HOSE:HID,HID,1,development
2025-01-24,KBS:HOSE:HII,HII,1,development
2025-01-24,KBS:HOSE:HMC,HMC,1,development
2025-01-24,KBS:HOSE:HQC,HQC,1,development
2025-01-24,KBS:HOSE:HRC,HRC,1,development
2025-01-24,KBS:HOSE:HSG,HSG,1,development
2025-01-24,KBS:HOSE:HSL,HSL,1,development
2025-01-24,KBS:HOSE:HTG,HTG,1,development
2025-01-24,KBS:HOSE:HTI,HTI,1,development
2025-01-24,KBS:HOSE:HTL,HTL,1,development
2025-01-24,KBS:HOSE:HTN,HTN,1,development
2025-01-24,KBS:HOSE:HTV,HTV,1,development
2025-01-24,KBS:HOSE:HU1,HU1,1,development
2025-01-24,KBS:HOSE:HUB,HUB,1,development
2025-01-24,KBS:HOSE:HVN,HVN,1,development
2025-01-24,KBS:HOSE:ICT,ICT,1,development
2025-01-24,KBS:HOSE:IJC,IJC,1,development
2025-01-24,KBS:HOSE:ILB,ILB,1,development
2025-01-24,KBS:HOSE:ITC,ITC,1,development
2025-01-24,KBS:HOSE:ITD,ITD,1,development
2025-01-24,KBS:HOSE:JVC,JVC,1,development
2025-01-24,KBS:HOSE:KBC,KBC,0,development
2025-01-24,KBS:HOSE:KDC,KDC,1,development
2025-01-24,KBS:HOSE:KDH,KDH,1,development
2025-01-24,KBS:HOSE:KHG,KHG,1,development
2025-01-24,KBS:HOSE:KHP,KHP,1,development
2025-01-24,KBS:HOSE:KMR,KMR,1,development
2025-01-24,KBS:HOSE:KOS,KOS,1,development
2025-01-24,KBS:HOSE:KSB,KSB,1,development
2025-01-24,KBS:HOSE:L10,L10,1,development
2025-01-24,KBS:HOSE:LAF,LAF,1,development
2025-01-24,KBS:HOSE:LBM,LBM,1,development
2025-01-24,KBS:HOSE:LCG,LCG,1,development
2025-01-24,KBS:HOSE:LDG,LDG,1,development
2025-01-24,KBS:HOSE:LGL,LGL,1,development
2025-01-24,KBS:HOSE:LHG,LHG,1,development
2025-01-24,KBS:HOSE:LIX,LIX,1,development
2025-01-24,KBS:HOSE:LM8,LM8,1,development
2025-01-24,KBS:HOSE:LPB,LPB,0,development
2025-01-24,KBS:HOSE:LSS,LSS,1,development
2025-01-24,KBS:HOSE:MBB,MBB,0,development
2025-01-24,KBS:HOSE:MCP,MCP,1,development
2025-01-24,KBS:HOSE:MDG,MDG,1,development
2025-01-24,KBS:HOSE:MHC,MHC,1,development
2025-01-24,KBS:HOSE:MIG,MIG,1,development
2025-01-24,KBS:HOSE:MSB,MSB,1,development
2025-01-24,KBS:HOSE:MSH,MSH,1,development
2025-01-24,KBS:HOSE:MWG,MWG,0,development
2025-01-24,KBS:HOSE:NAF,NAF,1,development
2025-01-24,KBS:HOSE:NAV,NAV,1,development
2025-01-24,KBS:HOSE:NBB,NBB,1,development
2025-01-24,KBS:HOSE:NCT,NCT,1,development
2025-01-24,KBS:HOSE:NHA,NHA,1,development
2025-01-24,KBS:HOSE:NHT,NHT,1,development
2025-01-24,KBS:HOSE:NKG,NKG,1,development
2025-01-24,KBS:HOSE:NLG,NLG,1,development
2025-01-24,KBS:HOSE:NNC,NNC,1,development
2025-01-24,KBS:HOSE:NTL,NTL,1,development
2025-01-24,KBS:HOSE:NVL,NVL,1,development
2025-01-24,KBS:HOSE:NVT,NVT,1,development
2025-01-24,KBS:HOSE:OCB,OCB,1,development
2025-01-24,KBS:HOSE:OGC,OGC,1,development
2025-01-24,KBS:HOSE:OPC,OPC,1,development
2025-01-24,KBS:HOSE:ORS,ORS,1,development
2025-01-24,KBS:HOSE:PAC,PAC,1,development
2025-01-24,KBS:HOSE:PAN,PAN,1,development
2025-01-24,KBS:HOSE:PDN,PDN,1,development
2025-01-24,KBS:HOSE:PGC,PGC,1,development
2025-01-24,KBS:HOSE:PGD,PGD,1,development
2025-01-24,KBS:HOSE:PGI,PGI,1,development
2025-01-24,KBS:HOSE:PGV,PGV,1,development
2025-01-24,KBS:HOSE:PHR,PHR,1,development
2025-01-24,KBS:HOSE:PIT,PIT,1,development
2025-01-24,KBS:HOSE:PLP,PLP,1,development
2025-01-24,KBS:HOSE:PLX,PLX,1,development
2025-01-24,KBS:HOSE:PNC,PNC,1,development
2025-01-24,KBS:HOSE:PNJ,PNJ,1,development
2025-01-24,KBS:HOSE:PTB,PTB,1,development
2025-01-24,KBS:HOSE:PTL,PTL,1,development
2025-01-24,KBS:HOSE:PVP,PVP,1,development
2025-01-24,KBS:HOSE:PVT,PVT,1,development
2025-01-24,KBS:HOSE:QCG,QCG,1,development
2025-01-24,KBS:HOSE:RAL,RAL,1,development
2025-01-24,KBS:HOSE:S4A,S4A,1,development
2025-01-24,KBS:HOSE:SAB,SAB,1,development
2025-01-24,KBS:HOSE:SAM,SAM,1,development
2025-01-24,KBS:HOSE:SAV,SAV,1,development
2025-01-24,KBS:HOSE:SBA,SBA,1,development
2025-01-24,KBS:HOSE:SBV,SBV,1,development
2025-01-24,KBS:HOSE:SC5,SC5,1,development
2025-01-24,KBS:HOSE:SCR,SCR,1,development
2025-01-24,KBS:HOSE:SCS,SCS,1,development
2025-01-24,KBS:HOSE:SFC,SFC,1,development
2025-01-24,KBS:HOSE:SFI,SFI,1,development
2025-01-24,KBS:HOSE:SGR,SGR,1,development
2025-01-24,KBS:HOSE:SGT,SGT,1,development
2025-01-24,KBS:HOSE:SHA,SHA,1,development
2025-01-24,KBS:HOSE:SHB,SHB,0,development
2025-01-24,KBS:HOSE:SHI,SHI,1,development
2025-01-24,KBS:HOSE:SHP,SHP,1,development
2025-01-24,KBS:HOSE:SIP,SIP,1,development
2025-01-24,KBS:HOSE:SJD,SJD,1,development
2025-01-24,KBS:HOSE:SJS,SJS,1,development
2025-01-24,KBS:HOSE:SMA,SMA,1,development
2025-01-24,KBS:HOSE:SMB,SMB,1,development
2025-01-24,KBS:HOSE:SMC,SMC,1,development
2025-01-24,KBS:HOSE:SPM,SPM,1,development
2025-01-24,KBS:HOSE:SRC,SRC,1,development
2025-01-24,KBS:HOSE:SRF,SRF,1,development
2025-01-24,KBS:HOSE:SSB,SSB,1,development
2025-01-24,KBS:HOSE:SSC,SSC,1,development
2025-01-24,KBS:HOSE:STB,STB,0,development
2025-01-24,KBS:HOSE:STG,STG,1,development
2025-01-24,KBS:HOSE:STK,STK,1,development
2025-01-24,KBS:HOSE:SVC,SVC,1,development
2025-01-24,KBS:HOSE:SVT,SVT,1,development
2025-01-24,KBS:HOSE:SZC,SZC,1,development
2025-01-24,KBS:HOSE:SZL,SZL,1,development
2025-01-24,KBS:HOSE:TCB,TCB,0,development
2025-01-24,KBS:HOSE:TCL,TCL,1,development
2025-01-24,KBS:HOSE:TCM,TCM,1,development
2025-01-24,KBS:HOSE:TCO,TCO,1,development
2025-01-24,KBS:HOSE:TCR,TCR,1,development
2025-01-24,KBS:HOSE:TDC,TDC,1,development
2025-01-24,KBS:HOSE:TDG,TDG,1,development
2025-01-24,KBS:HOSE:TDP,TDP,1,development
2025-01-24,KBS:HOSE:TDW,TDW,1,development
2025-01-24,KBS:HOSE:TEG,TEG,1,development
2025-01-24,KBS:HOSE:THG,THG,1,development
2025-01-24,KBS:HOSE:TIP,TIP,1,development
2025-01-24,KBS:HOSE:TIX,TIX,1,development
2025-01-24,KBS:HOSE:TLG,TLG,1,development
2025-01-24,KBS:HOSE:TLH,TLH,1,development
2025-01-24,KBS:HOSE:TMS,TMS,1,development
2025-01-24,KBS:HOSE:TMT,TMT,1,development
2025-01-24,KBS:HOSE:TNC,TNC,1,development
2025-01-24,KBS:HOSE:TNH,TNH,1,development
2025-01-24,KBS:HOSE:TNI,TNI,1,development
2025-01-24,KBS:HOSE:TNT,TNT,1,development
2025-01-24,KBS:HOSE:TPB,TPB,0,development
2025-01-24,KBS:HOSE:TRA,TRA,1,development
2025-01-24,KBS:HOSE:TRC,TRC,1,development
2025-01-24,KBS:HOSE:TTE,TTE,1,development
2025-01-24,KBS:HOSE:TVB,TVB,1,development
2025-01-24,KBS:HOSE:TVS,TVS,1,development
2025-01-24,KBS:HOSE:TVT,TVT,1,development
2025-01-24,KBS:HOSE:UIC,UIC,1,development
2025-01-24,KBS:HOSE:VCG,VCG,0,development
2025-01-24,KBS:HOSE:VDS,VDS,1,development
2025-01-24,KBS:HOSE:VFG,VFG,1,development
2025-01-24,KBS:HOSE:VGC,VGC,1,development
2025-01-24,KBS:HOSE:VHC,VHC,1,development
2025-01-24,KBS:HOSE:VHM,VHM,0,development
2025-01-24,KBS:HOSE:VID,VID,1,development
2025-01-24,KBS:HOSE:VIP,VIP,1,development
2025-01-24,KBS:HOSE:VIX,VIX,0,development
2025-01-24,KBS:HOSE:VJC,VJC,0,development
2025-01-24,KBS:HOSE:VMD,VMD,1,development
2025-01-24,KBS:HOSE:VND,VND,1,development
2025-01-24,KBS:HOSE:VNG,VNG,1,development
2025-01-24,KBS:HOSE:VOS,VOS,1,development
2025-01-24,KBS:HOSE:VPB,VPB,0,development
2025-01-24,KBS:HOSE:VPG,VPG,1,development
2025-01-24,KBS:HOSE:VPS,VPS,1,development
2025-01-24,KBS:HOSE:VSC,VSC,1,development
2025-01-24,KBS:HOSE:VSH,VSH,1,development
2025-01-24,KBS:HOSE:VSI,VSI,1,development
2025-01-24,KBS:HOSE:VTO,VTO,1,development
2025-01-24,KBS:UPCOM:A32,A32,1,development
2025-01-24,KBS:UPCOM:AAS,AAS,1,development
2025-01-24,KBS:UPCOM:AAV,AAV,1,development
2025-01-24,KBS:UPCOM:ABB,ABB,1,development
2025-01-24,KBS:UPCOM:ABC,ABC,1,development
2025-01-24,KBS:UPCOM:ABI,ABI,1,development
2025-01-24,KBS:UPCOM:ACE,ACE,1,development
2025-01-24,KBS:UPCOM:ACM,ACM,1,development
2025-01-24,KBS:UPCOM:ACS,ACS,1,development
2025-01-24,KBS:UPCOM:ACV,ACV,1,development
2025-01-24,KBS:UPCOM:AG1,AG1,1,development
2025-01-24,KBS:UPCOM:AGF,AGF,1,development
2025-01-24,KBS:UPCOM:AGP,AGP,1,development
2025-01-24,KBS:UPCOM:AGX,AGX,1,development
2025-01-24,KBS:UPCOM:AIC,AIC,1,development
2025-01-24,KBS:UPCOM:ALV,ALV,1,development
2025-01-24,KBS:UPCOM:AMP,AMP,1,development
2025-01-24,KBS:UPCOM:AMS,AMS,1,development
2025-01-24,KBS:UPCOM:APF,APF,1,development
2025-01-24,KBS:UPCOM:APL,APL,1,development
2025-01-24,KBS:UPCOM:APT,APT,1,development
2025-01-24,KBS:UPCOM:ART,ART,1,development
2025-01-24,KBS:UPCOM:ATA,ATA,1,development
2025-01-24,KBS:UPCOM:ATG,ATG,1,development
2025-01-24,KBS:UPCOM:AVC,AVC,1,development
2025-01-24,KBS:UPCOM:BAL,BAL,1,development
2025-01-24,KBS:UPCOM:BBH,BBH,1,development
2025-01-24,KBS:UPCOM:BBM,BBM,1,development
2025-01-24,KBS:UPCOM:BBT,BBT,1,development
2025-01-24,KBS:UPCOM:BCA,BCA,1,development
2025-01-24,KBS:UPCOM:BCB,BCB,1,development
2025-01-24,KBS:UPCOM:BCP,BCP,1,development
2025-01-24,KBS:UPCOM:BDG,BDG,1,development
2025-01-24,KBS:UPCOM:BDT,BDT,1,development
2025-01-24,KBS:UPCOM:BDW,BDW,1,development
2025-01-24,KBS:UPCOM:BEL,BEL,1,development
2025-01-24,KBS:UPCOM:BGW,BGW,1,development
2025-01-24,KBS:UPCOM:BHA,BHA,1,development
2025-01-24,KBS:UPCOM:BHC,BHC,1,development
2025-01-24,KBS:UPCOM:BHG,BHG,1,development
2025-01-24,KBS:UPCOM:BHK,BHK,1,development
2025-01-24,KBS:UPCOM:BHP,BHP,1,development
2025-01-24,KBS:UPCOM:BIG,BIG,1,development
2025-01-24,KBS:UPCOM:BIO,BIO,1,development
2025-01-24,KBS:UPCOM:BLF,BLF,1,development
2025-01-24,KBS:UPCOM:BLI,BLI,1,development
2025-01-24,KBS:UPCOM:BLN,BLN,1,development
2025-01-24,KBS:UPCOM:BLT,BLT,1,development
2025-01-24,KBS:UPCOM:BMD,BMD,1,development
2025-01-24,KBS:UPCOM:BMF,BMF,1,development
2025-01-24,KBS:UPCOM:BMG,BMG,1,development
2025-01-24,KBS:UPCOM:BMJ,BMJ,1,development
2025-01-24,KBS:UPCOM:BMS,BMS,1,development
2025-01-24,KBS:UPCOM:BMV,BMV,1,development
2025-01-24,KBS:UPCOM:BNW,BNW,1,development
2025-01-24,KBS:UPCOM:BQB,BQB,1,development
2025-01-24,KBS:UPCOM:BRR,BRR,1,development
2025-01-24,KBS:UPCOM:BRS,BRS,1,development
2025-01-24,KBS:UPCOM:BSD,BSD,1,development
2025-01-24,KBS:UPCOM:BSG,BSG,1,development
2025-01-24,KBS:UPCOM:BSH,BSH,1,development
2025-01-24,KBS:UPCOM:BSL,BSL,1,development
2025-01-24,KBS:UPCOM:BSP,BSP,1,development
2025-01-24,KBS:UPCOM:BSQ,BSQ,1,development
2025-01-24,KBS:UPCOM:BTB,BTB,1,development
2025-01-24,KBS:UPCOM:BTD,BTD,1,development
2025-01-24,KBS:UPCOM:BTG,BTG,1,development
2025-01-24,KBS:UPCOM:BTN,BTN,1,development
2025-01-24,KBS:UPCOM:BTU,BTU,1,development
2025-01-24,KBS:UPCOM:BTV,BTV,1,development
2025-01-24,KBS:UPCOM:BVG,BVG,1,development
2025-01-24,KBS:UPCOM:BVL,BVL,1,development
2025-01-24,KBS:UPCOM:BVN,BVN,1,development
2025-01-24,KBS:UPCOM:BWA,BWA,1,development
2025-01-24,KBS:UPCOM:BWS,BWS,1,development
2025-01-24,KBS:UPCOM:C22,C22,1,development
2025-01-24,KBS:UPCOM:C4G,C4G,1,development
2025-01-24,KBS:UPCOM:C92,C92,1,development
2025-01-24,KBS:UPCOM:CAD,CAD,1,development
2025-01-24,KBS:UPCOM:CAT,CAT,1,development
2025-01-24,KBS:UPCOM:CBI,CBI,1,development
2025-01-24,KBS:UPCOM:CBS,CBS,1,development
2025-01-24,KBS:UPCOM:CC1,CC1,1,development
2025-01-24,KBS:UPCOM:CCA,CCA,1,development
2025-01-24,KBS:UPCOM:CCM,CCM,1,development
2025-01-24,KBS:UPCOM:CCP,CCP,1,development
2025-01-24,KBS:UPCOM:CCT,CCT,1,development
2025-01-24,KBS:UPCOM:CCV,CCV,1,development
2025-01-24,KBS:UPCOM:CDP,CDP,1,development
2025-01-24,KBS:UPCOM:CDR,CDR,1,development
2025-01-24,KBS:UPCOM:CEN,CEN,1,development
2025-01-24,KBS:UPCOM:CFM,CFM,1,development
2025-01-24,KBS:UPCOM:CFV,CFV,1,development
2025-01-24,KBS:UPCOM:CH5,CH5,1,development
2025-01-24,KBS:UPCOM:CHC,CHC,1,development
2025-01-24,KBS:UPCOM:CHS,CHS,1,development
2025-01-24,KBS:UPCOM:CI5,CI5,1,development
2025-01-24,KBS:UPCOM:CID,CID,1,development
2025-01-24,KBS:UPCOM:CKA,CKA,1,development
2025-01-24,KBS:UPCOM:CKD,CKD,1,development
2025-01-24,KBS:UPCOM:CLX,CLX,1,development
2025-01-24,KBS:UPCOM:CMD,CMD,1,development
2025-01-24,KBS:UPCOM:CMF,CMF,1,development
2025-01-24,KBS:UPCOM:CMI,CMI,1,development
2025-01-24,KBS:UPCOM:CMK,CMK,1,development
2025-01-24,KBS:UPCOM:CMN,CMN,1,development
2025-01-24,KBS:UPCOM:CMT,CMT,1,development
2025-01-24,KBS:UPCOM:CMW,CMW,1,development
2025-01-24,KBS:UPCOM:CNC,CNC,1,development
2025-01-24,KBS:UPCOM:CNN,CNN,1,development
2025-01-24,KBS:UPCOM:CNT,CNT,1,development
2025-01-24,KBS:UPCOM:CPA,CPA,1,development
2025-01-24,KBS:UPCOM:CPI,CPI,1,development
2025-01-24,KBS:UPCOM:CQN,CQN,1,development
2025-01-24,KBS:UPCOM:CQT,CQT,1,development
2025-01-24,KBS:UPCOM:CT3,CT3,1,development
2025-01-24,KBS:UPCOM:CTW,CTW,1,development
2025-01-24,KBS:UPCOM:CVN,CVN,1,development
2025-01-24,KBS:UPCOM:DAS,DAS,1,development
2025-01-24,KBS:UPCOM:DBM,DBM,1,development
2025-01-24,KBS:UPCOM:DC1,DC1,1,development
2025-01-24,KBS:UPCOM:DCF,DCF,1,development
2025-01-24,KBS:UPCOM:DCH,DCH,1,development
2025-01-24,KBS:UPCOM:DCR,DCR,1,development
2025-01-24,KBS:UPCOM:DCS,DCS,1,development
2025-01-24,KBS:UPCOM:DCT,DCT,1,development
2025-01-24,KBS:UPCOM:DDG,DDG,1,development
2025-01-24,KBS:UPCOM:DDH,DDH,1,development
2025-01-24,KBS:UPCOM:DDM,DDM,1,development
2025-01-24,KBS:UPCOM:DDN,DDN,1,development
2025-01-24,KBS:UPCOM:DDV,DDV,1,development
2025-01-24,KBS:UPCOM:DFC,DFC,1,development
2025-01-24,KBS:UPCOM:DGT,DGT,1,development
2025-01-24,KBS:UPCOM:DHB,DHB,1,development
2025-01-24,KBS:UPCOM:DHD,DHD,1,development
2025-01-24,KBS:UPCOM:DHN,DHN,1,development
2025-01-24,KBS:UPCOM:DIC,DIC,1,development
2025-01-24,KBS:UPCOM:DID,DID,1,development
2025-01-24,KBS:UPCOM:DKC,DKC,1,development
2025-01-24,KBS:UPCOM:DLR,DLR,1,development
2025-01-24,KBS:UPCOM:DLT,DLT,1,development
2025-01-24,KBS:UPCOM:DM7,DM7,1,development
2025-01-24,KBS:UPCOM:DNA,DNA,1,development
2025-01-24,KBS:UPCOM:DTC,DTC,1,development
2025-01-24,KBS:UPCOM:PCG,PCG,1,development
2026-02-27,KBS:HOSE:AAM,AAM,1,holdout
2026-02-27,KBS:HOSE:AAT,AAT,1,holdout
2026-02-27,KBS:HOSE:ABR,ABR,1,holdout
2026-02-27,KBS:HOSE:ABS,ABS,1,holdout
2026-02-27,KBS:HOSE:ABT,ABT,1,holdout
2026-02-27,KBS:HOSE:ACC,ACC,1,holdout
2026-02-27,KBS:HOSE:ACG,ACG,1,holdout
2026-02-27,KBS:HOSE:ACL,ACL,1,holdout
2026-02-27,KBS:HOSE:ADG,ADG,1,holdout
2026-02-27,KBS:HOSE:ADP,ADP,1,holdout
2026-02-27,KBS:HOSE:ADS,ADS,1,holdout
2026-02-27,KBS:HOSE:AGG,AGG,1,holdout
2026-02-27,KBS:HOSE:AGR,AGR,1,holdout
2026-02-27,KBS:HOSE:ANV,ANV,1,holdout
2026-02-27,KBS:HOSE:APG,APG,1,holdout
2026-02-27,KBS:HOSE:APH,APH,1,holdout
2026-02-27,KBS:HOSE:ASG,ASG,1,holdout
2026-02-27,KBS:HOSE:ASM,ASM,1,holdout
2026-02-27,KBS:HOSE:ASP,ASP,1,holdout
2026-02-27,KBS:HOSE:AST,AST,1,holdout
2026-02-27,KBS:HOSE:BAF,BAF,1,holdout
2026-02-27,KBS:HOSE:BCE,BCE,1,holdout
2026-02-27,KBS:HOSE:BCM,BCM,1,holdout
2026-02-27,KBS:HOSE:BFC,BFC,1,holdout
2026-02-27,KBS:HOSE:BHN,BHN,1,holdout
2026-02-27,KBS:HOSE:BIC,BIC,1,holdout
2026-02-27,KBS:HOSE:BKG,BKG,1,holdout
2026-02-27,KBS:HOSE:BMI,BMI,1,holdout
2026-02-27,KBS:HOSE:BRC,BRC,1,holdout
2026-02-27,KBS:HOSE:BSI,BSI,1,holdout
2026-02-27,KBS:HOSE:BSR,BSR,0,holdout
2026-02-27,KBS:HOSE:BTP,BTP,1,holdout
2026-02-27,KBS:HOSE:BVH,BVH,1,holdout
2026-02-27,KBS:HOSE:C32,C32,1,holdout
2026-02-27,KBS:HOSE:CCI,CCI,1,holdout
2026-02-27,KBS:HOSE:CCL,CCL,1,holdout
2026-02-27,KBS:HOSE:CDC,CDC,1,holdout
2026-02-27,KBS:HOSE:CHP,CHP,1,holdout
2026-02-27,KBS:HOSE:CIG,CIG,1,holdout
2026-02-27,KBS:HOSE:CII,CII,1,holdout
2026-02-27,KBS:HOSE:CKG,CKG,1,holdout
2026-02-27,KBS:HOSE:CLC,CLC,1,holdout
2026-02-27,KBS:HOSE:CLW,CLW,1,holdout
2026-02-27,KBS:HOSE:CMV,CMV,1,holdout
2026-02-27,KBS:HOSE:CMX,CMX,1,holdout
2026-02-27,KBS:HOSE:CNG,CNG,1,holdout
2026-02-27,KBS:HOSE:COM,COM,1,holdout
2026-02-27,KBS:HOSE:CRC,CRC,1,holdout
2026-02-27,KBS:HOSE:CRE,CRE,1,holdout
2026-02-27,KBS:HOSE:CSM,CSM,1,holdout
2026-02-27,KBS:HOSE:CSV,CSV,1,holdout
2026-02-27,KBS:HOSE:CTD,CTD,1,holdout
2026-02-27,KBS:HOSE:CTF,CTF,1,holdout
2026-02-27,KBS:HOSE:CTI,CTI,1,holdout
2026-02-27,KBS:HOSE:CTR,CTR,1,holdout
2026-02-27,KBS:HOSE:CTS,CTS,1,holdout
2026-02-27,KBS:HOSE:CVT,CVT,1,holdout
2026-02-27,KBS:HOSE:D2D,D2D,1,holdout
2026-02-27,KBS:HOSE:DAH,DAH,1,holdout
2026-02-27,KBS:HOSE:DBC,DBC,1,holdout
2026-02-27,KBS:HOSE:DBD,DBD,1,holdout
2026-02-27,KBS:HOSE:DC4,DC4,1,holdout
2026-02-27,KBS:HOSE:DCL,DCL,1,holdout
2026-02-27,KBS:HOSE:DCM,DCM,1,holdout
2026-02-27,KBS:HOSE:DGC,DGC,1,holdout
2026-02-27,KBS:HOSE:DGW,DGW,1,holdout
2026-02-27,KBS:HOSE:DHA,DHA,1,holdout
2026-02-27,KBS:HOSE:DHC,DHC,1,holdout
2026-02-27,KBS:HOSE:DLG,DLG,1,holdout
2026-02-27,KBS:HOSE:DMC,DMC,1,holdout
2026-02-27,KBS:HOSE:DPG,DPG,1,holdout
2026-02-27,KBS:HOSE:DQC,DQC,1,holdout
2026-02-27,KBS:HOSE:DRC,DRC,1,holdout
2026-02-27,KBS:HOSE:DSC,DSC,1,holdout
2026-02-27,KBS:HOSE:DSN,DSN,1,holdout
2026-02-27,KBS:HOSE:DTA,DTA,1,holdout
2026-02-27,KBS:HOSE:DTL,DTL,1,holdout
2026-02-27,KBS:HOSE:DTT,DTT,1,holdout
2026-02-27,KBS:HOSE:DVP,DVP,1,holdout
2026-02-27,KBS:HOSE:DXG,DXG,1,holdout
2026-02-27,KBS:HOSE:DXS,DXS,1,holdout
2026-02-27,KBS:HOSE:DXV,DXV,1,holdout
2026-02-27,KBS:HOSE:EIB,EIB,0,holdout
2026-02-27,KBS:HOSE:ELC,ELC,1,holdout
2026-02-27,KBS:HOSE:EVE,EVE,1,holdout
2026-02-27,KBS:HOSE:EVF,EVF,1,holdout
2026-02-27,KBS:HOSE:EVG,EVG,1,holdout
2026-02-27,KBS:HOSE:FCM,FCM,1,holdout
2026-02-27,KBS:HOSE:FCN,FCN,1,holdout
2026-02-27,KBS:HOSE:FDC,FDC,1,holdout
2026-02-27,KBS:HOSE:FIR,FIR,1,holdout
2026-02-27,KBS:HOSE:FIT,FIT,1,holdout
2026-02-27,KBS:HOSE:FMC,FMC,1,holdout
2026-02-27,KBS:HOSE:FPT,FPT,0,holdout
2026-02-27,KBS:HOSE:FRT,FRT,1,holdout
2026-02-27,KBS:HOSE:FTS,FTS,1,holdout
2026-02-27,KBS:HOSE:GAS,GAS,0,holdout
2026-02-27,KBS:HOSE:GDT,GDT,1,holdout
2026-02-27,KBS:HOSE:GEE,GEE,1,holdout
2026-02-27,KBS:HOSE:GEG,GEG,1,holdout
2026-02-27,KBS:HOSE:GIL,GIL,1,holdout
2026-02-27,KBS:HOSE:GMD,GMD,1,holdout
2026-02-27,KBS:HOSE:GMH,GMH,1,holdout
2026-02-27,KBS:HOSE:GTA,GTA,1,holdout
2026-02-27,KBS:HOSE:HAG,HAG,1,holdout
2026-02-27,KBS:HOSE:HAP,HAP,1,holdout
2026-02-27,KBS:HOSE:HAR,HAR,1,holdout
2026-02-27,KBS:HOSE:HAS,HAS,1,holdout
2026-02-27,KBS:HOSE:HAX,HAX,1,holdout
2026-02-27,KBS:HOSE:HCD,HCD,1,holdout
2026-02-27,KBS:HOSE:HCM,HCM,1,holdout
2026-02-27,KBS:HOSE:HDC,HDC,1,holdout
2026-02-27,KBS:HOSE:HDG,HDG,1,holdout
2026-02-27,KBS:HOSE:HHP,HHP,1,holdout
2026-02-27,KBS:HOSE:HHV,HHV,1,holdout
2026-02-27,KBS:HOSE:HID,HID,1,holdout
2026-02-27,KBS:HOSE:HII,HII,1,holdout
2026-02-27,KBS:HOSE:HMC,HMC,1,holdout
2026-02-27,KBS:HOSE:HPX,HPX,1,holdout
2026-02-27,KBS:HOSE:HQC,HQC,1,holdout
2026-02-27,KBS:HOSE:HRC,HRC,1,holdout
2026-02-27,KBS:HOSE:HSG,HSG,1,holdout
2026-02-27,KBS:HOSE:HSL,HSL,1,holdout
2026-02-27,KBS:HOSE:HTG,HTG,1,holdout
2026-02-27,KBS:HOSE:HTI,HTI,1,holdout
2026-02-27,KBS:HOSE:HTL,HTL,1,holdout
2026-02-27,KBS:HOSE:HTN,HTN,1,holdout
2026-02-27,KBS:HOSE:HTV,HTV,1,holdout
2026-02-27,KBS:HOSE:HU1,HU1,1,holdout
2026-02-27,KBS:HOSE:HUB,HUB,1,holdout
2026-02-27,KBS:HOSE:HVN,HVN,1,holdout
2026-02-27,KBS:HOSE:ICT,ICT,1,holdout
2026-02-27,KBS:HOSE:IJC,IJC,1,holdout
2026-02-27,KBS:HOSE:ILB,ILB,1,holdout
2026-02-27,KBS:HOSE:ITC,ITC,1,holdout
2026-02-27,KBS:HOSE:ITD,ITD,1,holdout
2026-02-27,KBS:HOSE:JVC,JVC,1,holdout
2026-02-27,KBS:HOSE:KBC,KBC,1,holdout
2026-02-27,KBS:HOSE:KDC,KDC,1,holdout
2026-02-27,KBS:HOSE:KDH,KDH,1,holdout
2026-02-27,KBS:HOSE:KHG,KHG,1,holdout
2026-02-27,KBS:HOSE:KHP,KHP,1,holdout
2026-02-27,KBS:HOSE:KMR,KMR,1,holdout
2026-02-27,KBS:HOSE:KOS,KOS,1,holdout
2026-02-27,KBS:HOSE:KSB,KSB,1,holdout
2026-02-27,KBS:HOSE:L10,L10,1,holdout
2026-02-27,KBS:HOSE:LAF,LAF,1,holdout
2026-02-27,KBS:HOSE:LBM,LBM,1,holdout
2026-02-27,KBS:HOSE:LCG,LCG,1,holdout
2026-02-27,KBS:HOSE:LDG,LDG,1,holdout
2026-02-27,KBS:HOSE:LGL,LGL,1,holdout
2026-02-27,KBS:HOSE:LHG,LHG,1,holdout
2026-02-27,KBS:HOSE:LIX,LIX,1,holdout
2026-02-27,KBS:HOSE:LM8,LM8,1,holdout
2026-02-27,KBS:HOSE:LPB,LPB,1,holdout
2026-02-27,KBS:HOSE:LSS,LSS,1,holdout
2026-02-27,KBS:HOSE:MBB,MBB,0,holdout
2026-02-27,KBS:HOSE:MCM,MCM,1,holdout
2026-02-27,KBS:HOSE:MCP,MCP,1,holdout
2026-02-27,KBS:HOSE:MDG,MDG,1,holdout
2026-02-27,KBS:HOSE:MHC,MHC,1,holdout
2026-02-27,KBS:HOSE:MIG,MIG,1,holdout
2026-02-27,KBS:HOSE:MSB,MSB,1,holdout
2026-02-27,KBS:HOSE:MSH,MSH,1,holdout
2026-02-27,KBS:HOSE:MWG,MWG,0,holdout
2026-02-27,KBS:HOSE:NAB,NAB,1,holdout
2026-02-27,KBS:HOSE:NAF,NAF,1,holdout
2026-02-27,KBS:HOSE:NAV,NAV,1,holdout
2026-02-27,KBS:HOSE:NBB,NBB,1,holdout
2026-02-27,KBS:HOSE:NCT,NCT,1,holdout
2026-02-27,KBS:HOSE:NHA,NHA,1,holdout
2026-02-27,KBS:HOSE:NHT,NHT,1,holdout
2026-02-27,KBS:HOSE:NKG,NKG,1,holdout
2026-02-27,KBS:HOSE:NLG,NLG,1,holdout
2026-02-27,KBS:HOSE:NNC,NNC,1,holdout
2026-02-27,KBS:HOSE:NO1,NO1,1,holdout
2026-02-27,KBS:HOSE:NTL,NTL,1,holdout
2026-02-27,KBS:HOSE:NVL,NVL,1,holdout
2026-02-27,KBS:HOSE:NVT,NVT,1,holdout
2026-02-27,KBS:HOSE:OCB,OCB,1,holdout
2026-02-27,KBS:HOSE:OGC,OGC,1,holdout
2026-02-27,KBS:HOSE:OPC,OPC,1,holdout
2026-02-27,KBS:HOSE:ORS,ORS,1,holdout
2026-02-27,KBS:HOSE:PAC,PAC,1,holdout
2026-02-27,KBS:HOSE:PAN,PAN,1,holdout
2026-02-27,KBS:HOSE:PDN,PDN,1,holdout
2026-02-27,KBS:HOSE:PDR,PDR,1,holdout
2026-02-27,KBS:HOSE:PGC,PGC,1,holdout
2026-02-27,KBS:HOSE:PGD,PGD,1,holdout
2026-02-27,KBS:HOSE:PGI,PGI,1,holdout
2026-02-27,KBS:HOSE:PGV,PGV,1,holdout
2026-02-27,KBS:HOSE:PHR,PHR,1,holdout
2026-02-27,KBS:HOSE:PIT,PIT,1,holdout
2026-02-27,KBS:HOSE:PJT,PJT,1,holdout
2026-02-27,KBS:HOSE:PLP,PLP,1,holdout
2026-02-27,KBS:HOSE:PLX,PLX,0,holdout
2026-02-27,KBS:HOSE:PNC,PNC,1,holdout
2026-02-27,KBS:HOSE:PNJ,PNJ,1,holdout
2026-02-27,KBS:HOSE:PTB,PTB,1,holdout
2026-02-27,KBS:HOSE:PTC,PTC,1,holdout
2026-02-27,KBS:HOSE:PTL,PTL,1,holdout
2026-02-27,KBS:HOSE:PVP,PVP,1,holdout
2026-02-27,KBS:HOSE:PVT,PVT,1,holdout
2026-02-27,KBS:HOSE:QCG,QCG,1,holdout
2026-02-27,KBS:HOSE:RAL,RAL,1,holdout
2026-02-27,KBS:HOSE:S4A,S4A,1,holdout
2026-02-27,KBS:HOSE:SAB,SAB,1,holdout
2026-02-27,KBS:HOSE:SAM,SAM,1,holdout
2026-02-27,KBS:HOSE:SAV,SAV,1,holdout
2026-02-27,KBS:HOSE:SBA,SBA,1,holdout
2026-02-27,KBS:HOSE:SBV,SBV,1,holdout
2026-02-27,KBS:HOSE:SC5,SC5,1,holdout
2026-02-27,KBS:HOSE:SCR,SCR,1,holdout
2026-02-27,KBS:HOSE:SCS,SCS,1,holdout
2026-02-27,KBS:HOSE:SFC,SFC,1,holdout
2026-02-27,KBS:HOSE:SFI,SFI,1,holdout
2026-02-27,KBS:HOSE:SGR,SGR,1,holdout
2026-02-27,KBS:HOSE:SGT,SGT,1,holdout
2026-02-27,KBS:HOSE:SHA,SHA,1,holdout
2026-02-27,KBS:HOSE:SHB,SHB,0,holdout
2026-02-27,KBS:HOSE:SHI,SHI,1,holdout
2026-02-27,KBS:HOSE:SHP,SHP,1,holdout
2026-02-27,KBS:HOSE:SIP,SIP,1,holdout
2026-02-27,KBS:HOSE:SJD,SJD,1,holdout
2026-02-27,KBS:HOSE:SJS,SJS,1,holdout
2026-02-27,KBS:HOSE:SMA,SMA,1,holdout
2026-02-27,KBS:HOSE:SMB,SMB,1,holdout
2026-02-27,KBS:HOSE:SMC,SMC,1,holdout
2026-02-27,KBS:HOSE:SPM,SPM,1,holdout
2026-02-27,KBS:HOSE:SRC,SRC,1,holdout
2026-02-27,KBS:HOSE:SRF,SRF,1,holdout
2026-02-27,KBS:HOSE:SSB,SSB,1,holdout
2026-02-27,KBS:HOSE:SSC,SSC,1,holdout
2026-02-27,KBS:HOSE:STB,STB,0,holdout
2026-02-27,KBS:HOSE:STG,STG,1,holdout
2026-02-27,KBS:HOSE:STK,STK,1,holdout
2026-02-27,KBS:HOSE:SVC,SVC,1,holdout
2026-02-27,KBS:HOSE:SVT,SVT,1,holdout
2026-02-27,KBS:HOSE:SZC,SZC,1,holdout
2026-02-27,KBS:HOSE:SZL,SZL,1,holdout
2026-02-27,KBS:HOSE:TCB,TCB,0,holdout
2026-02-27,KBS:HOSE:TCI,TCI,1,holdout
2026-02-27,KBS:HOSE:TCL,TCL,1,holdout
2026-02-27,KBS:HOSE:TCM,TCM,1,holdout
2026-02-27,KBS:HOSE:TCO,TCO,1,holdout
2026-02-27,KBS:HOSE:TCR,TCR,1,holdout
2026-02-27,KBS:HOSE:TDC,TDC,1,holdout
2026-02-27,KBS:HOSE:TDG,TDG,1,holdout
2026-02-27,KBS:HOSE:TDP,TDP,1,holdout
2026-02-27,KBS:HOSE:TDW,TDW,1,holdout
2026-02-27,KBS:HOSE:TEG,TEG,1,holdout
2026-02-27,KBS:HOSE:THG,THG,1,holdout
2026-02-27,KBS:UPCOM:TCD,TCD,1,holdout
2026-03-31,KBS:HNX:ADC,ADC,1,holdout
2026-03-31,KBS:HNX:ALT,ALT,1,holdout
2026-03-31,KBS:HNX:AMC,AMC,1,holdout
2026-03-31,KBS:HNX:AME,AME,1,holdout
2026-03-31,KBS:HNX:API,API,1,holdout
2026-03-31,KBS:HNX:APS,APS,1,holdout
2026-03-31,KBS:HNX:ARM,ARM,1,holdout
2026-03-31,KBS:HNX:ATS,ATS,1,holdout
2026-03-31,KBS:HNX:BAB,BAB,1,holdout
2026-03-31,KBS:HNX:BAX,BAX,1,holdout
2026-03-31,KBS:HNX:BBS,BBS,1,holdout
2026-03-31,KBS:HNX:BCF,BCF,1,holdout
2026-03-31,KBS:HNX:BKC,BKC,1,holdout
2026-03-31,KBS:HNX:BNA,BNA,1,holdout
2026-03-31,KBS:HNX:BPC,BPC,1,holdout
2026-03-31,KBS:HNX:BTS,BTS,1,holdout
2026-03-31,KBS:HNX:BTW,BTW,1,holdout
2026-03-31,KBS:HNX:BVS,BVS,1,holdout
2026-03-31,KBS:HNX:BXH,BXH,1,holdout
2026-03-31,KBS:HNX:C69,C69,1,holdout
2026-03-31,KBS:HNX:CAG,CAG,1,holdout
2026-03-31,KBS:HNX:CAN,CAN,1,holdout
2026-03-31,KBS:HNX:CAP,CAP,1,holdout
2026-03-31,KBS:HNX:CCR,CCR,1,holdout
2026-03-31,KBS:HNX:CDN,CDN,1,holdout
2026-03-31,KBS:HNX:CEO,CEO,1,holdout
2026-03-31,KBS:HNX:CET,CET,1,holdout
2026-03-31,KBS:HNX:CIA,CIA,1,holdout
2026-03-31,KBS:HNX:CJC,CJC,1,holdout
2026-03-31,KBS:HNX:CKV,CKV,1,holdout
2026-03-31,KBS:HNX:CLH,CLH,1,holdout
2026-03-31,KBS:HNX:CLM,CLM,1,holdout
2026-03-31,KBS:HNX:CMC,CMC,1,holdout
2026-03-31,KBS:HNX:CMS,CMS,1,holdout
2026-03-31,KBS:HNX:CPC,CPC,1,holdout
2026-03-31,KBS:HNX:CSC,CSC,1,holdout
2026-03-31,KBS:HNX:CST,CST,1,holdout
2026-03-31,KBS:HNX:CTB,CTB,1,holdout
2026-03-31,KBS:HNX:CTP,CTP,1,holdout
2026-03-31,KBS:HNX:CTT,CTT,1,holdout
2026-03-31,KBS:HNX:CX8,CX8,1,holdout
2026-03-31,KBS:HNX:D11,D11,1,holdout
2026-03-31,KBS:HNX:DAD,DAD,1,holdout
2026-03-31,KBS:HNX:DAE,DAE,1,holdout
2026-03-31,KBS:HNX:DC2,DC2,1,holdout
2026-03-31,KBS:HNX:DHP,DHP,1,holdout
2026-03-31,KBS:HNX:DIH,DIH,1,holdout
2026-03-31,KBS:HNX:DL1,DL1,1,holdout
2026-03-31,KBS:HNX:DNC,DNC,1,holdout
2026-03-31,KBS:HNX:DNP,DNP,1,holdout
2026-03-31,KBS:HNX:DP3,DP3,1,holdout
2026-03-31,KBS:HNX:DS3,DS3,1,holdout
2026-03-31,KBS:HNX:DST,DST,1,holdout
2026-03-31,KBS:HNX:DTD,DTD,1,holdout
2026-03-31,KBS:HNX:DTK,DTK,1,holdout
2026-03-31,KBS:HNX:DVM,DVM,1,holdout
2026-03-31,KBS:HNX:EBS,EBS,1,holdout
2026-03-31,KBS:HNX:ECI,ECI,1,holdout
2026-03-31,KBS:HNX:EID,EID,1,holdout
2026-03-31,KBS:HNX:EVS,EVS,1,holdout
2026-03-31,KBS:HNX:GDW,GDW,1,holdout
2026-03-31,KBS:HNX:GKM,GKM,1,holdout
2026-03-31,KBS:HNX:GLT,GLT,1,holdout
2026-03-31,KBS:HNX:GMX,GMX,1,holdout
2026-03-31,KBS:HNX:HAD,HAD,1,holdout
2026-03-31,KBS:HNX:HAT,HAT,1,holdout
2026-03-31,KBS:HNX:HBS,HBS,1,holdout
2026-03-31,KBS:HNX:HCC,HCC,1,holdout
2026-03-31,KBS:HNX:HDA,HDA,1,holdout
2026-03-31,KBS:HNX:HEV,HEV,1,holdout
2026-03-31,KBS:HNX:HGM,HGM,1,holdout
2026-03-31,KBS:HNX:HHC,HHC,1,holdout
2026-03-31,KBS:HNX:HJS,HJS,1,holdout
2026-03-31,KBS:HNX:HKT,HKT,1,holdout
2026-03-31,KBS:HNX:HLC,HLC,1,holdout
2026-03-31,KBS:HNX:HLD,HLD,1,holdout
2026-03-31,KBS:HNX:HMH,HMH,1,holdout
2026-03-31,KBS:HNX:HMR,HMR,1,holdout
2026-03-31,KBS:HNX:HTC,HTC,1,holdout
2026-03-31,KBS:HNX:HUT,HUT,1,holdout
2026-03-31,KBS:HNX:HVT,HVT,1,holdout
2026-03-31,KBS:HNX:ICG,ICG,1,holdout
2026-03-31,KBS:HNX:IDC,IDC,1,holdout
2026-03-31,KBS:HNX:IDJ,IDJ,1,holdout
2026-03-31,KBS:HNX:IDV,IDV,1,holdout
2026-03-31,KBS:HNX:INC,INC,1,holdout
2026-03-31,KBS:HNX:INN,INN,1,holdout
2026-03-31,KBS:HNX:IPA,IPA,1,holdout
2026-03-31,KBS:HNX:IVS,IVS,1,holdout
2026-03-31,KBS:HNX:KDM,KDM,1,holdout
2026-03-31,KBS:HNX:KHS,KHS,1,holdout
2026-03-31,KBS:HNX:KKC,KKC,1,holdout
2026-03-31,KBS:HNX:KSD,KSD,1,holdout
2026-03-31,KBS:HNX:KSF,KSF,1,holdout
2026-03-31,KBS:HNX:KST,KST,1,holdout
2026-03-31,KBS:HNX:KSV,KSV,1,holdout
2026-03-31,KBS:HNX:KTS,KTS,1,holdout
2026-03-31,KBS:HNX:L14,L14,1,holdout
2026-03-31,KBS:HNX:L18,L18,1,holdout
2026-03-31,KBS:HNX:LBE,LBE,1,holdout
2026-03-31,KBS:HNX:LDP,LDP,1,holdout
2026-03-31,KBS:HNX:LHC,LHC,1,holdout
2026-03-31,KBS:HNX:LIG,LIG,1,holdout
2026-03-31,KBS:HNX:MAC,MAC,1,holdout
2026-03-31,KBS:HNX:MAS,MAS,1,holdout
2026-03-31,KBS:HNX:MBG,MBG,1,holdout
2026-03-31,KBS:HNX:MCC,MCC,1,holdout
2026-03-31,KBS:HNX:MCF,MCF,1,holdout
2026-03-31,KBS:HNX:MCO,MCO,1,holdout
2026-03-31,KBS:HNX:MDC,MDC,1,holdout
2026-03-31,KBS:HNX:MED,MED,1,holdout
2026-03-31,KBS:HNX:MIC,MIC,1,holdout
2026-03-31,KBS:HNX:MKV,MKV,1,holdout
2026-03-31,KBS:HNX:MST,MST,1,holdout
2026-03-31,KBS:HNX:MVB,MVB,1,holdout
2026-03-31,KBS:HNX:NAG,NAG,1,holdout
2026-03-31,KBS:HNX:NAP,NAP,1,holdout
2026-03-31,KBS:HNX:NBP,NBP,1,holdout
2026-03-31,KBS:HNX:NBW,NBW,1,holdout
2026-03-31,KBS:HNX:NDN,NDN,1,holdout
2026-03-31,KBS:HNX:NET,NET,1,holdout
2026-03-31,KBS:HNX:NFC,NFC,1,holdout
2026-03-31,KBS:HNX:NHC,NHC,1,holdout
2026-03-31,KBS:HNX:NRC,NRC,1,holdout
2026-03-31,KBS:HNX:NSH,NSH,1,holdout
2026-03-31,KBS:HNX:NST,NST,1,holdout
2026-03-31,KBS:HNX:NTH,NTH,1,holdout
2026-03-31,KBS:HNX:NTP,NTP,1,holdout
2026-03-31,KBS:HNX:NVB,NVB,1,holdout
2026-03-31,KBS:HNX:ONE,ONE,1,holdout
2026-03-31,KBS:HNX:PBP,PBP,1,holdout
2026-03-31,KBS:HNX:PCE,PCE,1,holdout
2026-03-31,KBS:HNX:PCH,PCH,1,holdout
2026-03-31,KBS:HNX:PCT,PCT,1,holdout
2026-03-31,KBS:HNX:PDB,PDB,1,holdout
2026-03-31,KBS:HNX:PEN,PEN,1,holdout
2026-03-31,KBS:HNX:PGN,PGN,1,holdout
2026-03-31,KBS:HNX:PGS,PGS,1,holdout
2026-03-31,KBS:HNX:PGT,PGT,1,holdout
2026-03-31,KBS:HNX:PHN,PHN,1,holdout
2026-03-31,KBS:HNX:PIA,PIA,1,holdout
2026-03-31,KBS:HNX:PIC,PIC,1,holdout
2026-03-31,KBS:HNX:PJC,PJC,1,holdout
2026-03-31,KBS:HNX:PLC,PLC,1,holdout
2026-03-31,KBS:HNX:PMB,PMB,1,holdout
2026-03-31,KBS:HNX:PMC,PMC,1,holdout
2026-03-31,KBS:HNX:PMP,PMP,1,holdout
2026-03-31,KBS:HNX:PMS,PMS,1,holdout
2026-03-31,KBS:HNX:POT,POT,1,holdout
2026-03-31,KBS:HNX:PPE,PPE,1,holdout
2026-03-31,KBS:HNX:PPP,PPP,1,holdout
2026-03-31,KBS:HNX:PPS,PPS,1,holdout
2026-03-31,KBS:HNX:PPT,PPT,1,holdout
2026-03-31,KBS:HNX:PPY,PPY,1,holdout
2026-03-31,KBS:HNX:PRC,PRC,1,holdout
2026-03-31,KBS:HNX:PRE,PRE,1,holdout
2026-03-31,KBS:HNX:PSD,PSD,1,holdout
2026-03-31,KBS:HNX:PSE,PSE,1,holdout
2026-03-31,KBS:HNX:PSI,PSI,1,holdout
2026-03-31,KBS:HNX:PSW,PSW,1,holdout
2026-03-31,KBS:HNX:PTD,PTD,1,holdout
2026-03-31,KBS:HNX:PTS,PTS,1,holdout
2026-03-31,KBS:HNX:PTX,PTX,1,holdout
2026-03-31,KBS:HNX:PV2,PV2,1,holdout
2026-03-31,KBS:HNX:PVB,PVB,1,holdout
2026-03-31,KBS:HNX:PVC,PVC,1,holdout
2026-03-31,KBS:HNX:PVG,PVG,1,holdout
2026-03-31,KBS:HNX:PVI,PVI,1,holdout
2026-03-31,KBS:HNX:QST,QST,1,holdout
2026-03-31,KBS:HNX:QTC,QTC,1,holdout
2026-03-31,KBS:HNX:S55,S55,1,holdout
2026-03-31,KBS:HNX:S99,S99,1,holdout
2026-03-31,KBS:HNX:SAF,SAF,1,holdout
2026-03-31,KBS:HNX:SCG,SCG,1,holdout
2026-03-31,KBS:HNX:SCI,SCI,1,holdout
2026-03-31,KBS:HNX:SD5,SD5,1,holdout
2026-03-31,KBS:HNX:SD9,SD9,1,holdout
2026-03-31,KBS:HNX:SDG,SDG,1,holdout
2026-03-31,KBS:HNX:SDN,SDN,1,holdout
2026-03-31,KBS:HNX:SDU,SDU,1,holdout
2026-03-31,KBS:HNX:SEB,SEB,1,holdout
2026-03-31,KBS:HNX:SED,SED,1,holdout
2026-03-31,KBS:HNX:SFN,SFN,1,holdout
2026-03-31,KBS:HNX:SGC,SGC,1,holdout
2026-03-31,KBS:HNX:SGD,SGD,1,holdout
2026-03-31,KBS:HNX:SGH,SGH,1,holdout
2026-03-31,KBS:HNX:SHE,SHE,1,holdout
2026-03-31,KBS:HNX:SHS,SHS,0,holdout
2026-03-31,KBS:HNX:SJ1,SJ1,1,holdout
2026-03-31,KBS:HNX:SJE,SJE,1,holdout
2026-03-31,KBS:HNX:SLS,SLS,1,holdout
2026-03-31,KBS:HNX:SMN,SMN,1,holdout
2026-03-31,KBS:HNX:STC,STC,1,holdout
2026-03-31,KBS:HNX:STP,STP,1,holdout
2026-03-31,KBS:HNX:SVN,SVN,1,holdout
2026-03-31,KBS:HNX:TA9,TA9,1,holdout
2026-03-31,KBS:HNX:TDT,TDT,1,holdout
2026-03-31,KBS:HNX:THD,THD,1,holdout
2026-03-31,KBS:HNX:THS,THS,1,holdout
2026-03-31,KBS:HNX:THT,THT,1,holdout
2026-03-31,KBS:HNX:TIG,TIG,1,holdout
2026-03-31,KBS:HNX:TKU,TKU,1,holdout
2026-03-31,KBS:HNX:TMB,TMB,1,holdout
2026-03-31,KBS:HNX:TMX,TMX,1,holdout
2026-03-31,KBS:HNX:TOT,TOT,1,holdout
2026-03-31,KBS:HNX:TTC,TTC,1,holdout
2026-03-31,KBS:HNX:TTH,TTH,1,holdout
2026-03-31,KBS:HNX:TTT,TTT,1,holdout
2026-03-31,KBS:HNX:TV3,TV3,1,holdout
2026-03-31,KBS:HNX:TVC,TVC,1,holdout
2026-03-31,KBS:HNX:TVD,TVD,1,holdout
2026-03-31,KBS:HNX:UNI,UNI,1,holdout
2026-03-31,KBS:HNX:V12,V12,1,holdout
2026-03-31,KBS:HNX:V21,V21,1,holdout
2026-03-31,KBS:HNX:VBC,VBC,1,holdout
2026-03-31,KBS:HNX:VC1,VC1,1,holdout
2026-03-31,KBS:HNX:VC7,VC7,1,holdout
2026-03-31,KBS:HNX:VC9,VC9,1,holdout
2026-03-31,KBS:HNX:VCC,VCC,1,holdout
2026-03-31,KBS:HNX:VCM,VCM,1,holdout
2026-03-31,KBS:HNX:VCS,VCS,1,holdout
2026-03-31,KBS:HNX:VDL,VDL,1,holdout
2026-03-31,KBS:HNX:VE3,VE3,1,holdout
2026-03-31,KBS:HNX:VFS,VFS,1,holdout
2026-03-31,KBS:HNX:VGP,VGP,1,holdout
2026-03-31,KBS:HNX:VGS,VGS,1,holdout
2026-03-31,KBS:HNX:VHE,VHE,1,holdout
2026-03-31,KBS:HNX:VHL,VHL,1,holdout
2026-03-31,KBS:HNX:VIG,VIG,1,holdout
2026-03-31,KBS:HNX:VIT,VIT,1,holdout
2026-03-31,KBS:HNX:VMC,VMC,1,holdout
2026-03-31,KBS:HNX:VNF,VNF,1,holdout
2026-03-31,KBS:HNX:VNT,VNT,1,holdout
2026-03-31,KBS:HNX:VSA,VSA,1,holdout
2026-03-31,KBS:HNX:VTC,VTC,1,holdout
2026-03-31,KBS:HNX:VTH,VTH,1,holdout
2026-03-31,KBS:HNX:VTV,VTV,1,holdout
2026-03-31,KBS:HNX:VTZ,VTZ,1,holdout
2026-03-31,KBS:HNX:WSS,WSS,1,holdout
2026-03-31,KBS:HNX:X20,X20,1,holdout
2026-03-31,KBS:HOSE:AAM,AAM,1,holdout
2026-03-31,KBS:HOSE:AAT,AAT,1,holdout
2026-03-31,KBS:HOSE:ABR,ABR,1,holdout
2026-03-31,KBS:HOSE:ABS,ABS,1,holdout
2026-03-31,KBS:HOSE:ABT,ABT,1,holdout
2026-03-31,KBS:HOSE:ACC,ACC,1,holdout
2026-03-31,KBS:HOSE:ACG,ACG,1,holdout
2026-03-31,KBS:HOSE:ACL,ACL,1,holdout
2026-03-31,KBS:HOSE:ADG,ADG,1,holdout
2026-03-31,KBS:HOSE:ADP,ADP,1,holdout
2026-03-31,KBS:HOSE:ADS,ADS,1,holdout
2026-03-31,KBS:HOSE:AGG,AGG,1,holdout
2026-03-31,KBS:HOSE:AGR,AGR,1,holdout
2026-03-31,KBS:HOSE:ANV,ANV,1,holdout
2026-03-31,KBS:HOSE:APG,APG,1,holdout
2026-03-31,KBS:HOSE:APH,APH,1,holdout
2026-03-31,KBS:HOSE:ASG,ASG,1,holdout
2026-03-31,KBS:HOSE:ASM,ASM,1,holdout
2026-03-31,KBS:HOSE:ASP,ASP,1,holdout
2026-03-31,KBS:HOSE:AST,AST,1,holdout
2026-03-31,KBS:HOSE:BAF,BAF,1,holdout
2026-03-31,KBS:HOSE:BCE,BCE,1,holdout
2026-03-31,KBS:HOSE:BCM,BCM,1,holdout
2026-03-31,KBS:HOSE:BFC,BFC,1,holdout
2026-03-31,KBS:HOSE:BHN,BHN,1,holdout
2026-03-31,KBS:HOSE:BIC,BIC,1,holdout
2026-03-31,KBS:HOSE:BKG,BKG,1,holdout
2026-03-31,KBS:HOSE:BMI,BMI,1,holdout
2026-03-31,KBS:HOSE:BRC,BRC,1,holdout
2026-03-31,KBS:HOSE:BSI,BSI,1,holdout
2026-03-31,KBS:HOSE:BSR,BSR,0,holdout
2026-03-31,KBS:HOSE:BTP,BTP,1,holdout
2026-03-31,KBS:HOSE:BVH,BVH,1,holdout
2026-03-31,KBS:HOSE:C32,C32,1,holdout
2026-03-31,KBS:HOSE:CCI,CCI,1,holdout
2026-03-31,KBS:HOSE:CCL,CCL,1,holdout
2026-03-31,KBS:HOSE:CDC,CDC,1,holdout
2026-03-31,KBS:HOSE:CHP,CHP,1,holdout
2026-03-31,KBS:HOSE:CIG,CIG,1,holdout
2026-03-31,KBS:HOSE:CII,CII,1,holdout
2026-03-31,KBS:HOSE:CKG,CKG,1,holdout
2026-03-31,KBS:HOSE:CLC,CLC,1,holdout
2026-03-31,KBS:HOSE:CLW,CLW,1,holdout
2026-03-31,KBS:HOSE:CMV,CMV,1,holdout
2026-03-31,KBS:HOSE:CMX,CMX,1,holdout
2026-03-31,KBS:HOSE:CNG,CNG,1,holdout
2026-03-31,KBS:HOSE:COM,COM,1,holdout
2026-03-31,KBS:HOSE:CRC,CRC,1,holdout
2026-03-31,KBS:HOSE:CRE,CRE,1,holdout
2026-03-31,KBS:HOSE:CSM,CSM,1,holdout
2026-03-31,KBS:HOSE:CSV,CSV,1,holdout
2026-03-31,KBS:HOSE:CTD,CTD,1,holdout
2026-03-31,KBS:HOSE:CTF,CTF,1,holdout
2026-03-31,KBS:HOSE:CTI,CTI,1,holdout
2026-03-31,KBS:HOSE:CTR,CTR,1,holdout
2026-03-31,KBS:HOSE:CTS,CTS,1,holdout
2026-03-31,KBS:HOSE:CVT,CVT,1,holdout
2026-03-31,KBS:HOSE:D2D,D2D,1,holdout
2026-03-31,KBS:HOSE:DAH,DAH,1,holdout
2026-03-31,KBS:HOSE:DBC,DBC,1,holdout
2026-03-31,KBS:HOSE:DBD,DBD,1,holdout
2026-03-31,KBS:HOSE:DC4,DC4,1,holdout
2026-03-31,KBS:HOSE:DCL,DCL,1,holdout
2026-03-31,KBS:HOSE:DCM,DCM,0,holdout
2026-03-31,KBS:HOSE:DGC,DGC,0,holdout
2026-03-31,KBS:HOSE:DGW,DGW,1,holdout
2026-03-31,KBS:HOSE:DHA,DHA,1,holdout
2026-03-31,KBS:HOSE:DHC,DHC,1,holdout
2026-03-31,KBS:HOSE:DLG,DLG,1,holdout
2026-03-31,KBS:HOSE:DMC,DMC,1,holdout
2026-03-31,KBS:HOSE:DPG,DPG,1,holdout
2026-03-31,KBS:HOSE:DQC,DQC,1,holdout
2026-03-31,KBS:HOSE:DRC,DRC,1,holdout
2026-03-31,KBS:HOSE:DSC,DSC,1,holdout
2026-03-31,KBS:HOSE:DSN,DSN,1,holdout
2026-03-31,KBS:HOSE:DTA,DTA,1,holdout
2026-03-31,KBS:HOSE:DTL,DTL,1,holdout
2026-03-31,KBS:HOSE:DTT,DTT,1,holdout
2026-03-31,KBS:HOSE:DVP,DVP,1,holdout
2026-03-31,KBS:HOSE:DXG,DXG,1,holdout
2026-03-31,KBS:HOSE:DXS,DXS,1,holdout
2026-03-31,KBS:HOSE:DXV,DXV,1,holdout
2026-03-31,KBS:HOSE:EIB,EIB,0,holdout
2026-03-31,KBS:HOSE:ELC,ELC,1,holdout
2026-03-31,KBS:HOSE:EVE,EVE,1,holdout
2026-03-31,KBS:HOSE:EVF,EVF,1,holdout
2026-03-31,KBS:HOSE:EVG,EVG,1,holdout
2026-03-31,KBS:HOSE:FCM,FCM,1,holdout
2026-03-31,KBS:HOSE:FCN,FCN,1,holdout
2026-03-31,KBS:HOSE:FDC,FDC,1,holdout
2026-03-31,KBS:HOSE:FIR,FIR,1,holdout
2026-03-31,KBS:HOSE:FIT,FIT,1,holdout
2026-03-31,KBS:HOSE:FMC,FMC,1,holdout
2026-03-31,KBS:HOSE:FPT,FPT,0,holdout
2026-03-31,KBS:HOSE:FRT,FRT,1,holdout
2026-03-31,KBS:HOSE:FTS,FTS,1,holdout
2026-03-31,KBS:HOSE:GAS,GAS,0,holdout
2026-03-31,KBS:HOSE:GDT,GDT,1,holdout
2026-03-31,KBS:HOSE:GEE,GEE,1,holdout
2026-03-31,KBS:HOSE:GEG,GEG,1,holdout
2026-03-31,KBS:HOSE:GIL,GIL,1,holdout
2026-03-31,KBS:HOSE:GMD,GMD,1,holdout
2026-03-31,KBS:HOSE:GMH,GMH,1,holdout
2026-03-31,KBS:HOSE:GTA,GTA,1,holdout
2026-03-31,KBS:HOSE:HAG,HAG,1,holdout
2026-03-31,KBS:HOSE:HAP,HAP,1,holdout
2026-03-31,KBS:HOSE:HAR,HAR,1,holdout
2026-03-31,KBS:HOSE:HAS,HAS,1,holdout
2026-03-31,KBS:HOSE:HAX,HAX,1,holdout
2026-03-31,KBS:HOSE:HCD,HCD,1,holdout
2026-03-31,KBS:HOSE:HCM,HCM,1,holdout
2026-03-31,KBS:HOSE:HDC,HDC,1,holdout
2026-03-31,KBS:HOSE:HDG,HDG,1,holdout
2026-03-31,KBS:HOSE:HHP,HHP,1,holdout
2026-03-31,KBS:HOSE:HHV,HHV,1,holdout
2026-03-31,KBS:HOSE:HID,HID,1,holdout
2026-03-31,KBS:HOSE:HII,HII,1,holdout
2026-03-31,KBS:HOSE:HMC,HMC,1,holdout
2026-03-31,KBS:HOSE:HPX,HPX,1,holdout
2026-03-31,KBS:HOSE:HQC,HQC,1,holdout
2026-03-31,KBS:HOSE:HRC,HRC,1,holdout
2026-03-31,KBS:HOSE:HSG,HSG,1,holdout
2026-03-31,KBS:HOSE:HSL,HSL,1,holdout
2026-03-31,KBS:HOSE:HTG,HTG,1,holdout
2026-03-31,KBS:HOSE:HTI,HTI,1,holdout
2026-03-31,KBS:HOSE:HTL,HTL,1,holdout
2026-03-31,KBS:HOSE:HTN,HTN,1,holdout
2026-03-31,KBS:HOSE:HTV,HTV,1,holdout
2026-03-31,KBS:HOSE:HU1,HU1,1,holdout
2026-03-31,KBS:HOSE:HUB,HUB,1,holdout
2026-03-31,KBS:HOSE:HVN,HVN,1,holdout
2026-03-31,KBS:HOSE:ICT,ICT,1,holdout
2026-03-31,KBS:HOSE:IJC,IJC,1,holdout
2026-03-31,KBS:HOSE:ILB,ILB,1,holdout
2026-03-31,KBS:HOSE:ITC,ITC,1,holdout
2026-03-31,KBS:HOSE:ITD,ITD,1,holdout
2026-03-31,KBS:HOSE:JVC,JVC,1,holdout
2026-03-31,KBS:HOSE:KBC,KBC,1,holdout
2026-03-31,KBS:HOSE:KDC,KDC,1,holdout
2026-03-31,KBS:HOSE:KDH,KDH,1,holdout
2026-03-31,KBS:HOSE:KHG,KHG,1,holdout
2026-03-31,KBS:HOSE:KHP,KHP,1,holdout
2026-03-31,KBS:HOSE:KMR,KMR,1,holdout
2026-03-31,KBS:HOSE:KOS,KOS,1,holdout
2026-03-31,KBS:HOSE:KSB,KSB,1,holdout
2026-03-31,KBS:HOSE:L10,L10,1,holdout
2026-03-31,KBS:HOSE:LAF,LAF,1,holdout
2026-03-31,KBS:HOSE:LBM,LBM,1,holdout
2026-03-31,KBS:HOSE:LCG,LCG,1,holdout
2026-03-31,KBS:HOSE:LDG,LDG,1,holdout
2026-03-31,KBS:HOSE:LGL,LGL,1,holdout
2026-03-31,KBS:HOSE:LHG,LHG,1,holdout
2026-03-31,KBS:HOSE:LIX,LIX,1,holdout
2026-03-31,KBS:HOSE:LM8,LM8,1,holdout
2026-03-31,KBS:HOSE:LPB,LPB,1,holdout
2026-03-31,KBS:HOSE:LSS,LSS,1,holdout
2026-03-31,KBS:HOSE:MBB,MBB,0,holdout
2026-03-31,KBS:HOSE:MCM,MCM,1,holdout
2026-03-31,KBS:HOSE:MCP,MCP,1,holdout
2026-03-31,KBS:HOSE:MDG,MDG,1,holdout
2026-03-31,KBS:HOSE:MHC,MHC,1,holdout
2026-03-31,KBS:HOSE:MIG,MIG,1,holdout
2026-03-31,KBS:HOSE:MSB,MSB,1,holdout
2026-03-31,KBS:HOSE:MSH,MSH,1,holdout
2026-03-31,KBS:HOSE:MWG,MWG,0,holdout
2026-03-31,KBS:HOSE:NAB,NAB,1,holdout
2026-03-31,KBS:HOSE:NAF,NAF,1,holdout
2026-03-31,KBS:HOSE:NAV,NAV,1,holdout
2026-03-31,KBS:HOSE:NBB,NBB,1,holdout
2026-03-31,KBS:HOSE:NCT,NCT,1,holdout
2026-03-31,KBS:HOSE:NHA,NHA,1,holdout
2026-03-31,KBS:HOSE:NHT,NHT,1,holdout
2026-03-31,KBS:HOSE:NKG,NKG,1,holdout
2026-03-31,KBS:HOSE:NLG,NLG,1,holdout
2026-03-31,KBS:HOSE:NNC,NNC,1,holdout
2026-03-31,KBS:HOSE:NO1,NO1,1,holdout
2026-03-31,KBS:HOSE:NTL,NTL,1,holdout
2026-03-31,KBS:HOSE:NVL,NVL,1,holdout
2026-03-31,KBS:HOSE:NVT,NVT,1,holdout
2026-03-31,KBS:HOSE:OCB,OCB,1,holdout
2026-03-31,KBS:HOSE:OGC,OGC,1,holdout
2026-03-31,KBS:HOSE:OPC,OPC,1,holdout
2026-03-31,KBS:HOSE:ORS,ORS,1,holdout
2026-03-31,KBS:HOSE:PAC,PAC,1,holdout
2026-03-31,KBS:HOSE:PAN,PAN,1,holdout
2026-03-31,KBS:HOSE:PDN,PDN,1,holdout
2026-03-31,KBS:HOSE:PDR,PDR,1,holdout
2026-03-31,KBS:HOSE:PGC,PGC,1,holdout
2026-03-31,KBS:HOSE:PGD,PGD,1,holdout
2026-03-31,KBS:HOSE:PGI,PGI,1,holdout
2026-03-31,KBS:HOSE:PGV,PGV,1,holdout
2026-03-31,KBS:HOSE:PHR,PHR,1,holdout
2026-03-31,KBS:HOSE:PIT,PIT,1,holdout
2026-03-31,KBS:HOSE:PJT,PJT,1,holdout
2026-03-31,KBS:HOSE:PLP,PLP,1,holdout
2026-03-31,KBS:HOSE:PLX,PLX,0,holdout
2026-03-31,KBS:HOSE:PNC,PNC,1,holdout
2026-03-31,KBS:HOSE:PNJ,PNJ,1,holdout
2026-03-31,KBS:HOSE:PTB,PTB,1,holdout
2026-03-31,KBS:HOSE:PTC,PTC,1,holdout
2026-03-31,KBS:HOSE:PTL,PTL,1,holdout
2026-03-31,KBS:HOSE:PVP,PVP,1,holdout
2026-03-31,KBS:HOSE:PVT,PVT,0,holdout
2026-03-31,KBS:HOSE:QCG,QCG,1,holdout
2026-03-31,KBS:HOSE:RAL,RAL,1,holdout
2026-03-31,KBS:HOSE:S4A,S4A,1,holdout
2026-03-31,KBS:HOSE:SAB,SAB,1,holdout
2026-03-31,KBS:HOSE:SAM,SAM,1,holdout
2026-03-31,KBS:HOSE:SAV,SAV,1,holdout
2026-03-31,KBS:HOSE:SBA,SBA,1,holdout
2026-03-31,KBS:HOSE:SBV,SBV,1,holdout
2026-03-31,KBS:HOSE:SC5,SC5,1,holdout
2026-03-31,KBS:HOSE:SCR,SCR,1,holdout
2026-03-31,KBS:HOSE:SCS,SCS,1,holdout
2026-03-31,KBS:HOSE:SFC,SFC,1,holdout
2026-03-31,KBS:HOSE:SFI,SFI,1,holdout
2026-03-31,KBS:HOSE:SGR,SGR,1,holdout
2026-03-31,KBS:HOSE:SGT,SGT,1,holdout
2026-03-31,KBS:HOSE:SHA,SHA,1,holdout
2026-03-31,KBS:HOSE:SHB,SHB,0,holdout
2026-03-31,KBS:HOSE:SHI,SHI,1,holdout
2026-03-31,KBS:HOSE:SHP,SHP,1,holdout
2026-03-31,KBS:HOSE:SIP,SIP,1,holdout
2026-03-31,KBS:HOSE:SJD,SJD,1,holdout
2026-03-31,KBS:HOSE:SJS,SJS,1,holdout
2026-03-31,KBS:HOSE:SMA,SMA,1,holdout
2026-03-31,KBS:HOSE:SMB,SMB,1,holdout
2026-03-31,KBS:HOSE:SMC,SMC,1,holdout
2026-03-31,KBS:HOSE:SPM,SPM,1,holdout
2026-03-31,KBS:HOSE:SRC,SRC,1,holdout
2026-03-31,KBS:HOSE:SRF,SRF,1,holdout
2026-03-31,KBS:HOSE:SSB,SSB,1,holdout
2026-03-31,KBS:HOSE:SSC,SSC,1,holdout
2026-03-31,KBS:HOSE:STB,STB,0,holdout
2026-03-31,KBS:HOSE:STG,STG,1,holdout
2026-03-31,KBS:HOSE:STK,STK,1,holdout
2026-03-31,KBS:HOSE:SVC,SVC,1,holdout
2026-03-31,KBS:HOSE:SVT,SVT,1,holdout
2026-03-31,KBS:HOSE:SZC,SZC,1,holdout
2026-03-31,KBS:HOSE:SZL,SZL,1,holdout
2026-03-31,KBS:HOSE:TCB,TCB,0,holdout
2026-03-31,KBS:HOSE:TCI,TCI,1,holdout
2026-03-31,KBS:HOSE:TCL,TCL,1,holdout
2026-03-31,KBS:HOSE:TCM,TCM,1,holdout
2026-03-31,KBS:HOSE:TCO,TCO,1,holdout
2026-03-31,KBS:HOSE:TCR,TCR,1,holdout
2026-03-31,KBS:HOSE:TDC,TDC,1,holdout
2026-03-31,KBS:HOSE:TDG,TDG,1,holdout
2026-03-31,KBS:HOSE:TDP,TDP,1,holdout
2026-03-31,KBS:HOSE:TDW,TDW,1,holdout
2026-03-31,KBS:HOSE:TEG,TEG,1,holdout
2026-03-31,KBS:HOSE:THG,THG,1,holdout
2026-03-31,KBS:UPCOM:AAV,AAV,1,holdout
2026-03-31,KBS:UPCOM:ABB,ABB,1,holdout
2026-03-31,KBS:UPCOM:ABI,ABI,1,holdout
2026-03-31,KBS:UPCOM:AMS,AMS,1,holdout
2026-03-31,KBS:UPCOM:CC1,CC1,1,holdout
2026-03-31,KBS:UPCOM:CQN,CQN,1,holdout
2026-03-31,KBS:UPCOM:DDG,DDG,1,holdout
2026-03-31,KBS:UPCOM:DDV,DDV,1,holdout
2026-03-31,KBS:UPCOM:DGT,DGT,1,holdout
2026-03-31,KBS:UPCOM:DTI,DTI,1,holdout
2026-03-31,KBS:UPCOM:EIN,EIN,1,holdout
2026-03-31,KBS:UPCOM:FIC,FIC,1,holdout
2026-03-31,KBS:UPCOM:GPC,GPC,1,holdout
2026-03-31,KBS:UPCOM:HBC,HBC,1,holdout
2026-03-31,KBS:UPCOM:HD6,HD6,1,holdout
2026-03-31,KBS:UPCOM:HHG,HHG,1,holdout
2026-03-31,KBS:UPCOM:HNG,HNG,1,holdout
2026-03-31,KBS:UPCOM:HNM,HNM,1,holdout
2026-03-31,KBS:UPCOM:MFS,MFS,1,holdout
2026-03-31,KBS:UPCOM:ODE,ODE,1,holdout
2026-03-31,KBS:UPCOM:PFL,PFL,1,holdout
2026-03-31,KBS:UPCOM:SSG,SSG,1,holdout
2026-03-31,KBS:UPCOM:TCD,TCD,1,holdout
2026-03-31,KBS:UPCOM:TIS,TIS,1,holdout
2026-03-31,KBS:UPCOM:UDC,UDC,1,holdout
2026-03-31,KBS:UPCOM:VHG,VHG,1,holdout
2026-03-31,KBS:UPCOM:VLG,VLG,1,holdout
2026-03-31,KBS:UPCOM:VNB,VNB,1,holdout
2026-04-29,KBS:HNX:ADC,ADC,1,holdout
2026-04-29,KBS:HNX:ALT,ALT,1,holdout
2026-04-29,KBS:HNX:AMC,AMC,1,holdout
2026-04-29,KBS:HNX:AME,AME,1,holdout
2026-04-29,KBS:HNX:API,API,1,holdout
2026-04-29,KBS:HNX:APS,APS,1,holdout
2026-04-29,KBS:HNX:ARM,ARM,1,holdout
2026-04-29,KBS:HNX:ATS,ATS,1,holdout
2026-04-29,KBS:HNX:BAB,BAB,1,holdout
2026-04-29,KBS:HNX:BAX,BAX,1,holdout
2026-04-29,KBS:HNX:BBS,BBS,1,holdout
2026-04-29,KBS:HNX:BCF,BCF,1,holdout
2026-04-29,KBS:HNX:BKC,BKC,1,holdout
2026-04-29,KBS:HNX:BNA,BNA,1,holdout
2026-04-29,KBS:HNX:BPC,BPC,1,holdout
2026-04-29,KBS:HNX:BTS,BTS,1,holdout
2026-04-29,KBS:HNX:BTW,BTW,1,holdout
2026-04-29,KBS:HNX:BVS,BVS,1,holdout
2026-04-29,KBS:HNX:BXH,BXH,1,holdout
2026-04-29,KBS:HNX:C69,C69,1,holdout
2026-04-29,KBS:HNX:CAG,CAG,1,holdout
2026-04-29,KBS:HNX:CAN,CAN,1,holdout
2026-04-29,KBS:HNX:CAP,CAP,1,holdout
2026-04-29,KBS:HNX:CCR,CCR,1,holdout
2026-04-29,KBS:HNX:CDN,CDN,1,holdout
2026-04-29,KBS:HNX:CEO,CEO,1,holdout
2026-04-29,KBS:HNX:CET,CET,1,holdout
2026-04-29,KBS:HNX:CIA,CIA,1,holdout
2026-04-29,KBS:HNX:CJC,CJC,1,holdout
2026-04-29,KBS:HNX:CKV,CKV,1,holdout
2026-04-29,KBS:HNX:CLH,CLH,1,holdout
2026-04-29,KBS:HNX:CLM,CLM,1,holdout
2026-04-29,KBS:HNX:CMC,CMC,1,holdout
2026-04-29,KBS:HNX:CMS,CMS,1,holdout
2026-04-29,KBS:HNX:CPC,CPC,1,holdout
2026-04-29,KBS:HNX:CSC,CSC,1,holdout
2026-04-29,KBS:HNX:CST,CST,1,holdout
2026-04-29,KBS:HNX:CTB,CTB,1,holdout
2026-04-29,KBS:HNX:CTP,CTP,1,holdout
2026-04-29,KBS:HNX:CTT,CTT,1,holdout
2026-04-29,KBS:HNX:CX8,CX8,1,holdout
2026-04-29,KBS:HNX:D11,D11,1,holdout
2026-04-29,KBS:HNX:DAD,DAD,1,holdout
2026-04-29,KBS:HNX:DAE,DAE,1,holdout
2026-04-29,KBS:HNX:DC2,DC2,1,holdout
2026-04-29,KBS:HNX:DHP,DHP,1,holdout
2026-04-29,KBS:HNX:DIH,DIH,1,holdout
2026-04-29,KBS:HNX:DL1,DL1,1,holdout
2026-04-29,KBS:HNX:DNC,DNC,1,holdout
2026-04-29,KBS:HNX:DNP,DNP,1,holdout
2026-04-29,KBS:HNX:DP3,DP3,1,holdout
2026-04-29,KBS:HNX:DS3,DS3,1,holdout
2026-04-29,KBS:HNX:DST,DST,1,holdout
2026-04-29,KBS:HNX:DTD,DTD,1,holdout
2026-04-29,KBS:HNX:DTK,DTK,1,holdout
2026-04-29,KBS:HNX:DVM,DVM,1,holdout
2026-04-29,KBS:HNX:EBS,EBS,1,holdout
2026-04-29,KBS:HNX:ECI,ECI,1,holdout
2026-04-29,KBS:HNX:EID,EID,1,holdout
2026-04-29,KBS:HNX:EVS,EVS,1,holdout
2026-04-29,KBS:HNX:GDW,GDW,1,holdout
2026-04-29,KBS:HNX:GKM,GKM,1,holdout
2026-04-29,KBS:HNX:GLT,GLT,1,holdout
2026-04-29,KBS:HNX:GMX,GMX,1,holdout
2026-04-29,KBS:HNX:HAD,HAD,1,holdout
2026-04-29,KBS:HNX:HAT,HAT,1,holdout
2026-04-29,KBS:HNX:HBS,HBS,1,holdout
2026-04-29,KBS:HNX:HCC,HCC,1,holdout
2026-04-29,KBS:HNX:HDA,HDA,1,holdout
2026-04-29,KBS:HNX:HEV,HEV,1,holdout
2026-04-29,KBS:HNX:HGM,HGM,1,holdout
2026-04-29,KBS:HNX:HHC,HHC,1,holdout
2026-04-29,KBS:HNX:HJS,HJS,1,holdout
2026-04-29,KBS:HNX:HKT,HKT,1,holdout
2026-04-29,KBS:HNX:HLC,HLC,1,holdout
2026-04-29,KBS:HNX:HLD,HLD,1,holdout
2026-04-29,KBS:HNX:HMH,HMH,1,holdout
2026-04-29,KBS:HNX:HMR,HMR,1,holdout
2026-04-29,KBS:HNX:HTC,HTC,1,holdout
2026-04-29,KBS:HNX:HUT,HUT,1,holdout
2026-04-29,KBS:HNX:HVT,HVT,1,holdout
2026-04-29,KBS:HNX:ICG,ICG,1,holdout
2026-04-29,KBS:HNX:IDC,IDC,1,holdout
2026-04-29,KBS:HNX:IDJ,IDJ,1,holdout
2026-04-29,KBS:HNX:IDV,IDV,1,holdout
2026-04-29,KBS:HNX:INC,INC,1,holdout
2026-04-29,KBS:HNX:INN,INN,1,holdout
2026-04-29,KBS:HNX:IPA,IPA,1,holdout
2026-04-29,KBS:HNX:IVS,IVS,1,holdout
2026-04-29,KBS:HNX:KDM,KDM,1,holdout
2026-04-29,KBS:HNX:KHS,KHS,1,holdout
2026-04-29,KBS:HNX:KKC,KKC,1,holdout
2026-04-29,KBS:HNX:KSD,KSD,1,holdout
2026-04-29,KBS:HNX:KSF,KSF,1,holdout
2026-04-29,KBS:HNX:KST,KST,1,holdout
2026-04-29,KBS:HNX:KSV,KSV,1,holdout
2026-04-29,KBS:HNX:KTS,KTS,1,holdout
2026-04-29,KBS:HNX:L14,L14,1,holdout
2026-04-29,KBS:HNX:L18,L18,1,holdout
2026-04-29,KBS:HNX:LBE,LBE,1,holdout
2026-04-29,KBS:HNX:LDP,LDP,1,holdout
2026-04-29,KBS:HNX:LHC,LHC,1,holdout
2026-04-29,KBS:HNX:LIG,LIG,1,holdout
2026-04-29,KBS:HNX:MAC,MAC,1,holdout
2026-04-29,KBS:HNX:MAS,MAS,1,holdout
2026-04-29,KBS:HNX:MBG,MBG,1,holdout
2026-04-29,KBS:HNX:MCC,MCC,1,holdout
2026-04-29,KBS:HNX:MCF,MCF,1,holdout
2026-04-29,KBS:HNX:MCO,MCO,1,holdout
2026-04-29,KBS:HNX:MDC,MDC,1,holdout
2026-04-29,KBS:HNX:MED,MED,1,holdout
2026-04-29,KBS:HNX:MIC,MIC,1,holdout
2026-04-29,KBS:HNX:MKV,MKV,1,holdout
2026-04-29,KBS:HNX:MST,MST,1,holdout
2026-04-29,KBS:HNX:MVB,MVB,1,holdout
2026-04-29,KBS:HNX:NAG,NAG,1,holdout
2026-04-29,KBS:HNX:NAP,NAP,1,holdout
2026-04-29,KBS:HNX:NBP,NBP,1,holdout
2026-04-29,KBS:HNX:NBW,NBW,1,holdout
2026-04-29,KBS:HNX:NDN,NDN,1,holdout
2026-04-29,KBS:HNX:NET,NET,1,holdout
2026-04-29,KBS:HNX:NFC,NFC,1,holdout
2026-04-29,KBS:HNX:NHC,NHC,1,holdout
2026-04-29,KBS:HNX:NRC,NRC,1,holdout
2026-04-29,KBS:HNX:NSH,NSH,1,holdout
2026-04-29,KBS:HNX:NST,NST,1,holdout
2026-04-29,KBS:HNX:NTH,NTH,1,holdout
2026-04-29,KBS:HNX:NTP,NTP,1,holdout
2026-04-29,KBS:HNX:NVB,NVB,1,holdout
2026-04-29,KBS:HNX:ONE,ONE,1,holdout
2026-04-29,KBS:HNX:PBP,PBP,1,holdout
2026-04-29,KBS:HNX:PCE,PCE,1,holdout
2026-04-29,KBS:HNX:PCH,PCH,1,holdout
2026-04-29,KBS:HNX:PCT,PCT,1,holdout
2026-04-29,KBS:HNX:PDB,PDB,1,holdout
2026-04-29,KBS:HNX:PEN,PEN,1,holdout
2026-04-29,KBS:HNX:PGN,PGN,1,holdout
2026-04-29,KBS:HNX:PGS,PGS,1,holdout
2026-04-29,KBS:HNX:PGT,PGT,1,holdout
2026-04-29,KBS:HNX:PHN,PHN,1,holdout
2026-04-29,KBS:HNX:PIA,PIA,1,holdout
2026-04-29,KBS:HNX:PIC,PIC,1,holdout
2026-04-29,KBS:HNX:PJC,PJC,1,holdout
2026-04-29,KBS:HNX:PLC,PLC,1,holdout
2026-04-29,KBS:HNX:PMB,PMB,1,holdout
2026-04-29,KBS:HNX:PMC,PMC,1,holdout
2026-04-29,KBS:HNX:PMP,PMP,1,holdout
2026-04-29,KBS:HNX:PMS,PMS,1,holdout
2026-04-29,KBS:HNX:POT,POT,1,holdout
2026-04-29,KBS:HNX:PPE,PPE,1,holdout
2026-04-29,KBS:HNX:PPP,PPP,1,holdout
2026-04-29,KBS:HNX:PPS,PPS,1,holdout
2026-04-29,KBS:HNX:PPT,PPT,1,holdout
2026-04-29,KBS:HNX:PPY,PPY,1,holdout
2026-04-29,KBS:HNX:PRC,PRC,1,holdout
2026-04-29,KBS:HNX:PRE,PRE,1,holdout
2026-04-29,KBS:HNX:PSD,PSD,1,holdout
2026-04-29,KBS:HNX:PSE,PSE,1,holdout
2026-04-29,KBS:HNX:PSI,PSI,1,holdout
2026-04-29,KBS:HNX:PSW,PSW,1,holdout
2026-04-29,KBS:HNX:PTD,PTD,1,holdout
2026-04-29,KBS:HNX:PTS,PTS,1,holdout
2026-04-29,KBS:HNX:PTX,PTX,1,holdout
2026-04-29,KBS:HNX:PV2,PV2,1,holdout
2026-04-29,KBS:HNX:PVB,PVB,1,holdout
2026-04-29,KBS:HNX:PVC,PVC,1,holdout
2026-04-29,KBS:HNX:PVG,PVG,1,holdout
2026-04-29,KBS:HNX:PVI,PVI,1,holdout
2026-04-29,KBS:HNX:QST,QST,1,holdout
2026-04-29,KBS:HNX:QTC,QTC,1,holdout
2026-04-29,KBS:HNX:S55,S55,1,holdout
2026-04-29,KBS:HNX:S99,S99,1,holdout
2026-04-29,KBS:HNX:SAF,SAF,1,holdout
2026-04-29,KBS:HNX:SCG,SCG,1,holdout
2026-04-29,KBS:HNX:SCI,SCI,1,holdout
2026-04-29,KBS:HNX:SD5,SD5,1,holdout
2026-04-29,KBS:HNX:SD9,SD9,1,holdout
2026-04-29,KBS:HNX:SDG,SDG,1,holdout
2026-04-29,KBS:HNX:SDN,SDN,1,holdout
2026-04-29,KBS:HNX:SDU,SDU,1,holdout
2026-04-29,KBS:HNX:SEB,SEB,1,holdout
2026-04-29,KBS:HNX:SED,SED,1,holdout
2026-04-29,KBS:HNX:SFN,SFN,1,holdout
2026-04-29,KBS:HNX:SGC,SGC,1,holdout
2026-04-29,KBS:HNX:SGD,SGD,1,holdout
2026-04-29,KBS:HNX:SGH,SGH,1,holdout
2026-04-29,KBS:HNX:SHE,SHE,1,holdout
2026-04-29,KBS:HNX:SHS,SHS,0,holdout
2026-04-29,KBS:HNX:SJ1,SJ1,1,holdout
2026-04-29,KBS:HNX:SJE,SJE,1,holdout
2026-04-29,KBS:HNX:SLS,SLS,1,holdout
2026-04-29,KBS:HNX:SMN,SMN,1,holdout
2026-04-29,KBS:HNX:STC,STC,1,holdout
2026-04-29,KBS:HNX:STP,STP,1,holdout
2026-04-29,KBS:HNX:SVN,SVN,1,holdout
2026-04-29,KBS:HNX:TA9,TA9,1,holdout
2026-04-29,KBS:HNX:TDT,TDT,1,holdout
2026-04-29,KBS:HNX:THD,THD,1,holdout
2026-04-29,KBS:HNX:THS,THS,1,holdout
2026-04-29,KBS:HNX:THT,THT,1,holdout
2026-04-29,KBS:HNX:TIG,TIG,1,holdout
2026-04-29,KBS:HNX:TKU,TKU,1,holdout
2026-04-29,KBS:HNX:TMB,TMB,1,holdout
2026-04-29,KBS:HNX:TMX,TMX,1,holdout
2026-04-29,KBS:HNX:TOT,TOT,1,holdout
2026-04-29,KBS:HNX:TTC,TTC,1,holdout
2026-04-29,KBS:HNX:TTH,TTH,1,holdout
2026-04-29,KBS:HNX:TTT,TTT,1,holdout
2026-04-29,KBS:HNX:TV3,TV3,1,holdout
2026-04-29,KBS:HNX:TVC,TVC,1,holdout
2026-04-29,KBS:HNX:TVD,TVD,1,holdout
2026-04-29,KBS:HNX:UNI,UNI,1,holdout
2026-04-29,KBS:HNX:V12,V12,1,holdout
2026-04-29,KBS:HNX:V21,V21,1,holdout
2026-04-29,KBS:HNX:VBC,VBC,1,holdout
2026-04-29,KBS:HNX:VC1,VC1,1,holdout
2026-04-29,KBS:HNX:VC7,VC7,1,holdout
2026-04-29,KBS:HNX:VC9,VC9,1,holdout
2026-04-29,KBS:HNX:VCC,VCC,1,holdout
2026-04-29,KBS:HNX:VCM,VCM,1,holdout
2026-04-29,KBS:HNX:VCS,VCS,1,holdout
2026-04-29,KBS:HNX:VDL,VDL,1,holdout
2026-04-29,KBS:HNX:VE3,VE3,1,holdout
2026-04-29,KBS:HNX:VFS,VFS,1,holdout
2026-04-29,KBS:HNX:VGP,VGP,1,holdout
2026-04-29,KBS:HNX:VGS,VGS,1,holdout
2026-04-29,KBS:HNX:VHE,VHE,1,holdout
2026-04-29,KBS:HNX:VHL,VHL,1,holdout
2026-04-29,KBS:HNX:VIG,VIG,1,holdout
2026-04-29,KBS:HNX:VIT,VIT,1,holdout
2026-04-29,KBS:HNX:VMC,VMC,1,holdout
2026-04-29,KBS:HNX:VNF,VNF,1,holdout
2026-04-29,KBS:HNX:VNT,VNT,1,holdout
2026-04-29,KBS:HNX:VSA,VSA,1,holdout
2026-04-29,KBS:HNX:VTC,VTC,1,holdout
2026-04-29,KBS:HNX:VTH,VTH,1,holdout
2026-04-29,KBS:HNX:VTV,VTV,1,holdout
2026-04-29,KBS:HNX:VTZ,VTZ,1,holdout
2026-04-29,KBS:HNX:WSS,WSS,1,holdout
2026-04-29,KBS:HNX:X20,X20,1,holdout
2026-04-29,KBS:HOSE:AAM,AAM,1,holdout
2026-04-29,KBS:HOSE:AAT,AAT,1,holdout
2026-04-29,KBS:HOSE:ABR,ABR,1,holdout
2026-04-29,KBS:HOSE:ABS,ABS,1,holdout
2026-04-29,KBS:HOSE:ABT,ABT,1,holdout
2026-04-29,KBS:HOSE:ACC,ACC,1,holdout
2026-04-29,KBS:HOSE:ACG,ACG,1,holdout
2026-04-29,KBS:HOSE:ACL,ACL,1,holdout
2026-04-29,KBS:HOSE:ADG,ADG,1,holdout
2026-04-29,KBS:HOSE:ADP,ADP,1,holdout
2026-04-29,KBS:HOSE:ADS,ADS,1,holdout
2026-04-29,KBS:HOSE:AGG,AGG,1,holdout
2026-04-29,KBS:HOSE:AGR,AGR,1,holdout
2026-04-29,KBS:HOSE:ANV,ANV,1,holdout
2026-04-29,KBS:HOSE:APG,APG,1,holdout
2026-04-29,KBS:HOSE:APH,APH,1,holdout
2026-04-29,KBS:HOSE:ASG,ASG,1,holdout
2026-04-29,KBS:HOSE:ASM,ASM,1,holdout
2026-04-29,KBS:HOSE:ASP,ASP,1,holdout
2026-04-29,KBS:HOSE:AST,AST,1,holdout
2026-04-29,KBS:HOSE:BAF,BAF,1,holdout
2026-04-29,KBS:HOSE:BCE,BCE,1,holdout
2026-04-29,KBS:HOSE:BCM,BCM,1,holdout
2026-04-29,KBS:HOSE:BFC,BFC,1,holdout
2026-04-29,KBS:HOSE:BHN,BHN,1,holdout
2026-04-29,KBS:HOSE:BIC,BIC,1,holdout
2026-04-29,KBS:HOSE:BKG,BKG,1,holdout
2026-04-29,KBS:HOSE:BMI,BMI,1,holdout
2026-04-29,KBS:HOSE:BRC,BRC,1,holdout
2026-04-29,KBS:HOSE:BSI,BSI,1,holdout
2026-04-29,KBS:HOSE:BSR,BSR,0,holdout
2026-04-29,KBS:HOSE:BTP,BTP,1,holdout
2026-04-29,KBS:HOSE:BVH,BVH,1,holdout
2026-04-29,KBS:HOSE:C32,C32,1,holdout
2026-04-29,KBS:HOSE:CCI,CCI,1,holdout
2026-04-29,KBS:HOSE:CCL,CCL,1,holdout
2026-04-29,KBS:HOSE:CDC,CDC,1,holdout
2026-04-29,KBS:HOSE:CHP,CHP,1,holdout
2026-04-29,KBS:HOSE:CIG,CIG,1,holdout
2026-04-29,KBS:HOSE:CII,CII,0,holdout
2026-04-29,KBS:HOSE:CKG,CKG,1,holdout
2026-04-29,KBS:HOSE:CLC,CLC,1,holdout
2026-04-29,KBS:HOSE:CLW,CLW,1,holdout
2026-04-29,KBS:HOSE:CMV,CMV,1,holdout
2026-04-29,KBS:HOSE:CMX,CMX,1,holdout
2026-04-29,KBS:HOSE:CNG,CNG,1,holdout
2026-04-29,KBS:HOSE:COM,COM,1,holdout
2026-04-29,KBS:HOSE:CRC,CRC,1,holdout
2026-04-29,KBS:HOSE:CRE,CRE,1,holdout
2026-04-29,KBS:HOSE:CSM,CSM,1,holdout
2026-04-29,KBS:HOSE:CSV,CSV,1,holdout
2026-04-29,KBS:HOSE:CTD,CTD,1,holdout
2026-04-29,KBS:HOSE:CTF,CTF,1,holdout
2026-04-29,KBS:HOSE:CTI,CTI,1,holdout
2026-04-29,KBS:HOSE:CTR,CTR,1,holdout
2026-04-29,KBS:HOSE:CTS,CTS,1,holdout
2026-04-29,KBS:HOSE:CVT,CVT,1,holdout
2026-04-29,KBS:HOSE:D2D,D2D,1,holdout
2026-04-29,KBS:HOSE:DAH,DAH,1,holdout
2026-04-29,KBS:HOSE:DBC,DBC,1,holdout
2026-04-29,KBS:HOSE:DBD,DBD,1,holdout
2026-04-29,KBS:HOSE:DC4,DC4,1,holdout
2026-04-29,KBS:HOSE:DCL,DCL,1,holdout
2026-04-29,KBS:HOSE:DCM,DCM,1,holdout
2026-04-29,KBS:HOSE:DGC,DGC,1,holdout
2026-04-29,KBS:HOSE:DGW,DGW,1,holdout
2026-04-29,KBS:HOSE:DHA,DHA,1,holdout
2026-04-29,KBS:HOSE:DHC,DHC,1,holdout
2026-04-29,KBS:HOSE:DLG,DLG,1,holdout
2026-04-29,KBS:HOSE:DMC,DMC,1,holdout
2026-04-29,KBS:HOSE:DPG,DPG,1,holdout
2026-04-29,KBS:HOSE:DQC,DQC,1,holdout
2026-04-29,KBS:HOSE:DRC,DRC,1,holdout
2026-04-29,KBS:HOSE:DRH,DRH,1,holdout
2026-04-29,KBS:HOSE:DSC,DSC,1,holdout
2026-04-29,KBS:HOSE:DSN,DSN,1,holdout
2026-04-29,KBS:HOSE:DTA,DTA,1,holdout
2026-04-29,KBS:HOSE:DTL,DTL,1,holdout
2026-04-29,KBS:HOSE:DTT,DTT,1,holdout
2026-04-29,KBS:HOSE:DVP,DVP,1,holdout
2026-04-29,KBS:HOSE:DXG,DXG,1,holdout
2026-04-29,KBS:HOSE:DXS,DXS,1,holdout
2026-04-29,KBS:HOSE:DXV,DXV,1,holdout
2026-04-29,KBS:HOSE:EIB,EIB,0,holdout
2026-04-29,KBS:HOSE:ELC,ELC,1,holdout
2026-04-29,KBS:HOSE:EVE,EVE,1,holdout
2026-04-29,KBS:HOSE:EVF,EVF,1,holdout
2026-04-29,KBS:HOSE:EVG,EVG,1,holdout
2026-04-29,KBS:HOSE:FCM,FCM,1,holdout
2026-04-29,KBS:HOSE:FCN,FCN,1,holdout
2026-04-29,KBS:HOSE:FDC,FDC,1,holdout
2026-04-29,KBS:HOSE:FIR,FIR,1,holdout
2026-04-29,KBS:HOSE:FIT,FIT,1,holdout
2026-04-29,KBS:HOSE:FMC,FMC,1,holdout
2026-04-29,KBS:HOSE:FPT,FPT,0,holdout
2026-04-29,KBS:HOSE:FRT,FRT,1,holdout
2026-04-29,KBS:HOSE:FTS,FTS,1,holdout
2026-04-29,KBS:HOSE:GAS,GAS,1,holdout
2026-04-29,KBS:HOSE:GDT,GDT,1,holdout
2026-04-29,KBS:HOSE:GEE,GEE,1,holdout
2026-04-29,KBS:HOSE:GEG,GEG,1,holdout
2026-04-29,KBS:HOSE:GIL,GIL,1,holdout
2026-04-29,KBS:HOSE:GMD,GMD,1,holdout
2026-04-29,KBS:HOSE:GMH,GMH,1,holdout
2026-04-29,KBS:HOSE:GTA,GTA,1,holdout
2026-04-29,KBS:HOSE:HAG,HAG,1,holdout
2026-04-29,KBS:HOSE:HAP,HAP,1,holdout
2026-04-29,KBS:HOSE:HAR,HAR,1,holdout
2026-04-29,KBS:HOSE:HAS,HAS,1,holdout
2026-04-29,KBS:HOSE:HAX,HAX,1,holdout
2026-04-29,KBS:HOSE:HCD,HCD,1,holdout
2026-04-29,KBS:HOSE:HCM,HCM,0,holdout
2026-04-29,KBS:HOSE:HDC,HDC,1,holdout
2026-04-29,KBS:HOSE:HDG,HDG,1,holdout
2026-04-29,KBS:HOSE:HHP,HHP,1,holdout
2026-04-29,KBS:HOSE:HHV,HHV,1,holdout
2026-04-29,KBS:HOSE:HID,HID,1,holdout
2026-04-29,KBS:HOSE:HII,HII,1,holdout
2026-04-29,KBS:HOSE:HMC,HMC,1,holdout
2026-04-29,KBS:HOSE:HPX,HPX,1,holdout
2026-04-29,KBS:HOSE:HQC,HQC,1,holdout
2026-04-29,KBS:HOSE:HRC,HRC,1,holdout
2026-04-29,KBS:HOSE:HSG,HSG,1,holdout
2026-04-29,KBS:HOSE:HSL,HSL,1,holdout
2026-04-29,KBS:HOSE:HTG,HTG,1,holdout
2026-04-29,KBS:HOSE:HTI,HTI,1,holdout
2026-04-29,KBS:HOSE:HTL,HTL,1,holdout
2026-04-29,KBS:HOSE:HTN,HTN,1,holdout
2026-04-29,KBS:HOSE:HTV,HTV,1,holdout
2026-04-29,KBS:HOSE:HU1,HU1,1,holdout
2026-04-29,KBS:HOSE:HUB,HUB,1,holdout
2026-04-29,KBS:HOSE:HVN,HVN,1,holdout
2026-04-29,KBS:HOSE:ICT,ICT,1,holdout
2026-04-29,KBS:HOSE:IJC,IJC,1,holdout
2026-04-29,KBS:HOSE:ILB,ILB,1,holdout
2026-04-29,KBS:HOSE:ITC,ITC,1,holdout
2026-04-29,KBS:HOSE:ITD,ITD,1,holdout
2026-04-29,KBS:HOSE:JVC,JVC,1,holdout
2026-04-29,KBS:HOSE:KBC,KBC,1,holdout
2026-04-29,KBS:HOSE:KDC,KDC,1,holdout
2026-04-29,KBS:HOSE:KDH,KDH,1,holdout
2026-04-29,KBS:HOSE:KHG,KHG,1,holdout
2026-04-29,KBS:HOSE:KHP,KHP,1,holdout
2026-04-29,KBS:HOSE:KMR,KMR,1,holdout
2026-04-29,KBS:HOSE:KOS,KOS,1,holdout
2026-04-29,KBS:HOSE:KSB,KSB,1,holdout
2026-04-29,KBS:HOSE:L10,L10,1,holdout
2026-04-29,KBS:HOSE:LAF,LAF,1,holdout
2026-04-29,KBS:HOSE:LBM,LBM,1,holdout
2026-04-29,KBS:HOSE:LCG,LCG,1,holdout
2026-04-29,KBS:HOSE:LDG,LDG,1,holdout
2026-04-29,KBS:HOSE:LGL,LGL,1,holdout
2026-04-29,KBS:HOSE:LHG,LHG,1,holdout
2026-04-29,KBS:HOSE:LIX,LIX,1,holdout
2026-04-29,KBS:HOSE:LM8,LM8,1,holdout
2026-04-29,KBS:HOSE:LPB,LPB,1,holdout
2026-04-29,KBS:HOSE:LSS,LSS,1,holdout
2026-04-29,KBS:HOSE:MBB,MBB,0,holdout
2026-04-29,KBS:HOSE:MCM,MCM,1,holdout
2026-04-29,KBS:HOSE:MCP,MCP,1,holdout
2026-04-29,KBS:HOSE:MDG,MDG,1,holdout
2026-04-29,KBS:HOSE:MHC,MHC,1,holdout
2026-04-29,KBS:HOSE:MIG,MIG,1,holdout
2026-04-29,KBS:HOSE:MSB,MSB,1,holdout
2026-04-29,KBS:HOSE:MSH,MSH,1,holdout
2026-04-29,KBS:HOSE:MWG,MWG,0,holdout
2026-04-29,KBS:HOSE:NAB,NAB,1,holdout
2026-04-29,KBS:HOSE:NAF,NAF,1,holdout
2026-04-29,KBS:HOSE:NAV,NAV,1,holdout
2026-04-29,KBS:HOSE:NBB,NBB,1,holdout
2026-04-29,KBS:HOSE:NCT,NCT,1,holdout
2026-04-29,KBS:HOSE:NHA,NHA,1,holdout
2026-04-29,KBS:HOSE:NHT,NHT,1,holdout
2026-04-29,KBS:HOSE:NKG,NKG,1,holdout
2026-04-29,KBS:HOSE:NLG,NLG,1,holdout
2026-04-29,KBS:HOSE:NNC,NNC,1,holdout
2026-04-29,KBS:HOSE:NO1,NO1,1,holdout
2026-04-29,KBS:HOSE:NTL,NTL,1,holdout
2026-04-29,KBS:HOSE:NVL,NVL,0,holdout
2026-04-29,KBS:HOSE:NVT,NVT,1,holdout
2026-04-29,KBS:HOSE:OCB,OCB,1,holdout
2026-04-29,KBS:HOSE:OGC,OGC,1,holdout
2026-04-29,KBS:HOSE:OPC,OPC,1,holdout
2026-04-29,KBS:HOSE:ORS,ORS,1,holdout
2026-04-29,KBS:HOSE:PAC,PAC,1,holdout
2026-04-29,KBS:HOSE:PAN,PAN,1,holdout
2026-04-29,KBS:HOSE:PDN,PDN,1,holdout
2026-04-29,KBS:HOSE:PDR,PDR,1,holdout
2026-04-29,KBS:HOSE:PGC,PGC,1,holdout
2026-04-29,KBS:HOSE:PGD,PGD,1,holdout
2026-04-29,KBS:HOSE:PGI,PGI,1,holdout
2026-04-29,KBS:HOSE:PGV,PGV,1,holdout
2026-04-29,KBS:HOSE:PHR,PHR,1,holdout
2026-04-29,KBS:HOSE:PIT,PIT,1,holdout
2026-04-29,KBS:HOSE:PJT,PJT,1,holdout
2026-04-29,KBS:HOSE:PLP,PLP,1,holdout
2026-04-29,KBS:HOSE:PLX,PLX,1,holdout
2026-04-29,KBS:HOSE:PNC,PNC,1,holdout
2026-04-29,KBS:HOSE:PNJ,PNJ,1,holdout
2026-04-29,KBS:HOSE:PTB,PTB,1,holdout
2026-04-29,KBS:HOSE:PTC,PTC,1,holdout
2026-04-29,KBS:HOSE:PTL,PTL,1,holdout
2026-04-29,KBS:HOSE:PVP,PVP,1,holdout
2026-04-29,KBS:HOSE:PVT,PVT,1,holdout
2026-04-29,KBS:HOSE:QCG,QCG,1,holdout
2026-04-29,KBS:HOSE:RAL,RAL,1,holdout
2026-04-29,KBS:HOSE:S4A,S4A,1,holdout
2026-04-29,KBS:HOSE:SAB,SAB,1,holdout
2026-04-29,KBS:HOSE:SAM,SAM,1,holdout
2026-04-29,KBS:HOSE:SAV,SAV,1,holdout
2026-04-29,KBS:HOSE:SBA,SBA,1,holdout
2026-04-29,KBS:HOSE:SBV,SBV,1,holdout
2026-04-29,KBS:HOSE:SC5,SC5,1,holdout
2026-04-29,KBS:HOSE:SCR,SCR,1,holdout
2026-04-29,KBS:HOSE:SCS,SCS,1,holdout
2026-04-29,KBS:HOSE:SFC,SFC,1,holdout
2026-04-29,KBS:HOSE:SFI,SFI,1,holdout
2026-04-29,KBS:HOSE:SGR,SGR,1,holdout
2026-04-29,KBS:HOSE:SGT,SGT,1,holdout
2026-04-29,KBS:HOSE:SHA,SHA,1,holdout
2026-04-29,KBS:HOSE:SHB,SHB,0,holdout
2026-04-29,KBS:HOSE:SHI,SHI,1,holdout
2026-04-29,KBS:HOSE:SHP,SHP,1,holdout
2026-04-29,KBS:HOSE:SIP,SIP,1,holdout
2026-04-29,KBS:HOSE:SJD,SJD,1,holdout
2026-04-29,KBS:HOSE:SJS,SJS,1,holdout
2026-04-29,KBS:HOSE:SMA,SMA,1,holdout
2026-04-29,KBS:HOSE:SMB,SMB,1,holdout
2026-04-29,KBS:HOSE:SMC,SMC,1,holdout
2026-04-29,KBS:HOSE:SPM,SPM,1,holdout
2026-04-29,KBS:HOSE:SRC,SRC,1,holdout
2026-04-29,KBS:HOSE:SRF,SRF,1,holdout
2026-04-29,KBS:HOSE:SSB,SSB,1,holdout
2026-04-29,KBS:HOSE:SSC,SSC,1,holdout
2026-04-29,KBS:HOSE:STB,STB,0,holdout
2026-04-29,KBS:HOSE:STG,STG,1,holdout
2026-04-29,KBS:HOSE:STK,STK,1,holdout
2026-04-29,KBS:HOSE:SVC,SVC,1,holdout
2026-04-29,KBS:HOSE:SVT,SVT,1,holdout
2026-04-29,KBS:HOSE:SZC,SZC,1,holdout
2026-04-29,KBS:HOSE:SZL,SZL,1,holdout
2026-04-29,KBS:HOSE:TCB,TCB,0,holdout
2026-04-29,KBS:HOSE:TCI,TCI,1,holdout
2026-04-29,KBS:HOSE:TCL,TCL,1,holdout
2026-04-29,KBS:HOSE:TCM,TCM,1,holdout
2026-04-29,KBS:HOSE:TCO,TCO,1,holdout
2026-04-29,KBS:HOSE:TCR,TCR,1,holdout
2026-04-29,KBS:HOSE:TDC,TDC,1,holdout
2026-04-29,KBS:HOSE:TDG,TDG,1,holdout
2026-04-29,KBS:HOSE:TDP,TDP,1,holdout
2026-04-29,KBS:HOSE:TDW,TDW,1,holdout
2026-04-29,KBS:HOSE:TEG,TEG,1,holdout
2026-04-29,KBS:HOSE:THG,THG,1,holdout
2026-04-29,KBS:UPCOM:AAV,AAV,1,holdout
2026-04-29,KBS:UPCOM:ABB,ABB,1,holdout
2026-04-29,KBS:UPCOM:ABI,ABI,1,holdout
2026-04-29,KBS:UPCOM:AMS,AMS,1,holdout
2026-04-29,KBS:UPCOM:CC1,CC1,1,holdout
2026-04-29,KBS:UPCOM:CQN,CQN,1,holdout
2026-04-29,KBS:UPCOM:DDG,DDG,1,holdout
2026-04-29,KBS:UPCOM:DDV,DDV,1,holdout
2026-04-29,KBS:UPCOM:DGT,DGT,1,holdout
2026-04-29,KBS:UPCOM:DTI,DTI,1,holdout
2026-04-29,KBS:UPCOM:EIN,EIN,1,holdout
2026-04-29,KBS:UPCOM:FIC,FIC,1,holdout
2026-04-29,KBS:UPCOM:GPC,GPC,1,holdout
2026-04-29,KBS:UPCOM:HBC,HBC,1,holdout
2026-04-29,KBS:UPCOM:HD6,HD6,1,holdout
2026-04-29,KBS:UPCOM:HHG,HHG,1,holdout
2026-04-29,KBS:UPCOM:HNG,HNG,1,holdout
2026-04-29,KBS:UPCOM:HNM,HNM,1,holdout
2026-04-29,KBS:UPCOM:MFS,MFS,1,holdout
2026-04-29,KBS:UPCOM:ODE,ODE,1,holdout
2026-04-29,KBS:UPCOM:PFL,PFL,1,holdout
2026-04-29,KBS:UPCOM:SSG,SSG,1,holdout
2026-04-29,KBS:UPCOM:TCD,TCD,1,holdout
2026-04-29,KBS:UPCOM:TIS,TIS,1,holdout
2026-04-29,KBS:UPCOM:UDC,UDC,1,holdout
2026-04-29,KBS:UPCOM:VHG,VHG,1,holdout
2026-04-29,KBS:UPCOM:VLG,VLG,1,holdout
2026-04-29,KBS:UPCOM:VNB,VNB,1,holdout
2026-05-29,KBS:HNX:ADC,ADC,1,holdout
2026-05-29,KBS:HNX:ALT,ALT,1,holdout
2026-05-29,KBS:HNX:AMC,AMC,1,holdout
2026-05-29,KBS:HNX:AME,AME,1,holdout
2026-05-29,KBS:HNX:API,API,1,holdout
2026-05-29,KBS:HNX:APS,APS,1,holdout
2026-05-29,KBS:HNX:ARM,ARM,1,holdout
2026-05-29,KBS:HNX:ATS,ATS,1,holdout
2026-05-29,KBS:HNX:BAB,BAB,1,holdout
2026-05-29,KBS:HNX:BAX,BAX,1,holdout
2026-05-29,KBS:HNX:BBS,BBS,1,holdout
2026-05-29,KBS:HNX:BCF,BCF,1,holdout
2026-05-29,KBS:HNX:BKC,BKC,1,holdout
2026-05-29,KBS:HNX:BNA,BNA,1,holdout
2026-05-29,KBS:HNX:BPC,BPC,1,holdout
2026-05-29,KBS:HNX:BTS,BTS,1,holdout
2026-05-29,KBS:HNX:BTW,BTW,1,holdout
2026-05-29,KBS:HNX:BVS,BVS,1,holdout
2026-05-29,KBS:HNX:BXH,BXH,1,holdout
2026-05-29,KBS:HNX:C69,C69,1,holdout
2026-05-29,KBS:HNX:CAG,CAG,1,holdout
2026-05-29,KBS:HNX:CAN,CAN,1,holdout
2026-05-29,KBS:HNX:CAP,CAP,1,holdout
2026-05-29,KBS:HNX:CCR,CCR,1,holdout
2026-05-29,KBS:HNX:CDN,CDN,1,holdout
2026-05-29,KBS:HNX:CEO,CEO,1,holdout
2026-05-29,KBS:HNX:CET,CET,1,holdout
2026-05-29,KBS:HNX:CIA,CIA,1,holdout
2026-05-29,KBS:HNX:CJC,CJC,1,holdout
2026-05-29,KBS:HNX:CKV,CKV,1,holdout
2026-05-29,KBS:HNX:CLH,CLH,1,holdout
2026-05-29,KBS:HNX:CLM,CLM,1,holdout
2026-05-29,KBS:HNX:CMC,CMC,1,holdout
2026-05-29,KBS:HNX:CMS,CMS,1,holdout
2026-05-29,KBS:HNX:CPC,CPC,1,holdout
2026-05-29,KBS:HNX:CSC,CSC,1,holdout
2026-05-29,KBS:HNX:CST,CST,1,holdout
2026-05-29,KBS:HNX:CTB,CTB,1,holdout
2026-05-29,KBS:HNX:CTP,CTP,1,holdout
2026-05-29,KBS:HNX:CTT,CTT,1,holdout
2026-05-29,KBS:HNX:CX8,CX8,1,holdout
2026-05-29,KBS:HNX:D11,D11,1,holdout
2026-05-29,KBS:HNX:DAD,DAD,1,holdout
2026-05-29,KBS:HNX:DAE,DAE,1,holdout
2026-05-29,KBS:HNX:DC2,DC2,1,holdout
2026-05-29,KBS:HNX:DHP,DHP,1,holdout
2026-05-29,KBS:HNX:DIH,DIH,1,holdout
2026-05-29,KBS:HNX:DL1,DL1,1,holdout
2026-05-29,KBS:HNX:DNC,DNC,1,holdout
2026-05-29,KBS:HNX:DNP,DNP,1,holdout
2026-05-29,KBS:HNX:DP3,DP3,1,holdout
2026-05-29,KBS:HNX:DS3,DS3,1,holdout
2026-05-29,KBS:HNX:DST,DST,1,holdout
2026-05-29,KBS:HNX:DTD,DTD,1,holdout
2026-05-29,KBS:HNX:DTK,DTK,1,holdout
2026-05-29,KBS:HNX:DVM,DVM,1,holdout
2026-05-29,KBS:HNX:EBS,EBS,1,holdout
2026-05-29,KBS:HNX:ECI,ECI,1,holdout
2026-05-29,KBS:HNX:EID,EID,1,holdout
2026-05-29,KBS:HNX:EVS,EVS,1,holdout
2026-05-29,KBS:HNX:GDW,GDW,1,holdout
2026-05-29,KBS:HNX:GKM,GKM,1,holdout
2026-05-29,KBS:HNX:GLT,GLT,1,holdout
2026-05-29,KBS:HNX:GMX,GMX,1,holdout
2026-05-29,KBS:HNX:HAD,HAD,1,holdout
2026-05-29,KBS:HNX:HAT,HAT,1,holdout
2026-05-29,KBS:HNX:HBS,HBS,1,holdout
2026-05-29,KBS:HNX:HCC,HCC,1,holdout
2026-05-29,KBS:HNX:HDA,HDA,1,holdout
2026-05-29,KBS:HNX:HEV,HEV,1,holdout
2026-05-29,KBS:HNX:HGM,HGM,1,holdout
2026-05-29,KBS:HNX:HHC,HHC,1,holdout
2026-05-29,KBS:HNX:HJS,HJS,1,holdout
2026-05-29,KBS:HNX:HKT,HKT,1,holdout
2026-05-29,KBS:HNX:HLC,HLC,1,holdout
2026-05-29,KBS:HNX:HLD,HLD,1,holdout
2026-05-29,KBS:HNX:HMH,HMH,1,holdout
2026-05-29,KBS:HNX:HMR,HMR,1,holdout
2026-05-29,KBS:HNX:HTC,HTC,1,holdout
2026-05-29,KBS:HNX:HUT,HUT,1,holdout
2026-05-29,KBS:HNX:HVT,HVT,1,holdout
2026-05-29,KBS:HNX:ICG,ICG,1,holdout
2026-05-29,KBS:HNX:IDC,IDC,1,holdout
2026-05-29,KBS:HNX:IDJ,IDJ,1,holdout
2026-05-29,KBS:HNX:IDV,IDV,1,holdout
2026-05-29,KBS:HNX:INC,INC,1,holdout
2026-05-29,KBS:HNX:INN,INN,1,holdout
2026-05-29,KBS:HNX:IPA,IPA,1,holdout
2026-05-29,KBS:HNX:IVS,IVS,1,holdout
2026-05-29,KBS:HNX:KDM,KDM,1,holdout
2026-05-29,KBS:HNX:KHS,KHS,1,holdout
2026-05-29,KBS:HNX:KKC,KKC,1,holdout
2026-05-29,KBS:HNX:KSD,KSD,1,holdout
2026-05-29,KBS:HNX:KSF,KSF,1,holdout
2026-05-29,KBS:HNX:KST,KST,1,holdout
2026-05-29,KBS:HNX:KSV,KSV,1,holdout
2026-05-29,KBS:HNX:KTS,KTS,1,holdout
2026-05-29,KBS:HNX:L14,L14,1,holdout
2026-05-29,KBS:HNX:L18,L18,1,holdout
2026-05-29,KBS:HNX:LBE,LBE,1,holdout
2026-05-29,KBS:HNX:LDP,LDP,1,holdout
2026-05-29,KBS:HNX:LHC,LHC,1,holdout
2026-05-29,KBS:HNX:LIG,LIG,1,holdout
2026-05-29,KBS:HNX:MAC,MAC,1,holdout
2026-05-29,KBS:HNX:MAS,MAS,1,holdout
2026-05-29,KBS:HNX:MBG,MBG,1,holdout
2026-05-29,KBS:HNX:MCC,MCC,1,holdout
2026-05-29,KBS:HNX:MCF,MCF,1,holdout
2026-05-29,KBS:HNX:MCO,MCO,1,holdout
2026-05-29,KBS:HNX:MDC,MDC,1,holdout
2026-05-29,KBS:HNX:MED,MED,1,holdout
2026-05-29,KBS:HNX:MIC,MIC,1,holdout
2026-05-29,KBS:HNX:MKV,MKV,1,holdout
2026-05-29,KBS:HNX:MST,MST,1,holdout
2026-05-29,KBS:HNX:MVB,MVB,1,holdout
2026-05-29,KBS:HNX:NAG,NAG,1,holdout
2026-05-29,KBS:HNX:NAP,NAP,1,holdout
2026-05-29,KBS:HNX:NBP,NBP,1,holdout
2026-05-29,KBS:HNX:NBW,NBW,1,holdout
2026-05-29,KBS:HNX:NDN,NDN,1,holdout
2026-05-29,KBS:HNX:NET,NET,1,holdout
2026-05-29,KBS:HNX:NFC,NFC,1,holdout
2026-05-29,KBS:HNX:NHC,NHC,1,holdout
2026-05-29,KBS:HNX:NRC,NRC,1,holdout
2026-05-29,KBS:HNX:NSH,NSH,1,holdout
2026-05-29,KBS:HNX:NST,NST,1,holdout
2026-05-29,KBS:HNX:NTH,NTH,1,holdout
2026-05-29,KBS:HNX:NTP,NTP,1,holdout
2026-05-29,KBS:HNX:NVB,NVB,1,holdout
2026-05-29,KBS:HNX:ONE,ONE,1,holdout
2026-05-29,KBS:HNX:PBP,PBP,1,holdout
2026-05-29,KBS:HNX:PCE,PCE,1,holdout
2026-05-29,KBS:HNX:PCH,PCH,1,holdout
2026-05-29,KBS:HNX:PCT,PCT,1,holdout
2026-05-29,KBS:HNX:PDB,PDB,1,holdout
2026-05-29,KBS:HNX:PEN,PEN,1,holdout
2026-05-29,KBS:HNX:PGN,PGN,1,holdout
2026-05-29,KBS:HNX:PGS,PGS,1,holdout
2026-05-29,KBS:HNX:PGT,PGT,1,holdout
2026-05-29,KBS:HNX:PHN,PHN,1,holdout
2026-05-29,KBS:HNX:PIA,PIA,1,holdout
2026-05-29,KBS:HNX:PIC,PIC,1,holdout
2026-05-29,KBS:HNX:PJC,PJC,1,holdout
2026-05-29,KBS:HNX:PLC,PLC,1,holdout
2026-05-29,KBS:HNX:PMB,PMB,1,holdout
2026-05-29,KBS:HNX:PMC,PMC,1,holdout
2026-05-29,KBS:HNX:PMP,PMP,1,holdout
2026-05-29,KBS:HNX:PMS,PMS,1,holdout
2026-05-29,KBS:HNX:POT,POT,1,holdout
2026-05-29,KBS:HNX:PPE,PPE,1,holdout
2026-05-29,KBS:HNX:PPP,PPP,1,holdout
2026-05-29,KBS:HNX:PPS,PPS,1,holdout
2026-05-29,KBS:HNX:PPT,PPT,1,holdout
2026-05-29,KBS:HNX:PPY,PPY,1,holdout
2026-05-29,KBS:HNX:PRC,PRC,1,holdout
2026-05-29,KBS:HNX:PRE,PRE,1,holdout
2026-05-29,KBS:HNX:PSD,PSD,1,holdout
2026-05-29,KBS:HNX:PSE,PSE,1,holdout
2026-05-29,KBS:HNX:PSI,PSI,1,holdout
2026-05-29,KBS:HNX:PSW,PSW,1,holdout
2026-05-29,KBS:HNX:PTD,PTD,1,holdout
2026-05-29,KBS:HNX:PTS,PTS,1,holdout
2026-05-29,KBS:HNX:PTX,PTX,1,holdout
2026-05-29,KBS:HNX:PV2,PV2,1,holdout
2026-05-29,KBS:HNX:PVB,PVB,1,holdout
2026-05-29,KBS:HNX:PVC,PVC,1,holdout
2026-05-29,KBS:HNX:PVG,PVG,1,holdout
2026-05-29,KBS:HNX:PVI,PVI,1,holdout
2026-05-29,KBS:HNX:QST,QST,1,holdout
2026-05-29,KBS:HNX:QTC,QTC,1,holdout
2026-05-29,KBS:HNX:S55,S55,1,holdout
2026-05-29,KBS:HNX:S99,S99,1,holdout
2026-05-29,KBS:HNX:SAF,SAF,1,holdout
2026-05-29,KBS:HNX:SCG,SCG,1,holdout
2026-05-29,KBS:HNX:SCI,SCI,1,holdout
2026-05-29,KBS:HNX:SD5,SD5,1,holdout
2026-05-29,KBS:HNX:SD9,SD9,1,holdout
2026-05-29,KBS:HNX:SDG,SDG,1,holdout
2026-05-29,KBS:HNX:SDN,SDN,1,holdout
2026-05-29,KBS:HNX:SDU,SDU,1,holdout
2026-05-29,KBS:HNX:SEB,SEB,1,holdout
2026-05-29,KBS:HNX:SED,SED,1,holdout
2026-05-29,KBS:HNX:SFN,SFN,1,holdout
2026-05-29,KBS:HNX:SGC,SGC,1,holdout
2026-05-29,KBS:HNX:SGD,SGD,1,holdout
2026-05-29,KBS:HNX:SGH,SGH,1,holdout
2026-05-29,KBS:HNX:SHE,SHE,1,holdout
2026-05-29,KBS:HNX:SHS,SHS,0,holdout
2026-05-29,KBS:HNX:SJ1,SJ1,1,holdout
2026-05-29,KBS:HNX:SJE,SJE,1,holdout
2026-05-29,KBS:HNX:SLS,SLS,1,holdout
2026-05-29,KBS:HNX:SMN,SMN,1,holdout
2026-05-29,KBS:HNX:STC,STC,1,holdout
2026-05-29,KBS:HNX:STP,STP,1,holdout
2026-05-29,KBS:HNX:SVN,SVN,1,holdout
2026-05-29,KBS:HNX:TA9,TA9,1,holdout
2026-05-29,KBS:HNX:TDT,TDT,1,holdout
2026-05-29,KBS:HNX:THD,THD,1,holdout
2026-05-29,KBS:HNX:THS,THS,1,holdout
2026-05-29,KBS:HNX:THT,THT,1,holdout
2026-05-29,KBS:HNX:TIG,TIG,1,holdout
2026-05-29,KBS:HNX:TKU,TKU,1,holdout
2026-05-29,KBS:HNX:TMB,TMB,1,holdout
2026-05-29,KBS:HNX:TMX,TMX,1,holdout
2026-05-29,KBS:HNX:TOT,TOT,1,holdout
2026-05-29,KBS:HNX:TTC,TTC,1,holdout
2026-05-29,KBS:HNX:TTH,TTH,1,holdout
2026-05-29,KBS:HNX:TTT,TTT,1,holdout
2026-05-29,KBS:HNX:TV3,TV3,1,holdout
2026-05-29,KBS:HNX:TVC,TVC,1,holdout
2026-05-29,KBS:HNX:TVD,TVD,1,holdout
2026-05-29,KBS:HNX:UNI,UNI,1,holdout
2026-05-29,KBS:HNX:V12,V12,1,holdout
2026-05-29,KBS:HNX:V21,V21,1,holdout
2026-05-29,KBS:HNX:VBC,VBC,1,holdout
2026-05-29,KBS:HNX:VC1,VC1,1,holdout
2026-05-29,KBS:HNX:VC7,VC7,1,holdout
2026-05-29,KBS:HNX:VC9,VC9,1,holdout
2026-05-29,KBS:HNX:VCC,VCC,1,holdout
2026-05-29,KBS:HNX:VCM,VCM,1,holdout
2026-05-29,KBS:HNX:VCS,VCS,1,holdout
2026-05-29,KBS:HNX:VDL,VDL,1,holdout
2026-05-29,KBS:HNX:VE3,VE3,1,holdout
2026-05-29,KBS:HNX:VFS,VFS,1,holdout
2026-05-29,KBS:HNX:VGP,VGP,1,holdout
2026-05-29,KBS:HNX:VGS,VGS,1,holdout
2026-05-29,KBS:HNX:VHE,VHE,1,holdout
2026-05-29,KBS:HNX:VHL,VHL,1,holdout
2026-05-29,KBS:HNX:VIG,VIG,1,holdout
2026-05-29,KBS:HNX:VIT,VIT,1,holdout
2026-05-29,KBS:HNX:VMC,VMC,1,holdout
2026-05-29,KBS:HNX:VNF,VNF,1,holdout
2026-05-29,KBS:HNX:VNT,VNT,1,holdout
2026-05-29,KBS:HNX:VSA,VSA,1,holdout
2026-05-29,KBS:HNX:VTC,VTC,1,holdout
2026-05-29,KBS:HNX:VTH,VTH,1,holdout
2026-05-29,KBS:HNX:VTV,VTV,1,holdout
2026-05-29,KBS:HNX:VTZ,VTZ,1,holdout
2026-05-29,KBS:HNX:WSS,WSS,1,holdout
2026-05-29,KBS:HNX:X20,X20,1,holdout
2026-05-29,KBS:HOSE:AAM,AAM,1,holdout
2026-05-29,KBS:HOSE:AAT,AAT,1,holdout
2026-05-29,KBS:HOSE:ABR,ABR,1,holdout
2026-05-29,KBS:HOSE:ABS,ABS,1,holdout
2026-05-29,KBS:HOSE:ABT,ABT,1,holdout
2026-05-29,KBS:HOSE:ACC,ACC,1,holdout
2026-05-29,KBS:HOSE:ACG,ACG,1,holdout
2026-05-29,KBS:HOSE:ACL,ACL,1,holdout
2026-05-29,KBS:HOSE:ADG,ADG,1,holdout
2026-05-29,KBS:HOSE:ADP,ADP,1,holdout
2026-05-29,KBS:HOSE:ADS,ADS,1,holdout
2026-05-29,KBS:HOSE:AGG,AGG,1,holdout
2026-05-29,KBS:HOSE:AGR,AGR,1,holdout
2026-05-29,KBS:HOSE:ANV,ANV,1,holdout
2026-05-29,KBS:HOSE:APG,APG,1,holdout
2026-05-29,KBS:HOSE:APH,APH,1,holdout
2026-05-29,KBS:HOSE:ASG,ASG,1,holdout
2026-05-29,KBS:HOSE:ASM,ASM,1,holdout
2026-05-29,KBS:HOSE:ASP,ASP,1,holdout
2026-05-29,KBS:HOSE:AST,AST,1,holdout
2026-05-29,KBS:HOSE:BAF,BAF,1,holdout
2026-05-29,KBS:HOSE:BCE,BCE,1,holdout
2026-05-29,KBS:HOSE:BCM,BCM,1,holdout
2026-05-29,KBS:HOSE:BFC,BFC,1,holdout
2026-05-29,KBS:HOSE:BHN,BHN,1,holdout
2026-05-29,KBS:HOSE:BIC,BIC,1,holdout
2026-05-29,KBS:HOSE:BKG,BKG,1,holdout
2026-05-29,KBS:HOSE:BMI,BMI,1,holdout
2026-05-29,KBS:HOSE:BRC,BRC,1,holdout
2026-05-29,KBS:HOSE:BSI,BSI,1,holdout
2026-05-29,KBS:HOSE:BSR,BSR,0,holdout
2026-05-29,KBS:HOSE:BTP,BTP,1,holdout
2026-05-29,KBS:HOSE:BVH,BVH,1,holdout
2026-05-29,KBS:HOSE:C32,C32,1,holdout
2026-05-29,KBS:HOSE:CCI,CCI,1,holdout
2026-05-29,KBS:HOSE:CCL,CCL,1,holdout
2026-05-29,KBS:HOSE:CDC,CDC,1,holdout
2026-05-29,KBS:HOSE:CHP,CHP,1,holdout
2026-05-29,KBS:HOSE:CIG,CIG,1,holdout
2026-05-29,KBS:HOSE:CII,CII,0,holdout
2026-05-29,KBS:HOSE:CKG,CKG,1,holdout
2026-05-29,KBS:HOSE:CLC,CLC,1,holdout
2026-05-29,KBS:HOSE:CLW,CLW,1,holdout
2026-05-29,KBS:HOSE:CMV,CMV,1,holdout
2026-05-29,KBS:HOSE:CMX,CMX,1,holdout
2026-05-29,KBS:HOSE:CNG,CNG,1,holdout
2026-05-29,KBS:HOSE:COM,COM,1,holdout
2026-05-29,KBS:HOSE:CRC,CRC,1,holdout
2026-05-29,KBS:HOSE:CRE,CRE,1,holdout
2026-05-29,KBS:HOSE:CSM,CSM,1,holdout
2026-05-29,KBS:HOSE:CSV,CSV,1,holdout
2026-05-29,KBS:HOSE:CTD,CTD,1,holdout
2026-05-29,KBS:HOSE:CTF,CTF,1,holdout
2026-05-29,KBS:HOSE:CTI,CTI,1,holdout
2026-05-29,KBS:HOSE:CTR,CTR,1,holdout
2026-05-29,KBS:HOSE:CTS,CTS,1,holdout
2026-05-29,KBS:HOSE:CVT,CVT,1,holdout
2026-05-29,KBS:HOSE:D2D,D2D,1,holdout
2026-05-29,KBS:HOSE:DAH,DAH,1,holdout
2026-05-29,KBS:HOSE:DBC,DBC,1,holdout
2026-05-29,KBS:HOSE:DBD,DBD,1,holdout
2026-05-29,KBS:HOSE:DC4,DC4,1,holdout
2026-05-29,KBS:HOSE:DCL,DCL,1,holdout
2026-05-29,KBS:HOSE:DCM,DCM,1,holdout
2026-05-29,KBS:HOSE:DGC,DGC,1,holdout
2026-05-29,KBS:HOSE:DGW,DGW,1,holdout
2026-05-29,KBS:HOSE:DHA,DHA,1,holdout
2026-05-29,KBS:HOSE:DHC,DHC,1,holdout
2026-05-29,KBS:HOSE:DLG,DLG,1,holdout
2026-05-29,KBS:HOSE:DMC,DMC,1,holdout
2026-05-29,KBS:HOSE:DPG,DPG,1,holdout
2026-05-29,KBS:HOSE:DQC,DQC,1,holdout
2026-05-29,KBS:HOSE:DRC,DRC,1,holdout
2026-05-29,KBS:HOSE:DRH,DRH,1,holdout
2026-05-29,KBS:HOSE:DSC,DSC,1,holdout
2026-05-29,KBS:HOSE:DSN,DSN,1,holdout
2026-05-29,KBS:HOSE:DTA,DTA,1,holdout
2026-05-29,KBS:HOSE:DTL,DTL,1,holdout
2026-05-29,KBS:HOSE:DTT,DTT,1,holdout
2026-05-29,KBS:HOSE:DVP,DVP,1,holdout
2026-05-29,KBS:HOSE:DXG,DXG,0,holdout
2026-05-29,KBS:HOSE:DXS,DXS,1,holdout
2026-05-29,KBS:HOSE:DXV,DXV,1,holdout
2026-05-29,KBS:HOSE:EIB,EIB,1,holdout
2026-05-29,KBS:HOSE:ELC,ELC,1,holdout
2026-05-29,KBS:HOSE:EVE,EVE,1,holdout
2026-05-29,KBS:HOSE:EVF,EVF,1,holdout
2026-05-29,KBS:HOSE:EVG,EVG,1,holdout
2026-05-29,KBS:HOSE:FCM,FCM,1,holdout
2026-05-29,KBS:HOSE:FCN,FCN,1,holdout
2026-05-29,KBS:HOSE:FDC,FDC,1,holdout
2026-05-29,KBS:HOSE:FIR,FIR,1,holdout
2026-05-29,KBS:HOSE:FIT,FIT,1,holdout
2026-05-29,KBS:HOSE:FMC,FMC,1,holdout
2026-05-29,KBS:HOSE:FPT,FPT,0,holdout
2026-05-29,KBS:HOSE:FRT,FRT,1,holdout
2026-05-29,KBS:HOSE:FTS,FTS,1,holdout
2026-05-29,KBS:HOSE:GAS,GAS,1,holdout
2026-05-29,KBS:HOSE:GDT,GDT,1,holdout
2026-05-29,KBS:HOSE:GEE,GEE,1,holdout
2026-05-29,KBS:HOSE:GEG,GEG,1,holdout
2026-05-29,KBS:HOSE:GIL,GIL,1,holdout
2026-05-29,KBS:HOSE:GMD,GMD,1,holdout
2026-05-29,KBS:HOSE:GMH,GMH,1,holdout
2026-05-29,KBS:HOSE:GTA,GTA,1,holdout
2026-05-29,KBS:HOSE:HAG,HAG,1,holdout
2026-05-29,KBS:HOSE:HAP,HAP,1,holdout
2026-05-29,KBS:HOSE:HAR,HAR,1,holdout
2026-05-29,KBS:HOSE:HAS,HAS,1,holdout
2026-05-29,KBS:HOSE:HAX,HAX,1,holdout
2026-05-29,KBS:HOSE:HCD,HCD,1,holdout
2026-05-29,KBS:HOSE:HCM,HCM,0,holdout
2026-05-29,KBS:HOSE:HDC,HDC,1,holdout
2026-05-29,KBS:HOSE:HDG,HDG,1,holdout
2026-05-29,KBS:HOSE:HHP,HHP,1,holdout
2026-05-29,KBS:HOSE:HHV,HHV,1,holdout
2026-05-29,KBS:HOSE:HID,HID,1,holdout
2026-05-29,KBS:HOSE:HII,HII,1,holdout
2026-05-29,KBS:HOSE:HMC,HMC,1,holdout
2026-05-29,KBS:HOSE:HPX,HPX,1,holdout
2026-05-29,KBS:HOSE:HQC,HQC,1,holdout
2026-05-29,KBS:HOSE:HRC,HRC,1,holdout
2026-05-29,KBS:HOSE:HSG,HSG,1,holdout
2026-05-29,KBS:HOSE:HSL,HSL,1,holdout
2026-05-29,KBS:HOSE:HTG,HTG,1,holdout
2026-05-29,KBS:HOSE:HTI,HTI,1,holdout
2026-05-29,KBS:HOSE:HTL,HTL,1,holdout
2026-05-29,KBS:HOSE:HTN,HTN,1,holdout
2026-05-29,KBS:HOSE:HTV,HTV,1,holdout
2026-05-29,KBS:HOSE:HU1,HU1,1,holdout
2026-05-29,KBS:HOSE:HUB,HUB,1,holdout
2026-05-29,KBS:HOSE:HVN,HVN,1,holdout
2026-05-29,KBS:HOSE:ICT,ICT,1,holdout
2026-05-29,KBS:HOSE:IJC,IJC,1,holdout
2026-05-29,KBS:HOSE:ILB,ILB,1,holdout
2026-05-29,KBS:HOSE:ITC,ITC,1,holdout
2026-05-29,KBS:HOSE:ITD,ITD,1,holdout
2026-05-29,KBS:HOSE:JVC,JVC,1,holdout
2026-05-29,KBS:HOSE:KBC,KBC,1,holdout
2026-05-29,KBS:HOSE:KDC,KDC,1,holdout
2026-05-29,KBS:HOSE:KDH,KDH,1,holdout
2026-05-29,KBS:HOSE:KHG,KHG,1,holdout
2026-05-29,KBS:HOSE:KHP,KHP,1,holdout
2026-05-29,KBS:HOSE:KMR,KMR,1,holdout
2026-05-29,KBS:HOSE:KOS,KOS,1,holdout
2026-05-29,KBS:HOSE:KSB,KSB,1,holdout
2026-05-29,KBS:HOSE:L10,L10,1,holdout
2026-05-29,KBS:HOSE:LAF,LAF,1,holdout
2026-05-29,KBS:HOSE:LBM,LBM,1,holdout
2026-05-29,KBS:HOSE:LCG,LCG,1,holdout
2026-05-29,KBS:HOSE:LDG,LDG,1,holdout
2026-05-29,KBS:HOSE:LGL,LGL,1,holdout
2026-05-29,KBS:HOSE:LHG,LHG,1,holdout
2026-05-29,KBS:HOSE:LIX,LIX,1,holdout
2026-05-29,KBS:HOSE:LM8,LM8,1,holdout
2026-05-29,KBS:HOSE:LPB,LPB,1,holdout
2026-05-29,KBS:HOSE:LSS,LSS,1,holdout
2026-05-29,KBS:HOSE:MBB,MBB,0,holdout
2026-05-29,KBS:HOSE:MCM,MCM,1,holdout
2026-05-29,KBS:HOSE:MCP,MCP,1,holdout
2026-05-29,KBS:HOSE:MDG,MDG,1,holdout
2026-05-29,KBS:HOSE:MHC,MHC,1,holdout
2026-05-29,KBS:HOSE:MIG,MIG,1,holdout
2026-05-29,KBS:HOSE:MSB,MSB,0,holdout
2026-05-29,KBS:HOSE:MSH,MSH,1,holdout
2026-05-29,KBS:HOSE:MWG,MWG,0,holdout
2026-05-29,KBS:HOSE:NAB,NAB,1,holdout
2026-05-29,KBS:HOSE:NAF,NAF,1,holdout
2026-05-29,KBS:HOSE:NAV,NAV,1,holdout
2026-05-29,KBS:HOSE:NBB,NBB,1,holdout
2026-05-29,KBS:HOSE:NCT,NCT,1,holdout
2026-05-29,KBS:HOSE:NHA,NHA,1,holdout
2026-05-29,KBS:HOSE:NHT,NHT,1,holdout
2026-05-29,KBS:HOSE:NKG,NKG,1,holdout
2026-05-29,KBS:HOSE:NLG,NLG,1,holdout
2026-05-29,KBS:HOSE:NNC,NNC,1,holdout
2026-05-29,KBS:HOSE:NO1,NO1,1,holdout
2026-05-29,KBS:HOSE:NTL,NTL,1,holdout
2026-05-29,KBS:HOSE:NVL,NVL,0,holdout
2026-05-29,KBS:HOSE:NVT,NVT,1,holdout
2026-05-29,KBS:HOSE:OCB,OCB,1,holdout
2026-05-29,KBS:HOSE:OGC,OGC,1,holdout
2026-05-29,KBS:HOSE:OPC,OPC,1,holdout
2026-05-29,KBS:HOSE:ORS,ORS,1,holdout
2026-05-29,KBS:HOSE:PAC,PAC,1,holdout
2026-05-29,KBS:HOSE:PAN,PAN,1,holdout
2026-05-29,KBS:HOSE:PDN,PDN,1,holdout
2026-05-29,KBS:HOSE:PDR,PDR,1,holdout
2026-05-29,KBS:HOSE:PGC,PGC,1,holdout
2026-05-29,KBS:HOSE:PGD,PGD,1,holdout
2026-05-29,KBS:HOSE:PGI,PGI,1,holdout
2026-05-29,KBS:HOSE:PGV,PGV,1,holdout
2026-05-29,KBS:HOSE:PHR,PHR,1,holdout
2026-05-29,KBS:HOSE:PIT,PIT,1,holdout
2026-05-29,KBS:HOSE:PJT,PJT,1,holdout
2026-05-29,KBS:HOSE:PLP,PLP,1,holdout
2026-05-29,KBS:HOSE:PLX,PLX,1,holdout
2026-05-29,KBS:HOSE:PNC,PNC,1,holdout
2026-05-29,KBS:HOSE:PNJ,PNJ,1,holdout
2026-05-29,KBS:HOSE:PTB,PTB,1,holdout
2026-05-29,KBS:HOSE:PTC,PTC,1,holdout
2026-05-29,KBS:HOSE:PTL,PTL,1,holdout
2026-05-29,KBS:HOSE:PVP,PVP,1,holdout
2026-05-29,KBS:HOSE:PVT,PVT,1,holdout
2026-05-29,KBS:HOSE:QCG,QCG,1,holdout
2026-05-29,KBS:HOSE:RAL,RAL,1,holdout
2026-05-29,KBS:HOSE:S4A,S4A,1,holdout
2026-05-29,KBS:HOSE:SAB,SAB,1,holdout
2026-05-29,KBS:HOSE:SAM,SAM,1,holdout
2026-05-29,KBS:HOSE:SAV,SAV,1,holdout
2026-05-29,KBS:HOSE:SBA,SBA,1,holdout
2026-05-29,KBS:HOSE:SBV,SBV,1,holdout
2026-05-29,KBS:HOSE:SC5,SC5,1,holdout
2026-05-29,KBS:HOSE:SCR,SCR,1,holdout
2026-05-29,KBS:HOSE:SCS,SCS,1,holdout
2026-05-29,KBS:HOSE:SFC,SFC,1,holdout
2026-05-29,KBS:HOSE:SFI,SFI,1,holdout
2026-05-29,KBS:HOSE:SGR,SGR,1,holdout
2026-05-29,KBS:HOSE:SGT,SGT,1,holdout
2026-05-29,KBS:HOSE:SHA,SHA,1,holdout
2026-05-29,KBS:HOSE:SHB,SHB,0,holdout
2026-05-29,KBS:HOSE:SHI,SHI,1,holdout
2026-05-29,KBS:HOSE:SHP,SHP,1,holdout
2026-05-29,KBS:HOSE:SIP,SIP,1,holdout
2026-05-29,KBS:HOSE:SJD,SJD,1,holdout
2026-05-29,KBS:HOSE:SJS,SJS,1,holdout
2026-05-29,KBS:HOSE:SMA,SMA,1,holdout
2026-05-29,KBS:HOSE:SMB,SMB,1,holdout
2026-05-29,KBS:HOSE:SMC,SMC,1,holdout
2026-05-29,KBS:HOSE:SPM,SPM,1,holdout
2026-05-29,KBS:HOSE:SRC,SRC,1,holdout
2026-05-29,KBS:HOSE:SRF,SRF,1,holdout
2026-05-29,KBS:HOSE:SSB,SSB,1,holdout
2026-05-29,KBS:HOSE:SSC,SSC,1,holdout
2026-05-29,KBS:HOSE:STB,STB,0,holdout
2026-05-29,KBS:HOSE:STG,STG,1,holdout
2026-05-29,KBS:HOSE:STK,STK,1,holdout
2026-05-29,KBS:HOSE:SVC,SVC,1,holdout
2026-05-29,KBS:HOSE:SVT,SVT,1,holdout
2026-05-29,KBS:HOSE:SZC,SZC,1,holdout
2026-05-29,KBS:HOSE:SZL,SZL,1,holdout
2026-05-29,KBS:HOSE:TCB,TCB,0,holdout
2026-05-29,KBS:HOSE:TCI,TCI,1,holdout
2026-05-29,KBS:HOSE:TCL,TCL,1,holdout
2026-05-29,KBS:HOSE:TCM,TCM,1,holdout
2026-05-29,KBS:HOSE:TCO,TCO,1,holdout
2026-05-29,KBS:HOSE:TCR,TCR,1,holdout
2026-05-29,KBS:HOSE:TDC,TDC,1,holdout
2026-05-29,KBS:HOSE:TDG,TDG,1,holdout
2026-05-29,KBS:HOSE:TDP,TDP,1,holdout
2026-05-29,KBS:HOSE:TDW,TDW,1,holdout
2026-05-29,KBS:HOSE:TEG,TEG,1,holdout
2026-05-29,KBS:HOSE:THG,THG,1,holdout
2026-05-29,KBS:UPCOM:A32,A32,1,holdout
2026-05-29,KBS:UPCOM:AAS,AAS,1,holdout
2026-05-29,KBS:UPCOM:ABB,ABB,1,holdout
2026-05-29,KBS:UPCOM:ABC,ABC,1,holdout
2026-05-29,KBS:UPCOM:ABI,ABI,1,holdout
2026-05-29,KBS:UPCOM:ACE,ACE,1,holdout
2026-05-29,KBS:UPCOM:ACS,ACS,1,holdout
2026-05-29,KBS:UPCOM:ACV,ACV,1,holdout
2026-05-29,KBS:UPCOM:AG1,AG1,1,holdout
2026-05-29,KBS:UPCOM:AGP,AGP,1,holdout
2026-05-29,KBS:UPCOM:AGX,AGX,1,holdout
2026-05-29,KBS:UPCOM:AIC,AIC,1,holdout
2026-05-29,KBS:UPCOM:ALV,ALV,1,holdout
2026-05-29,KBS:UPCOM:AMP,AMP,1,holdout
2026-05-29,KBS:UPCOM:AMS,AMS,1,holdout
2026-05-29,KBS:UPCOM:APC,APC,1,holdout
2026-05-29,KBS:UPCOM:APF,APF,1,holdout
2026-05-29,KBS:UPCOM:AVC,AVC,1,holdout
2026-05-29,KBS:UPCOM:BAL,BAL,1,holdout
2026-05-29,KBS:UPCOM:BBH,BBH,1,holdout
2026-05-29,KBS:UPCOM:BBM,BBM,1,holdout
2026-05-29,KBS:UPCOM:BBT,BBT,1,holdout
2026-05-29,KBS:UPCOM:BCA,BCA,1,holdout
2026-05-29,KBS:UPCOM:BCB,BCB,1,holdout
2026-05-29,KBS:UPCOM:BCP,BCP,1,holdout
2026-05-29,KBS:UPCOM:BDG,BDG,1,holdout
2026-05-29,KBS:UPCOM:BDT,BDT,1,holdout
2026-05-29,KBS:UPCOM:BDW,BDW,1,holdout
2026-05-29,KBS:UPCOM:BEL,BEL,1,holdout
2026-05-29,KBS:UPCOM:BGW,BGW,1,holdout
2026-05-29,KBS:UPCOM:BHA,BHA,1,holdout
2026-05-29,KBS:UPCOM:BHP,BHP,1,holdout
2026-05-29,KBS:UPCOM:BIG,BIG,1,holdout
2026-05-29,KBS:UPCOM:BIO,BIO,1,holdout
2026-05-29,KBS:UPCOM:BLF,BLF,1,holdout
2026-05-29,KBS:UPCOM:BLI,BLI,1,holdout
2026-05-29,KBS:UPCOM:BLN,BLN,1,holdout
2026-05-29,KBS:UPCOM:BLT,BLT,1,holdout
2026-05-29,KBS:UPCOM:BMD,BMD,1,holdout
2026-05-29,KBS:UPCOM:BMF,BMF,1,holdout
2026-05-29,KBS:UPCOM:BMG,BMG,1,holdout
2026-05-29,KBS:UPCOM:BMJ,BMJ,1,holdout
2026-05-29,KBS:UPCOM:BMS,BMS,1,holdout
2026-05-29,KBS:UPCOM:BMV,BMV,1,holdout
2026-05-29,KBS:UPCOM:BNW,BNW,1,holdout
2026-05-29,KBS:UPCOM:BQB,BQB,1,holdout
2026-05-29,KBS:UPCOM:BRR,BRR,1,holdout
2026-05-29,KBS:UPCOM:BRS,BRS,1,holdout
2026-05-29,KBS:UPCOM:BSD,BSD,1,holdout
2026-05-29,KBS:UPCOM:BSG,BSG,1,holdout
2026-05-29,KBS:UPCOM:BSH,BSH,1,holdout
2026-05-29,KBS:UPCOM:BSL,BSL,1,holdout
2026-05-29,KBS:UPCOM:BSP,BSP,1,holdout
2026-05-29,KBS:UPCOM:BSQ,BSQ,1,holdout
2026-05-29,KBS:UPCOM:BTB,BTB,1,holdout
2026-05-29,KBS:UPCOM:BTD,BTD,1,holdout
2026-05-29,KBS:UPCOM:BTN,BTN,1,holdout
2026-05-29,KBS:UPCOM:BTU,BTU,1,holdout
2026-05-29,KBS:UPCOM:BTV,BTV,1,holdout
2026-05-29,KBS:UPCOM:BVL,BVL,1,holdout
2026-05-29,KBS:UPCOM:BVN,BVN,1,holdout
2026-05-29,KBS:UPCOM:BWA,BWA,1,holdout
2026-05-29,KBS:UPCOM:BWS,BWS,1,holdout
2026-05-29,KBS:UPCOM:C22,C22,1,holdout
2026-05-29,KBS:UPCOM:C4G,C4G,1,holdout
2026-05-29,KBS:UPCOM:C92,C92,1,holdout
2026-05-29,KBS:UPCOM:CAT,CAT,1,holdout
2026-05-29,KBS:UPCOM:CBI,CBI,1,holdout
2026-05-29,KBS:UPCOM:CBS,CBS,1,holdout
2026-05-29,KBS:UPCOM:CC1,CC1,1,holdout
2026-05-29,KBS:UPCOM:CCA,CCA,1,holdout
2026-05-29,KBS:UPCOM:CCM,CCM,1,holdout
2026-05-29,KBS:UPCOM:CCP,CCP,1,holdout
2026-05-29,KBS:UPCOM:CCT,CCT,1,holdout
2026-05-29,KBS:UPCOM:CDP,CDP,1,holdout
2026-05-29,KBS:UPCOM:CDR,CDR,1,holdout
2026-05-29,KBS:UPCOM:CFM,CFM,1,holdout
2026-05-29,KBS:UPCOM:CFV,CFV,1,holdout
2026-05-29,KBS:UPCOM:CH5,CH5,1,holdout
2026-05-29,KBS:UPCOM:CHC,CHC,1,holdout
2026-05-29,KBS:UPCOM:CHS,CHS,1,holdout
2026-05-29,KBS:UPCOM:CI5,CI5,1,holdout
2026-05-29,KBS:UPCOM:CID,CID,1,holdout
2026-05-29,KBS:UPCOM:CKA,CKA,1,holdout
2026-05-29,KBS:UPCOM:CKD,CKD,1,holdout
2026-05-29,KBS:UPCOM:CLX,CLX,1,holdout
2026-05-29,KBS:UPCOM:CMD,CMD,1,holdout
2026-05-29,KBS:UPCOM:CMF,CMF,1,holdout
2026-05-29,KBS:UPCOM:CMM,CMM,1,holdout
2026-05-29,KBS:UPCOM:CMN,CMN,1,holdout
2026-05-29,KBS:UPCOM:CMT,CMT,1,holdout
2026-05-29,KBS:UPCOM:CMW,CMW,1,holdout
2026-05-29,KBS:UPCOM:CNC,CNC,1,holdout
2026-05-29,KBS:UPCOM:CNN,CNN,1,holdout
2026-05-29,KBS:UPCOM:CNT,CNT,1,holdout
2026-05-29,KBS:UPCOM:CQN,CQN,1,holdout
2026-05-29,KBS:UPCOM:CQT,CQT,1,holdout
2026-05-29,KBS:UPCOM:CTW,CTW,1,holdout
2026-05-29,KBS:UPCOM:DAS,DAS,1,holdout
2026-05-29,KBS:UPCOM:DBM,DBM,1,holdout
2026-05-29,KBS:UPCOM:DC1,DC1,1,holdout
2026-05-29,KBS:UPCOM:DCF,DCF,1,holdout
2026-05-29,KBS:UPCOM:DCR,DCR,1,holdout
2026-05-29,KBS:UPCOM:DDG,DDG,1,holdout
2026-05-29,KBS:UPCOM:DDN,DDN,1,holdout
2026-05-29,KBS:UPCOM:DDV,DDV,1,holdout
2026-05-29,KBS:UPCOM:DFC,DFC,1,holdout
2026-05-29,KBS:UPCOM:DGT,DGT,1,holdout
2026-05-29,KBS:UPCOM:DHB,DHB,1,holdout
2026-05-29,KBS:UPCOM:DHD,DHD,1,holdout
2026-05-29,KBS:UPCOM:DHN,DHN,1,holdout
2026-05-29,KBS:UPCOM:DID,DID,1,holdout
2026-05-29,KBS:UPCOM:DKC,DKC,1,holdout
2026-05-29,KBS:UPCOM:DM7,DM7,1,holdout
2026-05-29,KBS:UPCOM:DNA,DNA,1,holdout
2026-05-29,KBS:UPCOM:DND,DND,1,holdout
2026-05-29,KBS:UPCOM:DNE,DNE,1,holdout
2026-05-29,KBS:UPCOM:DNH,DNH,1,holdout
2026-05-29,KBS:UPCOM:DNL,DNL,1,holdout
2026-05-29,KBS:UPCOM:DNM,DNM,1,holdout
2026-05-29,KBS:UPCOM:DNT,DNT,1,holdout
2026-05-29,KBS:UPCOM:DNW,DNW,1,holdout
2026-05-29,KBS:UPCOM:DOC,DOC,1,holdout
2026-05-29,KBS:UPCOM:DOP,DOP,1,holdout
2026-05-29,KBS:UPCOM:DP1,DP1,1,holdout
2026-05-29,KBS:UPCOM:DPH,DPH,1,holdout
2026-05-29,KBS:UPCOM:DRG,DRG,1,holdout
2026-05-29,KBS:UPCOM:DRI,DRI,1,holdout
2026-05-29,KBS:UPCOM:DSD,DSD,1,holdout
2026-05-29,KBS:UPCOM:DSP,DSP,1,holdout
2026-05-29,KBS:UPCOM:DTC,DTC,1,holdout
2026-05-29,KBS:UPCOM:DTI,DTI,1,holdout
2026-05-29,KBS:UPCOM:DTP,DTP,1,holdout
2026-05-29,KBS:UPCOM:DUS,DUS,1,holdout
2026-05-29,KBS:UPCOM:DVC,DVC,1,holdout
2026-05-29,KBS:UPCOM:DVW,DVW,1,holdout
2026-05-29,KBS:UPCOM:DWC,DWC,1,holdout
2026-05-29,KBS:UPCOM:DWS,DWS,1,holdout
2026-05-29,KBS:UPCOM:DXL,DXL,1,holdout
2026-05-29,KBS:UPCOM:E12,E12,1,holdout
2026-05-29,KBS:UPCOM:E29,E29,1,holdout
2026-05-29,KBS:UPCOM:EIC,EIC,1,holdout
2026-05-29,KBS:UPCOM:EIN,EIN,1,holdout
2026-05-29,KBS:UPCOM:EMG,EMG,1,holdout
2026-05-29,KBS:UPCOM:EMS,EMS,1,holdout
2026-05-29,KBS:UPCOM:FCS,FCS,1,holdout
2026-05-29,KBS:UPCOM:FHS,FHS,1,holdout
2026-05-29,KBS:UPCOM:FIC,FIC,1,holdout
2026-05-29,KBS:UPCOM:FOC,FOC,1,holdout
2026-05-29,KBS:UPCOM:FOX,FOX,1,holdout
2026-05-29,KBS:UPCOM:FRC,FRC,1,holdout
2026-05-29,KBS:UPCOM:FRM,FRM,1,holdout
2026-05-29,KBS:UPCOM:FT1,FT1,1,holdout
2026-05-29,KBS:UPCOM:G36,G36,1,holdout
2026-05-29,KBS:UPCOM:GCB,GCB,1,holdout
2026-05-29,KBS:UPCOM:GCF,GCF,1,holdout
2026-05-29,KBS:UPCOM:GER,GER,1,holdout
2026-05-29,KBS:UPCOM:GND,GND,1,holdout
2026-05-29,KBS:UPCOM:GPC,GPC,1,holdout
2026-05-29,KBS:UPCOM:GSM,GSM,1,holdout
2026-05-29,KBS:UPCOM:GTD,GTD,1,holdout
2026-05-29,KBS:UPCOM:GTS,GTS,1,holdout
2026-05-29,KBS:UPCOM:H11,H11,1,holdout
2026-05-29,KBS:UPCOM:HAC,HAC,1,holdout
2026-05-29,KBS:UPCOM:HAF,HAF,1,holdout
2026-05-29,KBS:UPCOM:HAM,HAM,1,holdout
2026-05-29,KBS:UPCOM:HAN,HAN,1,holdout
2026-05-29,KBS:UPCOM:HBC,HBC,1,holdout
2026-05-29,KBS:UPCOM:HBD,HBD,1,holdout
2026-05-29,KBS:UPCOM:HBH,HBH,1,holdout
2026-05-29,KBS:UPCOM:HD6,HD6,1,holdout
2026-05-29,KBS:UPCOM:HDW,HDW,1,holdout
2026-05-29,KBS:UPCOM:HEJ,HEJ,1,holdout
2026-05-29,KBS:UPCOM:HEP,HEP,1,holdout
2026-05-29,KBS:UPCOM:HES,HES,1,holdout
2026-05-29,KBS:UPCOM:HHG,HHG,1,holdout
2026-05-29,KBS:UPCOM:HLB,HLB,1,holdout
2026-05-29,KBS:UPCOM:HLS,HLS,1,holdout
2026-05-29,KBS:UPCOM:HND,HND,1,holdout
2026-05-29,KBS:UPCOM:HNF,HNF,1,holdout
2026-05-29,KBS:UPCOM:HNG,HNG,1,holdout
2026-05-29,KBS:UPCOM:HNM,HNM,1,holdout
2026-05-29,KBS:UPCOM:HPH,HPH,1,holdout
2026-05-29,KBS:UPCOM:HPT,HPT,1,holdout
2026-05-29,KBS:UPCOM:HTM,HTM,1,holdout
2026-05-29,KBS:UPCOM:HWS,HWS,1,holdout
2026-05-29,KBS:UPCOM:ICI,ICI,1,holdout
2026-05-29,KBS:UPCOM:ICN,ICN,1,holdout
2026-05-29,KBS:UPCOM:IFS,IFS,1,holdout
2026-05-29,KBS:UPCOM:ILA,ILA,1,holdout
2026-05-29,KBS:UPCOM:ILC,ILC,1,holdout
2026-05-29,KBS:UPCOM:ILS,ILS,1,holdout
2026-05-29,KBS:UPCOM:IST,IST,1,holdout
2026-05-29,KBS:UPCOM:KHW,KHW,1,holdout
2026-05-29,KBS:UPCOM:KIP,KIP,1,holdout
2026-05-29,KBS:UPCOM:L43,L43,1,holdout
2026-05-29,KBS:UPCOM:L63,L63,1,holdout
2026-05-29,KBS:UPCOM:LAI,LAI,1,holdout
2026-05-29,KBS:UPCOM:LIC,LIC,1,holdout
2026-05-29,KBS:UPCOM:LLM,LLM,1,holdout
2026-05-29,KBS:UPCOM:MDF,MDF,1,holdout
2026-05-29,KBS:UPCOM:MFS,MFS,1,holdout
2026-05-29,KBS:UPCOM:MGC,MGC,1,holdout
2026-05-29,KBS:UPCOM:MGG,MGG,1,holdout
2026-05-29,KBS:UPCOM:MPC,MPC,1,holdout
2026-05-29,KBS:UPCOM:MSR,MSR,1,holdout
2026-05-29,KBS:UPCOM:MVN,MVN,1,holdout
2026-05-29,KBS:UPCOM:NAU,NAU,1,holdout
2026-05-29,KBS:UPCOM:NBT,NBT,1,holdout
2026-05-29,KBS:UPCOM:ND2,ND2,1,holdout
2026-05-29,KBS:UPCOM:NTT,NTT,1,holdout
2026-05-29,KBS:UPCOM:NTW,NTW,1,holdout
2026-05-29,KBS:UPCOM:NUE,NUE,1,holdout
2026-05-29,KBS:UPCOM:ODE,ODE,1,holdout
2026-05-29,KBS:UPCOM:OIL,OIL,1,holdout
2026-05-29,KBS:UPCOM:PCC,PCC,1,holdout
2026-05-29,KBS:UPCOM:PCF,PCF,1,holdout
2026-05-29,KBS:UPCOM:PFL,PFL,1,holdout
2026-05-29,KBS:UPCOM:PHP,PHP,1,holdout
2026-05-29,KBS:UPCOM:PHS,PHS,1,holdout
2026-05-29,KBS:UPCOM:PWA,PWA,1,holdout
2026-05-29,KBS:UPCOM:PWS,PWS,1,holdout
2026-05-29,KBS:UPCOM:QCC,QCC,1,holdout
2026-05-29,KBS:UPCOM:QHW,QHW,1,holdout
2026-05-29,KBS:UPCOM:QNC,QNC,1,holdout
2026-05-29,KBS:UPCOM:QNS,QNS,1,holdout
2026-05-29,KBS:UPCOM:QNW,QNW,1,holdout
2026-05-29,KBS:UPCOM:QPH,QPH,1,holdout
2026-05-29,KBS:UPCOM:QSP,QSP,1,holdout
2026-05-29,KBS:UPCOM:RIC,RIC,1,holdout
2026-05-29,KBS:UPCOM:S74,S74,1,holdout
2026-05-29,KBS:UPCOM:SBD,SBD,1,holdout
2026-05-29,KBS:UPCOM:SBM,SBM,1,holdout
2026-05-29,KBS:UPCOM:SCJ,SCJ,1,holdout
2026-05-29,KBS:UPCOM:SCL,SCL,1,holdout
2026-05-29,KBS:UPCOM:SD2,SD2,1,holdout
2026-05-29,KBS:UPCOM:SEA,SEA,1,holdout
2026-05-29,KBS:UPCOM:SGB,SGB,1,holdout
2026-05-29,KBS:UPCOM:SID,SID,1,holdout
2026-05-29,KBS:UPCOM:SJG,SJG,1,holdout
2026-05-29,KBS:UPCOM:SKV,SKV,1,holdout
2026-05-29,KBS:UPCOM:SRB,SRB,1,holdout
2026-05-29,KBS:UPCOM:SSG,SSG,1,holdout
2026-05-29,KBS:UPCOM:SSH,SSH,1,holdout
2026-05-29,KBS:UPCOM:SWC,SWC,1,holdout
2026-05-29,KBS:UPCOM:SZG,SZG,1,holdout
2026-05-29,KBS:UPCOM:TCD,TCD,1,holdout
2026-05-29,KBS:UPCOM:TDB,TDB,1,holdout
2026-05-29,KBS:UPCOM:TDS,TDS,1,holdout
2026-05-29,KBS:UPCOM:TED,TED,1,holdout
2026-05-29,KBS:UPCOM:TGP,TGP,1,holdout
2026-05-29,KBS:UPCOM:THW,THW,1,holdout
2026-05-29,KBS:UPCOM:TIS,TIS,1,holdout
2026-05-29,KBS:UPCOM:TLP,TLP,1,holdout
2026-05-29,KBS:UPCOM:TNW,TNW,1,holdout
2026-05-29,KBS:UPCOM:TOS,TOS,1,holdout
2026-05-29,KBS:UPCOM:TOW,TOW,1,holdout
2026-05-29,KBS:UPCOM:TSD,TSD,1,holdout
2026-05-29,KBS:UPCOM:TTD,TTD,1,holdout
2026-05-29,KBS:UPCOM:TTG,TTG,1,holdout
2026-05-29,KBS:UPCOM:TTS,TTS,1,holdout
2026-05-29,KBS:UPCOM:TUG,TUG,1,holdout
2026-05-29,KBS:UPCOM:TV1,TV1,1,holdout
2026-05-29,KBS:UPCOM:TVN,TVN,1,holdout
2026-05-29,KBS:UPCOM:UDC,UDC,1,holdout
2026-05-29,KBS:UPCOM:USC,USC,1,holdout
2026-05-29,KBS:UPCOM:VAV,VAV,1,holdout
2026-05-29,KBS:UPCOM:VCP,VCP,1,holdout
2026-05-29,KBS:UPCOM:VCR,VCR,1,holdout
2026-05-29,KBS:UPCOM:VDN,VDN,1,holdout
2026-05-29,KBS:UPCOM:VEA,VEA,1,holdout
2026-05-29,KBS:UPCOM:VGG,VGG,1,holdout
2026-05-29,KBS:UPCOM:VGI,VGI,1,holdout
2026-05-29,KBS:UPCOM:VGT,VGT,1,holdout
2026-05-29,KBS:UPCOM:VHG,VHG,1,holdout
2026-05-29,KBS:UPCOM:VIM,VIM,1,holdout
2026-05-29,KBS:UPCOM:VIN,VIN,1,holdout
2026-05-29,KBS:UPCOM:VLG,VLG,1,holdout
2026-05-29,KBS:UPCOM:VLW,VLW,1,holdout
2026-05-29,KBS:UPCOM:VNB,VNB,1,holdout
2026-05-29,KBS:UPCOM:VNZ,VNZ,1,holdout
2026-05-29,KBS:UPCOM:VPR,VPR,1,holdout
2026-05-29,KBS:UPCOM:VSE,VSE,1,holdout
2026-05-29,KBS:UPCOM:VTK,VTK,1,holdout
2026-05-29,KBS:UPCOM:VW3,VW3,1,holdout
2026-05-29,KBS:UPCOM:WSB,WSB,1,holdout
2026-05-29,KBS:UPCOM:XMC,XMC,1,holdout
2026-05-29,KBS:UPCOM:XMD,XMD,1,holdout
2026-05-29,KBS:UPCOM:XMP,XMP,1,holdout
2026-06-30,KBS:HNX:ADC,ADC,1,holdout
2026-06-30,KBS:HNX:ALT,ALT,1,holdout
2026-06-30,KBS:HNX:AMC,AMC,1,holdout
2026-06-30,KBS:HNX:AME,AME,1,holdout
2026-06-30,KBS:HNX:API,API,1,holdout
2026-06-30,KBS:HNX:APS,APS,1,holdout
2026-06-30,KBS:HNX:ARM,ARM,1,holdout
2026-06-30,KBS:HNX:ATS,ATS,1,holdout
2026-06-30,KBS:HNX:BAB,BAB,1,holdout
2026-06-30,KBS:HNX:BAX,BAX,1,holdout
2026-06-30,KBS:HNX:BBS,BBS,1,holdout
2026-06-30,KBS:HNX:BCF,BCF,1,holdout
2026-06-30,KBS:HNX:BKC,BKC,1,holdout
2026-06-30,KBS:HNX:BNA,BNA,1,holdout
2026-06-30,KBS:HNX:BPC,BPC,1,holdout
2026-06-30,KBS:HNX:BTS,BTS,1,holdout
2026-06-30,KBS:HNX:BTW,BTW,1,holdout
2026-06-30,KBS:HNX:BVS,BVS,1,holdout
2026-06-30,KBS:HNX:BXH,BXH,1,holdout
2026-06-30,KBS:HNX:C69,C69,1,holdout
2026-06-30,KBS:HNX:CAG,CAG,1,holdout
2026-06-30,KBS:HNX:CAN,CAN,1,holdout
2026-06-30,KBS:HNX:CAP,CAP,1,holdout
2026-06-30,KBS:HNX:CCR,CCR,1,holdout
2026-06-30,KBS:HNX:CDN,CDN,1,holdout
2026-06-30,KBS:HNX:CEO,CEO,1,holdout
2026-06-30,KBS:HNX:CET,CET,1,holdout
2026-06-30,KBS:HNX:CIA,CIA,1,holdout
2026-06-30,KBS:HNX:CJC,CJC,1,holdout
2026-06-30,KBS:HNX:CKV,CKV,1,holdout
2026-06-30,KBS:HNX:CLH,CLH,1,holdout
2026-06-30,KBS:HNX:CLM,CLM,1,holdout
2026-06-30,KBS:HNX:CMC,CMC,1,holdout
2026-06-30,KBS:HNX:CMS,CMS,1,holdout
2026-06-30,KBS:HNX:CPC,CPC,1,holdout
2026-06-30,KBS:HNX:CSC,CSC,1,holdout
2026-06-30,KBS:HNX:CST,CST,1,holdout
2026-06-30,KBS:HNX:CTB,CTB,1,holdout
2026-06-30,KBS:HNX:CTP,CTP,1,holdout
2026-06-30,KBS:HNX:CTT,CTT,1,holdout
2026-06-30,KBS:HNX:CX8,CX8,1,holdout
2026-06-30,KBS:HNX:D11,D11,1,holdout
2026-06-30,KBS:HNX:DAD,DAD,1,holdout
2026-06-30,KBS:HNX:DAE,DAE,1,holdout
2026-06-30,KBS:HNX:DC2,DC2,1,holdout
2026-06-30,KBS:HNX:DHP,DHP,1,holdout
2026-06-30,KBS:HNX:DIH,DIH,1,holdout
2026-06-30,KBS:HNX:DL1,DL1,1,holdout
2026-06-30,KBS:HNX:DNC,DNC,1,holdout
2026-06-30,KBS:HNX:DNP,DNP,1,holdout
2026-06-30,KBS:HNX:DP3,DP3,1,holdout
2026-06-30,KBS:HNX:DS3,DS3,1,holdout
2026-06-30,KBS:HNX:DST,DST,1,holdout
2026-06-30,KBS:HNX:DTD,DTD,1,holdout
2026-06-30,KBS:HNX:DTK,DTK,1,holdout
2026-06-30,KBS:HNX:DVM,DVM,1,holdout
2026-06-30,KBS:HNX:EBS,EBS,1,holdout
2026-06-30,KBS:HNX:ECI,ECI,1,holdout
2026-06-30,KBS:HNX:EID,EID,1,holdout
2026-06-30,KBS:HNX:EVS,EVS,1,holdout
2026-06-30,KBS:HNX:GDW,GDW,1,holdout
2026-06-30,KBS:HNX:GKM,GKM,1,holdout
2026-06-30,KBS:HNX:GLT,GLT,1,holdout
2026-06-30,KBS:HNX:GMX,GMX,1,holdout
2026-06-30,KBS:HNX:HAD,HAD,1,holdout
2026-06-30,KBS:HNX:HAT,HAT,1,holdout
2026-06-30,KBS:HNX:HBS,HBS,1,holdout
2026-06-30,KBS:HNX:HCC,HCC,1,holdout
2026-06-30,KBS:HNX:HDA,HDA,1,holdout
2026-06-30,KBS:HNX:HEV,HEV,1,holdout
2026-06-30,KBS:HNX:HGM,HGM,1,holdout
2026-06-30,KBS:HNX:HHC,HHC,1,holdout
2026-06-30,KBS:HNX:HJS,HJS,1,holdout
2026-06-30,KBS:HNX:HKT,HKT,1,holdout
2026-06-30,KBS:HNX:HLC,HLC,1,holdout
2026-06-30,KBS:HNX:HLD,HLD,1,holdout
2026-06-30,KBS:HNX:HMH,HMH,1,holdout
2026-06-30,KBS:HNX:HMR,HMR,1,holdout
2026-06-30,KBS:HNX:HTC,HTC,1,holdout
2026-06-30,KBS:HNX:HUT,HUT,1,holdout
2026-06-30,KBS:HNX:HVT,HVT,1,holdout
2026-06-30,KBS:HNX:ICG,ICG,1,holdout
2026-06-30,KBS:HNX:IDC,IDC,1,holdout
2026-06-30,KBS:HNX:IDJ,IDJ,1,holdout
2026-06-30,KBS:HNX:IDV,IDV,1,holdout
2026-06-30,KBS:HNX:INC,INC,1,holdout
2026-06-30,KBS:HNX:INN,INN,1,holdout
2026-06-30,KBS:HNX:IPA,IPA,1,holdout
2026-06-30,KBS:HNX:IVS,IVS,1,holdout
2026-06-30,KBS:HNX:KDM,KDM,1,holdout
2026-06-30,KBS:HNX:KHS,KHS,1,holdout
2026-06-30,KBS:HNX:KKC,KKC,1,holdout
2026-06-30,KBS:HNX:KSD,KSD,1,holdout
2026-06-30,KBS:HNX:KSF,KSF,1,holdout
2026-06-30,KBS:HNX:KST,KST,1,holdout
2026-06-30,KBS:HNX:KSV,KSV,1,holdout
2026-06-30,KBS:HNX:KTS,KTS,1,holdout
2026-06-30,KBS:HNX:L14,L14,1,holdout
2026-06-30,KBS:HNX:L18,L18,1,holdout
2026-06-30,KBS:HNX:LBE,LBE,1,holdout
2026-06-30,KBS:HNX:LDP,LDP,1,holdout
2026-06-30,KBS:HNX:LHC,LHC,1,holdout
2026-06-30,KBS:HNX:LIG,LIG,1,holdout
2026-06-30,KBS:HNX:MAC,MAC,1,holdout
2026-06-30,KBS:HNX:MAS,MAS,1,holdout
2026-06-30,KBS:HNX:MBG,MBG,1,holdout
2026-06-30,KBS:HNX:MCC,MCC,1,holdout
2026-06-30,KBS:HNX:MCF,MCF,1,holdout
2026-06-30,KBS:HNX:MCO,MCO,1,holdout
2026-06-30,KBS:HNX:MDC,MDC,1,holdout
2026-06-30,KBS:HNX:MED,MED,1,holdout
2026-06-30,KBS:HNX:MIC,MIC,1,holdout
2026-06-30,KBS:HNX:MKV,MKV,1,holdout
2026-06-30,KBS:HNX:MST,MST,1,holdout
2026-06-30,KBS:HNX:MVB,MVB,1,holdout
2026-06-30,KBS:HNX:NAG,NAG,1,holdout
2026-06-30,KBS:HNX:NAP,NAP,1,holdout
2026-06-30,KBS:HNX:NBP,NBP,1,holdout
2026-06-30,KBS:HNX:NBW,NBW,1,holdout
2026-06-30,KBS:HNX:NDN,NDN,1,holdout
2026-06-30,KBS:HNX:NET,NET,1,holdout
2026-06-30,KBS:HNX:NFC,NFC,1,holdout
2026-06-30,KBS:HNX:NHC,NHC,1,holdout
2026-06-30,KBS:HNX:NRC,NRC,1,holdout
2026-06-30,KBS:HNX:NSH,NSH,1,holdout
2026-06-30,KBS:HNX:NST,NST,1,holdout
2026-06-30,KBS:HNX:NTH,NTH,1,holdout
2026-06-30,KBS:HNX:NTP,NTP,1,holdout
2026-06-30,KBS:HNX:NVB,NVB,1,holdout
2026-06-30,KBS:HNX:ONE,ONE,1,holdout
2026-06-30,KBS:HNX:PBP,PBP,1,holdout
2026-06-30,KBS:HNX:PCE,PCE,1,holdout
2026-06-30,KBS:HNX:PCH,PCH,1,holdout
2026-06-30,KBS:HNX:PCT,PCT,1,holdout
2026-06-30,KBS:HNX:PDB,PDB,1,holdout
2026-06-30,KBS:HNX:PEN,PEN,1,holdout
2026-06-30,KBS:HNX:PGN,PGN,1,holdout
2026-06-30,KBS:HNX:PGS,PGS,1,holdout
2026-06-30,KBS:HNX:PGT,PGT,1,holdout
2026-06-30,KBS:HNX:PHN,PHN,1,holdout
2026-06-30,KBS:HNX:PIA,PIA,1,holdout
2026-06-30,KBS:HNX:PIC,PIC,1,holdout
2026-06-30,KBS:HNX:PJC,PJC,1,holdout
2026-06-30,KBS:HNX:PLC,PLC,1,holdout
2026-06-30,KBS:HNX:PMB,PMB,1,holdout
2026-06-30,KBS:HNX:PMC,PMC,1,holdout
2026-06-30,KBS:HNX:PMP,PMP,1,holdout
2026-06-30,KBS:HNX:PMS,PMS,1,holdout
2026-06-30,KBS:HNX:POT,POT,1,holdout
2026-06-30,KBS:HNX:PPE,PPE,1,holdout
2026-06-30,KBS:HNX:PPP,PPP,1,holdout
2026-06-30,KBS:HNX:PPS,PPS,1,holdout
2026-06-30,KBS:HNX:PPT,PPT,1,holdout
2026-06-30,KBS:HNX:PPY,PPY,1,holdout
2026-06-30,KBS:HNX:PRC,PRC,1,holdout
2026-06-30,KBS:HNX:PRE,PRE,1,holdout
2026-06-30,KBS:HNX:PSD,PSD,1,holdout
2026-06-30,KBS:HNX:PSE,PSE,1,holdout
2026-06-30,KBS:HNX:PSI,PSI,1,holdout
2026-06-30,KBS:HNX:PSW,PSW,1,holdout
2026-06-30,KBS:HNX:PTD,PTD,1,holdout
2026-06-30,KBS:HNX:PTS,PTS,1,holdout
2026-06-30,KBS:HNX:PTX,PTX,1,holdout
2026-06-30,KBS:HNX:PV2,PV2,1,holdout
2026-06-30,KBS:HNX:PVB,PVB,1,holdout
2026-06-30,KBS:HNX:PVC,PVC,1,holdout
2026-06-30,KBS:HNX:PVG,PVG,1,holdout
2026-06-30,KBS:HNX:PVI,PVI,1,holdout
2026-06-30,KBS:HNX:QST,QST,1,holdout
2026-06-30,KBS:HNX:QTC,QTC,1,holdout
2026-06-30,KBS:HNX:S55,S55,1,holdout
2026-06-30,KBS:HNX:S99,S99,1,holdout
2026-06-30,KBS:HNX:SAF,SAF,1,holdout
2026-06-30,KBS:HNX:SCG,SCG,1,holdout
2026-06-30,KBS:HNX:SCI,SCI,1,holdout
2026-06-30,KBS:HNX:SD5,SD5,1,holdout
2026-06-30,KBS:HNX:SD9,SD9,1,holdout
2026-06-30,KBS:HNX:SDG,SDG,1,holdout
2026-06-30,KBS:HNX:SDN,SDN,1,holdout
2026-06-30,KBS:HNX:SDU,SDU,1,holdout
2026-06-30,KBS:HNX:SEB,SEB,1,holdout
2026-06-30,KBS:HNX:SED,SED,1,holdout
2026-06-30,KBS:HNX:SFN,SFN,1,holdout
2026-06-30,KBS:HNX:SGC,SGC,1,holdout
2026-06-30,KBS:HNX:SGD,SGD,1,holdout
2026-06-30,KBS:HNX:SGH,SGH,1,holdout
2026-06-30,KBS:HNX:SHE,SHE,1,holdout
2026-06-30,KBS:HNX:SHS,SHS,0,holdout
2026-06-30,KBS:HNX:SJ1,SJ1,1,holdout
2026-06-30,KBS:HNX:SJE,SJE,1,holdout
2026-06-30,KBS:HNX:SLS,SLS,1,holdout
2026-06-30,KBS:HNX:SMN,SMN,1,holdout
2026-06-30,KBS:HNX:STC,STC,1,holdout
2026-06-30,KBS:HNX:STP,STP,1,holdout
2026-06-30,KBS:HNX:SVN,SVN,1,holdout
2026-06-30,KBS:HNX:TA9,TA9,1,holdout
2026-06-30,KBS:HNX:TDT,TDT,1,holdout
2026-06-30,KBS:HNX:THD,THD,1,holdout
2026-06-30,KBS:HNX:THS,THS,1,holdout
2026-06-30,KBS:HNX:THT,THT,1,holdout
2026-06-30,KBS:HNX:TIG,TIG,1,holdout
2026-06-30,KBS:HNX:TKU,TKU,1,holdout
2026-06-30,KBS:HNX:TMB,TMB,1,holdout
2026-06-30,KBS:HNX:TMX,TMX,1,holdout
2026-06-30,KBS:HNX:TOT,TOT,1,holdout
2026-06-30,KBS:HNX:TTC,TTC,1,holdout
2026-06-30,KBS:HNX:TTH,TTH,1,holdout
2026-06-30,KBS:HNX:TTT,TTT,1,holdout
2026-06-30,KBS:HNX:TV3,TV3,1,holdout
2026-06-30,KBS:HNX:TVC,TVC,1,holdout
2026-06-30,KBS:HNX:TVD,TVD,1,holdout
2026-06-30,KBS:HNX:UNI,UNI,1,holdout
2026-06-30,KBS:HNX:V12,V12,1,holdout
2026-06-30,KBS:HNX:V21,V21,1,holdout
2026-06-30,KBS:HNX:VBC,VBC,1,holdout
2026-06-30,KBS:HNX:VC1,VC1,1,holdout
2026-06-30,KBS:HNX:VC7,VC7,1,holdout
2026-06-30,KBS:HNX:VC9,VC9,1,holdout
2026-06-30,KBS:HNX:VCC,VCC,1,holdout
2026-06-30,KBS:HNX:VCM,VCM,1,holdout
2026-06-30,KBS:HNX:VCS,VCS,1,holdout
2026-06-30,KBS:HNX:VDL,VDL,1,holdout
2026-06-30,KBS:HNX:VE3,VE3,1,holdout
2026-06-30,KBS:HNX:VFS,VFS,1,holdout
2026-06-30,KBS:HNX:VGP,VGP,1,holdout
2026-06-30,KBS:HNX:VGS,VGS,1,holdout
2026-06-30,KBS:HNX:VHE,VHE,1,holdout
2026-06-30,KBS:HNX:VHL,VHL,1,holdout
2026-06-30,KBS:HNX:VIG,VIG,1,holdout
2026-06-30,KBS:HNX:VIT,VIT,1,holdout
2026-06-30,KBS:HNX:VMC,VMC,1,holdout
2026-06-30,KBS:HNX:VNF,VNF,1,holdout
2026-06-30,KBS:HNX:VNT,VNT,1,holdout
2026-06-30,KBS:HNX:VSA,VSA,1,holdout
2026-06-30,KBS:HNX:VTC,VTC,1,holdout
2026-06-30,KBS:HNX:VTH,VTH,1,holdout
2026-06-30,KBS:HNX:VTV,VTV,1,holdout
2026-06-30,KBS:HNX:VTZ,VTZ,1,holdout
2026-06-30,KBS:HNX:WSS,WSS,1,holdout
2026-06-30,KBS:HNX:X20,X20,1,holdout
2026-06-30,KBS:HOSE:AAM,AAM,1,holdout
2026-06-30,KBS:HOSE:AAT,AAT,1,holdout
2026-06-30,KBS:HOSE:ABR,ABR,1,holdout
2026-06-30,KBS:HOSE:ABS,ABS,1,holdout
2026-06-30,KBS:HOSE:ABT,ABT,1,holdout
2026-06-30,KBS:HOSE:ACC,ACC,1,holdout
2026-06-30,KBS:HOSE:ACG,ACG,1,holdout
2026-06-30,KBS:HOSE:ACL,ACL,1,holdout
2026-06-30,KBS:HOSE:ADG,ADG,1,holdout
2026-06-30,KBS:HOSE:ADP,ADP,1,holdout
2026-06-30,KBS:HOSE:ADS,ADS,1,holdout
2026-06-30,KBS:HOSE:AGG,AGG,1,holdout
2026-06-30,KBS:HOSE:AGR,AGR,1,holdout
2026-06-30,KBS:HOSE:ANV,ANV,1,holdout
2026-06-30,KBS:HOSE:APG,APG,1,holdout
2026-06-30,KBS:HOSE:APH,APH,1,holdout
2026-06-30,KBS:HOSE:ASG,ASG,1,holdout
2026-06-30,KBS:HOSE:ASM,ASM,1,holdout
2026-06-30,KBS:HOSE:ASP,ASP,1,holdout
2026-06-30,KBS:HOSE:AST,AST,1,holdout
2026-06-30,KBS:HOSE:BAF,BAF,1,holdout
2026-06-30,KBS:HOSE:BCE,BCE,1,holdout
2026-06-30,KBS:HOSE:BCM,BCM,1,holdout
2026-06-30,KBS:HOSE:BFC,BFC,1,holdout
2026-06-30,KBS:HOSE:BHN,BHN,1,holdout
2026-06-30,KBS:HOSE:BIC,BIC,1,holdout
2026-06-30,KBS:HOSE:BKG,BKG,1,holdout
2026-06-30,KBS:HOSE:BMI,BMI,1,holdout
2026-06-30,KBS:HOSE:BRC,BRC,1,holdout
2026-06-30,KBS:HOSE:BSI,BSI,1,holdout
2026-06-30,KBS:HOSE:BSR,BSR,0,holdout
2026-06-30,KBS:HOSE:BTP,BTP,1,holdout
2026-06-30,KBS:HOSE:BVH,BVH,1,holdout
2026-06-30,KBS:HOSE:C32,C32,1,holdout
2026-06-30,KBS:HOSE:CCI,CCI,1,holdout
2026-06-30,KBS:HOSE:CCL,CCL,1,holdout
2026-06-30,KBS:HOSE:CDC,CDC,1,holdout
2026-06-30,KBS:HOSE:CHP,CHP,1,holdout
2026-06-30,KBS:HOSE:CIG,CIG,1,holdout
2026-06-30,KBS:HOSE:CII,CII,0,holdout
2026-06-30,KBS:HOSE:CKG,CKG,1,holdout
2026-06-30,KBS:HOSE:CLC,CLC,1,holdout
2026-06-30,KBS:HOSE:CLW,CLW,1,holdout
2026-06-30,KBS:HOSE:CMV,CMV,1,holdout
2026-06-30,KBS:HOSE:CMX,CMX,1,holdout
2026-06-30,KBS:HOSE:CNG,CNG,1,holdout
2026-06-30,KBS:HOSE:COM,COM,1,holdout
2026-06-30,KBS:HOSE:CRC,CRC,1,holdout
2026-06-30,KBS:HOSE:CRE,CRE,1,holdout
2026-06-30,KBS:HOSE:CSM,CSM,1,holdout
2026-06-30,KBS:HOSE:CSV,CSV,1,holdout
2026-06-30,KBS:HOSE:CTD,CTD,1,holdout
2026-06-30,KBS:HOSE:CTF,CTF,1,holdout
2026-06-30,KBS:HOSE:CTI,CTI,1,holdout
2026-06-30,KBS:HOSE:CTR,CTR,1,holdout
2026-06-30,KBS:HOSE:CTS,CTS,1,holdout
2026-06-30,KBS:HOSE:CVT,CVT,1,holdout
2026-06-30,KBS:HOSE:D2D,D2D,1,holdout
2026-06-30,KBS:HOSE:DAH,DAH,1,holdout
2026-06-30,KBS:HOSE:DBC,DBC,1,holdout
2026-06-30,KBS:HOSE:DBD,DBD,1,holdout
2026-06-30,KBS:HOSE:DC4,DC4,1,holdout
2026-06-30,KBS:HOSE:DCL,DCL,1,holdout
2026-06-30,KBS:HOSE:DCM,DCM,1,holdout
2026-06-30,KBS:HOSE:DGC,DGC,1,holdout
2026-06-30,KBS:HOSE:DGW,DGW,1,holdout
2026-06-30,KBS:HOSE:DHA,DHA,1,holdout
2026-06-30,KBS:HOSE:DHC,DHC,1,holdout
2026-06-30,KBS:HOSE:DLG,DLG,1,holdout
2026-06-30,KBS:HOSE:DMC,DMC,1,holdout
2026-06-30,KBS:HOSE:DPG,DPG,1,holdout
2026-06-30,KBS:HOSE:DQC,DQC,1,holdout
2026-06-30,KBS:HOSE:DRC,DRC,1,holdout
2026-06-30,KBS:HOSE:DRH,DRH,1,holdout
2026-06-30,KBS:HOSE:DSC,DSC,1,holdout
2026-06-30,KBS:HOSE:DSN,DSN,1,holdout
2026-06-30,KBS:HOSE:DTA,DTA,1,holdout
2026-06-30,KBS:HOSE:DTL,DTL,1,holdout
2026-06-30,KBS:HOSE:DTT,DTT,1,holdout
2026-06-30,KBS:HOSE:DVP,DVP,1,holdout
2026-06-30,KBS:HOSE:DXG,DXG,1,holdout
2026-06-30,KBS:HOSE:DXS,DXS,1,holdout
2026-06-30,KBS:HOSE:DXV,DXV,1,holdout
2026-06-30,KBS:HOSE:EIB,EIB,1,holdout
2026-06-30,KBS:HOSE:ELC,ELC,1,holdout
2026-06-30,KBS:HOSE:EVE,EVE,1,holdout
2026-06-30,KBS:HOSE:EVF,EVF,1,holdout
2026-06-30,KBS:HOSE:EVG,EVG,1,holdout
2026-06-30,KBS:HOSE:FCM,FCM,1,holdout
2026-06-30,KBS:HOSE:FCN,FCN,1,holdout
2026-06-30,KBS:HOSE:FDC,FDC,1,holdout
2026-06-30,KBS:HOSE:FIR,FIR,1,holdout
2026-06-30,KBS:HOSE:FIT,FIT,1,holdout
2026-06-30,KBS:HOSE:FMC,FMC,1,holdout
2026-06-30,KBS:HOSE:FPT,FPT,0,holdout
2026-06-30,KBS:HOSE:FRT,FRT,1,holdout
2026-06-30,KBS:HOSE:FTS,FTS,1,holdout
2026-06-30,KBS:HOSE:GAS,GAS,1,holdout
2026-06-30,KBS:HOSE:GDT,GDT,1,holdout
2026-06-30,KBS:HOSE:GEE,GEE,1,holdout
2026-06-30,KBS:HOSE:GEG,GEG,1,holdout
2026-06-30,KBS:HOSE:GIL,GIL,1,holdout
2026-06-30,KBS:HOSE:GMD,GMD,1,holdout
2026-06-30,KBS:HOSE:GMH,GMH,1,holdout
2026-06-30,KBS:HOSE:GTA,GTA,1,holdout
2026-06-30,KBS:HOSE:HAG,HAG,1,holdout
2026-06-30,KBS:HOSE:HAP,HAP,1,holdout
2026-06-30,KBS:HOSE:HAR,HAR,1,holdout
2026-06-30,KBS:HOSE:HAS,HAS,1,holdout
2026-06-30,KBS:HOSE:HAX,HAX,1,holdout
2026-06-30,KBS:HOSE:HCD,HCD,1,holdout
2026-06-30,KBS:HOSE:HCM,HCM,0,holdout
2026-06-30,KBS:HOSE:HDC,HDC,1,holdout
2026-06-30,KBS:HOSE:HDG,HDG,1,holdout
2026-06-30,KBS:HOSE:HHP,HHP,1,holdout
2026-06-30,KBS:HOSE:HHV,HHV,1,holdout
2026-06-30,KBS:HOSE:HID,HID,1,holdout
2026-06-30,KBS:HOSE:HII,HII,1,holdout
2026-06-30,KBS:HOSE:HMC,HMC,1,holdout
2026-06-30,KBS:HOSE:HPX,HPX,1,holdout
2026-06-30,KBS:HOSE:HQC,HQC,1,holdout
2026-06-30,KBS:HOSE:HRC,HRC,1,holdout
2026-06-30,KBS:HOSE:HSG,HSG,1,holdout
2026-06-30,KBS:HOSE:HSL,HSL,1,holdout
2026-06-30,KBS:HOSE:HTG,HTG,1,holdout
2026-06-30,KBS:HOSE:HTI,HTI,1,holdout
2026-06-30,KBS:HOSE:HTL,HTL,1,holdout
2026-06-30,KBS:HOSE:HTN,HTN,1,holdout
2026-06-30,KBS:HOSE:HTV,HTV,1,holdout
2026-06-30,KBS:HOSE:HU1,HU1,1,holdout
2026-06-30,KBS:HOSE:HUB,HUB,1,holdout
2026-06-30,KBS:HOSE:HVN,HVN,1,holdout
2026-06-30,KBS:HOSE:ICT,ICT,1,holdout
2026-06-30,KBS:HOSE:IJC,IJC,1,holdout
2026-06-30,KBS:HOSE:ILB,ILB,1,holdout
2026-06-30,KBS:HOSE:ITC,ITC,1,holdout
2026-06-30,KBS:HOSE:ITD,ITD,1,holdout
2026-06-30,KBS:HOSE:JVC,JVC,1,holdout
2026-06-30,KBS:HOSE:KBC,KBC,1,holdout
2026-06-30,KBS:HOSE:KDC,KDC,1,holdout
2026-06-30,KBS:HOSE:KDH,KDH,1,holdout
2026-06-30,KBS:HOSE:KHG,KHG,1,holdout
2026-06-30,KBS:HOSE:KHP,KHP,1,holdout
2026-06-30,KBS:HOSE:KMR,KMR,1,holdout
2026-06-30,KBS:HOSE:KOS,KOS,1,holdout
2026-06-30,KBS:HOSE:KSB,KSB,1,holdout
2026-06-30,KBS:HOSE:L10,L10,1,holdout
2026-06-30,KBS:HOSE:LAF,LAF,1,holdout
2026-06-30,KBS:HOSE:LBM,LBM,1,holdout
2026-06-30,KBS:HOSE:LCG,LCG,1,holdout
2026-06-30,KBS:HOSE:LDG,LDG,1,holdout
2026-06-30,KBS:HOSE:LGL,LGL,1,holdout
2026-06-30,KBS:HOSE:LHG,LHG,1,holdout
2026-06-30,KBS:HOSE:LIX,LIX,1,holdout
2026-06-30,KBS:HOSE:LM8,LM8,1,holdout
2026-06-30,KBS:HOSE:LPB,LPB,0,holdout
2026-06-30,KBS:HOSE:LSS,LSS,1,holdout
2026-06-30,KBS:HOSE:MBB,MBB,0,holdout
2026-06-30,KBS:HOSE:MCM,MCM,1,holdout
2026-06-30,KBS:HOSE:MCP,MCP,1,holdout
2026-06-30,KBS:HOSE:MDG,MDG,1,holdout
2026-06-30,KBS:HOSE:MHC,MHC,1,holdout
2026-06-30,KBS:HOSE:MIG,MIG,1,holdout
2026-06-30,KBS:HOSE:MSB,MSB,0,holdout
2026-06-30,KBS:HOSE:MSH,MSH,1,holdout
2026-06-30,KBS:HOSE:MWG,MWG,0,holdout
2026-06-30,KBS:HOSE:NAB,NAB,1,holdout
2026-06-30,KBS:HOSE:NAF,NAF,1,holdout
2026-06-30,KBS:HOSE:NAV,NAV,1,holdout
2026-06-30,KBS:HOSE:NBB,NBB,1,holdout
2026-06-30,KBS:HOSE:NCT,NCT,1,holdout
2026-06-30,KBS:HOSE:NHA,NHA,1,holdout
2026-06-30,KBS:HOSE:NHT,NHT,1,holdout
2026-06-30,KBS:HOSE:NKG,NKG,1,holdout
2026-06-30,KBS:HOSE:NLG,NLG,1,holdout
2026-06-30,KBS:HOSE:NNC,NNC,1,holdout
2026-06-30,KBS:HOSE:NO1,NO1,1,holdout
2026-06-30,KBS:HOSE:NTL,NTL,1,holdout
2026-06-30,KBS:HOSE:NVL,NVL,0,holdout
2026-06-30,KBS:HOSE:NVT,NVT,1,holdout
2026-06-30,KBS:HOSE:OCB,OCB,1,holdout
2026-06-30,KBS:HOSE:OGC,OGC,1,holdout
2026-06-30,KBS:HOSE:OPC,OPC,1,holdout
2026-06-30,KBS:HOSE:ORS,ORS,1,holdout
2026-06-30,KBS:HOSE:PAC,PAC,1,holdout
2026-06-30,KBS:HOSE:PAN,PAN,1,holdout
2026-06-30,KBS:HOSE:PDN,PDN,1,holdout
2026-06-30,KBS:HOSE:PDR,PDR,1,holdout
2026-06-30,KBS:HOSE:PGC,PGC,1,holdout
2026-06-30,KBS:HOSE:PGD,PGD,1,holdout
2026-06-30,KBS:HOSE:PGI,PGI,1,holdout
2026-06-30,KBS:HOSE:PGV,PGV,1,holdout
2026-06-30,KBS:HOSE:PHR,PHR,1,holdout
2026-06-30,KBS:HOSE:PIT,PIT,1,holdout
2026-06-30,KBS:HOSE:PJT,PJT,1,holdout
2026-06-30,KBS:HOSE:PLP,PLP,1,holdout
2026-06-30,KBS:HOSE:PLX,PLX,1,holdout
2026-06-30,KBS:HOSE:PNC,PNC,1,holdout
2026-06-30,KBS:HOSE:PNJ,PNJ,1,holdout
2026-06-30,KBS:HOSE:PTB,PTB,1,holdout
2026-06-30,KBS:HOSE:PTC,PTC,1,holdout
2026-06-30,KBS:HOSE:PTL,PTL,1,holdout
2026-06-30,KBS:HOSE:PVP,PVP,1,holdout
2026-06-30,KBS:HOSE:PVT,PVT,1,holdout
2026-06-30,KBS:HOSE:QCG,QCG,1,holdout
2026-06-30,KBS:HOSE:RAL,RAL,1,holdout
2026-06-30,KBS:HOSE:S4A,S4A,1,holdout
2026-06-30,KBS:HOSE:SAB,SAB,1,holdout
2026-06-30,KBS:HOSE:SAM,SAM,1,holdout
2026-06-30,KBS:HOSE:SAV,SAV,1,holdout
2026-06-30,KBS:HOSE:SBA,SBA,1,holdout
2026-06-30,KBS:HOSE:SBV,SBV,1,holdout
2026-06-30,KBS:HOSE:SC5,SC5,1,holdout
2026-06-30,KBS:HOSE:SCR,SCR,1,holdout
2026-06-30,KBS:HOSE:SCS,SCS,1,holdout
2026-06-30,KBS:HOSE:SFC,SFC,1,holdout
2026-06-30,KBS:HOSE:SFI,SFI,1,holdout
2026-06-30,KBS:HOSE:SGR,SGR,1,holdout
2026-06-30,KBS:HOSE:SGT,SGT,1,holdout
2026-06-30,KBS:HOSE:SHA,SHA,1,holdout
2026-06-30,KBS:HOSE:SHB,SHB,0,holdout
2026-06-30,KBS:HOSE:SHI,SHI,1,holdout
2026-06-30,KBS:HOSE:SHP,SHP,1,holdout
2026-06-30,KBS:HOSE:SIP,SIP,1,holdout
2026-06-30,KBS:HOSE:SJD,SJD,1,holdout
2026-06-30,KBS:HOSE:SJS,SJS,1,holdout
2026-06-30,KBS:HOSE:SMA,SMA,1,holdout
2026-06-30,KBS:HOSE:SMB,SMB,1,holdout
2026-06-30,KBS:HOSE:SMC,SMC,1,holdout
2026-06-30,KBS:HOSE:SPM,SPM,1,holdout
2026-06-30,KBS:HOSE:SRC,SRC,1,holdout
2026-06-30,KBS:HOSE:SRF,SRF,1,holdout
2026-06-30,KBS:HOSE:SSB,SSB,1,holdout
2026-06-30,KBS:HOSE:SSC,SSC,1,holdout
2026-06-30,KBS:HOSE:STB,STB,0,holdout
2026-06-30,KBS:HOSE:STG,STG,1,holdout
2026-06-30,KBS:HOSE:STK,STK,1,holdout
2026-06-30,KBS:HOSE:SVC,SVC,1,holdout
2026-06-30,KBS:HOSE:SVT,SVT,1,holdout
2026-06-30,KBS:HOSE:SZC,SZC,1,holdout
2026-06-30,KBS:HOSE:SZL,SZL,1,holdout
2026-06-30,KBS:HOSE:TCB,TCB,0,holdout
2026-06-30,KBS:HOSE:TCI,TCI,1,holdout
2026-06-30,KBS:HOSE:TCL,TCL,1,holdout
2026-06-30,KBS:HOSE:TCM,TCM,1,holdout
2026-06-30,KBS:HOSE:TCO,TCO,1,holdout
2026-06-30,KBS:HOSE:TCR,TCR,1,holdout
2026-06-30,KBS:HOSE:TDC,TDC,1,holdout
2026-06-30,KBS:HOSE:TDG,TDG,1,holdout
2026-06-30,KBS:HOSE:TDP,TDP,1,holdout
2026-06-30,KBS:HOSE:TDW,TDW,1,holdout
2026-06-30,KBS:HOSE:TEG,TEG,1,holdout
2026-06-30,KBS:HOSE:THG,THG,1,holdout
2026-06-30,KBS:UPCOM:A32,A32,1,holdout
2026-06-30,KBS:UPCOM:AAS,AAS,1,holdout
2026-06-30,KBS:UPCOM:ABB,ABB,1,holdout
2026-06-30,KBS:UPCOM:ABC,ABC,1,holdout
2026-06-30,KBS:UPCOM:ABI,ABI,1,holdout
2026-06-30,KBS:UPCOM:ABW,ABW,1,holdout
2026-06-30,KBS:UPCOM:ACE,ACE,1,holdout
2026-06-30,KBS:UPCOM:ACS,ACS,1,holdout
2026-06-30,KBS:UPCOM:ACV,ACV,1,holdout
2026-06-30,KBS:UPCOM:AG1,AG1,1,holdout
2026-06-30,KBS:UPCOM:AGP,AGP,1,holdout
2026-06-30,KBS:UPCOM:AGX,AGX,1,holdout
2026-06-30,KBS:UPCOM:AIC,AIC,1,holdout
2026-06-30,KBS:UPCOM:ALV,ALV,1,holdout
2026-06-30,KBS:UPCOM:AMP,AMP,1,holdout
2026-06-30,KBS:UPCOM:AMS,AMS,1,holdout
2026-06-30,KBS:UPCOM:APC,APC,1,holdout
2026-06-30,KBS:UPCOM:APF,APF,1,holdout
2026-06-30,KBS:UPCOM:AVC,AVC,1,holdout
2026-06-30,KBS:UPCOM:BAL,BAL,1,holdout
2026-06-30,KBS:UPCOM:BBH,BBH,1,holdout
2026-06-30,KBS:UPCOM:BBM,BBM,1,holdout
2026-06-30,KBS:UPCOM:BBT,BBT,1,holdout
2026-06-30,KBS:UPCOM:BCA,BCA,1,holdout
2026-06-30,KBS:UPCOM:BCB,BCB,1,holdout
2026-06-30,KBS:UPCOM:BCP,BCP,1,holdout
2026-06-30,KBS:UPCOM:BDG,BDG,1,holdout
2026-06-30,KBS:UPCOM:BDT,BDT,1,holdout
2026-06-30,KBS:UPCOM:BDW,BDW,1,holdout
2026-06-30,KBS:UPCOM:BEL,BEL,1,holdout
2026-06-30,KBS:UPCOM:BGW,BGW,1,holdout
2026-06-30,KBS:UPCOM:BHA,BHA,1,holdout
2026-06-30,KBS:UPCOM:BHP,BHP,1,holdout
2026-06-30,KBS:UPCOM:BIG,BIG,1,holdout
2026-06-30,KBS:UPCOM:BIO,BIO,1,holdout
2026-06-30,KBS:UPCOM:BLF,BLF,1,holdout
2026-06-30,KBS:UPCOM:BLI,BLI,1,holdout
2026-06-30,KBS:UPCOM:BLN,BLN,1,holdout
2026-06-30,KBS:UPCOM:BLT,BLT,1,holdout
2026-06-30,KBS:UPCOM:BMD,BMD,1,holdout
2026-06-30,KBS:UPCOM:BMF,BMF,1,holdout
2026-06-30,KBS:UPCOM:BMG,BMG,1,holdout
2026-06-30,KBS:UPCOM:BMJ,BMJ,1,holdout
2026-06-30,KBS:UPCOM:BMS,BMS,1,holdout
2026-06-30,KBS:UPCOM:BMV,BMV,1,holdout
2026-06-30,KBS:UPCOM:BNW,BNW,1,holdout
2026-06-30,KBS:UPCOM:BQB,BQB,1,holdout
2026-06-30,KBS:UPCOM:BRR,BRR,1,holdout
2026-06-30,KBS:UPCOM:BRS,BRS,1,holdout
2026-06-30,KBS:UPCOM:BSD,BSD,1,holdout
2026-06-30,KBS:UPCOM:BSG,BSG,1,holdout
2026-06-30,KBS:UPCOM:BSH,BSH,1,holdout
2026-06-30,KBS:UPCOM:BSL,BSL,1,holdout
2026-06-30,KBS:UPCOM:BSP,BSP,1,holdout
2026-06-30,KBS:UPCOM:BSQ,BSQ,1,holdout
2026-06-30,KBS:UPCOM:BTB,BTB,1,holdout
2026-06-30,KBS:UPCOM:BTD,BTD,1,holdout
2026-06-30,KBS:UPCOM:BTN,BTN,1,holdout
2026-06-30,KBS:UPCOM:BTU,BTU,1,holdout
2026-06-30,KBS:UPCOM:BTV,BTV,1,holdout
2026-06-30,KBS:UPCOM:BVL,BVL,1,holdout
2026-06-30,KBS:UPCOM:BVN,BVN,1,holdout
2026-06-30,KBS:UPCOM:BWA,BWA,1,holdout
2026-06-30,KBS:UPCOM:BWS,BWS,1,holdout
2026-06-30,KBS:UPCOM:C22,C22,1,holdout
2026-06-30,KBS:UPCOM:C4G,C4G,1,holdout
2026-06-30,KBS:UPCOM:C92,C92,1,holdout
2026-06-30,KBS:UPCOM:CAT,CAT,1,holdout
2026-06-30,KBS:UPCOM:CBI,CBI,1,holdout
2026-06-30,KBS:UPCOM:CBS,CBS,1,holdout
2026-06-30,KBS:UPCOM:CC1,CC1,1,holdout
2026-06-30,KBS:UPCOM:CCA,CCA,1,holdout
2026-06-30,KBS:UPCOM:CCM,CCM,1,holdout
2026-06-30,KBS:UPCOM:CCP,CCP,1,holdout
2026-06-30,KBS:UPCOM:CCT,CCT,1,holdout
2026-06-30,KBS:UPCOM:CDP,CDP,1,holdout
2026-06-30,KBS:UPCOM:CDR,CDR,1,holdout
2026-06-30,KBS:UPCOM:CFM,CFM,1,holdout
2026-06-30,KBS:UPCOM:CFV,CFV,1,holdout
2026-06-30,KBS:UPCOM:CH5,CH5,1,holdout
2026-06-30,KBS:UPCOM:CHC,CHC,1,holdout
2026-06-30,KBS:UPCOM:CHS,CHS,1,holdout
2026-06-30,KBS:UPCOM:CI5,CI5,1,holdout
2026-06-30,KBS:UPCOM:CID,CID,1,holdout
2026-06-30,KBS:UPCOM:CKA,CKA,1,holdout
2026-06-30,KBS:UPCOM:CKD,CKD,1,holdout
2026-06-30,KBS:UPCOM:CLX,CLX,1,holdout
2026-06-30,KBS:UPCOM:CMD,CMD,1,holdout
2026-06-30,KBS:UPCOM:CMF,CMF,1,holdout
2026-06-30,KBS:UPCOM:CMM,CMM,1,holdout
2026-06-30,KBS:UPCOM:CMN,CMN,1,holdout
2026-06-30,KBS:UPCOM:CMT,CMT,1,holdout
2026-06-30,KBS:UPCOM:CMW,CMW,1,holdout
2026-06-30,KBS:UPCOM:CNC,CNC,1,holdout
2026-06-30,KBS:UPCOM:CNN,CNN,1,holdout
2026-06-30,KBS:UPCOM:CNT,CNT,1,holdout
2026-06-30,KBS:UPCOM:CQN,CQN,1,holdout
2026-06-30,KBS:UPCOM:CQT,CQT,1,holdout
2026-06-30,KBS:UPCOM:CTW,CTW,1,holdout
2026-06-30,KBS:UPCOM:DAS,DAS,1,holdout
2026-06-30,KBS:UPCOM:DBM,DBM,1,holdout
2026-06-30,KBS:UPCOM:DC1,DC1,1,holdout
2026-06-30,KBS:UPCOM:DCF,DCF,1,holdout
2026-06-30,KBS:UPCOM:DCR,DCR,1,holdout
2026-06-30,KBS:UPCOM:DDN,DDN,1,holdout
2026-06-30,KBS:UPCOM:DDV,DDV,1,holdout
2026-06-30,KBS:UPCOM:DFC,DFC,1,holdout
2026-06-30,KBS:UPCOM:DGT,DGT,1,holdout
2026-06-30,KBS:UPCOM:DHB,DHB,1,holdout
2026-06-30,KBS:UPCOM:DHD,DHD,1,holdout
2026-06-30,KBS:UPCOM:DHN,DHN,1,holdout
2026-06-30,KBS:UPCOM:DID,DID,1,holdout
2026-06-30,KBS:UPCOM:DKC,DKC,1,holdout
2026-06-30,KBS:UPCOM:DM7,DM7,1,holdout
2026-06-30,KBS:UPCOM:DNA,DNA,1,holdout
2026-06-30,KBS:UPCOM:DND,DND,1,holdout
2026-06-30,KBS:UPCOM:DNE,DNE,1,holdout
2026-06-30,KBS:UPCOM:DNH,DNH,1,holdout
2026-06-30,KBS:UPCOM:DNL,DNL,1,holdout
2026-06-30,KBS:UPCOM:DNM,DNM,1,holdout
2026-06-30,KBS:UPCOM:DNT,DNT,1,holdout
2026-06-30,KBS:UPCOM:DNW,DNW,1,holdout
2026-06-30,KBS:UPCOM:DOC,DOC,1,holdout
2026-06-30,KBS:UPCOM:DOP,DOP,1,holdout
2026-06-30,KBS:UPCOM:DP1,DP1,1,holdout
2026-06-30,KBS:UPCOM:DPH,DPH,1,holdout
2026-06-30,KBS:UPCOM:DRG,DRG,1,holdout
2026-06-30,KBS:UPCOM:DRI,DRI,1,holdout
2026-06-30,KBS:UPCOM:DSD,DSD,1,holdout
2026-06-30,KBS:UPCOM:DSP,DSP,1,holdout
2026-06-30,KBS:UPCOM:DTC,DTC,1,holdout
2026-06-30,KBS:UPCOM:DTI,DTI,1,holdout
2026-06-30,KBS:UPCOM:DTP,DTP,1,holdout
2026-06-30,KBS:UPCOM:DUS,DUS,1,holdout
2026-06-30,KBS:UPCOM:DVC,DVC,1,holdout
2026-06-30,KBS:UPCOM:DVW,DVW,1,holdout
2026-06-30,KBS:UPCOM:DWC,DWC,1,holdout
2026-06-30,KBS:UPCOM:DWS,DWS,1,holdout
2026-06-30,KBS:UPCOM:DXL,DXL,1,holdout
2026-06-30,KBS:UPCOM:E12,E12,1,holdout
2026-06-30,KBS:UPCOM:E29,E29,1,holdout
2026-06-30,KBS:UPCOM:EIC,EIC,1,holdout
2026-06-30,KBS:UPCOM:EIN,EIN,1,holdout
2026-06-30,KBS:UPCOM:EMG,EMG,1,holdout
2026-06-30,KBS:UPCOM:EMS,EMS,1,holdout
2026-06-30,KBS:UPCOM:FCS,FCS,1,holdout
2026-06-30,KBS:UPCOM:FHS,FHS,1,holdout
2026-06-30,KBS:UPCOM:FIC,FIC,1,holdout
2026-06-30,KBS:UPCOM:FOC,FOC,1,holdout
2026-06-30,KBS:UPCOM:FOX,FOX,1,holdout
2026-06-30,KBS:UPCOM:FRC,FRC,1,holdout
2026-06-30,KBS:UPCOM:FRM,FRM,1,holdout
2026-06-30,KBS:UPCOM:FT1,FT1,1,holdout
2026-06-30,KBS:UPCOM:G36,G36,1,holdout
2026-06-30,KBS:UPCOM:GCB,GCB,1,holdout
2026-06-30,KBS:UPCOM:GCF,GCF,1,holdout
2026-06-30,KBS:UPCOM:GER,GER,1,holdout
2026-06-30,KBS:UPCOM:GND,GND,1,holdout
2026-06-30,KBS:UPCOM:GPC,GPC,1,holdout
2026-06-30,KBS:UPCOM:GSM,GSM,1,holdout
2026-06-30,KBS:UPCOM:GTD,GTD,1,holdout
2026-06-30,KBS:UPCOM:GTS,GTS,1,holdout
2026-06-30,KBS:UPCOM:H11,H11,1,holdout
2026-06-30,KBS:UPCOM:HAC,HAC,1,holdout
2026-06-30,KBS:UPCOM:HAF,HAF,1,holdout
2026-06-30,KBS:UPCOM:HAM,HAM,1,holdout
2026-06-30,KBS:UPCOM:HAN,HAN,1,holdout
2026-06-30,KBS:UPCOM:HBC,HBC,1,holdout
2026-06-30,KBS:UPCOM:HBD,HBD,1,holdout
2026-06-30,KBS:UPCOM:HBH,HBH,1,holdout
2026-06-30,KBS:UPCOM:HD6,HD6,1,holdout
2026-06-30,KBS:UPCOM:HDW,HDW,1,holdout
2026-06-30,KBS:UPCOM:HEJ,HEJ,1,holdout
2026-06-30,KBS:UPCOM:HEP,HEP,1,holdout
2026-06-30,KBS:UPCOM:HES,HES,1,holdout
2026-06-30,KBS:UPCOM:HHG,HHG,1,holdout
2026-06-30,KBS:UPCOM:HLB,HLB,1,holdout
2026-06-30,KBS:UPCOM:HLS,HLS,1,holdout
2026-06-30,KBS:UPCOM:HND,HND,1,holdout
2026-06-30,KBS:UPCOM:HNF,HNF,1,holdout
2026-06-30,KBS:UPCOM:HNG,HNG,1,holdout
2026-06-30,KBS:UPCOM:HNM,HNM,1,holdout
2026-06-30,KBS:UPCOM:HPH,HPH,1,holdout
2026-06-30,KBS:UPCOM:HPT,HPT,1,holdout
2026-06-30,KBS:UPCOM:HTM,HTM,1,holdout
2026-06-30,KBS:UPCOM:HWS,HWS,1,holdout
2026-06-30,KBS:UPCOM:ICI,ICI,1,holdout
2026-06-30,KBS:UPCOM:ICN,ICN,1,holdout
2026-06-30,KBS:UPCOM:IFS,IFS,1,holdout
2026-06-30,KBS:UPCOM:ILA,ILA,1,holdout
2026-06-30,KBS:UPCOM:ILC,ILC,1,holdout
2026-06-30,KBS:UPCOM:ILS,ILS,1,holdout
2026-06-30,KBS:UPCOM:IST,IST,1,holdout
2026-06-30,KBS:UPCOM:KHW,KHW,1,holdout
2026-06-30,KBS:UPCOM:KIP,KIP,1,holdout
2026-06-30,KBS:UPCOM:L43,L43,1,holdout
2026-06-30,KBS:UPCOM:L63,L63,1,holdout
2026-06-30,KBS:UPCOM:LAI,LAI,1,holdout
2026-06-30,KBS:UPCOM:LIC,LIC,1,holdout
2026-06-30,KBS:UPCOM:LLM,LLM,1,holdout
2026-06-30,KBS:UPCOM:MDF,MDF,1,holdout
2026-06-30,KBS:UPCOM:MFS,MFS,1,holdout
2026-06-30,KBS:UPCOM:MGC,MGC,1,holdout
2026-06-30,KBS:UPCOM:MGG,MGG,1,holdout
2026-06-30,KBS:UPCOM:MPC,MPC,1,holdout
2026-06-30,KBS:UPCOM:MSR,MSR,1,holdout
2026-06-30,KBS:UPCOM:MVN,MVN,1,holdout
2026-06-30,KBS:UPCOM:NAU,NAU,1,holdout
2026-06-30,KBS:UPCOM:NBT,NBT,1,holdout
2026-06-30,KBS:UPCOM:ND2,ND2,1,holdout
2026-06-30,KBS:UPCOM:NTT,NTT,1,holdout
2026-06-30,KBS:UPCOM:NTW,NTW,1,holdout
2026-06-30,KBS:UPCOM:NUE,NUE,1,holdout
2026-06-30,KBS:UPCOM:ODE,ODE,1,holdout
2026-06-30,KBS:UPCOM:OIL,OIL,1,holdout
2026-06-30,KBS:UPCOM:PCC,PCC,1,holdout
2026-06-30,KBS:UPCOM:PCF,PCF,1,holdout
2026-06-30,KBS:UPCOM:PFL,PFL,1,holdout
2026-06-30,KBS:UPCOM:PHP,PHP,1,holdout
2026-06-30,KBS:UPCOM:PHS,PHS,1,holdout
2026-06-30,KBS:UPCOM:PWA,PWA,1,holdout
2026-06-30,KBS:UPCOM:PWS,PWS,1,holdout
2026-06-30,KBS:UPCOM:QCC,QCC,1,holdout
2026-06-30,KBS:UPCOM:QHW,QHW,1,holdout
2026-06-30,KBS:UPCOM:QNC,QNC,1,holdout
2026-06-30,KBS:UPCOM:QNS,QNS,1,holdout
2026-06-30,KBS:UPCOM:QNW,QNW,1,holdout
2026-06-30,KBS:UPCOM:QPH,QPH,1,holdout
2026-06-30,KBS:UPCOM:QSP,QSP,1,holdout
2026-06-30,KBS:UPCOM:RIC,RIC,1,holdout
2026-06-30,KBS:UPCOM:S74,S74,1,holdout
2026-06-30,KBS:UPCOM:SBD,SBD,1,holdout
2026-06-30,KBS:UPCOM:SBM,SBM,1,holdout
2026-06-30,KBS:UPCOM:SCJ,SCJ,1,holdout
2026-06-30,KBS:UPCOM:SCL,SCL,1,holdout
2026-06-30,KBS:UPCOM:SD2,SD2,1,holdout
2026-06-30,KBS:UPCOM:SEA,SEA,1,holdout
2026-06-30,KBS:UPCOM:SGB,SGB,1,holdout
2026-06-30,KBS:UPCOM:SID,SID,1,holdout
2026-06-30,KBS:UPCOM:SJG,SJG,1,holdout
2026-06-30,KBS:UPCOM:SKV,SKV,1,holdout
2026-06-30,KBS:UPCOM:SRB,SRB,1,holdout
2026-06-30,KBS:UPCOM:SSG,SSG,1,holdout
2026-06-30,KBS:UPCOM:SSH,SSH,1,holdout
2026-06-30,KBS:UPCOM:SWC,SWC,1,holdout
2026-06-30,KBS:UPCOM:SZG,SZG,1,holdout
2026-06-30,KBS:UPCOM:TCD,TCD,1,holdout
2026-06-30,KBS:UPCOM:TDB,TDB,1,holdout
2026-06-30,KBS:UPCOM:TDS,TDS,1,holdout
2026-06-30,KBS:UPCOM:TED,TED,1,holdout
2026-06-30,KBS:UPCOM:TGP,TGP,1,holdout
2026-06-30,KBS:UPCOM:THW,THW,1,holdout
2026-06-30,KBS:UPCOM:TIS,TIS,1,holdout
2026-06-30,KBS:UPCOM:TLP,TLP,1,holdout
2026-06-30,KBS:UPCOM:TNW,TNW,1,holdout
2026-06-30,KBS:UPCOM:TOS,TOS,1,holdout
2026-06-30,KBS:UPCOM:TOW,TOW,1,holdout
2026-06-30,KBS:UPCOM:TSD,TSD,1,holdout
2026-06-30,KBS:UPCOM:TTD,TTD,1,holdout
2026-06-30,KBS:UPCOM:TTG,TTG,1,holdout
2026-06-30,KBS:UPCOM:TTS,TTS,1,holdout
2026-06-30,KBS:UPCOM:TUG,TUG,1,holdout
2026-06-30,KBS:UPCOM:TV1,TV1,1,holdout
2026-06-30,KBS:UPCOM:TVN,TVN,1,holdout
2026-06-30,KBS:UPCOM:UDC,UDC,1,holdout
2026-06-30,KBS:UPCOM:USC,USC,1,holdout
2026-06-30,KBS:UPCOM:VAV,VAV,1,holdout
2026-06-30,KBS:UPCOM:VCP,VCP,1,holdout
2026-06-30,KBS:UPCOM:VCR,VCR,1,holdout
2026-06-30,KBS:UPCOM:VDN,VDN,1,holdout
2026-06-30,KBS:UPCOM:VEA,VEA,1,holdout
2026-06-30,KBS:UPCOM:VGG,VGG,1,holdout
2026-06-30,KBS:UPCOM:VGI,VGI,1,holdout
2026-06-30,KBS:UPCOM:VGT,VGT,1,holdout
2026-06-30,KBS:UPCOM:VHG,VHG,1,holdout
2026-06-30,KBS:UPCOM:VIM,VIM,1,holdout
2026-06-30,KBS:UPCOM:VIN,VIN,1,holdout
2026-06-30,KBS:UPCOM:VLG,VLG,1,holdout
2026-06-30,KBS:UPCOM:VLW,VLW,1,holdout
2026-06-30,KBS:UPCOM:VNB,VNB,1,holdout
2026-06-30,KBS:UPCOM:VNZ,VNZ,1,holdout
2026-06-30,KBS:UPCOM:VPR,VPR,1,holdout
2026-06-30,KBS:UPCOM:VSE,VSE,1,holdout
2026-06-30,KBS:UPCOM:VTK,VTK,1,holdout
2026-06-30,KBS:UPCOM:VW3,VW3,1,holdout
2026-06-30,KBS:UPCOM:WSB,WSB,1,holdout
2026-06-30,KBS:UPCOM:XMC,XMC,1,holdout
2026-06-30,KBS:UPCOM:XMD,XMD,1,holdout
2026-06-30,KBS:UPCOM:XMP,XMP,1,holdout
2026-07-31,KBS:HNX:ADC,ADC,1,holdout
2026-07-31,KBS:HNX:ALT,ALT,1,holdout
2026-07-31,KBS:HNX:AMC,AMC,1,holdout
2026-07-31,KBS:HNX:AME,AME,1,holdout
2026-07-31,KBS:HNX:AMV,AMV,1,holdout
2026-07-31,KBS:HNX:API,API,1,holdout
2026-07-31,KBS:HNX:APS,APS,1,holdout
2026-07-31,KBS:HNX:ARM,ARM,1,holdout
2026-07-31,KBS:HNX:ATS,ATS,1,holdout
2026-07-31,KBS:HNX:BAB,BAB,1,holdout
2026-07-31,KBS:HNX:BAX,BAX,1,holdout
2026-07-31,KBS:HNX:BBS,BBS,1,holdout
2026-07-31,KBS:HNX:BCF,BCF,1,holdout
2026-07-31,KBS:HNX:BED,BED,1,holdout
2026-07-31,KBS:HNX:BKC,BKC,1,holdout
2026-07-31,KBS:HNX:BNA,BNA,1,holdout
2026-07-31,KBS:HNX:BPC,BPC,1,holdout
2026-07-31,KBS:HNX:BTS,BTS,1,holdout
2026-07-31,KBS:HNX:BTW,BTW,1,holdout
2026-07-31,KBS:HNX:BVS,BVS,1,holdout
2026-07-31,KBS:HNX:BXH,BXH,1,holdout
2026-07-31,KBS:HNX:C69,C69,1,holdout
2026-07-31,KBS:HNX:CAG,CAG,1,holdout
2026-07-31,KBS:HNX:CAN,CAN,1,holdout
2026-07-31,KBS:HNX:CAP,CAP,1,holdout
2026-07-31,KBS:HNX:CAR,CAR,1,holdout
2026-07-31,KBS:HNX:CCR,CCR,1,holdout
2026-07-31,KBS:HNX:CDN,CDN,1,holdout
2026-07-31,KBS:HNX:CEO,CEO,1,holdout
2026-07-31,KBS:HNX:CET,CET,1,holdout
2026-07-31,KBS:HNX:CIA,CIA,1,holdout
2026-07-31,KBS:HNX:CJC,CJC,1,holdout
2026-07-31,KBS:HNX:CKV,CKV,1,holdout
2026-07-31,KBS:HNX:CLH,CLH,1,holdout
2026-07-31,KBS:HNX:CLM,CLM,1,holdout
2026-07-31,KBS:HNX:CMC,CMC,1,holdout
2026-07-31,KBS:HNX:CMS,CMS,1,holdout
2026-07-31,KBS:HNX:CPC,CPC,1,holdout
2026-07-31,KBS:HNX:CSC,CSC,1,holdout
2026-07-31,KBS:HNX:CST,CST,1,holdout
2026-07-31,KBS:HNX:CTB,CTB,1,holdout
2026-07-31,KBS:HNX:CTP,CTP,1,holdout
2026-07-31,KBS:HNX:CTT,CTT,1,holdout
2026-07-31,KBS:HNX:CX8,CX8,1,holdout
2026-07-31,KBS:HNX:D11,D11,1,holdout
2026-07-31,KBS:HNX:DAD,DAD,1,holdout
2026-07-31,KBS:HNX:DAE,DAE,1,holdout
2026-07-31,KBS:HNX:DC2,DC2,1,holdout
2026-07-31,KBS:HNX:DHP,DHP,1,holdout
2026-07-31,KBS:HNX:DIH,DIH,1,holdout
2026-07-31,KBS:HNX:DL1,DL1,1,holdout
2026-07-31,KBS:HNX:DNC,DNC,1,holdout
2026-07-31,KBS:HNX:DNP,DNP,1,holdout
2026-07-31,KBS:HNX:DP3,DP3,1,holdout
2026-07-31,KBS:HNX:DS3,DS3,1,holdout
2026-07-31,KBS:HNX:DST,DST,1,holdout
2026-07-31,KBS:HNX:DTD,DTD,1,holdout
2026-07-31,KBS:HNX:DTK,DTK,1,holdout
2026-07-31,KBS:HNX:DVM,DVM,1,holdout
2026-07-31,KBS:HNX:EBS,EBS,1,holdout
2026-07-31,KBS:HNX:ECI,ECI,1,holdout
2026-07-31,KBS:HNX:EID,EID,1,holdout
2026-07-31,KBS:HNX:EVS,EVS,1,holdout
2026-07-31,KBS:HNX:FID,FID,1,holdout
2026-07-31,KBS:HNX:GDW,GDW,1,holdout
2026-07-31,KBS:HNX:GKM,GKM,1,holdout
2026-07-31,KBS:HNX:GLT,GLT,1,holdout
2026-07-31,KBS:HNX:GMA,GMA,1,holdout
2026-07-31,KBS:HNX:GMX,GMX,1,holdout
2026-07-31,KBS:HNX:HAD,HAD,1,holdout
2026-07-31,KBS:HNX:HAT,HAT,1,holdout
2026-07-31,KBS:HNX:HBS,HBS,1,holdout
2026-07-31,KBS:HNX:HCC,HCC,1,holdout
2026-07-31,KBS:HNX:HDA,HDA,1,holdout
2026-07-31,KBS:HNX:HEV,HEV,1,holdout
2026-07-31,KBS:HNX:HGM,HGM,1,holdout
2026-07-31,KBS:HNX:HHC,HHC,1,holdout
2026-07-31,KBS:HNX:HJS,HJS,1,holdout
2026-07-31,KBS:HNX:HKT,HKT,1,holdout
2026-07-31,KBS:HNX:HLC,HLC,1,holdout
2026-07-31,KBS:HNX:HLD,HLD,1,holdout
2026-07-31,KBS:HNX:HMH,HMH,1,holdout
2026-07-31,KBS:HNX:HMR,HMR,1,holdout
2026-07-31,KBS:HNX:HTC,HTC,1,holdout
2026-07-31,KBS:HNX:HUT,HUT,1,holdout
2026-07-31,KBS:HNX:HVT,HVT,1,holdout
2026-07-31,KBS:HNX:ICG,ICG,1,holdout
2026-07-31,KBS:HNX:IDC,IDC,1,holdout
2026-07-31,KBS:HNX:IDJ,IDJ,1,holdout
2026-07-31,KBS:HNX:IDV,IDV,1,holdout
2026-07-31,KBS:HNX:INC,INC,1,holdout
2026-07-31,KBS:HNX:INN,INN,1,holdout
2026-07-31,KBS:HNX:IPA,IPA,1,holdout
2026-07-31,KBS:HNX:IVS,IVS,1,holdout
2026-07-31,KBS:HNX:KDM,KDM,1,holdout
2026-07-31,KBS:HNX:KHS,KHS,1,holdout
2026-07-31,KBS:HNX:KKC,KKC,1,holdout
2026-07-31,KBS:HNX:KSD,KSD,1,holdout
2026-07-31,KBS:HNX:KSF,KSF,1,holdout
2026-07-31,KBS:HNX:KST,KST,1,holdout
2026-07-31,KBS:HNX:KSV,KSV,1,holdout
2026-07-31,KBS:HNX:KTS,KTS,1,holdout
2026-07-31,KBS:HNX:L14,L14,1,holdout
2026-07-31,KBS:HNX:L18,L18,1,holdout
2026-07-31,KBS:HNX:LBE,LBE,1,holdout
2026-07-31,KBS:HNX:LCD,LCD,1,holdout
2026-07-31,KBS:HNX:LDP,LDP,1,holdout
2026-07-31,KBS:HNX:LHC,LHC,1,holdout
2026-07-31,KBS:HNX:LIG,LIG,1,holdout
2026-07-31,KBS:HNX:MAC,MAC,1,holdout
2026-07-31,KBS:HNX:MAS,MAS,1,holdout
2026-07-31,KBS:HNX:MBG,MBG,1,holdout
2026-07-31,KBS:HNX:MCC,MCC,1,holdout
2026-07-31,KBS:HNX:MCF,MCF,1,holdout
2026-07-31,KBS:HNX:MCO,MCO,1,holdout
2026-07-31,KBS:HNX:MDC,MDC,1,holdout
2026-07-31,KBS:HNX:MED,MED,1,holdout
2026-07-31,KBS:HNX:MIC,MIC,1,holdout
2026-07-31,KBS:HNX:MKV,MKV,1,holdout
2026-07-31,KBS:HNX:MST,MST,1,holdout
2026-07-31,KBS:HNX:MVB,MVB,1,holdout
2026-07-31,KBS:HNX:NAG,NAG,1,holdout
2026-07-31,KBS:HNX:NAP,NAP,1,holdout
2026-07-31,KBS:HNX:NBP,NBP,1,holdout
2026-07-31,KBS:HNX:NBW,NBW,1,holdout
2026-07-31,KBS:HNX:NDN,NDN,1,holdout
2026-07-31,KBS:HNX:NET,NET,1,holdout
2026-07-31,KBS:HNX:NFC,NFC,1,holdout
2026-07-31,KBS:HNX:NHC,NHC,1,holdout
2026-07-31,KBS:HNX:NRC,NRC,1,holdout
2026-07-31,KBS:HNX:NSH,NSH,1,holdout
2026-07-31,KBS:HNX:NST,NST,1,holdout
2026-07-31,KBS:HNX:NTH,NTH,1,holdout
2026-07-31,KBS:HNX:NTP,NTP,1,holdout
2026-07-31,KBS:HNX:NVB,NVB,1,holdout
2026-07-31,KBS:HNX:ONE,ONE,1,holdout
2026-07-31,KBS:HNX:PBP,PBP,1,holdout
2026-07-31,KBS:HNX:PCE,PCE,1,holdout
2026-07-31,KBS:HNX:PCH,PCH,1,holdout
2026-07-31,KBS:HNX:PCT,PCT,1,holdout
2026-07-31,KBS:HNX:PDB,PDB,1,holdout
2026-07-31,KBS:HNX:PEN,PEN,1,holdout
2026-07-31,KBS:HNX:PGN,PGN,1,holdout
2026-07-31,KBS:HNX:PGS,PGS,1,holdout
2026-07-31,KBS:HNX:PGT,PGT,1,holdout
2026-07-31,KBS:HNX:PHN,PHN,1,holdout
2026-07-31,KBS:HNX:PIA,PIA,1,holdout
2026-07-31,KBS:HNX:PIC,PIC,1,holdout
2026-07-31,KBS:HNX:PJC,PJC,1,holdout
2026-07-31,KBS:HNX:PLC,PLC,1,holdout
2026-07-31,KBS:HNX:PMB,PMB,1,holdout
2026-07-31,KBS:HNX:PMC,PMC,1,holdout
2026-07-31,KBS:HNX:PMP,PMP,1,holdout
2026-07-31,KBS:HNX:PMS,PMS,1,holdout
2026-07-31,KBS:HNX:POT,POT,1,holdout
2026-07-31,KBS:HNX:PPE,PPE,1,holdout
2026-07-31,KBS:HNX:PPP,PPP,1,holdout
2026-07-31,KBS:HNX:PPS,PPS,1,holdout
2026-07-31,KBS:HNX:PPT,PPT,1,holdout
2026-07-31,KBS:HNX:PPY,PPY,1,holdout
2026-07-31,KBS:HNX:PRC,PRC,1,holdout
2026-07-31,KBS:HNX:PRE,PRE,1,holdout
2026-07-31,KBS:HNX:PSD,PSD,1,holdout
2026-07-31,KBS:HNX:PSE,PSE,1,holdout
2026-07-31,KBS:HNX:PSI,PSI,1,holdout
2026-07-31,KBS:HNX:PSW,PSW,1,holdout
2026-07-31,KBS:HNX:PTD,PTD,1,holdout
2026-07-31,KBS:HNX:PTS,PTS,1,holdout
2026-07-31,KBS:HNX:PTX,PTX,1,holdout
2026-07-31,KBS:HNX:PV2,PV2,1,holdout
2026-07-31,KBS:HNX:PVB,PVB,1,holdout
2026-07-31,KBS:HNX:PVC,PVC,1,holdout
2026-07-31,KBS:HNX:PVG,PVG,1,holdout
2026-07-31,KBS:HNX:PVI,PVI,1,holdout
2026-07-31,KBS:HNX:QST,QST,1,holdout
2026-07-31,KBS:HNX:QTC,QTC,1,holdout
2026-07-31,KBS:HNX:S55,S55,1,holdout
2026-07-31,KBS:HNX:S99,S99,1,holdout
2026-07-31,KBS:HNX:SAF,SAF,1,holdout
2026-07-31,KBS:HNX:SCG,SCG,1,holdout
2026-07-31,KBS:HNX:SCI,SCI,1,holdout
2026-07-31,KBS:HNX:SD5,SD5,1,holdout
2026-07-31,KBS:HNX:SD9,SD9,1,holdout
2026-07-31,KBS:HNX:SDG,SDG,1,holdout
2026-07-31,KBS:HNX:SDN,SDN,1,holdout
2026-07-31,KBS:HNX:SDU,SDU,1,holdout
2026-07-31,KBS:HNX:SEB,SEB,1,holdout
2026-07-31,KBS:HNX:SED,SED,1,holdout
2026-07-31,KBS:HNX:SFN,SFN,1,holdout
2026-07-31,KBS:HNX:SGC,SGC,1,holdout
2026-07-31,KBS:HNX:SGD,SGD,1,holdout
2026-07-31,KBS:HNX:SGH,SGH,1,holdout
2026-07-31,KBS:HNX:SHE,SHE,1,holdout
2026-07-31,KBS:HNX:SHS,SHS,0,holdout
2026-07-31,KBS:HNX:SJ1,SJ1,1,holdout
2026-07-31,KBS:HNX:SJE,SJE,1,holdout
2026-07-31,KBS:HNX:SLS,SLS,1,holdout
2026-07-31,KBS:HNX:SMN,SMN,1,holdout
2026-07-31,KBS:HNX:SRA,SRA,1,holdout
2026-07-31,KBS:HNX:STC,STC,1,holdout
2026-07-31,KBS:HNX:STP,STP,1,holdout
2026-07-31,KBS:HNX:SVN,SVN,1,holdout
2026-07-31,KBS:HNX:TA9,TA9,1,holdout
2026-07-31,KBS:HNX:TDT,TDT,1,holdout
2026-07-31,KBS:HNX:TET,TET,1,holdout
2026-07-31,KBS:HNX:THD,THD,1,holdout
2026-07-31,KBS:HNX:THS,THS,1,holdout
2026-07-31,KBS:HNX:THT,THT,1,holdout
2026-07-31,KBS:HNX:TIG,TIG,1,holdout
2026-07-31,KBS:HNX:TKU,TKU,1,holdout
2026-07-31,KBS:HNX:TMB,TMB,1,holdout
2026-07-31,KBS:HNX:TMX,TMX,1,holdout
2026-07-31,KBS:HNX:TOT,TOT,1,holdout
2026-07-31,KBS:HNX:TTC,TTC,1,holdout
2026-07-31,KBS:HNX:TTH,TTH,1,holdout
2026-07-31,KBS:HNX:TTT,TTT,1,holdout
2026-07-31,KBS:HNX:TV3,TV3,1,holdout
2026-07-31,KBS:HNX:TVC,TVC,1,holdout
2026-07-31,KBS:HNX:TVD,TVD,1,holdout
2026-07-31,KBS:HNX:UNI,UNI,1,holdout
2026-07-31,KBS:HNX:V12,V12,1,holdout
2026-07-31,KBS:HNX:V21,V21,1,holdout
2026-07-31,KBS:HNX:VBC,VBC,1,holdout
2026-07-31,KBS:HNX:VC1,VC1,1,holdout
2026-07-31,KBS:HNX:VC7,VC7,1,holdout
2026-07-31,KBS:HNX:VC9,VC9,1,holdout
2026-07-31,KBS:HNX:VCC,VCC,1,holdout
2026-07-31,KBS:HNX:VCM,VCM,1,holdout
2026-07-31,KBS:HNX:VCS,VCS,1,holdout
2026-07-31,KBS:HNX:VDL,VDL,1,holdout
2026-07-31,KBS:HNX:VE3,VE3,1,holdout
2026-07-31,KBS:HNX:VFS,VFS,1,holdout
2026-07-31,KBS:HNX:VGP,VGP,1,holdout
2026-07-31,KBS:HNX:VGS,VGS,1,holdout
2026-07-31,KBS:HNX:VHE,VHE,1,holdout
2026-07-31,KBS:HNX:VHL,VHL,1,holdout
2026-07-31,KBS:HNX:VIG,VIG,1,holdout
2026-07-31,KBS:HNX:VIT,VIT,1,holdout
2026-07-31,KBS:HNX:VMC,VMC,1,holdout
2026-07-31,KBS:HNX:VNF,VNF,1,holdout
2026-07-31,KBS:HNX:VNT,VNT,1,holdout
2026-07-31,KBS:HNX:VSA,VSA,1,holdout
2026-07-31,KBS:HNX:VTC,VTC,1,holdout
2026-07-31,KBS:HNX:VTH,VTH,1,holdout
2026-07-31,KBS:HNX:VTV,VTV,1,holdout
2026-07-31,KBS:HNX:VTZ,VTZ,1,holdout
2026-07-31,KBS:HNX:WSS,WSS,1,holdout
2026-07-31,KBS:HNX:X20,X20,1,holdout
2026-07-31,KBS:HOSE:AAM,AAM,1,holdout
2026-07-31,KBS:HOSE:AAT,AAT,1,holdout
2026-07-31,KBS:HOSE:ABR,ABR,1,holdout
2026-07-31,KBS:HOSE:ABS,ABS,1,holdout
2026-07-31,KBS:HOSE:ABT,ABT,1,holdout
2026-07-31,KBS:HOSE:ACC,ACC,1,holdout
2026-07-31,KBS:HOSE:ACG,ACG,1,holdout
2026-07-31,KBS:HOSE:ACL,ACL,1,holdout
2026-07-31,KBS:HOSE:ADG,ADG,1,holdout
2026-07-31,KBS:HOSE:ADP,ADP,1,holdout
2026-07-31,KBS:HOSE:ADS,ADS,1,holdout
2026-07-31,KBS:HOSE:AGG,AGG,1,holdout
2026-07-31,KBS:HOSE:AGR,AGR,1,holdout
2026-07-31,KBS:HOSE:ANV,ANV,1,holdout
2026-07-31,KBS:HOSE:APG,APG,1,holdout
2026-07-31,KBS:HOSE:APH,APH,1,holdout
2026-07-31,KBS:HOSE:ASG,ASG,1,holdout
2026-07-31,KBS:HOSE:ASM,ASM,1,holdout
2026-07-31,KBS:HOSE:ASP,ASP,1,holdout
2026-07-31,KBS:HOSE:AST,AST,1,holdout
2026-07-31,KBS:HOSE:BAF,BAF,1,holdout
2026-07-31,KBS:HOSE:BCE,BCE,1,holdout
2026-07-31,KBS:HOSE:BCM,BCM,1,holdout
2026-07-31,KBS:HOSE:BFC,BFC,1,holdout
2026-07-31,KBS:HOSE:BHN,BHN,1,holdout
2026-07-31,KBS:HOSE:BIC,BIC,1,holdout
2026-07-31,KBS:HOSE:BKG,BKG,1,holdout
2026-07-31,KBS:HOSE:BMI,BMI,1,holdout
2026-07-31,KBS:HOSE:BRC,BRC,1,holdout
2026-07-31,KBS:HOSE:BSI,BSI,1,holdout
2026-07-31,KBS:HOSE:BSR,BSR,0,holdout
2026-07-31,KBS:HOSE:BTP,BTP,1,holdout
2026-07-31,KBS:HOSE:BVH,BVH,1,holdout
2026-07-31,KBS:HOSE:C32,C32,1,holdout
2026-07-31,KBS:HOSE:CCI,CCI,1,holdout
2026-07-31,KBS:HOSE:CCL,CCL,1,holdout
2026-07-31,KBS:HOSE:CDC,CDC,1,holdout
2026-07-31,KBS:HOSE:CHP,CHP,1,holdout
2026-07-31,KBS:HOSE:CIG,CIG,1,holdout
2026-07-31,KBS:HOSE:CII,CII,1,holdout
2026-07-31,KBS:HOSE:CKG,CKG,1,holdout
2026-07-31,KBS:HOSE:CLC,CLC,1,holdout
2026-07-31,KBS:HOSE:CLW,CLW,1,holdout
2026-07-31,KBS:HOSE:CMV,CMV,1,holdout
2026-07-31,KBS:HOSE:CMX,CMX,1,holdout
2026-07-31,KBS:HOSE:CNG,CNG,1,holdout
2026-07-31,KBS:HOSE:COM,COM,1,holdout
2026-07-31,KBS:HOSE:CRC,CRC,1,holdout
2026-07-31,KBS:HOSE:CRE,CRE,1,holdout
2026-07-31,KBS:HOSE:CSM,CSM,1,holdout
2026-07-31,KBS:HOSE:CSV,CSV,1,holdout
2026-07-31,KBS:HOSE:CTD,CTD,1,holdout
2026-07-31,KBS:HOSE:CTF,CTF,1,holdout
2026-07-31,KBS:HOSE:CTI,CTI,1,holdout
2026-07-31,KBS:HOSE:CTR,CTR,1,holdout
2026-07-31,KBS:HOSE:CTS,CTS,1,holdout
2026-07-31,KBS:HOSE:CVT,CVT,1,holdout
2026-07-31,KBS:HOSE:D2D,D2D,1,holdout
2026-07-31,KBS:HOSE:DAH,DAH,1,holdout
2026-07-31,KBS:HOSE:DBC,DBC,1,holdout
2026-07-31,KBS:HOSE:DBD,DBD,1,holdout
2026-07-31,KBS:HOSE:DC4,DC4,1,holdout
2026-07-31,KBS:HOSE:DCL,DCL,1,holdout
2026-07-31,KBS:HOSE:DCM,DCM,1,holdout
2026-07-31,KBS:HOSE:DGC,DGC,1,holdout
2026-07-31,KBS:HOSE:DGW,DGW,1,holdout
2026-07-31,KBS:HOSE:DHA,DHA,1,holdout
2026-07-31,KBS:HOSE:DHC,DHC,1,holdout
2026-07-31,KBS:HOSE:DLG,DLG,1,holdout
2026-07-31,KBS:HOSE:DMC,DMC,1,holdout
2026-07-31,KBS:HOSE:DPG,DPG,1,holdout
2026-07-31,KBS:HOSE:DQC,DQC,1,holdout
2026-07-31,KBS:HOSE:DRC,DRC,1,holdout
2026-07-31,KBS:HOSE:DRH,DRH,1,holdout
2026-07-31,KBS:HOSE:DSC,DSC,1,holdout
2026-07-31,KBS:HOSE:DSN,DSN,1,holdout
2026-07-31,KBS:HOSE:DTA,DTA,1,holdout
2026-07-31,KBS:HOSE:DTL,DTL,1,holdout
2026-07-31,KBS:HOSE:DTT,DTT,1,holdout
2026-07-31,KBS:HOSE:DVP,DVP,1,holdout
2026-07-31,KBS:HOSE:DXG,DXG,1,holdout
2026-07-31,KBS:HOSE:DXS,DXS,1,holdout
2026-07-31,KBS:HOSE:DXV,DXV,1,holdout
2026-07-31,KBS:HOSE:EIB,EIB,1,holdout
2026-07-31,KBS:HOSE:ELC,ELC,1,holdout
2026-07-31,KBS:HOSE:EVE,EVE,1,holdout
2026-07-31,KBS:HOSE:EVF,EVF,1,holdout
2026-07-31,KBS:HOSE:EVG,EVG,1,holdout
2026-07-31,KBS:HOSE:FCM,FCM,1,holdout
2026-07-31,KBS:HOSE:FCN,FCN,1,holdout
2026-07-31,KBS:HOSE:FDC,FDC,1,holdout
2026-07-31,KBS:HOSE:FIR,FIR,1,holdout
2026-07-31,KBS:HOSE:FIT,FIT,1,holdout
2026-07-31,KBS:HOSE:FMC,FMC,1,holdout
2026-07-31,KBS:HOSE:FPT,FPT,0,holdout
2026-07-31,KBS:HOSE:FRT,FRT,1,holdout
2026-07-31,KBS:HOSE:FTS,FTS,1,holdout
2026-07-31,KBS:HOSE:GAS,GAS,1,holdout
2026-07-31,KBS:HOSE:GDT,GDT,1,holdout
2026-07-31,KBS:HOSE:GEE,GEE,1,holdout
2026-07-31,KBS:HOSE:GEG,GEG,1,holdout
2026-07-31,KBS:HOSE:GIL,GIL,1,holdout
2026-07-31,KBS:HOSE:GMD,GMD,1,holdout
2026-07-31,KBS:HOSE:GMH,GMH,1,holdout
2026-07-31,KBS:HOSE:GTA,GTA,1,holdout
2026-07-31,KBS:HOSE:HAG,HAG,1,holdout
2026-07-31,KBS:HOSE:HAP,HAP,1,holdout
2026-07-31,KBS:HOSE:HAR,HAR,1,holdout
2026-07-31,KBS:HOSE:HAS,HAS,1,holdout
2026-07-31,KBS:HOSE:HAX,HAX,1,holdout
2026-07-31,KBS:HOSE:HCD,HCD,1,holdout
2026-07-31,KBS:HOSE:HCM,HCM,0,holdout
2026-07-31,KBS:HOSE:HDC,HDC,1,holdout
2026-07-31,KBS:HOSE:HDG,HDG,1,holdout
2026-07-31,KBS:HOSE:HHP,HHP,1,holdout
2026-07-31,KBS:HOSE:HHV,HHV,1,holdout
2026-07-31,KBS:HOSE:HID,HID,1,holdout
2026-07-31,KBS:HOSE:HII,HII,1,holdout
2026-07-31,KBS:HOSE:HMC,HMC,1,holdout
2026-07-31,KBS:HOSE:HPX,HPX,1,holdout
2026-07-31,KBS:HOSE:HQC,HQC,1,holdout
2026-07-31,KBS:HOSE:HRC,HRC,1,holdout
2026-07-31,KBS:HOSE:HSG,HSG,1,holdout
2026-07-31,KBS:HOSE:HSL,HSL,1,holdout
2026-07-31,KBS:HOSE:HTG,HTG,1,holdout
2026-07-31,KBS:HOSE:HTI,HTI,1,holdout
2026-07-31,KBS:HOSE:HTL,HTL,1,holdout
2026-07-31,KBS:HOSE:HTN,HTN,1,holdout
2026-07-31,KBS:HOSE:HTV,HTV,1,holdout
2026-07-31,KBS:HOSE:HU1,HU1,1,holdout
2026-07-31,KBS:HOSE:HUB,HUB,1,holdout
2026-07-31,KBS:HOSE:HVN,HVN,1,holdout
2026-07-31,KBS:HOSE:ICT,ICT,1,holdout
2026-07-31,KBS:HOSE:IJC,IJC,1,holdout
2026-07-31,KBS:HOSE:ILB,ILB,1,holdout
2026-07-31,KBS:HOSE:ITC,ITC,1,holdout
2026-07-31,KBS:HOSE:ITD,ITD,1,holdout
2026-07-31,KBS:HOSE:JVC,JVC,1,holdout
2026-07-31,KBS:HOSE:KBC,KBC,1,holdout
2026-07-31,KBS:HOSE:KDC,KDC,1,holdout
2026-07-31,KBS:HOSE:KDH,KDH,1,holdout
2026-07-31,KBS:HOSE:KHG,KHG,1,holdout
2026-07-31,KBS:HOSE:KHP,KHP,1,holdout
2026-07-31,KBS:HOSE:KMR,KMR,1,holdout
2026-07-31,KBS:HOSE:KOS,KOS,1,holdout
2026-07-31,KBS:HOSE:KSB,KSB,1,holdout
2026-07-31,KBS:HOSE:L10,L10,1,holdout
2026-07-31,KBS:HOSE:LAF,LAF,1,holdout
2026-07-31,KBS:HOSE:LBM,LBM,1,holdout
2026-07-31,KBS:HOSE:LCG,LCG,1,holdout
2026-07-31,KBS:HOSE:LDG,LDG,1,holdout
2026-07-31,KBS:HOSE:LGL,LGL,1,holdout
2026-07-31,KBS:HOSE:LHG,LHG,1,holdout
2026-07-31,KBS:HOSE:LIX,LIX,1,holdout
2026-07-31,KBS:HOSE:LM8,LM8,1,holdout
2026-07-31,KBS:HOSE:LPB,LPB,0,holdout
2026-07-31,KBS:HOSE:LSS,LSS,1,holdout
2026-07-31,KBS:HOSE:MBB,MBB,0,holdout
2026-07-31,KBS:HOSE:MCM,MCM,1,holdout
2026-07-31,KBS:HOSE:MCP,MCP,1,holdout
2026-07-31,KBS:HOSE:MDG,MDG,1,holdout
2026-07-31,KBS:HOSE:MHC,MHC,1,holdout
2026-07-31,KBS:HOSE:MIG,MIG,1,holdout
2026-07-31,KBS:HOSE:MSB,MSB,0,holdout
2026-07-31,KBS:HOSE:MSH,MSH,1,holdout
2026-07-31,KBS:HOSE:MWG,MWG,0,holdout
2026-07-31,KBS:HOSE:NAB,NAB,1,holdout
2026-07-31,KBS:HOSE:NAF,NAF,1,holdout
2026-07-31,KBS:HOSE:NAV,NAV,1,holdout
2026-07-31,KBS:HOSE:NBB,NBB,1,holdout
2026-07-31,KBS:HOSE:NCT,NCT,1,holdout
2026-07-31,KBS:HOSE:NHA,NHA,1,holdout
2026-07-31,KBS:HOSE:NHT,NHT,1,holdout
2026-07-31,KBS:HOSE:NKG,NKG,1,holdout
2026-07-31,KBS:HOSE:NLG,NLG,1,holdout
2026-07-31,KBS:HOSE:NNC,NNC,1,holdout
2026-07-31,KBS:HOSE:NO1,NO1,1,holdout
2026-07-31,KBS:HOSE:NTL,NTL,1,holdout
2026-07-31,KBS:HOSE:NVL,NVL,0,holdout
2026-07-31,KBS:HOSE:NVT,NVT,1,holdout
2026-07-31,KBS:HOSE:OCB,OCB,1,holdout
2026-07-31,KBS:HOSE:OGC,OGC,1,holdout
2026-07-31,KBS:HOSE:OPC,OPC,1,holdout
2026-07-31,KBS:HOSE:ORS,ORS,1,holdout
2026-07-31,KBS:HOSE:PAC,PAC,1,holdout
2026-07-31,KBS:HOSE:PAN,PAN,1,holdout
2026-07-31,KBS:HOSE:PDN,PDN,1,holdout
2026-07-31,KBS:HOSE:PDR,PDR,1,holdout
2026-07-31,KBS:HOSE:PGC,PGC,1,holdout
2026-07-31,KBS:HOSE:PGD,PGD,1,holdout
2026-07-31,KBS:HOSE:PGI,PGI,1,holdout
2026-07-31,KBS:HOSE:PGV,PGV,1,holdout
2026-07-31,KBS:HOSE:PHR,PHR,1,holdout
2026-07-31,KBS:HOSE:PIT,PIT,1,holdout
2026-07-31,KBS:HOSE:PJT,PJT,1,holdout
2026-07-31,KBS:HOSE:PLP,PLP,1,holdout
2026-07-31,KBS:HOSE:PLX,PLX,1,holdout
2026-07-31,KBS:HOSE:PNC,PNC,1,holdout
2026-07-31,KBS:HOSE:PNJ,PNJ,0,holdout
2026-07-31,KBS:HOSE:PTB,PTB,1,holdout
2026-07-31,KBS:HOSE:PTC,PTC,1,holdout
2026-07-31,KBS:HOSE:PTL,PTL,1,holdout
2026-07-31,KBS:HOSE:PVP,PVP,1,holdout
2026-07-31,KBS:HOSE:PVT,PVT,1,holdout
2026-07-31,KBS:HOSE:QCG,QCG,1,holdout
2026-07-31,KBS:HOSE:RAL,RAL,1,holdout
2026-07-31,KBS:HOSE:S4A,S4A,1,holdout
2026-07-31,KBS:HOSE:SAB,SAB,1,holdout
2026-07-31,KBS:HOSE:SAM,SAM,1,holdout
2026-07-31,KBS:HOSE:SAV,SAV,1,holdout
2026-07-31,KBS:HOSE:SBA,SBA,1,holdout
2026-07-31,KBS:HOSE:SBV,SBV,1,holdout
2026-07-31,KBS:HOSE:SC5,SC5,1,holdout
2026-07-31,KBS:HOSE:SCR,SCR,1,holdout
2026-07-31,KBS:HOSE:SCS,SCS,1,holdout
2026-07-31,KBS:HOSE:SFC,SFC,1,holdout
2026-07-31,KBS:HOSE:SFI,SFI,1,holdout
2026-07-31,KBS:HOSE:SGR,SGR,1,holdout
2026-07-31,KBS:HOSE:SGT,SGT,1,holdout
2026-07-31,KBS:HOSE:SHA,SHA,1,holdout
2026-07-31,KBS:HOSE:SHB,SHB,0,holdout
2026-07-31,KBS:HOSE:SHI,SHI,1,holdout
2026-07-31,KBS:HOSE:SHP,SHP,1,holdout
2026-07-31,KBS:HOSE:SIP,SIP,1,holdout
2026-07-31,KBS:HOSE:SJD,SJD,1,holdout
2026-07-31,KBS:HOSE:SJS,SJS,1,holdout
2026-07-31,KBS:HOSE:SMA,SMA,1,holdout
2026-07-31,KBS:HOSE:SMB,SMB,1,holdout
2026-07-31,KBS:HOSE:SMC,SMC,1,holdout
2026-07-31,KBS:HOSE:SPM,SPM,1,holdout
2026-07-31,KBS:HOSE:SRC,SRC,1,holdout
2026-07-31,KBS:HOSE:SRF,SRF,1,holdout
2026-07-31,KBS:HOSE:SSB,SSB,1,holdout
2026-07-31,KBS:HOSE:SSC,SSC,1,holdout
2026-07-31,KBS:HOSE:STB,STB,0,holdout
2026-07-31,KBS:HOSE:STG,STG,1,holdout
2026-07-31,KBS:HOSE:STK,STK,1,holdout
2026-07-31,KBS:HOSE:SVC,SVC,1,holdout
2026-07-31,KBS:HOSE:SVT,SVT,1,holdout
2026-07-31,KBS:HOSE:SZC,SZC,1,holdout
2026-07-31,KBS:HOSE:SZL,SZL,1,holdout
2026-07-31,KBS:HOSE:TCB,TCB,0,holdout
2026-07-31,KBS:HOSE:TCI,TCI,1,holdout
2026-07-31,KBS:HOSE:TCL,TCL,1,holdout
2026-07-31,KBS:HOSE:TCM,TCM,1,holdout
2026-07-31,KBS:HOSE:TCO,TCO,1,holdout
2026-07-31,KBS:HOSE:TCR,TCR,1,holdout
2026-07-31,KBS:HOSE:TDC,TDC,1,holdout
2026-07-31,KBS:HOSE:TDG,TDG,1,holdout
2026-07-31,KBS:HOSE:TDP,TDP,1,holdout
2026-07-31,KBS:HOSE:TDW,TDW,1,holdout
2026-07-31,KBS:HOSE:TEG,TEG,1,holdout
2026-07-31,KBS:HOSE:THG,THG,1,holdout
2026-07-31,KBS:UPCOM:A32,A32,1,holdout
2026-07-31,KBS:UPCOM:AAS,AAS,1,holdout
2026-07-31,KBS:UPCOM:ABB,ABB,1,holdout
2026-07-31,KBS:UPCOM:ABC,ABC,1,holdout
2026-07-31,KBS:UPCOM:ABI,ABI,1,holdout
2026-07-31,KBS:UPCOM:ABW,ABW,1,holdout
2026-07-31,KBS:UPCOM:ACE,ACE,1,holdout
2026-07-31,KBS:UPCOM:ACM,ACM,1,holdout
2026-07-31,KBS:UPCOM:ACS,ACS,1,holdout
2026-07-31,KBS:UPCOM:ACV,ACV,1,holdout
2026-07-31,KBS:UPCOM:AG1,AG1,1,holdout
2026-07-31,KBS:UPCOM:AGF,AGF,1,holdout
2026-07-31,KBS:UPCOM:AGM,AGM,1,holdout
2026-07-31,KBS:UPCOM:AGP,AGP,1,holdout
2026-07-31,KBS:UPCOM:AGX,AGX,1,holdout
2026-07-31,KBS:UPCOM:AIC,AIC,1,holdout
2026-07-31,KBS:UPCOM:ALV,ALV,1,holdout
2026-07-31,KBS:UPCOM:AMP,AMP,1,holdout
2026-07-31,KBS:UPCOM:AMS,AMS,1,holdout
2026-07-31,KBS:UPCOM:APC,APC,1,holdout
2026-07-31,KBS:UPCOM:APF,APF,1,holdout
2026-07-31,KBS:UPCOM:APL,APL,1,holdout
2026-07-31,KBS:UPCOM:APT,APT,1,holdout
2026-07-31,KBS:UPCOM:ART,ART,1,holdout
2026-07-31,KBS:UPCOM:ATA,ATA,1,holdout
2026-07-31,KBS:UPCOM:ATG,ATG,1,holdout
2026-07-31,KBS:UPCOM:AVC,AVC,1,holdout
2026-07-31,KBS:UPCOM:BAL,BAL,1,holdout
2026-07-31,KBS:UPCOM:BBH,BBH,1,holdout
2026-07-31,KBS:UPCOM:BBM,BBM,1,holdout
2026-07-31,KBS:UPCOM:BBT,BBT,1,holdout
2026-07-31,KBS:UPCOM:BCA,BCA,1,holdout
2026-07-31,KBS:UPCOM:BCB,BCB,1,holdout
2026-07-31,KBS:UPCOM:BCP,BCP,1,holdout
2026-07-31,KBS:UPCOM:BDG,BDG,1,holdout
2026-07-31,KBS:UPCOM:BDT,BDT,1,holdout
2026-07-31,KBS:UPCOM:BDW,BDW,1,holdout
2026-07-31,KBS:UPCOM:BEL,BEL,1,holdout
2026-07-31,KBS:UPCOM:BGW,BGW,1,holdout
2026-07-31,KBS:UPCOM:BHA,BHA,1,holdout
2026-07-31,KBS:UPCOM:BHC,BHC,1,holdout
2026-07-31,KBS:UPCOM:BHG,BHG,1,holdout
2026-07-31,KBS:UPCOM:BHI,BHI,1,holdout
2026-07-31,KBS:UPCOM:BHK,BHK,1,holdout
2026-07-31,KBS:UPCOM:BHP,BHP,1,holdout
2026-07-31,KBS:UPCOM:BIG,BIG,1,holdout
2026-07-31,KBS:UPCOM:BIO,BIO,1,holdout
2026-07-31,KBS:UPCOM:BLF,BLF,1,holdout
2026-07-31,KBS:UPCOM:BLI,BLI,1,holdout
2026-07-31,KBS:UPCOM:BLN,BLN,1,holdout
2026-07-31,KBS:UPCOM:BLT,BLT,1,holdout
2026-07-31,KBS:UPCOM:BMD,BMD,1,holdout
2026-07-31,KBS:UPCOM:BMF,BMF,1,holdout
2026-07-31,KBS:UPCOM:BMG,BMG,1,holdout
2026-07-31,KBS:UPCOM:BMJ,BMJ,1,holdout
2026-07-31,KBS:UPCOM:BMS,BMS,1,holdout
2026-07-31,KBS:UPCOM:BMV,BMV,1,holdout
2026-07-31,KBS:UPCOM:BNW,BNW,1,holdout
2026-07-31,KBS:UPCOM:BQB,BQB,1,holdout
2026-07-31,KBS:UPCOM:BRR,BRR,1,holdout
2026-07-31,KBS:UPCOM:BRS,BRS,1,holdout
2026-07-31,KBS:UPCOM:BSD,BSD,1,holdout
2026-07-31,KBS:UPCOM:BSG,BSG,1,holdout
2026-07-31,KBS:UPCOM:BSH,BSH,1,holdout
2026-07-31,KBS:UPCOM:BSL,BSL,1,holdout
2026-07-31,KBS:UPCOM:BSP,BSP,1,holdout
2026-07-31,KBS:UPCOM:BSQ,BSQ,1,holdout
2026-07-31,KBS:UPCOM:BTB,BTB,1,holdout
2026-07-31,KBS:UPCOM:BTD,BTD,1,holdout
2026-07-31,KBS:UPCOM:BTG,BTG,1,holdout
2026-07-31,KBS:UPCOM:BTN,BTN,1,holdout
2026-07-31,KBS:UPCOM:BTU,BTU,1,holdout
2026-07-31,KBS:UPCOM:BTV,BTV,1,holdout
2026-07-31,KBS:UPCOM:BVG,BVG,1,holdout
2026-07-31,KBS:UPCOM:BVL,BVL,1,holdout
2026-07-31,KBS:UPCOM:BVN,BVN,1,holdout
2026-07-31,KBS:UPCOM:BWA,BWA,1,holdout
2026-07-31,KBS:UPCOM:BWS,BWS,1,holdout
2026-07-31,KBS:UPCOM:C22,C22,1,holdout
2026-07-31,KBS:UPCOM:C4G,C4G,1,holdout
2026-07-31,KBS:UPCOM:C92,C92,1,holdout
2026-07-31,KBS:UPCOM:CAD,CAD,1,holdout
2026-07-31,KBS:UPCOM:CAT,CAT,1,holdout
2026-07-31,KBS:UPCOM:CBI,CBI,1,holdout
2026-07-31,KBS:UPCOM:CBS,CBS,1,holdout
2026-07-31,KBS:UPCOM:CC1,CC1,1,holdout
2026-07-31,KBS:UPCOM:CCA,CCA,1,holdout
2026-07-31,KBS:UPCOM:CCM,CCM,1,holdout
2026-07-31,KBS:UPCOM:CCP,CCP,1,holdout
2026-07-31,KBS:UPCOM:CCT,CCT,1,holdout
2026-07-31,KBS:UPCOM:CCV,CCV,1,holdout
2026-07-31,KBS:UPCOM:CDP,CDP,1,holdout
2026-07-31,KBS:UPCOM:CDR,CDR,1,holdout
2026-07-31,KBS:UPCOM:CEN,CEN,1,holdout
2026-07-31,KBS:UPCOM:CFM,CFM,1,holdout
2026-07-31,KBS:UPCOM:CFV,CFV,1,holdout
2026-07-31,KBS:UPCOM:CH5,CH5,1,holdout
2026-07-31,KBS:UPCOM:CHC,CHC,1,holdout
2026-07-31,KBS:UPCOM:CHS,CHS,1,holdout
2026-07-31,KBS:UPCOM:CI5,CI5,1,holdout
2026-07-31,KBS:UPCOM:CID,CID,1,holdout
2026-07-31,KBS:UPCOM:CK8,CK8,1,holdout
2026-07-31,KBS:UPCOM:CKA,CKA,1,holdout
2026-07-31,KBS:UPCOM:CKD,CKD,1,holdout
2026-07-31,KBS:UPCOM:CLX,CLX,1,holdout
2026-07-31,KBS:UPCOM:CMD,CMD,1,holdout
2026-07-31,KBS:UPCOM:CMF,CMF,1,holdout
2026-07-31,KBS:UPCOM:CMI,CMI,1,holdout
2026-07-31,KBS:UPCOM:CMK,CMK,1,holdout
2026-07-31,KBS:UPCOM:CMM,CMM,1,holdout
2026-07-31,KBS:UPCOM:CMN,CMN,1,holdout
2026-07-31,KBS:UPCOM:CMT,CMT,1,holdout
2026-07-31,KBS:UPCOM:CMW,CMW,1,holdout
2026-07-31,KBS:UPCOM:CNC,CNC,1,holdout
2026-07-31,KBS:UPCOM:CNN,CNN,1,holdout
2026-07-31,KBS:UPCOM:CNT,CNT,1,holdout
2026-07-31,KBS:UPCOM:CPA,CPA,1,holdout
2026-07-31,KBS:UPCOM:CPI,CPI,1,holdout
2026-07-31,KBS:UPCOM:CQN,CQN,1,holdout
2026-07-31,KBS:UPCOM:CQT,CQT,1,holdout
2026-07-31,KBS:UPCOM:CT3,CT3,1,holdout
2026-07-31,KBS:UPCOM:CTW,CTW,1,holdout
2026-07-31,KBS:UPCOM:CVN,CVN,1,holdout
2026-07-31,KBS:UPCOM:DAS,DAS,1,holdout
2026-07-31,KBS:UPCOM:DBM,DBM,1,holdout
2026-07-31,KBS:UPCOM:DC1,DC1,1,holdout
2026-07-31,KBS:UPCOM:DCF,DCF,1,holdout
2026-07-31,KBS:UPCOM:DCH,DCH,1,holdout
2026-07-31,KBS:UPCOM:DCR,DCR,1,holdout
2026-07-31,KBS:UPCOM:DCS,DCS,1,holdout
2026-07-31,KBS:UPCOM:DCT,DCT,1,holdout
2026-07-31,KBS:UPCOM:DDH,DDH,1,holdout
2026-07-31,KBS:UPCOM:DDM,DDM,1,holdout
2026-07-31,KBS:UPCOM:DDN,DDN,1,holdout
2026-07-31,KBS:UPCOM:DDV,DDV,1,holdout
2026-07-31,KBS:UPCOM:DFC,DFC,1,holdout
2026-07-31,KBS:UPCOM:DGT,DGT,1,holdout
2026-07-31,KBS:UPCOM:DHB,DHB,1,holdout
2026-07-31,KBS:UPCOM:DHD,DHD,1,holdout
2026-07-31,KBS:UPCOM:DHN,DHN,1,holdout
2026-07-31,KBS:UPCOM:DIC,DIC,1,holdout
2026-07-31,KBS:UPCOM:DID,DID,1,holdout
2026-07-31,KBS:UPCOM:DKC,DKC,1,holdout
2026-07-31,KBS:UPCOM:DLR,DLR,1,holdout
2026-07-31,KBS:UPCOM:DLT,DLT,1,holdout
2026-07-31,KBS:UPCOM:DM7,DM7,1,holdout
2026-07-31,KBS:UPCOM:DNA,DNA,1,holdout
2026-07-31,KBS:UPCOM:DND,DND,1,holdout
2026-07-31,KBS:UPCOM:DNE,DNE,1,holdout
2026-07-31,KBS:UPCOM:DNH,DNH,1,holdout
2026-07-31,KBS:UPCOM:DNL,DNL,1,holdout
2026-07-31,KBS:UPCOM:DNM,DNM,1,holdout
2026-07-31,KBS:UPCOM:DNT,DNT,1,holdout
2026-07-31,KBS:UPCOM:DNW,DNW,1,holdout
2026-07-31,KBS:UPCOM:DOC,DOC,1,holdout
2026-07-31,KBS:UPCOM:DOP,DOP,1,holdout
2026-07-31,KBS:UPCOM:DP1,DP1,1,holdout
2026-07-31,KBS:UPCOM:DPC,DPC,1,holdout
2026-07-31,KBS:UPCOM:DPH,DPH,1,holdout
2026-07-31,KBS:UPCOM:DPP,DPP,1,holdout
2026-07-31,KBS:UPCOM:DRG,DRG,1,holdout
2026-07-31,KBS:UPCOM:DRI,DRI,1,holdout
2026-07-31,KBS:UPCOM:DSD,DSD,1,holdout
2026-07-31,KBS:UPCOM:DSG,DSG,1,holdout
2026-07-31,KBS:UPCOM:DSP,DSP,1,holdout
2026-07-31,KBS:UPCOM:DTC,DTC,1,holdout
2026-07-31,KBS:UPCOM:DTH,DTH,1,holdout
2026-07-31,KBS:UPCOM:DTI,DTI,1,holdout
2026-07-31,KBS:UPCOM:DTP,DTP,1,holdout
2026-07-31,KBS:UPCOM:DUS,DUS,1,holdout
2026-07-31,KBS:UPCOM:DVC,DVC,1,holdout
2026-07-31,KBS:UPCOM:DVG,DVG,1,holdout
2026-07-31,KBS:UPCOM:DVW,DVW,1,holdout
2026-07-31,KBS:UPCOM:DWC,DWC,1,holdout
2026-07-31,KBS:UPCOM:DWS,DWS,1,holdout
2026-07-31,KBS:UPCOM:DXL,DXL,1,holdout
2026-07-31,KBS:UPCOM:E12,E12,1,holdout
2026-07-31,KBS:UPCOM:E29,E29,1,holdout
2026-07-31,KBS:UPCOM:EIC,EIC,1,holdout
2026-07-31,KBS:UPCOM:EIN,EIN,1,holdout
2026-07-31,KBS:UPCOM:EMG,EMG,1,holdout
2026-07-31,KBS:UPCOM:EMS,EMS,1,holdout
2026-07-31,KBS:UPCOM:FCC,FCC,1,holdout
2026-07-31,KBS:UPCOM:FCS,FCS,1,holdout
2026-07-31,KBS:UPCOM:FHN,FHN,1,holdout
2026-07-31,KBS:UPCOM:FHS,FHS,1,holdout
2026-07-31,KBS:UPCOM:FIC,FIC,1,holdout
2026-07-31,KBS:UPCOM:FOC,FOC,1,holdout
2026-07-31,KBS:UPCOM:FOX,FOX,1,holdout
2026-07-31,KBS:UPCOM:FRC,FRC,1,holdout
2026-07-31,KBS:UPCOM:FRM,FRM,1,holdout
2026-07-31,KBS:UPCOM:FT1,FT1,1,holdout
2026-07-31,KBS:UPCOM:FTI,FTI,1,holdout
2026-07-31,KBS:UPCOM:FTM,FTM,1,holdout
2026-07-31,KBS:UPCOM:G36,G36,1,holdout
2026-07-31,KBS:UPCOM:GCB,GCB,1,holdout
2026-07-31,KBS:UPCOM:GCF,GCF,1,holdout
2026-07-31,KBS:UPCOM:GER,GER,1,holdout
2026-07-31,KBS:UPCOM:GGG,GGG,1,holdout
2026-07-31,KBS:UPCOM:GH3,GH3,1,holdout
2026-07-31,KBS:UPCOM:GLC,GLC,1,holdout
2026-07-31,KBS:UPCOM:GMC,GMC,1,holdout
2026-07-31,KBS:UPCOM:GND,GND,1,holdout
2026-07-31,KBS:UPCOM:GPC,GPC,1,holdout
2026-07-31,KBS:UPCOM:GSM,GSM,1,holdout
2026-07-31,KBS:UPCOM:GTD,GTD,1,holdout
2026-07-31,KBS:UPCOM:GTS,GTS,1,holdout
2026-07-31,KBS:UPCOM:H11,H11,1,holdout
2026-07-31,KBS:UPCOM:HAC,HAC,1,holdout
2026-07-31,KBS:UPCOM:HAF,HAF,1,holdout
2026-07-31,KBS:UPCOM:HAM,HAM,1,holdout
2026-07-31,KBS:UPCOM:HAN,HAN,1,holdout
2026-07-31,KBS:UPCOM:HBC,HBC,1,holdout
2026-07-31,KBS:UPCOM:HBD,HBD,1,holdout
2026-07-31,KBS:UPCOM:HBH,HBH,1,holdout
2026-07-31,KBS:UPCOM:HD6,HD6,1,holdout
2026-07-31,KBS:UPCOM:HDW,HDW,1,holdout
2026-07-31,KBS:UPCOM:HEJ,HEJ,1,holdout
2026-07-31,KBS:UPCOM:HEP,HEP,1,holdout
2026-07-31,KBS:UPCOM:HES,HES,1,holdout
2026-07-31,KBS:UPCOM:HHG,HHG,1,holdout
2026-07-31,KBS:UPCOM:HLB,HLB,1,holdout
2026-07-31,KBS:UPCOM:HLS,HLS,1,holdout
2026-07-31,KBS:UPCOM:HND,HND,1,holdout
2026-07-31,KBS:UPCOM:HNF,HNF,1,holdout
2026-07-31,KBS:UPCOM:HNG,HNG,1,holdout
2026-07-31,KBS:UPCOM:HNM,HNM,1,holdout
2026-07-31,KBS:UPCOM:HPH,HPH,1,holdout
2026-07-31,KBS:UPCOM:HPT,HPT,1,holdout
2026-07-31,KBS:UPCOM:HTM,HTM,1,holdout
2026-07-31,KBS:UPCOM:HWS,HWS,1,holdout
2026-07-31,KBS:UPCOM:ICI,ICI,1,holdout
2026-07-31,KBS:UPCOM:ICN,ICN,1,holdout
2026-07-31,KBS:UPCOM:IFS,IFS,1,holdout
2026-07-31,KBS:UPCOM:ILA,ILA,1,holdout
2026-07-31,KBS:UPCOM:ILC,ILC,1,holdout
2026-07-31,KBS:UPCOM:ILS,ILS,1,holdout
2026-07-31,KBS:UPCOM:IST,IST,1,holdout
2026-07-31,KBS:UPCOM:JOS,JOS,1,holdout
2026-07-31,KBS:UPCOM:KHW,KHW,1,holdout
2026-07-31,KBS:UPCOM:KIP,KIP,1,holdout
2026-07-31,KBS:UPCOM:L43,L43,1,holdout
2026-07-31,KBS:UPCOM:L62,L62,1,holdout
2026-07-31,KBS:UPCOM:L63,L63,1,holdout
2026-07-31,KBS:UPCOM:LAI,LAI,1,holdout
2026-07-31,KBS:UPCOM:LIC,LIC,1,holdout
2026-07-31,KBS:UPCOM:LLM,LLM,1,holdout
2026-07-31,KBS:UPCOM:LMI,LMI,1,holdout
2026-07-31,KBS:UPCOM:LTC,LTC,1,holdout
2026-07-31,KBS:UPCOM:MDF,MDF,1,holdout
2026-07-31,KBS:UPCOM:MEC,MEC,1,holdout
2026-07-31,KBS:UPCOM:MFS,MFS,1,holdout
2026-07-31,KBS:UPCOM:MGC,MGC,1,holdout
2026-07-31,KBS:UPCOM:MGG,MGG,1,holdout
2026-07-31,KBS:UPCOM:MPC,MPC,1,holdout
2026-07-31,KBS:UPCOM:MSR,MSR,1,holdout
2026-07-31,KBS:UPCOM:MVN,MVN,1,holdout
2026-07-31,KBS:UPCOM:NAU,NAU,1,holdout
2026-07-31,KBS:UPCOM:NBT,NBT,1,holdout
2026-07-31,KBS:UPCOM:ND2,ND2,1,holdout
2026-07-31,KBS:UPCOM:NOS,NOS,1,holdout
2026-07-31,KBS:UPCOM:NQN,NQN,1,holdout
2026-07-31,KBS:UPCOM:NTT,NTT,1,holdout
2026-07-31,KBS:UPCOM:NTW,NTW,1,holdout
2026-07-31,KBS:UPCOM:NUE,NUE,1,holdout
2026-07-31,KBS:UPCOM:ODE,ODE,1,holdout
2026-07-31,KBS:UPCOM:OIL,OIL,1,holdout
2026-07-31,KBS:UPCOM:PCC,PCC,1,holdout
2026-07-31,KBS:UPCOM:PCF,PCF,1,holdout
2026-07-31,KBS:UPCOM:PCG,PCG,1,holdout
2026-07-31,KBS:UPCOM:PFL,PFL,1,holdout
2026-07-31,KBS:UPCOM:PHP,PHP,1,holdout
2026-07-31,KBS:UPCOM:PHS,PHS,1,holdout
2026-07-31,KBS:UPCOM:POM,POM,1,holdout
2026-07-31,KBS:UPCOM:PVE,PVE,1,holdout
2026-07-31,KBS:UPCOM:PVL,PVL,1,holdout
2026-07-31,KBS:UPCOM:PVX,PVX,1,holdout
2026-07-31,KBS:UPCOM:PWA,PWA,1,holdout
2026-07-31,KBS:UPCOM:PWS,PWS,1,holdout
2026-07-31,KBS:UPCOM:PXA,PXA,1,holdout
2026-07-31,KBS:UPCOM:PXI,PXI,1,holdout
2026-07-31,KBS:UPCOM:PXM,PXM,1,holdout
2026-07-31,KBS:UPCOM:PXS,PXS,1,holdout
2026-07-31,KBS:UPCOM:QBS,QBS,1,holdout
2026-07-31,KBS:UPCOM:QCC,QCC,1,holdout
2026-07-31,KBS:UPCOM:QHW,QHW,1,holdout
2026-07-31,KBS:UPCOM:QNC,QNC,1,holdout
2026-07-31,KBS:UPCOM:QNS,QNS,1,holdout
2026-07-31,KBS:UPCOM:QNW,QNW,1,holdout
2026-07-31,KBS:UPCOM:QPH,QPH,1,holdout
2026-07-31,KBS:UPCOM:QSP,QSP,1,holdout
2026-07-31,KBS:UPCOM:RIC,RIC,1,holdout
2026-07-31,KBS:UPCOM:S74,S74,1,holdout
2026-07-31,KBS:UPCOM:SBD,SBD,1,holdout
2026-07-31,KBS:UPCOM:SBM,SBM,1,holdout
2026-07-31,KBS:UPCOM:SCD,SCD,1,holdout
2026-07-31,KBS:UPCOM:SCJ,SCJ,1,holdout
2026-07-31,KBS:UPCOM:SCL,SCL,1,holdout
2026-07-31,KBS:UPCOM:SD2,SD2,1,holdout
2026-07-31,KBS:UPCOM:SD7,SD7,1,holdout
2026-07-31,KBS:UPCOM:SDP,SDP,1,holdout
2026-07-31,KBS:UPCOM:SEA,SEA,1,holdout
2026-07-31,KBS:UPCOM:SGB,SGB,1,holdout
2026-07-31,KBS:UPCOM:SGS,SGS,1,holdout
2026-07-31,KBS:UPCOM:SID,SID,1,holdout
2026-07-31,KBS:UPCOM:SJG,SJG,1,holdout
2026-07-31,KBS:UPCOM:SKV,SKV,1,holdout
2026-07-31,KBS:UPCOM:SRB,SRB,1,holdout
2026-07-31,KBS:UPCOM:SSG,SSG,1,holdout
2026-07-31,KBS:UPCOM:SSH,SSH,1,holdout
2026-07-31,KBS:UPCOM:STT,STT,1,holdout
2026-07-31,KBS:UPCOM:SWC,SWC,1,holdout
2026-07-31,KBS:UPCOM:SZG,SZG,1,holdout
2026-07-31,KBS:UPCOM:TAR,TAR,1,holdout
2026-07-31,KBS:UPCOM:TDB,TDB,1,holdout
2026-07-31,KBS:UPCOM:TDS,TDS,1,holdout
2026-07-31,KBS:UPCOM:TED,TED,1,holdout
2026-07-31,KBS:UPCOM:TGP,TGP,1,holdout
2026-07-31,KBS:UPCOM:THW,THW,1,holdout
2026-07-31,KBS:UPCOM:TIS,TIS,1,holdout
2026-07-31,KBS:UPCOM:TLP,TLP,1,holdout
2026-07-31,KBS:UPCOM:TNW,TNW,1,holdout
2026-07-31,KBS:UPCOM:TOS,TOS,1,holdout
2026-07-31,KBS:UPCOM:TOW,TOW,1,holdout
2026-07-31,KBS:UPCOM:TSD,TSD,1,holdout
2026-07-31,KBS:UPCOM:TST,TST,1,holdout
2026-07-31,KBS:UPCOM:TTD,TTD,1,holdout
2026-07-31,KBS:UPCOM:TTG,TTG,1,holdout
2026-07-31,KBS:UPCOM:TTS,TTS,1,holdout
2026-07-31,KBS:UPCOM:TUG,TUG,1,holdout
2026-07-31,KBS:UPCOM:TV1,TV1,1,holdout
2026-07-31,KBS:UPCOM:TVN,TVN,1,holdout
2026-07-31,KBS:UPCOM:UDC,UDC,1,holdout
2026-07-31,KBS:UPCOM:USC,USC,1,holdout
2026-07-31,KBS:UPCOM:VAV,VAV,1,holdout
2026-07-31,KBS:UPCOM:VCP,VCP,1,holdout
2026-07-31,KBS:UPCOM:VCR,VCR,1,holdout
2026-07-31,KBS:UPCOM:VDN,VDN,1,holdout
2026-07-31,KBS:UPCOM:VEA,VEA,1,holdout
2026-07-31,KBS:UPCOM:VGG,VGG,1,holdout
2026-07-31,KBS:UPCOM:VGI,VGI,1,holdout
2026-07-31,KBS:UPCOM:VGT,VGT,1,holdout
2026-07-31,KBS:UPCOM:VHG,VHG,1,holdout
2026-07-31,KBS:UPCOM:VIM,VIM,1,holdout
2026-07-31,KBS:UPCOM:VIN,VIN,1,holdout
2026-07-31,KBS:UPCOM:VIW,VIW,1,holdout
2026-07-31,KBS:UPCOM:VKC,VKC,1,holdout
2026-07-31,KBS:UPCOM:VLG,VLG,1,holdout
2026-07-31,KBS:UPCOM:VLW,VLW,1,holdout
2026-07-31,KBS:UPCOM:VNB,VNB,1,holdout
2026-07-31,KBS:UPCOM:VNZ,VNZ,1,holdout
2026-07-31,KBS:UPCOM:VPR,VPR,1,holdout
2026-07-31,KBS:UPCOM:VSE,VSE,1,holdout
2026-07-31,KBS:UPCOM:VST,VST,1,holdout
2026-07-31,KBS:UPCOM:VTK,VTK,1,holdout
2026-07-31,KBS:UPCOM:VW3,VW3,1,holdout
2026-07-31,KBS:UPCOM:WSB,WSB,1,holdout
2026-07-31,KBS:UPCOM:XMC,XMC,1,holdout
2026-07-31,KBS:UPCOM:XMD,XMD,1,holdout
2026-07-31,KBS:UPCOM:XMP,XMP,1,holdout
2026-08-28,KBS:HNX:ADC,ADC,1,holdout
2026-08-28,KBS:HNX:ALT,ALT,1,holdout
2026-08-28,KBS:HNX:AMC,AMC,1,holdout
2026-08-28,KBS:HNX:AME,AME,1,holdout
2026-08-28,KBS:HNX:AMV,AMV,1,holdout
2026-08-28,KBS:HNX:API,API,1,holdout
2026-08-28,KBS:HNX:APS,APS,1,holdout
2026-08-28,KBS:HNX:ARM,ARM,1,holdout
2026-08-28,KBS:HNX:ATS,ATS,1,holdout
2026-08-28,KBS:HNX:BAB,BAB,1,holdout
2026-08-28,KBS:HNX:BAX,BAX,1,holdout
2026-08-28,KBS:HNX:BBS,BBS,1,holdout
2026-08-28,KBS:HNX:BCF,BCF,1,holdout
2026-08-28,KBS:HNX:BED,BED,1,holdout
2026-08-28,KBS:HNX:BKC,BKC,1,holdout
2026-08-28,KBS:HNX:BNA,BNA,1,holdout
2026-08-28,KBS:HNX:BPC,BPC,1,holdout
2026-08-28,KBS:HNX:BTS,BTS,1,holdout
2026-08-28,KBS:HNX:BTW,BTW,1,holdout
2026-08-28,KBS:HNX:BVS,BVS,1,holdout
2026-08-28,KBS:HNX:BXH,BXH,1,holdout
2026-08-28,KBS:HNX:C69,C69,1,holdout
2026-08-28,KBS:HNX:CAG,CAG,1,holdout
2026-08-28,KBS:HNX:CAN,CAN,1,holdout
2026-08-28,KBS:HNX:CAP,CAP,1,holdout
2026-08-28,KBS:HNX:CAR,CAR,1,holdout
2026-08-28,KBS:HNX:CCR,CCR,1,holdout
2026-08-28,KBS:HNX:CDN,CDN,1,holdout
2026-08-28,KBS:HNX:CEO,CEO,1,holdout
2026-08-28,KBS:HNX:CET,CET,1,holdout
2026-08-28,KBS:HNX:CIA,CIA,1,holdout
2026-08-28,KBS:HNX:CJC,CJC,1,holdout
2026-08-28,KBS:HNX:CKV,CKV,1,holdout
2026-08-28,KBS:HNX:CLH,CLH,1,holdout
2026-08-28,KBS:HNX:CLM,CLM,1,holdout
2026-08-28,KBS:HNX:CMC,CMC,1,holdout
2026-08-28,KBS:HNX:CMS,CMS,1,holdout
2026-08-28,KBS:HNX:CPC,CPC,1,holdout
2026-08-28,KBS:HNX:CSC,CSC,1,holdout
2026-08-28,KBS:HNX:CST,CST,1,holdout
2026-08-28,KBS:HNX:CTB,CTB,1,holdout
2026-08-28,KBS:HNX:CTP,CTP,1,holdout
2026-08-28,KBS:HNX:CTT,CTT,1,holdout
2026-08-28,KBS:HNX:CX8,CX8,1,holdout
2026-08-28,KBS:HNX:D11,D11,1,holdout
2026-08-28,KBS:HNX:DAD,DAD,1,holdout
2026-08-28,KBS:HNX:DAE,DAE,1,holdout
2026-08-28,KBS:HNX:DC2,DC2,1,holdout
2026-08-28,KBS:HNX:DHP,DHP,1,holdout
2026-08-28,KBS:HNX:DIH,DIH,1,holdout
2026-08-28,KBS:HNX:DL1,DL1,1,holdout
2026-08-28,KBS:HNX:DNC,DNC,1,holdout
2026-08-28,KBS:HNX:DNP,DNP,1,holdout
2026-08-28,KBS:HNX:DP3,DP3,1,holdout
2026-08-28,KBS:HNX:DS3,DS3,1,holdout
2026-08-28,KBS:HNX:DST,DST,1,holdout
2026-08-28,KBS:HNX:DTD,DTD,1,holdout
2026-08-28,KBS:HNX:DTK,DTK,1,holdout
2026-08-28,KBS:HNX:DVM,DVM,1,holdout
2026-08-28,KBS:HNX:EBS,EBS,1,holdout
2026-08-28,KBS:HNX:ECI,ECI,1,holdout
2026-08-28,KBS:HNX:EID,EID,1,holdout
2026-08-28,KBS:HNX:EVS,EVS,1,holdout
2026-08-28,KBS:HNX:FID,FID,1,holdout
2026-08-28,KBS:HNX:GDW,GDW,1,holdout
2026-08-28,KBS:HNX:GKM,GKM,1,holdout
2026-08-28,KBS:HNX:GLT,GLT,1,holdout
2026-08-28,KBS:HNX:GMA,GMA,1,holdout
2026-08-28,KBS:HNX:GMX,GMX,1,holdout
2026-08-28,KBS:HNX:HAD,HAD,1,holdout
2026-08-28,KBS:HNX:HAT,HAT,1,holdout
2026-08-28,KBS:HNX:HBS,HBS,1,holdout
2026-08-28,KBS:HNX:HCC,HCC,1,holdout
2026-08-28,KBS:HNX:HDA,HDA,1,holdout
2026-08-28,KBS:HNX:HEV,HEV,1,holdout
2026-08-28,KBS:HNX:HGM,HGM,1,holdout
2026-08-28,KBS:HNX:HHC,HHC,1,holdout
2026-08-28,KBS:HNX:HJS,HJS,1,holdout
2026-08-28,KBS:HNX:HKT,HKT,1,holdout
2026-08-28,KBS:HNX:HLC,HLC,1,holdout
2026-08-28,KBS:HNX:HLD,HLD,1,holdout
2026-08-28,KBS:HNX:HMH,HMH,1,holdout
2026-08-28,KBS:HNX:HMR,HMR,1,holdout
2026-08-28,KBS:HNX:HTC,HTC,1,holdout
2026-08-28,KBS:HNX:HUT,HUT,1,holdout
2026-08-28,KBS:HNX:HVT,HVT,1,holdout
2026-08-28,KBS:HNX:ICG,ICG,1,holdout
2026-08-28,KBS:HNX:IDC,IDC,1,holdout
2026-08-28,KBS:HNX:IDJ,IDJ,1,holdout
2026-08-28,KBS:HNX:IDV,IDV,1,holdout
2026-08-28,KBS:HNX:INC,INC,1,holdout
2026-08-28,KBS:HNX:INN,INN,1,holdout
2026-08-28,KBS:HNX:IPA,IPA,1,holdout
2026-08-28,KBS:HNX:IVS,IVS,1,holdout
2026-08-28,KBS:HNX:KDM,KDM,1,holdout
2026-08-28,KBS:HNX:KHS,KHS,1,holdout
2026-08-28,KBS:HNX:KKC,KKC,1,holdout
2026-08-28,KBS:HNX:KSD,KSD,1,holdout
2026-08-28,KBS:HNX:KSF,KSF,1,holdout
2026-08-28,KBS:HNX:KST,KST,1,holdout
2026-08-28,KBS:HNX:KSV,KSV,1,holdout
2026-08-28,KBS:HNX:KTS,KTS,1,holdout
2026-08-28,KBS:HNX:L14,L14,1,holdout
2026-08-28,KBS:HNX:L18,L18,1,holdout
2026-08-28,KBS:HNX:LBE,LBE,1,holdout
2026-08-28,KBS:HNX:LCD,LCD,1,holdout
2026-08-28,KBS:HNX:LDP,LDP,1,holdout
2026-08-28,KBS:HNX:LHC,LHC,1,holdout
2026-08-28,KBS:HNX:LIG,LIG,1,holdout
2026-08-28,KBS:HNX:MAC,MAC,1,holdout
2026-08-28,KBS:HNX:MAS,MAS,1,holdout
2026-08-28,KBS:HNX:MBG,MBG,1,holdout
2026-08-28,KBS:HNX:MCC,MCC,1,holdout
2026-08-28,KBS:HNX:MCF,MCF,1,holdout
2026-08-28,KBS:HNX:MCO,MCO,1,holdout
2026-08-28,KBS:HNX:MDC,MDC,1,holdout
2026-08-28,KBS:HNX:MED,MED,1,holdout
2026-08-28,KBS:HNX:MIC,MIC,1,holdout
2026-08-28,KBS:HNX:MKV,MKV,1,holdout
2026-08-28,KBS:HNX:MST,MST,1,holdout
2026-08-28,KBS:HNX:MVB,MVB,1,holdout
2026-08-28,KBS:HNX:NAG,NAG,1,holdout
2026-08-28,KBS:HNX:NAP,NAP,1,holdout
2026-08-28,KBS:HNX:NBP,NBP,1,holdout
2026-08-28,KBS:HNX:NBW,NBW,1,holdout
2026-08-28,KBS:HNX:NDN,NDN,1,holdout
2026-08-28,KBS:HNX:NET,NET,1,holdout
2026-08-28,KBS:HNX:NFC,NFC,1,holdout
2026-08-28,KBS:HNX:NHC,NHC,1,holdout
2026-08-28,KBS:HNX:NRC,NRC,1,holdout
2026-08-28,KBS:HNX:NSH,NSH,1,holdout
2026-08-28,KBS:HNX:NST,NST,1,holdout
2026-08-28,KBS:HNX:NTH,NTH,1,holdout
2026-08-28,KBS:HNX:NTP,NTP,1,holdout
2026-08-28,KBS:HNX:NVB,NVB,1,holdout
2026-08-28,KBS:HNX:ONE,ONE,1,holdout
2026-08-28,KBS:HNX:PBP,PBP,1,holdout
2026-08-28,KBS:HNX:PCE,PCE,1,holdout
2026-08-28,KBS:HNX:PCH,PCH,1,holdout
2026-08-28,KBS:HNX:PCT,PCT,1,holdout
2026-08-28,KBS:HNX:PDB,PDB,1,holdout
2026-08-28,KBS:HNX:PEN,PEN,1,holdout
2026-08-28,KBS:HNX:PGN,PGN,1,holdout
2026-08-28,KBS:HNX:PGS,PGS,1,holdout
2026-08-28,KBS:HNX:PGT,PGT,1,holdout
2026-08-28,KBS:HNX:PHN,PHN,1,holdout
2026-08-28,KBS:HNX:PIA,PIA,1,holdout
2026-08-28,KBS:HNX:PIC,PIC,1,holdout
2026-08-28,KBS:HNX:PJC,PJC,1,holdout
2026-08-28,KBS:HNX:PLC,PLC,1,holdout
2026-08-28,KBS:HNX:PMB,PMB,1,holdout
2026-08-28,KBS:HNX:PMC,PMC,1,holdout
2026-08-28,KBS:HNX:PMP,PMP,1,holdout
2026-08-28,KBS:HNX:PMS,PMS,1,holdout
2026-08-28,KBS:HNX:POT,POT,1,holdout
2026-08-28,KBS:HNX:PPE,PPE,1,holdout
2026-08-28,KBS:HNX:PPP,PPP,1,holdout
2026-08-28,KBS:HNX:PPS,PPS,1,holdout
2026-08-28,KBS:HNX:PPT,PPT,1,holdout
2026-08-28,KBS:HNX:PPY,PPY,1,holdout
2026-08-28,KBS:HNX:PRC,PRC,1,holdout
2026-08-28,KBS:HNX:PRE,PRE,1,holdout
2026-08-28,KBS:HNX:PSD,PSD,1,holdout
2026-08-28,KBS:HNX:PSE,PSE,1,holdout
2026-08-28,KBS:HNX:PSI,PSI,1,holdout
2026-08-28,KBS:HNX:PSW,PSW,1,holdout
2026-08-28,KBS:HNX:PTD,PTD,1,holdout
2026-08-28,KBS:HNX:PTS,PTS,1,holdout
2026-08-28,KBS:HNX:PTX,PTX,1,holdout
2026-08-28,KBS:HNX:PV2,PV2,1,holdout
2026-08-28,KBS:HNX:PVB,PVB,1,holdout
2026-08-28,KBS:HNX:PVC,PVC,1,holdout
2026-08-28,KBS:HNX:PVG,PVG,1,holdout
2026-08-28,KBS:HNX:PVI,PVI,1,holdout
2026-08-28,KBS:HNX:QST,QST,1,holdout
2026-08-28,KBS:HNX:QTC,QTC,1,holdout
2026-08-28,KBS:HNX:S55,S55,1,holdout
2026-08-28,KBS:HNX:S99,S99,1,holdout
2026-08-28,KBS:HNX:SAF,SAF,1,holdout
2026-08-28,KBS:HNX:SCG,SCG,1,holdout
2026-08-28,KBS:HNX:SCI,SCI,1,holdout
2026-08-28,KBS:HNX:SD5,SD5,1,holdout
2026-08-28,KBS:HNX:SD9,SD9,1,holdout
2026-08-28,KBS:HNX:SDG,SDG,1,holdout
2026-08-28,KBS:HNX:SDN,SDN,1,holdout
2026-08-28,KBS:HNX:SDU,SDU,1,holdout
2026-08-28,KBS:HNX:SEB,SEB,1,holdout
2026-08-28,KBS:HNX:SED,SED,1,holdout
2026-08-28,KBS:HNX:SFN,SFN,1,holdout
2026-08-28,KBS:HNX:SGC,SGC,1,holdout
2026-08-28,KBS:HNX:SGD,SGD,1,holdout
2026-08-28,KBS:HNX:SGH,SGH,1,holdout
2026-08-28,KBS:HNX:SHE,SHE,1,holdout
2026-08-28,KBS:HNX:SHS,SHS,0,holdout
2026-08-28,KBS:HNX:SJ1,SJ1,1,holdout
2026-08-28,KBS:HNX:SJE,SJE,1,holdout
2026-08-28,KBS:HNX:SLS,SLS,1,holdout
2026-08-28,KBS:HNX:SMN,SMN,1,holdout
2026-08-28,KBS:HNX:SRA,SRA,1,holdout
2026-08-28,KBS:HNX:STC,STC,1,holdout
2026-08-28,KBS:HNX:STP,STP,1,holdout
2026-08-28,KBS:HNX:SVN,SVN,1,holdout
2026-08-28,KBS:HNX:TA9,TA9,1,holdout
2026-08-28,KBS:HNX:TDT,TDT,1,holdout
2026-08-28,KBS:HNX:TET,TET,1,holdout
2026-08-28,KBS:HNX:THD,THD,1,holdout
2026-08-28,KBS:HNX:THS,THS,1,holdout
2026-08-28,KBS:HNX:THT,THT,1,holdout
2026-08-28,KBS:HNX:TIG,TIG,1,holdout
2026-08-28,KBS:HNX:TKU,TKU,1,holdout
2026-08-28,KBS:HNX:TMB,TMB,1,holdout
2026-08-28,KBS:HNX:TMX,TMX,1,holdout
2026-08-28,KBS:HNX:TOT,TOT,1,holdout
2026-08-28,KBS:HNX:TTC,TTC,1,holdout
2026-08-28,KBS:HNX:TTH,TTH,1,holdout
2026-08-28,KBS:HNX:TTT,TTT,1,holdout
2026-08-28,KBS:HNX:TV3,TV3,1,holdout
2026-08-28,KBS:HNX:TVC,TVC,1,holdout
2026-08-28,KBS:HNX:TVD,TVD,1,holdout
2026-08-28,KBS:HNX:UNI,UNI,1,holdout
2026-08-28,KBS:HNX:V12,V12,1,holdout
2026-08-28,KBS:HNX:V21,V21,1,holdout
2026-08-28,KBS:HNX:VBC,VBC,1,holdout
2026-08-28,KBS:HNX:VC1,VC1,1,holdout
2026-08-28,KBS:HNX:VC7,VC7,1,holdout
2026-08-28,KBS:HNX:VC9,VC9,1,holdout
2026-08-28,KBS:HNX:VCC,VCC,1,holdout
2026-08-28,KBS:HNX:VCM,VCM,1,holdout
2026-08-28,KBS:HNX:VCS,VCS,1,holdout
2026-08-28,KBS:HNX:VDL,VDL,1,holdout
2026-08-28,KBS:HNX:VE3,VE3,1,holdout
2026-08-28,KBS:HNX:VFS,VFS,1,holdout
2026-08-28,KBS:HNX:VGP,VGP,1,holdout
2026-08-28,KBS:HNX:VGS,VGS,1,holdout
2026-08-28,KBS:HNX:VHE,VHE,1,holdout
2026-08-28,KBS:HNX:VHL,VHL,1,holdout
2026-08-28,KBS:HNX:VIG,VIG,1,holdout
2026-08-28,KBS:HNX:VIT,VIT,1,holdout
2026-08-28,KBS:HNX:VMC,VMC,1,holdout
2026-08-28,KBS:HNX:VNF,VNF,1,holdout
2026-08-28,KBS:HNX:VNT,VNT,1,holdout
2026-08-28,KBS:HNX:VSA,VSA,1,holdout
2026-08-28,KBS:HNX:VTC,VTC,1,holdout
2026-08-28,KBS:HNX:VTH,VTH,1,holdout
2026-08-28,KBS:HNX:VTV,VTV,1,holdout
2026-08-28,KBS:HNX:VTZ,VTZ,1,holdout
2026-08-28,KBS:HNX:WSS,WSS,1,holdout
2026-08-28,KBS:HNX:X20,X20,1,holdout
2026-08-28,KBS:HOSE:AAM,AAM,1,holdout
2026-08-28,KBS:HOSE:AAT,AAT,1,holdout
2026-08-28,KBS:HOSE:ABR,ABR,1,holdout
2026-08-28,KBS:HOSE:ABS,ABS,1,holdout
2026-08-28,KBS:HOSE:ABT,ABT,1,holdout
2026-08-28,KBS:HOSE:ACC,ACC,1,holdout
2026-08-28,KBS:HOSE:ACG,ACG,1,holdout
2026-08-28,KBS:HOSE:ACL,ACL,1,holdout
2026-08-28,KBS:HOSE:ADG,ADG,1,holdout
2026-08-28,KBS:HOSE:ADP,ADP,1,holdout
2026-08-28,KBS:HOSE:ADS,ADS,1,holdout
2026-08-28,KBS:HOSE:AGG,AGG,1,holdout
2026-08-28,KBS:HOSE:AGR,AGR,1,holdout
2026-08-28,KBS:HOSE:ANV,ANV,1,holdout
2026-08-28,KBS:HOSE:APG,APG,1,holdout
2026-08-28,KBS:HOSE:APH,APH,1,holdout
2026-08-28,KBS:HOSE:ASG,ASG,1,holdout
2026-08-28,KBS:HOSE:ASM,ASM,1,holdout
2026-08-28,KBS:HOSE:ASP,ASP,1,holdout
2026-08-28,KBS:HOSE:AST,AST,1,holdout
2026-08-28,KBS:HOSE:BAF,BAF,1,holdout
2026-08-28,KBS:HOSE:BCE,BCE,1,holdout
2026-08-28,KBS:HOSE:BCM,BCM,1,holdout
2026-08-28,KBS:HOSE:BFC,BFC,1,holdout
2026-08-28,KBS:HOSE:BHN,BHN,1,holdout
2026-08-28,KBS:HOSE:BIC,BIC,1,holdout
2026-08-28,KBS:HOSE:BKG,BKG,1,holdout
2026-08-28,KBS:HOSE:BMI,BMI,1,holdout
2026-08-28,KBS:HOSE:BRC,BRC,1,holdout
2026-08-28,KBS:HOSE:BSI,BSI,1,holdout
2026-08-28,KBS:HOSE:BSR,BSR,0,holdout
2026-08-28,KBS:HOSE:BTP,BTP,1,holdout
2026-08-28,KBS:HOSE:BVH,BVH,1,holdout
2026-08-28,KBS:HOSE:C32,C32,1,holdout
2026-08-28,KBS:HOSE:CCI,CCI,1,holdout
2026-08-28,KBS:HOSE:CCL,CCL,1,holdout
2026-08-28,KBS:HOSE:CDC,CDC,1,holdout
2026-08-28,KBS:HOSE:CHP,CHP,1,holdout
2026-08-28,KBS:HOSE:CIG,CIG,1,holdout
2026-08-28,KBS:HOSE:CII,CII,1,holdout
2026-08-28,KBS:HOSE:CKG,CKG,1,holdout
2026-08-28,KBS:HOSE:CLC,CLC,1,holdout
2026-08-28,KBS:HOSE:CLW,CLW,1,holdout
2026-08-28,KBS:HOSE:CMV,CMV,1,holdout
2026-08-28,KBS:HOSE:CMX,CMX,1,holdout
2026-08-28,KBS:HOSE:CNG,CNG,1,holdout
2026-08-28,KBS:HOSE:COM,COM,1,holdout
2026-08-28,KBS:HOSE:CRC,CRC,1,holdout
2026-08-28,KBS:HOSE:CRE,CRE,1,holdout
2026-08-28,KBS:HOSE:CSM,CSM,1,holdout
2026-08-28,KBS:HOSE:CSV,CSV,1,holdout
2026-08-28,KBS:HOSE:CTD,CTD,1,holdout
2026-08-28,KBS:HOSE:CTF,CTF,1,holdout
2026-08-28,KBS:HOSE:CTI,CTI,1,holdout
2026-08-28,KBS:HOSE:CTR,CTR,1,holdout
2026-08-28,KBS:HOSE:CTS,CTS,1,holdout
2026-08-28,KBS:HOSE:CVT,CVT,1,holdout
2026-08-28,KBS:HOSE:D2D,D2D,1,holdout
2026-08-28,KBS:HOSE:DAH,DAH,1,holdout
2026-08-28,KBS:HOSE:DBC,DBC,1,holdout
2026-08-28,KBS:HOSE:DBD,DBD,1,holdout
2026-08-28,KBS:HOSE:DC4,DC4,1,holdout
2026-08-28,KBS:HOSE:DCL,DCL,1,holdout
2026-08-28,KBS:HOSE:DCM,DCM,1,holdout
2026-08-28,KBS:HOSE:DGC,DGC,1,holdout
2026-08-28,KBS:HOSE:DGW,DGW,1,holdout
2026-08-28,KBS:HOSE:DHA,DHA,1,holdout
2026-08-28,KBS:HOSE:DHC,DHC,1,holdout
2026-08-28,KBS:HOSE:DLG,DLG,1,holdout
2026-08-28,KBS:HOSE:DMC,DMC,1,holdout
2026-08-28,KBS:HOSE:DPG,DPG,1,holdout
2026-08-28,KBS:HOSE:DQC,DQC,1,holdout
2026-08-28,KBS:HOSE:DRC,DRC,1,holdout
2026-08-28,KBS:HOSE:DRH,DRH,1,holdout
2026-08-28,KBS:HOSE:DSC,DSC,1,holdout
2026-08-28,KBS:HOSE:DSN,DSN,1,holdout
2026-08-28,KBS:HOSE:DTA,DTA,1,holdout
2026-08-28,KBS:HOSE:DTL,DTL,1,holdout
2026-08-28,KBS:HOSE:DTT,DTT,1,holdout
2026-08-28,KBS:HOSE:DVP,DVP,1,holdout
2026-08-28,KBS:HOSE:DXG,DXG,1,holdout
2026-08-28,KBS:HOSE:DXS,DXS,1,holdout
2026-08-28,KBS:HOSE:DXV,DXV,1,holdout
2026-08-28,KBS:HOSE:EIB,EIB,1,holdout
2026-08-28,KBS:HOSE:ELC,ELC,1,holdout
2026-08-28,KBS:HOSE:EVE,EVE,1,holdout
2026-08-28,KBS:HOSE:EVF,EVF,1,holdout
2026-08-28,KBS:HOSE:EVG,EVG,1,holdout
2026-08-28,KBS:HOSE:FCM,FCM,1,holdout
2026-08-28,KBS:HOSE:FCN,FCN,1,holdout
2026-08-28,KBS:HOSE:FDC,FDC,1,holdout
2026-08-28,KBS:HOSE:FIR,FIR,1,holdout
2026-08-28,KBS:HOSE:FIT,FIT,1,holdout
2026-08-28,KBS:HOSE:FMC,FMC,1,holdout
2026-08-28,KBS:HOSE:FPT,FPT,0,holdout
2026-08-28,KBS:HOSE:FRT,FRT,1,holdout
2026-08-28,KBS:HOSE:FTS,FTS,1,holdout
2026-08-28,KBS:HOSE:GAS,GAS,1,holdout
2026-08-28,KBS:HOSE:GDT,GDT,1,holdout
2026-08-28,KBS:HOSE:GEE,GEE,1,holdout
2026-08-28,KBS:HOSE:GEG,GEG,1,holdout
2026-08-28,KBS:HOSE:GIL,GIL,1,holdout
2026-08-28,KBS:HOSE:GMD,GMD,1,holdout
2026-08-28,KBS:HOSE:GMH,GMH,1,holdout
2026-08-28,KBS:HOSE:GTA,GTA,1,holdout
2026-08-28,KBS:HOSE:HAG,HAG,1,holdout
2026-08-28,KBS:HOSE:HAP,HAP,1,holdout
2026-08-28,KBS:HOSE:HAR,HAR,1,holdout
2026-08-28,KBS:HOSE:HAS,HAS,1,holdout
2026-08-28,KBS:HOSE:HAX,HAX,1,holdout
2026-08-28,KBS:HOSE:HCD,HCD,1,holdout
2026-08-28,KBS:HOSE:HCM,HCM,0,holdout
2026-08-28,KBS:HOSE:HDC,HDC,1,holdout
2026-08-28,KBS:HOSE:HDG,HDG,1,holdout
2026-08-28,KBS:HOSE:HHP,HHP,1,holdout
2026-08-28,KBS:HOSE:HHV,HHV,1,holdout
2026-08-28,KBS:HOSE:HID,HID,1,holdout
2026-08-28,KBS:HOSE:HII,HII,1,holdout
2026-08-28,KBS:HOSE:HMC,HMC,1,holdout
2026-08-28,KBS:HOSE:HPX,HPX,1,holdout
2026-08-28,KBS:HOSE:HQC,HQC,1,holdout
2026-08-28,KBS:HOSE:HRC,HRC,1,holdout
2026-08-28,KBS:HOSE:HSG,HSG,1,holdout
2026-08-28,KBS:HOSE:HSL,HSL,1,holdout
2026-08-28,KBS:HOSE:HTG,HTG,1,holdout
2026-08-28,KBS:HOSE:HTI,HTI,1,holdout
2026-08-28,KBS:HOSE:HTL,HTL,1,holdout
2026-08-28,KBS:HOSE:HTN,HTN,1,holdout
2026-08-28,KBS:HOSE:HTV,HTV,1,holdout
2026-08-28,KBS:HOSE:HU1,HU1,1,holdout
2026-08-28,KBS:HOSE:HUB,HUB,1,holdout
2026-08-28,KBS:HOSE:HVN,HVN,1,holdout
2026-08-28,KBS:HOSE:ICT,ICT,1,holdout
2026-08-28,KBS:HOSE:IJC,IJC,1,holdout
2026-08-28,KBS:HOSE:ILB,ILB,1,holdout
2026-08-28,KBS:HOSE:ITC,ITC,1,holdout
2026-08-28,KBS:HOSE:ITD,ITD,1,holdout
2026-08-28,KBS:HOSE:JVC,JVC,1,holdout
2026-08-28,KBS:HOSE:KBC,KBC,1,holdout
2026-08-28,KBS:HOSE:KDC,KDC,1,holdout
2026-08-28,KBS:HOSE:KDH,KDH,1,holdout
2026-08-28,KBS:HOSE:KHG,KHG,1,holdout
2026-08-28,KBS:HOSE:KHP,KHP,1,holdout
2026-08-28,KBS:HOSE:KMR,KMR,1,holdout
2026-08-28,KBS:HOSE:KOS,KOS,1,holdout
2026-08-28,KBS:HOSE:KSB,KSB,1,holdout
2026-08-28,KBS:HOSE:L10,L10,1,holdout
2026-08-28,KBS:HOSE:LAF,LAF,1,holdout
2026-08-28,KBS:HOSE:LBM,LBM,1,holdout
2026-08-28,KBS:HOSE:LCG,LCG,1,holdout
2026-08-28,KBS:HOSE:LDG,LDG,1,holdout
2026-08-28,KBS:HOSE:LGL,LGL,1,holdout
2026-08-28,KBS:HOSE:LHG,LHG,1,holdout
2026-08-28,KBS:HOSE:LIX,LIX,1,holdout
2026-08-28,KBS:HOSE:LM8,LM8,1,holdout
2026-08-28,KBS:HOSE:LPB,LPB,0,holdout
2026-08-28,KBS:HOSE:LSS,LSS,1,holdout
2026-08-28,KBS:HOSE:MBB,MBB,0,holdout
2026-08-28,KBS:HOSE:MCM,MCM,1,holdout
2026-08-28,KBS:HOSE:MCP,MCP,1,holdout
2026-08-28,KBS:HOSE:MDG,MDG,1,holdout
2026-08-28,KBS:HOSE:MHC,MHC,1,holdout
2026-08-28,KBS:HOSE:MIG,MIG,1,holdout
2026-08-28,KBS:HOSE:MSB,MSB,0,holdout
2026-08-28,KBS:HOSE:MSH,MSH,1,holdout
2026-08-28,KBS:HOSE:MWG,MWG,0,holdout
2026-08-28,KBS:HOSE:NAB,NAB,1,holdout
2026-08-28,KBS:HOSE:NAF,NAF,1,holdout
2026-08-28,KBS:HOSE:NAV,NAV,1,holdout
2026-08-28,KBS:HOSE:NBB,NBB,1,holdout
2026-08-28,KBS:HOSE:NCT,NCT,1,holdout
2026-08-28,KBS:HOSE:NHA,NHA,1,holdout
2026-08-28,KBS:HOSE:NHT,NHT,1,holdout
2026-08-28,KBS:HOSE:NKG,NKG,1,holdout
2026-08-28,KBS:HOSE:NLG,NLG,1,holdout
2026-08-28,KBS:HOSE:NNC,NNC,1,holdout
2026-08-28,KBS:HOSE:NO1,NO1,1,holdout
2026-08-28,KBS:HOSE:NTL,NTL,1,holdout
2026-08-28,KBS:HOSE:NVL,NVL,0,holdout
2026-08-28,KBS:HOSE:NVT,NVT,1,holdout
2026-08-28,KBS:HOSE:OCB,OCB,1,holdout
2026-08-28,KBS:HOSE:OGC,OGC,1,holdout
2026-08-28,KBS:HOSE:OPC,OPC,1,holdout
2026-08-28,KBS:HOSE:ORS,ORS,1,holdout
2026-08-28,KBS:HOSE:PAC,PAC,1,holdout
2026-08-28,KBS:HOSE:PAN,PAN,1,holdout
2026-08-28,KBS:HOSE:PDN,PDN,1,holdout
2026-08-28,KBS:HOSE:PDR,PDR,1,holdout
2026-08-28,KBS:HOSE:PGC,PGC,1,holdout
2026-08-28,KBS:HOSE:PGD,PGD,1,holdout
2026-08-28,KBS:HOSE:PGI,PGI,1,holdout
2026-08-28,KBS:HOSE:PGV,PGV,1,holdout
2026-08-28,KBS:HOSE:PHR,PHR,1,holdout
2026-08-28,KBS:HOSE:PIT,PIT,1,holdout
2026-08-28,KBS:HOSE:PJT,PJT,1,holdout
2026-08-28,KBS:HOSE:PLP,PLP,1,holdout
2026-08-28,KBS:HOSE:PLX,PLX,1,holdout
2026-08-28,KBS:HOSE:PNC,PNC,1,holdout
2026-08-28,KBS:HOSE:PNJ,PNJ,0,holdout
2026-08-28,KBS:HOSE:PTB,PTB,1,holdout
2026-08-28,KBS:HOSE:PTC,PTC,1,holdout
2026-08-28,KBS:HOSE:PTL,PTL,1,holdout
2026-08-28,KBS:HOSE:PVP,PVP,1,holdout
2026-08-28,KBS:HOSE:PVT,PVT,1,holdout
2026-08-28,KBS:HOSE:QCG,QCG,1,holdout
2026-08-28,KBS:HOSE:RAL,RAL,1,holdout
2026-08-28,KBS:HOSE:S4A,S4A,1,holdout
2026-08-28,KBS:HOSE:SAB,SAB,1,holdout
2026-08-28,KBS:HOSE:SAM,SAM,1,holdout
2026-08-28,KBS:HOSE:SAV,SAV,1,holdout
2026-08-28,KBS:HOSE:SBA,SBA,1,holdout
2026-08-28,KBS:HOSE:SBV,SBV,1,holdout
2026-08-28,KBS:HOSE:SC5,SC5,1,holdout
2026-08-28,KBS:HOSE:SCR,SCR,1,holdout
2026-08-28,KBS:HOSE:SCS,SCS,1,holdout
2026-08-28,KBS:HOSE:SFC,SFC,1,holdout
2026-08-28,KBS:HOSE:SFI,SFI,1,holdout
2026-08-28,KBS:HOSE:SGR,SGR,1,holdout
2026-08-28,KBS:HOSE:SGT,SGT,1,holdout
2026-08-28,KBS:HOSE:SHA,SHA,1,holdout
2026-08-28,KBS:HOSE:SHB,SHB,0,holdout
2026-08-28,KBS:HOSE:SHI,SHI,1,holdout
2026-08-28,KBS:HOSE:SHP,SHP,1,holdout
2026-08-28,KBS:HOSE:SIP,SIP,1,holdout
2026-08-28,KBS:HOSE:SJD,SJD,1,holdout
2026-08-28,KBS:HOSE:SJS,SJS,1,holdout
2026-08-28,KBS:HOSE:SMA,SMA,1,holdout
2026-08-28,KBS:HOSE:SMB,SMB,1,holdout
2026-08-28,KBS:HOSE:SMC,SMC,1,holdout
2026-08-28,KBS:HOSE:SPM,SPM,1,holdout
2026-08-28,KBS:HOSE:SRC,SRC,1,holdout
2026-08-28,KBS:HOSE:SRF,SRF,1,holdout
2026-08-28,KBS:HOSE:SSB,SSB,1,holdout
2026-08-28,KBS:HOSE:SSC,SSC,1,holdout
2026-08-28,KBS:HOSE:STB,STB,0,holdout
2026-08-28,KBS:HOSE:STG,STG,1,holdout
2026-08-28,KBS:HOSE:STK,STK,1,holdout
2026-08-28,KBS:HOSE:SVC,SVC,1,holdout
2026-08-28,KBS:HOSE:SVT,SVT,1,holdout
2026-08-28,KBS:HOSE:SZC,SZC,1,holdout
2026-08-28,KBS:HOSE:SZL,SZL,1,holdout
2026-08-28,KBS:HOSE:TCB,TCB,0,holdout
2026-08-28,KBS:HOSE:TCI,TCI,1,holdout
2026-08-28,KBS:HOSE:TCL,TCL,1,holdout
2026-08-28,KBS:HOSE:TCM,TCM,1,holdout
2026-08-28,KBS:HOSE:TCO,TCO,1,holdout
2026-08-28,KBS:HOSE:TCR,TCR,1,holdout
2026-08-28,KBS:HOSE:TDC,TDC,1,holdout
2026-08-28,KBS:HOSE:TDG,TDG,1,holdout
2026-08-28,KBS:HOSE:TDP,TDP,1,holdout
2026-08-28,KBS:HOSE:TDW,TDW,1,holdout
2026-08-28,KBS:HOSE:TEG,TEG,1,holdout
2026-08-28,KBS:HOSE:THG,THG,1,holdout
2026-08-28,KBS:HOSE:TIP,TIP,1,holdout
2026-08-28,KBS:HOSE:TIX,TIX,1,holdout
2026-08-28,KBS:HOSE:TLG,TLG,1,holdout
2026-08-28,KBS:HOSE:TLH,TLH,1,holdout
2026-08-28,KBS:HOSE:TMS,TMS,1,holdout
2026-08-28,KBS:HOSE:TMT,TMT,1,holdout
2026-08-28,KBS:HOSE:TN1,TN1,1,holdout
2026-08-28,KBS:HOSE:TNC,TNC,1,holdout
2026-08-28,KBS:HOSE:TNH,TNH,1,holdout
2026-08-28,KBS:HOSE:TNI,TNI,1,holdout
2026-08-28,KBS:HOSE:TNT,TNT,1,holdout
2026-08-28,KBS:HOSE:TPB,TPB,1,holdout
2026-08-28,KBS:HOSE:TRA,TRA,1,holdout
2026-08-28,KBS:HOSE:TRC,TRC,1,holdout
2026-08-28,KBS:HOSE:TTE,TTE,1,holdout
2026-08-28,KBS:HOSE:TV2,TV2,1,holdout
2026-08-28,KBS:HOSE:TVB,TVB,1,holdout
2026-08-28,KBS:HOSE:TVS,TVS,1,holdout
2026-08-28,KBS:HOSE:TVT,TVT,1,holdout
2026-08-28,KBS:HOSE:UIC,UIC,1,holdout
2026-08-28,KBS:HOSE:VAB,VAB,1,holdout
2026-08-28,KBS:HOSE:VCA,VCA,1,holdout
2026-08-28,KBS:HOSE:VCG,VCG,1,holdout
2026-08-28,KBS:HOSE:VDS,VDS,1,holdout
2026-08-28,KBS:HOSE:VFG,VFG,1,holdout
2026-08-28,KBS:HOSE:VGC,VGC,1,holdout
2026-08-28,KBS:HOSE:VHC,VHC,1,holdout
2026-08-28,KBS:HOSE:VHM,VHM,0,holdout
2026-08-28,KBS:HOSE:VID,VID,1,holdout
2026-08-28,KBS:HOSE:VIP,VIP,1,holdout
2026-08-28,KBS:HOSE:VIX,VIX,0,holdout
2026-08-28,KBS:HOSE:VJC,VJC,0,holdout
2026-08-28,KBS:HOSE:VMD,VMD,1,holdout
2026-08-28,KBS:HOSE:VND,VND,0,holdout
2026-08-28,KBS:HOSE:VNG,VNG,1,holdout
2026-08-28,KBS:HOSE:VOS,VOS,1,holdout
2026-08-28,KBS:HOSE:VPB,VPB,0,holdout
2026-08-28,KBS:HOSE:VPG,VPG,1,holdout
2026-08-28,KBS:HOSE:VPS,VPS,1,holdout
2026-08-28,KBS:HOSE:VSC,VSC,0,holdout
2026-08-28,KBS:HOSE:VSH,VSH,1,holdout
2026-08-28,KBS:HOSE:VSI,VSI,1,holdout
2026-08-28,KBS:HOSE:VTO,VTO,1,holdout
2026-08-28,KBS:HOSE:VTP,VTP,1,holdout
2026-08-28,KBS:UPCOM:A32,A32,1,holdout
2026-08-28,KBS:UPCOM:AAS,AAS,1,holdout
2026-08-28,KBS:UPCOM:ABB,ABB,1,holdout
2026-08-28,KBS:UPCOM:ABC,ABC,1,holdout
2026-08-28,KBS:UPCOM:ABI,ABI,1,holdout
2026-08-28,KBS:UPCOM:ABW,ABW,1,holdout
2026-08-28,KBS:UPCOM:ACE,ACE,1,holdout
2026-08-28,KBS:UPCOM:ACM,ACM,1,holdout
2026-08-28,KBS:UPCOM:ACS,ACS,1,holdout
2026-08-28,KBS:UPCOM:ACV,ACV,1,holdout
2026-08-28,KBS:UPCOM:AG1,AG1,1,holdout
2026-08-28,KBS:UPCOM:AGF,AGF,1,holdout
2026-08-28,KBS:UPCOM:AGM,AGM,1,holdout
2026-08-28,KBS:UPCOM:AGP,AGP,1,holdout
2026-08-28,KBS:UPCOM:AGX,AGX,1,holdout
2026-08-28,KBS:UPCOM:AIC,AIC,1,holdout
2026-08-28,KBS:UPCOM:ALV,ALV,1,holdout
2026-08-28,KBS:UPCOM:AMP,AMP,1,holdout
2026-08-28,KBS:UPCOM:AMS,AMS,1,holdout
2026-08-28,KBS:UPCOM:APC,APC,1,holdout
2026-08-28,KBS:UPCOM:APF,APF,1,holdout
2026-08-28,KBS:UPCOM:APL,APL,1,holdout
2026-08-28,KBS:UPCOM:APT,APT,1,holdout
2026-08-28,KBS:UPCOM:ART,ART,1,holdout
2026-08-28,KBS:UPCOM:ATA,ATA,1,holdout
2026-08-28,KBS:UPCOM:ATG,ATG,1,holdout
2026-08-28,KBS:UPCOM:AVC,AVC,1,holdout
2026-08-28,KBS:UPCOM:BAL,BAL,1,holdout
2026-08-28,KBS:UPCOM:BBH,BBH,1,holdout
2026-08-28,KBS:UPCOM:BBM,BBM,1,holdout
2026-08-28,KBS:UPCOM:BBT,BBT,1,holdout
2026-08-28,KBS:UPCOM:BCA,BCA,1,holdout
2026-08-28,KBS:UPCOM:BCB,BCB,1,holdout
2026-08-28,KBS:UPCOM:BCP,BCP,1,holdout
2026-08-28,KBS:UPCOM:BDG,BDG,1,holdout
2026-08-28,KBS:UPCOM:BDT,BDT,1,holdout
2026-08-28,KBS:UPCOM:BDW,BDW,1,holdout
2026-08-28,KBS:UPCOM:BEL,BEL,1,holdout
2026-08-28,KBS:UPCOM:BGW,BGW,1,holdout
2026-08-28,KBS:UPCOM:BHA,BHA,1,holdout
2026-08-28,KBS:UPCOM:BHC,BHC,1,holdout
2026-08-28,KBS:UPCOM:BHG,BHG,1,holdout
2026-08-28,KBS:UPCOM:BHI,BHI,1,holdout
2026-08-28,KBS:UPCOM:BHK,BHK,1,holdout
2026-08-28,KBS:UPCOM:BHP,BHP,1,holdout
2026-08-28,KBS:UPCOM:BIG,BIG,1,holdout
2026-08-28,KBS:UPCOM:BIO,BIO,1,holdout
2026-08-28,KBS:UPCOM:BLF,BLF,1,holdout
2026-08-28,KBS:UPCOM:BLI,BLI,1,holdout
2026-08-28,KBS:UPCOM:BLN,BLN,1,holdout
2026-08-28,KBS:UPCOM:BLT,BLT,1,holdout
2026-08-28,KBS:UPCOM:BMD,BMD,1,holdout
2026-08-28,KBS:UPCOM:BMF,BMF,1,holdout
2026-08-28,KBS:UPCOM:BMG,BMG,1,holdout
2026-08-28,KBS:UPCOM:BMJ,BMJ,1,holdout
2026-08-28,KBS:UPCOM:BMS,BMS,1,holdout
2026-08-28,KBS:UPCOM:BMV,BMV,1,holdout
2026-08-28,KBS:UPCOM:BNW,BNW,1,holdout
2026-08-28,KBS:UPCOM:BQB,BQB,1,holdout
2026-08-28,KBS:UPCOM:BRR,BRR,1,holdout
2026-08-28,KBS:UPCOM:BRS,BRS,1,holdout
2026-08-28,KBS:UPCOM:BSD,BSD,1,holdout
2026-08-28,KBS:UPCOM:BSG,BSG,1,holdout
2026-08-28,KBS:UPCOM:BSH,BSH,1,holdout
2026-08-28,KBS:UPCOM:BSL,BSL,1,holdout
2026-08-28,KBS:UPCOM:BSP,BSP,1,holdout
2026-08-28,KBS:UPCOM:BSQ,BSQ,1,holdout
2026-08-28,KBS:UPCOM:BTB,BTB,1,holdout
2026-08-28,KBS:UPCOM:BTD,BTD,1,holdout
2026-08-28,KBS:UPCOM:BTG,BTG,1,holdout
2026-08-28,KBS:UPCOM:BTN,BTN,1,holdout
2026-08-28,KBS:UPCOM:BTU,BTU,1,holdout
2026-08-28,KBS:UPCOM:BTV,BTV,1,holdout
2026-08-28,KBS:UPCOM:BVG,BVG,1,holdout
2026-08-28,KBS:UPCOM:BVL,BVL,1,holdout
2026-08-28,KBS:UPCOM:BVN,BVN,1,holdout
2026-08-28,KBS:UPCOM:BWA,BWA,1,holdout
2026-08-28,KBS:UPCOM:BWS,BWS,1,holdout
2026-08-28,KBS:UPCOM:C22,C22,1,holdout
2026-08-28,KBS:UPCOM:C4G,C4G,1,holdout
2026-08-28,KBS:UPCOM:C92,C92,1,holdout
2026-08-28,KBS:UPCOM:CAD,CAD,1,holdout
2026-08-28,KBS:UPCOM:CAT,CAT,1,holdout
2026-08-28,KBS:UPCOM:CBI,CBI,1,holdout
2026-08-28,KBS:UPCOM:CBS,CBS,1,holdout
2026-08-28,KBS:UPCOM:CC1,CC1,1,holdout
2026-08-28,KBS:UPCOM:CCA,CCA,1,holdout
2026-08-28,KBS:UPCOM:CCM,CCM,1,holdout
2026-08-28,KBS:UPCOM:CCP,CCP,1,holdout
2026-08-28,KBS:UPCOM:CCT,CCT,1,holdout
2026-08-28,KBS:UPCOM:CCV,CCV,1,holdout
2026-08-28,KBS:UPCOM:CDP,CDP,1,holdout
2026-08-28,KBS:UPCOM:CDR,CDR,1,holdout
2026-08-28,KBS:UPCOM:CEN,CEN,1,holdout
2026-08-28,KBS:UPCOM:CFM,CFM,1,holdout
2026-08-28,KBS:UPCOM:CFV,CFV,1,holdout
2026-08-28,KBS:UPCOM:CH5,CH5,1,holdout
2026-08-28,KBS:UPCOM:CHC,CHC,1,holdout
2026-08-28,KBS:UPCOM:CHS,CHS,1,holdout
2026-08-28,KBS:UPCOM:CI5,CI5,1,holdout
2026-08-28,KBS:UPCOM:CID,CID,1,holdout
2026-08-28,KBS:UPCOM:CK8,CK8,1,holdout
2026-08-28,KBS:UPCOM:CKA,CKA,1,holdout
2026-08-28,KBS:UPCOM:CKD,CKD,1,holdout
2026-08-28,KBS:UPCOM:CLX,CLX,1,holdout
2026-08-28,KBS:UPCOM:CMD,CMD,1,holdout
2026-08-28,KBS:UPCOM:CMF,CMF,1,holdout
2026-08-28,KBS:UPCOM:CMI,CMI,1,holdout
2026-08-28,KBS:UPCOM:CMK,CMK,1,holdout
2026-08-28,KBS:UPCOM:CMM,CMM,1,holdout
2026-08-28,KBS:UPCOM:CMN,CMN,1,holdout
2026-08-28,KBS:UPCOM:CMT,CMT,1,holdout
2026-08-28,KBS:UPCOM:CMW,CMW,1,holdout
2026-08-28,KBS:UPCOM:CNC,CNC,1,holdout
2026-08-28,KBS:UPCOM:CNN,CNN,1,holdout
2026-08-28,KBS:UPCOM:CNT,CNT,1,holdout
2026-08-28,KBS:UPCOM:CPA,CPA,1,holdout
2026-08-28,KBS:UPCOM:CPI,CPI,1,holdout
2026-08-28,KBS:UPCOM:CQN,CQN,1,holdout
2026-08-28,KBS:UPCOM:CQT,CQT,1,holdout
2026-08-28,KBS:UPCOM:CT3,CT3,1,holdout
2026-08-28,KBS:UPCOM:CTW,CTW,1,holdout
2026-08-28,KBS:UPCOM:CVN,CVN,1,holdout
2026-08-28,KBS:UPCOM:DAS,DAS,1,holdout
2026-08-28,KBS:UPCOM:DBM,DBM,1,holdout
2026-08-28,KBS:UPCOM:DC1,DC1,1,holdout
2026-08-28,KBS:UPCOM:DCF,DCF,1,holdout
2026-08-28,KBS:UPCOM:DCH,DCH,1,holdout
2026-08-28,KBS:UPCOM:DCR,DCR,1,holdout
2026-08-28,KBS:UPCOM:DCS,DCS,1,holdout
2026-08-28,KBS:UPCOM:DCT,DCT,1,holdout
2026-08-28,KBS:UPCOM:DDH,DDH,1,holdout
2026-08-28,KBS:UPCOM:DDM,DDM,1,holdout
2026-08-28,KBS:UPCOM:DDN,DDN,1,holdout
2026-08-28,KBS:UPCOM:DDV,DDV,1,holdout
2026-08-28,KBS:UPCOM:DFC,DFC,1,holdout
2026-08-28,KBS:UPCOM:DGT,DGT,1,holdout
2026-08-28,KBS:UPCOM:DHB,DHB,1,holdout
2026-08-28,KBS:UPCOM:DHD,DHD,1,holdout
2026-08-28,KBS:UPCOM:DHN,DHN,1,holdout
2026-08-28,KBS:UPCOM:DIC,DIC,1,holdout
2026-08-28,KBS:UPCOM:DID,DID,1,holdout
2026-08-28,KBS:UPCOM:DKC,DKC,1,holdout
2026-08-28,KBS:UPCOM:DLR,DLR,1,holdout
2026-08-28,KBS:UPCOM:DLT,DLT,1,holdout
2026-08-28,KBS:UPCOM:DM7,DM7,1,holdout
2026-08-28,KBS:UPCOM:DNA,DNA,1,holdout
2026-08-28,KBS:UPCOM:DND,DND,1,holdout
2026-08-28,KBS:UPCOM:DNE,DNE,1,holdout
2026-08-28,KBS:UPCOM:DNH,DNH,1,holdout
2026-08-28,KBS:UPCOM:DNL,DNL,1,holdout
2026-08-28,KBS:UPCOM:DNM,DNM,1,holdout
2026-08-28,KBS:UPCOM:DNT,DNT,1,holdout
2026-08-28,KBS:UPCOM:DNW,DNW,1,holdout
2026-08-28,KBS:UPCOM:DOC,DOC,1,holdout
2026-08-28,KBS:UPCOM:DOP,DOP,1,holdout
2026-08-28,KBS:UPCOM:DP1,DP1,1,holdout
2026-08-28,KBS:UPCOM:DPC,DPC,1,holdout
2026-08-28,KBS:UPCOM:DPH,DPH,1,holdout
2026-08-28,KBS:UPCOM:DPP,DPP,1,holdout
2026-08-28,KBS:UPCOM:DRG,DRG,1,holdout
2026-08-28,KBS:UPCOM:DRI,DRI,1,holdout
2026-08-28,KBS:UPCOM:DSD,DSD,1,holdout
2026-08-28,KBS:UPCOM:DSG,DSG,1,holdout
2026-08-28,KBS:UPCOM:DSP,DSP,1,holdout
2026-08-28,KBS:UPCOM:DTC,DTC,1,holdout
2026-08-28,KBS:UPCOM:DTH,DTH,1,holdout
2026-08-28,KBS:UPCOM:DTI,DTI,1,holdout
2026-08-28,KBS:UPCOM:DTP,DTP,1,holdout
2026-08-28,KBS:UPCOM:DUS,DUS,1,holdout
2026-08-28,KBS:UPCOM:DVC,DVC,1,holdout
2026-08-28,KBS:UPCOM:DVG,DVG,1,holdout
2026-08-28,KBS:UPCOM:DVW,DVW,1,holdout
2026-08-28,KBS:UPCOM:DWC,DWC,1,holdout
2026-08-28,KBS:UPCOM:DWS,DWS,1,holdout
2026-08-28,KBS:UPCOM:DXL,DXL,1,holdout
2026-08-28,KBS:UPCOM:E12,E12,1,holdout
2026-08-28,KBS:UPCOM:E29,E29,1,holdout
2026-08-28,KBS:UPCOM:EIC,EIC,1,holdout
2026-08-28,KBS:UPCOM:EIN,EIN,1,holdout
2026-08-28,KBS:UPCOM:EMG,EMG,1,holdout
2026-08-28,KBS:UPCOM:EMS,EMS,1,holdout
2026-08-28,KBS:UPCOM:FCC,FCC,1,holdout
2026-08-28,KBS:UPCOM:FCS,FCS,1,holdout
2026-08-28,KBS:UPCOM:FHN,FHN,1,holdout
2026-08-28,KBS:UPCOM:FHS,FHS,1,holdout
2026-08-28,KBS:UPCOM:FIC,FIC,1,holdout
2026-08-28,KBS:UPCOM:FOC,FOC,1,holdout
2026-08-28,KBS:UPCOM:FOX,FOX,1,holdout
2026-08-28,KBS:UPCOM:FRC,FRC,1,holdout
2026-08-28,KBS:UPCOM:FRM,FRM,1,holdout
2026-08-28,KBS:UPCOM:FT1,FT1,1,holdout
2026-08-28,KBS:UPCOM:FTI,FTI,1,holdout
2026-08-28,KBS:UPCOM:FTM,FTM,1,holdout
2026-08-28,KBS:UPCOM:G36,G36,1,holdout
2026-08-28,KBS:UPCOM:GCB,GCB,1,holdout
2026-08-28,KBS:UPCOM:GCF,GCF,1,holdout
2026-08-28,KBS:UPCOM:GER,GER,1,holdout
2026-08-28,KBS:UPCOM:GGG,GGG,1,holdout
2026-08-28,KBS:UPCOM:GH3,GH3,1,holdout
2026-08-28,KBS:UPCOM:GLC,GLC,1,holdout
2026-08-28,KBS:UPCOM:GMC,GMC,1,holdout
2026-08-28,KBS:UPCOM:GND,GND,1,holdout
2026-08-28,KBS:UPCOM:GPC,GPC,1,holdout
2026-08-28,KBS:UPCOM:GSM,GSM,1,holdout
2026-08-28,KBS:UPCOM:GTD,GTD,1,holdout
2026-08-28,KBS:UPCOM:GTS,GTS,1,holdout
2026-08-28,KBS:UPCOM:H11,H11,1,holdout
2026-08-28,KBS:UPCOM:HAC,HAC,1,holdout
2026-08-28,KBS:UPCOM:HAF,HAF,1,holdout
2026-08-28,KBS:UPCOM:HAM,HAM,1,holdout
2026-08-28,KBS:UPCOM:HAN,HAN,1,holdout
2026-08-28,KBS:UPCOM:HBC,HBC,1,holdout
2026-08-28,KBS:UPCOM:HBD,HBD,1,holdout
2026-08-28,KBS:UPCOM:HBH,HBH,1,holdout
2026-08-28,KBS:UPCOM:HD6,HD6,1,holdout
2026-08-28,KBS:UPCOM:HDW,HDW,1,holdout
2026-08-28,KBS:UPCOM:HEJ,HEJ,1,holdout
2026-08-28,KBS:UPCOM:HEP,HEP,1,holdout
2026-08-28,KBS:UPCOM:HES,HES,1,holdout
2026-08-28,KBS:UPCOM:HHG,HHG,1,holdout
2026-08-28,KBS:UPCOM:HLB,HLB,1,holdout
2026-08-28,KBS:UPCOM:HLS,HLS,1,holdout
2026-08-28,KBS:UPCOM:HND,HND,1,holdout
2026-08-28,KBS:UPCOM:HNF,HNF,1,holdout
2026-08-28,KBS:UPCOM:HNG,HNG,1,holdout
2026-08-28,KBS:UPCOM:HNM,HNM,1,holdout
2026-08-28,KBS:UPCOM:HPH,HPH,1,holdout
2026-08-28,KBS:UPCOM:HPT,HPT,1,holdout
2026-08-28,KBS:UPCOM:HTM,HTM,1,holdout
2026-08-28,KBS:UPCOM:HWS,HWS,1,holdout
2026-08-28,KBS:UPCOM:ICI,ICI,1,holdout
2026-08-28,KBS:UPCOM:ICN,ICN,1,holdout
2026-08-28,KBS:UPCOM:IFS,IFS,1,holdout
2026-08-28,KBS:UPCOM:ILA,ILA,1,holdout
2026-08-28,KBS:UPCOM:ILC,ILC,1,holdout
2026-08-28,KBS:UPCOM:ILS,ILS,1,holdout
2026-08-28,KBS:UPCOM:IST,IST,1,holdout
2026-08-28,KBS:UPCOM:JOS,JOS,1,holdout
2026-08-28,KBS:UPCOM:KHW,KHW,1,holdout
2026-08-28,KBS:UPCOM:KIP,KIP,1,holdout
2026-08-28,KBS:UPCOM:L43,L43,1,holdout
2026-08-28,KBS:UPCOM:L62,L62,1,holdout
2026-08-28,KBS:UPCOM:L63,L63,1,holdout
2026-08-28,KBS:UPCOM:LAI,LAI,1,holdout
2026-08-28,KBS:UPCOM:LIC,LIC,1,holdout
2026-08-28,KBS:UPCOM:LLM,LLM,1,holdout
2026-08-28,KBS:UPCOM:LMI,LMI,1,holdout
2026-08-28,KBS:UPCOM:LTC,LTC,1,holdout
2026-08-28,KBS:UPCOM:MDF,MDF,1,holdout
2026-08-28,KBS:UPCOM:MEC,MEC,1,holdout
2026-08-28,KBS:UPCOM:MFS,MFS,1,holdout
2026-08-28,KBS:UPCOM:MGC,MGC,1,holdout
2026-08-28,KBS:UPCOM:MGG,MGG,1,holdout
2026-08-28,KBS:UPCOM:MPC,MPC,1,holdout
2026-08-28,KBS:UPCOM:MSR,MSR,1,holdout
2026-08-28,KBS:UPCOM:MVN,MVN,1,holdout
2026-08-28,KBS:UPCOM:NAU,NAU,1,holdout
2026-08-28,KBS:UPCOM:NBT,NBT,1,holdout
2026-08-28,KBS:UPCOM:ND2,ND2,1,holdout
2026-08-28,KBS:UPCOM:NOS,NOS,1,holdout
2026-08-28,KBS:UPCOM:NQN,NQN,1,holdout
2026-08-28,KBS:UPCOM:NTT,NTT,1,holdout
2026-08-28,KBS:UPCOM:NTW,NTW,1,holdout
2026-08-28,KBS:UPCOM:NUE,NUE,1,holdout
2026-08-28,KBS:UPCOM:ODE,ODE,1,holdout
2026-08-28,KBS:UPCOM:OIL,OIL,1,holdout
2026-08-28,KBS:UPCOM:PCC,PCC,1,holdout
2026-08-28,KBS:UPCOM:PCF,PCF,1,holdout
2026-08-28,KBS:UPCOM:PCG,PCG,1,holdout
2026-08-28,KBS:UPCOM:PFL,PFL,1,holdout
2026-08-28,KBS:UPCOM:PHP,PHP,1,holdout
2026-08-28,KBS:UPCOM:PHS,PHS,1,holdout
2026-08-28,KBS:UPCOM:POM,POM,1,holdout
2026-08-28,KBS:UPCOM:PVE,PVE,1,holdout
2026-08-28,KBS:UPCOM:PVL,PVL,1,holdout
2026-08-28,KBS:UPCOM:PVX,PVX,1,holdout
2026-08-28,KBS:UPCOM:PWA,PWA,1,holdout
2026-08-28,KBS:UPCOM:PWS,PWS,1,holdout
2026-08-28,KBS:UPCOM:PXA,PXA,1,holdout
2026-08-28,KBS:UPCOM:PXI,PXI,1,holdout
2026-08-28,KBS:UPCOM:PXM,PXM,1,holdout
2026-08-28,KBS:UPCOM:PXS,PXS,1,holdout
2026-08-28,KBS:UPCOM:QBS,QBS,1,holdout
2026-08-28,KBS:UPCOM:QCC,QCC,1,holdout
2026-08-28,KBS:UPCOM:QHW,QHW,1,holdout
2026-08-28,KBS:UPCOM:QNC,QNC,1,holdout
2026-08-28,KBS:UPCOM:QNS,QNS,1,holdout
2026-08-28,KBS:UPCOM:QNW,QNW,1,holdout
2026-08-28,KBS:UPCOM:QPH,QPH,1,holdout
2026-08-28,KBS:UPCOM:QSP,QSP,1,holdout
2026-08-28,KBS:UPCOM:RIC,RIC,1,holdout
2026-08-28,KBS:UPCOM:S74,S74,1,holdout
2026-08-28,KBS:UPCOM:SBD,SBD,1,holdout
2026-08-28,KBS:UPCOM:SBM,SBM,1,holdout
2026-08-28,KBS:UPCOM:SCD,SCD,1,holdout
2026-08-28,KBS:UPCOM:SCJ,SCJ,1,holdout
2026-08-28,KBS:UPCOM:SCL,SCL,1,holdout
2026-08-28,KBS:UPCOM:SD2,SD2,1,holdout
2026-08-28,KBS:UPCOM:SD7,SD7,1,holdout
2026-08-28,KBS:UPCOM:SDP,SDP,1,holdout
2026-08-28,KBS:UPCOM:SEA,SEA,1,holdout
2026-08-28,KBS:UPCOM:SGB,SGB,1,holdout
2026-08-28,KBS:UPCOM:SGS,SGS,1,holdout
2026-08-28,KBS:UPCOM:SID,SID,1,holdout
2026-08-28,KBS:UPCOM:SJG,SJG,1,holdout
2026-08-28,KBS:UPCOM:SKV,SKV,1,holdout
2026-08-28,KBS:UPCOM:SRB,SRB,1,holdout
2026-08-28,KBS:UPCOM:SSG,SSG,1,holdout
2026-08-28,KBS:UPCOM:SSH,SSH,1,holdout
2026-08-28,KBS:UPCOM:STT,STT,1,holdout
2026-08-28,KBS:UPCOM:SWC,SWC,1,holdout
2026-08-28,KBS:UPCOM:SZG,SZG,1,holdout
2026-08-28,KBS:UPCOM:TAR,TAR,1,holdout
2026-08-28,KBS:UPCOM:TDB,TDB,1,holdout
2026-08-28,KBS:UPCOM:TDS,TDS,1,holdout
2026-08-28,KBS:UPCOM:TED,TED,1,holdout
2026-08-28,KBS:UPCOM:TGP,TGP,1,holdout
2026-08-28,KBS:UPCOM:THW,THW,1,holdout
2026-08-28,KBS:UPCOM:TIS,TIS,1,holdout
2026-08-28,KBS:UPCOM:TLP,TLP,1,holdout
2026-08-28,KBS:UPCOM:TNW,TNW,1,holdout
2026-08-28,KBS:UPCOM:TOS,TOS,1,holdout
2026-08-28,KBS:UPCOM:TOW,TOW,1,holdout
2026-08-28,KBS:UPCOM:TSD,TSD,1,holdout
2026-08-28,KBS:UPCOM:TST,TST,1,holdout
2026-08-28,KBS:UPCOM:TTD,TTD,1,holdout
2026-08-28,KBS:UPCOM:TTG,TTG,1,holdout
2026-08-28,KBS:UPCOM:TTS,TTS,1,holdout
2026-08-28,KBS:UPCOM:TUG,TUG,1,holdout
2026-08-28,KBS:UPCOM:TV1,TV1,1,holdout
2026-08-28,KBS:UPCOM:TVN,TVN,1,holdout
2026-08-28,KBS:UPCOM:UDC,UDC,1,holdout
2026-08-28,KBS:UPCOM:USC,USC,1,holdout
2026-08-28,KBS:UPCOM:VAV,VAV,1,holdout
2026-08-28,KBS:UPCOM:VCP,VCP,1,holdout
2026-08-28,KBS:UPCOM:VCR,VCR,1,holdout
2026-08-28,KBS:UPCOM:VDN,VDN,1,holdout
2026-08-28,KBS:UPCOM:VEA,VEA,1,holdout
2026-08-28,KBS:UPCOM:VGG,VGG,1,holdout
2026-08-28,KBS:UPCOM:VGI,VGI,1,holdout
2026-08-28,KBS:UPCOM:VGT,VGT,1,holdout
2026-08-28,KBS:UPCOM:VHG,VHG,1,holdout
2026-08-28,KBS:UPCOM:VIM,VIM,1,holdout
2026-08-28,KBS:UPCOM:VIN,VIN,1,holdout
2026-08-28,KBS:UPCOM:VIW,VIW,1,holdout
2026-08-28,KBS:UPCOM:VKC,VKC,1,holdout
2026-08-28,KBS:UPCOM:VLG,VLG,1,holdout
2026-08-28,KBS:UPCOM:VLW,VLW,1,holdout
2026-08-28,KBS:UPCOM:VNB,VNB,1,holdout
2026-08-28,KBS:UPCOM:VNZ,VNZ,1,holdout
2026-08-28,KBS:UPCOM:VPR,VPR,1,holdout
2026-08-28,KBS:UPCOM:VSE,VSE,1,holdout
2026-08-28,KBS:UPCOM:VST,VST,1,holdout
2026-08-28,KBS:UPCOM:VTK,VTK,1,holdout
2026-08-28,KBS:UPCOM:VW3,VW3,1,holdout
2026-08-28,KBS:UPCOM:WSB,WSB,1,holdout
2026-08-28,KBS:UPCOM:XMC,XMC,1,holdout
2026-08-28,KBS:UPCOM:XMD,XMD,1,holdout
2026-08-28,KBS:UPCOM:XMP,XMP,1,holdout
