snapshot_date,security_id,raw_cluster_id,aligned_cluster_id,run_id,data_version,pca_x,pca_y
2023-11-30,KBS:HOSE:AAM,1,1,experiment-20261003T113748Z-acb3a2e7,CAFEF_C8_COMPLETE_ONLY_V1,-1.7063355472404025,-0.7023812003114516
2023-11-30,KBS:HOSE:ABS,1,1,experiment-20261003T113748Z-acb3a2e7,CAFEF_C8_COMPLETE_ONLY_V1,-1.2413170563004752,-1.0013370725259456
2023-11-30,KBS:HOSE:ABT,1,1,experiment-20261003T113748Z-acb3a2e7,CAFEF_C8_COMPLETE_ONLY_V1,-1.6464210751281703,1.0628737233599048
2023-11-30,KBS:HOSE:ACC,1,1,experiment-20261003T113748Z-acb3a2e7,CAFEF_C8_COMPLETE_ONLY_V1,-1.7588728259648891,-1.3761924128545389
2023-11-30,KBS:HOSE:ACL,1,1,experiment-20261003T113748Z-acb3a2e7,CAFEF_C8_COMPLETE_ONLY_V1,-1.6330838044574734,-0.07184094218135223
2023-11-30,KBS:HOSE:AGG,1,1,experiment-20261003T113748Z-acb3a2e7,CAFEF_C8_COMPLETE_ONLY_V1,-0.14180993315273419,-1.5905916526134025
2023-11-30,KBS:HOSE:AGR,1,1,experiment-20261003T113748Z-acb3a2e7,CAFEF_C8_COMPLETE_ONLY_V1,1.001379545417609,2.863061499769194
2023-11-30,KBS:HOSE:APG,1,1,experiment-20261003T113748Z-acb3a2e7,CAFEF_C8_COMPLETE_ONLY_V1,-0.4184580732654826,2.770659251537559
2023-11-30,KBS:HOSE:APH,1,1,experiment-20261003T113748Z-acb3a2e7,CAFEF_C8_COMPLETE_ONLY_V1,-1.3769178594800862,-1.068832497077955
2023-11-30,KBS:HOSE:ASG,1,1,experiment-20261003T113748Z-acb3a2e7,CAFEF_C8_COMPLETE_ONLY_V1,-1.7765192818172655,-0.8408860700975241
2023-11-30,KBS:HOSE:ASP,1,1,experiment-20261003T113748Z-acb3a2e7,CAFEF_C8_COMPLETE_ONLY_V1,-1.7509423127520105,-1.772436431420737
2023-11-30,KBS:HOSE:AST,1,1,experiment-20261003T113748Z-acb3a2e7,CAFEF_C8_COMPLETE_ONLY_V1,-1.762322912266367,-1.7641191462664998
2023-11-30,KBS:HOSE:BCM,1,1,experiment-20261003T113748Z-acb3a2e7,CAFEF_C8_COMPLETE_ONLY_V1,0.1505887163956263,-2.0049126125643912
2023-11-30,KBS:HOSE:BHN,1,1,experiment-20261003T113748Z-acb3a2e7,CAFEF_C8_COMPLETE_ONLY_V1,-1.7000378910648868,-0.5084207101697422
2023-11-30,KBS:HOSE:BTP,1,1,experiment-20261003T113748Z-acb3a2e7,CAFEF_C8_COMPLETE_ONLY_V1,-1.6728153014874094,-0.10772693789320568
2023-11-30,KBS:HOSE:BVH,1,1,experiment-20261003T113748Z-acb3a2e7,CAFEF_C8_COMPLETE_ONLY_V1,-0.7160339506818852,-1.2505272471659972
2023-11-30,KBS:HOSE:C32,1,1,experiment-20261003T113748Z-acb3a2e7,CAFEF_C8_COMPLETE_ONLY_V1,-1.723088987852437,-1.1335775203220948
2023-11-30,KBS:HOSE:CDC,1,1,experiment-20261003T113748Z-acb3a2e7,CAFEF_C8_COMPLETE_ONLY_V1,-0.5257044344494342,-0.11378095799331531
2023-11-30,KBS:HOSE:CII,0,0,experiment-20261003T113748Z-acb3a2e7,CAFEF_C8_COMPLETE_ONLY_V1,12.547589389680182,-0.4712777029022854
2023-11-30,KBS:HOSE:CKG,1,1,experiment-20261003T113748Z-acb3a2e7,CAFEF_C8_COMPLETE_ONLY_V1,-1.5381881722692061,-1.4041405271076774
2023-11-30,KBS:HOSE:CLC,1,1,experiment-20261003T113748Z-acb3a2e7,CAFEF_C8_COMPLETE_ONLY_V1,-1.7330044976274759,-0.029219853898474518
2023-11-30,KBS:HOSE:CMV,1,1,experiment-20261003T113748Z-acb3a2e7,CAFEF_C8_COMPLETE_ONLY_V1,-1.7186078058912004,0.11916980581134815
2023-11-30,KBS:HOSE:CMX,1,1,experiment-20261003T113748Z-acb3a2e7,CAFEF_C8_COMPLETE_ONLY_V1,-1.114226703582581,-0.4281913177725669
2023-11-30,KBS:HOSE:CNG,1,1,experiment-20261003T113748Z-acb3a2e7,CAFEF_C8_COMPLETE_ONLY_V1,-1.3167062385981894,1.216787649871992
2023-11-30,KBS:HOSE:CRC,1,1,experiment-20261003T113748Z-acb3a2e7,CAFEF_C8_COMPLETE_ONLY_V1,-1.6429473350745167,-0.2649362958663279
2023-11-30,KBS:HOSE:CRE,1,1,experiment-20261003T113748Z-acb3a2e7,CAFEF_C8_COMPLETE_ONLY_V1,-0.8145487865084404,-1.5254152046060947
2023-11-30,KBS:HOSE:CSM,1,1,experiment-20261003T113748Z-acb3a2e7,CAFEF_C8_COMPLETE_ONLY_V1,-1.7824519941215644,-1.3648649422677206
2023-11-30,KBS:HOSE:CSV,1,1,experiment-20261003T113748Z-acb3a2e7,CAFEF_C8_COMPLETE_ONLY_V1,-0.27060065184306176,1.3770297017815119
2023-11-30,KBS:HOSE:CTD,0,0,experiment-20261003T113748Z-acb3a2e7,CAFEF_C8_COMPLETE_ONLY_V1,9.252165157955222,4.257860495556384
2023-11-30,KBS:HOSE:CTF,1,1,experiment-20261003T113748Z-acb3a2e7,CAFEF_C8_COMPLETE_ONLY_V1,-1.2362318400180974,-0.4522919808995465
2023-11-30,KBS:HOSE:CTI,1,1,experiment-20261003T113748Z-acb3a2e7,CAFEF_C8_COMPLETE_ONLY_V1,-1.1366116650947924,0.05203533455491817
2023-11-30,KBS:HOSE:CTR,1,1,experiment-20261003T113748Z-acb3a2e7,CAFEF_C8_COMPLETE_ONLY_V1,2.7815725326884118,3.0406698847050633
2023-11-30,KBS:HOSE:D2D,1,1,experiment-20261003T113748Z-acb3a2e7,CAFEF_C8_COMPLETE_ONLY_V1,-1.601196073078982,-0.3027814714517594
2023-11-30,KBS:HOSE:DAH,1,1,experiment-20261003T113748Z-acb3a2e7,CAFEF_C8_COMPLETE_ONLY_V1,-1.526604641050848,-0.5636106655098675
2023-11-30,KBS:HOSE:DBD,1,1,experiment-20261003T113748Z-acb3a2e7,CAFEF_C8_COMPLETE_ONLY_V1,-1.1472525333567236,1.8582910225808946
2023-11-30,KBS:HOSE:DCL,1,1,experiment-20261003T113748Z-acb3a2e7,CAFEF_C8_COMPLETE_ONLY_V1,-1.5955348429128962,-0.6720500696693513
2023-11-30,KBS:HOSE:DHC,1,1,experiment-20261003T113748Z-acb3a2e7,CAFEF_C8_COMPLETE_ONLY_V1,-0.9825482848334159,0.05262209436276666
2023-11-30,KBS:HOSE:DMC,1,1,experiment-20261003T113748Z-acb3a2e7,CAFEF_C8_COMPLETE_ONLY_V1,-1.6864830904096648,0.35616862112676745
2023-11-30,KBS:HOSE:DQC,1,1,experiment-20261003T113748Z-acb3a2e7,CAFEF_C8_COMPLETE_ONLY_V1,-1.68452083859121,-1.5722685336791775
2023-11-30,KBS:HOSE:DRC,1,1,experiment-20261003T113748Z-acb3a2e7,CAFEF_C8_COMPLETE_ONLY_V1,-1.0244301715349193,0.3230504337207946
2023-11-30,KBS:HOSE:DSN,1,1,experiment-20261003T113748Z-acb3a2e7,CAFEF_C8_COMPLETE_ONLY_V1,-1.6518438410473897,-0.14367567673264856
2023-11-30,KBS:HOSE:DTL,1,1,experiment-20261003T113748Z-acb3a2e7,CAFEF_C8_COMPLETE_ONLY_V1,-1.7415020036795572,-2.9705787426519255
2023-11-30,KBS:HOSE:DTT,1,1,experiment-20261003T113748Z-acb3a2e7,CAFEF_C8_COMPLETE_ONLY_V1,-1.6179577246238739,3.3860643381422886
2023-11-30,KBS:HOSE:DVP,1,1,experiment-20261003T113748Z-acb3a2e7,CAFEF_C8_COMPLETE_ONLY_V1,-1.5075260688777692,1.7702227594132707
2023-11-30,KBS:HOSE:ELC,1,1,experiment-20261003T113748Z-acb3a2e7,CAFEF_C8_COMPLETE_ONLY_V1,-0.24217579356295285,6.406234570398465
2023-11-30,KBS:HOSE:EVE,1,1,experiment-20261003T113748Z-acb3a2e7,CAFEF_C8_COMPLETE_ONLY_V1,-1.4049234417598637,-0.4153167815879101
2023-11-30,KBS:HOSE:EVG,1,1,experiment-20261003T113748Z-acb3a2e7,CAFEF_C8_COMPLETE_ONLY_V1,-0.46388388698707156,0.15472812004294637
2023-11-30,KBS:HOSE:FCM,1,1,experiment-20261003T113748Z-acb3a2e7,CAFEF_C8_COMPLETE_ONLY_V1,-1.6069086201646272,-0.05352542463988946
2023-11-30,KBS:HOSE:FCN,1,1,experiment-20261003T113748Z-acb3a2e7,CAFEF_C8_COMPLETE_ONLY_V1,1.1387329925676197,0.7946599023094321
2023-11-30,KBS:HOSE:FIR,1,1,experiment-20261003T113748Z-acb3a2e7,CAFEF_C8_COMPLETE_ONLY_V1,-0.35342662506274375,-2.9955381094094764
2023-11-30,KBS:HOSE:FIT,1,1,experiment-20261003T113748Z-acb3a2e7,CAFEF_C8_COMPLETE_ONLY_V1,-0.7324860018576975,-1.2501266832911218
2023-11-30,KBS:HOSE:FPT,0,0,experiment-20261003T113748Z-acb3a2e7,CAFEF_C8_COMPLETE_ONLY_V1,17.97150570892743,0.22056457867455764
2023-11-30,KBS:HOSE:GDT,1,1,experiment-20261003T113748Z-acb3a2e7,CAFEF_C8_COMPLETE_ONLY_V1,-1.7132309978865092,-2.017571281545608
2023-11-30,KBS:HOSE:GEG,1,1,experiment-20261003T113748Z-acb3a2e7,CAFEF_C8_COMPLETE_ONLY_V1,-0.39174819496299534,-0.49951698846670495
2023-11-30,KBS:HOSE:GMD,1,1,experiment-20261003T113748Z-acb3a2e7,CAFEF_C8_COMPLETE_ONLY_V1,4.990266813026086,2.256363340703858
2023-11-30,KBS:HOSE:HAP,1,1,experiment-20261003T113748Z-acb3a2e7,CAFEF_C8_COMPLETE_ONLY_V1,-1.6410736047083914,-0.49742035271422413
2023-11-30,KBS:HOSE:HHP,1,1,experiment-20261003T113748Z-acb3a2e7,CAFEF_C8_COMPLETE_ONLY_V1,-1.3531961790681195,-0.00609691340951576
2023-11-30,KBS:HOSE:HHV,0,0,experiment-20261003T113748Z-acb3a2e7,CAFEF_C8_COMPLETE_ONLY_V1,7.179929126865211,1.6084605355868171
2023-11-30,KBS:HOSE:HMC,1,1,experiment-20261003T113748Z-acb3a2e7,CAFEF_C8_COMPLETE_ONLY_V1,-1.7254258907644746,-0.4795938418003222
2023-11-30,KBS:HOSE:HRC,1,1,experiment-20261003T113748Z-acb3a2e7,CAFEF_C8_COMPLETE_ONLY_V1,-1.7824850096456943,-0.9972916078944516
2023-11-30,KBS:HOSE:HSL,1,1,experiment-20261003T113748Z-acb3a2e7,CAFEF_C8_COMPLETE_ONLY_V1,-1.2947175240311628,4.017059152414653
2023-11-30,KBS:HOSE:HTI,1,1,experiment-20261003T113748Z-acb3a2e7,CAFEF_C8_COMPLETE_ONLY_V1,-1.731728141350359,-0.2536653966933307
2023-11-30,KBS:HOSE:HTN,1,1,experiment-20261003T113748Z-acb3a2e7,CAFEF_C8_COMPLETE_ONLY_V1,0.16360115395548144,0.09818922072225347
2023-11-30,KBS:HOSE:HTV,1,1,experiment-20261003T113748Z-acb3a2e7,CAFEF_C8_COMPLETE_ONLY_V1,-1.7634238827867343,-0.49981702014228196
2023-11-30,KBS:HOSE:HUB,1,1,experiment-20261003T113748Z-acb3a2e7,CAFEF_C8_COMPLETE_ONLY_V1,-1.621405785514141,-0.09052638975118318
2023-11-30,KBS:HOSE:ICT,1,1,experiment-20261003T113748Z-acb3a2e7,CAFEF_C8_COMPLETE_ONLY_V1,-1.7488927472247542,-1.1023044404795912
2023-11-30,KBS:HOSE:ILB,1,1,experiment-20261003T113748Z-acb3a2e7,CAFEF_C8_COMPLETE_ONLY_V1,-1.7369154646342706,-0.47877901530550515
2023-11-30,KBS:HOSE:ITD,1,1,experiment-20261003T113748Z-acb3a2e7,CAFEF_C8_COMPLETE_ONLY_V1,-1.6750896706681253,-0.871287039682737
2023-11-30,KBS:HOSE:KDC,1,1,experiment-20261003T113748Z-acb3a2e7,CAFEF_C8_COMPLETE_ONLY_V1,5.318246214500726,-1.631022214951344
2023-11-30,KBS:HOSE:KDH,1,1,experiment-20261003T113748Z-acb3a2e7,CAFEF_C8_COMPLETE_ONLY_V1,2.6177385622754654,0.806209456917371
2023-11-30,KBS:HOSE:KHP,1,1,experiment-20261003T113748Z-acb3a2e7,CAFEF_C8_COMPLETE_ONLY_V1,-1.6459296634261902,-0.07309423622205247
2023-11-30,KBS:HOSE:KOS,1,1,experiment-20261003T113748Z-acb3a2e7,CAFEF_C8_COMPLETE_ONLY_V1,-0.5260231380314667,-0.5299365377173695
2023-11-30,KBS:HOSE:KSB,1,1,experiment-20261003T113748Z-acb3a2e7,CAFEF_C8_COMPLETE_ONLY_V1,1.395441286413712,0.8101381654301144
2023-11-30,KBS:HOSE:LBM,1,1,experiment-20261003T113748Z-acb3a2e7,CAFEF_C8_COMPLETE_ONLY_V1,-1.6913985507689884,-0.13899206189784372
2023-11-30,KBS:HOSE:LCG,1,1,experiment-20261003T113748Z-acb3a2e7,CAFEF_C8_COMPLETE_ONLY_V1,3.468885487778759,1.575766746795873
2023-11-30,KBS:HOSE:LHG,1,1,experiment-20261003T113748Z-acb3a2e7,CAFEF_C8_COMPLETE_ONLY_V1,-1.2040430947307537,1.5346565084088877
2023-11-30,KBS:HOSE:LIX,1,1,experiment-20261003T113748Z-acb3a2e7,CAFEF_C8_COMPLETE_ONLY_V1,-1.6769415026252223,0.7867341565161103
2023-11-30,KBS:HOSE:MBB,0,0,experiment-20261003T113748Z-acb3a2e7,CAFEF_C8_COMPLETE_ONLY_V1,13.372280958964893,-0.6403212688165633
2023-11-30,KBS:HOSE:MCP,1,1,experiment-20261003T113748Z-acb3a2e7,CAFEF_C8_COMPLETE_ONLY_V1,-1.589987678696224,2.835562808971047
2023-11-30,KBS:HOSE:MHC,1,1,experiment-20261003T113748Z-acb3a2e7,CAFEF_C8_COMPLETE_ONLY_V1,-0.8534208911889227,3.5815634484396996
2023-11-30,KBS:HOSE:MIG,1,1,experiment-20261003T113748Z-acb3a2e7,CAFEF_C8_COMPLETE_ONLY_V1,-1.2570462113031633,0.7031184001496277
2023-11-30,KBS:HOSE:MSH,1,1,experiment-20261003T113748Z-acb3a2e7,CAFEF_C8_COMPLETE_ONLY_V1,-1.113077369808403,0.6672145571414748
2023-11-30,KBS:HOSE:NBB,1,1,experiment-20261003T113748Z-acb3a2e7,CAFEF_C8_COMPLETE_ONLY_V1,-0.8656388724903177,1.9325341560034794
2023-11-30,KBS:HOSE:NCT,1,1,experiment-20261003T113748Z-acb3a2e7,CAFEF_C8_COMPLETE_ONLY_V1,-1.6774223136688748,0.05971039969515475
2023-11-30,KBS:HOSE:NNC,1,1,experiment-20261003T113748Z-acb3a2e7,CAFEF_C8_COMPLETE_ONLY_V1,-1.6119072786433326,0.228898575657577
2023-11-30,KBS:HOSE:PAC,1,1,experiment-20261003T113748Z-acb3a2e7,CAFEF_C8_COMPLETE_ONLY_V1,-1.0382234593872133,-1.7213809870694918
2023-11-30,KBS:HOSE:PGC,1,1,experiment-20261003T113748Z-acb3a2e7,CAFEF_C8_COMPLETE_ONLY_V1,-1.7481522678384835,-1.210356629398854
2023-11-30,KBS:HOSE:PGD,1,1,experiment-20261003T113748Z-acb3a2e7,CAFEF_C8_COMPLETE_ONLY_V1,-1.5591952981739636,1.9346679170953491
2023-11-30,KBS:HOSE:PHR,1,1,experiment-20261003T113748Z-acb3a2e7,CAFEF_C8_COMPLETE_ONLY_V1,-0.5905831092677972,0.4812884428725188
2023-11-30,KBS:HOSE:PJT,1,1,experiment-20261003T113748Z-acb3a2e7,CAFEF_C8_COMPLETE_ONLY_V1,-1.695611563606048,0.018490067470494375
2023-11-30,KBS:HOSE:PLP,1,1,experiment-20261003T113748Z-acb3a2e7,CAFEF_C8_COMPLETE_ONLY_V1,-1.6515877880425145,-1.4360364489370177
2023-11-30,KBS:HOSE:PLX,1,1,experiment-20261003T113748Z-acb3a2e7,CAFEF_C8_COMPLETE_ONLY_V1,0.7351198098441808,-0.20664087795361788
2023-11-30,KBS:HOSE:PNJ,1,1,experiment-20261003T113748Z-acb3a2e7,CAFEF_C8_COMPLETE_ONLY_V1,4.007630498601604,-0.0031944090092284006
2023-11-30,KBS:HOSE:PTB,1,1,experiment-20261003T113748Z-acb3a2e7,CAFEF_C8_COMPLETE_ONLY_V1,-1.1652832570733063,1.189498073348472
2023-11-30,KBS:HOSE:PVT,0,0,experiment-20261003T113748Z-acb3a2e7,CAFEF_C8_COMPLETE_ONLY_V1,8.38534056120562,1.3974229784838672
2023-11-30,KBS:HOSE:RAL,1,1,experiment-20261003T113748Z-acb3a2e7,CAFEF_C8_COMPLETE_ONLY_V1,-1.4763695884611325,0.5617909392406906
2023-11-30,KBS:HOSE:S4A,1,1,experiment-20261003T113748Z-acb3a2e7,CAFEF_C8_COMPLETE_ONLY_V1,-1.7354671301858884,-0.020731247955163762
2023-11-30,KBS:HOSE:SAB,1,1,experiment-20261003T113748Z-acb3a2e7,CAFEF_C8_COMPLETE_ONLY_V1,2.600882352773585,-1.4727912136063095
2023-11-30,KBS:HOSE:SAM,1,1,experiment-20261003T113748Z-acb3a2e7,CAFEF_C8_COMPLETE_ONLY_V1,-0.8344428069993017,-0.9318321591841586
2023-11-30,KBS:HOSE:SAV,1,1,experiment-20261003T113748Z-acb3a2e7,CAFEF_C8_COMPLETE_ONLY_V1,-1.6221685047391567,-0.41494380801479813
2023-11-30,KBS:HOSE:SBA,1,1,experiment-20261003T113748Z-acb3a2e7,CAFEF_C8_COMPLETE_ONLY_V1,-1.6602407903328913,0.633555185616336
2023-11-30,KBS:HOSE:SBV,1,1,experiment-20261003T113748Z-acb3a2e7,CAFEF_C8_COMPLETE_ONLY_V1,-1.7772656177985895,-0.7113844720040193
2023-11-30,KBS:HOSE:SC5,1,1,experiment-20261003T113748Z-acb3a2e7,CAFEF_C8_COMPLETE_ONLY_V1,-1.7302639592789186,-0.3365901268616656
2023-11-30,KBS:HOSE:SCS,1,1,experiment-20261003T113748Z-acb3a2e7,CAFEF_C8_COMPLETE_ONLY_V1,-1.561234275930503,-0.3958982218222722
2023-11-30,KBS:HOSE:SGR,1,1,experiment-20261003T113748Z-acb3a2e7,CAFEF_C8_COMPLETE_ONLY_V1,-1.479730704024574,-0.09832272883604673
2023-11-30,KBS:HOSE:SGT,1,1,experiment-20261003T113748Z-acb3a2e7,CAFEF_C8_COMPLETE_ONLY_V1,-1.6283163538451682,-0.5082426258702256
2023-11-30,KBS:HOSE:SHA,1,1,experiment-20261003T113748Z-acb3a2e7,CAFEF_C8_COMPLETE_ONLY_V1,-1.7197899308212534,-0.2760503304061925
2023-11-30,KBS:HOSE:SHI,1,1,experiment-20261003T113748Z-acb3a2e7,CAFEF_C8_COMPLETE_ONLY_V1,-0.9647808175625494,-1.0081829450024815
2023-11-30,KBS:HOSE:SHP,1,1,experiment-20261003T113748Z-acb3a2e7,CAFEF_C8_COMPLETE_ONLY_V1,-1.687112118896559,0.6805857984188015
2023-11-30,KBS:HOSE:SJD,1,1,experiment-20261003T113748Z-acb3a2e7,CAFEF_C8_COMPLETE_ONLY_V1,-1.6318498901056622,0.38768609191877573
2023-11-30,KBS:HOSE:SJS,1,1,experiment-20261003T113748Z-acb3a2e7,CAFEF_C8_COMPLETE_ONLY_V1,1.8953084135716451,3.8652289037642853
2023-11-30,KBS:HOSE:SMB,1,1,experiment-20261003T113748Z-acb3a2e7,CAFEF_C8_COMPLETE_ONLY_V1,-1.7416415725751133,-0.4311092153766401
2023-11-30,KBS:HOSE:SPM,1,1,experiment-20261003T113748Z-acb3a2e7,CAFEF_C8_COMPLETE_ONLY_V1,-1.7590768234463905,-1.7310237890119473
2023-11-30,KBS:HOSE:SRC,1,1,experiment-20261003T113748Z-acb3a2e7,CAFEF_C8_COMPLETE_ONLY_V1,-0.8294098499805881,4.751122947053692
2023-11-30,KBS:HOSE:SRF,1,1,experiment-20261003T113748Z-acb3a2e7,CAFEF_C8_COMPLETE_ONLY_V1,-1.7379449530144662,-1.4724428068212874
2023-11-30,KBS:HOSE:STG,1,1,experiment-20261003T113748Z-acb3a2e7,CAFEF_C8_COMPLETE_ONLY_V1,-1.6813084962567715,0.6462060845970143
2023-11-30,KBS:HOSE:SVT,1,1,experiment-20261003T113748Z-acb3a2e7,CAFEF_C8_COMPLETE_ONLY_V1,-1.7566112227851354,-1.1832004393122406
2023-11-30,KBS:HOSE:TCL,1,1,experiment-20261003T113748Z-acb3a2e7,CAFEF_C8_COMPLETE_ONLY_V1,-1.6730974744729057,-0.03744097193530409
2023-11-30,KBS:HOSE:TCO,1,1,experiment-20261003T113748Z-acb3a2e7,CAFEF_C8_COMPLETE_ONLY_V1,-1.5782395824413995,0.9659197243567261
2023-11-30,KBS:HOSE:TDG,1,1,experiment-20261003T113748Z-acb3a2e7,CAFEF_C8_COMPLETE_ONLY_V1,-1.6816941742275278,-1.0505349594311013
2023-11-30,KBS:HOSE:TDP,1,1,experiment-20261003T113748Z-acb3a2e7,CAFEF_C8_COMPLETE_ONLY_V1,-1.3097326312361657,-0.7139685780576615
2023-11-30,KBS:HOSE:TIP,1,1,experiment-20261003T113748Z-acb3a2e7,CAFEF_C8_COMPLETE_ONLY_V1,-0.9741107787875691,2.675324283906745
2023-11-30,KBS:HOSE:TLG,1,1,experiment-20261003T113748Z-acb3a2e7,CAFEF_C8_COMPLETE_ONLY_V1,-1.6300349395418026,-0.7978407778400467
2023-11-30,KBS:HOSE:TMS,1,1,experiment-20261003T113748Z-acb3a2e7,CAFEF_C8_COMPLETE_ONLY_V1,-1.7042728443526742,-0.5175894521318345
2023-11-30,KBS:HOSE:TN1,1,1,experiment-20261003T113748Z-acb3a2e7,CAFEF_C8_COMPLETE_ONLY_V1,-1.7222858627953945,-0.3564824741229823
2023-11-30,KBS:HOSE:TNI,1,1,experiment-20261003T113748Z-acb3a2e7,CAFEF_C8_COMPLETE_ONLY_V1,-1.644327267555636,-1.0874550663447602
2023-11-30,KBS:HOSE:TRA,1,1,experiment-20261003T113748Z-acb3a2e7,CAFEF_C8_COMPLETE_ONLY_V1,-1.7823621770599012,-1.4117390696394916
2023-11-30,KBS:HOSE:TV2,1,1,experiment-20261003T113748Z-acb3a2e7,CAFEF_C8_COMPLETE_ONLY_V1,-0.2873406904141381,3.124458009698317
2023-11-30,KBS:HOSE:UIC,1,1,experiment-20261003T113748Z-acb3a2e7,CAFEF_C8_COMPLETE_ONLY_V1,-1.7295681104204037,-0.40354835812277673
2023-11-30,KBS:HOSE:VCA,1,1,experiment-20261003T113748Z-acb3a2e7,CAFEF_C8_COMPLETE_ONLY_V1,-1.7797816735513012,-1.590042739535256
2023-11-30,KBS:HOSE:VFG,1,1,experiment-20261003T113748Z-acb3a2e7,CAFEF_C8_COMPLETE_ONLY_V1,-1.715929381291163,-0.20612216065155745
2023-11-30,KBS:HOSE:VHC,1,1,experiment-20261003T113748Z-acb3a2e7,CAFEF_C8_COMPLETE_ONLY_V1,1.7170797766037262,-0.4446456591823482
2023-11-30,KBS:HOSE:VHM,0,0,experiment-20261003T113748Z-acb3a2e7,CAFEF_C8_COMPLETE_ONLY_V1,24.334171243059718,-2.996823273907272
2023-11-30,KBS:HOSE:VJC,0,0,experiment-20261003T113748Z-acb3a2e7,CAFEF_C8_COMPLETE_ONLY_V1,10.099526200187242,-0.8561562455575916
2023-11-30,KBS:HOSE:VMD,1,1,experiment-20261003T113748Z-acb3a2e7,CAFEF_C8_COMPLETE_ONLY_V1,-1.6100240502976537,-1.1729304817332815
2023-11-30,KBS:HOSE:VNG,1,1,experiment-20261003T113748Z-acb3a2e7,CAFEF_C8_COMPLETE_ONLY_V1,-1.7629477949129784,-1.134993427304145
2023-11-30,KBS:HOSE:VPB,0,0,experiment-20261003T113748Z-acb3a2e7,CAFEF_C8_COMPLETE_ONLY_V1,25.533192403136546,-1.4177145814149157
2023-11-30,KBS:HOSE:VPS,1,1,experiment-20261003T113748Z-acb3a2e7,CAFEF_C8_COMPLETE_ONLY_V1,-1.7353487767190303,-0.2967602266400205
2023-11-30,KBS:HOSE:VSC,1,1,experiment-20261003T113748Z-acb3a2e7,CAFEF_C8_COMPLETE_ONLY_V1,3.6714067134437536,-0.45227883078382036
2023-11-30,KBS:HOSE:VSI,1,1,experiment-20261003T113748Z-acb3a2e7,CAFEF_C8_COMPLETE_ONLY_V1,-1.6730640416585005,1.0821454026564983
2023-11-30,KBS:UPCOM:APC,1,1,experiment-20261003T113748Z-acb3a2e7,CAFEF_C8_COMPLETE_ONLY_V1,-1.830785386235076,-2.8832801628518316
2023-11-30,KBS:UPCOM:GMC,1,1,experiment-20261003T113748Z-acb3a2e7,CAFEF_C8_COMPLETE_ONLY_V1,-1.722790751428562,-1.5870112852383758
2023-12-29,KBS:HOSE:AAM,0,1,experiment-20261003T113748Z-acb3a2e7,CAFEF_C8_COMPLETE_ONLY_V1,-1.9245773718279198,-1.638505999406883
2023-12-29,KBS:HOSE:ABS,0,1,experiment-20261003T113748Z-acb3a2e7,CAFEF_C8_COMPLETE_ONLY_V1,-1.6288691213805884,-1.0430056664853928
2023-12-29,KBS:HOSE:ABT,0,1,experiment-20261003T113748Z-acb3a2e7,CAFEF_C8_COMPLETE_ONLY_V1,-1.7929050829571314,-0.10791502452257336
2023-12-29,KBS:HOSE:ACC,0,1,experiment-20261003T113748Z-acb3a2e7,CAFEF_C8_COMPLETE_ONLY_V1,-1.7295576149257692,0.09423171394033529
2023-12-29,KBS:HOSE:ACL,0,1,experiment-20261003T113748Z-acb3a2e7,CAFEF_C8_COMPLETE_ONLY_V1,-1.906058119833074,-1.7261643311596226
2023-12-29,KBS:HOSE:ADS,0,1,experiment-20261003T113748Z-acb3a2e7,CAFEF_C8_COMPLETE_ONLY_V1,-1.5105807730825158,-0.2457959524377622
2023-12-29,KBS:HOSE:AGG,0,1,experiment-20261003T113748Z-acb3a2e7,CAFEF_C8_COMPLETE_ONLY_V1,-0.7502030773053974,-1.239644025610339
2023-12-29,KBS:HOSE:AGR,0,1,experiment-20261003T113748Z-acb3a2e7,CAFEF_C8_COMPLETE_ONLY_V1,-0.47256946413172385,1.2254278851401994
2023-12-29,KBS:HOSE:ANV,0,1,experiment-20261003T113748Z-acb3a2e7,CAFEF_C8_COMPLETE_ONLY_V1,0.06940268129979406,-0.7521916133527988
2023-12-29,KBS:HOSE:APG,0,1,experiment-20261003T113748Z-acb3a2e7,CAFEF_C8_COMPLETE_ONLY_V1,-0.4668320465003493,4.7002122383816936
2023-12-29,KBS:HOSE:APH,0,1,experiment-20261003T113748Z-acb3a2e7,CAFEF_C8_COMPLETE_ONLY_V1,-1.628909421477032,-0.5694225976190203
2023-12-29,KBS:HOSE:ASG,0,1,experiment-20261003T113748Z-acb3a2e7,CAFEF_C8_COMPLETE_ONLY_V1,-1.9551785695220314,-1.4379083107304185
2023-12-29,KBS:HOSE:ASM,0,1,experiment-20261003T113748Z-acb3a2e7,CAFEF_C8_COMPLETE_ONLY_V1,-0.1549556348023002,0.7480498164260687
2023-12-29,KBS:HOSE:ASP,0,1,experiment-20261003T113748Z-acb3a2e7,CAFEF_C8_COMPLETE_ONLY_V1,-1.9759201451727515,-2.2806486428783144
2023-12-29,KBS:HOSE:AST,0,1,experiment-20261003T113748Z-acb3a2e7,CAFEF_C8_COMPLETE_ONLY_V1,-1.8885007153534954,-1.387913563605274
2023-12-29,KBS:HOSE:BCM,0,1,experiment-20261003T113748Z-acb3a2e7,CAFEF_C8_COMPLETE_ONLY_V1,0.261348849930911,-1.3004282139722942
2023-12-29,KBS:HOSE:BHN,0,1,experiment-20261003T113748Z-acb3a2e7,CAFEF_C8_COMPLETE_ONLY_V1,-1.8436026555265264,-0.7722652208873647
2023-12-29,KBS:HOSE:BMI,0,1,experiment-20261003T113748Z-acb3a2e7,CAFEF_C8_COMPLETE_ONLY_V1,-1.7456041655997008,-0.9292270140878706
2023-12-29,KBS:HOSE:BTP,0,1,experiment-20261003T113748Z-acb3a2e7,CAFEF_C8_COMPLETE_ONLY_V1,-1.4066609874071612,1.9882414238688504
2023-12-29,KBS:HOSE:BVH,0,1,experiment-20261003T113748Z-acb3a2e7,CAFEF_C8_COMPLETE_ONLY_V1,-1.3272699491671107,-1.0586029199074005
2023-12-29,KBS:HOSE:C32,0,1,experiment-20261003T113748Z-acb3a2e7,CAFEF_C8_COMPLETE_ONLY_V1,-1.853970234288444,-1.0830467804636585
2023-12-29,KBS:HOSE:CCL,0,1,experiment-20261003T113748Z-acb3a2e7,CAFEF_C8_COMPLETE_ONLY_V1,-1.504728948754518,1.3914578658426333
2023-12-29,KBS:HOSE:CDC,0,1,experiment-20261003T113748Z-acb3a2e7,CAFEF_C8_COMPLETE_ONLY_V1,-1.1424833712355418,-0.24576192677379222
2023-12-29,KBS:HOSE:CIG,0,1,experiment-20261003T113748Z-acb3a2e7,CAFEF_C8_COMPLETE_ONLY_V1,-1.7364372038991505,-0.29030702095901045
2023-12-29,KBS:HOSE:CII,0,1,experiment-20261003T113748Z-acb3a2e7,CAFEF_C8_COMPLETE_ONLY_V1,3.3693835943391623,-0.7364454873438311
2023-12-29,KBS:HOSE:CKG,0,1,experiment-20261003T113748Z-acb3a2e7,CAFEF_C8_COMPLETE_ONLY_V1,-1.76059291773305,-0.9357588236098761
2023-12-29,KBS:HOSE:CLC,0,1,experiment-20261003T113748Z-acb3a2e7,CAFEF_C8_COMPLETE_ONLY_V1,-1.7416008358565431,0.6805779801702372
2023-12-29,KBS:HOSE:CMV,0,1,experiment-20261003T113748Z-acb3a2e7,CAFEF_C8_COMPLETE_ONLY_V1,-1.9172019924537027,-1.2070366227041576
2023-12-29,KBS:HOSE:CMX,0,1,experiment-20261003T113748Z-acb3a2e7,CAFEF_C8_COMPLETE_ONLY_V1,-1.5119545491374402,-1.1123684408429897
2023-12-29,KBS:HOSE:CNG,0,1,experiment-20261003T113748Z-acb3a2e7,CAFEF_C8_COMPLETE_ONLY_V1,-1.651181505533477,-0.36352661065816677
2023-12-29,KBS:HOSE:CRC,0,1,experiment-20261003T113748Z-acb3a2e7,CAFEF_C8_COMPLETE_ONLY_V1,-1.8379930621797258,-0.9472076667878383
2023-12-29,KBS:HOSE:CRE,0,1,experiment-20261003T113748Z-acb3a2e7,CAFEF_C8_COMPLETE_ONLY_V1,-1.1877433056615934,0.7278663714795676
2023-12-29,KBS:HOSE:CSM,0,1,experiment-20261003T113748Z-acb3a2e7,CAFEF_C8_COMPLETE_ONLY_V1,-1.8931726925368366,-1.0405663500772662
2023-12-29,KBS:HOSE:CSV,0,1,experiment-20261003T113748Z-acb3a2e7,CAFEF_C8_COMPLETE_ONLY_V1,-0.9032808774719103,0.870675201451725
2023-12-29,KBS:HOSE:CTD,0,1,experiment-20261003T113748Z-acb3a2e7,CAFEF_C8_COMPLETE_ONLY_V1,3.062596538927733,4.563833185857042
2023-12-29,KBS:HOSE:CTF,0,1,experiment-20261003T113748Z-acb3a2e7,CAFEF_C8_COMPLETE_ONLY_V1,-0.30828203979957236,0.34443227287990497
2023-12-29,KBS:HOSE:CTI,0,1,experiment-20261003T113748Z-acb3a2e7,CAFEF_C8_COMPLETE_ONLY_V1,-1.4599912920088263,0.22261673229921017
2023-12-29,KBS:HOSE:CTR,0,1,experiment-20261003T113748Z-acb3a2e7,CAFEF_C8_COMPLETE_ONLY_V1,-0.06985277028651798,1.7716448020330693
2023-12-29,KBS:HOSE:CTS,0,1,experiment-20261003T113748Z-acb3a2e7,CAFEF_C8_COMPLETE_ONLY_V1,0.2578269969204148,1.7998150468483385
2023-12-29,KBS:HOSE:CVT,0,1,experiment-20261003T113748Z-acb3a2e7,CAFEF_C8_COMPLETE_ONLY_V1,-1.9665539287908806,-1.9673909709033293
2023-12-29,KBS:HOSE:D2D,0,1,experiment-20261003T113748Z-acb3a2e7,CAFEF_C8_COMPLETE_ONLY_V1,-1.8029775034364224,-0.8969815774719864
2023-12-29,KBS:HOSE:DAH,0,1,experiment-20261003T113748Z-acb3a2e7,CAFEF_C8_COMPLETE_ONLY_V1,-1.625784330515725,-0.4650279042427285
2023-12-29,KBS:HOSE:DBC,1,0,experiment-20261003T113748Z-acb3a2e7,CAFEF_C8_COMPLETE_ONLY_V1,9.782327680845748,1.7872498220728317
2023-12-29,KBS:HOSE:DBD,0,1,experiment-20261003T113748Z-acb3a2e7,CAFEF_C8_COMPLETE_ONLY_V1,-1.4825123229053265,-0.6915618092427146
2023-12-29,KBS:HOSE:DCL,0,1,experiment-20261003T113748Z-acb3a2e7,CAFEF_C8_COMPLETE_ONLY_V1,-1.6133344425721903,0.7601064096898565
2023-12-29,KBS:HOSE:DCM,0,1,experiment-20261003T113748Z-acb3a2e7,CAFEF_C8_COMPLETE_ONLY_V1,1.7420247400582698,0.3535614951235833
2023-12-29,KBS:HOSE:DGC,1,0,experiment-20261003T113748Z-acb3a2e7,CAFEF_C8_COMPLETE_ONLY_V1,6.267825493455309,0.6052424631275639
2023-12-29,KBS:HOSE:DGW,0,1,experiment-20261003T113748Z-acb3a2e7,CAFEF_C8_COMPLETE_ONLY_V1,1.259318912275414,0.5088226681388175
2023-12-29,KBS:HOSE:DHA,0,1,experiment-20261003T113748Z-acb3a2e7,CAFEF_C8_COMPLETE_ONLY_V1,-1.5184302157768086,0.8440887584898237
2023-12-29,KBS:HOSE:DHC,0,1,experiment-20261003T113748Z-acb3a2e7,CAFEF_C8_COMPLETE_ONLY_V1,-1.5448986432245035,-0.9080758521862047
2023-12-29,KBS:HOSE:DLG,0,1,experiment-20261003T113748Z-acb3a2e7,CAFEF_C8_COMPLETE_ONLY_V1,-1.3577951675867612,-0.20696386373708622
2023-12-29,KBS:HOSE:DMC,0,1,experiment-20261003T113748Z-acb3a2e7,CAFEF_C8_COMPLETE_ONLY_V1,-1.8816103195028735,-0.9545191771889939
2023-12-29,KBS:HOSE:DPG,0,1,experiment-20261003T113748Z-acb3a2e7,CAFEF_C8_COMPLETE_ONLY_V1,-0.6256196645491162,1.242635635319076
2023-12-29,KBS:HOSE:DQC,0,1,experiment-20261003T113748Z-acb3a2e7,CAFEF_C8_COMPLETE_ONLY_V1,-1.891045065785809,-1.8055463368952787
2023-12-29,KBS:HOSE:DRC,0,1,experiment-20261003T113748Z-acb3a2e7,CAFEF_C8_COMPLETE_ONLY_V1,-0.7932091385456131,2.28824713617036
2023-12-29,KBS:HOSE:DSN,0,1,experiment-20261003T113748Z-acb3a2e7,CAFEF_C8_COMPLETE_ONLY_V1,-1.7211997895649847,0.2681532964470029
2023-12-29,KBS:HOSE:DTL,0,1,experiment-20261003T113748Z-acb3a2e7,CAFEF_C8_COMPLETE_ONLY_V1,-1.9435475549700105,-2.7614106107553833
2023-12-29,KBS:HOSE:DTT,0,1,experiment-20261003T113748Z-acb3a2e7,CAFEF_C8_COMPLETE_ONLY_V1,-1.4738477433207677,3.4670096065625393
2023-12-29,KBS:HOSE:DVP,0,1,experiment-20261003T113748Z-acb3a2e7,CAFEF_C8_COMPLETE_ONLY_V1,-1.4538572593381185,2.624411615618577
2023-12-29,KBS:HOSE:DXV,0,1,experiment-20261003T113748Z-acb3a2e7,CAFEF_C8_COMPLETE_ONLY_V1,-1.7454425424293805,-0.10103272800554439
2023-12-29,KBS:HOSE:EVE,0,1,experiment-20261003T113748Z-acb3a2e7,CAFEF_C8_COMPLETE_ONLY_V1,-1.7617815842678233,-0.767884259036714
2023-12-29,KBS:HOSE:EVG,0,1,experiment-20261003T113748Z-acb3a2e7,CAFEF_C8_COMPLETE_ONLY_V1,-1.085040221111141,0.6760317874651826
2023-12-29,KBS:HOSE:FCM,0,1,experiment-20261003T113748Z-acb3a2e7,CAFEF_C8_COMPLETE_ONLY_V1,-1.807710911296577,-0.8700818827960344
2023-12-29,KBS:HOSE:FCN,0,1,experiment-20261003T113748Z-acb3a2e7,CAFEF_C8_COMPLETE_ONLY_V1,-0.5449616932120762,0.04377454346303483
2023-12-29,KBS:HOSE:FIR,0,1,experiment-20261003T113748Z-acb3a2e7,CAFEF_C8_COMPLETE_ONLY_V1,-1.1714690657078213,-2.6079079136774435
2023-12-29,KBS:HOSE:FIT,0,1,experiment-20261003T113748Z-acb3a2e7,CAFEF_C8_COMPLETE_ONLY_V1,-1.449640964418808,-0.8217910694980722
2023-12-29,KBS:HOSE:FMC,0,1,experiment-20261003T113748Z-acb3a2e7,CAFEF_C8_COMPLETE_ONLY_V1,-1.7551671845230854,-0.586647062319796
2023-12-29,KBS:HOSE:FPT,1,0,experiment-20261003T113748Z-acb3a2e7,CAFEF_C8_COMPLETE_ONLY_V1,11.790077042267677,-0.34136579980993276
2023-12-29,KBS:HOSE:FTS,0,1,experiment-20261003T113748Z-acb3a2e7,CAFEF_C8_COMPLETE_ONLY_V1,1.414881901491629,2.8345037079701934
2023-12-29,KBS:HOSE:GDT,0,1,experiment-20261003T113748Z-acb3a2e7,CAFEF_C8_COMPLETE_ONLY_V1,-1.9017092532623512,-1.754240239685832
2023-12-29,KBS:HOSE:GEG,0,1,experiment-20261003T113748Z-acb3a2e7,CAFEF_C8_COMPLETE_ONLY_V1,-1.623050548619549,-1.6711466517412887
2023-12-29,KBS:HOSE:GIL,0,1,experiment-20261003T113748Z-acb3a2e7,CAFEF_C8_COMPLETE_ONLY_V1,-1.3300569379678835,-1.1681989724990023
2023-12-29,KBS:HOSE:GMD,0,1,experiment-20261003T113748Z-acb3a2e7,CAFEF_C8_COMPLETE_ONLY_V1,1.517572380562361,1.2764097964348344
2023-12-29,KBS:HOSE:HAG,1,0,experiment-20261003T113748Z-acb3a2e7,CAFEF_C8_COMPLETE_ONLY_V1,12.495402922558712,4.556700735546841
2023-12-29,KBS:HOSE:HAP,0,1,experiment-20261003T113748Z-acb3a2e7,CAFEF_C8_COMPLETE_ONLY_V1,-1.6276501941071158,0.23845091801108084
2023-12-29,KBS:HOSE:HAR,0,1,experiment-20261003T113748Z-acb3a2e7,CAFEF_C8_COMPLETE_ONLY_V1,-1.3948668578030619,0.9761420184586416
2023-12-29,KBS:HOSE:HCM,1,0,experiment-20261003T113748Z-acb3a2e7,CAFEF_C8_COMPLETE_ONLY_V1,9.608176721993356,1.3135844599449082
2023-12-29,KBS:HOSE:HHP,0,1,experiment-20261003T113748Z-acb3a2e7,CAFEF_C8_COMPLETE_ONLY_V1,-1.6555221584151756,-0.29064091684001575
2023-12-29,KBS:HOSE:HHV,0,1,experiment-20261003T113748Z-acb3a2e7,CAFEF_C8_COMPLETE_ONLY_V1,2.510750301523276,0.966748457932445
2023-12-29,KBS:HOSE:HID,0,1,experiment-20261003T113748Z-acb3a2e7,CAFEF_C8_COMPLETE_ONLY_V1,-1.885499380889324,-1.3837224957213448
2023-12-29,KBS:HOSE:HII,0,1,experiment-20261003T113748Z-acb3a2e7,CAFEF_C8_COMPLETE_ONLY_V1,-1.7124430840877687,0.2820968448482027
2023-12-29,KBS:HOSE:HMC,0,1,experiment-20261003T113748Z-acb3a2e7,CAFEF_C8_COMPLETE_ONLY_V1,-1.7722313313766171,0.1443373767657133
2023-12-29,KBS:HOSE:HRC,0,1,experiment-20261003T113748Z-acb3a2e7,CAFEF_C8_COMPLETE_ONLY_V1,-1.6996318668711792,0.5962021069958677
2023-12-29,KBS:HOSE:HSG,1,0,experiment-20261003T113748Z-acb3a2e7,CAFEF_C8_COMPLETE_ONLY_V1,8.813299625762745,1.7959225680106452
2023-12-29,KBS:HOSE:HSL,0,1,experiment-20261003T113748Z-acb3a2e7,CAFEF_C8_COMPLETE_ONLY_V1,-1.1430943274324843,3.1208699497955252
2023-12-29,KBS:HOSE:HTI,0,1,experiment-20261003T113748Z-acb3a2e7,CAFEF_C8_COMPLETE_ONLY_V1,-1.824492365624198,-0.5740292150049876
2023-12-29,KBS:HOSE:HTN,0,1,experiment-20261003T113748Z-acb3a2e7,CAFEF_C8_COMPLETE_ONLY_V1,-1.0120661796195247,0.3368054910234462
2023-12-29,KBS:HOSE:HTV,0,1,experiment-20261003T113748Z-acb3a2e7,CAFEF_C8_COMPLETE_ONLY_V1,-1.8356320032790103,-0.22004376089726074
2023-12-29,KBS:HOSE:HUB,0,1,experiment-20261003T113748Z-acb3a2e7,CAFEF_C8_COMPLETE_ONLY_V1,-1.7449683683339956,0.05997745064035942
2023-12-29,KBS:HOSE:HVN,0,1,experiment-20261003T113748Z-acb3a2e7,CAFEF_C8_COMPLETE_ONLY_V1,-0.747630043663144,-0.16750722527926293
2023-12-29,KBS:HOSE:ICT,0,1,experiment-20261003T113748Z-acb3a2e7,CAFEF_C8_COMPLETE_ONLY_V1,-1.8800387592533712,-0.8692012332963267
2023-12-29,KBS:HOSE:ILB,0,1,experiment-20261003T113748Z-acb3a2e7,CAFEF_C8_COMPLETE_ONLY_V1,-1.7754541060638036,-0.027783640011696784
2023-12-29,KBS:HOSE:ITC,0,1,experiment-20261003T113748Z-acb3a2e7,CAFEF_C8_COMPLETE_ONLY_V1,-1.426297232777637,0.5936282504976893
2023-12-29,KBS:HOSE:ITD,0,1,experiment-20261003T113748Z-acb3a2e7,CAFEF_C8_COMPLETE_ONLY_V1,-1.854562184055307,-1.3264062534909653
2023-12-29,KBS:HOSE:KDC,0,1,experiment-20261003T113748Z-acb3a2e7,CAFEF_C8_COMPLETE_ONLY_V1,2.5408048090123585,-0.8443475845375238
2023-12-29,KBS:HOSE:KDH,0,1,experiment-20261003T113748Z-acb3a2e7,CAFEF_C8_COMPLETE_ONLY_V1,0.6372248064706031,0.4709704784358512
2023-12-29,KBS:HOSE:KHP,0,1,experiment-20261003T113748Z-acb3a2e7,CAFEF_C8_COMPLETE_ONLY_V1,-1.82203138518038,-0.5687798080878513
2023-12-29,KBS:HOSE:KOS,0,1,experiment-20261003T113748Z-acb3a2e7,CAFEF_C8_COMPLETE_ONLY_V1,-0.6503732685119111,-0.45515558887435575
2023-12-29,KBS:HOSE:KSB,0,1,experiment-20261003T113748Z-acb3a2e7,CAFEF_C8_COMPLETE_ONLY_V1,-0.4650443774931821,0.02018609591242992
2023-12-29,KBS:HOSE:LBM,0,1,experiment-20261003T113748Z-acb3a2e7,CAFEF_C8_COMPLETE_ONLY_V1,-1.777245079777463,-0.30625540517168687
2023-12-29,KBS:HOSE:LCG,0,1,experiment-20261003T113748Z-acb3a2e7,CAFEF_C8_COMPLETE_ONLY_V1,0.4758625491551605,-0.13150715242541242
2023-12-29,KBS:HOSE:LHG,0,1,experiment-20261003T113748Z-acb3a2e7,CAFEF_C8_COMPLETE_ONLY_V1,-1.592812656895523,0.3475057142081876
2023-12-29,KBS:HOSE:LIX,0,1,experiment-20261003T113748Z-acb3a2e7,CAFEF_C8_COMPLETE_ONLY_V1,-1.7185004827464037,0.7787117098079105
2023-12-29,KBS:HOSE:LM8,0,1,experiment-20261003T113748Z-acb3a2e7,CAFEF_C8_COMPLETE_ONLY_V1,-1.665990980314388,1.1043538254089118
2023-12-29,KBS:HOSE:LPB,0,1,experiment-20261003T113748Z-acb3a2e7,CAFEF_C8_COMPLETE_ONLY_V1,0.8192347946861817,1.6892264161472126
2023-12-29,KBS:HOSE:MBB,1,0,experiment-20261003T113748Z-acb3a2e7,CAFEF_C8_COMPLETE_ONLY_V1,6.950140869263497,-0.6632418238591441
2023-12-29,KBS:HOSE:MCP,0,1,experiment-20261003T113748Z-acb3a2e7,CAFEF_C8_COMPLETE_ONLY_V1,-1.581673592675205,2.2659383412231824
2023-12-29,KBS:HOSE:MHC,0,1,experiment-20261003T113748Z-acb3a2e7,CAFEF_C8_COMPLETE_ONLY_V1,-1.1192415903852053,3.7223976092736324
2023-12-29,KBS:HOSE:MIG,0,1,experiment-20261003T113748Z-acb3a2e7,CAFEF_C8_COMPLETE_ONLY_V1,-1.5657836696634593,0.732535155169282
2023-12-29,KBS:HOSE:MSB,0,1,experiment-20261003T113748Z-acb3a2e7,CAFEF_C8_COMPLETE_ONLY_V1,2.0817315877187665,-0.8534096318786171
2023-12-29,KBS:HOSE:MSH,0,1,experiment-20261003T113748Z-acb3a2e7,CAFEF_C8_COMPLETE_ONLY_V1,-1.5768544723897138,-0.5588770468330322
2023-12-29,KBS:HOSE:MWG,1,0,experiment-20261003T113748Z-acb3a2e7,CAFEF_C8_COMPLETE_ONLY_V1,16.350951972321667,-2.3397332844760377
2023-12-29,KBS:HOSE:NAF,0,1,experiment-20261003T113748Z-acb3a2e7,CAFEF_C8_COMPLETE_ONLY_V1,-1.6616224163167894,0.4941088658359601
2023-12-29,KBS:HOSE:NBB,0,1,experiment-20261003T113748Z-acb3a2e7,CAFEF_C8_COMPLETE_ONLY_V1,-1.3726881723270121,2.1095232625176
2023-12-29,KBS:HOSE:NCT,0,1,experiment-20261003T113748Z-acb3a2e7,CAFEF_C8_COMPLETE_ONLY_V1,-1.8168398836834343,-0.15950310932080802
2023-12-29,KBS:HOSE:NKG,1,0,experiment-20261003T113748Z-acb3a2e7,CAFEF_C8_COMPLETE_ONLY_V1,8.530690292461633,2.505555006349506
2023-12-29,KBS:HOSE:NNC,0,1,experiment-20261003T113748Z-acb3a2e7,CAFEF_C8_COMPLETE_ONLY_V1,-1.7323712847439467,0.1422476320074835
2023-12-29,KBS:HOSE:NVL,1,0,experiment-20261003T113748Z-acb3a2e7,CAFEF_C8_COMPLETE_ONLY_V1,13.15458940079176,-0.6124539285570654
2023-12-29,KBS:HOSE:OGC,0,1,experiment-20261003T113748Z-acb3a2e7,CAFEF_C8_COMPLETE_ONLY_V1,-1.2926332550503148,0.26327114187414047
2023-12-29,KBS:HOSE:OPC,0,1,experiment-20261003T113748Z-acb3a2e7,CAFEF_C8_COMPLETE_ONLY_V1,-0.9192784862895493,0.11780465549937165
2023-12-29,KBS:HOSE:ORS,0,1,experiment-20261003T113748Z-acb3a2e7,CAFEF_C8_COMPLETE_ONLY_V1,-0.42825571004703583,0.9028200133819616
2023-12-29,KBS:HOSE:PAC,0,1,experiment-20261003T113748Z-acb3a2e7,CAFEF_C8_COMPLETE_ONLY_V1,-1.5672149053838602,-1.9668452893083923
2023-12-29,KBS:HOSE:PAN,0,1,experiment-20261003T113748Z-acb3a2e7,CAFEF_C8_COMPLETE_ONLY_V1,-0.7437111332034327,0.2978572778296989
2023-12-29,KBS:HOSE:PDR,1,0,experiment-20261003T113748Z-acb3a2e7,CAFEF_C8_COMPLETE_ONLY_V1,12.101899416341267,2.1901798294260924
2023-12-29,KBS:HOSE:PGC,0,1,experiment-20261003T113748Z-acb3a2e7,CAFEF_C8_COMPLETE_ONLY_V1,-1.847809967059578,-0.7718506788896297
2023-12-29,KBS:HOSE:PGD,0,1,experiment-20261003T113748Z-acb3a2e7,CAFEF_C8_COMPLETE_ONLY_V1,-1.755589867934714,-0.04550407139640591
2023-12-29,KBS:HOSE:PGV,0,1,experiment-20261003T113748Z-acb3a2e7,CAFEF_C8_COMPLETE_ONLY_V1,-1.7059205301194476,0.12416904585856778
2023-12-29,KBS:HOSE:PHR,0,1,experiment-20261003T113748Z-acb3a2e7,CAFEF_C8_COMPLETE_ONLY_V1,-1.1045846411239189,0.5384987469548507
2023-12-29,KBS:HOSE:PJT,0,1,experiment-20261003T113748Z-acb3a2e7,CAFEF_C8_COMPLETE_ONLY_V1,-1.725602696580493,0.28694979138739646
2023-12-29,KBS:HOSE:PLP,0,1,experiment-20261003T113748Z-acb3a2e7,CAFEF_C8_COMPLETE_ONLY_V1,-1.818220482837499,-1.1527988873282717
2023-12-29,KBS:HOSE:PLX,0,1,experiment-20261003T113748Z-acb3a2e7,CAFEF_C8_COMPLETE_ONLY_V1,-0.8399365400801702,-0.9795068466889514
2023-12-29,KBS:HOSE:PNJ,0,1,experiment-20261003T113748Z-acb3a2e7,CAFEF_C8_COMPLETE_ONLY_V1,3.9512132855027837,0.29427167253778264
2023-12-29,KBS:HOSE:PTB,0,1,experiment-20261003T113748Z-acb3a2e7,CAFEF_C8_COMPLETE_ONLY_V1,-0.8739009563528064,0.6186609725748228
2023-12-29,KBS:HOSE:PVT,0,1,experiment-20261003T113748Z-acb3a2e7,CAFEF_C8_COMPLETE_ONLY_V1,2.8122334161287936,-0.21647404525365063
2023-12-29,KBS:HOSE:RAL,0,1,experiment-20261003T113748Z-acb3a2e7,CAFEF_C8_COMPLETE_ONLY_V1,-1.6558811122073087,0.17722024638592468
2023-12-29,KBS:HOSE:S4A,0,1,experiment-20261003T113748Z-acb3a2e7,CAFEF_C8_COMPLETE_ONLY_V1,-1.7534418659602131,0.46654582737529005
2023-12-29,KBS:HOSE:SAB,0,1,experiment-20261003T113748Z-acb3a2e7,CAFEF_C8_COMPLETE_ONLY_V1,0.3338515079154512,-2.003184829778781
2023-12-29,KBS:HOSE:SAM,0,1,experiment-20261003T113748Z-acb3a2e7,CAFEF_C8_COMPLETE_ONLY_V1,-1.3715893235564676,-0.30606082152752817
2023-12-29,KBS:HOSE:SAV,0,1,experiment-20261003T113748Z-acb3a2e7,CAFEF_C8_COMPLETE_ONLY_V1,-1.738298959449082,-0.46864560895408525
2023-12-29,KBS:HOSE:SBA,0,1,experiment-20261003T113748Z-acb3a2e7,CAFEF_C8_COMPLETE_ONLY_V1,-1.7534024060426172,0.4669504092363132
2023-12-29,KBS:HOSE:SBV,0,1,experiment-20261003T113748Z-acb3a2e7,CAFEF_C8_COMPLETE_ONLY_V1,-1.8873117459606543,-0.5735070977267446
2023-12-29,KBS:HOSE:SC5,0,1,experiment-20261003T113748Z-acb3a2e7,CAFEF_C8_COMPLETE_ONLY_V1,-1.7614162696011517,0.22909486065741597
2023-12-29,KBS:HOSE:SCR,0,1,experiment-20261003T113748Z-acb3a2e7,CAFEF_C8_COMPLETE_ONLY_V1,-0.7737892675506595,0.3553577657696255
2023-12-29,KBS:HOSE:SCS,0,1,experiment-20261003T113748Z-acb3a2e7,CAFEF_C8_COMPLETE_ONLY_V1,-1.5148458399637168,0.5240233673269804
2023-12-29,KBS:HOSE:SGR,0,1,experiment-20261003T113748Z-acb3a2e7,CAFEF_C8_COMPLETE_ONLY_V1,-1.5894281360164004,0.450741368529262
2023-12-29,KBS:HOSE:SGT,0,1,experiment-20261003T113748Z-acb3a2e7,CAFEF_C8_COMPLETE_ONLY_V1,-1.9232433297060376,-2.1436104351669996
2023-12-29,KBS:HOSE:SHA,0,1,experiment-20261003T113748Z-acb3a2e7,CAFEF_C8_COMPLETE_ONLY_V1,-1.8015526334141103,-0.23928651834509138
2023-12-29,KBS:HOSE:SHI,0,1,experiment-20261003T113748Z-acb3a2e7,CAFEF_C8_COMPLETE_ONLY_V1,-1.47183649623119,-0.8018428294888051
2023-12-29,KBS:HOSE:SHP,0,1,experiment-20261003T113748Z-acb3a2e7,CAFEF_C8_COMPLETE_ONLY_V1,-1.713250482927197,0.909009635607136
2023-12-29,KBS:HOSE:SJD,0,1,experiment-20261003T113748Z-acb3a2e7,CAFEF_C8_COMPLETE_ONLY_V1,-1.7929939471011391,-0.4909104652141386
2023-12-29,KBS:HOSE:SJS,0,1,experiment-20261003T113748Z-acb3a2e7,CAFEF_C8_COMPLETE_ONLY_V1,-0.3727121319151054,1.839923255380051
2023-12-29,KBS:HOSE:SMB,0,1,experiment-20261003T113748Z-acb3a2e7,CAFEF_C8_COMPLETE_ONLY_V1,-1.8654145870459067,-0.48318633133976807
2023-12-29,KBS:HOSE:SPM,0,1,experiment-20261003T113748Z-acb3a2e7,CAFEF_C8_COMPLETE_ONLY_V1,-1.7405853857635445,-0.19638166579886013
2023-12-29,KBS:HOSE:SRC,0,1,experiment-20261003T113748Z-acb3a2e7,CAFEF_C8_COMPLETE_ONLY_V1,-1.1687584149483308,4.562729380704148
2023-12-29,KBS:HOSE:SRF,0,1,experiment-20261003T113748Z-acb3a2e7,CAFEF_C8_COMPLETE_ONLY_V1,-1.894656039618364,-1.4595079157888622
2023-12-29,KBS:HOSE:STB,1,0,experiment-20261003T113748Z-acb3a2e7,CAFEF_C8_COMPLETE_ONLY_V1,16.287025572426078,-2.361043564206987
2023-12-29,KBS:HOSE:STG,0,1,experiment-20261003T113748Z-acb3a2e7,CAFEF_C8_COMPLETE_ONLY_V1,-1.791626932789353,-0.15039774493113675
2023-12-29,KBS:HOSE:SVT,0,1,experiment-20261003T113748Z-acb3a2e7,CAFEF_C8_COMPLETE_ONLY_V1,-1.6264379201463737,0.8753517645556576
2023-12-29,KBS:HOSE:TCB,1,0,experiment-20261003T113748Z-acb3a2e7,CAFEF_C8_COMPLETE_ONLY_V1,14.663780192772926,-1.7299830469326438
2023-12-29,KBS:HOSE:TCL,0,1,experiment-20261003T113748Z-acb3a2e7,CAFEF_C8_COMPLETE_ONLY_V1,-1.769556180509559,-0.19789616691705675
2023-12-29,KBS:HOSE:TCM,0,1,experiment-20261003T113748Z-acb3a2e7,CAFEF_C8_COMPLETE_ONLY_V1,-0.543885269341855,-1.421167958541855
2023-12-29,KBS:HOSE:TCO,0,1,experiment-20261003T113748Z-acb3a2e7,CAFEF_C8_COMPLETE_ONLY_V1,-1.8726107945353214,-1.6676532909166362
2023-12-29,KBS:HOSE:TCR,0,1,experiment-20261003T113748Z-acb3a2e7,CAFEF_C8_COMPLETE_ONLY_V1,-1.9126064253902637,-1.4810255123079137
2023-12-29,KBS:HOSE:TDG,0,1,experiment-20261003T113748Z-acb3a2e7,CAFEF_C8_COMPLETE_ONLY_V1,-1.8564275350560597,-1.3377385134088642
2023-12-29,KBS:HOSE:TDP,0,1,experiment-20261003T113748Z-acb3a2e7,CAFEF_C8_COMPLETE_ONLY_V1,-1.8572862476065801,-2.080770312185911
2023-12-29,KBS:HOSE:TIP,0,1,experiment-20261003T113748Z-acb3a2e7,CAFEF_C8_COMPLETE_ONLY_V1,-1.317014507638754,0.7615735574571871
2023-12-29,KBS:HOSE:TLG,0,1,experiment-20261003T113748Z-acb3a2e7,CAFEF_C8_COMPLETE_ONLY_V1,-1.8150006388409605,-1.0441421143174776
2023-12-29,KBS:HOSE:TLH,0,1,experiment-20261003T113748Z-acb3a2e7,CAFEF_C8_COMPLETE_ONLY_V1,-1.3022116303483267,0.4749758159885237
2023-12-29,KBS:HOSE:TMS,0,1,experiment-20261003T113748Z-acb3a2e7,CAFEF_C8_COMPLETE_ONLY_V1,-1.701766241415279,0.5032937031454963
2023-12-29,KBS:HOSE:TN1,0,1,experiment-20261003T113748Z-acb3a2e7,CAFEF_C8_COMPLETE_ONLY_V1,-1.848860019027732,-0.6594483855777187
2023-12-29,KBS:HOSE:TNI,0,1,experiment-20261003T113748Z-acb3a2e7,CAFEF_C8_COMPLETE_ONLY_V1,-1.8512381925684684,-1.358081129590728
2023-12-29,KBS:HOSE:TNT,0,1,experiment-20261003T113748Z-acb3a2e7,CAFEF_C8_COMPLETE_ONLY_V1,-1.6321871111890323,-0.33163080492956354
2023-12-29,KBS:HOSE:TRA,0,1,experiment-20261003T113748Z-acb3a2e7,CAFEF_C8_COMPLETE_ONLY_V1,-1.695226822479321,0.500120837023062
2023-12-29,KBS:HOSE:TRC,0,1,experiment-20261003T113748Z-acb3a2e7,CAFEF_C8_COMPLETE_ONLY_V1,-1.8546408662419518,-0.6119410134657357
2023-12-29,KBS:HOSE:TV2,0,1,experiment-20261003T113748Z-acb3a2e7,CAFEF_C8_COMPLETE_ONLY_V1,-1.080508243358451,1.0055361374630856
2023-12-29,KBS:HOSE:TVB,0,1,experiment-20261003T113748Z-acb3a2e7,CAFEF_C8_COMPLETE_ONLY_V1,-1.5618711078675136,1.0475827360894037
2023-12-29,KBS:HOSE:UIC,0,1,experiment-20261003T113748Z-acb3a2e7,CAFEF_C8_COMPLETE_ONLY_V1,-1.8436047001675437,-0.531886551020992
2023-12-29,KBS:HOSE:VCA,0,1,experiment-20261003T113748Z-acb3a2e7,CAFEF_C8_COMPLETE_ONLY_V1,-1.8958834925791406,-1.2166598008409382
2023-12-29,KBS:HOSE:VDS,0,1,experiment-20261003T113748Z-acb3a2e7,CAFEF_C8_COMPLETE_ONLY_V1,-0.9794928940861846,2.514529327691139
2023-12-29,KBS:HOSE:VFG,0,1,experiment-20261003T113748Z-acb3a2e7,CAFEF_C8_COMPLETE_ONLY_V1,-1.8350675464130715,-0.5001309722031188
2023-12-29,KBS:HOSE:VGC,0,1,experiment-20261003T113748Z-acb3a2e7,CAFEF_C8_COMPLETE_ONLY_V1,0.3980420199024515,1.765417237266709
2023-12-29,KBS:HOSE:VHC,0,1,experiment-20261003T113748Z-acb3a2e7,CAFEF_C8_COMPLETE_ONLY_V1,1.48688496778189,-0.1945141774527191
2023-12-29,KBS:HOSE:VHM,1,0,experiment-20261003T113748Z-acb3a2e7,CAFEF_C8_COMPLETE_ONLY_V1,21.831550282551508,-3.417281912660856
2023-12-29,KBS:HOSE:VJC,0,1,experiment-20261003T113748Z-acb3a2e7,CAFEF_C8_COMPLETE_ONLY_V1,4.447934025182549,0.07088954732277054
2023-12-29,KBS:HOSE:VND,1,0,experiment-20261003T113748Z-acb3a2e7,CAFEF_C8_COMPLETE_ONLY_V1,21.017796247729848,-0.7990170526966629
2023-12-29,KBS:HOSE:VNG,0,1,experiment-20261003T113748Z-acb3a2e7,CAFEF_C8_COMPLETE_ONLY_V1,-1.589868590800691,1.3457311775745653
2023-12-29,KBS:HOSE:VPB,1,0,experiment-20261003T113748Z-acb3a2e7,CAFEF_C8_COMPLETE_ONLY_V1,10.868010338687602,-1.82850683054756
2023-12-29,KBS:HOSE:VPS,0,1,experiment-20261003T113748Z-acb3a2e7,CAFEF_C8_COMPLETE_ONLY_V1,-1.6353935033613773,1.106648875373879
2023-12-29,KBS:HOSE:VSC,0,1,experiment-20261003T113748Z-acb3a2e7,CAFEF_C8_COMPLETE_ONLY_V1,0.2755196632482988,-0.2751262187689537
2023-12-29,KBS:HOSE:VSI,0,1,experiment-20261003T113748Z-acb3a2e7,CAFEF_C8_COMPLETE_ONLY_V1,-1.7426286574534149,0.4315704789584673
2023-12-29,KBS:UPCOM:APC,0,1,experiment-20261003T113748Z-acb3a2e7,CAFEF_C8_COMPLETE_ONLY_V1,-1.8880182593784531,-1.5841335374258563
2023-12-29,KBS:UPCOM:GMC,0,1,experiment-20261003T113748Z-acb3a2e7,CAFEF_C8_COMPLETE_ONLY_V1,-1.8485495396199645,-1.2787981097339118
2023-12-29,KBS:UPCOM:HBC,0,1,experiment-20261003T113748Z-acb3a2e7,CAFEF_C8_COMPLETE_ONLY_V1,-1.4621183953654293,-0.9869306460724809
2023-12-29,KBS:UPCOM:HNG,0,1,experiment-20261003T113748Z-acb3a2e7,CAFEF_C8_COMPLETE_ONLY_V1,-0.7469074549994129,2.322133718269875
2023-12-29,KBS:UPCOM:POM,0,1,experiment-20261003T113748Z-acb3a2e7,CAFEF_C8_COMPLETE_ONLY_V1,-1.1409948658791695,-0.918443879167401
2024-01-31,KBS:HOSE:AAM,0,1,experiment-20261003T113748Z-acb3a2e7,CAFEF_C8_COMPLETE_ONLY_V1,-1.7193336824843648,-1.6026764610253177
2024-01-31,KBS:HOSE:ABS,0,1,experiment-20261003T113748Z-acb3a2e7,CAFEF_C8_COMPLETE_ONLY_V1,-1.3612282307897938,-1.0969762052963539
2024-01-31,KBS:HOSE:ABT,0,1,experiment-20261003T113748Z-acb3a2e7,CAFEF_C8_COMPLETE_ONLY_V1,-1.5235617861470678,0.12623975751841884
2024-01-31,KBS:HOSE:ACC,0,1,experiment-20261003T113748Z-acb3a2e7,CAFEF_C8_COMPLETE_ONLY_V1,-1.6678595962837082,-1.1518548318490034
2024-01-31,KBS:HOSE:ACL,0,1,experiment-20261003T113748Z-acb3a2e7,CAFEF_C8_COMPLETE_ONLY_V1,-1.5661669117179622,-0.5583464021370491
2024-01-31,KBS:HOSE:ADS,0,1,experiment-20261003T113748Z-acb3a2e7,CAFEF_C8_COMPLETE_ONLY_V1,-1.3184509310114947,-1.0019658060950671
2024-01-31,KBS:HOSE:AGG,0,1,experiment-20261003T113748Z-acb3a2e7,CAFEF_C8_COMPLETE_ONLY_V1,-1.138851631298568,-1.907512858912682
2024-01-31,KBS:HOSE:AGR,0,1,experiment-20261003T113748Z-acb3a2e7,CAFEF_C8_COMPLETE_ONLY_V1,-0.13926068340091488,1.7952399862550954
2024-01-31,KBS:HOSE:ANV,0,1,experiment-20261003T113748Z-acb3a2e7,CAFEF_C8_COMPLETE_ONLY_V1,0.13239889466537838,-0.9355135880457843
2024-01-31,KBS:HOSE:APG,0,1,experiment-20261003T113748Z-acb3a2e7,CAFEF_C8_COMPLETE_ONLY_V1,-0.4178780031838528,3.9043441933246283
2024-01-31,KBS:HOSE:APH,0,1,experiment-20261003T113748Z-acb3a2e7,CAFEF_C8_COMPLETE_ONLY_V1,-1.3142170472071588,-0.001842466122713735
2024-01-31,KBS:HOSE:ASM,0,1,experiment-20261003T113748Z-acb3a2e7,CAFEF_C8_COMPLETE_ONLY_V1,-0.1017206696993726,0.13044834966022611
2024-01-31,KBS:HOSE:ASP,0,1,experiment-20261003T113748Z-acb3a2e7,CAFEF_C8_COMPLETE_ONLY_V1,-1.6442341361591524,-0.8929665341716093
2024-01-31,KBS:HOSE:AST,0,1,experiment-20261003T113748Z-acb3a2e7,CAFEF_C8_COMPLETE_ONLY_V1,-1.4158820034787585,0.7886170205211336
2024-01-31,KBS:HOSE:BCM,0,1,experiment-20261003T113748Z-acb3a2e7,CAFEF_C8_COMPLETE_ONLY_V1,0.09883873925070569,-0.1975847091880929
2024-01-31,KBS:HOSE:BHN,0,1,experiment-20261003T113748Z-acb3a2e7,CAFEF_C8_COMPLETE_ONLY_V1,-1.6298931218429162,-0.7883203377784361
2024-01-31,KBS:HOSE:BKG,0,1,experiment-20261003T113748Z-acb3a2e7,CAFEF_C8_COMPLETE_ONLY_V1,-1.5447272715235132,-0.3796490287003889
2024-01-31,KBS:HOSE:BMI,0,1,experiment-20261003T113748Z-acb3a2e7,CAFEF_C8_COMPLETE_ONLY_V1,-1.3866281916117873,-0.3521979021719891
2024-01-31,KBS:HOSE:BTP,0,1,experiment-20261003T113748Z-acb3a2e7,CAFEF_C8_COMPLETE_ONLY_V1,-1.3138956682236786,1.1182606420798993
2024-01-31,KBS:HOSE:BVH,0,1,experiment-20261003T113748Z-acb3a2e7,CAFEF_C8_COMPLETE_ONLY_V1,-0.9704153034063557,-0.5640596919417564
2024-01-31,KBS:HOSE:C32,0,1,experiment-20261003T113748Z-acb3a2e7,CAFEF_C8_COMPLETE_ONLY_V1,-1.623318301888436,-0.5032011334284381
2024-01-31,KBS:HOSE:CCL,0,1,experiment-20261003T113748Z-acb3a2e7,CAFEF_C8_COMPLETE_ONLY_V1,-1.3415358399547168,0.4478534836322158
2024-01-31,KBS:HOSE:CDC,0,1,experiment-20261003T113748Z-acb3a2e7,CAFEF_C8_COMPLETE_ONLY_V1,-1.0179097712230816,0.08482654185256332
2024-01-31,KBS:HOSE:CIG,0,1,experiment-20261003T113748Z-acb3a2e7,CAFEF_C8_COMPLETE_ONLY_V1,-1.5120551055053577,-0.7775108823367289
2024-01-31,KBS:HOSE:CII,1,0,experiment-20261003T113748Z-acb3a2e7,CAFEF_C8_COMPLETE_ONLY_V1,7.185218171634,-0.379477906443648
2024-01-31,KBS:HOSE:CKG,0,1,experiment-20261003T113748Z-acb3a2e7,CAFEF_C8_COMPLETE_ONLY_V1,-1.3011959126550874,-1.6519696325979443
2024-01-31,KBS:HOSE:CLC,0,1,experiment-20261003T113748Z-acb3a2e7,CAFEF_C8_COMPLETE_ONLY_V1,-1.4239734761870664,1.2753086402121394
2024-01-31,KBS:HOSE:CMV,0,1,experiment-20261003T113748Z-acb3a2e7,CAFEF_C8_COMPLETE_ONLY_V1,-1.6340650471109766,-0.6351316262165403
2024-01-31,KBS:HOSE:CMX,0,1,experiment-20261003T113748Z-acb3a2e7,CAFEF_C8_COMPLETE_ONLY_V1,-1.43870504951415,-1.067802660889835
2024-01-31,KBS:HOSE:CNG,0,1,experiment-20261003T113748Z-acb3a2e7,CAFEF_C8_COMPLETE_ONLY_V1,-1.2409916490830448,1.1058608890569148
2024-01-31,KBS:HOSE:CRC,0,1,experiment-20261003T113748Z-acb3a2e7,CAFEF_C8_COMPLETE_ONLY_V1,-1.4066922127122432,0.6212532381969493
2024-01-31,KBS:HOSE:CRE,0,1,experiment-20261003T113748Z-acb3a2e7,CAFEF_C8_COMPLETE_ONLY_V1,-1.2164679653810264,-0.4929451690710859
2024-01-31,KBS:HOSE:CSM,0,1,experiment-20261003T113748Z-acb3a2e7,CAFEF_C8_COMPLETE_ONLY_V1,-1.5239575284508453,0.45702720964099464
2024-01-31,KBS:HOSE:CSV,0,1,experiment-20261003T113748Z-acb3a2e7,CAFEF_C8_COMPLETE_ONLY_V1,0.19982227082882015,5.125602711252557
2024-01-31,KBS:HOSE:CTD,0,1,experiment-20261003T113748Z-acb3a2e7,CAFEF_C8_COMPLETE_ONLY_V1,2.8145934058447133,2.356938033407147
2024-01-31,KBS:HOSE:CTF,0,1,experiment-20261003T113748Z-acb3a2e7,CAFEF_C8_COMPLETE_ONLY_V1,-0.8806897429795926,-0.5043459651101554
2024-01-31,KBS:HOSE:CTI,0,1,experiment-20261003T113748Z-acb3a2e7,CAFEF_C8_COMPLETE_ONLY_V1,-1.266594787123209,-0.10910527445544328
2024-01-31,KBS:HOSE:CTR,0,1,experiment-20261003T113748Z-acb3a2e7,CAFEF_C8_COMPLETE_ONLY_V1,-0.11707331760407533,1.5953191204816983
2024-01-31,KBS:HOSE:CTS,0,1,experiment-20261003T113748Z-acb3a2e7,CAFEF_C8_COMPLETE_ONLY_V1,0.7574865276085402,2.5477284595179497
2024-01-31,KBS:HOSE:CVT,0,1,experiment-20261003T113748Z-acb3a2e7,CAFEF_C8_COMPLETE_ONLY_V1,-1.6606843406312102,-0.8063230921052422
2024-01-31,KBS:HOSE:D2D,0,1,experiment-20261003T113748Z-acb3a2e7,CAFEF_C8_COMPLETE_ONLY_V1,-1.0821118296926846,3.1207081486927515
2024-01-31,KBS:HOSE:DAH,0,1,experiment-20261003T113748Z-acb3a2e7,CAFEF_C8_COMPLETE_ONLY_V1,-1.5555214534406092,-1.2907022838296318
2024-01-31,KBS:HOSE:DBC,1,0,experiment-20261003T113748Z-acb3a2e7,CAFEF_C8_COMPLETE_ONLY_V1,6.85223466811605,0.17010812639700446
2024-01-31,KBS:HOSE:DBD,0,1,experiment-20261003T113748Z-acb3a2e7,CAFEF_C8_COMPLETE_ONLY_V1,-1.3652743730448602,-0.1217431767652874
2024-01-31,KBS:HOSE:DCL,0,1,experiment-20261003T113748Z-acb3a2e7,CAFEF_C8_COMPLETE_ONLY_V1,-1.4864308569029856,-0.12696049551668148
2024-01-31,KBS:HOSE:DCM,0,1,experiment-20261003T113748Z-acb3a2e7,CAFEF_C8_COMPLETE_ONLY_V1,1.8137522335312835,-0.3844041963025236
2024-01-31,KBS:HOSE:DGC,1,0,experiment-20261003T113748Z-acb3a2e7,CAFEF_C8_COMPLETE_ONLY_V1,5.728556710621735,-0.3248804393260824
2024-01-31,KBS:HOSE:DGW,0,1,experiment-20261003T113748Z-acb3a2e7,CAFEF_C8_COMPLETE_ONLY_V1,2.623351861224963,0.2419300797569401
2024-01-31,KBS:HOSE:DHA,0,1,experiment-20261003T113748Z-acb3a2e7,CAFEF_C8_COMPLETE_ONLY_V1,-1.1800448292001082,0.9080011777200998
2024-01-31,KBS:HOSE:DHC,0,1,experiment-20261003T113748Z-acb3a2e7,CAFEF_C8_COMPLETE_ONLY_V1,-0.8547962869883422,1.294530196691095
2024-01-31,KBS:HOSE:DLG,0,1,experiment-20261003T113748Z-acb3a2e7,CAFEF_C8_COMPLETE_ONLY_V1,-1.3468884494988478,-1.5179871970764902
2024-01-31,KBS:HOSE:DMC,0,1,experiment-20261003T113748Z-acb3a2e7,CAFEF_C8_COMPLETE_ONLY_V1,-1.6578271545970273,-0.8771435873401666
2024-01-31,KBS:HOSE:DPG,0,1,experiment-20261003T113748Z-acb3a2e7,CAFEF_C8_COMPLETE_ONLY_V1,-0.3681654714937605,0.19757834437381525
2024-01-31,KBS:HOSE:DQC,0,1,experiment-20261003T113748Z-acb3a2e7,CAFEF_C8_COMPLETE_ONLY_V1,-1.6244328737181233,-1.1917872661334854
2024-01-31,KBS:HOSE:DRC,0,1,experiment-20261003T113748Z-acb3a2e7,CAFEF_C8_COMPLETE_ONLY_V1,-0.009014169964644398,3.6848255058238957
2024-01-31,KBS:HOSE:DSN,0,1,experiment-20261003T113748Z-acb3a2e7,CAFEF_C8_COMPLETE_ONLY_V1,-1.4871141519221607,0.27171914219262344
2024-01-31,KBS:HOSE:DTL,0,1,experiment-20261003T113748Z-acb3a2e7,CAFEF_C8_COMPLETE_ONLY_V1,-1.8891746970507626,-4.13354754095841
2024-01-31,KBS:HOSE:DTT,0,1,experiment-20261003T113748Z-acb3a2e7,CAFEF_C8_COMPLETE_ONLY_V1,-1.4120414207184016,0.8831517455197296
2024-01-31,KBS:HOSE:DVP,0,1,experiment-20261003T113748Z-acb3a2e7,CAFEF_C8_COMPLETE_ONLY_V1,-1.3551089567428694,0.8092572799337994
2024-01-31,KBS:HOSE:DXV,0,1,experiment-20261003T113748Z-acb3a2e7,CAFEF_C8_COMPLETE_ONLY_V1,-1.6760873094247675,-1.4923919079250767
2024-01-31,KBS:HOSE:EVE,0,1,experiment-20261003T113748Z-acb3a2e7,CAFEF_C8_COMPLETE_ONLY_V1,-1.5395560643762107,-0.8512690090482778
2024-01-31,KBS:HOSE:EVG,0,1,experiment-20261003T113748Z-acb3a2e7,CAFEF_C8_COMPLETE_ONLY_V1,-1.1266371053468218,-1.0079144257768107
2024-01-31,KBS:HOSE:FCM,0,1,experiment-20261003T113748Z-acb3a2e7,CAFEF_C8_COMPLETE_ONLY_V1,-1.6580195341013695,-1.6478911316847764
2024-01-31,KBS:HOSE:FCN,0,1,experiment-20261003T113748Z-acb3a2e7,CAFEF_C8_COMPLETE_ONLY_V1,-0.5754932924606722,-0.49192898386056577
2024-01-31,KBS:HOSE:FIR,0,1,experiment-20261003T113748Z-acb3a2e7,CAFEF_C8_COMPLETE_ONLY_V1,-1.1332846366930045,-9.590521017078668
2024-01-31,KBS:HOSE:FIT,0,1,experiment-20261003T113748Z-acb3a2e7,CAFEF_C8_COMPLETE_ONLY_V1,-1.261006611357558,-0.8893724355048942
2024-01-31,KBS:HOSE:FMC,0,1,experiment-20261003T113748Z-acb3a2e7,CAFEF_C8_COMPLETE_ONLY_V1,-1.4326839484462506,-0.25346061323376395
2024-01-31,KBS:HOSE:FPT,1,0,experiment-20261003T113748Z-acb3a2e7,CAFEF_C8_COMPLETE_ONLY_V1,6.358486082053897,-0.28528957481501294
2024-01-31,KBS:HOSE:FTS,0,1,experiment-20261003T113748Z-acb3a2e7,CAFEF_C8_COMPLETE_ONLY_V1,1.5108040163314709,4.042216317259418
2024-01-31,KBS:HOSE:GDT,0,1,experiment-20261003T113748Z-acb3a2e7,CAFEF_C8_COMPLETE_ONLY_V1,-1.529584353965034,-0.011150487727671127
2024-01-31,KBS:HOSE:GEG,0,1,experiment-20261003T113748Z-acb3a2e7,CAFEF_C8_COMPLETE_ONLY_V1,-1.3992856581529358,-0.5133494160394894
2024-01-31,KBS:HOSE:GIL,0,1,experiment-20261003T113748Z-acb3a2e7,CAFEF_C8_COMPLETE_ONLY_V1,-0.5787986984869632,1.8703191278379674
2024-01-31,KBS:HOSE:GMD,0,1,experiment-20261003T113748Z-acb3a2e7,CAFEF_C8_COMPLETE_ONLY_V1,1.3332769797328639,-0.07473464392373434
2024-01-31,KBS:HOSE:HAG,1,0,experiment-20261003T113748Z-acb3a2e7,CAFEF_C8_COMPLETE_ONLY_V1,6.002853493893878,3.305503219965887
2024-01-31,KBS:HOSE:HAP,0,1,experiment-20261003T113748Z-acb3a2e7,CAFEF_C8_COMPLETE_ONLY_V1,-1.5661289275544608,-0.7763660194670846
2024-01-31,KBS:HOSE:HAR,0,1,experiment-20261003T113748Z-acb3a2e7,CAFEF_C8_COMPLETE_ONLY_V1,-1.333663635998385,-0.6912617333412511
2024-01-31,KBS:HOSE:HCM,1,0,experiment-20261003T113748Z-acb3a2e7,CAFEF_C8_COMPLETE_ONLY_V1,5.707181363391968,1.9364764967597143
2024-01-31,KBS:HOSE:HHP,0,1,experiment-20261003T113748Z-acb3a2e7,CAFEF_C8_COMPLETE_ONLY_V1,-1.4126813825790772,-0.20777679750704534
2024-01-31,KBS:HOSE:HHV,0,1,experiment-20261003T113748Z-acb3a2e7,CAFEF_C8_COMPLETE_ONLY_V1,2.3467973553356023,-0.08605234728437354
2024-01-31,KBS:HOSE:HID,0,1,experiment-20261003T113748Z-acb3a2e7,CAFEF_C8_COMPLETE_ONLY_V1,-1.6621687520465922,-1.25441725334898
2024-01-31,KBS:HOSE:HII,0,1,experiment-20261003T113748Z-acb3a2e7,CAFEF_C8_COMPLETE_ONLY_V1,-1.3211412026291047,1.5137409246100442
2024-01-31,KBS:HOSE:HMC,0,1,experiment-20261003T113748Z-acb3a2e7,CAFEF_C8_COMPLETE_ONLY_V1,-1.3884530913982487,1.306308655857898
2024-01-31,KBS:HOSE:HRC,0,1,experiment-20261003T113748Z-acb3a2e7,CAFEF_C8_COMPLETE_ONLY_V1,-1.686999307523633,-1.273375117501448
2024-01-31,KBS:HOSE:HSG,1,0,experiment-20261003T113748Z-acb3a2e7,CAFEF_C8_COMPLETE_ONLY_V1,10.226030600699357,0.31501283060607654
2024-01-31,KBS:HOSE:HSL,0,1,experiment-20261003T113748Z-acb3a2e7,CAFEF_C8_COMPLETE_ONLY_V1,-1.2038676570975098,-4.066364492169876
2024-01-31,KBS:HOSE:HTI,0,1,experiment-20261003T113748Z-acb3a2e7,CAFEF_C8_COMPLETE_ONLY_V1,-1.5967278733608352,-0.3038093382803591
2024-01-31,KBS:HOSE:HTN,0,1,experiment-20261003T113748Z-acb3a2e7,CAFEF_C8_COMPLETE_ONLY_V1,-1.0432735703781224,-1.6045013523351537
2024-01-31,KBS:HOSE:HTV,0,1,experiment-20261003T113748Z-acb3a2e7,CAFEF_C8_COMPLETE_ONLY_V1,-1.60672284916434,-0.1168586657223027
2024-01-31,KBS:HOSE:HUB,0,1,experiment-20261003T113748Z-acb3a2e7,CAFEF_C8_COMPLETE_ONLY_V1,-1.4199327910717936,1.0074028767173218
2024-01-31,KBS:HOSE:HVN,0,1,experiment-20261003T113748Z-acb3a2e7,CAFEF_C8_COMPLETE_ONLY_V1,-0.48460803925511864,0.15171984994313892
2024-01-31,KBS:HOSE:ICT,0,1,experiment-20261003T113748Z-acb3a2e7,CAFEF_C8_COMPLETE_ONLY_V1,-1.6752146066327371,-0.7399823746840704
2024-01-31,KBS:HOSE:ILB,0,1,experiment-20261003T113748Z-acb3a2e7,CAFEF_C8_COMPLETE_ONLY_V1,-1.603798820937914,-0.36579887055347715
2024-01-31,KBS:HOSE:ITC,0,1,experiment-20261003T113748Z-acb3a2e7,CAFEF_C8_COMPLETE_ONLY_V1,-1.157648577004371,-0.1544607296480214
2024-01-31,KBS:HOSE:ITD,0,1,experiment-20261003T113748Z-acb3a2e7,CAFEF_C8_COMPLETE_ONLY_V1,-1.6735180773682403,-1.3942232111686124
2024-01-31,KBS:HOSE:KDC,0,1,experiment-20261003T113748Z-acb3a2e7,CAFEF_C8_COMPLETE_ONLY_V1,1.5093120658183043,-0.8839702454393177
2024-01-31,KBS:HOSE:KDH,0,1,experiment-20261003T113748Z-acb3a2e7,CAFEF_C8_COMPLETE_ONLY_V1,0.691433125434606,-0.2387423367711978
2024-01-31,KBS:HOSE:KHP,0,1,experiment-20261003T113748Z-acb3a2e7,CAFEF_C8_COMPLETE_ONLY_V1,-1.5004546432534647,0.17429886123358207
2024-01-31,KBS:HOSE:KOS,0,1,experiment-20261003T113748Z-acb3a2e7,CAFEF_C8_COMPLETE_ONLY_V1,-0.6271627418325318,-0.30942392451657236
2024-01-31,KBS:HOSE:KSB,0,1,experiment-20261003T113748Z-acb3a2e7,CAFEF_C8_COMPLETE_ONLY_V1,1.1848274960314886,1.2837159371756872
2024-01-31,KBS:HOSE:LBM,0,1,experiment-20261003T113748Z-acb3a2e7,CAFEF_C8_COMPLETE_ONLY_V1,-1.5977006723176732,-0.19781415050242643
2024-01-31,KBS:HOSE:LCG,0,1,experiment-20261003T113748Z-acb3a2e7,CAFEF_C8_COMPLETE_ONLY_V1,0.4940302207625585,0.13757746898130604
2024-01-31,KBS:HOSE:LHG,0,1,experiment-20261003T113748Z-acb3a2e7,CAFEF_C8_COMPLETE_ONLY_V1,-1.0381835353686746,2.012508370436632
2024-01-31,KBS:HOSE:LIX,0,1,experiment-20261003T113748Z-acb3a2e7,CAFEF_C8_COMPLETE_ONLY_V1,-1.0625579373477578,3.309680853051701
2024-01-31,KBS:HOSE:LM8,0,1,experiment-20261003T113748Z-acb3a2e7,CAFEF_C8_COMPLETE_ONLY_V1,-1.61638570394689,-0.9632039621685117
2024-01-31,KBS:HOSE:LPB,0,1,experiment-20261003T113748Z-acb3a2e7,CAFEF_C8_COMPLETE_ONLY_V1,2.7777826596602506,1.8443174624158354
2024-01-31,KBS:HOSE:MBB,1,0,experiment-20261003T113748Z-acb3a2e7,CAFEF_C8_COMPLETE_ONLY_V1,18.588985183473355,0.21803302066635016
2024-01-31,KBS:HOSE:MCP,0,1,experiment-20261003T113748Z-acb3a2e7,CAFEF_C8_COMPLETE_ONLY_V1,-1.1192110392586159,3.5112285736413957
2024-01-31,KBS:HOSE:MHC,0,1,experiment-20261003T113748Z-acb3a2e7,CAFEF_C8_COMPLETE_ONLY_V1,-1.17818657203046,0.20128214358270555
2024-01-31,KBS:HOSE:MIG,0,1,experiment-20261003T113748Z-acb3a2e7,CAFEF_C8_COMPLETE_ONLY_V1,-1.365167415273305,0.23969504298967376
2024-01-31,KBS:HOSE:MSB,0,1,experiment-20261003T113748Z-acb3a2e7,CAFEF_C8_COMPLETE_ONLY_V1,3.24758202034499,-0.2627200930579462
2024-01-31,KBS:HOSE:MSH,0,1,experiment-20261003T113748Z-acb3a2e7,CAFEF_C8_COMPLETE_ONLY_V1,-1.1976122528093787,1.0171194254595752
2024-01-31,KBS:HOSE:MWG,1,0,experiment-20261003T113748Z-acb3a2e7,CAFEF_C8_COMPLETE_ONLY_V1,14.040869477473844,-1.4031309125226126
2024-01-31,KBS:HOSE:NAF,0,1,experiment-20261003T113748Z-acb3a2e7,CAFEF_C8_COMPLETE_ONLY_V1,-1.4019304012268605,0.24529186868419153
2024-01-31,KBS:HOSE:NBB,0,1,experiment-20261003T113748Z-acb3a2e7,CAFEF_C8_COMPLETE_ONLY_V1,-1.2182085033881562,0.31728881456581376
2024-01-31,KBS:HOSE:NCT,0,1,experiment-20261003T113748Z-acb3a2e7,CAFEF_C8_COMPLETE_ONLY_V1,-1.527062229863416,0.3497289600200021
2024-01-31,KBS:HOSE:NKG,1,0,experiment-20261003T113748Z-acb3a2e7,CAFEF_C8_COMPLETE_ONLY_V1,7.36643181823537,0.9686920508893262
2024-01-31,KBS:HOSE:NNC,0,1,experiment-20261003T113748Z-acb3a2e7,CAFEF_C8_COMPLETE_ONLY_V1,-1.6636556669015443,-0.9938290556025653
2024-01-31,KBS:HOSE:NVL,1,0,experiment-20261003T113748Z-acb3a2e7,CAFEF_C8_COMPLETE_ONLY_V1,8.714116776394718,-1.1503270256000686
2024-01-31,KBS:HOSE:NVT,0,1,experiment-20261003T113748Z-acb3a2e7,CAFEF_C8_COMPLETE_ONLY_V1,-1.6040431006157567,-1.0300105909968749
2024-01-31,KBS:HOSE:OCB,0,1,experiment-20261003T113748Z-acb3a2e7,CAFEF_C8_COMPLETE_ONLY_V1,1.0701952085375057,1.1999787580980734
2024-01-31,KBS:HOSE:OGC,0,1,experiment-20261003T113748Z-acb3a2e7,CAFEF_C8_COMPLETE_ONLY_V1,-1.1603675839596357,-0.6424830175228209
2024-01-31,KBS:HOSE:OPC,0,1,experiment-20261003T113748Z-acb3a2e7,CAFEF_C8_COMPLETE_ONLY_V1,-1.5512296266914192,-0.32480369488386857
2024-01-31,KBS:HOSE:PAC,0,1,experiment-20261003T113748Z-acb3a2e7,CAFEF_C8_COMPLETE_ONLY_V1,-1.4088450042615197,1.2710975494268824
2024-01-31,KBS:HOSE:PAN,0,1,experiment-20261003T113748Z-acb3a2e7,CAFEF_C8_COMPLETE_ONLY_V1,-0.28732886302094285,0.49392209604368803
2024-01-31,KBS:HOSE:PDR,1,0,experiment-20261003T113748Z-acb3a2e7,CAFEF_C8_COMPLETE_ONLY_V1,9.766371903414644,1.2196721089653075
2024-01-31,KBS:HOSE:PGC,0,1,experiment-20261003T113748Z-acb3a2e7,CAFEF_C8_COMPLETE_ONLY_V1,-1.6410495656485675,-0.7394520285120538
2024-01-31,KBS:HOSE:PGD,0,1,experiment-20261003T113748Z-acb3a2e7,CAFEF_C8_COMPLETE_ONLY_V1,-1.5761428801052226,-0.5314447372829378
2024-01-31,KBS:HOSE:PGV,0,1,experiment-20261003T113748Z-acb3a2e7,CAFEF_C8_COMPLETE_ONLY_V1,-1.5140287985785554,-0.5837008948917859
2024-01-31,KBS:HOSE:PHR,0,1,experiment-20261003T113748Z-acb3a2e7,CAFEF_C8_COMPLETE_ONLY_V1,-0.8581970933967327,0.6702138284290122
2024-01-31,KBS:HOSE:PJT,0,1,experiment-20261003T113748Z-acb3a2e7,CAFEF_C8_COMPLETE_ONLY_V1,-1.545768638359695,-0.2212275327251366
2024-01-31,KBS:HOSE:PLP,0,1,experiment-20261003T113748Z-acb3a2e7,CAFEF_C8_COMPLETE_ONLY_V1,-1.3960048524191533,0.6219740882912783
2024-01-31,KBS:HOSE:PLX,0,1,experiment-20261003T113748Z-acb3a2e7,CAFEF_C8_COMPLETE_ONLY_V1,-0.5189375655120502,-0.6415713079501365
2024-01-31,KBS:HOSE:PNJ,0,1,experiment-20261003T113748Z-acb3a2e7,CAFEF_C8_COMPLETE_ONLY_V1,3.3516654328055604,0.8903359372077039
2024-01-31,KBS:HOSE:PTB,0,1,experiment-20261003T113748Z-acb3a2e7,CAFEF_C8_COMPLETE_ONLY_V1,-1.1781806020646977,-0.6152861627273085
2024-01-31,KBS:HOSE:PVP,0,1,experiment-20261003T113748Z-acb3a2e7,CAFEF_C8_COMPLETE_ONLY_V1,-1.3165087694412985,-0.1844179045899021
2024-01-31,KBS:HOSE:PVT,0,1,experiment-20261003T113748Z-acb3a2e7,CAFEF_C8_COMPLETE_ONLY_V1,2.1602809539392474,-0.25864271921411225
2024-01-31,KBS:HOSE:RAL,0,1,experiment-20261003T113748Z-acb3a2e7,CAFEF_C8_COMPLETE_ONLY_V1,-1.205078758569468,1.2173179136085674
2024-01-31,KBS:HOSE:S4A,0,1,experiment-20261003T113748Z-acb3a2e7,CAFEF_C8_COMPLETE_ONLY_V1,-1.2770680544952346,1.7690698239331148
2024-01-31,KBS:HOSE:SAB,0,1,experiment-20261003T113748Z-acb3a2e7,CAFEF_C8_COMPLETE_ONLY_V1,0.023198964694840837,-2.681084968954228
2024-01-31,KBS:HOSE:SAM,0,1,experiment-20261003T113748Z-acb3a2e7,CAFEF_C8_COMPLETE_ONLY_V1,-0.9303838841271531,-1.229098853916727
2024-01-31,KBS:HOSE:SAV,0,1,experiment-20261003T113748Z-acb3a2e7,CAFEF_C8_COMPLETE_ONLY_V1,-1.5039238460115363,-0.48177155008578326
2024-01-31,KBS:HOSE:SBA,0,1,experiment-20261003T113748Z-acb3a2e7,CAFEF_C8_COMPLETE_ONLY_V1,-1.2991719708109426,2.2385008206425585
2024-01-31,KBS:HOSE:SBV,0,1,experiment-20261003T113748Z-acb3a2e7,CAFEF_C8_COMPLETE_ONLY_V1,-1.4191098907641466,1.6484706812074077
2024-01-31,KBS:HOSE:SC5,0,1,experiment-20261003T113748Z-acb3a2e7,CAFEF_C8_COMPLETE_ONLY_V1,-1.5919392182502363,-0.19285497822275208
2024-01-31,KBS:HOSE:SCR,0,1,experiment-20261003T113748Z-acb3a2e7,CAFEF_C8_COMPLETE_ONLY_V1,-0.7810720140356601,-0.5476536665515059
2024-01-31,KBS:HOSE:SCS,0,1,experiment-20261003T113748Z-acb3a2e7,CAFEF_C8_COMPLETE_ONLY_V1,-1.3871390114995859,0.351063625818611
2024-01-31,KBS:HOSE:SGR,0,1,experiment-20261003T113748Z-acb3a2e7,CAFEF_C8_COMPLETE_ONLY_V1,-1.3002402153337242,0.7361537536091793
2024-01-31,KBS:HOSE:SGT,0,1,experiment-20261003T113748Z-acb3a2e7,CAFEF_C8_COMPLETE_ONLY_V1,-1.5969056900826488,-1.0430424807805985
2024-01-31,KBS:HOSE:SHA,0,1,experiment-20261003T113748Z-acb3a2e7,CAFEF_C8_COMPLETE_ONLY_V1,-1.5792849851668573,-0.1040592290325255
2024-01-31,KBS:HOSE:SHI,0,1,experiment-20261003T113748Z-acb3a2e7,CAFEF_C8_COMPLETE_ONLY_V1,-0.7566118003743699,-0.7013056173500951
2024-01-31,KBS:HOSE:SHP,0,1,experiment-20261003T113748Z-acb3a2e7,CAFEF_C8_COMPLETE_ONLY_V1,-1.4203911603524775,1.3893922319295322
2024-01-31,KBS:HOSE:SJD,0,1,experiment-20261003T113748Z-acb3a2e7,CAFEF_C8_COMPLETE_ONLY_V1,-1.5322004782469036,-0.24890947081124376
2024-01-31,KBS:HOSE:SJS,0,1,experiment-20261003T113748Z-acb3a2e7,CAFEF_C8_COMPLETE_ONLY_V1,0.25031424164263044,0.5047049539424593
2024-01-31,KBS:HOSE:SMB,0,1,experiment-20261003T113748Z-acb3a2e7,CAFEF_C8_COMPLETE_ONLY_V1,-1.5849985628115653,0.05054595380918222
2024-01-31,KBS:HOSE:SPM,0,1,experiment-20261003T113748Z-acb3a2e7,CAFEF_C8_COMPLETE_ONLY_V1,-1.6795310873649134,-1.5823226585015477
2024-01-31,KBS:HOSE:SRC,0,1,experiment-20261003T113748Z-acb3a2e7,CAFEF_C8_COMPLETE_ONLY_V1,-1.404454743181844,0.6694978682481159
2024-01-31,KBS:HOSE:SRF,0,1,experiment-20261003T113748Z-acb3a2e7,CAFEF_C8_COMPLETE_ONLY_V1,-1.5525554930508614,-0.14564322314000347
2024-01-31,KBS:HOSE:STB,1,0,experiment-20261003T113748Z-acb3a2e7,CAFEF_C8_COMPLETE_ONLY_V1,21.82392038126196,-2.043510152139986
2024-01-31,KBS:HOSE:STG,0,1,experiment-20261003T113748Z-acb3a2e7,CAFEF_C8_COMPLETE_ONLY_V1,-1.4833891216593456,0.15795062522363248
2024-01-31,KBS:HOSE:SVT,0,1,experiment-20261003T113748Z-acb3a2e7,CAFEF_C8_COMPLETE_ONLY_V1,-1.4334808298727106,0.7182793923965916
2024-01-31,KBS:HOSE:TCB,1,0,experiment-20261003T113748Z-acb3a2e7,CAFEF_C8_COMPLETE_ONLY_V1,8.771700288756646,0.06164391920504318
2024-01-31,KBS:HOSE:TCL,0,1,experiment-20261003T113748Z-acb3a2e7,CAFEF_C8_COMPLETE_ONLY_V1,-1.5565797010790225,0.11486133687800806
2024-01-31,KBS:HOSE:TCM,0,1,experiment-20261003T113748Z-acb3a2e7,CAFEF_C8_COMPLETE_ONLY_V1,-0.6384798532477451,-0.9219753232980262
2024-01-31,KBS:HOSE:TCO,0,1,experiment-20261003T113748Z-acb3a2e7,CAFEF_C8_COMPLETE_ONLY_V1,-1.5755101392904516,-0.7696262972380811
2024-01-31,KBS:HOSE:TCR,0,1,experiment-20261003T113748Z-acb3a2e7,CAFEF_C8_COMPLETE_ONLY_V1,-1.5537187147661646,-0.09102393536795839
2024-01-31,KBS:HOSE:TDG,0,1,experiment-20261003T113748Z-acb3a2e7,CAFEF_C8_COMPLETE_ONLY_V1,-1.6240678803778898,-0.9971598553496202
2024-01-31,KBS:HOSE:TDP,0,1,experiment-20261003T113748Z-acb3a2e7,CAFEF_C8_COMPLETE_ONLY_V1,-1.4999176081410233,-0.9129094520104478
2024-01-31,KBS:HOSE:TIP,0,1,experiment-20261003T113748Z-acb3a2e7,CAFEF_C8_COMPLETE_ONLY_V1,-0.7452186089379188,1.3293001306679622
2024-01-31,KBS:HOSE:TLG,0,1,experiment-20261003T113748Z-acb3a2e7,CAFEF_C8_COMPLETE_ONLY_V1,-1.5299601063615111,-1.332540673309147
2024-01-31,KBS:HOSE:TLH,0,1,experiment-20261003T113748Z-acb3a2e7,CAFEF_C8_COMPLETE_ONLY_V1,-1.1598992610995693,-0.008997394297813344
2024-01-31,KBS:HOSE:TMS,0,1,experiment-20261003T113748Z-acb3a2e7,CAFEF_C8_COMPLETE_ONLY_V1,-1.4823746180184048,0.3861347995334751
2024-01-31,KBS:HOSE:TN1,0,1,experiment-20261003T113748Z-acb3a2e7,CAFEF_C8_COMPLETE_ONLY_V1,-1.5817706661850086,-0.27429428513091936
2024-01-31,KBS:HOSE:TNC,0,1,experiment-20261003T113748Z-acb3a2e7,CAFEF_C8_COMPLETE_ONLY_V1,-1.4463230561943539,-0.7708421171398319
2024-01-31,KBS:HOSE:TNI,0,1,experiment-20261003T113748Z-acb3a2e7,CAFEF_C8_COMPLETE_ONLY_V1,-1.5607086567591295,-0.7634663169280693
2024-01-31,KBS:HOSE:TNT,0,1,experiment-20261003T113748Z-acb3a2e7,CAFEF_C8_COMPLETE_ONLY_V1,-1.3753121035487943,-0.5354946819212184
2024-01-31,KBS:HOSE:TRA,0,1,experiment-20261003T113748Z-acb3a2e7,CAFEF_C8_COMPLETE_ONLY_V1,-1.6006688513205067,-0.5340211635188482
2024-01-31,KBS:HOSE:TRC,0,1,experiment-20261003T113748Z-acb3a2e7,CAFEF_C8_COMPLETE_ONLY_V1,-1.5875148268796386,-0.06405368477128065
2024-01-31,KBS:HOSE:TV2,0,1,experiment-20261003T113748Z-acb3a2e7,CAFEF_C8_COMPLETE_ONLY_V1,-0.6538968170901306,1.966267118858253
2024-01-31,KBS:HOSE:TVB,0,1,experiment-20261003T113748Z-acb3a2e7,CAFEF_C8_COMPLETE_ONLY_V1,-0.8307297437652666,3.7894840187303185
2024-01-31,KBS:HOSE:UIC,0,1,experiment-20261003T113748Z-acb3a2e7,CAFEF_C8_COMPLETE_ONLY_V1,-1.4200155115601858,1.5816370127639434
2024-01-31,KBS:HOSE:VCA,0,1,experiment-20261003T113748Z-acb3a2e7,CAFEF_C8_COMPLETE_ONLY_V1,-1.6176320907342903,-0.4205131977513461
2024-01-31,KBS:HOSE:VDS,0,1,experiment-20261003T113748Z-acb3a2e7,CAFEF_C8_COMPLETE_ONLY_V1,-0.7024370050945704,1.529938218516737
2024-01-31,KBS:HOSE:VFG,0,1,experiment-20261003T113748Z-acb3a2e7,CAFEF_C8_COMPLETE_ONLY_V1,-0.8870599636526992,5.552659239363265
2024-01-31,KBS:HOSE:VGC,0,1,experiment-20261003T113748Z-acb3a2e7,CAFEF_C8_COMPLETE_ONLY_V1,0.012531216154747768,0.543407099309302
2024-01-31,KBS:HOSE:VHM,1,0,experiment-20261003T113748Z-acb3a2e7,CAFEF_C8_COMPLETE_ONLY_V1,7.559369064485027,-2.488971604252364
2024-01-31,KBS:HOSE:VJC,0,1,experiment-20261003T113748Z-acb3a2e7,CAFEF_C8_COMPLETE_ONLY_V1,1.8475752868687485,-0.8872620448938164
2024-01-31,KBS:HOSE:VND,1,0,experiment-20261003T113748Z-acb3a2e7,CAFEF_C8_COMPLETE_ONLY_V1,13.968588772844653,-1.1487292402377423
2024-01-31,KBS:HOSE:VNG,0,1,experiment-20261003T113748Z-acb3a2e7,CAFEF_C8_COMPLETE_ONLY_V1,-1.6050905674777476,-1.0247321458982184
2024-01-31,KBS:HOSE:VPB,1,0,experiment-20261003T113748Z-acb3a2e7,CAFEF_C8_COMPLETE_ONLY_V1,10.031023155551345,-1.3961021534016462
2024-01-31,KBS:HOSE:VPS,0,1,experiment-20261003T113748Z-acb3a2e7,CAFEF_C8_COMPLETE_ONLY_V1,-1.5768287208810394,-0.7547646947341445
2024-01-31,KBS:HOSE:VSI,0,1,experiment-20261003T113748Z-acb3a2e7,CAFEF_C8_COMPLETE_ONLY_V1,-1.4639217549158803,0.43620257954270025
2024-01-31,KBS:UPCOM:APC,0,1,experiment-20261003T113748Z-acb3a2e7,CAFEF_C8_COMPLETE_ONLY_V1,-1.9395852881429296,-4.063177272064171
2024-01-31,KBS:UPCOM:GMC,0,1,experiment-20261003T113748Z-acb3a2e7,CAFEF_C8_COMPLETE_ONLY_V1,-1.4641874364227578,0.39631937116042826
2024-01-31,KBS:UPCOM:HBC,0,1,experiment-20261003T113748Z-acb3a2e7,CAFEF_C8_COMPLETE_ONLY_V1,-0.4765724579276108,1.3084442774356422
2024-01-31,KBS:UPCOM:HNG,0,1,experiment-20261003T113748Z-acb3a2e7,CAFEF_C8_COMPLETE_ONLY_V1,0.769023716099574,-0.77192592755474
2024-01-31,KBS:UPCOM:POM,0,1,experiment-20261003T113748Z-acb3a2e7,CAFEF_C8_COMPLETE_ONLY_V1,-0.9667394533606597,-0.5732774028540372
2024-02-29,KBS:HOSE:AAM,0,1,experiment-20261003T113748Z-acb3a2e7,CAFEF_C8_COMPLETE_ONLY_V1,-1.8663450247940123,-1.2645835395338303
2024-02-29,KBS:HOSE:ABS,0,1,experiment-20261003T113748Z-acb3a2e7,CAFEF_C8_COMPLETE_ONLY_V1,-1.6180198254167641,-1.1021210204054732
2024-02-29,KBS:HOSE:ABT,0,1,experiment-20261003T113748Z-acb3a2e7,CAFEF_C8_COMPLETE_ONLY_V1,-1.8007231812066649,-0.6289902442155725
2024-02-29,KBS:HOSE:ACC,0,1,experiment-20261003T113748Z-acb3a2e7,CAFEF_C8_COMPLETE_ONLY_V1,-1.8085985606963422,-0.6420011004923964
2024-02-29,KBS:HOSE:ACL,0,1,experiment-20261003T113748Z-acb3a2e7,CAFEF_C8_COMPLETE_ONLY_V1,-1.6901896102898226,-0.04402492217334322
2024-02-29,KBS:HOSE:ADS,0,1,experiment-20261003T113748Z-acb3a2e7,CAFEF_C8_COMPLETE_ONLY_V1,-1.5528514384316066,-1.0524852378459966
2024-02-29,KBS:HOSE:AGG,0,1,experiment-20261003T113748Z-acb3a2e7,CAFEF_C8_COMPLETE_ONLY_V1,-1.2028852595323654,-1.9631858805174216
2024-02-29,KBS:HOSE:AGR,0,1,experiment-20261003T113748Z-acb3a2e7,CAFEF_C8_COMPLETE_ONLY_V1,-0.3737331506598034,1.31513363974486
2024-02-29,KBS:HOSE:ANV,0,1,experiment-20261003T113748Z-acb3a2e7,CAFEF_C8_COMPLETE_ONLY_V1,0.6694235700802825,0.6136891308445332
2024-02-29,KBS:HOSE:APG,0,1,experiment-20261003T113748Z-acb3a2e7,CAFEF_C8_COMPLETE_ONLY_V1,-0.8612836498391465,3.6267451983810384
2024-02-29,KBS:HOSE:APH,0,1,experiment-20261003T113748Z-acb3a2e7,CAFEF_C8_COMPLETE_ONLY_V1,-1.3864981381691956,0.3343438546069752
2024-02-29,KBS:HOSE:ASM,0,1,experiment-20261003T113748Z-acb3a2e7,CAFEF_C8_COMPLETE_ONLY_V1,-0.3894359094848202,1.3946111507732608
2024-02-29,KBS:HOSE:ASP,0,1,experiment-20261003T113748Z-acb3a2e7,CAFEF_C8_COMPLETE_ONLY_V1,-1.8411442839038736,-1.3880823439203422
2024-02-29,KBS:HOSE:AST,0,1,experiment-20261003T113748Z-acb3a2e7,CAFEF_C8_COMPLETE_ONLY_V1,-1.6590720246636794,-0.1850673221921594
2024-02-29,KBS:HOSE:BCM,0,1,experiment-20261003T113748Z-acb3a2e7,CAFEF_C8_COMPLETE_ONLY_V1,0.13480291178679635,-0.7885598018846599
2024-02-29,KBS:HOSE:BHN,0,1,experiment-20261003T113748Z-acb3a2e7,CAFEF_C8_COMPLETE_ONLY_V1,-1.8758901427642876,-1.2825484292542706
2024-02-29,KBS:HOSE:BKG,0,1,experiment-20261003T113748Z-acb3a2e7,CAFEF_C8_COMPLETE_ONLY_V1,-1.6777352628909508,-0.18841016483760242
2024-02-29,KBS:HOSE:BMI,0,1,experiment-20261003T113748Z-acb3a2e7,CAFEF_C8_COMPLETE_ONLY_V1,-1.5010666688047418,-0.4543777953818
2024-02-29,KBS:HOSE:BTP,0,1,experiment-20261003T113748Z-acb3a2e7,CAFEF_C8_COMPLETE_ONLY_V1,-1.4013103770347948,2.7044581381478703
2024-02-29,KBS:HOSE:BVH,0,1,experiment-20261003T113748Z-acb3a2e7,CAFEF_C8_COMPLETE_ONLY_V1,-1.1474360659910854,-0.35175354776518447
2024-02-29,KBS:HOSE:C32,0,1,experiment-20261003T113748Z-acb3a2e7,CAFEF_C8_COMPLETE_ONLY_V1,-1.6982832137655672,0.16394027711916143
2024-02-29,KBS:HOSE:CCL,0,1,experiment-20261003T113748Z-acb3a2e7,CAFEF_C8_COMPLETE_ONLY_V1,-1.1023723359708142,3.7041877660676925
2024-02-29,KBS:HOSE:CDC,0,1,experiment-20261003T113748Z-acb3a2e7,CAFEF_C8_COMPLETE_ONLY_V1,-1.234653289849345,-0.7252404916198394
2024-02-29,KBS:HOSE:CIG,0,1,experiment-20261003T113748Z-acb3a2e7,CAFEF_C8_COMPLETE_ONLY_V1,-1.705054335417906,-0.9505555604844604
2024-02-29,KBS:HOSE:CII,1,0,experiment-20261003T113748Z-acb3a2e7,CAFEF_C8_COMPLETE_ONLY_V1,5.81811818934224,-0.9262727317109701
2024-02-29,KBS:HOSE:CKG,0,1,experiment-20261003T113748Z-acb3a2e7,CAFEF_C8_COMPLETE_ONLY_V1,-1.0354405997679896,-1.9477822849927942
2024-02-29,KBS:HOSE:CLC,0,1,experiment-20261003T113748Z-acb3a2e7,CAFEF_C8_COMPLETE_ONLY_V1,-1.7056713733215914,0.3779252427886933
2024-02-29,KBS:HOSE:CMV,0,1,experiment-20261003T113748Z-acb3a2e7,CAFEF_C8_COMPLETE_ONLY_V1,-1.840479718274126,-0.8605192551718432
2024-02-29,KBS:HOSE:CMX,0,1,experiment-20261003T113748Z-acb3a2e7,CAFEF_C8_COMPLETE_ONLY_V1,-1.5330173830678393,-0.9276058221283496
2024-02-29,KBS:HOSE:CNG,0,1,experiment-20261003T113748Z-acb3a2e7,CAFEF_C8_COMPLETE_ONLY_V1,-1.4390227901465902,-0.003667559812580267
2024-02-29,KBS:HOSE:CRC,0,1,experiment-20261003T113748Z-acb3a2e7,CAFEF_C8_COMPLETE_ONLY_V1,-1.4799248798883116,1.7523457845285144
2024-02-29,KBS:HOSE:CRE,0,1,experiment-20261003T113748Z-acb3a2e7,CAFEF_C8_COMPLETE_ONLY_V1,-1.3791141840073644,-0.2948823278123691
2024-02-29,KBS:HOSE:CSM,0,1,experiment-20261003T113748Z-acb3a2e7,CAFEF_C8_COMPLETE_ONLY_V1,-1.7754285812328432,-0.2197350250787414
2024-02-29,KBS:HOSE:CSV,0,1,experiment-20261003T113748Z-acb3a2e7,CAFEF_C8_COMPLETE_ONLY_V1,0.5270354260339821,4.562428616006287
2024-02-29,KBS:HOSE:CTD,0,1,experiment-20261003T113748Z-acb3a2e7,CAFEF_C8_COMPLETE_ONLY_V1,3.289868336415799,1.444134068183023
2024-02-29,KBS:HOSE:CTF,0,1,experiment-20261003T113748Z-acb3a2e7,CAFEF_C8_COMPLETE_ONLY_V1,-1.6328469329670559,-0.748555571862218
2024-02-29,KBS:HOSE:CTI,0,1,experiment-20261003T113748Z-acb3a2e7,CAFEF_C8_COMPLETE_ONLY_V1,-1.2930834206422164,0.2982944293800337
2024-02-29,KBS:HOSE:CTR,0,1,experiment-20261003T113748Z-acb3a2e7,CAFEF_C8_COMPLETE_ONLY_V1,0.03963223952718659,2.272905996715728
2024-02-29,KBS:HOSE:CTS,0,1,experiment-20261003T113748Z-acb3a2e7,CAFEF_C8_COMPLETE_ONLY_V1,0.7790258084189934,2.216157121959843
2024-02-29,KBS:HOSE:CVT,0,1,experiment-20261003T113748Z-acb3a2e7,CAFEF_C8_COMPLETE_ONLY_V1,-1.9388348825507833,-1.7952201377995407
2024-02-29,KBS:HOSE:D2D,0,1,experiment-20261003T113748Z-acb3a2e7,CAFEF_C8_COMPLETE_ONLY_V1,-1.1366630770901645,3.8029571756580927
2024-02-29,KBS:HOSE:DAH,0,1,experiment-20261003T113748Z-acb3a2e7,CAFEF_C8_COMPLETE_ONLY_V1,-1.6936918011867177,-0.558258906101943
2024-02-29,KBS:HOSE:DBC,1,0,experiment-20261003T113748Z-acb3a2e7,CAFEF_C8_COMPLETE_ONLY_V1,9.733909697746594,1.630203803596466
2024-02-29,KBS:HOSE:DBD,0,1,experiment-20261003T113748Z-acb3a2e7,CAFEF_C8_COMPLETE_ONLY_V1,-1.5786637796490577,-0.26284183047528353
2024-02-29,KBS:HOSE:DCL,0,1,experiment-20261003T113748Z-acb3a2e7,CAFEF_C8_COMPLETE_ONLY_V1,-1.7072547327456244,-0.27039896530421176
2024-02-29,KBS:HOSE:DCM,0,1,experiment-20261003T113748Z-acb3a2e7,CAFEF_C8_COMPLETE_ONLY_V1,4.067693605446373,0.02789397719172402
2024-02-29,KBS:HOSE:DGC,1,0,experiment-20261003T113748Z-acb3a2e7,CAFEF_C8_COMPLETE_ONLY_V1,9.348215487352903,2.0322950467664866
2024-02-29,KBS:HOSE:DGW,0,1,experiment-20261003T113748Z-acb3a2e7,CAFEF_C8_COMPLETE_ONLY_V1,2.070917805823945,-0.05170891193975111
2024-02-29,KBS:HOSE:DHA,0,1,experiment-20261003T113748Z-acb3a2e7,CAFEF_C8_COMPLETE_ONLY_V1,-1.456055586137736,-0.1448547427260063
2024-02-29,KBS:HOSE:DHC,0,1,experiment-20261003T113748Z-acb3a2e7,CAFEF_C8_COMPLETE_ONLY_V1,-1.1707860860288901,-0.1332411465914584
2024-02-29,KBS:HOSE:DLG,0,1,experiment-20261003T113748Z-acb3a2e7,CAFEF_C8_COMPLETE_ONLY_V1,-1.6531092208422413,-1.7555905433271513
2024-02-29,KBS:HOSE:DMC,0,1,experiment-20261003T113748Z-acb3a2e7,CAFEF_C8_COMPLETE_ONLY_V1,-1.8467243833657243,-1.438162716095308
2024-02-29,KBS:HOSE:DPG,0,1,experiment-20261003T113748Z-acb3a2e7,CAFEF_C8_COMPLETE_ONLY_V1,-0.4929611179642022,-0.2744896052753824
2024-02-29,KBS:HOSE:DQC,0,1,experiment-20261003T113748Z-acb3a2e7,CAFEF_C8_COMPLETE_ONLY_V1,-1.7196456080914726,-0.5076725435541183
2024-02-29,KBS:HOSE:DRC,0,1,experiment-20261003T113748Z-acb3a2e7,CAFEF_C8_COMPLETE_ONLY_V1,0.383464707791679,3.5454046784874023
2024-02-29,KBS:HOSE:DSN,0,1,experiment-20261003T113748Z-acb3a2e7,CAFEF_C8_COMPLETE_ONLY_V1,-1.7472552233789271,-0.34412390081667754
2024-02-29,KBS:HOSE:DTL,0,1,experiment-20261003T113748Z-acb3a2e7,CAFEF_C8_COMPLETE_ONLY_V1,-1.9528887797134278,-2.288154362807569
2024-02-29,KBS:HOSE:DTT,0,1,experiment-20261003T113748Z-acb3a2e7,CAFEF_C8_COMPLETE_ONLY_V1,-1.6379033851176894,0.7304985905778837
2024-02-29,KBS:HOSE:DVP,0,1,experiment-20261003T113748Z-acb3a2e7,CAFEF_C8_COMPLETE_ONLY_V1,-1.5495963346588968,1.309502421819711
2024-02-29,KBS:HOSE:DXV,0,1,experiment-20261003T113748Z-acb3a2e7,CAFEF_C8_COMPLETE_ONLY_V1,-1.8503659376125714,-0.8768072004071852
2024-02-29,KBS:HOSE:EVE,0,1,experiment-20261003T113748Z-acb3a2e7,CAFEF_C8_COMPLETE_ONLY_V1,-1.8089153214189344,-1.6053100751069038
2024-02-29,KBS:HOSE:EVG,0,1,experiment-20261003T113748Z-acb3a2e7,CAFEF_C8_COMPLETE_ONLY_V1,-1.3724086150094654,-0.8002787885134034
2024-02-29,KBS:HOSE:FCM,0,1,experiment-20261003T113748Z-acb3a2e7,CAFEF_C8_COMPLETE_ONLY_V1,-1.7787097187207257,-1.460143867247722
2024-02-29,KBS:HOSE:FCN,0,1,experiment-20261003T113748Z-acb3a2e7,CAFEF_C8_COMPLETE_ONLY_V1,-0.7258037615913839,-0.714812991299272
2024-02-29,KBS:HOSE:FIR,0,1,experiment-20261003T113748Z-acb3a2e7,CAFEF_C8_COMPLETE_ONLY_V1,-1.494652651209084,-5.851504524932273
2024-02-29,KBS:HOSE:FIT,0,1,experiment-20261003T113748Z-acb3a2e7,CAFEF_C8_COMPLETE_ONLY_V1,-1.2408407166327111,-0.0847922443690536
2024-02-29,KBS:HOSE:FMC,0,1,experiment-20261003T113748Z-acb3a2e7,CAFEF_C8_COMPLETE_ONLY_V1,-1.497756605551403,0.17196310756523733
2024-02-29,KBS:HOSE:FPT,1,0,experiment-20261003T113748Z-acb3a2e7,CAFEF_C8_COMPLETE_ONLY_V1,11.352665641719497,0.3334942173819739
2024-02-29,KBS:HOSE:FTS,0,1,experiment-20261003T113748Z-acb3a2e7,CAFEF_C8_COMPLETE_ONLY_V1,1.5827800726515995,5.731208238294831
2024-02-29,KBS:HOSE:GDT,0,1,experiment-20261003T113748Z-acb3a2e7,CAFEF_C8_COMPLETE_ONLY_V1,-1.6835839734216502,0.12000479448510722
2024-02-29,KBS:HOSE:GEG,0,1,experiment-20261003T113748Z-acb3a2e7,CAFEF_C8_COMPLETE_ONLY_V1,-1.5559258107628344,-0.9105581849936148
2024-02-29,KBS:HOSE:GIL,0,1,experiment-20261003T113748Z-acb3a2e7,CAFEF_C8_COMPLETE_ONLY_V1,-0.5063695782799013,1.9839746566972116
2024-02-29,KBS:HOSE:GMD,0,1,experiment-20261003T113748Z-acb3a2e7,CAFEF_C8_COMPLETE_ONLY_V1,1.5986888626088214,1.2023294611872182
2024-02-29,KBS:HOSE:HAG,0,1,experiment-20261003T113748Z-acb3a2e7,CAFEF_C8_COMPLETE_ONLY_V1,4.647463353208524,0.8029568246131074
2024-02-29,KBS:HOSE:HAP,0,1,experiment-20261003T113748Z-acb3a2e7,CAFEF_C8_COMPLETE_ONLY_V1,-1.6731063488818287,-0.17173631683149498
2024-02-29,KBS:HOSE:HAR,0,1,experiment-20261003T113748Z-acb3a2e7,CAFEF_C8_COMPLETE_ONLY_V1,-1.6285094667346978,-0.5549696239639349
2024-02-29,KBS:HOSE:HCM,1,0,experiment-20261003T113748Z-acb3a2e7,CAFEF_C8_COMPLETE_ONLY_V1,7.355497510658247,1.6802281752660941
2024-02-29,KBS:HOSE:HHP,0,1,experiment-20261003T113748Z-acb3a2e7,CAFEF_C8_COMPLETE_ONLY_V1,-1.540898085698224,0.166034481626262
2024-02-29,KBS:HOSE:HHV,0,1,experiment-20261003T113748Z-acb3a2e7,CAFEF_C8_COMPLETE_ONLY_V1,1.519489699964556,-0.20706388486296368
2024-02-29,KBS:HOSE:HID,0,1,experiment-20261003T113748Z-acb3a2e7,CAFEF_C8_COMPLETE_ONLY_V1,-1.8575279080717593,-1.6290841396261249
2024-02-29,KBS:HOSE:HII,0,1,experiment-20261003T113748Z-acb3a2e7,CAFEF_C8_COMPLETE_ONLY_V1,-1.522109716838333,1.1633354378250396
2024-02-29,KBS:HOSE:HMC,0,1,experiment-20261003T113748Z-acb3a2e7,CAFEF_C8_COMPLETE_ONLY_V1,-1.6715374160277914,0.4988958963366346
2024-02-29,KBS:HOSE:HRC,0,1,experiment-20261003T113748Z-acb3a2e7,CAFEF_C8_COMPLETE_ONLY_V1,-1.7749814129707748,-1.5101548381555159
2024-02-29,KBS:HOSE:HSG,1,0,experiment-20261003T113748Z-acb3a2e7,CAFEF_C8_COMPLETE_ONLY_V1,7.907189495353237,-0.4242598104184934
2024-02-29,KBS:HOSE:HSL,0,1,experiment-20261003T113748Z-acb3a2e7,CAFEF_C8_COMPLETE_ONLY_V1,-1.8241705775212311,-3.496157196639919
2024-02-29,KBS:HOSE:HTI,0,1,experiment-20261003T113748Z-acb3a2e7,CAFEF_C8_COMPLETE_ONLY_V1,-1.7914593669351009,-0.6570048245099842
2024-02-29,KBS:HOSE:HTN,0,1,experiment-20261003T113748Z-acb3a2e7,CAFEF_C8_COMPLETE_ONLY_V1,-1.385398454523251,-1.6766045693693268
2024-02-29,KBS:HOSE:HTV,0,1,experiment-20261003T113748Z-acb3a2e7,CAFEF_C8_COMPLETE_ONLY_V1,-1.8595993007608618,-0.8842289233066757
2024-02-29,KBS:HOSE:HUB,0,1,experiment-20261003T113748Z-acb3a2e7,CAFEF_C8_COMPLETE_ONLY_V1,-1.576685089404818,1.0844506868880797
2024-02-29,KBS:HOSE:HVN,0,1,experiment-20261003T113748Z-acb3a2e7,CAFEF_C8_COMPLETE_ONLY_V1,-0.8458081655288362,-0.21548819100928723
2024-02-29,KBS:HOSE:ICT,0,1,experiment-20261003T113748Z-acb3a2e7,CAFEF_C8_COMPLETE_ONLY_V1,-1.815579346512037,-0.6627819744117825
2024-02-29,KBS:HOSE:ILB,0,1,experiment-20261003T113748Z-acb3a2e7,CAFEF_C8_COMPLETE_ONLY_V1,-1.7823176808116845,-0.3711201914387774
2024-02-29,KBS:HOSE:ITC,0,1,experiment-20261003T113748Z-acb3a2e7,CAFEF_C8_COMPLETE_ONLY_V1,-1.3583775747076845,-0.07652477465109812
2024-02-29,KBS:HOSE:ITD,0,1,experiment-20261003T113748Z-acb3a2e7,CAFEF_C8_COMPLETE_ONLY_V1,-1.8057063968024747,-0.8718703302455001
2024-02-29,KBS:HOSE:KDC,0,1,experiment-20261003T113748Z-acb3a2e7,CAFEF_C8_COMPLETE_ONLY_V1,1.1039310707179468,-0.7985433497863071
2024-02-29,KBS:HOSE:KDH,0,1,experiment-20261003T113748Z-acb3a2e7,CAFEF_C8_COMPLETE_ONLY_V1,1.8111539290510759,0.5506798738349401
2024-02-29,KBS:HOSE:KHP,0,1,experiment-20261003T113748Z-acb3a2e7,CAFEF_C8_COMPLETE_ONLY_V1,-1.7111934756643117,-0.2766502798945001
2024-02-29,KBS:HOSE:KOS,0,1,experiment-20261003T113748Z-acb3a2e7,CAFEF_C8_COMPLETE_ONLY_V1,-0.730151633771178,-0.4152052482924105
2024-02-29,KBS:HOSE:KSB,0,1,experiment-20261003T113748Z-acb3a2e7,CAFEF_C8_COMPLETE_ONLY_V1,0.7282323725742996,0.1366403812937639
2024-02-29,KBS:HOSE:LBM,0,1,experiment-20261003T113748Z-acb3a2e7,CAFEF_C8_COMPLETE_ONLY_V1,-1.834114472014036,-1.589327817675969
2024-02-29,KBS:HOSE:LCG,0,1,experiment-20261003T113748Z-acb3a2e7,CAFEF_C8_COMPLETE_ONLY_V1,1.3578382556307147,-0.20505528231639977
2024-02-29,KBS:HOSE:LHG,0,1,experiment-20261003T113748Z-acb3a2e7,CAFEF_C8_COMPLETE_ONLY_V1,-1.1418054440034047,1.7277312834533705
2024-02-29,KBS:HOSE:LIX,0,1,experiment-20261003T113748Z-acb3a2e7,CAFEF_C8_COMPLETE_ONLY_V1,-1.3165877425582129,3.362717765955307
2024-02-29,KBS:HOSE:LM8,0,1,experiment-20261003T113748Z-acb3a2e7,CAFEF_C8_COMPLETE_ONLY_V1,-1.7478938005170543,-0.3015619395683227
2024-02-29,KBS:HOSE:LPB,0,1,experiment-20261003T113748Z-acb3a2e7,CAFEF_C8_COMPLETE_ONLY_V1,1.635398655029901,0.06491540175570486
2024-02-29,KBS:HOSE:MBB,1,0,experiment-20261003T113748Z-acb3a2e7,CAFEF_C8_COMPLETE_ONLY_V1,17.09421389895158,0.6189776768334208
2024-02-29,KBS:HOSE:MCP,0,1,experiment-20261003T113748Z-acb3a2e7,CAFEF_C8_COMPLETE_ONLY_V1,-1.5613577402800838,1.3742200773790083
2024-02-29,KBS:HOSE:MHC,0,1,experiment-20261003T113748Z-acb3a2e7,CAFEF_C8_COMPLETE_ONLY_V1,-1.3694374480913287,-0.06462913884146265
2024-02-29,KBS:HOSE:MIG,0,1,experiment-20261003T113748Z-acb3a2e7,CAFEF_C8_COMPLETE_ONLY_V1,-1.6035003281600173,-0.36285191537190525
2024-02-29,KBS:HOSE:MSB,1,0,experiment-20261003T113748Z-acb3a2e7,CAFEF_C8_COMPLETE_ONLY_V1,8.728573162771044,0.5171119967946999
2024-02-29,KBS:HOSE:MSH,0,1,experiment-20261003T113748Z-acb3a2e7,CAFEF_C8_COMPLETE_ONLY_V1,-1.372982676104845,0.6250788265713607
2024-02-29,KBS:HOSE:MWG,1,0,experiment-20261003T113748Z-acb3a2e7,CAFEF_C8_COMPLETE_ONLY_V1,14.798599959605024,-1.6401885562017129
2024-02-29,KBS:HOSE:NAF,0,1,experiment-20261003T113748Z-acb3a2e7,CAFEF_C8_COMPLETE_ONLY_V1,-1.6227342541666796,-0.3116798329877272
2024-02-29,KBS:HOSE:NBB,0,1,experiment-20261003T113748Z-acb3a2e7,CAFEF_C8_COMPLETE_ONLY_V1,-1.5028457623623397,-0.09141360989038727
2024-02-29,KBS:HOSE:NCT,0,1,experiment-20261003T113748Z-acb3a2e7,CAFEF_C8_COMPLETE_ONLY_V1,-1.7516417696230278,-0.17178680624020445
2024-02-29,KBS:HOSE:NKG,1,0,experiment-20261003T113748Z-acb3a2e7,CAFEF_C8_COMPLETE_ONLY_V1,5.841667241934605,-0.04663749940323433
2024-02-29,KBS:HOSE:NNC,0,1,experiment-20261003T113748Z-acb3a2e7,CAFEF_C8_COMPLETE_ONLY_V1,-1.8461951777426495,-1.682141773452591
2024-02-29,KBS:HOSE:NVL,1,0,experiment-20261003T113748Z-acb3a2e7,CAFEF_C8_COMPLETE_ONLY_V1,13.720079064765722,-2.2909702416248585
2024-02-29,KBS:HOSE:NVT,0,1,experiment-20261003T113748Z-acb3a2e7,CAFEF_C8_COMPLETE_ONLY_V1,-1.7815987538387852,-0.624589707732549
2024-02-29,KBS:HOSE:OCB,0,1,experiment-20261003T113748Z-acb3a2e7,CAFEF_C8_COMPLETE_ONLY_V1,0.5330850535924907,0.5568887562150686
2024-02-29,KBS:HOSE:OGC,0,1,experiment-20261003T113748Z-acb3a2e7,CAFEF_C8_COMPLETE_ONLY_V1,-1.613025699412684,-1.2474411803571477
2024-02-29,KBS:HOSE:OPC,0,1,experiment-20261003T113748Z-acb3a2e7,CAFEF_C8_COMPLETE_ONLY_V1,-1.663099905984365,-0.6414593072406833
2024-02-29,KBS:HOSE:PAC,0,1,experiment-20261003T113748Z-acb3a2e7,CAFEF_C8_COMPLETE_ONLY_V1,-1.6086259125336912,1.1294729140715456
2024-02-29,KBS:HOSE:PAN,0,1,experiment-20261003T113748Z-acb3a2e7,CAFEF_C8_COMPLETE_ONLY_V1,0.7281619265174573,1.3484477511853339
2024-02-29,KBS:HOSE:PDR,1,0,experiment-20261003T113748Z-acb3a2e7,CAFEF_C8_COMPLETE_ONLY_V1,10.898887266620239,0.7116305187741663
2024-02-29,KBS:HOSE:PGC,0,1,experiment-20261003T113748Z-acb3a2e7,CAFEF_C8_COMPLETE_ONLY_V1,-1.8158924105124354,-1.0489761021136175
2024-02-29,KBS:HOSE:PGD,0,1,experiment-20261003T113748Z-acb3a2e7,CAFEF_C8_COMPLETE_ONLY_V1,-1.7654843172906642,-0.5826456354020634
2024-02-29,KBS:HOSE:PGV,0,1,experiment-20261003T113748Z-acb3a2e7,CAFEF_C8_COMPLETE_ONLY_V1,-1.6960250908183065,-0.5329440809678508
2024-02-29,KBS:HOSE:PHR,0,1,experiment-20261003T113748Z-acb3a2e7,CAFEF_C8_COMPLETE_ONLY_V1,-0.45053382050155893,1.4825446039513526
2024-02-29,KBS:HOSE:PJT,0,1,experiment-20261003T113748Z-acb3a2e7,CAFEF_C8_COMPLETE_ONLY_V1,-1.7605291087383446,0.08007729453631279
2024-02-29,KBS:HOSE:PLP,0,1,experiment-20261003T113748Z-acb3a2e7,CAFEF_C8_COMPLETE_ONLY_V1,-1.5069157432934843,1.5949271016965014
2024-02-29,KBS:HOSE:PLX,0,1,experiment-20261003T113748Z-acb3a2e7,CAFEF_C8_COMPLETE_ONLY_V1,-0.7196768811077583,-0.5158679320545023
2024-02-29,KBS:HOSE:PNJ,0,1,experiment-20261003T113748Z-acb3a2e7,CAFEF_C8_COMPLETE_ONLY_V1,3.8671679797182406,-0.251043462544434
2024-02-29,KBS:HOSE:PTB,0,1,experiment-20261003T113748Z-acb3a2e7,CAFEF_C8_COMPLETE_ONLY_V1,-1.3441777258044258,-0.03151619484574273
2024-02-29,KBS:HOSE:PVP,0,1,experiment-20261003T113748Z-acb3a2e7,CAFEF_C8_COMPLETE_ONLY_V1,-1.5546807003133472,-0.6065521556976681
2024-02-29,KBS:HOSE:PVT,0,1,experiment-20261003T113748Z-acb3a2e7,CAFEF_C8_COMPLETE_ONLY_V1,1.3717956109374454,0.042155409757400564
2024-02-29,KBS:HOSE:RAL,0,1,experiment-20261003T113748Z-acb3a2e7,CAFEF_C8_COMPLETE_ONLY_V1,-1.4312057463674557,1.677032113275597
2024-02-29,KBS:HOSE:S4A,0,1,experiment-20261003T113748Z-acb3a2e7,CAFEF_C8_COMPLETE_ONLY_V1,-1.5942149248480695,2.0312075043241586
2024-02-29,KBS:HOSE:SAB,0,1,experiment-20261003T113748Z-acb3a2e7,CAFEF_C8_COMPLETE_ONLY_V1,0.7016900474954364,-2.38751074704245
2024-02-29,KBS:HOSE:SAM,0,1,experiment-20261003T113748Z-acb3a2e7,CAFEF_C8_COMPLETE_ONLY_V1,-1.4686874093307771,-0.8976939715750614
2024-02-29,KBS:HOSE:SAV,0,1,experiment-20261003T113748Z-acb3a2e7,CAFEF_C8_COMPLETE_ONLY_V1,-1.67641698122397,-0.4869764977407699
2024-02-29,KBS:HOSE:SBA,0,1,experiment-20261003T113748Z-acb3a2e7,CAFEF_C8_COMPLETE_ONLY_V1,-1.523244623074948,2.31994339093243
2024-02-29,KBS:HOSE:SBV,0,1,experiment-20261003T113748Z-acb3a2e7,CAFEF_C8_COMPLETE_ONLY_V1,-1.7189979385439438,0.5808865411686774
2024-02-29,KBS:HOSE:SC5,0,1,experiment-20261003T113748Z-acb3a2e7,CAFEF_C8_COMPLETE_ONLY_V1,-1.74580342161836,0.5389334933267356
2024-02-29,KBS:HOSE:SCR,0,1,experiment-20261003T113748Z-acb3a2e7,CAFEF_C8_COMPLETE_ONLY_V1,-1.0289354687274523,-1.0620584423879138
2024-02-29,KBS:HOSE:SCS,0,1,experiment-20261003T113748Z-acb3a2e7,CAFEF_C8_COMPLETE_ONLY_V1,-1.3967503938394712,1.1948845208374816
2024-02-29,KBS:HOSE:SGR,0,1,experiment-20261003T113748Z-acb3a2e7,CAFEF_C8_COMPLETE_ONLY_V1,-1.6045196812644154,-0.38962631299015965
2024-02-29,KBS:HOSE:SGT,0,1,experiment-20261003T113748Z-acb3a2e7,CAFEF_C8_COMPLETE_ONLY_V1,-1.7991386584399753,-1.2177549415285525
2024-02-29,KBS:HOSE:SHA,0,1,experiment-20261003T113748Z-acb3a2e7,CAFEF_C8_COMPLETE_ONLY_V1,-1.8282379248685892,-0.9969070816042991
2024-02-29,KBS:HOSE:SHI,0,1,experiment-20261003T113748Z-acb3a2e7,CAFEF_C8_COMPLETE_ONLY_V1,-1.2239498544789902,0.27282533508505846
2024-02-29,KBS:HOSE:SHP,0,1,experiment-20261003T113748Z-acb3a2e7,CAFEF_C8_COMPLETE_ONLY_V1,-1.6611210725420886,0.9146311370339805
2024-02-29,KBS:HOSE:SJD,0,1,experiment-20261003T113748Z-acb3a2e7,CAFEF_C8_COMPLETE_ONLY_V1,-1.6702650436963038,-0.40042878198721193
2024-02-29,KBS:HOSE:SJS,0,1,experiment-20261003T113748Z-acb3a2e7,CAFEF_C8_COMPLETE_ONLY_V1,-0.6342595453403629,1.3888913121785942
2024-02-29,KBS:HOSE:SMB,0,1,experiment-20261003T113748Z-acb3a2e7,CAFEF_C8_COMPLETE_ONLY_V1,-1.8367804377424757,-0.9864409751264241
2024-02-29,KBS:HOSE:SPM,0,1,experiment-20261003T113748Z-acb3a2e7,CAFEF_C8_COMPLETE_ONLY_V1,-1.8779878952976734,-1.5138163154422006
2024-02-29,KBS:HOSE:SRC,0,1,experiment-20261003T113748Z-acb3a2e7,CAFEF_C8_COMPLETE_ONLY_V1,-1.4445235690820701,2.9312304932167796
2024-02-29,KBS:HOSE:SRF,0,1,experiment-20261003T113748Z-acb3a2e7,CAFEF_C8_COMPLETE_ONLY_V1,-1.8253041138477624,-0.8706694408575983
2024-02-29,KBS:HOSE:STB,1,0,experiment-20261003T113748Z-acb3a2e7,CAFEF_C8_COMPLETE_ONLY_V1,20.377159715293526,-2.1828312717017826
2024-02-29,KBS:HOSE:STG,0,1,experiment-20261003T113748Z-acb3a2e7,CAFEF_C8_COMPLETE_ONLY_V1,-1.8713143333833595,-0.859083499721462
2024-02-29,KBS:HOSE:SVT,0,1,experiment-20261003T113748Z-acb3a2e7,CAFEF_C8_COMPLETE_ONLY_V1,-1.7218448046700132,0.003167477779179246
2024-02-29,KBS:HOSE:TCB,1,0,experiment-20261003T113748Z-acb3a2e7,CAFEF_C8_COMPLETE_ONLY_V1,13.712304639124469,1.3379084744928416
2024-02-29,KBS:HOSE:TCL,0,1,experiment-20261003T113748Z-acb3a2e7,CAFEF_C8_COMPLETE_ONLY_V1,-1.7426324743345203,-0.3280149722684181
2024-02-29,KBS:HOSE:TCM,0,1,experiment-20261003T113748Z-acb3a2e7,CAFEF_C8_COMPLETE_ONLY_V1,-0.5433999535204349,-0.41249763735317113
2024-02-29,KBS:HOSE:TCO,0,1,experiment-20261003T113748Z-acb3a2e7,CAFEF_C8_COMPLETE_ONLY_V1,-1.6934410958332624,-0.7460953455321722
2024-02-29,KBS:HOSE:TCR,0,1,experiment-20261003T113748Z-acb3a2e7,CAFEF_C8_COMPLETE_ONLY_V1,-1.7723371900458647,-0.07843631937737429
2024-02-29,KBS:HOSE:TDG,0,1,experiment-20261003T113748Z-acb3a2e7,CAFEF_C8_COMPLETE_ONLY_V1,-1.677608901848718,-0.08978842362410694
2024-02-29,KBS:HOSE:TDP,0,1,experiment-20261003T113748Z-acb3a2e7,CAFEF_C8_COMPLETE_ONLY_V1,-1.4097425190003956,0.7988548144284568
2024-02-29,KBS:HOSE:TIP,0,1,experiment-20261003T113748Z-acb3a2e7,CAFEF_C8_COMPLETE_ONLY_V1,-0.4999857569885087,1.3701485092634007
2024-02-29,KBS:HOSE:TLG,0,1,experiment-20261003T113748Z-acb3a2e7,CAFEF_C8_COMPLETE_ONLY_V1,-1.6829000614745269,-1.6441449025230408
2024-02-29,KBS:HOSE:TLH,0,1,experiment-20261003T113748Z-acb3a2e7,CAFEF_C8_COMPLETE_ONLY_V1,-1.413592530309173,-0.5251140359441174
2024-02-29,KBS:HOSE:TMS,0,1,experiment-20261003T113748Z-acb3a2e7,CAFEF_C8_COMPLETE_ONLY_V1,-1.455197126509836,3.019649785151264
2024-02-29,KBS:HOSE:TN1,0,1,experiment-20261003T113748Z-acb3a2e7,CAFEF_C8_COMPLETE_ONLY_V1,-1.941826743764769,-2.2936110876906
2024-02-29,KBS:HOSE:TNC,0,1,experiment-20261003T113748Z-acb3a2e7,CAFEF_C8_COMPLETE_ONLY_V1,-1.7899184666838315,-0.562857132241243
2024-02-29,KBS:HOSE:TNI,0,1,experiment-20261003T113748Z-acb3a2e7,CAFEF_C8_COMPLETE_ONLY_V1,-1.7756443988338182,-1.082668691632668
2024-02-29,KBS:HOSE:TNT,0,1,experiment-20261003T113748Z-acb3a2e7,CAFEF_C8_COMPLETE_ONLY_V1,-1.3519718940599623,1.2792509141904564
2024-02-29,KBS:HOSE:TRA,0,1,experiment-20261003T113748Z-acb3a2e7,CAFEF_C8_COMPLETE_ONLY_V1,-1.8222749219578294,-0.5061976171185358
2024-02-29,KBS:HOSE:TRC,0,1,experiment-20261003T113748Z-acb3a2e7,CAFEF_C8_COMPLETE_ONLY_V1,-1.5825215985915435,1.7094975915254744
2024-02-29,KBS:HOSE:TV2,0,1,experiment-20261003T113748Z-acb3a2e7,CAFEF_C8_COMPLETE_ONLY_V1,-0.6356672563834153,0.6421464300852965
2024-02-29,KBS:HOSE:TVB,0,1,experiment-20261003T113748Z-acb3a2e7,CAFEF_C8_COMPLETE_ONLY_V1,-1.1296139202299746,2.7845369575083083
2024-02-29,KBS:HOSE:UIC,0,1,experiment-20261003T113748Z-acb3a2e7,CAFEF_C8_COMPLETE_ONLY_V1,-1.7292136442427681,0.12364014282106203
2024-02-29,KBS:HOSE:VCA,0,1,experiment-20261003T113748Z-acb3a2e7,CAFEF_C8_COMPLETE_ONLY_V1,-1.8311996133249824,-0.7386065028959582
2024-02-29,KBS:HOSE:VDS,0,1,experiment-20261003T113748Z-acb3a2e7,CAFEF_C8_COMPLETE_ONLY_V1,-0.5477284307370998,3.2125489459140226
2024-02-29,KBS:HOSE:VFG,0,1,experiment-20261003T113748Z-acb3a2e7,CAFEF_C8_COMPLETE_ONLY_V1,-1.1393960539944452,4.86761161866766
2024-02-29,KBS:HOSE:VGC,0,1,experiment-20261003T113748Z-acb3a2e7,CAFEF_C8_COMPLETE_ONLY_V1,0.9072467313586824,0.9585428372313886
2024-02-29,KBS:HOSE:VHM,1,0,experiment-20261003T113748Z-acb3a2e7,CAFEF_C8_COMPLETE_ONLY_V1,10.05474879171986,-1.88718767305094
2024-02-29,KBS:HOSE:VJC,0,1,experiment-20261003T113748Z-acb3a2e7,CAFEF_C8_COMPLETE_ONLY_V1,1.334849533759488,-1.1638861676624075
2024-02-29,KBS:HOSE:VND,1,0,experiment-20261003T113748Z-acb3a2e7,CAFEF_C8_COMPLETE_ONLY_V1,17.57079547540408,-1.8111582838374602
2024-02-29,KBS:HOSE:VNG,0,1,experiment-20261003T113748Z-acb3a2e7,CAFEF_C8_COMPLETE_ONLY_V1,-1.7846925391121315,-0.28309045251922116
2024-02-29,KBS:HOSE:VPB,1,0,experiment-20261003T113748Z-acb3a2e7,CAFEF_C8_COMPLETE_ONLY_V1,9.230026526572399,-1.4863087023745885
2024-02-29,KBS:HOSE:VPS,0,1,experiment-20261003T113748Z-acb3a2e7,CAFEF_C8_COMPLETE_ONLY_V1,-1.8238142480113426,-0.6564290782275364
2024-02-29,KBS:HOSE:VSI,0,1,experiment-20261003T113748Z-acb3a2e7,CAFEF_C8_COMPLETE_ONLY_V1,-1.7577673429935197,0.09519768243383846
2024-02-29,KBS:UPCOM:APC,0,1,experiment-20261003T113748Z-acb3a2e7,CAFEF_C8_COMPLETE_ONLY_V1,-2.0058605518797124,-3.00788268094021
2024-02-29,KBS:UPCOM:GMC,0,1,experiment-20261003T113748Z-acb3a2e7,CAFEF_C8_COMPLETE_ONLY_V1,-1.6655147633360627,0.9224183352769074
2024-02-29,KBS:UPCOM:HBC,0,1,experiment-20261003T113748Z-acb3a2e7,CAFEF_C8_COMPLETE_ONLY_V1,-0.9064210777489777,-1.2784438515850804
2024-02-29,KBS:UPCOM:HNG,0,1,experiment-20261003T113748Z-acb3a2e7,CAFEF_C8_COMPLETE_ONLY_V1,-0.5601504657253497,-1.3171799641692046
2024-02-29,KBS:UPCOM:POM,0,1,experiment-20261003T113748Z-acb3a2e7,CAFEF_C8_COMPLETE_ONLY_V1,-1.2654915418055344,-0.7366754667232667
2024-03-29,KBS:HOSE:AAM,0,1,experiment-20261003T113748Z-acb3a2e7,CAFEF_C8_COMPLETE_ONLY_V1,-1.5389524153746574,-1.2376536278985413
2024-03-29,KBS:HOSE:ABS,0,1,experiment-20261003T113748Z-acb3a2e7,CAFEF_C8_COMPLETE_ONLY_V1,-1.3924338149400464,-1.3957889544150681
2024-03-29,KBS:HOSE:ABT,0,1,experiment-20261003T113748Z-acb3a2e7,CAFEF_C8_COMPLETE_ONLY_V1,-1.3303137753043073,-0.043452177645789215
2024-03-29,KBS:HOSE:ACC,0,1,experiment-20261003T113748Z-acb3a2e7,CAFEF_C8_COMPLETE_ONLY_V1,-1.1202627111847185,0.9950585729617473
2024-03-29,KBS:HOSE:ACL,0,1,experiment-20261003T113748Z-acb3a2e7,CAFEF_C8_COMPLETE_ONLY_V1,-1.3982386373805844,-0.7445910965790776
2024-03-29,KBS:HOSE:ADS,0,1,experiment-20261003T113748Z-acb3a2e7,CAFEF_C8_COMPLETE_ONLY_V1,-0.8982627982482602,0.37222433076640216
2024-03-29,KBS:HOSE:AGG,0,1,experiment-20261003T113748Z-acb3a2e7,CAFEF_C8_COMPLETE_ONLY_V1,-0.8589226308957097,-2.0419798874906494
2024-03-29,KBS:HOSE:AGR,0,1,experiment-20261003T113748Z-acb3a2e7,CAFEF_C8_COMPLETE_ONLY_V1,1.1728573016740251,4.3296859631216575
2024-03-29,KBS:HOSE:ANV,0,1,experiment-20261003T113748Z-acb3a2e7,CAFEF_C8_COMPLETE_ONLY_V1,0.41402986658285706,-0.586345837198043
2024-03-29,KBS:HOSE:APG,0,1,experiment-20261003T113748Z-acb3a2e7,CAFEF_C8_COMPLETE_ONLY_V1,-0.3906755069491849,3.2975561031916354
2024-03-29,KBS:HOSE:APH,0,1,experiment-20261003T113748Z-acb3a2e7,CAFEF_C8_COMPLETE_ONLY_V1,-1.2331956770016839,-0.6396890995798911
2024-03-29,KBS:HOSE:ASM,0,1,experiment-20261003T113748Z-acb3a2e7,CAFEF_C8_COMPLETE_ONLY_V1,0.28382411946491437,2.1115326804836063
2024-03-29,KBS:HOSE:ASP,0,1,experiment-20261003T113748Z-acb3a2e7,CAFEF_C8_COMPLETE_ONLY_V1,-1.5710883864191987,-1.5593244359002547
2024-03-29,KBS:HOSE:AST,0,1,experiment-20261003T113748Z-acb3a2e7,CAFEF_C8_COMPLETE_ONLY_V1,-1.4099412373779914,-0.669652246966897
2024-03-29,KBS:HOSE:BCM,0,1,experiment-20261003T113748Z-acb3a2e7,CAFEF_C8_COMPLETE_ONLY_V1,0.1619004980671643,-1.0556001055284143
2024-03-29,KBS:HOSE:BHN,0,1,experiment-20261003T113748Z-acb3a2e7,CAFEF_C8_COMPLETE_ONLY_V1,-1.558514590061909,-1.2268280062431884
2024-03-29,KBS:HOSE:BKG,0,1,experiment-20261003T113748Z-acb3a2e7,CAFEF_C8_COMPLETE_ONLY_V1,-1.274180129592272,-0.7855223998850726
2024-03-29,KBS:HOSE:BMI,0,1,experiment-20261003T113748Z-acb3a2e7,CAFEF_C8_COMPLETE_ONLY_V1,-1.0963628888804056,0.17615862856654024
2024-03-29,KBS:HOSE:BTP,0,1,experiment-20261003T113748Z-acb3a2e7,CAFEF_C8_COMPLETE_ONLY_V1,-1.1412615052581396,0.23412794191668798
2024-03-29,KBS:HOSE:BVH,0,1,experiment-20261003T113748Z-acb3a2e7,CAFEF_C8_COMPLETE_ONLY_V1,-0.8401988394085842,-0.6919018220679842
2024-03-29,KBS:HOSE:C32,0,1,experiment-20261003T113748Z-acb3a2e7,CAFEF_C8_COMPLETE_ONLY_V1,-1.4640038465497902,-0.6645934129465992
2024-03-29,KBS:HOSE:CCL,0,1,experiment-20261003T113748Z-acb3a2e7,CAFEF_C8_COMPLETE_ONLY_V1,-0.6898697438757406,2.3296208299559726
2024-03-29,KBS:HOSE:CDC,0,1,experiment-20261003T113748Z-acb3a2e7,CAFEF_C8_COMPLETE_ONLY_V1,-1.3225387015203387,-1.0051961823902646
2024-03-29,KBS:HOSE:CIG,0,1,experiment-20261003T113748Z-acb3a2e7,CAFEF_C8_COMPLETE_ONLY_V1,-1.4280634828383607,-1.20277604455213
2024-03-29,KBS:HOSE:CII,0,1,experiment-20261003T113748Z-acb3a2e7,CAFEF_C8_COMPLETE_ONLY_V1,3.648096852981474,-0.45192802116175645
2024-03-29,KBS:HOSE:CKG,0,1,experiment-20261003T113748Z-acb3a2e7,CAFEF_C8_COMPLETE_ONLY_V1,-1.2759838613370766,-0.5072781786278817
2024-03-29,KBS:HOSE:CLC,0,1,experiment-20261003T113748Z-acb3a2e7,CAFEF_C8_COMPLETE_ONLY_V1,-1.2748500943872805,0.34634978333348904
2024-03-29,KBS:HOSE:CMV,0,1,experiment-20261003T113748Z-acb3a2e7,CAFEF_C8_COMPLETE_ONLY_V1,-1.3995171561075788,-0.3406056664813176
2024-03-29,KBS:HOSE:CMX,0,1,experiment-20261003T113748Z-acb3a2e7,CAFEF_C8_COMPLETE_ONLY_V1,-1.1717575511785452,-0.9811945375048384
2024-03-29,KBS:HOSE:CNG,0,1,experiment-20261003T113748Z-acb3a2e7,CAFEF_C8_COMPLETE_ONLY_V1,-0.3128712218874506,2.232039426614524
2024-03-29,KBS:HOSE:CRC,0,1,experiment-20261003T113748Z-acb3a2e7,CAFEF_C8_COMPLETE_ONLY_V1,-1.266910955459132,0.03995855012583277
2024-03-29,KBS:HOSE:CRE,0,1,experiment-20261003T113748Z-acb3a2e7,CAFEF_C8_COMPLETE_ONLY_V1,-1.0523960378557609,-0.0023460607551209003
2024-03-29,KBS:HOSE:CSM,0,1,experiment-20261003T113748Z-acb3a2e7,CAFEF_C8_COMPLETE_ONLY_V1,-1.070959970418833,1.4748693898621792
2024-03-29,KBS:HOSE:CSV,0,1,experiment-20261003T113748Z-acb3a2e7,CAFEF_C8_COMPLETE_ONLY_V1,1.030812729647578,4.668648885309176
2024-03-29,KBS:HOSE:CTD,0,1,experiment-20261003T113748Z-acb3a2e7,CAFEF_C8_COMPLETE_ONLY_V1,2.9055734773573225,2.2367448746739296
2024-03-29,KBS:HOSE:CTF,0,1,experiment-20261003T113748Z-acb3a2e7,CAFEF_C8_COMPLETE_ONLY_V1,-1.5174389199253697,-1.2611655100605919
2024-03-29,KBS:HOSE:CTI,0,1,experiment-20261003T113748Z-acb3a2e7,CAFEF_C8_COMPLETE_ONLY_V1,-1.1220719094379372,-0.25436333838575054
2024-03-29,KBS:HOSE:CTR,0,1,experiment-20261003T113748Z-acb3a2e7,CAFEF_C8_COMPLETE_ONLY_V1,1.357522366561426,6.192010280240987
2024-03-29,KBS:HOSE:CTS,0,1,experiment-20261003T113748Z-acb3a2e7,CAFEF_C8_COMPLETE_ONLY_V1,1.3835435655037567,3.4751064504645233
2024-03-29,KBS:HOSE:CVT,0,1,experiment-20261003T113748Z-acb3a2e7,CAFEF_C8_COMPLETE_ONLY_V1,-1.6749784101431278,-1.883603459675462
2024-03-29,KBS:HOSE:D2D,0,1,experiment-20261003T113748Z-acb3a2e7,CAFEF_C8_COMPLETE_ONLY_V1,-0.03303700173195067,5.913423566507166
2024-03-29,KBS:HOSE:DAH,0,1,experiment-20261003T113748Z-acb3a2e7,CAFEF_C8_COMPLETE_ONLY_V1,-1.5388989203201362,-1.8651076280842749
2024-03-29,KBS:HOSE:DBC,1,0,experiment-20261003T113748Z-acb3a2e7,CAFEF_C8_COMPLETE_ONLY_V1,6.560075569501266,1.421413103970101
2024-03-29,KBS:HOSE:DBD,0,1,experiment-20261003T113748Z-acb3a2e7,CAFEF_C8_COMPLETE_ONLY_V1,-1.1866063927334913,-0.45025772412165754
2024-03-29,KBS:HOSE:DCL,0,1,experiment-20261003T113748Z-acb3a2e7,CAFEF_C8_COMPLETE_ONLY_V1,-1.4536201754257412,-0.7683922977386674
2024-03-29,KBS:HOSE:DCM,0,1,experiment-20261003T113748Z-acb3a2e7,CAFEF_C8_COMPLETE_ONLY_V1,2.482635223334058,-0.2714454036462671
2024-03-29,KBS:HOSE:DGC,1,0,experiment-20261003T113748Z-acb3a2e7,CAFEF_C8_COMPLETE_ONLY_V1,7.670720012215785,1.5722674744906793
2024-03-29,KBS:HOSE:DGW,0,1,experiment-20261003T113748Z-acb3a2e7,CAFEF_C8_COMPLETE_ONLY_V1,3.7428232468161196,1.6850623226129111
2024-03-29,KBS:HOSE:DHA,0,1,experiment-20261003T113748Z-acb3a2e7,CAFEF_C8_COMPLETE_ONLY_V1,-1.1816990880436447,-0.3627278845583439
2024-03-29,KBS:HOSE:DHC,0,1,experiment-20261003T113748Z-acb3a2e7,CAFEF_C8_COMPLETE_ONLY_V1,-0.7817320441080641,-0.06414739245233597
2024-03-29,KBS:HOSE:DLG,0,1,experiment-20261003T113748Z-acb3a2e7,CAFEF_C8_COMPLETE_ONLY_V1,-1.3609913587454174,-1.3687938546394183
2024-03-29,KBS:HOSE:DMC,0,1,experiment-20261003T113748Z-acb3a2e7,CAFEF_C8_COMPLETE_ONLY_V1,-1.2279871155390316,0.45706148988841266
2024-03-29,KBS:HOSE:DPG,0,1,experiment-20261003T113748Z-acb3a2e7,CAFEF_C8_COMPLETE_ONLY_V1,0.19059994454099674,1.8138565747655742
2024-03-29,KBS:HOSE:DQC,0,1,experiment-20261003T113748Z-acb3a2e7,CAFEF_C8_COMPLETE_ONLY_V1,-1.5045041298059523,-1.4695230115842752
2024-03-29,KBS:HOSE:DRC,0,1,experiment-20261003T113748Z-acb3a2e7,CAFEF_C8_COMPLETE_ONLY_V1,0.32816551606308736,1.8390929028892955
2024-03-29,KBS:HOSE:DSN,0,1,experiment-20261003T113748Z-acb3a2e7,CAFEF_C8_COMPLETE_ONLY_V1,-1.318901510508953,0.07855495392423399
2024-03-29,KBS:HOSE:DTL,0,1,experiment-20261003T113748Z-acb3a2e7,CAFEF_C8_COMPLETE_ONLY_V1,-1.7520688846110395,-2.565179048317794
2024-03-29,KBS:HOSE:DTT,0,1,experiment-20261003T113748Z-acb3a2e7,CAFEF_C8_COMPLETE_ONLY_V1,-1.326775063942434,-0.09808576873544923
2024-03-29,KBS:HOSE:DVP,0,1,experiment-20261003T113748Z-acb3a2e7,CAFEF_C8_COMPLETE_ONLY_V1,-1.1207193994001694,0.8347170419258536
2024-03-29,KBS:HOSE:DXV,0,1,experiment-20261003T113748Z-acb3a2e7,CAFEF_C8_COMPLETE_ONLY_V1,-1.5325431623332713,-1.1869784612637977
2024-03-29,KBS:HOSE:EVE,0,1,experiment-20261003T113748Z-acb3a2e7,CAFEF_C8_COMPLETE_ONLY_V1,-1.4384337276901844,-0.8975674841578846
2024-03-29,KBS:HOSE:EVG,0,1,experiment-20261003T113748Z-acb3a2e7,CAFEF_C8_COMPLETE_ONLY_V1,-0.7154768168580776,0.6068791399437332
2024-03-29,KBS:HOSE:FCM,0,1,experiment-20261003T113748Z-acb3a2e7,CAFEF_C8_COMPLETE_ONLY_V1,-1.5587838825231624,-1.7428680157663672
2024-03-29,KBS:HOSE:FCN,0,1,experiment-20261003T113748Z-acb3a2e7,CAFEF_C8_COMPLETE_ONLY_V1,0.4233427013006982,1.1185966606616011
2024-03-29,KBS:HOSE:FIR,0,1,experiment-20261003T113748Z-acb3a2e7,CAFEF_C8_COMPLETE_ONLY_V1,-1.9599017425805834,-5.388286365439916
2024-03-29,KBS:HOSE:FIT,0,1,experiment-20261003T113748Z-acb3a2e7,CAFEF_C8_COMPLETE_ONLY_V1,-1.0913870760711522,-0.4685025917694273
2024-03-29,KBS:HOSE:FMC,0,1,experiment-20261003T113748Z-acb3a2e7,CAFEF_C8_COMPLETE_ONLY_V1,-1.1865749834742623,-0.3244405553639863
2024-03-29,KBS:HOSE:FPT,1,0,experiment-20261003T113748Z-acb3a2e7,CAFEF_C8_COMPLETE_ONLY_V1,7.933205357784199,-0.3237991767221822
2024-03-29,KBS:HOSE:FTS,0,1,experiment-20261003T113748Z-acb3a2e7,CAFEF_C8_COMPLETE_ONLY_V1,2.2824844215589835,3.9115723550093993
2024-03-29,KBS:HOSE:GDT,0,1,experiment-20261003T113748Z-acb3a2e7,CAFEF_C8_COMPLETE_ONLY_V1,-1.1245443599666767,0.5212247034312057
2024-03-29,KBS:HOSE:GEG,0,1,experiment-20261003T113748Z-acb3a2e7,CAFEF_C8_COMPLETE_ONLY_V1,-1.3121264546271314,-1.2703593575541205
2024-03-29,KBS:HOSE:GIL,0,1,experiment-20261003T113748Z-acb3a2e7,CAFEF_C8_COMPLETE_ONLY_V1,0.6771867310828865,3.4647445670299923
2024-03-29,KBS:HOSE:GMD,0,1,experiment-20261003T113748Z-acb3a2e7,CAFEF_C8_COMPLETE_ONLY_V1,1.85118682352642,0.34791291736805896
2024-03-29,KBS:HOSE:HAG,0,1,experiment-20261003T113748Z-acb3a2e7,CAFEF_C8_COMPLETE_ONLY_V1,2.5950873924577027,0.8296360888778053
2024-03-29,KBS:HOSE:HAP,0,1,experiment-20261003T113748Z-acb3a2e7,CAFEF_C8_COMPLETE_ONLY_V1,-1.3125297238158464,-0.3965759435511132
2024-03-29,KBS:HOSE:HAR,0,1,experiment-20261003T113748Z-acb3a2e7,CAFEF_C8_COMPLETE_ONLY_V1,-1.1449407978653425,0.16567692476636253
2024-03-29,KBS:HOSE:HCM,1,0,experiment-20261003T113748Z-acb3a2e7,CAFEF_C8_COMPLETE_ONLY_V1,4.5886507726783465,1.1082845699114527
2024-03-29,KBS:HOSE:HHP,0,1,experiment-20261003T113748Z-acb3a2e7,CAFEF_C8_COMPLETE_ONLY_V1,-1.2161394434245583,-0.27105168389902806
2024-03-29,KBS:HOSE:HHV,0,1,experiment-20261003T113748Z-acb3a2e7,CAFEF_C8_COMPLETE_ONLY_V1,1.2724982133946952,-1.0144333401845849
2024-03-29,KBS:HOSE:HID,0,1,experiment-20261003T113748Z-acb3a2e7,CAFEF_C8_COMPLETE_ONLY_V1,-1.599304070721422,-1.557418359231903
2024-03-29,KBS:HOSE:HII,0,1,experiment-20261003T113748Z-acb3a2e7,CAFEF_C8_COMPLETE_ONLY_V1,-1.1309369158794707,0.6906293924931701
2024-03-29,KBS:HOSE:HMC,0,1,experiment-20261003T113748Z-acb3a2e7,CAFEF_C8_COMPLETE_ONLY_V1,-1.1023285907826275,1.2260082429318782
2024-03-29,KBS:HOSE:HRC,0,1,experiment-20261003T113748Z-acb3a2e7,CAFEF_C8_COMPLETE_ONLY_V1,-1.4293202267545642,-0.21461953832758632
2024-03-29,KBS:HOSE:HSG,1,0,experiment-20261003T113748Z-acb3a2e7,CAFEF_C8_COMPLETE_ONLY_V1,5.238223245731878,-0.6526287785400418
2024-03-29,KBS:HOSE:HSL,0,1,experiment-20261003T113748Z-acb3a2e7,CAFEF_C8_COMPLETE_ONLY_V1,-1.9185526206701584,-3.6848945723536954
2024-03-29,KBS:HOSE:HTI,0,1,experiment-20261003T113748Z-acb3a2e7,CAFEF_C8_COMPLETE_ONLY_V1,-1.4228289685109885,-0.5121686641427039
2024-03-29,KBS:HOSE:HTN,0,1,experiment-20261003T113748Z-acb3a2e7,CAFEF_C8_COMPLETE_ONLY_V1,-0.5799141270964401,0.08675125571855807
2024-03-29,KBS:HOSE:HTV,0,1,experiment-20261003T113748Z-acb3a2e7,CAFEF_C8_COMPLETE_ONLY_V1,-1.6259249468819459,-1.428015557497497
2024-03-29,KBS:HOSE:HUB,0,1,experiment-20261003T113748Z-acb3a2e7,CAFEF_C8_COMPLETE_ONLY_V1,-0.8777787529249447,1.8026766971796195
2024-03-29,KBS:HOSE:HVN,0,1,experiment-20261003T113748Z-acb3a2e7,CAFEF_C8_COMPLETE_ONLY_V1,-0.5922601264646666,0.3963330067284096
2024-03-29,KBS:HOSE:ICT,0,1,experiment-20261003T113748Z-acb3a2e7,CAFEF_C8_COMPLETE_ONLY_V1,-1.3983390579593586,-0.3696865902184844
2024-03-29,KBS:HOSE:ILB,0,1,experiment-20261003T113748Z-acb3a2e7,CAFEF_C8_COMPLETE_ONLY_V1,-1.235391784305248,0.49097541236893627
2024-03-29,KBS:HOSE:ITC,0,1,experiment-20261003T113748Z-acb3a2e7,CAFEF_C8_COMPLETE_ONLY_V1,-0.628513778300147,1.5543296889016653
2024-03-29,KBS:HOSE:ITD,0,1,experiment-20261003T113748Z-acb3a2e7,CAFEF_C8_COMPLETE_ONLY_V1,-1.4804229811997534,-0.9944031509793504
2024-03-29,KBS:HOSE:KDC,0,1,experiment-20261003T113748Z-acb3a2e7,CAFEF_C8_COMPLETE_ONLY_V1,0.1334749026254129,-1.4894121195014314
2024-03-29,KBS:HOSE:KDH,0,1,experiment-20261003T113748Z-acb3a2e7,CAFEF_C8_COMPLETE_ONLY_V1,2.3686241906936534,1.1552781057652064
2024-03-29,KBS:HOSE:KHP,0,1,experiment-20261003T113748Z-acb3a2e7,CAFEF_C8_COMPLETE_ONLY_V1,-1.4035098560541477,-0.567282291836174
2024-03-29,KBS:HOSE:KOS,0,1,experiment-20261003T113748Z-acb3a2e7,CAFEF_C8_COMPLETE_ONLY_V1,-1.1624508387579109,-1.7899178265663325
2024-03-29,KBS:HOSE:KSB,0,1,experiment-20261003T113748Z-acb3a2e7,CAFEF_C8_COMPLETE_ONLY_V1,0.166742128821985,-0.04458055715956611
2024-03-29,KBS:HOSE:LBM,0,1,experiment-20261003T113748Z-acb3a2e7,CAFEF_C8_COMPLETE_ONLY_V1,-1.5277141021721443,-1.1758369005794091
2024-03-29,KBS:HOSE:LCG,0,1,experiment-20261003T113748Z-acb3a2e7,CAFEF_C8_COMPLETE_ONLY_V1,1.3546419987677996,0.09827494504714265
2024-03-29,KBS:HOSE:LHG,0,1,experiment-20261003T113748Z-acb3a2e7,CAFEF_C8_COMPLETE_ONLY_V1,-0.6970354673182053,1.193047740618566
2024-03-29,KBS:HOSE:LIX,0,1,experiment-20261003T113748Z-acb3a2e7,CAFEF_C8_COMPLETE_ONLY_V1,-0.7863134318163459,2.593182052847982
2024-03-29,KBS:HOSE:LM8,0,1,experiment-20261003T113748Z-acb3a2e7,CAFEF_C8_COMPLETE_ONLY_V1,-1.462071316127297,-0.7288692185744279
2024-03-29,KBS:HOSE:LPB,0,1,experiment-20261003T113748Z-acb3a2e7,CAFEF_C8_COMPLETE_ONLY_V1,1.5850496317337277,0.4835950935289984
2024-03-29,KBS:HOSE:MBB,1,0,experiment-20261003T113748Z-acb3a2e7,CAFEF_C8_COMPLETE_ONLY_V1,12.097653283893129,-0.25614381259797914
2024-03-29,KBS:HOSE:MCP,0,1,experiment-20261003T113748Z-acb3a2e7,CAFEF_C8_COMPLETE_ONLY_V1,-1.4589842272668156,-0.981948456961891
2024-03-29,KBS:HOSE:MHC,0,1,experiment-20261003T113748Z-acb3a2e7,CAFEF_C8_COMPLETE_ONLY_V1,-0.8221143884261122,1.1104688660896298
2024-03-29,KBS:HOSE:MIG,0,1,experiment-20261003T113748Z-acb3a2e7,CAFEF_C8_COMPLETE_ONLY_V1,-1.297863393579427,-0.8226497212692417
2024-03-29,KBS:HOSE:MSB,0,1,experiment-20261003T113748Z-acb3a2e7,CAFEF_C8_COMPLETE_ONLY_V1,3.2868084379845413,-1.332395753992336
2024-03-29,KBS:HOSE:MSH,0,1,experiment-20261003T113748Z-acb3a2e7,CAFEF_C8_COMPLETE_ONLY_V1,-0.8894431340808939,0.7396548068192685
2024-03-29,KBS:HOSE:MWG,1,0,experiment-20261003T113748Z-acb3a2e7,CAFEF_C8_COMPLETE_ONLY_V1,12.000891126776958,-2.015395470766428
2024-03-29,KBS:HOSE:NAF,0,1,experiment-20261003T113748Z-acb3a2e7,CAFEF_C8_COMPLETE_ONLY_V1,-1.082745157371658,0.5689803649245117
2024-03-29,KBS:HOSE:NBB,0,1,experiment-20261003T113748Z-acb3a2e7,CAFEF_C8_COMPLETE_ONLY_V1,-0.4406229336618679,3.2579908435686233
2024-03-29,KBS:HOSE:NCT,0,1,experiment-20261003T113748Z-acb3a2e7,CAFEF_C8_COMPLETE_ONLY_V1,-1.4534263696996035,-0.6731325802093262
2024-03-29,KBS:HOSE:NKG,1,0,experiment-20261003T113748Z-acb3a2e7,CAFEF_C8_COMPLETE_ONLY_V1,4.413785912058539,0.07794439418856661
2024-03-29,KBS:HOSE:NNC,0,1,experiment-20261003T113748Z-acb3a2e7,CAFEF_C8_COMPLETE_ONLY_V1,-1.5248257152954843,-1.318493906771672
2024-03-29,KBS:HOSE:NVL,1,0,experiment-20261003T113748Z-acb3a2e7,CAFEF_C8_COMPLETE_ONLY_V1,9.847823992740578,-2.3288929908455756
2024-03-29,KBS:HOSE:NVT,0,1,experiment-20261003T113748Z-acb3a2e7,CAFEF_C8_COMPLETE_ONLY_V1,-1.3625521286706008,-0.32862399560384215
2024-03-29,KBS:HOSE:OCB,0,1,experiment-20261003T113748Z-acb3a2e7,CAFEF_C8_COMPLETE_ONLY_V1,-0.25231410655383846,0.09170313891657836
2024-03-29,KBS:HOSE:OGC,0,1,experiment-20261003T113748Z-acb3a2e7,CAFEF_C8_COMPLETE_ONLY_V1,-1.4173069333736836,-1.4809456449912826
2024-03-29,KBS:HOSE:OPC,0,1,experiment-20261003T113748Z-acb3a2e7,CAFEF_C8_COMPLETE_ONLY_V1,-1.4103604887286503,-0.6699519744402276
2024-03-29,KBS:HOSE:PAC,0,1,experiment-20261003T113748Z-acb3a2e7,CAFEF_C8_COMPLETE_ONLY_V1,-1.0078725068799435,0.6310618840993217
2024-03-29,KBS:HOSE:PAN,0,1,experiment-20261003T113748Z-acb3a2e7,CAFEF_C8_COMPLETE_ONLY_V1,0.3201565977300124,1.1480741312805434
2024-03-29,KBS:HOSE:PDR,1,0,experiment-20261003T113748Z-acb3a2e7,CAFEF_C8_COMPLETE_ONLY_V1,7.521447752328906,0.9010074720874469
2024-03-29,KBS:HOSE:PGC,0,1,experiment-20261003T113748Z-acb3a2e7,CAFEF_C8_COMPLETE_ONLY_V1,-1.4719791628055938,-0.9191899291236656
2024-03-29,KBS:HOSE:PGD,0,1,experiment-20261003T113748Z-acb3a2e7,CAFEF_C8_COMPLETE_ONLY_V1,-1.3588837628240809,-0.3435204982418579
2024-03-29,KBS:HOSE:PGV,0,1,experiment-20261003T113748Z-acb3a2e7,CAFEF_C8_COMPLETE_ONLY_V1,-1.5393801159881693,-1.6739632830271851
2024-03-29,KBS:HOSE:PHR,0,1,experiment-20261003T113748Z-acb3a2e7,CAFEF_C8_COMPLETE_ONLY_V1,0.39588263355845493,2.4522723696658475
2024-03-29,KBS:HOSE:PJT,0,1,experiment-20261003T113748Z-acb3a2e7,CAFEF_C8_COMPLETE_ONLY_V1,-1.4287238353218694,-0.3769458285142826
2024-03-29,KBS:HOSE:PLP,0,1,experiment-20261003T113748Z-acb3a2e7,CAFEF_C8_COMPLETE_ONLY_V1,-1.2062000807719746,0.030785840785372977
2024-03-29,KBS:HOSE:PLX,0,1,experiment-20261003T113748Z-acb3a2e7,CAFEF_C8_COMPLETE_ONLY_V1,-0.09219159449345045,-0.5098452623808192
2024-03-29,KBS:HOSE:PNJ,0,1,experiment-20261003T113748Z-acb3a2e7,CAFEF_C8_COMPLETE_ONLY_V1,3.5745545484474013,0.3278196903897029
2024-03-29,KBS:HOSE:PTB,0,1,experiment-20261003T113748Z-acb3a2e7,CAFEF_C8_COMPLETE_ONLY_V1,-0.11939217902943873,1.158009157695384
2024-03-29,KBS:HOSE:PVP,0,1,experiment-20261003T113748Z-acb3a2e7,CAFEF_C8_COMPLETE_ONLY_V1,-1.1771097020830537,-0.7496754765984296
2024-03-29,KBS:HOSE:PVT,0,1,experiment-20261003T113748Z-acb3a2e7,CAFEF_C8_COMPLETE_ONLY_V1,1.4393093316126861,-0.3352461018432675
2024-03-29,KBS:HOSE:RAL,0,1,experiment-20261003T113748Z-acb3a2e7,CAFEF_C8_COMPLETE_ONLY_V1,-1.0667804402369179,0.8720144570429784
2024-03-29,KBS:HOSE:S4A,0,1,experiment-20261003T113748Z-acb3a2e7,CAFEF_C8_COMPLETE_ONLY_V1,-1.178060876906067,0.9341453712200828
2024-03-29,KBS:HOSE:SAB,0,1,experiment-20261003T113748Z-acb3a2e7,CAFEF_C8_COMPLETE_ONLY_V1,0.016014748064071885,-2.5506813123564616
2024-03-29,KBS:HOSE:SAM,0,1,experiment-20261003T113748Z-acb3a2e7,CAFEF_C8_COMPLETE_ONLY_V1,-1.264598410913555,-0.6739700360257055
2024-03-29,KBS:HOSE:SAV,0,1,experiment-20261003T113748Z-acb3a2e7,CAFEF_C8_COMPLETE_ONLY_V1,-1.2354484854920391,-0.17685919730714167
2024-03-29,KBS:HOSE:SBA,0,1,experiment-20261003T113748Z-acb3a2e7,CAFEF_C8_COMPLETE_ONLY_V1,-1.0601100688727745,1.4675086641162245
2024-03-29,KBS:HOSE:SBV,0,1,experiment-20261003T113748Z-acb3a2e7,CAFEF_C8_COMPLETE_ONLY_V1,-1.3638435112849563,-0.1012919669966183
2024-03-29,KBS:HOSE:SC5,0,1,experiment-20261003T113748Z-acb3a2e7,CAFEF_C8_COMPLETE_ONLY_V1,-1.582425421445191,-1.2255689452731187
2024-03-29,KBS:HOSE:SCR,0,1,experiment-20261003T113748Z-acb3a2e7,CAFEF_C8_COMPLETE_ONLY_V1,-0.5724826849599299,-0.3437449845760691
2024-03-29,KBS:HOSE:SCS,0,1,experiment-20261003T113748Z-acb3a2e7,CAFEF_C8_COMPLETE_ONLY_V1,-0.981094106691722,0.5086063962394735
2024-03-29,KBS:HOSE:SGR,0,1,experiment-20261003T113748Z-acb3a2e7,CAFEF_C8_COMPLETE_ONLY_V1,-1.1202715698200436,0.33318330495849563
2024-03-29,KBS:HOSE:SGT,0,1,experiment-20261003T113748Z-acb3a2e7,CAFEF_C8_COMPLETE_ONLY_V1,-1.370552758178292,-0.712302735888671
2024-03-29,KBS:HOSE:SHA,0,1,experiment-20261003T113748Z-acb3a2e7,CAFEF_C8_COMPLETE_ONLY_V1,-1.5230147354810541,-0.9616418866276001
2024-03-29,KBS:HOSE:SHI,0,1,experiment-20261003T113748Z-acb3a2e7,CAFEF_C8_COMPLETE_ONLY_V1,-1.256629345511934,-0.39926287281984973
2024-03-29,KBS:HOSE:SHP,0,1,experiment-20261003T113748Z-acb3a2e7,CAFEF_C8_COMPLETE_ONLY_V1,-1.200215028652252,0.7786784366208691
2024-03-29,KBS:HOSE:SJD,0,1,experiment-20261003T113748Z-acb3a2e7,CAFEF_C8_COMPLETE_ONLY_V1,-1.4424438225580332,-1.1169651783240793
2024-03-29,KBS:HOSE:SJS,0,1,experiment-20261003T113748Z-acb3a2e7,CAFEF_C8_COMPLETE_ONLY_V1,-0.2986349204813031,-0.13047943297537476
2024-03-29,KBS:HOSE:SMB,0,1,experiment-20261003T113748Z-acb3a2e7,CAFEF_C8_COMPLETE_ONLY_V1,-1.4695392197189363,-0.7185205977480733
2024-03-29,KBS:HOSE:SPM,0,1,experiment-20261003T113748Z-acb3a2e7,CAFEF_C8_COMPLETE_ONLY_V1,-1.618005382638216,-1.608321888931778
2024-03-29,KBS:HOSE:SRC,0,1,experiment-20261003T113748Z-acb3a2e7,CAFEF_C8_COMPLETE_ONLY_V1,-1.0963014648086495,0.8915906273423579
2024-03-29,KBS:HOSE:SRF,0,1,experiment-20261003T113748Z-acb3a2e7,CAFEF_C8_COMPLETE_ONLY_V1,-1.051052508456651,1.3073765353449376
2024-03-29,KBS:HOSE:SSB,0,1,experiment-20261003T113748Z-acb3a2e7,CAFEF_C8_COMPLETE_ONLY_V1,-0.3191109733547968,-2.122438968570777
2024-03-29,KBS:HOSE:STB,1,0,experiment-20261003T113748Z-acb3a2e7,CAFEF_C8_COMPLETE_ONLY_V1,11.74754729199936,-2.8077469495717313
2024-03-29,KBS:HOSE:STG,0,1,experiment-20261003T113748Z-acb3a2e7,CAFEF_C8_COMPLETE_ONLY_V1,-1.4609984354778787,-0.34965197929492065
2024-03-29,KBS:HOSE:SVT,0,1,experiment-20261003T113748Z-acb3a2e7,CAFEF_C8_COMPLETE_ONLY_V1,-1.3686983372982737,-0.40829903524444394
2024-03-29,KBS:HOSE:TCB,1,0,experiment-20261003T113748Z-acb3a2e7,CAFEF_C8_COMPLETE_ONLY_V1,9.983298395479121,1.5071372994696663
2024-03-29,KBS:HOSE:TCL,0,1,experiment-20261003T113748Z-acb3a2e7,CAFEF_C8_COMPLETE_ONLY_V1,-1.442100466145118,-0.7885274399286007
2024-03-29,KBS:HOSE:TCM,0,1,experiment-20261003T113748Z-acb3a2e7,CAFEF_C8_COMPLETE_ONLY_V1,-0.34969256258607884,-0.34348872626231564
2024-03-29,KBS:HOSE:TCO,0,1,experiment-20261003T113748Z-acb3a2e7,CAFEF_C8_COMPLETE_ONLY_V1,-1.0415818506722865,0.6577147398118949
2024-03-29,KBS:HOSE:TCR,0,1,experiment-20261003T113748Z-acb3a2e7,CAFEF_C8_COMPLETE_ONLY_V1,-1.143343590945463,0.870651510970379
2024-03-29,KBS:HOSE:TDG,0,1,experiment-20261003T113748Z-acb3a2e7,CAFEF_C8_COMPLETE_ONLY_V1,-1.4603931752506665,-1.0254857624190388
2024-03-29,KBS:HOSE:TDP,0,1,experiment-20261003T113748Z-acb3a2e7,CAFEF_C8_COMPLETE_ONLY_V1,-1.1719302624735082,0.493985181040363
2024-03-29,KBS:HOSE:TIP,0,1,experiment-20261003T113748Z-acb3a2e7,CAFEF_C8_COMPLETE_ONLY_V1,-0.5541946482290524,0.5232816694009962
2024-03-29,KBS:HOSE:TLG,0,1,experiment-20261003T113748Z-acb3a2e7,CAFEF_C8_COMPLETE_ONLY_V1,-1.2585015842986855,-0.6928056768197294
2024-03-29,KBS:HOSE:TLH,0,1,experiment-20261003T113748Z-acb3a2e7,CAFEF_C8_COMPLETE_ONLY_V1,-0.8607481672979923,0.014432402885744511
2024-03-29,KBS:HOSE:TMS,0,1,experiment-20261003T113748Z-acb3a2e7,CAFEF_C8_COMPLETE_ONLY_V1,-1.0876609200641427,1.0419874827002236
2024-03-29,KBS:HOSE:TN1,0,1,experiment-20261003T113748Z-acb3a2e7,CAFEF_C8_COMPLETE_ONLY_V1,-1.5792445848675747,-1.4189855418959567
2024-03-29,KBS:HOSE:TNC,0,1,experiment-20261003T113748Z-acb3a2e7,CAFEF_C8_COMPLETE_ONLY_V1,-1.4942171090159178,-1.079340755229755
2024-03-29,KBS:HOSE:TNI,0,1,experiment-20261003T113748Z-acb3a2e7,CAFEF_C8_COMPLETE_ONLY_V1,-1.434339497108978,-0.8798051451177347
2024-03-29,KBS:HOSE:TNT,0,1,experiment-20261003T113748Z-acb3a2e7,CAFEF_C8_COMPLETE_ONLY_V1,-0.8882884755146994,1.009961616005308
2024-03-29,KBS:HOSE:TRA,0,1,experiment-20261003T113748Z-acb3a2e7,CAFEF_C8_COMPLETE_ONLY_V1,-1.5090701491285499,-0.7861686273545394
2024-03-29,KBS:HOSE:TRC,0,1,experiment-20261003T113748Z-acb3a2e7,CAFEF_C8_COMPLETE_ONLY_V1,-1.0624734387270565,1.3385306166285509
2024-03-29,KBS:HOSE:TV2,0,1,experiment-20261003T113748Z-acb3a2e7,CAFEF_C8_COMPLETE_ONLY_V1,-0.057755865079617656,1.3398538707430772
2024-03-29,KBS:HOSE:TVB,0,1,experiment-20261003T113748Z-acb3a2e7,CAFEF_C8_COMPLETE_ONLY_V1,-0.10224284559504913,4.992119588994677
2024-03-29,KBS:HOSE:UIC,0,1,experiment-20261003T113748Z-acb3a2e7,CAFEF_C8_COMPLETE_ONLY_V1,-1.0705263921901587,1.3336822764731153
2024-03-29,KBS:HOSE:VCA,0,1,experiment-20261003T113748Z-acb3a2e7,CAFEF_C8_COMPLETE_ONLY_V1,-1.4871625905557477,-0.675782278040123
2024-03-29,KBS:HOSE:VDS,0,1,experiment-20261003T113748Z-acb3a2e7,CAFEF_C8_COMPLETE_ONLY_V1,0.4783873171456729,3.685076148503003
2024-03-29,KBS:HOSE:VFG,0,1,experiment-20261003T113748Z-acb3a2e7,CAFEF_C8_COMPLETE_ONLY_V1,-0.3493138566997993,4.778170993433101
2024-03-29,KBS:HOSE:VGC,0,1,experiment-20261003T113748Z-acb3a2e7,CAFEF_C8_COMPLETE_ONLY_V1,0.9403698811259924,0.8847071513374936
2024-03-29,KBS:HOSE:VHM,1,0,experiment-20261003T113748Z-acb3a2e7,CAFEF_C8_COMPLETE_ONLY_V1,6.516504729895679,-2.6254189247350244
2024-03-29,KBS:HOSE:VJC,0,1,experiment-20261003T113748Z-acb3a2e7,CAFEF_C8_COMPLETE_ONLY_V1,0.013049346875298228,-1.4372760650026908
2024-03-29,KBS:HOSE:VND,1,0,experiment-20261003T113748Z-acb3a2e7,CAFEF_C8_COMPLETE_ONLY_V1,18.0514069141087,-3.9851978770090897
2024-03-29,KBS:HOSE:VNG,0,1,experiment-20261003T113748Z-acb3a2e7,CAFEF_C8_COMPLETE_ONLY_V1,-1.5100714963908632,-0.9341030107871159
2024-03-29,KBS:HOSE:VPB,1,0,experiment-20261003T113748Z-acb3a2e7,CAFEF_C8_COMPLETE_ONLY_V1,5.8640186134835455,-2.2202794450484413
2024-03-29,KBS:HOSE:VPS,0,1,experiment-20261003T113748Z-acb3a2e7,CAFEF_C8_COMPLETE_ONLY_V1,-1.578277286556165,-1.2436118340379192
2024-03-29,KBS:HOSE:VSI,0,1,experiment-20261003T113748Z-acb3a2e7,CAFEF_C8_COMPLETE_ONLY_V1,-1.3390235547785823,0.007448267543351955
2024-03-29,KBS:UPCOM:APC,0,1,experiment-20261003T113748Z-acb3a2e7,CAFEF_C8_COMPLETE_ONLY_V1,-1.97297980657465,-3.758423693815524
2024-03-29,KBS:UPCOM:GMC,0,1,experiment-20261003T113748Z-acb3a2e7,CAFEF_C8_COMPLETE_ONLY_V1,-1.3076403834226673,-0.12395180663117346
2024-03-29,KBS:UPCOM:HBC,0,1,experiment-20261003T113748Z-acb3a2e7,CAFEF_C8_COMPLETE_ONLY_V1,-0.8417307512128395,0.12570935761522392
2024-03-29,KBS:UPCOM:HNG,0,1,experiment-20261003T113748Z-acb3a2e7,CAFEF_C8_COMPLETE_ONLY_V1,-0.9274544039572152,-0.24488183752225057
2024-03-29,KBS:UPCOM:POM,0,1,experiment-20261003T113748Z-acb3a2e7,CAFEF_C8_COMPLETE_ONLY_V1,-1.1770728922500353,-1.3661982812764224
2024-04-26,KBS:HOSE:AAM,0,1,experiment-20261003T113748Z-acb3a2e7,CAFEF_C8_COMPLETE_ONLY_V1,-1.5756231414305613,-1.0794256901092976
2024-04-26,KBS:HOSE:ABS,0,1,experiment-20261003T113748Z-acb3a2e7,CAFEF_C8_COMPLETE_ONLY_V1,-1.4542803644861617,-1.7275587894048534
2024-04-26,KBS:HOSE:ABT,0,1,experiment-20261003T113748Z-acb3a2e7,CAFEF_C8_COMPLETE_ONLY_V1,-1.4868461577948504,0.23801250572152674
2024-04-26,KBS:HOSE:ACC,0,1,experiment-20261003T113748Z-acb3a2e7,CAFEF_C8_COMPLETE_ONLY_V1,-1.363412401189687,1.781289852162305
2024-04-26,KBS:HOSE:ACL,0,1,experiment-20261003T113748Z-acb3a2e7,CAFEF_C8_COMPLETE_ONLY_V1,-1.479946574016225,0.07259956758022144
2024-04-26,KBS:HOSE:ADS,0,1,experiment-20261003T113748Z-acb3a2e7,CAFEF_C8_COMPLETE_ONLY_V1,-1.1918710037707636,-1.035992769113915
2024-04-26,KBS:HOSE:AGG,0,1,experiment-20261003T113748Z-acb3a2e7,CAFEF_C8_COMPLETE_ONLY_V1,-0.7882710065365631,-2.120359354944626
2024-04-26,KBS:HOSE:AGR,0,1,experiment-20261003T113748Z-acb3a2e7,CAFEF_C8_COMPLETE_ONLY_V1,0.43925708394906643,0.5301031925361661
2024-04-26,KBS:HOSE:ANV,0,1,experiment-20261003T113748Z-acb3a2e7,CAFEF_C8_COMPLETE_ONLY_V1,-0.04650982876796639,-1.6140062676267821
2024-04-26,KBS:HOSE:APG,0,1,experiment-20261003T113748Z-acb3a2e7,CAFEF_C8_COMPLETE_ONLY_V1,-0.9899555987408002,1.648395958350781
2024-04-26,KBS:HOSE:APH,0,1,experiment-20261003T113748Z-acb3a2e7,CAFEF_C8_COMPLETE_ONLY_V1,-1.1498470731431933,0.33588609893265886
2024-04-26,KBS:HOSE:ASM,0,1,experiment-20261003T113748Z-acb3a2e7,CAFEF_C8_COMPLETE_ONLY_V1,0.14356144492145337,0.3125773477127031
2024-04-26,KBS:HOSE:ASP,0,1,experiment-20261003T113748Z-acb3a2e7,CAFEF_C8_COMPLETE_ONLY_V1,-1.6287585018812525,-2.5440514804098844
2024-04-26,KBS:HOSE:AST,0,1,experiment-20261003T113748Z-acb3a2e7,CAFEF_C8_COMPLETE_ONLY_V1,-1.525667575994918,-0.5355789507721942
2024-04-26,KBS:HOSE:BCM,0,1,experiment-20261003T113748Z-acb3a2e7,CAFEF_C8_COMPLETE_ONLY_V1,-0.5441114075880219,-2.451907926195764
2024-04-26,KBS:HOSE:BHN,0,1,experiment-20261003T113748Z-acb3a2e7,CAFEF_C8_COMPLETE_ONLY_V1,-1.542050996344658,-0.2452151279759337
2024-04-26,KBS:HOSE:BKG,0,1,experiment-20261003T113748Z-acb3a2e7,CAFEF_C8_COMPLETE_ONLY_V1,-1.3986693890120496,-1.261199735704181
2024-04-26,KBS:HOSE:BMI,0,1,experiment-20261003T113748Z-acb3a2e7,CAFEF_C8_COMPLETE_ONLY_V1,-1.3583512108467213,0.2833430382552751
2024-04-26,KBS:HOSE:BTP,0,1,experiment-20261003T113748Z-acb3a2e7,CAFEF_C8_COMPLETE_ONLY_V1,-1.3476748173900823,0.32759592280420835
2024-04-26,KBS:HOSE:BVH,0,1,experiment-20261003T113748Z-acb3a2e7,CAFEF_C8_COMPLETE_ONLY_V1,-1.1103312167718076,-0.6668083168617519
2024-04-26,KBS:HOSE:C32,0,1,experiment-20261003T113748Z-acb3a2e7,CAFEF_C8_COMPLETE_ONLY_V1,-1.5100204666493025,-0.005219007749531245
2024-04-26,KBS:HOSE:CCI,0,1,experiment-20261003T113748Z-acb3a2e7,CAFEF_C8_COMPLETE_ONLY_V1,-1.4115034106699733,0.13902618875459855
2024-04-26,KBS:HOSE:CCL,0,1,experiment-20261003T113748Z-acb3a2e7,CAFEF_C8_COMPLETE_ONLY_V1,-1.1960707526598955,0.17508912554302292
2024-04-26,KBS:HOSE:CDC,0,1,experiment-20261003T113748Z-acb3a2e7,CAFEF_C8_COMPLETE_ONLY_V1,-1.220798878717223,-0.002755648014816851
2024-04-26,KBS:HOSE:CIG,0,1,experiment-20261003T113748Z-acb3a2e7,CAFEF_C8_COMPLETE_ONLY_V1,-1.5484126121447943,-3.1432358072072706
2024-04-26,KBS:HOSE:CII,0,1,experiment-20261003T113748Z-acb3a2e7,CAFEF_C8_COMPLETE_ONLY_V1,1.7974200074794588,-1.3178218912326236
2024-04-26,KBS:HOSE:CKG,0,1,experiment-20261003T113748Z-acb3a2e7,CAFEF_C8_COMPLETE_ONLY_V1,-1.4753477953384737,-1.4553369235598135
2024-04-26,KBS:HOSE:CLC,0,1,experiment-20261003T113748Z-acb3a2e7,CAFEF_C8_COMPLETE_ONLY_V1,-1.3971309648887358,1.174214068557746
2024-04-26,KBS:HOSE:CMV,0,1,experiment-20261003T113748Z-acb3a2e7,CAFEF_C8_COMPLETE_ONLY_V1,-1.4365881597629995,1.079917626682876
2024-04-26,KBS:HOSE:CMX,0,1,experiment-20261003T113748Z-acb3a2e7,CAFEF_C8_COMPLETE_ONLY_V1,-1.3455695694410474,-1.2859806675774001
2024-04-26,KBS:HOSE:CNG,0,1,experiment-20261003T113748Z-acb3a2e7,CAFEF_C8_COMPLETE_ONLY_V1,-0.774070717060832,-0.012039535404835704
2024-04-26,KBS:HOSE:CRC,0,1,experiment-20261003T113748Z-acb3a2e7,CAFEF_C8_COMPLETE_ONLY_V1,-1.398978250832626,-0.2687310875093392
2024-04-26,KBS:HOSE:CRE,0,1,experiment-20261003T113748Z-acb3a2e7,CAFEF_C8_COMPLETE_ONLY_V1,-1.159396360398203,-0.4787069273365276
2024-04-26,KBS:HOSE:CSM,0,1,experiment-20261003T113748Z-acb3a2e7,CAFEF_C8_COMPLETE_ONLY_V1,-1.3660935539407466,1.63174857859257
2024-04-26,KBS:HOSE:CSV,0,1,experiment-20261003T113748Z-acb3a2e7,CAFEF_C8_COMPLETE_ONLY_V1,0.20717346532080935,1.8994011711649683
2024-04-26,KBS:HOSE:CTD,0,1,experiment-20261003T113748Z-acb3a2e7,CAFEF_C8_COMPLETE_ONLY_V1,1.0578992237060394,0.2184437986158549
2024-04-26,KBS:HOSE:CTF,0,1,experiment-20261003T113748Z-acb3a2e7,CAFEF_C8_COMPLETE_ONLY_V1,-1.4274946352523166,0.02299431016251173
2024-04-26,KBS:HOSE:CTI,0,1,experiment-20261003T113748Z-acb3a2e7,CAFEF_C8_COMPLETE_ONLY_V1,-1.190108824775187,-0.10512877053280205
2024-04-26,KBS:HOSE:CTR,0,1,experiment-20261003T113748Z-acb3a2e7,CAFEF_C8_COMPLETE_ONLY_V1,0.9393844028497438,3.140738204526179
2024-04-26,KBS:HOSE:CTS,0,1,experiment-20261003T113748Z-acb3a2e7,CAFEF_C8_COMPLETE_ONLY_V1,1.4235315078607693,2.6293701515563415
2024-04-26,KBS:HOSE:CVT,0,1,experiment-20261003T113748Z-acb3a2e7,CAFEF_C8_COMPLETE_ONLY_V1,-1.5735232849717093,-0.9043991643800605
2024-04-26,KBS:HOSE:D2D,0,1,experiment-20261003T113748Z-acb3a2e7,CAFEF_C8_COMPLETE_ONLY_V1,-0.9530753940068285,5.297482740915335
2024-04-26,KBS:HOSE:DAH,0,1,experiment-20261003T113748Z-acb3a2e7,CAFEF_C8_COMPLETE_ONLY_V1,-1.4882583159046345,-0.8285183294004197
2024-04-26,KBS:HOSE:DBC,1,0,experiment-20261003T113748Z-acb3a2e7,CAFEF_C8_COMPLETE_ONLY_V1,6.313901780182268,0.6817712146331855
2024-04-26,KBS:HOSE:DBD,0,1,experiment-20261003T113748Z-acb3a2e7,CAFEF_C8_COMPLETE_ONLY_V1,-1.3834334923572429,-0.305379153944516
2024-04-26,KBS:HOSE:DC4,0,1,experiment-20261003T113748Z-acb3a2e7,CAFEF_C8_COMPLETE_ONLY_V1,-1.2226068386923425,-0.1843255261163399
2024-04-26,KBS:HOSE:DCL,0,1,experiment-20261003T113748Z-acb3a2e7,CAFEF_C8_COMPLETE_ONLY_V1,-1.1958259490146748,1.6410364482630522
2024-04-26,KBS:HOSE:DCM,0,1,experiment-20261003T113748Z-acb3a2e7,CAFEF_C8_COMPLETE_ONLY_V1,1.1921832188228159,-0.5394502728209538
2024-04-26,KBS:HOSE:DGC,1,0,experiment-20261003T113748Z-acb3a2e7,CAFEF_C8_COMPLETE_ONLY_V1,6.6259739314703925,2.5564654810092104
2024-04-26,KBS:HOSE:DGW,0,1,experiment-20261003T113748Z-acb3a2e7,CAFEF_C8_COMPLETE_ONLY_V1,2.199789927154877,0.27043993937286415
2024-04-26,KBS:HOSE:DHA,0,1,experiment-20261003T113748Z-acb3a2e7,CAFEF_C8_COMPLETE_ONLY_V1,-1.2791935199608104,-1.3569550406329607
2024-04-26,KBS:HOSE:DHC,0,1,experiment-20261003T113748Z-acb3a2e7,CAFEF_C8_COMPLETE_ONLY_V1,-1.097274139053004,-1.0760588179383779
2024-04-26,KBS:HOSE:DLG,0,1,experiment-20261003T113748Z-acb3a2e7,CAFEF_C8_COMPLETE_ONLY_V1,-1.4168694073978172,-2.7124533884351174
2024-04-26,KBS:HOSE:DMC,0,1,experiment-20261003T113748Z-acb3a2e7,CAFEF_C8_COMPLETE_ONLY_V1,-1.4077967800650169,1.3257424394157162
2024-04-26,KBS:HOSE:DPG,0,1,experiment-20261003T113748Z-acb3a2e7,CAFEF_C8_COMPLETE_ONLY_V1,0.4251326058975135,0.8140645503534792
2024-04-26,KBS:HOSE:DQC,0,1,experiment-20261003T113748Z-acb3a2e7,CAFEF_C8_COMPLETE_ONLY_V1,-1.5489921240225395,-1.1931225896653186
2024-04-26,KBS:HOSE:DRC,0,1,experiment-20261003T113748Z-acb3a2e7,CAFEF_C8_COMPLETE_ONLY_V1,0.4472965665520863,0.9124433338354151
2024-04-26,KBS:HOSE:DRH,0,1,experiment-20261003T113748Z-acb3a2e7,CAFEF_C8_COMPLETE_ONLY_V1,-1.3889858234662475,-3.1580317182226754
2024-04-26,KBS:HOSE:DSN,0,1,experiment-20261003T113748Z-acb3a2e7,CAFEF_C8_COMPLETE_ONLY_V1,-1.4339317686017605,0.8410232034125326
2024-04-26,KBS:HOSE:DTL,0,1,experiment-20261003T113748Z-acb3a2e7,CAFEF_C8_COMPLETE_ONLY_V1,-1.6581184947018668,-1.5420553650695403
2024-04-26,KBS:HOSE:DTT,0,1,experiment-20261003T113748Z-acb3a2e7,CAFEF_C8_COMPLETE_ONLY_V1,-1.416616784413266,0.5457358408045346
2024-04-26,KBS:HOSE:DVP,0,1,experiment-20261003T113748Z-acb3a2e7,CAFEF_C8_COMPLETE_ONLY_V1,-1.3308465422949916,1.2096395572237566
2024-04-26,KBS:HOSE:DXG,1,0,experiment-20261003T113748Z-acb3a2e7,CAFEF_C8_COMPLETE_ONLY_V1,6.880170771166787,-2.1162743272806868
2024-04-26,KBS:HOSE:DXV,0,1,experiment-20261003T113748Z-acb3a2e7,CAFEF_C8_COMPLETE_ONLY_V1,-1.0945300978474066,7.871273158545486
2024-04-26,KBS:HOSE:EVE,0,1,experiment-20261003T113748Z-acb3a2e7,CAFEF_C8_COMPLETE_ONLY_V1,-1.498028764866083,-0.2729944491493215
2024-04-26,KBS:HOSE:EVG,0,1,experiment-20261003T113748Z-acb3a2e7,CAFEF_C8_COMPLETE_ONLY_V1,-1.0932024953145338,-0.9635610810198427
2024-04-26,KBS:HOSE:FCM,0,1,experiment-20261003T113748Z-acb3a2e7,CAFEF_C8_COMPLETE_ONLY_V1,-1.5577411562579024,-1.9637446003885133
2024-04-26,KBS:HOSE:FCN,0,1,experiment-20261003T113748Z-acb3a2e7,CAFEF_C8_COMPLETE_ONLY_V1,-0.12917249095625888,0.031247764845643844
2024-04-26,KBS:HOSE:FIR,0,1,experiment-20261003T113748Z-acb3a2e7,CAFEF_C8_COMPLETE_ONLY_V1,-1.6061541745994812,-6.961568659286805
2024-04-26,KBS:HOSE:FIT,0,1,experiment-20261003T113748Z-acb3a2e7,CAFEF_C8_COMPLETE_ONLY_V1,-1.2697105406343197,-0.6857111233689399
2024-04-26,KBS:HOSE:FMC,0,1,experiment-20261003T113748Z-acb3a2e7,CAFEF_C8_COMPLETE_ONLY_V1,-1.335736937088077,0.736815673682975
2024-04-26,KBS:HOSE:FPT,1,0,experiment-20261003T113748Z-acb3a2e7,CAFEF_C8_COMPLETE_ONLY_V1,10.825472829245946,2.387084791548778
2024-04-26,KBS:HOSE:FTS,0,1,experiment-20261003T113748Z-acb3a2e7,CAFEF_C8_COMPLETE_ONLY_V1,2.1464846241035294,1.7872520270973404
2024-04-26,KBS:HOSE:GDT,0,1,experiment-20261003T113748Z-acb3a2e7,CAFEF_C8_COMPLETE_ONLY_V1,-1.471080541120512,-0.08152854579319745
2024-04-26,KBS:HOSE:GEG,0,1,experiment-20261003T113748Z-acb3a2e7,CAFEF_C8_COMPLETE_ONLY_V1,-1.18984400506052,-0.830618570169553
2024-04-26,KBS:HOSE:GIL,0,1,experiment-20261003T113748Z-acb3a2e7,CAFEF_C8_COMPLETE_ONLY_V1,-0.30341821589192575,0.5181164870002013
2024-04-26,KBS:HOSE:GMD,0,1,experiment-20261003T113748Z-acb3a2e7,CAFEF_C8_COMPLETE_ONLY_V1,2.377633443029388,2.6080768545989508
2024-04-26,KBS:HOSE:HAG,0,1,experiment-20261003T113748Z-acb3a2e7,CAFEF_C8_COMPLETE_ONLY_V1,3.6369951652237953,0.5336608038210849
2024-04-26,KBS:HOSE:HAP,0,1,experiment-20261003T113748Z-acb3a2e7,CAFEF_C8_COMPLETE_ONLY_V1,-1.461945836689576,0.09236177383656217
2024-04-26,KBS:HOSE:HAR,0,1,experiment-20261003T113748Z-acb3a2e7,CAFEF_C8_COMPLETE_ONLY_V1,-1.2775840929636213,-0.09884405195628551
2024-04-26,KBS:HOSE:HAS,0,1,experiment-20261003T113748Z-acb3a2e7,CAFEF_C8_COMPLETE_ONLY_V1,-1.340249080629449,3.0155246187934943
2024-04-26,KBS:HOSE:HCM,0,1,experiment-20261003T113748Z-acb3a2e7,CAFEF_C8_COMPLETE_ONLY_V1,4.8839586605059635,0.9012703373082213
2024-04-26,KBS:HOSE:HDC,0,1,experiment-20261003T113748Z-acb3a2e7,CAFEF_C8_COMPLETE_ONLY_V1,1.639616693253211,-0.9092862862000177
2024-04-26,KBS:HOSE:HHP,0,1,experiment-20261003T113748Z-acb3a2e7,CAFEF_C8_COMPLETE_ONLY_V1,-1.4249073239269323,-1.0075472860226897
2024-04-26,KBS:HOSE:HHV,0,1,experiment-20261003T113748Z-acb3a2e7,CAFEF_C8_COMPLETE_ONLY_V1,1.5505044568358943,-2.2382026047972805
2024-04-26,KBS:HOSE:HID,0,1,experiment-20261003T113748Z-acb3a2e7,CAFEF_C8_COMPLETE_ONLY_V1,-1.4420464925395224,0.4746718290868225
2024-04-26,KBS:HOSE:HII,0,1,experiment-20261003T113748Z-acb3a2e7,CAFEF_C8_COMPLETE_ONLY_V1,-1.3840280661732778,-0.3011185979344526
2024-04-26,KBS:HOSE:HMC,0,1,experiment-20261003T113748Z-acb3a2e7,CAFEF_C8_COMPLETE_ONLY_V1,-1.4102322681989614,0.3473473202611567
2024-04-26,KBS:HOSE:HRC,0,1,experiment-20261003T113748Z-acb3a2e7,CAFEF_C8_COMPLETE_ONLY_V1,-1.526823862925904,-0.4884924013388889
2024-04-26,KBS:HOSE:HSG,0,1,experiment-20261003T113748Z-acb3a2e7,CAFEF_C8_COMPLETE_ONLY_V1,4.318410095091314,-1.1195843502755536
2024-04-26,KBS:HOSE:HSL,0,1,experiment-20261003T113748Z-acb3a2e7,CAFEF_C8_COMPLETE_ONLY_V1,-1.7037402886940698,-4.442613660721702
2024-04-26,KBS:HOSE:HTI,0,1,experiment-20261003T113748Z-acb3a2e7,CAFEF_C8_COMPLETE_ONLY_V1,-1.4851419550908902,0.48572873997462784
2024-04-26,KBS:HOSE:HTN,0,1,experiment-20261003T113748Z-acb3a2e7,CAFEF_C8_COMPLETE_ONLY_V1,-1.0202693768450983,-2.414142030676914
2024-04-26,KBS:HOSE:HTV,0,1,experiment-20261003T113748Z-acb3a2e7,CAFEF_C8_COMPLETE_ONLY_V1,-1.5634326554261693,-0.8887431941677525
2024-04-26,KBS:HOSE:HUB,0,1,experiment-20261003T113748Z-acb3a2e7,CAFEF_C8_COMPLETE_ONLY_V1,-1.2647214238726827,0.6263260401502551
2024-04-26,KBS:HOSE:HVN,0,1,experiment-20261003T113748Z-acb3a2e7,CAFEF_C8_COMPLETE_ONLY_V1,0.50132544800915,4.377836452985261
2024-04-26,KBS:HOSE:ICT,0,1,experiment-20261003T113748Z-acb3a2e7,CAFEF_C8_COMPLETE_ONLY_V1,-1.4965513003740745,0.19980975588176483
2024-04-26,KBS:HOSE:IJC,0,1,experiment-20261003T113748Z-acb3a2e7,CAFEF_C8_COMPLETE_ONLY_V1,-0.18181156007366642,0.16346383415811974
2024-04-26,KBS:HOSE:ILB,0,1,experiment-20261003T113748Z-acb3a2e7,CAFEF_C8_COMPLETE_ONLY_V1,-1.4680668942278823,0.9614546413337595
2024-04-26,KBS:HOSE:ITC,0,1,experiment-20261003T113748Z-acb3a2e7,CAFEF_C8_COMPLETE_ONLY_V1,-1.125815977586294,-1.2627117447663374
2024-04-26,KBS:HOSE:ITD,0,1,experiment-20261003T113748Z-acb3a2e7,CAFEF_C8_COMPLETE_ONLY_V1,-1.4956590634109543,0.23793062115273944
2024-04-26,KBS:HOSE:JVC,0,1,experiment-20261003T113748Z-acb3a2e7,CAFEF_C8_COMPLETE_ONLY_V1,-1.4554899668854733,-0.682371308548463
2024-04-26,KBS:HOSE:KBC,1,0,experiment-20261003T113748Z-acb3a2e7,CAFEF_C8_COMPLETE_ONLY_V1,5.610097665448092,-1.6390850108250437
2024-04-26,KBS:HOSE:KDC,0,1,experiment-20261003T113748Z-acb3a2e7,CAFEF_C8_COMPLETE_ONLY_V1,0.39193379836008174,0.1133206056388445
2024-04-26,KBS:HOSE:KDH,0,1,experiment-20261003T113748Z-acb3a2e7,CAFEF_C8_COMPLETE_ONLY_V1,1.9221225629111798,0.6493692824763446
2024-04-26,KBS:HOSE:KHP,0,1,experiment-20261003T113748Z-acb3a2e7,CAFEF_C8_COMPLETE_ONLY_V1,-1.4796938860960478,0.7190284103242677
2024-04-26,KBS:HOSE:KOS,0,1,experiment-20261003T113748Z-acb3a2e7,CAFEF_C8_COMPLETE_ONLY_V1,0.5818858803635903,-0.13778367832557364
2024-04-26,KBS:HOSE:KSB,0,1,experiment-20261003T113748Z-acb3a2e7,CAFEF_C8_COMPLETE_ONLY_V1,-0.4500637004230049,-1.900058876082918
2024-04-26,KBS:HOSE:LBM,0,1,experiment-20261003T113748Z-acb3a2e7,CAFEF_C8_COMPLETE_ONLY_V1,-1.4863406558919974,0.2750857260604752
2024-04-26,KBS:HOSE:LCG,0,1,experiment-20261003T113748Z-acb3a2e7,CAFEF_C8_COMPLETE_ONLY_V1,0.6044799942225874,-1.082784187767061
2024-04-26,KBS:HOSE:LDG,0,1,experiment-20261003T113748Z-acb3a2e7,CAFEF_C8_COMPLETE_ONLY_V1,-1.4170455455680733,-2.189389562275429
2024-04-26,KBS:HOSE:LHG,0,1,experiment-20261003T113748Z-acb3a2e7,CAFEF_C8_COMPLETE_ONLY_V1,-1.0794413335525102,0.03868414000435494
2024-04-26,KBS:HOSE:LIX,0,1,experiment-20261003T113748Z-acb3a2e7,CAFEF_C8_COMPLETE_ONLY_V1,-1.1687699734667165,3.4209889128322613
2024-04-26,KBS:HOSE:LM8,0,1,experiment-20261003T113748Z-acb3a2e7,CAFEF_C8_COMPLETE_ONLY_V1,-1.434279074876847,0.5331545444914696
2024-04-26,KBS:HOSE:LPB,0,1,experiment-20261003T113748Z-acb3a2e7,CAFEF_C8_COMPLETE_ONLY_V1,2.81939810604404,3.470771082728551
2024-04-26,KBS:HOSE:MBB,1,0,experiment-20261003T113748Z-acb3a2e7,CAFEF_C8_COMPLETE_ONLY_V1,16.185093787012764,-0.4900418912758391
2024-04-26,KBS:HOSE:MCP,0,1,experiment-20261003T113748Z-acb3a2e7,CAFEF_C8_COMPLETE_ONLY_V1,-1.5016798319645215,-2.1850848403933294
2024-04-26,KBS:HOSE:MDG,0,1,experiment-20261003T113748Z-acb3a2e7,CAFEF_C8_COMPLETE_ONLY_V1,-1.6291300494345746,-2.5341968064234637
2024-04-26,KBS:HOSE:MHC,0,1,experiment-20261003T113748Z-acb3a2e7,CAFEF_C8_COMPLETE_ONLY_V1,-1.0969753080900446,0.5266447570567804
2024-04-26,KBS:HOSE:MIG,0,1,experiment-20261003T113748Z-acb3a2e7,CAFEF_C8_COMPLETE_ONLY_V1,-1.351390911789504,0.2140147872180486
2024-04-26,KBS:HOSE:MSB,0,1,experiment-20261003T113748Z-acb3a2e7,CAFEF_C8_COMPLETE_ONLY_V1,2.028041558708149,-0.5350874235570244
2024-04-26,KBS:HOSE:MSH,0,1,experiment-20261003T113748Z-acb3a2e7,CAFEF_C8_COMPLETE_ONLY_V1,-1.0500479836904857,1.4093306142730173
2024-04-26,KBS:HOSE:MWG,1,0,experiment-20261003T113748Z-acb3a2e7,CAFEF_C8_COMPLETE_ONLY_V1,16.15225414121491,0.9303100899800238
2024-04-26,KBS:HOSE:NAF,0,1,experiment-20261003T113748Z-acb3a2e7,CAFEF_C8_COMPLETE_ONLY_V1,-1.2368095386171354,1.6764989478506396
2024-04-26,KBS:HOSE:NAV,0,1,experiment-20261003T113748Z-acb3a2e7,CAFEF_C8_COMPLETE_ONLY_V1,-1.429583485295364,0.8528507822920831
2024-04-26,KBS:HOSE:NBB,0,1,experiment-20261003T113748Z-acb3a2e7,CAFEF_C8_COMPLETE_ONLY_V1,-1.0566368570063935,1.1709896022780528
2024-04-26,KBS:HOSE:NCT,0,1,experiment-20261003T113748Z-acb3a2e7,CAFEF_C8_COMPLETE_ONLY_V1,-1.4845070369221127,0.21750250146889227
2024-04-26,KBS:HOSE:NHA,0,1,experiment-20261003T113748Z-acb3a2e7,CAFEF_C8_COMPLETE_ONLY_V1,-0.8086211703120287,0.5068670070682093
2024-04-26,KBS:HOSE:NKG,0,1,experiment-20261003T113748Z-acb3a2e7,CAFEF_C8_COMPLETE_ONLY_V1,3.802512406497147,-0.7019840056528577
2024-04-26,KBS:HOSE:NLG,0,1,experiment-20261003T113748Z-acb3a2e7,CAFEF_C8_COMPLETE_ONLY_V1,2.4192085078261676,-0.718178535934368
2024-04-26,KBS:HOSE:NNC,0,1,experiment-20261003T113748Z-acb3a2e7,CAFEF_C8_COMPLETE_ONLY_V1,-1.5713243837054738,-1.195419634772386
2024-04-26,KBS:HOSE:NVL,1,0,experiment-20261003T113748Z-acb3a2e7,CAFEF_C8_COMPLETE_ONLY_V1,16.03426518104681,-1.9932064129249851
2024-04-26,KBS:HOSE:NVT,0,1,experiment-20261003T113748Z-acb3a2e7,CAFEF_C8_COMPLETE_ONLY_V1,-1.4984124981288656,0.1820970365908215
2024-04-26,KBS:HOSE:OCB,0,1,experiment-20261003T113748Z-acb3a2e7,CAFEF_C8_COMPLETE_ONLY_V1,-0.40240035339538477,-0.46533900507665404
2024-04-26,KBS:HOSE:OGC,0,1,experiment-20261003T113748Z-acb3a2e7,CAFEF_C8_COMPLETE_ONLY_V1,-1.5122315893593596,-2.715768600445092
2024-04-26,KBS:HOSE:OPC,0,1,experiment-20261003T113748Z-acb3a2e7,CAFEF_C8_COMPLETE_ONLY_V1,-1.4421852826337462,0.9883272213742875
2024-04-26,KBS:HOSE:PAC,0,1,experiment-20261003T113748Z-acb3a2e7,CAFEF_C8_COMPLETE_ONLY_V1,-1.2859935081692593,2.471821841645187
2024-04-26,KBS:HOSE:PAN,0,1,experiment-20261003T113748Z-acb3a2e7,CAFEF_C8_COMPLETE_ONLY_V1,-0.36404871311478776,-0.019212395903519294
2024-04-26,KBS:HOSE:PDR,1,0,experiment-20261003T113748Z-acb3a2e7,CAFEF_C8_COMPLETE_ONLY_V1,7.6717662199692525,-0.6475602038299766
2024-04-26,KBS:HOSE:PGC,0,1,experiment-20261003T113748Z-acb3a2e7,CAFEF_C8_COMPLETE_ONLY_V1,-1.530480603813572,-0.15840790062282153
2024-04-26,KBS:HOSE:PGD,0,1,experiment-20261003T113748Z-acb3a2e7,CAFEF_C8_COMPLETE_ONLY_V1,-1.4909946738038724,-0.435929356975865
2024-04-26,KBS:HOSE:PGV,0,1,experiment-20261003T113748Z-acb3a2e7,CAFEF_C8_COMPLETE_ONLY_V1,-1.5194102884737468,-1.038248778541697
2024-04-26,KBS:HOSE:PHR,0,1,experiment-20261003T113748Z-acb3a2e7,CAFEF_C8_COMPLETE_ONLY_V1,-0.3588806925086067,0.9227332996149864
2024-04-26,KBS:HOSE:PJT,0,1,experiment-20261003T113748Z-acb3a2e7,CAFEF_C8_COMPLETE_ONLY_V1,-1.511072667416496,-0.659362834963062
2024-04-26,KBS:HOSE:PLP,0,1,experiment-20261003T113748Z-acb3a2e7,CAFEF_C8_COMPLETE_ONLY_V1,-1.3957954086933335,0.2106911631015071
2024-04-26,KBS:HOSE:PLX,0,1,experiment-20261003T113748Z-acb3a2e7,CAFEF_C8_COMPLETE_ONLY_V1,-0.6757910879509165,-0.031828847058270805
2024-04-26,KBS:HOSE:PNJ,0,1,experiment-20261003T113748Z-acb3a2e7,CAFEF_C8_COMPLETE_ONLY_V1,3.139191610990798,1.048587898236114
2024-04-26,KBS:HOSE:PTB,0,1,experiment-20261003T113748Z-acb3a2e7,CAFEF_C8_COMPLETE_ONLY_V1,-0.5028284436488315,1.5087771106479033
2024-04-26,KBS:HOSE:PVP,0,1,experiment-20261003T113748Z-acb3a2e7,CAFEF_C8_COMPLETE_ONLY_V1,-1.0189047361230388,0.8966231913224694
2024-04-26,KBS:HOSE:PVT,0,1,experiment-20261003T113748Z-acb3a2e7,CAFEF_C8_COMPLETE_ONLY_V1,0.9420439457491732,-0.15333658784923382
2024-04-26,KBS:HOSE:RAL,0,1,experiment-20261003T113748Z-acb3a2e7,CAFEF_C8_COMPLETE_ONLY_V1,-1.250446459404737,1.8929932461437304
2024-04-26,KBS:HOSE:S4A,0,1,experiment-20261003T113748Z-acb3a2e7,CAFEF_C8_COMPLETE_ONLY_V1,-1.3588637027980517,2.2178264727605552
2024-04-26,KBS:HOSE:SAB,0,1,experiment-20261003T113748Z-acb3a2e7,CAFEF_C8_COMPLETE_ONLY_V1,-0.23977712881574495,-1.7811620117059663
2024-04-26,KBS:HOSE:SAM,0,1,experiment-20261003T113748Z-acb3a2e7,CAFEF_C8_COMPLETE_ONLY_V1,-1.0993150742115292,-0.30592041400518627
2024-04-26,KBS:HOSE:SAV,0,1,experiment-20261003T113748Z-acb3a2e7,CAFEF_C8_COMPLETE_ONLY_V1,-1.4154401955945919,0.09217138537381438
2024-04-26,KBS:HOSE:SBA,0,1,experiment-20261003T113748Z-acb3a2e7,CAFEF_C8_COMPLETE_ONLY_V1,-1.3465721387210738,1.835575537988944
2024-04-26,KBS:HOSE:SBV,0,1,experiment-20261003T113748Z-acb3a2e7,CAFEF_C8_COMPLETE_ONLY_V1,-1.464814230028105,0.8264350544187836
2024-04-26,KBS:HOSE:SC5,0,1,experiment-20261003T113748Z-acb3a2e7,CAFEF_C8_COMPLETE_ONLY_V1,-1.4384997032766442,0.9106128784173714
2024-04-26,KBS:HOSE:SCR,0,1,experiment-20261003T113748Z-acb3a2e7,CAFEF_C8_COMPLETE_ONLY_V1,-0.6422264552653922,-1.2304282744019939
2024-04-26,KBS:HOSE:SCS,0,1,experiment-20261003T113748Z-acb3a2e7,CAFEF_C8_COMPLETE_ONLY_V1,-0.9666691472314017,2.231411256530924
2024-04-26,KBS:HOSE:SGR,0,1,experiment-20261003T113748Z-acb3a2e7,CAFEF_C8_COMPLETE_ONLY_V1,-1.3423326695957152,0.6595323579133024
2024-04-26,KBS:HOSE:SGT,0,1,experiment-20261003T113748Z-acb3a2e7,CAFEF_C8_COMPLETE_ONLY_V1,-1.474999037350285,-0.308196728770792
2024-04-26,KBS:HOSE:SHA,0,1,experiment-20261003T113748Z-acb3a2e7,CAFEF_C8_COMPLETE_ONLY_V1,-1.5132765554484342,-0.08085008518065301
2024-04-26,KBS:HOSE:SHI,0,1,experiment-20261003T113748Z-acb3a2e7,CAFEF_C8_COMPLETE_ONLY_V1,-0.9386498274189089,0.9065070245762901
2024-04-26,KBS:HOSE:SHP,0,1,experiment-20261003T113748Z-acb3a2e7,CAFEF_C8_COMPLETE_ONLY_V1,-1.3831362602274748,1.6425262317659322
2024-04-26,KBS:HOSE:SJD,0,1,experiment-20261003T113748Z-acb3a2e7,CAFEF_C8_COMPLETE_ONLY_V1,-1.475984967961611,0.21768287160769179
2024-04-26,KBS:HOSE:SJS,0,1,experiment-20261003T113748Z-acb3a2e7,CAFEF_C8_COMPLETE_ONLY_V1,-0.14595334563446788,0.7828525254161036
2024-04-26,KBS:HOSE:SMB,0,1,experiment-20261003T113748Z-acb3a2e7,CAFEF_C8_COMPLETE_ONLY_V1,-1.5297254943515424,0.15745805588073097
2024-04-26,KBS:HOSE:SPM,0,1,experiment-20261003T113748Z-acb3a2e7,CAFEF_C8_COMPLETE_ONLY_V1,-1.5528586525488388,-0.9362842380662941
2024-04-26,KBS:HOSE:SRC,0,1,experiment-20261003T113748Z-acb3a2e7,CAFEF_C8_COMPLETE_ONLY_V1,-1.3366261193011133,0.8847092114780241
2024-04-26,KBS:HOSE:SRF,0,1,experiment-20261003T113748Z-acb3a2e7,CAFEF_C8_COMPLETE_ONLY_V1,-1.3127404388191612,1.6180464099906544
2024-04-26,KBS:HOSE:SSB,0,1,experiment-20261003T113748Z-acb3a2e7,CAFEF_C8_COMPLETE_ONLY_V1,1.7630427447042114,-1.030801724698311
2024-04-26,KBS:HOSE:STB,1,0,experiment-20261003T113748Z-acb3a2e7,CAFEF_C8_COMPLETE_ONLY_V1,17.788036507418603,-1.9315411788402785
2024-04-26,KBS:HOSE:STG,0,1,experiment-20261003T113748Z-acb3a2e7,CAFEF_C8_COMPLETE_ONLY_V1,-1.5319607071007761,-0.44734644241154337
2024-04-26,KBS:HOSE:SVT,0,1,experiment-20261003T113748Z-acb3a2e7,CAFEF_C8_COMPLETE_ONLY_V1,-1.4381463287493705,0.255234005317851
2024-04-26,KBS:HOSE:TCB,1,0,experiment-20261003T113748Z-acb3a2e7,CAFEF_C8_COMPLETE_ONLY_V1,15.27798463977795,2.311220466616297
2024-04-26,KBS:HOSE:TCL,0,1,experiment-20261003T113748Z-acb3a2e7,CAFEF_C8_COMPLETE_ONLY_V1,-1.4845504198658177,-0.3813446549549381
2024-04-26,KBS:HOSE:TCM,0,1,experiment-20261003T113748Z-acb3a2e7,CAFEF_C8_COMPLETE_ONLY_V1,-0.30995008985237454,0.11869851030698564
2024-04-26,KBS:HOSE:TCO,0,1,experiment-20261003T113748Z-acb3a2e7,CAFEF_C8_COMPLETE_ONLY_V1,-1.2796246732900665,2.3263806470273742
2024-04-26,KBS:HOSE:TCR,0,1,experiment-20261003T113748Z-acb3a2e7,CAFEF_C8_COMPLETE_ONLY_V1,-1.333571102327253,1.2761465260503744
2024-04-26,KBS:HOSE:TDC,0,1,experiment-20261003T113748Z-acb3a2e7,CAFEF_C8_COMPLETE_ONLY_V1,-1.456400307229792,-1.7045909014959666
2024-04-26,KBS:HOSE:TDG,0,1,experiment-20261003T113748Z-acb3a2e7,CAFEF_C8_COMPLETE_ONLY_V1,-1.4972266180831637,-0.775365014341254
2024-04-26,KBS:HOSE:TDP,0,1,experiment-20261003T113748Z-acb3a2e7,CAFEF_C8_COMPLETE_ONLY_V1,-1.36323423892379,1.0369598425727584
2024-04-26,KBS:HOSE:TIP,0,1,experiment-20261003T113748Z-acb3a2e7,CAFEF_C8_COMPLETE_ONLY_V1,-1.044270743034942,-0.7924434992609019
2024-04-26,KBS:HOSE:TLG,0,1,experiment-20261003T113748Z-acb3a2e7,CAFEF_C8_COMPLETE_ONLY_V1,-1.3700491621426387,0.22622056115512876
2024-04-26,KBS:HOSE:TLH,0,1,experiment-20261003T113748Z-acb3a2e7,CAFEF_C8_COMPLETE_ONLY_V1,-1.2190883082191437,-1.5260092082723309
2024-04-26,KBS:HOSE:TMS,0,1,experiment-20261003T113748Z-acb3a2e7,CAFEF_C8_COMPLETE_ONLY_V1,-1.3003823789619038,1.6090908375264732
2024-04-26,KBS:HOSE:TN1,0,1,experiment-20261003T113748Z-acb3a2e7,CAFEF_C8_COMPLETE_ONLY_V1,-1.5493915415056472,-1.022906998302537
2024-04-26,KBS:HOSE:TNC,0,1,experiment-20261003T113748Z-acb3a2e7,CAFEF_C8_COMPLETE_ONLY_V1,-1.4568816602617531,0.004902868964232174
2024-04-26,KBS:HOSE:TNH,0,1,experiment-20261003T113748Z-acb3a2e7,CAFEF_C8_COMPLETE_ONLY_V1,-1.2320688279815182,0.04445525973490635
2024-04-26,KBS:HOSE:TNI,0,1,experiment-20261003T113748Z-acb3a2e7,CAFEF_C8_COMPLETE_ONLY_V1,-1.5199509836977643,-1.2601920554599582
2024-04-26,KBS:HOSE:TNT,0,1,experiment-20261003T113748Z-acb3a2e7,CAFEF_C8_COMPLETE_ONLY_V1,-1.1781500952438173,0.7512312385798586
2024-04-26,KBS:HOSE:TRA,0,1,experiment-20261003T113748Z-acb3a2e7,CAFEF_C8_COMPLETE_ONLY_V1,-1.5359654269748553,0.042691685621259995
2024-04-26,KBS:HOSE:TRC,0,1,experiment-20261003T113748Z-acb3a2e7,CAFEF_C8_COMPLETE_ONLY_V1,-1.2282771461758444,3.230068055761676
2024-04-26,KBS:HOSE:TV2,0,1,experiment-20261003T113748Z-acb3a2e7,CAFEF_C8_COMPLETE_ONLY_V1,-0.4950423342505027,-0.8096690391998589
2024-04-26,KBS:HOSE:TVB,0,1,experiment-20261003T113748Z-acb3a2e7,CAFEF_C8_COMPLETE_ONLY_V1,-0.876588824785185,2.653115223661358
2024-04-26,KBS:HOSE:UIC,0,1,experiment-20261003T113748Z-acb3a2e7,CAFEF_C8_COMPLETE_ONLY_V1,-1.430203479650035,0.7785169832296154
2024-04-26,KBS:HOSE:VCA,0,1,experiment-20261003T113748Z-acb3a2e7,CAFEF_C8_COMPLETE_ONLY_V1,-1.502696508491374,-0.04286118176849183
2024-04-26,KBS:HOSE:VDS,0,1,experiment-20261003T113748Z-acb3a2e7,CAFEF_C8_COMPLETE_ONLY_V1,-0.13961636289778998,0.5393576501897177
2024-04-26,KBS:HOSE:VFG,0,1,experiment-20261003T113748Z-acb3a2e7,CAFEF_C8_COMPLETE_ONLY_V1,-0.9462292574730522,4.682703487697405
2024-04-26,KBS:HOSE:VGC,0,1,experiment-20261003T113748Z-acb3a2e7,CAFEF_C8_COMPLETE_ONLY_V1,-0.026200866310050214,-0.28504854824207426
2024-04-26,KBS:HOSE:VHM,1,0,experiment-20261003T113748Z-acb3a2e7,CAFEF_C8_COMPLETE_ONLY_V1,12.718696690918957,-1.6092606488741652
2024-04-26,KBS:HOSE:VJC,0,1,experiment-20261003T113748Z-acb3a2e7,CAFEF_C8_COMPLETE_ONLY_V1,1.1133283379371255,-0.04798041981798783
2024-04-26,KBS:HOSE:VND,1,0,experiment-20261003T113748Z-acb3a2e7,CAFEF_C8_COMPLETE_ONLY_V1,10.494238880044346,-1.257082433004969
2024-04-26,KBS:HOSE:VNG,0,1,experiment-20261003T113748Z-acb3a2e7,CAFEF_C8_COMPLETE_ONLY_V1,-1.5358371583224606,-0.8212783817198297
2024-04-26,KBS:HOSE:VOS,0,1,experiment-20261003T113748Z-acb3a2e7,CAFEF_C8_COMPLETE_ONLY_V1,-1.0030093223375351,-1.1553244698609395
2024-04-26,KBS:HOSE:VPB,1,0,experiment-20261003T113748Z-acb3a2e7,CAFEF_C8_COMPLETE_ONLY_V1,8.867607707681179,-1.2077346937290108
2024-04-26,KBS:HOSE:VPS,0,1,experiment-20261003T113748Z-acb3a2e7,CAFEF_C8_COMPLETE_ONLY_V1,-1.5583064568090819,-1.5754447578813826
2024-04-26,KBS:HOSE:VSI,0,1,experiment-20261003T113748Z-acb3a2e7,CAFEF_C8_COMPLETE_ONLY_V1,-1.4494081313555802,0.45839539802084023
2024-04-26,KBS:UPCOM:APC,0,1,experiment-20261003T113748Z-acb3a2e7,CAFEF_C8_COMPLETE_ONLY_V1,-1.6641532213564783,-2.765095699375002
2024-04-26,KBS:UPCOM:GMC,0,1,experiment-20261003T113748Z-acb3a2e7,CAFEF_C8_COMPLETE_ONLY_V1,-1.4757960548471407,0.5785805829321548
2024-04-26,KBS:UPCOM:HBC,0,1,experiment-20261003T113748Z-acb3a2e7,CAFEF_C8_COMPLETE_ONLY_V1,-1.135165792515463,-1.780560877341937
2024-04-26,KBS:UPCOM:HNG,0,1,experiment-20261003T113748Z-acb3a2e7,CAFEF_C8_COMPLETE_ONLY_V1,-1.1933077390139573,-1.0356337165907743
2024-04-26,KBS:UPCOM:POM,0,1,experiment-20261003T113748Z-acb3a2e7,CAFEF_C8_COMPLETE_ONLY_V1,-1.3566782961650632,-6.426103300534131
2024-05-31,KBS:HOSE:AAM,1,1,experiment-20261003T113748Z-acb3a2e7,CAFEF_C8_COMPLETE_ONLY_V1,-1.8492750982824888,-2.1039208475171365
2024-05-31,KBS:HOSE:ABS,1,1,experiment-20261003T113748Z-acb3a2e7,CAFEF_C8_COMPLETE_ONLY_V1,-1.6237804004438272,-1.3404267760823239
2024-05-31,KBS:HOSE:ABT,1,1,experiment-20261003T113748Z-acb3a2e7,CAFEF_C8_COMPLETE_ONLY_V1,-1.4981901457882971,-0.23194334414091228
2024-05-31,KBS:HOSE:ACC,1,1,experiment-20261003T113748Z-acb3a2e7,CAFEF_C8_COMPLETE_ONLY_V1,-1.3702891799978296,0.34640822508512203
2024-05-31,KBS:HOSE:ACL,1,1,experiment-20261003T113748Z-acb3a2e7,CAFEF_C8_COMPLETE_ONLY_V1,-1.618246024162615,-1.1322080857682162
2024-05-31,KBS:HOSE:ADS,1,1,experiment-20261003T113748Z-acb3a2e7,CAFEF_C8_COMPLETE_ONLY_V1,-0.8988335523062326,0.8452398618401767
2024-05-31,KBS:HOSE:AGG,1,1,experiment-20261003T113748Z-acb3a2e7,CAFEF_C8_COMPLETE_ONLY_V1,0.888095240975363,-0.09537055614911238
2024-05-31,KBS:HOSE:AGR,1,1,experiment-20261003T113748Z-acb3a2e7,CAFEF_C8_COMPLETE_ONLY_V1,0.39725324630196873,2.4738846345256054
2024-05-31,KBS:HOSE:ANV,1,1,experiment-20261003T113748Z-acb3a2e7,CAFEF_C8_COMPLETE_ONLY_V1,0.05087407910905507,0.04448387748282988
2024-05-31,KBS:HOSE:APG,1,1,experiment-20261003T113748Z-acb3a2e7,CAFEF_C8_COMPLETE_ONLY_V1,-0.7263096526438877,0.6194176070242404
2024-05-31,KBS:HOSE:APH,1,1,experiment-20261003T113748Z-acb3a2e7,CAFEF_C8_COMPLETE_ONLY_V1,-0.08170651311791671,2.4125823477849138
2024-05-31,KBS:HOSE:ASM,1,1,experiment-20261003T113748Z-acb3a2e7,CAFEF_C8_COMPLETE_ONLY_V1,0.2549282829335471,0.7492414218020844
2024-05-31,KBS:HOSE:ASP,1,1,experiment-20261003T113748Z-acb3a2e7,CAFEF_C8_COMPLETE_ONLY_V1,-1.6198807730944698,-0.711092365709029
2024-05-31,KBS:HOSE:AST,1,1,experiment-20261003T113748Z-acb3a2e7,CAFEF_C8_COMPLETE_ONLY_V1,-1.3995054285534883,-0.12590325296191557
2024-05-31,KBS:HOSE:BCM,1,1,experiment-20261003T113748Z-acb3a2e7,CAFEF_C8_COMPLETE_ONLY_V1,0.0038648329607766574,-0.5292107678033967
2024-05-31,KBS:HOSE:BHN,1,1,experiment-20261003T113748Z-acb3a2e7,CAFEF_C8_COMPLETE_ONLY_V1,-1.721712614302457,-1.4332226296771573
2024-05-31,KBS:HOSE:BKG,1,1,experiment-20261003T113748Z-acb3a2e7,CAFEF_C8_COMPLETE_ONLY_V1,-1.5298650189226493,-0.7441115988764165
2024-05-31,KBS:HOSE:BMI,1,1,experiment-20261003T113748Z-acb3a2e7,CAFEF_C8_COMPLETE_ONLY_V1,-0.9257124746924474,1.022731905910227
2024-05-31,KBS:HOSE:BTP,1,1,experiment-20261003T113748Z-acb3a2e7,CAFEF_C8_COMPLETE_ONLY_V1,-1.4730084648807975,-0.846330451589661
2024-05-31,KBS:HOSE:BVH,1,1,experiment-20261003T113748Z-acb3a2e7,CAFEF_C8_COMPLETE_ONLY_V1,-0.3885430936094405,0.03778282543305621
2024-05-31,KBS:HOSE:C32,1,1,experiment-20261003T113748Z-acb3a2e7,CAFEF_C8_COMPLETE_ONLY_V1,-1.6839958600575062,-1.3455336236928572
2024-05-31,KBS:HOSE:CCI,1,1,experiment-20261003T113748Z-acb3a2e7,CAFEF_C8_COMPLETE_ONLY_V1,-1.6237121459225814,-1.1228238167349451
2024-05-31,KBS:HOSE:CCL,1,1,experiment-20261003T113748Z-acb3a2e7,CAFEF_C8_COMPLETE_ONLY_V1,-0.5424457771561364,3.408065118147571
2024-05-31,KBS:HOSE:CDC,1,1,experiment-20261003T113748Z-acb3a2e7,CAFEF_C8_COMPLETE_ONLY_V1,-1.295889046910082,-1.2262610390997708
2024-05-31,KBS:HOSE:CIG,1,1,experiment-20261003T113748Z-acb3a2e7,CAFEF_C8_COMPLETE_ONLY_V1,-1.6581372205149805,-1.2173452428582487
2024-05-31,KBS:HOSE:CII,1,1,experiment-20261003T113748Z-acb3a2e7,CAFEF_C8_COMPLETE_ONLY_V1,0.8978359661422874,-1.097866915089608
2024-05-31,KBS:HOSE:CKG,1,1,experiment-20261003T113748Z-acb3a2e7,CAFEF_C8_COMPLETE_ONLY_V1,-1.5173693197371318,-0.4635245137100841
2024-05-31,KBS:HOSE:CLC,1,1,experiment-20261003T113748Z-acb3a2e7,CAFEF_C8_COMPLETE_ONLY_V1,-1.1213642220938267,1.798882113897721
2024-05-31,KBS:HOSE:CMV,1,1,experiment-20261003T113748Z-acb3a2e7,CAFEF_C8_COMPLETE_ONLY_V1,-1.2560329127630931,1.3415537296358118
2024-05-31,KBS:HOSE:CMX,1,1,experiment-20261003T113748Z-acb3a2e7,CAFEF_C8_COMPLETE_ONLY_V1,-1.1409252694904575,0.619490358245376
2024-05-31,KBS:HOSE:CNG,1,1,experiment-20261003T113748Z-acb3a2e7,CAFEF_C8_COMPLETE_ONLY_V1,-0.7472607880476689,0.9981680033610602
2024-05-31,KBS:HOSE:CRC,1,1,experiment-20261003T113748Z-acb3a2e7,CAFEF_C8_COMPLETE_ONLY_V1,-1.5415406176467155,-0.8257583320149933
2024-05-31,KBS:HOSE:CRE,1,1,experiment-20261003T113748Z-acb3a2e7,CAFEF_C8_COMPLETE_ONLY_V1,-1.4787800299610987,-0.9534448524115176
2024-05-31,KBS:HOSE:CSV,1,1,experiment-20261003T113748Z-acb3a2e7,CAFEF_C8_COMPLETE_ONLY_V1,0.948300390039101,3.0221813156850503
2024-05-31,KBS:HOSE:CTD,1,1,experiment-20261003T113748Z-acb3a2e7,CAFEF_C8_COMPLETE_ONLY_V1,1.700110627657507,0.27550524589102
2024-05-31,KBS:HOSE:CTF,1,1,experiment-20261003T113748Z-acb3a2e7,CAFEF_C8_COMPLETE_ONLY_V1,-1.4098289989579105,-1.204658747262764
2024-05-31,KBS:HOSE:CTI,1,1,experiment-20261003T113748Z-acb3a2e7,CAFEF_C8_COMPLETE_ONLY_V1,-0.6021153770922171,1.0537690727303919
2024-05-31,KBS:HOSE:CTR,1,1,experiment-20261003T113748Z-acb3a2e7,CAFEF_C8_COMPLETE_ONLY_V1,0.9944375492662774,2.0148541972151923
2024-05-31,KBS:HOSE:CTS,1,1,experiment-20261003T113748Z-acb3a2e7,CAFEF_C8_COMPLETE_ONLY_V1,1.9802173673869623,3.4083949170113934
2024-05-31,KBS:HOSE:CVT,1,1,experiment-20261003T113748Z-acb3a2e7,CAFEF_C8_COMPLETE_ONLY_V1,-1.7425736987695446,-1.4794931917978338
2024-05-31,KBS:HOSE:D2D,1,1,experiment-20261003T113748Z-acb3a2e7,CAFEF_C8_COMPLETE_ONLY_V1,-0.7005221211885037,3.030218297984128
2024-05-31,KBS:HOSE:DAH,1,1,experiment-20261003T113748Z-acb3a2e7,CAFEF_C8_COMPLETE_ONLY_V1,-1.6809710258443726,-1.5344753796744002
2024-05-31,KBS:HOSE:DBC,0,0,experiment-20261003T113748Z-acb3a2e7,CAFEF_C8_COMPLETE_ONLY_V1,8.660952565257471,1.0594892032074124
2024-05-31,KBS:HOSE:DBD,1,1,experiment-20261003T113748Z-acb3a2e7,CAFEF_C8_COMPLETE_ONLY_V1,-1.5924123870231817,-1.4453859683703438
2024-05-31,KBS:HOSE:DC4,1,1,experiment-20261003T113748Z-acb3a2e7,CAFEF_C8_COMPLETE_ONLY_V1,-1.2582361506913198,0.17289017050451158
2024-05-31,KBS:HOSE:DCL,1,1,experiment-20261003T113748Z-acb3a2e7,CAFEF_C8_COMPLETE_ONLY_V1,-0.8689786454307449,1.0164145165725798
2024-05-31,KBS:HOSE:DCM,1,1,experiment-20261003T113748Z-acb3a2e7,CAFEF_C8_COMPLETE_ONLY_V1,4.335450218888975,0.37044535062120887
2024-05-31,KBS:HOSE:DGC,0,0,experiment-20261003T113748Z-acb3a2e7,CAFEF_C8_COMPLETE_ONLY_V1,10.293241886111,-0.22624177181291497
2024-05-31,KBS:HOSE:DGW,1,1,experiment-20261003T113748Z-acb3a2e7,CAFEF_C8_COMPLETE_ONLY_V1,2.793909062696855,1.0807843017322436
2024-05-31,KBS:HOSE:DHA,1,1,experiment-20261003T113748Z-acb3a2e7,CAFEF_C8_COMPLETE_ONLY_V1,-1.4534542418830727,-0.8509277946815159
2024-05-31,KBS:HOSE:DHC,1,1,experiment-20261003T113748Z-acb3a2e7,CAFEF_C8_COMPLETE_ONLY_V1,-0.7042202166632225,-0.09896909183007874
2024-05-31,KBS:HOSE:DLG,1,1,experiment-20261003T113748Z-acb3a2e7,CAFEF_C8_COMPLETE_ONLY_V1,-1.5974155975477844,-1.1709538184847779
2024-05-31,KBS:HOSE:DMC,1,1,experiment-20261003T113748Z-acb3a2e7,CAFEF_C8_COMPLETE_ONLY_V1,-1.5679812727126659,-0.5102965047952247
2024-05-31,KBS:HOSE:DPG,1,1,experiment-20261003T113748Z-acb3a2e7,CAFEF_C8_COMPLETE_ONLY_V1,1.2319727226813137,3.6037501866882145
2024-05-31,KBS:HOSE:DQC,1,1,experiment-20261003T113748Z-acb3a2e7,CAFEF_C8_COMPLETE_ONLY_V1,-1.6006345158441724,-0.8452404280007199
2024-05-31,KBS:HOSE:DRC,1,1,experiment-20261003T113748Z-acb3a2e7,CAFEF_C8_COMPLETE_ONLY_V1,0.140625104784624,1.1512399532114916
2024-05-31,KBS:HOSE:DRH,1,1,experiment-20261003T113748Z-acb3a2e7,CAFEF_C8_COMPLETE_ONLY_V1,-1.7320869792945104,-2.482213968360041
2024-05-31,KBS:HOSE:DSN,1,1,experiment-20261003T113748Z-acb3a2e7,CAFEF_C8_COMPLETE_ONLY_V1,-1.5521619631793835,-0.6504818412359572
2024-05-31,KBS:HOSE:DTL,1,1,experiment-20261003T113748Z-acb3a2e7,CAFEF_C8_COMPLETE_ONLY_V1,-1.8864996801507457,-1.967921424225528
2024-05-31,KBS:HOSE:DTT,1,1,experiment-20261003T113748Z-acb3a2e7,CAFEF_C8_COMPLETE_ONLY_V1,-1.4570507588364907,-0.4779331719326581
2024-05-31,KBS:HOSE:DVP,1,1,experiment-20261003T113748Z-acb3a2e7,CAFEF_C8_COMPLETE_ONLY_V1,-1.2568016974419756,0.5912112071801155
2024-05-31,KBS:HOSE:DXG,1,1,experiment-20261003T113748Z-acb3a2e7,CAFEF_C8_COMPLETE_ONLY_V1,2.446956180284329,-1.4848178383842716
2024-05-31,KBS:HOSE:DXV,1,1,experiment-20261003T113748Z-acb3a2e7,CAFEF_C8_COMPLETE_ONLY_V1,-0.9427035029833257,2.539872279296356
2024-05-31,KBS:HOSE:EVE,1,1,experiment-20261003T113748Z-acb3a2e7,CAFEF_C8_COMPLETE_ONLY_V1,-1.6821122130607669,-1.3457349261227916
2024-05-31,KBS:HOSE:EVG,1,1,experiment-20261003T113748Z-acb3a2e7,CAFEF_C8_COMPLETE_ONLY_V1,-0.6985195980552256,2.4412170082495295
2024-05-31,KBS:HOSE:FCM,1,1,experiment-20261003T113748Z-acb3a2e7,CAFEF_C8_COMPLETE_ONLY_V1,-1.7459988789064753,-1.7573591183436854
2024-05-31,KBS:HOSE:FCN,1,1,experiment-20261003T113748Z-acb3a2e7,CAFEF_C8_COMPLETE_ONLY_V1,-0.7513219137758488,-0.08650651842364966
2024-05-31,KBS:HOSE:FDC,1,1,experiment-20261003T113748Z-acb3a2e7,CAFEF_C8_COMPLETE_ONLY_V1,-1.5330228761762896,0.45968224989597134
2024-05-31,KBS:HOSE:FIR,1,1,experiment-20261003T113748Z-acb3a2e7,CAFEF_C8_COMPLETE_ONLY_V1,-1.902256401272323,-2.6580856521080864
2024-05-31,KBS:HOSE:FIT,1,1,experiment-20261003T113748Z-acb3a2e7,CAFEF_C8_COMPLETE_ONLY_V1,-1.433899511799897,-0.7741187471346529
2024-05-31,KBS:HOSE:FMC,1,1,experiment-20261003T113748Z-acb3a2e7,CAFEF_C8_COMPLETE_ONLY_V1,-1.2532936893694318,0.2872150708754435
2024-05-31,KBS:HOSE:FPT,0,0,experiment-20261003T113748Z-acb3a2e7,CAFEF_C8_COMPLETE_ONLY_V1,15.712594286941084,-1.176909437600273
2024-05-31,KBS:HOSE:FTS,1,1,experiment-20261003T113748Z-acb3a2e7,CAFEF_C8_COMPLETE_ONLY_V1,2.4975483397689677,2.4746997457997937
2024-05-31,KBS:HOSE:GDT,1,1,experiment-20261003T113748Z-acb3a2e7,CAFEF_C8_COMPLETE_ONLY_V1,-1.245074620410764,0.6724382456739465
2024-05-31,KBS:HOSE:GEG,1,1,experiment-20261003T113748Z-acb3a2e7,CAFEF_C8_COMPLETE_ONLY_V1,-1.2003534577597563,-0.28610194469163186
2024-05-31,KBS:HOSE:GIL,1,1,experiment-20261003T113748Z-acb3a2e7,CAFEF_C8_COMPLETE_ONLY_V1,0.021609612760697925,1.7303731916499092
2024-05-31,KBS:HOSE:GMD,1,1,experiment-20261003T113748Z-acb3a2e7,CAFEF_C8_COMPLETE_ONLY_V1,3.023677193616815,-0.31437566424099234
2024-05-31,KBS:HOSE:HAG,0,0,experiment-20261003T113748Z-acb3a2e7,CAFEF_C8_COMPLETE_ONLY_V1,5.557227100527429,1.048551665370739
2024-05-31,KBS:HOSE:HAP,1,1,experiment-20261003T113748Z-acb3a2e7,CAFEF_C8_COMPLETE_ONLY_V1,-1.595488299248714,-1.0228839255423325
2024-05-31,KBS:HOSE:HAR,1,1,experiment-20261003T113748Z-acb3a2e7,CAFEF_C8_COMPLETE_ONLY_V1,-1.4054548123344774,-0.2400045638896845
2024-05-31,KBS:HOSE:HAS,1,1,experiment-20261003T113748Z-acb3a2e7,CAFEF_C8_COMPLETE_ONLY_V1,-0.9901296961211691,2.7869247859400716
2024-05-31,KBS:HOSE:HAX,1,1,experiment-20261003T113748Z-acb3a2e7,CAFEF_C8_COMPLETE_ONLY_V1,-0.3705401141091838,1.758225484062042
2024-05-31,KBS:HOSE:HCM,0,0,experiment-20261003T113748Z-acb3a2e7,CAFEF_C8_COMPLETE_ONLY_V1,5.077976430762434,0.0939501163158771
2024-05-31,KBS:HOSE:HDC,1,1,experiment-20261003T113748Z-acb3a2e7,CAFEF_C8_COMPLETE_ONLY_V1,0.8853363958787476,0.08716260638101272
2024-05-31,KBS:HOSE:HHP,1,1,experiment-20261003T113748Z-acb3a2e7,CAFEF_C8_COMPLETE_ONLY_V1,-1.61134918190922,-1.6884103139931588
2024-05-31,KBS:HOSE:HHV,1,1,experiment-20261003T113748Z-acb3a2e7,CAFEF_C8_COMPLETE_ONLY_V1,0.36517147129089167,-1.558816241974108
2024-05-31,KBS:HOSE:HID,1,1,experiment-20261003T113748Z-acb3a2e7,CAFEF_C8_COMPLETE_ONLY_V1,-1.5376666532393304,-0.8693815033910315
2024-05-31,KBS:HOSE:HII,1,1,experiment-20261003T113748Z-acb3a2e7,CAFEF_C8_COMPLETE_ONLY_V1,-1.3021214245219586,0.5756347309562571
2024-05-31,KBS:HOSE:HMC,1,1,experiment-20261003T113748Z-acb3a2e7,CAFEF_C8_COMPLETE_ONLY_V1,-1.4883475754765918,-0.46934133311131865
2024-05-31,KBS:HOSE:HQC,1,1,experiment-20261003T113748Z-acb3a2e7,CAFEF_C8_COMPLETE_ONLY_V1,-0.6987497726012214,-0.027623680744109303
2024-05-31,KBS:HOSE:HRC,1,1,experiment-20261003T113748Z-acb3a2e7,CAFEF_C8_COMPLETE_ONLY_V1,-1.6347357033788559,-1.1366817722095137
2024-05-31,KBS:HOSE:HSG,1,1,experiment-20261003T113748Z-acb3a2e7,CAFEF_C8_COMPLETE_ONLY_V1,3.911848720257695,-0.7299454643548161
2024-05-31,KBS:HOSE:HSL,1,1,experiment-20261003T113748Z-acb3a2e7,CAFEF_C8_COMPLETE_ONLY_V1,-1.875728834793496,-2.1575957517353177
2024-05-31,KBS:HOSE:HTI,1,1,experiment-20261003T113748Z-acb3a2e7,CAFEF_C8_COMPLETE_ONLY_V1,-1.5761645037997862,-0.8725850344602366
2024-05-31,KBS:HOSE:HTN,1,1,experiment-20261003T113748Z-acb3a2e7,CAFEF_C8_COMPLETE_ONLY_V1,-1.321067541991401,-1.1820872445243338
2024-05-31,KBS:HOSE:HTV,1,1,experiment-20261003T113748Z-acb3a2e7,CAFEF_C8_COMPLETE_ONLY_V1,-1.6644728781092133,-1.1838988353452151
2024-05-31,KBS:HOSE:HUB,1,1,experiment-20261003T113748Z-acb3a2e7,CAFEF_C8_COMPLETE_ONLY_V1,-1.291759505585012,0.15840746371934855
2024-05-31,KBS:HOSE:HVN,1,1,experiment-20261003T113748Z-acb3a2e7,CAFEF_C8_COMPLETE_ONLY_V1,4.411544938648287,8.982135458928967
2024-05-31,KBS:HOSE:ICT,1,1,experiment-20261003T113748Z-acb3a2e7,CAFEF_C8_COMPLETE_ONLY_V1,-1.29329749610246,0.8976302915337943
2024-05-31,KBS:HOSE:IJC,1,1,experiment-20261003T113748Z-acb3a2e7,CAFEF_C8_COMPLETE_ONLY_V1,0.17487028016643336,0.031260668774426785
2024-05-31,KBS:HOSE:ILB,1,1,experiment-20261003T113748Z-acb3a2e7,CAFEF_C8_COMPLETE_ONLY_V1,-1.5987434500087734,-0.5410133396955569
2024-05-31,KBS:HOSE:ITC,1,1,experiment-20261003T113748Z-acb3a2e7,CAFEF_C8_COMPLETE_ONLY_V1,-1.4256715329267566,-0.8044764950220068
2024-05-31,KBS:HOSE:ITD,1,1,experiment-20261003T113748Z-acb3a2e7,CAFEF_C8_COMPLETE_ONLY_V1,-1.1428617795052975,2.1350423273504755
2024-05-31,KBS:HOSE:JVC,1,1,experiment-20261003T113748Z-acb3a2e7,CAFEF_C8_COMPLETE_ONLY_V1,-1.3871809691091737,0.09008379073750145
2024-05-31,KBS:HOSE:KBC,1,1,experiment-20261003T113748Z-acb3a2e7,CAFEF_C8_COMPLETE_ONLY_V1,3.5606857677848422,-0.9224665295322741
2024-05-31,KBS:HOSE:KDC,1,1,experiment-20261003T113748Z-acb3a2e7,CAFEF_C8_COMPLETE_ONLY_V1,0.7060693786408933,-1.2704462556352887
2024-05-31,KBS:HOSE:KDH,1,1,experiment-20261003T113748Z-acb3a2e7,CAFEF_C8_COMPLETE_ONLY_V1,1.7810078804758034,-0.27713144056297867
2024-05-31,KBS:HOSE:KHP,1,1,experiment-20261003T113748Z-acb3a2e7,CAFEF_C8_COMPLETE_ONLY_V1,-1.4442447118425399,-0.09840351309520265
2024-05-31,KBS:HOSE:KMR,1,1,experiment-20261003T113748Z-acb3a2e7,CAFEF_C8_COMPLETE_ONLY_V1,-1.6495451179131224,-1.0573817979791273
2024-05-31,KBS:HOSE:KOS,1,1,experiment-20261003T113748Z-acb3a2e7,CAFEF_C8_COMPLETE_ONLY_V1,0.13606254596931566,-1.338198984762654
2024-05-31,KBS:HOSE:KSB,1,1,experiment-20261003T113748Z-acb3a2e7,CAFEF_C8_COMPLETE_ONLY_V1,-0.09196147179885368,-0.9472023754698138
2024-05-31,KBS:HOSE:LBM,1,1,experiment-20261003T113748Z-acb3a2e7,CAFEF_C8_COMPLETE_ONLY_V1,-1.5129215731202759,-0.2087619194212464
2024-05-31,KBS:HOSE:LCG,1,1,experiment-20261003T113748Z-acb3a2e7,CAFEF_C8_COMPLETE_ONLY_V1,-0.4945419630867774,-0.9868978678766999
2024-05-31,KBS:HOSE:LDG,1,1,experiment-20261003T113748Z-acb3a2e7,CAFEF_C8_COMPLETE_ONLY_V1,-1.606093521766202,-1.3358552182839376
2024-05-31,KBS:HOSE:LHG,1,1,experiment-20261003T113748Z-acb3a2e7,CAFEF_C8_COMPLETE_ONLY_V1,-1.0955635095975214,0.2841496964726377
2024-05-31,KBS:HOSE:LIX,1,1,experiment-20261003T113748Z-acb3a2e7,CAFEF_C8_COMPLETE_ONLY_V1,-0.9597760762983454,1.190622097959927
2024-05-31,KBS:HOSE:LM8,1,1,experiment-20261003T113748Z-acb3a2e7,CAFEF_C8_COMPLETE_ONLY_V1,-1.5285088451701523,-0.7756193859224481
2024-05-31,KBS:HOSE:LPB,0,0,experiment-20261003T113748Z-acb3a2e7,CAFEF_C8_COMPLETE_ONLY_V1,18.052505897726668,1.1033569540329462
2024-05-31,KBS:HOSE:MBB,0,0,experiment-20261003T113748Z-acb3a2e7,CAFEF_C8_COMPLETE_ONLY_V1,9.751951178582,-2.3341419977068787
2024-05-31,KBS:HOSE:MCP,1,1,experiment-20261003T113748Z-acb3a2e7,CAFEF_C8_COMPLETE_ONLY_V1,-1.901536457473734,-2.7508893503780127
2024-05-31,KBS:HOSE:MDG,1,1,experiment-20261003T113748Z-acb3a2e7,CAFEF_C8_COMPLETE_ONLY_V1,-1.6505435602340168,-0.8057739735252523
2024-05-31,KBS:HOSE:MHC,1,1,experiment-20261003T113748Z-acb3a2e7,CAFEF_C8_COMPLETE_ONLY_V1,-1.2183321658515958,0.1825206436024617
2024-05-31,KBS:HOSE:MIG,1,1,experiment-20261003T113748Z-acb3a2e7,CAFEF_C8_COMPLETE_ONLY_V1,-0.8833620360325013,1.774427554605864
2024-05-31,KBS:HOSE:MSB,1,1,experiment-20261003T113748Z-acb3a2e7,CAFEF_C8_COMPLETE_ONLY_V1,2.699401867007978,-1.3115572829127424
2024-05-31,KBS:HOSE:MSH,1,1,experiment-20261003T113748Z-acb3a2e7,CAFEF_C8_COMPLETE_ONLY_V1,-0.6203632293116687,1.7079630495389315
2024-05-31,KBS:HOSE:MWG,0,0,experiment-20261003T113748Z-acb3a2e7,CAFEF_C8_COMPLETE_ONLY_V1,18.489459572800484,-0.3413806018861391
2024-05-31,KBS:HOSE:NAF,1,1,experiment-20261003T113748Z-acb3a2e7,CAFEF_C8_COMPLETE_ONLY_V1,-0.9825860344285352,1.4115661312647112
2024-05-31,KBS:HOSE:NAV,1,1,experiment-20261003T113748Z-acb3a2e7,CAFEF_C8_COMPLETE_ONLY_V1,-1.2995385320684405,0.8529732903354692
2024-05-31,KBS:HOSE:NBB,1,1,experiment-20261003T113748Z-acb3a2e7,CAFEF_C8_COMPLETE_ONLY_V1,-0.842503843743495,0.515096753052545
2024-05-31,KBS:HOSE:NCT,1,1,experiment-20261003T113748Z-acb3a2e7,CAFEF_C8_COMPLETE_ONLY_V1,-1.5752980655844186,-0.7530646594109869
2024-05-31,KBS:HOSE:NHA,1,1,experiment-20261003T113748Z-acb3a2e7,CAFEF_C8_COMPLETE_ONLY_V1,0.341645189958843,6.143779727658582
2024-05-31,KBS:HOSE:NHT,1,1,experiment-20261003T113748Z-acb3a2e7,CAFEF_C8_COMPLETE_ONLY_V1,-1.5336335877382135,-0.15295214291033501
2024-05-31,KBS:HOSE:NKG,1,1,experiment-20261003T113748Z-acb3a2e7,CAFEF_C8_COMPLETE_ONLY_V1,3.2713239275098944,-0.28910590377912043
2024-05-31,KBS:HOSE:NLG,1,1,experiment-20261003T113748Z-acb3a2e7,CAFEF_C8_COMPLETE_ONLY_V1,2.382575267388072,0.6686755441248751
2024-05-31,KBS:HOSE:NNC,1,1,experiment-20261003T113748Z-acb3a2e7,CAFEF_C8_COMPLETE_ONLY_V1,-1.6819080786046834,-1.3457602130827708
2024-05-31,KBS:HOSE:NVL,0,0,experiment-20261003T113748Z-acb3a2e7,CAFEF_C8_COMPLETE_ONLY_V1,6.072427701431038,-2.960639608184024
2024-05-31,KBS:HOSE:NVT,1,1,experiment-20261003T113748Z-acb3a2e7,CAFEF_C8_COMPLETE_ONLY_V1,-1.5063471432896656,-0.028082800064486917
2024-05-31,KBS:HOSE:OCB,1,1,experiment-20261003T113748Z-acb3a2e7,CAFEF_C8_COMPLETE_ONLY_V1,-0.6905210844113845,-0.34581601830679687
2024-05-31,KBS:HOSE:OGC,1,1,experiment-20261003T113748Z-acb3a2e7,CAFEF_C8_COMPLETE_ONLY_V1,-1.5672290861828673,-0.8979259920696065
2024-05-31,KBS:HOSE:OPC,1,1,experiment-20261003T113748Z-acb3a2e7,CAFEF_C8_COMPLETE_ONLY_V1,-1.5370451871132234,-0.29619925562153465
2024-05-31,KBS:HOSE:PAC,1,1,experiment-20261003T113748Z-acb3a2e7,CAFEF_C8_COMPLETE_ONLY_V1,-0.3482750904458475,6.139961990872113
2024-05-31,KBS:HOSE:PAN,1,1,experiment-20261003T113748Z-acb3a2e7,CAFEF_C8_COMPLETE_ONLY_V1,-0.4250512521881512,0.12760830926663694
2024-05-31,KBS:HOSE:PGC,1,1,experiment-20261003T113748Z-acb3a2e7,CAFEF_C8_COMPLETE_ONLY_V1,-1.4081514498313532,0.4040283438940904
2024-05-31,KBS:HOSE:PGD,1,1,experiment-20261003T113748Z-acb3a2e7,CAFEF_C8_COMPLETE_ONLY_V1,-1.633183846340144,-1.1122837514286608
2024-05-31,KBS:HOSE:PGV,1,1,experiment-20261003T113748Z-acb3a2e7,CAFEF_C8_COMPLETE_ONLY_V1,-1.5661499494907736,-0.586313444045601
2024-05-31,KBS:HOSE:PHR,1,1,experiment-20261003T113748Z-acb3a2e7,CAFEF_C8_COMPLETE_ONLY_V1,-0.4269620645438482,0.6512134566192631
2024-05-31,KBS:HOSE:PJT,1,1,experiment-20261003T113748Z-acb3a2e7,CAFEF_C8_COMPLETE_ONLY_V1,-1.4815875906530909,0.01670877679815714
2024-05-31,KBS:HOSE:PLP,1,1,experiment-20261003T113748Z-acb3a2e7,CAFEF_C8_COMPLETE_ONLY_V1,-1.438113176292599,0.026800373732578518
2024-05-31,KBS:HOSE:PLX,1,1,experiment-20261003T113748Z-acb3a2e7,CAFEF_C8_COMPLETE_ONLY_V1,1.473566104081431,0.7926707148865588
2024-05-31,KBS:HOSE:PNJ,1,1,experiment-20261003T113748Z-acb3a2e7,CAFEF_C8_COMPLETE_ONLY_V1,3.120673457062308,-0.9972023165454762
2024-05-31,KBS:HOSE:PTB,1,1,experiment-20261003T113748Z-acb3a2e7,CAFEF_C8_COMPLETE_ONLY_V1,-0.1575616533574099,1.5481817254795696
2024-05-31,KBS:HOSE:PTC,1,1,experiment-20261003T113748Z-acb3a2e7,CAFEF_C8_COMPLETE_ONLY_V1,-1.5154421722070621,-0.43220843011952415
2024-05-31,KBS:HOSE:PVP,1,1,experiment-20261003T113748Z-acb3a2e7,CAFEF_C8_COMPLETE_ONLY_V1,-0.4479475445496708,1.4779446828325897
2024-05-31,KBS:HOSE:PVT,1,1,experiment-20261003T113748Z-acb3a2e7,CAFEF_C8_COMPLETE_ONLY_V1,3.9653628202918645,1.0752539143368671
2024-05-31,KBS:HOSE:RAL,1,1,experiment-20261003T113748Z-acb3a2e7,CAFEF_C8_COMPLETE_ONLY_V1,-1.3470571339690638,-0.22858137803402045
2024-05-31,KBS:HOSE:S4A,1,1,experiment-20261003T113748Z-acb3a2e7,CAFEF_C8_COMPLETE_ONLY_V1,-1.3727164327803267,0.34354244310330334
2024-05-31,KBS:HOSE:SAB,1,1,experiment-20261003T113748Z-acb3a2e7,CAFEF_C8_COMPLETE_ONLY_V1,0.3397491272876744,-1.308735186280685
2024-05-31,KBS:HOSE:SAM,1,1,experiment-20261003T113748Z-acb3a2e7,CAFEF_C8_COMPLETE_ONLY_V1,-0.9928606603760227,0.3248958659580301
2024-05-31,KBS:HOSE:SAV,1,1,experiment-20261003T113748Z-acb3a2e7,CAFEF_C8_COMPLETE_ONLY_V1,-1.1891270583356328,1.1450849856651613
2024-05-31,KBS:HOSE:SBA,1,1,experiment-20261003T113748Z-acb3a2e7,CAFEF_C8_COMPLETE_ONLY_V1,-1.2961248214629102,0.7498570330065902
2024-05-31,KBS:HOSE:SBV,1,1,experiment-20261003T113748Z-acb3a2e7,CAFEF_C8_COMPLETE_ONLY_V1,-1.615144003201255,-0.7965517374632337
2024-05-31,KBS:HOSE:SC5,1,1,experiment-20261003T113748Z-acb3a2e7,CAFEF_C8_COMPLETE_ONLY_V1,-1.505856309190831,-0.18383733314054665
2024-05-31,KBS:HOSE:SCR,1,1,experiment-20261003T113748Z-acb3a2e7,CAFEF_C8_COMPLETE_ONLY_V1,-1.1234033099194327,-0.43106272071507323
2024-05-31,KBS:HOSE:SCS,1,1,experiment-20261003T113748Z-acb3a2e7,CAFEF_C8_COMPLETE_ONLY_V1,-0.7377394875249181,1.1540467553090212
2024-05-31,KBS:HOSE:SFI,1,1,experiment-20261003T113748Z-acb3a2e7,CAFEF_C8_COMPLETE_ONLY_V1,-1.5859665675300125,-0.8961895553836782
2024-05-31,KBS:HOSE:SGR,1,1,experiment-20261003T113748Z-acb3a2e7,CAFEF_C8_COMPLETE_ONLY_V1,-1.1749571011443827,1.9257750529280597
2024-05-31,KBS:HOSE:SGT,1,1,experiment-20261003T113748Z-acb3a2e7,CAFEF_C8_COMPLETE_ONLY_V1,-0.8795960660583797,0.568245065888805
2024-05-31,KBS:HOSE:SHA,1,1,experiment-20261003T113748Z-acb3a2e7,CAFEF_C8_COMPLETE_ONLY_V1,-1.6535611153876584,-1.2363977108022832
2024-05-31,KBS:HOSE:SHI,1,1,experiment-20261003T113748Z-acb3a2e7,CAFEF_C8_COMPLETE_ONLY_V1,-1.1853069008208845,-0.734005168698423
2024-05-31,KBS:HOSE:SHP,1,1,experiment-20261003T113748Z-acb3a2e7,CAFEF_C8_COMPLETE_ONLY_V1,-1.3572056344460144,0.3571552984112432
2024-05-31,KBS:HOSE:SJD,1,1,experiment-20261003T113748Z-acb3a2e7,CAFEF_C8_COMPLETE_ONLY_V1,-1.4944656661346867,-0.6062975783018032
2024-05-31,KBS:HOSE:SJS,1,1,experiment-20261003T113748Z-acb3a2e7,CAFEF_C8_COMPLETE_ONLY_V1,-1.0178251550885602,-1.8864642980662891
2024-05-31,KBS:HOSE:SMB,1,1,experiment-20261003T113748Z-acb3a2e7,CAFEF_C8_COMPLETE_ONLY_V1,-1.5535826650511053,-0.5775609346805148
2024-05-31,KBS:HOSE:SPM,1,1,experiment-20261003T113748Z-acb3a2e7,CAFEF_C8_COMPLETE_ONLY_V1,-1.5744929085021724,-0.6230092299824119
2024-05-31,KBS:HOSE:SRC,1,1,experiment-20261003T113748Z-acb3a2e7,CAFEF_C8_COMPLETE_ONLY_V1,-1.2590457750646504,1.1525342518371149
2024-05-31,KBS:HOSE:SRF,1,1,experiment-20261003T113748Z-acb3a2e7,CAFEF_C8_COMPLETE_ONLY_V1,-1.351218759969396,0.39509448696409416
2024-05-31,KBS:HOSE:SSB,1,1,experiment-20261003T113748Z-acb3a2e7,CAFEF_C8_COMPLETE_ONLY_V1,-0.3541934990743677,-1.9637973463911764
2024-05-31,KBS:HOSE:STB,0,0,experiment-20261003T113748Z-acb3a2e7,CAFEF_C8_COMPLETE_ONLY_V1,6.116418131010602,-2.5752315601948204
2024-05-31,KBS:HOSE:STG,1,1,experiment-20261003T113748Z-acb3a2e7,CAFEF_C8_COMPLETE_ONLY_V1,-1.747432309520071,-1.3529650504868769
2024-05-31,KBS:HOSE:SVT,1,1,experiment-20261003T113748Z-acb3a2e7,CAFEF_C8_COMPLETE_ONLY_V1,-1.3733981664946706,0.4375622691148746
2024-05-31,KBS:HOSE:TCB,0,0,experiment-20261003T113748Z-acb3a2e7,CAFEF_C8_COMPLETE_ONLY_V1,13.143308485648841,-0.9995785327510824
2024-05-31,KBS:HOSE:TCL,1,1,experiment-20261003T113748Z-acb3a2e7,CAFEF_C8_COMPLETE_ONLY_V1,-1.5862817308010249,-1.0237494097564832
2024-05-31,KBS:HOSE:TCM,1,1,experiment-20261003T113748Z-acb3a2e7,CAFEF_C8_COMPLETE_ONLY_V1,2.1573343076988434,1.5357606395216197
2024-05-31,KBS:HOSE:TCO,1,1,experiment-20261003T113748Z-acb3a2e7,CAFEF_C8_COMPLETE_ONLY_V1,-1.211575815505284,0.9619932691048555
2024-05-31,KBS:HOSE:TCR,1,1,experiment-20261003T113748Z-acb3a2e7,CAFEF_C8_COMPLETE_ONLY_V1,-1.4685186369238017,-0.3139017879785836
2024-05-31,KBS:HOSE:TDC,1,1,experiment-20261003T113748Z-acb3a2e7,CAFEF_C8_COMPLETE_ONLY_V1,-1.6313344182920029,-1.1201757444628555
2024-05-31,KBS:HOSE:TDG,1,1,experiment-20261003T113748Z-acb3a2e7,CAFEF_C8_COMPLETE_ONLY_V1,-1.4186901597112327,0.3294097485192516
2024-05-31,KBS:HOSE:TDP,1,1,experiment-20261003T113748Z-acb3a2e7,CAFEF_C8_COMPLETE_ONLY_V1,-1.4173953468145013,-0.20615620487836867
2024-05-31,KBS:HOSE:TIP,1,1,experiment-20261003T113748Z-acb3a2e7,CAFEF_C8_COMPLETE_ONLY_V1,-1.2128814001870112,-0.733111706244448
2024-05-31,KBS:HOSE:TLG,1,1,experiment-20261003T113748Z-acb3a2e7,CAFEF_C8_COMPLETE_ONLY_V1,-1.3711559330770022,-0.15726626693462656
2024-05-31,KBS:HOSE:TLH,1,1,experiment-20261003T113748Z-acb3a2e7,CAFEF_C8_COMPLETE_ONLY_V1,-1.2453191357213067,-0.04297793285923482
2024-05-31,KBS:HOSE:TMS,1,1,experiment-20261003T113748Z-acb3a2e7,CAFEF_C8_COMPLETE_ONLY_V1,-1.4119587892096885,-0.4253814354121335
2024-05-31,KBS:HOSE:TN1,1,1,experiment-20261003T113748Z-acb3a2e7,CAFEF_C8_COMPLETE_ONLY_V1,-1.6144361351064505,-0.8770843049457279
2024-05-31,KBS:HOSE:TNC,1,1,experiment-20261003T113748Z-acb3a2e7,CAFEF_C8_COMPLETE_ONLY_V1,-1.832975029133671,-2.0762417212541227
2024-05-31,KBS:HOSE:TNH,1,1,experiment-20261003T113748Z-acb3a2e7,CAFEF_C8_COMPLETE_ONLY_V1,-1.21292271490524,-0.7272397807895582
2024-05-31,KBS:HOSE:TNI,1,1,experiment-20261003T113748Z-acb3a2e7,CAFEF_C8_COMPLETE_ONLY_V1,-1.6479391347382242,-0.9638167125576759
2024-05-31,KBS:HOSE:TNT,1,1,experiment-20261003T113748Z-acb3a2e7,CAFEF_C8_COMPLETE_ONLY_V1,-1.3247630646180202,-0.25524150454806
2024-05-31,KBS:HOSE:TRA,1,1,experiment-20261003T113748Z-acb3a2e7,CAFEF_C8_COMPLETE_ONLY_V1,-1.6601941882662046,-0.9199806289064077
2024-05-31,KBS:HOSE:TRC,1,1,experiment-20261003T113748Z-acb3a2e7,CAFEF_C8_COMPLETE_ONLY_V1,-1.185951643544727,0.9114876980068125
2024-05-31,KBS:HOSE:TTE,1,1,experiment-20261003T113748Z-acb3a2e7,CAFEF_C8_COMPLETE_ONLY_V1,-1.727753306506764,-1.217698231598191
2024-05-31,KBS:HOSE:TV2,1,1,experiment-20261003T113748Z-acb3a2e7,CAFEF_C8_COMPLETE_ONLY_V1,-0.03852784480253044,2.224468521406565
2024-05-31,KBS:HOSE:TVB,1,1,experiment-20261003T113748Z-acb3a2e7,CAFEF_C8_COMPLETE_ONLY_V1,-0.7622663690483694,2.278840655133116
2024-05-31,KBS:HOSE:UIC,1,1,experiment-20261003T113748Z-acb3a2e7,CAFEF_C8_COMPLETE_ONLY_V1,-1.4253566182172022,0.13992229707595094
2024-05-31,KBS:HOSE:VCA,1,1,experiment-20261003T113748Z-acb3a2e7,CAFEF_C8_COMPLETE_ONLY_V1,-1.5241058715831883,-0.39763032530441644
2024-05-31,KBS:HOSE:VDS,1,1,experiment-20261003T113748Z-acb3a2e7,CAFEF_C8_COMPLETE_ONLY_V1,0.5386430434459295,3.714507315644019
2024-05-31,KBS:HOSE:VFG,1,1,experiment-20261003T113748Z-acb3a2e7,CAFEF_C8_COMPLETE_ONLY_V1,-0.6003695861424805,2.8915313156617914
2024-05-31,KBS:HOSE:VGC,1,1,experiment-20261003T113748Z-acb3a2e7,CAFEF_C8_COMPLETE_ONLY_V1,-0.388972200788263,-0.03653797884640575
2024-05-31,KBS:HOSE:VHM,0,0,experiment-20261003T113748Z-acb3a2e7,CAFEF_C8_COMPLETE_ONLY_V1,10.029023647552252,-4.0111264276577625
2024-05-31,KBS:HOSE:VIP,1,1,experiment-20261003T113748Z-acb3a2e7,CAFEF_C8_COMPLETE_ONLY_V1,-0.5606179553251147,3.452376828568627
2024-05-31,KBS:HOSE:VIX,0,0,experiment-20261003T113748Z-acb3a2e7,CAFEF_C8_COMPLETE_ONLY_V1,8.871479097541176,-1.1147994115396282
2024-05-31,KBS:HOSE:VJC,1,1,experiment-20261003T113748Z-acb3a2e7,CAFEF_C8_COMPLETE_ONLY_V1,1.656079332494767,-1.0596227173934547
2024-05-31,KBS:HOSE:VND,0,0,experiment-20261003T113748Z-acb3a2e7,CAFEF_C8_COMPLETE_ONLY_V1,6.451565014100207,-2.328921960320094
2024-05-31,KBS:HOSE:VNG,1,1,experiment-20261003T113748Z-acb3a2e7,CAFEF_C8_COMPLETE_ONLY_V1,-1.62594605474453,-1.104248373491382
2024-05-31,KBS:HOSE:VOS,1,1,experiment-20261003T113748Z-acb3a2e7,CAFEF_C8_COMPLETE_ONLY_V1,0.9420263852712825,3.8910677211297195
2024-05-31,KBS:HOSE:VPB,0,0,experiment-20261003T113748Z-acb3a2e7,CAFEF_C8_COMPLETE_ONLY_V1,8.035395352043288,-2.5373072992345773
2024-05-31,KBS:HOSE:VPS,1,1,experiment-20261003T113748Z-acb3a2e7,CAFEF_C8_COMPLETE_ONLY_V1,-1.6298752812064186,-0.9900547936323393
2024-05-31,KBS:HOSE:VSH,1,1,experiment-20261003T113748Z-acb3a2e7,CAFEF_C8_COMPLETE_ONLY_V1,-1.4220069423016144,-0.008387556127507655
2024-05-31,KBS:HOSE:VSI,1,1,experiment-20261003T113748Z-acb3a2e7,CAFEF_C8_COMPLETE_ONLY_V1,-1.6006544491259367,-0.8317219223500026
2024-05-31,KBS:UPCOM:GMC,1,1,experiment-20261003T113748Z-acb3a2e7,CAFEF_C8_COMPLETE_ONLY_V1,-1.5280059825931553,-0.4700563843977277
2024-05-31,KBS:UPCOM:HBC,1,1,experiment-20261003T113748Z-acb3a2e7,CAFEF_C8_COMPLETE_ONLY_V1,-1.311416891997813,-0.7894679079385063
2024-05-31,KBS:UPCOM:HNG,1,1,experiment-20261003T113748Z-acb3a2e7,CAFEF_C8_COMPLETE_ONLY_V1,-1.0830484022607152,0.1598318473994573
2024-06-28,KBS:HOSE:AAM,0,1,experiment-20261003T113748Z-acb3a2e7,CAFEF_C8_COMPLETE_ONLY_V1,-1.654435884158568,-1.5762347709666675
2024-06-28,KBS:HOSE:ABS,0,1,experiment-20261003T113748Z-acb3a2e7,CAFEF_C8_COMPLETE_ONLY_V1,-1.575341877805654,-1.606194769801963
2024-06-28,KBS:HOSE:ABT,0,1,experiment-20261003T113748Z-acb3a2e7,CAFEF_C8_COMPLETE_ONLY_V1,-1.4842535897732836,0.10866361347511656
2024-06-28,KBS:HOSE:ACC,0,1,experiment-20261003T113748Z-acb3a2e7,CAFEF_C8_COMPLETE_ONLY_V1,-1.4846559612254122,-0.33957033556584404
2024-06-28,KBS:HOSE:ACL,0,1,experiment-20261003T113748Z-acb3a2e7,CAFEF_C8_COMPLETE_ONLY_V1,-1.5003319524683014,-0.17713068826968673
2024-06-28,KBS:HOSE:ADS,0,1,experiment-20261003T113748Z-acb3a2e7,CAFEF_C8_COMPLETE_ONLY_V1,-1.060944799605327,-1.2502394205335803
2024-06-28,KBS:HOSE:AGG,0,1,experiment-20261003T113748Z-acb3a2e7,CAFEF_C8_COMPLETE_ONLY_V1,-0.5877689508204937,-1.3700375221005756
2024-06-28,KBS:HOSE:AGR,0,1,experiment-20261003T113748Z-acb3a2e7,CAFEF_C8_COMPLETE_ONLY_V1,-0.19506530610072356,-1.2690871411616624
2024-06-28,KBS:HOSE:ANV,0,1,experiment-20261003T113748Z-acb3a2e7,CAFEF_C8_COMPLETE_ONLY_V1,0.32326600036988845,-0.8600065854373871
2024-06-28,KBS:HOSE:APG,0,1,experiment-20261003T113748Z-acb3a2e7,CAFEF_C8_COMPLETE_ONLY_V1,-1.314193240455014,-1.0950020975943286
2024-06-28,KBS:HOSE:APH,0,1,experiment-20261003T113748Z-acb3a2e7,CAFEF_C8_COMPLETE_ONLY_V1,-0.6095100914529867,-0.36336244632391734
2024-06-28,KBS:HOSE:ASM,0,1,experiment-20261003T113748Z-acb3a2e7,CAFEF_C8_COMPLETE_ONLY_V1,-0.5544231145863605,-1.454758284532563
2024-06-28,KBS:HOSE:ASP,0,1,experiment-20261003T113748Z-acb3a2e7,CAFEF_C8_COMPLETE_ONLY_V1,-1.5993185647565844,-0.9343107627519619
2024-06-28,KBS:HOSE:AST,0,1,experiment-20261003T113748Z-acb3a2e7,CAFEF_C8_COMPLETE_ONLY_V1,-1.344798289871938,0.9215602332872291
2024-06-28,KBS:HOSE:BCM,0,1,experiment-20261003T113748Z-acb3a2e7,CAFEF_C8_COMPLETE_ONLY_V1,0.05349343437106808,-0.6834912700923783
2024-06-28,KBS:HOSE:BFC,0,1,experiment-20261003T113748Z-acb3a2e7,CAFEF_C8_COMPLETE_ONLY_V1,-0.2987828041863531,2.693564736008324
2024-06-28,KBS:HOSE:BHN,0,1,experiment-20261003T113748Z-acb3a2e7,CAFEF_C8_COMPLETE_ONLY_V1,-1.5517894397063172,-0.2856897544381548
2024-06-28,KBS:HOSE:BIC,0,1,experiment-20261003T113748Z-acb3a2e7,CAFEF_C8_COMPLETE_ONLY_V1,-1.1954767558644157,1.9596385277149266
2024-06-28,KBS:HOSE:BKG,0,1,experiment-20261003T113748Z-acb3a2e7,CAFEF_C8_COMPLETE_ONLY_V1,-1.5756186479397376,-1.293490539479811
2024-06-28,KBS:HOSE:BMI,0,1,experiment-20261003T113748Z-acb3a2e7,CAFEF_C8_COMPLETE_ONLY_V1,-1.0638371750508553,0.03635993569616258
2024-06-28,KBS:HOSE:BTP,0,1,experiment-20261003T113748Z-acb3a2e7,CAFEF_C8_COMPLETE_ONLY_V1,-1.5019227043038061,-0.77223748715242
2024-06-28,KBS:HOSE:BVH,0,1,experiment-20261003T113748Z-acb3a2e7,CAFEF_C8_COMPLETE_ONLY_V1,-0.28063522673162994,0.15144833297959653
2024-06-28,KBS:HOSE:C32,0,1,experiment-20261003T113748Z-acb3a2e7,CAFEF_C8_COMPLETE_ONLY_V1,-1.5436966916946713,-0.451838123716266
2024-06-28,KBS:HOSE:CCI,0,1,experiment-20261003T113748Z-acb3a2e7,CAFEF_C8_COMPLETE_ONLY_V1,-1.5493989520446,-0.4916310378252989
2024-06-28,KBS:HOSE:CCL,0,1,experiment-20261003T113748Z-acb3a2e7,CAFEF_C8_COMPLETE_ONLY_V1,-0.9109633260901525,0.6042686748335864
2024-06-28,KBS:HOSE:CDC,0,1,experiment-20261003T113748Z-acb3a2e7,CAFEF_C8_COMPLETE_ONLY_V1,-1.2047957769262905,-0.3599449601761094
2024-06-28,KBS:HOSE:CHP,0,1,experiment-20261003T113748Z-acb3a2e7,CAFEF_C8_COMPLETE_ONLY_V1,-1.2875007402377916,1.3590152250584902
2024-06-28,KBS:HOSE:CIG,0,1,experiment-20261003T113748Z-acb3a2e7,CAFEF_C8_COMPLETE_ONLY_V1,-1.6906364713092499,-2.315866418905916
2024-06-28,KBS:HOSE:CII,0,1,experiment-20261003T113748Z-acb3a2e7,CAFEF_C8_COMPLETE_ONLY_V1,0.6018219394158876,-1.8564888989985504
2024-06-28,KBS:HOSE:CKG,0,1,experiment-20261003T113748Z-acb3a2e7,CAFEF_C8_COMPLETE_ONLY_V1,-1.1274377675238503,1.3897986328430758
2024-06-28,KBS:HOSE:CLC,0,1,experiment-20261003T113748Z-acb3a2e7,CAFEF_C8_COMPLETE_ONLY_V1,-1.3419051194869804,1.101578069468222
2024-06-28,KBS:HOSE:CMV,0,1,experiment-20261003T113748Z-acb3a2e7,CAFEF_C8_COMPLETE_ONLY_V1,-1.4478983508110865,0.4553895571354687
2024-06-28,KBS:HOSE:CMX,0,1,experiment-20261003T113748Z-acb3a2e7,CAFEF_C8_COMPLETE_ONLY_V1,-1.027592440102208,0.7737750807232405
2024-06-28,KBS:HOSE:CNG,0,1,experiment-20261003T113748Z-acb3a2e7,CAFEF_C8_COMPLETE_ONLY_V1,-1.0756876584218351,-0.43129417078026355
2024-06-28,KBS:HOSE:CRC,0,1,experiment-20261003T113748Z-acb3a2e7,CAFEF_C8_COMPLETE_ONLY_V1,-1.4752411535337557,-0.0956751757155875
2024-06-28,KBS:HOSE:CRE,0,1,experiment-20261003T113748Z-acb3a2e7,CAFEF_C8_COMPLETE_ONLY_V1,-1.5090292257620745,-1.0996452457518247
2024-06-28,KBS:HOSE:CSV,0,1,experiment-20261003T113748Z-acb3a2e7,CAFEF_C8_COMPLETE_ONLY_V1,0.513270570603906,1.9909111425882777
2024-06-28,KBS:HOSE:CTD,0,1,experiment-20261003T113748Z-acb3a2e7,CAFEF_C8_COMPLETE_ONLY_V1,1.54739009538762,-0.6557259999875035
2024-06-28,KBS:HOSE:CTF,0,1,experiment-20261003T113748Z-acb3a2e7,CAFEF_C8_COMPLETE_ONLY_V1,-1.1837473187269878,0.5949839366800402
2024-06-28,KBS:HOSE:CTI,0,1,experiment-20261003T113748Z-acb3a2e7,CAFEF_C8_COMPLETE_ONLY_V1,-0.9786628682089817,-0.4270603700291327
2024-06-28,KBS:HOSE:CTR,0,1,experiment-20261003T113748Z-acb3a2e7,CAFEF_C8_COMPLETE_ONLY_V1,1.4057648394566615,1.6898089586124803
2024-06-28,KBS:HOSE:CTS,0,1,experiment-20261003T113748Z-acb3a2e7,CAFEF_C8_COMPLETE_ONLY_V1,0.5502546494125647,0.30531212597190555
2024-06-28,KBS:HOSE:CVT,0,1,experiment-20261003T113748Z-acb3a2e7,CAFEF_C8_COMPLETE_ONLY_V1,-1.5283464799364894,-1.1667204262818403
2024-06-28,KBS:HOSE:D2D,0,1,experiment-20261003T113748Z-acb3a2e7,CAFEF_C8_COMPLETE_ONLY_V1,-1.0699597449250082,2.409737375183086
2024-06-28,KBS:HOSE:DAH,0,1,experiment-20261003T113748Z-acb3a2e7,CAFEF_C8_COMPLETE_ONLY_V1,-1.5640163796830053,-0.9831775017558563
2024-06-28,KBS:HOSE:DBC,0,1,experiment-20261003T113748Z-acb3a2e7,CAFEF_C8_COMPLETE_ONLY_V1,4.702971808402383,-0.011852293868298449
2024-06-28,KBS:HOSE:DBD,0,1,experiment-20261003T113748Z-acb3a2e7,CAFEF_C8_COMPLETE_ONLY_V1,-1.2959303486549534,-1.2420461569897834
2024-06-28,KBS:HOSE:DC4,0,1,experiment-20261003T113748Z-acb3a2e7,CAFEF_C8_COMPLETE_ONLY_V1,-1.2703267570563592,0.40739699833147025
2024-06-28,KBS:HOSE:DCL,0,1,experiment-20261003T113748Z-acb3a2e7,CAFEF_C8_COMPLETE_ONLY_V1,-1.0538853223053077,0.9200678455932945
2024-06-28,KBS:HOSE:DCM,0,1,experiment-20261003T113748Z-acb3a2e7,CAFEF_C8_COMPLETE_ONLY_V1,4.233793693786588,0.18170526081631633
2024-06-28,KBS:HOSE:DGC,1,0,experiment-20261003T113748Z-acb3a2e7,CAFEF_C8_COMPLETE_ONLY_V1,11.98229114308403,-0.32086144565665564
2024-06-28,KBS:HOSE:DGW,0,1,experiment-20261003T113748Z-acb3a2e7,CAFEF_C8_COMPLETE_ONLY_V1,1.6435618157766911,-0.5584319599383778
2024-06-28,KBS:HOSE:DHA,0,1,experiment-20261003T113748Z-acb3a2e7,CAFEF_C8_COMPLETE_ONLY_V1,-1.3900421416261783,-0.6900926390306316
2024-06-28,KBS:HOSE:DHC,0,1,experiment-20261003T113748Z-acb3a2e7,CAFEF_C8_COMPLETE_ONLY_V1,-0.8901844300109906,-0.9809614673512635
2024-06-28,KBS:HOSE:DLG,0,1,experiment-20261003T113748Z-acb3a2e7,CAFEF_C8_COMPLETE_ONLY_V1,-1.6481716764913976,-2.5797093750948976
2024-06-28,KBS:HOSE:DMC,0,1,experiment-20261003T113748Z-acb3a2e7,CAFEF_C8_COMPLETE_ONLY_V1,-1.5246998728403678,-0.2005407168685571
2024-06-28,KBS:HOSE:DPG,0,1,experiment-20261003T113748Z-acb3a2e7,CAFEF_C8_COMPLETE_ONLY_V1,0.7422149582094326,1.008792063372949
2024-06-28,KBS:HOSE:DQC,0,1,experiment-20261003T113748Z-acb3a2e7,CAFEF_C8_COMPLETE_ONLY_V1,-1.5598783641413783,-0.801196045781295
2024-06-28,KBS:HOSE:DRC,0,1,experiment-20261003T113748Z-acb3a2e7,CAFEF_C8_COMPLETE_ONLY_V1,0.3704120829355538,0.9864870763073075
2024-06-28,KBS:HOSE:DRH,0,1,experiment-20261003T113748Z-acb3a2e7,CAFEF_C8_COMPLETE_ONLY_V1,-1.743462206614506,-3.0691701137120906
2024-06-28,KBS:HOSE:DSN,0,1,experiment-20261003T113748Z-acb3a2e7,CAFEF_C8_COMPLETE_ONLY_V1,-1.4499430386479495,0.06020203544456474
2024-06-28,KBS:HOSE:DTA,0,1,experiment-20261003T113748Z-acb3a2e7,CAFEF_C8_COMPLETE_ONLY_V1,-1.7143832910240027,-1.7336360748110695
2024-06-28,KBS:HOSE:DTL,0,1,experiment-20261003T113748Z-acb3a2e7,CAFEF_C8_COMPLETE_ONLY_V1,-1.7153262702132084,-1.4592924255429036
2024-06-28,KBS:HOSE:DTT,0,1,experiment-20261003T113748Z-acb3a2e7,CAFEF_C8_COMPLETE_ONLY_V1,-1.4684044823004907,-0.09243037473354429
2024-06-28,KBS:HOSE:DVP,0,1,experiment-20261003T113748Z-acb3a2e7,CAFEF_C8_COMPLETE_ONLY_V1,-1.3426141574791837,1.0248967087268197
2024-06-28,KBS:HOSE:DXG,0,1,experiment-20261003T113748Z-acb3a2e7,CAFEF_C8_COMPLETE_ONLY_V1,0.9363101670527838,-2.015294848113694
2024-06-28,KBS:HOSE:DXV,0,1,experiment-20261003T113748Z-acb3a2e7,CAFEF_C8_COMPLETE_ONLY_V1,-1.29270756682288,2.6503589073149842
2024-06-28,KBS:HOSE:EVE,0,1,experiment-20261003T113748Z-acb3a2e7,CAFEF_C8_COMPLETE_ONLY_V1,-1.5024842211524148,-0.47305984498703
2024-06-28,KBS:HOSE:EVG,0,1,experiment-20261003T113748Z-acb3a2e7,CAFEF_C8_COMPLETE_ONLY_V1,-0.6109635931118249,0.5769097670981201
2024-06-28,KBS:HOSE:FCM,0,1,experiment-20261003T113748Z-acb3a2e7,CAFEF_C8_COMPLETE_ONLY_V1,-1.621706338423619,-1.4182536305088378
2024-06-28,KBS:HOSE:FCN,0,1,experiment-20261003T113748Z-acb3a2e7,CAFEF_C8_COMPLETE_ONLY_V1,-1.2228884732083483,-0.8249564143910453
2024-06-28,KBS:HOSE:FDC,0,1,experiment-20261003T113748Z-acb3a2e7,CAFEF_C8_COMPLETE_ONLY_V1,-1.3732511427556753,-1.1963199552372659
2024-06-28,KBS:HOSE:FIR,0,1,experiment-20261003T113748Z-acb3a2e7,CAFEF_C8_COMPLETE_ONLY_V1,-1.8347774881653387,-4.449498288349493
2024-06-28,KBS:HOSE:FIT,0,1,experiment-20261003T113748Z-acb3a2e7,CAFEF_C8_COMPLETE_ONLY_V1,-1.4741484604461508,-1.3877735683831853
2024-06-28,KBS:HOSE:FMC,0,1,experiment-20261003T113748Z-acb3a2e7,CAFEF_C8_COMPLETE_ONLY_V1,-1.3560057952985942,0.0020780046106841595
2024-06-28,KBS:HOSE:FPT,1,0,experiment-20261003T113748Z-acb3a2e7,CAFEF_C8_COMPLETE_ONLY_V1,26.278464965991898,0.9079460649374351
2024-06-28,KBS:HOSE:FRT,0,1,experiment-20261003T113748Z-acb3a2e7,CAFEF_C8_COMPLETE_ONLY_V1,2.134212846009685,3.042202072395147
2024-06-28,KBS:HOSE:FTS,0,1,experiment-20261003T113748Z-acb3a2e7,CAFEF_C8_COMPLETE_ONLY_V1,1.2448274148761589,-0.26109089188933576
2024-06-28,KBS:HOSE:GDT,0,1,experiment-20261003T113748Z-acb3a2e7,CAFEF_C8_COMPLETE_ONLY_V1,-1.3552890071756993,0.2898171856368294
2024-06-28,KBS:HOSE:GEG,0,1,experiment-20261003T113748Z-acb3a2e7,CAFEF_C8_COMPLETE_ONLY_V1,-1.1379832916415131,-0.2683271873187188
2024-06-28,KBS:HOSE:GIL,0,1,experiment-20261003T113748Z-acb3a2e7,CAFEF_C8_COMPLETE_ONLY_V1,-0.5260069002424865,-0.7260689601630725
2024-06-28,KBS:HOSE:GMD,0,1,experiment-20261003T113748Z-acb3a2e7,CAFEF_C8_COMPLETE_ONLY_V1,2.4060709405168916,0.41553514869241537
2024-06-28,KBS:HOSE:HAG,0,1,experiment-20261003T113748Z-acb3a2e7,CAFEF_C8_COMPLETE_ONLY_V1,3.1506867574224358,-1.62636922313831
2024-06-28,KBS:HOSE:HAP,0,1,experiment-20261003T113748Z-acb3a2e7,CAFEF_C8_COMPLETE_ONLY_V1,-1.5188396400783277,-0.6996535296090831
2024-06-28,KBS:HOSE:HAR,0,1,experiment-20261003T113748Z-acb3a2e7,CAFEF_C8_COMPLETE_ONLY_V1,-1.51200584310552,-1.175593462469332
2024-06-28,KBS:HOSE:HAS,0,1,experiment-20261003T113748Z-acb3a2e7,CAFEF_C8_COMPLETE_ONLY_V1,-1.310824711245978,1.7364577673433363
2024-06-28,KBS:HOSE:HAX,0,1,experiment-20261003T113748Z-acb3a2e7,CAFEF_C8_COMPLETE_ONLY_V1,-0.8418067922375011,1.3458967020238484
2024-06-28,KBS:HOSE:HCM,0,1,experiment-20261003T113748Z-acb3a2e7,CAFEF_C8_COMPLETE_ONLY_V1,4.5961297052737615,-1.2344031728543026
2024-06-28,KBS:HOSE:HDC,0,1,experiment-20261003T113748Z-acb3a2e7,CAFEF_C8_COMPLETE_ONLY_V1,0.7073811149185063,-1.527462395970741
2024-06-28,KBS:HOSE:HHP,0,1,experiment-20261003T113748Z-acb3a2e7,CAFEF_C8_COMPLETE_ONLY_V1,-1.5116780040607036,-1.358501915421024
2024-06-28,KBS:HOSE:HHV,0,1,experiment-20261003T113748Z-acb3a2e7,CAFEF_C8_COMPLETE_ONLY_V1,-0.035295891669385016,-2.369772567996354
2024-06-28,KBS:HOSE:HID,0,1,experiment-20261003T113748Z-acb3a2e7,CAFEF_C8_COMPLETE_ONLY_V1,-1.46934179381252,0.2548011799521639
2024-06-28,KBS:HOSE:HII,0,1,experiment-20261003T113748Z-acb3a2e7,CAFEF_C8_COMPLETE_ONLY_V1,-1.4361846050164786,-0.5267814417828525
2024-06-28,KBS:HOSE:HMC,0,1,experiment-20261003T113748Z-acb3a2e7,CAFEF_C8_COMPLETE_ONLY_V1,-1.450771418141065,0.3725197563010466
2024-06-28,KBS:HOSE:HQC,0,1,experiment-20261003T113748Z-acb3a2e7,CAFEF_C8_COMPLETE_ONLY_V1,-1.099843284705014,-2.0850631730985327
2024-06-28,KBS:HOSE:HRC,0,1,experiment-20261003T113748Z-acb3a2e7,CAFEF_C8_COMPLETE_ONLY_V1,-1.6104000205114184,-1.1724158631522679
2024-06-28,KBS:HOSE:HSG,1,0,experiment-20261003T113748Z-acb3a2e7,CAFEF_C8_COMPLETE_ONLY_V1,9.62925472039942,-0.2353011074339379
2024-06-28,KBS:HOSE:HSL,0,1,experiment-20261003T113748Z-acb3a2e7,CAFEF_C8_COMPLETE_ONLY_V1,-1.7586490789676237,-2.669310699829223
2024-06-28,KBS:HOSE:HTI,0,1,experiment-20261003T113748Z-acb3a2e7,CAFEF_C8_COMPLETE_ONLY_V1,-1.4928157931444448,-0.21997560474988898
2024-06-28,KBS:HOSE:HTL,0,1,experiment-20261003T113748Z-acb3a2e7,CAFEF_C8_COMPLETE_ONLY_V1,-1.1641779169187436,4.083060073629592
2024-06-28,KBS:HOSE:HTN,0,1,experiment-20261003T113748Z-acb3a2e7,CAFEF_C8_COMPLETE_ONLY_V1,-1.2112579486811694,-2.7986021987157894
2024-06-28,KBS:HOSE:HTV,0,1,experiment-20261003T113748Z-acb3a2e7,CAFEF_C8_COMPLETE_ONLY_V1,-1.5383161058685506,-0.13142230649408398
2024-06-28,KBS:HOSE:HUB,0,1,experiment-20261003T113748Z-acb3a2e7,CAFEF_C8_COMPLETE_ONLY_V1,-1.3960276810744807,-0.2161716765723455
2024-06-28,KBS:HOSE:HVN,0,1,experiment-20261003T113748Z-acb3a2e7,CAFEF_C8_COMPLETE_ONLY_V1,4.457872436055113,10.062920381546412
2024-06-28,KBS:HOSE:ICT,0,1,experiment-20261003T113748Z-acb3a2e7,CAFEF_C8_COMPLETE_ONLY_V1,-1.1711418863221967,2.3693535420776124
2024-06-28,KBS:HOSE:IJC,0,1,experiment-20261003T113748Z-acb3a2e7,CAFEF_C8_COMPLETE_ONLY_V1,0.7977921826168988,-0.5582151372844192
2024-06-28,KBS:HOSE:ILB,0,1,experiment-20261003T113748Z-acb3a2e7,CAFEF_C8_COMPLETE_ONLY_V1,-1.4745851740561602,0.8507797872800585
2024-06-28,KBS:HOSE:ITC,0,1,experiment-20261003T113748Z-acb3a2e7,CAFEF_C8_COMPLETE_ONLY_V1,-1.200219229325116,-0.151278344618832
2024-06-28,KBS:HOSE:ITD,0,1,experiment-20261003T113748Z-acb3a2e7,CAFEF_C8_COMPLETE_ONLY_V1,-0.70312323371744,6.0936945769432915
2024-06-28,KBS:HOSE:JVC,0,1,experiment-20261003T113748Z-acb3a2e7,CAFEF_C8_COMPLETE_ONLY_V1,-1.4606962162419181,-0.592337099178918
2024-06-28,KBS:HOSE:KBC,0,1,experiment-20261003T113748Z-acb3a2e7,CAFEF_C8_COMPLETE_ONLY_V1,2.5280836375484284,-2.1133483732447274
2024-06-28,KBS:HOSE:KDC,0,1,experiment-20261003T113748Z-acb3a2e7,CAFEF_C8_COMPLETE_ONLY_V1,0.7939372882909291,-1.3179930534306707
2024-06-28,KBS:HOSE:KDH,0,1,experiment-20261003T113748Z-acb3a2e7,CAFEF_C8_COMPLETE_ONLY_V1,1.9335587457564396,-0.08443164772897696
2024-06-28,KBS:HOSE:KHP,0,1,experiment-20261003T113748Z-acb3a2e7,CAFEF_C8_COMPLETE_ONLY_V1,-1.4210110277153754,0.453975120196402
2024-06-28,KBS:HOSE:KMR,0,1,experiment-20261003T113748Z-acb3a2e7,CAFEF_C8_COMPLETE_ONLY_V1,-1.5540436640485362,-0.5542038452831755
2024-06-28,KBS:HOSE:KOS,0,1,experiment-20261003T113748Z-acb3a2e7,CAFEF_C8_COMPLETE_ONLY_V1,1.114045588383436,-0.39693424626280865
2024-06-28,KBS:HOSE:KSB,0,1,experiment-20261003T113748Z-acb3a2e7,CAFEF_C8_COMPLETE_ONLY_V1,-0.12246475509345868,-2.5996326451276572
2024-06-28,KBS:HOSE:LAF,0,1,experiment-20261003T113748Z-acb3a2e7,CAFEF_C8_COMPLETE_ONLY_V1,-1.3329884421936669,1.439047824023298
2024-06-28,KBS:HOSE:LBM,0,1,experiment-20261003T113748Z-acb3a2e7,CAFEF_C8_COMPLETE_ONLY_V1,-1.4266633537193754,1.265230875369516
2024-06-28,KBS:HOSE:LCG,0,1,experiment-20261003T113748Z-acb3a2e7,CAFEF_C8_COMPLETE_ONLY_V1,-0.7794597278003469,-2.1182677616216314
2024-06-28,KBS:HOSE:LDG,0,1,experiment-20261003T113748Z-acb3a2e7,CAFEF_C8_COMPLETE_ONLY_V1,-1.51367262475315,-1.7176577176405563
2024-06-28,KBS:HOSE:LHG,0,1,experiment-20261003T113748Z-acb3a2e7,CAFEF_C8_COMPLETE_ONLY_V1,-0.998473488766108,0.8161891037041705
2024-06-28,KBS:HOSE:LIX,0,1,experiment-20261003T113748Z-acb3a2e7,CAFEF_C8_COMPLETE_ONLY_V1,-1.1927300592055416,1.547297633368877
2024-06-28,KBS:HOSE:LM8,0,1,experiment-20261003T113748Z-acb3a2e7,CAFEF_C8_COMPLETE_ONLY_V1,-1.4849337764701012,-0.15608860003124103
2024-06-28,KBS:HOSE:LPB,1,0,experiment-20261003T113748Z-acb3a2e7,CAFEF_C8_COMPLETE_ONLY_V1,21.01718641579145,3.104010865014934
2024-06-28,KBS:HOSE:MBB,1,0,experiment-20261003T113748Z-acb3a2e7,CAFEF_C8_COMPLETE_ONLY_V1,8.933439323880059,-0.9294092109556319
2024-06-28,KBS:HOSE:MCP,0,1,experiment-20261003T113748Z-acb3a2e7,CAFEF_C8_COMPLETE_ONLY_V1,-1.651073477648504,-1.3793400755826923
2024-06-28,KBS:HOSE:MDG,0,1,experiment-20261003T113748Z-acb3a2e7,CAFEF_C8_COMPLETE_ONLY_V1,-1.6342045626198076,-0.37610009484406765
2024-06-28,KBS:HOSE:MHC,0,1,experiment-20261003T113748Z-acb3a2e7,CAFEF_C8_COMPLETE_ONLY_V1,-1.3023516650319815,-0.5499472072684386
2024-06-28,KBS:HOSE:MIG,0,1,experiment-20261003T113748Z-acb3a2e7,CAFEF_C8_COMPLETE_ONLY_V1,-0.8336944789378123,1.9201633994847809
2024-06-28,KBS:HOSE:MSB,0,1,experiment-20261003T113748Z-acb3a2e7,CAFEF_C8_COMPLETE_ONLY_V1,5.2928844324091475,-0.8461368794372771
2024-06-28,KBS:HOSE:MSH,0,1,experiment-20261003T113748Z-acb3a2e7,CAFEF_C8_COMPLETE_ONLY_V1,-0.9531446813166994,0.8915477123805635
2024-06-28,KBS:HOSE:MWG,1,0,experiment-20261003T113748Z-acb3a2e7,CAFEF_C8_COMPLETE_ONLY_V1,13.644364742317887,0.3773566380283772
2024-06-28,KBS:HOSE:NAF,0,1,experiment-20261003T113748Z-acb3a2e7,CAFEF_C8_COMPLETE_ONLY_V1,-1.2395611563428481,0.9824972608064434
2024-06-28,KBS:HOSE:NAV,0,1,experiment-20261003T113748Z-acb3a2e7,CAFEF_C8_COMPLETE_ONLY_V1,-1.4165932225600832,0.8697655347005194
2024-06-28,KBS:HOSE:NBB,0,1,experiment-20261003T113748Z-acb3a2e7,CAFEF_C8_COMPLETE_ONLY_V1,-1.338245534788527,0.22368484068084313
2024-06-28,KBS:HOSE:NCT,0,1,experiment-20261003T113748Z-acb3a2e7,CAFEF_C8_COMPLETE_ONLY_V1,-1.4077184509564993,0.9665312655764321
2024-06-28,KBS:HOSE:NHA,0,1,experiment-20261003T113748Z-acb3a2e7,CAFEF_C8_COMPLETE_ONLY_V1,-0.23609899563371753,1.4364424901240396
2024-06-28,KBS:HOSE:NHT,0,1,experiment-20261003T113748Z-acb3a2e7,CAFEF_C8_COMPLETE_ONLY_V1,-1.569549906301699,-0.5858360083514748
2024-06-28,KBS:HOSE:NKG,0,1,experiment-20261003T113748Z-acb3a2e7,CAFEF_C8_COMPLETE_ONLY_V1,3.9115913312730743,-1.209641470212212
2024-06-28,KBS:HOSE:NLG,0,1,experiment-20261003T113748Z-acb3a2e7,CAFEF_C8_COMPLETE_ONLY_V1,1.5372896816813204,-0.7464660882047194
2024-06-28,KBS:HOSE:NNC,0,1,experiment-20261003T113748Z-acb3a2e7,CAFEF_C8_COMPLETE_ONLY_V1,-1.487060446553907,0.39321772005594174
2024-06-28,KBS:HOSE:NVL,0,1,experiment-20261003T113748Z-acb3a2e7,CAFEF_C8_COMPLETE_ONLY_V1,3.252655229304896,-2.6658431101504103
2024-06-28,KBS:HOSE:NVT,0,1,experiment-20261003T113748Z-acb3a2e7,CAFEF_C8_COMPLETE_ONLY_V1,-1.4372464070607922,2.106486943900507
2024-06-28,KBS:HOSE:OCB,0,1,experiment-20261003T113748Z-acb3a2e7,CAFEF_C8_COMPLETE_ONLY_V1,1.9549645605950803,-0.9407137459840463
2024-06-28,KBS:HOSE:OGC,0,1,experiment-20261003T113748Z-acb3a2e7,CAFEF_C8_COMPLETE_ONLY_V1,-1.5776891243470612,-1.8822258969977332
2024-06-28,KBS:HOSE:OPC,0,1,experiment-20261003T113748Z-acb3a2e7,CAFEF_C8_COMPLETE_ONLY_V1,-1.3838575310366696,0.6764460308473834
2024-06-28,KBS:HOSE:PAC,0,1,experiment-20261003T113748Z-acb3a2e7,CAFEF_C8_COMPLETE_ONLY_V1,-0.7220272069132,5.083125436106102
2024-06-28,KBS:HOSE:PAN,0,1,experiment-20261003T113748Z-acb3a2e7,CAFEF_C8_COMPLETE_ONLY_V1,-0.3045300683848961,0.39816289138265687
2024-06-28,KBS:HOSE:PDN,0,1,experiment-20261003T113748Z-acb3a2e7,CAFEF_C8_COMPLETE_ONLY_V1,-1.4531838330745777,0.38051518507070586
2024-06-28,KBS:HOSE:PGC,0,1,experiment-20261003T113748Z-acb3a2e7,CAFEF_C8_COMPLETE_ONLY_V1,-1.450259248826943,-0.30018455385483656
2024-06-28,KBS:HOSE:PGD,0,1,experiment-20261003T113748Z-acb3a2e7,CAFEF_C8_COMPLETE_ONLY_V1,-1.552137753458515,-0.5610779345789674
2024-06-28,KBS:HOSE:PGV,0,1,experiment-20261003T113748Z-acb3a2e7,CAFEF_C8_COMPLETE_ONLY_V1,-1.4323414208762812,0.6000321327118264
2024-06-28,KBS:HOSE:PHR,0,1,experiment-20261003T113748Z-acb3a2e7,CAFEF_C8_COMPLETE_ONLY_V1,-0.8288895100942018,-0.07087315374742188
2024-06-28,KBS:HOSE:PJT,0,1,experiment-20261003T113748Z-acb3a2e7,CAFEF_C8_COMPLETE_ONLY_V1,-1.5093127101346584,0.24912146049410963
2024-06-28,KBS:HOSE:PLP,0,1,experiment-20261003T113748Z-acb3a2e7,CAFEF_C8_COMPLETE_ONLY_V1,-1.5089690933524036,-0.2973568725448702
2024-06-28,KBS:HOSE:PLX,0,1,experiment-20261003T113748Z-acb3a2e7,CAFEF_C8_COMPLETE_ONLY_V1,0.7897253953043539,0.42208813038593246
2024-06-28,KBS:HOSE:PNJ,0,1,experiment-20261003T113748Z-acb3a2e7,CAFEF_C8_COMPLETE_ONLY_V1,1.7932541213887536,-0.09318013046822667
2024-06-28,KBS:HOSE:PTB,0,1,experiment-20261003T113748Z-acb3a2e7,CAFEF_C8_COMPLETE_ONLY_V1,-0.7921295592023904,0.75144821068216
2024-06-28,KBS:HOSE:PTC,0,1,experiment-20261003T113748Z-acb3a2e7,CAFEF_C8_COMPLETE_ONLY_V1,-1.6045231635293595,-1.3232741576160294
2024-06-28,KBS:HOSE:PTL,0,1,experiment-20261003T113748Z-acb3a2e7,CAFEF_C8_COMPLETE_ONLY_V1,-1.564394858475155,-0.7256756728623888
2024-06-28,KBS:HOSE:PVP,0,1,experiment-20261003T113748Z-acb3a2e7,CAFEF_C8_COMPLETE_ONLY_V1,-0.8632527441824231,1.0364500500131184
2024-06-28,KBS:HOSE:PVT,0,1,experiment-20261003T113748Z-acb3a2e7,CAFEF_C8_COMPLETE_ONLY_V1,2.3822579972758944,0.009105692935400013
2024-06-28,KBS:HOSE:QCG,0,1,experiment-20261003T113748Z-acb3a2e7,CAFEF_C8_COMPLETE_ONLY_V1,-1.2665737079289874,0.14867471373927563
2024-06-28,KBS:HOSE:RAL,0,1,experiment-20261003T113748Z-acb3a2e7,CAFEF_C8_COMPLETE_ONLY_V1,-1.1317508079893996,2.2692704384227422
2024-06-28,KBS:HOSE:S4A,0,1,experiment-20261003T113748Z-acb3a2e7,CAFEF_C8_COMPLETE_ONLY_V1,-1.33315772675712,1.684024166200015
2024-06-28,KBS:HOSE:SAB,0,1,experiment-20261003T113748Z-acb3a2e7,CAFEF_C8_COMPLETE_ONLY_V1,1.4903639266846787,-0.6547582549755444
2024-06-28,KBS:HOSE:SAM,0,1,experiment-20261003T113748Z-acb3a2e7,CAFEF_C8_COMPLETE_ONLY_V1,-0.7451882138397439,-0.2609144262879514
2024-06-28,KBS:HOSE:SAV,0,1,experiment-20261003T113748Z-acb3a2e7,CAFEF_C8_COMPLETE_ONLY_V1,-1.0688612566827924,3.96472106666023
2024-06-28,KBS:HOSE:SBA,0,1,experiment-20261003T113748Z-acb3a2e7,CAFEF_C8_COMPLETE_ONLY_V1,-1.3119521717804448,1.5369591336216537
2024-06-28,KBS:HOSE:SBV,0,1,experiment-20261003T113748Z-acb3a2e7,CAFEF_C8_COMPLETE_ONLY_V1,-1.5431497584701839,-0.3484927671727142
2024-06-28,KBS:HOSE:SC5,0,1,experiment-20261003T113748Z-acb3a2e7,CAFEF_C8_COMPLETE_ONLY_V1,-1.5213940547269043,-1.1826251478283936
2024-06-28,KBS:HOSE:SCR,0,1,experiment-20261003T113748Z-acb3a2e7,CAFEF_C8_COMPLETE_ONLY_V1,-1.2765940962584001,-1.4097845583235373
2024-06-28,KBS:HOSE:SCS,0,1,experiment-20261003T113748Z-acb3a2e7,CAFEF_C8_COMPLETE_ONLY_V1,-0.7953856645663362,1.3087244155590048
2024-06-28,KBS:HOSE:SFI,0,1,experiment-20261003T113748Z-acb3a2e7,CAFEF_C8_COMPLETE_ONLY_V1,-1.4940183197970083,0.3206148345403748
2024-06-28,KBS:HOSE:SGR,0,1,experiment-20261003T113748Z-acb3a2e7,CAFEF_C8_COMPLETE_ONLY_V1,-0.9993362541284344,3.1767535050218707
2024-06-28,KBS:HOSE:SGT,0,1,experiment-20261003T113748Z-acb3a2e7,CAFEF_C8_COMPLETE_ONLY_V1,-1.3115957398306228,1.936290511598782
2024-06-28,KBS:HOSE:SHA,0,1,experiment-20261003T113748Z-acb3a2e7,CAFEF_C8_COMPLETE_ONLY_V1,-1.559234412419602,-0.8503712985558448
2024-06-28,KBS:HOSE:SHI,0,1,experiment-20261003T113748Z-acb3a2e7,CAFEF_C8_COMPLETE_ONLY_V1,-0.8738181270819565,-0.24316178143216763
2024-06-28,KBS:HOSE:SHP,0,1,experiment-20261003T113748Z-acb3a2e7,CAFEF_C8_COMPLETE_ONLY_V1,-1.3703233731989284,0.8945385391393094
2024-06-28,KBS:HOSE:SJD,0,1,experiment-20261003T113748Z-acb3a2e7,CAFEF_C8_COMPLETE_ONLY_V1,-1.3752840548844834,0.349995960819231
2024-06-28,KBS:HOSE:SJS,0,1,experiment-20261003T113748Z-acb3a2e7,CAFEF_C8_COMPLETE_ONLY_V1,-0.03920712160166534,-1.050236745006924
2024-06-28,KBS:HOSE:SMB,0,1,experiment-20261003T113748Z-acb3a2e7,CAFEF_C8_COMPLETE_ONLY_V1,-1.4507413176625756,0.4066387591544265
2024-06-28,KBS:HOSE:SPM,0,1,experiment-20261003T113748Z-acb3a2e7,CAFEF_C8_COMPLETE_ONLY_V1,-1.6103063128336559,-0.9480555548175452
2024-06-28,KBS:HOSE:SRC,0,1,experiment-20261003T113748Z-acb3a2e7,CAFEF_C8_COMPLETE_ONLY_V1,-1.3894447914033523,0.6042196105154323
2024-06-28,KBS:HOSE:SRF,0,1,experiment-20261003T113748Z-acb3a2e7,CAFEF_C8_COMPLETE_ONLY_V1,-1.4378866747902574,0.2779982973124858
2024-06-28,KBS:HOSE:SSB,0,1,experiment-20261003T113748Z-acb3a2e7,CAFEF_C8_COMPLETE_ONLY_V1,1.8540072295176893,-1.4040255357010278
2024-06-28,KBS:HOSE:STB,1,0,experiment-20261003T113748Z-acb3a2e7,CAFEF_C8_COMPLETE_ONLY_V1,11.324928083474864,-1.4909655522508267
2024-06-28,KBS:HOSE:STG,0,1,experiment-20261003T113748Z-acb3a2e7,CAFEF_C8_COMPLETE_ONLY_V1,-1.599222158418618,-0.49685648322896897
2024-06-28,KBS:HOSE:SVC,0,1,experiment-20261003T113748Z-acb3a2e7,CAFEF_C8_COMPLETE_ONLY_V1,-1.4325810297263286,2.5264014619390944
2024-06-28,KBS:HOSE:SVT,0,1,experiment-20261003T113748Z-acb3a2e7,CAFEF_C8_COMPLETE_ONLY_V1,-1.413129546747347,0.8226775327993274
2024-06-28,KBS:HOSE:TCB,1,0,experiment-20261003T113748Z-acb3a2e7,CAFEF_C8_COMPLETE_ONLY_V1,18.12836503094878,-0.4268733022380009
2024-06-28,KBS:HOSE:TCL,0,1,experiment-20261003T113748Z-acb3a2e7,CAFEF_C8_COMPLETE_ONLY_V1,-1.4019162042544113,-0.2687762783082287
2024-06-28,KBS:HOSE:TCM,0,1,experiment-20261003T113748Z-acb3a2e7,CAFEF_C8_COMPLETE_ONLY_V1,3.5990160345663407,0.8080421742154262
2024-06-28,KBS:HOSE:TCO,0,1,experiment-20261003T113748Z-acb3a2e7,CAFEF_C8_COMPLETE_ONLY_V1,-1.3371507106582723,1.3023603114369982
2024-06-28,KBS:HOSE:TCR,0,1,experiment-20261003T113748Z-acb3a2e7,CAFEF_C8_COMPLETE_ONLY_V1,-1.5546368687569783,-0.7524166593521522
2024-06-28,KBS:HOSE:TDC,0,1,experiment-20261003T113748Z-acb3a2e7,CAFEF_C8_COMPLETE_ONLY_V1,-1.5048252236979942,-0.38654817318973567
2024-06-28,KBS:HOSE:TDG,0,1,experiment-20261003T113748Z-acb3a2e7,CAFEF_C8_COMPLETE_ONLY_V1,-1.3898825461725768,1.6398399301037234
2024-06-28,KBS:HOSE:TDP,0,1,experiment-20261003T113748Z-acb3a2e7,CAFEF_C8_COMPLETE_ONLY_V1,-1.440756682669594,0.00934752905824743
2024-06-28,KBS:HOSE:TDW,0,1,experiment-20261003T113748Z-acb3a2e7,CAFEF_C8_COMPLETE_ONLY_V1,-1.5611354461328846,-0.03420876464403308
2024-06-28,KBS:HOSE:TEG,0,1,experiment-20261003T113748Z-acb3a2e7,CAFEF_C8_COMPLETE_ONLY_V1,-1.4840645024035284,0.3810316417871538
2024-06-28,KBS:HOSE:THG,0,1,experiment-20261003T113748Z-acb3a2e7,CAFEF_C8_COMPLETE_ONLY_V1,-1.344367314889968,1.452157190321083
2024-06-28,KBS:HOSE:TIP,0,1,experiment-20261003T113748Z-acb3a2e7,CAFEF_C8_COMPLETE_ONLY_V1,-1.1233013522790676,-0.10890831528550396
2024-06-28,KBS:HOSE:TLG,0,1,experiment-20261003T113748Z-acb3a2e7,CAFEF_C8_COMPLETE_ONLY_V1,-1.3887555566898921,-0.18946108496362943
2024-06-28,KBS:HOSE:TLH,0,1,experiment-20261003T113748Z-acb3a2e7,CAFEF_C8_COMPLETE_ONLY_V1,-1.102892283586189,-1.410997810942206
2024-06-28,KBS:HOSE:TMS,0,1,experiment-20261003T113748Z-acb3a2e7,CAFEF_C8_COMPLETE_ONLY_V1,-1.470567165947829,-0.1914829828639189
2024-06-28,KBS:HOSE:TN1,0,1,experiment-20261003T113748Z-acb3a2e7,CAFEF_C8_COMPLETE_ONLY_V1,-1.5828129675608755,-0.881783306192473
2024-06-28,KBS:HOSE:TNC,0,1,experiment-20261003T113748Z-acb3a2e7,CAFEF_C8_COMPLETE_ONLY_V1,-1.8649151864370277,-3.404786461804165
2024-06-28,KBS:HOSE:TNH,0,1,experiment-20261003T113748Z-acb3a2e7,CAFEF_C8_COMPLETE_ONLY_V1,-0.6045882471782351,1.367418404322273
2024-06-28,KBS:HOSE:TNI,0,1,experiment-20261003T113748Z-acb3a2e7,CAFEF_C8_COMPLETE_ONLY_V1,-1.5433539414919057,-0.4688555099507872
2024-06-28,KBS:HOSE:TNT,0,1,experiment-20261003T113748Z-acb3a2e7,CAFEF_C8_COMPLETE_ONLY_V1,-1.5126507179443187,-1.3528291362086429
2024-06-28,KBS:HOSE:TPB,0,1,experiment-20261003T113748Z-acb3a2e7,CAFEF_C8_COMPLETE_ONLY_V1,2.9488127847242462,-1.102585839274089
2024-06-28,KBS:HOSE:TRA,0,1,experiment-20261003T113748Z-acb3a2e7,CAFEF_C8_COMPLETE_ONLY_V1,-1.5911674381018068,-0.39334610094993205
2024-06-28,KBS:HOSE:TRC,0,1,experiment-20261003T113748Z-acb3a2e7,CAFEF_C8_COMPLETE_ONLY_V1,-1.2841535806000366,1.402999147547766
2024-06-28,KBS:HOSE:TTE,0,1,experiment-20261003T113748Z-acb3a2e7,CAFEF_C8_COMPLETE_ONLY_V1,-1.2516873501209462,5.320499036385431
2024-06-28,KBS:HOSE:TV2,0,1,experiment-20261003T113748Z-acb3a2e7,CAFEF_C8_COMPLETE_ONLY_V1,-0.13705935311246908,0.029565761876402787
2024-06-28,KBS:HOSE:TVB,0,1,experiment-20261003T113748Z-acb3a2e7,CAFEF_C8_COMPLETE_ONLY_V1,-1.0772401346169946,1.4662535906720615
2024-06-28,KBS:HOSE:TVS,0,1,experiment-20261003T113748Z-acb3a2e7,CAFEF_C8_COMPLETE_ONLY_V1,-0.5175984654820004,0.8859047285118843
2024-06-28,KBS:HOSE:UIC,0,1,experiment-20261003T113748Z-acb3a2e7,CAFEF_C8_COMPLETE_ONLY_V1,-1.4712375806761093,0.22459062988670755
2024-06-28,KBS:HOSE:VCA,0,1,experiment-20261003T113748Z-acb3a2e7,CAFEF_C8_COMPLETE_ONLY_V1,-1.4682275814931602,0.6441567280370244
2024-06-28,KBS:HOSE:VCG,0,1,experiment-20261003T113748Z-acb3a2e7,CAFEF_C8_COMPLETE_ONLY_V1,1.2079274728889455,-2.428238641647356
2024-06-28,KBS:HOSE:VDS,0,1,experiment-20261003T113748Z-acb3a2e7,CAFEF_C8_COMPLETE_ONLY_V1,-0.02401563568848545,0.3576160626690913
2024-06-28,KBS:HOSE:VFG,0,1,experiment-20261003T113748Z-acb3a2e7,CAFEF_C8_COMPLETE_ONLY_V1,-0.7752841352384066,4.992294657115617
2024-06-28,KBS:HOSE:VGC,0,1,experiment-20261003T113748Z-acb3a2e7,CAFEF_C8_COMPLETE_ONLY_V1,-0.7026410784907804,-1.087244248222185
2024-06-28,KBS:HOSE:VHM,1,0,experiment-20261003T113748Z-acb3a2e7,CAFEF_C8_COMPLETE_ONLY_V1,7.5675643230422995,-2.320572082427712
2024-06-28,KBS:HOSE:VIP,0,1,experiment-20261003T113748Z-acb3a2e7,CAFEF_C8_COMPLETE_ONLY_V1,-0.938196356755017,0.2996347717822529
2024-06-28,KBS:HOSE:VIX,1,0,experiment-20261003T113748Z-acb3a2e7,CAFEF_C8_COMPLETE_ONLY_V1,7.341887115964671,-2.1968676210273226
2024-06-28,KBS:HOSE:VJC,0,1,experiment-20261003T113748Z-acb3a2e7,CAFEF_C8_COMPLETE_ONLY_V1,1.3398466535356435,-0.9631288726496021
2024-06-28,KBS:HOSE:VND,0,1,experiment-20261003T113748Z-acb3a2e7,CAFEF_C8_COMPLETE_ONLY_V1,4.2381684620446896,-2.666429938418628
2024-06-28,KBS:HOSE:VNG,0,1,experiment-20261003T113748Z-acb3a2e7,CAFEF_C8_COMPLETE_ONLY_V1,-1.4235170309601766,1.3314084068459775
2024-06-28,KBS:HOSE:VOS,0,1,experiment-20261003T113748Z-acb3a2e7,CAFEF_C8_COMPLETE_ONLY_V1,1.0977045698393209,3.314910651690223
2024-06-28,KBS:HOSE:VPB,1,0,experiment-20261003T113748Z-acb3a2e7,CAFEF_C8_COMPLETE_ONLY_V1,18.17288249013762,-1.674032235978814
2024-06-28,KBS:HOSE:VPS,0,1,experiment-20261003T113748Z-acb3a2e7,CAFEF_C8_COMPLETE_ONLY_V1,-1.546312068956928,0.07300329246667629
2024-06-28,KBS:HOSE:VSH,0,1,experiment-20261003T113748Z-acb3a2e7,CAFEF_C8_COMPLETE_ONLY_V1,-1.4331976318643493,0.29651085094011204
2024-06-28,KBS:HOSE:VSI,0,1,experiment-20261003T113748Z-acb3a2e7,CAFEF_C8_COMPLETE_ONLY_V1,-1.4667180714093133,0.6241977056133333
2024-06-28,KBS:HOSE:VTO,0,1,experiment-20261003T113748Z-acb3a2e7,CAFEF_C8_COMPLETE_ONLY_V1,-0.8202075204339029,1.41030040879637
2024-06-28,KBS:UPCOM:GMC,0,1,experiment-20261003T113748Z-acb3a2e7,CAFEF_C8_COMPLETE_ONLY_V1,-1.5260985953728274,-0.46683621659520863
2024-06-28,KBS:UPCOM:HBC,0,1,experiment-20261003T113748Z-acb3a2e7,CAFEF_C8_COMPLETE_ONLY_V1,-1.407197346759863,-1.459280781768009
2024-06-28,KBS:UPCOM:HNG,0,1,experiment-20261003T113748Z-acb3a2e7,CAFEF_C8_COMPLETE_ONLY_V1,-0.7974274422552591,0.7067909361000316
2024-06-28,KBS:UPCOM:TCD,0,1,experiment-20261003T113748Z-acb3a2e7,CAFEF_C8_COMPLETE_ONLY_V1,-1.4047594598025928,-1.8649845781700802
2024-07-31,KBS:HOSE:AAM,0,1,experiment-20261003T113748Z-acb3a2e7,CAFEF_C8_COMPLETE_ONLY_V1,-1.4937116019463201,-1.0601215767750929
2024-07-31,KBS:HOSE:AAT,0,1,experiment-20261003T113748Z-acb3a2e7,CAFEF_C8_COMPLETE_ONLY_V1,-1.6051585299911826,-3.3099495777042094
2024-07-31,KBS:HOSE:ABR,0,1,experiment-20261003T113748Z-acb3a2e7,CAFEF_C8_COMPLETE_ONLY_V1,-1.348205375078997,0.18293645420311522
2024-07-31,KBS:HOSE:ABS,0,1,experiment-20261003T113748Z-acb3a2e7,CAFEF_C8_COMPLETE_ONLY_V1,-1.4602742915576843,-1.8492055197084156
2024-07-31,KBS:HOSE:ABT,0,1,experiment-20261003T113748Z-acb3a2e7,CAFEF_C8_COMPLETE_ONLY_V1,-1.1892842329979332,2.0549365604419707
2024-07-31,KBS:HOSE:ACC,0,1,experiment-20261003T113748Z-acb3a2e7,CAFEF_C8_COMPLETE_ONLY_V1,-1.2842437870033088,0.46628910273559654
2024-07-31,KBS:HOSE:ACL,0,1,experiment-20261003T113748Z-acb3a2e7,CAFEF_C8_COMPLETE_ONLY_V1,-1.3433207675646937,0.04977345173892846
2024-07-31,KBS:HOSE:ADS,0,1,experiment-20261003T113748Z-acb3a2e7,CAFEF_C8_COMPLETE_ONLY_V1,-1.2336964722172963,-2.1900250807439865
2024-07-31,KBS:HOSE:AGG,0,1,experiment-20261003T113748Z-acb3a2e7,CAFEF_C8_COMPLETE_ONLY_V1,-0.5177425496904202,-0.8649623672466061
2024-07-31,KBS:HOSE:AGR,0,1,experiment-20261003T113748Z-acb3a2e7,CAFEF_C8_COMPLETE_ONLY_V1,-0.57135795943244,-0.8290009092816059
2024-07-31,KBS:HOSE:ANV,0,1,experiment-20261003T113748Z-acb3a2e7,CAFEF_C8_COMPLETE_ONLY_V1,1.4672305987625538,0.32802621143841193
2024-07-31,KBS:HOSE:APG,0,1,experiment-20261003T113748Z-acb3a2e7,CAFEF_C8_COMPLETE_ONLY_V1,-1.3171994964419904,-2.0666276883676575
2024-07-31,KBS:HOSE:APH,0,1,experiment-20261003T113748Z-acb3a2e7,CAFEF_C8_COMPLETE_ONLY_V1,-0.6553996789386809,0.72995431172704
2024-07-31,KBS:HOSE:ASM,0,1,experiment-20261003T113748Z-acb3a2e7,CAFEF_C8_COMPLETE_ONLY_V1,-0.8340785548914391,-0.7928294086628679
2024-07-31,KBS:HOSE:ASP,0,1,experiment-20261003T113748Z-acb3a2e7,CAFEF_C8_COMPLETE_ONLY_V1,-1.4009781870048343,-0.5103521331047685
2024-07-31,KBS:HOSE:AST,0,1,experiment-20261003T113748Z-acb3a2e7,CAFEF_C8_COMPLETE_ONLY_V1,-1.2753574958662772,0.050195977175463646
2024-07-31,KBS:HOSE:BCM,0,1,experiment-20261003T113748Z-acb3a2e7,CAFEF_C8_COMPLETE_ONLY_V1,1.0502692508532119,1.6386889494170533
2024-07-31,KBS:HOSE:BFC,0,1,experiment-20261003T113748Z-acb3a2e7,CAFEF_C8_COMPLETE_ONLY_V1,0.847094133284021,7.340714395519586
2024-07-31,KBS:HOSE:BHN,0,1,experiment-20261003T113748Z-acb3a2e7,CAFEF_C8_COMPLETE_ONLY_V1,-1.3763595288942265,0.13241821488410788
2024-07-31,KBS:HOSE:BIC,0,1,experiment-20261003T113748Z-acb3a2e7,CAFEF_C8_COMPLETE_ONLY_V1,-0.9854773296129541,2.4752560578439784
2024-07-31,KBS:HOSE:BKG,0,1,experiment-20261003T113748Z-acb3a2e7,CAFEF_C8_COMPLETE_ONLY_V1,-1.3722954626462494,-1.008855559531282
2024-07-31,KBS:HOSE:BMI,0,1,experiment-20261003T113748Z-acb3a2e7,CAFEF_C8_COMPLETE_ONLY_V1,-0.9760819212752574,0.28250605757049463
2024-07-31,KBS:HOSE:BRC,0,1,experiment-20261003T113748Z-acb3a2e7,CAFEF_C8_COMPLETE_ONLY_V1,-1.2568629624036831,0.5744717716669197
2024-07-31,KBS:HOSE:BTP,0,1,experiment-20261003T113748Z-acb3a2e7,CAFEF_C8_COMPLETE_ONLY_V1,-1.3432016452522386,-0.9813393592258913
2024-07-31,KBS:HOSE:BVH,0,1,experiment-20261003T113748Z-acb3a2e7,CAFEF_C8_COMPLETE_ONLY_V1,-0.22639772731617713,-0.30532035923528494
2024-07-31,KBS:HOSE:C32,0,1,experiment-20261003T113748Z-acb3a2e7,CAFEF_C8_COMPLETE_ONLY_V1,-1.3554387957063678,0.13081071334999914
2024-07-31,KBS:HOSE:CCI,0,1,experiment-20261003T113748Z-acb3a2e7,CAFEF_C8_COMPLETE_ONLY_V1,-1.3273425873666176,0.5903450554010551
2024-07-31,KBS:HOSE:CCL,0,1,experiment-20261003T113748Z-acb3a2e7,CAFEF_C8_COMPLETE_ONLY_V1,-0.7852850373157662,1.1927932352779729
2024-07-31,KBS:HOSE:CDC,0,1,experiment-20261003T113748Z-acb3a2e7,CAFEF_C8_COMPLETE_ONLY_V1,-1.010804231901206,-0.010705942902691355
2024-07-31,KBS:HOSE:CHP,0,1,experiment-20261003T113748Z-acb3a2e7,CAFEF_C8_COMPLETE_ONLY_V1,-1.078440372928481,2.007117696898408
2024-07-31,KBS:HOSE:CIG,0,1,experiment-20261003T113748Z-acb3a2e7,CAFEF_C8_COMPLETE_ONLY_V1,-1.357967612952699,0.38114260649631054
2024-07-31,KBS:HOSE:CII,0,1,experiment-20261003T113748Z-acb3a2e7,CAFEF_C8_COMPLETE_ONLY_V1,0.32910467288190665,-1.1195919719533138
2024-07-31,KBS:HOSE:CKG,0,1,experiment-20261003T113748Z-acb3a2e7,CAFEF_C8_COMPLETE_ONLY_V1,-1.0333472489752724,0.5283325357502313
2024-07-31,KBS:HOSE:CLC,0,1,experiment-20261003T113748Z-acb3a2e7,CAFEF_C8_COMPLETE_ONLY_V1,-1.107005780277649,2.1801236539080677
2024-07-31,KBS:HOSE:CMV,0,1,experiment-20261003T113748Z-acb3a2e7,CAFEF_C8_COMPLETE_ONLY_V1,-1.35205051196049,-0.08846623914004878
2024-07-31,KBS:HOSE:CMX,0,1,experiment-20261003T113748Z-acb3a2e7,CAFEF_C8_COMPLETE_ONLY_V1,-0.8035561572532337,-0.4094039383265903
2024-07-31,KBS:HOSE:CNG,0,1,experiment-20261003T113748Z-acb3a2e7,CAFEF_C8_COMPLETE_ONLY_V1,-0.3651902739933028,2.3523091857364062
2024-07-31,KBS:HOSE:CRC,0,1,experiment-20261003T113748Z-acb3a2e7,CAFEF_C8_COMPLETE_ONLY_V1,-1.2443978431492597,0.8400175868970239
2024-07-31,KBS:HOSE:CRE,0,1,experiment-20261003T113748Z-acb3a2e7,CAFEF_C8_COMPLETE_ONLY_V1,-1.4622333645237127,-2.321754684121302
2024-07-31,KBS:HOSE:CSV,0,1,experiment-20261003T113748Z-acb3a2e7,CAFEF_C8_COMPLETE_ONLY_V1,1.3679186165878308,7.693437020137649
2024-07-31,KBS:HOSE:CTD,0,1,experiment-20261003T113748Z-acb3a2e7,CAFEF_C8_COMPLETE_ONLY_V1,0.6247954412388828,-0.7896268579980523
2024-07-31,KBS:HOSE:CTF,0,1,experiment-20261003T113748Z-acb3a2e7,CAFEF_C8_COMPLETE_ONLY_V1,-1.0198820966933495,-0.13597738046149704
2024-07-31,KBS:HOSE:CTI,0,1,experiment-20261003T113748Z-acb3a2e7,CAFEF_C8_COMPLETE_ONLY_V1,-1.0126241542746457,-0.26100619482335446
2024-07-31,KBS:HOSE:CTR,0,1,experiment-20261003T113748Z-acb3a2e7,CAFEF_C8_COMPLETE_ONLY_V1,0.7495135272901703,0.22405719510589414
2024-07-31,KBS:HOSE:CTS,0,1,experiment-20261003T113748Z-acb3a2e7,CAFEF_C8_COMPLETE_ONLY_V1,0.8435425054326344,-0.5175835441073812
2024-07-31,KBS:HOSE:CVT,0,1,experiment-20261003T113748Z-acb3a2e7,CAFEF_C8_COMPLETE_ONLY_V1,-1.4757430304713548,-1.1790112329852198
2024-07-31,KBS:HOSE:D2D,0,1,experiment-20261003T113748Z-acb3a2e7,CAFEF_C8_COMPLETE_ONLY_V1,-1.032183190224244,0.9380566345828057
2024-07-31,KBS:HOSE:DAH,0,1,experiment-20261003T113748Z-acb3a2e7,CAFEF_C8_COMPLETE_ONLY_V1,-1.4292200443558116,-1.3564509818417443
2024-07-31,KBS:HOSE:DBC,1,0,experiment-20261003T113748Z-acb3a2e7,CAFEF_C8_COMPLETE_ONLY_V1,5.299702877448223,-1.0312199269245634
2024-07-31,KBS:HOSE:DBD,0,1,experiment-20261003T113748Z-acb3a2e7,CAFEF_C8_COMPLETE_ONLY_V1,-1.1352206609272175,0.5023203415791474
2024-07-31,KBS:HOSE:DC4,0,1,experiment-20261003T113748Z-acb3a2e7,CAFEF_C8_COMPLETE_ONLY_V1,-1.1824751423041042,0.7840268763413781
2024-07-31,KBS:HOSE:DCL,0,1,experiment-20261003T113748Z-acb3a2e7,CAFEF_C8_COMPLETE_ONLY_V1,-0.7546182395302949,-0.06209660253412602
2024-07-31,KBS:HOSE:DCM,1,0,experiment-20261003T113748Z-acb3a2e7,CAFEF_C8_COMPLETE_ONLY_V1,6.02936320631459,0.9025928580971647
2024-07-31,KBS:HOSE:DGC,1,0,experiment-20261003T113748Z-acb3a2e7,CAFEF_C8_COMPLETE_ONLY_V1,8.417236547458371,-0.6066273127576699
2024-07-31,KBS:HOSE:DGW,0,1,experiment-20261003T113748Z-acb3a2e7,CAFEF_C8_COMPLETE_ONLY_V1,3.254683661821704,-0.7061957799720634
2024-07-31,KBS:HOSE:DHA,0,1,experiment-20261003T113748Z-acb3a2e7,CAFEF_C8_COMPLETE_ONLY_V1,-1.2908953081814392,-0.8222586850871721
2024-07-31,KBS:HOSE:DHC,0,1,experiment-20261003T113748Z-acb3a2e7,CAFEF_C8_COMPLETE_ONLY_V1,-1.0797546730101943,-0.14534547051517557
2024-07-31,KBS:HOSE:DLG,0,1,experiment-20261003T113748Z-acb3a2e7,CAFEF_C8_COMPLETE_ONLY_V1,-1.502436250789334,-2.952330743690361
2024-07-31,KBS:HOSE:DMC,0,1,experiment-20261003T113748Z-acb3a2e7,CAFEF_C8_COMPLETE_ONLY_V1,-1.2603007223442697,1.7033114011616035
2024-07-31,KBS:HOSE:DPG,0,1,experiment-20261003T113748Z-acb3a2e7,CAFEF_C8_COMPLETE_ONLY_V1,0.9305877658609947,0.5784830512103927
2024-07-31,KBS:HOSE:DQC,0,1,experiment-20261003T113748Z-acb3a2e7,CAFEF_C8_COMPLETE_ONLY_V1,-1.4333320080637135,-1.1101451454795177
2024-07-31,KBS:HOSE:DRC,0,1,experiment-20261003T113748Z-acb3a2e7,CAFEF_C8_COMPLETE_ONLY_V1,0.12998989215661733,1.5351536576684106
2024-07-31,KBS:HOSE:DRH,0,1,experiment-20261003T113748Z-acb3a2e7,CAFEF_C8_COMPLETE_ONLY_V1,-1.704406792232607,-4.9724061044701235
2024-07-31,KBS:HOSE:DSN,0,1,experiment-20261003T113748Z-acb3a2e7,CAFEF_C8_COMPLETE_ONLY_V1,-1.278701324291341,0.36974464271955043
2024-07-31,KBS:HOSE:DTA,0,1,experiment-20261003T113748Z-acb3a2e7,CAFEF_C8_COMPLETE_ONLY_V1,-1.560255628962141,-1.8616948107445943
2024-07-31,KBS:HOSE:DTL,0,1,experiment-20261003T113748Z-acb3a2e7,CAFEF_C8_COMPLETE_ONLY_V1,-1.4558736030045973,-0.602883009909722
2024-07-31,KBS:HOSE:DTT,0,1,experiment-20261003T113748Z-acb3a2e7,CAFEF_C8_COMPLETE_ONLY_V1,-1.2915293192555577,0.31225780240287626
2024-07-31,KBS:HOSE:DVP,0,1,experiment-20261003T113748Z-acb3a2e7,CAFEF_C8_COMPLETE_ONLY_V1,-1.1740442157776771,1.2323879126786654
2024-07-31,KBS:HOSE:DXG,0,1,experiment-20261003T113748Z-acb3a2e7,CAFEF_C8_COMPLETE_ONLY_V1,2.3646153652284654,-2.9299767447666314
2024-07-31,KBS:HOSE:DXS,0,1,experiment-20261003T113748Z-acb3a2e7,CAFEF_C8_COMPLETE_ONLY_V1,-1.1328756355346818,-3.121882945099729
2024-07-31,KBS:HOSE:DXV,0,1,experiment-20261003T113748Z-acb3a2e7,CAFEF_C8_COMPLETE_ONLY_V1,-1.450775650263657,-2.4836419965508036
2024-07-31,KBS:HOSE:EVE,0,1,experiment-20261003T113748Z-acb3a2e7,CAFEF_C8_COMPLETE_ONLY_V1,-1.333093109262183,-0.290539602049521
2024-07-31,KBS:HOSE:EVG,0,1,experiment-20261003T113748Z-acb3a2e7,CAFEF_C8_COMPLETE_ONLY_V1,-0.559935251064243,0.6171186434880637
2024-07-31,KBS:HOSE:FCM,0,1,experiment-20261003T113748Z-acb3a2e7,CAFEF_C8_COMPLETE_ONLY_V1,-1.4608388986769696,-1.705513930109513
2024-07-31,KBS:HOSE:FCN,0,1,experiment-20261003T113748Z-acb3a2e7,CAFEF_C8_COMPLETE_ONLY_V1,-1.2905856993472378,-1.7047648139959797
2024-07-31,KBS:HOSE:FDC,0,1,experiment-20261003T113748Z-acb3a2e7,CAFEF_C8_COMPLETE_ONLY_V1,-1.5834934092652162,-1.0796094327957475
2024-07-31,KBS:HOSE:FIR,0,1,experiment-20261003T113748Z-acb3a2e7,CAFEF_C8_COMPLETE_ONLY_V1,-1.5573627673884745,-2.8757642814968802
2024-07-31,KBS:HOSE:FIT,0,1,experiment-20261003T113748Z-acb3a2e7,CAFEF_C8_COMPLETE_ONLY_V1,-1.3082535269727211,-0.7041344880913548
2024-07-31,KBS:HOSE:FMC,0,1,experiment-20261003T113748Z-acb3a2e7,CAFEF_C8_COMPLETE_ONLY_V1,-1.1730181409045584,0.6103935368545322
2024-07-31,KBS:HOSE:FPT,1,0,experiment-20261003T113748Z-acb3a2e7,CAFEF_C8_COMPLETE_ONLY_V1,22.99444413433929,0.41640898659928377
2024-07-31,KBS:HOSE:FRT,0,1,experiment-20261003T113748Z-acb3a2e7,CAFEF_C8_COMPLETE_ONLY_V1,1.732289079413847,2.54009815718635
2024-07-31,KBS:HOSE:FTS,0,1,experiment-20261003T113748Z-acb3a2e7,CAFEF_C8_COMPLETE_ONLY_V1,1.3347153505666682,-0.5363346393543876
2024-07-31,KBS:HOSE:GDT,0,1,experiment-20261003T113748Z-acb3a2e7,CAFEF_C8_COMPLETE_ONLY_V1,-1.0708687178652823,1.738310008826252
2024-07-31,KBS:HOSE:GEG,0,1,experiment-20261003T113748Z-acb3a2e7,CAFEF_C8_COMPLETE_ONLY_V1,-0.190596354434651,0.7137423279667668
2024-07-31,KBS:HOSE:GIL,0,1,experiment-20261003T113748Z-acb3a2e7,CAFEF_C8_COMPLETE_ONLY_V1,-0.7809221563196546,-0.690996616026763
2024-07-31,KBS:HOSE:GMD,0,1,experiment-20261003T113748Z-acb3a2e7,CAFEF_C8_COMPLETE_ONLY_V1,1.760939967685335,0.3041651603865397
2024-07-31,KBS:HOSE:HAG,0,1,experiment-20261003T113748Z-acb3a2e7,CAFEF_C8_COMPLETE_ONLY_V1,1.6285917444690812,-0.3500794596010267
2024-07-31,KBS:HOSE:HAP,0,1,experiment-20261003T113748Z-acb3a2e7,CAFEF_C8_COMPLETE_ONLY_V1,-1.4222188841974925,-1.3530755330136306
2024-07-31,KBS:HOSE:HAR,0,1,experiment-20261003T113748Z-acb3a2e7,CAFEF_C8_COMPLETE_ONLY_V1,-1.3754598864741634,-1.4181550120988853
2024-07-31,KBS:HOSE:HAS,0,1,experiment-20261003T113748Z-acb3a2e7,CAFEF_C8_COMPLETE_ONLY_V1,-1.2992258398786822,0.24604022588559257
2024-07-31,KBS:HOSE:HAX,0,1,experiment-20261003T113748Z-acb3a2e7,CAFEF_C8_COMPLETE_ONLY_V1,-0.4750035762195674,0.8344759576145323
2024-07-31,KBS:HOSE:HCM,0,1,experiment-20261003T113748Z-acb3a2e7,CAFEF_C8_COMPLETE_ONLY_V1,2.817421998656886,-0.28180557931702643
2024-07-31,KBS:HOSE:HDC,0,1,experiment-20261003T113748Z-acb3a2e7,CAFEF_C8_COMPLETE_ONLY_V1,-0.013801308209034056,-0.7275061650387342
2024-07-31,KBS:HOSE:HDG,1,0,experiment-20261003T113748Z-acb3a2e7,CAFEF_C8_COMPLETE_ONLY_V1,4.647243944908986,-0.033178458609035996
2024-07-31,KBS:HOSE:HHP,0,1,experiment-20261003T113748Z-acb3a2e7,CAFEF_C8_COMPLETE_ONLY_V1,-1.1849520156167348,0.24998918248627716
2024-07-31,KBS:HOSE:HHV,0,1,experiment-20261003T113748Z-acb3a2e7,CAFEF_C8_COMPLETE_ONLY_V1,-0.5807664840345391,-1.5444644605606683
2024-07-31,KBS:HOSE:HID,0,1,experiment-20261003T113748Z-acb3a2e7,CAFEF_C8_COMPLETE_ONLY_V1,-1.461620628638005,-1.551761891300505
2024-07-31,KBS:HOSE:HII,0,1,experiment-20261003T113748Z-acb3a2e7,CAFEF_C8_COMPLETE_ONLY_V1,-1.2584410608659822,-0.20626756377124422
2024-07-31,KBS:HOSE:HMC,0,1,experiment-20261003T113748Z-acb3a2e7,CAFEF_C8_COMPLETE_ONLY_V1,-1.3113218686761605,-0.0737112353070091
2024-07-31,KBS:HOSE:HQC,0,1,experiment-20261003T113748Z-acb3a2e7,CAFEF_C8_COMPLETE_ONLY_V1,-1.125333190474964,-1.9394444672067956
2024-07-31,KBS:HOSE:HRC,0,1,experiment-20261003T113748Z-acb3a2e7,CAFEF_C8_COMPLETE_ONLY_V1,-1.4579719506426598,-1.0848755294322867
2024-07-31,KBS:HOSE:HSG,1,0,experiment-20261003T113748Z-acb3a2e7,CAFEF_C8_COMPLETE_ONLY_V1,8.568588418733372,-1.3900273054774344
2024-07-31,KBS:HOSE:HSL,0,1,experiment-20261003T113748Z-acb3a2e7,CAFEF_C8_COMPLETE_ONLY_V1,-1.413375020658001,-1.4812890395938083
2024-07-31,KBS:HOSE:HTI,0,1,experiment-20261003T113748Z-acb3a2e7,CAFEF_C8_COMPLETE_ONLY_V1,-1.2866068723704995,0.6928747936691202
2024-07-31,KBS:HOSE:HTL,0,1,experiment-20261003T113748Z-acb3a2e7,CAFEF_C8_COMPLETE_ONLY_V1,-0.9480963817635877,2.802600521609503
2024-07-31,KBS:HOSE:HTN,0,1,experiment-20261003T113748Z-acb3a2e7,CAFEF_C8_COMPLETE_ONLY_V1,-1.3502115186881163,-3.207449867719606
2024-07-31,KBS:HOSE:HTV,0,1,experiment-20261003T113748Z-acb3a2e7,CAFEF_C8_COMPLETE_ONLY_V1,-1.3535179389124596,0.32840059744921574
2024-07-31,KBS:HOSE:HUB,0,1,experiment-20261003T113748Z-acb3a2e7,CAFEF_C8_COMPLETE_ONLY_V1,-1.180856067767646,0.37327856583556285
2024-07-31,KBS:HOSE:HVN,1,0,experiment-20261003T113748Z-acb3a2e7,CAFEF_C8_COMPLETE_ONLY_V1,4.171740910661358,-1.497121202664066
2024-07-31,KBS:HOSE:ICT,0,1,experiment-20261003T113748Z-acb3a2e7,CAFEF_C8_COMPLETE_ONLY_V1,-1.2333069645111676,-0.000908969101528053
2024-07-31,KBS:HOSE:IJC,0,1,experiment-20261003T113748Z-acb3a2e7,CAFEF_C8_COMPLETE_ONLY_V1,0.4633268302729622,0.19168449189257114
2024-07-31,KBS:HOSE:ILB,0,1,experiment-20261003T113748Z-acb3a2e7,CAFEF_C8_COMPLETE_ONLY_V1,-1.2891405158916083,0.48720044415094493
2024-07-31,KBS:HOSE:ITC,0,1,experiment-20261003T113748Z-acb3a2e7,CAFEF_C8_COMPLETE_ONLY_V1,-0.9911451121185081,-0.23493560179381984
2024-07-31,KBS:HOSE:ITD,0,1,experiment-20261003T113748Z-acb3a2e7,CAFEF_C8_COMPLETE_ONLY_V1,-1.108282712959231,-0.43426726562078416
2024-07-31,KBS:HOSE:JVC,0,1,experiment-20261003T113748Z-acb3a2e7,CAFEF_C8_COMPLETE_ONLY_V1,-1.278535153753854,-0.16554027899858909
2024-07-31,KBS:HOSE:KBC,0,1,experiment-20261003T113748Z-acb3a2e7,CAFEF_C8_COMPLETE_ONLY_V1,1.4196219220428814,-1.6122768300460393
2024-07-31,KBS:HOSE:KDC,0,1,experiment-20261003T113748Z-acb3a2e7,CAFEF_C8_COMPLETE_ONLY_V1,3.3804319190407446,-0.06658214014047546
2024-07-31,KBS:HOSE:KDH,0,1,experiment-20261003T113748Z-acb3a2e7,CAFEF_C8_COMPLETE_ONLY_V1,2.4210428196230867,-0.1270259809358767
2024-07-31,KBS:HOSE:KHG,0,1,experiment-20261003T113748Z-acb3a2e7,CAFEF_C8_COMPLETE_ONLY_V1,-0.8120910858917331,-1.0029586334554845
2024-07-31,KBS:HOSE:KHP,0,1,experiment-20261003T113748Z-acb3a2e7,CAFEF_C8_COMPLETE_ONLY_V1,-1.2981288639053437,0.555285629438337
2024-07-31,KBS:HOSE:KMR,0,1,experiment-20261003T113748Z-acb3a2e7,CAFEF_C8_COMPLETE_ONLY_V1,-1.3510948897500723,0.1872963115131046
2024-07-31,KBS:HOSE:KOS,0,1,experiment-20261003T113748Z-acb3a2e7,CAFEF_C8_COMPLETE_ONLY_V1,1.5029108718088244,0.2364744879427108
2024-07-31,KBS:HOSE:KSB,0,1,experiment-20261003T113748Z-acb3a2e7,CAFEF_C8_COMPLETE_ONLY_V1,-0.5867361524937433,-2.4509467458405623
2024-07-31,KBS:HOSE:LAF,0,1,experiment-20261003T113748Z-acb3a2e7,CAFEF_C8_COMPLETE_ONLY_V1,-1.1304425959300977,1.8801847264247606
2024-07-31,KBS:HOSE:LBM,0,1,experiment-20261003T113748Z-acb3a2e7,CAFEF_C8_COMPLETE_ONLY_V1,-0.9710325267752331,3.387640989373077
2024-07-31,KBS:HOSE:LCG,0,1,experiment-20261003T113748Z-acb3a2e7,CAFEF_C8_COMPLETE_ONLY_V1,-0.8458116439047979,-0.9009351351773714
2024-07-31,KBS:HOSE:LDG,0,1,experiment-20261003T113748Z-acb3a2e7,CAFEF_C8_COMPLETE_ONLY_V1,-1.501184413368847,-4.122709676471327
2024-07-31,KBS:HOSE:LHG,0,1,experiment-20261003T113748Z-acb3a2e7,CAFEF_C8_COMPLETE_ONLY_V1,-0.5197617536631542,2.7772974600476563
2024-07-31,KBS:HOSE:LIX,0,1,experiment-20261003T113748Z-acb3a2e7,CAFEF_C8_COMPLETE_ONLY_V1,-0.9114126727499684,3.1868104709579352
2024-07-31,KBS:HOSE:LM8,0,1,experiment-20261003T113748Z-acb3a2e7,CAFEF_C8_COMPLETE_ONLY_V1,-1.1228514526769726,3.49823338525448
2024-07-31,KBS:HOSE:LPB,1,0,experiment-20261003T113748Z-acb3a2e7,CAFEF_C8_COMPLETE_ONLY_V1,4.847770120968265,3.3874019082707147
2024-07-31,KBS:HOSE:MBB,1,0,experiment-20261003T113748Z-acb3a2e7,CAFEF_C8_COMPLETE_ONLY_V1,16.51265377704592,-0.09513451576093054
2024-07-31,KBS:HOSE:MCP,0,1,experiment-20261003T113748Z-acb3a2e7,CAFEF_C8_COMPLETE_ONLY_V1,-1.4940054335516304,-1.2921068728244405
2024-07-31,KBS:HOSE:MDG,0,1,experiment-20261003T113748Z-acb3a2e7,CAFEF_C8_COMPLETE_ONLY_V1,-1.4963193257941385,-0.19606261441629383
2024-07-31,KBS:HOSE:MHC,0,1,experiment-20261003T113748Z-acb3a2e7,CAFEF_C8_COMPLETE_ONLY_V1,-1.2340291008466215,-0.4603605952813833
2024-07-31,KBS:HOSE:MIG,0,1,experiment-20261003T113748Z-acb3a2e7,CAFEF_C8_COMPLETE_ONLY_V1,-0.740362702365526,-0.016292956022491284
2024-07-31,KBS:HOSE:MSB,0,1,experiment-20261003T113748Z-acb3a2e7,CAFEF_C8_COMPLETE_ONLY_V1,2.3892773214991783,0.03448439448593241
2024-07-31,KBS:HOSE:MSH,0,1,experiment-20261003T113748Z-acb3a2e7,CAFEF_C8_COMPLETE_ONLY_V1,-0.9370572444309189,0.42682355493406055
2024-07-31,KBS:HOSE:MWG,1,0,experiment-20261003T113748Z-acb3a2e7,CAFEF_C8_COMPLETE_ONLY_V1,18.855730642692134,-0.4453163326889581
2024-07-31,KBS:HOSE:NAF,0,1,experiment-20261003T113748Z-acb3a2e7,CAFEF_C8_COMPLETE_ONLY_V1,-1.1595534430414225,0.25084447400598187
2024-07-31,KBS:HOSE:NAV,0,1,experiment-20261003T113748Z-acb3a2e7,CAFEF_C8_COMPLETE_ONLY_V1,-1.1408841894494868,2.1262571056263866
2024-07-31,KBS:HOSE:NBB,0,1,experiment-20261003T113748Z-acb3a2e7,CAFEF_C8_COMPLETE_ONLY_V1,-1.0172706664464282,0.11498446120600438
2024-07-31,KBS:HOSE:NCT,0,1,experiment-20261003T113748Z-acb3a2e7,CAFEF_C8_COMPLETE_ONLY_V1,-1.2172574258505768,1.1037038613785655
2024-07-31,KBS:HOSE:NHA,0,1,experiment-20261003T113748Z-acb3a2e7,CAFEF_C8_COMPLETE_ONLY_V1,0.11817276208252805,3.1884091372166825
2024-07-31,KBS:HOSE:NHT,0,1,experiment-20261003T113748Z-acb3a2e7,CAFEF_C8_COMPLETE_ONLY_V1,-1.3664111834598212,0.1002807365324068
2024-07-31,KBS:HOSE:NKG,0,1,experiment-20261003T113748Z-acb3a2e7,CAFEF_C8_COMPLETE_ONLY_V1,2.209766801939675,-1.0173769304571783
2024-07-31,KBS:HOSE:NLG,0,1,experiment-20261003T113748Z-acb3a2e7,CAFEF_C8_COMPLETE_ONLY_V1,2.095384361201181,-0.4542175768584927
2024-07-31,KBS:HOSE:NNC,0,1,experiment-20261003T113748Z-acb3a2e7,CAFEF_C8_COMPLETE_ONLY_V1,-1.1390227052964248,3.075292920397162
2024-07-31,KBS:HOSE:NVL,0,1,experiment-20261003T113748Z-acb3a2e7,CAFEF_C8_COMPLETE_ONLY_V1,2.8174634355465296,-3.246970421204925
2024-07-31,KBS:HOSE:NVT,0,1,experiment-20261003T113748Z-acb3a2e7,CAFEF_C8_COMPLETE_ONLY_V1,-1.442839351344593,-1.141429702347419
2024-07-31,KBS:HOSE:OCB,0,1,experiment-20261003T113748Z-acb3a2e7,CAFEF_C8_COMPLETE_ONLY_V1,-0.2403276871831617,0.31664962635902383
2024-07-31,KBS:HOSE:OGC,0,1,experiment-20261003T113748Z-acb3a2e7,CAFEF_C8_COMPLETE_ONLY_V1,-1.4868277120456417,-2.5149471478006458
2024-07-31,KBS:HOSE:OPC,0,1,experiment-20261003T113748Z-acb3a2e7,CAFEF_C8_COMPLETE_ONLY_V1,-1.3070728654901251,0.6439447550944185
2024-07-31,KBS:HOSE:PAC,0,1,experiment-20261003T113748Z-acb3a2e7,CAFEF_C8_COMPLETE_ONLY_V1,-0.9148680280291924,1.1069994115149577
2024-07-31,KBS:HOSE:PAN,0,1,experiment-20261003T113748Z-acb3a2e7,CAFEF_C8_COMPLETE_ONLY_V1,-0.1581516361449422,0.06253145168403013
2024-07-31,KBS:HOSE:PDN,0,1,experiment-20261003T113748Z-acb3a2e7,CAFEF_C8_COMPLETE_ONLY_V1,-1.316757958416861,0.3138451011528467
2024-07-31,KBS:HOSE:PGC,0,1,experiment-20261003T113748Z-acb3a2e7,CAFEF_C8_COMPLETE_ONLY_V1,-1.2302268891716721,1.215745050350117
2024-07-31,KBS:HOSE:PGD,0,1,experiment-20261003T113748Z-acb3a2e7,CAFEF_C8_COMPLETE_ONLY_V1,-1.4263620645468922,-0.8935262053416585
2024-07-31,KBS:HOSE:PGV,0,1,experiment-20261003T113748Z-acb3a2e7,CAFEF_C8_COMPLETE_ONLY_V1,-1.3504729961439075,-0.34447756389898637
2024-07-31,KBS:HOSE:PHR,0,1,experiment-20261003T113748Z-acb3a2e7,CAFEF_C8_COMPLETE_ONLY_V1,-0.6061554301439528,-0.10256238805121838
2024-07-31,KBS:HOSE:PLP,0,1,experiment-20261003T113748Z-acb3a2e7,CAFEF_C8_COMPLETE_ONLY_V1,-1.2826915122676477,0.7118307234908284
2024-07-31,KBS:HOSE:PLX,0,1,experiment-20261003T113748Z-acb3a2e7,CAFEF_C8_COMPLETE_ONLY_V1,2.748351861020595,2.3421102371657616
2024-07-31,KBS:HOSE:PNJ,0,1,experiment-20261003T113748Z-acb3a2e7,CAFEF_C8_COMPLETE_ONLY_V1,2.405948634060071,0.385725980535463
2024-07-31,KBS:HOSE:PTB,0,1,experiment-20261003T113748Z-acb3a2e7,CAFEF_C8_COMPLETE_ONLY_V1,-0.755938769126438,0.7801455253785
2024-07-31,KBS:HOSE:PTC,0,1,experiment-20261003T113748Z-acb3a2e7,CAFEF_C8_COMPLETE_ONLY_V1,-1.4247878373306313,-0.9774095836384235
2024-07-31,KBS:HOSE:PTL,0,1,experiment-20261003T113748Z-acb3a2e7,CAFEF_C8_COMPLETE_ONLY_V1,-1.4485814504762797,-1.8017539597586496
2024-07-31,KBS:HOSE:PVP,0,1,experiment-20261003T113748Z-acb3a2e7,CAFEF_C8_COMPLETE_ONLY_V1,-0.41794881038873294,2.4544885843319495
2024-07-31,KBS:HOSE:PVT,0,1,experiment-20261003T113748Z-acb3a2e7,CAFEF_C8_COMPLETE_ONLY_V1,1.6316106332231324,0.5076614038364329
2024-07-31,KBS:HOSE:QCG,0,1,experiment-20261003T113748Z-acb3a2e7,CAFEF_C8_COMPLETE_ONLY_V1,-1.3665834703342943,-6.229643221354531
2024-07-31,KBS:HOSE:RAL,0,1,experiment-20261003T113748Z-acb3a2e7,CAFEF_C8_COMPLETE_ONLY_V1,-1.027600894482372,1.7185629460322922
2024-07-31,KBS:HOSE:S4A,0,1,experiment-20261003T113748Z-acb3a2e7,CAFEF_C8_COMPLETE_ONLY_V1,-1.1830928924653559,1.5761271958128689
2024-07-31,KBS:HOSE:SAB,0,1,experiment-20261003T113748Z-acb3a2e7,CAFEF_C8_COMPLETE_ONLY_V1,1.1273946474839245,-1.07135019845382
2024-07-31,KBS:HOSE:SAM,0,1,experiment-20261003T113748Z-acb3a2e7,CAFEF_C8_COMPLETE_ONLY_V1,-0.9059306395534108,0.32482105810353384
2024-07-31,KBS:HOSE:SAV,0,1,experiment-20261003T113748Z-acb3a2e7,CAFEF_C8_COMPLETE_ONLY_V1,-0.2151972781764436,6.800455051990252
2024-07-31,KBS:HOSE:SBA,0,1,experiment-20261003T113748Z-acb3a2e7,CAFEF_C8_COMPLETE_ONLY_V1,-1.2127886990411858,1.063960431670463
2024-07-31,KBS:HOSE:SBV,0,1,experiment-20261003T113748Z-acb3a2e7,CAFEF_C8_COMPLETE_ONLY_V1,-1.3382995072940436,0.42563847758087286
2024-07-31,KBS:HOSE:SC5,0,1,experiment-20261003T113748Z-acb3a2e7,CAFEF_C8_COMPLETE_ONLY_V1,-1.3089051301787704,-0.3837852731192559
2024-07-31,KBS:HOSE:SCR,0,1,experiment-20261003T113748Z-acb3a2e7,CAFEF_C8_COMPLETE_ONLY_V1,-1.1652496055573804,-1.7586661457112496
2024-07-31,KBS:HOSE:SCS,0,1,experiment-20261003T113748Z-acb3a2e7,CAFEF_C8_COMPLETE_ONLY_V1,0.019378414358003408,1.1210667448648723
2024-07-31,KBS:HOSE:SFI,0,1,experiment-20261003T113748Z-acb3a2e7,CAFEF_C8_COMPLETE_ONLY_V1,-1.3094413627604595,0.2734463094505331
2024-07-31,KBS:HOSE:SGR,0,1,experiment-20261003T113748Z-acb3a2e7,CAFEF_C8_COMPLETE_ONLY_V1,-0.9708926013177049,1.671359511512647
2024-07-31,KBS:HOSE:SGT,0,1,experiment-20261003T113748Z-acb3a2e7,CAFEF_C8_COMPLETE_ONLY_V1,-1.245907450798048,0.8290001482045114
2024-07-31,KBS:HOSE:SHA,0,1,experiment-20261003T113748Z-acb3a2e7,CAFEF_C8_COMPLETE_ONLY_V1,-1.3401097084069191,0.1386817359505781
2024-07-31,KBS:HOSE:SHB,1,0,experiment-20261003T113748Z-acb3a2e7,CAFEF_C8_COMPLETE_ONLY_V1,5.948934119211633,-0.738048483515635
2024-07-31,KBS:HOSE:SHI,0,1,experiment-20261003T113748Z-acb3a2e7,CAFEF_C8_COMPLETE_ONLY_V1,-0.8832083204794648,0.542491858272581
2024-07-31,KBS:HOSE:SHP,0,1,experiment-20261003T113748Z-acb3a2e7,CAFEF_C8_COMPLETE_ONLY_V1,-1.2222625966508183,0.9394551719865122
2024-07-31,KBS:HOSE:SJD,0,1,experiment-20261003T113748Z-acb3a2e7,CAFEF_C8_COMPLETE_ONLY_V1,-1.1545094425457765,0.8475529388223303
2024-07-31,KBS:HOSE:SJS,0,1,experiment-20261003T113748Z-acb3a2e7,CAFEF_C8_COMPLETE_ONLY_V1,-0.3015768409631982,-0.21539813765025329
2024-07-31,KBS:HOSE:SMB,0,1,experiment-20261003T113748Z-acb3a2e7,CAFEF_C8_COMPLETE_ONLY_V1,-1.2733828453361502,0.6080505995226814
2024-07-31,KBS:HOSE:SPM,0,1,experiment-20261003T113748Z-acb3a2e7,CAFEF_C8_COMPLETE_ONLY_V1,-1.4229747868380176,-0.3768666737304708
2024-07-31,KBS:HOSE:SRC,0,1,experiment-20261003T113748Z-acb3a2e7,CAFEF_C8_COMPLETE_ONLY_V1,-1.1018596817528847,2.7501472152003377
2024-07-31,KBS:HOSE:SRF,0,1,experiment-20261003T113748Z-acb3a2e7,CAFEF_C8_COMPLETE_ONLY_V1,-1.2918488382350597,0.014097191359263801
2024-07-31,KBS:HOSE:SSB,0,1,experiment-20261003T113748Z-acb3a2e7,CAFEF_C8_COMPLETE_ONLY_V1,1.9458796391524609,-0.2986440875163917
2024-07-31,KBS:HOSE:STB,1,0,experiment-20261003T113748Z-acb3a2e7,CAFEF_C8_COMPLETE_ONLY_V1,9.247121119152375,-1.021649306299941
2024-07-31,KBS:HOSE:STG,0,1,experiment-20261003T113748Z-acb3a2e7,CAFEF_C8_COMPLETE_ONLY_V1,-1.4747239762530229,-0.6558673565529742
2024-07-31,KBS:HOSE:STK,0,1,experiment-20261003T113748Z-acb3a2e7,CAFEF_C8_COMPLETE_ONLY_V1,-1.0589217131116453,-1.5837606270619455
2024-07-31,KBS:HOSE:SVC,0,1,experiment-20261003T113748Z-acb3a2e7,CAFEF_C8_COMPLETE_ONLY_V1,-1.5030764497108768,-1.5336240511256132
2024-07-31,KBS:HOSE:SVT,0,1,experiment-20261003T113748Z-acb3a2e7,CAFEF_C8_COMPLETE_ONLY_V1,-1.2490698640063485,0.9041852418944025
2024-07-31,KBS:HOSE:TCB,1,0,experiment-20261003T113748Z-acb3a2e7,CAFEF_C8_COMPLETE_ONLY_V1,7.061842513154158,0.6855316486295719
2024-07-31,KBS:HOSE:TCL,0,1,experiment-20261003T113748Z-acb3a2e7,CAFEF_C8_COMPLETE_ONLY_V1,-1.2736323607060167,0.09536026934124027
2024-07-31,KBS:HOSE:TCM,0,1,experiment-20261003T113748Z-acb3a2e7,CAFEF_C8_COMPLETE_ONLY_V1,4.007004728258857,1.3096910151194265
2024-07-31,KBS:HOSE:TCO,0,1,experiment-20261003T113748Z-acb3a2e7,CAFEF_C8_COMPLETE_ONLY_V1,-0.973973087522524,3.079173884678942
2024-07-31,KBS:HOSE:TCR,0,1,experiment-20261003T113748Z-acb3a2e7,CAFEF_C8_COMPLETE_ONLY_V1,-1.4620953357569149,-1.8452756519046751
2024-07-31,KBS:HOSE:TDC,0,1,experiment-20261003T113748Z-acb3a2e7,CAFEF_C8_COMPLETE_ONLY_V1,-0.8595123722824635,2.288675708429039
2024-07-31,KBS:HOSE:TDG,0,1,experiment-20261003T113748Z-acb3a2e7,CAFEF_C8_COMPLETE_ONLY_V1,-1.0926385681250694,2.7867755982303093
2024-07-31,KBS:HOSE:TDP,0,1,experiment-20261003T113748Z-acb3a2e7,CAFEF_C8_COMPLETE_ONLY_V1,-1.1461419447998298,1.2439656799360461
2024-07-31,KBS:HOSE:TDW,0,1,experiment-20261003T113748Z-acb3a2e7,CAFEF_C8_COMPLETE_ONLY_V1,-1.1763227263270442,3.4808706273989283
2024-07-31,KBS:HOSE:TEG,0,1,experiment-20261003T113748Z-acb3a2e7,CAFEF_C8_COMPLETE_ONLY_V1,-1.2353611426820323,-0.15149566396056016
2024-07-31,KBS:HOSE:THG,0,1,experiment-20261003T113748Z-acb3a2e7,CAFEF_C8_COMPLETE_ONLY_V1,-1.1346564373142312,1.654763502161504
2024-07-31,KBS:HOSE:TIP,0,1,experiment-20261003T113748Z-acb3a2e7,CAFEF_C8_COMPLETE_ONLY_V1,-0.5728333048089002,0.025921319363169732
2024-07-31,KBS:HOSE:TLG,0,1,experiment-20261003T113748Z-acb3a2e7,CAFEF_C8_COMPLETE_ONLY_V1,-0.8897228929256803,0.45762805599241874
2024-07-31,KBS:HOSE:TLH,0,1,experiment-20261003T113748Z-acb3a2e7,CAFEF_C8_COMPLETE_ONLY_V1,-0.8275623188396373,-1.8188085274424484
2024-07-31,KBS:HOSE:TMS,0,1,experiment-20261003T113748Z-acb3a2e7,CAFEF_C8_COMPLETE_ONLY_V1,-1.2967780287709163,0.25487800877512606
2024-07-31,KBS:HOSE:TMT,0,1,experiment-20261003T113748Z-acb3a2e7,CAFEF_C8_COMPLETE_ONLY_V1,-1.6153626232936085,-3.46141772972799
2024-07-31,KBS:HOSE:TN1,0,1,experiment-20261003T113748Z-acb3a2e7,CAFEF_C8_COMPLETE_ONLY_V1,-1.3066199298450965,-0.541382961794853
2024-07-31,KBS:HOSE:TNC,0,1,experiment-20261003T113748Z-acb3a2e7,CAFEF_C8_COMPLETE_ONLY_V1,-1.710811316056062,-2.994082524270405
2024-07-31,KBS:HOSE:TNH,0,1,experiment-20261003T113748Z-acb3a2e7,CAFEF_C8_COMPLETE_ONLY_V1,0.6159658379266512,-0.08809756809440149
2024-07-31,KBS:HOSE:TNI,0,1,experiment-20261003T113748Z-acb3a2e7,CAFEF_C8_COMPLETE_ONLY_V1,-1.4082026467817241,-0.692566978810453
2024-07-31,KBS:HOSE:TNT,0,1,experiment-20261003T113748Z-acb3a2e7,CAFEF_C8_COMPLETE_ONLY_V1,-1.4072632190135996,-1.6162151640421087
2024-07-31,KBS:HOSE:TPB,1,0,experiment-20261003T113748Z-acb3a2e7,CAFEF_C8_COMPLETE_ONLY_V1,5.009804050387239,-0.13180343728986732
2024-07-31,KBS:HOSE:TRA,0,1,experiment-20261003T113748Z-acb3a2e7,CAFEF_C8_COMPLETE_ONLY_V1,-1.408891427446022,-0.07342951312289332
2024-07-31,KBS:HOSE:TRC,0,1,experiment-20261003T113748Z-acb3a2e7,CAFEF_C8_COMPLETE_ONLY_V1,-1.1970211633519943,0.23874788828093468
2024-07-31,KBS:HOSE:TTE,0,1,experiment-20261003T113748Z-acb3a2e7,CAFEF_C8_COMPLETE_ONLY_V1,-1.3380099032558646,0.1683816450198389
2024-07-31,KBS:HOSE:TV2,0,1,experiment-20261003T113748Z-acb3a2e7,CAFEF_C8_COMPLETE_ONLY_V1,-0.4530246264319147,-3.0800064700744505
2024-07-31,KBS:HOSE:TVB,0,1,experiment-20261003T113748Z-acb3a2e7,CAFEF_C8_COMPLETE_ONLY_V1,-1.051482894533143,0.3197869568122713
2024-07-31,KBS:HOSE:TVS,0,1,experiment-20261003T113748Z-acb3a2e7,CAFEF_C8_COMPLETE_ONLY_V1,-0.7447365894748404,-1.2582215431474189
2024-07-31,KBS:HOSE:UIC,0,1,experiment-20261003T113748Z-acb3a2e7,CAFEF_C8_COMPLETE_ONLY_V1,-1.3212280876955202,0.6484864058152541
2024-07-31,KBS:HOSE:VCA,0,1,experiment-20261003T113748Z-acb3a2e7,CAFEF_C8_COMPLETE_ONLY_V1,-1.3470617691718199,-0.07634305994251982
2024-07-31,KBS:HOSE:VCG,0,1,experiment-20261003T113748Z-acb3a2e7,CAFEF_C8_COMPLETE_ONLY_V1,-0.04684218062648541,-1.4520514947843486
2024-07-31,KBS:HOSE:VDS,0,1,experiment-20261003T113748Z-acb3a2e7,CAFEF_C8_COMPLETE_ONLY_V1,0.3274980980271013,1.3601981554762554
2024-07-31,KBS:HOSE:VFG,0,1,experiment-20261003T113748Z-acb3a2e7,CAFEF_C8_COMPLETE_ONLY_V1,-0.7453366869528641,2.4189542603901613
2024-07-31,KBS:HOSE:VGC,0,1,experiment-20261003T113748Z-acb3a2e7,CAFEF_C8_COMPLETE_ONLY_V1,-0.7884288114278075,-1.7832748970289563
2024-07-31,KBS:HOSE:VHM,1,0,experiment-20261003T113748Z-acb3a2e7,CAFEF_C8_COMPLETE_ONLY_V1,6.5569111949488095,-2.0456161309869723
2024-07-31,KBS:HOSE:VIP,0,1,experiment-20261003T113748Z-acb3a2e7,CAFEF_C8_COMPLETE_ONLY_V1,-0.5922385663549607,1.5132342572243849
2024-07-31,KBS:HOSE:VIX,1,0,experiment-20261003T113748Z-acb3a2e7,CAFEF_C8_COMPLETE_ONLY_V1,6.594265464121573,-3.262023458966354
2024-07-31,KBS:HOSE:VJC,0,1,experiment-20261003T113748Z-acb3a2e7,CAFEF_C8_COMPLETE_ONLY_V1,1.8492884762235131,0.21315389723532316
2024-07-31,KBS:HOSE:VND,0,1,experiment-20261003T113748Z-acb3a2e7,CAFEF_C8_COMPLETE_ONLY_V1,3.39922959240935,-1.8304125452052629
2024-07-31,KBS:HOSE:VNG,0,1,experiment-20261003T113748Z-acb3a2e7,CAFEF_C8_COMPLETE_ONLY_V1,-1.3538317512509308,0.15279502610199955
2024-07-31,KBS:HOSE:VOS,0,1,experiment-20261003T113748Z-acb3a2e7,CAFEF_C8_COMPLETE_ONLY_V1,1.9216813322220314,1.8284446405848902
2024-07-31,KBS:HOSE:VPB,1,0,experiment-20261003T113748Z-acb3a2e7,CAFEF_C8_COMPLETE_ONLY_V1,10.326793635561524,-0.6201926790931312
2024-07-31,KBS:HOSE:VPS,0,1,experiment-20261003T113748Z-acb3a2e7,CAFEF_C8_COMPLETE_ONLY_V1,-1.3145287360468212,0.8623711921585607
2024-07-31,KBS:HOSE:VSH,0,1,experiment-20261003T113748Z-acb3a2e7,CAFEF_C8_COMPLETE_ONLY_V1,-1.2331305314695673,0.9803641884664177
2024-07-31,KBS:HOSE:VSI,0,1,experiment-20261003T113748Z-acb3a2e7,CAFEF_C8_COMPLETE_ONLY_V1,-1.2848757799711301,0.47676694128188885
2024-07-31,KBS:HOSE:VTO,0,1,experiment-20261003T113748Z-acb3a2e7,CAFEF_C8_COMPLETE_ONLY_V1,-0.11241226062714331,4.169749325999019
2024-07-31,KBS:UPCOM:GMC,0,1,experiment-20261003T113748Z-acb3a2e7,CAFEF_C8_COMPLETE_ONLY_V1,-1.3811549608374294,-0.05809154570681769
2024-07-31,KBS:UPCOM:HBC,0,1,experiment-20261003T113748Z-acb3a2e7,CAFEF_C8_COMPLETE_ONLY_V1,-1.2170588124671977,-3.8219522694618733
2024-07-31,KBS:UPCOM:HNG,0,1,experiment-20261003T113748Z-acb3a2e7,CAFEF_C8_COMPLETE_ONLY_V1,-0.7740962756893979,-2.271082212431705
2024-08-30,KBS:HNX:CST,0,1,experiment-20261003T113748Z-acb3a2e7,CAFEF_C8_COMPLETE_ONLY_V1,-5.287418520417575,1.121120183067881
2024-08-30,KBS:HNX:MIC,0,1,experiment-20261003T113748Z-acb3a2e7,CAFEF_C8_COMPLETE_ONLY_V1,-5.688667835347885,0.293331499693792
2024-08-30,KBS:HNX:PTX,0,1,experiment-20261003T113748Z-acb3a2e7,CAFEF_C8_COMPLETE_ONLY_V1,-5.950262150205222,188.78480332342497
2024-08-30,KBS:HOSE:AAM,0,1,experiment-20261003T113748Z-acb3a2e7,CAFEF_C8_COMPLETE_ONLY_V1,-5.725269895500867,-2.2972809496463147
2024-08-30,KBS:HOSE:AAT,0,1,experiment-20261003T113748Z-acb3a2e7,CAFEF_C8_COMPLETE_ONLY_V1,-5.441138004004654,-1.6823439639093671
2024-08-30,KBS:HOSE:ABR,0,1,experiment-20261003T113748Z-acb3a2e7,CAFEF_C8_COMPLETE_ONLY_V1,-5.722345049891372,-0.9262466753241111
2024-08-30,KBS:HOSE:ABS,0,1,experiment-20261003T113748Z-acb3a2e7,CAFEF_C8_COMPLETE_ONLY_V1,-5.384206316690923,-2.5524187347289358
2024-08-30,KBS:HOSE:ABT,0,1,experiment-20261003T113748Z-acb3a2e7,CAFEF_C8_COMPLETE_ONLY_V1,-5.65772231851488,0.7317667806623663
2024-08-30,KBS:HOSE:ACC,0,1,experiment-20261003T113748Z-acb3a2e7,CAFEF_C8_COMPLETE_ONLY_V1,-5.435597012633906,-0.2718668035016898
2024-08-30,KBS:HOSE:ACG,0,1,experiment-20261003T113748Z-acb3a2e7,CAFEF_C8_COMPLETE_ONLY_V1,-5.445247865461017,-0.6837881412881708
2024-08-30,KBS:HOSE:ACL,0,1,experiment-20261003T113748Z-acb3a2e7,CAFEF_C8_COMPLETE_ONLY_V1,-5.651429465786777,-1.2866526142275103
2024-08-30,KBS:HOSE:ADP,0,1,experiment-20261003T113748Z-acb3a2e7,CAFEF_C8_COMPLETE_ONLY_V1,-5.465307189329784,1.7427752753794
2024-08-30,KBS:HOSE:ADS,0,1,experiment-20261003T113748Z-acb3a2e7,CAFEF_C8_COMPLETE_ONLY_V1,-4.777734786190597,-1.8528792613059801
2024-08-30,KBS:HOSE:AFX,0,1,experiment-20261003T113748Z-acb3a2e7,CAFEF_C8_COMPLETE_ONLY_V1,-5.033389919516082,-1.624867602641308
2024-08-30,KBS:HOSE:AGG,0,1,experiment-20261003T113748Z-acb3a2e7,CAFEF_C8_COMPLETE_ONLY_V1,0.2450961149032228,-1.8188517011115113
2024-08-30,KBS:HOSE:AGR,0,1,experiment-20261003T113748Z-acb3a2e7,CAFEF_C8_COMPLETE_ONLY_V1,1.5458988213121416,-0.6523474589792958
2024-08-30,KBS:HOSE:ANT,0,1,experiment-20261003T113748Z-acb3a2e7,CAFEF_C8_COMPLETE_ONLY_V1,-5.60697412264514,3.361278876902765
2024-08-30,KBS:HOSE:ANV,0,1,experiment-20261003T113748Z-acb3a2e7,CAFEF_C8_COMPLETE_ONLY_V1,4.11708398504832,-1.08299276727409
2024-08-30,KBS:HOSE:APG,0,1,experiment-20261003T113748Z-acb3a2e7,CAFEF_C8_COMPLETE_ONLY_V1,-4.458296430356069,-1.5215118892257264
2024-08-30,KBS:HOSE:APH,0,1,experiment-20261003T113748Z-acb3a2e7,CAFEF_C8_COMPLETE_ONLY_V1,0.40345231319055047,-2.5521108134515593
2024-08-30,KBS:HOSE:ASM,0,1,experiment-20261003T113748Z-acb3a2e7,CAFEF_C8_COMPLETE_ONLY_V1,-2.469601329482082,-1.46571864863142
2024-08-30,KBS:HOSE:ASP,0,1,experiment-20261003T113748Z-acb3a2e7,CAFEF_C8_COMPLETE_ONLY_V1,-5.68471717606224,-1.9728845428706279
2024-08-30,KBS:HOSE:AST,0,1,experiment-20261003T113748Z-acb3a2e7,CAFEF_C8_COMPLETE_ONLY_V1,-5.525407088615038,-0.8749015548631112
2024-08-30,KBS:HOSE:BCE,0,1,experiment-20261003T113748Z-acb3a2e7,CAFEF_C8_COMPLETE_ONLY_V1,-5.57006882683004,-0.9730068475391659
2024-08-30,KBS:HOSE:BCM,0,1,experiment-20261003T113748Z-acb3a2e7,CAFEF_C8_COMPLETE_ONLY_V1,14.704544773120464,0.29007283006990886
2024-08-30,KBS:HOSE:BFC,0,1,experiment-20261003T113748Z-acb3a2e7,CAFEF_C8_COMPLETE_ONLY_V1,8.264370508521568,3.3537883900917342
2024-08-30,KBS:HOSE:BHN,0,1,experiment-20261003T113748Z-acb3a2e7,CAFEF_C8_COMPLETE_ONLY_V1,-5.693720317951361,-0.36952875977290855
2024-08-30,KBS:HOSE:BIC,0,1,experiment-20261003T113748Z-acb3a2e7,CAFEF_C8_COMPLETE_ONLY_V1,-5.075498573866281,0.2894944023480192
2024-08-30,KBS:HOSE:BKG,0,1,experiment-20261003T113748Z-acb3a2e7,CAFEF_C8_COMPLETE_ONLY_V1,-5.472945939182998,-1.816885293417978
2024-08-30,KBS:HOSE:BMI,0,1,experiment-20261003T113748Z-acb3a2e7,CAFEF_C8_COMPLETE_ONLY_V1,-4.522516639873348,-0.8066996647697137
2024-08-30,KBS:HOSE:BRC,0,1,experiment-20261003T113748Z-acb3a2e7,CAFEF_C8_COMPLETE_ONLY_V1,-5.595697590781647,-0.7224686101360399
2024-08-30,KBS:HOSE:BSR,1,0,experiment-20261003T113748Z-acb3a2e7,CAFEF_C8_COMPLETE_ONLY_V1,67.84163627856441,0.3410201142820538
2024-08-30,KBS:HOSE:BTP,0,1,experiment-20261003T113748Z-acb3a2e7,CAFEF_C8_COMPLETE_ONLY_V1,-5.655212757504407,-1.4311907599750056
2024-08-30,KBS:HOSE:BVH,0,1,experiment-20261003T113748Z-acb3a2e7,CAFEF_C8_COMPLETE_ONLY_V1,3.68616890355022,-0.4191458432201978
2024-08-30,KBS:HOSE:C32,0,1,experiment-20261003T113748Z-acb3a2e7,CAFEF_C8_COMPLETE_ONLY_V1,-5.640942944712129,-0.9107976929245569
2024-08-30,KBS:HOSE:CCI,0,1,experiment-20261003T113748Z-acb3a2e7,CAFEF_C8_COMPLETE_ONLY_V1,-5.698590734967303,-1.2304170759566686
2024-08-30,KBS:HOSE:CCL,0,1,experiment-20261003T113748Z-acb3a2e7,CAFEF_C8_COMPLETE_ONLY_V1,-3.9333656843688876,-1.01244715054591
2024-08-30,KBS:HOSE:CDC,0,1,experiment-20261003T113748Z-acb3a2e7,CAFEF_C8_COMPLETE_ONLY_V1,-1.9159281005706856,-1.3054389191239566
2024-08-30,KBS:HOSE:CHP,0,1,experiment-20261003T113748Z-acb3a2e7,CAFEF_C8_COMPLETE_ONLY_V1,-5.435516621112489,0.3998812954467715
2024-08-30,KBS:HOSE:CIG,0,1,experiment-20261003T113748Z-acb3a2e7,CAFEF_C8_COMPLETE_ONLY_V1,-5.561243586641841,-1.19055794725352
2024-08-30,KBS:HOSE:CII,0,1,experiment-20261003T113748Z-acb3a2e7,CAFEF_C8_COMPLETE_ONLY_V1,12.565754208216175,-1.5518293836709216
2024-08-30,KBS:HOSE:CKG,0,1,experiment-20261003T113748Z-acb3a2e7,CAFEF_C8_COMPLETE_ONLY_V1,-3.81250998757825,-0.24634006576044734
2024-08-30,KBS:HOSE:CLC,0,1,experiment-20261003T113748Z-acb3a2e7,CAFEF_C8_COMPLETE_ONLY_V1,-5.63989345361602,-0.08241201905941826
2024-08-30,KBS:HOSE:CLW,0,1,experiment-20261003T113748Z-acb3a2e7,CAFEF_C8_COMPLETE_ONLY_V1,-5.745016500259917,2.372293053062739
2024-08-30,KBS:HOSE:CMV,0,1,experiment-20261003T113748Z-acb3a2e7,CAFEF_C8_COMPLETE_ONLY_V1,-5.718846408802352,-0.9024959036404354
2024-08-30,KBS:HOSE:CMX,0,1,experiment-20261003T113748Z-acb3a2e7,CAFEF_C8_COMPLETE_ONLY_V1,-4.32490176718973,-1.1845209794119453
2024-08-30,KBS:HOSE:CNG,0,1,experiment-20261003T113748Z-acb3a2e7,CAFEF_C8_COMPLETE_ONLY_V1,-1.623101589734188,0.37915924344537466
2024-08-30,KBS:HOSE:COM,0,1,experiment-20261003T113748Z-acb3a2e7,CAFEF_C8_COMPLETE_ONLY_V1,-5.7233328505168,-1.3197040688904123
2024-08-30,KBS:HOSE:CRC,0,1,experiment-20261003T113748Z-acb3a2e7,CAFEF_C8_COMPLETE_ONLY_V1,-5.349413212806013,-0.9261251754140007
2024-08-30,KBS:HOSE:CRE,0,1,experiment-20261003T113748Z-acb3a2e7,CAFEF_C8_COMPLETE_ONLY_V1,-5.105908066660579,-1.8156601423591998
2024-08-30,KBS:HOSE:CSV,0,1,experiment-20261003T113748Z-acb3a2e7,CAFEF_C8_COMPLETE_ONLY_V1,25.03032971875372,4.4934233469005145
2024-08-30,KBS:HOSE:CTD,0,1,experiment-20261003T113748Z-acb3a2e7,CAFEF_C8_COMPLETE_ONLY_V1,7.380392840743621,-0.9215745189029231
2024-08-30,KBS:HOSE:CTF,0,1,experiment-20261003T113748Z-acb3a2e7,CAFEF_C8_COMPLETE_ONLY_V1,-3.9483574017528675,-0.6919217140349575
2024-08-30,KBS:HOSE:CTI,0,1,experiment-20261003T113748Z-acb3a2e7,CAFEF_C8_COMPLETE_ONLY_V1,-4.107992839833732,-1.1484888249546628
2024-08-30,KBS:HOSE:CTR,0,1,experiment-20261003T113748Z-acb3a2e7,CAFEF_C8_COMPLETE_ONLY_V1,8.101084712683733,0.4722024701808205
2024-08-30,KBS:HOSE:CTS,0,1,experiment-20261003T113748Z-acb3a2e7,CAFEF_C8_COMPLETE_ONLY_V1,18.62465536359388,0.26033976478434473
2024-08-30,KBS:HOSE:CVT,0,1,experiment-20261003T113748Z-acb3a2e7,CAFEF_C8_COMPLETE_ONLY_V1,-5.70036670561216,-1.2727382691945144
2024-08-30,KBS:HOSE:D2D,0,1,experiment-20261003T113748Z-acb3a2e7,CAFEF_C8_COMPLETE_ONLY_V1,-5.287331647966403,-0.4687291850040303
2024-08-30,KBS:HOSE:DAH,0,1,experiment-20261003T113748Z-acb3a2e7,CAFEF_C8_COMPLETE_ONLY_V1,-5.624738339844149,-2.2359673130290747
2024-08-30,KBS:HOSE:DBC,1,0,experiment-20261003T113748Z-acb3a2e7,CAFEF_C8_COMPLETE_ONLY_V1,51.190457842907435,-0.026907565417226578
2024-08-30,KBS:HOSE:DBD,0,1,experiment-20261003T113748Z-acb3a2e7,CAFEF_C8_COMPLETE_ONLY_V1,-3.7079980187399424,-0.9619824851826774
2024-08-30,KBS:HOSE:DC4,0,1,experiment-20261003T113748Z-acb3a2e7,CAFEF_C8_COMPLETE_ONLY_V1,-4.12668622617507,-0.3773084913713657
2024-08-30,KBS:HOSE:DCL,0,1,experiment-20261003T113748Z-acb3a2e7,CAFEF_C8_COMPLETE_ONLY_V1,-2.585523196217884,-0.9380753282054243
2024-08-30,KBS:HOSE:DCM,0,1,experiment-20261003T113748Z-acb3a2e7,CAFEF_C8_COMPLETE_ONLY_V1,43.76671134458715,0.17104433049816228
2024-08-30,KBS:HOSE:DGC,1,0,experiment-20261003T113748Z-acb3a2e7,CAFEF_C8_COMPLETE_ONLY_V1,69.80215477550973,-0.35112952491621374
2024-08-30,KBS:HOSE:DGW,0,1,experiment-20261003T113748Z-acb3a2e7,CAFEF_C8_COMPLETE_ONLY_V1,22.131474486046645,-0.3733640644481012
2024-08-30,KBS:HOSE:DHA,0,1,experiment-20261003T113748Z-acb3a2e7,CAFEF_C8_COMPLETE_ONLY_V1,-5.2930073471155445,-1.2935561095545516
2024-08-30,KBS:HOSE:DHC,0,1,experiment-20261003T113748Z-acb3a2e7,CAFEF_C8_COMPLETE_ONLY_V1,-3.8308439933028797,-1.1797865220965784
2024-08-30,KBS:HOSE:DLG,0,1,experiment-20261003T113748Z-acb3a2e7,CAFEF_C8_COMPLETE_ONLY_V1,-4.883239609285706,-1.7348780798794852
2024-08-30,KBS:HOSE:DMC,0,1,experiment-20261003T113748Z-acb3a2e7,CAFEF_C8_COMPLETE_ONLY_V1,-5.698203308648042,0.34482407049006336
2024-08-30,KBS:HOSE:DPG,0,1,experiment-20261003T113748Z-acb3a2e7,CAFEF_C8_COMPLETE_ONLY_V1,7.2465727451078745,0.281606080593694
2024-08-30,KBS:HOSE:DQC,0,1,experiment-20261003T113748Z-acb3a2e7,CAFEF_C8_COMPLETE_ONLY_V1,-5.637367838731636,-1.7424311848999081
2024-08-30,KBS:HOSE:DRC,0,1,experiment-20261003T113748Z-acb3a2e7,CAFEF_C8_COMPLETE_ONLY_V1,-0.6899123545807743,0.015435982939324291
2024-08-30,KBS:HOSE:DRH,0,1,experiment-20261003T113748Z-acb3a2e7,CAFEF_C8_COMPLETE_ONLY_V1,-5.418892599673817,-3.787044038942642
2024-08-30,KBS:HOSE:DSC,0,1,experiment-20261003T113748Z-acb3a2e7,CAFEF_C8_COMPLETE_ONLY_V1,-4.683918606884262,-0.6604060890709429
2024-08-30,KBS:HOSE:DSN,0,1,experiment-20261003T113748Z-acb3a2e7,CAFEF_C8_COMPLETE_ONLY_V1,-5.45211763273676,-0.5338819801030774
2024-08-30,KBS:HOSE:DTA,0,1,experiment-20261003T113748Z-acb3a2e7,CAFEF_C8_COMPLETE_ONLY_V1,-5.705225435295965,-2.188425942679843
2024-08-30,KBS:HOSE:DTL,0,1,experiment-20261003T113748Z-acb3a2e7,CAFEF_C8_COMPLETE_ONLY_V1,-5.721306190284824,-1.6315215805038152
2024-08-30,KBS:HOSE:DTT,0,1,experiment-20261003T113748Z-acb3a2e7,CAFEF_C8_COMPLETE_ONLY_V1,-5.497817278375478,-0.30796985641811236
2024-08-30,KBS:HOSE:DVP,0,1,experiment-20261003T113748Z-acb3a2e7,CAFEF_C8_COMPLETE_ONLY_V1,-5.584710403561871,0.14608242925442563
2024-08-30,KBS:HOSE:DXG,1,0,experiment-20261003T113748Z-acb3a2e7,CAFEF_C8_COMPLETE_ONLY_V1,54.67262669820186,-1.1557871606999748
2024-08-30,KBS:HOSE:DXS,0,1,experiment-20261003T113748Z-acb3a2e7,CAFEF_C8_COMPLETE_ONLY_V1,-3.4250870496638584,-2.1970593177576556
2024-08-30,KBS:HOSE:DXV,0,1,experiment-20261003T113748Z-acb3a2e7,CAFEF_C8_COMPLETE_ONLY_V1,-5.72020328020853,-2.365217096402572
2024-08-30,KBS:HOSE:EVE,0,1,experiment-20261003T113748Z-acb3a2e7,CAFEF_C8_COMPLETE_ONLY_V1,-5.4638515507038345,-1.6765772856366177
2024-08-30,KBS:HOSE:EVG,0,1,experiment-20261003T113748Z-acb3a2e7,CAFEF_C8_COMPLETE_ONLY_V1,-1.721570634138875,0.4608875352789154
2024-08-30,KBS:HOSE:FCM,0,1,experiment-20261003T113748Z-acb3a2e7,CAFEF_C8_COMPLETE_ONLY_V1,-5.688059115973096,-2.611260376582506
2024-08-30,KBS:HOSE:FCN,0,1,experiment-20261003T113748Z-acb3a2e7,CAFEF_C8_COMPLETE_ONLY_V1,-4.038196495871957,-1.754110650674559
2024-08-30,KBS:HOSE:FDC,0,1,experiment-20261003T113748Z-acb3a2e7,CAFEF_C8_COMPLETE_ONLY_V1,-5.7304159510051536,-0.8224682970200833
2024-08-30,KBS:HOSE:FIR,0,1,experiment-20261003T113748Z-acb3a2e7,CAFEF_C8_COMPLETE_ONLY_V1,-4.791260311008293,-2.8583617969008697
2024-08-30,KBS:HOSE:FIT,0,1,experiment-20261003T113748Z-acb3a2e7,CAFEF_C8_COMPLETE_ONLY_V1,-5.080912013349637,-1.7570930239479778
2024-08-30,KBS:HOSE:FMC,0,1,experiment-20261003T113748Z-acb3a2e7,CAFEF_C8_COMPLETE_ONLY_V1,-5.413042815654927,-0.7654562515018202
2024-08-30,KBS:HOSE:FPT,1,0,experiment-20261003T113748Z-acb3a2e7,CAFEF_C8_COMPLETE_ONLY_V1,195.04599229942565,1.794281158009659
2024-08-30,KBS:HOSE:FRT,0,1,experiment-20261003T113748Z-acb3a2e7,CAFEF_C8_COMPLETE_ONLY_V1,34.54140393948939,1.7427539591675512
2024-08-30,KBS:HOSE:FTS,0,1,experiment-20261003T113748Z-acb3a2e7,CAFEF_C8_COMPLETE_ONLY_V1,43.64932616983886,0.798746671490977
2024-08-30,KBS:HOSE:GDT,0,1,experiment-20261003T113748Z-acb3a2e7,CAFEF_C8_COMPLETE_ONLY_V1,-5.35299400417478,-0.31656608598060487
2024-08-30,KBS:HOSE:GEG,0,1,experiment-20261003T113748Z-acb3a2e7,CAFEF_C8_COMPLETE_ONLY_V1,-1.0018732093311742,-1.271945403617931
2024-08-30,KBS:HOSE:GHC,0,1,experiment-20261003T113748Z-acb3a2e7,CAFEF_C8_COMPLETE_ONLY_V1,-5.556781040967652,-0.38875369625637596
2024-08-30,KBS:HOSE:GIL,0,1,experiment-20261003T113748Z-acb3a2e7,CAFEF_C8_COMPLETE_ONLY_V1,-3.448962873375302,-1.42001654703611
2024-08-30,KBS:HOSE:GMD,0,1,experiment-20261003T113748Z-acb3a2e7,CAFEF_C8_COMPLETE_ONLY_V1,18.447791093963925,-0.2334149755379103
2024-08-30,KBS:HOSE:GTA,0,1,experiment-20261003T113748Z-acb3a2e7,CAFEF_C8_COMPLETE_ONLY_V1,-5.706541806501459,-1.5967704463214611
2024-08-30,KBS:HOSE:HAG,0,1,experiment-20261003T113748Z-acb3a2e7,CAFEF_C8_COMPLETE_ONLY_V1,26.25212001195405,-1.8406974713667978
2024-08-30,KBS:HOSE:HAP,0,1,experiment-20261003T113748Z-acb3a2e7,CAFEF_C8_COMPLETE_ONLY_V1,-5.57780419818583,-1.3679940107727748
2024-08-30,KBS:HOSE:HAR,0,1,experiment-20261003T113748Z-acb3a2e7,CAFEF_C8_COMPLETE_ONLY_V1,-5.433898262552848,-1.471344678950408
2024-08-30,KBS:HOSE:HAS,0,1,experiment-20261003T113748Z-acb3a2e7,CAFEF_C8_COMPLETE_ONLY_V1,-5.712351064649165,-0.17840371753713918
2024-08-30,KBS:HOSE:HAX,0,1,experiment-20261003T113748Z-acb3a2e7,CAFEF_C8_COMPLETE_ONLY_V1,0.6500037457599663,0.7382167449940156
2024-08-30,KBS:HOSE:HCM,1,0,experiment-20261003T113748Z-acb3a2e7,CAFEF_C8_COMPLETE_ONLY_V1,84.02037716700033,0.6117445925970194
2024-08-30,KBS:HOSE:HDC,0,1,experiment-20261003T113748Z-acb3a2e7,CAFEF_C8_COMPLETE_ONLY_V1,6.206358358860554,-1.1192045673652895
2024-08-30,KBS:HOSE:HDG,0,1,experiment-20261003T113748Z-acb3a2e7,CAFEF_C8_COMPLETE_ONLY_V1,36.5862934052619,-0.432567748964568
2024-08-30,KBS:HOSE:HHP,0,1,experiment-20261003T113748Z-acb3a2e7,CAFEF_C8_COMPLETE_ONLY_V1,-4.911461816053226,-0.8627093137420342
2024-08-30,KBS:HOSE:HHV,0,1,experiment-20261003T113748Z-acb3a2e7,CAFEF_C8_COMPLETE_ONLY_V1,12.490920460029377,-1.3723520890780816
2024-08-30,KBS:HOSE:HID,0,1,experiment-20261003T113748Z-acb3a2e7,CAFEF_C8_COMPLETE_ONLY_V1,-5.658151258759328,-1.7351031548670293
2024-08-30,KBS:HOSE:HII,0,1,experiment-20261003T113748Z-acb3a2e7,CAFEF_C8_COMPLETE_ONLY_V1,-5.514498504828276,-2.139806210530601
2024-08-30,KBS:HOSE:HMC,0,1,experiment-20261003T113748Z-acb3a2e7,CAFEF_C8_COMPLETE_ONLY_V1,-5.666282734080512,-0.8433434010359864
2024-08-30,KBS:HOSE:HQC,0,1,experiment-20261003T113748Z-acb3a2e7,CAFEF_C8_COMPLETE_ONLY_V1,-1.5440199433871868,-1.7695474611575805
2024-08-30,KBS:HOSE:HRC,0,1,experiment-20261003T113748Z-acb3a2e7,CAFEF_C8_COMPLETE_ONLY_V1,-5.7359432858857815,-2.058166218889578
2024-08-30,KBS:HOSE:HSG,1,0,experiment-20261003T113748Z-acb3a2e7,CAFEF_C8_COMPLETE_ONLY_V1,66.63026821547788,-0.9824663916962904
2024-08-30,KBS:HOSE:HSL,0,1,experiment-20261003T113748Z-acb3a2e7,CAFEF_C8_COMPLETE_ONLY_V1,-5.5882544478865,-1.9637841252371235
2024-08-30,KBS:HOSE:HTI,0,1,experiment-20261003T113748Z-acb3a2e7,CAFEF_C8_COMPLETE_ONLY_V1,-5.669059579749035,-0.6488708078028895
2024-08-30,KBS:HOSE:HTL,0,1,experiment-20261003T113748Z-acb3a2e7,CAFEF_C8_COMPLETE_ONLY_V1,-5.700751299459925,1.7512879039598017
2024-08-30,KBS:HOSE:HTN,0,1,experiment-20261003T113748Z-acb3a2e7,CAFEF_C8_COMPLETE_ONLY_V1,-4.226190788200444,-2.9191515006117457
2024-08-30,KBS:HOSE:HTV,0,1,experiment-20261003T113748Z-acb3a2e7,CAFEF_C8_COMPLETE_ONLY_V1,-5.712753423221216,-0.1919498227891028
2024-08-30,KBS:HOSE:HUB,0,1,experiment-20261003T113748Z-acb3a2e7,CAFEF_C8_COMPLETE_ONLY_V1,-5.572036077529619,-0.7744483806433572
2024-08-30,KBS:HOSE:HVN,0,1,experiment-20261003T113748Z-acb3a2e7,CAFEF_C8_COMPLETE_ONLY_V1,25.05228809807001,1.1721376031220045
2024-08-30,KBS:HOSE:ICT,0,1,experiment-20261003T113748Z-acb3a2e7,CAFEF_C8_COMPLETE_ONLY_V1,-5.565179233597433,-0.9557998026322128
2024-08-30,KBS:HOSE:IJC,0,1,experiment-20261003T113748Z-acb3a2e7,CAFEF_C8_COMPLETE_ONLY_V1,5.678487325949025,-1.226830307789728
2024-08-30,KBS:HOSE:ILB,0,1,experiment-20261003T113748Z-acb3a2e7,CAFEF_C8_COMPLETE_ONLY_V1,-5.572390725459061,0.4412316936372884
2024-08-30,KBS:HOSE:ITC,0,1,experiment-20261003T113748Z-acb3a2e7,CAFEF_C8_COMPLETE_ONLY_V1,-3.992990744234771,-0.6275916283583143
2024-08-30,KBS:HOSE:ITD,0,1,experiment-20261003T113748Z-acb3a2e7,CAFEF_C8_COMPLETE_ONLY_V1,-5.403720243213107,-0.8310274914904685
2024-08-30,KBS:HOSE:JVC,0,1,experiment-20261003T113748Z-acb3a2e7,CAFEF_C8_COMPLETE_ONLY_V1,-5.445355434726271,-1.418722527567069
2024-08-30,KBS:HOSE:KBC,0,1,experiment-20261003T113748Z-acb3a2e7,CAFEF_C8_COMPLETE_ONLY_V1,18.03692463767699,-1.6717366053343512
2024-08-30,KBS:HOSE:KDC,0,1,experiment-20261003T113748Z-acb3a2e7,CAFEF_C8_COMPLETE_ONLY_V1,30.78228483694669,-1.1788091248879757
2024-08-30,KBS:HOSE:KDH,0,1,experiment-20261003T113748Z-acb3a2e7,CAFEF_C8_COMPLETE_ONLY_V1,20.424585663565946,-0.1395574009332563
2024-08-30,KBS:HOSE:KHG,0,1,experiment-20261003T113748Z-acb3a2e7,CAFEF_C8_COMPLETE_ONLY_V1,-0.31079414458344023,-1.5295106544034704
2024-08-30,KBS:HOSE:KHP,0,1,experiment-20261003T113748Z-acb3a2e7,CAFEF_C8_COMPLETE_ONLY_V1,-5.5536661142338675,-0.4783020119987771
2024-08-30,KBS:HOSE:KLB,0,1,experiment-20261003T113748Z-acb3a2e7,CAFEF_C8_COMPLETE_ONLY_V1,-5.202362595391925,-0.12325154744526293
2024-08-30,KBS:HOSE:KMR,0,1,experiment-20261003T113748Z-acb3a2e7,CAFEF_C8_COMPLETE_ONLY_V1,-5.695192115793536,-1.0387889972568112
2024-08-30,KBS:HOSE:KOS,0,1,experiment-20261003T113748Z-acb3a2e7,CAFEF_C8_COMPLETE_ONLY_V1,22.162975870413714,-0.5686893598414012
2024-08-30,KBS:HOSE:KSB,0,1,experiment-20261003T113748Z-acb3a2e7,CAFEF_C8_COMPLETE_ONLY_V1,2.197835362166115,-2.1793089827223024
2024-08-30,KBS:HOSE:LAF,0,1,experiment-20261003T113748Z-acb3a2e7,CAFEF_C8_COMPLETE_ONLY_V1,-5.536019188171106,0.8384514542262133
2024-08-30,KBS:HOSE:LBM,0,1,experiment-20261003T113748Z-acb3a2e7,CAFEF_C8_COMPLETE_ONLY_V1,-5.478792125239893,1.6483201993817158
2024-08-30,KBS:HOSE:LCG,0,1,experiment-20261003T113748Z-acb3a2e7,CAFEF_C8_COMPLETE_ONLY_V1,4.13155504921402,-1.4513366007971276
2024-08-30,KBS:HOSE:LDG,0,1,experiment-20261003T113748Z-acb3a2e7,CAFEF_C8_COMPLETE_ONLY_V1,-3.241556409600205,-3.356866223860791
2024-08-30,KBS:HOSE:LGL,0,1,experiment-20261003T113748Z-acb3a2e7,CAFEF_C8_COMPLETE_ONLY_V1,-5.6866705781965505,-2.673387281553458
2024-08-30,KBS:HOSE:LHG,0,1,experiment-20261003T113748Z-acb3a2e7,CAFEF_C8_COMPLETE_ONLY_V1,-3.5209586425287376,0.5264179374699304
2024-08-30,KBS:HOSE:LIX,0,1,experiment-20261003T113748Z-acb3a2e7,CAFEF_C8_COMPLETE_ONLY_V1,-5.2498069440245905,0.35455408923240844
2024-08-30,KBS:HOSE:LM8,0,1,experiment-20261003T113748Z-acb3a2e7,CAFEF_C8_COMPLETE_ONLY_V1,-5.729165999928135,0.5726063423948837
2024-08-30,KBS:HOSE:LPB,0,1,experiment-20261003T113748Z-acb3a2e7,CAFEF_C8_COMPLETE_ONLY_V1,26.787883137682627,3.251075727583857
2024-08-30,KBS:HOSE:LSS,0,1,experiment-20261003T113748Z-acb3a2e7,CAFEF_C8_COMPLETE_ONLY_V1,-3.7922455437924483,-0.8002007532623782
2024-08-30,KBS:HOSE:MBB,1,0,experiment-20261003T113748Z-acb3a2e7,CAFEF_C8_COMPLETE_ONLY_V1,117.08500424518212,0.4812909116258052
2024-08-30,KBS:HOSE:MCH,0,1,experiment-20261003T113748Z-acb3a2e7,CAFEF_C8_COMPLETE_ONLY_V1,-0.2535437056577822,3.5048626793465036
2024-08-30,KBS:HOSE:MCP,0,1,experiment-20261003T113748Z-acb3a2e7,CAFEF_C8_COMPLETE_ONLY_V1,-5.312025906709712,-1.5199654143597583
2024-08-30,KBS:HOSE:MDG,0,1,experiment-20261003T113748Z-acb3a2e7,CAFEF_C8_COMPLETE_ONLY_V1,-5.726727318195651,-1.2383569957742773
2024-08-30,KBS:HOSE:MHC,0,1,experiment-20261003T113748Z-acb3a2e7,CAFEF_C8_COMPLETE_ONLY_V1,-5.652583684598466,-1.9924700592636695
2024-08-30,KBS:HOSE:MIG,0,1,experiment-20261003T113748Z-acb3a2e7,CAFEF_C8_COMPLETE_ONLY_V1,-3.6958982153983184,-0.7477413403886627
2024-08-30,KBS:HOSE:MSB,1,0,experiment-20261003T113748Z-acb3a2e7,CAFEF_C8_COMPLETE_ONLY_V1,50.04245138164501,-0.4702103104652467
2024-08-30,KBS:HOSE:MSH,0,1,experiment-20261003T113748Z-acb3a2e7,CAFEF_C8_COMPLETE_ONLY_V1,-2.655641419211616,0.3689739432564136
2024-08-30,KBS:HOSE:MWG,1,0,experiment-20261003T113748Z-acb3a2e7,CAFEF_C8_COMPLETE_ONLY_V1,209.83872474171437,1.727388639455923
2024-08-30,KBS:HOSE:NAF,0,1,experiment-20261003T113748Z-acb3a2e7,CAFEF_C8_COMPLETE_ONLY_V1,-4.110530542097784,0.8227219373626591
2024-08-30,KBS:HOSE:NAV,0,1,experiment-20261003T113748Z-acb3a2e7,CAFEF_C8_COMPLETE_ONLY_V1,-5.713137360982907,0.39440710076219
2024-08-30,KBS:HOSE:NBB,0,1,experiment-20261003T113748Z-acb3a2e7,CAFEF_C8_COMPLETE_ONLY_V1,-4.035403368910464,-1.0121966243526686
2024-08-30,KBS:HOSE:NCT,0,1,experiment-20261003T113748Z-acb3a2e7,CAFEF_C8_COMPLETE_ONLY_V1,-5.316967994555814,0.4968659336935704
2024-08-30,KBS:HOSE:NHA,0,1,experiment-20261003T113748Z-acb3a2e7,CAFEF_C8_COMPLETE_ONLY_V1,2.975583263109768,0.2470412796941931
2024-08-30,KBS:HOSE:NHT,0,1,experiment-20261003T113748Z-acb3a2e7,CAFEF_C8_COMPLETE_ONLY_V1,-5.684655021811476,-0.376072619455727
2024-08-30,KBS:HOSE:NKG,0,1,experiment-20261003T113748Z-acb3a2e7,CAFEF_C8_COMPLETE_ONLY_V1,28.671769216873656,-1.1105502888534338
2024-08-30,KBS:HOSE:NLG,0,1,experiment-20261003T113748Z-acb3a2e7,CAFEF_C8_COMPLETE_ONLY_V1,14.391150994281046,-0.6801203788967655
2024-08-30,KBS:HOSE:NNC,0,1,experiment-20261003T113748Z-acb3a2e7,CAFEF_C8_COMPLETE_ONLY_V1,-5.5702690979155225,1.5867360241809245
2024-08-30,KBS:HOSE:NTC,0,1,experiment-20261003T113748Z-acb3a2e7,CAFEF_C8_COMPLETE_ONLY_V1,-5.269694752753577,-1.0762967725076433
2024-08-30,KBS:HOSE:NVL,1,0,experiment-20261003T113748Z-acb3a2e7,CAFEF_C8_COMPLETE_ONLY_V1,55.886912107507364,-1.7343440751015047
2024-08-30,KBS:HOSE:NVT,0,1,experiment-20261003T113748Z-acb3a2e7,CAFEF_C8_COMPLETE_ONLY_V1,-5.717564444931186,-0.48659162211805923
2024-08-30,KBS:HOSE:OCB,0,1,experiment-20261003T113748Z-acb3a2e7,CAFEF_C8_COMPLETE_ONLY_V1,4.816494975518648,-0.8699518128600165
2024-08-30,KBS:HOSE:OGC,0,1,experiment-20261003T113748Z-acb3a2e7,CAFEF_C8_COMPLETE_ONLY_V1,-5.327646885595594,-2.8788620165890717
2024-08-30,KBS:HOSE:OPC,0,1,experiment-20261003T113748Z-acb3a2e7,CAFEF_C8_COMPLETE_ONLY_V1,-5.611503400258417,-0.3506514226019908
2024-08-30,KBS:HOSE:PAC,0,1,experiment-20261003T113748Z-acb3a2e7,CAFEF_C8_COMPLETE_ONLY_V1,-4.870994455074721,0.4600878801618725
2024-08-30,KBS:HOSE:PAN,0,1,experiment-20261003T113748Z-acb3a2e7,CAFEF_C8_COMPLETE_ONLY_V1,0.11586841776258662,-0.6243816841532708
2024-08-30,KBS:HOSE:PDN,0,1,experiment-20261003T113748Z-acb3a2e7,CAFEF_C8_COMPLETE_ONLY_V1,-5.683347636484615,-0.6837836776108964
2024-08-30,KBS:HOSE:PDV,0,1,experiment-20261003T113748Z-acb3a2e7,CAFEF_C8_COMPLETE_ONLY_V1,-5.2808976447618825,2.7764886199558805
2024-08-30,KBS:HOSE:PGC,0,1,experiment-20261003T113748Z-acb3a2e7,CAFEF_C8_COMPLETE_ONLY_V1,-5.451671727504586,-0.7067186478307218
2024-08-30,KBS:HOSE:PGD,0,1,experiment-20261003T113748Z-acb3a2e7,CAFEF_C8_COMPLETE_ONLY_V1,-5.59679843501322,-1.2418118917757686
2024-08-30,KBS:HOSE:PGV,0,1,experiment-20261003T113748Z-acb3a2e7,CAFEF_C8_COMPLETE_ONLY_V1,-5.576161808970587,-1.2981321261271428
2024-08-30,KBS:HOSE:PHR,0,1,experiment-20261003T113748Z-acb3a2e7,CAFEF_C8_COMPLETE_ONLY_V1,-2.1561201683973454,-0.26335624975276434
2024-08-30,KBS:HOSE:PIT,0,1,experiment-20261003T113748Z-acb3a2e7,CAFEF_C8_COMPLETE_ONLY_V1,-5.712976549673568,-1.2884142460400787
2024-08-30,KBS:HOSE:PLP,0,1,experiment-20261003T113748Z-acb3a2e7,CAFEF_C8_COMPLETE_ONLY_V1,-5.663369910684545,-1.0918833363588805
2024-08-30,KBS:HOSE:PLX,0,1,experiment-20261003T113748Z-acb3a2e7,CAFEF_C8_COMPLETE_ONLY_V1,28.1665932922381,1.341218975409812
2024-08-30,KBS:HOSE:PNJ,1,0,experiment-20261003T113748Z-acb3a2e7,CAFEF_C8_COMPLETE_ONLY_V1,63.36317883084628,0.2349046787037596
2024-08-30,KBS:HOSE:PTB,0,1,experiment-20261003T113748Z-acb3a2e7,CAFEF_C8_COMPLETE_ONLY_V1,-3.430495383699666,-0.4838229396332344
2024-08-30,KBS:HOSE:PTC,0,1,experiment-20261003T113748Z-acb3a2e7,CAFEF_C8_COMPLETE_ONLY_V1,-5.685956210857209,-1.365610391152714
2024-08-30,KBS:HOSE:PTL,0,1,experiment-20261003T113748Z-acb3a2e7,CAFEF_C8_COMPLETE_ONLY_V1,-5.6645346917548745,-1.9895205074043805
2024-08-30,KBS:HOSE:PVP,0,1,experiment-20261003T113748Z-acb3a2e7,CAFEF_C8_COMPLETE_ONLY_V1,0.0405453837864935,1.672031712865694
2024-08-30,KBS:HOSE:PVT,0,1,experiment-20261003T113748Z-acb3a2e7,CAFEF_C8_COMPLETE_ONLY_V1,12.77236527316949,0.10571262684929782
2024-08-30,KBS:HOSE:QCG,0,1,experiment-20261003T113748Z-acb3a2e7,CAFEF_C8_COMPLETE_ONLY_V1,-3.671927643908074,-3.9919134949684887
2024-08-30,KBS:HOSE:RAL,0,1,experiment-20261003T113748Z-acb3a2e7,CAFEF_C8_COMPLETE_ONLY_V1,-4.913779280166092,0.56689307545183
2024-08-30,KBS:HOSE:S4A,0,1,experiment-20261003T113748Z-acb3a2e7,CAFEF_C8_COMPLETE_ONLY_V1,-5.717413411493441,-1.039485630926799
2024-08-30,KBS:HOSE:SAB,0,1,experiment-20261003T113748Z-acb3a2e7,CAFEF_C8_COMPLETE_ONLY_V1,12.515727121149364,-0.9155800294969834
2024-08-30,KBS:HOSE:SAM,0,1,experiment-20261003T113748Z-acb3a2e7,CAFEF_C8_COMPLETE_ONLY_V1,-4.103234632437447,-1.2502629273049595
2024-08-30,KBS:HOSE:SAV,0,1,experiment-20261003T113748Z-acb3a2e7,CAFEF_C8_COMPLETE_ONLY_V1,-4.782048834325396,3.206301509836627
2024-08-30,KBS:HOSE:SBA,0,1,experiment-20261003T113748Z-acb3a2e7,CAFEF_C8_COMPLETE_ONLY_V1,-5.547946841203701,-0.27524380779940855
2024-08-30,KBS:HOSE:SBV,0,1,experiment-20261003T113748Z-acb3a2e7,CAFEF_C8_COMPLETE_ONLY_V1,-5.711785122052251,-0.8398279234833574
2024-08-30,KBS:HOSE:SC5,0,1,experiment-20261003T113748Z-acb3a2e7,CAFEF_C8_COMPLETE_ONLY_V1,-5.721075628833176,-1.6480328766201535
2024-08-30,KBS:HOSE:SCR,0,1,experiment-20261003T113748Z-acb3a2e7,CAFEF_C8_COMPLETE_ONLY_V1,-2.030216072840125,-2.161727022420023
2024-08-30,KBS:HOSE:SCS,0,1,experiment-20261003T113748Z-acb3a2e7,CAFEF_C8_COMPLETE_ONLY_V1,-2.718082578108479,-0.2567812156792842
2024-08-30,KBS:HOSE:SFI,0,1,experiment-20261003T113748Z-acb3a2e7,CAFEF_C8_COMPLETE_ONLY_V1,-5.6819578658994985,-0.5874011650287083
2024-08-30,KBS:HOSE:SGR,0,1,experiment-20261003T113748Z-acb3a2e7,CAFEF_C8_COMPLETE_ONLY_V1,-2.275593060987636,5.533765538674228
2024-08-30,KBS:HOSE:SGT,0,1,experiment-20261003T113748Z-acb3a2e7,CAFEF_C8_COMPLETE_ONLY_V1,-5.169675763346717,-0.45201766455283
2024-08-30,KBS:HOSE:SHA,0,1,experiment-20261003T113748Z-acb3a2e7,CAFEF_C8_COMPLETE_ONLY_V1,-5.70428161062139,-1.0208435816749062
2024-08-30,KBS:HOSE:SHB,1,0,experiment-20261003T113748Z-acb3a2e7,CAFEF_C8_COMPLETE_ONLY_V1,64.83751455471912,-1.087874813051604
2024-08-30,KBS:HOSE:SHI,0,1,experiment-20261003T113748Z-acb3a2e7,CAFEF_C8_COMPLETE_ONLY_V1,-1.9297625795800086,-0.738985357347978
2024-08-30,KBS:HOSE:SHP,0,1,experiment-20261003T113748Z-acb3a2e7,CAFEF_C8_COMPLETE_ONLY_V1,-5.130336328506403,-0.1823450433222234
2024-08-30,KBS:HOSE:SJD,0,1,experiment-20261003T113748Z-acb3a2e7,CAFEF_C8_COMPLETE_ONLY_V1,-5.085775696824202,-0.4959388473325348
2024-08-30,KBS:HOSE:SJS,0,1,experiment-20261003T113748Z-acb3a2e7,CAFEF_C8_COMPLETE_ONLY_V1,-0.4450256315871276,-0.17964639255120568
2024-08-30,KBS:HOSE:SMB,0,1,experiment-20261003T113748Z-acb3a2e7,CAFEF_C8_COMPLETE_ONLY_V1,-5.1153472632814605,-0.4210107036024685
2024-08-30,KBS:HOSE:SMC,0,1,experiment-20261003T113748Z-acb3a2e7,CAFEF_C8_COMPLETE_ONLY_V1,-0.6468985929466257,-1.5292367309610437
2024-08-30,KBS:HOSE:SPM,0,1,experiment-20261003T113748Z-acb3a2e7,CAFEF_C8_COMPLETE_ONLY_V1,-5.711143863105265,-0.7662174474016734
2024-08-30,KBS:HOSE:SRC,0,1,experiment-20261003T113748Z-acb3a2e7,CAFEF_C8_COMPLETE_ONLY_V1,-5.720727735750617,0.047464829030383106
2024-08-30,KBS:HOSE:SRF,0,1,experiment-20261003T113748Z-acb3a2e7,CAFEF_C8_COMPLETE_ONLY_V1,-5.594058121848329,-0.1279632141250932
2024-08-30,KBS:HOSE:SSB,0,1,experiment-20261003T113748Z-acb3a2e7,CAFEF_C8_COMPLETE_ONLY_V1,33.71792386242423,-0.9979109453362505
2024-08-30,KBS:HOSE:SSC,0,1,experiment-20261003T113748Z-acb3a2e7,CAFEF_C8_COMPLETE_ONLY_V1,-5.72883161769616,0.3398596963273413
2024-08-30,KBS:HOSE:STB,1,0,experiment-20261003T113748Z-acb3a2e7,CAFEF_C8_COMPLETE_ONLY_V1,80.42521422958863,-0.5129475011000706
2024-08-30,KBS:HOSE:STG,0,1,experiment-20261003T113748Z-acb3a2e7,CAFEF_C8_COMPLETE_ONLY_V1,-5.725206650589174,-1.1890072973139862
2024-08-30,KBS:HOSE:STK,0,1,experiment-20261003T113748Z-acb3a2e7,CAFEF_C8_COMPLETE_ONLY_V1,-4.20939115210571,-1.4701567861740623
2024-08-30,KBS:HOSE:SVC,0,1,experiment-20261003T113748Z-acb3a2e7,CAFEF_C8_COMPLETE_ONLY_V1,-5.693576768656354,-0.7892772278092688
2024-08-30,KBS:HOSE:SVT,0,1,experiment-20261003T113748Z-acb3a2e7,CAFEF_C8_COMPLETE_ONLY_V1,-5.615955276800152,0.42938870336961155
2024-08-30,KBS:HOSE:TCB,1,0,experiment-20261003T113748Z-acb3a2e7,CAFEF_C8_COMPLETE_ONLY_V1,143.63675895130606,0.2822924583538232
2024-08-30,KBS:HOSE:TCL,0,1,experiment-20261003T113748Z-acb3a2e7,CAFEF_C8_COMPLETE_ONLY_V1,-5.405438117621528,-0.7165905809544967
2024-08-30,KBS:HOSE:TCM,0,1,experiment-20261003T113748Z-acb3a2e7,CAFEF_C8_COMPLETE_ONLY_V1,29.81088096499132,-0.16289736579629222
2024-08-30,KBS:HOSE:TCO,0,1,experiment-20261003T113748Z-acb3a2e7,CAFEF_C8_COMPLETE_ONLY_V1,-4.507578258709382,1.500767402186498
2024-08-30,KBS:HOSE:TCR,0,1,experiment-20261003T113748Z-acb3a2e7,CAFEF_C8_COMPLETE_ONLY_V1,-5.7249462415928125,-1.3311508979295228
2024-08-30,KBS:HOSE:TDC,0,1,experiment-20261003T113748Z-acb3a2e7,CAFEF_C8_COMPLETE_ONLY_V1,0.5948768636469322,0.6021634864370585
2024-08-30,KBS:HOSE:TDG,0,1,experiment-20261003T113748Z-acb3a2e7,CAFEF_C8_COMPLETE_ONLY_V1,-5.565451844599384,0.6417222916972583
2024-08-30,KBS:HOSE:TDP,0,1,experiment-20261003T113748Z-acb3a2e7,CAFEF_C8_COMPLETE_ONLY_V1,-4.626603881218031,1.0972642675722328
2024-08-30,KBS:HOSE:TDW,0,1,experiment-20261003T113748Z-acb3a2e7,CAFEF_C8_COMPLETE_ONLY_V1,-5.729690857610899,1.1395716992768405
2024-08-30,KBS:HOSE:TEG,0,1,experiment-20261003T113748Z-acb3a2e7,CAFEF_C8_COMPLETE_ONLY_V1,-4.658451778569013,-0.6061124472494308
2024-08-30,KBS:HOSE:THG,0,1,experiment-20261003T113748Z-acb3a2e7,CAFEF_C8_COMPLETE_ONLY_V1,-5.203632706465749,1.0972153485677225
2024-08-30,KBS:HOSE:TIP,0,1,experiment-20261003T113748Z-acb3a2e7,CAFEF_C8_COMPLETE_ONLY_V1,-3.1637574713721333,-0.9128168714231712
2024-08-30,KBS:HOSE:TLG,0,1,experiment-20261003T113748Z-acb3a2e7,CAFEF_C8_COMPLETE_ONLY_V1,1.8613530047443627,-0.3151365960736153
2024-08-30,KBS:HOSE:TLH,0,1,experiment-20261003T113748Z-acb3a2e7,CAFEF_C8_COMPLETE_ONLY_V1,-3.9744921049689856,-2.644485480329001
2024-08-30,KBS:HOSE:TMS,0,1,experiment-20261003T113748Z-acb3a2e7,CAFEF_C8_COMPLETE_ONLY_V1,-5.509732846665558,-0.7799867471993996
2024-08-30,KBS:HOSE:TMT,0,1,experiment-20261003T113748Z-acb3a2e7,CAFEF_C8_COMPLETE_ONLY_V1,-5.659814340280372,-4.415123593846255
2024-08-30,KBS:HOSE:TNC,0,1,experiment-20261003T113748Z-acb3a2e7,CAFEF_C8_COMPLETE_ONLY_V1,-5.733404528854617,-2.7183814224609275
2024-08-30,KBS:HOSE:TNH,0,1,experiment-20261003T113748Z-acb3a2e7,CAFEF_C8_COMPLETE_ONLY_V1,1.26719563308903,0.18640962385738577
2024-08-30,KBS:HOSE:TNI,0,1,experiment-20261003T113748Z-acb3a2e7,CAFEF_C8_COMPLETE_ONLY_V1,-5.642388092008496,-1.5929148477322108
2024-08-30,KBS:HOSE:TNT,0,1,experiment-20261003T113748Z-acb3a2e7,CAFEF_C8_COMPLETE_ONLY_V1,-5.382022652645622,-1.9806658568261633
2024-08-30,KBS:HOSE:TPB,1,0,experiment-20261003T113748Z-acb3a2e7,CAFEF_C8_COMPLETE_ONLY_V1,48.704060439507046,-0.7592204778970895
2024-08-30,KBS:HOSE:TRA,0,1,experiment-20261003T113748Z-acb3a2e7,CAFEF_C8_COMPLETE_ONLY_V1,-5.691091486108739,-0.8221939349064679
2024-08-30,KBS:HOSE:TRC,0,1,experiment-20261003T113748Z-acb3a2e7,CAFEF_C8_COMPLETE_ONLY_V1,-5.616558714796532,-0.40173828219105984
2024-08-30,KBS:HOSE:TTE,0,1,experiment-20261003T113748Z-acb3a2e7,CAFEF_C8_COMPLETE_ONLY_V1,-5.734309090772027,1.9708799991668422
2024-08-30,KBS:HOSE:TV2,0,1,experiment-20261003T113748Z-acb3a2e7,CAFEF_C8_COMPLETE_ONLY_V1,-1.7272417486385019,-2.377759393266731
2024-08-30,KBS:HOSE:TVB,0,1,experiment-20261003T113748Z-acb3a2e7,CAFEF_C8_COMPLETE_ONLY_V1,-4.7568509666840875,1.0152058152902095
2024-08-30,KBS:HOSE:TVS,0,1,experiment-20261003T113748Z-acb3a2e7,CAFEF_C8_COMPLETE_ONLY_V1,-2.267221487416435,0.3085656065657878
2024-08-30,KBS:HOSE:UIC,0,1,experiment-20261003T113748Z-acb3a2e7,CAFEF_C8_COMPLETE_ONLY_V1,-5.695946368519936,-0.6288358753651832
2024-08-30,KBS:HOSE:VAB,0,1,experiment-20261003T113748Z-acb3a2e7,CAFEF_C8_COMPLETE_ONLY_V1,-4.758171007858769,-0.7730543335919975
2024-08-30,KBS:HOSE:VCA,0,1,experiment-20261003T113748Z-acb3a2e7,CAFEF_C8_COMPLETE_ONLY_V1,-5.717704309606415,-1.2161023180054078
2024-08-30,KBS:HOSE:VCG,0,1,experiment-20261003T113748Z-acb3a2e7,CAFEF_C8_COMPLETE_ONLY_V1,16.30291298930098,-1.5013469780092392
2024-08-30,KBS:HOSE:VDS,0,1,experiment-20261003T113748Z-acb3a2e7,CAFEF_C8_COMPLETE_ONLY_V1,5.68518756786812,0.16170391673163081
2024-08-30,KBS:HOSE:VFG,0,1,experiment-20261003T113748Z-acb3a2e7,CAFEF_C8_COMPLETE_ONLY_V1,-4.659416246318955,1.2904578673849836
2024-08-30,KBS:HOSE:VGC,0,1,experiment-20261003T113748Z-acb3a2e7,CAFEF_C8_COMPLETE_ONLY_V1,10.888079097480517,-1.7788297033602531
2024-08-30,KBS:HOSE:VHM,1,0,experiment-20261003T113748Z-acb3a2e7,CAFEF_C8_COMPLETE_ONLY_V1,205.0573481257732,-0.40645402893656163
2024-08-30,KBS:HOSE:VIP,0,1,experiment-20261003T113748Z-acb3a2e7,CAFEF_C8_COMPLETE_ONLY_V1,-3.899867058534525,-0.5811530625857666
2024-08-30,KBS:HOSE:VIX,1,0,experiment-20261003T113748Z-acb3a2e7,CAFEF_C8_COMPLETE_ONLY_V1,100.55131120255513,-1.616477906792627
2024-08-30,KBS:HOSE:VJC,1,0,experiment-20261003T113748Z-acb3a2e7,CAFEF_C8_COMPLETE_ONLY_V1,66.12195240105426,-0.5540468080375545
2024-08-30,KBS:HOSE:VND,1,0,experiment-20261003T113748Z-acb3a2e7,CAFEF_C8_COMPLETE_ONLY_V1,52.186856594793106,-1.806116957692551
2024-08-30,KBS:HOSE:VNG,0,1,experiment-20261003T113748Z-acb3a2e7,CAFEF_C8_COMPLETE_ONLY_V1,-5.719906132359169,-1.2566874439387798
2024-08-30,KBS:HOSE:VOS,0,1,experiment-20261003T113748Z-acb3a2e7,CAFEF_C8_COMPLETE_ONLY_V1,9.77455149164453,0.5822913026979007
2024-08-30,KBS:HOSE:VPB,1,0,experiment-20261003T113748Z-acb3a2e7,CAFEF_C8_COMPLETE_ONLY_V1,111.12928457731088,-0.3038813766363929
2024-08-30,KBS:HOSE:VPG,0,1,experiment-20261003T113748Z-acb3a2e7,CAFEF_C8_COMPLETE_ONLY_V1,-3.9030460484086573,-1.961480981643164
2024-08-30,KBS:HOSE:VPS,0,1,experiment-20261003T113748Z-acb3a2e7,CAFEF_C8_COMPLETE_ONLY_V1,-5.720881837051901,-0.1081024231827674
2024-08-30,KBS:HOSE:VSH,0,1,experiment-20261003T113748Z-acb3a2e7,CAFEF_C8_COMPLETE_ONLY_V1,-5.263481680909919,-0.4379804837181717
2024-08-30,KBS:HOSE:VSI,0,1,experiment-20261003T113748Z-acb3a2e7,CAFEF_C8_COMPLETE_ONLY_V1,-5.673010964801663,0.23493963955564948
2024-08-30,KBS:HOSE:VTO,0,1,experiment-20261003T113748Z-acb3a2e7,CAFEF_C8_COMPLETE_ONLY_V1,-2.6669060944692426,0.9652777557867498
2024-08-30,KBS:UPCOM:A32,0,1,experiment-20261003T113748Z-acb3a2e7,CAFEF_C8_COMPLETE_ONLY_V1,-5.718084917792751,0.12211140638414685
2024-08-30,KBS:UPCOM:AAS,0,1,experiment-20261003T113748Z-acb3a2e7,CAFEF_C8_COMPLETE_ONLY_V1,-4.118633327897967,-1.772738180314115
2024-08-30,KBS:UPCOM:ABB,0,1,experiment-20261003T113748Z-acb3a2e7,CAFEF_C8_COMPLETE_ONLY_V1,-3.277587392268484,-1.2285953551073971
2024-08-30,KBS:UPCOM:ABC,0,1,experiment-20261003T113748Z-acb3a2e7,CAFEF_C8_COMPLETE_ONLY_V1,-5.149059217598093,-1.1256411466452154
2024-08-30,KBS:UPCOM:ABI,0,1,experiment-20261003T113748Z-acb3a2e7,CAFEF_C8_COMPLETE_ONLY_V1,-5.292898813771244,-0.45411543542655425
2024-08-30,KBS:UPCOM:ACE,0,1,experiment-20261003T113748Z-acb3a2e7,CAFEF_C8_COMPLETE_ONLY_V1,-5.6468021013115255,-0.19162458975499783
2024-08-30,KBS:UPCOM:ACM,0,1,experiment-20261003T113748Z-acb3a2e7,CAFEF_C8_COMPLETE_ONLY_V1,-5.714368951714814,-1.066559248406729
2024-08-30,KBS:UPCOM:ACS,0,1,experiment-20261003T113748Z-acb3a2e7,CAFEF_C8_COMPLETE_ONLY_V1,-5.696596184958664,1.4931753997988515
2024-08-30,KBS:UPCOM:ACV,0,1,experiment-20261003T113748Z-acb3a2e7,CAFEF_C8_COMPLETE_ONLY_V1,3.0876669599588347,0.34403985121436303
2024-08-30,KBS:UPCOM:AG1,0,1,experiment-20261003T113748Z-acb3a2e7,CAFEF_C8_COMPLETE_ONLY_V1,-5.708999627742532,0.7798466968953388
2024-08-30,KBS:UPCOM:AGF,0,1,experiment-20261003T113748Z-acb3a2e7,CAFEF_C8_COMPLETE_ONLY_V1,-5.731970601268489,-0.7431638325707738
2024-08-30,KBS:UPCOM:AGP,0,1,experiment-20261003T113748Z-acb3a2e7,CAFEF_C8_COMPLETE_ONLY_V1,-5.497369198205157,1.4648576319412647
2024-08-30,KBS:UPCOM:AGX,0,1,experiment-20261003T113748Z-acb3a2e7,CAFEF_C8_COMPLETE_ONLY_V1,-5.736943228749572,3.6131579206769517
2024-08-30,KBS:UPCOM:AIC,0,1,experiment-20261003T113748Z-acb3a2e7,CAFEF_C8_COMPLETE_ONLY_V1,-5.681606831446652,-0.6754821726248925
2024-08-30,KBS:UPCOM:ALV,0,1,experiment-20261003T113748Z-acb3a2e7,CAFEF_C8_COMPLETE_ONLY_V1,-5.665422626978481,-0.9280274663698908
2024-08-30,KBS:UPCOM:AMP,0,1,experiment-20261003T113748Z-acb3a2e7,CAFEF_C8_COMPLETE_ONLY_V1,-5.736127762675463,-3.2969933425868154
2024-08-30,KBS:UPCOM:AMS,0,1,experiment-20261003T113748Z-acb3a2e7,CAFEF_C8_COMPLETE_ONLY_V1,-5.177409690178962,-1.186571345695958
2024-08-30,KBS:UPCOM:APF,0,1,experiment-20261003T113748Z-acb3a2e7,CAFEF_C8_COMPLETE_ONLY_V1,-5.4836254210338815,0.46084609029030604
2024-08-30,KBS:UPCOM:APL,0,1,experiment-20261003T113748Z-acb3a2e7,CAFEF_C8_COMPLETE_ONLY_V1,-5.765724153484284,-2.4362610166224288
2024-08-30,KBS:UPCOM:APT,0,1,experiment-20261003T113748Z-acb3a2e7,CAFEF_C8_COMPLETE_ONLY_V1,-5.729541866693333,-1.7501016408028025
2024-08-30,KBS:UPCOM:ATA,0,1,experiment-20261003T113748Z-acb3a2e7,CAFEF_C8_COMPLETE_ONLY_V1,-5.731207160669733,-2.4787664214947167
2024-08-30,KBS:UPCOM:ATG,0,1,experiment-20261003T113748Z-acb3a2e7,CAFEF_C8_COMPLETE_ONLY_V1,-5.718874433265016,-2.108894414188552
2024-08-30,KBS:UPCOM:AVC,0,1,experiment-20261003T113748Z-acb3a2e7,CAFEF_C8_COMPLETE_ONLY_V1,-5.707215879201859,-0.778519326018823
2024-08-30,KBS:UPCOM:BAL,0,1,experiment-20261003T113748Z-acb3a2e7,CAFEF_C8_COMPLETE_ONLY_V1,-5.756000224760415,-1.0353183522543654
2024-08-30,KBS:UPCOM:BBH,0,1,experiment-20261003T113748Z-acb3a2e7,CAFEF_C8_COMPLETE_ONLY_V1,-5.751730011193457,1.9572254841702346
2024-08-30,KBS:UPCOM:BBM,0,1,experiment-20261003T113748Z-acb3a2e7,CAFEF_C8_COMPLETE_ONLY_V1,-5.629089624830855,1.653005067669193
2024-08-30,KBS:UPCOM:BBT,0,1,experiment-20261003T113748Z-acb3a2e7,CAFEF_C8_COMPLETE_ONLY_V1,-5.729955498603972,-0.9495819965694
2024-08-30,KBS:UPCOM:BCB,0,1,experiment-20261003T113748Z-acb3a2e7,CAFEF_C8_COMPLETE_ONLY_V1,-5.714824355718635,0.6723664415336967
2024-08-30,KBS:UPCOM:BCP,0,1,experiment-20261003T113748Z-acb3a2e7,CAFEF_C8_COMPLETE_ONLY_V1,-5.724819957665941,0.49828217878838044
2024-08-30,KBS:UPCOM:BDG,0,1,experiment-20261003T113748Z-acb3a2e7,CAFEF_C8_COMPLETE_ONLY_V1,-5.629175971258974,0.8529083856000489
2024-08-30,KBS:UPCOM:BDT,0,1,experiment-20261003T113748Z-acb3a2e7,CAFEF_C8_COMPLETE_ONLY_V1,-5.524341847926016,-2.8375325929511868
2024-08-30,KBS:UPCOM:BDW,0,1,experiment-20261003T113748Z-acb3a2e7,CAFEF_C8_COMPLETE_ONLY_V1,-5.7269580881206466,1.0758044338829413
2024-08-30,KBS:UPCOM:BEL,0,1,experiment-20261003T113748Z-acb3a2e7,CAFEF_C8_COMPLETE_ONLY_V1,-5.734091066857343,7.0804607458952695
2024-08-30,KBS:UPCOM:BGW,0,1,experiment-20261003T113748Z-acb3a2e7,CAFEF_C8_COMPLETE_ONLY_V1,-5.736155779021555,-0.3882874601241525
2024-08-30,KBS:UPCOM:BHA,0,1,experiment-20261003T113748Z-acb3a2e7,CAFEF_C8_COMPLETE_ONLY_V1,-5.719367254194419,0.7753961657730734
2024-08-30,KBS:UPCOM:BHC,0,1,experiment-20261003T113748Z-acb3a2e7,CAFEF_C8_COMPLETE_ONLY_V1,-5.7370633813509455,-1.0773782611387692
2024-08-30,KBS:UPCOM:BHG,0,1,experiment-20261003T113748Z-acb3a2e7,CAFEF_C8_COMPLETE_ONLY_V1,-5.7174714290469035,-1.3514845694315767
2024-08-30,KBS:UPCOM:BHK,0,1,experiment-20261003T113748Z-acb3a2e7,CAFEF_C8_COMPLETE_ONLY_V1,-5.735793565643459,-0.8319084172752547
2024-08-30,KBS:UPCOM:BHP,0,1,experiment-20261003T113748Z-acb3a2e7,CAFEF_C8_COMPLETE_ONLY_V1,-5.7478059164275095,-0.760236254447402
2024-08-30,KBS:UPCOM:BIO,0,1,experiment-20261003T113748Z-acb3a2e7,CAFEF_C8_COMPLETE_ONLY_V1,-5.717992186035595,-0.6856242935342972
2024-08-30,KBS:UPCOM:BLI,0,1,experiment-20261003T113748Z-acb3a2e7,CAFEF_C8_COMPLETE_ONLY_V1,-5.6480333674305925,-1.0415773939020503
2024-08-30,KBS:UPCOM:BLN,0,1,experiment-20261003T113748Z-acb3a2e7,CAFEF_C8_COMPLETE_ONLY_V1,-5.714981551158934,-0.5380966778906745
2024-08-30,KBS:UPCOM:BLT,0,1,experiment-20261003T113748Z-acb3a2e7,CAFEF_C8_COMPLETE_ONLY_V1,-5.236622518879392,-0.6636601210808278
2024-08-30,KBS:UPCOM:BMD,0,1,experiment-20261003T113748Z-acb3a2e7,CAFEF_C8_COMPLETE_ONLY_V1,-5.7325344353620995,-1.2333598686909248
2024-08-30,KBS:UPCOM:BMF,0,1,experiment-20261003T113748Z-acb3a2e7,CAFEF_C8_COMPLETE_ONLY_V1,-5.7146809056079535,-1.593203854382836
2024-08-30,KBS:UPCOM:BMG,0,1,experiment-20261003T113748Z-acb3a2e7,CAFEF_C8_COMPLETE_ONLY_V1,-5.719219593706055,-0.37991874864549857
2024-08-30,KBS:UPCOM:BMJ,0,1,experiment-20261003T113748Z-acb3a2e7,CAFEF_C8_COMPLETE_ONLY_V1,-5.719008776935933,-0.15564353253569763
2024-08-30,KBS:UPCOM:BMS,0,1,experiment-20261003T113748Z-acb3a2e7,CAFEF_C8_COMPLETE_ONLY_V1,-5.494269820463007,-1.4758506591594804
2024-08-30,KBS:UPCOM:BMV,0,1,experiment-20261003T113748Z-acb3a2e7,CAFEF_C8_COMPLETE_ONLY_V1,-5.745115991569872,-2.816272061026275
2024-08-30,KBS:UPCOM:BNW,0,1,experiment-20261003T113748Z-acb3a2e7,CAFEF_C8_COMPLETE_ONLY_V1,-5.715690049427499,-0.4586017624522599
2024-08-30,KBS:UPCOM:BQB,0,1,experiment-20261003T113748Z-acb3a2e7,CAFEF_C8_COMPLETE_ONLY_V1,-5.721043855495327,0.2978570751039301
2024-08-30,KBS:UPCOM:BRR,0,1,experiment-20261003T113748Z-acb3a2e7,CAFEF_C8_COMPLETE_ONLY_V1,-5.7215602988872885,-1.0214221462052315
2024-08-30,KBS:UPCOM:BRS,0,1,experiment-20261003T113748Z-acb3a2e7,CAFEF_C8_COMPLETE_ONLY_V1,-5.701765766952408,0.718575674068333
2024-08-30,KBS:UPCOM:BSD,0,1,experiment-20261003T113748Z-acb3a2e7,CAFEF_C8_COMPLETE_ONLY_V1,-5.722681743161987,-3.9370021334372662
2024-08-30,KBS:UPCOM:BSG,0,1,experiment-20261003T113748Z-acb3a2e7,CAFEF_C8_COMPLETE_ONLY_V1,-5.680413685863172,0.10405180543299662
2024-08-30,KBS:UPCOM:BSH,0,1,experiment-20261003T113748Z-acb3a2e7,CAFEF_C8_COMPLETE_ONLY_V1,-5.739265165254976,-0.1697210323722447
2024-08-30,KBS:UPCOM:BSL,0,1,experiment-20261003T113748Z-acb3a2e7,CAFEF_C8_COMPLETE_ONLY_V1,-5.723167861453893,-0.8807388236196009
2024-08-30,KBS:UPCOM:BSP,0,1,experiment-20261003T113748Z-acb3a2e7,CAFEF_C8_COMPLETE_ONLY_V1,-5.69149026164798,-0.8009328111206863
2024-08-30,KBS:UPCOM:BSQ,0,1,experiment-20261003T113748Z-acb3a2e7,CAFEF_C8_COMPLETE_ONLY_V1,-5.696190529086919,-0.27121316770739573
2024-08-30,KBS:UPCOM:BTB,0,1,experiment-20261003T113748Z-acb3a2e7,CAFEF_C8_COMPLETE_ONLY_V1,-5.7500257809074515,-0.6678023214632965
2024-08-30,KBS:UPCOM:BTD,0,1,experiment-20261003T113748Z-acb3a2e7,CAFEF_C8_COMPLETE_ONLY_V1,-5.732417227917872,-0.7637662749387393
2024-08-30,KBS:UPCOM:BTG,0,1,experiment-20261003T113748Z-acb3a2e7,CAFEF_C8_COMPLETE_ONLY_V1,-5.758940065991735,-1.768233235666863
2024-08-30,KBS:UPCOM:BTN,0,1,experiment-20261003T113748Z-acb3a2e7,CAFEF_C8_COMPLETE_ONLY_V1,-5.6978967221042245,-1.0211584569127659
2024-08-30,KBS:UPCOM:BTU,0,1,experiment-20261003T113748Z-acb3a2e7,CAFEF_C8_COMPLETE_ONLY_V1,-5.739450440069284,-0.11912774926799892
2024-08-30,KBS:UPCOM:BTV,0,1,experiment-20261003T113748Z-acb3a2e7,CAFEF_C8_COMPLETE_ONLY_V1,-5.737477762395927,0.014801192016750104
2024-08-30,KBS:UPCOM:BVG,0,1,experiment-20261003T113748Z-acb3a2e7,CAFEF_C8_COMPLETE_ONLY_V1,-5.716903517691358,-1.2740430941939065
2024-08-30,KBS:UPCOM:BVL,0,1,experiment-20261003T113748Z-acb3a2e7,CAFEF_C8_COMPLETE_ONLY_V1,-5.74055513794323,-1.7783530365719604
2024-08-30,KBS:UPCOM:BVN,0,1,experiment-20261003T113748Z-acb3a2e7,CAFEF_C8_COMPLETE_ONLY_V1,-5.7437898623537755,0.7133109504029329
2024-08-30,KBS:UPCOM:BWA,0,1,experiment-20261003T113748Z-acb3a2e7,CAFEF_C8_COMPLETE_ONLY_V1,-5.7187098023597835,2.8063589162062987
2024-08-30,KBS:UPCOM:BWS,0,1,experiment-20261003T113748Z-acb3a2e7,CAFEF_C8_COMPLETE_ONLY_V1,-4.209905820235779,0.7089131515431768
2024-08-30,KBS:UPCOM:C22,0,1,experiment-20261003T113748Z-acb3a2e7,CAFEF_C8_COMPLETE_ONLY_V1,-5.719862731775511,-1.1254350773963346
2024-08-30,KBS:UPCOM:C4G,0,1,experiment-20261003T113748Z-acb3a2e7,CAFEF_C8_COMPLETE_ONLY_V1,-3.6132592013965583,-2.0045413300417243
2024-08-30,KBS:UPCOM:C92,0,1,experiment-20261003T113748Z-acb3a2e7,CAFEF_C8_COMPLETE_ONLY_V1,-5.695205313098785,-0.017079532158228376
2024-08-30,KBS:UPCOM:CAD,0,1,experiment-20261003T113748Z-acb3a2e7,CAFEF_C8_COMPLETE_ONLY_V1,-5.744893766212232,-1.9898044349911643
2024-08-30,KBS:UPCOM:CAT,0,1,experiment-20261003T113748Z-acb3a2e7,CAFEF_C8_COMPLETE_ONLY_V1,-5.7107496950538135,-0.016007032249614413
2024-08-30,KBS:UPCOM:CBI,0,1,experiment-20261003T113748Z-acb3a2e7,CAFEF_C8_COMPLETE_ONLY_V1,-5.746516000737793,0.3561502486139106
2024-08-30,KBS:UPCOM:CBS,0,1,experiment-20261003T113748Z-acb3a2e7,CAFEF_C8_COMPLETE_ONLY_V1,-5.571688095933938,0.47664510915764957
2024-08-30,KBS:UPCOM:CC1,0,1,experiment-20261003T113748Z-acb3a2e7,CAFEF_C8_COMPLETE_ONLY_V1,-5.211040353995852,-1.6412464647668294
2024-08-30,KBS:UPCOM:CCA,0,1,experiment-20261003T113748Z-acb3a2e7,CAFEF_C8_COMPLETE_ONLY_V1,-5.696991849339054,-0.6880035119020567
2024-08-30,KBS:UPCOM:CCM,0,1,experiment-20261003T113748Z-acb3a2e7,CAFEF_C8_COMPLETE_ONLY_V1,-5.602728271835078,2.4776925722344565
2024-08-30,KBS:UPCOM:CCP,0,1,experiment-20261003T113748Z-acb3a2e7,CAFEF_C8_COMPLETE_ONLY_V1,-5.751190985303482,3.662476895471188
2024-08-30,KBS:UPCOM:CCT,0,1,experiment-20261003T113748Z-acb3a2e7,CAFEF_C8_COMPLETE_ONLY_V1,-5.668520932357971,10.236607192740134
2024-08-30,KBS:UPCOM:CCV,0,1,experiment-20261003T113748Z-acb3a2e7,CAFEF_C8_COMPLETE_ONLY_V1,-5.726835840358929,3.322507446941131
2024-08-30,KBS:UPCOM:CDP,0,1,experiment-20261003T113748Z-acb3a2e7,CAFEF_C8_COMPLETE_ONLY_V1,-5.71753928969764,-0.44457079387950815
2024-08-30,KBS:UPCOM:CDR,0,1,experiment-20261003T113748Z-acb3a2e7,CAFEF_C8_COMPLETE_ONLY_V1,-5.751037064626807,7.774875564518794
2024-08-30,KBS:UPCOM:CEN,0,1,experiment-20261003T113748Z-acb3a2e7,CAFEF_C8_COMPLETE_ONLY_V1,-5.710171886404318,-4.420780412874562
2024-08-30,KBS:UPCOM:CFM,0,1,experiment-20261003T113748Z-acb3a2e7,CAFEF_C8_COMPLETE_ONLY_V1,-5.741734046685302,-1.1819640723023928
2024-08-30,KBS:UPCOM:CFV,0,1,experiment-20261003T113748Z-acb3a2e7,CAFEF_C8_COMPLETE_ONLY_V1,-5.761850812262002,-1.4567749262467127
2024-08-30,KBS:UPCOM:CH5,0,1,experiment-20261003T113748Z-acb3a2e7,CAFEF_C8_COMPLETE_ONLY_V1,-5.744066967308963,3.8913510758226524
2024-08-30,KBS:UPCOM:CHC,0,1,experiment-20261003T113748Z-acb3a2e7,CAFEF_C8_COMPLETE_ONLY_V1,-5.7515736220005005,8.792417293190686
2024-08-30,KBS:UPCOM:CHS,0,1,experiment-20261003T113748Z-acb3a2e7,CAFEF_C8_COMPLETE_ONLY_V1,-5.724667442166216,0.07361574699959683
2024-08-30,KBS:UPCOM:CI5,0,1,experiment-20261003T113748Z-acb3a2e7,CAFEF_C8_COMPLETE_ONLY_V1,-5.770087803459531,-1.417908042470103
2024-08-30,KBS:UPCOM:CID,0,1,experiment-20261003T113748Z-acb3a2e7,CAFEF_C8_COMPLETE_ONLY_V1,-5.754966043407467,17.079641971528407
2024-08-30,KBS:UPCOM:CKA,0,1,experiment-20261003T113748Z-acb3a2e7,CAFEF_C8_COMPLETE_ONLY_V1,-5.554715567695246,2.5824843944619906
2024-08-30,KBS:UPCOM:CKD,0,1,experiment-20261003T113748Z-acb3a2e7,CAFEF_C8_COMPLETE_ONLY_V1,-5.714277898822827,-0.4045532971742423
2024-08-30,KBS:UPCOM:CLX,0,1,experiment-20261003T113748Z-acb3a2e7,CAFEF_C8_COMPLETE_ONLY_V1,-4.7316535986809525,0.1657077881024522
2024-08-30,KBS:UPCOM:CMD,0,1,experiment-20261003T113748Z-acb3a2e7,CAFEF_C8_COMPLETE_ONLY_V1,-5.695527580309062,0.15775252657450714
2024-08-30,KBS:UPCOM:CMF,0,1,experiment-20261003T113748Z-acb3a2e7,CAFEF_C8_COMPLETE_ONLY_V1,-5.686435851281837,2.7055426909663147
2024-08-30,KBS:UPCOM:CMI,0,1,experiment-20261003T113748Z-acb3a2e7,CAFEF_C8_COMPLETE_ONLY_V1,-5.720434457275262,-1.8814078096104234
2024-08-30,KBS:UPCOM:CMK,0,1,experiment-20261003T113748Z-acb3a2e7,CAFEF_C8_COMPLETE_ONLY_V1,-5.715344527843561,-0.7082577008735045
2024-08-30,KBS:UPCOM:CMN,0,1,experiment-20261003T113748Z-acb3a2e7,CAFEF_C8_COMPLETE_ONLY_V1,-5.728357181561291,-1.614686227410311
2024-08-30,KBS:UPCOM:CMT,0,1,experiment-20261003T113748Z-acb3a2e7,CAFEF_C8_COMPLETE_ONLY_V1,-5.576068424837699,-1.9526720403690845
2024-08-30,KBS:UPCOM:CMW,0,1,experiment-20261003T113748Z-acb3a2e7,CAFEF_C8_COMPLETE_ONLY_V1,-5.752027146207893,-0.4361670616515097
2024-08-30,KBS:UPCOM:CNC,0,1,experiment-20261003T113748Z-acb3a2e7,CAFEF_C8_COMPLETE_ONLY_V1,-5.683076521226497,0.3405255916841301
2024-08-30,KBS:UPCOM:CNN,0,1,experiment-20261003T113748Z-acb3a2e7,CAFEF_C8_COMPLETE_ONLY_V1,-5.704921299280668,0.4105788724675544
2024-08-30,KBS:UPCOM:CNT,0,1,experiment-20261003T113748Z-acb3a2e7,CAFEF_C8_COMPLETE_ONLY_V1,-5.5879703242698175,-1.0568439064776427
2024-08-30,KBS:UPCOM:CPA,0,1,experiment-20261003T113748Z-acb3a2e7,CAFEF_C8_COMPLETE_ONLY_V1,-5.748286325819111,-1.0781802567747254
2024-08-30,KBS:UPCOM:CPI,0,1,experiment-20261003T113748Z-acb3a2e7,CAFEF_C8_COMPLETE_ONLY_V1,-5.722210241664221,1.806090138758672
2024-08-30,KBS:UPCOM:CQN,0,1,experiment-20261003T113748Z-acb3a2e7,CAFEF_C8_COMPLETE_ONLY_V1,-5.651549908841614,-0.6422291325475099
2024-08-30,KBS:UPCOM:CQT,0,1,experiment-20261003T113748Z-acb3a2e7,CAFEF_C8_COMPLETE_ONLY_V1,-5.707602405963181,-0.6170946989979895
2024-08-30,KBS:UPCOM:CT3,0,1,experiment-20261003T113748Z-acb3a2e7,CAFEF_C8_COMPLETE_ONLY_V1,-5.715344527843561,-0.7082577008735045
2024-08-30,KBS:UPCOM:CTW,0,1,experiment-20261003T113748Z-acb3a2e7,CAFEF_C8_COMPLETE_ONLY_V1,-5.746587016557755,4.745629617041503
2024-08-30,KBS:UPCOM:DAS,0,1,experiment-20261003T113748Z-acb3a2e7,CAFEF_C8_COMPLETE_ONLY_V1,-5.726227532082474,-1.093547815685345
2024-08-30,KBS:UPCOM:DBM,0,1,experiment-20261003T113748Z-acb3a2e7,CAFEF_C8_COMPLETE_ONLY_V1,-5.733571871357697,-0.6027881239585894
2024-08-30,KBS:UPCOM:DC1,0,1,experiment-20261003T113748Z-acb3a2e7,CAFEF_C8_COMPLETE_ONLY_V1,-5.7511738712405185,-1.0286735177252624
2024-08-30,KBS:UPCOM:DCF,0,1,experiment-20261003T113748Z-acb3a2e7,CAFEF_C8_COMPLETE_ONLY_V1,-5.688127921422408,4.965994236452195
2024-08-30,KBS:UPCOM:DCH,0,1,experiment-20261003T113748Z-acb3a2e7,CAFEF_C8_COMPLETE_ONLY_V1,-5.714709243415691,-0.42673407279440306
2024-08-30,KBS:UPCOM:DCR,0,1,experiment-20261003T113748Z-acb3a2e7,CAFEF_C8_COMPLETE_ONLY_V1,-5.7430775420187885,0.5861435647079574
2024-08-30,KBS:UPCOM:DCS,0,1,experiment-20261003T113748Z-acb3a2e7,CAFEF_C8_COMPLETE_ONLY_V1,-5.671789102417983,0.8952800709270953
2024-08-30,KBS:UPCOM:DCT,0,1,experiment-20261003T113748Z-acb3a2e7,CAFEF_C8_COMPLETE_ONLY_V1,-5.739581442808454,-1.8751569214509125
2024-08-30,KBS:UPCOM:DDH,0,1,experiment-20261003T113748Z-acb3a2e7,CAFEF_C8_COMPLETE_ONLY_V1,-5.720612713053442,-1.6587282231208964
2024-08-30,KBS:UPCOM:DDM,0,1,experiment-20261003T113748Z-acb3a2e7,CAFEF_C8_COMPLETE_ONLY_V1,-5.784998058480587,-0.3443201447519456
2024-08-30,KBS:UPCOM:DDN,0,1,experiment-20261003T113748Z-acb3a2e7,CAFEF_C8_COMPLETE_ONLY_V1,-5.715055687459128,-0.9374881206822706
2024-08-30,KBS:UPCOM:DDV,0,1,experiment-20261003T113748Z-acb3a2e7,CAFEF_C8_COMPLETE_ONLY_V1,1.3927168922984703,1.7577381450716705
2024-08-30,KBS:UPCOM:DFC,0,1,experiment-20261003T113748Z-acb3a2e7,CAFEF_C8_COMPLETE_ONLY_V1,-5.686975804203588,0.6046547348066279
2024-08-30,KBS:UPCOM:DGT,0,1,experiment-20261003T113748Z-acb3a2e7,CAFEF_C8_COMPLETE_ONLY_V1,-3.8920552765572776,0.21926055911823136
2024-08-30,KBS:UPCOM:DHB,0,1,experiment-20261003T113748Z-acb3a2e7,CAFEF_C8_COMPLETE_ONLY_V1,-5.693117047246236,-1.0518737300862786
2024-08-30,KBS:UPCOM:DHD,0,1,experiment-20261003T113748Z-acb3a2e7,CAFEF_C8_COMPLETE_ONLY_V1,-5.66598835304846,1.0581598770622611
2024-08-30,KBS:UPCOM:DHN,0,1,experiment-20261003T113748Z-acb3a2e7,CAFEF_C8_COMPLETE_ONLY_V1,-5.701433973812529,1.1835042699534069
2024-08-30,KBS:UPCOM:DIC,0,1,experiment-20261003T113748Z-acb3a2e7,CAFEF_C8_COMPLETE_ONLY_V1,-5.715967855387668,-0.962016873764432
2024-08-30,KBS:UPCOM:DID,0,1,experiment-20261003T113748Z-acb3a2e7,CAFEF_C8_COMPLETE_ONLY_V1,-5.71391215489459,-1.1379534129811926
2024-08-30,KBS:UPCOM:DKC,0,1,experiment-20261003T113748Z-acb3a2e7,CAFEF_C8_COMPLETE_ONLY_V1,-5.690135735301079,3.276356506164545
2024-08-30,KBS:UPCOM:DLR,0,1,experiment-20261003T113748Z-acb3a2e7,CAFEF_C8_COMPLETE_ONLY_V1,-5.514602830220502,-0.2601654840381027
2024-08-30,KBS:UPCOM:DLT,0,1,experiment-20261003T113748Z-acb3a2e7,CAFEF_C8_COMPLETE_ONLY_V1,-5.720925098657994,-2.6516653732526225
2024-08-30,KBS:UPCOM:DM7,0,1,experiment-20261003T113748Z-acb3a2e7,CAFEF_C8_COMPLETE_ONLY_V1,-5.7239040526580505,0.21376916237262344
2024-08-30,KBS:UPCOM:DNA,0,1,experiment-20261003T113748Z-acb3a2e7,CAFEF_C8_COMPLETE_ONLY_V1,-5.717630619654483,0.7153548739643009
2024-08-30,KBS:UPCOM:DND,0,1,experiment-20261003T113748Z-acb3a2e7,CAFEF_C8_COMPLETE_ONLY_V1,-5.711383835667508,-0.4647247697139166
2024-08-30,KBS:UPCOM:DNE,0,1,experiment-20261003T113748Z-acb3a2e7,CAFEF_C8_COMPLETE_ONLY_V1,-5.749339144687545,-0.4581082548889841
2024-08-30,KBS:UPCOM:DNH,0,1,experiment-20261003T113748Z-acb3a2e7,CAFEF_C8_COMPLETE_ONLY_V1,-5.741949765945909,-2.087227783416441
2024-08-30,KBS:UPCOM:DNL,0,1,experiment-20261003T113748Z-acb3a2e7,CAFEF_C8_COMPLETE_ONLY_V1,-5.7668421798079255,-1.7530966083223243
2024-08-30,KBS:UPCOM:DNM,0,1,experiment-20261003T113748Z-acb3a2e7,CAFEF_C8_COMPLETE_ONLY_V1,-5.695650347381829,-1.6671319585074964
2024-08-30,KBS:UPCOM:DNT,0,1,experiment-20261003T113748Z-acb3a2e7,CAFEF_C8_COMPLETE_ONLY_V1,-5.711201950851872,1.3350872341142506
2024-08-30,KBS:UPCOM:DNW,0,1,experiment-20261003T113748Z-acb3a2e7,CAFEF_C8_COMPLETE_ONLY_V1,-5.686912740024828,1.255290448275559
2024-08-30,KBS:UPCOM:DOC,0,1,experiment-20261003T113748Z-acb3a2e7,CAFEF_C8_COMPLETE_ONLY_V1,-5.7142120417272695,0.8374144343551447
2024-08-30,KBS:UPCOM:DOP,0,1,experiment-20261003T113748Z-acb3a2e7,CAFEF_C8_COMPLETE_ONLY_V1,-5.732272585947395,-0.11647687933371903
2024-08-30,KBS:UPCOM:DP1,0,1,experiment-20261003T113748Z-acb3a2e7,CAFEF_C8_COMPLETE_ONLY_V1,-5.691869755761748,-0.17254425638620208
2024-08-30,KBS:UPCOM:DPH,0,1,experiment-20261003T113748Z-acb3a2e7,CAFEF_C8_COMPLETE_ONLY_V1,-5.7203088810041,0.06888192347722169
2024-08-30,KBS:UPCOM:DPP,0,1,experiment-20261003T113748Z-acb3a2e7,CAFEF_C8_COMPLETE_ONLY_V1,-5.716767762479657,-0.7164360111951548
2024-08-30,KBS:UPCOM:DRG,0,1,experiment-20261003T113748Z-acb3a2e7,CAFEF_C8_COMPLETE_ONLY_V1,-5.722062509676451,-1.1831670378310883
2024-08-30,KBS:UPCOM:DRI,0,1,experiment-20261003T113748Z-acb3a2e7,CAFEF_C8_COMPLETE_ONLY_V1,-4.1303192695295605,0.15033995111973872
2024-08-30,KBS:UPCOM:DSG,0,1,experiment-20261003T113748Z-acb3a2e7,CAFEF_C8_COMPLETE_ONLY_V1,-5.697999400496342,0.9338609808488788
2024-08-30,KBS:UPCOM:DSP,0,1,experiment-20261003T113748Z-acb3a2e7,CAFEF_C8_COMPLETE_ONLY_V1,-5.712925418731247,0.345800111158603
2024-08-30,KBS:UPCOM:DTI,0,1,experiment-20261003T113748Z-acb3a2e7,CAFEF_C8_COMPLETE_ONLY_V1,-5.689537846614502,-2.8075191598423648
2024-08-30,KBS:UPCOM:DTP,0,1,experiment-20261003T113748Z-acb3a2e7,CAFEF_C8_COMPLETE_ONLY_V1,-5.6982208070492995,1.2070957222297072
2024-08-30,KBS:UPCOM:DUS,0,1,experiment-20261003T113748Z-acb3a2e7,CAFEF_C8_COMPLETE_ONLY_V1,-5.727326185079169,-3.186230879321311
2024-08-30,KBS:UPCOM:DVC,0,1,experiment-20261003T113748Z-acb3a2e7,CAFEF_C8_COMPLETE_ONLY_V1,-5.748775234674692,-1.339952997821795
2024-08-30,KBS:UPCOM:DVW,0,1,experiment-20261003T113748Z-acb3a2e7,CAFEF_C8_COMPLETE_ONLY_V1,-5.718672831679303,0.9309840423432214
2024-08-30,KBS:UPCOM:DWS,0,1,experiment-20261003T113748Z-acb3a2e7,CAFEF_C8_COMPLETE_ONLY_V1,-5.735764985656976,-0.7537564638488772
2024-08-30,KBS:UPCOM:DXL,0,1,experiment-20261003T113748Z-acb3a2e7,CAFEF_C8_COMPLETE_ONLY_V1,-5.785551641124022,2.844704918662886
2024-08-30,KBS:UPCOM:E12,0,1,experiment-20261003T113748Z-acb3a2e7,CAFEF_C8_COMPLETE_ONLY_V1,-5.735858160691335,-0.666797506001526
2024-08-30,KBS:UPCOM:E29,0,1,experiment-20261003T113748Z-acb3a2e7,CAFEF_C8_COMPLETE_ONLY_V1,-5.808581372419928,1.3741788162768818
2024-08-30,KBS:UPCOM:EIC,0,1,experiment-20261003T113748Z-acb3a2e7,CAFEF_C8_COMPLETE_ONLY_V1,-5.733924749924788,-0.6186342075876488
2024-08-30,KBS:UPCOM:EIN,0,1,experiment-20261003T113748Z-acb3a2e7,CAFEF_C8_COMPLETE_ONLY_V1,-5.70464827485819,-2.175283754336891
2024-08-30,KBS:UPCOM:EMG,0,1,experiment-20261003T113748Z-acb3a2e7,CAFEF_C8_COMPLETE_ONLY_V1,-5.738796887356671,1.3524747985767074
2024-08-30,KBS:UPCOM:EMS,0,1,experiment-20261003T113748Z-acb3a2e7,CAFEF_C8_COMPLETE_ONLY_V1,-5.737084223683939,2.239376731140936
2024-08-30,KBS:UPCOM:FCC,0,1,experiment-20261003T113748Z-acb3a2e7,CAFEF_C8_COMPLETE_ONLY_V1,-5.715344527843561,-0.7082577008735045
2024-08-30,KBS:UPCOM:FCS,0,1,experiment-20261003T113748Z-acb3a2e7,CAFEF_C8_COMPLETE_ONLY_V1,-5.712984419016439,0.3650993225891683
2024-08-30,KBS:UPCOM:FHN,0,1,experiment-20261003T113748Z-acb3a2e7,CAFEF_C8_COMPLETE_ONLY_V1,-5.7357671395314895,-0.623553532754923
2024-08-30,KBS:UPCOM:FHS,0,1,experiment-20261003T113748Z-acb3a2e7,CAFEF_C8_COMPLETE_ONLY_V1,-5.7336550089811364,0.5462108411206799
2024-08-30,KBS:UPCOM:FIC,0,1,experiment-20261003T113748Z-acb3a2e7,CAFEF_C8_COMPLETE_ONLY_V1,-5.6452147915689865,0.46448401151621094
2024-08-30,KBS:UPCOM:FOC,0,1,experiment-20261003T113748Z-acb3a2e7,CAFEF_C8_COMPLETE_ONLY_V1,-4.340114931046923,-0.03541351384603666
2024-08-30,KBS:UPCOM:FOX,0,1,experiment-20261003T113748Z-acb3a2e7,CAFEF_C8_COMPLETE_ONLY_V1,-3.361317926091129,1.7495767372519713
2024-08-30,KBS:UPCOM:FRC,0,1,experiment-20261003T113748Z-acb3a2e7,CAFEF_C8_COMPLETE_ONLY_V1,-5.731496831661698,-0.4131166055253376
2024-08-30,KBS:UPCOM:FRM,0,1,experiment-20261003T113748Z-acb3a2e7,CAFEF_C8_COMPLETE_ONLY_V1,-5.741023408001034,-0.7250603341080027
2024-08-30,KBS:UPCOM:FT1,0,1,experiment-20261003T113748Z-acb3a2e7,CAFEF_C8_COMPLETE_ONLY_V1,-5.627634599066427,0.5717665323200382
2024-08-30,KBS:UPCOM:FTI,0,1,experiment-20261003T113748Z-acb3a2e7,CAFEF_C8_COMPLETE_ONLY_V1,-5.715344527843561,-0.7082577008735045
2024-08-30,KBS:UPCOM:FTM,0,1,experiment-20261003T113748Z-acb3a2e7,CAFEF_C8_COMPLETE_ONLY_V1,-5.725751495857614,-0.5589178777006144
2024-08-30,KBS:UPCOM:G36,0,1,experiment-20261003T113748Z-acb3a2e7,CAFEF_C8_COMPLETE_ONLY_V1,-5.14066853384228,-1.5302044473274459
2024-08-30,KBS:UPCOM:GCB,0,1,experiment-20261003T113748Z-acb3a2e7,CAFEF_C8_COMPLETE_ONLY_V1,-5.714527162326721,-0.4185852415272456
2024-08-30,KBS:UPCOM:GER,0,1,experiment-20261003T113748Z-acb3a2e7,CAFEF_C8_COMPLETE_ONLY_V1,-5.717299940194397,0.08500584471817331
2024-08-30,KBS:UPCOM:GGG,0,1,experiment-20261003T113748Z-acb3a2e7,CAFEF_C8_COMPLETE_ONLY_V1,-5.744913077025929,-0.4476004469849571
2024-08-30,KBS:UPCOM:GH3,0,1,experiment-20261003T113748Z-acb3a2e7,CAFEF_C8_COMPLETE_ONLY_V1,-5.7142345929650595,-0.31489933262131353
2024-08-30,KBS:UPCOM:GLC,0,1,experiment-20261003T113748Z-acb3a2e7,CAFEF_C8_COMPLETE_ONLY_V1,-5.715344527843561,-0.7082577008735045
2024-08-30,KBS:UPCOM:GMC,0,1,experiment-20261003T113748Z-acb3a2e7,CAFEF_C8_COMPLETE_ONLY_V1,-5.729232615723565,-1.481285699531203
2024-08-30,KBS:UPCOM:GND,0,1,experiment-20261003T113748Z-acb3a2e7,CAFEF_C8_COMPLETE_ONLY_V1,-5.699946402119026,-0.4593096970507351
2024-08-30,KBS:UPCOM:GSM,0,1,experiment-20261003T113748Z-acb3a2e7,CAFEF_C8_COMPLETE_ONLY_V1,-5.707578505571542,0.7267638328125215
2024-08-30,KBS:UPCOM:GTD,0,1,experiment-20261003T113748Z-acb3a2e7,CAFEF_C8_COMPLETE_ONLY_V1,-5.770010690716322,-0.27431867062397336
2024-08-30,KBS:UPCOM:GTS,0,1,experiment-20261003T113748Z-acb3a2e7,CAFEF_C8_COMPLETE_ONLY_V1,-5.7174182058007625,-0.06919582148416485
2024-08-30,KBS:UPCOM:H11,0,1,experiment-20261003T113748Z-acb3a2e7,CAFEF_C8_COMPLETE_ONLY_V1,-5.740196562582338,-1.6912952518439204
2024-08-30,KBS:UPCOM:HAC,0,1,experiment-20261003T113748Z-acb3a2e7,CAFEF_C8_COMPLETE_ONLY_V1,-0.3836709831449935,0.18318918116504693
2024-08-30,KBS:UPCOM:HAF,0,1,experiment-20261003T113748Z-acb3a2e7,CAFEF_C8_COMPLETE_ONLY_V1,-5.716615615333057,-0.908498652506467
2024-08-30,KBS:UPCOM:HAM,0,1,experiment-20261003T113748Z-acb3a2e7,CAFEF_C8_COMPLETE_ONLY_V1,-5.739578060032632,0.25747407253517895
2024-08-30,KBS:UPCOM:HAN,0,1,experiment-20261003T113748Z-acb3a2e7,CAFEF_C8_COMPLETE_ONLY_V1,-5.6695647992906775,-0.4827462562378781
2024-08-30,KBS:UPCOM:HBC,0,1,experiment-20261003T113748Z-acb3a2e7,CAFEF_C8_COMPLETE_ONLY_V1,-1.8904516335353507,-3.5275514276233975
2024-08-30,KBS:UPCOM:HBD,0,1,experiment-20261003T113748Z-acb3a2e7,CAFEF_C8_COMPLETE_ONLY_V1,-5.726948907549669,0.7526815671967344
2024-08-30,KBS:UPCOM:HBH,0,1,experiment-20261003T113748Z-acb3a2e7,CAFEF_C8_COMPLETE_ONLY_V1,-5.740023646720084,-1.078325261399261
2024-08-30,KBS:UPCOM:HD6,0,1,experiment-20261003T113748Z-acb3a2e7,CAFEF_C8_COMPLETE_ONLY_V1,-5.578196062714101,-2.641525834368413
2024-08-30,KBS:UPCOM:HDW,0,1,experiment-20261003T113748Z-acb3a2e7,CAFEF_C8_COMPLETE_ONLY_V1,-5.7102987618998515,1.1569910915545265
2024-08-30,KBS:UPCOM:HEJ,0,1,experiment-20261003T113748Z-acb3a2e7,CAFEF_C8_COMPLETE_ONLY_V1,-5.726616607178339,-1.2836014338549981
2024-08-30,KBS:UPCOM:HEP,0,1,experiment-20261003T113748Z-acb3a2e7,CAFEF_C8_COMPLETE_ONLY_V1,-5.728364898435656,0.08739980046525092
2024-08-30,KBS:UPCOM:HES,0,1,experiment-20261003T113748Z-acb3a2e7,CAFEF_C8_COMPLETE_ONLY_V1,-5.7206657151309095,0.9457711374595497
2024-08-30,KBS:UPCOM:HHG,0,1,experiment-20261003T113748Z-acb3a2e7,CAFEF_C8_COMPLETE_ONLY_V1,-5.639312432002596,-2.5156304437389863
2024-08-30,KBS:UPCOM:HLB,0,1,experiment-20261003T113748Z-acb3a2e7,CAFEF_C8_COMPLETE_ONLY_V1,-5.721789714092854,-1.0417608855081388
2024-08-30,KBS:UPCOM:HLS,0,1,experiment-20261003T113748Z-acb3a2e7,CAFEF_C8_COMPLETE_ONLY_V1,-5.754548225300947,-0.6841550060682982
2024-08-30,KBS:UPCOM:HND,0,1,experiment-20261003T113748Z-acb3a2e7,CAFEF_C8_COMPLETE_ONLY_V1,-5.619365455281018,-0.9658191173634476
2024-08-30,KBS:UPCOM:HNF,0,1,experiment-20261003T113748Z-acb3a2e7,CAFEF_C8_COMPLETE_ONLY_V1,-5.716592499570745,2.749697378944904
2024-08-30,KBS:UPCOM:HNG,0,1,experiment-20261003T113748Z-acb3a2e7,CAFEF_C8_COMPLETE_ONLY_V1,1.4248289110691372,-0.33283460616679966
2024-08-30,KBS:UPCOM:HNM,0,1,experiment-20261003T113748Z-acb3a2e7,CAFEF_C8_COMPLETE_ONLY_V1,-5.3811048701120505,-1.0138855075908326
2024-08-30,KBS:UPCOM:HPH,0,1,experiment-20261003T113748Z-acb3a2e7,CAFEF_C8_COMPLETE_ONLY_V1,-5.742125670763848,-0.5976188600935382
2024-08-30,KBS:UPCOM:HPT,0,1,experiment-20261003T113748Z-acb3a2e7,CAFEF_C8_COMPLETE_ONLY_V1,-5.728538319517698,1.5142491498872699
2024-08-30,KBS:UPCOM:HTM,0,1,experiment-20261003T113748Z-acb3a2e7,CAFEF_C8_COMPLETE_ONLY_V1,-5.728681215555434,-1.5102125770054633
2024-08-30,KBS:UPCOM:HWS,0,1,experiment-20261003T113748Z-acb3a2e7,CAFEF_C8_COMPLETE_ONLY_V1,-5.688061050912294,0.6187132148963554
2024-08-30,KBS:UPCOM:ICI,0,1,experiment-20261003T113748Z-acb3a2e7,CAFEF_C8_COMPLETE_ONLY_V1,-5.76682565449099,-1.6893375327700626
2024-08-30,KBS:UPCOM:ICN,0,1,experiment-20261003T113748Z-acb3a2e7,CAFEF_C8_COMPLETE_ONLY_V1,-5.682506008386174,-0.4233186102873224
2024-08-30,KBS:UPCOM:IFS,0,1,experiment-20261003T113748Z-acb3a2e7,CAFEF_C8_COMPLETE_ONLY_V1,-5.6606697890958895,-0.8783852793493239
2024-08-30,KBS:UPCOM:ILA,0,1,experiment-20261003T113748Z-acb3a2e7,CAFEF_C8_COMPLETE_ONLY_V1,-5.6150353931946055,-0.26471563223346817
2024-08-30,KBS:UPCOM:ILC,0,1,experiment-20261003T113748Z-acb3a2e7,CAFEF_C8_COMPLETE_ONLY_V1,-5.746980264695694,-0.3999386630253818
2024-08-30,KBS:UPCOM:ILS,0,1,experiment-20261003T113748Z-acb3a2e7,CAFEF_C8_COMPLETE_ONLY_V1,-5.740324579730215,-0.7112562212532744
2024-08-30,KBS:UPCOM:IST,0,1,experiment-20261003T113748Z-acb3a2e7,CAFEF_C8_COMPLETE_ONLY_V1,-5.009384745853328,1.102504935619776
2024-08-30,KBS:UPCOM:JOS,0,1,experiment-20261003T113748Z-acb3a2e7,CAFEF_C8_COMPLETE_ONLY_V1,-5.769144804932042,-4.331715837431122
2024-08-30,KBS:UPCOM:KHW,0,1,experiment-20261003T113748Z-acb3a2e7,CAFEF_C8_COMPLETE_ONLY_V1,-5.709470394455562,0.6735469650850949
2024-08-30,KBS:UPCOM:KIP,0,1,experiment-20261003T113748Z-acb3a2e7,CAFEF_C8_COMPLETE_ONLY_V1,-5.712007382243569,0.8148784478548959
2024-08-30,KBS:UPCOM:L63,0,1,experiment-20261003T113748Z-acb3a2e7,CAFEF_C8_COMPLETE_ONLY_V1,-5.72537137332007,-1.5364172152998756
2024-08-30,KBS:UPCOM:LAI,0,1,experiment-20261003T113748Z-acb3a2e7,CAFEF_C8_COMPLETE_ONLY_V1,-5.125733479459146,1.0121817361356726
2024-08-30,KBS:UPCOM:LIC,0,1,experiment-20261003T113748Z-acb3a2e7,CAFEF_C8_COMPLETE_ONLY_V1,-5.657369893643529,1.9537828130147599
2024-08-30,KBS:UPCOM:LLM,0,1,experiment-20261003T113748Z-acb3a2e7,CAFEF_C8_COMPLETE_ONLY_V1,-5.740762564279902,1.8731501591845199
2024-08-30,KBS:UPCOM:LMI,0,1,experiment-20261003T113748Z-acb3a2e7,CAFEF_C8_COMPLETE_ONLY_V1,-5.72699838213356,0.056473886047916866
2024-08-30,KBS:UPCOM:LTC,0,1,experiment-20261003T113748Z-acb3a2e7,CAFEF_C8_COMPLETE_ONLY_V1,-5.734076572083929,7.885201775123757
2024-08-30,KBS:UPCOM:MDF,0,1,experiment-20261003T113748Z-acb3a2e7,CAFEF_C8_COMPLETE_ONLY_V1,-5.714307859572049,-1.5144680806494897
2024-08-30,KBS:UPCOM:MEC,0,1,experiment-20261003T113748Z-acb3a2e7,CAFEF_C8_COMPLETE_ONLY_V1,-5.747077605590232,-0.459260486906039
2024-08-30,KBS:UPCOM:MFS,0,1,experiment-20261003T113748Z-acb3a2e7,CAFEF_C8_COMPLETE_ONLY_V1,-4.645866002141002,0.5303388673104567
2024-08-30,KBS:UPCOM:MGC,0,1,experiment-20261003T113748Z-acb3a2e7,CAFEF_C8_COMPLETE_ONLY_V1,-5.64043645102293,2.1354097213644065
2024-08-30,KBS:UPCOM:MGG,0,1,experiment-20261003T113748Z-acb3a2e7,CAFEF_C8_COMPLETE_ONLY_V1,-5.739202120996707,-1.2145034093134293
2024-08-30,KBS:UPCOM:MPC,0,1,experiment-20261003T113748Z-acb3a2e7,CAFEF_C8_COMPLETE_ONLY_V1,-5.305280170303385,-1.0101214645124714
2024-08-30,KBS:UPCOM:MSR,0,1,experiment-20261003T113748Z-acb3a2e7,CAFEF_C8_COMPLETE_ONLY_V1,-4.444328889545417,-1.970255518149397
2024-08-30,KBS:UPCOM:MVN,0,1,experiment-20261003T113748Z-acb3a2e7,CAFEF_C8_COMPLETE_ONLY_V1,-5.561406210014854,6.660712758353701
2024-08-30,KBS:UPCOM:NAU,0,1,experiment-20261003T113748Z-acb3a2e7,CAFEF_C8_COMPLETE_ONLY_V1,-5.729275153749678,0.6229978905281295
2024-08-30,KBS:UPCOM:NBT,0,1,experiment-20261003T113748Z-acb3a2e7,CAFEF_C8_COMPLETE_ONLY_V1,-5.715984172793417,0.446346365159287
2024-08-30,KBS:UPCOM:ND2,0,1,experiment-20261003T113748Z-acb3a2e7,CAFEF_C8_COMPLETE_ONLY_V1,-5.70923828930848,-0.6341062902054403
2024-08-30,KBS:UPCOM:NOS,0,1,experiment-20261003T113748Z-acb3a2e7,CAFEF_C8_COMPLETE_ONLY_V1,-5.740970271418972,0.8303319537287321
2024-08-30,KBS:UPCOM:NQN,0,1,experiment-20261003T113748Z-acb3a2e7,CAFEF_C8_COMPLETE_ONLY_V1,-5.735530901848848,-0.7264990528794507
2024-08-30,KBS:UPCOM:NTT,0,1,experiment-20261003T113748Z-acb3a2e7,CAFEF_C8_COMPLETE_ONLY_V1,-5.746852618252585,-2.6992127835033384
2024-08-30,KBS:UPCOM:NTW,0,1,experiment-20261003T113748Z-acb3a2e7,CAFEF_C8_COMPLETE_ONLY_V1,-5.72484261736497,-0.4844169031938308
2024-08-30,KBS:UPCOM:NUE,0,1,experiment-20261003T113748Z-acb3a2e7,CAFEF_C8_COMPLETE_ONLY_V1,-5.721434134749457,-0.021279787384741372
2024-08-30,KBS:UPCOM:OIL,0,1,experiment-20261003T113748Z-acb3a2e7,CAFEF_C8_COMPLETE_ONLY_V1,8.739444538544982,2.469761662915266
2024-08-30,KBS:UPCOM:PCC,0,1,experiment-20261003T113748Z-acb3a2e7,CAFEF_C8_COMPLETE_ONLY_V1,-5.717308049072518,0.18379578831814947
2024-08-30,KBS:UPCOM:PCF,0,1,experiment-20261003T113748Z-acb3a2e7,CAFEF_C8_COMPLETE_ONLY_V1,-5.737239230893614,-1.4884469446643116
2024-08-30,KBS:UPCOM:PFL,0,1,experiment-20261003T113748Z-acb3a2e7,CAFEF_C8_COMPLETE_ONLY_V1,-5.672352020414542,-2.2511338284837557
2024-08-30,KBS:UPCOM:PHP,0,1,experiment-20261003T113748Z-acb3a2e7,CAFEF_C8_COMPLETE_ONLY_V1,-4.580463834809804,1.1231720894664934
2024-08-30,KBS:UPCOM:PHS,0,1,experiment-20261003T113748Z-acb3a2e7,CAFEF_C8_COMPLETE_ONLY_V1,-5.743888245263805,-2.811118899087279
2024-08-30,KBS:UPCOM:PVE,0,1,experiment-20261003T113748Z-acb3a2e7,CAFEF_C8_COMPLETE_ONLY_V1,-5.732825283501401,-0.6222775982455963
2024-08-30,KBS:UPCOM:PVL,0,1,experiment-20261003T113748Z-acb3a2e7,CAFEF_C8_COMPLETE_ONLY_V1,-5.6352626901769085,-0.6956595062166764
2024-08-30,KBS:UPCOM:PVX,0,1,experiment-20261003T113748Z-acb3a2e7,CAFEF_C8_COMPLETE_ONLY_V1,-5.419654164602856,-1.6435863753277886
2024-08-30,KBS:UPCOM:PWA,0,1,experiment-20261003T113748Z-acb3a2e7,CAFEF_C8_COMPLETE_ONLY_V1,-5.714265766620418,-1.1539548042018575
2024-08-30,KBS:UPCOM:PWS,0,1,experiment-20261003T113748Z-acb3a2e7,CAFEF_C8_COMPLETE_ONLY_V1,-5.703353712738802,0.11549619103636345
2024-08-30,KBS:UPCOM:PXA,0,1,experiment-20261003T113748Z-acb3a2e7,CAFEF_C8_COMPLETE_ONLY_V1,-5.7158016224221315,0.2950862579328465
2024-08-30,KBS:UPCOM:PXI,0,1,experiment-20261003T113748Z-acb3a2e7,CAFEF_C8_COMPLETE_ONLY_V1,-5.689245937851491,-2.205870353279167
2024-08-30,KBS:UPCOM:PXM,0,1,experiment-20261003T113748Z-acb3a2e7,CAFEF_C8_COMPLETE_ONLY_V1,-5.742275915156391,-0.8195417810077058
2024-08-30,KBS:UPCOM:PXS,0,1,experiment-20261003T113748Z-acb3a2e7,CAFEF_C8_COMPLETE_ONLY_V1,-5.6636525600308545,-2.0291263785681917
2024-08-30,KBS:UPCOM:QCC,0,1,experiment-20261003T113748Z-acb3a2e7,CAFEF_C8_COMPLETE_ONLY_V1,-5.731712784534822,0.771207282604953
2024-08-30,KBS:UPCOM:QHW,0,1,experiment-20261003T113748Z-acb3a2e7,CAFEF_C8_COMPLETE_ONLY_V1,-5.736090206002451,-0.49662605786178365
2024-08-30,KBS:UPCOM:QNC,0,1,experiment-20261003T113748Z-acb3a2e7,CAFEF_C8_COMPLETE_ONLY_V1,-5.697408554416396,-0.6844059953085753
2024-08-30,KBS:UPCOM:QNS,0,1,experiment-20261003T113748Z-acb3a2e7,CAFEF_C8_COMPLETE_ONLY_V1,-0.29168128979295754,-0.5912446354763261
2024-08-30,KBS:UPCOM:QPH,0,1,experiment-20261003T113748Z-acb3a2e7,CAFEF_C8_COMPLETE_ONLY_V1,-5.716927968682531,0.1341058252349945
2024-08-30,KBS:UPCOM:QSP,0,1,experiment-20261003T113748Z-acb3a2e7,CAFEF_C8_COMPLETE_ONLY_V1,-5.728408223117405,0.37519477502535775
2024-08-30,KBS:UPCOM:RIC,0,1,experiment-20261003T113748Z-acb3a2e7,CAFEF_C8_COMPLETE_ONLY_V1,-5.7383418352061115,-1.8487525022106757
2024-08-30,KBS:UPCOM:S74,0,1,experiment-20261003T113748Z-acb3a2e7,CAFEF_C8_COMPLETE_ONLY_V1,-5.670864145825914,0.27843803630182434
2024-08-30,KBS:UPCOM:SBD,0,1,experiment-20261003T113748Z-acb3a2e7,CAFEF_C8_COMPLETE_ONLY_V1,-5.671639595215768,-2.1519415673511477
2024-08-30,KBS:UPCOM:SBM,0,1,experiment-20261003T113748Z-acb3a2e7,CAFEF_C8_COMPLETE_ONLY_V1,-5.727230010972136,-1.1005847332826202
2024-08-30,KBS:UPCOM:SCJ,0,1,experiment-20261003T113748Z-acb3a2e7,CAFEF_C8_COMPLETE_ONLY_V1,-5.701484442101564,-1.3853799327914205
2024-08-30,KBS:UPCOM:SCL,0,1,experiment-20261003T113748Z-acb3a2e7,CAFEF_C8_COMPLETE_ONLY_V1,-5.4874425042901445,-0.4095235067072872
2024-08-30,KBS:UPCOM:SD2,0,1,experiment-20261003T113748Z-acb3a2e7,CAFEF_C8_COMPLETE_ONLY_V1,-5.728694600599241,-0.9102523824711258
2024-08-30,KBS:UPCOM:SD7,0,1,experiment-20261003T113748Z-acb3a2e7,CAFEF_C8_COMPLETE_ONLY_V1,-5.637011447776626,-1.1453227052606996
2024-08-30,KBS:UPCOM:SDP,0,1,experiment-20261003T113748Z-acb3a2e7,CAFEF_C8_COMPLETE_ONLY_V1,-5.7505539318620515,-2.786578021398703
2024-08-30,KBS:UPCOM:SEA,0,1,experiment-20261003T113748Z-acb3a2e7,CAFEF_C8_COMPLETE_ONLY_V1,-5.7397279885459564,-0.39747076402192455
2024-08-30,KBS:UPCOM:SGB,0,1,experiment-20261003T113748Z-acb3a2e7,CAFEF_C8_COMPLETE_ONLY_V1,-5.658070170875682,-0.6738072654947205
2024-08-30,KBS:UPCOM:SGS,0,1,experiment-20261003T113748Z-acb3a2e7,CAFEF_C8_COMPLETE_ONLY_V1,-5.7227039148192445,-0.5149758312533707
2024-08-30,KBS:UPCOM:SID,0,1,experiment-20261003T113748Z-acb3a2e7,CAFEF_C8_COMPLETE_ONLY_V1,-5.7150451730545875,-0.6219767600013958
2024-08-30,KBS:UPCOM:SJG,0,1,experiment-20261003T113748Z-acb3a2e7,CAFEF_C8_COMPLETE_ONLY_V1,-5.741411583239465,0.6560296309089236
2024-08-30,KBS:UPCOM:SKV,0,1,experiment-20261003T113748Z-acb3a2e7,CAFEF_C8_COMPLETE_ONLY_V1,-5.561337155680194,-0.918892238442336
2024-08-30,KBS:UPCOM:SRB,0,1,experiment-20261003T113748Z-acb3a2e7,CAFEF_C8_COMPLETE_ONLY_V1,-5.729556441803836,-2.426152168603198
2024-08-30,KBS:UPCOM:SSG,0,1,experiment-20261003T113748Z-acb3a2e7,CAFEF_C8_COMPLETE_ONLY_V1,-5.721601973551382,-0.12074838481286279
2024-08-30,KBS:UPCOM:SSH,0,1,experiment-20261003T113748Z-acb3a2e7,CAFEF_C8_COMPLETE_ONLY_V1,-4.4784001255456465,-0.6866799226257644
2024-08-30,KBS:UPCOM:STT,0,1,experiment-20261003T113748Z-acb3a2e7,CAFEF_C8_COMPLETE_ONLY_V1,-5.725815018826724,-0.838856603394658
2024-08-30,KBS:UPCOM:SWC,0,1,experiment-20261003T113748Z-acb3a2e7,CAFEF_C8_COMPLETE_ONLY_V1,-5.667136059827535,-0.5077794864929659
2024-08-30,KBS:UPCOM:TDB,0,1,experiment-20261003T113748Z-acb3a2e7,CAFEF_C8_COMPLETE_ONLY_V1,-5.683529821809699,-0.3403150235336589
2024-08-30,KBS:UPCOM:TDS,0,1,experiment-20261003T113748Z-acb3a2e7,CAFEF_C8_COMPLETE_ONLY_V1,-5.686247308716357,0.16620239406109485
2024-08-30,KBS:UPCOM:TGP,0,1,experiment-20261003T113748Z-acb3a2e7,CAFEF_C8_COMPLETE_ONLY_V1,-5.720565536412091,-1.4500254224418205
2024-08-30,KBS:UPCOM:THW,0,1,experiment-20261003T113748Z-acb3a2e7,CAFEF_C8_COMPLETE_ONLY_V1,-5.730472216257514,1.709194591168507
2024-08-30,KBS:UPCOM:TIS,0,1,experiment-20261003T113748Z-acb3a2e7,CAFEF_C8_COMPLETE_ONLY_V1,-5.421533626474504,2.6902943970310984
2024-08-30,KBS:UPCOM:TLP,0,1,experiment-20261003T113748Z-acb3a2e7,CAFEF_C8_COMPLETE_ONLY_V1,-5.716147812365876,-0.6632261925330526
2024-08-30,KBS:UPCOM:TNW,0,1,experiment-20261003T113748Z-acb3a2e7,CAFEF_C8_COMPLETE_ONLY_V1,-5.746245546982288,-1.342204887564742
2024-08-30,KBS:UPCOM:TOW,0,1,experiment-20261003T113748Z-acb3a2e7,CAFEF_C8_COMPLETE_ONLY_V1,-5.723975643522626,1.342375071104403
2024-08-30,KBS:UPCOM:TSD,0,1,experiment-20261003T113748Z-acb3a2e7,CAFEF_C8_COMPLETE_ONLY_V1,-5.768553225322951,-0.26082112545032404
2024-08-30,KBS:UPCOM:TST,0,1,experiment-20261003T113748Z-acb3a2e7,CAFEF_C8_COMPLETE_ONLY_V1,-5.744018881750834,-0.3887086206218694
2024-08-30,KBS:UPCOM:TTD,0,1,experiment-20261003T113748Z-acb3a2e7,CAFEF_C8_COMPLETE_ONLY_V1,-5.734280078883796,-0.9345511030894734
2024-08-30,KBS:UPCOM:TTG,0,1,experiment-20261003T113748Z-acb3a2e7,CAFEF_C8_COMPLETE_ONLY_V1,-5.715834433649572,-0.40190612664525277
2024-08-30,KBS:UPCOM:TTS,0,1,experiment-20261003T113748Z-acb3a2e7,CAFEF_C8_COMPLETE_ONLY_V1,-5.747784850208788,-2.4062237072036146
2024-08-30,KBS:UPCOM:TUG,0,1,experiment-20261003T113748Z-acb3a2e7,CAFEF_C8_COMPLETE_ONLY_V1,-5.724788271449318,-0.389985474886835
2024-08-30,KBS:UPCOM:TV1,0,1,experiment-20261003T113748Z-acb3a2e7,CAFEF_C8_COMPLETE_ONLY_V1,-5.640754455312416,-0.061845542028847234
2024-08-30,KBS:UPCOM:TVN,0,1,experiment-20261003T113748Z-acb3a2e7,CAFEF_C8_COMPLETE_ONLY_V1,-2.8480306872024532,2.3567850445635528
2024-08-30,KBS:UPCOM:UDC,0,1,experiment-20261003T113748Z-acb3a2e7,CAFEF_C8_COMPLETE_ONLY_V1,-5.692041371355231,-0.4694259128553621
2024-08-30,KBS:UPCOM:USC,0,1,experiment-20261003T113748Z-acb3a2e7,CAFEF_C8_COMPLETE_ONLY_V1,-5.7181276443078835,0.3436516505195984
2024-08-30,KBS:UPCOM:VAV,0,1,experiment-20261003T113748Z-acb3a2e7,CAFEF_C8_COMPLETE_ONLY_V1,-5.72020423821344,0.5191430058686476
2024-08-30,KBS:UPCOM:VCP,0,1,experiment-20261003T113748Z-acb3a2e7,CAFEF_C8_COMPLETE_ONLY_V1,-5.482080112273253,-0.0921952134749496
2024-08-30,KBS:UPCOM:VCR,0,1,experiment-20261003T113748Z-acb3a2e7,CAFEF_C8_COMPLETE_ONLY_V1,-5.686691058697512,-0.3145127806579061
2024-08-30,KBS:UPCOM:VDN,0,1,experiment-20261003T113748Z-acb3a2e7,CAFEF_C8_COMPLETE_ONLY_V1,-5.746353585849059,0.08560267678727627
2024-08-30,KBS:UPCOM:VEA,0,1,experiment-20261003T113748Z-acb3a2e7,CAFEF_C8_COMPLETE_ONLY_V1,6.92500649930642,0.30345614642986596
2024-08-30,KBS:UPCOM:VGG,0,1,experiment-20261003T113748Z-acb3a2e7,CAFEF_C8_COMPLETE_ONLY_V1,-5.580728830307338,0.4110018792051893
2024-08-30,KBS:UPCOM:VGI,0,1,experiment-20261003T113748Z-acb3a2e7,CAFEF_C8_COMPLETE_ONLY_V1,25.532438294179503,2.872316796697779
2024-08-30,KBS:UPCOM:VGT,0,1,experiment-20261003T113748Z-acb3a2e7,CAFEF_C8_COMPLETE_ONLY_V1,4.419203428492265,-0.08174269245705643
2024-08-30,KBS:UPCOM:VHG,0,1,experiment-20261003T113748Z-acb3a2e7,CAFEF_C8_COMPLETE_ONLY_V1,-4.9909710085137196,-3.0854452541111113
2024-08-30,KBS:UPCOM:VIM,0,1,experiment-20261003T113748Z-acb3a2e7,CAFEF_C8_COMPLETE_ONLY_V1,-5.7035676429387125,-0.39970875662340055
2024-08-30,KBS:UPCOM:VIN,0,1,experiment-20261003T113748Z-acb3a2e7,CAFEF_C8_COMPLETE_ONLY_V1,-5.734163556381272,-1.4869923756360046
2024-08-30,KBS:UPCOM:VIW,0,1,experiment-20261003T113748Z-acb3a2e7,CAFEF_C8_COMPLETE_ONLY_V1,-5.720165615453048,-1.975517340081717
2024-08-30,KBS:UPCOM:VKC,0,1,experiment-20261003T113748Z-acb3a2e7,CAFEF_C8_COMPLETE_ONLY_V1,-5.717196001027156,-1.9328322863689589
2024-08-30,KBS:UPCOM:VLG,0,1,experiment-20261003T113748Z-acb3a2e7,CAFEF_C8_COMPLETE_ONLY_V1,-5.67287447916991,3.256465549362461
2024-08-30,KBS:UPCOM:VLW,0,1,experiment-20261003T113748Z-acb3a2e7,CAFEF_C8_COMPLETE_ONLY_V1,-5.736813333687798,0.45189235048549636
2024-08-30,KBS:UPCOM:VNB,0,1,experiment-20261003T113748Z-acb3a2e7,CAFEF_C8_COMPLETE_ONLY_V1,-5.503775754922094,-0.7843248052935194
2024-08-30,KBS:UPCOM:VPR,0,1,experiment-20261003T113748Z-acb3a2e7,CAFEF_C8_COMPLETE_ONLY_V1,-5.718423540556607,-1.2739493317622694
2024-08-30,KBS:UPCOM:VSE,0,1,experiment-20261003T113748Z-acb3a2e7,CAFEF_C8_COMPLETE_ONLY_V1,-5.705572018035159,0.22754922230286603
2024-08-30,KBS:UPCOM:VST,0,1,experiment-20261003T113748Z-acb3a2e7,CAFEF_C8_COMPLETE_ONLY_V1,-5.733973501814394,-0.4150516284272417
2024-08-30,KBS:UPCOM:VTK,0,1,experiment-20261003T113748Z-acb3a2e7,CAFEF_C8_COMPLETE_ONLY_V1,-5.263080976936613,2.0998326379908856
2024-08-30,KBS:UPCOM:VW3,0,1,experiment-20261003T113748Z-acb3a2e7,CAFEF_C8_COMPLETE_ONLY_V1,-5.714513154473105,0.15467972721332468
2024-08-30,KBS:UPCOM:WSB,0,1,experiment-20261003T113748Z-acb3a2e7,CAFEF_C8_COMPLETE_ONLY_V1,-5.61883529560889,-0.3774860836615758
2024-08-30,KBS:UPCOM:XMC,0,1,experiment-20261003T113748Z-acb3a2e7,CAFEF_C8_COMPLETE_ONLY_V1,-5.706398690864963,-1.1951637879572827
2024-08-30,KBS:UPCOM:XMP,0,1,experiment-20261003T113748Z-acb3a2e7,CAFEF_C8_COMPLETE_ONLY_V1,-5.736903472858821,-1.042010336934687
2024-09-30,KBS:HNX:CST,0,1,experiment-20261003T113748Z-acb3a2e7,CAFEF_C8_COMPLETE_ONLY_V1,-6.44128871890804,0.4964289324913992
2024-09-30,KBS:HNX:MIC,0,1,experiment-20261003T113748Z-acb3a2e7,CAFEF_C8_COMPLETE_ONLY_V1,-6.9512916952273756,-0.2593672056762998
2024-09-30,KBS:HOSE:AAM,0,1,experiment-20261003T113748Z-acb3a2e7,CAFEF_C8_COMPLETE_ONLY_V1,-6.9390575803722445,-0.3331670536025558
2024-09-30,KBS:HOSE:AAT,0,1,experiment-20261003T113748Z-acb3a2e7,CAFEF_C8_COMPLETE_ONLY_V1,-6.644430707580575,-2.438479229063556
2024-09-30,KBS:HOSE:ABR,0,1,experiment-20261003T113748Z-acb3a2e7,CAFEF_C8_COMPLETE_ONLY_V1,-6.908468284606112,3.4155399636984174
2024-09-30,KBS:HOSE:ABS,0,1,experiment-20261003T113748Z-acb3a2e7,CAFEF_C8_COMPLETE_ONLY_V1,-6.534037574141753,-1.7235178636626405
2024-09-30,KBS:HOSE:ABT,0,1,experiment-20261003T113748Z-acb3a2e7,CAFEF_C8_COMPLETE_ONLY_V1,-6.91312228778288,0.9415092501728494
2024-09-30,KBS:HOSE:ACC,0,1,experiment-20261003T113748Z-acb3a2e7,CAFEF_C8_COMPLETE_ONLY_V1,-6.146486317675525,-0.27524566251913674
2024-09-30,KBS:HOSE:ACG,0,1,experiment-20261003T113748Z-acb3a2e7,CAFEF_C8_COMPLETE_ONLY_V1,-6.747550288502724,-0.41190211023241746
2024-09-30,KBS:HOSE:ACL,0,1,experiment-20261003T113748Z-acb3a2e7,CAFEF_C8_COMPLETE_ONLY_V1,-6.8786669906074325,-0.5265264420144969
2024-09-30,KBS:HOSE:ADP,0,1,experiment-20261003T113748Z-acb3a2e7,CAFEF_C8_COMPLETE_ONLY_V1,-6.750682951949717,2.1309738704025474
2024-09-30,KBS:HOSE:ADS,0,1,experiment-20261003T113748Z-acb3a2e7,CAFEF_C8_COMPLETE_ONLY_V1,-6.2496306916119995,-1.1484216660260602
2024-09-30,KBS:HOSE:AFX,0,1,experiment-20261003T113748Z-acb3a2e7,CAFEF_C8_COMPLETE_ONLY_V1,-6.26732400002594,-0.7956476103960252
2024-09-30,KBS:HOSE:AGG,0,1,experiment-20261003T113748Z-acb3a2e7,CAFEF_C8_COMPLETE_ONLY_V1,-4.27795971962001,-1.6627917250547988
2024-09-30,KBS:HOSE:AGR,0,1,experiment-20261003T113748Z-acb3a2e7,CAFEF_C8_COMPLETE_ONLY_V1,-0.1142270986490142,0.01326569285787293
2024-09-30,KBS:HOSE:ANT,0,1,experiment-20261003T113748Z-acb3a2e7,CAFEF_C8_COMPLETE_ONLY_V1,-6.8429822739940915,4.4672383344043896
2024-09-30,KBS:HOSE:ANV,0,1,experiment-20261003T113748Z-acb3a2e7,CAFEF_C8_COMPLETE_ONLY_V1,1.577533936084291,0.02243154322519417
2024-09-30,KBS:HOSE:APG,0,1,experiment-20261003T113748Z-acb3a2e7,CAFEF_C8_COMPLETE_ONLY_V1,-5.3683639058069845,-3.1413405106047496
2024-09-30,KBS:HOSE:APH,0,1,experiment-20261003T113748Z-acb3a2e7,CAFEF_C8_COMPLETE_ONLY_V1,-2.4702579526530077,-2.9841780820685573
2024-09-30,KBS:HOSE:ASM,0,1,experiment-20261003T113748Z-acb3a2e7,CAFEF_C8_COMPLETE_ONLY_V1,-3.855798722727284,-1.0056846918251947
2024-09-30,KBS:HOSE:ASP,0,1,experiment-20261003T113748Z-acb3a2e7,CAFEF_C8_COMPLETE_ONLY_V1,-6.9129474701037035,-1.0053953219898826
2024-09-30,KBS:HOSE:AST,0,1,experiment-20261003T113748Z-acb3a2e7,CAFEF_C8_COMPLETE_ONLY_V1,-6.646152907481812,-0.3650907323743908
2024-09-30,KBS:HOSE:BCE,0,1,experiment-20261003T113748Z-acb3a2e7,CAFEF_C8_COMPLETE_ONLY_V1,-6.573312006671246,-0.4264902621167754
2024-09-30,KBS:HOSE:BCM,0,1,experiment-20261003T113748Z-acb3a2e7,CAFEF_C8_COMPLETE_ONLY_V1,6.039991704507822,0.36891043060111167
2024-09-30,KBS:HOSE:BFC,0,1,experiment-20261003T113748Z-acb3a2e7,CAFEF_C8_COMPLETE_ONLY_V1,5.697407932220157,2.411265314655195
2024-09-30,KBS:HOSE:BHN,0,1,experiment-20261003T113748Z-acb3a2e7,CAFEF_C8_COMPLETE_ONLY_V1,-6.914527574170882,-0.4215674767528194
2024-09-30,KBS:HOSE:BIC,0,1,experiment-20261003T113748Z-acb3a2e7,CAFEF_C8_COMPLETE_ONLY_V1,-6.084069983285032,0.1648998849436991
2024-09-30,KBS:HOSE:BKG,0,1,experiment-20261003T113748Z-acb3a2e7,CAFEF_C8_COMPLETE_ONLY_V1,-6.4669044799699344,-1.308444117108596
2024-09-30,KBS:HOSE:BMI,0,1,experiment-20261003T113748Z-acb3a2e7,CAFEF_C8_COMPLETE_ONLY_V1,-5.572778764985206,-1.0445899944149943
2024-09-30,KBS:HOSE:BRC,0,1,experiment-20261003T113748Z-acb3a2e7,CAFEF_C8_COMPLETE_ONLY_V1,-6.848602737224588,0.22341109522476235
2024-09-30,KBS:HOSE:BSI,0,1,experiment-20261003T113748Z-acb3a2e7,CAFEF_C8_COMPLETE_ONLY_V1,6.051355015827636,0.22806953333081922
2024-09-30,KBS:HOSE:BSR,0,1,experiment-20261003T113748Z-acb3a2e7,CAFEF_C8_COMPLETE_ONLY_V1,56.0313438159433,0.5506814638445335
2024-09-30,KBS:HOSE:BTP,0,1,experiment-20261003T113748Z-acb3a2e7,CAFEF_C8_COMPLETE_ONLY_V1,-6.889985245539062,-0.2586811718292309
2024-09-30,KBS:HOSE:BVH,0,1,experiment-20261003T113748Z-acb3a2e7,CAFEF_C8_COMPLETE_ONLY_V1,0.616820262218823,-0.6821383127010908
2024-09-30,KBS:HOSE:C32,0,1,experiment-20261003T113748Z-acb3a2e7,CAFEF_C8_COMPLETE_ONLY_V1,-6.673242073959907,-0.04555184016141471
2024-09-30,KBS:HOSE:CCI,0,1,experiment-20261003T113748Z-acb3a2e7,CAFEF_C8_COMPLETE_ONLY_V1,-6.915030505122552,0.13053096945452203
2024-09-30,KBS:HOSE:CCL,0,1,experiment-20261003T113748Z-acb3a2e7,CAFEF_C8_COMPLETE_ONLY_V1,-5.187590031256275,-0.014951397632060843
2024-09-30,KBS:HOSE:CDC,0,1,experiment-20261003T113748Z-acb3a2e7,CAFEF_C8_COMPLETE_ONLY_V1,-3.144004929159002,-1.075897545056799
2024-09-30,KBS:HOSE:CHP,0,1,experiment-20261003T113748Z-acb3a2e7,CAFEF_C8_COMPLETE_ONLY_V1,-6.309858253402662,0.8322505460105044
2024-09-30,KBS:HOSE:CIG,0,1,experiment-20261003T113748Z-acb3a2e7,CAFEF_C8_COMPLETE_ONLY_V1,-6.764776963890768,-0.1273167828447922
2024-09-30,KBS:HOSE:CII,0,1,experiment-20261003T113748Z-acb3a2e7,CAFEF_C8_COMPLETE_ONLY_V1,9.786495024835052,-0.9035224814237837
2024-09-30,KBS:HOSE:CKG,0,1,experiment-20261003T113748Z-acb3a2e7,CAFEF_C8_COMPLETE_ONLY_V1,-2.4357048061528928,1.233026573363654
2024-09-30,KBS:HOSE:CLC,0,1,experiment-20261003T113748Z-acb3a2e7,CAFEF_C8_COMPLETE_ONLY_V1,-6.864061658384382,0.8890462798082022
2024-09-30,KBS:HOSE:CLW,0,1,experiment-20261003T113748Z-acb3a2e7,CAFEF_C8_COMPLETE_ONLY_V1,-6.945643388698361,1.190247048847697
2024-09-30,KBS:HOSE:CMV,0,1,experiment-20261003T113748Z-acb3a2e7,CAFEF_C8_COMPLETE_ONLY_V1,-6.9425954202285824,0.27045055704738463
2024-09-30,KBS:HOSE:CMX,0,1,experiment-20261003T113748Z-acb3a2e7,CAFEF_C8_COMPLETE_ONLY_V1,-5.822815052557236,-2.063020045621842
2024-09-30,KBS:HOSE:CNG,0,1,experiment-20261003T113748Z-acb3a2e7,CAFEF_C8_COMPLETE_ONLY_V1,-4.661599363634047,0.11032024323855855
2024-09-30,KBS:HOSE:COM,0,1,experiment-20261003T113748Z-acb3a2e7,CAFEF_C8_COMPLETE_ONLY_V1,-6.946229698921293,-0.47801225939550473
2024-09-30,KBS:HOSE:CRC,0,1,experiment-20261003T113748Z-acb3a2e7,CAFEF_C8_COMPLETE_ONLY_V1,-6.501966405742123,0.6358708054777876
2024-09-30,KBS:HOSE:CRE,0,1,experiment-20261003T113748Z-acb3a2e7,CAFEF_C8_COMPLETE_ONLY_V1,-6.64510379800155,-1.4920645392693856
2024-09-30,KBS:HOSE:CSV,0,1,experiment-20261003T113748Z-acb3a2e7,CAFEF_C8_COMPLETE_ONLY_V1,23.704596817697563,3.663242805569935
2024-09-30,KBS:HOSE:CTD,0,1,experiment-20261003T113748Z-acb3a2e7,CAFEF_C8_COMPLETE_ONLY_V1,5.600948096920561,-0.3604328243194276
2024-09-30,KBS:HOSE:CTF,0,1,experiment-20261003T113748Z-acb3a2e7,CAFEF_C8_COMPLETE_ONLY_V1,-4.871713764353056,-0.33612868987296063
2024-09-30,KBS:HOSE:CTI,0,1,experiment-20261003T113748Z-acb3a2e7,CAFEF_C8_COMPLETE_ONLY_V1,-5.6848314101677415,-0.7520584164017741
2024-09-30,KBS:HOSE:CTR,0,1,experiment-20261003T113748Z-acb3a2e7,CAFEF_C8_COMPLETE_ONLY_V1,10.027648697658789,0.303551537553024
2024-09-30,KBS:HOSE:CTS,0,1,experiment-20261003T113748Z-acb3a2e7,CAFEF_C8_COMPLETE_ONLY_V1,15.09142383130088,0.7345940518255922
2024-09-30,KBS:HOSE:CVT,0,1,experiment-20261003T113748Z-acb3a2e7,CAFEF_C8_COMPLETE_ONLY_V1,-6.928157802575381,-1.3981322701661887
2024-09-30,KBS:HOSE:D2D,0,1,experiment-20261003T113748Z-acb3a2e7,CAFEF_C8_COMPLETE_ONLY_V1,-5.731221918462729,3.0167340892386947
2024-09-30,KBS:HOSE:DAH,0,1,experiment-20261003T113748Z-acb3a2e7,CAFEF_C8_COMPLETE_ONLY_V1,-6.827736950518499,-1.7210289887258055
2024-09-30,KBS:HOSE:DBC,0,1,experiment-20261003T113748Z-acb3a2e7,CAFEF_C8_COMPLETE_ONLY_V1,59.889618227504535,0.40603645975500685
2024-09-30,KBS:HOSE:DBD,0,1,experiment-20261003T113748Z-acb3a2e7,CAFEF_C8_COMPLETE_ONLY_V1,0.7741609760727438,1.0540817291687241
2024-09-30,KBS:HOSE:DC4,0,1,experiment-20261003T113748Z-acb3a2e7,CAFEF_C8_COMPLETE_ONLY_V1,-5.600597187087352,-0.4978495617065815
2024-09-30,KBS:HOSE:DCL,0,1,experiment-20261003T113748Z-acb3a2e7,CAFEF_C8_COMPLETE_ONLY_V1,-1.7325029006511783,0.1903491543264364
2024-09-30,KBS:HOSE:DCM,0,1,experiment-20261003T113748Z-acb3a2e7,CAFEF_C8_COMPLETE_ONLY_V1,56.229455337258806,0.6417203711451802
2024-09-30,KBS:HOSE:DGC,1,0,experiment-20261003T113748Z-acb3a2e7,CAFEF_C8_COMPLETE_ONLY_V1,78.52358283046883,-0.14465829995212998
2024-09-30,KBS:HOSE:DGW,0,1,experiment-20261003T113748Z-acb3a2e7,CAFEF_C8_COMPLETE_ONLY_V1,19.157615954565117,-0.2408029861524402
2024-09-30,KBS:HOSE:DHA,0,1,experiment-20261003T113748Z-acb3a2e7,CAFEF_C8_COMPLETE_ONLY_V1,-6.223485280192076,-0.9058009881673398
2024-09-30,KBS:HOSE:DHC,0,1,experiment-20261003T113748Z-acb3a2e7,CAFEF_C8_COMPLETE_ONLY_V1,-4.926805776144716,-0.8850061171249293
2024-09-30,KBS:HOSE:DLG,0,1,experiment-20261003T113748Z-acb3a2e7,CAFEF_C8_COMPLETE_ONLY_V1,-6.105180388771705,-1.0655334080427756
2024-09-30,KBS:HOSE:DMC,0,1,experiment-20261003T113748Z-acb3a2e7,CAFEF_C8_COMPLETE_ONLY_V1,-6.866683366604175,0.6968252956514026
2024-09-30,KBS:HOSE:DPG,0,1,experiment-20261003T113748Z-acb3a2e7,CAFEF_C8_COMPLETE_ONLY_V1,12.007723012510267,1.4291964880329666
2024-09-30,KBS:HOSE:DQC,0,1,experiment-20261003T113748Z-acb3a2e7,CAFEF_C8_COMPLETE_ONLY_V1,-6.878235409625524,-0.9983537151708971
2024-09-30,KBS:HOSE:DRC,0,1,experiment-20261003T113748Z-acb3a2e7,CAFEF_C8_COMPLETE_ONLY_V1,-0.4904462594865712,-0.48507533923578333
2024-09-30,KBS:HOSE:DSC,0,1,experiment-20261003T113748Z-acb3a2e7,CAFEF_C8_COMPLETE_ONLY_V1,-5.979843728099015,0.667518082533952
2024-09-30,KBS:HOSE:DSN,0,1,experiment-20261003T113748Z-acb3a2e7,CAFEF_C8_COMPLETE_ONLY_V1,-6.546773946561199,0.1096069658149839
2024-09-30,KBS:HOSE:DTA,0,1,experiment-20261003T113748Z-acb3a2e7,CAFEF_C8_COMPLETE_ONLY_V1,-6.943766285666254,-1.4256634522530192
2024-09-30,KBS:HOSE:DTL,0,1,experiment-20261003T113748Z-acb3a2e7,CAFEF_C8_COMPLETE_ONLY_V1,-6.948572210703167,-1.5147944492288041
2024-09-30,KBS:HOSE:DTT,0,1,experiment-20261003T113748Z-acb3a2e7,CAFEF_C8_COMPLETE_ONLY_V1,-6.952608486423214,-1.1353685138295968
2024-09-30,KBS:HOSE:DVP,0,1,experiment-20261003T113748Z-acb3a2e7,CAFEF_C8_COMPLETE_ONLY_V1,-6.674128294480155,0.35885632847538934
2024-09-30,KBS:HOSE:DXG,1,0,experiment-20261003T113748Z-acb3a2e7,CAFEF_C8_COMPLETE_ONLY_V1,80.92039730549196,-0.5705518811537076
2024-09-30,KBS:HOSE:DXS,0,1,experiment-20261003T113748Z-acb3a2e7,CAFEF_C8_COMPLETE_ONLY_V1,-5.375015422942206,-1.5881708927884999
2024-09-30,KBS:HOSE:DXV,0,1,experiment-20261003T113748Z-acb3a2e7,CAFEF_C8_COMPLETE_ONLY_V1,-6.9435195310433,-1.542626799452379
2024-09-30,KBS:HOSE:EIB,1,0,experiment-20261003T113748Z-acb3a2e7,CAFEF_C8_COMPLETE_ONLY_V1,102.86799551777906,0.8747577747691653
2024-09-30,KBS:HOSE:EVE,0,1,experiment-20261003T113748Z-acb3a2e7,CAFEF_C8_COMPLETE_ONLY_V1,-6.483810024954542,-2.0209105324961403
2024-09-30,KBS:HOSE:EVF,0,1,experiment-20261003T113748Z-acb3a2e7,CAFEF_C8_COMPLETE_ONLY_V1,18.371707780480158,-1.235088065048899
2024-09-30,KBS:HOSE:EVG,0,1,experiment-20261003T113748Z-acb3a2e7,CAFEF_C8_COMPLETE_ONLY_V1,-1.4661465493569663,0.14016396893708957
2024-09-30,KBS:HOSE:FCM,0,1,experiment-20261003T113748Z-acb3a2e7,CAFEF_C8_COMPLETE_ONLY_V1,-6.910722861994764,-1.7093677135704568
2024-09-30,KBS:HOSE:FCN,0,1,experiment-20261003T113748Z-acb3a2e7,CAFEF_C8_COMPLETE_ONLY_V1,-5.134397263410945,-0.15522685595556146
2024-09-30,KBS:HOSE:FDC,0,1,experiment-20261003T113748Z-acb3a2e7,CAFEF_C8_COMPLETE_ONLY_V1,-6.950887875616322,-0.25516791527831834
2024-09-30,KBS:HOSE:FIR,0,1,experiment-20261003T113748Z-acb3a2e7,CAFEF_C8_COMPLETE_ONLY_V1,-6.185461540617159,-2.47808639069239
2024-09-30,KBS:HOSE:FIT,0,1,experiment-20261003T113748Z-acb3a2e7,CAFEF_C8_COMPLETE_ONLY_V1,-5.857042430930545,-0.34066252430144717
2024-09-30,KBS:HOSE:FMC,0,1,experiment-20261003T113748Z-acb3a2e7,CAFEF_C8_COMPLETE_ONLY_V1,-6.362065536358282,-0.4305483752177411
2024-09-30,KBS:HOSE:FPT,1,0,experiment-20261003T113748Z-acb3a2e7,CAFEF_C8_COMPLETE_ONLY_V1,207.61050180931824,0.5534511410977508
2024-09-30,KBS:HOSE:FRT,0,1,experiment-20261003T113748Z-acb3a2e7,CAFEF_C8_COMPLETE_ONLY_V1,23.550472235686478,1.3476497474663938
2024-09-30,KBS:HOSE:FTS,0,1,experiment-20261003T113748Z-acb3a2e7,CAFEF_C8_COMPLETE_ONLY_V1,45.62009102539924,1.1985231775364187
2024-09-30,KBS:HOSE:GAS,0,1,experiment-20261003T113748Z-acb3a2e7,CAFEF_C8_COMPLETE_ONLY_V1,30.183238583856145,-0.5377662897111161
2024-09-30,KBS:HOSE:GDT,0,1,experiment-20261003T113748Z-acb3a2e7,CAFEF_C8_COMPLETE_ONLY_V1,-6.754358139590749,-0.14984388418962047
2024-09-30,KBS:HOSE:GEG,0,1,experiment-20261003T113748Z-acb3a2e7,CAFEF_C8_COMPLETE_ONLY_V1,-4.249219619358931,-1.2595748034477199
2024-09-30,KBS:HOSE:GHC,0,1,experiment-20261003T113748Z-acb3a2e7,CAFEF_C8_COMPLETE_ONLY_V1,-6.838079443664585,0.07056819066547669
2024-09-30,KBS:HOSE:GIL,0,1,experiment-20261003T113748Z-acb3a2e7,CAFEF_C8_COMPLETE_ONLY_V1,-4.274862533908077,-0.276992847971075
2024-09-30,KBS:HOSE:GMD,0,1,experiment-20261003T113748Z-acb3a2e7,CAFEF_C8_COMPLETE_ONLY_V1,20.03820854463635,-0.24901526195212434
2024-09-30,KBS:HOSE:GTA,0,1,experiment-20261003T113748Z-acb3a2e7,CAFEF_C8_COMPLETE_ONLY_V1,-6.93102619418809,-0.8736377085442452
2024-09-30,KBS:HOSE:HAG,0,1,experiment-20261003T113748Z-acb3a2e7,CAFEF_C8_COMPLETE_ONLY_V1,13.732190081546527,-0.5479112289015209
2024-09-30,KBS:HOSE:HAP,0,1,experiment-20261003T113748Z-acb3a2e7,CAFEF_C8_COMPLETE_ONLY_V1,-6.874117287019534,-1.0334438675342341
2024-09-30,KBS:HOSE:HAR,0,1,experiment-20261003T113748Z-acb3a2e7,CAFEF_C8_COMPLETE_ONLY_V1,-6.758578058844484,-1.342649083499127
2024-09-30,KBS:HOSE:HAS,0,1,experiment-20261003T113748Z-acb3a2e7,CAFEF_C8_COMPLETE_ONLY_V1,-6.912956190938656,-0.9891121402323865
2024-09-30,KBS:HOSE:HAX,0,1,experiment-20261003T113748Z-acb3a2e7,CAFEF_C8_COMPLETE_ONLY_V1,-1.1467785920912765,1.0068425853971474
2024-09-30,KBS:HOSE:HCD,0,1,experiment-20261003T113748Z-acb3a2e7,CAFEF_C8_COMPLETE_ONLY_V1,-6.552946725580647,-0.24511161564222458
2024-09-30,KBS:HOSE:HCM,1,0,experiment-20261003T113748Z-acb3a2e7,CAFEF_C8_COMPLETE_ONLY_V1,133.0644905552276,0.9209488199319456
2024-09-30,KBS:HOSE:HDC,0,1,experiment-20261003T113748Z-acb3a2e7,CAFEF_C8_COMPLETE_ONLY_V1,7.832260077496824,0.5119451153896022
2024-09-30,KBS:HOSE:HDG,0,1,experiment-20261003T113748Z-acb3a2e7,CAFEF_C8_COMPLETE_ONLY_V1,38.44493111334189,-0.27310910294971336
2024-09-30,KBS:HOSE:HHP,0,1,experiment-20261003T113748Z-acb3a2e7,CAFEF_C8_COMPLETE_ONLY_V1,-6.324168751173003,-0.8147757291107227
2024-09-30,KBS:HOSE:HHV,0,1,experiment-20261003T113748Z-acb3a2e7,CAFEF_C8_COMPLETE_ONLY_V1,17.888446528895,-0.478866623046615
2024-09-30,KBS:HOSE:HID,0,1,experiment-20261003T113748Z-acb3a2e7,CAFEF_C8_COMPLETE_ONLY_V1,-6.884999395727208,-0.17946628354143887
2024-09-30,KBS:HOSE:HII,0,1,experiment-20261003T113748Z-acb3a2e7,CAFEF_C8_COMPLETE_ONLY_V1,-6.823411297842226,-1.2109908090980488
2024-09-30,KBS:HOSE:HMC,0,1,experiment-20261003T113748Z-acb3a2e7,CAFEF_C8_COMPLETE_ONLY_V1,-6.780319630503959,0.2824835883989056
2024-09-30,KBS:HOSE:HQC,0,1,experiment-20261003T113748Z-acb3a2e7,CAFEF_C8_COMPLETE_ONLY_V1,-3.871610416442748,-1.482808281871932
2024-09-30,KBS:HOSE:HRC,0,1,experiment-20261003T113748Z-acb3a2e7,CAFEF_C8_COMPLETE_ONLY_V1,-6.942428586775104,1.4043711364058715
2024-09-30,KBS:HOSE:HSG,1,0,experiment-20261003T113748Z-acb3a2e7,CAFEF_C8_COMPLETE_ONLY_V1,78.31951440485484,-0.7792910387970152
2024-09-30,KBS:HOSE:HSL,0,1,experiment-20261003T113748Z-acb3a2e7,CAFEF_C8_COMPLETE_ONLY_V1,-6.701129196538621,-1.4425199450390107
2024-09-30,KBS:HOSE:HTI,0,1,experiment-20261003T113748Z-acb3a2e7,CAFEF_C8_COMPLETE_ONLY_V1,-6.883036160371622,0.22168128941813312
2024-09-30,KBS:HOSE:HTL,0,1,experiment-20261003T113748Z-acb3a2e7,CAFEF_C8_COMPLETE_ONLY_V1,-6.885853361917663,4.893068915504944
2024-09-30,KBS:HOSE:HTN,0,1,experiment-20261003T113748Z-acb3a2e7,CAFEF_C8_COMPLETE_ONLY_V1,-5.933252839716819,-3.1065503798837395
2024-09-30,KBS:HOSE:HTV,0,1,experiment-20261003T113748Z-acb3a2e7,CAFEF_C8_COMPLETE_ONLY_V1,-6.9340017739129065,0.7076844009442557
2024-09-30,KBS:HOSE:HUB,0,1,experiment-20261003T113748Z-acb3a2e7,CAFEF_C8_COMPLETE_ONLY_V1,-6.7646755004625945,-0.32370214410876547
2024-09-30,KBS:HOSE:HVN,0,1,experiment-20261003T113748Z-acb3a2e7,CAFEF_C8_COMPLETE_ONLY_V1,11.309125138046468,0.39481875022963836
2024-09-30,KBS:HOSE:ICT,0,1,experiment-20261003T113748Z-acb3a2e7,CAFEF_C8_COMPLETE_ONLY_V1,-6.827492720488517,-0.9812498475243435
2024-09-30,KBS:HOSE:IJC,0,1,experiment-20261003T113748Z-acb3a2e7,CAFEF_C8_COMPLETE_ONLY_V1,2.2833169463211394,-0.193456133918614
2024-09-30,KBS:HOSE:ILB,0,1,experiment-20261003T113748Z-acb3a2e7,CAFEF_C8_COMPLETE_ONLY_V1,-6.871837432531334,-0.2873930809339502
2024-09-30,KBS:HOSE:ITC,0,1,experiment-20261003T113748Z-acb3a2e7,CAFEF_C8_COMPLETE_ONLY_V1,-5.456130601681961,-0.7282412048472676
2024-09-30,KBS:HOSE:ITD,0,1,experiment-20261003T113748Z-acb3a2e7,CAFEF_C8_COMPLETE_ONLY_V1,-6.727067366375786,-0.8877626612761446
2024-09-30,KBS:HOSE:JVC,0,1,experiment-20261003T113748Z-acb3a2e7,CAFEF_C8_COMPLETE_ONLY_V1,-6.589514177150456,-0.6296621097070402
2024-09-30,KBS:HOSE:KBC,0,1,experiment-20261003T113748Z-acb3a2e7,CAFEF_C8_COMPLETE_ONLY_V1,31.085311696971836,-0.6451620768625358
2024-09-30,KBS:HOSE:KDC,0,1,experiment-20261003T113748Z-acb3a2e7,CAFEF_C8_COMPLETE_ONLY_V1,16.815238505048914,-1.2444672121043387
2024-09-30,KBS:HOSE:KDH,0,1,experiment-20261003T113748Z-acb3a2e7,CAFEF_C8_COMPLETE_ONLY_V1,45.17320495467742,0.5805954083578464
2024-09-30,KBS:HOSE:KHG,0,1,experiment-20261003T113748Z-acb3a2e7,CAFEF_C8_COMPLETE_ONLY_V1,-0.742228417117699,-0.9929745008886359
2024-09-30,KBS:HOSE:KHP,0,1,experiment-20261003T113748Z-acb3a2e7,CAFEF_C8_COMPLETE_ONLY_V1,-6.803865147839644,0.131536388583732
2024-09-30,KBS:HOSE:KLB,0,1,experiment-20261003T113748Z-acb3a2e7,CAFEF_C8_COMPLETE_ONLY_V1,-5.863817111662625,0.84439146316484
2024-09-30,KBS:HOSE:KMR,0,1,experiment-20261003T113748Z-acb3a2e7,CAFEF_C8_COMPLETE_ONLY_V1,-6.8977915294222445,-0.740507467128232
2024-09-30,KBS:HOSE:KOS,0,1,experiment-20261003T113748Z-acb3a2e7,CAFEF_C8_COMPLETE_ONLY_V1,12.630419120439853,-0.6527687083949852
2024-09-30,KBS:HOSE:KSB,0,1,experiment-20261003T113748Z-acb3a2e7,CAFEF_C8_COMPLETE_ONLY_V1,2.415419578514454,-0.796669719702253
2024-09-30,KBS:HOSE:L10,0,1,experiment-20261003T113748Z-acb3a2e7,CAFEF_C8_COMPLETE_ONLY_V1,-6.938462614276488,1.409225027886801
2024-09-30,KBS:HOSE:LAF,0,1,experiment-20261003T113748Z-acb3a2e7,CAFEF_C8_COMPLETE_ONLY_V1,-6.90405883793799,0.844891190135831
2024-09-30,KBS:HOSE:LBM,0,1,experiment-20261003T113748Z-acb3a2e7,CAFEF_C8_COMPLETE_ONLY_V1,-6.39599386728776,0.9885998660721693
2024-09-30,KBS:HOSE:LCG,0,1,experiment-20261003T113748Z-acb3a2e7,CAFEF_C8_COMPLETE_ONLY_V1,1.0102619388447411,-0.512274231805061
2024-09-30,KBS:HOSE:LDG,0,1,experiment-20261003T113748Z-acb3a2e7,CAFEF_C8_COMPLETE_ONLY_V1,-5.396912532715152,-1.250779372209182
2024-09-30,KBS:HOSE:LGL,0,1,experiment-20261003T113748Z-acb3a2e7,CAFEF_C8_COMPLETE_ONLY_V1,-6.917237783337533,-2.2173075820923858
2024-09-30,KBS:HOSE:LHG,0,1,experiment-20261003T113748Z-acb3a2e7,CAFEF_C8_COMPLETE_ONLY_V1,-4.723751774877884,-0.027931634842692427
2024-09-30,KBS:HOSE:LIX,0,1,experiment-20261003T113748Z-acb3a2e7,CAFEF_C8_COMPLETE_ONLY_V1,-6.563616433479388,0.5299988964846213
2024-09-30,KBS:HOSE:LM8,0,1,experiment-20261003T113748Z-acb3a2e7,CAFEF_C8_COMPLETE_ONLY_V1,-6.940217617186417,-0.219235930260067
2024-09-30,KBS:HOSE:LPB,0,1,experiment-20261003T113748Z-acb3a2e7,CAFEF_C8_COMPLETE_ONLY_V1,21.377352826503376,3.7096147445251315
2024-09-30,KBS:HOSE:LSS,0,1,experiment-20261003T113748Z-acb3a2e7,CAFEF_C8_COMPLETE_ONLY_V1,-4.637696126940211,0.2067109108037762
2024-09-30,KBS:HOSE:MBB,1,0,experiment-20261003T113748Z-acb3a2e7,CAFEF_C8_COMPLETE_ONLY_V1,202.27611035782695,0.25174103703422435
2024-09-30,KBS:HOSE:MCH,0,1,experiment-20261003T113748Z-acb3a2e7,CAFEF_C8_COMPLETE_ONLY_V1,1.800084364786001,4.1473984918614
2024-09-30,KBS:HOSE:MCP,0,1,experiment-20261003T113748Z-acb3a2e7,CAFEF_C8_COMPLETE_ONLY_V1,-6.904751747132218,-0.8221950251732568
2024-09-30,KBS:HOSE:MDG,0,1,experiment-20261003T113748Z-acb3a2e7,CAFEF_C8_COMPLETE_ONLY_V1,-6.758257267385119,-1.3881966173764961
2024-09-30,KBS:HOSE:MHC,0,1,experiment-20261003T113748Z-acb3a2e7,CAFEF_C8_COMPLETE_ONLY_V1,-6.843019545269444,-2.086499187880455
2024-09-30,KBS:HOSE:MIG,0,1,experiment-20261003T113748Z-acb3a2e7,CAFEF_C8_COMPLETE_ONLY_V1,-5.270466453296161,-1.5766858180178696
2024-09-30,KBS:HOSE:MSB,0,1,experiment-20261003T113748Z-acb3a2e7,CAFEF_C8_COMPLETE_ONLY_V1,51.988070656914985,1.5231562117740078
2024-09-30,KBS:HOSE:MSH,0,1,experiment-20261003T113748Z-acb3a2e7,CAFEF_C8_COMPLETE_ONLY_V1,-5.0819954926377635,-0.1451071184658095
2024-09-30,KBS:HOSE:MWG,1,0,experiment-20261003T113748Z-acb3a2e7,CAFEF_C8_COMPLETE_ONLY_V1,203.56075275081562,0.018176683836422954
2024-09-30,KBS:HOSE:NAF,0,1,experiment-20261003T113748Z-acb3a2e7,CAFEF_C8_COMPLETE_ONLY_V1,-3.850702558544121,3.684399771825934
2024-09-30,KBS:HOSE:NAV,0,1,experiment-20261003T113748Z-acb3a2e7,CAFEF_C8_COMPLETE_ONLY_V1,-6.931303599321621,1.1449090455860678
2024-09-30,KBS:HOSE:NBB,0,1,experiment-20261003T113748Z-acb3a2e7,CAFEF_C8_COMPLETE_ONLY_V1,-5.914775686867259,-0.4953923885547095
2024-09-30,KBS:HOSE:NCT,0,1,experiment-20261003T113748Z-acb3a2e7,CAFEF_C8_COMPLETE_ONLY_V1,-5.84885500249231,2.4931025868401884
2024-09-30,KBS:HOSE:NHA,0,1,experiment-20261003T113748Z-acb3a2e7,CAFEF_C8_COMPLETE_ONLY_V1,-1.7491815773864254,-0.03193855660227643
2024-09-30,KBS:HOSE:NHT,0,1,experiment-20261003T113748Z-acb3a2e7,CAFEF_C8_COMPLETE_ONLY_V1,-6.92198283316349,-0.21965001956716088
2024-09-30,KBS:HOSE:NKG,0,1,experiment-20261003T113748Z-acb3a2e7,CAFEF_C8_COMPLETE_ONLY_V1,32.77214742684874,-0.7255503985403675
2024-09-30,KBS:HOSE:NLG,0,1,experiment-20261003T113748Z-acb3a2e7,CAFEF_C8_COMPLETE_ONLY_V1,18.560786301621853,0.07005014313993105
2024-09-30,KBS:HOSE:NNC,0,1,experiment-20261003T113748Z-acb3a2e7,CAFEF_C8_COMPLETE_ONLY_V1,-6.6713601336862975,1.2751251789298195
2024-09-30,KBS:HOSE:NTC,0,1,experiment-20261003T113748Z-acb3a2e7,CAFEF_C8_COMPLETE_ONLY_V1,-6.125940561579573,-1.2855252925359537
2024-09-30,KBS:HOSE:NVL,0,1,experiment-20261003T113748Z-acb3a2e7,CAFEF_C8_COMPLETE_ONLY_V1,68.55661260184306,-3.4726356373872247
2024-09-30,KBS:HOSE:NVT,0,1,experiment-20261003T113748Z-acb3a2e7,CAFEF_C8_COMPLETE_ONLY_V1,-6.93387602017625,-0.9429590868968857
2024-09-30,KBS:HOSE:OCB,0,1,experiment-20261003T113748Z-acb3a2e7,CAFEF_C8_COMPLETE_ONLY_V1,2.420234185584065,0.02220346018184038
2024-09-30,KBS:HOSE:OGC,0,1,experiment-20261003T113748Z-acb3a2e7,CAFEF_C8_COMPLETE_ONLY_V1,-6.604621167677312,-3.236548928711455
2024-09-30,KBS:HOSE:OPC,0,1,experiment-20261003T113748Z-acb3a2e7,CAFEF_C8_COMPLETE_ONLY_V1,-5.6917270455167595,0.4762834721752708
2024-09-30,KBS:HOSE:PAC,0,1,experiment-20261003T113748Z-acb3a2e7,CAFEF_C8_COMPLETE_ONLY_V1,-2.7766557123313746,2.203335320641208
2024-09-30,KBS:HOSE:PAN,0,1,experiment-20261003T113748Z-acb3a2e7,CAFEF_C8_COMPLETE_ONLY_V1,4.665960996901835,0.1473519324606897
2024-09-30,KBS:HOSE:PDN,0,1,experiment-20261003T113748Z-acb3a2e7,CAFEF_C8_COMPLETE_ONLY_V1,-6.801242606854239,-0.9850282859104104
2024-09-30,KBS:HOSE:PDV,0,1,experiment-20261003T113748Z-acb3a2e7,CAFEF_C8_COMPLETE_ONLY_V1,-6.652070076785524,2.6911898867783193
2024-09-30,KBS:HOSE:PGC,0,1,experiment-20261003T113748Z-acb3a2e7,CAFEF_C8_COMPLETE_ONLY_V1,-6.203879590965141,-0.0296983455634715
2024-09-30,KBS:HOSE:PGD,0,1,experiment-20261003T113748Z-acb3a2e7,CAFEF_C8_COMPLETE_ONLY_V1,-6.913454323438998,-0.6122524374002588
2024-09-30,KBS:HOSE:PGV,0,1,experiment-20261003T113748Z-acb3a2e7,CAFEF_C8_COMPLETE_ONLY_V1,-6.77242160420789,-0.714326579729823
2024-09-30,KBS:HOSE:PHR,0,1,experiment-20261003T113748Z-acb3a2e7,CAFEF_C8_COMPLETE_ONLY_V1,-1.4471039723248598,0.28709209578405304
2024-09-30,KBS:HOSE:PIT,0,1,experiment-20261003T113748Z-acb3a2e7,CAFEF_C8_COMPLETE_ONLY_V1,-6.938454162091766,-0.6990101096309533
2024-09-30,KBS:HOSE:PLP,0,1,experiment-20261003T113748Z-acb3a2e7,CAFEF_C8_COMPLETE_ONLY_V1,-6.883198601394543,-0.2906813592577179
2024-09-30,KBS:HOSE:PLX,0,1,experiment-20261003T113748Z-acb3a2e7,CAFEF_C8_COMPLETE_ONLY_V1,16.796411483330207,0.04735487733793008
2024-09-30,KBS:HOSE:PNC,0,1,experiment-20261003T113748Z-acb3a2e7,CAFEF_C8_COMPLETE_ONLY_V1,-6.9214604132739375,3.7688808835750747
2024-09-30,KBS:HOSE:PNJ,0,1,experiment-20261003T113748Z-acb3a2e7,CAFEF_C8_COMPLETE_ONLY_V1,43.782780308943465,-0.014083500862262205
2024-09-30,KBS:HOSE:PTB,0,1,experiment-20261003T113748Z-acb3a2e7,CAFEF_C8_COMPLETE_ONLY_V1,-5.5081424424470145,-1.1121560125643963
2024-09-30,KBS:HOSE:PTC,0,1,experiment-20261003T113748Z-acb3a2e7,CAFEF_C8_COMPLETE_ONLY_V1,-6.923035795026248,-1.091219376267056
2024-09-30,KBS:HOSE:PTL,0,1,experiment-20261003T113748Z-acb3a2e7,CAFEF_C8_COMPLETE_ONLY_V1,-6.866522538991814,-2.4109337581741266
2024-09-30,KBS:HOSE:PVP,0,1,experiment-20261003T113748Z-acb3a2e7,CAFEF_C8_COMPLETE_ONLY_V1,-3.3725441816961528,0.6670251528288578
2024-09-30,KBS:HOSE:PVT,0,1,experiment-20261003T113748Z-acb3a2e7,CAFEF_C8_COMPLETE_ONLY_V1,6.858222172759314,-0.012571631478281556
2024-09-30,KBS:HOSE:QCG,0,1,experiment-20261003T113748Z-acb3a2e7,CAFEF_C8_COMPLETE_ONLY_V1,-5.236030786797938,-2.7767474684587965
2024-09-30,KBS:HOSE:RAL,0,1,experiment-20261003T113748Z-acb3a2e7,CAFEF_C8_COMPLETE_ONLY_V1,-6.3842287913544675,-0.17087127622343715
2024-09-30,KBS:HOSE:S4A,0,1,experiment-20261003T113748Z-acb3a2e7,CAFEF_C8_COMPLETE_ONLY_V1,-6.935607985611652,-0.053159891711516985
2024-09-30,KBS:HOSE:SAB,0,1,experiment-20261003T113748Z-acb3a2e7,CAFEF_C8_COMPLETE_ONLY_V1,12.184014540962165,-0.3514894175301393
2024-09-30,KBS:HOSE:SAM,0,1,experiment-20261003T113748Z-acb3a2e7,CAFEF_C8_COMPLETE_ONLY_V1,-1.7007811559207495,-0.36528534570061133
2024-09-30,KBS:HOSE:SAV,0,1,experiment-20261003T113748Z-acb3a2e7,CAFEF_C8_COMPLETE_ONLY_V1,-5.2011164087830615,1.5373427380108686
2024-09-30,KBS:HOSE:SBA,0,1,experiment-20261003T113748Z-acb3a2e7,CAFEF_C8_COMPLETE_ONLY_V1,-6.755962784031998,0.11571325150665655
2024-09-30,KBS:HOSE:SBV,0,1,experiment-20261003T113748Z-acb3a2e7,CAFEF_C8_COMPLETE_ONLY_V1,-6.934980132986881,0.3842462401606869
2024-09-30,KBS:HOSE:SC5,0,1,experiment-20261003T113748Z-acb3a2e7,CAFEF_C8_COMPLETE_ONLY_V1,-6.923578640653227,1.488454868703226
2024-09-30,KBS:HOSE:SCR,0,1,experiment-20261003T113748Z-acb3a2e7,CAFEF_C8_COMPLETE_ONLY_V1,-3.1354730255906893,-2.200794885299003
2024-09-30,KBS:HOSE:SCS,0,1,experiment-20261003T113748Z-acb3a2e7,CAFEF_C8_COMPLETE_ONLY_V1,-4.242824859275404,-0.1560057596665751
2024-09-30,KBS:HOSE:SFI,0,1,experiment-20261003T113748Z-acb3a2e7,CAFEF_C8_COMPLETE_ONLY_V1,-6.917378346395132,-0.38081637496139353
2024-09-30,KBS:HOSE:SGR,0,1,experiment-20261003T113748Z-acb3a2e7,CAFEF_C8_COMPLETE_ONLY_V1,-0.7572093488025542,4.963599200978591
2024-09-30,KBS:HOSE:SGT,0,1,experiment-20261003T113748Z-acb3a2e7,CAFEF_C8_COMPLETE_ONLY_V1,-6.655008513859639,0.9193958073627571
2024-09-30,KBS:HOSE:SHA,0,1,experiment-20261003T113748Z-acb3a2e7,CAFEF_C8_COMPLETE_ONLY_V1,-6.920702534092416,-0.6159692586954324
2024-09-30,KBS:HOSE:SHB,1,0,experiment-20261003T113748Z-acb3a2e7,CAFEF_C8_COMPLETE_ONLY_V1,87.38763137176375,-0.15393049695787656
2024-09-30,KBS:HOSE:SHI,0,1,experiment-20261003T113748Z-acb3a2e7,CAFEF_C8_COMPLETE_ONLY_V1,-3.7209518660505974,0.024876544519699492
2024-09-30,KBS:HOSE:SHP,0,1,experiment-20261003T113748Z-acb3a2e7,CAFEF_C8_COMPLETE_ONLY_V1,-6.746964822213038,0.8312573461417627
2024-09-30,KBS:HOSE:SIP,0,1,experiment-20261003T113748Z-acb3a2e7,CAFEF_C8_COMPLETE_ONLY_V1,2.268711402141311,-0.6438497328241902
2024-09-30,KBS:HOSE:SJD,0,1,experiment-20261003T113748Z-acb3a2e7,CAFEF_C8_COMPLETE_ONLY_V1,-6.2757145414076385,0.016531394971963733
2024-09-30,KBS:HOSE:SJS,0,1,experiment-20261003T113748Z-acb3a2e7,CAFEF_C8_COMPLETE_ONLY_V1,4.138840615232764,0.815228435716032
2024-09-30,KBS:HOSE:SMA,0,1,experiment-20261003T113748Z-acb3a2e7,CAFEF_C8_COMPLETE_ONLY_V1,-6.928649659341714,1.0548959943068832
2024-09-30,KBS:HOSE:SMB,0,1,experiment-20261003T113748Z-acb3a2e7,CAFEF_C8_COMPLETE_ONLY_V1,-6.743542217124691,0.09914537320984405
2024-09-30,KBS:HOSE:SMC,0,1,experiment-20261003T113748Z-acb3a2e7,CAFEF_C8_COMPLETE_ONLY_V1,-3.5184201500660612,-5.290044377572758
2024-09-30,KBS:HOSE:SPM,0,1,experiment-20261003T113748Z-acb3a2e7,CAFEF_C8_COMPLETE_ONLY_V1,-6.944910342286549,-0.968536118895998
2024-09-30,KBS:HOSE:SRC,0,1,experiment-20261003T113748Z-acb3a2e7,CAFEF_C8_COMPLETE_ONLY_V1,-6.952123729613071,-0.15416264608040034
2024-09-30,KBS:HOSE:SRF,0,1,experiment-20261003T113748Z-acb3a2e7,CAFEF_C8_COMPLETE_ONLY_V1,-6.858693951011625,-1.3174214718548691
2024-09-30,KBS:HOSE:SSB,1,0,experiment-20261003T113748Z-acb3a2e7,CAFEF_C8_COMPLETE_ONLY_V1,147.45775697307812,-2.482812499991497
2024-09-30,KBS:HOSE:SSC,0,1,experiment-20261003T113748Z-acb3a2e7,CAFEF_C8_COMPLETE_ONLY_V1,-6.942968302331127,-0.3827085354956482
2024-09-30,KBS:HOSE:STB,1,0,experiment-20261003T113748Z-acb3a2e7,CAFEF_C8_COMPLETE_ONLY_V1,161.50365468918966,0.6521920754994063
2024-09-30,KBS:HOSE:STG,0,1,experiment-20261003T113748Z-acb3a2e7,CAFEF_C8_COMPLETE_ONLY_V1,-6.940282288078222,0.20083806326321768
2024-09-30,KBS:HOSE:STK,0,1,experiment-20261003T113748Z-acb3a2e7,CAFEF_C8_COMPLETE_ONLY_V1,-6.257602517172312,-1.1297210287568318
2024-09-30,KBS:HOSE:SVC,0,1,experiment-20261003T113748Z-acb3a2e7,CAFEF_C8_COMPLETE_ONLY_V1,-6.9510422171696105,-1.7413270793340567
2024-09-30,KBS:HOSE:SVT,0,1,experiment-20261003T113748Z-acb3a2e7,CAFEF_C8_COMPLETE_ONLY_V1,-6.814817866093457,-0.5675471397377821
2024-09-30,KBS:HOSE:TCB,1,0,experiment-20261003T113748Z-acb3a2e7,CAFEF_C8_COMPLETE_ONLY_V1,176.96657823235654,0.37054017370632697
2024-09-30,KBS:HOSE:TCL,0,1,experiment-20261003T113748Z-acb3a2e7,CAFEF_C8_COMPLETE_ONLY_V1,-6.5804420643097155,-0.17007143741335307
2024-09-30,KBS:HOSE:TCM,0,1,experiment-20261003T113748Z-acb3a2e7,CAFEF_C8_COMPLETE_ONLY_V1,27.89998621252834,0.4501330289470006
2024-09-30,KBS:HOSE:TCO,0,1,experiment-20261003T113748Z-acb3a2e7,CAFEF_C8_COMPLETE_ONLY_V1,-5.363635034691108,4.972165271207737
2024-09-30,KBS:HOSE:TCR,0,1,experiment-20261003T113748Z-acb3a2e7,CAFEF_C8_COMPLETE_ONLY_V1,-6.947565306100122,-0.2961215514401566
2024-09-30,KBS:HOSE:TDC,0,1,experiment-20261003T113748Z-acb3a2e7,CAFEF_C8_COMPLETE_ONLY_V1,-3.7031112793849026,-0.3653914363574301
2024-09-30,KBS:HOSE:TDG,0,1,experiment-20261003T113748Z-acb3a2e7,CAFEF_C8_COMPLETE_ONLY_V1,-6.80008679333533,0.36129973407255755
2024-09-30,KBS:HOSE:TDP,0,1,experiment-20261003T113748Z-acb3a2e7,CAFEF_C8_COMPLETE_ONLY_V1,-5.770996217810519,1.2158471691574917
2024-09-30,KBS:HOSE:TDW,0,1,experiment-20261003T113748Z-acb3a2e7,CAFEF_C8_COMPLETE_ONLY_V1,-6.9531554780991085,-1.139981255624004
2024-09-30,KBS:HOSE:TEG,0,1,experiment-20261003T113748Z-acb3a2e7,CAFEF_C8_COMPLETE_ONLY_V1,-6.86470936896842,-0.8741155789875655
2024-09-30,KBS:HOSE:THG,0,1,experiment-20261003T113748Z-acb3a2e7,CAFEF_C8_COMPLETE_ONLY_V1,-6.530982483429245,1.4524088085654736
2024-09-30,KBS:HOSE:TIP,0,1,experiment-20261003T113748Z-acb3a2e7,CAFEF_C8_COMPLETE_ONLY_V1,-5.148012105664052,-0.613713635062491
2024-09-30,KBS:HOSE:TIX,0,1,experiment-20261003T113748Z-acb3a2e7,CAFEF_C8_COMPLETE_ONLY_V1,-6.936313941304857,0.18787506527258999
2024-09-30,KBS:HOSE:TLG,0,1,experiment-20261003T113748Z-acb3a2e7,CAFEF_C8_COMPLETE_ONLY_V1,0.23632747182127228,0.3278686046444436
2024-09-30,KBS:HOSE:TLH,0,1,experiment-20261003T113748Z-acb3a2e7,CAFEF_C8_COMPLETE_ONLY_V1,-5.8767784484542585,-2.690792106276319
2024-09-30,KBS:HOSE:TMS,0,1,experiment-20261003T113748Z-acb3a2e7,CAFEF_C8_COMPLETE_ONLY_V1,-6.729966592824931,-0.4623847958013021
2024-09-30,KBS:HOSE:TMT,0,1,experiment-20261003T113748Z-acb3a2e7,CAFEF_C8_COMPLETE_ONLY_V1,-6.889946129680878,-3.753573424069592
2024-09-30,KBS:HOSE:TNC,0,1,experiment-20261003T113748Z-acb3a2e7,CAFEF_C8_COMPLETE_ONLY_V1,-6.9563591407713705,-1.8955483092752572
2024-09-30,KBS:HOSE:TNH,0,1,experiment-20261003T113748Z-acb3a2e7,CAFEF_C8_COMPLETE_ONLY_V1,-0.9556407514812404,-0.3199237339396698
2024-09-30,KBS:HOSE:TNI,0,1,experiment-20261003T113748Z-acb3a2e7,CAFEF_C8_COMPLETE_ONLY_V1,-6.841282932776589,-1.1623540424369765
2024-09-30,KBS:HOSE:TNT,0,1,experiment-20261003T113748Z-acb3a2e7,CAFEF_C8_COMPLETE_ONLY_V1,-6.760584584293432,-2.0378141917470995
2024-09-30,KBS:HOSE:TPB,1,0,experiment-20261003T113748Z-acb3a2e7,CAFEF_C8_COMPLETE_ONLY_V1,119.31821489556123,1.5495019320847774
2024-09-30,KBS:HOSE:TRA,0,1,experiment-20261003T113748Z-acb3a2e7,CAFEF_C8_COMPLETE_ONLY_V1,-6.887991135005933,-0.2870721770615133
2024-09-30,KBS:HOSE:TRC,0,1,experiment-20261003T113748Z-acb3a2e7,CAFEF_C8_COMPLETE_ONLY_V1,-6.384075304339987,0.13603176729589922
2024-09-30,KBS:HOSE:TTE,0,1,experiment-20261003T113748Z-acb3a2e7,CAFEF_C8_COMPLETE_ONLY_V1,-6.509176544910425,7.957505514849608
2024-09-30,KBS:HOSE:TV2,0,1,experiment-20261003T113748Z-acb3a2e7,CAFEF_C8_COMPLETE_ONLY_V1,-4.780436427484805,-2.257245703486301
2024-09-30,KBS:HOSE:TVB,0,1,experiment-20261003T113748Z-acb3a2e7,CAFEF_C8_COMPLETE_ONLY_V1,-6.16319721943359,0.8054501065846388
2024-09-30,KBS:HOSE:TVS,0,1,experiment-20261003T113748Z-acb3a2e7,CAFEF_C8_COMPLETE_ONLY_V1,-3.1994863149643655,-0.2893659450493402
2024-09-30,KBS:HOSE:TVT,0,1,experiment-20261003T113748Z-acb3a2e7,CAFEF_C8_COMPLETE_ONLY_V1,-6.927701337782975,-0.1395182809641361
2024-09-30,KBS:HOSE:UIC,0,1,experiment-20261003T113748Z-acb3a2e7,CAFEF_C8_COMPLETE_ONLY_V1,-6.896659821795009,0.12152833144269036
2024-09-30,KBS:HOSE:VAB,0,1,experiment-20261003T113748Z-acb3a2e7,CAFEF_C8_COMPLETE_ONLY_V1,-5.535116950435784,1.1333963619058323
2024-09-30,KBS:HOSE:VCA,0,1,experiment-20261003T113748Z-acb3a2e7,CAFEF_C8_COMPLETE_ONLY_V1,-6.945185701796519,-0.9780820133209124
2024-09-30,KBS:HOSE:VCG,0,1,experiment-20261003T113748Z-acb3a2e7,CAFEF_C8_COMPLETE_ONLY_V1,22.78197639800233,-0.9587096398250937
2024-09-30,KBS:HOSE:VDS,0,1,experiment-20261003T113748Z-acb3a2e7,CAFEF_C8_COMPLETE_ONLY_V1,6.950838846539115,1.0247454330258015
2024-09-30,KBS:HOSE:VFG,0,1,experiment-20261003T113748Z-acb3a2e7,CAFEF_C8_COMPLETE_ONLY_V1,-6.039013018471373,1.2532177047731436
2024-09-30,KBS:HOSE:VGC,0,1,experiment-20261003T113748Z-acb3a2e7,CAFEF_C8_COMPLETE_ONLY_V1,8.762627409793502,-1.5618170400773503
2024-09-30,KBS:HOSE:VHM,1,0,experiment-20261003T113748Z-acb3a2e7,CAFEF_C8_COMPLETE_ONLY_V1,236.89527480375727,-0.5887389050343583
2024-09-30,KBS:HOSE:VID,0,1,experiment-20261003T113748Z-acb3a2e7,CAFEF_C8_COMPLETE_ONLY_V1,-6.929364606294881,-0.07986118780861527
2024-09-30,KBS:HOSE:VIP,0,1,experiment-20261003T113748Z-acb3a2e7,CAFEF_C8_COMPLETE_ONLY_V1,-5.846208745286887,0.8247103290109246
2024-09-30,KBS:HOSE:VIX,1,0,experiment-20261003T113748Z-acb3a2e7,CAFEF_C8_COMPLETE_ONLY_V1,103.88876458408208,-1.7415381547388202
2024-09-30,KBS:HOSE:VJC,0,1,experiment-20261003T113748Z-acb3a2e7,CAFEF_C8_COMPLETE_ONLY_V1,33.54731186449693,0.04279450376548676
2024-09-30,KBS:HOSE:VND,0,1,experiment-20261003T113748Z-acb3a2e7,CAFEF_C8_COMPLETE_ONLY_V1,60.33501434920534,-1.0241905758605512
2024-09-30,KBS:HOSE:VNG,0,1,experiment-20261003T113748Z-acb3a2e7,CAFEF_C8_COMPLETE_ONLY_V1,-6.940970774001323,-0.8023546122020122
2024-09-30,KBS:HOSE:VOS,0,1,experiment-20261003T113748Z-acb3a2e7,CAFEF_C8_COMPLETE_ONLY_V1,3.420399282991827,-0.23043881660386495
2024-09-30,KBS:HOSE:VPB,1,0,experiment-20261003T113748Z-acb3a2e7,CAFEF_C8_COMPLETE_ONLY_V1,208.99210239142477,-0.1482240346545679
2024-09-30,KBS:HOSE:VPG,0,1,experiment-20261003T113748Z-acb3a2e7,CAFEF_C8_COMPLETE_ONLY_V1,-4.106446633259219,-0.16887516532688182
2024-09-30,KBS:HOSE:VPS,0,1,experiment-20261003T113748Z-acb3a2e7,CAFEF_C8_COMPLETE_ONLY_V1,-6.943923606116363,-0.46874284048231096
2024-09-30,KBS:HOSE:VSH,0,1,experiment-20261003T113748Z-acb3a2e7,CAFEF_C8_COMPLETE_ONLY_V1,-6.5737534733996235,0.29675080971886525
2024-09-30,KBS:HOSE:VSI,0,1,experiment-20261003T113748Z-acb3a2e7,CAFEF_C8_COMPLETE_ONLY_V1,-6.941794465721843,0.3635777122258153
2024-09-30,KBS:HOSE:VTO,0,1,experiment-20261003T113748Z-acb3a2e7,CAFEF_C8_COMPLETE_ONLY_V1,-5.758392744944154,0.6312345734934509
2024-09-30,KBS:UPCOM:A32,0,1,experiment-20261003T113748Z-acb3a2e7,CAFEF_C8_COMPLETE_ONLY_V1,-6.944017180192712,0.04764714348532204
2024-09-30,KBS:UPCOM:AAS,0,1,experiment-20261003T113748Z-acb3a2e7,CAFEF_C8_COMPLETE_ONLY_V1,-6.196464144249234,-0.9439027599890376
2024-09-30,KBS:UPCOM:ABB,0,1,experiment-20261003T113748Z-acb3a2e7,CAFEF_C8_COMPLETE_ONLY_V1,-3.989562260552192,0.07888420275174102
2024-09-30,KBS:UPCOM:ABC,0,1,experiment-20261003T113748Z-acb3a2e7,CAFEF_C8_COMPLETE_ONLY_V1,-6.828538770114228,-2.1166308119364903
2024-09-30,KBS:UPCOM:ABI,0,1,experiment-20261003T113748Z-acb3a2e7,CAFEF_C8_COMPLETE_ONLY_V1,-6.543081126281628,-0.8149008025742789
2024-09-30,KBS:UPCOM:ACE,0,1,experiment-20261003T113748Z-acb3a2e7,CAFEF_C8_COMPLETE_ONLY_V1,-6.860030581326876,0.9930407480508202
2024-09-30,KBS:UPCOM:ACM,0,1,experiment-20261003T113748Z-acb3a2e7,CAFEF_C8_COMPLETE_ONLY_V1,-6.941578309390124,-1.7528963041606425
2024-09-30,KBS:UPCOM:ACS,0,1,experiment-20261003T113748Z-acb3a2e7,CAFEF_C8_COMPLETE_ONLY_V1,-6.959298013802249,-1.6651026908530848
2024-09-30,KBS:UPCOM:ACV,0,1,experiment-20261003T113748Z-acb3a2e7,CAFEF_C8_COMPLETE_ONLY_V1,-1.6038242292544498,-0.08233431241788175
2024-09-30,KBS:UPCOM:AG1,0,1,experiment-20261003T113748Z-acb3a2e7,CAFEF_C8_COMPLETE_ONLY_V1,-6.931144508466141,0.16561423758853952
2024-09-30,KBS:UPCOM:AGF,0,1,experiment-20261003T113748Z-acb3a2e7,CAFEF_C8_COMPLETE_ONLY_V1,-6.953029922328043,-1.4172368133452096
2024-09-30,KBS:UPCOM:AGP,0,1,experiment-20261003T113748Z-acb3a2e7,CAFEF_C8_COMPLETE_ONLY_V1,-6.518858950205354,1.4819168374184508
2024-09-30,KBS:UPCOM:AGX,0,1,experiment-20261003T113748Z-acb3a2e7,CAFEF_C8_COMPLETE_ONLY_V1,-6.932756224260808,2.7451411308033986
2024-09-30,KBS:UPCOM:AIC,0,1,experiment-20261003T113748Z-acb3a2e7,CAFEF_C8_COMPLETE_ONLY_V1,-6.943161641334769,-0.1474136026837438
2024-09-30,KBS:UPCOM:ALV,0,1,experiment-20261003T113748Z-acb3a2e7,CAFEF_C8_COMPLETE_ONLY_V1,-6.891724562034642,0.36442690527351024
2024-09-30,KBS:UPCOM:AMP,0,1,experiment-20261003T113748Z-acb3a2e7,CAFEF_C8_COMPLETE_ONLY_V1,-6.9696712224616695,-3.476599092740346
2024-09-30,KBS:UPCOM:AMS,0,1,experiment-20261003T113748Z-acb3a2e7,CAFEF_C8_COMPLETE_ONLY_V1,-6.469161809083046,-0.9593690946111627
2024-09-30,KBS:UPCOM:APF,0,1,experiment-20261003T113748Z-acb3a2e7,CAFEF_C8_COMPLETE_ONLY_V1,-6.72449448432258,0.5570508994387631
2024-09-30,KBS:UPCOM:APL,0,1,experiment-20261003T113748Z-acb3a2e7,CAFEF_C8_COMPLETE_ONLY_V1,-6.956978110700311,-0.7589949145512096
2024-09-30,KBS:UPCOM:APT,0,1,experiment-20261003T113748Z-acb3a2e7,CAFEF_C8_COMPLETE_ONLY_V1,-6.9518724486828445,-1.7285713571315624
2024-09-30,KBS:UPCOM:ART,0,1,experiment-20261003T113748Z-acb3a2e7,CAFEF_C8_COMPLETE_ONLY_V1,-6.938925471132658,0.08914269759103532
2024-09-30,KBS:UPCOM:ATA,0,1,experiment-20261003T113748Z-acb3a2e7,CAFEF_C8_COMPLETE_ONLY_V1,-6.9626608219701245,-3.1368585657106607
2024-09-30,KBS:UPCOM:ATG,0,1,experiment-20261003T113748Z-acb3a2e7,CAFEF_C8_COMPLETE_ONLY_V1,-6.946193605623762,-3.3654658429778013
2024-09-30,KBS:UPCOM:AVC,0,1,experiment-20261003T113748Z-acb3a2e7,CAFEF_C8_COMPLETE_ONLY_V1,-6.912741988376925,-0.4700484074035723
2024-09-30,KBS:UPCOM:BAL,0,1,experiment-20261003T113748Z-acb3a2e7,CAFEF_C8_COMPLETE_ONLY_V1,-6.9249167126946665,5.742832957231003
2024-09-30,KBS:UPCOM:BBH,0,1,experiment-20261003T113748Z-acb3a2e7,CAFEF_C8_COMPLETE_ONLY_V1,-6.963787038816902,-1.5567432290902325
2024-09-30,KBS:UPCOM:BBM,0,1,experiment-20261003T113748Z-acb3a2e7,CAFEF_C8_COMPLETE_ONLY_V1,-6.971410163616027,-2.56259771138531
2024-09-30,KBS:UPCOM:BBT,0,1,experiment-20261003T113748Z-acb3a2e7,CAFEF_C8_COMPLETE_ONLY_V1,-6.949898687305639,1.429505690584124
2024-09-30,KBS:UPCOM:BCA,0,1,experiment-20261003T113748Z-acb3a2e7,CAFEF_C8_COMPLETE_ONLY_V1,-6.844597331559821,-0.9357288863517712
2024-09-30,KBS:UPCOM:BCB,0,1,experiment-20261003T113748Z-acb3a2e7,CAFEF_C8_COMPLETE_ONLY_V1,-6.934595490341501,1.3285667318847623
2024-09-30,KBS:UPCOM:BCP,0,1,experiment-20261003T113748Z-acb3a2e7,CAFEF_C8_COMPLETE_ONLY_V1,-6.944461731140821,-0.2267886330225915
2024-09-30,KBS:UPCOM:BDG,0,1,experiment-20261003T113748Z-acb3a2e7,CAFEF_C8_COMPLETE_ONLY_V1,-6.901590809440268,1.3883777554135222
2024-09-30,KBS:UPCOM:BDT,0,1,experiment-20261003T113748Z-acb3a2e7,CAFEF_C8_COMPLETE_ONLY_V1,-6.82853500477264,-2.4677935520901144
2024-09-30,KBS:UPCOM:BDW,0,1,experiment-20261003T113748Z-acb3a2e7,CAFEF_C8_COMPLETE_ONLY_V1,-6.934071850046287,2.7161056556059955
2024-09-30,KBS:UPCOM:BEL,0,1,experiment-20261003T113748Z-acb3a2e7,CAFEF_C8_COMPLETE_ONLY_V1,-6.917316446899674,7.8090923261492975
2024-09-30,KBS:UPCOM:BGW,0,1,experiment-20261003T113748Z-acb3a2e7,CAFEF_C8_COMPLETE_ONLY_V1,-6.948809273927919,-0.7152602803836927
2024-09-30,KBS:UPCOM:BHA,0,1,experiment-20261003T113748Z-acb3a2e7,CAFEF_C8_COMPLETE_ONLY_V1,-6.937846513542144,0.9681506585642945
2024-09-30,KBS:UPCOM:BHC,0,1,experiment-20261003T113748Z-acb3a2e7,CAFEF_C8_COMPLETE_ONLY_V1,-6.9244455772139,4.452890698558859
2024-09-30,KBS:UPCOM:BHG,0,1,experiment-20261003T113748Z-acb3a2e7,CAFEF_C8_COMPLETE_ONLY_V1,-6.939749805178911,-0.4955527559791843
2024-09-30,KBS:UPCOM:BHK,0,1,experiment-20261003T113748Z-acb3a2e7,CAFEF_C8_COMPLETE_ONLY_V1,-6.9346860638989485,2.122472590063111
2024-09-30,KBS:UPCOM:BHP,0,1,experiment-20261003T113748Z-acb3a2e7,CAFEF_C8_COMPLETE_ONLY_V1,-6.962703024712106,-0.8759033197555941
2024-09-30,KBS:UPCOM:BIO,0,1,experiment-20261003T113748Z-acb3a2e7,CAFEF_C8_COMPLETE_ONLY_V1,-6.951218775287999,-1.0862176082009052
2024-09-30,KBS:UPCOM:BLI,0,1,experiment-20261003T113748Z-acb3a2e7,CAFEF_C8_COMPLETE_ONLY_V1,-6.812590681369172,-1.897077181318404
2024-09-30,KBS:UPCOM:BLN,0,1,experiment-20261003T113748Z-acb3a2e7,CAFEF_C8_COMPLETE_ONLY_V1,-6.938051902576714,0.2598329245588179
2024-09-30,KBS:UPCOM:BLT,0,1,experiment-20261003T113748Z-acb3a2e7,CAFEF_C8_COMPLETE_ONLY_V1,-6.8488079346331325,-2.697710932344307
2024-09-30,KBS:UPCOM:BMD,0,1,experiment-20261003T113748Z-acb3a2e7,CAFEF_C8_COMPLETE_ONLY_V1,-6.947779587395515,-0.7559738635566795
2024-09-30,KBS:UPCOM:BMF,0,1,experiment-20261003T113748Z-acb3a2e7,CAFEF_C8_COMPLETE_ONLY_V1,-6.944555110916125,-1.4093665359541852
2024-09-30,KBS:UPCOM:BMG,0,1,experiment-20261003T113748Z-acb3a2e7,CAFEF_C8_COMPLETE_ONLY_V1,-6.942928942902916,0.17874164216580354
2024-09-30,KBS:UPCOM:BMJ,0,1,experiment-20261003T113748Z-acb3a2e7,CAFEF_C8_COMPLETE_ONLY_V1,-6.413208692412053,-2.814665020224839
2024-09-30,KBS:UPCOM:BMS,0,1,experiment-20261003T113748Z-acb3a2e7,CAFEF_C8_COMPLETE_ONLY_V1,-6.705684853089695,-0.6661951053553825
2024-09-30,KBS:UPCOM:BMV,0,1,experiment-20261003T113748Z-acb3a2e7,CAFEF_C8_COMPLETE_ONLY_V1,-6.9480771931947585,1.3395783626930222
2024-09-30,KBS:UPCOM:BNW,0,1,experiment-20261003T113748Z-acb3a2e7,CAFEF_C8_COMPLETE_ONLY_V1,-6.9389686012473115,0.08384174482462976
2024-09-30,KBS:UPCOM:BQB,0,1,experiment-20261003T113748Z-acb3a2e7,CAFEF_C8_COMPLETE_ONLY_V1,-6.944284781560582,-1.3203836142115999
2024-09-30,KBS:UPCOM:BRR,0,1,experiment-20261003T113748Z-acb3a2e7,CAFEF_C8_COMPLETE_ONLY_V1,-6.927173853748658,0.26276012186909636
2024-09-30,KBS:UPCOM:BRS,0,1,experiment-20261003T113748Z-acb3a2e7,CAFEF_C8_COMPLETE_ONLY_V1,-6.94315760629801,0.9012688060436221
2024-09-30,KBS:UPCOM:BSD,0,1,experiment-20261003T113748Z-acb3a2e7,CAFEF_C8_COMPLETE_ONLY_V1,-6.934899941813286,2.900586634722854
2024-09-30,KBS:UPCOM:BSG,0,1,experiment-20261003T113748Z-acb3a2e7,CAFEF_C8_COMPLETE_ONLY_V1,-6.9577344984473735,-1.1759505960244865
2024-09-30,KBS:UPCOM:BSH,0,1,experiment-20261003T113748Z-acb3a2e7,CAFEF_C8_COMPLETE_ONLY_V1,-6.947268106041512,-0.8421789966441563
2024-09-30,KBS:UPCOM:BSL,0,1,experiment-20261003T113748Z-acb3a2e7,CAFEF_C8_COMPLETE_ONLY_V1,-6.926470609997922,-0.17428311017391163
2024-09-30,KBS:UPCOM:BSP,0,1,experiment-20261003T113748Z-acb3a2e7,CAFEF_C8_COMPLETE_ONLY_V1,-6.950578285929793,-0.9746388097938734
2024-09-30,KBS:UPCOM:BSQ,0,1,experiment-20261003T113748Z-acb3a2e7,CAFEF_C8_COMPLETE_ONLY_V1,-6.910439119410054,1.1727875523913625
2024-09-30,KBS:UPCOM:BTB,0,1,experiment-20261003T113748Z-acb3a2e7,CAFEF_C8_COMPLETE_ONLY_V1,-6.9553233542417106,0.36201994256726633
2024-09-30,KBS:UPCOM:BTD,0,1,experiment-20261003T113748Z-acb3a2e7,CAFEF_C8_COMPLETE_ONLY_V1,-6.962540824347977,-1.6669603394779895
2024-09-30,KBS:UPCOM:BTG,0,1,experiment-20261003T113748Z-acb3a2e7,CAFEF_C8_COMPLETE_ONLY_V1,-6.968299946308171,-0.4865526998114754
2024-09-30,KBS:UPCOM:BTN,0,1,experiment-20261003T113748Z-acb3a2e7,CAFEF_C8_COMPLETE_ONLY_V1,-6.912673735263964,-0.4035086474662425
2024-09-30,KBS:UPCOM:BTU,0,1,experiment-20261003T113748Z-acb3a2e7,CAFEF_C8_COMPLETE_ONLY_V1,-6.943114125909903,0.8324895771113869
2024-09-30,KBS:UPCOM:BTV,0,1,experiment-20261003T113748Z-acb3a2e7,CAFEF_C8_COMPLETE_ONLY_V1,-6.948796498147871,0.6993549591775672
2024-09-30,KBS:UPCOM:BVG,0,1,experiment-20261003T113748Z-acb3a2e7,CAFEF_C8_COMPLETE_ONLY_V1,-6.932880642446347,0.7359093421249001
2024-09-30,KBS:UPCOM:BVL,0,1,experiment-20261003T113748Z-acb3a2e7,CAFEF_C8_COMPLETE_ONLY_V1,-6.928704658303977,-0.12476544715754456
2024-09-30,KBS:UPCOM:BVN,0,1,experiment-20261003T113748Z-acb3a2e7,CAFEF_C8_COMPLETE_ONLY_V1,-6.972800424394715,-2.1815059888000476
2024-09-30,KBS:UPCOM:BWA,0,1,experiment-20261003T113748Z-acb3a2e7,CAFEF_C8_COMPLETE_ONLY_V1,-6.941921842893026,2.620636815981391
2024-09-30,KBS:UPCOM:BWS,0,1,experiment-20261003T113748Z-acb3a2e7,CAFEF_C8_COMPLETE_ONLY_V1,-6.482667647366722,1.3908869791300538
2024-09-30,KBS:UPCOM:C22,0,1,experiment-20261003T113748Z-acb3a2e7,CAFEF_C8_COMPLETE_ONLY_V1,-6.983275834757029,-5.114443631869222
2024-09-30,KBS:UPCOM:C4G,0,1,experiment-20261003T113748Z-acb3a2e7,CAFEF_C8_COMPLETE_ONLY_V1,-4.977778101152513,-1.4988236804824513
2024-09-30,KBS:UPCOM:C92,0,1,experiment-20261003T113748Z-acb3a2e7,CAFEF_C8_COMPLETE_ONLY_V1,-6.9566417113878884,-1.7370933441263383
2024-09-30,KBS:UPCOM:CAD,0,1,experiment-20261003T113748Z-acb3a2e7,CAFEF_C8_COMPLETE_ONLY_V1,-6.979926427366277,-4.581568583648783
2024-09-30,KBS:UPCOM:CAT,0,1,experiment-20261003T113748Z-acb3a2e7,CAFEF_C8_COMPLETE_ONLY_V1,-6.923014612447956,0.5310215970906959
2024-09-30,KBS:UPCOM:CBI,0,1,experiment-20261003T113748Z-acb3a2e7,CAFEF_C8_COMPLETE_ONLY_V1,-6.969086538143777,-1.3610131409705963
2024-09-30,KBS:UPCOM:CBS,0,1,experiment-20261003T113748Z-acb3a2e7,CAFEF_C8_COMPLETE_ONLY_V1,-6.587708826109163,0.6248753399557159
2024-09-30,KBS:UPCOM:CC1,0,1,experiment-20261003T113748Z-acb3a2e7,CAFEF_C8_COMPLETE_ONLY_V1,-6.787284498974504,0.6483619391086309
2024-09-30,KBS:UPCOM:CCA,0,1,experiment-20261003T113748Z-acb3a2e7,CAFEF_C8_COMPLETE_ONLY_V1,-6.964562824841314,-0.03180471143234904
2024-09-30,KBS:UPCOM:CCM,0,1,experiment-20261003T113748Z-acb3a2e7,CAFEF_C8_COMPLETE_ONLY_V1,-6.920877816477453,0.8460233505286704
2024-09-30,KBS:UPCOM:CCP,0,1,experiment-20261003T113748Z-acb3a2e7,CAFEF_C8_COMPLETE_ONLY_V1,-6.932472703496176,2.988935276210035
2024-09-30,KBS:UPCOM:CCT,0,1,experiment-20261003T113748Z-acb3a2e7,CAFEF_C8_COMPLETE_ONLY_V1,-6.967612978709518,-1.234430434749189
2024-09-30,KBS:UPCOM:CCV,0,1,experiment-20261003T113748Z-acb3a2e7,CAFEF_C8_COMPLETE_ONLY_V1,-6.93069738534982,2.5584992400177806
2024-09-30,KBS:UPCOM:CDP,0,1,experiment-20261003T113748Z-acb3a2e7,CAFEF_C8_COMPLETE_ONLY_V1,-6.866409866164256,-0.6627752061290535
2024-09-30,KBS:UPCOM:CDR,0,1,experiment-20261003T113748Z-acb3a2e7,CAFEF_C8_COMPLETE_ONLY_V1,-6.918868014806363,4.123591744595082
2024-09-30,KBS:UPCOM:CEN,0,1,experiment-20261003T113748Z-acb3a2e7,CAFEF_C8_COMPLETE_ONLY_V1,-6.902854580916433,-1.3285866792735719
2024-09-30,KBS:UPCOM:CFM,0,1,experiment-20261003T113748Z-acb3a2e7,CAFEF_C8_COMPLETE_ONLY_V1,-6.948955214742596,0.5992296160415295
2024-09-30,KBS:UPCOM:CFV,0,1,experiment-20261003T113748Z-acb3a2e7,CAFEF_C8_COMPLETE_ONLY_V1,-6.961768022905881,-0.42042682815904264
2024-09-30,KBS:UPCOM:CH5,0,1,experiment-20261003T113748Z-acb3a2e7,CAFEF_C8_COMPLETE_ONLY_V1,-6.928234176839719,3.0546210679972354
2024-09-30,KBS:UPCOM:CHC,0,1,experiment-20261003T113748Z-acb3a2e7,CAFEF_C8_COMPLETE_ONLY_V1,-6.944039714655491,4.51574263449149
2024-09-30,KBS:UPCOM:CHS,0,1,experiment-20261003T113748Z-acb3a2e7,CAFEF_C8_COMPLETE_ONLY_V1,-6.462044168612546,1.9374463409506397
2024-09-30,KBS:UPCOM:CI5,0,1,experiment-20261003T113748Z-acb3a2e7,CAFEF_C8_COMPLETE_ONLY_V1,-6.982858796009978,-4.425157301352838
2024-09-30,KBS:UPCOM:CID,0,1,experiment-20261003T113748Z-acb3a2e7,CAFEF_C8_COMPLETE_ONLY_V1,-6.912569758583429,14.937097379258196
2024-09-30,KBS:UPCOM:CKA,0,1,experiment-20261003T113748Z-acb3a2e7,CAFEF_C8_COMPLETE_ONLY_V1,-6.778258963098548,-1.0698342611090605
2024-09-30,KBS:UPCOM:CKD,0,1,experiment-20261003T113748Z-acb3a2e7,CAFEF_C8_COMPLETE_ONLY_V1,-6.910820739392215,0.8479622321869082
2024-09-30,KBS:UPCOM:CLX,0,1,experiment-20261003T113748Z-acb3a2e7,CAFEF_C8_COMPLETE_ONLY_V1,-6.41716092024684,-0.4421221089413993
2024-09-30,KBS:UPCOM:CMD,0,1,experiment-20261003T113748Z-acb3a2e7,CAFEF_C8_COMPLETE_ONLY_V1,-6.931342571498422,0.9243290618529966
2024-09-30,KBS:UPCOM:CMF,0,1,experiment-20261003T113748Z-acb3a2e7,CAFEF_C8_COMPLETE_ONLY_V1,-6.890004290342256,0.8909080958643306
2024-09-30,KBS:UPCOM:CMI,0,1,experiment-20261003T113748Z-acb3a2e7,CAFEF_C8_COMPLETE_ONLY_V1,-6.957721902167046,-2.219495551319916
2024-09-30,KBS:UPCOM:CMK,0,1,experiment-20261003T113748Z-acb3a2e7,CAFEF_C8_COMPLETE_ONLY_V1,-6.938925471132658,0.08914269759103532
2024-09-30,KBS:UPCOM:CMN,0,1,experiment-20261003T113748Z-acb3a2e7,CAFEF_C8_COMPLETE_ONLY_V1,-6.948103245099795,-0.25905765526297264
2024-09-30,KBS:UPCOM:CMT,0,1,experiment-20261003T113748Z-acb3a2e7,CAFEF_C8_COMPLETE_ONLY_V1,-6.906684239965998,-2.5149512664655598
2024-09-30,KBS:UPCOM:CMW,0,1,experiment-20261003T113748Z-acb3a2e7,CAFEF_C8_COMPLETE_ONLY_V1,-6.949548376047472,2.4154101686265883
2024-09-30,KBS:UPCOM:CNC,0,1,experiment-20261003T113748Z-acb3a2e7,CAFEF_C8_COMPLETE_ONLY_V1,-6.915620152472698,0.47093728341933133
2024-09-30,KBS:UPCOM:CNN,0,1,experiment-20261003T113748Z-acb3a2e7,CAFEF_C8_COMPLETE_ONLY_V1,-6.929407730012329,2.8525950721584272
2024-09-30,KBS:UPCOM:CNT,0,1,experiment-20261003T113748Z-acb3a2e7,CAFEF_C8_COMPLETE_ONLY_V1,-6.881664730389663,-1.5084969497648537
2024-09-30,KBS:UPCOM:CPA,0,1,experiment-20261003T113748Z-acb3a2e7,CAFEF_C8_COMPLETE_ONLY_V1,-6.956306658181096,-0.6860002461474749
2024-09-30,KBS:UPCOM:CPI,0,1,experiment-20261003T113748Z-acb3a2e7,CAFEF_C8_COMPLETE_ONLY_V1,-6.935903776952473,2.297865667565181
2024-09-30,KBS:UPCOM:CQN,0,1,experiment-20261003T113748Z-acb3a2e7,CAFEF_C8_COMPLETE_ONLY_V1,-6.929840318857253,-0.44150479642841256
2024-09-30,KBS:UPCOM:CQT,0,1,experiment-20261003T113748Z-acb3a2e7,CAFEF_C8_COMPLETE_ONLY_V1,-6.950207011001806,-1.7344648332424404
2024-09-30,KBS:UPCOM:CT3,0,1,experiment-20261003T113748Z-acb3a2e7,CAFEF_C8_COMPLETE_ONLY_V1,-6.938925471132658,0.08914269759103532
2024-09-30,KBS:UPCOM:CTW,0,1,experiment-20261003T113748Z-acb3a2e7,CAFEF_C8_COMPLETE_ONLY_V1,-6.937766542814552,4.100859981058931
2024-09-30,KBS:UPCOM:DAS,0,1,experiment-20261003T113748Z-acb3a2e7,CAFEF_C8_COMPLETE_ONLY_V1,-6.9863557980162545,-5.427536888979155
2024-09-30,KBS:UPCOM:DBM,0,1,experiment-20261003T113748Z-acb3a2e7,CAFEF_C8_COMPLETE_ONLY_V1,-6.957198436326869,-1.51212325127392
2024-09-30,KBS:UPCOM:DC1,0,1,experiment-20261003T113748Z-acb3a2e7,CAFEF_C8_COMPLETE_ONLY_V1,-6.94567025149095,3.424602768513245
2024-09-30,KBS:UPCOM:DCF,0,1,experiment-20261003T113748Z-acb3a2e7,CAFEF_C8_COMPLETE_ONLY_V1,-6.933480265232349,2.6578273800951218
2024-09-30,KBS:UPCOM:DCH,0,1,experiment-20261003T113748Z-acb3a2e7,CAFEF_C8_COMPLETE_ONLY_V1,-6.9356277930452395,0.8585798316022256
2024-09-30,KBS:UPCOM:DCR,0,1,experiment-20261003T113748Z-acb3a2e7,CAFEF_C8_COMPLETE_ONLY_V1,-6.95288316264101,0.021121092019136575
2024-09-30,KBS:UPCOM:DCS,0,1,experiment-20261003T113748Z-acb3a2e7,CAFEF_C8_COMPLETE_ONLY_V1,-6.908979724636363,0.5897895789138816
2024-09-30,KBS:UPCOM:DCT,0,1,experiment-20261003T113748Z-acb3a2e7,CAFEF_C8_COMPLETE_ONLY_V1,-6.967461472675069,-3.3337050119528384
2024-09-30,KBS:UPCOM:DDH,0,1,experiment-20261003T113748Z-acb3a2e7,CAFEF_C8_COMPLETE_ONLY_V1,-6.942518730709252,-0.4898255629839631
2024-09-30,KBS:UPCOM:DDM,0,1,experiment-20261003T113748Z-acb3a2e7,CAFEF_C8_COMPLETE_ONLY_V1,-6.966053908113819,0.05126406399022228
2024-09-30,KBS:UPCOM:DDN,0,1,experiment-20261003T113748Z-acb3a2e7,CAFEF_C8_COMPLETE_ONLY_V1,-6.9383856392553716,-0.4599025879910627
2024-09-30,KBS:UPCOM:DDV,0,1,experiment-20261003T113748Z-acb3a2e7,CAFEF_C8_COMPLETE_ONLY_V1,-2.1775802113408673,0.3769764941743409
2024-09-30,KBS:UPCOM:DFC,0,1,experiment-20261003T113748Z-acb3a2e7,CAFEF_C8_COMPLETE_ONLY_V1,-6.933525727670223,1.5098552859082348
2024-09-30,KBS:UPCOM:DGT,0,1,experiment-20261003T113748Z-acb3a2e7,CAFEF_C8_COMPLETE_ONLY_V1,-6.02006614484042,-0.6598801935555333
2024-09-30,KBS:UPCOM:DHB,0,1,experiment-20261003T113748Z-acb3a2e7,CAFEF_C8_COMPLETE_ONLY_V1,-6.915913900373975,-0.9703087907464154
2024-09-30,KBS:UPCOM:DHD,0,1,experiment-20261003T113748Z-acb3a2e7,CAFEF_C8_COMPLETE_ONLY_V1,-6.91433121651027,1.6078973611998095
2024-09-30,KBS:UPCOM:DHN,0,1,experiment-20261003T113748Z-acb3a2e7,CAFEF_C8_COMPLETE_ONLY_V1,-6.92872141419958,1.449063658461234
2024-09-30,KBS:UPCOM:DIC,0,1,experiment-20261003T113748Z-acb3a2e7,CAFEF_C8_COMPLETE_ONLY_V1,-6.943967107158105,-1.638228719474599
2024-09-30,KBS:UPCOM:DID,0,1,experiment-20261003T113748Z-acb3a2e7,CAFEF_C8_COMPLETE_ONLY_V1,-6.938906916591631,-0.5666187519423231
2024-09-30,KBS:UPCOM:DKC,0,1,experiment-20261003T113748Z-acb3a2e7,CAFEF_C8_COMPLETE_ONLY_V1,-6.930634215693182,3.089918993664205
2024-09-30,KBS:UPCOM:DLR,0,1,experiment-20261003T113748Z-acb3a2e7,CAFEF_C8_COMPLETE_ONLY_V1,-6.936275790873418,0.556854227309472
2024-09-30,KBS:UPCOM:DLT,0,1,experiment-20261003T113748Z-acb3a2e7,CAFEF_C8_COMPLETE_ONLY_V1,-6.944068210808214,-1.0764512984154953
2024-09-30,KBS:UPCOM:DM7,0,1,experiment-20261003T113748Z-acb3a2e7,CAFEF_C8_COMPLETE_ONLY_V1,-6.936142380812168,0.9253161840472206
2024-09-30,KBS:UPCOM:DNA,0,1,experiment-20261003T113748Z-acb3a2e7,CAFEF_C8_COMPLETE_ONLY_V1,-6.884443490105992,-0.1722617653046588
2024-09-30,KBS:UPCOM:DND,0,1,experiment-20261003T113748Z-acb3a2e7,CAFEF_C8_COMPLETE_ONLY_V1,-6.936726317773089,2.287570229449511
2024-09-30,KBS:UPCOM:DNE,0,1,experiment-20261003T113748Z-acb3a2e7,CAFEF_C8_COMPLETE_ONLY_V1,-6.952633500608596,0.25713656993571926
2024-09-30,KBS:UPCOM:DNH,0,1,experiment-20261003T113748Z-acb3a2e7,CAFEF_C8_COMPLETE_ONLY_V1,-6.93336015693847,3.1081602131257973
2024-09-30,KBS:UPCOM:DNL,0,1,experiment-20261003T113748Z-acb3a2e7,CAFEF_C8_COMPLETE_ONLY_V1,-6.934756444755522,3.3613198176106143
2024-09-30,KBS:UPCOM:DNM,0,1,experiment-20261003T113748Z-acb3a2e7,CAFEF_C8_COMPLETE_ONLY_V1,-6.970144265707458,-2.7325673119260174
2024-09-30,KBS:UPCOM:DNT,0,1,experiment-20261003T113748Z-acb3a2e7,CAFEF_C8_COMPLETE_ONLY_V1,-6.922842925657808,6.388244949829579
2024-09-30,KBS:UPCOM:DNW,0,1,experiment-20261003T113748Z-acb3a2e7,CAFEF_C8_COMPLETE_ONLY_V1,-6.892876162643533,0.5428875667347174
2024-09-30,KBS:UPCOM:DOC,0,1,experiment-20261003T113748Z-acb3a2e7,CAFEF_C8_COMPLETE_ONLY_V1,-6.856623493825174,1.1150239465502911
2024-09-30,KBS:UPCOM:DOP,0,1,experiment-20261003T113748Z-acb3a2e7,CAFEF_C8_COMPLETE_ONLY_V1,-6.94757498362035,0.03880184687294906
2024-09-30,KBS:UPCOM:DP1,0,1,experiment-20261003T113748Z-acb3a2e7,CAFEF_C8_COMPLETE_ONLY_V1,-6.9253443583809355,0.19280088964197262
2024-09-30,KBS:UPCOM:DPH,0,1,experiment-20261003T113748Z-acb3a2e7,CAFEF_C8_COMPLETE_ONLY_V1,-6.937625307123368,1.3071357293157382
2024-09-30,KBS:UPCOM:DPP,0,1,experiment-20261003T113748Z-acb3a2e7,CAFEF_C8_COMPLETE_ONLY_V1,-6.940035621541695,0.056552524221312774
2024-09-30,KBS:UPCOM:DRG,0,1,experiment-20261003T113748Z-acb3a2e7,CAFEF_C8_COMPLETE_ONLY_V1,-6.939507764585234,-0.8894846967678601
2024-09-30,KBS:UPCOM:DRI,0,1,experiment-20261003T113748Z-acb3a2e7,CAFEF_C8_COMPLETE_ONLY_V1,-4.710942646668663,1.1366899542397624
2024-09-30,KBS:UPCOM:DSG,0,1,experiment-20261003T113748Z-acb3a2e7,CAFEF_C8_COMPLETE_ONLY_V1,-6.9672863484055165,-1.4723927028375485
2024-09-30,KBS:UPCOM:DSP,0,1,experiment-20261003T113748Z-acb3a2e7,CAFEF_C8_COMPLETE_ONLY_V1,-6.948853953391592,-0.34588033774381255
2024-09-30,KBS:UPCOM:DTI,0,1,experiment-20261003T113748Z-acb3a2e7,CAFEF_C8_COMPLETE_ONLY_V1,-6.918734595841716,-2.0311649883941696
2024-09-30,KBS:UPCOM:DTP,0,1,experiment-20261003T113748Z-acb3a2e7,CAFEF_C8_COMPLETE_ONLY_V1,-6.886690831898006,3.7091171356377344
2024-09-30,KBS:UPCOM:DUS,0,1,experiment-20261003T113748Z-acb3a2e7,CAFEF_C8_COMPLETE_ONLY_V1,-6.947191422794787,-1.429902324581296
2024-09-30,KBS:UPCOM:DVC,0,1,experiment-20261003T113748Z-acb3a2e7,CAFEF_C8_COMPLETE_ONLY_V1,-6.898798583446831,-1.5318120934833062
2024-09-30,KBS:UPCOM:DVW,0,1,experiment-20261003T113748Z-acb3a2e7,CAFEF_C8_COMPLETE_ONLY_V1,-6.939110402035534,1.1771745141264234
2024-09-30,KBS:UPCOM:DWS,0,1,experiment-20261003T113748Z-acb3a2e7,CAFEF_C8_COMPLETE_ONLY_V1,-6.9346539072670526,2.715217964458548
2024-09-30,KBS:UPCOM:DXL,0,1,experiment-20261003T113748Z-acb3a2e7,CAFEF_C8_COMPLETE_ONLY_V1,-6.980093305589062,-1.9478372543613356
2024-09-30,KBS:UPCOM:E12,0,1,experiment-20261003T113748Z-acb3a2e7,CAFEF_C8_COMPLETE_ONLY_V1,-6.939376546104964,0.7102269230324116
2024-09-30,KBS:UPCOM:E29,0,1,experiment-20261003T113748Z-acb3a2e7,CAFEF_C8_COMPLETE_ONLY_V1,-6.975681997780664,-0.04162245143500478
2024-09-30,KBS:UPCOM:EIC,0,1,experiment-20261003T113748Z-acb3a2e7,CAFEF_C8_COMPLETE_ONLY_V1,-6.948468371446382,0.5644340417269502
2024-09-30,KBS:UPCOM:EIN,0,1,experiment-20261003T113748Z-acb3a2e7,CAFEF_C8_COMPLETE_ONLY_V1,-6.9198920295739095,-1.5511345999364852
2024-09-30,KBS:UPCOM:EMG,0,1,experiment-20261003T113748Z-acb3a2e7,CAFEF_C8_COMPLETE_ONLY_V1,-6.94261290170477,1.6613897022473239
2024-09-30,KBS:UPCOM:EMS,0,1,experiment-20261003T113748Z-acb3a2e7,CAFEF_C8_COMPLETE_ONLY_V1,-6.951623763478571,-0.7164180182484592
2024-09-30,KBS:UPCOM:FCC,0,1,experiment-20261003T113748Z-acb3a2e7,CAFEF_C8_COMPLETE_ONLY_V1,-6.938925471132658,0.08914269759103532
2024-09-30,KBS:UPCOM:FCS,0,1,experiment-20261003T113748Z-acb3a2e7,CAFEF_C8_COMPLETE_ONLY_V1,-6.952950991092302,-0.1861462791661776
2024-09-30,KBS:UPCOM:FHN,0,1,experiment-20261003T113748Z-acb3a2e7,CAFEF_C8_COMPLETE_ONLY_V1,-6.94329553333603,0.17351328554569628
2024-09-30,KBS:UPCOM:FHS,0,1,experiment-20261003T113748Z-acb3a2e7,CAFEF_C8_COMPLETE_ONLY_V1,-6.948953727976223,0.09761286549783092
2024-09-30,KBS:UPCOM:FIC,0,1,experiment-20261003T113748Z-acb3a2e7,CAFEF_C8_COMPLETE_ONLY_V1,-6.924082037102994,0.9893508454408396
2024-09-30,KBS:UPCOM:FOC,0,1,experiment-20261003T113748Z-acb3a2e7,CAFEF_C8_COMPLETE_ONLY_V1,-5.195316482376451,0.4795938511066541
2024-09-30,KBS:UPCOM:FOX,0,1,experiment-20261003T113748Z-acb3a2e7,CAFEF_C8_COMPLETE_ONLY_V1,-4.973707494648355,1.3691918106189676
2024-09-30,KBS:UPCOM:FRC,0,1,experiment-20261003T113748Z-acb3a2e7,CAFEF_C8_COMPLETE_ONLY_V1,-6.9426937695576685,0.6360617058587944
2024-09-30,KBS:UPCOM:FRM,0,1,experiment-20261003T113748Z-acb3a2e7,CAFEF_C8_COMPLETE_ONLY_V1,-6.945651258973332,-0.8478025453616088
2024-09-30,KBS:UPCOM:FT1,0,1,experiment-20261003T113748Z-acb3a2e7,CAFEF_C8_COMPLETE_ONLY_V1,-6.907510930411301,1.6356591851917515
2024-09-30,KBS:UPCOM:FTI,0,1,experiment-20261003T113748Z-acb3a2e7,CAFEF_C8_COMPLETE_ONLY_V1,-6.938925471132658,0.08914269759103532
2024-09-30,KBS:UPCOM:FTM,0,1,experiment-20261003T113748Z-acb3a2e7,CAFEF_C8_COMPLETE_ONLY_V1,-6.936838682298498,0.8577284059015401
2024-09-30,KBS:UPCOM:G36,0,1,experiment-20261003T113748Z-acb3a2e7,CAFEF_C8_COMPLETE_ONLY_V1,-6.510232249214758,-0.7155901058419963
2024-09-30,KBS:UPCOM:GCB,0,1,experiment-20261003T113748Z-acb3a2e7,CAFEF_C8_COMPLETE_ONLY_V1,-6.938097446051645,0.2353025506280468
2024-09-30,KBS:UPCOM:GER,0,1,experiment-20261003T113748Z-acb3a2e7,CAFEF_C8_COMPLETE_ONLY_V1,-6.983328652693101,-5.098738324263105
2024-09-30,KBS:UPCOM:GGG,0,1,experiment-20261003T113748Z-acb3a2e7,CAFEF_C8_COMPLETE_ONLY_V1,-6.996858774340409,-5.3464702640641475
2024-09-30,KBS:UPCOM:GH3,0,1,experiment-20261003T113748Z-acb3a2e7,CAFEF_C8_COMPLETE_ONLY_V1,-6.936403744510385,0.5580305379473609
2024-09-30,KBS:UPCOM:GLC,0,1,experiment-20261003T113748Z-acb3a2e7,CAFEF_C8_COMPLETE_ONLY_V1,-6.938925471132658,0.08914269759103532
2024-09-30,KBS:UPCOM:GMC,0,1,experiment-20261003T113748Z-acb3a2e7,CAFEF_C8_COMPLETE_ONLY_V1,-6.934515154727819,-0.7028412385856063
2024-09-30,KBS:UPCOM:GND,0,1,experiment-20261003T113748Z-acb3a2e7,CAFEF_C8_COMPLETE_ONLY_V1,-6.947602865147031,0.2452843322485001
2024-09-30,KBS:UPCOM:GSM,0,1,experiment-20261003T113748Z-acb3a2e7,CAFEF_C8_COMPLETE_ONLY_V1,-6.931801624584902,1.0206586598164549
2024-09-30,KBS:UPCOM:GTD,0,1,experiment-20261003T113748Z-acb3a2e7,CAFEF_C8_COMPLETE_ONLY_V1,-6.9895429235861135,-3.579772334035619
2024-09-30,KBS:UPCOM:GTS,0,1,experiment-20261003T113748Z-acb3a2e7,CAFEF_C8_COMPLETE_ONLY_V1,-6.930556828690158,2.62294751043368
2024-09-30,KBS:UPCOM:H11,0,1,experiment-20261003T113748Z-acb3a2e7,CAFEF_C8_COMPLETE_ONLY_V1,-6.937501750619534,-0.6398690120731195
2024-09-30,KBS:UPCOM:HAC,0,1,experiment-20261003T113748Z-acb3a2e7,CAFEF_C8_COMPLETE_ONLY_V1,-3.6973634977590923,-0.8042534422320152
2024-09-30,KBS:UPCOM:HAF,0,1,experiment-20261003T113748Z-acb3a2e7,CAFEF_C8_COMPLETE_ONLY_V1,-6.954614091314777,-4.350456370723373
2024-09-30,KBS:UPCOM:HAM,0,1,experiment-20261003T113748Z-acb3a2e7,CAFEF_C8_COMPLETE_ONLY_V1,-6.945047156566395,0.9023513202076581
2024-09-30,KBS:UPCOM:HAN,0,1,experiment-20261003T113748Z-acb3a2e7,CAFEF_C8_COMPLETE_ONLY_V1,-6.926257851515448,0.3169216614082297
2024-09-30,KBS:UPCOM:HBD,0,1,experiment-20261003T113748Z-acb3a2e7,CAFEF_C8_COMPLETE_ONLY_V1,-6.943916720781425,0.24658234326825396
2024-09-30,KBS:UPCOM:HBH,0,1,experiment-20261003T113748Z-acb3a2e7,CAFEF_C8_COMPLETE_ONLY_V1,-6.9605119548899435,-0.5909700503157032
2024-09-30,KBS:UPCOM:HD6,0,1,experiment-20261003T113748Z-acb3a2e7,CAFEF_C8_COMPLETE_ONLY_V1,-6.826283898831009,-2.1289257280989817
2024-09-30,KBS:UPCOM:HDW,0,1,experiment-20261003T113748Z-acb3a2e7,CAFEF_C8_COMPLETE_ONLY_V1,-6.940723168632381,2.035209037544233
2024-09-30,KBS:UPCOM:HEJ,0,1,experiment-20261003T113748Z-acb3a2e7,CAFEF_C8_COMPLETE_ONLY_V1,-6.953845660040555,-0.8291733541712325
2024-09-30,KBS:UPCOM:HEP,0,1,experiment-20261003T113748Z-acb3a2e7,CAFEF_C8_COMPLETE_ONLY_V1,-6.932024963668646,1.6533632786564618
2024-09-30,KBS:UPCOM:HES,0,1,experiment-20261003T113748Z-acb3a2e7,CAFEF_C8_COMPLETE_ONLY_V1,-6.911276197084727,7.965716672587335
2024-09-30,KBS:UPCOM:HHG,0,1,experiment-20261003T113748Z-acb3a2e7,CAFEF_C8_COMPLETE_ONLY_V1,-6.709630805638669,-1.8804088764761708
2024-09-30,KBS:UPCOM:HLB,0,1,experiment-20261003T113748Z-acb3a2e7,CAFEF_C8_COMPLETE_ONLY_V1,-6.739467211553203,1.4663335732097402
2024-09-30,KBS:UPCOM:HLS,0,1,experiment-20261003T113748Z-acb3a2e7,CAFEF_C8_COMPLETE_ONLY_V1,-6.952222194723278,-0.8674978594977689
2024-09-30,KBS:UPCOM:HND,0,1,experiment-20261003T113748Z-acb3a2e7,CAFEF_C8_COMPLETE_ONLY_V1,-6.879525571193267,-0.48281897224891684
2024-09-30,KBS:UPCOM:HNF,0,1,experiment-20261003T113748Z-acb3a2e7,CAFEF_C8_COMPLETE_ONLY_V1,-5.1912406307501735,2.0243095401725335
2024-09-30,KBS:UPCOM:HNM,0,1,experiment-20261003T113748Z-acb3a2e7,CAFEF_C8_COMPLETE_ONLY_V1,-6.5990728581660765,-0.5980427808144548
2024-09-30,KBS:UPCOM:HPH,0,1,experiment-20261003T113748Z-acb3a2e7,CAFEF_C8_COMPLETE_ONLY_V1,-6.955787666665593,0.8030264530704766
2024-09-30,KBS:UPCOM:HPT,0,1,experiment-20261003T113748Z-acb3a2e7,CAFEF_C8_COMPLETE_ONLY_V1,-6.941754754843827,0.4186911379344292
2024-09-30,KBS:UPCOM:HTM,0,1,experiment-20261003T113748Z-acb3a2e7,CAFEF_C8_COMPLETE_ONLY_V1,-6.955040075986976,-1.12303197327891
2024-09-30,KBS:UPCOM:HWS,0,1,experiment-20261003T113748Z-acb3a2e7,CAFEF_C8_COMPLETE_ONLY_V1,-6.904406706291177,0.9709382758120157
2024-09-30,KBS:UPCOM:ICI,0,1,experiment-20261003T113748Z-acb3a2e7,CAFEF_C8_COMPLETE_ONLY_V1,-6.981159816779665,-2.1019958184130036
2024-09-30,KBS:UPCOM:ICN,0,1,experiment-20261003T113748Z-acb3a2e7,CAFEF_C8_COMPLETE_ONLY_V1,-6.880100265848893,0.9576206610124833
2024-09-30,KBS:UPCOM:IFS,0,1,experiment-20261003T113748Z-acb3a2e7,CAFEF_C8_COMPLETE_ONLY_V1,-6.90121058528265,-0.3975530646791219
2024-09-30,KBS:UPCOM:ILA,0,1,experiment-20261003T113748Z-acb3a2e7,CAFEF_C8_COMPLETE_ONLY_V1,-6.885596961898475,-0.8571116629510246
2024-09-30,KBS:UPCOM:ILC,0,1,experiment-20261003T113748Z-acb3a2e7,CAFEF_C8_COMPLETE_ONLY_V1,-6.9764407463760225,-0.7120182058734615
2024-09-30,KBS:UPCOM:ILS,0,1,experiment-20261003T113748Z-acb3a2e7,CAFEF_C8_COMPLETE_ONLY_V1,-6.955598599839802,1.1161515609168644
2024-09-30,KBS:UPCOM:IST,0,1,experiment-20261003T113748Z-acb3a2e7,CAFEF_C8_COMPLETE_ONLY_V1,-6.94867686831377,2.77026222373778
2024-09-30,KBS:UPCOM:JOS,0,1,experiment-20261003T113748Z-acb3a2e7,CAFEF_C8_COMPLETE_ONLY_V1,-6.942299521553333,2.8146031149247634
2024-09-30,KBS:UPCOM:KHW,0,1,experiment-20261003T113748Z-acb3a2e7,CAFEF_C8_COMPLETE_ONLY_V1,-6.973033088808005,-4.709577509971026
2024-09-30,KBS:UPCOM:KIP,0,1,experiment-20261003T113748Z-acb3a2e7,CAFEF_C8_COMPLETE_ONLY_V1,-6.943443072160698,0.2678994561319671
2024-09-30,KBS:UPCOM:L63,0,1,experiment-20261003T113748Z-acb3a2e7,CAFEF_C8_COMPLETE_ONLY_V1,-6.952708935610841,0.0010089699794845152
2024-09-30,KBS:UPCOM:LAI,0,1,experiment-20261003T113748Z-acb3a2e7,CAFEF_C8_COMPLETE_ONLY_V1,-6.273808063711353,1.1417955621455658
2024-09-30,KBS:UPCOM:LIC,0,1,experiment-20261003T113748Z-acb3a2e7,CAFEF_C8_COMPLETE_ONLY_V1,-6.883594056876846,0.6150284342203599
2024-09-30,KBS:UPCOM:LLM,0,1,experiment-20261003T113748Z-acb3a2e7,CAFEF_C8_COMPLETE_ONLY_V1,-6.944691196210915,2.215966962244847
2024-09-30,KBS:UPCOM:LMI,0,1,experiment-20261003T113748Z-acb3a2e7,CAFEF_C8_COMPLETE_ONLY_V1,-6.946664945760239,-0.10276365767729903
2024-09-30,KBS:UPCOM:LTC,0,1,experiment-20261003T113748Z-acb3a2e7,CAFEF_C8_COMPLETE_ONLY_V1,-6.978072388670761,-2.9537714124201417
2024-09-30,KBS:UPCOM:MDF,0,1,experiment-20261003T113748Z-acb3a2e7,CAFEF_C8_COMPLETE_ONLY_V1,-6.949509116897528,0.04623875869605321
2024-09-30,KBS:UPCOM:MEC,0,1,experiment-20261003T113748Z-acb3a2e7,CAFEF_C8_COMPLETE_ONLY_V1,-6.937663721664662,-0.6816939589761859
2024-09-30,KBS:UPCOM:MFS,0,1,experiment-20261003T113748Z-acb3a2e7,CAFEF_C8_COMPLETE_ONLY_V1,-6.472457645306589,-1.6762554768657099
2024-09-30,KBS:UPCOM:MGC,0,1,experiment-20261003T113748Z-acb3a2e7,CAFEF_C8_COMPLETE_ONLY_V1,-6.910925528231221,1.1081423417041731
2024-09-30,KBS:UPCOM:MGG,0,1,experiment-20261003T113748Z-acb3a2e7,CAFEF_C8_COMPLETE_ONLY_V1,-6.949998147118561,0.22703317045942595
2024-09-30,KBS:UPCOM:MPC,0,1,experiment-20261003T113748Z-acb3a2e7,CAFEF_C8_COMPLETE_ONLY_V1,-6.62613380482858,-1.0988430430162628
2024-09-30,KBS:UPCOM:MSR,0,1,experiment-20261003T113748Z-acb3a2e7,CAFEF_C8_COMPLETE_ONLY_V1,-6.006181231989357,-1.6108866192024218
2024-09-30,KBS:UPCOM:MVN,0,1,experiment-20261003T113748Z-acb3a2e7,CAFEF_C8_COMPLETE_ONLY_V1,-6.864414508198936,0.8745707634740036
2024-09-30,KBS:UPCOM:NAU,0,1,experiment-20261003T113748Z-acb3a2e7,CAFEF_C8_COMPLETE_ONLY_V1,-6.945462730746155,0.8605066017312324
2024-09-30,KBS:UPCOM:NBT,0,1,experiment-20261003T113748Z-acb3a2e7,CAFEF_C8_COMPLETE_ONLY_V1,-6.9291425154815744,1.9894213697378127
2024-09-30,KBS:UPCOM:ND2,0,1,experiment-20261003T113748Z-acb3a2e7,CAFEF_C8_COMPLETE_ONLY_V1,-6.9177167104386195,1.161083889361487
2024-09-30,KBS:UPCOM:NOS,0,1,experiment-20261003T113748Z-acb3a2e7,CAFEF_C8_COMPLETE_ONLY_V1,-6.965455741591515,-1.967360498324405
2024-09-30,KBS:UPCOM:NQN,0,1,experiment-20261003T113748Z-acb3a2e7,CAFEF_C8_COMPLETE_ONLY_V1,-6.950418282203631,-0.4879520559868765
2024-09-30,KBS:UPCOM:NTT,0,1,experiment-20261003T113748Z-acb3a2e7,CAFEF_C8_COMPLETE_ONLY_V1,-6.9483919346421965,0.6680653387747706
2024-09-30,KBS:UPCOM:NTW,0,1,experiment-20261003T113748Z-acb3a2e7,CAFEF_C8_COMPLETE_ONLY_V1,-6.321700441448166,1.8779600162158054
2024-09-30,KBS:UPCOM:NUE,0,1,experiment-20261003T113748Z-acb3a2e7,CAFEF_C8_COMPLETE_ONLY_V1,-6.941646734806162,0.36669756674548293
2024-09-30,KBS:UPCOM:OIL,0,1,experiment-20261003T113748Z-acb3a2e7,CAFEF_C8_COMPLETE_ONLY_V1,2.6335810181427597,-0.30408829201608134
2024-09-30,KBS:UPCOM:PCC,0,1,experiment-20261003T113748Z-acb3a2e7,CAFEF_C8_COMPLETE_ONLY_V1,-6.9374262204488035,2.8764816987043176
2024-09-30,KBS:UPCOM:PCF,0,1,experiment-20261003T113748Z-acb3a2e7,CAFEF_C8_COMPLETE_ONLY_V1,-6.951134231297605,-1.848396673997766
2024-09-30,KBS:UPCOM:PFL,0,1,experiment-20261003T113748Z-acb3a2e7,CAFEF_C8_COMPLETE_ONLY_V1,-6.876845346488655,-2.242733115544456
2024-09-30,KBS:UPCOM:PHP,0,1,experiment-20261003T113748Z-acb3a2e7,CAFEF_C8_COMPLETE_ONLY_V1,-6.391107992944084,-0.25086220477103277
2024-09-30,KBS:UPCOM:PHS,0,1,experiment-20261003T113748Z-acb3a2e7,CAFEF_C8_COMPLETE_ONLY_V1,-6.95515221939558,-1.1618167381332525
2024-09-30,KBS:UPCOM:PVE,0,1,experiment-20261003T113748Z-acb3a2e7,CAFEF_C8_COMPLETE_ONLY_V1,-6.9513976109796,-0.11017522769955358
2024-09-30,KBS:UPCOM:PVL,0,1,experiment-20261003T113748Z-acb3a2e7,CAFEF_C8_COMPLETE_ONLY_V1,-6.830975257072289,2.188715607986751
2024-09-30,KBS:UPCOM:PVX,0,1,experiment-20261003T113748Z-acb3a2e7,CAFEF_C8_COMPLETE_ONLY_V1,-6.770942296930159,-1.4086066607851713
2024-09-30,KBS:UPCOM:PWA,0,1,experiment-20261003T113748Z-acb3a2e7,CAFEF_C8_COMPLETE_ONLY_V1,-6.889009196309541,0.11533607221612147
2024-09-30,KBS:UPCOM:PWS,0,1,experiment-20261003T113748Z-acb3a2e7,CAFEF_C8_COMPLETE_ONLY_V1,-6.942419594140994,-0.004925390767227764
2024-09-30,KBS:UPCOM:PXA,0,1,experiment-20261003T113748Z-acb3a2e7,CAFEF_C8_COMPLETE_ONLY_V1,-6.953224616314258,0.12557935005061668
2024-09-30,KBS:UPCOM:PXI,0,1,experiment-20261003T113748Z-acb3a2e7,CAFEF_C8_COMPLETE_ONLY_V1,-6.917730190675231,-2.455468635662155
2024-09-30,KBS:UPCOM:PXM,0,1,experiment-20261003T113748Z-acb3a2e7,CAFEF_C8_COMPLETE_ONLY_V1,-6.961294461418267,-0.4514873242494721
2024-09-30,KBS:UPCOM:PXS,0,1,experiment-20261003T113748Z-acb3a2e7,CAFEF_C8_COMPLETE_ONLY_V1,-6.915473028303508,-2.6995428250399094
2024-09-30,KBS:UPCOM:QCC,0,1,experiment-20261003T113748Z-acb3a2e7,CAFEF_C8_COMPLETE_ONLY_V1,-6.973681806945094,-4.521030834654047
2024-09-30,KBS:UPCOM:QHW,0,1,experiment-20261003T113748Z-acb3a2e7,CAFEF_C8_COMPLETE_ONLY_V1,-6.935990243206003,0.7550445123761753
2024-09-30,KBS:UPCOM:QNC,0,1,experiment-20261003T113748Z-acb3a2e7,CAFEF_C8_COMPLETE_ONLY_V1,-6.934588999508068,-0.8580454869333883
2024-09-30,KBS:UPCOM:QNS,0,1,experiment-20261003T113748Z-acb3a2e7,CAFEF_C8_COMPLETE_ONLY_V1,-1.8421497965187912,0.15141604480727416
2024-09-30,KBS:UPCOM:QPH,0,1,experiment-20261003T113748Z-acb3a2e7,CAFEF_C8_COMPLETE_ONLY_V1,-6.9403508500108275,0.8578609100774373
2024-09-30,KBS:UPCOM:QSP,0,1,experiment-20261003T113748Z-acb3a2e7,CAFEF_C8_COMPLETE_ONLY_V1,-6.926794612669034,0.718847598943469
2024-09-30,KBS:UPCOM:RIC,0,1,experiment-20261003T113748Z-acb3a2e7,CAFEF_C8_COMPLETE_ONLY_V1,-6.956536593425558,-1.3789651626605295
2024-09-30,KBS:UPCOM:S74,0,1,experiment-20261003T113748Z-acb3a2e7,CAFEF_C8_COMPLETE_ONLY_V1,-6.836919705618967,2.604693283224721
2024-09-30,KBS:UPCOM:SBD,0,1,experiment-20261003T113748Z-acb3a2e7,CAFEF_C8_COMPLETE_ONLY_V1,-6.904952071219277,-1.8111638034374655
2024-09-30,KBS:UPCOM:SBM,0,1,experiment-20261003T113748Z-acb3a2e7,CAFEF_C8_COMPLETE_ONLY_V1,-6.944507951453554,-0.13882152395914213
2024-09-30,KBS:UPCOM:SCJ,0,1,experiment-20261003T113748Z-acb3a2e7,CAFEF_C8_COMPLETE_ONLY_V1,-6.923539365766696,-0.6787046322736175
2024-09-30,KBS:UPCOM:SCL,0,1,experiment-20261003T113748Z-acb3a2e7,CAFEF_C8_COMPLETE_ONLY_V1,-6.795032001048488,-0.639604942141973
2024-09-30,KBS:UPCOM:SD2,0,1,experiment-20261003T113748Z-acb3a2e7,CAFEF_C8_COMPLETE_ONLY_V1,-6.938814374877259,1.795987115407978
2024-09-30,KBS:UPCOM:SD7,0,1,experiment-20261003T113748Z-acb3a2e7,CAFEF_C8_COMPLETE_ONLY_V1,-6.8429333771149174,1.0494863348250134
2024-09-30,KBS:UPCOM:SDP,0,1,experiment-20261003T113748Z-acb3a2e7,CAFEF_C8_COMPLETE_ONLY_V1,-6.951414848196238,-0.2297977706562164
2024-09-30,KBS:UPCOM:SEA,0,1,experiment-20261003T113748Z-acb3a2e7,CAFEF_C8_COMPLETE_ONLY_V1,-6.660501559218804,8.622745779157082
2024-09-30,KBS:UPCOM:SGB,0,1,experiment-20261003T113748Z-acb3a2e7,CAFEF_C8_COMPLETE_ONLY_V1,-6.847670444978292,-0.051842519268392485
2024-09-30,KBS:UPCOM:SGS,0,1,experiment-20261003T113748Z-acb3a2e7,CAFEF_C8_COMPLETE_ONLY_V1,-6.9496651685649375,-0.07481609768731103
2024-09-30,KBS:UPCOM:SID,0,1,experiment-20261003T113748Z-acb3a2e7,CAFEF_C8_COMPLETE_ONLY_V1,-6.811142458498761,0.344496951660486
2024-09-30,KBS:UPCOM:SJG,0,1,experiment-20261003T113748Z-acb3a2e7,CAFEF_C8_COMPLETE_ONLY_V1,-6.957049504234428,1.0347625909851945
2024-09-30,KBS:UPCOM:SKV,0,1,experiment-20261003T113748Z-acb3a2e7,CAFEF_C8_COMPLETE_ONLY_V1,-6.904970831765378,-1.1981513812285036
2024-09-30,KBS:UPCOM:SRB,0,1,experiment-20261003T113748Z-acb3a2e7,CAFEF_C8_COMPLETE_ONLY_V1,-6.958188499453989,-1.6666503077930568
2024-09-30,KBS:UPCOM:SSG,0,1,experiment-20261003T113748Z-acb3a2e7,CAFEF_C8_COMPLETE_ONLY_V1,-6.920354923271768,1.908707283892241
2024-09-30,KBS:UPCOM:SSH,0,1,experiment-20261003T113748Z-acb3a2e7,CAFEF_C8_COMPLETE_ONLY_V1,-5.439748001214473,0.11466024434021062
2024-09-30,KBS:UPCOM:STT,0,1,experiment-20261003T113748Z-acb3a2e7,CAFEF_C8_COMPLETE_ONLY_V1,-6.9494355197388895,-0.5002287652384246
2024-09-30,KBS:UPCOM:SWC,0,1,experiment-20261003T113748Z-acb3a2e7,CAFEF_C8_COMPLETE_ONLY_V1,-6.846427151920391,0.2267886236743655
2024-09-30,KBS:UPCOM:TDB,0,1,experiment-20261003T113748Z-acb3a2e7,CAFEF_C8_COMPLETE_ONLY_V1,-6.901284785784467,0.173189268576835
2024-09-30,KBS:UPCOM:TDS,0,1,experiment-20261003T113748Z-acb3a2e7,CAFEF_C8_COMPLETE_ONLY_V1,-6.91082816352055,-1.1814681965146592
2024-09-30,KBS:UPCOM:TGP,0,1,experiment-20261003T113748Z-acb3a2e7,CAFEF_C8_COMPLETE_ONLY_V1,-6.938948677944022,0.48148748498440863
2024-09-30,KBS:UPCOM:THW,0,1,experiment-20261003T113748Z-acb3a2e7,CAFEF_C8_COMPLETE_ONLY_V1,-6.9337518247436165,3.5466300572814102
2024-09-30,KBS:UPCOM:TIS,0,1,experiment-20261003T113748Z-acb3a2e7,CAFEF_C8_COMPLETE_ONLY_V1,-5.278683412175285,3.578017620914145
2024-09-30,KBS:UPCOM:TLP,0,1,experiment-20261003T113748Z-acb3a2e7,CAFEF_C8_COMPLETE_ONLY_V1,-6.946089197462276,-0.44922122122672564
2024-09-30,KBS:UPCOM:TNW,0,1,experiment-20261003T113748Z-acb3a2e7,CAFEF_C8_COMPLETE_ONLY_V1,-6.944218150729912,2.1651208712660637
2024-09-30,KBS:UPCOM:TOS,0,1,experiment-20261003T113748Z-acb3a2e7,CAFEF_C8_COMPLETE_ONLY_V1,-6.742952403449434,1.32695770162338
2024-09-30,KBS:UPCOM:TOW,0,1,experiment-20261003T113748Z-acb3a2e7,CAFEF_C8_COMPLETE_ONLY_V1,-6.934128685436499,0.9867835206083895
2024-09-30,KBS:UPCOM:TSD,0,1,experiment-20261003T113748Z-acb3a2e7,CAFEF_C8_COMPLETE_ONLY_V1,-6.941349596913572,3.2451310514838254
2024-09-30,KBS:UPCOM:TST,0,1,experiment-20261003T113748Z-acb3a2e7,CAFEF_C8_COMPLETE_ONLY_V1,-6.967780948033705,-2.3900226075735733
2024-09-30,KBS:UPCOM:TTD,0,1,experiment-20261003T113748Z-acb3a2e7,CAFEF_C8_COMPLETE_ONLY_V1,-6.887416040562782,-2.1498788769584696
2024-09-30,KBS:UPCOM:TTG,0,1,experiment-20261003T113748Z-acb3a2e7,CAFEF_C8_COMPLETE_ONLY_V1,-6.939028378081653,1.135330685509848
2024-09-30,KBS:UPCOM:TTS,0,1,experiment-20261003T113748Z-acb3a2e7,CAFEF_C8_COMPLETE_ONLY_V1,-6.974982372849283,-2.8181661885118827
2024-09-30,KBS:UPCOM:TUG,0,1,experiment-20261003T113748Z-acb3a2e7,CAFEF_C8_COMPLETE_ONLY_V1,-6.944289943366516,-0.20209749078644287
2024-09-30,KBS:UPCOM:TV1,0,1,experiment-20261003T113748Z-acb3a2e7,CAFEF_C8_COMPLETE_ONLY_V1,-6.787995873314368,0.2586789533072571
2024-09-30,KBS:UPCOM:TVN,0,1,experiment-20261003T113748Z-acb3a2e7,CAFEF_C8_COMPLETE_ONLY_V1,-5.037645481653919,0.4605160444001715
2024-09-30,KBS:UPCOM:UDC,0,1,experiment-20261003T113748Z-acb3a2e7,CAFEF_C8_COMPLETE_ONLY_V1,-6.915695035383589,-0.9577025053149808
2024-09-30,KBS:UPCOM:USC,0,1,experiment-20261003T113748Z-acb3a2e7,CAFEF_C8_COMPLETE_ONLY_V1,-6.962995619657243,-1.0960434864980044
2024-09-30,KBS:UPCOM:VAV,0,1,experiment-20261003T113748Z-acb3a2e7,CAFEF_C8_COMPLETE_ONLY_V1,-6.934130669669266,1.0949379375959938
2024-09-30,KBS:UPCOM:VCP,0,1,experiment-20261003T113748Z-acb3a2e7,CAFEF_C8_COMPLETE_ONLY_V1,-6.741219585498433,-0.5183136018286102
2024-09-30,KBS:UPCOM:VCR,0,1,experiment-20261003T113748Z-acb3a2e7,CAFEF_C8_COMPLETE_ONLY_V1,-6.828994756003989,0.23093382968903473
2024-09-30,KBS:UPCOM:VDN,0,1,experiment-20261003T113748Z-acb3a2e7,CAFEF_C8_COMPLETE_ONLY_V1,-6.950525929253809,0.1476124114964009
2024-09-30,KBS:UPCOM:VEA,0,1,experiment-20261003T113748Z-acb3a2e7,CAFEF_C8_COMPLETE_ONLY_V1,3.586206818753961,0.8890952535748792
2024-09-30,KBS:UPCOM:VGG,0,1,experiment-20261003T113748Z-acb3a2e7,CAFEF_C8_COMPLETE_ONLY_V1,-6.88574216411183,0.864633948792386
2024-09-30,KBS:UPCOM:VGI,0,1,experiment-20261003T113748Z-acb3a2e7,CAFEF_C8_COMPLETE_ONLY_V1,13.099613134817256,1.2218786707863623
2024-09-30,KBS:UPCOM:VGT,0,1,experiment-20261003T113748Z-acb3a2e7,CAFEF_C8_COMPLETE_ONLY_V1,-0.5225201832109712,0.08324904661327888
2024-09-30,KBS:UPCOM:VHG,0,1,experiment-20261003T113748Z-acb3a2e7,CAFEF_C8_COMPLETE_ONLY_V1,-6.4290872803122125,-1.8285785272832538
2024-09-30,KBS:UPCOM:VIM,0,1,experiment-20261003T113748Z-acb3a2e7,CAFEF_C8_COMPLETE_ONLY_V1,-6.953786982594158,-0.6837200304986688
2024-09-30,KBS:UPCOM:VIN,0,1,experiment-20261003T113748Z-acb3a2e7,CAFEF_C8_COMPLETE_ONLY_V1,-6.94719507557174,0.12282339186230708
2024-09-30,KBS:UPCOM:VIW,0,1,experiment-20261003T113748Z-acb3a2e7,CAFEF_C8_COMPLETE_ONLY_V1,-6.94950236943534,-1.0005282535892541
2024-09-30,KBS:UPCOM:VKC,0,1,experiment-20261003T113748Z-acb3a2e7,CAFEF_C8_COMPLETE_ONLY_V1,-6.93845111629993,-0.18389423763462825
2024-09-30,KBS:UPCOM:VLG,0,1,experiment-20261003T113748Z-acb3a2e7,CAFEF_C8_COMPLETE_ONLY_V1,-6.910578218183304,1.0166368154645296
2024-09-30,KBS:UPCOM:VLW,0,1,experiment-20261003T113748Z-acb3a2e7,CAFEF_C8_COMPLETE_ONLY_V1,-6.9441520311133935,2.5275206633774543
2024-09-30,KBS:UPCOM:VNB,0,1,experiment-20261003T113748Z-acb3a2e7,CAFEF_C8_COMPLETE_ONLY_V1,-6.7799555231975575,-1.3996517965964845
2024-09-30,KBS:UPCOM:VPR,0,1,experiment-20261003T113748Z-acb3a2e7,CAFEF_C8_COMPLETE_ONLY_V1,-6.945106758821202,-0.3006813160150301
2024-09-30,KBS:UPCOM:VSE,0,1,experiment-20261003T113748Z-acb3a2e7,CAFEF_C8_COMPLETE_ONLY_V1,-6.931384498612325,-0.2977166489084211
2024-09-30,KBS:UPCOM:VST,0,1,experiment-20261003T113748Z-acb3a2e7,CAFEF_C8_COMPLETE_ONLY_V1,-6.9344834572709715,0.4612543056655892
2024-09-30,KBS:UPCOM:VTK,0,1,experiment-20261003T113748Z-acb3a2e7,CAFEF_C8_COMPLETE_ONLY_V1,-6.588536619701303,1.5137253051800763
2024-09-30,KBS:UPCOM:VW3,0,1,experiment-20261003T113748Z-acb3a2e7,CAFEF_C8_COMPLETE_ONLY_V1,-6.95302672091729,-0.4487435849557561
2024-09-30,KBS:UPCOM:WSB,0,1,experiment-20261003T113748Z-acb3a2e7,CAFEF_C8_COMPLETE_ONLY_V1,-6.881734843833172,0.4054850661325528
2024-09-30,KBS:UPCOM:XMC,0,1,experiment-20261003T113748Z-acb3a2e7,CAFEF_C8_COMPLETE_ONLY_V1,-6.922810489159304,-0.4465938905771684
2024-09-30,KBS:UPCOM:XMP,0,1,experiment-20261003T113748Z-acb3a2e7,CAFEF_C8_COMPLETE_ONLY_V1,-6.454552345587714,-1.9735196543494355
2024-10-31,KBS:HNX:CST,0,1,experiment-20261003T113748Z-acb3a2e7,CAFEF_C8_COMPLETE_ONLY_V1,-6.564412770299379,-1.2251437976644037
2024-10-31,KBS:HNX:MIC,0,1,experiment-20261003T113748Z-acb3a2e7,CAFEF_C8_COMPLETE_ONLY_V1,-7.1229086689849535,-1.3953227274188738
2024-10-31,KBS:HOSE:AAM,0,1,experiment-20261003T113748Z-acb3a2e7,CAFEF_C8_COMPLETE_ONLY_V1,-7.082619163280005,-2.3808989942162904
2024-10-31,KBS:HOSE:AAT,0,1,experiment-20261003T113748Z-acb3a2e7,CAFEF_C8_COMPLETE_ONLY_V1,-7.050387479344743,-1.3671648241941892
2024-10-31,KBS:HOSE:ABR,0,1,experiment-20261003T113748Z-acb3a2e7,CAFEF_C8_COMPLETE_ONLY_V1,-7.058758272043514,1.806722609066798
2024-10-31,KBS:HOSE:ABS,0,1,experiment-20261003T113748Z-acb3a2e7,CAFEF_C8_COMPLETE_ONLY_V1,-6.813302043218224,-2.720350772840717
2024-10-31,KBS:HOSE:ABT,0,1,experiment-20261003T113748Z-acb3a2e7,CAFEF_C8_COMPLETE_ONLY_V1,-7.089169949739798,0.46933464263922625
2024-10-31,KBS:HOSE:ACC,0,1,experiment-20261003T113748Z-acb3a2e7,CAFEF_C8_COMPLETE_ONLY_V1,-6.638902848201849,-0.07068431162596699
2024-10-31,KBS:HOSE:ACG,0,1,experiment-20261003T113748Z-acb3a2e7,CAFEF_C8_COMPLETE_ONLY_V1,-6.917618172319635,-0.018436890147254234
2024-10-31,KBS:HOSE:ACL,0,1,experiment-20261003T113748Z-acb3a2e7,CAFEF_C8_COMPLETE_ONLY_V1,-7.0528947987286985,-0.3520793196934809
2024-10-31,KBS:HOSE:ADG,0,1,experiment-20261003T113748Z-acb3a2e7,CAFEF_C8_COMPLETE_ONLY_V1,-7.10932561606997,-3.262334549243166
2024-10-31,KBS:HOSE:ADP,0,1,experiment-20261003T113748Z-acb3a2e7,CAFEF_C8_COMPLETE_ONLY_V1,-7.040269297687744,-0.04036452470626849
2024-10-31,KBS:HOSE:ADS,0,1,experiment-20261003T113748Z-acb3a2e7,CAFEF_C8_COMPLETE_ONLY_V1,-6.57080920346468,-1.8363802264288323
2024-10-31,KBS:HOSE:AFX,0,1,experiment-20261003T113748Z-acb3a2e7,CAFEF_C8_COMPLETE_ONLY_V1,-6.947716638203332,-1.318926502167936
2024-10-31,KBS:HOSE:AGG,0,1,experiment-20261003T113748Z-acb3a2e7,CAFEF_C8_COMPLETE_ONLY_V1,2.0834581805746435,-1.7501643005005698
2024-10-31,KBS:HOSE:AGR,0,1,experiment-20261003T113748Z-acb3a2e7,CAFEF_C8_COMPLETE_ONLY_V1,-1.199775479319335,0.24405311411356573
2024-10-31,KBS:HOSE:ANT,0,1,experiment-20261003T113748Z-acb3a2e7,CAFEF_C8_COMPLETE_ONLY_V1,-6.907612095564438,5.0183696720135185
2024-10-31,KBS:HOSE:ANV,0,1,experiment-20261003T113748Z-acb3a2e7,CAFEF_C8_COMPLETE_ONLY_V1,2.613560344875373,0.4648877468175647
2024-10-31,KBS:HOSE:APG,0,1,experiment-20261003T113748Z-acb3a2e7,CAFEF_C8_COMPLETE_ONLY_V1,-6.0985246006943505,-1.920769055173788
2024-10-31,KBS:HOSE:APH,0,1,experiment-20261003T113748Z-acb3a2e7,CAFEF_C8_COMPLETE_ONLY_V1,-5.50918969057172,-2.3508466669169152
2024-10-31,KBS:HOSE:ASM,0,1,experiment-20261003T113748Z-acb3a2e7,CAFEF_C8_COMPLETE_ONLY_V1,-4.818062108897366,-1.128850257051379
2024-10-31,KBS:HOSE:ASP,0,1,experiment-20261003T113748Z-acb3a2e7,CAFEF_C8_COMPLETE_ONLY_V1,-7.054912910419038,-0.6736481053802982
2024-10-31,KBS:HOSE:AST,0,1,experiment-20261003T113748Z-acb3a2e7,CAFEF_C8_COMPLETE_ONLY_V1,-6.966277960110244,-1.108057647160374
2024-10-31,KBS:HOSE:BCE,0,1,experiment-20261003T113748Z-acb3a2e7,CAFEF_C8_COMPLETE_ONLY_V1,-7.057001503166285,0.1703408908864174
2024-10-31,KBS:HOSE:BCM,0,1,experiment-20261003T113748Z-acb3a2e7,CAFEF_C8_COMPLETE_ONLY_V1,0.388885975418789,-0.04330439077065345
2024-10-31,KBS:HOSE:BFC,0,1,experiment-20261003T113748Z-acb3a2e7,CAFEF_C8_COMPLETE_ONLY_V1,0.9309293914498162,0.4791368705915707
2024-10-31,KBS:HOSE:BHN,0,1,experiment-20261003T113748Z-acb3a2e7,CAFEF_C8_COMPLETE_ONLY_V1,-7.097216476162999,0.5779779469122512
2024-10-31,KBS:HOSE:BIC,0,1,experiment-20261003T113748Z-acb3a2e7,CAFEF_C8_COMPLETE_ONLY_V1,-6.41704525430201,0.5466039157853171
2024-10-31,KBS:HOSE:BKG,0,1,experiment-20261003T113748Z-acb3a2e7,CAFEF_C8_COMPLETE_ONLY_V1,-7.026827534349529,-1.3992782273081146
2024-10-31,KBS:HOSE:BMI,0,1,experiment-20261003T113748Z-acb3a2e7,CAFEF_C8_COMPLETE_ONLY_V1,-6.333256392156812,-0.11778605485351401
2024-10-31,KBS:HOSE:BRC,0,1,experiment-20261003T113748Z-acb3a2e7,CAFEF_C8_COMPLETE_ONLY_V1,-7.05013267558797,0.4312229944543203
2024-10-31,KBS:HOSE:BSI,0,1,experiment-20261003T113748Z-acb3a2e7,CAFEF_C8_COMPLETE_ONLY_V1,7.655145391884279,0.061096412712741875
2024-10-31,KBS:HOSE:BSR,0,1,experiment-20261003T113748Z-acb3a2e7,CAFEF_C8_COMPLETE_ONLY_V1,44.75552187251124,-0.9603845563684204
2024-10-31,KBS:HOSE:BTP,0,1,experiment-20261003T113748Z-acb3a2e7,CAFEF_C8_COMPLETE_ONLY_V1,-6.972251817124451,-0.987561463123292
2024-10-31,KBS:HOSE:BVH,0,1,experiment-20261003T113748Z-acb3a2e7,CAFEF_C8_COMPLETE_ONLY_V1,-0.6852813287553764,0.012376133686058947
2024-10-31,KBS:HOSE:C32,0,1,experiment-20261003T113748Z-acb3a2e7,CAFEF_C8_COMPLETE_ONLY_V1,-7.013997962254472,0.23997737560447807
2024-10-31,KBS:HOSE:CCI,0,1,experiment-20261003T113748Z-acb3a2e7,CAFEF_C8_COMPLETE_ONLY_V1,-7.078480928962896,-0.3309980095964361
2024-10-31,KBS:HOSE:CCL,0,1,experiment-20261003T113748Z-acb3a2e7,CAFEF_C8_COMPLETE_ONLY_V1,-5.99321954252334,-0.9450434118026046
2024-10-31,KBS:HOSE:CDC,0,1,experiment-20261003T113748Z-acb3a2e7,CAFEF_C8_COMPLETE_ONLY_V1,-3.9706407842187548,-0.9591858423172877
2024-10-31,KBS:HOSE:CHP,0,1,experiment-20261003T113748Z-acb3a2e7,CAFEF_C8_COMPLETE_ONLY_V1,-6.889432106740737,0.7726870908944831
2024-10-31,KBS:HOSE:CIG,0,1,experiment-20261003T113748Z-acb3a2e7,CAFEF_C8_COMPLETE_ONLY_V1,-5.907304715313288,6.90830764839159
2024-10-31,KBS:HOSE:CII,0,1,experiment-20261003T113748Z-acb3a2e7,CAFEF_C8_COMPLETE_ONLY_V1,16.990590312424548,-0.2528902027960435
2024-10-31,KBS:HOSE:CKG,0,1,experiment-20261003T113748Z-acb3a2e7,CAFEF_C8_COMPLETE_ONLY_V1,-4.543708670260106,1.092181102194152
2024-10-31,KBS:HOSE:CLC,0,1,experiment-20261003T113748Z-acb3a2e7,CAFEF_C8_COMPLETE_ONLY_V1,-6.9894764279416535,2.07694851895849
2024-10-31,KBS:HOSE:CLW,0,1,experiment-20261003T113748Z-acb3a2e7,CAFEF_C8_COMPLETE_ONLY_V1,-7.0629522371836835,0.4731228572849152
2024-10-31,KBS:HOSE:CMV,0,1,experiment-20261003T113748Z-acb3a2e7,CAFEF_C8_COMPLETE_ONLY_V1,-7.081139704005383,-1.073140158134614
2024-10-31,KBS:HOSE:CMX,0,1,experiment-20261003T113748Z-acb3a2e7,CAFEF_C8_COMPLETE_ONLY_V1,-6.4491573888418925,-1.141177767991177
2024-10-31,KBS:HOSE:CNG,0,1,experiment-20261003T113748Z-acb3a2e7,CAFEF_C8_COMPLETE_ONLY_V1,-4.255430616207511,-0.8471297913786554
2024-10-31,KBS:HOSE:COM,0,1,experiment-20261003T113748Z-acb3a2e7,CAFEF_C8_COMPLETE_ONLY_V1,-7.112174144848078,0.11643794288257281
2024-10-31,KBS:HOSE:CRC,0,1,experiment-20261003T113748Z-acb3a2e7,CAFEF_C8_COMPLETE_ONLY_V1,-6.5187882800446415,0.2563244393743023
2024-10-31,KBS:HOSE:CRE,0,1,experiment-20261003T113748Z-acb3a2e7,CAFEF_C8_COMPLETE_ONLY_V1,-6.6568369090346495,-0.37187000330757064
2024-10-31,KBS:HOSE:CSV,0,1,experiment-20261003T113748Z-acb3a2e7,CAFEF_C8_COMPLETE_ONLY_V1,12.957151441152648,1.940282631584618
2024-10-31,KBS:HOSE:CTD,0,1,experiment-20261003T113748Z-acb3a2e7,CAFEF_C8_COMPLETE_ONLY_V1,15.344931700768358,0.8027726466799562
2024-10-31,KBS:HOSE:CTF,0,1,experiment-20261003T113748Z-acb3a2e7,CAFEF_C8_COMPLETE_ONLY_V1,-2.3207067520149147,-0.2969708221135647
2024-10-31,KBS:HOSE:CTI,0,1,experiment-20261003T113748Z-acb3a2e7,CAFEF_C8_COMPLETE_ONLY_V1,-5.43145386553027,0.35313727822883867
2024-10-31,KBS:HOSE:CTR,0,1,experiment-20261003T113748Z-acb3a2e7,CAFEF_C8_COMPLETE_ONLY_V1,14.537408838033457,0.5935362834351587
2024-10-31,KBS:HOSE:CTS,0,1,experiment-20261003T113748Z-acb3a2e7,CAFEF_C8_COMPLETE_ONLY_V1,10.420429929524293,0.26459052297810554
2024-10-31,KBS:HOSE:CVT,0,1,experiment-20261003T113748Z-acb3a2e7,CAFEF_C8_COMPLETE_ONLY_V1,-7.104758357715983,-0.21604442215234126
2024-10-31,KBS:HOSE:D2D,0,1,experiment-20261003T113748Z-acb3a2e7,CAFEF_C8_COMPLETE_ONLY_V1,-3.6614332373319463,-1.5743372797329263
2024-10-31,KBS:HOSE:DAH,0,1,experiment-20261003T113748Z-acb3a2e7,CAFEF_C8_COMPLETE_ONLY_V1,-7.043202479748999,-1.885458647818184
2024-10-31,KBS:HOSE:DBC,0,1,experiment-20261003T113748Z-acb3a2e7,CAFEF_C8_COMPLETE_ONLY_V1,65.98268379500158,0.09262095140778197
2024-10-31,KBS:HOSE:DBD,0,1,experiment-20261003T113748Z-acb3a2e7,CAFEF_C8_COMPLETE_ONLY_V1,1.9345283098623096,1.7876981456591499
2024-10-31,KBS:HOSE:DC4,0,1,experiment-20261003T113748Z-acb3a2e7,CAFEF_C8_COMPLETE_ONLY_V1,-6.102380858742811,1.7884464773951532
2024-10-31,KBS:HOSE:DCL,0,1,experiment-20261003T113748Z-acb3a2e7,CAFEF_C8_COMPLETE_ONLY_V1,-2.134924603043016,0.5107194245356835
2024-10-31,KBS:HOSE:DCM,0,1,experiment-20261003T113748Z-acb3a2e7,CAFEF_C8_COMPLETE_ONLY_V1,33.658200869890294,0.40221935679869547
2024-10-31,KBS:HOSE:DGC,0,1,experiment-20261003T113748Z-acb3a2e7,CAFEF_C8_COMPLETE_ONLY_V1,71.92784140294295,-0.36571309492569926
2024-10-31,KBS:HOSE:DGW,0,1,experiment-20261003T113748Z-acb3a2e7,CAFEF_C8_COMPLETE_ONLY_V1,12.810738752181035,-0.9042708437221474
2024-10-31,KBS:HOSE:DHA,0,1,experiment-20261003T113748Z-acb3a2e7,CAFEF_C8_COMPLETE_ONLY_V1,-6.2339162693760635,-0.2990637712722339
2024-10-31,KBS:HOSE:DHC,0,1,experiment-20261003T113748Z-acb3a2e7,CAFEF_C8_COMPLETE_ONLY_V1,-4.529675554088182,-1.1228591522235776
2024-10-31,KBS:HOSE:DLG,0,1,experiment-20261003T113748Z-acb3a2e7,CAFEF_C8_COMPLETE_ONLY_V1,-6.172317526102372,0.2818287522706982
2024-10-31,KBS:HOSE:DMC,0,1,experiment-20261003T113748Z-acb3a2e7,CAFEF_C8_COMPLETE_ONLY_V1,-7.079689760233303,0.05225845646111281
2024-10-31,KBS:HOSE:DPG,0,1,experiment-20261003T113748Z-acb3a2e7,CAFEF_C8_COMPLETE_ONLY_V1,17.099525396010087,-0.2124832594955979
2024-10-31,KBS:HOSE:DQC,0,1,experiment-20261003T113748Z-acb3a2e7,CAFEF_C8_COMPLETE_ONLY_V1,-7.076440309067515,-1.0787470004746322
2024-10-31,KBS:HOSE:DRC,0,1,experiment-20261003T113748Z-acb3a2e7,CAFEF_C8_COMPLETE_ONLY_V1,1.525592941361525,-1.6605412286813044
2024-10-31,KBS:HOSE:DSN,0,1,experiment-20261003T113748Z-acb3a2e7,CAFEF_C8_COMPLETE_ONLY_V1,-6.970384050628046,0.05151756150954691
2024-10-31,KBS:HOSE:DTA,0,1,experiment-20261003T113748Z-acb3a2e7,CAFEF_C8_COMPLETE_ONLY_V1,-7.1089468117410455,-1.5773272072587645
2024-10-31,KBS:HOSE:DTL,0,1,experiment-20261003T113748Z-acb3a2e7,CAFEF_C8_COMPLETE_ONLY_V1,-6.991490751695955,-0.3003933946532422
2024-10-31,KBS:HOSE:DTT,0,1,experiment-20261003T113748Z-acb3a2e7,CAFEF_C8_COMPLETE_ONLY_V1,-7.12130496355685,0.09898412108149168
2024-10-31,KBS:HOSE:DVP,0,1,experiment-20261003T113748Z-acb3a2e7,CAFEF_C8_COMPLETE_ONLY_V1,-6.802236729209467,1.047937125713006
2024-10-31,KBS:HOSE:DXG,1,0,experiment-20261003T113748Z-acb3a2e7,CAFEF_C8_COMPLETE_ONLY_V1,98.31906897870653,0.9205726823597876
2024-10-31,KBS:HOSE:DXS,0,1,experiment-20261003T113748Z-acb3a2e7,CAFEF_C8_COMPLETE_ONLY_V1,-5.7431822668668016,-0.6786675072785413
2024-10-31,KBS:HOSE:DXV,0,1,experiment-20261003T113748Z-acb3a2e7,CAFEF_C8_COMPLETE_ONLY_V1,-7.106669908557885,-1.9818412149476332
2024-10-31,KBS:HOSE:EIB,1,0,experiment-20261003T113748Z-acb3a2e7,CAFEF_C8_COMPLETE_ONLY_V1,176.245298525792,1.1174062725995728
2024-10-31,KBS:HOSE:EVE,0,1,experiment-20261003T113748Z-acb3a2e7,CAFEF_C8_COMPLETE_ONLY_V1,-6.534883146383256,-1.7756369097302311
2024-10-31,KBS:HOSE:EVF,0,1,experiment-20261003T113748Z-acb3a2e7,CAFEF_C8_COMPLETE_ONLY_V1,15.693967965795117,-0.9136137355642496
2024-10-31,KBS:HOSE:EVG,0,1,experiment-20261003T113748Z-acb3a2e7,CAFEF_C8_COMPLETE_ONLY_V1,-3.80734257180942,0.6966020706261445
2024-10-31,KBS:HOSE:FCM,0,1,experiment-20261003T113748Z-acb3a2e7,CAFEF_C8_COMPLETE_ONLY_V1,-7.0888782455522525,-1.0701627639202842
2024-10-31,KBS:HOSE:FCN,0,1,experiment-20261003T113748Z-acb3a2e7,CAFEF_C8_COMPLETE_ONLY_V1,-5.698866306996181,-0.4542441867140894
2024-10-31,KBS:HOSE:FDC,0,1,experiment-20261003T113748Z-acb3a2e7,CAFEF_C8_COMPLETE_ONLY_V1,-4.432553964812285,3.15763932139209
2024-10-31,KBS:HOSE:FIR,0,1,experiment-20261003T113748Z-acb3a2e7,CAFEF_C8_COMPLETE_ONLY_V1,-6.471902013621533,-2.8319025543818683
2024-10-31,KBS:HOSE:FIT,0,1,experiment-20261003T113748Z-acb3a2e7,CAFEF_C8_COMPLETE_ONLY_V1,-6.238685191005444,0.00831418878872263
2024-10-31,KBS:HOSE:FMC,0,1,experiment-20261003T113748Z-acb3a2e7,CAFEF_C8_COMPLETE_ONLY_V1,-6.32874427497121,-0.6435963557729522
2024-10-31,KBS:HOSE:FPT,1,0,experiment-20261003T113748Z-acb3a2e7,CAFEF_C8_COMPLETE_ONLY_V1,179.63656076499424,0.8317991534267605
2024-10-31,KBS:HOSE:FRT,0,1,experiment-20261003T113748Z-acb3a2e7,CAFEF_C8_COMPLETE_ONLY_V1,20.884118844019714,0.6517361806586753
2024-10-31,KBS:HOSE:FTS,0,1,experiment-20261003T113748Z-acb3a2e7,CAFEF_C8_COMPLETE_ONLY_V1,25.11147478445735,0.34375644062494126
2024-10-31,KBS:HOSE:GAS,0,1,experiment-20261003T113748Z-acb3a2e7,CAFEF_C8_COMPLETE_ONLY_V1,10.819740055540008,-0.5091230451154625
2024-10-31,KBS:HOSE:GDT,0,1,experiment-20261003T113748Z-acb3a2e7,CAFEF_C8_COMPLETE_ONLY_V1,-6.905477799186484,0.5442697726216059
2024-10-31,KBS:HOSE:GEG,0,1,experiment-20261003T113748Z-acb3a2e7,CAFEF_C8_COMPLETE_ONLY_V1,-4.83323744394014,-1.444243500265321
2024-10-31,KBS:HOSE:GHC,0,1,experiment-20261003T113748Z-acb3a2e7,CAFEF_C8_COMPLETE_ONLY_V1,-6.736716527363464,1.1634154550848652
2024-10-31,KBS:HOSE:GIL,0,1,experiment-20261003T113748Z-acb3a2e7,CAFEF_C8_COMPLETE_ONLY_V1,-4.776233821413656,-0.7616785130201386
2024-10-31,KBS:HOSE:GMD,0,1,experiment-20261003T113748Z-acb3a2e7,CAFEF_C8_COMPLETE_ONLY_V1,24.634005813076072,-0.46440321407725116
2024-10-31,KBS:HOSE:GTA,0,1,experiment-20261003T113748Z-acb3a2e7,CAFEF_C8_COMPLETE_ONLY_V1,-7.108836538160118,-0.3300024331640831
2024-10-31,KBS:HOSE:HAG,0,1,experiment-20261003T113748Z-acb3a2e7,CAFEF_C8_COMPLETE_ONLY_V1,18.335967914101502,-1.5003409147504374
2024-10-31,KBS:HOSE:HAP,0,1,experiment-20261003T113748Z-acb3a2e7,CAFEF_C8_COMPLETE_ONLY_V1,-6.9877532135467595,-0.33222005625296713
2024-10-31,KBS:HOSE:HAR,0,1,experiment-20261003T113748Z-acb3a2e7,CAFEF_C8_COMPLETE_ONLY_V1,-6.737223463526649,-1.126704373223634
2024-10-31,KBS:HOSE:HAS,0,1,experiment-20261003T113748Z-acb3a2e7,CAFEF_C8_COMPLETE_ONLY_V1,-7.114787440199153,-1.5533552965043027
2024-10-31,KBS:HOSE:HAX,0,1,experiment-20261003T113748Z-acb3a2e7,CAFEF_C8_COMPLETE_ONLY_V1,-2.094222290368888,1.6079766085229494
2024-10-31,KBS:HOSE:HCD,0,1,experiment-20261003T113748Z-acb3a2e7,CAFEF_C8_COMPLETE_ONLY_V1,-6.669656676612046,-2.1955339011087807
2024-10-31,KBS:HOSE:HCM,1,0,experiment-20261003T113748Z-acb3a2e7,CAFEF_C8_COMPLETE_ONLY_V1,109.24011577792187,0.3144620149680773
2024-10-31,KBS:HOSE:HDC,0,1,experiment-20261003T113748Z-acb3a2e7,CAFEF_C8_COMPLETE_ONLY_V1,27.73639468125889,0.1710579496325332
2024-10-31,KBS:HOSE:HDG,0,1,experiment-20261003T113748Z-acb3a2e7,CAFEF_C8_COMPLETE_ONLY_V1,16.91988548386298,-0.4407252591630039
2024-10-31,KBS:HOSE:HHP,0,1,experiment-20261003T113748Z-acb3a2e7,CAFEF_C8_COMPLETE_ONLY_V1,-6.110456568785033,-0.44344665833496305
2024-10-31,KBS:HOSE:HHV,0,1,experiment-20261003T113748Z-acb3a2e7,CAFEF_C8_COMPLETE_ONLY_V1,12.131074793148969,-0.5073402645930122
2024-10-31,KBS:HOSE:HID,0,1,experiment-20261003T113748Z-acb3a2e7,CAFEF_C8_COMPLETE_ONLY_V1,-7.037113992212356,-1.4563038755046753
2024-10-31,KBS:HOSE:HII,0,1,experiment-20261003T113748Z-acb3a2e7,CAFEF_C8_COMPLETE_ONLY_V1,-7.000288976328092,-2.3620805392372124
2024-10-31,KBS:HOSE:HMC,0,1,experiment-20261003T113748Z-acb3a2e7,CAFEF_C8_COMPLETE_ONLY_V1,-6.982421365571584,-0.19855511788327887
2024-10-31,KBS:HOSE:HQC,0,1,experiment-20261003T113748Z-acb3a2e7,CAFEF_C8_COMPLETE_ONLY_V1,-4.482900411290515,-1.3148641465188107
2024-10-31,KBS:HOSE:HRC,0,1,experiment-20261003T113748Z-acb3a2e7,CAFEF_C8_COMPLETE_ONLY_V1,-7.122369543694708,-3.1009851767770757
2024-10-31,KBS:HOSE:HSG,0,1,experiment-20261003T113748Z-acb3a2e7,CAFEF_C8_COMPLETE_ONLY_V1,66.11384955325755,-0.8828252427054449
2024-10-31,KBS:HOSE:HSL,0,1,experiment-20261003T113748Z-acb3a2e7,CAFEF_C8_COMPLETE_ONLY_V1,-6.969001996268525,-1.3148707580954873
2024-10-31,KBS:HOSE:HTI,0,1,experiment-20261003T113748Z-acb3a2e7,CAFEF_C8_COMPLETE_ONLY_V1,-7.045914575683121,0.022807677256058822
2024-10-31,KBS:HOSE:HTL,0,1,experiment-20261003T113748Z-acb3a2e7,CAFEF_C8_COMPLETE_ONLY_V1,-6.866566397180822,8.661071737455185
2024-10-31,KBS:HOSE:HTN,0,1,experiment-20261003T113748Z-acb3a2e7,CAFEF_C8_COMPLETE_ONLY_V1,-5.882654710655438,-3.923054523187861
2024-10-31,KBS:HOSE:HTV,0,1,experiment-20261003T113748Z-acb3a2e7,CAFEF_C8_COMPLETE_ONLY_V1,-7.10740454833259,0.2783828864473768
2024-10-31,KBS:HOSE:HU1,0,1,experiment-20261003T113748Z-acb3a2e7,CAFEF_C8_COMPLETE_ONLY_V1,-7.1190142698672565,-1.0157459858048346
2024-10-31,KBS:HOSE:HUB,0,1,experiment-20261003T113748Z-acb3a2e7,CAFEF_C8_COMPLETE_ONLY_V1,-6.945127711009098,0.13618558231176564
2024-10-31,KBS:HOSE:HVN,0,1,experiment-20261003T113748Z-acb3a2e7,CAFEF_C8_COMPLETE_ONLY_V1,8.064979731953253,2.595846044262238
2024-10-31,KBS:HOSE:ICT,0,1,experiment-20261003T113748Z-acb3a2e7,CAFEF_C8_COMPLETE_ONLY_V1,-6.936287011490399,0.5985418197230568
2024-10-31,KBS:HOSE:IJC,0,1,experiment-20261003T113748Z-acb3a2e7,CAFEF_C8_COMPLETE_ONLY_V1,-0.16677585973040318,-0.17236440620535853
2024-10-31,KBS:HOSE:ILB,0,1,experiment-20261003T113748Z-acb3a2e7,CAFEF_C8_COMPLETE_ONLY_V1,-7.054573517474587,0.14194408652557486
2024-10-31,KBS:HOSE:ITC,0,1,experiment-20261003T113748Z-acb3a2e7,CAFEF_C8_COMPLETE_ONLY_V1,-6.336563878705769,-0.02668238639718532
2024-10-31,KBS:HOSE:ITD,0,1,experiment-20261003T113748Z-acb3a2e7,CAFEF_C8_COMPLETE_ONLY_V1,-6.357345495060535,2.1338012715335277
2024-10-31,KBS:HOSE:JVC,0,1,experiment-20261003T113748Z-acb3a2e7,CAFEF_C8_COMPLETE_ONLY_V1,-6.814051484921607,-0.18846556693517635
2024-10-31,KBS:HOSE:KBC,0,1,experiment-20261003T113748Z-acb3a2e7,CAFEF_C8_COMPLETE_ONLY_V1,31.103545557548905,-1.0474303297409093
2024-10-31,KBS:HOSE:KDC,0,1,experiment-20261003T113748Z-acb3a2e7,CAFEF_C8_COMPLETE_ONLY_V1,21.29952720865533,-1.0286791553587473
2024-10-31,KBS:HOSE:KDH,0,1,experiment-20261003T113748Z-acb3a2e7,CAFEF_C8_COMPLETE_ONLY_V1,36.54011856202285,-0.18181739726790408
2024-10-31,KBS:HOSE:KHG,0,1,experiment-20261003T113748Z-acb3a2e7,CAFEF_C8_COMPLETE_ONLY_V1,-1.4301699871493332,-0.2566561728142837
2024-10-31,KBS:HOSE:KHP,0,1,experiment-20261003T113748Z-acb3a2e7,CAFEF_C8_COMPLETE_ONLY_V1,-5.94934525870126,4.512937297424325
2024-10-31,KBS:HOSE:KLB,0,1,experiment-20261003T113748Z-acb3a2e7,CAFEF_C8_COMPLETE_ONLY_V1,-5.73677036508934,-0.7268475330204682
2024-10-31,KBS:HOSE:KMR,0,1,experiment-20261003T113748Z-acb3a2e7,CAFEF_C8_COMPLETE_ONLY_V1,-7.089302692674173,-0.8132603447265134
2024-10-31,KBS:HOSE:KOS,0,1,experiment-20261003T113748Z-acb3a2e7,CAFEF_C8_COMPLETE_ONLY_V1,0.14983811412919257,0.04668528704437958
2024-10-31,KBS:HOSE:KSB,0,1,experiment-20261003T113748Z-acb3a2e7,CAFEF_C8_COMPLETE_ONLY_V1,-0.4884703010068218,-0.7950550538398058
2024-10-31,KBS:HOSE:L10,0,1,experiment-20261003T113748Z-acb3a2e7,CAFEF_C8_COMPLETE_ONLY_V1,-7.100748755996427,0.9715072552389804
2024-10-31,KBS:HOSE:LAF,0,1,experiment-20261003T113748Z-acb3a2e7,CAFEF_C8_COMPLETE_ONLY_V1,-6.996880016092103,1.8587608808763945
2024-10-31,KBS:HOSE:LBM,0,1,experiment-20261003T113748Z-acb3a2e7,CAFEF_C8_COMPLETE_ONLY_V1,-6.900055778856957,0.5580820020064802
2024-10-31,KBS:HOSE:LCG,0,1,experiment-20261003T113748Z-acb3a2e7,CAFEF_C8_COMPLETE_ONLY_V1,-0.6340676962219788,-0.5554595547236152
2024-10-31,KBS:HOSE:LDG,0,1,experiment-20261003T113748Z-acb3a2e7,CAFEF_C8_COMPLETE_ONLY_V1,-6.134197018742884,-2.2663702435176627
2024-10-31,KBS:HOSE:LGL,0,1,experiment-20261003T113748Z-acb3a2e7,CAFEF_C8_COMPLETE_ONLY_V1,-7.089250307185928,-1.6337038650182647
2024-10-31,KBS:HOSE:LHG,0,1,experiment-20261003T113748Z-acb3a2e7,CAFEF_C8_COMPLETE_ONLY_V1,-5.867966873976132,0.04625192428463708
2024-10-31,KBS:HOSE:LIX,0,1,experiment-20261003T113748Z-acb3a2e7,CAFEF_C8_COMPLETE_ONLY_V1,-6.6300518429029935,-0.7057790146823669
2024-10-31,KBS:HOSE:LM8,0,1,experiment-20261003T113748Z-acb3a2e7,CAFEF_C8_COMPLETE_ONLY_V1,-6.6641250841548585,0.5038371901513157
2024-10-31,KBS:HOSE:LPB,0,1,experiment-20261003T113748Z-acb3a2e7,CAFEF_C8_COMPLETE_ONLY_V1,33.5944469329228,2.8868862958724484
2024-10-31,KBS:HOSE:LSS,0,1,experiment-20261003T113748Z-acb3a2e7,CAFEF_C8_COMPLETE_ONLY_V1,-5.401986411006838,-0.36652333251807706
2024-10-31,KBS:HOSE:MBB,1,0,experiment-20261003T113748Z-acb3a2e7,CAFEF_C8_COMPLETE_ONLY_V1,141.08278631691394,0.09849927348041804
2024-10-31,KBS:HOSE:MCH,0,1,experiment-20261003T113748Z-acb3a2e7,CAFEF_C8_COMPLETE_ONLY_V1,0.20655976292585665,4.0907510988433335
2024-10-31,KBS:HOSE:MCP,0,1,experiment-20261003T113748Z-acb3a2e7,CAFEF_C8_COMPLETE_ONLY_V1,-4.400898562552978,-0.34588809515962643
2024-10-31,KBS:HOSE:MDG,0,1,experiment-20261003T113748Z-acb3a2e7,CAFEF_C8_COMPLETE_ONLY_V1,-7.122444508384413,-0.6091477523520223
2024-10-31,KBS:HOSE:MHC,0,1,experiment-20261003T113748Z-acb3a2e7,CAFEF_C8_COMPLETE_ONLY_V1,-6.994770067559303,-1.8388747978760285
2024-10-31,KBS:HOSE:MIG,0,1,experiment-20261003T113748Z-acb3a2e7,CAFEF_C8_COMPLETE_ONLY_V1,-4.89342629651974,-0.4390087148548176
2024-10-31,KBS:HOSE:MSB,1,0,experiment-20261003T113748Z-acb3a2e7,CAFEF_C8_COMPLETE_ONLY_V1,88.73682611497442,0.0569300276328439
2024-10-31,KBS:HOSE:MSH,0,1,experiment-20261003T113748Z-acb3a2e7,CAFEF_C8_COMPLETE_ONLY_V1,-5.2707858303692126,1.1167713257750014
2024-10-31,KBS:HOSE:MWG,1,0,experiment-20261003T113748Z-acb3a2e7,CAFEF_C8_COMPLETE_ONLY_V1,257.98651932812265,0.047669352086694566
2024-10-31,KBS:HOSE:NAF,0,1,experiment-20261003T113748Z-acb3a2e7,CAFEF_C8_COMPLETE_ONLY_V1,-3.9112272365269347,1.4776829554403486
2024-10-31,KBS:HOSE:NAV,0,1,experiment-20261003T113748Z-acb3a2e7,CAFEF_C8_COMPLETE_ONLY_V1,-7.098791645975072,0.08653737334506609
2024-10-31,KBS:HOSE:NBB,0,1,experiment-20261003T113748Z-acb3a2e7,CAFEF_C8_COMPLETE_ONLY_V1,-5.426074307151969,0.8051377694235434
2024-10-31,KBS:HOSE:NCT,0,1,experiment-20261003T113748Z-acb3a2e7,CAFEF_C8_COMPLETE_ONLY_V1,-6.751544612893925,1.6375044925056095
2024-10-31,KBS:HOSE:NHA,0,1,experiment-20261003T113748Z-acb3a2e7,CAFEF_C8_COMPLETE_ONLY_V1,-0.3259515295514697,0.5308236078695076
2024-10-31,KBS:HOSE:NHT,0,1,experiment-20261003T113748Z-acb3a2e7,CAFEF_C8_COMPLETE_ONLY_V1,-7.092472143660198,-0.44856977877855825
2024-10-31,KBS:HOSE:NKG,0,1,experiment-20261003T113748Z-acb3a2e7,CAFEF_C8_COMPLETE_ONLY_V1,25.252571463325896,-1.141883034185651
2024-10-31,KBS:HOSE:NLG,0,1,experiment-20261003T113748Z-acb3a2e7,CAFEF_C8_COMPLETE_ONLY_V1,21.4062343600841,-0.32228734026121014
2024-10-31,KBS:HOSE:NNC,0,1,experiment-20261003T113748Z-acb3a2e7,CAFEF_C8_COMPLETE_ONLY_V1,-6.95066806736139,0.46699843295110627
2024-10-31,KBS:HOSE:NTC,0,1,experiment-20261003T113748Z-acb3a2e7,CAFEF_C8_COMPLETE_ONLY_V1,-6.36901872311054,0.11028563269316283
2024-10-31,KBS:HOSE:NVL,0,1,experiment-20261003T113748Z-acb3a2e7,CAFEF_C8_COMPLETE_ONLY_V1,21.539274920102216,-1.7846005665070024
2024-10-31,KBS:HOSE:NVT,0,1,experiment-20261003T113748Z-acb3a2e7,CAFEF_C8_COMPLETE_ONLY_V1,-7.098657895619532,-0.10439840439132227
2024-10-31,KBS:HOSE:OCB,0,1,experiment-20261003T113748Z-acb3a2e7,CAFEF_C8_COMPLETE_ONLY_V1,23.665700811803706,-0.7748055308520936
2024-10-31,KBS:HOSE:OGC,0,1,experiment-20261003T113748Z-acb3a2e7,CAFEF_C8_COMPLETE_ONLY_V1,-6.616538129393269,-1.1918791445993284
2024-10-31,KBS:HOSE:OPC,0,1,experiment-20261003T113748Z-acb3a2e7,CAFEF_C8_COMPLETE_ONLY_V1,-6.328973260722483,0.0032593805514314635
2024-10-31,KBS:HOSE:PAC,0,1,experiment-20261003T113748Z-acb3a2e7,CAFEF_C8_COMPLETE_ONLY_V1,-6.674794892498987,-0.352860731184604
2024-10-31,KBS:HOSE:PAN,0,1,experiment-20261003T113748Z-acb3a2e7,CAFEF_C8_COMPLETE_ONLY_V1,7.173323748964727,1.2402985535287308
2024-10-31,KBS:HOSE:PDN,0,1,experiment-20261003T113748Z-acb3a2e7,CAFEF_C8_COMPLETE_ONLY_V1,-6.997269203741834,-0.9414619345347427
2024-10-31,KBS:HOSE:PDV,0,1,experiment-20261003T113748Z-acb3a2e7,CAFEF_C8_COMPLETE_ONLY_V1,-6.681090173896267,2.5120445768001107
2024-10-31,KBS:HOSE:PGC,0,1,experiment-20261003T113748Z-acb3a2e7,CAFEF_C8_COMPLETE_ONLY_V1,-6.950573153919789,0.24242288089224248
2024-10-31,KBS:HOSE:PGD,0,1,experiment-20261003T113748Z-acb3a2e7,CAFEF_C8_COMPLETE_ONLY_V1,-7.0575351265806825,-0.13829643326247773
2024-10-31,KBS:HOSE:PGI,0,1,experiment-20261003T113748Z-acb3a2e7,CAFEF_C8_COMPLETE_ONLY_V1,-7.071406036684772,-1.437464998216064
2024-10-31,KBS:HOSE:PGV,0,1,experiment-20261003T113748Z-acb3a2e7,CAFEF_C8_COMPLETE_ONLY_V1,-6.961413033935857,-1.472829076626481
2024-10-31,KBS:HOSE:PHR,0,1,experiment-20261003T113748Z-acb3a2e7,CAFEF_C8_COMPLETE_ONLY_V1,-4.167345583030139,-0.25849445841166785
2024-10-31,KBS:HOSE:PIT,0,1,experiment-20261003T113748Z-acb3a2e7,CAFEF_C8_COMPLETE_ONLY_V1,-7.115863862100219,-1.8464901859063407
2024-10-31,KBS:HOSE:PLP,0,1,experiment-20261003T113748Z-acb3a2e7,CAFEF_C8_COMPLETE_ONLY_V1,-7.059675408059123,-0.6213186590795615
2024-10-31,KBS:HOSE:PLX,0,1,experiment-20261003T113748Z-acb3a2e7,CAFEF_C8_COMPLETE_ONLY_V1,16.362724837125388,-0.9052352820449742
2024-10-31,KBS:HOSE:PNC,0,1,experiment-20261003T113748Z-acb3a2e7,CAFEF_C8_COMPLETE_ONLY_V1,-6.7364909003496045,11.180563403757933
2024-10-31,KBS:HOSE:PNJ,0,1,experiment-20261003T113748Z-acb3a2e7,CAFEF_C8_COMPLETE_ONLY_V1,26.811061183348425,-0.325701710907105
2024-10-31,KBS:HOSE:PTB,0,1,experiment-20261003T113748Z-acb3a2e7,CAFEF_C8_COMPLETE_ONLY_V1,-3.5918690820900396,0.0985529779748391
2024-10-31,KBS:HOSE:PTC,0,1,experiment-20261003T113748Z-acb3a2e7,CAFEF_C8_COMPLETE_ONLY_V1,-7.087065574156922,-1.6830963092453146
2024-10-31,KBS:HOSE:PTL,0,1,experiment-20261003T113748Z-acb3a2e7,CAFEF_C8_COMPLETE_ONLY_V1,-7.0448706846518725,-1.3913200775770467
2024-10-31,KBS:HOSE:PVP,0,1,experiment-20261003T113748Z-acb3a2e7,CAFEF_C8_COMPLETE_ONLY_V1,-5.323959209643747,0.5047653869298907
2024-10-31,KBS:HOSE:PVT,0,1,experiment-20261003T113748Z-acb3a2e7,CAFEF_C8_COMPLETE_ONLY_V1,17.296908820806582,0.14849992505223522
2024-10-31,KBS:HOSE:QCG,0,1,experiment-20261003T113748Z-acb3a2e7,CAFEF_C8_COMPLETE_ONLY_V1,-1.7394042746852831,8.714493476278786
2024-10-31,KBS:HOSE:RAL,0,1,experiment-20261003T113748Z-acb3a2e7,CAFEF_C8_COMPLETE_ONLY_V1,-6.6357454044110495,-0.46107065134087755
2024-10-31,KBS:HOSE:S4A,0,1,experiment-20261003T113748Z-acb3a2e7,CAFEF_C8_COMPLETE_ONLY_V1,-7.10683462968402,-0.9294221429370385
2024-10-31,KBS:HOSE:SAB,0,1,experiment-20261003T113748Z-acb3a2e7,CAFEF_C8_COMPLETE_ONLY_V1,6.480106500933917,-0.5829389799528485
2024-10-31,KBS:HOSE:SAM,0,1,experiment-20261003T113748Z-acb3a2e7,CAFEF_C8_COMPLETE_ONLY_V1,-3.6319558288846614,-0.4037178076399623
2024-10-31,KBS:HOSE:SAV,0,1,experiment-20261003T113748Z-acb3a2e7,CAFEF_C8_COMPLETE_ONLY_V1,-6.811130790372047,0.8162167968816353
2024-10-31,KBS:HOSE:SBA,0,1,experiment-20261003T113748Z-acb3a2e7,CAFEF_C8_COMPLETE_ONLY_V1,-6.981510517909609,-0.03994102197165083
2024-10-31,KBS:HOSE:SBV,0,1,experiment-20261003T113748Z-acb3a2e7,CAFEF_C8_COMPLETE_ONLY_V1,-7.105996609487316,-0.3096683703096802
2024-10-31,KBS:HOSE:SC5,0,1,experiment-20261003T113748Z-acb3a2e7,CAFEF_C8_COMPLETE_ONLY_V1,-4.9202928181482495,3.288521716198034
2024-10-31,KBS:HOSE:SCR,0,1,experiment-20261003T113748Z-acb3a2e7,CAFEF_C8_COMPLETE_ONLY_V1,-2.3231387914137365,-1.5176637126225434
2024-10-31,KBS:HOSE:SCS,0,1,experiment-20261003T113748Z-acb3a2e7,CAFEF_C8_COMPLETE_ONLY_V1,2.502509995726055,-0.8184833311579742
2024-10-31,KBS:HOSE:SFI,0,1,experiment-20261003T113748Z-acb3a2e7,CAFEF_C8_COMPLETE_ONLY_V1,-7.100911564071646,-0.12176910969392532
2024-10-31,KBS:HOSE:SGR,0,1,experiment-20261003T113748Z-acb3a2e7,CAFEF_C8_COMPLETE_ONLY_V1,-5.053176945089975,4.192940786682698
2024-10-31,KBS:HOSE:SGT,0,1,experiment-20261003T113748Z-acb3a2e7,CAFEF_C8_COMPLETE_ONLY_V1,-6.761240390957879,0.8952016041447927
2024-10-31,KBS:HOSE:SHA,0,1,experiment-20261003T113748Z-acb3a2e7,CAFEF_C8_COMPLETE_ONLY_V1,-7.0975528776003625,-0.6361775382816561
2024-10-31,KBS:HOSE:SHB,0,1,experiment-20261003T113748Z-acb3a2e7,CAFEF_C8_COMPLETE_ONLY_V1,74.18279680452189,-0.7976602567997019
2024-10-31,KBS:HOSE:SHI,0,1,experiment-20261003T113748Z-acb3a2e7,CAFEF_C8_COMPLETE_ONLY_V1,-1.4056043852596927,-0.09994170043587097
2024-10-31,KBS:HOSE:SHP,0,1,experiment-20261003T113748Z-acb3a2e7,CAFEF_C8_COMPLETE_ONLY_V1,-4.913136746993599,0.6528844369538017
2024-10-31,KBS:HOSE:SIP,0,1,experiment-20261003T113748Z-acb3a2e7,CAFEF_C8_COMPLETE_ONLY_V1,0.8186986996485075,0.6151779741004381
2024-10-31,KBS:HOSE:SJD,0,1,experiment-20261003T113748Z-acb3a2e7,CAFEF_C8_COMPLETE_ONLY_V1,-5.541477055846757,0.7537762433272626
2024-10-31,KBS:HOSE:SJS,0,1,experiment-20261003T113748Z-acb3a2e7,CAFEF_C8_COMPLETE_ONLY_V1,-0.06999149321144595,-0.5771973316525699
2024-10-31,KBS:HOSE:SMA,0,1,experiment-20261003T113748Z-acb3a2e7,CAFEF_C8_COMPLETE_ONLY_V1,-7.1160710315304065,-1.630034077022933
2024-10-31,KBS:HOSE:SMB,0,1,experiment-20261003T113748Z-acb3a2e7,CAFEF_C8_COMPLETE_ONLY_V1,-6.871353609534917,0.8601058140718335
2024-10-31,KBS:HOSE:SMC,0,1,experiment-20261003T113748Z-acb3a2e7,CAFEF_C8_COMPLETE_ONLY_V1,-4.8190656598986505,-3.666046102944574
2024-10-31,KBS:HOSE:SPM,0,1,experiment-20261003T113748Z-acb3a2e7,CAFEF_C8_COMPLETE_ONLY_V1,-7.111325331018308,0.15187506932995187
2024-10-31,KBS:HOSE:SRC,0,1,experiment-20261003T113748Z-acb3a2e7,CAFEF_C8_COMPLETE_ONLY_V1,-7.1177964784759755,-1.7841431421342429
2024-10-31,KBS:HOSE:SRF,0,1,experiment-20261003T113748Z-acb3a2e7,CAFEF_C8_COMPLETE_ONLY_V1,-7.094508524315762,-1.12860016712402
2024-10-31,KBS:HOSE:SSB,0,1,experiment-20261003T113748Z-acb3a2e7,CAFEF_C8_COMPLETE_ONLY_V1,58.4619026678572,-2.0437344294292807
2024-10-31,KBS:HOSE:SSC,0,1,experiment-20261003T113748Z-acb3a2e7,CAFEF_C8_COMPLETE_ONLY_V1,-7.107988279026666,2.0227928609148864
2024-10-31,KBS:HOSE:STB,1,0,experiment-20261003T113748Z-acb3a2e7,CAFEF_C8_COMPLETE_ONLY_V1,258.7375538615822,1.185825934112318
2024-10-31,KBS:HOSE:STG,0,1,experiment-20261003T113748Z-acb3a2e7,CAFEF_C8_COMPLETE_ONLY_V1,-7.112223110870708,-1.3173143547705657
2024-10-31,KBS:HOSE:STK,0,1,experiment-20261003T113748Z-acb3a2e7,CAFEF_C8_COMPLETE_ONLY_V1,-6.792669480342624,-0.8342814104657248
2024-10-31,KBS:HOSE:SVC,0,1,experiment-20261003T113748Z-acb3a2e7,CAFEF_C8_COMPLETE_ONLY_V1,-7.109069086148344,-0.8888967229080046
2024-10-31,KBS:HOSE:SVT,0,1,experiment-20261003T113748Z-acb3a2e7,CAFEF_C8_COMPLETE_ONLY_V1,-7.089088786131553,0.41540041250208437
2024-10-31,KBS:HOSE:TCB,1,0,experiment-20261003T113748Z-acb3a2e7,CAFEF_C8_COMPLETE_ONLY_V1,155.95088798266272,-0.21343275322578448
2024-10-31,KBS:HOSE:TCL,0,1,experiment-20261003T113748Z-acb3a2e7,CAFEF_C8_COMPLETE_ONLY_V1,-6.882061879692596,-0.05927204792677892
2024-10-31,KBS:HOSE:TCM,0,1,experiment-20261003T113748Z-acb3a2e7,CAFEF_C8_COMPLETE_ONLY_V1,19.661504807541068,-0.6023136425382816
2024-10-31,KBS:HOSE:TCO,0,1,experiment-20261003T113748Z-acb3a2e7,CAFEF_C8_COMPLETE_ONLY_V1,-5.736543383571709,2.381891632529313
2024-10-31,KBS:HOSE:TCR,0,1,experiment-20261003T113748Z-acb3a2e7,CAFEF_C8_COMPLETE_ONLY_V1,-7.1167701661290685,0.33226296962239493
2024-10-31,KBS:HOSE:TDC,0,1,experiment-20261003T113748Z-acb3a2e7,CAFEF_C8_COMPLETE_ONLY_V1,-5.704242941901852,0.079713057133672
2024-10-31,KBS:HOSE:TDG,0,1,experiment-20261003T113748Z-acb3a2e7,CAFEF_C8_COMPLETE_ONLY_V1,-7.013671780348622,-1.0225536333336571
2024-10-31,KBS:HOSE:TDP,0,1,experiment-20261003T113748Z-acb3a2e7,CAFEF_C8_COMPLETE_ONLY_V1,-5.382850307801092,0.7704252906105257
2024-10-31,KBS:HOSE:TDW,0,1,experiment-20261003T113748Z-acb3a2e7,CAFEF_C8_COMPLETE_ONLY_V1,-7.115238752026545,1.1286714717315232
2024-10-31,KBS:HOSE:TEG,0,1,experiment-20261003T113748Z-acb3a2e7,CAFEF_C8_COMPLETE_ONLY_V1,-7.100325168169986,-0.6022901600829912
2024-10-31,KBS:HOSE:THG,0,1,experiment-20261003T113748Z-acb3a2e7,CAFEF_C8_COMPLETE_ONLY_V1,-6.799292170525255,0.8298575752909215
2024-10-31,KBS:HOSE:TIP,0,1,experiment-20261003T113748Z-acb3a2e7,CAFEF_C8_COMPLETE_ONLY_V1,-6.119751900443456,-0.9279446078347607
2024-10-31,KBS:HOSE:TIX,0,1,experiment-20261003T113748Z-acb3a2e7,CAFEF_C8_COMPLETE_ONLY_V1,-7.04748248515245,0.12470635868587424
2024-10-31,KBS:HOSE:TLG,0,1,experiment-20261003T113748Z-acb3a2e7,CAFEF_C8_COMPLETE_ONLY_V1,-2.8918828728727948,0.7510813018163344
2024-10-31,KBS:HOSE:TLH,0,1,experiment-20261003T113748Z-acb3a2e7,CAFEF_C8_COMPLETE_ONLY_V1,-6.390302031122785,-3.24007420776553
2024-10-31,KBS:HOSE:TMS,0,1,experiment-20261003T113748Z-acb3a2e7,CAFEF_C8_COMPLETE_ONLY_V1,-7.073580982209779,-1.4947262224027273
2024-10-31,KBS:HOSE:TMT,0,1,experiment-20261003T113748Z-acb3a2e7,CAFEF_C8_COMPLETE_ONLY_V1,-7.082974585742547,-3.5843930825274977
2024-10-31,KBS:HOSE:TNC,0,1,experiment-20261003T113748Z-acb3a2e7,CAFEF_C8_COMPLETE_ONLY_V1,-6.8002571774770475,-1.079633497042228
2024-10-31,KBS:HOSE:TNH,0,1,experiment-20261003T113748Z-acb3a2e7,CAFEF_C8_COMPLETE_ONLY_V1,-2.8002376080169986,0.33521139636010794
2024-10-31,KBS:HOSE:TNI,0,1,experiment-20261003T113748Z-acb3a2e7,CAFEF_C8_COMPLETE_ONLY_V1,-7.035713682821079,-1.1612323335757615
2024-10-31,KBS:HOSE:TNT,0,1,experiment-20261003T113748Z-acb3a2e7,CAFEF_C8_COMPLETE_ONLY_V1,-6.8194977657452585,1.125977716171212
2024-10-31,KBS:HOSE:TPB,1,0,experiment-20261003T113748Z-acb3a2e7,CAFEF_C8_COMPLETE_ONLY_V1,147.52561942347043,0.6345002668062454
2024-10-31,KBS:HOSE:TRA,0,1,experiment-20261003T113748Z-acb3a2e7,CAFEF_C8_COMPLETE_ONLY_V1,-7.053790948737822,-0.687601579345583
2024-10-31,KBS:HOSE:TRC,0,1,experiment-20261003T113748Z-acb3a2e7,CAFEF_C8_COMPLETE_ONLY_V1,-5.209870067615584,0.7624533581638809
2024-10-31,KBS:HOSE:TTE,0,1,experiment-20261003T113748Z-acb3a2e7,CAFEF_C8_COMPLETE_ONLY_V1,-7.071465618659179,8.863144257508587
2024-10-31,KBS:HOSE:TV2,0,1,experiment-20261003T113748Z-acb3a2e7,CAFEF_C8_COMPLETE_ONLY_V1,-5.094757719176135,-2.087247919256355
2024-10-31,KBS:HOSE:TVB,0,1,experiment-20261003T113748Z-acb3a2e7,CAFEF_C8_COMPLETE_ONLY_V1,-6.609791407340685,1.070863811447569
2024-10-31,KBS:HOSE:TVS,0,1,experiment-20261003T113748Z-acb3a2e7,CAFEF_C8_COMPLETE_ONLY_V1,-6.09395373465068,-0.2725028652219685
2024-10-31,KBS:HOSE:TVT,0,1,experiment-20261003T113748Z-acb3a2e7,CAFEF_C8_COMPLETE_ONLY_V1,-6.582399039879268,-0.032984784991796724
2024-10-31,KBS:HOSE:UIC,0,1,experiment-20261003T113748Z-acb3a2e7,CAFEF_C8_COMPLETE_ONLY_V1,-7.072576250158237,1.0150765951323224
2024-10-31,KBS:HOSE:VAB,0,1,experiment-20261003T113748Z-acb3a2e7,CAFEF_C8_COMPLETE_ONLY_V1,-4.023247515308359,-0.10486672571002972
2024-10-31,KBS:HOSE:VCA,0,1,experiment-20261003T113748Z-acb3a2e7,CAFEF_C8_COMPLETE_ONLY_V1,-7.112044540353512,-1.2521824131731998
2024-10-31,KBS:HOSE:VCG,0,1,experiment-20261003T113748Z-acb3a2e7,CAFEF_C8_COMPLETE_ONLY_V1,20.36613269228288,-1.2434658993011813
2024-10-31,KBS:HOSE:VDS,0,1,experiment-20261003T113748Z-acb3a2e7,CAFEF_C8_COMPLETE_ONLY_V1,9.95459194533505,-0.48291693569295696
2024-10-31,KBS:HOSE:VFG,0,1,experiment-20261003T113748Z-acb3a2e7,CAFEF_C8_COMPLETE_ONLY_V1,-5.636775051828841,5.066296519347568
2024-10-31,KBS:HOSE:VGC,0,1,experiment-20261003T113748Z-acb3a2e7,CAFEF_C8_COMPLETE_ONLY_V1,6.789237914635312,-1.2166752446705982
2024-10-31,KBS:HOSE:VHM,1,0,experiment-20261003T113748Z-acb3a2e7,CAFEF_C8_COMPLETE_ONLY_V1,328.5000765009472,-0.9432415082802484
2024-10-31,KBS:HOSE:VID,0,1,experiment-20261003T113748Z-acb3a2e7,CAFEF_C8_COMPLETE_ONLY_V1,-7.106414430605106,0.2820246168589197
2024-10-31,KBS:HOSE:VIP,0,1,experiment-20261003T113748Z-acb3a2e7,CAFEF_C8_COMPLETE_ONLY_V1,-6.4220268902827335,0.45925890679541587
2024-10-31,KBS:HOSE:VIX,1,0,experiment-20261003T113748Z-acb3a2e7,CAFEF_C8_COMPLETE_ONLY_V1,95.82767855071523,-2.0211122449946934
2024-10-31,KBS:HOSE:VJC,0,1,experiment-20261003T113748Z-acb3a2e7,CAFEF_C8_COMPLETE_ONLY_V1,60.02465605253905,-0.41730908541860634
2024-10-31,KBS:HOSE:VND,0,1,experiment-20261003T113748Z-acb3a2e7,CAFEF_C8_COMPLETE_ONLY_V1,63.915203271025625,-1.1772209512910174
2024-10-31,KBS:HOSE:VNG,0,1,experiment-20261003T113748Z-acb3a2e7,CAFEF_C8_COMPLETE_ONLY_V1,-7.0917874854125715,-1.199572494469169
2024-10-31,KBS:HOSE:VOS,0,1,experiment-20261003T113748Z-acb3a2e7,CAFEF_C8_COMPLETE_ONLY_V1,2.011309276583208,-0.9730848531392642
2024-10-31,KBS:HOSE:VPB,1,0,experiment-20261003T113748Z-acb3a2e7,CAFEF_C8_COMPLETE_ONLY_V1,230.08886057359572,0.28862527298236706
2024-10-31,KBS:HOSE:VPG,0,1,experiment-20261003T113748Z-acb3a2e7,CAFEF_C8_COMPLETE_ONLY_V1,-4.562450556458405,-0.5610805609963696
2024-10-31,KBS:HOSE:VPS,0,1,experiment-20261003T113748Z-acb3a2e7,CAFEF_C8_COMPLETE_ONLY_V1,-7.109631913354206,-0.34485722338861846
2024-10-31,KBS:HOSE:VSH,0,1,experiment-20261003T113748Z-acb3a2e7,CAFEF_C8_COMPLETE_ONLY_V1,-6.594576012165254,0.2548245942620037
2024-10-31,KBS:HOSE:VSI,0,1,experiment-20261003T113748Z-acb3a2e7,CAFEF_C8_COMPLETE_ONLY_V1,-7.109108257987248,-0.8458991664605117
2024-10-31,KBS:HOSE:VTO,0,1,experiment-20261003T113748Z-acb3a2e7,CAFEF_C8_COMPLETE_ONLY_V1,-6.104111069090967,0.2379665654733933
2024-10-31,KBS:UPCOM:A32,0,1,experiment-20261003T113748Z-acb3a2e7,CAFEF_C8_COMPLETE_ONLY_V1,-7.1040631154631955,0.3004197738642208
2024-10-31,KBS:UPCOM:AAS,0,1,experiment-20261003T113748Z-acb3a2e7,CAFEF_C8_COMPLETE_ONLY_V1,-5.723176646181662,-1.8527217510099008
2024-10-31,KBS:UPCOM:ABB,0,1,experiment-20261003T113748Z-acb3a2e7,CAFEF_C8_COMPLETE_ONLY_V1,-2.994552590875024,-0.6725382388367516
2024-10-31,KBS:UPCOM:ABC,0,1,experiment-20261003T113748Z-acb3a2e7,CAFEF_C8_COMPLETE_ONLY_V1,-7.032368536942515,-1.641489642911896
2024-10-31,KBS:UPCOM:ABI,0,1,experiment-20261003T113748Z-acb3a2e7,CAFEF_C8_COMPLETE_ONLY_V1,-6.48143484343833,0.6746922540918525
2024-10-31,KBS:UPCOM:ACE,0,1,experiment-20261003T113748Z-acb3a2e7,CAFEF_C8_COMPLETE_ONLY_V1,-7.018713360153113,0.18250380881333494
2024-10-31,KBS:UPCOM:ACM,0,1,experiment-20261003T113748Z-acb3a2e7,CAFEF_C8_COMPLETE_ONLY_V1,-7.123424138984917,-0.8081545203358066
2024-10-31,KBS:UPCOM:ACS,0,1,experiment-20261003T113748Z-acb3a2e7,CAFEF_C8_COMPLETE_ONLY_V1,-7.126088866212791,0.5954275739460944
2024-10-31,KBS:UPCOM:ACV,0,1,experiment-20261003T113748Z-acb3a2e7,CAFEF_C8_COMPLETE_ONLY_V1,3.8822998642902555,2.3389647063041394
2024-10-31,KBS:UPCOM:AG1,0,1,experiment-20261003T113748Z-acb3a2e7,CAFEF_C8_COMPLETE_ONLY_V1,-7.091406606978269,1.7193555706588703
2024-10-31,KBS:UPCOM:AGF,0,1,experiment-20261003T113748Z-acb3a2e7,CAFEF_C8_COMPLETE_ONLY_V1,-7.122118176940796,1.525488948510421
2024-10-31,KBS:UPCOM:AGP,0,1,experiment-20261003T113748Z-acb3a2e7,CAFEF_C8_COMPLETE_ONLY_V1,-6.940795296656808,0.3370810207225811
2024-10-31,KBS:UPCOM:AGX,0,1,experiment-20261003T113748Z-acb3a2e7,CAFEF_C8_COMPLETE_ONLY_V1,-7.085547125593169,2.1051377785573737
2024-10-31,KBS:UPCOM:AIC,0,1,experiment-20261003T113748Z-acb3a2e7,CAFEF_C8_COMPLETE_ONLY_V1,-7.111186821445034,0.057092942649040225
2024-10-31,KBS:UPCOM:ALV,0,1,experiment-20261003T113748Z-acb3a2e7,CAFEF_C8_COMPLETE_ONLY_V1,-7.073130412146591,-0.09138908696356368
2024-10-31,KBS:UPCOM:AMP,0,1,experiment-20261003T113748Z-acb3a2e7,CAFEF_C8_COMPLETE_ONLY_V1,-7.138899036332933,-4.018673862582529
2024-10-31,KBS:UPCOM:AMS,0,1,experiment-20261003T113748Z-acb3a2e7,CAFEF_C8_COMPLETE_ONLY_V1,-6.694220708829465,-0.8356228938540706
2024-10-31,KBS:UPCOM:APF,0,1,experiment-20261003T113748Z-acb3a2e7,CAFEF_C8_COMPLETE_ONLY_V1,-6.806298355844911,-1.0691898078344892
2024-10-31,KBS:UPCOM:APL,0,1,experiment-20261003T113748Z-acb3a2e7,CAFEF_C8_COMPLETE_ONLY_V1,-7.12987030983314,-1.2169321705446354
2024-10-31,KBS:UPCOM:APT,0,1,experiment-20261003T113748Z-acb3a2e7,CAFEF_C8_COMPLETE_ONLY_V1,-7.1281882474083105,-4.5309305050854025
2024-10-31,KBS:UPCOM:ART,0,1,experiment-20261003T113748Z-acb3a2e7,CAFEF_C8_COMPLETE_ONLY_V1,-7.107323864632003,-0.06143801102389034
2024-10-31,KBS:UPCOM:ATA,0,1,experiment-20261003T113748Z-acb3a2e7,CAFEF_C8_COMPLETE_ONLY_V1,-7.13433980311955,-4.181788324633837
2024-10-31,KBS:UPCOM:ATG,0,1,experiment-20261003T113748Z-acb3a2e7,CAFEF_C8_COMPLETE_ONLY_V1,-7.110258747779984,-0.3030931150925079
2024-10-31,KBS:UPCOM:AVC,0,1,experiment-20261003T113748Z-acb3a2e7,CAFEF_C8_COMPLETE_ONLY_V1,-7.0805728251049365,0.9177303611147059
2024-10-31,KBS:UPCOM:BAL,0,1,experiment-20261003T113748Z-acb3a2e7,CAFEF_C8_COMPLETE_ONLY_V1,-7.121968785644002,-1.4344373948731985
2024-10-31,KBS:UPCOM:BBH,0,1,experiment-20261003T113748Z-acb3a2e7,CAFEF_C8_COMPLETE_ONLY_V1,-7.135268212289805,-0.9464615731872258
2024-10-31,KBS:UPCOM:BBM,0,1,experiment-20261003T113748Z-acb3a2e7,CAFEF_C8_COMPLETE_ONLY_V1,-7.116293814446707,-1.2251725158831137
2024-10-31,KBS:UPCOM:BBT,0,1,experiment-20261003T113748Z-acb3a2e7,CAFEF_C8_COMPLETE_ONLY_V1,-7.05816160956117,5.199498548970308
2024-10-31,KBS:UPCOM:BCA,0,1,experiment-20261003T113748Z-acb3a2e7,CAFEF_C8_COMPLETE_ONLY_V1,-7.051026937009942,-2.786043170433188
2024-10-31,KBS:UPCOM:BCB,0,1,experiment-20261003T113748Z-acb3a2e7,CAFEF_C8_COMPLETE_ONLY_V1,-7.101867787228481,0.9909645984772348
2024-10-31,KBS:UPCOM:BCP,0,1,experiment-20261003T113748Z-acb3a2e7,CAFEF_C8_COMPLETE_ONLY_V1,-7.106832318147294,1.2427864512538784
2024-10-31,KBS:UPCOM:BDG,0,1,experiment-20261003T113748Z-acb3a2e7,CAFEF_C8_COMPLETE_ONLY_V1,-7.02364757750423,0.5255612297111905
2024-10-31,KBS:UPCOM:BDT,0,1,experiment-20261003T113748Z-acb3a2e7,CAFEF_C8_COMPLETE_ONLY_V1,-7.032674188773501,-2.960622142938695
2024-10-31,KBS:UPCOM:BDW,0,1,experiment-20261003T113748Z-acb3a2e7,CAFEF_C8_COMPLETE_ONLY_V1,-7.116679502576304,0.20759914566299742
2024-10-31,KBS:UPCOM:BEL,0,1,experiment-20261003T113748Z-acb3a2e7,CAFEF_C8_COMPLETE_ONLY_V1,-7.083597082478779,4.551945241084366
2024-10-31,KBS:UPCOM:BGW,0,1,experiment-20261003T113748Z-acb3a2e7,CAFEF_C8_COMPLETE_ONLY_V1,-7.112118864833811,-0.5182421439256455
2024-10-31,KBS:UPCOM:BHA,0,1,experiment-20261003T113748Z-acb3a2e7,CAFEF_C8_COMPLETE_ONLY_V1,-7.095126355610434,1.4660460323127447
2024-10-31,KBS:UPCOM:BHC,0,1,experiment-20261003T113748Z-acb3a2e7,CAFEF_C8_COMPLETE_ONLY_V1,-7.10402446340059,1.7185536205360454
2024-10-31,KBS:UPCOM:BHG,0,1,experiment-20261003T113748Z-acb3a2e7,CAFEF_C8_COMPLETE_ONLY_V1,-7.108752566406014,-0.2381963581124506
2024-10-31,KBS:UPCOM:BHK,0,1,experiment-20261003T113748Z-acb3a2e7,CAFEF_C8_COMPLETE_ONLY_V1,-7.1078976208190126,3.223162380533486
2024-10-31,KBS:UPCOM:BHP,0,1,experiment-20261003T113748Z-acb3a2e7,CAFEF_C8_COMPLETE_ONLY_V1,-7.128297934342043,-0.709876343654162
2024-10-31,KBS:UPCOM:BIO,0,1,experiment-20261003T113748Z-acb3a2e7,CAFEF_C8_COMPLETE_ONLY_V1,-7.119450082870983,0.1364927494353733
2024-10-31,KBS:UPCOM:BLI,0,1,experiment-20261003T113748Z-acb3a2e7,CAFEF_C8_COMPLETE_ONLY_V1,-7.05831155040995,-1.3978692686909242
2024-10-31,KBS:UPCOM:BLN,0,1,experiment-20261003T113748Z-acb3a2e7,CAFEF_C8_COMPLETE_ONLY_V1,-7.106278794678026,0.07930911613341117
2024-10-31,KBS:UPCOM:BLT,0,1,experiment-20261003T113748Z-acb3a2e7,CAFEF_C8_COMPLETE_ONLY_V1,-7.082860346685383,-1.1966035797523906
2024-10-31,KBS:UPCOM:BMD,0,1,experiment-20261003T113748Z-acb3a2e7,CAFEF_C8_COMPLETE_ONLY_V1,-7.124178142444296,-3.203638955814274
2024-10-31,KBS:UPCOM:BMF,0,1,experiment-20261003T113748Z-acb3a2e7,CAFEF_C8_COMPLETE_ONLY_V1,-7.11256343671046,-0.7897103983236827
2024-10-31,KBS:UPCOM:BMG,0,1,experiment-20261003T113748Z-acb3a2e7,CAFEF_C8_COMPLETE_ONLY_V1,-7.105748852507301,0.09774271942494714
2024-10-31,KBS:UPCOM:BMJ,0,1,experiment-20261003T113748Z-acb3a2e7,CAFEF_C8_COMPLETE_ONLY_V1,-7.116021746849933,-0.005454405905888045
2024-10-31,KBS:UPCOM:BMS,0,1,experiment-20261003T113748Z-acb3a2e7,CAFEF_C8_COMPLETE_ONLY_V1,-6.837070563534685,-0.03104702751030941
2024-10-31,KBS:UPCOM:BMV,0,1,experiment-20261003T113748Z-acb3a2e7,CAFEF_C8_COMPLETE_ONLY_V1,-7.1274742412855945,-0.25859149140371457
2024-10-31,KBS:UPCOM:BNW,0,1,experiment-20261003T113748Z-acb3a2e7,CAFEF_C8_COMPLETE_ONLY_V1,-7.107333289800292,-0.06444769849459468
2024-10-31,KBS:UPCOM:BQB,0,1,experiment-20261003T113748Z-acb3a2e7,CAFEF_C8_COMPLETE_ONLY_V1,-7.11398249996357,-0.17601999371310753
2024-10-31,KBS:UPCOM:BRR,0,1,experiment-20261003T113748Z-acb3a2e7,CAFEF_C8_COMPLETE_ONLY_V1,-7.092148505085601,0.9564836905119194
2024-10-31,KBS:UPCOM:BRS,0,1,experiment-20261003T113748Z-acb3a2e7,CAFEF_C8_COMPLETE_ONLY_V1,-7.10578521942718,-0.3039502774745851
2024-10-31,KBS:UPCOM:BSD,0,1,experiment-20261003T113748Z-acb3a2e7,CAFEF_C8_COMPLETE_ONLY_V1,-7.110285165368356,4.234998658576406
2024-10-31,KBS:UPCOM:BSG,0,1,experiment-20261003T113748Z-acb3a2e7,CAFEF_C8_COMPLETE_ONLY_V1,-7.100382756986471,0.018409059041705297
2024-10-31,KBS:UPCOM:BSH,0,1,experiment-20261003T113748Z-acb3a2e7,CAFEF_C8_COMPLETE_ONLY_V1,-7.1120052390998785,-0.5430873127399232
2024-10-31,KBS:UPCOM:BSL,0,1,experiment-20261003T113748Z-acb3a2e7,CAFEF_C8_COMPLETE_ONLY_V1,-7.099479688709064,-0.30516255230728234
2024-10-31,KBS:UPCOM:BSP,0,1,experiment-20261003T113748Z-acb3a2e7,CAFEF_C8_COMPLETE_ONLY_V1,-7.115759525334354,-0.03282205827904449
2024-10-31,KBS:UPCOM:BSQ,0,1,experiment-20261003T113748Z-acb3a2e7,CAFEF_C8_COMPLETE_ONLY_V1,-7.099816036013157,-0.5262505097894636
2024-10-31,KBS:UPCOM:BTB,0,1,experiment-20261003T113748Z-acb3a2e7,CAFEF_C8_COMPLETE_ONLY_V1,-7.127181637558906,-1.4478157046379754
2024-10-31,KBS:UPCOM:BTD,0,1,experiment-20261003T113748Z-acb3a2e7,CAFEF_C8_COMPLETE_ONLY_V1,-7.119661976948338,0.6403549382808195
2024-10-31,KBS:UPCOM:BTG,0,1,experiment-20261003T113748Z-acb3a2e7,CAFEF_C8_COMPLETE_ONLY_V1,-7.148547413166227,-3.0487962562522766
2024-10-31,KBS:UPCOM:BTN,0,1,experiment-20261003T113748Z-acb3a2e7,CAFEF_C8_COMPLETE_ONLY_V1,-7.0945691390249,-0.663283161819729
2024-10-31,KBS:UPCOM:BTU,0,1,experiment-20261003T113748Z-acb3a2e7,CAFEF_C8_COMPLETE_ONLY_V1,-7.120459407685983,-1.2379232019756208
2024-10-31,KBS:UPCOM:BTV,0,1,experiment-20261003T113748Z-acb3a2e7,CAFEF_C8_COMPLETE_ONLY_V1,-7.118953411268056,-0.4395154248934321
2024-10-31,KBS:UPCOM:BVG,0,1,experiment-20261003T113748Z-acb3a2e7,CAFEF_C8_COMPLETE_ONLY_V1,-7.107841158289369,-0.6358291968222762
2024-10-31,KBS:UPCOM:BVL,0,1,experiment-20261003T113748Z-acb3a2e7,CAFEF_C8_COMPLETE_ONLY_V1,-7.125117568651626,-1.361262707767748
2024-10-31,KBS:UPCOM:BVN,0,1,experiment-20261003T113748Z-acb3a2e7,CAFEF_C8_COMPLETE_ONLY_V1,-7.132253872357838,1.0530375624640624
2024-10-31,KBS:UPCOM:BWA,0,1,experiment-20261003T113748Z-acb3a2e7,CAFEF_C8_COMPLETE_ONLY_V1,-7.099450302989324,2.674439652823682
2024-10-31,KBS:UPCOM:BWS,0,1,experiment-20261003T113748Z-acb3a2e7,CAFEF_C8_COMPLETE_ONLY_V1,-6.929907019868532,1.2291398575354835
2024-10-31,KBS:UPCOM:C22,0,1,experiment-20261003T113748Z-acb3a2e7,CAFEF_C8_COMPLETE_ONLY_V1,-7.132530693455799,9.16124979337328
2024-10-31,KBS:UPCOM:C4G,0,1,experiment-20261003T113748Z-acb3a2e7,CAFEF_C8_COMPLETE_ONLY_V1,-5.915584703695451,-1.3940468121444682
2024-10-31,KBS:UPCOM:C92,0,1,experiment-20261003T113748Z-acb3a2e7,CAFEF_C8_COMPLETE_ONLY_V1,-7.088207445712195,1.342952809765229
2024-10-31,KBS:UPCOM:CAD,0,1,experiment-20261003T113748Z-acb3a2e7,CAFEF_C8_COMPLETE_ONLY_V1,-7.1462896138069345,0.6569483029336972
2024-10-31,KBS:UPCOM:CAT,0,1,experiment-20261003T113748Z-acb3a2e7,CAFEF_C8_COMPLETE_ONLY_V1,-7.074196082945633,0.39302137406287446
2024-10-31,KBS:UPCOM:CBI,0,1,experiment-20261003T113748Z-acb3a2e7,CAFEF_C8_COMPLETE_ONLY_V1,-7.1214993557309585,1.0925642358706684
2024-10-31,KBS:UPCOM:CBS,0,1,experiment-20261003T113748Z-acb3a2e7,CAFEF_C8_COMPLETE_ONLY_V1,-6.841609470884354,0.4870058925791832
2024-10-31,KBS:UPCOM:CC1,0,1,experiment-20261003T113748Z-acb3a2e7,CAFEF_C8_COMPLETE_ONLY_V1,-7.090417060694084,-0.5594611528627977
2024-10-31,KBS:UPCOM:CCA,0,1,experiment-20261003T113748Z-acb3a2e7,CAFEF_C8_COMPLETE_ONLY_V1,-7.128786751221591,2.364754850597869
2024-10-31,KBS:UPCOM:CCM,0,1,experiment-20261003T113748Z-acb3a2e7,CAFEF_C8_COMPLETE_ONLY_V1,-7.066749100337887,0.33664703985437555
2024-10-31,KBS:UPCOM:CCP,0,1,experiment-20261003T113748Z-acb3a2e7,CAFEF_C8_COMPLETE_ONLY_V1,-7.1119884074870425,1.0320261307101715
2024-10-31,KBS:UPCOM:CCT,0,1,experiment-20261003T113748Z-acb3a2e7,CAFEF_C8_COMPLETE_ONLY_V1,-7.119128388268739,-0.6590456357454101
2024-10-31,KBS:UPCOM:CCV,0,1,experiment-20261003T113748Z-acb3a2e7,CAFEF_C8_COMPLETE_ONLY_V1,-7.0971630045636145,1.7095295341960273
2024-10-31,KBS:UPCOM:CDP,0,1,experiment-20261003T113748Z-acb3a2e7,CAFEF_C8_COMPLETE_ONLY_V1,-7.111199871749235,-0.309749041537662
2024-10-31,KBS:UPCOM:CDR,0,1,experiment-20261003T113748Z-acb3a2e7,CAFEF_C8_COMPLETE_ONLY_V1,-7.11077084116294,1.156600867497555
2024-10-31,KBS:UPCOM:CEN,0,1,experiment-20261003T113748Z-acb3a2e7,CAFEF_C8_COMPLETE_ONLY_V1,-7.088188954678972,-1.6981390815289041
2024-10-31,KBS:UPCOM:CFM,0,1,experiment-20261003T113748Z-acb3a2e7,CAFEF_C8_COMPLETE_ONLY_V1,-7.116785471448437,-0.07556986130057027
2024-10-31,KBS:UPCOM:CFV,0,1,experiment-20261003T113748Z-acb3a2e7,CAFEF_C8_COMPLETE_ONLY_V1,-7.131316080652467,-0.01881378163192208
2024-10-31,KBS:UPCOM:CH5,0,1,experiment-20261003T113748Z-acb3a2e7,CAFEF_C8_COMPLETE_ONLY_V1,-7.104370555177082,0.5153791898122488
2024-10-31,KBS:UPCOM:CHC,0,1,experiment-20261003T113748Z-acb3a2e7,CAFEF_C8_COMPLETE_ONLY_V1,-7.111910302862005,1.7490062773236308
2024-10-31,KBS:UPCOM:CHS,0,1,experiment-20261003T113748Z-acb3a2e7,CAFEF_C8_COMPLETE_ONLY_V1,-6.841252141994904,1.0622526501409102
2024-10-31,KBS:UPCOM:CI5,0,1,experiment-20261003T113748Z-acb3a2e7,CAFEF_C8_COMPLETE_ONLY_V1,-7.145854200011607,-1.3220620461764254
2024-10-31,KBS:UPCOM:CID,0,1,experiment-20261003T113748Z-acb3a2e7,CAFEF_C8_COMPLETE_ONLY_V1,-7.09698288634281,2.5337190796449827
2024-10-31,KBS:UPCOM:CKA,0,1,experiment-20261003T113748Z-acb3a2e7,CAFEF_C8_COMPLETE_ONLY_V1,-7.043073382080294,-1.1357807590546938
2024-10-31,KBS:UPCOM:CKD,0,1,experiment-20261003T113748Z-acb3a2e7,CAFEF_C8_COMPLETE_ONLY_V1,-7.106227141088871,-1.6583952546270448
2024-10-31,KBS:UPCOM:CLX,0,1,experiment-20261003T113748Z-acb3a2e7,CAFEF_C8_COMPLETE_ONLY_V1,-6.7706422589279915,0.5402014269590296
2024-10-31,KBS:UPCOM:CMD,0,1,experiment-20261003T113748Z-acb3a2e7,CAFEF_C8_COMPLETE_ONLY_V1,-7.097939555881707,1.077803561119345
2024-10-31,KBS:UPCOM:CMF,0,1,experiment-20261003T113748Z-acb3a2e7,CAFEF_C8_COMPLETE_ONLY_V1,-7.086662659142482,3.5389894722024255
2024-10-31,KBS:UPCOM:CMI,0,1,experiment-20261003T113748Z-acb3a2e7,CAFEF_C8_COMPLETE_ONLY_V1,-7.122231488650884,-1.195608815574253
2024-10-31,KBS:UPCOM:CMK,0,1,experiment-20261003T113748Z-acb3a2e7,CAFEF_C8_COMPLETE_ONLY_V1,-7.107323864632003,-0.06143801102389034
2024-10-31,KBS:UPCOM:CMN,0,1,experiment-20261003T113748Z-acb3a2e7,CAFEF_C8_COMPLETE_ONLY_V1,-7.1133891581387285,-0.7080621217095162
2024-10-31,KBS:UPCOM:CMT,0,1,experiment-20261003T113748Z-acb3a2e7,CAFEF_C8_COMPLETE_ONLY_V1,-7.08828116285202,-0.4562935039514171
2024-10-31,KBS:UPCOM:CMW,0,1,experiment-20261003T113748Z-acb3a2e7,CAFEF_C8_COMPLETE_ONLY_V1,-7.126944768447706,-1.504498210114687
2024-10-31,KBS:UPCOM:CNC,0,1,experiment-20261003T113748Z-acb3a2e7,CAFEF_C8_COMPLETE_ONLY_V1,-7.0807801097771454,0.86262705225899
2024-10-31,KBS:UPCOM:CNN,0,1,experiment-20261003T113748Z-acb3a2e7,CAFEF_C8_COMPLETE_ONLY_V1,-7.105701099687146,0.6021822471580189
2024-10-31,KBS:UPCOM:CNT,0,1,experiment-20261003T113748Z-acb3a2e7,CAFEF_C8_COMPLETE_ONLY_V1,-7.073401865276057,-2.5080854835430277
2024-10-31,KBS:UPCOM:CPA,0,1,experiment-20261003T113748Z-acb3a2e7,CAFEF_C8_COMPLETE_ONLY_V1,-7.123673401966799,0.896874835053441
2024-10-31,KBS:UPCOM:CPI,0,1,experiment-20261003T113748Z-acb3a2e7,CAFEF_C8_COMPLETE_ONLY_V1,-7.101523703894731,0.8682725950568723
2024-10-31,KBS:UPCOM:CQN,0,1,experiment-20261003T113748Z-acb3a2e7,CAFEF_C8_COMPLETE_ONLY_V1,-4.273530475212165,0.3007104473933078
2024-10-31,KBS:UPCOM:CQT,0,1,experiment-20261003T113748Z-acb3a2e7,CAFEF_C8_COMPLETE_ONLY_V1,-7.117833909404362,1.0414447005583656
2024-10-31,KBS:UPCOM:CT3,0,1,experiment-20261003T113748Z-acb3a2e7,CAFEF_C8_COMPLETE_ONLY_V1,-7.107323864632003,-0.06143801102389034
2024-10-31,KBS:UPCOM:CTW,0,1,experiment-20261003T113748Z-acb3a2e7,CAFEF_C8_COMPLETE_ONLY_V1,-7.1098299766823585,0.861379869444502
2024-10-31,KBS:UPCOM:DAS,0,1,experiment-20261003T113748Z-acb3a2e7,CAFEF_C8_COMPLETE_ONLY_V1,-7.144516781834205,-2.9035346278355108
2024-10-31,KBS:UPCOM:DBM,0,1,experiment-20261003T113748Z-acb3a2e7,CAFEF_C8_COMPLETE_ONLY_V1,-6.939518193344004,-2.053628265933047
2024-10-31,KBS:UPCOM:DC1,0,1,experiment-20261003T113748Z-acb3a2e7,CAFEF_C8_COMPLETE_ONLY_V1,-7.115791859149864,1.6937645975977276
2024-10-31,KBS:UPCOM:DCF,0,1,experiment-20261003T113748Z-acb3a2e7,CAFEF_C8_COMPLETE_ONLY_V1,-7.109728102380108,-0.27431219854473105
2024-10-31,KBS:UPCOM:DCH,0,1,experiment-20261003T113748Z-acb3a2e7,CAFEF_C8_COMPLETE_ONLY_V1,-7.1185230651574525,-0.6593362677478943
2024-10-31,KBS:UPCOM:DCR,0,1,experiment-20261003T113748Z-acb3a2e7,CAFEF_C8_COMPLETE_ONLY_V1,-7.118370064206732,-0.7350938301015342
2024-10-31,KBS:UPCOM:DCS,0,1,experiment-20261003T113748Z-acb3a2e7,CAFEF_C8_COMPLETE_ONLY_V1,-7.102209527591001,-0.22802392384094233
2024-10-31,KBS:UPCOM:DCT,0,1,experiment-20261003T113748Z-acb3a2e7,CAFEF_C8_COMPLETE_ONLY_V1,-7.137378979713538,-1.7967621325901304
2024-10-31,KBS:UPCOM:DDH,0,1,experiment-20261003T113748Z-acb3a2e7,CAFEF_C8_COMPLETE_ONLY_V1,-7.111583418256721,5.788967113360857
2024-10-31,KBS:UPCOM:DDM,0,1,experiment-20261003T113748Z-acb3a2e7,CAFEF_C8_COMPLETE_ONLY_V1,-7.132690483862172,1.5219469834327548
2024-10-31,KBS:UPCOM:DDN,0,1,experiment-20261003T113748Z-acb3a2e7,CAFEF_C8_COMPLETE_ONLY_V1,-7.106639503829393,0.05607936108680887
2024-10-31,KBS:UPCOM:DDV,0,1,experiment-20261003T113748Z-acb3a2e7,CAFEF_C8_COMPLETE_ONLY_V1,-2.896171918096641,0.6684620270326674
2024-10-31,KBS:UPCOM:DFC,0,1,experiment-20261003T113748Z-acb3a2e7,CAFEF_C8_COMPLETE_ONLY_V1,-7.112985238283023,0.07460731487874446
2024-10-31,KBS:UPCOM:DGT,0,1,experiment-20261003T113748Z-acb3a2e7,CAFEF_C8_COMPLETE_ONLY_V1,-6.52116577739286,-1.1270490885774445
2024-10-31,KBS:UPCOM:DHB,0,1,experiment-20261003T113748Z-acb3a2e7,CAFEF_C8_COMPLETE_ONLY_V1,-7.092628160186471,-1.291554652079966
2024-10-31,KBS:UPCOM:DHD,0,1,experiment-20261003T113748Z-acb3a2e7,CAFEF_C8_COMPLETE_ONLY_V1,-7.069387540697225,1.2086991118654145
2024-10-31,KBS:UPCOM:DHN,0,1,experiment-20261003T113748Z-acb3a2e7,CAFEF_C8_COMPLETE_ONLY_V1,-7.099833353910356,1.3751253944913144
2024-10-31,KBS:UPCOM:DIC,0,1,experiment-20261003T113748Z-acb3a2e7,CAFEF_C8_COMPLETE_ONLY_V1,-7.122548434673389,-3.8071761082323246
2024-10-31,KBS:UPCOM:DID,0,1,experiment-20261003T113748Z-acb3a2e7,CAFEF_C8_COMPLETE_ONLY_V1,-7.104174444970904,-0.8545224964026232
2024-10-31,KBS:UPCOM:DKC,0,1,experiment-20261003T113748Z-acb3a2e7,CAFEF_C8_COMPLETE_ONLY_V1,-7.09088780154282,3.2326745383147077
2024-10-31,KBS:UPCOM:DLR,0,1,experiment-20261003T113748Z-acb3a2e7,CAFEF_C8_COMPLETE_ONLY_V1,-7.099282084262735,4.995787232409349
2024-10-31,KBS:UPCOM:DLT,0,1,experiment-20261003T113748Z-acb3a2e7,CAFEF_C8_COMPLETE_ONLY_V1,-7.1140310206966495,-1.0056626486595204
2024-10-31,KBS:UPCOM:DM7,0,1,experiment-20261003T113748Z-acb3a2e7,CAFEF_C8_COMPLETE_ONLY_V1,-7.1174085352826335,-2.98255913122746
2024-10-31,KBS:UPCOM:DNA,0,1,experiment-20261003T113748Z-acb3a2e7,CAFEF_C8_COMPLETE_ONLY_V1,-7.118278286556258,0.03071624642335016
2024-10-31,KBS:UPCOM:DND,0,1,experiment-20261003T113748Z-acb3a2e7,CAFEF_C8_COMPLETE_ONLY_V1,-7.105351451676004,1.5514276709177321
2024-10-31,KBS:UPCOM:DNE,0,1,experiment-20261003T113748Z-acb3a2e7,CAFEF_C8_COMPLETE_ONLY_V1,-7.1232623668614705,-0.8486952808609876
2024-10-31,KBS:UPCOM:DNH,0,1,experiment-20261003T113748Z-acb3a2e7,CAFEF_C8_COMPLETE_ONLY_V1,-7.114451328773002,-0.3079116968148144
2024-10-31,KBS:UPCOM:DNL,0,1,experiment-20261003T113748Z-acb3a2e7,CAFEF_C8_COMPLETE_ONLY_V1,-7.122190623938485,-0.048829240489834745
2024-10-31,KBS:UPCOM:DNM,0,1,experiment-20261003T113748Z-acb3a2e7,CAFEF_C8_COMPLETE_ONLY_V1,-7.130212595646966,-2.97801238667481
2024-10-31,KBS:UPCOM:DNT,0,1,experiment-20261003T113748Z-acb3a2e7,CAFEF_C8_COMPLETE_ONLY_V1,-7.127040692158249,-4.089084282691881
2024-10-31,KBS:UPCOM:DNW,0,1,experiment-20261003T113748Z-acb3a2e7,CAFEF_C8_COMPLETE_ONLY_V1,-6.777567644403907,-0.32543309879045534
2024-10-31,KBS:UPCOM:DOC,0,1,experiment-20261003T113748Z-acb3a2e7,CAFEF_C8_COMPLETE_ONLY_V1,-6.9050766503178185,0.9746149356322666
2024-10-31,KBS:UPCOM:DOP,0,1,experiment-20261003T113748Z-acb3a2e7,CAFEF_C8_COMPLETE_ONLY_V1,-7.108129608235737,2.3811641196667734
2024-10-31,KBS:UPCOM:DP1,0,1,experiment-20261003T113748Z-acb3a2e7,CAFEF_C8_COMPLETE_ONLY_V1,-7.084174163962211,0.8516662021218305
2024-10-31,KBS:UPCOM:DPH,0,1,experiment-20261003T113748Z-acb3a2e7,CAFEF_C8_COMPLETE_ONLY_V1,-7.10741815755496,0.9625182980456507
2024-10-31,KBS:UPCOM:DPP,0,1,experiment-20261003T113748Z-acb3a2e7,CAFEF_C8_COMPLETE_ONLY_V1,-7.1361579205276735,-6.757481431917742
2024-10-31,KBS:UPCOM:DRG,0,1,experiment-20261003T113748Z-acb3a2e7,CAFEF_C8_COMPLETE_ONLY_V1,-7.110767034425393,-0.9970609428710485
2024-10-31,KBS:UPCOM:DRI,0,1,experiment-20261003T113748Z-acb3a2e7,CAFEF_C8_COMPLETE_ONLY_V1,-5.3052643896964256,0.6839836032498732
2024-10-31,KBS:UPCOM:DSG,0,1,experiment-20261003T113748Z-acb3a2e7,CAFEF_C8_COMPLETE_ONLY_V1,-7.1082592096472865,1.1444047955506655
2024-10-31,KBS:UPCOM:DSP,0,1,experiment-20261003T113748Z-acb3a2e7,CAFEF_C8_COMPLETE_ONLY_V1,-7.113905335044624,2.4559332756007444
2024-10-31,KBS:UPCOM:DTI,0,1,experiment-20261003T113748Z-acb3a2e7,CAFEF_C8_COMPLETE_ONLY_V1,-7.10421793642363,-2.72463577186875
2024-10-31,KBS:UPCOM:DTP,0,1,experiment-20261003T113748Z-acb3a2e7,CAFEF_C8_COMPLETE_ONLY_V1,-7.084476206474222,0.11880281530923245
2024-10-31,KBS:UPCOM:DUS,0,1,experiment-20261003T113748Z-acb3a2e7,CAFEF_C8_COMPLETE_ONLY_V1,-7.118019088027097,-1.2891159172329498
2024-10-31,KBS:UPCOM:DVC,0,1,experiment-20261003T113748Z-acb3a2e7,CAFEF_C8_COMPLETE_ONLY_V1,-7.125109780458441,2.6327371267494275
2024-10-31,KBS:UPCOM:DVW,0,1,experiment-20261003T113748Z-acb3a2e7,CAFEF_C8_COMPLETE_ONLY_V1,-7.098598360979737,1.1977042010722672
2024-10-31,KBS:UPCOM:DWS,0,1,experiment-20261003T113748Z-acb3a2e7,CAFEF_C8_COMPLETE_ONLY_V1,-7.113571101833321,-2.567387317042187
2024-10-31,KBS:UPCOM:DXL,0,1,experiment-20261003T113748Z-acb3a2e7,CAFEF_C8_COMPLETE_ONLY_V1,-7.1560225993426,-3.057876291937187
2024-10-31,KBS:UPCOM:E12,0,1,experiment-20261003T113748Z-acb3a2e7,CAFEF_C8_COMPLETE_ONLY_V1,-7.114495035473856,-0.5920440994677425
2024-10-31,KBS:UPCOM:E29,0,1,experiment-20261003T113748Z-acb3a2e7,CAFEF_C8_COMPLETE_ONLY_V1,-7.149119898016093,-1.295972248928197
2024-10-31,KBS:UPCOM:EIC,0,1,experiment-20261003T113748Z-acb3a2e7,CAFEF_C8_COMPLETE_ONLY_V1,-7.112714817342848,-0.05938481725520123
2024-10-31,KBS:UPCOM:EIN,0,1,experiment-20261003T113748Z-acb3a2e7,CAFEF_C8_COMPLETE_ONLY_V1,-7.102195110820637,-2.259621058485063
2024-10-31,KBS:UPCOM:EMG,0,1,experiment-20261003T113748Z-acb3a2e7,CAFEF_C8_COMPLETE_ONLY_V1,-7.115786554708266,0.40014317156921003
2024-10-31,KBS:UPCOM:EMS,0,1,experiment-20261003T113748Z-acb3a2e7,CAFEF_C8_COMPLETE_ONLY_V1,-7.117392503807054,-1.2253076426251013
2024-10-31,KBS:UPCOM:FCC,0,1,experiment-20261003T113748Z-acb3a2e7,CAFEF_C8_COMPLETE_ONLY_V1,-7.107323864632003,-0.06143801102389034
2024-10-31,KBS:UPCOM:FCS,0,1,experiment-20261003T113748Z-acb3a2e7,CAFEF_C8_COMPLETE_ONLY_V1,-7.108160059006672,0.4832257587943734
2024-10-31,KBS:UPCOM:FHN,0,1,experiment-20261003T113748Z-acb3a2e7,CAFEF_C8_COMPLETE_ONLY_V1,-7.112816953586455,-0.26386390934309667
2024-10-31,KBS:UPCOM:FHS,0,1,experiment-20261003T113748Z-acb3a2e7,CAFEF_C8_COMPLETE_ONLY_V1,-7.1017616461638555,0.2896744499251724
2024-10-31,KBS:UPCOM:FIC,0,1,experiment-20261003T113748Z-acb3a2e7,CAFEF_C8_COMPLETE_ONLY_V1,-7.109289622795254,-0.015512131389942426
2024-10-31,KBS:UPCOM:FOC,0,1,experiment-20261003T113748Z-acb3a2e7,CAFEF_C8_COMPLETE_ONLY_V1,-6.704042148389516,0.01075273115193225
2024-10-31,KBS:UPCOM:FOX,0,1,experiment-20261003T113748Z-acb3a2e7,CAFEF_C8_COMPLETE_ONLY_V1,-5.154925118545999,1.2736491416636984
2024-10-31,KBS:UPCOM:FRC,0,1,experiment-20261003T113748Z-acb3a2e7,CAFEF_C8_COMPLETE_ONLY_V1,-7.1098604155709095,0.673832781933315
2024-10-31,KBS:UPCOM:FRM,0,1,experiment-20261003T113748Z-acb3a2e7,CAFEF_C8_COMPLETE_ONLY_V1,-7.10988691906622,0.17605215408441985
2024-10-31,KBS:UPCOM:FT1,0,1,experiment-20261003T113748Z-acb3a2e7,CAFEF_C8_COMPLETE_ONLY_V1,-6.959578622075678,0.8045948866144864
2024-10-31,KBS:UPCOM:FTI,0,1,experiment-20261003T113748Z-acb3a2e7,CAFEF_C8_COMPLETE_ONLY_V1,-7.107323864632003,-0.06143801102389034
2024-10-31,KBS:UPCOM:FTM,0,1,experiment-20261003T113748Z-acb3a2e7,CAFEF_C8_COMPLETE_ONLY_V1,-7.117047073857996,-3.3700665178604323
2024-10-31,KBS:UPCOM:G36,0,1,experiment-20261003T113748Z-acb3a2e7,CAFEF_C8_COMPLETE_ONLY_V1,-6.816290691752282,-0.9891294334056514
2024-10-31,KBS:UPCOM:GCB,0,1,experiment-20261003T113748Z-acb3a2e7,CAFEF_C8_COMPLETE_ONLY_V1,-7.107099952198671,-0.03416673378899014
2024-10-31,KBS:UPCOM:GER,0,1,experiment-20261003T113748Z-acb3a2e7,CAFEF_C8_COMPLETE_ONLY_V1,-7.138944239965629,-2.2253669580668602
2024-10-31,KBS:UPCOM:GGG,0,1,experiment-20261003T113748Z-acb3a2e7,CAFEF_C8_COMPLETE_ONLY_V1,-7.105514019943753,0.8534867335363328
2024-10-31,KBS:UPCOM:GH3,0,1,experiment-20261003T113748Z-acb3a2e7,CAFEF_C8_COMPLETE_ONLY_V1,-7.104482840831818,0.3021422502697199
2024-10-31,KBS:UPCOM:GLC,0,1,experiment-20261003T113748Z-acb3a2e7,CAFEF_C8_COMPLETE_ONLY_V1,-7.107323864632003,-0.06143801102389034
2024-10-31,KBS:UPCOM:GMC,0,1,experiment-20261003T113748Z-acb3a2e7,CAFEF_C8_COMPLETE_ONLY_V1,-7.101027293694257,-0.8077634161766362
2024-10-31,KBS:UPCOM:GND,0,1,experiment-20261003T113748Z-acb3a2e7,CAFEF_C8_COMPLETE_ONLY_V1,-7.122092392199827,0.9752985257208822
2024-10-31,KBS:UPCOM:GSM,0,1,experiment-20261003T113748Z-acb3a2e7,CAFEF_C8_COMPLETE_ONLY_V1,-7.093737565130935,0.37070515783391206
2024-10-31,KBS:UPCOM:GTD,0,1,experiment-20261003T113748Z-acb3a2e7,CAFEF_C8_COMPLETE_ONLY_V1,-7.144383520654268,-0.00910261142541533
2024-10-31,KBS:UPCOM:GTS,0,1,experiment-20261003T113748Z-acb3a2e7,CAFEF_C8_COMPLETE_ONLY_V1,-7.113535703225804,-1.9806722303584567
2024-10-31,KBS:UPCOM:H11,0,1,experiment-20261003T113748Z-acb3a2e7,CAFEF_C8_COMPLETE_ONLY_V1,-7.088985990207135,-2.481069544591625
2024-10-31,KBS:UPCOM:HAC,0,1,experiment-20261003T113748Z-acb3a2e7,CAFEF_C8_COMPLETE_ONLY_V1,-5.7611397012682,-1.0604392461069156
2024-10-31,KBS:UPCOM:HAF,0,1,experiment-20261003T113748Z-acb3a2e7,CAFEF_C8_COMPLETE_ONLY_V1,-7.123613743765451,-3.7820466560664787
2024-10-31,KBS:UPCOM:HAM,0,1,experiment-20261003T113748Z-acb3a2e7,CAFEF_C8_COMPLETE_ONLY_V1,-7.117119313280454,-0.7284684672547159
2024-10-31,KBS:UPCOM:HAN,0,1,experiment-20261003T113748Z-acb3a2e7,CAFEF_C8_COMPLETE_ONLY_V1,-7.086585239853756,-0.17372070731586972
2024-10-31,KBS:UPCOM:HBD,0,1,experiment-20261003T113748Z-acb3a2e7,CAFEF_C8_COMPLETE_ONLY_V1,-7.11502088096438,-0.39177096830041097
2024-10-31,KBS:UPCOM:HBH,0,1,experiment-20261003T113748Z-acb3a2e7,CAFEF_C8_COMPLETE_ONLY_V1,-7.135271424757394,-3.041697882636347
2024-10-31,KBS:UPCOM:HD6,0,1,experiment-20261003T113748Z-acb3a2e7,CAFEF_C8_COMPLETE_ONLY_V1,-7.044242829541497,-2.1403968568608027
2024-10-31,KBS:UPCOM:HDW,0,1,experiment-20261003T113748Z-acb3a2e7,CAFEF_C8_COMPLETE_ONLY_V1,-7.114906588980462,0.9384155045545588
2024-10-31,KBS:UPCOM:HEJ,0,1,experiment-20261003T113748Z-acb3a2e7,CAFEF_C8_COMPLETE_ONLY_V1,-7.120535976109354,1.4236542081856247
2024-10-31,KBS:UPCOM:HEP,0,1,experiment-20261003T113748Z-acb3a2e7,CAFEF_C8_COMPLETE_ONLY_V1,-7.107258473025775,1.022202899389773
2024-10-31,KBS:UPCOM:HES,0,1,experiment-20261003T113748Z-acb3a2e7,CAFEF_C8_COMPLETE_ONLY_V1,-7.065853549112615,16.51872530519284
2024-10-31,KBS:UPCOM:HHG,0,1,experiment-20261003T113748Z-acb3a2e7,CAFEF_C8_COMPLETE_ONLY_V1,-7.0263104978330215,-2.3019057377549443
2024-10-31,KBS:UPCOM:HLB,0,1,experiment-20261003T113748Z-acb3a2e7,CAFEF_C8_COMPLETE_ONLY_V1,-7.110347103870372,0.4545239980284886
2024-10-31,KBS:UPCOM:HLS,0,1,experiment-20261003T113748Z-acb3a2e7,CAFEF_C8_COMPLETE_ONLY_V1,-7.1194761169063785,5.5732286047529795
2024-10-31,KBS:UPCOM:HND,0,1,experiment-20261003T113748Z-acb3a2e7,CAFEF_C8_COMPLETE_ONLY_V1,-7.0490953286967075,-0.6777288739307146
2024-10-31,KBS:UPCOM:HNF,0,1,experiment-20261003T113748Z-acb3a2e7,CAFEF_C8_COMPLETE_ONLY_V1,-7.009184682877514,0.9067732930800777
2024-10-31,KBS:UPCOM:HNM,0,1,experiment-20261003T113748Z-acb3a2e7,CAFEF_C8_COMPLETE_ONLY_V1,-6.8387630298061755,-0.39104164567922084
2024-10-31,KBS:UPCOM:HPH,0,1,experiment-20261003T113748Z-acb3a2e7,CAFEF_C8_COMPLETE_ONLY_V1,-7.119265503194094,-0.8096704524327459
2024-10-31,KBS:UPCOM:HPT,0,1,experiment-20261003T113748Z-acb3a2e7,CAFEF_C8_COMPLETE_ONLY_V1,-7.107631407048923,1.246074202215093
2024-10-31,KBS:UPCOM:HTM,0,1,experiment-20261003T113748Z-acb3a2e7,CAFEF_C8_COMPLETE_ONLY_V1,-7.1074541000677405,0.19501849615058492
2024-10-31,KBS:UPCOM:HWS,0,1,experiment-20261003T113748Z-acb3a2e7,CAFEF_C8_COMPLETE_ONLY_V1,-7.092469473590286,0.8680360599904546
2024-10-31,KBS:UPCOM:ICI,0,1,experiment-20261003T113748Z-acb3a2e7,CAFEF_C8_COMPLETE_ONLY_V1,-7.142635379026764,0.5332741324270034
2024-10-31,KBS:UPCOM:ICN,0,1,experiment-20261003T113748Z-acb3a2e7,CAFEF_C8_COMPLETE_ONLY_V1,-7.056098844949706,0.8286332635121264
2024-10-31,KBS:UPCOM:IFS,0,1,experiment-20261003T113748Z-acb3a2e7,CAFEF_C8_COMPLETE_ONLY_V1,-7.06508602362814,-1.870648870228428
2024-10-31,KBS:UPCOM:ILA,0,1,experiment-20261003T113748Z-acb3a2e7,CAFEF_C8_COMPLETE_ONLY_V1,-7.0434142951026715,-0.9509019843811255
2024-10-31,KBS:UPCOM:ILC,0,1,experiment-20261003T113748Z-acb3a2e7,CAFEF_C8_COMPLETE_ONLY_V1,-7.138172410681542,-0.6550379866700614
2024-10-31,KBS:UPCOM:ILS,0,1,experiment-20261003T113748Z-acb3a2e7,CAFEF_C8_COMPLETE_ONLY_V1,-7.124421528420323,1.8463129405208674
2024-10-31,KBS:UPCOM:IST,0,1,experiment-20261003T113748Z-acb3a2e7,CAFEF_C8_COMPLETE_ONLY_V1,-7.11367296563092,2.5375399590647354
2024-10-31,KBS:UPCOM:JOS,0,1,experiment-20261003T113748Z-acb3a2e7,CAFEF_C8_COMPLETE_ONLY_V1,-7.131636686817729,-2.4061138931002692
2024-10-31,KBS:UPCOM:KHW,0,1,experiment-20261003T113748Z-acb3a2e7,CAFEF_C8_COMPLETE_ONLY_V1,-7.133579875556476,0.10296674178472567
2024-10-31,KBS:UPCOM:KIP,0,1,experiment-20261003T113748Z-acb3a2e7,CAFEF_C8_COMPLETE_ONLY_V1,-7.101249717077027,1.3410863765575138
2024-10-31,KBS:UPCOM:L63,0,1,experiment-20261003T113748Z-acb3a2e7,CAFEF_C8_COMPLETE_ONLY_V1,-7.113112006937984,0.7868421111661369
2024-10-31,KBS:UPCOM:LAI,0,1,experiment-20261003T113748Z-acb3a2e7,CAFEF_C8_COMPLETE_ONLY_V1,-6.938756326856451,-0.3693298132052448
2024-10-31,KBS:UPCOM:LIC,0,1,experiment-20261003T113748Z-acb3a2e7,CAFEF_C8_COMPLETE_ONLY_V1,-6.878606850758501,8.674394231573675
2024-10-31,KBS:UPCOM:LLM,0,1,experiment-20261003T113748Z-acb3a2e7,CAFEF_C8_COMPLETE_ONLY_V1,-7.113756797658463,-0.40751970770087986
2024-10-31,KBS:UPCOM:LMI,0,1,experiment-20261003T113748Z-acb3a2e7,CAFEF_C8_COMPLETE_ONLY_V1,-7.107653187873404,2.4461524728475537
2024-10-31,KBS:UPCOM:LTC,0,1,experiment-20261003T113748Z-acb3a2e7,CAFEF_C8_COMPLETE_ONLY_V1,-7.150396208298898,-8.292745636774232
2024-10-31,KBS:UPCOM:MDF,0,1,experiment-20261003T113748Z-acb3a2e7,CAFEF_C8_COMPLETE_ONLY_V1,-7.127622547379005,-2.7415479516784593
2024-10-31,KBS:UPCOM:MEC,0,1,experiment-20261003T113748Z-acb3a2e7,CAFEF_C8_COMPLETE_ONLY_V1,-7.124407252459911,-1.5870946415474325
2024-10-31,KBS:UPCOM:MFS,0,1,experiment-20261003T113748Z-acb3a2e7,CAFEF_C8_COMPLETE_ONLY_V1,-6.468752878343016,0.3046932939598087
2024-10-31,KBS:UPCOM:MGC,0,1,experiment-20261003T113748Z-acb3a2e7,CAFEF_C8_COMPLETE_ONLY_V1,-7.098241125511916,0.6062109478677506
2024-10-31,KBS:UPCOM:MGG,0,1,experiment-20261003T113748Z-acb3a2e7,CAFEF_C8_COMPLETE_ONLY_V1,-7.11583554335009,0.7963795558502602
2024-10-31,KBS:UPCOM:MPC,0,1,experiment-20261003T113748Z-acb3a2e7,CAFEF_C8_COMPLETE_ONLY_V1,-6.650426586628777,-0.4886086662061362
2024-10-31,KBS:UPCOM:MSR,0,1,experiment-20261003T113748Z-acb3a2e7,CAFEF_C8_COMPLETE_ONLY_V1,24.4073176208739,-1.295684144493079
2024-10-31,KBS:UPCOM:MVN,0,1,experiment-20261003T113748Z-acb3a2e7,CAFEF_C8_COMPLETE_ONLY_V1,-7.045756894728478,0.8607374461982339
2024-10-31,KBS:UPCOM:NAU,0,1,experiment-20261003T113748Z-acb3a2e7,CAFEF_C8_COMPLETE_ONLY_V1,-7.102113383574917,1.5867710435577915
2024-10-31,KBS:UPCOM:NBT,0,1,experiment-20261003T113748Z-acb3a2e7,CAFEF_C8_COMPLETE_ONLY_V1,-7.106265010410597,1.100205474600064
2024-10-31,KBS:UPCOM:ND2,0,1,experiment-20261003T113748Z-acb3a2e7,CAFEF_C8_COMPLETE_ONLY_V1,-7.072677268885186,1.1414173353976331
2024-10-31,KBS:UPCOM:NOS,0,1,experiment-20261003T113748Z-acb3a2e7,CAFEF_C8_COMPLETE_ONLY_V1,-7.137176049966344,-3.1632803780033973
2024-10-31,KBS:UPCOM:NQN,0,1,experiment-20261003T113748Z-acb3a2e7,CAFEF_C8_COMPLETE_ONLY_V1,-7.116689387887808,-0.46811303027457374
2024-10-31,KBS:UPCOM:NTT,0,1,experiment-20261003T113748Z-acb3a2e7,CAFEF_C8_COMPLETE_ONLY_V1,-7.116950989850267,1.6473285040890184
2024-10-31,KBS:UPCOM:NTW,0,1,experiment-20261003T113748Z-acb3a2e7,CAFEF_C8_COMPLETE_ONLY_V1,-7.071517260014376,1.7019896956008878
2024-10-31,KBS:UPCOM:NUE,0,1,experiment-20261003T113748Z-acb3a2e7,CAFEF_C8_COMPLETE_ONLY_V1,-7.109112726399156,0.2620371119855755
2024-10-31,KBS:UPCOM:OIL,0,1,experiment-20261003T113748Z-acb3a2e7,CAFEF_C8_COMPLETE_ONLY_V1,-1.9339161301009553,-1.2746027464030238
2024-10-31,KBS:UPCOM:PCC,0,1,experiment-20261003T113748Z-acb3a2e7,CAFEF_C8_COMPLETE_ONLY_V1,-7.057307165864402,3.8911014144327827
2024-10-31,KBS:UPCOM:PCF,0,1,experiment-20261003T113748Z-acb3a2e7,CAFEF_C8_COMPLETE_ONLY_V1,-7.053603463702128,0.13569062782114444
2024-10-31,KBS:UPCOM:PFL,0,1,experiment-20261003T113748Z-acb3a2e7,CAFEF_C8_COMPLETE_ONLY_V1,-7.041157642647864,-1.479827968629121
2024-10-31,KBS:UPCOM:PHP,0,1,experiment-20261003T113748Z-acb3a2e7,CAFEF_C8_COMPLETE_ONLY_V1,-6.024341418749537,1.8055374833540894
2024-10-31,KBS:UPCOM:PHS,0,1,experiment-20261003T113748Z-acb3a2e7,CAFEF_C8_COMPLETE_ONLY_V1,-7.126197201811393,0.7774556719838237
2024-10-31,KBS:UPCOM:PVE,0,1,experiment-20261003T113748Z-acb3a2e7,CAFEF_C8_COMPLETE_ONLY_V1,-7.1218698659752935,-0.7874614203028262
2024-10-31,KBS:UPCOM:PVL,0,1,experiment-20261003T113748Z-acb3a2e7,CAFEF_C8_COMPLETE_ONLY_V1,-7.043766040966944,1.1410288870782637
2024-10-31,KBS:UPCOM:PVX,0,1,experiment-20261003T113748Z-acb3a2e7,CAFEF_C8_COMPLETE_ONLY_V1,-6.9774085906722005,-0.809687099937192
2024-10-31,KBS:UPCOM:PWA,0,1,experiment-20261003T113748Z-acb3a2e7,CAFEF_C8_COMPLETE_ONLY_V1,-6.997176801815643,-0.8019075213873534
2024-10-31,KBS:UPCOM:PWS,0,1,experiment-20261003T113748Z-acb3a2e7,CAFEF_C8_COMPLETE_ONLY_V1,-7.104145402467765,2.3718266535670627
2024-10-31,KBS:UPCOM:PXA,0,1,experiment-20261003T113748Z-acb3a2e7,CAFEF_C8_COMPLETE_ONLY_V1,-7.119732811382003,-0.8104885641605764
2024-10-31,KBS:UPCOM:PXI,0,1,experiment-20261003T113748Z-acb3a2e7,CAFEF_C8_COMPLETE_ONLY_V1,-7.079620542511528,-2.4828867548314757
2024-10-31,KBS:UPCOM:PXM,0,1,experiment-20261003T113748Z-acb3a2e7,CAFEF_C8_COMPLETE_ONLY_V1,-7.127747300294747,-2.652988427336865
2024-10-31,KBS:UPCOM:PXS,0,1,experiment-20261003T113748Z-acb3a2e7,CAFEF_C8_COMPLETE_ONLY_V1,-7.096300669085554,-2.1659570380635214
2024-10-31,KBS:UPCOM:QCC,0,1,experiment-20261003T113748Z-acb3a2e7,CAFEF_C8_COMPLETE_ONLY_V1,-7.138406030347839,-1.0689748970966577
2024-10-31,KBS:UPCOM:QHW,0,1,experiment-20261003T113748Z-acb3a2e7,CAFEF_C8_COMPLETE_ONLY_V1,-7.113980015431909,-0.6248043758303234
2024-10-31,KBS:UPCOM:QNC,0,1,experiment-20261003T113748Z-acb3a2e7,CAFEF_C8_COMPLETE_ONLY_V1,-7.11196920467594,-1.0499123805032267
2024-10-31,KBS:UPCOM:QNS,0,1,experiment-20261003T113748Z-acb3a2e7,CAFEF_C8_COMPLETE_ONLY_V1,1.5338033135738043,0.16448275368102713
2024-10-31,KBS:UPCOM:QPH,0,1,experiment-20261003T113748Z-acb3a2e7,CAFEF_C8_COMPLETE_ONLY_V1,-7.111002671089249,-0.4482067949376309
2024-10-31,KBS:UPCOM:QSP,0,1,experiment-20261003T113748Z-acb3a2e7,CAFEF_C8_COMPLETE_ONLY_V1,-7.112437854557928,-1.1614215948251079
2024-10-31,KBS:UPCOM:RIC,0,1,experiment-20261003T113748Z-acb3a2e7,CAFEF_C8_COMPLETE_ONLY_V1,-7.128293733818299,-0.6886636443130412
2024-10-31,KBS:UPCOM:S74,0,1,experiment-20261003T113748Z-acb3a2e7,CAFEF_C8_COMPLETE_ONLY_V1,-7.108843367912508,2.7644902678751015
2024-10-31,KBS:UPCOM:SBD,0,1,experiment-20261003T113748Z-acb3a2e7,CAFEF_C8_COMPLETE_ONLY_V1,-7.043103491000604,-0.7468180240053879
2024-10-31,KBS:UPCOM:SBM,0,1,experiment-20261003T113748Z-acb3a2e7,CAFEF_C8_COMPLETE_ONLY_V1,-7.107000709552197,0.9060131055611886
2024-10-31,KBS:UPCOM:SCJ,0,1,experiment-20261003T113748Z-acb3a2e7,CAFEF_C8_COMPLETE_ONLY_V1,-6.983996754582982,-0.7286082741381025
2024-10-31,KBS:UPCOM:SCL,0,1,experiment-20261003T113748Z-acb3a2e7,CAFEF_C8_COMPLETE_ONLY_V1,-6.984827468960405,-1.1590656482489714
2024-10-31,KBS:UPCOM:SD2,0,1,experiment-20261003T113748Z-acb3a2e7,CAFEF_C8_COMPLETE_ONLY_V1,-7.1189402423762,-0.6853633294716881
2024-10-31,KBS:UPCOM:SD7,0,1,experiment-20261003T113748Z-acb3a2e7,CAFEF_C8_COMPLETE_ONLY_V1,-7.107920516965895,-0.7638574864523353
2024-10-31,KBS:UPCOM:SDP,0,1,experiment-20261003T113748Z-acb3a2e7,CAFEF_C8_COMPLETE_ONLY_V1,-7.127462586435922,-1.1931182297703127
2024-10-31,KBS:UPCOM:SEA,0,1,experiment-20261003T113748Z-acb3a2e7,CAFEF_C8_COMPLETE_ONLY_V1,-7.06522428008817,5.047872195670184
2024-10-31,KBS:UPCOM:SGB,0,1,experiment-20261003T113748Z-acb3a2e7,CAFEF_C8_COMPLETE_ONLY_V1,-5.553399675558165,-0.5692299609751148
2024-10-31,KBS:UPCOM:SGS,0,1,experiment-20261003T113748Z-acb3a2e7,CAFEF_C8_COMPLETE_ONLY_V1,-7.112371675332182,0.5244205218937997
2024-10-31,KBS:UPCOM:SID,0,1,experiment-20261003T113748Z-acb3a2e7,CAFEF_C8_COMPLETE_ONLY_V1,-7.116092117267275,-1.1477787183402401
2024-10-31,KBS:UPCOM:SJG,0,1,experiment-20261003T113748Z-acb3a2e7,CAFEF_C8_COMPLETE_ONLY_V1,-7.111162911358479,2.72938073936692
2024-10-31,KBS:UPCOM:SKV,0,1,experiment-20261003T113748Z-acb3a2e7,CAFEF_C8_COMPLETE_ONLY_V1,-6.9882081369604085,-2.346712648116371
2024-10-31,KBS:UPCOM:SRB,0,1,experiment-20261003T113748Z-acb3a2e7,CAFEF_C8_COMPLETE_ONLY_V1,-7.119881641532463,-1.283001563492222
2024-10-31,KBS:UPCOM:SSG,0,1,experiment-20261003T113748Z-acb3a2e7,CAFEF_C8_COMPLETE_ONLY_V1,-7.074496752470372,-1.9215592433636326
2024-10-31,KBS:UPCOM:SSH,0,1,experiment-20261003T113748Z-acb3a2e7,CAFEF_C8_COMPLETE_ONLY_V1,-5.512663035867746,-0.14722008001015924
2024-10-31,KBS:UPCOM:STT,0,1,experiment-20261003T113748Z-acb3a2e7,CAFEF_C8_COMPLETE_ONLY_V1,-7.121067653652669,-2.0590271508761857
2024-10-31,KBS:UPCOM:SWC,0,1,experiment-20261003T113748Z-acb3a2e7,CAFEF_C8_COMPLETE_ONLY_V1,-7.069235915214847,-0.7577281695336503
2024-10-31,KBS:UPCOM:TDB,0,1,experiment-20261003T113748Z-acb3a2e7,CAFEF_C8_COMPLETE_ONLY_V1,-7.021728388002336,0.1604372893951693
2024-10-31,KBS:UPCOM:TDS,0,1,experiment-20261003T113748Z-acb3a2e7,CAFEF_C8_COMPLETE_ONLY_V1,-7.096855650762487,-1.497034939652573
2024-10-31,KBS:UPCOM:TGP,0,1,experiment-20261003T113748Z-acb3a2e7,CAFEF_C8_COMPLETE_ONLY_V1,-7.115564815564389,-1.5106991522737618
2024-10-31,KBS:UPCOM:THW,0,1,experiment-20261003T113748Z-acb3a2e7,CAFEF_C8_COMPLETE_ONLY_V1,-7.10989159969644,1.663817510260233
2024-10-31,KBS:UPCOM:TIS,0,1,experiment-20261003T113748Z-acb3a2e7,CAFEF_C8_COMPLETE_ONLY_V1,-6.176978939592965,0.08905874735619286
2024-10-31,KBS:UPCOM:TLP,0,1,experiment-20261003T113748Z-acb3a2e7,CAFEF_C8_COMPLETE_ONLY_V1,-1.6656349086632036,0.2153002800644709
2024-10-31,KBS:UPCOM:TNW,0,1,experiment-20261003T113748Z-acb3a2e7,CAFEF_C8_COMPLETE_ONLY_V1,-7.123346390194239,-0.7617060534256352
2024-10-31,KBS:UPCOM:TOS,0,1,experiment-20261003T113748Z-acb3a2e7,CAFEF_C8_COMPLETE_ONLY_V1,-6.851020289433532,2.3131880517181083
2024-10-31,KBS:UPCOM:TOW,0,1,experiment-20261003T113748Z-acb3a2e7,CAFEF_C8_COMPLETE_ONLY_V1,-7.107023003974671,3.561244774728001
2024-10-31,KBS:UPCOM:TSD,0,1,experiment-20261003T113748Z-acb3a2e7,CAFEF_C8_COMPLETE_ONLY_V1,-7.049960681421405,5.733239750717041
2024-10-31,KBS:UPCOM:TST,0,1,experiment-20261003T113748Z-acb3a2e7,CAFEF_C8_COMPLETE_ONLY_V1,-7.124230104448256,0.006737075279097634
2024-10-31,KBS:UPCOM:TTD,0,1,experiment-20261003T113748Z-acb3a2e7,CAFEF_C8_COMPLETE_ONLY_V1,-7.087825232937161,0.4565613353272897
2024-10-31,KBS:UPCOM:TTG,0,1,experiment-20261003T113748Z-acb3a2e7,CAFEF_C8_COMPLETE_ONLY_V1,-7.106179530991848,7.028363314273738
2024-10-31,KBS:UPCOM:TTS,0,1,experiment-20261003T113748Z-acb3a2e7,CAFEF_C8_COMPLETE_ONLY_V1,-7.138581334807887,-1.938950844096226
2024-10-31,KBS:UPCOM:TUG,0,1,experiment-20261003T113748Z-acb3a2e7,CAFEF_C8_COMPLETE_ONLY_V1,-7.00785167123226,1.1595644816602557
2024-10-31,KBS:UPCOM:TV1,0,1,experiment-20261003T113748Z-acb3a2e7,CAFEF_C8_COMPLETE_ONLY_V1,-7.026966803048069,0.23396760580400852
2024-10-31,KBS:UPCOM:TVN,0,1,experiment-20261003T113748Z-acb3a2e7,CAFEF_C8_COMPLETE_ONLY_V1,-5.597931763427466,-2.1749560901067997
2024-10-31,KBS:UPCOM:UDC,0,1,experiment-20261003T113748Z-acb3a2e7,CAFEF_C8_COMPLETE_ONLY_V1,-7.088224989865711,-0.7434275661573994
2024-10-31,KBS:UPCOM:USC,0,1,experiment-20261003T113748Z-acb3a2e7,CAFEF_C8_COMPLETE_ONLY_V1,-7.121832801380195,-0.2724778746158431
2024-10-31,KBS:UPCOM:VAV,0,1,experiment-20261003T113748Z-acb3a2e7,CAFEF_C8_COMPLETE_ONLY_V1,-7.075288703056698,1.588984380987295
2024-10-31,KBS:UPCOM:VCP,0,1,experiment-20261003T113748Z-acb3a2e7,CAFEF_C8_COMPLETE_ONLY_V1,-6.760081634838089,1.070134226134532
2024-10-31,KBS:UPCOM:VCR,0,1,experiment-20261003T113748Z-acb3a2e7,CAFEF_C8_COMPLETE_ONLY_V1,9.750429329760786,-0.37963399182827184
2024-10-31,KBS:UPCOM:VDN,0,1,experiment-20261003T113748Z-acb3a2e7,CAFEF_C8_COMPLETE_ONLY_V1,-7.123686191620635,1.826276865865869
2024-10-31,KBS:UPCOM:VEA,0,1,experiment-20261003T113748Z-acb3a2e7,CAFEF_C8_COMPLETE_ONLY_V1,1.8533120444149989,1.2840333863886235
2024-10-31,KBS:UPCOM:VGG,0,1,experiment-20261003T113748Z-acb3a2e7,CAFEF_C8_COMPLETE_ONLY_V1,-7.0423867824529225,1.301710581628598
2024-10-31,KBS:UPCOM:VGI,0,1,experiment-20261003T113748Z-acb3a2e7,CAFEF_C8_COMPLETE_ONLY_V1,24.244516542696896,2.7793876292499062
2024-10-31,KBS:UPCOM:VGT,0,1,experiment-20261003T113748Z-acb3a2e7,CAFEF_C8_COMPLETE_ONLY_V1,-2.030046094556691,-0.4192119964733416
2024-10-31,KBS:UPCOM:VHG,0,1,experiment-20261003T113748Z-acb3a2e7,CAFEF_C8_COMPLETE_ONLY_V1,-6.893857247182196,-0.8653538018327076
2024-10-31,KBS:UPCOM:VIM,0,1,experiment-20261003T113748Z-acb3a2e7,CAFEF_C8_COMPLETE_ONLY_V1,-7.137715439590863,-6.045059163161752
2024-10-31,KBS:UPCOM:VIN,0,1,experiment-20261003T113748Z-acb3a2e7,CAFEF_C8_COMPLETE_ONLY_V1,-7.113350920178365,1.498079391440315
2024-10-31,KBS:UPCOM:VIW,0,1,experiment-20261003T113748Z-acb3a2e7,CAFEF_C8_COMPLETE_ONLY_V1,-7.118964827022148,2.2403488936979965
2024-10-31,KBS:UPCOM:VKC,0,1,experiment-20261003T113748Z-acb3a2e7,CAFEF_C8_COMPLETE_ONLY_V1,-7.095272599890843,-0.45348868101137935
2024-10-31,KBS:UPCOM:VLG,0,1,experiment-20261003T113748Z-acb3a2e7,CAFEF_C8_COMPLETE_ONLY_V1,-6.988631339013325,1.8690584080984394
2024-10-31,KBS:UPCOM:VLW,0,1,experiment-20261003T113748Z-acb3a2e7,CAFEF_C8_COMPLETE_ONLY_V1,-7.112432673356889,0.009835516938506272
2024-10-31,KBS:UPCOM:VNB,0,1,experiment-20261003T113748Z-acb3a2e7,CAFEF_C8_COMPLETE_ONLY_V1,-6.981731476803017,0.02737055380458189
2024-10-31,KBS:UPCOM:VPR,0,1,experiment-20261003T113748Z-acb3a2e7,CAFEF_C8_COMPLETE_ONLY_V1,-7.110257794109541,0.18254437142989405
2024-10-31,KBS:UPCOM:VSE,0,1,experiment-20261003T113748Z-acb3a2e7,CAFEF_C8_COMPLETE_ONLY_V1,-7.109771653146645,-1.0365322152015821
2024-10-31,KBS:UPCOM:VST,0,1,experiment-20261003T113748Z-acb3a2e7,CAFEF_C8_COMPLETE_ONLY_V1,-7.109814695605058,-0.9042652547002673
2024-10-31,KBS:UPCOM:VTK,0,1,experiment-20261003T113748Z-acb3a2e7,CAFEF_C8_COMPLETE_ONLY_V1,-6.427312919561288,2.2814714286767934
2024-10-31,KBS:UPCOM:VW3,0,1,experiment-20261003T113748Z-acb3a2e7,CAFEF_C8_COMPLETE_ONLY_V1,-7.124118659591076,-1.7620871123389044
2024-10-31,KBS:UPCOM:WSB,0,1,experiment-20261003T113748Z-acb3a2e7,CAFEF_C8_COMPLETE_ONLY_V1,-4.916277224368408,0.13879750271900243
2024-10-31,KBS:UPCOM:XMC,0,1,experiment-20261003T113748Z-acb3a2e7,CAFEF_C8_COMPLETE_ONLY_V1,-7.103093047145745,-0.40013906465118015
2024-10-31,KBS:UPCOM:XMP,0,1,experiment-20261003T113748Z-acb3a2e7,CAFEF_C8_COMPLETE_ONLY_V1,-7.12923924917802,0.5183564739644274
2024-11-29,KBS:HNX:ADC,0,1,experiment-20261003T113748Z-acb3a2e7,CAFEF_C8_COMPLETE_ONLY_V1,-7.828639278679012,0.3532870187144389
2024-11-29,KBS:HNX:ALT,0,1,experiment-20261003T113748Z-acb3a2e7,CAFEF_C8_COMPLETE_ONLY_V1,-7.825626373264018,-1.1269400038871333
2024-11-29,KBS:HNX:AMC,0,1,experiment-20261003T113748Z-acb3a2e7,CAFEF_C8_COMPLETE_ONLY_V1,-7.827935335187696,-0.3503667445917938
2024-11-29,KBS:HNX:AME,0,1,experiment-20261003T113748Z-acb3a2e7,CAFEF_C8_COMPLETE_ONLY_V1,-7.834798604575984,-2.5035648937719843
2024-11-29,KBS:HNX:AMV,0,1,experiment-20261003T113748Z-acb3a2e7,CAFEF_C8_COMPLETE_ONLY_V1,-7.339259173116685,-5.765586428156834
2024-11-29,KBS:HNX:API,0,1,experiment-20261003T113748Z-acb3a2e7,CAFEF_C8_COMPLETE_ONLY_V1,-5.7479531204868115,-1.545499277818354
2024-11-29,KBS:HNX:APS,0,1,experiment-20261003T113748Z-acb3a2e7,CAFEF_C8_COMPLETE_ONLY_V1,-6.9050826250283,-1.8688779817884789
2024-11-29,KBS:HNX:ARM,0,1,experiment-20261003T113748Z-acb3a2e7,CAFEF_C8_COMPLETE_ONLY_V1,-7.830110058230628,-1.2447145579678178
2024-11-29,KBS:HNX:ATS,0,1,experiment-20261003T113748Z-acb3a2e7,CAFEF_C8_COMPLETE_ONLY_V1,-7.8321203461231415,-4.082258487331394
2024-11-29,KBS:HNX:BAB,0,1,experiment-20261003T113748Z-acb3a2e7,CAFEF_C8_COMPLETE_ONLY_V1,-1.5683697969497743,-0.6431060763246285
2024-11-29,KBS:HNX:BAX,0,1,experiment-20261003T113748Z-acb3a2e7,CAFEF_C8_COMPLETE_ONLY_V1,-7.816904193401636,-0.32160360417199496
2024-11-29,KBS:HNX:BBS,0,1,experiment-20261003T113748Z-acb3a2e7,CAFEF_C8_COMPLETE_ONLY_V1,-7.832844118774649,0.1575926406158074
2024-11-29,KBS:HNX:BCF,0,1,experiment-20261003T113748Z-acb3a2e7,CAFEF_C8_COMPLETE_ONLY_V1,-7.814299704889365,1.3491978169571108
2024-11-29,KBS:HNX:BED,0,1,experiment-20261003T113748Z-acb3a2e7,CAFEF_C8_COMPLETE_ONLY_V1,-7.83263553879092,-0.5109927257610417
2024-11-29,KBS:HNX:BKC,0,1,experiment-20261003T113748Z-acb3a2e7,CAFEF_C8_COMPLETE_ONLY_V1,-7.78908979167188,4.840681879014188
2024-11-29,KBS:HNX:BNA,0,1,experiment-20261003T113748Z-acb3a2e7,CAFEF_C8_COMPLETE_ONLY_V1,-7.003599190925426,-0.15945446917067424
2024-11-29,KBS:HNX:BPC,0,1,experiment-20261003T113748Z-acb3a2e7,CAFEF_C8_COMPLETE_ONLY_V1,-7.824176370412125,-0.5202622642226188
2024-11-29,KBS:HNX:BTS,0,1,experiment-20261003T113748Z-acb3a2e7,CAFEF_C8_COMPLETE_ONLY_V1,-7.808650362621113,-0.8862775979573718
2024-11-29,KBS:HNX:BTW,0,1,experiment-20261003T113748Z-acb3a2e7,CAFEF_C8_COMPLETE_ONLY_V1,-7.816771661838086,-0.48019311592808506
2024-11-29,KBS:HNX:BVS,0,1,experiment-20261003T113748Z-acb3a2e7,CAFEF_C8_COMPLETE_ONLY_V1,7.344738309347477,-0.8884365555431423
2024-11-29,KBS:HNX:BXH,0,1,experiment-20261003T113748Z-acb3a2e7,CAFEF_C8_COMPLETE_ONLY_V1,-7.779325026917594,4.622074268281127
2024-11-29,KBS:HNX:C69,0,1,experiment-20261003T113748Z-acb3a2e7,CAFEF_C8_COMPLETE_ONLY_V1,-6.722268962333728,-1.6851290749346406
2024-11-29,KBS:HNX:CAG,0,1,experiment-20261003T113748Z-acb3a2e7,CAFEF_C8_COMPLETE_ONLY_V1,-7.8147272384487625,-1.504219239132957
2024-11-29,KBS:HNX:CAN,0,1,experiment-20261003T113748Z-acb3a2e7,CAFEF_C8_COMPLETE_ONLY_V1,-7.841374328521478,6.730927316824488
2024-11-29,KBS:HNX:CAP,0,1,experiment-20261003T113748Z-acb3a2e7,CAFEF_C8_COMPLETE_ONLY_V1,-7.21788874651784,-1.8835911939675825
2024-11-29,KBS:HNX:CCR,0,1,experiment-20261003T113748Z-acb3a2e7,CAFEF_C8_COMPLETE_ONLY_V1,-7.832582875004174,1.153168420811561
2024-11-29,KBS:HNX:CDN,0,1,experiment-20261003T113748Z-acb3a2e7,CAFEF_C8_COMPLETE_ONLY_V1,-7.6306164361160675,0.5719047186260643
2024-11-29,KBS:HNX:CEO,0,1,experiment-20261003T113748Z-acb3a2e7,CAFEF_C8_COMPLETE_ONLY_V1,21.672009007118202,-2.1122357624553403
2024-11-29,KBS:HNX:CET,0,1,experiment-20261003T113748Z-acb3a2e7,CAFEF_C8_COMPLETE_ONLY_V1,-7.831578558465217,-2.728549326609734
2024-11-29,KBS:HNX:CIA,0,1,experiment-20261003T113748Z-acb3a2e7,CAFEF_C8_COMPLETE_ONLY_V1,-7.802525716647905,-1.0852191833717377
2024-11-29,KBS:HNX:CJC,0,1,experiment-20261003T113748Z-acb3a2e7,CAFEF_C8_COMPLETE_ONLY_V1,-7.828942451850533,-0.18746495744638905
2024-11-29,KBS:HNX:CKV,0,1,experiment-20261003T113748Z-acb3a2e7,CAFEF_C8_COMPLETE_ONLY_V1,-7.828237258784472,-0.27518085759287797
2024-11-29,KBS:HNX:CLH,0,1,experiment-20261003T113748Z-acb3a2e7,CAFEF_C8_COMPLETE_ONLY_V1,-7.806509184217339,-0.5562142623208023
2024-11-29,KBS:HNX:CLM,0,1,experiment-20261003T113748Z-acb3a2e7,CAFEF_C8_COMPLETE_ONLY_V1,-7.737201522822786,-0.5360686542570363
2024-11-29,KBS:HNX:CMC,0,1,experiment-20261003T113748Z-acb3a2e7,CAFEF_C8_COMPLETE_ONLY_V1,-7.833206069618185,-3.970182676980762
2024-11-29,KBS:HNX:CMS,0,1,experiment-20261003T113748Z-acb3a2e7,CAFEF_C8_COMPLETE_ONLY_V1,-7.061839886311974,-1.9937851792944594
2024-11-29,KBS:HNX:CPC,0,1,experiment-20261003T113748Z-acb3a2e7,CAFEF_C8_COMPLETE_ONLY_V1,-7.818168404731443,0.06800346769140204
2024-11-29,KBS:HNX:CSC,0,1,experiment-20261003T113748Z-acb3a2e7,CAFEF_C8_COMPLETE_ONLY_V1,-7.333019834267075,-1.1052414291679802
2024-11-29,KBS:HNX:CST,0,1,experiment-20261003T113748Z-acb3a2e7,CAFEF_C8_COMPLETE_ONLY_V1,-7.506404817744745,-0.7918367219861756
2024-11-29,KBS:HNX:CTB,0,1,experiment-20261003T113748Z-acb3a2e7,CAFEF_C8_COMPLETE_ONLY_V1,-7.7205145418382495,-0.5060734857109908
2024-11-29,KBS:HNX:CTP,0,1,experiment-20261003T113748Z-acb3a2e7,CAFEF_C8_COMPLETE_ONLY_V1,-1.132254290339557,17.44515389471752
2024-11-29,KBS:HNX:CTT,0,1,experiment-20261003T113748Z-acb3a2e7,CAFEF_C8_COMPLETE_ONLY_V1,-7.830909861910441,-1.0737381352665276
2024-11-29,KBS:HNX:CX8,0,1,experiment-20261003T113748Z-acb3a2e7,CAFEF_C8_COMPLETE_ONLY_V1,-7.820416746723257,-0.3959945261080485
2024-11-29,KBS:HNX:D11,0,1,experiment-20261003T113748Z-acb3a2e7,CAFEF_C8_COMPLETE_ONLY_V1,-7.80801021555551,-0.8208471649962952
2024-11-29,KBS:HNX:DAD,0,1,experiment-20261003T113748Z-acb3a2e7,CAFEF_C8_COMPLETE_ONLY_V1,-7.826895701494746,-0.6351744147653873
2024-11-29,KBS:HNX:DAE,0,1,experiment-20261003T113748Z-acb3a2e7,CAFEF_C8_COMPLETE_ONLY_V1,-7.82275028750076,0.20552401786072416
2024-11-29,KBS:HNX:DC2,0,1,experiment-20261003T113748Z-acb3a2e7,CAFEF_C8_COMPLETE_ONLY_V1,-7.7663515065089825,-1.0145528117203912
2024-11-29,KBS:HNX:DHP,0,1,experiment-20261003T113748Z-acb3a2e7,CAFEF_C8_COMPLETE_ONLY_V1,-7.816421969997858,0.8361180073918003
2024-11-29,KBS:HNX:DIH,0,1,experiment-20261003T113748Z-acb3a2e7,CAFEF_C8_COMPLETE_ONLY_V1,-7.765951943810333,-0.5489992687617282
2024-11-29,KBS:HNX:DL1,0,1,experiment-20261003T113748Z-acb3a2e7,CAFEF_C8_COMPLETE_ONLY_V1,-4.076399769749516,-3.090833639249125
2024-11-29,KBS:HNX:DNC,0,1,experiment-20261003T113748Z-acb3a2e7,CAFEF_C8_COMPLETE_ONLY_V1,-7.821694016896493,4.886682938239687
2024-11-29,KBS:HNX:DNP,0,1,experiment-20261003T113748Z-acb3a2e7,CAFEF_C8_COMPLETE_ONLY_V1,-4.725232240393229,-0.28333808310317665
2024-11-29,KBS:HNX:DP3,0,1,experiment-20261003T113748Z-acb3a2e7,CAFEF_C8_COMPLETE_ONLY_V1,-7.384054777931794,-1.1744994746616686
2024-11-29,KBS:HNX:DS3,0,1,experiment-20261003T113748Z-acb3a2e7,CAFEF_C8_COMPLETE_ONLY_V1,-7.796660122459306,-2.4166807838631352
2024-11-29,KBS:HNX:DST,0,1,experiment-20261003T113748Z-acb3a2e7,CAFEF_C8_COMPLETE_ONLY_V1,-7.77645949558437,-0.7352670900155355
2024-11-29,KBS:HNX:DTD,0,1,experiment-20261003T113748Z-acb3a2e7,CAFEF_C8_COMPLETE_ONLY_V1,11.759331323133878,0.23598589036127307
2024-11-29,KBS:HNX:DTK,0,1,experiment-20261003T113748Z-acb3a2e7,CAFEF_C8_COMPLETE_ONLY_V1,-7.823149526797839,-0.5965699397700593
2024-11-29,KBS:HNX:EBS,0,1,experiment-20261003T113748Z-acb3a2e7,CAFEF_C8_COMPLETE_ONLY_V1,-7.822744066144257,-0.23493233278076536
2024-11-29,KBS:HNX:ECI,0,1,experiment-20261003T113748Z-acb3a2e7,CAFEF_C8_COMPLETE_ONLY_V1,-7.829169877832631,-0.19902393417592587
2024-11-29,KBS:HNX:EID,0,1,experiment-20261003T113748Z-acb3a2e7,CAFEF_C8_COMPLETE_ONLY_V1,-7.779541096529068,-0.17860550966700972
2024-11-29,KBS:HNX:EVS,0,1,experiment-20261003T113748Z-acb3a2e7,CAFEF_C8_COMPLETE_ONLY_V1,-7.593615957844022,-2.7141123472335953
2024-11-29,KBS:HNX:FID,0,1,experiment-20261003T113748Z-acb3a2e7,CAFEF_C8_COMPLETE_ONLY_V1,-7.767158672347342,-0.7808908921619331
2024-11-29,KBS:HNX:GDW,0,1,experiment-20261003T113748Z-acb3a2e7,CAFEF_C8_COMPLETE_ONLY_V1,-7.815317111193648,0.19580526960933797
2024-11-29,KBS:HNX:GKM,0,1,experiment-20261003T113748Z-acb3a2e7,CAFEF_C8_COMPLETE_ONLY_V1,-6.144666113925475,-8.008783999392698
2024-11-29,KBS:HNX:GLT,0,1,experiment-20261003T113748Z-acb3a2e7,CAFEF_C8_COMPLETE_ONLY_V1,-7.821538063975555,0.7825222696962573
2024-11-29,KBS:HNX:GMA,0,1,experiment-20261003T113748Z-acb3a2e7,CAFEF_C8_COMPLETE_ONLY_V1,-3.320912258854847,0.24972837038920026
2024-11-29,KBS:HNX:GMX,0,1,experiment-20261003T113748Z-acb3a2e7,CAFEF_C8_COMPLETE_ONLY_V1,-7.818845950173854,0.5131089290474495
2024-11-29,KBS:HNX:HAD,0,1,experiment-20261003T113748Z-acb3a2e7,CAFEF_C8_COMPLETE_ONLY_V1,-7.828679010100495,-0.26394805293665224
2024-11-29,KBS:HNX:HAT,0,1,experiment-20261003T113748Z-acb3a2e7,CAFEF_C8_COMPLETE_ONLY_V1,-7.825383275938853,-0.5061177843602997
2024-11-29,KBS:HNX:HBS,0,1,experiment-20261003T113748Z-acb3a2e7,CAFEF_C8_COMPLETE_ONLY_V1,-7.631317312809433,-3.0497579383835083
2024-11-29,KBS:HNX:HCC,0,1,experiment-20261003T113748Z-acb3a2e7,CAFEF_C8_COMPLETE_ONLY_V1,-7.817740417044271,0.4339379309129644
2024-11-29,KBS:HNX:HDA,0,1,experiment-20261003T113748Z-acb3a2e7,CAFEF_C8_COMPLETE_ONLY_V1,-7.816940471188456,-0.13179021916544026
2024-11-29,KBS:HNX:HEV,0,1,experiment-20261003T113748Z-acb3a2e7,CAFEF_C8_COMPLETE_ONLY_V1,-7.836744381821404,-2.372411615567144
2024-11-29,KBS:HNX:HGM,0,1,experiment-20261003T113748Z-acb3a2e7,CAFEF_C8_COMPLETE_ONLY_V1,-7.460681643983327,15.771638468119269
2024-11-29,KBS:HNX:HHC,0,1,experiment-20261003T113748Z-acb3a2e7,CAFEF_C8_COMPLETE_ONLY_V1,-7.832493062707569,2.152804139879004
2024-11-29,KBS:HNX:HJS,0,1,experiment-20261003T113748Z-acb3a2e7,CAFEF_C8_COMPLETE_ONLY_V1,-7.825266846178982,-0.011629116705769911
2024-11-29,KBS:HNX:HKT,0,1,experiment-20261003T113748Z-acb3a2e7,CAFEF_C8_COMPLETE_ONLY_V1,-7.82511007944226,2.1086840808218263
2024-11-29,KBS:HNX:HLC,0,1,experiment-20261003T113748Z-acb3a2e7,CAFEF_C8_COMPLETE_ONLY_V1,-7.820258153341497,-0.4193522182019867
2024-11-29,KBS:HNX:HLD,0,1,experiment-20261003T113748Z-acb3a2e7,CAFEF_C8_COMPLETE_ONLY_V1,-7.455021010507103,0.8544674579310776
2024-11-29,KBS:HNX:HMH,0,1,experiment-20261003T113748Z-acb3a2e7,CAFEF_C8_COMPLETE_ONLY_V1,-7.814198083276258,-1.3869482087870606
2024-11-29,KBS:HNX:HTC,0,1,experiment-20261003T113748Z-acb3a2e7,CAFEF_C8_COMPLETE_ONLY_V1,-7.818294099222581,2.199031634966701
2024-11-29,KBS:HNX:HUT,0,1,experiment-20261003T113748Z-acb3a2e7,CAFEF_C8_COMPLETE_ONLY_V1,19.531014861028257,-1.3289472294300153
2024-11-29,KBS:HNX:HVT,0,1,experiment-20261003T113748Z-acb3a2e7,CAFEF_C8_COMPLETE_ONLY_V1,-7.248800144878549,1.9508574196050699
2024-11-29,KBS:HNX:ICG,0,1,experiment-20261003T113748Z-acb3a2e7,CAFEF_C8_COMPLETE_ONLY_V1,-7.799747220972584,-0.00016400782806053334
2024-11-29,KBS:HNX:IDC,0,1,experiment-20261003T113748Z-acb3a2e7,CAFEF_C8_COMPLETE_ONLY_V1,32.63266404931084,-0.78767430465811
2024-11-29,KBS:HNX:IDJ,0,1,experiment-20261003T113748Z-acb3a2e7,CAFEF_C8_COMPLETE_ONLY_V1,-5.4707734656099705,-1.4094221346010125
2024-11-29,KBS:HNX:IDV,0,1,experiment-20261003T113748Z-acb3a2e7,CAFEF_C8_COMPLETE_ONLY_V1,-6.818767189428288,0.8394584754723631
2024-11-29,KBS:HNX:INC,0,1,experiment-20261003T113748Z-acb3a2e7,CAFEF_C8_COMPLETE_ONLY_V1,-7.828470507687633,1.0101623701910156
2024-11-29,KBS:HNX:INN,0,1,experiment-20261003T113748Z-acb3a2e7,CAFEF_C8_COMPLETE_ONLY_V1,-7.503801622046392,0.06097668562659959
2024-11-29,KBS:HNX:IPA,0,1,experiment-20261003T113748Z-acb3a2e7,CAFEF_C8_COMPLETE_ONLY_V1,-7.257349203281179,-1.3085086842090743
2024-11-29,KBS:HNX:IVS,0,1,experiment-20261003T113748Z-acb3a2e7,CAFEF_C8_COMPLETE_ONLY_V1,-7.547721771315028,-1.830273603388165
2024-11-29,KBS:HNX:KDM,0,1,experiment-20261003T113748Z-acb3a2e7,CAFEF_C8_COMPLETE_ONLY_V1,-7.706395731747838,-1.091323096244129
2024-11-29,KBS:HNX:KHS,0,1,experiment-20261003T113748Z-acb3a2e7,CAFEF_C8_COMPLETE_ONLY_V1,-7.455838181092591,3.0666605902640365
2024-11-29,KBS:HNX:KKC,0,1,experiment-20261003T113748Z-acb3a2e7,CAFEF_C8_COMPLETE_ONLY_V1,-7.835997264906302,-0.8770737645517368
2024-11-29,KBS:HNX:KSD,0,1,experiment-20261003T113748Z-acb3a2e7,CAFEF_C8_COMPLETE_ONLY_V1,-7.830734515494779,-0.0747365963385281
2024-11-29,KBS:HNX:KSF,0,1,experiment-20261003T113748Z-acb3a2e7,CAFEF_C8_COMPLETE_ONLY_V1,-7.317718362307673,-0.13293010382633075
2024-11-29,KBS:HNX:KST,0,1,experiment-20261003T113748Z-acb3a2e7,CAFEF_C8_COMPLETE_ONLY_V1,-7.833024765517812,-1.1641813998762691
2024-11-29,KBS:HNX:KSV,0,1,experiment-20261003T113748Z-acb3a2e7,CAFEF_C8_COMPLETE_ONLY_V1,-6.9982676047737025,-0.9532476018318153
2024-11-29,KBS:HNX:KTS,0,1,experiment-20261003T113748Z-acb3a2e7,CAFEF_C8_COMPLETE_ONLY_V1,-7.817674669040002,-0.2669210265470805
2024-11-29,KBS:HNX:L14,0,1,experiment-20261003T113748Z-acb3a2e7,CAFEF_C8_COMPLETE_ONLY_V1,-6.724591093491584,-2.603356478212213
2024-11-29,KBS:HNX:L18,0,1,experiment-20261003T113748Z-acb3a2e7,CAFEF_C8_COMPLETE_ONLY_V1,-6.885271884825228,0.3009900348336464
2024-11-29,KBS:HNX:LBE,0,1,experiment-20261003T113748Z-acb3a2e7,CAFEF_C8_COMPLETE_ONLY_V1,-7.800144392417615,-1.3777783777859267
2024-11-29,KBS:HNX:LCD,0,1,experiment-20261003T113748Z-acb3a2e7,CAFEF_C8_COMPLETE_ONLY_V1,-7.83011036769969,-0.37141550612514895
2024-11-29,KBS:HNX:LDP,0,1,experiment-20261003T113748Z-acb3a2e7,CAFEF_C8_COMPLETE_ONLY_V1,-7.612100389614334,-5.112374972542676
2024-11-29,KBS:HNX:LHC,0,1,experiment-20261003T113748Z-acb3a2e7,CAFEF_C8_COMPLETE_ONLY_V1,-7.072910543112583,0.9924367667939972
2024-11-29,KBS:HNX:LIG,0,1,experiment-20261003T113748Z-acb3a2e7,CAFEF_C8_COMPLETE_ONLY_V1,-6.874776915928229,-1.959311828901553
2024-11-29,KBS:HNX:MAC,0,1,experiment-20261003T113748Z-acb3a2e7,CAFEF_C8_COMPLETE_ONLY_V1,-7.808695624094505,1.8675904716470595
2024-11-29,KBS:HNX:MAS,0,1,experiment-20261003T113748Z-acb3a2e7,CAFEF_C8_COMPLETE_ONLY_V1,-7.803057776668304,-0.6629022692374196
2024-11-29,KBS:HNX:MBG,0,1,experiment-20261003T113748Z-acb3a2e7,CAFEF_C8_COMPLETE_ONLY_V1,-7.496006640142512,-1.6578268394968518
2024-11-29,KBS:HNX:MCC,0,1,experiment-20261003T113748Z-acb3a2e7,CAFEF_C8_COMPLETE_ONLY_V1,-7.828373264733639,-0.09817147118288089
2024-11-29,KBS:HNX:MCF,0,1,experiment-20261003T113748Z-acb3a2e7,CAFEF_C8_COMPLETE_ONLY_V1,-7.818806883017391,-0.8517979339617503
2024-11-29,KBS:HNX:MCO,0,1,experiment-20261003T113748Z-acb3a2e7,CAFEF_C8_COMPLETE_ONLY_V1,-7.5951862066612605,0.46462961207647235
2024-11-29,KBS:HNX:MDC,0,1,experiment-20261003T113748Z-acb3a2e7,CAFEF_C8_COMPLETE_ONLY_V1,-7.804453975720561,-0.7860591902711597
2024-11-29,KBS:HNX:MED,0,1,experiment-20261003T113748Z-acb3a2e7,CAFEF_C8_COMPLETE_ONLY_V1,-7.8288476013062045,-1.225097731345026
2024-11-29,KBS:HNX:MIC,0,1,experiment-20261003T113748Z-acb3a2e7,CAFEF_C8_COMPLETE_ONLY_V1,-7.830813430402166,0.25651966232778434
2024-11-29,KBS:HNX:MKV,0,1,experiment-20261003T113748Z-acb3a2e7,CAFEF_C8_COMPLETE_ONLY_V1,-7.83029232296458,-0.6879705611393885
2024-11-29,KBS:HNX:MST,0,1,experiment-20261003T113748Z-acb3a2e7,CAFEF_C8_COMPLETE_ONLY_V1,0.49862690816574756,1.237930013196722
2024-11-29,KBS:HNX:MVB,0,1,experiment-20261003T113748Z-acb3a2e7,CAFEF_C8_COMPLETE_ONLY_V1,-7.827653887283157,-0.004246508407736856
2024-11-29,KBS:HNX:NAG,0,1,experiment-20261003T113748Z-acb3a2e7,CAFEF_C8_COMPLETE_ONLY_V1,-6.106749537612437,0.93597212642024
2024-11-29,KBS:HNX:NAP,0,1,experiment-20261003T113748Z-acb3a2e7,CAFEF_C8_COMPLETE_ONLY_V1,-7.836846830503548,-2.1209045238269804
2024-11-29,KBS:HNX:NBP,0,1,experiment-20261003T113748Z-acb3a2e7,CAFEF_C8_COMPLETE_ONLY_V1,-7.832028627450727,-0.5647561954190088
2024-11-29,KBS:HNX:NBW,0,1,experiment-20261003T113748Z-acb3a2e7,CAFEF_C8_COMPLETE_ONLY_V1,-7.821375985844269,-0.7800092631135693
2024-11-29,KBS:HNX:NDN,0,1,experiment-20261003T113748Z-acb3a2e7,CAFEF_C8_COMPLETE_ONLY_V1,-7.386625261064334,-1.5317050881805434
2024-11-29,KBS:HNX:NET,0,1,experiment-20261003T113748Z-acb3a2e7,CAFEF_C8_COMPLETE_ONLY_V1,-7.601630777002211,-1.1635201059054963
2024-11-29,KBS:HNX:NFC,0,1,experiment-20261003T113748Z-acb3a2e7,CAFEF_C8_COMPLETE_ONLY_V1,-7.82620542852798,-1.0123573708967968
2024-11-29,KBS:HNX:NHC,0,1,experiment-20261003T113748Z-acb3a2e7,CAFEF_C8_COMPLETE_ONLY_V1,-7.830435687322767,-3.2852512999446355
2024-11-29,KBS:HNX:NRC,0,1,experiment-20261003T113748Z-acb3a2e7,CAFEF_C8_COMPLETE_ONLY_V1,-5.043222220013634,-0.792841764819329
2024-11-29,KBS:HNX:NSH,0,1,experiment-20261003T113748Z-acb3a2e7,CAFEF_C8_COMPLETE_ONLY_V1,-7.710167954751375,-2.4455703661923964
2024-11-29,KBS:HNX:NST,0,1,experiment-20261003T113748Z-acb3a2e7,CAFEF_C8_COMPLETE_ONLY_V1,-7.822539672504086,0.45198106301617463
2024-11-29,KBS:HNX:NTH,0,1,experiment-20261003T113748Z-acb3a2e7,CAFEF_C8_COMPLETE_ONLY_V1,-7.827765732728117,-0.9057747319083557
2024-11-29,KBS:HNX:NTP,0,1,experiment-20261003T113748Z-acb3a2e7,CAFEF_C8_COMPLETE_ONLY_V1,1.5515686376257616,0.5504268498351587
2024-11-29,KBS:HNX:NVB,0,1,experiment-20261003T113748Z-acb3a2e7,CAFEF_C8_COMPLETE_ONLY_V1,-7.356813878096143,-0.7523292388423112
2024-11-29,KBS:HNX:ONE,0,1,experiment-20261003T113748Z-acb3a2e7,CAFEF_C8_COMPLETE_ONLY_V1,-7.777835618778508,-1.1575115314945237
2024-11-29,KBS:HNX:PBP,0,1,experiment-20261003T113748Z-acb3a2e7,CAFEF_C8_COMPLETE_ONLY_V1,-7.801243850166156,0.12220551781299568
2024-11-29,KBS:HNX:PCE,0,1,experiment-20261003T113748Z-acb3a2e7,CAFEF_C8_COMPLETE_ONLY_V1,-7.810942095522487,-0.6812911856421294
2024-11-29,KBS:HNX:PCT,0,1,experiment-20261003T113748Z-acb3a2e7,CAFEF_C8_COMPLETE_ONLY_V1,-7.700125098755758,1.0929434572848549
2024-11-29,KBS:HNX:PDB,0,1,experiment-20261003T113748Z-acb3a2e7,CAFEF_C8_COMPLETE_ONLY_V1,-7.784548560341826,1.3001305025716143
2024-11-29,KBS:HNX:PEN,0,1,experiment-20261003T113748Z-acb3a2e7,CAFEF_C8_COMPLETE_ONLY_V1,-7.834162344756501,-0.7092056923214549
2024-11-29,KBS:HNX:PGN,0,1,experiment-20261003T113748Z-acb3a2e7,CAFEF_C8_COMPLETE_ONLY_V1,-7.30118235818234,5.751383349080109
2024-11-29,KBS:HNX:PGS,0,1,experiment-20261003T113748Z-acb3a2e7,CAFEF_C8_COMPLETE_ONLY_V1,-7.816250720420159,0.5433338833448401
2024-11-29,KBS:HNX:PGT,0,1,experiment-20261003T113748Z-acb3a2e7,CAFEF_C8_COMPLETE_ONLY_V1,-7.765638336888231,8.311156515955142
2024-11-29,KBS:HNX:PHN,0,1,experiment-20261003T113748Z-acb3a2e7,CAFEF_C8_COMPLETE_ONLY_V1,-7.825612501132077,0.5487934307266409
2024-11-29,KBS:HNX:PIA,0,1,experiment-20261003T113748Z-acb3a2e7,CAFEF_C8_COMPLETE_ONLY_V1,-7.818587621826697,-0.4493224987776415
2024-11-29,KBS:HNX:PIC,0,1,experiment-20261003T113748Z-acb3a2e7,CAFEF_C8_COMPLETE_ONLY_V1,-7.814495108822568,-0.7345263427453499
2024-11-29,KBS:HNX:PJC,0,1,experiment-20261003T113748Z-acb3a2e7,CAFEF_C8_COMPLETE_ONLY_V1,-7.834397255537377,0.738562861865386
2024-11-29,KBS:HNX:PLC,0,1,experiment-20261003T113748Z-acb3a2e7,CAFEF_C8_COMPLETE_ONLY_V1,-6.60008244618643,-2.721514954339864
2024-11-29,KBS:HNX:PMB,0,1,experiment-20261003T113748Z-acb3a2e7,CAFEF_C8_COMPLETE_ONLY_V1,-7.800696354114579,-0.7252843441868039
2024-11-29,KBS:HNX:PMC,0,1,experiment-20261003T113748Z-acb3a2e7,CAFEF_C8_COMPLETE_ONLY_V1,-7.709293915368583,3.1088870100781363
2024-11-29,KBS:HNX:PMP,0,1,experiment-20261003T113748Z-acb3a2e7,CAFEF_C8_COMPLETE_ONLY_V1,-7.8336925816225484,0.4358146879951184
2024-11-29,KBS:HNX:PMS,0,1,experiment-20261003T113748Z-acb3a2e7,CAFEF_C8_COMPLETE_ONLY_V1,-7.821206055982145,-0.7485098953872887
2024-11-29,KBS:HNX:POT,0,1,experiment-20261003T113748Z-acb3a2e7,CAFEF_C8_COMPLETE_ONLY_V1,-7.829327516350776,0.2078358638708289
2024-11-29,KBS:HNX:PPE,0,1,experiment-20261003T113748Z-acb3a2e7,CAFEF_C8_COMPLETE_ONLY_V1,-7.838656496185402,1.6141683250743153
2024-11-29,KBS:HNX:PPP,0,1,experiment-20261003T113748Z-acb3a2e7,CAFEF_C8_COMPLETE_ONLY_V1,-7.827085480609839,-0.25896140203612983
2024-11-29,KBS:HNX:PPS,0,1,experiment-20261003T113748Z-acb3a2e7,CAFEF_C8_COMPLETE_ONLY_V1,-7.819337084217072,-0.31341469350485307
2024-11-29,KBS:HNX:PPY,0,1,experiment-20261003T113748Z-acb3a2e7,CAFEF_C8_COMPLETE_ONLY_V1,-7.832223567550972,0.5922723557770758
2024-11-29,KBS:HNX:PRC,0,1,experiment-20261003T113748Z-acb3a2e7,CAFEF_C8_COMPLETE_ONLY_V1,-7.816919504502895,-0.3638911195829076
2024-11-29,KBS:HNX:PRE,0,1,experiment-20261003T113748Z-acb3a2e7,CAFEF_C8_COMPLETE_ONLY_V1,-7.802453469962604,0.8676387581982785
2024-11-29,KBS:HNX:PSD,0,1,experiment-20261003T113748Z-acb3a2e7,CAFEF_C8_COMPLETE_ONLY_V1,-7.553634521280923,-0.4231604854452775
2024-11-29,KBS:HNX:PSE,0,1,experiment-20261003T113748Z-acb3a2e7,CAFEF_C8_COMPLETE_ONLY_V1,-7.818545259693037,-0.21637829191312385
2024-11-29,KBS:HNX:PSI,0,1,experiment-20261003T113748Z-acb3a2e7,CAFEF_C8_COMPLETE_ONLY_V1,-7.702206597535196,-1.6696836565598987
2024-11-29,KBS:HNX:PSW,0,1,experiment-20261003T113748Z-acb3a2e7,CAFEF_C8_COMPLETE_ONLY_V1,-7.661959553597746,0.8341813192307932
2024-11-29,KBS:HNX:PTD,0,1,experiment-20261003T113748Z-acb3a2e7,CAFEF_C8_COMPLETE_ONLY_V1,-7.842598907078705,1.9444996814084305
2024-11-29,KBS:HNX:PTS,0,1,experiment-20261003T113748Z-acb3a2e7,CAFEF_C8_COMPLETE_ONLY_V1,-7.828895566026201,-0.6437440312491248
2024-11-29,KBS:HNX:PV2,0,1,experiment-20261003T113748Z-acb3a2e7,CAFEF_C8_COMPLETE_ONLY_V1,-7.628668800742594,-1.3741760230343216
2024-11-29,KBS:HNX:PVB,0,1,experiment-20261003T113748Z-acb3a2e7,CAFEF_C8_COMPLETE_ONLY_V1,-6.322524003876613,-0.8505397545309157
2024-11-29,KBS:HNX:PVC,0,1,experiment-20261003T113748Z-acb3a2e7,CAFEF_C8_COMPLETE_ONLY_V1,-1.7917851627003187,-3.510661140300205
2024-11-29,KBS:HNX:PVG,0,1,experiment-20261003T113748Z-acb3a2e7,CAFEF_C8_COMPLETE_ONLY_V1,-7.6804500614156686,-1.1056121520741018
2024-11-29,KBS:HOSE:AAM,0,1,experiment-20261003T113748Z-acb3a2e7,CAFEF_C8_COMPLETE_ONLY_V1,-7.811702203275299,-1.0647734847271149
2024-11-29,KBS:HOSE:AAT,0,1,experiment-20261003T113748Z-acb3a2e7,CAFEF_C8_COMPLETE_ONLY_V1,-7.753460097673007,-2.1633022532736197
2024-11-29,KBS:HOSE:ABR,0,1,experiment-20261003T113748Z-acb3a2e7,CAFEF_C8_COMPLETE_ONLY_V1,-7.821712542374748,-0.3504493092391161
2024-11-29,KBS:HOSE:ABS,0,1,experiment-20261003T113748Z-acb3a2e7,CAFEF_C8_COMPLETE_ONLY_V1,-7.429436532440832,-1.4287141690955247
2024-11-29,KBS:HOSE:ABT,0,1,experiment-20261003T113748Z-acb3a2e7,CAFEF_C8_COMPLETE_ONLY_V1,-7.724868260674586,0.029529225518825426
2024-11-29,KBS:HOSE:ACC,0,1,experiment-20261003T113748Z-acb3a2e7,CAFEF_C8_COMPLETE_ONLY_V1,-6.686781224428026,0.12362115412087343
2024-11-29,KBS:HOSE:ACG,0,1,experiment-20261003T113748Z-acb3a2e7,CAFEF_C8_COMPLETE_ONLY_V1,-7.369058646427853,-0.4493070204346281
2024-11-29,KBS:HOSE:ACL,0,1,experiment-20261003T113748Z-acb3a2e7,CAFEF_C8_COMPLETE_ONLY_V1,-7.72688421515545,-1.1406577563016251
2024-11-29,KBS:HOSE:ADG,0,1,experiment-20261003T113748Z-acb3a2e7,CAFEF_C8_COMPLETE_ONLY_V1,-7.818896064581686,-2.825487084572531
2024-11-29,KBS:HOSE:ADP,0,1,experiment-20261003T113748Z-acb3a2e7,CAFEF_C8_COMPLETE_ONLY_V1,-7.759233503841471,0.931878354412109
2024-11-29,KBS:HOSE:ADS,0,1,experiment-20261003T113748Z-acb3a2e7,CAFEF_C8_COMPLETE_ONLY_V1,-7.114114788334165,-1.7459132596700067
2024-11-29,KBS:HOSE:AFX,0,1,experiment-20261003T113748Z-acb3a2e7,CAFEF_C8_COMPLETE_ONLY_V1,-7.4233212479367605,-1.7057339036676726
2024-11-29,KBS:HOSE:AGG,0,1,experiment-20261003T113748Z-acb3a2e7,CAFEF_C8_COMPLETE_ONLY_V1,-4.7908733679795406,-2.2504735002361835
2024-11-29,KBS:HOSE:AGR,0,1,experiment-20261003T113748Z-acb3a2e7,CAFEF_C8_COMPLETE_ONLY_V1,-2.1497850633243605,-1.0669518854365827
2024-11-29,KBS:HOSE:ANT,0,1,experiment-20261003T113748Z-acb3a2e7,CAFEF_C8_COMPLETE_ONLY_V1,-7.342320869708636,2.0563200966526907
2024-11-29,KBS:HOSE:ANV,0,1,experiment-20261003T113748Z-acb3a2e7,CAFEF_C8_COMPLETE_ONLY_V1,14.428423676783837,1.7436466333145828
2024-11-29,KBS:HOSE:APG,0,1,experiment-20261003T113748Z-acb3a2e7,CAFEF_C8_COMPLETE_ONLY_V1,-7.073810991422134,-2.3651131581011544
2024-11-29,KBS:HOSE:APH,0,1,experiment-20261003T113748Z-acb3a2e7,CAFEF_C8_COMPLETE_ONLY_V1,-6.108801280126878,-1.7737066614878656
2024-11-29,KBS:HOSE:ASM,0,1,experiment-20261003T113748Z-acb3a2e7,CAFEF_C8_COMPLETE_ONLY_V1,-4.658786088488178,-1.196684299559243
2024-11-29,KBS:HOSE:ASP,0,1,experiment-20261003T113748Z-acb3a2e7,CAFEF_C8_COMPLETE_ONLY_V1,-7.757775802041744,-0.9286739309535809
2024-11-29,KBS:HOSE:AST,0,1,experiment-20261003T113748Z-acb3a2e7,CAFEF_C8_COMPLETE_ONLY_V1,-7.648857430733252,-0.5309354045509976
2024-11-29,KBS:HOSE:BCE,0,1,experiment-20261003T113748Z-acb3a2e7,CAFEF_C8_COMPLETE_ONLY_V1,-7.124940125375903,2.5515704377877415
2024-11-29,KBS:HOSE:BCM,0,1,experiment-20261003T113748Z-acb3a2e7,CAFEF_C8_COMPLETE_ONLY_V1,2.758175428273488,-0.17023257117645338
2024-11-29,KBS:HOSE:BFC,0,1,experiment-20261003T113748Z-acb3a2e7,CAFEF_C8_COMPLETE_ONLY_V1,8.930323778769488,-0.3375244366797298
2024-11-29,KBS:HOSE:BHN,0,1,experiment-20261003T113748Z-acb3a2e7,CAFEF_C8_COMPLETE_ONLY_V1,-7.807811487521168,-0.12831690994454387
2024-11-29,KBS:HOSE:BIC,0,1,experiment-20261003T113748Z-acb3a2e7,CAFEF_C8_COMPLETE_ONLY_V1,-7.3519728463073735,0.8352495674823276
2024-11-29,KBS:HOSE:BKG,0,1,experiment-20261003T113748Z-acb3a2e7,CAFEF_C8_COMPLETE_ONLY_V1,-7.640723560345739,-1.7220854082512715
2024-11-29,KBS:HOSE:BMI,0,1,experiment-20261003T113748Z-acb3a2e7,CAFEF_C8_COMPLETE_ONLY_V1,-6.816653172448437,-0.5856255000615342
2024-11-29,KBS:HOSE:BRC,0,1,experiment-20261003T113748Z-acb3a2e7,CAFEF_C8_COMPLETE_ONLY_V1,-7.64011717080494,1.2666947859160973
2024-11-29,KBS:HOSE:BSI,0,1,experiment-20261003T113748Z-acb3a2e7,CAFEF_C8_COMPLETE_ONLY_V1,4.6383479877391265,-1.4294996302710283
2024-11-29,KBS:HOSE:BSR,0,1,experiment-20261003T113748Z-acb3a2e7,CAFEF_C8_COMPLETE_ONLY_V1,26.66461049117686,-1.7097168104424227
2024-11-29,KBS:HOSE:BTP,0,1,experiment-20261003T113748Z-acb3a2e7,CAFEF_C8_COMPLETE_ONLY_V1,-7.5787526591301555,-1.874877173012506
2024-11-29,KBS:HOSE:BVH,0,1,experiment-20261003T113748Z-acb3a2e7,CAFEF_C8_COMPLETE_ONLY_V1,4.43255848881844,1.3329919685647518
2024-11-29,KBS:HOSE:C32,0,1,experiment-20261003T113748Z-acb3a2e7,CAFEF_C8_COMPLETE_ONLY_V1,-7.7092247574823345,-0.4503188186429299
2024-11-29,KBS:HOSE:CCI,0,1,experiment-20261003T113748Z-acb3a2e7,CAFEF_C8_COMPLETE_ONLY_V1,-7.815126282742158,2.5638612390170294
2024-11-29,KBS:HOSE:CCL,0,1,experiment-20261003T113748Z-acb3a2e7,CAFEF_C8_COMPLETE_ONLY_V1,-6.439754156481802,-1.078299583999671
2024-11-29,KBS:HOSE:CDC,0,1,experiment-20261003T113748Z-acb3a2e7,CAFEF_C8_COMPLETE_ONLY_V1,-3.4221207137938863,-1.113068284334415
2024-11-29,KBS:HOSE:CHP,0,1,experiment-20261003T113748Z-acb3a2e7,CAFEF_C8_COMPLETE_ONLY_V1,-7.319539340940084,0.31385083674707626
2024-11-29,KBS:HOSE:CIG,0,1,experiment-20261003T113748Z-acb3a2e7,CAFEF_C8_COMPLETE_ONLY_V1,-4.169368612760554,6.522316824203379
2024-11-29,KBS:HOSE:CII,0,1,experiment-20261003T113748Z-acb3a2e7,CAFEF_C8_COMPLETE_ONLY_V1,9.158921109759607,-1.7666987694893288
2024-11-29,KBS:HOSE:CKG,0,1,experiment-20261003T113748Z-acb3a2e7,CAFEF_C8_COMPLETE_ONLY_V1,-7.307649016008294,-1.7109098617237721
2024-11-29,KBS:HOSE:CLC,0,1,experiment-20261003T113748Z-acb3a2e7,CAFEF_C8_COMPLETE_ONLY_V1,-7.607319427094129,0.817006462264333
2024-11-29,KBS:HOSE:CLW,0,1,experiment-20261003T113748Z-acb3a2e7,CAFEF_C8_COMPLETE_ONLY_V1,-7.821976632794535,-0.08737865601912295
2024-11-29,KBS:HOSE:CMV,0,1,experiment-20261003T113748Z-acb3a2e7,CAFEF_C8_COMPLETE_ONLY_V1,-7.820955087979847,-0.6531277693304072
2024-11-29,KBS:HOSE:CMX,0,1,experiment-20261003T113748Z-acb3a2e7,CAFEF_C8_COMPLETE_ONLY_V1,-6.854700452793436,-1.3218387336046893
2024-11-29,KBS:HOSE:CNG,0,1,experiment-20261003T113748Z-acb3a2e7,CAFEF_C8_COMPLETE_ONLY_V1,-6.119941061551494,-0.671131644817815
2024-11-29,KBS:HOSE:COM,0,1,experiment-20261003T113748Z-acb3a2e7,CAFEF_C8_COMPLETE_ONLY_V1,-7.787389705401352,-0.873495378341195
2024-11-29,KBS:HOSE:CRC,0,1,experiment-20261003T113748Z-acb3a2e7,CAFEF_C8_COMPLETE_ONLY_V1,-7.062740022086971,0.26372189800203505
2024-11-29,KBS:HOSE:CRE,0,1,experiment-20261003T113748Z-acb3a2e7,CAFEF_C8_COMPLETE_ONLY_V1,-7.460119550097721,-0.9269075106768491
2024-11-29,KBS:HOSE:CSV,0,1,experiment-20261003T113748Z-acb3a2e7,CAFEF_C8_COMPLETE_ONLY_V1,41.55732514155101,1.9721946412316498
2024-11-29,KBS:HOSE:CTD,0,1,experiment-20261003T113748Z-acb3a2e7,CAFEF_C8_COMPLETE_ONLY_V1,27.230833485210415,-0.42621429999128807
2024-11-29,KBS:HOSE:CTF,0,1,experiment-20261003T113748Z-acb3a2e7,CAFEF_C8_COMPLETE_ONLY_V1,-1.0939276436067724,-3.67014493782527
2024-11-29,KBS:HOSE:CTI,0,1,experiment-20261003T113748Z-acb3a2e7,CAFEF_C8_COMPLETE_ONLY_V1,-2.727947281054208,0.4189994971897301
2024-11-29,KBS:HOSE:CTR,0,1,experiment-20261003T113748Z-acb3a2e7,CAFEF_C8_COMPLETE_ONLY_V1,87.82973252816834,-0.7141014175369913
2024-11-29,KBS:HOSE:CTS,0,1,experiment-20261003T113748Z-acb3a2e7,CAFEF_C8_COMPLETE_ONLY_V1,9.654495852312756,-1.4331713225894611
2024-11-29,KBS:HOSE:CVT,0,1,experiment-20261003T113748Z-acb3a2e7,CAFEF_C8_COMPLETE_ONLY_V1,-7.819335120190248,-1.5540489122169978
2024-11-29,KBS:HOSE:D2D,0,1,experiment-20261003T113748Z-acb3a2e7,CAFEF_C8_COMPLETE_ONLY_V1,-6.470594717019466,-0.12640815524600116
2024-11-29,KBS:HOSE:DAH,0,1,experiment-20261003T113748Z-acb3a2e7,CAFEF_C8_COMPLETE_ONLY_V1,-7.56882814501718,-1.4835680455458224
2024-11-29,KBS:HOSE:DBC,0,1,experiment-20261003T113748Z-acb3a2e7,CAFEF_C8_COMPLETE_ONLY_V1,57.57870397304764,-0.7978487346979567
2024-11-29,KBS:HOSE:DBD,0,1,experiment-20261003T113748Z-acb3a2e7,CAFEF_C8_COMPLETE_ONLY_V1,8.622914269092826,3.5056178524245816
2024-11-29,KBS:HOSE:DC4,0,1,experiment-20261003T113748Z-acb3a2e7,CAFEF_C8_COMPLETE_ONLY_V1,-2.9205669458582935,5.23305857859231
2024-11-29,KBS:HOSE:DCL,0,1,experiment-20261003T113748Z-acb3a2e7,CAFEF_C8_COMPLETE_ONLY_V1,-3.4858635607691877,-0.21935762298353761
2024-11-29,KBS:HOSE:DCM,0,1,experiment-20261003T113748Z-acb3a2e7,CAFEF_C8_COMPLETE_ONLY_V1,65.8626555137133,-0.2279158976966898
2024-11-29,KBS:HOSE:DGC,0,1,experiment-20261003T113748Z-acb3a2e7,CAFEF_C8_COMPLETE_ONLY_V1,111.94427373256767,-0.412296360179383
2024-11-29,KBS:HOSE:DGW,0,1,experiment-20261003T113748Z-acb3a2e7,CAFEF_C8_COMPLETE_ONLY_V1,23.76371080265281,-0.8223213470194565
2024-11-29,KBS:HOSE:DHA,0,1,experiment-20261003T113748Z-acb3a2e7,CAFEF_C8_COMPLETE_ONLY_V1,-7.009562358439972,-0.26256833126542606
2024-11-29,KBS:HOSE:DHC,0,1,experiment-20261003T113748Z-acb3a2e7,CAFEF_C8_COMPLETE_ONLY_V1,-5.813729394569386,-1.3936186376547333
2024-11-29,KBS:HOSE:DLG,0,1,experiment-20261003T113748Z-acb3a2e7,CAFEF_C8_COMPLETE_ONLY_V1,-6.665709072304075,-0.6349423639896629
2024-11-29,KBS:HOSE:DMC,0,1,experiment-20261003T113748Z-acb3a2e7,CAFEF_C8_COMPLETE_ONLY_V1,-7.8034626755720025,-0.4111718177113552
2024-11-29,KBS:HOSE:DPG,0,1,experiment-20261003T113748Z-acb3a2e7,CAFEF_C8_COMPLETE_ONLY_V1,9.395054329492746,-0.435325175009196
2024-11-29,KBS:HOSE:DQC,0,1,experiment-20261003T113748Z-acb3a2e7,CAFEF_C8_COMPLETE_ONLY_V1,-7.743970752845976,-1.5448107306598793
2024-11-29,KBS:HOSE:DRC,0,1,experiment-20261003T113748Z-acb3a2e7,CAFEF_C8_COMPLETE_ONLY_V1,1.5955050746717896,-1.1425232817369333
2024-11-29,KBS:HOSE:DSN,0,1,experiment-20261003T113748Z-acb3a2e7,CAFEF_C8_COMPLETE_ONLY_V1,-7.410026320034875,-0.5983425328336195
2024-11-29,KBS:HOSE:DTA,0,1,experiment-20261003T113748Z-acb3a2e7,CAFEF_C8_COMPLETE_ONLY_V1,-7.815511298237218,0.3988284635714759
2024-11-29,KBS:HOSE:DTL,0,1,experiment-20261003T113748Z-acb3a2e7,CAFEF_C8_COMPLETE_ONLY_V1,-7.657828728990433,-3.51842982809732
2024-11-29,KBS:HOSE:DTT,0,1,experiment-20261003T113748Z-acb3a2e7,CAFEF_C8_COMPLETE_ONLY_V1,-7.828788368630496,-0.4138502344767916
2024-11-29,KBS:HOSE:DVP,0,1,experiment-20261003T113748Z-acb3a2e7,CAFEF_C8_COMPLETE_ONLY_V1,-7.312833518602209,0.30459925426109125
2024-11-29,KBS:HOSE:DXG,1,0,experiment-20261003T113748Z-acb3a2e7,CAFEF_C8_COMPLETE_ONLY_V1,177.51733816639822,0.5625455111411792
2024-11-29,KBS:HOSE:DXS,0,1,experiment-20261003T113748Z-acb3a2e7,CAFEF_C8_COMPLETE_ONLY_V1,2.345541987512369,3.160272763572645
2024-11-29,KBS:HOSE:DXV,0,1,experiment-20261003T113748Z-acb3a2e7,CAFEF_C8_COMPLETE_ONLY_V1,-7.793011872943806,-0.7526104091719474
2024-11-29,KBS:HOSE:EIB,0,1,experiment-20261003T113748Z-acb3a2e7,CAFEF_C8_COMPLETE_ONLY_V1,101.30167415309754,-0.17570073111979123
2024-11-29,KBS:HOSE:EVE,0,1,experiment-20261003T113748Z-acb3a2e7,CAFEF_C8_COMPLETE_ONLY_V1,-7.6027734341370286,-2.024565803567536
2024-11-29,KBS:HOSE:EVF,0,1,experiment-20261003T113748Z-acb3a2e7,CAFEF_C8_COMPLETE_ONLY_V1,23.86590238490241,-1.641489157840021
2024-11-29,KBS:HOSE:EVG,0,1,experiment-20261003T113748Z-acb3a2e7,CAFEF_C8_COMPLETE_ONLY_V1,-1.3571631185250295,-0.8057812561853642
2024-11-29,KBS:HOSE:FCM,0,1,experiment-20261003T113748Z-acb3a2e7,CAFEF_C8_COMPLETE_ONLY_V1,-7.775169274769956,-1.1133118243637552
2024-11-29,KBS:HOSE:FCN,0,1,experiment-20261003T113748Z-acb3a2e7,CAFEF_C8_COMPLETE_ONLY_V1,-6.378679809986419,-1.3751681689661366
2024-11-29,KBS:HOSE:FDC,0,1,experiment-20261003T113748Z-acb3a2e7,CAFEF_C8_COMPLETE_ONLY_V1,-6.122914455605742,1.1576317460548655
2024-11-29,KBS:HOSE:FIR,0,1,experiment-20261003T113748Z-acb3a2e7,CAFEF_C8_COMPLETE_ONLY_V1,-6.29716338224454,-3.1819213254035543
2024-11-29,KBS:HOSE:FIT,0,1,experiment-20261003T113748Z-acb3a2e7,CAFEF_C8_COMPLETE_ONLY_V1,-5.946592164473185,-0.9336829055375231
2024-11-29,KBS:HOSE:FMC,0,1,experiment-20261003T113748Z-acb3a2e7,CAFEF_C8_COMPLETE_ONLY_V1,-6.346019317475011,0.04542811356136305
2024-11-29,KBS:HOSE:FPT,1,0,experiment-20261003T113748Z-acb3a2e7,CAFEF_C8_COMPLETE_ONLY_V1,473.16419874257787,1.7512251865688904
2024-11-29,KBS:HOSE:FRT,0,1,experiment-20261003T113748Z-acb3a2e7,CAFEF_C8_COMPLETE_ONLY_V1,48.08851120241341,0.7215076043158201
2024-11-29,KBS:HOSE:FTS,0,1,experiment-20261003T113748Z-acb3a2e7,CAFEF_C8_COMPLETE_ONLY_V1,38.73393564210754,-0.28547261921920175
2024-11-29,KBS:HOSE:GAS,0,1,experiment-20261003T113748Z-acb3a2e7,CAFEF_C8_COMPLETE_ONLY_V1,19.01101241485988,-0.8487819444611757
2024-11-29,KBS:HOSE:GDT,0,1,experiment-20261003T113748Z-acb3a2e7,CAFEF_C8_COMPLETE_ONLY_V1,-6.297226674070323,0.1712214870400051
2024-11-29,KBS:HOSE:GEG,0,1,experiment-20261003T113748Z-acb3a2e7,CAFEF_C8_COMPLETE_ONLY_V1,-6.060269477028645,-1.4330232387835466
2024-11-29,KBS:HOSE:GHC,0,1,experiment-20261003T113748Z-acb3a2e7,CAFEF_C8_COMPLETE_ONLY_V1,-7.586260944422602,-0.3895425268080551
2024-11-29,KBS:HOSE:GIL,0,1,experiment-20261003T113748Z-acb3a2e7,CAFEF_C8_COMPLETE_ONLY_V1,0.5013696837241797,1.109667369384547
2024-11-29,KBS:HOSE:GMD,0,1,experiment-20261003T113748Z-acb3a2e7,CAFEF_C8_COMPLETE_ONLY_V1,47.45412515960061,-0.7070670639136838
2024-11-29,KBS:HOSE:GTA,0,1,experiment-20261003T113748Z-acb3a2e7,CAFEF_C8_COMPLETE_ONLY_V1,-7.827583939161255,-0.5168986450450103
2024-11-29,KBS:HOSE:HAG,0,1,experiment-20261003T113748Z-acb3a2e7,CAFEF_C8_COMPLETE_ONLY_V1,45.196893662305996,1.0255321913897082
2024-11-29,KBS:HOSE:HAP,0,1,experiment-20261003T113748Z-acb3a2e7,CAFEF_C8_COMPLETE_ONLY_V1,-7.713920987198544,-0.45289108303563635
2024-11-29,KBS:HOSE:HAR,0,1,experiment-20261003T113748Z-acb3a2e7,CAFEF_C8_COMPLETE_ONLY_V1,-7.5591656160576095,-1.7733399854233263
2024-11-29,KBS:HOSE:HAS,0,1,experiment-20261003T113748Z-acb3a2e7,CAFEF_C8_COMPLETE_ONLY_V1,-7.827584331533607,-1.0649586933391826
2024-11-29,KBS:HOSE:HAX,0,1,experiment-20261003T113748Z-acb3a2e7,CAFEF_C8_COMPLETE_ONLY_V1,-0.5020666810745117,-0.6614089723500848
2024-11-29,KBS:HOSE:HCD,0,1,experiment-20261003T113748Z-acb3a2e7,CAFEF_C8_COMPLETE_ONLY_V1,-7.516682339412514,-1.4618051830938785
2024-11-29,KBS:HOSE:HCM,0,1,experiment-20261003T113748Z-acb3a2e7,CAFEF_C8_COMPLETE_ONLY_V1,114.85130804129463,-0.19239277780289982
2024-11-29,KBS:HOSE:HDC,0,1,experiment-20261003T113748Z-acb3a2e7,CAFEF_C8_COMPLETE_ONLY_V1,28.01062629841146,-0.5287936174884725
2024-11-29,KBS:HOSE:HDG,0,1,experiment-20261003T113748Z-acb3a2e7,CAFEF_C8_COMPLETE_ONLY_V1,66.82367526728305,0.2868014009650693
2024-11-29,KBS:HOSE:HHP,0,1,experiment-20261003T113748Z-acb3a2e7,CAFEF_C8_COMPLETE_ONLY_V1,-6.823766803518763,-1.5329017877074156
2024-11-29,KBS:HOSE:HHV,0,1,experiment-20261003T113748Z-acb3a2e7,CAFEF_C8_COMPLETE_ONLY_V1,9.48465330402049,-1.5131645411318688
2024-11-29,KBS:HOSE:HID,0,1,experiment-20261003T113748Z-acb3a2e7,CAFEF_C8_COMPLETE_ONLY_V1,-7.748088772148188,-1.1674412892050414
2024-11-29,KBS:HOSE:HII,0,1,experiment-20261003T113748Z-acb3a2e7,CAFEF_C8_COMPLETE_ONLY_V1,-7.5885686225547655,-1.3633948972685073
2024-11-29,KBS:HOSE:HMC,0,1,experiment-20261003T113748Z-acb3a2e7,CAFEF_C8_COMPLETE_ONLY_V1,-7.657866569718287,0.07328321220390865
2024-11-29,KBS:HOSE:HQC,0,1,experiment-20261003T113748Z-acb3a2e7,CAFEF_C8_COMPLETE_ONLY_V1,-2.9994652298129725,-1.5850443568426278
2024-11-29,KBS:HOSE:HRC,0,1,experiment-20261003T113748Z-acb3a2e7,CAFEF_C8_COMPLETE_ONLY_V1,-7.834465354002287,0.20316439381210852
2024-11-29,KBS:HOSE:HSG,0,1,experiment-20261003T113748Z-acb3a2e7,CAFEF_C8_COMPLETE_ONLY_V1,56.74935332987257,-1.6482648591418585
2024-11-29,KBS:HOSE:HSL,0,1,experiment-20261003T113748Z-acb3a2e7,CAFEF_C8_COMPLETE_ONLY_V1,-7.742104971652325,-2.218343634612809
2024-11-29,KBS:HOSE:HTG,0,1,experiment-20261003T113748Z-acb3a2e7,CAFEF_C8_COMPLETE_ONLY_V1,-7.127527443998146,1.6654733902777052
2024-11-29,KBS:HOSE:HTI,0,1,experiment-20261003T113748Z-acb3a2e7,CAFEF_C8_COMPLETE_ONLY_V1,-7.691020116923176,-0.04343857417169204
2024-11-29,KBS:HOSE:HTL,0,1,experiment-20261003T113748Z-acb3a2e7,CAFEF_C8_COMPLETE_ONLY_V1,-7.34173918744292,10.690228150926488
2024-11-29,KBS:HOSE:HTN,0,1,experiment-20261003T113748Z-acb3a2e7,CAFEF_C8_COMPLETE_ONLY_V1,-6.826127837379643,-3.646180872016777
2024-11-29,KBS:HOSE:HTV,0,1,experiment-20261003T113748Z-acb3a2e7,CAFEF_C8_COMPLETE_ONLY_V1,-7.828617269698938,-0.04854625808770155
2024-11-29,KBS:HOSE:HU1,0,1,experiment-20261003T113748Z-acb3a2e7,CAFEF_C8_COMPLETE_ONLY_V1,-7.817620977442345,-0.21801340435024832
2024-11-29,KBS:HOSE:HUB,0,1,experiment-20261003T113748Z-acb3a2e7,CAFEF_C8_COMPLETE_ONLY_V1,-7.091191532426116,0.4504522658767961
2024-11-29,KBS:HOSE:HVN,0,1,experiment-20261003T113748Z-acb3a2e7,CAFEF_C8_COMPLETE_ONLY_V1,45.557068170003234,3.4327487847029055
2024-11-29,KBS:HOSE:ICT,0,1,experiment-20261003T113748Z-acb3a2e7,CAFEF_C8_COMPLETE_ONLY_V1,-6.876674026644762,0.6205003255344523
2024-11-29,KBS:HOSE:IJC,0,1,experiment-20261003T113748Z-acb3a2e7,CAFEF_C8_COMPLETE_ONLY_V1,0.45795122752182127,-0.26482439116544354
2024-11-29,KBS:HOSE:ILB,0,1,experiment-20261003T113748Z-acb3a2e7,CAFEF_C8_COMPLETE_ONLY_V1,-6.591993532701397,-0.5749839695522344
2024-11-29,KBS:HOSE:ITC,0,1,experiment-20261003T113748Z-acb3a2e7,CAFEF_C8_COMPLETE_ONLY_V1,-6.429820499577244,-0.9654924732246559
2024-11-29,KBS:HOSE:ITD,0,1,experiment-20261003T113748Z-acb3a2e7,CAFEF_C8_COMPLETE_ONLY_V1,-7.143084848919899,-0.023690913473775176
2024-11-29,KBS:HOSE:JVC,0,1,experiment-20261003T113748Z-acb3a2e7,CAFEF_C8_COMPLETE_ONLY_V1,-7.36305966627662,-0.971817235809487
2024-11-29,KBS:HOSE:KBC,0,1,experiment-20261003T113748Z-acb3a2e7,CAFEF_C8_COMPLETE_ONLY_V1,129.69149368743157,-0.17355533424202965
2024-11-29,KBS:HOSE:KDC,0,1,experiment-20261003T113748Z-acb3a2e7,CAFEF_C8_COMPLETE_ONLY_V1,31.3897736848963,-0.8405388153327881
2024-11-29,KBS:HOSE:KDH,0,1,experiment-20261003T113748Z-acb3a2e7,CAFEF_C8_COMPLETE_ONLY_V1,34.1912903026933,-0.38343108256345554
2024-11-29,KBS:HOSE:KHG,0,1,experiment-20261003T113748Z-acb3a2e7,CAFEF_C8_COMPLETE_ONLY_V1,7.4203848395806515,0.6244398031876089
2024-11-29,KBS:HOSE:KHP,0,1,experiment-20261003T113748Z-acb3a2e7,CAFEF_C8_COMPLETE_ONLY_V1,-5.136395358557607,2.5673890216254978
2024-11-29,KBS:HOSE:KLB,0,1,experiment-20261003T113748Z-acb3a2e7,CAFEF_C8_COMPLETE_ONLY_V1,-7.5132334784135235,-0.5824038347604225
2024-11-29,KBS:HOSE:KMR,0,1,experiment-20261003T113748Z-acb3a2e7,CAFEF_C8_COMPLETE_ONLY_V1,-7.8020581792850106,-0.8315570776408274
2024-11-29,KBS:HOSE:KOS,0,1,experiment-20261003T113748Z-acb3a2e7,CAFEF_C8_COMPLETE_ONLY_V1,0.4238240028431564,-0.3392823939380204
2024-11-29,KBS:HOSE:KSB,0,1,experiment-20261003T113748Z-acb3a2e7,CAFEF_C8_COMPLETE_ONLY_V1,2.9085207108254716,-1.7941219208431165
2024-11-29,KBS:HOSE:L10,0,1,experiment-20261003T113748Z-acb3a2e7,CAFEF_C8_COMPLETE_ONLY_V1,-7.829877486211054,-2.497998045829727
2024-11-29,KBS:HOSE:LAF,0,1,experiment-20261003T113748Z-acb3a2e7,CAFEF_C8_COMPLETE_ONLY_V1,-7.747313578451169,0.7709363273963926
2024-11-29,KBS:HOSE:LBM,0,1,experiment-20261003T113748Z-acb3a2e7,CAFEF_C8_COMPLETE_ONLY_V1,-7.610146912299445,-0.18561529818419267
2024-11-29,KBS:HOSE:LCG,0,1,experiment-20261003T113748Z-acb3a2e7,CAFEF_C8_COMPLETE_ONLY_V1,-1.8914216522667076,-1.3665636150541902
2024-11-29,KBS:HOSE:LDG,0,1,experiment-20261003T113748Z-acb3a2e7,CAFEF_C8_COMPLETE_ONLY_V1,-6.149702909348977,-2.0371071181094957
2024-11-29,KBS:HOSE:LGL,0,1,experiment-20261003T113748Z-acb3a2e7,CAFEF_C8_COMPLETE_ONLY_V1,-7.797477960431236,-2.014099563187317
2024-11-29,KBS:HOSE:LHG,0,1,experiment-20261003T113748Z-acb3a2e7,CAFEF_C8_COMPLETE_ONLY_V1,-4.188668360471593,0.02863701001563319
2024-11-29,KBS:HOSE:LIX,0,1,experiment-20261003T113748Z-acb3a2e7,CAFEF_C8_COMPLETE_ONLY_V1,-7.442624388302787,-1.203984179523009
2024-11-29,KBS:HOSE:LM8,0,1,experiment-20261003T113748Z-acb3a2e7,CAFEF_C8_COMPLETE_ONLY_V1,-7.803520684333588,-1.4647329290192108
2024-11-29,KBS:HOSE:LPB,0,1,experiment-20261003T113748Z-acb3a2e7,CAFEF_C8_COMPLETE_ONLY_V1,106.275077104863,1.4370580079568331
2024-11-29,KBS:HOSE:LSS,0,1,experiment-20261003T113748Z-acb3a2e7,CAFEF_C8_COMPLETE_ONLY_V1,-6.050808858701769,0.03744961626064852
2024-11-29,KBS:HOSE:MBB,1,0,experiment-20261003T113748Z-acb3a2e7,CAFEF_C8_COMPLETE_ONLY_V1,155.23255494833683,-0.08231399262933198
2024-11-29,KBS:HOSE:MCH,0,1,experiment-20261003T113748Z-acb3a2e7,CAFEF_C8_COMPLETE_ONLY_V1,11.19435534907907,4.1950416272761055
2024-11-29,KBS:HOSE:MCP,0,1,experiment-20261003T113748Z-acb3a2e7,CAFEF_C8_COMPLETE_ONLY_V1,-4.864650070465797,4.366070197179167
2024-11-29,KBS:HOSE:MDG,0,1,experiment-20261003T113748Z-acb3a2e7,CAFEF_C8_COMPLETE_ONLY_V1,-7.834058528004371,-0.6429743372737596
2024-11-29,KBS:HOSE:MHC,0,1,experiment-20261003T113748Z-acb3a2e7,CAFEF_C8_COMPLETE_ONLY_V1,-7.743656142419528,-1.9521167060176263
2024-11-29,KBS:HOSE:MIG,0,1,experiment-20261003T113748Z-acb3a2e7,CAFEF_C8_COMPLETE_ONLY_V1,-5.59611713680392,-0.2809660213695955
2024-11-29,KBS:HOSE:MSB,0,1,experiment-20261003T113748Z-acb3a2e7,CAFEF_C8_COMPLETE_ONLY_V1,73.56507940910558,-0.5763600985471405
2024-11-29,KBS:HOSE:MSH,0,1,experiment-20261003T113748Z-acb3a2e7,CAFEF_C8_COMPLETE_ONLY_V1,0.2624690571331745,1.2713265914251273
2024-11-29,KBS:HOSE:MWG,1,0,experiment-20261003T113748Z-acb3a2e7,CAFEF_C8_COMPLETE_ONLY_V1,344.5961787818289,-1.0327486559384778
2024-11-29,KBS:HOSE:NAF,0,1,experiment-20261003T113748Z-acb3a2e7,CAFEF_C8_COMPLETE_ONLY_V1,-3.8861218733166636,0.8768455891703012
2024-11-29,KBS:HOSE:NAV,0,1,experiment-20261003T113748Z-acb3a2e7,CAFEF_C8_COMPLETE_ONLY_V1,-7.808568678788292,1.0210557106480314
2024-11-29,KBS:HOSE:NBB,0,1,experiment-20261003T113748Z-acb3a2e7,CAFEF_C8_COMPLETE_ONLY_V1,-2.5698265598774377,0.5461826738056149
2024-11-29,KBS:HOSE:NCT,0,1,experiment-20261003T113748Z-acb3a2e7,CAFEF_C8_COMPLETE_ONLY_V1,-7.30802466278356,1.2154630021946933
2024-11-29,KBS:HOSE:NHA,0,1,experiment-20261003T113748Z-acb3a2e7,CAFEF_C8_COMPLETE_ONLY_V1,8.432913741406974,1.2829874338322473
2024-11-29,KBS:HOSE:NHT,0,1,experiment-20261003T113748Z-acb3a2e7,CAFEF_C8_COMPLETE_ONLY_V1,-7.621575041836316,-0.43946476701550535
2024-11-29,KBS:HOSE:NKG,0,1,experiment-20261003T113748Z-acb3a2e7,CAFEF_C8_COMPLETE_ONLY_V1,38.01089773084139,-1.9492688657302266
2024-11-29,KBS:HOSE:NLG,0,1,experiment-20261003T113748Z-acb3a2e7,CAFEF_C8_COMPLETE_ONLY_V1,23.010608036939487,-1.1033630408551798
2024-11-29,KBS:HOSE:NNC,0,1,experiment-20261003T113748Z-acb3a2e7,CAFEF_C8_COMPLETE_ONLY_V1,-7.5981487748756456,0.1150909840879137
2024-11-29,KBS:HOSE:NTC,0,1,experiment-20261003T113748Z-acb3a2e7,CAFEF_C8_COMPLETE_ONLY_V1,-6.581668739752762,-0.3418035521245803
2024-11-29,KBS:HOSE:NVL,0,1,experiment-20261003T113748Z-acb3a2e7,CAFEF_C8_COMPLETE_ONLY_V1,49.62291143490509,-1.7258783166154024
2024-11-29,KBS:HOSE:NVT,0,1,experiment-20261003T113748Z-acb3a2e7,CAFEF_C8_COMPLETE_ONLY_V1,-7.826509753294644,-0.5107805190486894
2024-11-29,KBS:HOSE:OCB,0,1,experiment-20261003T113748Z-acb3a2e7,CAFEF_C8_COMPLETE_ONLY_V1,19.97271419311719,-1.5270135720053335
2024-11-29,KBS:HOSE:OGC,0,1,experiment-20261003T113748Z-acb3a2e7,CAFEF_C8_COMPLETE_ONLY_V1,-7.400319508961088,-3.280889478267334
2024-11-29,KBS:HOSE:OPC,0,1,experiment-20261003T113748Z-acb3a2e7,CAFEF_C8_COMPLETE_ONLY_V1,-7.683614353954264,-0.208012264449365
2024-11-29,KBS:HOSE:PAC,0,1,experiment-20261003T113748Z-acb3a2e7,CAFEF_C8_COMPLETE_ONLY_V1,-7.2689993537229665,-1.9139896717678884
2024-11-29,KBS:HOSE:PAN,0,1,experiment-20261003T113748Z-acb3a2e7,CAFEF_C8_COMPLETE_ONLY_V1,5.7739481796732415,-0.6405000510219099
2024-11-29,KBS:HOSE:PDN,0,1,experiment-20261003T113748Z-acb3a2e7,CAFEF_C8_COMPLETE_ONLY_V1,-7.722361225216656,-0.36452870849483254
2024-11-29,KBS:HOSE:PDV,0,1,experiment-20261003T113748Z-acb3a2e7,CAFEF_C8_COMPLETE_ONLY_V1,-6.569212417061395,2.3083230984263827
2024-11-29,KBS:HOSE:PGC,0,1,experiment-20261003T113748Z-acb3a2e7,CAFEF_C8_COMPLETE_ONLY_V1,-7.316757536905768,-0.007115563782002824
2024-11-29,KBS:HOSE:PGD,0,1,experiment-20261003T113748Z-acb3a2e7,CAFEF_C8_COMPLETE_ONLY_V1,-7.748016429842542,-0.33025336518468945
2024-11-29,KBS:HOSE:PGI,0,1,experiment-20261003T113748Z-acb3a2e7,CAFEF_C8_COMPLETE_ONLY_V1,-7.8201331283490925,0.37963941064928286
2024-11-29,KBS:HOSE:PGV,0,1,experiment-20261003T113748Z-acb3a2e7,CAFEF_C8_COMPLETE_ONLY_V1,-7.356182352911617,-1.3286568206984541
2024-11-29,KBS:HOSE:PHR,0,1,experiment-20261003T113748Z-acb3a2e7,CAFEF_C8_COMPLETE_ONLY_V1,-2.224187931119113,-0.6122298423894658
2024-11-29,KBS:HOSE:PIT,0,1,experiment-20261003T113748Z-acb3a2e7,CAFEF_C8_COMPLETE_ONLY_V1,-7.829438453747077,-1.5196121339764048
2024-11-29,KBS:HOSE:PLP,0,1,experiment-20261003T113748Z-acb3a2e7,CAFEF_C8_COMPLETE_ONLY_V1,-7.783311979083433,-0.9434230740321243
2024-11-29,KBS:HOSE:PLX,0,1,experiment-20261003T113748Z-acb3a2e7,CAFEF_C8_COMPLETE_ONLY_V1,8.907073293334756,-1.1846014164498724
2024-11-29,KBS:HOSE:PNC,0,1,experiment-20261003T113748Z-acb3a2e7,CAFEF_C8_COMPLETE_ONLY_V1,-7.797854075784838,7.5039142967635675
2024-11-29,KBS:HOSE:PNJ,0,1,experiment-20261003T113748Z-acb3a2e7,CAFEF_C8_COMPLETE_ONLY_V1,50.90107424690572,-0.5930334937476974
2024-11-29,KBS:HOSE:PTB,0,1,experiment-20261003T113748Z-acb3a2e7,CAFEF_C8_COMPLETE_ONLY_V1,-0.6129744633439097,-0.4446902922972951
2024-11-29,KBS:HOSE:PTC,0,1,experiment-20261003T113748Z-acb3a2e7,CAFEF_C8_COMPLETE_ONLY_V1,-7.801747846628308,-1.405208150794309
2024-11-29,KBS:HOSE:PTL,0,1,experiment-20261003T113748Z-acb3a2e7,CAFEF_C8_COMPLETE_ONLY_V1,-7.753580870248451,-2.34603915545728
2024-11-29,KBS:HOSE:PVP,0,1,experiment-20261003T113748Z-acb3a2e7,CAFEF_C8_COMPLETE_ONLY_V1,-5.442271649574702,-0.23307301071915348
2024-11-29,KBS:HOSE:PVT,0,1,experiment-20261003T113748Z-acb3a2e7,CAFEF_C8_COMPLETE_ONLY_V1,22.006732781027154,-0.8749930081297054
2024-11-29,KBS:HOSE:QCG,0,1,experiment-20261003T113748Z-acb3a2e7,CAFEF_C8_COMPLETE_ONLY_V1,2.358731302394914,4.782437618527047
2024-11-29,KBS:HOSE:RAL,0,1,experiment-20261003T113748Z-acb3a2e7,CAFEF_C8_COMPLETE_ONLY_V1,-6.9592318099584585,-1.6471414308629968
2024-11-29,KBS:HOSE:S4A,0,1,experiment-20261003T113748Z-acb3a2e7,CAFEF_C8_COMPLETE_ONLY_V1,-7.819181399541245,-0.2301534122418875
2024-11-29,KBS:HOSE:SAB,0,1,experiment-20261003T113748Z-acb3a2e7,CAFEF_C8_COMPLETE_ONLY_V1,10.045191306120495,-0.507292680982512
2024-11-29,KBS:HOSE:SAM,0,1,experiment-20261003T113748Z-acb3a2e7,CAFEF_C8_COMPLETE_ONLY_V1,-2.6790348386286897,-0.78121165790544
2024-11-29,KBS:HOSE:SAV,0,1,experiment-20261003T113748Z-acb3a2e7,CAFEF_C8_COMPLETE_ONLY_V1,-7.7103140959108565,0.4240960024665651
2024-11-29,KBS:HOSE:SBA,0,1,experiment-20261003T113748Z-acb3a2e7,CAFEF_C8_COMPLETE_ONLY_V1,-7.5431724000084746,-0.6298618184391456
2024-11-29,KBS:HOSE:SBV,0,1,experiment-20261003T113748Z-acb3a2e7,CAFEF_C8_COMPLETE_ONLY_V1,-7.80909104020275,-0.663340878616046
2024-11-29,KBS:HOSE:SC5,0,1,experiment-20261003T113748Z-acb3a2e7,CAFEF_C8_COMPLETE_ONLY_V1,-4.305612732765252,1.0540600288595363
2024-11-29,KBS:HOSE:SCR,0,1,experiment-20261003T113748Z-acb3a2e7,CAFEF_C8_COMPLETE_ONLY_V1,-0.2770693776582061,-1.4651899158618358
2024-11-29,KBS:HOSE:SCS,0,1,experiment-20261003T113748Z-acb3a2e7,CAFEF_C8_COMPLETE_ONLY_V1,7.241386410760414,-0.30924438636767687
2024-11-29,KBS:HOSE:SFI,0,1,experiment-20261003T113748Z-acb3a2e7,CAFEF_C8_COMPLETE_ONLY_V1,-7.793048817746491,-0.48117512813935515
2024-11-29,KBS:HOSE:SGR,0,1,experiment-20261003T113748Z-acb3a2e7,CAFEF_C8_COMPLETE_ONLY_V1,-5.11694263862376,1.131257332874348
2024-11-29,KBS:HOSE:SGT,0,1,experiment-20261003T113748Z-acb3a2e7,CAFEF_C8_COMPLETE_ONLY_V1,-7.338826962400379,0.4905107195797341
2024-11-29,KBS:HOSE:SHA,0,1,experiment-20261003T113748Z-acb3a2e7,CAFEF_C8_COMPLETE_ONLY_V1,-7.624668777502578,-0.8437553512689999
2024-11-29,KBS:HOSE:SHB,0,1,experiment-20261003T113748Z-acb3a2e7,CAFEF_C8_COMPLETE_ONLY_V1,106.14054212967918,-0.7314999799651387
2024-11-29,KBS:HOSE:SHI,0,1,experiment-20261003T113748Z-acb3a2e7,CAFEF_C8_COMPLETE_ONLY_V1,-0.10532144216873252,-0.29305879195997026
2024-11-29,KBS:HOSE:SHP,0,1,experiment-20261003T113748Z-acb3a2e7,CAFEF_C8_COMPLETE_ONLY_V1,-7.539554100924458,0.2598875555133492
2024-11-29,KBS:HOSE:SIP,0,1,experiment-20261003T113748Z-acb3a2e7,CAFEF_C8_COMPLETE_ONLY_V1,22.78019743548115,0.79455559560024
2024-11-29,KBS:HOSE:SJD,0,1,experiment-20261003T113748Z-acb3a2e7,CAFEF_C8_COMPLETE_ONLY_V1,-4.749168646502508,-0.25490617004855837
2024-11-29,KBS:HOSE:SJS,0,1,experiment-20261003T113748Z-acb3a2e7,CAFEF_C8_COMPLETE_ONLY_V1,5.951946164898814,-1.4162449329045372
2024-11-29,KBS:HOSE:SMA,0,1,experiment-20261003T113748Z-acb3a2e7,CAFEF_C8_COMPLETE_ONLY_V1,-7.8300407154040785,1.2033797342797923
2024-11-29,KBS:HOSE:SMB,0,1,experiment-20261003T113748Z-acb3a2e7,CAFEF_C8_COMPLETE_ONLY_V1,-7.603475942716652,0.5761008507133831
2024-11-29,KBS:HOSE:SMC,0,1,experiment-20261003T113748Z-acb3a2e7,CAFEF_C8_COMPLETE_ONLY_V1,-6.282546577330492,-3.9581396681721768
2024-11-29,KBS:HOSE:SPM,0,1,experiment-20261003T113748Z-acb3a2e7,CAFEF_C8_COMPLETE_ONLY_V1,-7.828002364678906,-0.7039968861102346
2024-11-29,KBS:HOSE:SRC,0,1,experiment-20261003T113748Z-acb3a2e7,CAFEF_C8_COMPLETE_ONLY_V1,-7.8151693999572265,-1.3712923387848033
2024-11-29,KBS:HOSE:SRF,0,1,experiment-20261003T113748Z-acb3a2e7,CAFEF_C8_COMPLETE_ONLY_V1,-7.753954722334884,-1.61869914100931
2024-11-29,KBS:HOSE:SSB,0,1,experiment-20261003T113748Z-acb3a2e7,CAFEF_C8_COMPLETE_ONLY_V1,78.40590121378891,-1.0311621966090196
2024-11-29,KBS:HOSE:SSC,0,1,experiment-20261003T113748Z-acb3a2e7,CAFEF_C8_COMPLETE_ONLY_V1,-7.828054056828385,0.8113395393728017
2024-11-29,KBS:HOSE:STB,1,0,experiment-20261003T113748Z-acb3a2e7,CAFEF_C8_COMPLETE_ONLY_V1,237.17380785289137,0.23691191903009337
2024-11-29,KBS:HOSE:STG,0,1,experiment-20261003T113748Z-acb3a2e7,CAFEF_C8_COMPLETE_ONLY_V1,-7.822523067830067,-1.3342077486382369
2024-11-29,KBS:HOSE:STK,0,1,experiment-20261003T113748Z-acb3a2e7,CAFEF_C8_COMPLETE_ONLY_V1,-7.3058094546467665,-1.509448812697647
2024-11-29,KBS:HOSE:SVC,0,1,experiment-20261003T113748Z-acb3a2e7,CAFEF_C8_COMPLETE_ONLY_V1,-7.834187699098837,-0.8866787545797686
2024-11-29,KBS:HOSE:SVT,0,1,experiment-20261003T113748Z-acb3a2e7,CAFEF_C8_COMPLETE_ONLY_V1,-7.755269617103916,-0.2542313789716041
2024-11-29,KBS:HOSE:SZL,0,1,experiment-20261003T113748Z-acb3a2e7,CAFEF_C8_COMPLETE_ONLY_V1,-7.731212457140043,0.1338263661317439
2024-11-29,KBS:HOSE:TCB,1,0,experiment-20261003T113748Z-acb3a2e7,CAFEF_C8_COMPLETE_ONLY_V1,203.84220120793046,0.3109412521830177
2024-11-29,KBS:HOSE:TCL,0,1,experiment-20261003T113748Z-acb3a2e7,CAFEF_C8_COMPLETE_ONLY_V1,-7.433855836764691,-0.28092805061935927
2024-11-29,KBS:HOSE:TCM,0,1,experiment-20261003T113748Z-acb3a2e7,CAFEF_C8_COMPLETE_ONLY_V1,54.88162707823316,0.4122527702074041
2024-11-29,KBS:HOSE:TCO,0,1,experiment-20261003T113748Z-acb3a2e7,CAFEF_C8_COMPLETE_ONLY_V1,-4.19992479521019,5.597345657579481
2024-11-29,KBS:HOSE:TCR,0,1,experiment-20261003T113748Z-acb3a2e7,CAFEF_C8_COMPLETE_ONLY_V1,-7.826710325647433,0.10246165888004218
2024-11-29,KBS:HOSE:TDC,0,1,experiment-20261003T113748Z-acb3a2e7,CAFEF_C8_COMPLETE_ONLY_V1,-5.4277389792158335,-0.3461754922330527
2024-11-29,KBS:HOSE:TDG,0,1,experiment-20261003T113748Z-acb3a2e7,CAFEF_C8_COMPLETE_ONLY_V1,-7.73666898202346,-1.1874438616153151
2024-11-29,KBS:HOSE:TDP,0,1,experiment-20261003T113748Z-acb3a2e7,CAFEF_C8_COMPLETE_ONLY_V1,-5.5944469563874035,0.43180901290351037
2024-11-29,KBS:HOSE:TDW,0,1,experiment-20261003T113748Z-acb3a2e7,CAFEF_C8_COMPLETE_ONLY_V1,-7.825925591258878,0.7764035979804413
2024-11-29,KBS:HOSE:TEG,0,1,experiment-20261003T113748Z-acb3a2e7,CAFEF_C8_COMPLETE_ONLY_V1,-6.643950846519724,-1.5201312932102797
2024-11-29,KBS:HOSE:THG,0,1,experiment-20261003T113748Z-acb3a2e7,CAFEF_C8_COMPLETE_ONLY_V1,-7.522736119145048,0.2859099410118721
2024-11-29,KBS:HOSE:TIP,0,1,experiment-20261003T113748Z-acb3a2e7,CAFEF_C8_COMPLETE_ONLY_V1,-6.067283296219227,-1.0472006291452813
2024-11-29,KBS:HOSE:TIX,0,1,experiment-20261003T113748Z-acb3a2e7,CAFEF_C8_COMPLETE_ONLY_V1,-7.700107125693189,2.0382343564071745
2024-11-29,KBS:HOSE:TLG,0,1,experiment-20261003T113748Z-acb3a2e7,CAFEF_C8_COMPLETE_ONLY_V1,9.453379535969333,4.601521635522933
2024-11-29,KBS:HOSE:TLH,0,1,experiment-20261003T113748Z-acb3a2e7,CAFEF_C8_COMPLETE_ONLY_V1,-7.178224265487891,-3.893623195491772
2024-11-29,KBS:HOSE:TMS,0,1,experiment-20261003T113748Z-acb3a2e7,CAFEF_C8_COMPLETE_ONLY_V1,-7.813258506742855,-0.9613476190384382
2024-11-29,KBS:HOSE:TMT,0,1,experiment-20261003T113748Z-acb3a2e7,CAFEF_C8_COMPLETE_ONLY_V1,-7.67365689057891,-1.7013275053070496
2024-11-29,KBS:HOSE:TNC,0,1,experiment-20261003T113748Z-acb3a2e7,CAFEF_C8_COMPLETE_ONLY_V1,-7.809195732345509,-1.9287623423289055
2024-11-29,KBS:HOSE:TNH,0,1,experiment-20261003T113748Z-acb3a2e7,CAFEF_C8_COMPLETE_ONLY_V1,-1.1959068916693616,-0.9664232544862703
2024-11-29,KBS:HOSE:TNI,0,1,experiment-20261003T113748Z-acb3a2e7,CAFEF_C8_COMPLETE_ONLY_V1,-7.740191451675605,-0.9405893419702074
2024-11-29,KBS:HOSE:TNT,0,1,experiment-20261003T113748Z-acb3a2e7,CAFEF_C8_COMPLETE_ONLY_V1,-7.564943931422978,-2.71503582649287
2024-11-29,KBS:HOSE:TPB,0,1,experiment-20261003T113748Z-acb3a2e7,CAFEF_C8_COMPLETE_ONLY_V1,126.15113975295436,0.13717787706313847
2024-11-29,KBS:HOSE:TRA,0,1,experiment-20261003T113748Z-acb3a2e7,CAFEF_C8_COMPLETE_ONLY_V1,-7.733669926285303,0.09380759963248801
2024-11-29,KBS:HOSE:TRC,0,1,experiment-20261003T113748Z-acb3a2e7,CAFEF_C8_COMPLETE_ONLY_V1,-4.5772025562237335,3.230482052431494
2024-11-29,KBS:HOSE:TTE,0,1,experiment-20261003T113748Z-acb3a2e7,CAFEF_C8_COMPLETE_ONLY_V1,-7.794432670998918,18.83876370335916
2024-11-29,KBS:HOSE:TV2,0,1,experiment-20261003T113748Z-acb3a2e7,CAFEF_C8_COMPLETE_ONLY_V1,-2.0994802611542767,-0.37870060391693267
2024-11-29,KBS:HOSE:TVB,0,1,experiment-20261003T113748Z-acb3a2e7,CAFEF_C8_COMPLETE_ONLY_V1,-7.52813201512614,-0.3256647041957112
2024-11-29,KBS:HOSE:TVS,0,1,experiment-20261003T113748Z-acb3a2e7,CAFEF_C8_COMPLETE_ONLY_V1,-7.0804254623849125,-1.4688575967886484
2024-11-29,KBS:HOSE:TVT,0,1,experiment-20261003T113748Z-acb3a2e7,CAFEF_C8_COMPLETE_ONLY_V1,-7.792175884612177,-0.32851152172101655
2024-11-29,KBS:HOSE:UIC,0,1,experiment-20261003T113748Z-acb3a2e7,CAFEF_C8_COMPLETE_ONLY_V1,-7.769903023445134,0.7236272876684331
2024-11-29,KBS:HOSE:VAB,0,1,experiment-20261003T113748Z-acb3a2e7,CAFEF_C8_COMPLETE_ONLY_V1,-5.15089105863711,-0.22906996999206747
2024-11-29,KBS:HOSE:VCA,0,1,experiment-20261003T113748Z-acb3a2e7,CAFEF_C8_COMPLETE_ONLY_V1,-7.821453781285466,1.4747626285355449
2024-11-29,KBS:HOSE:VCG,0,1,experiment-20261003T113748Z-acb3a2e7,CAFEF_C8_COMPLETE_ONLY_V1,26.31069817269101,-1.2796384820086169
2024-11-29,KBS:HOSE:VDS,0,1,experiment-20261003T113748Z-acb3a2e7,CAFEF_C8_COMPLETE_ONLY_V1,4.802075028887534,-1.8589639750134435
2024-11-29,KBS:HOSE:VFG,0,1,experiment-20261003T113748Z-acb3a2e7,CAFEF_C8_COMPLETE_ONLY_V1,-6.176528806385245,1.9469161853055805
2024-11-29,KBS:HOSE:VGC,0,1,experiment-20261003T113748Z-acb3a2e7,CAFEF_C8_COMPLETE_ONLY_V1,30.84652697027999,-0.8560362419174247
2024-11-29,KBS:HOSE:VHM,1,0,experiment-20261003T113748Z-acb3a2e7,CAFEF_C8_COMPLETE_ONLY_V1,441.6735025346923,-0.32829933472748624
2024-11-29,KBS:HOSE:VID,0,1,experiment-20261003T113748Z-acb3a2e7,CAFEF_C8_COMPLETE_ONLY_V1,-7.789482677614141,-1.5192902258285534
2024-11-29,KBS:HOSE:VIP,0,1,experiment-20261003T113748Z-acb3a2e7,CAFEF_C8_COMPLETE_ONLY_V1,-4.3860608275793735,0.9397379660621732
2024-11-29,KBS:HOSE:VIX,0,1,experiment-20261003T113748Z-acb3a2e7,CAFEF_C8_COMPLETE_ONLY_V1,107.73012304471689,-2.7027140383272332
2024-11-29,KBS:HOSE:VJC,0,1,experiment-20261003T113748Z-acb3a2e7,CAFEF_C8_COMPLETE_ONLY_V1,56.76584300205704,-0.6943222245248433
2024-11-29,KBS:HOSE:VND,0,1,experiment-20261003T113748Z-acb3a2e7,CAFEF_C8_COMPLETE_ONLY_V1,50.561133020466116,-1.7733667700929583
2024-11-29,KBS:HOSE:VNG,0,1,experiment-20261003T113748Z-acb3a2e7,CAFEF_C8_COMPLETE_ONLY_V1,-7.799323572187852,-0.10116885988375228
2024-11-29,KBS:HOSE:VOS,0,1,experiment-20261003T113748Z-acb3a2e7,CAFEF_C8_COMPLETE_ONLY_V1,17.9096699377851,0.17877954347329436
2024-11-29,KBS:HOSE:VPB,1,0,experiment-20261003T113748Z-acb3a2e7,CAFEF_C8_COMPLETE_ONLY_V1,223.38220786409,-0.48510038428988794
2024-11-29,KBS:HOSE:VPG,0,1,experiment-20261003T113748Z-acb3a2e7,CAFEF_C8_COMPLETE_ONLY_V1,-5.848014948943521,-1.8404214322674406
2024-11-29,KBS:HOSE:VPS,0,1,experiment-20261003T113748Z-acb3a2e7,CAFEF_C8_COMPLETE_ONLY_V1,-7.82293688947782,-1.3772435396163747
2024-11-29,KBS:HOSE:VSH,0,1,experiment-20261003T113748Z-acb3a2e7,CAFEF_C8_COMPLETE_ONLY_V1,-7.31633435362078,0.4614336846736353
2024-11-29,KBS:HOSE:VSI,0,1,experiment-20261003T113748Z-acb3a2e7,CAFEF_C8_COMPLETE_ONLY_V1,-7.722768667665693,-0.11514391078621317
2024-11-29,KBS:HOSE:VTO,0,1,experiment-20261003T113748Z-acb3a2e7,CAFEF_C8_COMPLETE_ONLY_V1,-3.950653282175203,0.520025780082104
2024-11-29,KBS:UPCOM:A32,0,1,experiment-20261003T113748Z-acb3a2e7,CAFEF_C8_COMPLETE_ONLY_V1,-7.826325114682397,0.284659198203682
2024-11-29,KBS:UPCOM:AAS,0,1,experiment-20261003T113748Z-acb3a2e7,CAFEF_C8_COMPLETE_ONLY_V1,-3.735692420293173,-2.8012318137163326
2024-11-29,KBS:UPCOM:AAV,0,1,experiment-20261003T113748Z-acb3a2e7,CAFEF_C8_COMPLETE_ONLY_V1,-5.001449136071464,1.754563460892589
2024-11-29,KBS:UPCOM:ABB,0,1,experiment-20261003T113748Z-acb3a2e7,CAFEF_C8_COMPLETE_ONLY_V1,-4.99150986652045,-1.3859189863398487
2024-11-29,KBS:UPCOM:ABC,0,1,experiment-20261003T113748Z-acb3a2e7,CAFEF_C8_COMPLETE_ONLY_V1,-7.220696833477047,0.3021456095948933
2024-11-29,KBS:UPCOM:ABI,0,1,experiment-20261003T113748Z-acb3a2e7,CAFEF_C8_COMPLETE_ONLY_V1,-7.436073075534605,-0.0649529005269407
2024-11-29,KBS:UPCOM:ACE,0,1,experiment-20261003T113748Z-acb3a2e7,CAFEF_C8_COMPLETE_ONLY_V1,-7.7957673144859845,0.47990319386496266
2024-11-29,KBS:UPCOM:ACM,0,1,experiment-20261003T113748Z-acb3a2e7,CAFEF_C8_COMPLETE_ONLY_V1,-7.817609418099802,-1.2063233828657915
2024-11-29,KBS:UPCOM:ACS,0,1,experiment-20261003T113748Z-acb3a2e7,CAFEF_C8_COMPLETE_ONLY_V1,-7.841017221090602,4.455451576233905
2024-11-29,KBS:UPCOM:ACV,0,1,experiment-20261003T113748Z-acb3a2e7,CAFEF_C8_COMPLETE_ONLY_V1,8.648893069176511,1.787441703396312
2024-11-29,KBS:UPCOM:AG1,0,1,experiment-20261003T113748Z-acb3a2e7,CAFEF_C8_COMPLETE_ONLY_V1,-7.825326333966291,1.4392525023245994
2024-11-29,KBS:UPCOM:AGF,0,1,experiment-20261003T113748Z-acb3a2e7,CAFEF_C8_COMPLETE_ONLY_V1,-7.833738618667175,-3.5581575557272984
2024-11-29,KBS:UPCOM:AGP,0,1,experiment-20261003T113748Z-acb3a2e7,CAFEF_C8_COMPLETE_ONLY_V1,-7.7874782490542565,0.32796589365241224
2024-11-29,KBS:UPCOM:AGX,0,1,experiment-20261003T113748Z-acb3a2e7,CAFEF_C8_COMPLETE_ONLY_V1,-7.803466613525619,2.7017618545033604
2024-11-29,KBS:UPCOM:AIC,0,1,experiment-20261003T113748Z-acb3a2e7,CAFEF_C8_COMPLETE_ONLY_V1,-7.777578279656932,1.0124440921240205
2024-11-29,KBS:UPCOM:ALV,0,1,experiment-20261003T113748Z-acb3a2e7,CAFEF_C8_COMPLETE_ONLY_V1,-7.785040584106521,-1.1528079745048605
2024-11-29,KBS:UPCOM:AMP,0,1,experiment-20261003T113748Z-acb3a2e7,CAFEF_C8_COMPLETE_ONLY_V1,-5.465144179933775,1.1989619654305328
2024-11-29,KBS:UPCOM:AMS,0,1,experiment-20261003T113748Z-acb3a2e7,CAFEF_C8_COMPLETE_ONLY_V1,-6.819695972794092,-1.0791811517834344
2024-11-29,KBS:UPCOM:APF,0,1,experiment-20261003T113748Z-acb3a2e7,CAFEF_C8_COMPLETE_ONLY_V1,-7.315023058291993,-0.7457613262066031
2024-11-29,KBS:UPCOM:APL,0,1,experiment-20261003T113748Z-acb3a2e7,CAFEF_C8_COMPLETE_ONLY_V1,-7.837849863196744,0.07963043320875125
2024-11-29,KBS:UPCOM:APT,0,1,experiment-20261003T113748Z-acb3a2e7,CAFEF_C8_COMPLETE_ONLY_V1,-7.839974119450007,-0.05139364649367168
2024-11-29,KBS:UPCOM:ART,0,1,experiment-20261003T113748Z-acb3a2e7,CAFEF_C8_COMPLETE_ONLY_V1,-7.828942451850533,-0.18746495744638905
2024-11-29,KBS:UPCOM:ATA,0,1,experiment-20261003T113748Z-acb3a2e7,CAFEF_C8_COMPLETE_ONLY_V1,-7.833181204785836,-0.5887438156294991
2024-11-29,KBS:UPCOM:ATG,0,1,experiment-20261003T113748Z-acb3a2e7,CAFEF_C8_COMPLETE_ONLY_V1,-7.827333418519945,-6.730560688674803
2024-11-29,KBS:UPCOM:AVC,0,1,experiment-20261003T113748Z-acb3a2e7,CAFEF_C8_COMPLETE_ONLY_V1,-7.804228455691381,-0.4191042251651037
2024-11-29,KBS:UPCOM:BAL,0,1,experiment-20261003T113748Z-acb3a2e7,CAFEF_C8_COMPLETE_ONLY_V1,-7.834489397809834,1.60624763663266
2024-11-29,KBS:UPCOM:BBH,0,1,experiment-20261003T113748Z-acb3a2e7,CAFEF_C8_COMPLETE_ONLY_V1,-7.854729586170771,2.7622434369546722
2024-11-29,KBS:UPCOM:BBM,0,1,experiment-20261003T113748Z-acb3a2e7,CAFEF_C8_COMPLETE_ONLY_V1,-7.8432602750171005,-2.745755259500764
2024-11-29,KBS:UPCOM:BBT,0,1,experiment-20261003T113748Z-acb3a2e7,CAFEF_C8_COMPLETE_ONLY_V1,-7.826716238091937,4.660240050970688
2024-11-29,KBS:UPCOM:BCA,0,1,experiment-20261003T113748Z-acb3a2e7,CAFEF_C8_COMPLETE_ONLY_V1,-7.752889537005638,-0.9163282905192534
2024-11-29,KBS:UPCOM:BCB,0,1,experiment-20261003T113748Z-acb3a2e7,CAFEF_C8_COMPLETE_ONLY_V1,-7.826447783596733,0.205453414531442
2024-11-29,KBS:UPCOM:BCP,0,1,experiment-20261003T113748Z-acb3a2e7,CAFEF_C8_COMPLETE_ONLY_V1,-7.829551411837384,0.7024509219363991
2024-11-29,KBS:UPCOM:BDG,0,1,experiment-20261003T113748Z-acb3a2e7,CAFEF_C8_COMPLETE_ONLY_V1,-7.7379866094214895,-0.34287182006885664
2024-11-29,KBS:UPCOM:BDT,0,1,experiment-20261003T113748Z-acb3a2e7,CAFEF_C8_COMPLETE_ONLY_V1,-7.739233844040485,-2.484549197861087
2024-11-29,KBS:UPCOM:BDW,0,1,experiment-20261003T113748Z-acb3a2e7,CAFEF_C8_COMPLETE_ONLY_V1,-7.828930583724529,0.9170321499395003
2024-11-29,KBS:UPCOM:BEL,0,1,experiment-20261003T113748Z-acb3a2e7,CAFEF_C8_COMPLETE_ONLY_V1,-7.817968413695476,3.3639922015843986
2024-11-29,KBS:UPCOM:BGW,0,1,experiment-20261003T113748Z-acb3a2e7,CAFEF_C8_COMPLETE_ONLY_V1,-5.128563538346363,1.214589512814755
2024-11-29,KBS:UPCOM:BHA,0,1,experiment-20261003T113748Z-acb3a2e7,CAFEF_C8_COMPLETE_ONLY_V1,-7.821286080035178,1.4190003133235216
2024-11-29,KBS:UPCOM:BHC,0,1,experiment-20261003T113748Z-acb3a2e7,CAFEF_C8_COMPLETE_ONLY_V1,-7.833978075962665,0.6653116066997233
2024-11-29,KBS:UPCOM:BHG,0,1,experiment-20261003T113748Z-acb3a2e7,CAFEF_C8_COMPLETE_ONLY_V1,-7.830097390856921,-0.3693716111398294
2024-11-29,KBS:UPCOM:BHK,0,1,experiment-20261003T113748Z-acb3a2e7,CAFEF_C8_COMPLETE_ONLY_V1,-7.780912306112516,2.873096540488482
2024-11-29,KBS:UPCOM:BHP,0,1,experiment-20261003T113748Z-acb3a2e7,CAFEF_C8_COMPLETE_ONLY_V1,-7.840586063508784,-0.5018714943167318
2024-11-29,KBS:UPCOM:BIO,0,1,experiment-20261003T113748Z-acb3a2e7,CAFEF_C8_COMPLETE_ONLY_V1,-7.832817200076362,-1.781827809992513
2024-11-29,KBS:UPCOM:BLI,0,1,experiment-20261003T113748Z-acb3a2e7,CAFEF_C8_COMPLETE_ONLY_V1,-7.7558581415326655,-0.8865399482951191
2024-11-29,KBS:UPCOM:BLN,0,1,experiment-20261003T113748Z-acb3a2e7,CAFEF_C8_COMPLETE_ONLY_V1,-7.8281749003580305,-0.06657309842514901
2024-11-29,KBS:UPCOM:BLT,0,1,experiment-20261003T113748Z-acb3a2e7,CAFEF_C8_COMPLETE_ONLY_V1,-7.759993741051463,-2.2270161291801727
2024-11-29,KBS:UPCOM:BMD,0,1,experiment-20261003T113748Z-acb3a2e7,CAFEF_C8_COMPLETE_ONLY_V1,-7.833889629675045,0.8511331880302841
2024-11-29,KBS:UPCOM:BMF,0,1,experiment-20261003T113748Z-acb3a2e7,CAFEF_C8_COMPLETE_ONLY_V1,-7.823654726882503,-1.6617428986942644
2024-11-29,KBS:UPCOM:BMG,0,1,experiment-20261003T113748Z-acb3a2e7,CAFEF_C8_COMPLETE_ONLY_V1,-7.8308578788935845,0.462461304373754
2024-11-29,KBS:UPCOM:BMJ,0,1,experiment-20261003T113748Z-acb3a2e7,CAFEF_C8_COMPLETE_ONLY_V1,-7.835006122214029,0.8286846956189955
2024-11-29,KBS:UPCOM:BMS,0,1,experiment-20261003T113748Z-acb3a2e7,CAFEF_C8_COMPLETE_ONLY_V1,-7.544561976054069,-0.16988301078189655
2024-11-29,KBS:UPCOM:BMV,0,1,experiment-20261003T113748Z-acb3a2e7,CAFEF_C8_COMPLETE_ONLY_V1,-7.844348262528969,-2.967615664882447
2024-11-29,KBS:UPCOM:BNW,0,1,experiment-20261003T113748Z-acb3a2e7,CAFEF_C8_COMPLETE_ONLY_V1,-7.828938699100916,-0.18687388716374057
2024-11-29,KBS:UPCOM:BQB,0,1,experiment-20261003T113748Z-acb3a2e7,CAFEF_C8_COMPLETE_ONLY_V1,-7.8200119174772995,-0.8197339621192258
2024-11-29,KBS:UPCOM:BRR,0,1,experiment-20261003T113748Z-acb3a2e7,CAFEF_C8_COMPLETE_ONLY_V1,-7.774617335104235,-0.6541782750176071
2024-11-29,KBS:UPCOM:BRS,0,1,experiment-20261003T113748Z-acb3a2e7,CAFEF_C8_COMPLETE_ONLY_V1,-7.830325199664333,-0.9655531327964422
2024-11-29,KBS:UPCOM:BSD,0,1,experiment-20261003T113748Z-acb3a2e7,CAFEF_C8_COMPLETE_ONLY_V1,-7.835591794235903,9.432917401112265
2024-11-29,KBS:UPCOM:BSG,0,1,experiment-20261003T113748Z-acb3a2e7,CAFEF_C8_COMPLETE_ONLY_V1,-7.820700845649964,-0.31584135666568675
2024-11-29,KBS:UPCOM:BSH,0,1,experiment-20261003T113748Z-acb3a2e7,CAFEF_C8_COMPLETE_ONLY_V1,-7.816775381979107,1.4877301662334539
2024-11-29,KBS:UPCOM:BSL,0,1,experiment-20261003T113748Z-acb3a2e7,CAFEF_C8_COMPLETE_ONLY_V1,-7.800325832090853,-0.2742770073978588
2024-11-29,KBS:UPCOM:BSP,0,1,experiment-20261003T113748Z-acb3a2e7,CAFEF_C8_COMPLETE_ONLY_V1,-7.830027226338396,-0.8599381934225668
2024-11-29,KBS:UPCOM:BSQ,0,1,experiment-20261003T113748Z-acb3a2e7,CAFEF_C8_COMPLETE_ONLY_V1,-7.6333835072227485,0.04104245136524915
2024-11-29,KBS:UPCOM:BTB,0,1,experiment-20261003T113748Z-acb3a2e7,CAFEF_C8_COMPLETE_ONLY_V1,-7.839220526693919,1.2423659587199505
2024-11-29,KBS:UPCOM:BTD,0,1,experiment-20261003T113748Z-acb3a2e7,CAFEF_C8_COMPLETE_ONLY_V1,-7.838118811534819,-0.3990316915914569
2024-11-29,KBS:UPCOM:BTG,0,1,experiment-20261003T113748Z-acb3a2e7,CAFEF_C8_COMPLETE_ONLY_V1,-7.841578801945982,0.3191175962480978
2024-11-29,KBS:UPCOM:BTN,0,1,experiment-20261003T113748Z-acb3a2e7,CAFEF_C8_COMPLETE_ONLY_V1,-7.811800873467309,-0.12205438312895973
2024-11-29,KBS:UPCOM:BTU,0,1,experiment-20261003T113748Z-acb3a2e7,CAFEF_C8_COMPLETE_ONLY_V1,-7.8173796503574335,-1.0339599595762656
2024-11-29,KBS:UPCOM:BTV,0,1,experiment-20261003T113748Z-acb3a2e7,CAFEF_C8_COMPLETE_ONLY_V1,-7.840471306285814,-0.17487305904603714
2024-11-29,KBS:UPCOM:BVG,0,1,experiment-20261003T113748Z-acb3a2e7,CAFEF_C8_COMPLETE_ONLY_V1,-7.797799789426353,-0.37522453644053055
2024-11-29,KBS:UPCOM:BVL,0,1,experiment-20261003T113748Z-acb3a2e7,CAFEF_C8_COMPLETE_ONLY_V1,-7.833098716122722,-0.80219541264299
2024-11-29,KBS:UPCOM:BVN,0,1,experiment-20261003T113748Z-acb3a2e7,CAFEF_C8_COMPLETE_ONLY_V1,-7.846762904835296,1.3973579272400998
2024-11-29,KBS:UPCOM:BWA,0,1,experiment-20261003T113748Z-acb3a2e7,CAFEF_C8_COMPLETE_ONLY_V1,-7.829944184784767,-0.1296625212286097
2024-11-29,KBS:UPCOM:BWS,0,1,experiment-20261003T113748Z-acb3a2e7,CAFEF_C8_COMPLETE_ONLY_V1,-7.634578184013912,0.5817754980406246
2024-11-29,KBS:UPCOM:C22,0,1,experiment-20261003T113748Z-acb3a2e7,CAFEF_C8_COMPLETE_ONLY_V1,-7.844073672626834,1.0849823754495842
2024-11-29,KBS:UPCOM:C4G,0,1,experiment-20261003T113748Z-acb3a2e7,CAFEF_C8_COMPLETE_ONLY_V1,-6.2716947850536915,-2.73917470176806
2024-11-29,KBS:UPCOM:C92,0,1,experiment-20261003T113748Z-acb3a2e7,CAFEF_C8_COMPLETE_ONLY_V1,-7.756757685498173,-0.5904022335562753
2024-11-29,KBS:UPCOM:CAD,0,1,experiment-20261003T113748Z-acb3a2e7,CAFEF_C8_COMPLETE_ONLY_V1,-7.8435464653496085,-1.8064773545583128
2024-11-29,KBS:UPCOM:CAT,0,1,experiment-20261003T113748Z-acb3a2e7,CAFEF_C8_COMPLETE_ONLY_V1,-7.790290225306196,0.23164646937343222
2024-11-29,KBS:UPCOM:CBI,0,1,experiment-20261003T113748Z-acb3a2e7,CAFEF_C8_COMPLETE_ONLY_V1,-7.8232230824508795,1.0315144535297676
2024-11-29,KBS:UPCOM:CBS,0,1,experiment-20261003T113748Z-acb3a2e7,CAFEF_C8_COMPLETE_ONLY_V1,-7.423174810266894,-0.0047175098976872
2024-11-29,KBS:UPCOM:CC1,0,1,experiment-20261003T113748Z-acb3a2e7,CAFEF_C8_COMPLETE_ONLY_V1,-6.762743061987521,2.301718548185686
2024-11-29,KBS:UPCOM:CCA,0,1,experiment-20261003T113748Z-acb3a2e7,CAFEF_C8_COMPLETE_ONLY_V1,-7.683227832238808,-1.6523913952991953
2024-11-29,KBS:UPCOM:CCM,0,1,experiment-20261003T113748Z-acb3a2e7,CAFEF_C8_COMPLETE_ONLY_V1,-7.6978562160413615,0.8793730170928967
2024-11-29,KBS:UPCOM:CCP,0,1,experiment-20261003T113748Z-acb3a2e7,CAFEF_C8_COMPLETE_ONLY_V1,-7.82940460836121,4.05510679805079
2024-11-29,KBS:UPCOM:CCT,0,1,experiment-20261003T113748Z-acb3a2e7,CAFEF_C8_COMPLETE_ONLY_V1,-7.84311285682724,-1.4355102730990232
2024-11-29,KBS:UPCOM:CCV,0,1,experiment-20261003T113748Z-acb3a2e7,CAFEF_C8_COMPLETE_ONLY_V1,-7.831887921273021,-4.254139580231208
2024-11-29,KBS:UPCOM:CDP,0,1,experiment-20261003T113748Z-acb3a2e7,CAFEF_C8_COMPLETE_ONLY_V1,-7.820553996848928,0.011058861205706627
2024-11-29,KBS:UPCOM:CDR,0,1,experiment-20261003T113748Z-acb3a2e7,CAFEF_C8_COMPLETE_ONLY_V1,-7.8116404320345225,3.2817372508829767
2024-11-29,KBS:UPCOM:CEN,0,1,experiment-20261003T113748Z-acb3a2e7,CAFEF_C8_COMPLETE_ONLY_V1,-7.785510674571484,-0.8579844628201017
2024-11-29,KBS:UPCOM:CFM,0,1,experiment-20261003T113748Z-acb3a2e7,CAFEF_C8_COMPLETE_ONLY_V1,-7.836408671641524,1.2930165819434245
2024-11-29,KBS:UPCOM:CFV,0,1,experiment-20261003T113748Z-acb3a2e7,CAFEF_C8_COMPLETE_ONLY_V1,-7.846692887404988,0.8862496446914285
2024-11-29,KBS:UPCOM:CH5,0,1,experiment-20261003T113748Z-acb3a2e7,CAFEF_C8_COMPLETE_ONLY_V1,-7.827128905710293,1.9171457679439976
2024-11-29,KBS:UPCOM:CHC,0,1,experiment-20261003T113748Z-acb3a2e7,CAFEF_C8_COMPLETE_ONLY_V1,-7.837311181624164,0.8579448830165921
2024-11-29,KBS:UPCOM:CHS,0,1,experiment-20261003T113748Z-acb3a2e7,CAFEF_C8_COMPLETE_ONLY_V1,-7.82121996042783,1.3594654908526524
2024-11-29,KBS:UPCOM:CI5,0,1,experiment-20261003T113748Z-acb3a2e7,CAFEF_C8_COMPLETE_ONLY_V1,-7.8447757576376915,-0.22422467644830346
2024-11-29,KBS:UPCOM:CID,0,1,experiment-20261003T113748Z-acb3a2e7,CAFEF_C8_COMPLETE_ONLY_V1,-7.822292423459017,1.7170716999691074
2024-11-29,KBS:UPCOM:CKA,0,1,experiment-20261003T113748Z-acb3a2e7,CAFEF_C8_COMPLETE_ONLY_V1,-7.67190148148374,-1.1181958445099764
2024-11-29,KBS:UPCOM:CKD,0,1,experiment-20261003T113748Z-acb3a2e7,CAFEF_C8_COMPLETE_ONLY_V1,-7.825358865318135,-0.7205601446897192
2024-11-29,KBS:UPCOM:CLX,0,1,experiment-20261003T113748Z-acb3a2e7,CAFEF_C8_COMPLETE_ONLY_V1,-6.9386003507997085,-0.2132678777070082
2024-11-29,KBS:UPCOM:CMD,0,1,experiment-20261003T113748Z-acb3a2e7,CAFEF_C8_COMPLETE_ONLY_V1,-7.81439265847646,0.9338435510586036
2024-11-29,KBS:UPCOM:CMF,0,1,experiment-20261003T113748Z-acb3a2e7,CAFEF_C8_COMPLETE_ONLY_V1,-7.827556157667866,1.3667730696458977
2024-11-29,KBS:UPCOM:CMI,0,1,experiment-20261003T113748Z-acb3a2e7,CAFEF_C8_COMPLETE_ONLY_V1,-7.838888704805808,-0.21957148646051616
2024-11-29,KBS:UPCOM:CMK,0,1,experiment-20261003T113748Z-acb3a2e7,CAFEF_C8_COMPLETE_ONLY_V1,-7.828942451850533,-0.18746495744638905
2024-11-29,KBS:UPCOM:CMN,0,1,experiment-20261003T113748Z-acb3a2e7,CAFEF_C8_COMPLETE_ONLY_V1,-7.827738936579478,-0.6273495018118423
2024-11-29,KBS:UPCOM:CMT,0,1,experiment-20261003T113748Z-acb3a2e7,CAFEF_C8_COMPLETE_ONLY_V1,-7.58704972697839,-0.3214345977720933
2024-11-29,KBS:UPCOM:CMW,0,1,experiment-20261003T113748Z-acb3a2e7,CAFEF_C8_COMPLETE_ONLY_V1,-7.835763064580988,0.7801267000623892
2024-11-29,KBS:UPCOM:CNC,0,1,experiment-20261003T113748Z-acb3a2e7,CAFEF_C8_COMPLETE_ONLY_V1,-7.699811534361913,1.3295511865646323
2024-11-29,KBS:UPCOM:CNN,0,1,experiment-20261003T113748Z-acb3a2e7,CAFEF_C8_COMPLETE_ONLY_V1,-7.800493600123928,1.8860486666052523
2024-11-29,KBS:UPCOM:CNT,0,1,experiment-20261003T113748Z-acb3a2e7,CAFEF_C8_COMPLETE_ONLY_V1,-7.727642585077008,-1.6658637488958672
2024-11-29,KBS:UPCOM:CPA,0,1,experiment-20261003T113748Z-acb3a2e7,CAFEF_C8_COMPLETE_ONLY_V1,-7.837012673608885,0.11331073881750607
2024-11-29,KBS:UPCOM:CPI,0,1,experiment-20261003T113748Z-acb3a2e7,CAFEF_C8_COMPLETE_ONLY_V1,-7.826955039600187,2.3451926658888658
2024-11-29,KBS:UPCOM:CQN,0,1,experiment-20261003T113748Z-acb3a2e7,CAFEF_C8_COMPLETE_ONLY_V1,-4.00297109825433,0.9336286644491976
2024-11-29,KBS:UPCOM:CQT,0,1,experiment-20261003T113748Z-acb3a2e7,CAFEF_C8_COMPLETE_ONLY_V1,-7.835076791493201,-1.0411393292795015
2024-11-29,KBS:UPCOM:CT3,0,1,experiment-20261003T113748Z-acb3a2e7,CAFEF_C8_COMPLETE_ONLY_V1,-7.833743159396013,2.493278555470749
2024-11-29,KBS:UPCOM:CTW,0,1,experiment-20261003T113748Z-acb3a2e7,CAFEF_C8_COMPLETE_ONLY_V1,-7.826343201825031,1.8961913127145154
2024-11-29,KBS:UPCOM:CVN,0,1,experiment-20261003T113748Z-acb3a2e7,CAFEF_C8_COMPLETE_ONLY_V1,-7.835740398181372,-1.4703024595502354
2024-11-29,KBS:UPCOM:DAS,0,1,experiment-20261003T113748Z-acb3a2e7,CAFEF_C8_COMPLETE_ONLY_V1,-7.840814577120775,-3.304422543906834
2024-11-29,KBS:UPCOM:DBM,0,1,experiment-20261003T113748Z-acb3a2e7,CAFEF_C8_COMPLETE_ONLY_V1,-7.838653022615613,-0.47957554221962806
2024-11-29,KBS:UPCOM:DC1,0,1,experiment-20261003T113748Z-acb3a2e7,CAFEF_C8_COMPLETE_ONLY_V1,-7.840626592373349,4.022184123573101
2024-11-29,KBS:UPCOM:DCF,0,1,experiment-20261003T113748Z-acb3a2e7,CAFEF_C8_COMPLETE_ONLY_V1,-7.844292642718764,2.1654680686221104
2024-11-29,KBS:UPCOM:DCH,0,1,experiment-20261003T113748Z-acb3a2e7,CAFEF_C8_COMPLETE_ONLY_V1,-7.834173909697234,-0.9486322508685132
2024-11-29,KBS:UPCOM:DCR,0,1,experiment-20261003T113748Z-acb3a2e7,CAFEF_C8_COMPLETE_ONLY_V1,-7.741313322885131,-0.32596377935719023
2024-11-29,KBS:UPCOM:DCS,0,1,experiment-20261003T113748Z-acb3a2e7,CAFEF_C8_COMPLETE_ONLY_V1,-7.692694664364073,3.3904126496356572
2024-11-29,KBS:UPCOM:DCT,0,1,experiment-20261003T113748Z-acb3a2e7,CAFEF_C8_COMPLETE_ONLY_V1,-7.838863659749106,-1.7402688543733664
2024-11-29,KBS:UPCOM:DDG,0,1,experiment-20261003T113748Z-acb3a2e7,CAFEF_C8_COMPLETE_ONLY_V1,-7.4297041239227966,-3.239550594019458
2024-11-29,KBS:UPCOM:DDH,0,1,experiment-20261003T113748Z-acb3a2e7,CAFEF_C8_COMPLETE_ONLY_V1,-7.8391447737386954,-0.18852549776913785
2024-11-29,KBS:UPCOM:DDM,0,1,experiment-20261003T113748Z-acb3a2e7,CAFEF_C8_COMPLETE_ONLY_V1,-7.837643187334292,-0.5338284031774122
2024-11-29,KBS:UPCOM:DDN,0,1,experiment-20261003T113748Z-acb3a2e7,CAFEF_C8_COMPLETE_ONLY_V1,-7.825322022112364,-0.2074300870965807
2024-11-29,KBS:UPCOM:DDV,0,1,experiment-20261003T113748Z-acb3a2e7,CAFEF_C8_COMPLETE_ONLY_V1,5.901490539687384,0.7747121403881857
2024-11-29,KBS:UPCOM:DFC,0,1,experiment-20261003T113748Z-acb3a2e7,CAFEF_C8_COMPLETE_ONLY_V1,-7.832842953241126,-0.4506788006922991
2024-11-29,KBS:UPCOM:DGT,0,1,experiment-20261003T113748Z-acb3a2e7,CAFEF_C8_COMPLETE_ONLY_V1,-6.988114034612277,-0.9300883183319649
2024-11-29,KBS:UPCOM:DHB,0,1,experiment-20261003T113748Z-acb3a2e7,CAFEF_C8_COMPLETE_ONLY_V1,-7.774564270606395,-0.29807114346471636
2024-11-29,KBS:UPCOM:DHD,0,1,experiment-20261003T113748Z-acb3a2e7,CAFEF_C8_COMPLETE_ONLY_V1,-7.779566141627844,0.8291161233669557
2024-11-29,KBS:UPCOM:DHN,0,1,experiment-20261003T113748Z-acb3a2e7,CAFEF_C8_COMPLETE_ONLY_V1,-7.820331684153913,6.679647776258255
2024-11-29,KBS:UPCOM:DIC,0,1,experiment-20261003T113748Z-acb3a2e7,CAFEF_C8_COMPLETE_ONLY_V1,-7.8341710875632975,-0.9170817974788145
2024-11-29,KBS:UPCOM:DID,0,1,experiment-20261003T113748Z-acb3a2e7,CAFEF_C8_COMPLETE_ONLY_V1,-7.817117650743349,-0.3301686342918066
2024-11-29,KBS:UPCOM:DKC,0,1,experiment-20261003T113748Z-acb3a2e7,CAFEF_C8_COMPLETE_ONLY_V1,-7.826771547006813,6.454378829518106
2024-11-29,KBS:UPCOM:DLR,0,1,experiment-20261003T113748Z-acb3a2e7,CAFEF_C8_COMPLETE_ONLY_V1,-7.8327429535960595,7.970393570352813
2024-11-29,KBS:UPCOM:DLT,0,1,experiment-20261003T113748Z-acb3a2e7,CAFEF_C8_COMPLETE_ONLY_V1,-7.8325531506518455,-0.7561182151142053
2024-11-29,KBS:UPCOM:DM7,0,1,experiment-20261003T113748Z-acb3a2e7,CAFEF_C8_COMPLETE_ONLY_V1,-7.829798182780344,-0.955457635928437
2024-11-29,KBS:UPCOM:DNA,0,1,experiment-20261003T113748Z-acb3a2e7,CAFEF_C8_COMPLETE_ONLY_V1,-6.482765640441999,-2.534579901399078
2024-11-29,KBS:UPCOM:DND,0,1,experiment-20261003T113748Z-acb3a2e7,CAFEF_C8_COMPLETE_ONLY_V1,-7.832289855737029,0.5463988004073392
2024-11-29,KBS:UPCOM:DNE,0,1,experiment-20261003T113748Z-acb3a2e7,CAFEF_C8_COMPLETE_ONLY_V1,-7.83377450668725,0.9985452236634703
2024-11-29,KBS:UPCOM:DNH,0,1,experiment-20261003T113748Z-acb3a2e7,CAFEF_C8_COMPLETE_ONLY_V1,-7.838214245071819,-4.120260108854001
2024-11-29,KBS:UPCOM:DNL,0,1,experiment-20261003T113748Z-acb3a2e7,CAFEF_C8_COMPLETE_ONLY_V1,-7.334952821924677,1.7126601995482027
2024-11-29,KBS:UPCOM:DNM,0,1,experiment-20261003T113748Z-acb3a2e7,CAFEF_C8_COMPLETE_ONLY_V1,-7.841049519608792,-5.96960500720901
2024-11-29,KBS:UPCOM:DNT,0,1,experiment-20261003T113748Z-acb3a2e7,CAFEF_C8_COMPLETE_ONLY_V1,-7.84350701659942,-3.85218870872867
2024-11-29,KBS:UPCOM:DNW,0,1,experiment-20261003T113748Z-acb3a2e7,CAFEF_C8_COMPLETE_ONLY_V1,-7.828563790298791,-0.1911837709728812
2024-11-29,KBS:UPCOM:DOC,0,1,experiment-20261003T113748Z-acb3a2e7,CAFEF_C8_COMPLETE_ONLY_V1,-7.771451202936956,0.6336327457090918
2024-11-29,KBS:UPCOM:DOP,0,1,experiment-20261003T113748Z-acb3a2e7,CAFEF_C8_COMPLETE_ONLY_V1,-7.831252718206347,1.3355111089889715
2024-11-29,KBS:UPCOM:DP1,0,1,experiment-20261003T113748Z-acb3a2e7,CAFEF_C8_COMPLETE_ONLY_V1,-7.774577968362721,0.5112237215753044
2024-11-29,KBS:UPCOM:DPH,0,1,experiment-20261003T113748Z-acb3a2e7,CAFEF_C8_COMPLETE_ONLY_V1,-7.828758920953229,0.589175623542704
2024-11-29,KBS:UPCOM:DPP,0,1,experiment-20261003T113748Z-acb3a2e7,CAFEF_C8_COMPLETE_ONLY_V1,-7.845279466875208,3.9167726461878236
2024-11-29,KBS:UPCOM:DRG,0,1,experiment-20261003T113748Z-acb3a2e7,CAFEF_C8_COMPLETE_ONLY_V1,-7.827772427320648,1.4079021994186305
2024-11-29,KBS:UPCOM:DRI,0,1,experiment-20261003T113748Z-acb3a2e7,CAFEF_C8_COMPLETE_ONLY_V1,-3.521345543133554,1.8378054248009286
2024-11-29,KBS:UPCOM:DSG,0,1,experiment-20261003T113748Z-acb3a2e7,CAFEF_C8_COMPLETE_ONLY_V1,-7.831763982310871,-0.7191140749428884
2024-11-29,KBS:UPCOM:DSP,0,1,experiment-20261003T113748Z-acb3a2e7,CAFEF_C8_COMPLETE_ONLY_V1,-6.990942618704299,5.403575998307699
2024-11-29,KBS:UPCOM:DTC,0,1,experiment-20261003T113748Z-acb3a2e7,CAFEF_C8_COMPLETE_ONLY_V1,-7.8141477477130765,-0.45175565268060675
2024-11-29,KBS:UPCOM:DTI,0,1,experiment-20261003T113748Z-acb3a2e7,CAFEF_C8_COMPLETE_ONLY_V1,-7.814242889544334,-2.8657688001453474
2024-11-29,KBS:UPCOM:DTP,0,1,experiment-20261003T113748Z-acb3a2e7,CAFEF_C8_COMPLETE_ONLY_V1,-7.779912550894858,-0.627847892883977
2024-11-29,KBS:UPCOM:DUS,0,1,experiment-20261003T113748Z-acb3a2e7,CAFEF_C8_COMPLETE_ONLY_V1,-7.833335845980808,-1.6163165598380005
2024-11-29,KBS:UPCOM:DVC,0,1,experiment-20261003T113748Z-acb3a2e7,CAFEF_C8_COMPLETE_ONLY_V1,-7.845386978894595,0.509322943865524
2024-11-29,KBS:UPCOM:DVW,0,1,experiment-20261003T113748Z-acb3a2e7,CAFEF_C8_COMPLETE_ONLY_V1,-7.819741010321338,0.5080284221511748
2024-11-29,KBS:UPCOM:DWS,0,1,experiment-20261003T113748Z-acb3a2e7,CAFEF_C8_COMPLETE_ONLY_V1,-7.822357677974633,-0.2443525590096951
2024-11-29,KBS:UPCOM:DXL,0,1,experiment-20261003T113748Z-acb3a2e7,CAFEF_C8_COMPLETE_ONLY_V1,-7.861191418199815,8.118219417138873
2024-11-29,KBS:UPCOM:E12,0,1,experiment-20261003T113748Z-acb3a2e7,CAFEF_C8_COMPLETE_ONLY_V1,-7.823610662534022,-0.2583315926687358
2024-11-29,KBS:UPCOM:E29,0,1,experiment-20261003T113748Z-acb3a2e7,CAFEF_C8_COMPLETE_ONLY_V1,-7.840465049697825,2.332549917747084
2024-11-29,KBS:UPCOM:EIC,0,1,experiment-20261003T113748Z-acb3a2e7,CAFEF_C8_COMPLETE_ONLY_V1,-7.836535799381703,0.06523758911008895
2024-11-29,KBS:UPCOM:EIN,0,1,experiment-20261003T113748Z-acb3a2e7,CAFEF_C8_COMPLETE_ONLY_V1,-7.817332788008308,-2.674113770981956
2024-11-29,KBS:UPCOM:EMG,0,1,experiment-20261003T113748Z-acb3a2e7,CAFEF_C8_COMPLETE_ONLY_V1,-7.83920792765415,7.584011742041572
2024-11-29,KBS:UPCOM:EMS,0,1,experiment-20261003T113748Z-acb3a2e7,CAFEF_C8_COMPLETE_ONLY_V1,-7.741729219261177,0.4521799166124416
2024-11-29,KBS:UPCOM:FCC,0,1,experiment-20261003T113748Z-acb3a2e7,CAFEF_C8_COMPLETE_ONLY_V1,-7.828942451850533,-0.18746495744638905
2024-11-29,KBS:UPCOM:FCS,0,1,experiment-20261003T113748Z-acb3a2e7,CAFEF_C8_COMPLETE_ONLY_V1,-7.831025676356357,-2.8704317642733637
2024-11-29,KBS:UPCOM:FHN,0,1,experiment-20261003T113748Z-acb3a2e7,CAFEF_C8_COMPLETE_ONLY_V1,-7.830631728963966,-0.35283379057966946
2024-11-29,KBS:UPCOM:FHS,0,1,experiment-20261003T113748Z-acb3a2e7,CAFEF_C8_COMPLETE_ONLY_V1,-7.833713691750122,1.1485047715181034
2024-11-29,KBS:UPCOM:FIC,0,1,experiment-20261003T113748Z-acb3a2e7,CAFEF_C8_COMPLETE_ONLY_V1,-7.8124878665261095,0.7484663819552765
2024-11-29,KBS:UPCOM:FOC,0,1,experiment-20261003T113748Z-acb3a2e7,CAFEF_C8_COMPLETE_ONLY_V1,-5.758026810325861,-0.8681632311075016
2024-11-29,KBS:UPCOM:FOX,0,1,experiment-20261003T113748Z-acb3a2e7,CAFEF_C8_COMPLETE_ONLY_V1,1.2980298093800915,1.3691924452952666
2024-11-29,KBS:UPCOM:FRC,0,1,experiment-20261003T113748Z-acb3a2e7,CAFEF_C8_COMPLETE_ONLY_V1,-7.833210270807427,3.0654656449777478
2024-11-29,KBS:UPCOM:FRM,0,1,experiment-20261003T113748Z-acb3a2e7,CAFEF_C8_COMPLETE_ONLY_V1,-7.829169306047803,0.6782064573912264
2024-11-29,KBS:UPCOM:FT1,0,1,experiment-20261003T113748Z-acb3a2e7,CAFEF_C8_COMPLETE_ONLY_V1,-7.812860694103337,2.0251580613022893
2024-11-29,KBS:UPCOM:FTI,0,1,experiment-20261003T113748Z-acb3a2e7,CAFEF_C8_COMPLETE_ONLY_V1,-7.828942451850533,-0.18746495744638905
2024-11-29,KBS:UPCOM:FTM,0,1,experiment-20261003T113748Z-acb3a2e7,CAFEF_C8_COMPLETE_ONLY_V1,-7.837027078144109,-1.2760859411261996
2024-11-29,KBS:UPCOM:G36,0,1,experiment-20261003T113748Z-acb3a2e7,CAFEF_C8_COMPLETE_ONLY_V1,-7.342591650598328,-1.4524226783261407
2024-11-29,KBS:UPCOM:GCB,0,1,experiment-20261003T113748Z-acb3a2e7,CAFEF_C8_COMPLETE_ONLY_V1,-7.828942451850533,-0.18746495744638905
2024-11-29,KBS:UPCOM:GER,0,1,experiment-20261003T113748Z-acb3a2e7,CAFEF_C8_COMPLETE_ONLY_V1,-7.844474769658727,1.8908495860596235
2024-11-29,KBS:UPCOM:GGG,0,1,experiment-20261003T113748Z-acb3a2e7,CAFEF_C8_COMPLETE_ONLY_V1,-7.830688452097082,-4.666218270015014
2024-11-29,KBS:UPCOM:GH3,0,1,experiment-20261003T113748Z-acb3a2e7,CAFEF_C8_COMPLETE_ONLY_V1,-7.8268326905175885,0.19152357795448532
2024-11-29,KBS:UPCOM:GLC,0,1,experiment-20261003T113748Z-acb3a2e7,CAFEF_C8_COMPLETE_ONLY_V1,-7.828942451850533,-0.18746495744638905
2024-11-29,KBS:UPCOM:GMC,0,1,experiment-20261003T113748Z-acb3a2e7,CAFEF_C8_COMPLETE_ONLY_V1,-7.828155002295554,-0.4708882284038604
2024-11-29,KBS:UPCOM:GND,0,1,experiment-20261003T113748Z-acb3a2e7,CAFEF_C8_COMPLETE_ONLY_V1,-7.829440340427525,1.0654183798495072
2024-11-29,KBS:UPCOM:GSM,0,1,experiment-20261003T113748Z-acb3a2e7,CAFEF_C8_COMPLETE_ONLY_V1,-7.826690824235712,5.1750225131279075
2024-11-29,KBS:UPCOM:GTD,0,1,experiment-20261003T113748Z-acb3a2e7,CAFEF_C8_COMPLETE_ONLY_V1,-7.8463150995582245,-2.6059968082455707
2024-11-29,KBS:UPCOM:GTS,0,1,experiment-20261003T113748Z-acb3a2e7,CAFEF_C8_COMPLETE_ONLY_V1,-7.833643729018519,0.7403073037730568
2024-11-29,KBS:UPCOM:H11,0,1,experiment-20261003T113748Z-acb3a2e7,CAFEF_C8_COMPLETE_ONLY_V1,-7.825562475426474,0.007802393383421667
2024-11-29,KBS:UPCOM:HAC,0,1,experiment-20261003T113748Z-acb3a2e7,CAFEF_C8_COMPLETE_ONLY_V1,-7.823905302615326,-1.6376452453684431
2024-11-29,KBS:UPCOM:HAF,0,1,experiment-20261003T113748Z-acb3a2e7,CAFEF_C8_COMPLETE_ONLY_V1,-7.824684524356941,-3.2476260683071008
2024-11-29,KBS:UPCOM:HAM,0,1,experiment-20261003T113748Z-acb3a2e7,CAFEF_C8_COMPLETE_ONLY_V1,-7.824680123711841,0.2770459546385682
2024-11-29,KBS:UPCOM:HAN,0,1,experiment-20261003T113748Z-acb3a2e7,CAFEF_C8_COMPLETE_ONLY_V1,-7.796565315919905,-0.07648521850570524
2024-11-29,KBS:UPCOM:HBD,0,1,experiment-20261003T113748Z-acb3a2e7,CAFEF_C8_COMPLETE_ONLY_V1,-7.834367247798053,-0.24075401911087593
2024-11-29,KBS:UPCOM:HBH,0,1,experiment-20261003T113748Z-acb3a2e7,CAFEF_C8_COMPLETE_ONLY_V1,-7.846406766257132,0.3259897058398018
2024-11-29,KBS:UPCOM:HD6,0,1,experiment-20261003T113748Z-acb3a2e7,CAFEF_C8_COMPLETE_ONLY_V1,-7.597232605186012,-0.9454359785724691
2024-11-29,KBS:UPCOM:HDW,0,1,experiment-20261003T113748Z-acb3a2e7,CAFEF_C8_COMPLETE_ONLY_V1,-7.837722036488718,-0.4801896704981092
2024-11-29,KBS:UPCOM:HEJ,0,1,experiment-20261003T113748Z-acb3a2e7,CAFEF_C8_COMPLETE_ONLY_V1,-7.835888788342237,-0.8428037722746384
2024-11-29,KBS:UPCOM:HEP,0,1,experiment-20261003T113748Z-acb3a2e7,CAFEF_C8_COMPLETE_ONLY_V1,-7.829558032591522,1.4681392476465858
2024-11-29,KBS:UPCOM:HES,0,1,experiment-20261003T113748Z-acb3a2e7,CAFEF_C8_COMPLETE_ONLY_V1,-7.836047117101614,11.336099148177565
2024-11-29,KBS:UPCOM:HHG,0,1,experiment-20261003T113748Z-acb3a2e7,CAFEF_C8_COMPLETE_ONLY_V1,-7.748446527738662,-2.381196936543716
2024-11-29,KBS:UPCOM:HLB,0,1,experiment-20261003T113748Z-acb3a2e7,CAFEF_C8_COMPLETE_ONLY_V1,-7.716074943551407,0.7887938407888734
2024-11-29,KBS:UPCOM:HLS,0,1,experiment-20261003T113748Z-acb3a2e7,CAFEF_C8_COMPLETE_ONLY_V1,-7.839394584433091,3.1464983246029674
2024-11-29,KBS:UPCOM:HND,0,1,experiment-20261003T113748Z-acb3a2e7,CAFEF_C8_COMPLETE_ONLY_V1,-7.75000790283444,-0.7890939597057482
2024-11-29,KBS:UPCOM:HNF,0,1,experiment-20261003T113748Z-acb3a2e7,CAFEF_C8_COMPLETE_ONLY_V1,-7.825850865503522,2.6589401192365543
2024-11-29,KBS:UPCOM:HNM,0,1,experiment-20261003T113748Z-acb3a2e7,CAFEF_C8_COMPLETE_ONLY_V1,-7.437032647126165,-0.37961980084415936
2024-11-29,KBS:UPCOM:HPH,0,1,experiment-20261003T113748Z-acb3a2e7,CAFEF_C8_COMPLETE_ONLY_V1,-7.831437392590453,-1.800583756776959
2024-11-29,KBS:UPCOM:HPT,0,1,experiment-20261003T113748Z-acb3a2e7,CAFEF_C8_COMPLETE_ONLY_V1,-7.5275758988292605,0.39017185587673026
2024-11-29,KBS:UPCOM:HTM,0,1,experiment-20261003T113748Z-acb3a2e7,CAFEF_C8_COMPLETE_ONLY_V1,-7.817771000043457,-0.15605707778239836
2024-11-29,KBS:UPCOM:HWS,0,1,experiment-20261003T113748Z-acb3a2e7,CAFEF_C8_COMPLETE_ONLY_V1,-6.545032825074012,0.37655494305812764
2024-11-29,KBS:UPCOM:ICI,0,1,experiment-20261003T113748Z-acb3a2e7,CAFEF_C8_COMPLETE_ONLY_V1,-7.853055712500865,0.8443471153350083
2024-11-29,KBS:UPCOM:ICN,0,1,experiment-20261003T113748Z-acb3a2e7,CAFEF_C8_COMPLETE_ONLY_V1,-7.458493058220224,3.7635767290599818
2024-11-29,KBS:UPCOM:IFS,0,1,experiment-20261003T113748Z-acb3a2e7,CAFEF_C8_COMPLETE_ONLY_V1,-7.802029060722315,-0.5892152334951641
2024-11-29,KBS:UPCOM:ILA,0,1,experiment-20261003T113748Z-acb3a2e7,CAFEF_C8_COMPLETE_ONLY_V1,-7.777254929270238,-1.0766112399333718
2024-11-29,KBS:UPCOM:ILC,0,1,experiment-20261003T113748Z-acb3a2e7,CAFEF_C8_COMPLETE_ONLY_V1,-7.850794843141845,-1.6765759579344146
2024-11-29,KBS:UPCOM:ILS,0,1,experiment-20261003T113748Z-acb3a2e7,CAFEF_C8_COMPLETE_ONLY_V1,-7.831279915654123,0.21719508850747468
2024-11-29,KBS:UPCOM:IST,0,1,experiment-20261003T113748Z-acb3a2e7,CAFEF_C8_COMPLETE_ONLY_V1,-7.827409174349391,1.9893945979086687
2024-11-29,KBS:UPCOM:JOS,0,1,experiment-20261003T113748Z-acb3a2e7,CAFEF_C8_COMPLETE_ONLY_V1,-7.842829239802792,4.113993015857862
2024-11-29,KBS:UPCOM:KHW,0,1,experiment-20261003T113748Z-acb3a2e7,CAFEF_C8_COMPLETE_ONLY_V1,-7.833408983657815,6.1225587105035295
2024-11-29,KBS:UPCOM:KIP,0,1,experiment-20261003T113748Z-acb3a2e7,CAFEF_C8_COMPLETE_ONLY_V1,-7.829296021436113,0.17427771268983389
2024-11-29,KBS:UPCOM:L63,0,1,experiment-20261003T113748Z-acb3a2e7,CAFEF_C8_COMPLETE_ONLY_V1,-7.835736683665847,0.9997436186904397
2024-11-29,KBS:UPCOM:LAI,0,1,experiment-20261003T113748Z-acb3a2e7,CAFEF_C8_COMPLETE_ONLY_V1,-6.791223445041258,0.8226911225248433
2024-11-29,KBS:UPCOM:LIC,0,1,experiment-20261003T113748Z-acb3a2e7,CAFEF_C8_COMPLETE_ONLY_V1,-7.523138333551474,4.717676248935774
2024-11-29,KBS:UPCOM:LLM,0,1,experiment-20261003T113748Z-acb3a2e7,CAFEF_C8_COMPLETE_ONLY_V1,-7.812735227164773,2.5905184705787674
2024-11-29,KBS:UPCOM:LMI,0,1,experiment-20261003T113748Z-acb3a2e7,CAFEF_C8_COMPLETE_ONLY_V1,-7.825166930564468,0.8079485545414055
2024-11-29,KBS:UPCOM:LTC,0,1,experiment-20261003T113748Z-acb3a2e7,CAFEF_C8_COMPLETE_ONLY_V1,-7.831880024812581,-9.088532881721907
2024-11-29,KBS:UPCOM:MDF,0,1,experiment-20261003T113748Z-acb3a2e7,CAFEF_C8_COMPLETE_ONLY_V1,-7.840310484194434,-1.6782177060236758
2024-11-29,KBS:UPCOM:MEC,0,1,experiment-20261003T113748Z-acb3a2e7,CAFEF_C8_COMPLETE_ONLY_V1,-7.811584973913466,0.3290602225246656
2024-11-29,KBS:UPCOM:MFS,0,1,experiment-20261003T113748Z-acb3a2e7,CAFEF_C8_COMPLETE_ONLY_V1,-3.202046812360976,3.4344566659785762
2024-11-29,KBS:UPCOM:MGC,0,1,experiment-20261003T113748Z-acb3a2e7,CAFEF_C8_COMPLETE_ONLY_V1,-7.811210075187327,-1.2354492781149367
2024-11-29,KBS:UPCOM:MGG,0,1,experiment-20261003T113748Z-acb3a2e7,CAFEF_C8_COMPLETE_ONLY_V1,-7.834785015307683,1.3995613812395986
2024-11-29,KBS:UPCOM:MPC,0,1,experiment-20261003T113748Z-acb3a2e7,CAFEF_C8_COMPLETE_ONLY_V1,-7.569792029414498,-0.7872998947449573
2024-11-29,KBS:UPCOM:MSR,0,1,experiment-20261003T113748Z-acb3a2e7,CAFEF_C8_COMPLETE_ONLY_V1,-6.606112545619932,-1.875103759004189
2024-11-29,KBS:UPCOM:MVN,0,1,experiment-20261003T113748Z-acb3a2e7,CAFEF_C8_COMPLETE_ONLY_V1,-6.9996879547560065,7.011437551091312
2024-11-29,KBS:UPCOM:NAU,0,1,experiment-20261003T113748Z-acb3a2e7,CAFEF_C8_COMPLETE_ONLY_V1,-7.827081989321482,0.8597280651309346
2024-11-29,KBS:UPCOM:NBT,0,1,experiment-20261003T113748Z-acb3a2e7,CAFEF_C8_COMPLETE_ONLY_V1,-7.824701524123594,0.7384156295065196
2024-11-29,KBS:UPCOM:ND2,0,1,experiment-20261003T113748Z-acb3a2e7,CAFEF_C8_COMPLETE_ONLY_V1,-7.6753027101478075,1.6109099682009524
2024-11-29,KBS:UPCOM:NOS,0,1,experiment-20261003T113748Z-acb3a2e7,CAFEF_C8_COMPLETE_ONLY_V1,-7.842619031160674,-2.0219448597771756
2024-11-29,KBS:UPCOM:NQN,0,1,experiment-20261003T113748Z-acb3a2e7,CAFEF_C8_COMPLETE_ONLY_V1,-7.82831530006183,-0.42327716475000843
2024-11-29,KBS:UPCOM:NTT,0,1,experiment-20261003T113748Z-acb3a2e7,CAFEF_C8_COMPLETE_ONLY_V1,-7.8306806250550105,-0.5284572657301719
2024-11-29,KBS:UPCOM:NTW,0,1,experiment-20261003T113748Z-acb3a2e7,CAFEF_C8_COMPLETE_ONLY_V1,-7.816413878913352,1.5627221524926402
2024-11-29,KBS:UPCOM:NUE,0,1,experiment-20261003T113748Z-acb3a2e7,CAFEF_C8_COMPLETE_ONLY_V1,-7.822586373751271,0.4052606450039073
2024-11-29,KBS:UPCOM:OIL,0,1,experiment-20261003T113748Z-acb3a2e7,CAFEF_C8_COMPLETE_ONLY_V1,-2.4856844320358946,-1.2101846828388594
2024-11-29,KBS:UPCOM:PCC,0,1,experiment-20261003T113748Z-acb3a2e7,CAFEF_C8_COMPLETE_ONLY_V1,-7.824801814936356,2.008064476613614
2024-11-29,KBS:UPCOM:PCF,0,1,experiment-20261003T113748Z-acb3a2e7,CAFEF_C8_COMPLETE_ONLY_V1,-7.799732404789119,-0.6291126196250668
2024-11-29,KBS:UPCOM:PCG,0,1,experiment-20261003T113748Z-acb3a2e7,CAFEF_C8_COMPLETE_ONLY_V1,-7.837609030248345,2.7459783411460528
2024-11-29,KBS:UPCOM:PFL,0,1,experiment-20261003T113748Z-acb3a2e7,CAFEF_C8_COMPLETE_ONLY_V1,-7.765866259954124,-1.2184576818558852
2024-11-29,KBS:UPCOM:PHP,0,1,experiment-20261003T113748Z-acb3a2e7,CAFEF_C8_COMPLETE_ONLY_V1,-1.0312673768995804,4.721550056306129
2024-11-29,KBS:UPCOM:PHS,0,1,experiment-20261003T113748Z-acb3a2e7,CAFEF_C8_COMPLETE_ONLY_V1,-7.835004960088277,-0.32825817956929265
2024-11-29,KBS:UPCOM:PVE,0,1,experiment-20261003T113748Z-acb3a2e7,CAFEF_C8_COMPLETE_ONLY_V1,-7.825963106998003,-1.2017775800504602
2024-11-29,KBS:UPCOM:PVL,0,1,experiment-20261003T113748Z-acb3a2e7,CAFEF_C8_COMPLETE_ONLY_V1,-7.628716650409004,0.347854106704753
2024-11-29,KBS:UPCOM:PVX,0,1,experiment-20261003T113748Z-acb3a2e7,CAFEF_C8_COMPLETE_ONLY_V1,-7.438436406301459,-3.9477322923257407
2024-11-29,KBS:UPCOM:PWA,0,1,experiment-20261003T113748Z-acb3a2e7,CAFEF_C8_COMPLETE_ONLY_V1,-7.738823795002502,-0.6708053334189615
2024-11-29,KBS:UPCOM:PWS,0,1,experiment-20261003T113748Z-acb3a2e7,CAFEF_C8_COMPLETE_ONLY_V1,-7.830853723766734,0.11422870373254249
2024-11-29,KBS:UPCOM:PXA,0,1,experiment-20261003T113748Z-acb3a2e7,CAFEF_C8_COMPLETE_ONLY_V1,-7.837931131196581,0.1965845971985225
2024-11-29,KBS:UPCOM:PXI,0,1,experiment-20261003T113748Z-acb3a2e7,CAFEF_C8_COMPLETE_ONLY_V1,-7.727180564926004,-3.3879215440690316
2024-11-29,KBS:UPCOM:PXM,0,1,experiment-20261003T113748Z-acb3a2e7,CAFEF_C8_COMPLETE_ONLY_V1,-7.838557947040591,-1.531493235746551
2024-11-29,KBS:UPCOM:PXS,0,1,experiment-20261003T113748Z-acb3a2e7,CAFEF_C8_COMPLETE_ONLY_V1,-7.802452921971238,-2.211364449325521
2024-11-29,KBS:UPCOM:QCC,0,1,experiment-20261003T113748Z-acb3a2e7,CAFEF_C8_COMPLETE_ONLY_V1,-7.835789968303266,-2.403039346316778
2024-11-29,KBS:UPCOM:QHW,0,1,experiment-20261003T113748Z-acb3a2e7,CAFEF_C8_COMPLETE_ONLY_V1,-7.820758034244352,-0.04726111866593306
2024-11-29,KBS:UPCOM:QNC,0,1,experiment-20261003T113748Z-acb3a2e7,CAFEF_C8_COMPLETE_ONLY_V1,-7.827487301403225,-1.9288388508887615
2024-11-29,KBS:UPCOM:QNS,0,1,experiment-20261003T113748Z-acb3a2e7,CAFEF_C8_COMPLETE_ONLY_V1,4.168444499120268,0.6787343756191391
2024-11-29,KBS:UPCOM:QPH,0,1,experiment-20261003T113748Z-acb3a2e7,CAFEF_C8_COMPLETE_ONLY_V1,-7.830002736656604,-0.14676376629842156
2024-11-29,KBS:UPCOM:QSP,0,1,experiment-20261003T113748Z-acb3a2e7,CAFEF_C8_COMPLETE_ONLY_V1,-7.802522381426483,-0.21355473528077748
2024-11-29,KBS:UPCOM:RIC,0,1,experiment-20261003T113748Z-acb3a2e7,CAFEF_C8_COMPLETE_ONLY_V1,-7.835918685147985,-1.3496094960020943
2024-11-29,KBS:UPCOM:S74,0,1,experiment-20261003T113748Z-acb3a2e7,CAFEF_C8_COMPLETE_ONLY_V1,-7.832672858211509,1.9820265894535127
2024-11-29,KBS:UPCOM:SBD,0,1,experiment-20261003T113748Z-acb3a2e7,CAFEF_C8_COMPLETE_ONLY_V1,-7.691984874133131,-1.0181698180146077
2024-11-29,KBS:UPCOM:SBM,0,1,experiment-20261003T113748Z-acb3a2e7,CAFEF_C8_COMPLETE_ONLY_V1,-7.830544123650585,0.5677845709534145
2024-11-29,KBS:UPCOM:SCJ,0,1,experiment-20261003T113748Z-acb3a2e7,CAFEF_C8_COMPLETE_ONLY_V1,-7.76444316541819,-1.0626635705475402
2024-11-29,KBS:UPCOM:SCL,0,1,experiment-20261003T113748Z-acb3a2e7,CAFEF_C8_COMPLETE_ONLY_V1,-7.713424028166836,0.14420442250812313
2024-11-29,KBS:UPCOM:SD2,0,1,experiment-20261003T113748Z-acb3a2e7,CAFEF_C8_COMPLETE_ONLY_V1,-7.836668720002345,-0.1732475818565293
2024-11-29,KBS:UPCOM:SD7,0,1,experiment-20261003T113748Z-acb3a2e7,CAFEF_C8_COMPLETE_ONLY_V1,-7.830458570178403,-1.6948452055282315
2024-11-29,KBS:UPCOM:SDP,0,1,experiment-20261003T113748Z-acb3a2e7,CAFEF_C8_COMPLETE_ONLY_V1,-7.833969089862143,-1.331012637144953
2024-11-29,KBS:UPCOM:SEA,0,1,experiment-20261003T113748Z-acb3a2e7,CAFEF_C8_COMPLETE_ONLY_V1,-6.654412756774745,3.0732122098385437
2024-11-29,KBS:UPCOM:SGB,0,1,experiment-20261003T113748Z-acb3a2e7,CAFEF_C8_COMPLETE_ONLY_V1,-7.802738379699608,-1.0356477146961574
2024-11-29,KBS:UPCOM:SGS,0,1,experiment-20261003T113748Z-acb3a2e7,CAFEF_C8_COMPLETE_ONLY_V1,-7.83646037409504,-0.4456351712301115
2024-11-29,KBS:UPCOM:SID,0,1,experiment-20261003T113748Z-acb3a2e7,CAFEF_C8_COMPLETE_ONLY_V1,-7.801753237534055,-0.6154982963396309
2024-11-29,KBS:UPCOM:SJG,0,1,experiment-20261003T113748Z-acb3a2e7,CAFEF_C8_COMPLETE_ONLY_V1,-7.833394262387026,2.4057563700443905
2024-11-29,KBS:UPCOM:SKV,0,1,experiment-20261003T113748Z-acb3a2e7,CAFEF_C8_COMPLETE_ONLY_V1,-7.727667129552575,-1.5318797077980477
2024-11-29,KBS:UPCOM:SRB,0,1,experiment-20261003T113748Z-acb3a2e7,CAFEF_C8_COMPLETE_ONLY_V1,-7.824378527025863,-1.4982856315958952
2024-11-29,KBS:UPCOM:SSG,0,1,experiment-20261003T113748Z-acb3a2e7,CAFEF_C8_COMPLETE_ONLY_V1,-7.7881344593519755,0.7454504464208124
2024-11-29,KBS:UPCOM:SSH,0,1,experiment-20261003T113748Z-acb3a2e7,CAFEF_C8_COMPLETE_ONLY_V1,-5.619584509242623,-0.1303646605324312
2024-11-29,KBS:UPCOM:STT,0,1,experiment-20261003T113748Z-acb3a2e7,CAFEF_C8_COMPLETE_ONLY_V1,-7.832564090096667,-3.0810940206224973
2024-11-29,KBS:UPCOM:SWC,0,1,experiment-20261003T113748Z-acb3a2e7,CAFEF_C8_COMPLETE_ONLY_V1,-7.679838524664396,-0.05270974511486366
2024-11-29,KBS:UPCOM:TDB,0,1,experiment-20261003T113748Z-acb3a2e7,CAFEF_C8_COMPLETE_ONLY_V1,-7.822023030807971,-0.010358785019013562
2024-11-29,KBS:UPCOM:TDS,0,1,experiment-20261003T113748Z-acb3a2e7,CAFEF_C8_COMPLETE_ONLY_V1,-7.798747299878219,-1.6430707932686741
2024-11-29,KBS:UPCOM:TGP,0,1,experiment-20261003T113748Z-acb3a2e7,CAFEF_C8_COMPLETE_ONLY_V1,-7.834565945504349,-1.5572191517672354
2024-11-29,KBS:UPCOM:THW,0,1,experiment-20261003T113748Z-acb3a2e7,CAFEF_C8_COMPLETE_ONLY_V1,-7.837368409146833,6.592013546022949
2024-11-29,KBS:UPCOM:TIS,0,1,experiment-20261003T113748Z-acb3a2e7,CAFEF_C8_COMPLETE_ONLY_V1,-7.1666084790077935,0.9702834991295645
2024-11-29,KBS:UPCOM:TLP,0,1,experiment-20261003T113748Z-acb3a2e7,CAFEF_C8_COMPLETE_ONLY_V1,-7.827435392898999,-0.7456563685213661
2024-11-29,KBS:UPCOM:TNW,0,1,experiment-20261003T113748Z-acb3a2e7,CAFEF_C8_COMPLETE_ONLY_V1,-7.836932849632829,0.42205923798785133
2024-11-29,KBS:UPCOM:TOS,0,1,experiment-20261003T113748Z-acb3a2e7,CAFEF_C8_COMPLETE_ONLY_V1,-7.189165461194549,2.6883712555783106
2024-11-29,KBS:UPCOM:TOW,0,1,experiment-20261003T113748Z-acb3a2e7,CAFEF_C8_COMPLETE_ONLY_V1,-7.83143030741458,0.45192622107118535
2024-11-29,KBS:UPCOM:TSD,0,1,experiment-20261003T113748Z-acb3a2e7,CAFEF_C8_COMPLETE_ONLY_V1,-7.681605162609818,-0.585847607328718
2024-11-29,KBS:UPCOM:TST,0,1,experiment-20261003T113748Z-acb3a2e7,CAFEF_C8_COMPLETE_ONLY_V1,-7.835098806187422,0.5744892983138263
2024-11-29,KBS:UPCOM:TTD,0,1,experiment-20261003T113748Z-acb3a2e7,CAFEF_C8_COMPLETE_ONLY_V1,-7.828991753735211,-3.395818337930767
2024-11-29,KBS:UPCOM:TTG,0,1,experiment-20261003T113748Z-acb3a2e7,CAFEF_C8_COMPLETE_ONLY_V1,-7.7988604558159,9.809586040705216
2024-11-29,KBS:UPCOM:TTS,0,1,experiment-20261003T113748Z-acb3a2e7,CAFEF_C8_COMPLETE_ONLY_V1,-7.83623428706614,-3.217857388666378
2024-11-29,KBS:UPCOM:TUG,0,1,experiment-20261003T113748Z-acb3a2e7,CAFEF_C8_COMPLETE_ONLY_V1,-7.830477565049184,1.2744649846133846
2024-11-29,KBS:UPCOM:TV1,0,1,experiment-20261003T113748Z-acb3a2e7,CAFEF_C8_COMPLETE_ONLY_V1,-7.690681925629205,0.21405911952859777
2024-11-29,KBS:UPCOM:TVN,0,1,experiment-20261003T113748Z-acb3a2e7,CAFEF_C8_COMPLETE_ONLY_V1,-6.469089650577551,-0.746385145288506
2024-11-29,KBS:UPCOM:UDC,0,1,experiment-20261003T113748Z-acb3a2e7,CAFEF_C8_COMPLETE_ONLY_V1,-7.816848679593037,-0.4915636767091868
2024-11-29,KBS:UPCOM:USC,0,1,experiment-20261003T113748Z-acb3a2e7,CAFEF_C8_COMPLETE_ONLY_V1,-7.83926477588726,-0.9110451119209151
2024-11-29,KBS:UPCOM:VAV,0,1,experiment-20261003T113748Z-acb3a2e7,CAFEF_C8_COMPLETE_ONLY_V1,-7.803892797758401,0.554420581697426
2024-11-29,KBS:UPCOM:VCP,0,1,experiment-20261003T113748Z-acb3a2e7,CAFEF_C8_COMPLETE_ONLY_V1,-6.608551027424407,1.8845286459871242
2024-11-29,KBS:UPCOM:VCR,0,1,experiment-20261003T113748Z-acb3a2e7,CAFEF_C8_COMPLETE_ONLY_V1,16.878494705105282,-0.36697008613669085
2024-11-29,KBS:UPCOM:VDN,0,1,experiment-20261003T113748Z-acb3a2e7,CAFEF_C8_COMPLETE_ONLY_V1,-7.833995730083151,1.1717925652284948
2024-11-29,KBS:UPCOM:VEA,0,1,experiment-20261003T113748Z-acb3a2e7,CAFEF_C8_COMPLETE_ONLY_V1,17.20338576411006,-0.42591301492895484
2024-11-29,KBS:UPCOM:VGG,0,1,experiment-20261003T113748Z-acb3a2e7,CAFEF_C8_COMPLETE_ONLY_V1,-7.566740147530478,1.187378866796086
2024-11-29,KBS:UPCOM:VGI,0,1,experiment-20261003T113748Z-acb3a2e7,CAFEF_C8_COMPLETE_ONLY_V1,86.47398913830293,5.4444273879817
2024-11-29,KBS:UPCOM:VGT,0,1,experiment-20261003T113748Z-acb3a2e7,CAFEF_C8_COMPLETE_ONLY_V1,2.719943442286977,-0.5623252495964364
2024-11-29,KBS:UPCOM:VHG,0,1,experiment-20261003T113748Z-acb3a2e7,CAFEF_C8_COMPLETE_ONLY_V1,-7.617676529645416,-1.5812187693599324
2024-11-29,KBS:UPCOM:VIM,0,1,experiment-20261003T113748Z-acb3a2e7,CAFEF_C8_COMPLETE_ONLY_V1,-7.850565540741467,2.6067522898100806
2024-11-29,KBS:UPCOM:VIN,0,1,experiment-20261003T113748Z-acb3a2e7,CAFEF_C8_COMPLETE_ONLY_V1,-7.832124746087535,0.1781445115024886
2024-11-29,KBS:UPCOM:VIW,0,1,experiment-20261003T113748Z-acb3a2e7,CAFEF_C8_COMPLETE_ONLY_V1,-7.840512293295771,-0.180408833055385
2024-11-29,KBS:UPCOM:VKC,0,1,experiment-20261003T113748Z-acb3a2e7,CAFEF_C8_COMPLETE_ONLY_V1,-7.788441593486946,-1.1576721577165539
2024-11-29,KBS:UPCOM:VLG,0,1,experiment-20261003T113748Z-acb3a2e7,CAFEF_C8_COMPLETE_ONLY_V1,-7.537101990030413,3.7417964108927255
2024-11-29,KBS:UPCOM:VLW,0,1,experiment-20261003T113748Z-acb3a2e7,CAFEF_C8_COMPLETE_ONLY_V1,-7.836412922338742,0.77192647177792
2024-11-29,KBS:UPCOM:VNB,0,1,experiment-20261003T113748Z-acb3a2e7,CAFEF_C8_COMPLETE_ONLY_V1,-7.629514381593004,-0.9915859092443347
2024-11-29,KBS:UPCOM:VPR,0,1,experiment-20261003T113748Z-acb3a2e7,CAFEF_C8_COMPLETE_ONLY_V1,-7.822617322950037,0.9275859711602069
2024-11-29,KBS:UPCOM:VSE,0,1,experiment-20261003T113748Z-acb3a2e7,CAFEF_C8_COMPLETE_ONLY_V1,-7.8208511762761255,-0.7788295700304676
2024-11-29,KBS:UPCOM:VST,0,1,experiment-20261003T113748Z-acb3a2e7,CAFEF_C8_COMPLETE_ONLY_V1,-7.761575627287392,-0.4814220204149971
2024-11-29,KBS:UPCOM:VTK,0,1,experiment-20261003T113748Z-acb3a2e7,CAFEF_C8_COMPLETE_ONLY_V1,-4.597949627254325,3.078395858572357
2024-11-29,KBS:UPCOM:VW3,0,1,experiment-20261003T113748Z-acb3a2e7,CAFEF_C8_COMPLETE_ONLY_V1,-7.835767662309202,-1.590270399866412
2024-11-29,KBS:UPCOM:WSB,0,1,experiment-20261003T113748Z-acb3a2e7,CAFEF_C8_COMPLETE_ONLY_V1,-7.4131902298098025,1.0761008446707534
2024-11-29,KBS:UPCOM:XMC,0,1,experiment-20261003T113748Z-acb3a2e7,CAFEF_C8_COMPLETE_ONLY_V1,-7.819416265111517,-0.9285066056482044
2024-11-29,KBS:UPCOM:XMP,0,1,experiment-20261003T113748Z-acb3a2e7,CAFEF_C8_COMPLETE_ONLY_V1,-7.837087872081238,-1.4772171384581578
2024-12-31,KBS:HNX:ADC,0,1,experiment-20261003T113748Z-acb3a2e7,CAFEF_C8_COMPLETE_ONLY_V1,-4.293525833374,0.10076799114137631
2024-12-31,KBS:HNX:ALT,0,1,experiment-20261003T113748Z-acb3a2e7,CAFEF_C8_COMPLETE_ONLY_V1,-4.307285041235039,-2.295966406702102
2024-12-31,KBS:HNX:AMC,0,1,experiment-20261003T113748Z-acb3a2e7,CAFEF_C8_COMPLETE_ONLY_V1,-4.3128814396035,-0.659293773233893
2024-12-31,KBS:HNX:AME,0,1,experiment-20261003T113748Z-acb3a2e7,CAFEF_C8_COMPLETE_ONLY_V1,-4.3153897585243,-2.824286524640209
2024-12-31,KBS:HNX:AMV,0,1,experiment-20261003T113748Z-acb3a2e7,CAFEF_C8_COMPLETE_ONLY_V1,-4.266271577413059,-4.635883988190396
2024-12-31,KBS:HNX:API,0,1,experiment-20261003T113748Z-acb3a2e7,CAFEF_C8_COMPLETE_ONLY_V1,-2.690777257963654,0.17309653583706106
2024-12-31,KBS:HNX:APS,0,1,experiment-20261003T113748Z-acb3a2e7,CAFEF_C8_COMPLETE_ONLY_V1,-3.297050253759529,-1.1464450866067515
2024-12-31,KBS:HNX:ARM,0,1,experiment-20261003T113748Z-acb3a2e7,CAFEF_C8_COMPLETE_ONLY_V1,-4.327616420605483,-1.5551891530203008
2024-12-31,KBS:HNX:ATS,0,1,experiment-20261003T113748Z-acb3a2e7,CAFEF_C8_COMPLETE_ONLY_V1,-4.347243312151664,-0.23054676276540273
2024-12-31,KBS:HNX:BAB,0,1,experiment-20261003T113748Z-acb3a2e7,CAFEF_C8_COMPLETE_ONLY_V1,-1.2391242602215276,-0.3497566609578351
2024-12-31,KBS:HNX:BAX,0,1,experiment-20261003T113748Z-acb3a2e7,CAFEF_C8_COMPLETE_ONLY_V1,-4.285799104303066,0.39182979747049784
2024-12-31,KBS:HNX:BBS,0,1,experiment-20261003T113748Z-acb3a2e7,CAFEF_C8_COMPLETE_ONLY_V1,-4.316087356771743,0.0692993300455011
2024-12-31,KBS:HNX:BCF,0,1,experiment-20261003T113748Z-acb3a2e7,CAFEF_C8_COMPLETE_ONLY_V1,-4.30226293866219,2.2936635628500266
2024-12-31,KBS:HNX:BED,0,1,experiment-20261003T113748Z-acb3a2e7,CAFEF_C8_COMPLETE_ONLY_V1,-4.276642442171552,1.2501116905038179
2024-12-31,KBS:HNX:BKC,0,1,experiment-20261003T113748Z-acb3a2e7,CAFEF_C8_COMPLETE_ONLY_V1,-4.248386075782788,10.077874564837819
2024-12-31,KBS:HNX:BNA,0,1,experiment-20261003T113748Z-acb3a2e7,CAFEF_C8_COMPLETE_ONLY_V1,-3.785104174769923,0.352056421785398
2024-12-31,KBS:HNX:BPC,0,1,experiment-20261003T113748Z-acb3a2e7,CAFEF_C8_COMPLETE_ONLY_V1,-4.312283356975901,0.6162976333033877
2024-12-31,KBS:HNX:BTS,0,1,experiment-20261003T113748Z-acb3a2e7,CAFEF_C8_COMPLETE_ONLY_V1,-4.294647301856523,-1.2517538054923885
2024-12-31,KBS:HNX:BTW,0,1,experiment-20261003T113748Z-acb3a2e7,CAFEF_C8_COMPLETE_ONLY_V1,-4.325143973079054,0.19101630070102515
2024-12-31,KBS:HNX:BVS,0,1,experiment-20261003T113748Z-acb3a2e7,CAFEF_C8_COMPLETE_ONLY_V1,0.7522008338463663,-0.9039838901010904
2024-12-31,KBS:HNX:BXH,0,1,experiment-20261003T113748Z-acb3a2e7,CAFEF_C8_COMPLETE_ONLY_V1,-4.308067610609474,-2.003610153488104
2024-12-31,KBS:HNX:C69,0,1,experiment-20261003T113748Z-acb3a2e7,CAFEF_C8_COMPLETE_ONLY_V1,-3.557561979211294,-0.96121438583895
2024-12-31,KBS:HNX:CAG,0,1,experiment-20261003T113748Z-acb3a2e7,CAFEF_C8_COMPLETE_ONLY_V1,-4.292229083744284,-0.0022457843418553446
2024-12-31,KBS:HNX:CAN,0,1,experiment-20261003T113748Z-acb3a2e7,CAFEF_C8_COMPLETE_ONLY_V1,-4.325937529107317,1.0625992707227856
2024-12-31,KBS:HNX:CAP,0,1,experiment-20261003T113748Z-acb3a2e7,CAFEF_C8_COMPLETE_ONLY_V1,-3.8792141714031354,-1.3927879375221317
2024-12-31,KBS:HNX:CCR,0,1,experiment-20261003T113748Z-acb3a2e7,CAFEF_C8_COMPLETE_ONLY_V1,-4.302310907076747,-0.26376785924536655
2024-12-31,KBS:HNX:CDN,0,1,experiment-20261003T113748Z-acb3a2e7,CAFEF_C8_COMPLETE_ONLY_V1,-4.160204753870484,0.9872552152377692
2024-12-31,KBS:HNX:CEO,0,1,experiment-20261003T113748Z-acb3a2e7,CAFEF_C8_COMPLETE_ONLY_V1,6.930096991123951,-2.4544881427690757
2024-12-31,KBS:HNX:CET,0,1,experiment-20261003T113748Z-acb3a2e7,CAFEF_C8_COMPLETE_ONLY_V1,-4.321580012526698,-2.0545537937562734
2024-12-31,KBS:HNX:CIA,0,1,experiment-20261003T113748Z-acb3a2e7,CAFEF_C8_COMPLETE_ONLY_V1,-4.286329733382004,-0.4443708164815735
2024-12-31,KBS:HNX:CJC,0,1,experiment-20261003T113748Z-acb3a2e7,CAFEF_C8_COMPLETE_ONLY_V1,-4.292795272202621,-0.432607397563282
2024-12-31,KBS:HNX:CKV,0,1,experiment-20261003T113748Z-acb3a2e7,CAFEF_C8_COMPLETE_ONLY_V1,-4.290223849862764,-0.976105141192534
2024-12-31,KBS:HNX:CLH,0,1,experiment-20261003T113748Z-acb3a2e7,CAFEF_C8_COMPLETE_ONLY_V1,-4.280375755235994,-0.9101419601617062
2024-12-31,KBS:HNX:CLM,0,1,experiment-20261003T113748Z-acb3a2e7,CAFEF_C8_COMPLETE_ONLY_V1,-4.295810681478787,0.03454016721384546
2024-12-31,KBS:HNX:CMC,0,1,experiment-20261003T113748Z-acb3a2e7,CAFEF_C8_COMPLETE_ONLY_V1,-4.279920265878829,-2.71504704224771
2024-12-31,KBS:HNX:CMS,0,1,experiment-20261003T113748Z-acb3a2e7,CAFEF_C8_COMPLETE_ONLY_V1,-3.690347812736377,-3.9047336275418143
2024-12-31,KBS:HNX:CPC,0,1,experiment-20261003T113748Z-acb3a2e7,CAFEF_C8_COMPLETE_ONLY_V1,-4.290011141783536,-0.23909673614160656
2024-12-31,KBS:HNX:CSC,0,1,experiment-20261003T113748Z-acb3a2e7,CAFEF_C8_COMPLETE_ONLY_V1,-3.4610666708110807,-0.4566249534302605
2024-12-31,KBS:HNX:CST,0,1,experiment-20261003T113748Z-acb3a2e7,CAFEF_C8_COMPLETE_ONLY_V1,-3.9456391980194643,0.34490654881957483
2024-12-31,KBS:HNX:CTB,0,1,experiment-20261003T113748Z-acb3a2e7,CAFEF_C8_COMPLETE_ONLY_V1,-4.3044502645471425,-1.2783128633795333
2024-12-31,KBS:HNX:CTP,0,1,experiment-20261003T113748Z-acb3a2e7,CAFEF_C8_COMPLETE_ONLY_V1,-2.8677353916497927,15.78568488528809
2024-12-31,KBS:HNX:CTT,0,1,experiment-20261003T113748Z-acb3a2e7,CAFEF_C8_COMPLETE_ONLY_V1,-4.311119883171905,-0.5768931191412984
2024-12-31,KBS:HNX:CX8,0,1,experiment-20261003T113748Z-acb3a2e7,CAFEF_C8_COMPLETE_ONLY_V1,-4.286735557315451,2.662252155731812
2024-12-31,KBS:HNX:D11,0,1,experiment-20261003T113748Z-acb3a2e7,CAFEF_C8_COMPLETE_ONLY_V1,-4.292414071730083,-1.665329964818163
2024-12-31,KBS:HNX:DAD,0,1,experiment-20261003T113748Z-acb3a2e7,CAFEF_C8_COMPLETE_ONLY_V1,-4.296025303264261,1.0452396083216944
2024-12-31,KBS:HNX:DAE,0,1,experiment-20261003T113748Z-acb3a2e7,CAFEF_C8_COMPLETE_ONLY_V1,-4.296935240882117,1.420776695001598
2024-12-31,KBS:HNX:DC2,0,1,experiment-20261003T113748Z-acb3a2e7,CAFEF_C8_COMPLETE_ONLY_V1,-4.315636670080115,0.19110922464174496
2024-12-31,KBS:HNX:DHP,0,1,experiment-20261003T113748Z-acb3a2e7,CAFEF_C8_COMPLETE_ONLY_V1,-4.317715652236153,-0.5475622173799282
2024-12-31,KBS:HNX:DIH,0,1,experiment-20261003T113748Z-acb3a2e7,CAFEF_C8_COMPLETE_ONLY_V1,-4.30501364884886,-1.21449591531216
2024-12-31,KBS:HNX:DL1,0,1,experiment-20261003T113748Z-acb3a2e7,CAFEF_C8_COMPLETE_ONLY_V1,-3.294248124202223,-0.6702199602475999
2024-12-31,KBS:HNX:DNC,0,1,experiment-20261003T113748Z-acb3a2e7,CAFEF_C8_COMPLETE_ONLY_V1,-4.2438237075357845,2.5953569390170363
2024-12-31,KBS:HNX:DNP,0,1,experiment-20261003T113748Z-acb3a2e7,CAFEF_C8_COMPLETE_ONLY_V1,-3.0480210388186575,-1.165692891729722
2024-12-31,KBS:HNX:DP3,0,1,experiment-20261003T113748Z-acb3a2e7,CAFEF_C8_COMPLETE_ONLY_V1,-3.9772822586770613,-0.9966579223323513
2024-12-31,KBS:HNX:DS3,0,1,experiment-20261003T113748Z-acb3a2e7,CAFEF_C8_COMPLETE_ONLY_V1,-4.319653645689031,-1.54012237211365
2024-12-31,KBS:HNX:DST,0,1,experiment-20261003T113748Z-acb3a2e7,CAFEF_C8_COMPLETE_ONLY_V1,-3.599178733484433,8.326962275534854
2024-12-31,KBS:HNX:DTD,0,1,experiment-20261003T113748Z-acb3a2e7,CAFEF_C8_COMPLETE_ONLY_V1,2.941128084238084,-0.31236883628319895
2024-12-31,KBS:HNX:DTK,0,1,experiment-20261003T113748Z-acb3a2e7,CAFEF_C8_COMPLETE_ONLY_V1,-4.305971189459888,0.8876805441976662
2024-12-31,KBS:HNX:EBS,0,1,experiment-20261003T113748Z-acb3a2e7,CAFEF_C8_COMPLETE_ONLY_V1,-4.291301231585409,-0.6469102964031379
2024-12-31,KBS:HNX:ECI,0,1,experiment-20261003T113748Z-acb3a2e7,CAFEF_C8_COMPLETE_ONLY_V1,-4.312040937014598,-2.92191317159503
2024-12-31,KBS:HNX:EID,0,1,experiment-20261003T113748Z-acb3a2e7,CAFEF_C8_COMPLETE_ONLY_V1,-4.256400862429189,-0.0010881777109994029
2024-12-31,KBS:HNX:EVS,0,1,experiment-20261003T113748Z-acb3a2e7,CAFEF_C8_COMPLETE_ONLY_V1,-4.159848996484291,-1.5065798357406859
2024-12-31,KBS:HNX:FID,0,1,experiment-20261003T113748Z-acb3a2e7,CAFEF_C8_COMPLETE_ONLY_V1,-4.300017638521845,-0.05962927983576469
2024-12-31,KBS:HNX:GDW,0,1,experiment-20261003T113748Z-acb3a2e7,CAFEF_C8_COMPLETE_ONLY_V1,-4.308870192711749,0.3389995163457073
2024-12-31,KBS:HNX:GKM,0,1,experiment-20261003T113748Z-acb3a2e7,CAFEF_C8_COMPLETE_ONLY_V1,-3.7981804377013844,-7.360937121725786
2024-12-31,KBS:HNX:GLT,0,1,experiment-20261003T113748Z-acb3a2e7,CAFEF_C8_COMPLETE_ONLY_V1,-4.2886675989411085,-1.4778146776993526
2024-12-31,KBS:HNX:GMA,0,1,experiment-20261003T113748Z-acb3a2e7,CAFEF_C8_COMPLETE_ONLY_V1,-4.293974295597684,2.610243331806105
2024-12-31,KBS:HNX:GMX,0,1,experiment-20261003T113748Z-acb3a2e7,CAFEF_C8_COMPLETE_ONLY_V1,-4.297526555976774,-0.6556429270293513
2024-12-31,KBS:HNX:HAD,0,1,experiment-20261003T113748Z-acb3a2e7,CAFEF_C8_COMPLETE_ONLY_V1,-4.306636244935875,0.32757598128897053
2024-12-31,KBS:HNX:HAT,0,1,experiment-20261003T113748Z-acb3a2e7,CAFEF_C8_COMPLETE_ONLY_V1,-4.31358286233542,-0.40835454862952525
2024-12-31,KBS:HNX:HBS,0,1,experiment-20261003T113748Z-acb3a2e7,CAFEF_C8_COMPLETE_ONLY_V1,-4.179033086533614,-2.4915534895401543
2024-12-31,KBS:HNX:HCC,0,1,experiment-20261003T113748Z-acb3a2e7,CAFEF_C8_COMPLETE_ONLY_V1,-4.292479422110998,0.9402995449110982
2024-12-31,KBS:HNX:HDA,0,1,experiment-20261003T113748Z-acb3a2e7,CAFEF_C8_COMPLETE_ONLY_V1,-4.292742843539003,-0.9608980363920683
2024-12-31,KBS:HNX:HEV,0,1,experiment-20261003T113748Z-acb3a2e7,CAFEF_C8_COMPLETE_ONLY_V1,-4.31972281790362,-2.5310111428887674
2024-12-31,KBS:HNX:HGM,0,1,experiment-20261003T113748Z-acb3a2e7,CAFEF_C8_COMPLETE_ONLY_V1,-3.9757308727633105,24.46162150391007
2024-12-31,KBS:HNX:HHC,0,1,experiment-20261003T113748Z-acb3a2e7,CAFEF_C8_COMPLETE_ONLY_V1,-4.225032114797856,1.4491754345254457
2024-12-31,KBS:HNX:HJS,0,1,experiment-20261003T113748Z-acb3a2e7,CAFEF_C8_COMPLETE_ONLY_V1,-4.270250158300541,0.07658136037382135
2024-12-31,KBS:HNX:HKT,0,1,experiment-20261003T113748Z-acb3a2e7,CAFEF_C8_COMPLETE_ONLY_V1,-4.289654437345471,0.08099119704474766
2024-12-31,KBS:HNX:HLC,0,1,experiment-20261003T113748Z-acb3a2e7,CAFEF_C8_COMPLETE_ONLY_V1,-4.297854816233752,-0.6839468835126563
2024-12-31,KBS:HNX:HLD,0,1,experiment-20261003T113748Z-acb3a2e7,CAFEF_C8_COMPLETE_ONLY_V1,-4.168111483392215,-0.7211384823740178
2024-12-31,KBS:HNX:HMH,0,1,experiment-20261003T113748Z-acb3a2e7,CAFEF_C8_COMPLETE_ONLY_V1,-4.3123195323635946,-0.19477131649391885
2024-12-31,KBS:HNX:HTC,0,1,experiment-20261003T113748Z-acb3a2e7,CAFEF_C8_COMPLETE_ONLY_V1,-4.3154853569214024,3.409807747224134
2024-12-31,KBS:HNX:HUT,0,1,experiment-20261003T113748Z-acb3a2e7,CAFEF_C8_COMPLETE_ONLY_V1,3.3758911802737743,-1.078461983781018
2024-12-31,KBS:HNX:HVT,0,1,experiment-20261003T113748Z-acb3a2e7,CAFEF_C8_COMPLETE_ONLY_V1,-3.2955266781977164,4.685186726820037
2024-12-31,KBS:HNX:ICG,0,1,experiment-20261003T113748Z-acb3a2e7,CAFEF_C8_COMPLETE_ONLY_V1,-4.308643661749793,-0.872762809546845
2024-12-31,KBS:HNX:IDC,0,1,experiment-20261003T113748Z-acb3a2e7,CAFEF_C8_COMPLETE_ONLY_V1,14.735102291749252,-0.7545724209756105
2024-12-31,KBS:HNX:IDJ,0,1,experiment-20261003T113748Z-acb3a2e7,CAFEF_C8_COMPLETE_ONLY_V1,-2.337734843416429,-1.3668197392656614
2024-12-31,KBS:HNX:IDV,0,1,experiment-20261003T113748Z-acb3a2e7,CAFEF_C8_COMPLETE_ONLY_V1,-3.143680594732522,-0.12825541891493786
2024-12-31,KBS:HNX:INC,0,1,experiment-20261003T113748Z-acb3a2e7,CAFEF_C8_COMPLETE_ONLY_V1,-4.291975282594576,0.0417772584448414
2024-12-31,KBS:HNX:INN,0,1,experiment-20261003T113748Z-acb3a2e7,CAFEF_C8_COMPLETE_ONLY_V1,-4.256684868015503,0.14850417497508805
2024-12-31,KBS:HNX:IPA,0,1,experiment-20261003T113748Z-acb3a2e7,CAFEF_C8_COMPLETE_ONLY_V1,-3.9735497082581177,-1.878549454394904
2024-12-31,KBS:HNX:IVS,0,1,experiment-20261003T113748Z-acb3a2e7,CAFEF_C8_COMPLETE_ONLY_V1,-3.8869796407256745,-0.15809225070716434
2024-12-31,KBS:HNX:KDM,0,1,experiment-20261003T113748Z-acb3a2e7,CAFEF_C8_COMPLETE_ONLY_V1,-4.283525809825757,-1.1844138856864548
2024-12-31,KBS:HNX:KHS,0,1,experiment-20261003T113748Z-acb3a2e7,CAFEF_C8_COMPLETE_ONLY_V1,-4.0290465254714025,1.0616142288958106
2024-12-31,KBS:HNX:KKC,0,1,experiment-20261003T113748Z-acb3a2e7,CAFEF_C8_COMPLETE_ONLY_V1,-4.323938368362711,0.42731930046050093
2024-12-31,KBS:HNX:KSD,0,1,experiment-20261003T113748Z-acb3a2e7,CAFEF_C8_COMPLETE_ONLY_V1,-4.314666829518447,0.45206597515693586
2024-12-31,KBS:HNX:KSF,0,1,experiment-20261003T113748Z-acb3a2e7,CAFEF_C8_COMPLETE_ONLY_V1,-4.077701801860989,-0.4673081358786514
2024-12-31,KBS:HNX:KST,0,1,experiment-20261003T113748Z-acb3a2e7,CAFEF_C8_COMPLETE_ONLY_V1,-4.311809046089284,0.6848304059632903
2024-12-31,KBS:HNX:KSV,0,1,experiment-20261003T113748Z-acb3a2e7,CAFEF_C8_COMPLETE_ONLY_V1,-1.8418973901849094,19.08082068159546
2024-12-31,KBS:HNX:KTS,0,1,experiment-20261003T113748Z-acb3a2e7,CAFEF_C8_COMPLETE_ONLY_V1,-4.276595904619312,-1.0742239971743224
2024-12-31,KBS:HNX:L14,0,1,experiment-20261003T113748Z-acb3a2e7,CAFEF_C8_COMPLETE_ONLY_V1,-0.8061218844740818,2.0384498762234218
2024-12-31,KBS:HNX:L18,0,1,experiment-20261003T113748Z-acb3a2e7,CAFEF_C8_COMPLETE_ONLY_V1,-3.463787246344457,-0.013157163368608433
2024-12-31,KBS:HNX:LBE,0,1,experiment-20261003T113748Z-acb3a2e7,CAFEF_C8_COMPLETE_ONLY_V1,-4.298427668359296,1.0241377539812155
2024-12-31,KBS:HNX:LCD,0,1,experiment-20261003T113748Z-acb3a2e7,CAFEF_C8_COMPLETE_ONLY_V1,-4.295814158526194,-0.652644542060302
2024-12-31,KBS:HNX:LDP,0,1,experiment-20261003T113748Z-acb3a2e7,CAFEF_C8_COMPLETE_ONLY_V1,-4.118629923098441,-4.536722829239477
2024-12-31,KBS:HNX:LHC,0,1,experiment-20261003T113748Z-acb3a2e7,CAFEF_C8_COMPLETE_ONLY_V1,-4.091745818563033,0.2804152237494271
2024-12-31,KBS:HNX:LIG,0,1,experiment-20261003T113748Z-acb3a2e7,CAFEF_C8_COMPLETE_ONLY_V1,-4.030298838066021,-1.61185299172845
2024-12-31,KBS:HNX:MAC,0,1,experiment-20261003T113748Z-acb3a2e7,CAFEF_C8_COMPLETE_ONLY_V1,-4.297352540042421,-0.5747492003517629
2024-12-31,KBS:HNX:MAS,0,1,experiment-20261003T113748Z-acb3a2e7,CAFEF_C8_COMPLETE_ONLY_V1,-4.308581353863152,0.862624094175966
2024-12-31,KBS:HNX:MBG,0,1,experiment-20261003T113748Z-acb3a2e7,CAFEF_C8_COMPLETE_ONLY_V1,-4.027195058569412,-0.846627783015803
2024-12-31,KBS:HNX:MCC,0,1,experiment-20261003T113748Z-acb3a2e7,CAFEF_C8_COMPLETE_ONLY_V1,-4.297630852146938,0.712706020261633
2024-12-31,KBS:HNX:MCF,0,1,experiment-20261003T113748Z-acb3a2e7,CAFEF_C8_COMPLETE_ONLY_V1,-4.290993332751464,-0.37582089760365367
2024-12-31,KBS:HNX:MCO,0,1,experiment-20261003T113748Z-acb3a2e7,CAFEF_C8_COMPLETE_ONLY_V1,-4.168338383933274,-2.92988161153342
2024-12-31,KBS:HNX:MDC,0,1,experiment-20261003T113748Z-acb3a2e7,CAFEF_C8_COMPLETE_ONLY_V1,-4.286694962476294,-0.8341493018299873
2024-12-31,KBS:HNX:MED,0,1,experiment-20261003T113748Z-acb3a2e7,CAFEF_C8_COMPLETE_ONLY_V1,-4.298091726174725,-0.16931791320862025
2024-12-31,KBS:HNX:MKV,0,1,experiment-20261003T113748Z-acb3a2e7,CAFEF_C8_COMPLETE_ONLY_V1,-4.2980445982246716,0.07720062734347957
2024-12-31,KBS:HNX:MST,0,1,experiment-20261003T113748Z-acb3a2e7,CAFEF_C8_COMPLETE_ONLY_V1,0.7885931972008949,2.6330079445515198
2024-12-31,KBS:HNX:MVB,0,1,experiment-20261003T113748Z-acb3a2e7,CAFEF_C8_COMPLETE_ONLY_V1,-4.298384997348552,-1.0697990956749623
2024-12-31,KBS:HNX:NAG,0,1,experiment-20261003T113748Z-acb3a2e7,CAFEF_C8_COMPLETE_ONLY_V1,-3.4010784836486954,-0.009078959502658456
2024-12-31,KBS:HNX:NAP,0,1,experiment-20261003T113748Z-acb3a2e7,CAFEF_C8_COMPLETE_ONLY_V1,-4.33207705103505,-0.9263783659310617
2024-12-31,KBS:HNX:NBP,0,1,experiment-20261003T113748Z-acb3a2e7,CAFEF_C8_COMPLETE_ONLY_V1,-4.301141918029629,0.621422694154921
2024-12-31,KBS:HNX:NBW,0,1,experiment-20261003T113748Z-acb3a2e7,CAFEF_C8_COMPLETE_ONLY_V1,-4.288900685361426,0.702081311377526
2024-12-31,KBS:HNX:NDN,0,1,experiment-20261003T113748Z-acb3a2e7,CAFEF_C8_COMPLETE_ONLY_V1,-3.913228398423506,-1.398522081788318
2024-12-31,KBS:HNX:NET,0,1,experiment-20261003T113748Z-acb3a2e7,CAFEF_C8_COMPLETE_ONLY_V1,-4.19629829184494,-1.174953762121662
2024-12-31,KBS:HNX:NFC,0,1,experiment-20261003T113748Z-acb3a2e7,CAFEF_C8_COMPLETE_ONLY_V1,-4.315201707559391,-0.47986378592280055
2024-12-31,KBS:HNX:NHC,0,1,experiment-20261003T113748Z-acb3a2e7,CAFEF_C8_COMPLETE_ONLY_V1,-4.317574685378719,0.03670587488835928
2024-12-31,KBS:HNX:NRC,0,1,experiment-20261003T113748Z-acb3a2e7,CAFEF_C8_COMPLETE_ONLY_V1,-3.1242202186378236,3.0779747151190398
2024-12-31,KBS:HNX:NSH,0,1,experiment-20261003T113748Z-acb3a2e7,CAFEF_C8_COMPLETE_ONLY_V1,-4.271860379964206,-1.7593713401593873
2024-12-31,KBS:HNX:NST,0,1,experiment-20261003T113748Z-acb3a2e7,CAFEF_C8_COMPLETE_ONLY_V1,-4.297364004095493,-0.044165860116487786
2024-12-31,KBS:HNX:NTH,0,1,experiment-20261003T113748Z-acb3a2e7,CAFEF_C8_COMPLETE_ONLY_V1,-4.313251783068957,-0.7770276677498111
2024-12-31,KBS:HNX:NTP,0,1,experiment-20261003T113748Z-acb3a2e7,CAFEF_C8_COMPLETE_ONLY_V1,4.060801370025673,1.8597883067383445
2024-12-31,KBS:HNX:NVB,0,1,experiment-20261003T113748Z-acb3a2e7,CAFEF_C8_COMPLETE_ONLY_V1,-3.7016195614859506,-1.1708965555196909
2024-12-31,KBS:HNX:ONE,0,1,experiment-20261003T113748Z-acb3a2e7,CAFEF_C8_COMPLETE_ONLY_V1,-4.297473052259911,-1.5311697428722815
2024-12-31,KBS:HNX:PBP,0,1,experiment-20261003T113748Z-acb3a2e7,CAFEF_C8_COMPLETE_ONLY_V1,-4.224186415306572,0.11405591670258285
2024-12-31,KBS:HNX:PCE,0,1,experiment-20261003T113748Z-acb3a2e7,CAFEF_C8_COMPLETE_ONLY_V1,-4.295772451309602,-0.7222974130488239
2024-12-31,KBS:HNX:PCT,0,1,experiment-20261003T113748Z-acb3a2e7,CAFEF_C8_COMPLETE_ONLY_V1,-4.14123784757101,1.4824475326586792
2024-12-31,KBS:HNX:PDB,0,1,experiment-20261003T113748Z-acb3a2e7,CAFEF_C8_COMPLETE_ONLY_V1,-4.285334801381297,-0.0029510328061635063
2024-12-31,KBS:HNX:PEN,0,1,experiment-20261003T113748Z-acb3a2e7,CAFEF_C8_COMPLETE_ONLY_V1,-4.31789778516734,-2.7732373949273095
2024-12-31,KBS:HNX:PGN,0,1,experiment-20261003T113748Z-acb3a2e7,CAFEF_C8_COMPLETE_ONLY_V1,-3.700206444149192,11.465320478469986
2024-12-31,KBS:HNX:PGS,0,1,experiment-20261003T113748Z-acb3a2e7,CAFEF_C8_COMPLETE_ONLY_V1,-4.310281546149119,-0.34483506668485153
2024-12-31,KBS:HNX:PGT,0,1,experiment-20261003T113748Z-acb3a2e7,CAFEF_C8_COMPLETE_ONLY_V1,-4.305471608357587,7.2210778833726526
2024-12-31,KBS:HNX:PHN,0,1,experiment-20261003T113748Z-acb3a2e7,CAFEF_C8_COMPLETE_ONLY_V1,-4.299506758450358,1.5059807522114501
2024-12-31,KBS:HNX:PIA,0,1,experiment-20261003T113748Z-acb3a2e7,CAFEF_C8_COMPLETE_ONLY_V1,-4.297014117127235,-1.2291541385963587
2024-12-31,KBS:HNX:PIC,0,1,experiment-20261003T113748Z-acb3a2e7,CAFEF_C8_COMPLETE_ONLY_V1,-4.308896789666721,-1.3773196091653193
2024-12-31,KBS:HNX:PJC,0,1,experiment-20261003T113748Z-acb3a2e7,CAFEF_C8_COMPLETE_ONLY_V1,-4.3151923368657075,-0.648979485385719
2024-12-31,KBS:HNX:PLC,0,1,experiment-20261003T113748Z-acb3a2e7,CAFEF_C8_COMPLETE_ONLY_V1,-3.3314870846167706,-1.6307964410564488
2024-12-31,KBS:HNX:PMB,0,1,experiment-20261003T113748Z-acb3a2e7,CAFEF_C8_COMPLETE_ONLY_V1,-4.2816633146925325,-1.0984913551499635
2024-12-31,KBS:HNX:PMC,0,1,experiment-20261003T113748Z-acb3a2e7,CAFEF_C8_COMPLETE_ONLY_V1,-4.1284887492072935,1.5695919291404836
2024-12-31,KBS:HNX:PMP,0,1,experiment-20261003T113748Z-acb3a2e7,CAFEF_C8_COMPLETE_ONLY_V1,-4.303242548505719,0.2076922348782265
2024-12-31,KBS:HNX:PMS,0,1,experiment-20261003T113748Z-acb3a2e7,CAFEF_C8_COMPLETE_ONLY_V1,-4.29907429546473,0.0733716027054605
2024-12-31,KBS:HNX:POT,0,1,experiment-20261003T113748Z-acb3a2e7,CAFEF_C8_COMPLETE_ONLY_V1,-4.30567729495668,-2.061514960746226
2024-12-31,KBS:HNX:PPE,0,1,experiment-20261003T113748Z-acb3a2e7,CAFEF_C8_COMPLETE_ONLY_V1,-4.329112702447146,-0.8398086541394106
2024-12-31,KBS:HNX:PPP,0,1,experiment-20261003T113748Z-acb3a2e7,CAFEF_C8_COMPLETE_ONLY_V1,-4.301956256199619,0.5417635096303987
2024-12-31,KBS:HNX:PPS,0,1,experiment-20261003T113748Z-acb3a2e7,CAFEF_C8_COMPLETE_ONLY_V1,-4.290484730610176,0.024667485620903082
2024-12-31,KBS:HNX:PPY,0,1,experiment-20261003T113748Z-acb3a2e7,CAFEF_C8_COMPLETE_ONLY_V1,-4.305267720766815,0.2717372926927194
2024-12-31,KBS:HNX:PRC,0,1,experiment-20261003T113748Z-acb3a2e7,CAFEF_C8_COMPLETE_ONLY_V1,-4.081047603080367,-0.6176122139917576
2024-12-31,KBS:HNX:PRE,0,1,experiment-20261003T113748Z-acb3a2e7,CAFEF_C8_COMPLETE_ONLY_V1,-4.295520590773584,1.3496582930497532
2024-12-31,KBS:HNX:PSD,0,1,experiment-20261003T113748Z-acb3a2e7,CAFEF_C8_COMPLETE_ONLY_V1,-4.009127956079552,-0.13580022887050977
2024-12-31,KBS:HNX:PSE,0,1,experiment-20261003T113748Z-acb3a2e7,CAFEF_C8_COMPLETE_ONLY_V1,-4.290621019077013,-0.37796069769826707
2024-12-31,KBS:HNX:PSI,0,1,experiment-20261003T113748Z-acb3a2e7,CAFEF_C8_COMPLETE_ONLY_V1,-4.130570013776917,-0.22374263169251984
2024-12-31,KBS:HNX:PSW,0,1,experiment-20261003T113748Z-acb3a2e7,CAFEF_C8_COMPLETE_ONLY_V1,-4.217257004248327,-0.2858100239245228
2024-12-31,KBS:HNX:PTD,0,1,experiment-20261003T113748Z-acb3a2e7,CAFEF_C8_COMPLETE_ONLY_V1,-4.35925893125158,1.6034472847551817
2024-12-31,KBS:HNX:PTS,0,1,experiment-20261003T113748Z-acb3a2e7,CAFEF_C8_COMPLETE_ONLY_V1,-4.3105667464272255,-1.9750291356607637
2024-12-31,KBS:HNX:PV2,0,1,experiment-20261003T113748Z-acb3a2e7,CAFEF_C8_COMPLETE_ONLY_V1,-4.271312937138367,-1.0219336863189037
2024-12-31,KBS:HNX:PVB,0,1,experiment-20261003T113748Z-acb3a2e7,CAFEF_C8_COMPLETE_ONLY_V1,-2.674468202649177,0.6889210054258313
2024-12-31,KBS:HNX:PVC,0,1,experiment-20261003T113748Z-acb3a2e7,CAFEF_C8_COMPLETE_ONLY_V1,-1.4143908915081014,-2.7156896592582545
2024-12-31,KBS:HNX:PVG,0,1,experiment-20261003T113748Z-acb3a2e7,CAFEF_C8_COMPLETE_ONLY_V1,-4.119436919094963,0.6446975079557579
2024-12-31,KBS:HOSE:AAM,0,1,experiment-20261003T113748Z-acb3a2e7,CAFEF_C8_COMPLETE_ONLY_V1,-4.302959143660132,-0.6573210286135683
2024-12-31,KBS:HOSE:AAT,0,1,experiment-20261003T113748Z-acb3a2e7,CAFEF_C8_COMPLETE_ONLY_V1,-4.278993428892355,-1.2530131571608536
2024-12-31,KBS:HOSE:ABR,0,1,experiment-20261003T113748Z-acb3a2e7,CAFEF_C8_COMPLETE_ONLY_V1,-4.296062834625702,-1.0019873329816362
2024-12-31,KBS:HOSE:ABS,0,1,experiment-20261003T113748Z-acb3a2e7,CAFEF_C8_COMPLETE_ONLY_V1,-3.3061989434423875,0.08677285774750776
2024-12-31,KBS:HOSE:ABT,0,1,experiment-20261003T113748Z-acb3a2e7,CAFEF_C8_COMPLETE_ONLY_V1,-4.249340578266106,-0.10308789884508605
2024-12-31,KBS:HOSE:ACC,0,1,experiment-20261003T113748Z-acb3a2e7,CAFEF_C8_COMPLETE_ONLY_V1,-3.5282736727414834,0.6460356953151165
2024-12-31,KBS:HOSE:ACG,0,1,experiment-20261003T113748Z-acb3a2e7,CAFEF_C8_COMPLETE_ONLY_V1,-4.147780617403692,-0.5097356716778535
2024-12-31,KBS:HOSE:ACL,0,1,experiment-20261003T113748Z-acb3a2e7,CAFEF_C8_COMPLETE_ONLY_V1,-4.267590822178931,-0.5225986732539891
2024-12-31,KBS:HOSE:ADG,0,1,experiment-20261003T113748Z-acb3a2e7,CAFEF_C8_COMPLETE_ONLY_V1,-4.319146856711711,-2.067865417220061
2024-12-31,KBS:HOSE:ADP,0,1,experiment-20261003T113748Z-acb3a2e7,CAFEF_C8_COMPLETE_ONLY_V1,-4.269400812786143,0.571694132599303
2024-12-31,KBS:HOSE:ADS,0,1,experiment-20261003T113748Z-acb3a2e7,CAFEF_C8_COMPLETE_ONLY_V1,-4.069069352109471,-2.312405322640176
2024-12-31,KBS:HOSE:AFX,0,1,experiment-20261003T113748Z-acb3a2e7,CAFEF_C8_COMPLETE_ONLY_V1,-4.142017979945399,-0.6021830922602279
2024-12-31,KBS:HOSE:AGG,0,1,experiment-20261003T113748Z-acb3a2e7,CAFEF_C8_COMPLETE_ONLY_V1,5.574558323322392,-1.6445151099246826
2024-12-31,KBS:HOSE:AGR,0,1,experiment-20261003T113748Z-acb3a2e7,CAFEF_C8_COMPLETE_ONLY_V1,-1.7401294363534052,-0.9577605131893497
2024-12-31,KBS:HOSE:ANT,0,1,experiment-20261003T113748Z-acb3a2e7,CAFEF_C8_COMPLETE_ONLY_V1,-4.220405158122171,2.1256672711783104
2024-12-31,KBS:HOSE:ANV,0,1,experiment-20261003T113748Z-acb3a2e7,CAFEF_C8_COMPLETE_ONLY_V1,7.730765063211958,1.4388311686216693
2024-12-31,KBS:HOSE:APG,0,1,experiment-20261003T113748Z-acb3a2e7,CAFEF_C8_COMPLETE_ONLY_V1,-2.8592065857414672,-5.154978623325547
2024-12-31,KBS:HOSE:APH,0,1,experiment-20261003T113748Z-acb3a2e7,CAFEF_C8_COMPLETE_ONLY_V1,-2.9967420956701125,-0.8552389065865063
2024-12-31,KBS:HOSE:ASM,0,1,experiment-20261003T113748Z-acb3a2e7,CAFEF_C8_COMPLETE_ONLY_V1,-3.1141025985766695,-1.4369541497937361
2024-12-31,KBS:HOSE:ASP,0,1,experiment-20261003T113748Z-acb3a2e7,CAFEF_C8_COMPLETE_ONLY_V1,-4.2856263301397455,-1.447123426705881
2024-12-31,KBS:HOSE:AST,0,1,experiment-20261003T113748Z-acb3a2e7,CAFEF_C8_COMPLETE_ONLY_V1,-4.166921253791501,-0.5769355591030042
2024-12-31,KBS:HOSE:BAF,0,1,experiment-20261003T113748Z-acb3a2e7,CAFEF_C8_COMPLETE_ONLY_V1,20.921594075061336,3.0965412245214443
2024-12-31,KBS:HOSE:BCE,0,1,experiment-20261003T113748Z-acb3a2e7,CAFEF_C8_COMPLETE_ONLY_V1,-4.014421277408056,4.1975922468247315
2024-12-31,KBS:HOSE:BCM,0,1,experiment-20261003T113748Z-acb3a2e7,CAFEF_C8_COMPLETE_ONLY_V1,0.37018629100566275,0.5894329215411063
2024-12-31,KBS:HOSE:BFC,0,1,experiment-20261003T113748Z-acb3a2e7,CAFEF_C8_COMPLETE_ONLY_V1,3.3289194829232818,0.8049419319635795
2024-12-31,KBS:HOSE:BHN,0,1,experiment-20261003T113748Z-acb3a2e7,CAFEF_C8_COMPLETE_ONLY_V1,-4.2608010228479944,-0.3112717727302118
2024-12-31,KBS:HOSE:BIC,0,1,experiment-20261003T113748Z-acb3a2e7,CAFEF_C8_COMPLETE_ONLY_V1,-3.987475932859116,0.04348279026800747
2024-12-31,KBS:HOSE:BKG,0,1,experiment-20261003T113748Z-acb3a2e7,CAFEF_C8_COMPLETE_ONLY_V1,-4.162644080384426,-1.5358115806623247
2024-12-31,KBS:HOSE:BMI,0,1,experiment-20261003T113748Z-acb3a2e7,CAFEF_C8_COMPLETE_ONLY_V1,-3.2864792831369107,-0.8025715285092282
2024-12-31,KBS:HOSE:BRC,0,1,experiment-20261003T113748Z-acb3a2e7,CAFEF_C8_COMPLETE_ONLY_V1,-4.198818274784475,0.7546880239827705
2024-12-31,KBS:HOSE:BSI,0,1,experiment-20261003T113748Z-acb3a2e7,CAFEF_C8_COMPLETE_ONLY_V1,1.9350215567387856,-0.05057544676810267
2024-12-31,KBS:HOSE:BSR,0,1,experiment-20261003T113748Z-acb3a2e7,CAFEF_C8_COMPLETE_ONLY_V1,21.14159349342177,0.6368175542475081
2024-12-31,KBS:HOSE:BTP,0,1,experiment-20261003T113748Z-acb3a2e7,CAFEF_C8_COMPLETE_ONLY_V1,-4.269502609637799,-1.0026246647222212
2024-12-31,KBS:HOSE:BVH,0,1,experiment-20261003T113748Z-acb3a2e7,CAFEF_C8_COMPLETE_ONLY_V1,7.478075941790432,1.0231091991615522
2024-12-31,KBS:HOSE:C32,0,1,experiment-20261003T113748Z-acb3a2e7,CAFEF_C8_COMPLETE_ONLY_V1,-4.178249675887242,-0.2395184098463403
2024-12-31,KBS:HOSE:CCI,0,1,experiment-20261003T113748Z-acb3a2e7,CAFEF_C8_COMPLETE_ONLY_V1,-4.259846708674126,1.3437638570379837
2024-12-31,KBS:HOSE:CCL,0,1,experiment-20261003T113748Z-acb3a2e7,CAFEF_C8_COMPLETE_ONLY_V1,-2.949964772776043,0.1394748712148722
2024-12-31,KBS:HOSE:CDC,0,1,experiment-20261003T113748Z-acb3a2e7,CAFEF_C8_COMPLETE_ONLY_V1,-3.5016207292330166,-1.190279712480698
2024-12-31,KBS:HOSE:CHP,0,1,experiment-20261003T113748Z-acb3a2e7,CAFEF_C8_COMPLETE_ONLY_V1,-4.050720910101653,0.30853064010446474
2024-12-31,KBS:HOSE:CIG,0,1,experiment-20261003T113748Z-acb3a2e7,CAFEF_C8_COMPLETE_ONLY_V1,-3.044059387703077,2.691954500076503
2024-12-31,KBS:HOSE:CII,0,1,experiment-20261003T113748Z-acb3a2e7,CAFEF_C8_COMPLETE_ONLY_V1,3.6318657787976,-1.1229191282777862
2024-12-31,KBS:HOSE:CKG,0,1,experiment-20261003T113748Z-acb3a2e7,CAFEF_C8_COMPLETE_ONLY_V1,-4.194655530277035,-1.32504400702151
2024-12-31,KBS:HOSE:CLC,0,1,experiment-20261003T113748Z-acb3a2e7,CAFEF_C8_COMPLETE_ONLY_V1,-4.189974081807141,1.8160850536278974
2024-12-31,KBS:HOSE:CLW,0,1,experiment-20261003T113748Z-acb3a2e7,CAFEF_C8_COMPLETE_ONLY_V1,-4.305430056474375,-0.46412121851303917
2024-12-31,KBS:HOSE:CMV,0,1,experiment-20261003T113748Z-acb3a2e7,CAFEF_C8_COMPLETE_ONLY_V1,-4.30414417689734,-1.3606280284888466
2024-12-31,KBS:HOSE:CMX,0,1,experiment-20261003T113748Z-acb3a2e7,CAFEF_C8_COMPLETE_ONLY_V1,-3.7835433795995277,-1.6644165747258426
2024-12-31,KBS:HOSE:CNG,0,1,experiment-20261003T113748Z-acb3a2e7,CAFEF_C8_COMPLETE_ONLY_V1,-3.39091504558576,-0.9829026718418169
2024-12-31,KBS:HOSE:COM,0,1,experiment-20261003T113748Z-acb3a2e7,CAFEF_C8_COMPLETE_ONLY_V1,-4.32426631687845,-0.40785374280555986
2024-12-31,KBS:HOSE:CRC,0,1,experiment-20261003T113748Z-acb3a2e7,CAFEF_C8_COMPLETE_ONLY_V1,-3.4752451752469913,0.1206410015996257
2024-12-31,KBS:HOSE:CRE,0,1,experiment-20261003T113748Z-acb3a2e7,CAFEF_C8_COMPLETE_ONLY_V1,-3.8434393534189013,0.49334777920037454
2024-12-31,KBS:HOSE:CSV,0,1,experiment-20261003T113748Z-acb3a2e7,CAFEF_C8_COMPLETE_ONLY_V1,28.460327972126837,4.836860875455469
2024-12-31,KBS:HOSE:CTD,0,1,experiment-20261003T113748Z-acb3a2e7,CAFEF_C8_COMPLETE_ONLY_V1,9.143836271562058,-0.10137639451767969
2024-12-31,KBS:HOSE:CTF,0,1,experiment-20261003T113748Z-acb3a2e7,CAFEF_C8_COMPLETE_ONLY_V1,-3.161549679839035,-2.5013556741982863
2024-12-31,KBS:HOSE:CTI,0,1,experiment-20261003T113748Z-acb3a2e7,CAFEF_C8_COMPLETE_ONLY_V1,0.059919134094063506,1.530986846510529
2024-12-31,KBS:HOSE:CTR,0,1,experiment-20261003T113748Z-acb3a2e7,CAFEF_C8_COMPLETE_ONLY_V1,24.17952817968838,-0.3231481883500733
2024-12-31,KBS:HOSE:CTS,0,1,experiment-20261003T113748Z-acb3a2e7,CAFEF_C8_COMPLETE_ONLY_V1,1.6194485783795343,-0.9126523619221559
2024-12-31,KBS:HOSE:CVT,0,1,experiment-20261003T113748Z-acb3a2e7,CAFEF_C8_COMPLETE_ONLY_V1,-4.2888426763808685,-0.9390387664568843
2024-12-31,KBS:HOSE:D2D,0,1,experiment-20261003T113748Z-acb3a2e7,CAFEF_C8_COMPLETE_ONLY_V1,-4.016936753535615,-1.1499151039573774
2024-12-31,KBS:HOSE:DAH,0,1,experiment-20261003T113748Z-acb3a2e7,CAFEF_C8_COMPLETE_ONLY_V1,-3.9467537467695024,-0.44372397865605745
2024-12-31,KBS:HOSE:DBC,0,1,experiment-20261003T113748Z-acb3a2e7,CAFEF_C8_COMPLETE_ONLY_V1,29.49533324404509,-0.600938266090658
2024-12-31,KBS:HOSE:DBD,0,1,experiment-20261003T113748Z-acb3a2e7,CAFEF_C8_COMPLETE_ONLY_V1,13.541720315012094,2.208819660525154
2024-12-31,KBS:HOSE:DC4,0,1,experiment-20261003T113748Z-acb3a2e7,CAFEF_C8_COMPLETE_ONLY_V1,-1.0489903883586955,1.234692560620051
2024-12-31,KBS:HOSE:DCL,0,1,experiment-20261003T113748Z-acb3a2e7,CAFEF_C8_COMPLETE_ONLY_V1,-2.557603270782563,-0.5168102702112536
2024-12-31,KBS:HOSE:DCM,0,1,experiment-20261003T113748Z-acb3a2e7,CAFEF_C8_COMPLETE_ONLY_V1,21.21844836113983,-0.948389985627532
2024-12-31,KBS:HOSE:DGC,1,0,experiment-20261003T113748Z-acb3a2e7,CAFEF_C8_COMPLETE_ONLY_V1,54.30561566310265,-0.07454269068564723
2024-12-31,KBS:HOSE:DGW,0,1,experiment-20261003T113748Z-acb3a2e7,CAFEF_C8_COMPLETE_ONLY_V1,10.396650236832452,-1.9000855010935094
2024-12-31,KBS:HOSE:DHA,0,1,experiment-20261003T113748Z-acb3a2e7,CAFEF_C8_COMPLETE_ONLY_V1,-3.602378353662998,-0.41205173971592696
2024-12-31,KBS:HOSE:DHC,0,1,experiment-20261003T113748Z-acb3a2e7,CAFEF_C8_COMPLETE_ONLY_V1,2.44664314305546,-0.4095178477856461
2024-12-31,KBS:HOSE:DLG,0,1,experiment-20261003T113748Z-acb3a2e7,CAFEF_C8_COMPLETE_ONLY_V1,-3.7728160418358647,0.3047517418432148
2024-12-31,KBS:HOSE:DMC,0,1,experiment-20261003T113748Z-acb3a2e7,CAFEF_C8_COMPLETE_ONLY_V1,-4.257578368290002,0.843707751163939
2024-12-31,KBS:HOSE:DPG,0,1,experiment-20261003T113748Z-acb3a2e7,CAFEF_C8_COMPLETE_ONLY_V1,3.0989325453272594,-2.0426870194442364
2024-12-31,KBS:HOSE:DQC,0,1,experiment-20261003T113748Z-acb3a2e7,CAFEF_C8_COMPLETE_ONLY_V1,-4.269545779634991,-1.4841618121092177
2024-12-31,KBS:HOSE:DRC,0,1,experiment-20261003T113748Z-acb3a2e7,CAFEF_C8_COMPLETE_ONLY_V1,0.20879472859393236,-1.0559837132976466
2024-12-31,KBS:HOSE:DSN,0,1,experiment-20261003T113748Z-acb3a2e7,CAFEF_C8_COMPLETE_ONLY_V1,-4.084677423011578,0.06308949069182627
2024-12-31,KBS:HOSE:DTA,0,1,experiment-20261003T113748Z-acb3a2e7,CAFEF_C8_COMPLETE_ONLY_V1,-4.279354464748002,-1.061797949481498
2024-12-31,KBS:HOSE:DTL,0,1,experiment-20261003T113748Z-acb3a2e7,CAFEF_C8_COMPLETE_ONLY_V1,-4.319775896875972,-2.44136015998642
2024-12-31,KBS:HOSE:DTT,0,1,experiment-20261003T113748Z-acb3a2e7,CAFEF_C8_COMPLETE_ONLY_V1,-4.324068594198337,1.2645222183580285
2024-12-31,KBS:HOSE:DVP,0,1,experiment-20261003T113748Z-acb3a2e7,CAFEF_C8_COMPLETE_ONLY_V1,-4.0065084673207725,0.7228880261792651
2024-12-31,KBS:HOSE:DXG,1,0,experiment-20261003T113748Z-acb3a2e7,CAFEF_C8_COMPLETE_ONLY_V1,66.84029704443321,-1.3954112593982133
2024-12-31,KBS:HOSE:DXS,0,1,experiment-20261003T113748Z-acb3a2e7,CAFEF_C8_COMPLETE_ONLY_V1,0.7949885871105353,-0.06515286654857963
2024-12-31,KBS:HOSE:DXV,0,1,experiment-20261003T113748Z-acb3a2e7,CAFEF_C8_COMPLETE_ONLY_V1,-4.3006111732160806,-1.6460378670186673
2024-12-31,KBS:HOSE:EIB,1,0,experiment-20261003T113748Z-acb3a2e7,CAFEF_C8_COMPLETE_ONLY_V1,113.02932627233237,-0.007796682513172657
2024-12-31,KBS:HOSE:ELC,0,1,experiment-20261003T113748Z-acb3a2e7,CAFEF_C8_COMPLETE_ONLY_V1,1.3792173000499797,0.32300788187711704
2024-12-31,KBS:HOSE:EVE,0,1,experiment-20261003T113748Z-acb3a2e7,CAFEF_C8_COMPLETE_ONLY_V1,-4.229492355646962,-2.2481807817375534
2024-12-31,KBS:HOSE:EVF,0,1,experiment-20261003T113748Z-acb3a2e7,CAFEF_C8_COMPLETE_ONLY_V1,32.01036845854118,-3.5001512656395852
2024-12-31,KBS:HOSE:EVG,0,1,experiment-20261003T113748Z-acb3a2e7,CAFEF_C8_COMPLETE_ONLY_V1,-1.6626335244802772,-1.2975518267080197
2024-12-31,KBS:HOSE:FCM,0,1,experiment-20261003T113748Z-acb3a2e7,CAFEF_C8_COMPLETE_ONLY_V1,-4.255848146694515,-0.3352735268111964
2024-12-31,KBS:HOSE:FCN,0,1,experiment-20261003T113748Z-acb3a2e7,CAFEF_C8_COMPLETE_ONLY_V1,0.28972642814895233,0.80083363097973
2024-12-31,KBS:HOSE:FDC,0,1,experiment-20261003T113748Z-acb3a2e7,CAFEF_C8_COMPLETE_ONLY_V1,-3.012592567982396,0.8665404635825669
2024-12-31,KBS:HOSE:FIR,0,1,experiment-20261003T113748Z-acb3a2e7,CAFEF_C8_COMPLETE_ONLY_V1,-3.770360992719197,-1.7305340694865328
2024-12-31,KBS:HOSE:FIT,0,1,experiment-20261003T113748Z-acb3a2e7,CAFEF_C8_COMPLETE_ONLY_V1,-3.7253785163037945,-0.7340891421104087
2024-12-31,KBS:HOSE:FMC,0,1,experiment-20261003T113748Z-acb3a2e7,CAFEF_C8_COMPLETE_ONLY_V1,-3.796270389910748,-0.7361678221006723
2024-12-31,KBS:HOSE:FPT,1,0,experiment-20261003T113748Z-acb3a2e7,CAFEF_C8_COMPLETE_ONLY_V1,203.53488732476328,1.2134681780938177
2024-12-31,KBS:HOSE:FRT,0,1,experiment-20261003T113748Z-acb3a2e7,CAFEF_C8_COMPLETE_ONLY_V1,19.04807231460249,0.8256250571346281
2024-12-31,KBS:HOSE:FTS,0,1,experiment-20261003T113748Z-acb3a2e7,CAFEF_C8_COMPLETE_ONLY_V1,18.09981632263097,-0.3725062763561208
2024-12-31,KBS:HOSE:GAS,0,1,experiment-20261003T113748Z-acb3a2e7,CAFEF_C8_COMPLETE_ONLY_V1,4.83904775817068,-0.9669308752842687
2024-12-31,KBS:HOSE:GDT,0,1,experiment-20261003T113748Z-acb3a2e7,CAFEF_C8_COMPLETE_ONLY_V1,-2.893243366859441,0.7067467513521544
2024-12-31,KBS:HOSE:GEG,0,1,experiment-20261003T113748Z-acb3a2e7,CAFEF_C8_COMPLETE_ONLY_V1,-2.840446346063164,-0.5798994029723962
2024-12-31,KBS:HOSE:GIL,0,1,experiment-20261003T113748Z-acb3a2e7,CAFEF_C8_COMPLETE_ONLY_V1,0.556593256047901,-0.963247937268531
2024-12-31,KBS:HOSE:GMD,0,1,experiment-20261003T113748Z-acb3a2e7,CAFEF_C8_COMPLETE_ONLY_V1,12.97796608038723,-0.6695561771737338
2024-12-31,KBS:HOSE:GTA,0,1,experiment-20261003T113748Z-acb3a2e7,CAFEF_C8_COMPLETE_ONLY_V1,-4.280947953075485,-0.7867889970756634
2024-12-31,KBS:HOSE:HAG,0,1,experiment-20261003T113748Z-acb3a2e7,CAFEF_C8_COMPLETE_ONLY_V1,20.248007185934842,-0.20555658775961805
2024-12-31,KBS:HOSE:HAP,0,1,experiment-20261003T113748Z-acb3a2e7,CAFEF_C8_COMPLETE_ONLY_V1,-4.2210857680187805,-0.32705363100170304
2024-12-31,KBS:HOSE:HAR,0,1,experiment-20261003T113748Z-acb3a2e7,CAFEF_C8_COMPLETE_ONLY_V1,-4.1475822484550005,-1.6806665132704988
2024-12-31,KBS:HOSE:HAS,0,1,experiment-20261003T113748Z-acb3a2e7,CAFEF_C8_COMPLETE_ONLY_V1,-4.296702433747906,-1.1469226057800141
2024-12-31,KBS:HOSE:HAX,0,1,experiment-20261003T113748Z-acb3a2e7,CAFEF_C8_COMPLETE_ONLY_V1,1.847146365161313,0.5543972679127653
2024-12-31,KBS:HOSE:HCD,0,1,experiment-20261003T113748Z-acb3a2e7,CAFEF_C8_COMPLETE_ONLY_V1,-4.167104890517649,-1.4730739379811562
2024-12-31,KBS:HOSE:HCM,1,0,experiment-20261003T113748Z-acb3a2e7,CAFEF_C8_COMPLETE_ONLY_V1,54.50740202910496,0.276467846703675
2024-12-31,KBS:HOSE:HDC,0,1,experiment-20261003T113748Z-acb3a2e7,CAFEF_C8_COMPLETE_ONLY_V1,16.40432895563725,-0.828542165083655
2024-12-31,KBS:HOSE:HDG,0,1,experiment-20261003T113748Z-acb3a2e7,CAFEF_C8_COMPLETE_ONLY_V1,31.74920092557225,-0.4526865595659446
2024-12-31,KBS:HOSE:HHP,0,1,experiment-20261003T113748Z-acb3a2e7,CAFEF_C8_COMPLETE_ONLY_V1,-4.009478220394762,-1.7347711250580076
2024-12-31,KBS:HOSE:HHV,0,1,experiment-20261003T113748Z-acb3a2e7,CAFEF_C8_COMPLETE_ONLY_V1,6.064833729670557,-0.8166486489155245
2024-12-31,KBS:HOSE:HID,0,1,experiment-20261003T113748Z-acb3a2e7,CAFEF_C8_COMPLETE_ONLY_V1,-4.274729169775245,-1.6016917694461028
2024-12-31,KBS:HOSE:HII,0,1,experiment-20261003T113748Z-acb3a2e7,CAFEF_C8_COMPLETE_ONLY_V1,-4.227292387282007,-2.0348727401616307
2024-12-31,KBS:HOSE:HMC,0,1,experiment-20261003T113748Z-acb3a2e7,CAFEF_C8_COMPLETE_ONLY_V1,-4.184298157255604,1.3351961214197745
2024-12-31,KBS:HOSE:HQC,0,1,experiment-20261003T113748Z-acb3a2e7,CAFEF_C8_COMPLETE_ONLY_V1,-1.7295003171925567,-1.666983968524491
2024-12-31,KBS:HOSE:HRC,0,1,experiment-20261003T113748Z-acb3a2e7,CAFEF_C8_COMPLETE_ONLY_V1,-4.3281853141165145,-1.5913947122119703
2024-12-31,KBS:HOSE:HSG,0,1,experiment-20261003T113748Z-acb3a2e7,CAFEF_C8_COMPLETE_ONLY_V1,19.826193204275125,-2.238748719607838
2024-12-31,KBS:HOSE:HSL,0,1,experiment-20261003T113748Z-acb3a2e7,CAFEF_C8_COMPLETE_ONLY_V1,-4.235325513470064,-2.0459828690981277
2024-12-31,KBS:HOSE:HTG,0,1,experiment-20261003T113748Z-acb3a2e7,CAFEF_C8_COMPLETE_ONLY_V1,-3.574922522970978,2.7965334122030767
2024-12-31,KBS:HOSE:HTI,0,1,experiment-20261003T113748Z-acb3a2e7,CAFEF_C8_COMPLETE_ONLY_V1,-4.254364041516429,0.014893185112126506
2024-12-31,KBS:HOSE:HTL,0,1,experiment-20261003T113748Z-acb3a2e7,CAFEF_C8_COMPLETE_ONLY_V1,-3.9916255308085953,5.695799491195974
2024-12-31,KBS:HOSE:HTN,0,1,experiment-20261003T113748Z-acb3a2e7,CAFEF_C8_COMPLETE_ONLY_V1,-2.1347816302019886,0.9835757050383973
2024-12-31,KBS:HOSE:HTV,0,1,experiment-20261003T113748Z-acb3a2e7,CAFEF_C8_COMPLETE_ONLY_V1,-4.298207247874808,-0.4345825370216226
2024-12-31,KBS:HOSE:HU1,0,1,experiment-20261003T113748Z-acb3a2e7,CAFEF_C8_COMPLETE_ONLY_V1,-4.312517826027853,-1.4165417990470799
2024-12-31,KBS:HOSE:HUB,0,1,experiment-20261003T113748Z-acb3a2e7,CAFEF_C8_COMPLETE_ONLY_V1,-4.080221886567324,-0.3718294108495801
2024-12-31,KBS:HOSE:HVN,0,1,experiment-20261003T113748Z-acb3a2e7,CAFEF_C8_COMPLETE_ONLY_V1,17.668279218642947,1.4329805973738625
2024-12-31,KBS:HOSE:ICT,0,1,experiment-20261003T113748Z-acb3a2e7,CAFEF_C8_COMPLETE_ONLY_V1,-4.0013377409682915,0.28984463547715217
2024-12-31,KBS:HOSE:IJC,0,1,experiment-20261003T113748Z-acb3a2e7,CAFEF_C8_COMPLETE_ONLY_V1,1.0713481244651848,-0.24167514110460117
2024-12-31,KBS:HOSE:ILB,0,1,experiment-20261003T113748Z-acb3a2e7,CAFEF_C8_COMPLETE_ONLY_V1,-4.257661476751356,0.5366717854733764
2024-12-31,KBS:HOSE:ITC,0,1,experiment-20261003T113748Z-acb3a2e7,CAFEF_C8_COMPLETE_ONLY_V1,-3.345446056839811,-0.6224311082696136
2024-12-31,KBS:HOSE:ITD,0,1,experiment-20261003T113748Z-acb3a2e7,CAFEF_C8_COMPLETE_ONLY_V1,-4.205948222171145,-1.0197752410443577
2024-12-31,KBS:HOSE:JVC,0,1,experiment-20261003T113748Z-acb3a2e7,CAFEF_C8_COMPLETE_ONLY_V1,-3.825294306413647,1.4045445038970272
2024-12-31,KBS:HOSE:KBC,0,1,experiment-20261003T113748Z-acb3a2e7,CAFEF_C8_COMPLETE_ONLY_V1,22.178594224060944,-1.1408929706240791
2024-12-31,KBS:HOSE:KDC,0,1,experiment-20261003T113748Z-acb3a2e7,CAFEF_C8_COMPLETE_ONLY_V1,23.16779207800377,0.8671833841695425
2024-12-31,KBS:HOSE:KDH,0,1,experiment-20261003T113748Z-acb3a2e7,CAFEF_C8_COMPLETE_ONLY_V1,23.602581549607716,0.6582587017755382
2024-12-31,KBS:HOSE:KHG,0,1,experiment-20261003T113748Z-acb3a2e7,CAFEF_C8_COMPLETE_ONLY_V1,4.984113936192869,-0.8264985606857689
2024-12-31,KBS:HOSE:KHP,0,1,experiment-20261003T113748Z-acb3a2e7,CAFEF_C8_COMPLETE_ONLY_V1,-2.0035972557151203,2.5945102636696884
2024-12-31,KBS:HOSE:KMR,0,1,experiment-20261003T113748Z-acb3a2e7,CAFEF_C8_COMPLETE_ONLY_V1,-4.285353312610636,-0.7353185499197056
2024-12-31,KBS:HOSE:KOS,0,1,experiment-20261003T113748Z-acb3a2e7,CAFEF_C8_COMPLETE_ONLY_V1,0.5675918091642566,-0.5933916247110901
2024-12-31,KBS:HOSE:KSB,0,1,experiment-20261003T113748Z-acb3a2e7,CAFEF_C8_COMPLETE_ONLY_V1,3.4155206172661954,-1.0215731024921748
2024-12-31,KBS:HOSE:L10,0,1,experiment-20261003T113748Z-acb3a2e7,CAFEF_C8_COMPLETE_ONLY_V1,-4.312370248402946,-0.42555750652955315
2024-12-31,KBS:HOSE:LAF,0,1,experiment-20261003T113748Z-acb3a2e7,CAFEF_C8_COMPLETE_ONLY_V1,-4.247832319407326,1.2434117402269567
2024-12-31,KBS:HOSE:LBM,0,1,experiment-20261003T113748Z-acb3a2e7,CAFEF_C8_COMPLETE_ONLY_V1,-3.966063825466408,0.6125224500913095
2024-12-31,KBS:HOSE:LCG,0,1,experiment-20261003T113748Z-acb3a2e7,CAFEF_C8_COMPLETE_ONLY_V1,-0.6526918410817494,-0.835400658065423
2024-12-31,KBS:HOSE:LDG,0,1,experiment-20261003T113748Z-acb3a2e7,CAFEF_C8_COMPLETE_ONLY_V1,-3.6729562141191874,-2.2543103277631014
2024-12-31,KBS:HOSE:LGL,0,1,experiment-20261003T113748Z-acb3a2e7,CAFEF_C8_COMPLETE_ONLY_V1,-4.244786728708056,-1.2988086530222291
2024-12-31,KBS:HOSE:LHG,0,1,experiment-20261003T113748Z-acb3a2e7,CAFEF_C8_COMPLETE_ONLY_V1,-3.014191314571782,-0.6325708597881463
2024-12-31,KBS:HOSE:LIX,0,1,experiment-20261003T113748Z-acb3a2e7,CAFEF_C8_COMPLETE_ONLY_V1,-3.432251768358051,-0.005607322702196768
2024-12-31,KBS:HOSE:LM8,0,1,experiment-20261003T113748Z-acb3a2e7,CAFEF_C8_COMPLETE_ONLY_V1,-4.302098566158614,-0.46720379417188607
2024-12-31,KBS:HOSE:LPB,0,1,experiment-20261003T113748Z-acb3a2e7,CAFEF_C8_COMPLETE_ONLY_V1,40.22937947126151,2.5072629262218884
2024-12-31,KBS:HOSE:LSS,0,1,experiment-20261003T113748Z-acb3a2e7,CAFEF_C8_COMPLETE_ONLY_V1,-3.2021470844641033,-0.8503583200830217
2024-12-31,KBS:HOSE:MBB,1,0,experiment-20261003T113748Z-acb3a2e7,CAFEF_C8_COMPLETE_ONLY_V1,56.503932747895206,0.3265303413951872
2024-12-31,KBS:HOSE:MCP,0,1,experiment-20261003T113748Z-acb3a2e7,CAFEF_C8_COMPLETE_ONLY_V1,-4.25223796705003,2.1217834787651895
2024-12-31,KBS:HOSE:MDG,0,1,experiment-20261003T113748Z-acb3a2e7,CAFEF_C8_COMPLETE_ONLY_V1,-4.231160427743836,1.6727681341094118
2024-12-31,KBS:HOSE:MHC,0,1,experiment-20261003T113748Z-acb3a2e7,CAFEF_C8_COMPLETE_ONLY_V1,-4.232458590448209,-1.5029680243540793
2024-12-31,KBS:HOSE:MIG,0,1,experiment-20261003T113748Z-acb3a2e7,CAFEF_C8_COMPLETE_ONLY_V1,-1.8379070556489663,-0.7635022741226987
2024-12-31,KBS:HOSE:MSB,0,1,experiment-20261003T113748Z-acb3a2e7,CAFEF_C8_COMPLETE_ONLY_V1,18.2016159149851,-0.46276877260924826
2024-12-31,KBS:HOSE:MSH,0,1,experiment-20261003T113748Z-acb3a2e7,CAFEF_C8_COMPLETE_ONLY_V1,-0.6629356269712411,1.5012388431597907
2024-12-31,KBS:HOSE:MWG,1,0,experiment-20261003T113748Z-acb3a2e7,CAFEF_C8_COMPLETE_ONLY_V1,89.11928717063233,-0.6494485430667722
2024-12-31,KBS:HOSE:NAF,0,1,experiment-20261003T113748Z-acb3a2e7,CAFEF_C8_COMPLETE_ONLY_V1,-2.9852089780514857,0.31382948703363617
2024-12-31,KBS:HOSE:NAV,0,1,experiment-20261003T113748Z-acb3a2e7,CAFEF_C8_COMPLETE_ONLY_V1,-4.28631966819209,1.4196262325234477
2024-12-31,KBS:HOSE:NBB,0,1,experiment-20261003T113748Z-acb3a2e7,CAFEF_C8_COMPLETE_ONLY_V1,1.6710089099989995,-0.9641343639028624
2024-12-31,KBS:HOSE:NCT,0,1,experiment-20261003T113748Z-acb3a2e7,CAFEF_C8_COMPLETE_ONLY_V1,-4.1746324145142575,0.7516320133511523
2024-12-31,KBS:HOSE:NHA,0,1,experiment-20261003T113748Z-acb3a2e7,CAFEF_C8_COMPLETE_ONLY_V1,3.7385622184803653,0.5340245287954888
2024-12-31,KBS:HOSE:NHT,0,1,experiment-20261003T113748Z-acb3a2e7,CAFEF_C8_COMPLETE_ONLY_V1,-4.276742410380334,-0.8150481708509669
2024-12-31,KBS:HOSE:NKG,0,1,experiment-20261003T113748Z-acb3a2e7,CAFEF_C8_COMPLETE_ONLY_V1,17.400448974755335,-2.4526101311441355
2024-12-31,KBS:HOSE:NLG,0,1,experiment-20261003T113748Z-acb3a2e7,CAFEF_C8_COMPLETE_ONLY_V1,11.579932670732935,-1.5731201083582116
2024-12-31,KBS:HOSE:NNC,0,1,experiment-20261003T113748Z-acb3a2e7,CAFEF_C8_COMPLETE_ONLY_V1,-4.125809678939122,1.3459483547224678
2024-12-31,KBS:HOSE:NTL,0,1,experiment-20261003T113748Z-acb3a2e7,CAFEF_C8_COMPLETE_ONLY_V1,5.163782444598496,-1.0415061701480783
2024-12-31,KBS:HOSE:NVL,0,1,experiment-20261003T113748Z-acb3a2e7,CAFEF_C8_COMPLETE_ONLY_V1,11.41828647107725,-2.3882399245662875
2024-12-31,KBS:HOSE:NVT,0,1,experiment-20261003T113748Z-acb3a2e7,CAFEF_C8_COMPLETE_ONLY_V1,-4.302845001440836,-1.694510967247891
2024-12-31,KBS:HOSE:OCB,0,1,experiment-20261003T113748Z-acb3a2e7,CAFEF_C8_COMPLETE_ONLY_V1,7.217891076733889,-0.6819066542169566
2024-12-31,KBS:HOSE:OGC,0,1,experiment-20261003T113748Z-acb3a2e7,CAFEF_C8_COMPLETE_ONLY_V1,-3.991502559825962,-1.6071990282745803
2024-12-31,KBS:HOSE:OPC,0,1,experiment-20261003T113748Z-acb3a2e7,CAFEF_C8_COMPLETE_ONLY_V1,-2.1877789805306582,0.2572457846684346
2024-12-31,KBS:HOSE:PAC,0,1,experiment-20261003T113748Z-acb3a2e7,CAFEF_C8_COMPLETE_ONLY_V1,1.6911084518726034,1.0306500978607511
2024-12-31,KBS:HOSE:PAN,0,1,experiment-20261003T113748Z-acb3a2e7,CAFEF_C8_COMPLETE_ONLY_V1,3.973038338444728,0.011086516342974143
2024-12-31,KBS:HOSE:PDN,0,1,experiment-20261003T113748Z-acb3a2e7,CAFEF_C8_COMPLETE_ONLY_V1,-4.280045280427555,-0.7616142101942689
2024-12-31,KBS:HOSE:PGC,0,1,experiment-20261003T113748Z-acb3a2e7,CAFEF_C8_COMPLETE_ONLY_V1,-4.179316429649733,0.5809628160653395
2024-12-31,KBS:HOSE:PGD,0,1,experiment-20261003T113748Z-acb3a2e7,CAFEF_C8_COMPLETE_ONLY_V1,-4.266887170450619,-0.7195084091756012
2024-12-31,KBS:HOSE:PGI,0,1,experiment-20261003T113748Z-acb3a2e7,CAFEF_C8_COMPLETE_ONLY_V1,-4.295153540079986,-0.6498897411261392
2024-12-31,KBS:HOSE:PGV,0,1,experiment-20261003T113748Z-acb3a2e7,CAFEF_C8_COMPLETE_ONLY_V1,-4.122683243110969,-1.202607356956015
2024-12-31,KBS:HOSE:PHR,0,1,experiment-20261003T113748Z-acb3a2e7,CAFEF_C8_COMPLETE_ONLY_V1,-1.2196739609999216,-0.9103631129439447
2024-12-31,KBS:HOSE:PIT,0,1,experiment-20261003T113748Z-acb3a2e7,CAFEF_C8_COMPLETE_ONLY_V1,-4.308486381449167,-1.0725114991437934
2024-12-31,KBS:HOSE:PLP,0,1,experiment-20261003T113748Z-acb3a2e7,CAFEF_C8_COMPLETE_ONLY_V1,-4.260800576743481,-0.4779783394892601
2024-12-31,KBS:HOSE:PLX,0,1,experiment-20261003T113748Z-acb3a2e7,CAFEF_C8_COMPLETE_ONLY_V1,2.8261030073536224,-1.7071591157294987
2024-12-31,KBS:HOSE:PNC,0,1,experiment-20261003T113748Z-acb3a2e7,CAFEF_C8_COMPLETE_ONLY_V1,-4.277984472594855,5.146144000987985
2024-12-31,KBS:HOSE:PNJ,0,1,experiment-20261003T113748Z-acb3a2e7,CAFEF_C8_COMPLETE_ONLY_V1,15.076436945983357,0.03719739754478905
2024-12-31,KBS:HOSE:PTB,0,1,experiment-20261003T113748Z-acb3a2e7,CAFEF_C8_COMPLETE_ONLY_V1,-0.9935760373724043,0.10729853422877646
2024-12-31,KBS:HOSE:PTC,0,1,experiment-20261003T113748Z-acb3a2e7,CAFEF_C8_COMPLETE_ONLY_V1,-4.251176198401748,-1.6946800079318345
2024-12-31,KBS:HOSE:PTL,0,1,experiment-20261003T113748Z-acb3a2e7,CAFEF_C8_COMPLETE_ONLY_V1,-4.273541396568248,-2.1886661153874485
2024-12-31,KBS:HOSE:PVP,0,1,experiment-20261003T113748Z-acb3a2e7,CAFEF_C8_COMPLETE_ONLY_V1,-1.9246490429425607,1.327930426265486
2024-12-31,KBS:HOSE:PVT,0,1,experiment-20261003T113748Z-acb3a2e7,CAFEF_C8_COMPLETE_ONLY_V1,9.38346231753041,-0.4629789381015024
2024-12-31,KBS:HOSE:QCG,0,1,experiment-20261003T113748Z-acb3a2e7,CAFEF_C8_COMPLETE_ONLY_V1,-2.2879813140923786,0.8371643111479681
2024-12-31,KBS:HOSE:RAL,0,1,experiment-20261003T113748Z-acb3a2e7,CAFEF_C8_COMPLETE_ONLY_V1,-4.014822252932186,-0.888546929524104
2024-12-31,KBS:HOSE:S4A,0,1,experiment-20261003T113748Z-acb3a2e7,CAFEF_C8_COMPLETE_ONLY_V1,-4.296861421342445,-0.8052483988466352
2024-12-31,KBS:HOSE:SAB,0,1,experiment-20261003T113748Z-acb3a2e7,CAFEF_C8_COMPLETE_ONLY_V1,6.0421430589160305,-0.4699323635684944
2024-12-31,KBS:HOSE:SAM,0,1,experiment-20261003T113748Z-acb3a2e7,CAFEF_C8_COMPLETE_ONLY_V1,-0.07569291376062925,1.38275425240064
2024-12-31,KBS:HOSE:SAV,0,1,experiment-20261003T113748Z-acb3a2e7,CAFEF_C8_COMPLETE_ONLY_V1,-4.152541046399018,0.21147279917172687
2024-12-31,KBS:HOSE:SBA,0,1,experiment-20261003T113748Z-acb3a2e7,CAFEF_C8_COMPLETE_ONLY_V1,-4.248066031965319,-0.5646423175560078
2024-12-31,KBS:HOSE:SBV,0,1,experiment-20261003T113748Z-acb3a2e7,CAFEF_C8_COMPLETE_ONLY_V1,-4.300514461522267,-0.43293432295384504
2024-12-31,KBS:HOSE:SC5,0,1,experiment-20261003T113748Z-acb3a2e7,CAFEF_C8_COMPLETE_ONLY_V1,-4.308005228840287,1.3221304460494472
2024-12-31,KBS:HOSE:SCR,0,1,experiment-20261003T113748Z-acb3a2e7,CAFEF_C8_COMPLETE_ONLY_V1,-0.2152315457519224,-0.8854840359253358
2024-12-31,KBS:HOSE:SCS,0,1,experiment-20261003T113748Z-acb3a2e7,CAFEF_C8_COMPLETE_ONLY_V1,2.832787007657835,0.3197548581576896
2024-12-31,KBS:HOSE:SFI,0,1,experiment-20261003T113748Z-acb3a2e7,CAFEF_C8_COMPLETE_ONLY_V1,-4.274774579963424,-0.9117770022468115
2024-12-31,KBS:HOSE:SGR,0,1,experiment-20261003T113748Z-acb3a2e7,CAFEF_C8_COMPLETE_ONLY_V1,-2.658762644830171,1.3994829892580143
2024-12-31,KBS:HOSE:SGT,0,1,experiment-20261003T113748Z-acb3a2e7,CAFEF_C8_COMPLETE_ONLY_V1,-3.8362238395820554,1.9769241943642157
2024-12-31,KBS:HOSE:SHA,0,1,experiment-20261003T113748Z-acb3a2e7,CAFEF_C8_COMPLETE_ONLY_V1,-4.299721795012817,-0.8855399073501319
2024-12-31,KBS:HOSE:SHB,0,1,experiment-20261003T113748Z-acb3a2e7,CAFEF_C8_COMPLETE_ONLY_V1,34.89167348714184,-1.11548617661646
2024-12-31,KBS:HOSE:SHI,0,1,experiment-20261003T113748Z-acb3a2e7,CAFEF_C8_COMPLETE_ONLY_V1,-1.8043892005751914,0.6056513127301836
2024-12-31,KBS:HOSE:SHP,0,1,experiment-20261003T113748Z-acb3a2e7,CAFEF_C8_COMPLETE_ONLY_V1,-4.227962145859716,-0.0011181056491590935
2024-12-31,KBS:HOSE:SIP,0,1,experiment-20261003T113748Z-acb3a2e7,CAFEF_C8_COMPLETE_ONLY_V1,21.83553914473393,0.9799576345139775
2024-12-31,KBS:HOSE:SJD,0,1,experiment-20261003T113748Z-acb3a2e7,CAFEF_C8_COMPLETE_ONLY_V1,-3.7626279827790516,-0.307399321281665
2024-12-31,KBS:HOSE:SJS,0,1,experiment-20261003T113748Z-acb3a2e7,CAFEF_C8_COMPLETE_ONLY_V1,1.8048436566273156,1.681490078606937
2024-12-31,KBS:HOSE:SMA,0,1,experiment-20261003T113748Z-acb3a2e7,CAFEF_C8_COMPLETE_ONLY_V1,-4.272642860176556,4.574216960568784
2024-12-31,KBS:HOSE:SMB,0,1,experiment-20261003T113748Z-acb3a2e7,CAFEF_C8_COMPLETE_ONLY_V1,-4.156200015520885,1.7321132075583614
2024-12-31,KBS:HOSE:SMC,0,1,experiment-20261003T113748Z-acb3a2e7,CAFEF_C8_COMPLETE_ONLY_V1,-2.2571738181983276,-1.5025670784591263
2024-12-31,KBS:HOSE:SPM,0,1,experiment-20261003T113748Z-acb3a2e7,CAFEF_C8_COMPLETE_ONLY_V1,-4.295034229299266,0.22496671020979123
2024-12-31,KBS:HOSE:SRC,0,1,experiment-20261003T113748Z-acb3a2e7,CAFEF_C8_COMPLETE_ONLY_V1,-4.329016188203109,-2.0450958336455356
2024-12-31,KBS:HOSE:SRF,0,1,experiment-20261003T113748Z-acb3a2e7,CAFEF_C8_COMPLETE_ONLY_V1,-4.226011085135032,-0.05138409781690588
2024-12-31,KBS:HOSE:SSB,0,1,experiment-20261003T113748Z-acb3a2e7,CAFEF_C8_COMPLETE_ONLY_V1,18.45105911536566,-1.3531091223582696
2024-12-31,KBS:HOSE:SSC,0,1,experiment-20261003T113748Z-acb3a2e7,CAFEF_C8_COMPLETE_ONLY_V1,-4.301134910668966,-0.35192037007131594
2024-12-31,KBS:HOSE:STB,1,0,experiment-20261003T113748Z-acb3a2e7,CAFEF_C8_COMPLETE_ONLY_V1,113.31666942423367,1.3322460812773285
2024-12-31,KBS:HOSE:STG,0,1,experiment-20261003T113748Z-acb3a2e7,CAFEF_C8_COMPLETE_ONLY_V1,-4.308463742203563,-1.745518814501893
2024-12-31,KBS:HOSE:STK,0,1,experiment-20261003T113748Z-acb3a2e7,CAFEF_C8_COMPLETE_ONLY_V1,-4.100813211489328,-1.552719065714389
2024-12-31,KBS:HOSE:SVC,0,1,experiment-20261003T113748Z-acb3a2e7,CAFEF_C8_COMPLETE_ONLY_V1,-4.298161843140157,-3.2587429183114205
2024-12-31,KBS:HOSE:SVT,0,1,experiment-20261003T113748Z-acb3a2e7,CAFEF_C8_COMPLETE_ONLY_V1,-4.273683524930382,0.7985979166438443
2024-12-31,KBS:HOSE:SZL,0,1,experiment-20261003T113748Z-acb3a2e7,CAFEF_C8_COMPLETE_ONLY_V1,-4.225787178303351,0.11067048098598102
2024-12-31,KBS:HOSE:TCB,1,0,experiment-20261003T113748Z-acb3a2e7,CAFEF_C8_COMPLETE_ONLY_V1,87.32343715739171,0.4608484585847348
2024-12-31,KBS:HOSE:TCL,0,1,experiment-20261003T113748Z-acb3a2e7,CAFEF_C8_COMPLETE_ONLY_V1,-3.952191527435715,-0.44219797879303535
2024-12-31,KBS:HOSE:TCM,0,1,experiment-20261003T113748Z-acb3a2e7,CAFEF_C8_COMPLETE_ONLY_V1,27.454743051634285,-0.552148024578736
2024-12-31,KBS:HOSE:TCO,0,1,experiment-20261003T113748Z-acb3a2e7,CAFEF_C8_COMPLETE_ONLY_V1,-3.293529750294425,6.343671201672134
2024-12-31,KBS:HOSE:TCR,0,1,experiment-20261003T113748Z-acb3a2e7,CAFEF_C8_COMPLETE_ONLY_V1,-4.319806319443995,-0.18731753206835416
2024-12-31,KBS:HOSE:TDC,0,1,experiment-20261003T113748Z-acb3a2e7,CAFEF_C8_COMPLETE_ONLY_V1,-2.0489588770819176,1.6051786443762197
2024-12-31,KBS:HOSE:TDG,0,1,experiment-20261003T113748Z-acb3a2e7,CAFEF_C8_COMPLETE_ONLY_V1,-4.279918921298379,-1.2368759321787668
2024-12-31,KBS:HOSE:TDP,0,1,experiment-20261003T113748Z-acb3a2e7,CAFEF_C8_COMPLETE_ONLY_V1,-3.4663757629572807,-0.335431444644855
2024-12-31,KBS:HOSE:TDW,0,1,experiment-20261003T113748Z-acb3a2e7,CAFEF_C8_COMPLETE_ONLY_V1,-4.288823651809153,0.643907730595655
2024-12-31,KBS:HOSE:TEG,0,1,experiment-20261003T113748Z-acb3a2e7,CAFEF_C8_COMPLETE_ONLY_V1,-3.7971540209841033,-3.0357485573483625
2024-12-31,KBS:HOSE:THG,0,1,experiment-20261003T113748Z-acb3a2e7,CAFEF_C8_COMPLETE_ONLY_V1,-3.936999305355319,2.06077081032692
2024-12-31,KBS:HOSE:TIP,0,1,experiment-20261003T113748Z-acb3a2e7,CAFEF_C8_COMPLETE_ONLY_V1,-3.713379455281788,-0.8969496435126322
2024-12-31,KBS:HOSE:TIX,0,1,experiment-20261003T113748Z-acb3a2e7,CAFEF_C8_COMPLETE_ONLY_V1,-4.292793438360116,0.628591281304844
2024-12-31,KBS:HOSE:TLG,0,1,experiment-20261003T113748Z-acb3a2e7,CAFEF_C8_COMPLETE_ONLY_V1,1.4034772191568368,2.6327226256712866
2024-12-31,KBS:HOSE:TLH,0,1,experiment-20261003T113748Z-acb3a2e7,CAFEF_C8_COMPLETE_ONLY_V1,-3.9816965451515456,-3.017116968129591
2024-12-31,KBS:HOSE:TMS,0,1,experiment-20261003T113748Z-acb3a2e7,CAFEF_C8_COMPLETE_ONLY_V1,-4.27315053560212,-0.9789792212374632
2024-12-31,KBS:HOSE:TMT,0,1,experiment-20261003T113748Z-acb3a2e7,CAFEF_C8_COMPLETE_ONLY_V1,-4.209031548013869,2.2693372586146148
2024-12-31,KBS:HOSE:TNC,0,1,experiment-20261003T113748Z-acb3a2e7,CAFEF_C8_COMPLETE_ONLY_V1,-4.322400915756332,-2.1105986904239677
2024-12-31,KBS:HOSE:TNH,0,1,experiment-20261003T113748Z-acb3a2e7,CAFEF_C8_COMPLETE_ONLY_V1,-2.3152752559739707,-0.7925077638619871
2024-12-31,KBS:HOSE:TNI,0,1,experiment-20261003T113748Z-acb3a2e7,CAFEF_C8_COMPLETE_ONLY_V1,-4.250476629845016,-1.491985755292074
2024-12-31,KBS:HOSE:TNT,0,1,experiment-20261003T113748Z-acb3a2e7,CAFEF_C8_COMPLETE_ONLY_V1,-3.9892321560827737,-0.5639318246436111
2024-12-31,KBS:HOSE:TPB,0,1,experiment-20261003T113748Z-acb3a2e7,CAFEF_C8_COMPLETE_ONLY_V1,37.31950534995652,0.10923170113018162
2024-12-31,KBS:HOSE:TRA,0,1,experiment-20261003T113748Z-acb3a2e7,CAFEF_C8_COMPLETE_ONLY_V1,-4.252154193039754,-0.5710150614359615
2024-12-31,KBS:HOSE:TRC,0,1,experiment-20261003T113748Z-acb3a2e7,CAFEF_C8_COMPLETE_ONLY_V1,-2.8921165470260646,2.9743786491601663
2024-12-31,KBS:HOSE:TTE,0,1,experiment-20261003T113748Z-acb3a2e7,CAFEF_C8_COMPLETE_ONLY_V1,-4.260795197979769,10.535430540217133
2024-12-31,KBS:HOSE:TV2,0,1,experiment-20261003T113748Z-acb3a2e7,CAFEF_C8_COMPLETE_ONLY_V1,-0.8104554313072645,-0.6335931047013647
2024-12-31,KBS:HOSE:TVB,0,1,experiment-20261003T113748Z-acb3a2e7,CAFEF_C8_COMPLETE_ONLY_V1,-3.620386893555209,-0.7312158738928984
2024-12-31,KBS:HOSE:TVS,0,1,experiment-20261003T113748Z-acb3a2e7,CAFEF_C8_COMPLETE_ONLY_V1,-3.8173418837402413,-1.6216427463902803
2024-12-31,KBS:HOSE:TVT,0,1,experiment-20261003T113748Z-acb3a2e7,CAFEF_C8_COMPLETE_ONLY_V1,-4.267331764048246,0.057675769151207444
2024-12-31,KBS:HOSE:UIC,0,1,experiment-20261003T113748Z-acb3a2e7,CAFEF_C8_COMPLETE_ONLY_V1,-4.2810203222871825,0.058242496808069616
2024-12-31,KBS:HOSE:VCA,0,1,experiment-20261003T113748Z-acb3a2e7,CAFEF_C8_COMPLETE_ONLY_V1,-3.912009514283421,2.7049335911949424
2024-12-31,KBS:HOSE:VCG,0,1,experiment-20261003T113748Z-acb3a2e7,CAFEF_C8_COMPLETE_ONLY_V1,16.551423186186053,-0.9152767372162887
2024-12-31,KBS:HOSE:VDS,0,1,experiment-20261003T113748Z-acb3a2e7,CAFEF_C8_COMPLETE_ONLY_V1,6.163623526168418,0.29371053251899265
2024-12-31,KBS:HOSE:VFG,0,1,experiment-20261003T113748Z-acb3a2e7,CAFEF_C8_COMPLETE_ONLY_V1,-3.643547264915138,1.0884041733818597
2024-12-31,KBS:HOSE:VGC,0,1,experiment-20261003T113748Z-acb3a2e7,CAFEF_C8_COMPLETE_ONLY_V1,11.462811924888646,-0.7576946250003015
2024-12-31,KBS:HOSE:VHM,1,0,experiment-20261003T113748Z-acb3a2e7,CAFEF_C8_COMPLETE_ONLY_V1,54.19773216674153,-0.7615178674604661
2024-12-31,KBS:HOSE:VID,0,1,experiment-20261003T113748Z-acb3a2e7,CAFEF_C8_COMPLETE_ONLY_V1,-4.2916690683414265,-1.2852536088862778
2024-12-31,KBS:HOSE:VIP,0,1,experiment-20261003T113748Z-acb3a2e7,CAFEF_C8_COMPLETE_ONLY_V1,-3.2262396462922855,0.286173852249131
2024-12-31,KBS:HOSE:VIX,0,1,experiment-20261003T113748Z-acb3a2e7,CAFEF_C8_COMPLETE_ONLY_V1,38.84386625630698,-2.6037204380984793
2024-12-31,KBS:HOSE:VJC,0,1,experiment-20261003T113748Z-acb3a2e7,CAFEF_C8_COMPLETE_ONLY_V1,26.96417909458838,-0.9564909230197995
2024-12-31,KBS:HOSE:VMD,0,1,experiment-20261003T113748Z-acb3a2e7,CAFEF_C8_COMPLETE_ONLY_V1,-4.2203385286678134,-0.721968576600502
2024-12-31,KBS:HOSE:VND,0,1,experiment-20261003T113748Z-acb3a2e7,CAFEF_C8_COMPLETE_ONLY_V1,25.019453474963992,-2.686451721675239
2024-12-31,KBS:HOSE:VNG,0,1,experiment-20261003T113748Z-acb3a2e7,CAFEF_C8_COMPLETE_ONLY_V1,-3.7115132158857445,-0.2570793945213454
2024-12-31,KBS:HOSE:VOS,0,1,experiment-20261003T113748Z-acb3a2e7,CAFEF_C8_COMPLETE_ONLY_V1,9.805677093631326,0.37057139520447446
2024-12-31,KBS:HOSE:VPB,1,0,experiment-20261003T113748Z-acb3a2e7,CAFEF_C8_COMPLETE_ONLY_V1,79.58338867935547,-0.688282508337516
2024-12-31,KBS:HOSE:VPG,0,1,experiment-20261003T113748Z-acb3a2e7,CAFEF_C8_COMPLETE_ONLY_V1,-3.393796178206129,-1.9044566176315956
2024-12-31,KBS:HOSE:VPS,0,1,experiment-20261003T113748Z-acb3a2e7,CAFEF_C8_COMPLETE_ONLY_V1,-4.306765917168916,-0.6747736820445608
2024-12-31,KBS:HOSE:VSH,0,1,experiment-20261003T113748Z-acb3a2e7,CAFEF_C8_COMPLETE_ONLY_V1,-4.187318580569337,-0.38478697961977126
2024-12-31,KBS:HOSE:VSI,0,1,experiment-20261003T113748Z-acb3a2e7,CAFEF_C8_COMPLETE_ONLY_V1,-4.308636875567123,-0.19211895525070105
2024-12-31,KBS:HOSE:VTO,0,1,experiment-20261003T113748Z-acb3a2e7,CAFEF_C8_COMPLETE_ONLY_V1,-0.7507155970851358,1.8509994079486711
2024-12-31,KBS:UPCOM:A32,0,1,experiment-20261003T113748Z-acb3a2e7,CAFEF_C8_COMPLETE_ONLY_V1,-4.294819127838877,1.5957883047770658
2024-12-31,KBS:UPCOM:AAS,0,1,experiment-20261003T113748Z-acb3a2e7,CAFEF_C8_COMPLETE_ONLY_V1,-0.37074616348696526,2.9608641384089895
2024-12-31,KBS:UPCOM:AAV,0,1,experiment-20261003T113748Z-acb3a2e7,CAFEF_C8_COMPLETE_ONLY_V1,-2.0516711559264666,2.3551925815140313
2024-12-31,KBS:UPCOM:ABB,0,1,experiment-20261003T113748Z-acb3a2e7,CAFEF_C8_COMPLETE_ONLY_V1,-3.294746069176455,-1.0115622155447612
2024-12-31,KBS:UPCOM:ABC,0,1,experiment-20261003T113748Z-acb3a2e7,CAFEF_C8_COMPLETE_ONLY_V1,-3.562109683530227,-0.8713039992814867
2024-12-31,KBS:UPCOM:ABI,0,1,experiment-20261003T113748Z-acb3a2e7,CAFEF_C8_COMPLETE_ONLY_V1,-3.8441031291570757,2.4458741622224704
2024-12-31,KBS:UPCOM:ACE,0,1,experiment-20261003T113748Z-acb3a2e7,CAFEF_C8_COMPLETE_ONLY_V1,-4.2376312648899725,-0.034275311786323745
2024-12-31,KBS:UPCOM:ACM,0,1,experiment-20261003T113748Z-acb3a2e7,CAFEF_C8_COMPLETE_ONLY_V1,-4.306388403185785,1.5733368324473
2024-12-31,KBS:UPCOM:ACS,0,1,experiment-20261003T113748Z-acb3a2e7,CAFEF_C8_COMPLETE_ONLY_V1,-4.339223756660892,-1.6886105993961
2024-12-31,KBS:UPCOM:ACV,0,1,experiment-20261003T113748Z-acb3a2e7,CAFEF_C8_COMPLETE_ONLY_V1,14.38171115173156,1.3180952861537296
2024-12-31,KBS:UPCOM:AG1,0,1,experiment-20261003T113748Z-acb3a2e7,CAFEF_C8_COMPLETE_ONLY_V1,-4.287414750040967,5.069285320633535
2024-12-31,KBS:UPCOM:AGF,0,1,experiment-20261003T113748Z-acb3a2e7,CAFEF_C8_COMPLETE_ONLY_V1,-4.3190173887143235,2.562059223874588
2024-12-31,KBS:UPCOM:AGP,0,1,experiment-20261003T113748Z-acb3a2e7,CAFEF_C8_COMPLETE_ONLY_V1,-4.266777176541009,0.13669571691790594
2024-12-31,KBS:UPCOM:AGX,0,1,experiment-20261003T113748Z-acb3a2e7,CAFEF_C8_COMPLETE_ONLY_V1,-4.28842563891298,0.9867248689939443
2024-12-31,KBS:UPCOM:AIC,0,1,experiment-20261003T113748Z-acb3a2e7,CAFEF_C8_COMPLETE_ONLY_V1,-4.2803986601701745,-2.1023249812496103
2024-12-31,KBS:UPCOM:ALV,0,1,experiment-20261003T113748Z-acb3a2e7,CAFEF_C8_COMPLETE_ONLY_V1,-4.287903456087844,-1.041738078170664
2024-12-31,KBS:UPCOM:AMP,0,1,experiment-20261003T113748Z-acb3a2e7,CAFEF_C8_COMPLETE_ONLY_V1,-4.3169001159297675,-0.08083789323103534
2024-12-31,KBS:UPCOM:AMS,0,1,experiment-20261003T113748Z-acb3a2e7,CAFEF_C8_COMPLETE_ONLY_V1,-4.105285860549543,-1.2147645140429368
2024-12-31,KBS:UPCOM:APF,0,1,experiment-20261003T113748Z-acb3a2e7,CAFEF_C8_COMPLETE_ONLY_V1,-4.18004480612929,-0.44454795450651813
2024-12-31,KBS:UPCOM:APL,0,1,experiment-20261003T113748Z-acb3a2e7,CAFEF_C8_COMPLETE_ONLY_V1,-4.331371425198127,5.787774900960142
2024-12-31,KBS:UPCOM:APT,0,1,experiment-20261003T113748Z-acb3a2e7,CAFEF_C8_COMPLETE_ONLY_V1,-4.311976694384159,1.198072771681107
2024-12-31,KBS:UPCOM:ART,0,1,experiment-20261003T113748Z-acb3a2e7,CAFEF_C8_COMPLETE_ONLY_V1,-4.2927958505014345,-0.4326073961308722
2024-12-31,KBS:UPCOM:ATA,0,1,experiment-20261003T113748Z-acb3a2e7,CAFEF_C8_COMPLETE_ONLY_V1,-4.33534235472007,-3.460641690043952
2024-12-31,KBS:UPCOM:ATG,0,1,experiment-20261003T113748Z-acb3a2e7,CAFEF_C8_COMPLETE_ONLY_V1,-4.33785450305628,-3.007685188514995
2024-12-31,KBS:UPCOM:AVC,0,1,experiment-20261003T113748Z-acb3a2e7,CAFEF_C8_COMPLETE_ONLY_V1,-4.289213417484832,-0.131422375224168
2024-12-31,KBS:UPCOM:BAL,0,1,experiment-20261003T113748Z-acb3a2e7,CAFEF_C8_COMPLETE_ONLY_V1,-4.31074268272469,2.193864095768623
2024-12-31,KBS:UPCOM:BBH,0,1,experiment-20261003T113748Z-acb3a2e7,CAFEF_C8_COMPLETE_ONLY_V1,-4.361024816224465,1.0180902597245662
2024-12-31,KBS:UPCOM:BBM,0,1,experiment-20261003T113748Z-acb3a2e7,CAFEF_C8_COMPLETE_ONLY_V1,-4.354325152315737,-2.281044286157257
2024-12-31,KBS:UPCOM:BBT,0,1,experiment-20261003T113748Z-acb3a2e7,CAFEF_C8_COMPLETE_ONLY_V1,-4.333685452920787,2.377767449749279
2024-12-31,KBS:UPCOM:BCA,0,1,experiment-20261003T113748Z-acb3a2e7,CAFEF_C8_COMPLETE_ONLY_V1,-4.176186659220163,-0.8760829826198874
2024-12-31,KBS:UPCOM:BCB,0,1,experiment-20261003T113748Z-acb3a2e7,CAFEF_C8_COMPLETE_ONLY_V1,-4.286348744560547,0.037391947574389565
2024-12-31,KBS:UPCOM:BCP,0,1,experiment-20261003T113748Z-acb3a2e7,CAFEF_C8_COMPLETE_ONLY_V1,-4.310935497816371,-1.0279122471548332
2024-12-31,KBS:UPCOM:BDG,0,1,experiment-20261003T113748Z-acb3a2e7,CAFEF_C8_COMPLETE_ONLY_V1,-4.243652861319437,0.06870709551201747
2024-12-31,KBS:UPCOM:BDT,0,1,experiment-20261003T113748Z-acb3a2e7,CAFEF_C8_COMPLETE_ONLY_V1,-4.269964701007293,-2.8240141862250634
2024-12-31,KBS:UPCOM:BDW,0,1,experiment-20261003T113748Z-acb3a2e7,CAFEF_C8_COMPLETE_ONLY_V1,-4.314881909956505,0.8075281946160758
2024-12-31,KBS:UPCOM:BEL,0,1,experiment-20261003T113748Z-acb3a2e7,CAFEF_C8_COMPLETE_ONLY_V1,-4.293664987703203,-3.9491073611097947
2024-12-31,KBS:UPCOM:BGW,0,1,experiment-20261003T113748Z-acb3a2e7,CAFEF_C8_COMPLETE_ONLY_V1,-4.305337569069185,-1.2561410093372567
2024-12-31,KBS:UPCOM:BHA,0,1,experiment-20261003T113748Z-acb3a2e7,CAFEF_C8_COMPLETE_ONLY_V1,-4.296250842692683,0.34746925843496923
2024-12-31,KBS:UPCOM:BHC,0,1,experiment-20261003T113748Z-acb3a2e7,CAFEF_C8_COMPLETE_ONLY_V1,-4.311418651617739,-1.2233455656492498
2024-12-31,KBS:UPCOM:BHG,0,1,experiment-20261003T113748Z-acb3a2e7,CAFEF_C8_COMPLETE_ONLY_V1,-4.295780621770364,-0.6501996848833084
2024-12-31,KBS:UPCOM:BHK,0,1,experiment-20261003T113748Z-acb3a2e7,CAFEF_C8_COMPLETE_ONLY_V1,-4.301434532854831,-0.14291361215672063
2024-12-31,KBS:UPCOM:BHP,0,1,experiment-20261003T113748Z-acb3a2e7,CAFEF_C8_COMPLETE_ONLY_V1,-4.3367002782635975,0.5785128285531803
2024-12-31,KBS:UPCOM:BIO,0,1,experiment-20261003T113748Z-acb3a2e7,CAFEF_C8_COMPLETE_ONLY_V1,-4.324244536884203,-1.5292073976675664
2024-12-31,KBS:UPCOM:BLF,0,1,experiment-20261003T113748Z-acb3a2e7,CAFEF_C8_COMPLETE_ONLY_V1,-4.306308556641212,-2.7637508654714145
2024-12-31,KBS:UPCOM:BLI,0,1,experiment-20261003T113748Z-acb3a2e7,CAFEF_C8_COMPLETE_ONLY_V1,-4.279103391162767,-0.8793234026668119
2024-12-31,KBS:UPCOM:BLN,0,1,experiment-20261003T113748Z-acb3a2e7,CAFEF_C8_COMPLETE_ONLY_V1,-4.290812225712964,-0.2879995120218094
2024-12-31,KBS:UPCOM:BLT,0,1,experiment-20261003T113748Z-acb3a2e7,CAFEF_C8_COMPLETE_ONLY_V1,-4.305547604892051,-1.5459368210700881
2024-12-31,KBS:UPCOM:BMD,0,1,experiment-20261003T113748Z-acb3a2e7,CAFEF_C8_COMPLETE_ONLY_V1,-4.315900619778242,2.8239154707914436
2024-12-31,KBS:UPCOM:BMF,0,1,experiment-20261003T113748Z-acb3a2e7,CAFEF_C8_COMPLETE_ONLY_V1,-4.308462595952272,-1.3518115653644565
2024-12-31,KBS:UPCOM:BMG,0,1,experiment-20261003T113748Z-acb3a2e7,CAFEF_C8_COMPLETE_ONLY_V1,-4.298652058248319,-0.36839350460360304
2024-12-31,KBS:UPCOM:BMJ,0,1,experiment-20261003T113748Z-acb3a2e7,CAFEF_C8_COMPLETE_ONLY_V1,-4.2912711260338545,1.2447948646107867
2024-12-31,KBS:UPCOM:BMS,0,1,experiment-20261003T113748Z-acb3a2e7,CAFEF_C8_COMPLETE_ONLY_V1,-1.125678692177433,1.3848555442037709
2024-12-31,KBS:UPCOM:BMV,0,1,experiment-20261003T113748Z-acb3a2e7,CAFEF_C8_COMPLETE_ONLY_V1,-4.349795911725935,-4.329544935794398
2024-12-31,KBS:UPCOM:BNW,0,1,experiment-20261003T113748Z-acb3a2e7,CAFEF_C8_COMPLETE_ONLY_V1,-4.29278615206786,-0.431900372319463
2024-12-31,KBS:UPCOM:BQB,0,1,experiment-20261003T113748Z-acb3a2e7,CAFEF_C8_COMPLETE_ONLY_V1,-4.31072809227938,-0.20284051021621854
2024-12-31,KBS:UPCOM:BRR,0,1,experiment-20261003T113748Z-acb3a2e7,CAFEF_C8_COMPLETE_ONLY_V1,-4.271485766562008,0.26027881868512065
2024-12-31,KBS:UPCOM:BRS,0,1,experiment-20261003T113748Z-acb3a2e7,CAFEF_C8_COMPLETE_ONLY_V1,-4.3122119573402875,-0.07103630133075298
2024-12-31,KBS:UPCOM:BSD,0,1,experiment-20261003T113748Z-acb3a2e7,CAFEF_C8_COMPLETE_ONLY_V1,-4.335388384193792,-0.452725456696863
2024-12-31,KBS:UPCOM:BSG,0,1,experiment-20261003T113748Z-acb3a2e7,CAFEF_C8_COMPLETE_ONLY_V1,-4.2967350536881685,-0.8294236947194129
2024-12-31,KBS:UPCOM:BSH,0,1,experiment-20261003T113748Z-acb3a2e7,CAFEF_C8_COMPLETE_ONLY_V1,-4.314416072856744,-0.8022876562628674
2024-12-31,KBS:UPCOM:BSL,0,1,experiment-20261003T113748Z-acb3a2e7,CAFEF_C8_COMPLETE_ONLY_V1,-4.2778726275126155,0.056418813346030335
2024-12-31,KBS:UPCOM:BSP,0,1,experiment-20261003T113748Z-acb3a2e7,CAFEF_C8_COMPLETE_ONLY_V1,-4.3066900440035445,-0.2855956694705864
2024-12-31,KBS:UPCOM:BSQ,0,1,experiment-20261003T113748Z-acb3a2e7,CAFEF_C8_COMPLETE_ONLY_V1,-4.28437392306357,0.4767187046168391
2024-12-31,KBS:UPCOM:BTB,0,1,experiment-20261003T113748Z-acb3a2e7,CAFEF_C8_COMPLETE_ONLY_V1,-4.349986471594295,-1.4879790567515814
2024-12-31,KBS:UPCOM:BTD,0,1,experiment-20261003T113748Z-acb3a2e7,CAFEF_C8_COMPLETE_ONLY_V1,-4.319859624285495,0.8174512860526905
2024-12-31,KBS:UPCOM:BTG,0,1,experiment-20261003T113748Z-acb3a2e7,CAFEF_C8_COMPLETE_ONLY_V1,-4.335663647991621,-0.5638409946071261
2024-12-31,KBS:UPCOM:BTN,0,1,experiment-20261003T113748Z-acb3a2e7,CAFEF_C8_COMPLETE_ONLY_V1,-4.295555190986214,-0.6051303784984426
2024-12-31,KBS:UPCOM:BTU,0,1,experiment-20261003T113748Z-acb3a2e7,CAFEF_C8_COMPLETE_ONLY_V1,-4.312830614901756,-0.8879057819706494
2024-12-31,KBS:UPCOM:BTV,0,1,experiment-20261003T113748Z-acb3a2e7,CAFEF_C8_COMPLETE_ONLY_V1,-4.002905427739026,2.6785175694096686
2024-12-31,KBS:UPCOM:BVG,0,1,experiment-20261003T113748Z-acb3a2e7,CAFEF_C8_COMPLETE_ONLY_V1,-4.295570756721984,-0.8089232954485017
2024-12-31,KBS:UPCOM:BVL,0,1,experiment-20261003T113748Z-acb3a2e7,CAFEF_C8_COMPLETE_ONLY_V1,-4.328321330481783,-1.5754464145442038
2024-12-31,KBS:UPCOM:BVN,0,1,experiment-20261003T113748Z-acb3a2e7,CAFEF_C8_COMPLETE_ONLY_V1,-4.342369944000555,-1.1062122290722065
2024-12-31,KBS:UPCOM:BWA,0,1,experiment-20261003T113748Z-acb3a2e7,CAFEF_C8_COMPLETE_ONLY_V1,-4.297812019414661,-1.3144124209360586
2024-12-31,KBS:UPCOM:BWS,0,1,experiment-20261003T113748Z-acb3a2e7,CAFEF_C8_COMPLETE_ONLY_V1,-4.200556468173341,0.130831129280051
2024-12-31,KBS:UPCOM:C22,0,1,experiment-20261003T113748Z-acb3a2e7,CAFEF_C8_COMPLETE_ONLY_V1,-4.346640337151322,2.0669261065155
2024-12-31,KBS:UPCOM:C4G,0,1,experiment-20261003T113748Z-acb3a2e7,CAFEF_C8_COMPLETE_ONLY_V1,-3.532760231110081,-1.7813836821841724
2024-12-31,KBS:UPCOM:C92,0,1,experiment-20261003T113748Z-acb3a2e7,CAFEF_C8_COMPLETE_ONLY_V1,-4.269290327480122,7.24510993669948
2024-12-31,KBS:UPCOM:CAD,0,1,experiment-20261003T113748Z-acb3a2e7,CAFEF_C8_COMPLETE_ONLY_V1,-4.358199715338371,-1.262871699857893
2024-12-31,KBS:UPCOM:CAT,0,1,experiment-20261003T113748Z-acb3a2e7,CAFEF_C8_COMPLETE_ONLY_V1,-4.268027551047326,-0.028450060756647088
2024-12-31,KBS:UPCOM:CBI,0,1,experiment-20261003T113748Z-acb3a2e7,CAFEF_C8_COMPLETE_ONLY_V1,-4.315076294903186,-0.12279322078839036
2024-12-31,KBS:UPCOM:CBS,0,1,experiment-20261003T113748Z-acb3a2e7,CAFEF_C8_COMPLETE_ONLY_V1,-4.148183907462971,0.24952614455476047
2024-12-31,KBS:UPCOM:CC1,0,1,experiment-20261003T113748Z-acb3a2e7,CAFEF_C8_COMPLETE_ONLY_V1,-4.241338140612907,-0.07794154288961634
2024-12-31,KBS:UPCOM:CCA,0,1,experiment-20261003T113748Z-acb3a2e7,CAFEF_C8_COMPLETE_ONLY_V1,-4.301211066512992,1.778366432735577
2024-12-31,KBS:UPCOM:CCM,0,1,experiment-20261003T113748Z-acb3a2e7,CAFEF_C8_COMPLETE_ONLY_V1,-4.270345701261534,0.3182303101418512
2024-12-31,KBS:UPCOM:CCP,0,1,experiment-20261003T113748Z-acb3a2e7,CAFEF_C8_COMPLETE_ONLY_V1,-4.2842050234417055,2.1789560983015495
2024-12-31,KBS:UPCOM:CCT,0,1,experiment-20261003T113748Z-acb3a2e7,CAFEF_C8_COMPLETE_ONLY_V1,-4.345440663884104,-1.4930884325075366
2024-12-31,KBS:UPCOM:CCV,0,1,experiment-20261003T113748Z-acb3a2e7,CAFEF_C8_COMPLETE_ONLY_V1,-4.332256851947593,-2.117872513946872
2024-12-31,KBS:UPCOM:CDP,0,1,experiment-20261003T113748Z-acb3a2e7,CAFEF_C8_COMPLETE_ONLY_V1,-4.290159560049502,-0.9086828408171584
2024-12-31,KBS:UPCOM:CDR,0,1,experiment-20261003T113748Z-acb3a2e7,CAFEF_C8_COMPLETE_ONLY_V1,-4.29873009603198,4.17434030527244
2024-12-31,KBS:UPCOM:CEN,0,1,experiment-20261003T113748Z-acb3a2e7,CAFEF_C8_COMPLETE_ONLY_V1,-4.312972699394641,-2.482535120452447
2024-12-31,KBS:UPCOM:CFM,0,1,experiment-20261003T113748Z-acb3a2e7,CAFEF_C8_COMPLETE_ONLY_V1,-4.321673918669768,0.5593342597810997
2024-12-31,KBS:UPCOM:CFV,0,1,experiment-20261003T113748Z-acb3a2e7,CAFEF_C8_COMPLETE_ONLY_V1,-4.341888609644841,2.690750354382131
2024-12-31,KBS:UPCOM:CH5,0,1,experiment-20261003T113748Z-acb3a2e7,CAFEF_C8_COMPLETE_ONLY_V1,-4.285921799004436,0.8780550893774544
2024-12-31,KBS:UPCOM:CHC,0,1,experiment-20261003T113748Z-acb3a2e7,CAFEF_C8_COMPLETE_ONLY_V1,-4.305476696082307,1.2511901841570614
2024-12-31,KBS:UPCOM:CHS,0,1,experiment-20261003T113748Z-acb3a2e7,CAFEF_C8_COMPLETE_ONLY_V1,-4.285519751324244,1.695241355308591
2024-12-31,KBS:UPCOM:CI5,0,1,experiment-20261003T113748Z-acb3a2e7,CAFEF_C8_COMPLETE_ONLY_V1,-4.363354300625044,0.12194768644477075
2024-12-31,KBS:UPCOM:CID,0,1,experiment-20261003T113748Z-acb3a2e7,CAFEF_C8_COMPLETE_ONLY_V1,-4.343975358483932,-4.3257472836144055
2024-12-31,KBS:UPCOM:CKA,0,1,experiment-20261003T113748Z-acb3a2e7,CAFEF_C8_COMPLETE_ONLY_V1,-4.206242218913739,-0.6480586848803805
2024-12-31,KBS:UPCOM:CKD,0,1,experiment-20261003T113748Z-acb3a2e7,CAFEF_C8_COMPLETE_ONLY_V1,-4.2946015847948535,-0.845476461716521
2024-12-31,KBS:UPCOM:CLX,0,1,experiment-20261003T113748Z-acb3a2e7,CAFEF_C8_COMPLETE_ONLY_V1,-2.776948810261499,0.33610509119376314
2024-12-31,KBS:UPCOM:CMD,0,1,experiment-20261003T113748Z-acb3a2e7,CAFEF_C8_COMPLETE_ONLY_V1,-4.25755296487907,0.9195464757585545
2024-12-31,KBS:UPCOM:CMF,0,1,experiment-20261003T113748Z-acb3a2e7,CAFEF_C8_COMPLETE_ONLY_V1,-4.252057042901824,0.2561278713201396
2024-12-31,KBS:UPCOM:CMI,0,1,experiment-20261003T113748Z-acb3a2e7,CAFEF_C8_COMPLETE_ONLY_V1,-4.3202882604327595,0.6516038466220969
2024-12-31,KBS:UPCOM:CMK,0,1,experiment-20261003T113748Z-acb3a2e7,CAFEF_C8_COMPLETE_ONLY_V1,-4.2927958505014345,-0.4326073961308722
2024-12-31,KBS:UPCOM:CMN,0,1,experiment-20261003T113748Z-acb3a2e7,CAFEF_C8_COMPLETE_ONLY_V1,-4.291400706589643,-1.029673344579718
2024-12-31,KBS:UPCOM:CMT,0,1,experiment-20261003T113748Z-acb3a2e7,CAFEF_C8_COMPLETE_ONLY_V1,-4.150127192085379,-0.4130037914222472
2024-12-31,KBS:UPCOM:CMW,0,1,experiment-20261003T113748Z-acb3a2e7,CAFEF_C8_COMPLETE_ONLY_V1,-4.323851195412819,-0.4305666951667702
2024-12-31,KBS:UPCOM:CNC,0,1,experiment-20261003T113748Z-acb3a2e7,CAFEF_C8_COMPLETE_ONLY_V1,-4.244009318118192,1.445646030925736
2024-12-31,KBS:UPCOM:CNN,0,1,experiment-20261003T113748Z-acb3a2e7,CAFEF_C8_COMPLETE_ONLY_V1,-4.289538241490563,1.7855234072962087
2024-12-31,KBS:UPCOM:CNT,0,1,experiment-20261003T113748Z-acb3a2e7,CAFEF_C8_COMPLETE_ONLY_V1,-4.281830562670782,-2.858452965767629
2024-12-31,KBS:UPCOM:CPA,0,1,experiment-20261003T113748Z-acb3a2e7,CAFEF_C8_COMPLETE_ONLY_V1,-4.32533861374917,1.220462524023466
2024-12-31,KBS:UPCOM:CPI,0,1,experiment-20261003T113748Z-acb3a2e7,CAFEF_C8_COMPLETE_ONLY_V1,-4.291412875572521,1.9376667279496018
2024-12-31,KBS:UPCOM:CQN,0,1,experiment-20261003T113748Z-acb3a2e7,CAFEF_C8_COMPLETE_ONLY_V1,-4.197038187600057,0.4239371510193101
2024-12-31,KBS:UPCOM:CQT,0,1,experiment-20261003T113748Z-acb3a2e7,CAFEF_C8_COMPLETE_ONLY_V1,-4.322681297363029,-0.7373210356330018
2024-12-31,KBS:UPCOM:CT3,0,1,experiment-20261003T113748Z-acb3a2e7,CAFEF_C8_COMPLETE_ONLY_V1,-4.309116577744796,5.279189364129332
2024-12-31,KBS:UPCOM:CTW,0,1,experiment-20261003T113748Z-acb3a2e7,CAFEF_C8_COMPLETE_ONLY_V1,-4.289742483736508,0.858028262253617
2024-12-31,KBS:UPCOM:CVN,0,1,experiment-20261003T113748Z-acb3a2e7,CAFEF_C8_COMPLETE_ONLY_V1,-4.3119788841020075,-1.750837184789063
2024-12-31,KBS:UPCOM:DAS,0,1,experiment-20261003T113748Z-acb3a2e7,CAFEF_C8_COMPLETE_ONLY_V1,-4.315473766349987,-3.0428969947916813
2024-12-31,KBS:UPCOM:DBM,0,1,experiment-20261003T113748Z-acb3a2e7,CAFEF_C8_COMPLETE_ONLY_V1,-4.3158004658355456,0.6305564838409101
2024-12-31,KBS:UPCOM:DC1,0,1,experiment-20261003T113748Z-acb3a2e7,CAFEF_C8_COMPLETE_ONLY_V1,-4.3204605754677035,3.9187634259052606
2024-12-31,KBS:UPCOM:DCF,0,1,experiment-20261003T113748Z-acb3a2e7,CAFEF_C8_COMPLETE_ONLY_V1,-4.338251970334171,1.1587306323986368
2024-12-31,KBS:UPCOM:DCH,0,1,experiment-20261003T113748Z-acb3a2e7,CAFEF_C8_COMPLETE_ONLY_V1,-4.300712935347519,-0.9117388499285004
2024-12-31,KBS:UPCOM:DCR,0,1,experiment-20261003T113748Z-acb3a2e7,CAFEF_C8_COMPLETE_ONLY_V1,-4.33389587168833,-1.5655676942557921
2024-12-31,KBS:UPCOM:DCS,0,1,experiment-20261003T113748Z-acb3a2e7,CAFEF_C8_COMPLETE_ONLY_V1,-4.294305477722257,1.807327825413975
2024-12-31,KBS:UPCOM:DCT,0,1,experiment-20261003T113748Z-acb3a2e7,CAFEF_C8_COMPLETE_ONLY_V1,-4.34453494055552,0.6326756908214957
2024-12-31,KBS:UPCOM:DDG,0,1,experiment-20261003T113748Z-acb3a2e7,CAFEF_C8_COMPLETE_ONLY_V1,-4.064681292573333,-1.5086169413496746
2024-12-31,KBS:UPCOM:DDH,0,1,experiment-20261003T113748Z-acb3a2e7,CAFEF_C8_COMPLETE_ONLY_V1,-4.335425974827026,0.8865845682882596
2024-12-31,KBS:UPCOM:DDM,0,1,experiment-20261003T113748Z-acb3a2e7,CAFEF_C8_COMPLETE_ONLY_V1,-4.332817129286408,0.6178756503067918
2024-12-31,KBS:UPCOM:DDN,0,1,experiment-20261003T113748Z-acb3a2e7,CAFEF_C8_COMPLETE_ONLY_V1,-4.306334661421716,-0.6398256929539303
2024-12-31,KBS:UPCOM:DDV,0,1,experiment-20261003T113748Z-acb3a2e7,CAFEF_C8_COMPLETE_ONLY_V1,4.027916073506179,1.5658931868787564
2024-12-31,KBS:UPCOM:DFC,0,1,experiment-20261003T113748Z-acb3a2e7,CAFEF_C8_COMPLETE_ONLY_V1,-4.316423904485792,-0.28152282016419033
2024-12-31,KBS:UPCOM:DGT,0,1,experiment-20261003T113748Z-acb3a2e7,CAFEF_C8_COMPLETE_ONLY_V1,-3.3851452121833923,-1.4294519030394384
2024-12-31,KBS:UPCOM:DHB,0,1,experiment-20261003T113748Z-acb3a2e7,CAFEF_C8_COMPLETE_ONLY_V1,-4.2497880653412325,-0.6914122063251991
2024-12-31,KBS:UPCOM:DHD,0,1,experiment-20261003T113748Z-acb3a2e7,CAFEF_C8_COMPLETE_ONLY_V1,-4.29227777971014,1.7191610859072968
2024-12-31,KBS:UPCOM:DHN,0,1,experiment-20261003T113748Z-acb3a2e7,CAFEF_C8_COMPLETE_ONLY_V1,-4.272604936645854,4.354702848479811
2024-12-31,KBS:UPCOM:DIC,0,1,experiment-20261003T113748Z-acb3a2e7,CAFEF_C8_COMPLETE_ONLY_V1,-4.32342924121821,-1.5293569493047376
2024-12-31,KBS:UPCOM:DID,0,1,experiment-20261003T113748Z-acb3a2e7,CAFEF_C8_COMPLETE_ONLY_V1,-4.274702784967003,-0.20391106803113165
2024-12-31,KBS:UPCOM:DKC,0,1,experiment-20261003T113748Z-acb3a2e7,CAFEF_C8_COMPLETE_ONLY_V1,-4.283939138652963,4.213472195124482
2024-12-31,KBS:UPCOM:DLR,0,1,experiment-20261003T113748Z-acb3a2e7,CAFEF_C8_COMPLETE_ONLY_V1,-4.307508248597456,4.723049861260869
2024-12-31,KBS:UPCOM:DLT,0,1,experiment-20261003T113748Z-acb3a2e7,CAFEF_C8_COMPLETE_ONLY_V1,-4.301660534697483,-1.0788501897964604
2024-12-31,KBS:UPCOM:DM7,0,1,experiment-20261003T113748Z-acb3a2e7,CAFEF_C8_COMPLETE_ONLY_V1,-4.294947885134416,1.3357117834430992
2024-12-31,KBS:UPCOM:DNA,0,1,experiment-20261003T113748Z-acb3a2e7,CAFEF_C8_COMPLETE_ONLY_V1,-4.3169314855594285,0.21115658107476043
2024-12-31,KBS:UPCOM:DTC,0,1,experiment-20261003T113748Z-acb3a2e7,CAFEF_C8_COMPLETE_ONLY_V1,-4.308245619602305,0.08985457420128318
2024-12-31,KBS:UPCOM:GMC,0,1,experiment-20261003T113748Z-acb3a2e7,CAFEF_C8_COMPLETE_ONLY_V1,-4.3023798954834,-3.0886644358804607
2024-12-31,KBS:UPCOM:PCG,0,1,experiment-20261003T113748Z-acb3a2e7,CAFEF_C8_COMPLETE_ONLY_V1,-4.329003226706627,-5.67620372764853
2025-01-24,KBS:HNX:ADC,1,1,experiment-20261003T113748Z-acb3a2e7,CAFEF_C8_COMPLETE_ONLY_V1,-4.027852406413149,0.3217250435636563
2025-01-24,KBS:HNX:ALT,1,1,experiment-20261003T113748Z-acb3a2e7,CAFEF_C8_COMPLETE_ONLY_V1,-4.037730970456839,-0.20817054363385412
2025-01-24,KBS:HNX:AMC,1,1,experiment-20261003T113748Z-acb3a2e7,CAFEF_C8_COMPLETE_ONLY_V1,-4.047373494453,-0.2999494187873999
2025-01-24,KBS:HNX:AME,1,1,experiment-20261003T113748Z-acb3a2e7,CAFEF_C8_COMPLETE_ONLY_V1,-4.04910531600321,-1.8379282803150223
2025-01-24,KBS:HNX:AMV,1,1,experiment-20261003T113748Z-acb3a2e7,CAFEF_C8_COMPLETE_ONLY_V1,-3.9975654973348025,-3.518714407104118
2025-01-24,KBS:HNX:API,1,1,experiment-20261003T113748Z-acb3a2e7,CAFEF_C8_COMPLETE_ONLY_V1,-3.0758111989973607,-1.1729848666958635
2025-01-24,KBS:HNX:APS,1,1,experiment-20261003T113748Z-acb3a2e7,CAFEF_C8_COMPLETE_ONLY_V1,-3.4369884229275276,-2.374288571081056
2025-01-24,KBS:HNX:ARM,1,1,experiment-20261003T113748Z-acb3a2e7,CAFEF_C8_COMPLETE_ONLY_V1,-4.0690859773118735,2.320271066903032
2025-01-24,KBS:HNX:ATS,1,1,experiment-20261003T113748Z-acb3a2e7,CAFEF_C8_COMPLETE_ONLY_V1,-4.102905190726336,-4.289610235845307
2025-01-24,KBS:HNX:BAB,1,1,experiment-20261003T113748Z-acb3a2e7,CAFEF_C8_COMPLETE_ONLY_V1,-2.087521764352549,-0.42383550801674047
2025-01-24,KBS:HNX:BAX,1,1,experiment-20261003T113748Z-acb3a2e7,CAFEF_C8_COMPLETE_ONLY_V1,-4.02762279316,0.21886654700353295
2025-01-24,KBS:HNX:BBS,1,1,experiment-20261003T113748Z-acb3a2e7,CAFEF_C8_COMPLETE_ONLY_V1,-4.0562793682809675,-0.588464503292499
2025-01-24,KBS:HNX:BCF,1,1,experiment-20261003T113748Z-acb3a2e7,CAFEF_C8_COMPLETE_ONLY_V1,-4.030058099780954,0.8335621902376995
2025-01-24,KBS:HNX:BED,1,1,experiment-20261003T113748Z-acb3a2e7,CAFEF_C8_COMPLETE_ONLY_V1,-4.02465202332812,-0.4036163037250053
2025-01-24,KBS:HNX:BKC,1,1,experiment-20261003T113748Z-acb3a2e7,CAFEF_C8_COMPLETE_ONLY_V1,-3.8840619254769893,16.050219052854132
2025-01-24,KBS:HNX:BNA,1,1,experiment-20261003T113748Z-acb3a2e7,CAFEF_C8_COMPLETE_ONLY_V1,-3.3755002425440184,-1.0231655442526286
2025-01-24,KBS:HNX:BPC,1,1,experiment-20261003T113748Z-acb3a2e7,CAFEF_C8_COMPLETE_ONLY_V1,-4.044296726774802,0.6296610519970895
2025-01-24,KBS:HNX:BTS,1,1,experiment-20261003T113748Z-acb3a2e7,CAFEF_C8_COMPLETE_ONLY_V1,-4.026022647359585,-0.6751148949193279
2025-01-24,KBS:HNX:BTW,1,1,experiment-20261003T113748Z-acb3a2e7,CAFEF_C8_COMPLETE_ONLY_V1,-4.0603577812502305,1.5507452247658204
2025-01-24,KBS:HNX:BVS,1,1,experiment-20261003T113748Z-acb3a2e7,CAFEF_C8_COMPLETE_ONLY_V1,-0.9281692373299267,-1.2269456567984625
2025-01-24,KBS:HNX:BXH,1,1,experiment-20261003T113748Z-acb3a2e7,CAFEF_C8_COMPLETE_ONLY_V1,-4.034226830334061,-0.703560079158245
2025-01-24,KBS:HNX:C69,1,1,experiment-20261003T113748Z-acb3a2e7,CAFEF_C8_COMPLETE_ONLY_V1,-3.2199781868671025,-2.0564452979674424
2025-01-24,KBS:HNX:CAG,1,1,experiment-20261003T113748Z-acb3a2e7,CAFEF_C8_COMPLETE_ONLY_V1,-4.031106798125655,-1.0841448973554264
2025-01-24,KBS:HNX:CAN,1,1,experiment-20261003T113748Z-acb3a2e7,CAFEF_C8_COMPLETE_ONLY_V1,-4.04207546282775,3.8425388448116093
2025-01-24,KBS:HNX:CAP,1,1,experiment-20261003T113748Z-acb3a2e7,CAFEF_C8_COMPLETE_ONLY_V1,-3.84923242164983,-1.7594641139298848
2025-01-24,KBS:HNX:CCR,1,1,experiment-20261003T113748Z-acb3a2e7,CAFEF_C8_COMPLETE_ONLY_V1,-4.035421664977492,-0.05215027804491039
2025-01-24,KBS:HNX:CDN,1,1,experiment-20261003T113748Z-acb3a2e7,CAFEF_C8_COMPLETE_ONLY_V1,-3.7306994717543063,2.5015825774628375
2025-01-24,KBS:HNX:CEO,1,1,experiment-20261003T113748Z-acb3a2e7,CAFEF_C8_COMPLETE_ONLY_V1,6.631153553295066,-2.9123727506420845
2025-01-24,KBS:HNX:CET,1,1,experiment-20261003T113748Z-acb3a2e7,CAFEF_C8_COMPLETE_ONLY_V1,-4.067223403250083,-2.414437751593125
2025-01-24,KBS:HNX:CIA,1,1,experiment-20261003T113748Z-acb3a2e7,CAFEF_C8_COMPLETE_ONLY_V1,-4.030631830541332,-0.6893300073596925
2025-01-24,KBS:HNX:CJC,1,1,experiment-20261003T113748Z-acb3a2e7,CAFEF_C8_COMPLETE_ONLY_V1,-4.021700047868297,-0.36754839575167303
2025-01-24,KBS:HNX:CKV,1,1,experiment-20261003T113748Z-acb3a2e7,CAFEF_C8_COMPLETE_ONLY_V1,-4.021947374475451,-0.061045322647897846
2025-01-24,KBS:HNX:CLH,1,1,experiment-20261003T113748Z-acb3a2e7,CAFEF_C8_COMPLETE_ONLY_V1,-4.015689239477056,-0.20864305296669525
2025-01-24,KBS:HNX:CLM,1,1,experiment-20261003T113748Z-acb3a2e7,CAFEF_C8_COMPLETE_ONLY_V1,-4.021815734963615,-1.2332968592708218
2025-01-24,KBS:HNX:CMC,1,1,experiment-20261003T113748Z-acb3a2e7,CAFEF_C8_COMPLETE_ONLY_V1,-3.9665633219454115,-0.3840938361855804
2025-01-24,KBS:HNX:CMS,1,1,experiment-20261003T113748Z-acb3a2e7,CAFEF_C8_COMPLETE_ONLY_V1,-3.245693968524967,-3.8100387874381645
2025-01-24,KBS:HNX:CPC,1,1,experiment-20261003T113748Z-acb3a2e7,CAFEF_C8_COMPLETE_ONLY_V1,-4.021330595735402,-0.06292371096423974
2025-01-24,KBS:HNX:CSC,1,1,experiment-20261003T113748Z-acb3a2e7,CAFEF_C8_COMPLETE_ONLY_V1,-3.612193044467536,-1.8069438752670668
2025-01-24,KBS:HNX:CTB,1,1,experiment-20261003T113748Z-acb3a2e7,CAFEF_C8_COMPLETE_ONLY_V1,-4.040595118477858,-0.17176145961387076
2025-01-24,KBS:HNX:CTP,1,1,experiment-20261003T113748Z-acb3a2e7,CAFEF_C8_COMPLETE_ONLY_V1,-2.247032795028688,15.569388479018224
2025-01-24,KBS:HNX:CTT,1,1,experiment-20261003T113748Z-acb3a2e7,CAFEF_C8_COMPLETE_ONLY_V1,-4.044240026817582,-0.6863450896513317
2025-01-24,KBS:HNX:CX8,1,1,experiment-20261003T113748Z-acb3a2e7,CAFEF_C8_COMPLETE_ONLY_V1,-4.0116507079299835,1.7322303905613092
2025-01-24,KBS:HNX:D11,1,1,experiment-20261003T113748Z-acb3a2e7,CAFEF_C8_COMPLETE_ONLY_V1,-4.025739409206253,-1.4093274738841202
2025-01-24,KBS:HNX:DAD,1,1,experiment-20261003T113748Z-acb3a2e7,CAFEF_C8_COMPLETE_ONLY_V1,-4.0292671967111655,-0.19787014973826642
2025-01-24,KBS:HNX:DAE,1,1,experiment-20261003T113748Z-acb3a2e7,CAFEF_C8_COMPLETE_ONLY_V1,-4.034468775565451,0.44438148283258677
2025-01-24,KBS:HNX:DC2,1,1,experiment-20261003T113748Z-acb3a2e7,CAFEF_C8_COMPLETE_ONLY_V1,-4.072249930352186,-2.097926111861407
2025-01-24,KBS:HNX:DHP,1,1,experiment-20261003T113748Z-acb3a2e7,CAFEF_C8_COMPLETE_ONLY_V1,-4.041679624173903,0.5613951784879982
2025-01-24,KBS:HNX:DIH,1,1,experiment-20261003T113748Z-acb3a2e7,CAFEF_C8_COMPLETE_ONLY_V1,-4.037771485423122,-2.1219452395923835
2025-01-24,KBS:HNX:DL1,1,1,experiment-20261003T113748Z-acb3a2e7,CAFEF_C8_COMPLETE_ONLY_V1,-2.830079343719013,-1.2774226272871316
2025-01-24,KBS:HNX:DNC,1,1,experiment-20261003T113748Z-acb3a2e7,CAFEF_C8_COMPLETE_ONLY_V1,-3.9811336867710585,3.1926699858241374
2025-01-24,KBS:HNX:DNP,1,1,experiment-20261003T113748Z-acb3a2e7,CAFEF_C8_COMPLETE_ONLY_V1,0.9813015524184681,-0.48668362953280236
2025-01-24,KBS:HNX:DP3,1,1,experiment-20261003T113748Z-acb3a2e7,CAFEF_C8_COMPLETE_ONLY_V1,-3.826146933063879,-1.1318128987950855
2025-01-24,KBS:HNX:DS3,1,1,experiment-20261003T113748Z-acb3a2e7,CAFEF_C8_COMPLETE_ONLY_V1,-4.06134759231174,-1.0190411078688006
2025-01-24,KBS:HNX:DST,1,1,experiment-20261003T113748Z-acb3a2e7,CAFEF_C8_COMPLETE_ONLY_V1,-3.0797685871051392,4.891746018023407
2025-01-24,KBS:HNX:DTD,1,1,experiment-20261003T113748Z-acb3a2e7,CAFEF_C8_COMPLETE_ONLY_V1,1.2671659767717514,-1.3731225495855082
2025-01-24,KBS:HNX:DTK,1,1,experiment-20261003T113748Z-acb3a2e7,CAFEF_C8_COMPLETE_ONLY_V1,-4.041213587041659,0.294710660672303
2025-01-24,KBS:HNX:EBS,1,1,experiment-20261003T113748Z-acb3a2e7,CAFEF_C8_COMPLETE_ONLY_V1,-4.028216342105471,0.2950374893370176
2025-01-24,KBS:HNX:ECI,1,1,experiment-20261003T113748Z-acb3a2e7,CAFEF_C8_COMPLETE_ONLY_V1,-4.051027513143813,-2.7807452543381856
2025-01-24,KBS:HNX:EID,1,1,experiment-20261003T113748Z-acb3a2e7,CAFEF_C8_COMPLETE_ONLY_V1,-4.001842139055329,0.29318675541970596
2025-01-24,KBS:HNX:EVS,1,1,experiment-20261003T113748Z-acb3a2e7,CAFEF_C8_COMPLETE_ONLY_V1,-3.8975400586080537,-1.929520990266968
2025-01-24,KBS:HNX:FID,1,1,experiment-20261003T113748Z-acb3a2e7,CAFEF_C8_COMPLETE_ONLY_V1,-4.037980703863219,-0.3744569350009974
2025-01-24,KBS:HNX:GDW,1,1,experiment-20261003T113748Z-acb3a2e7,CAFEF_C8_COMPLETE_ONLY_V1,-4.039474174378712,0.7501738643415861
2025-01-24,KBS:HNX:GKM,1,1,experiment-20261003T113748Z-acb3a2e7,CAFEF_C8_COMPLETE_ONLY_V1,-3.399855112088942,-6.715640733732741
2025-01-24,KBS:HNX:GLT,1,1,experiment-20261003T113748Z-acb3a2e7,CAFEF_C8_COMPLETE_ONLY_V1,-4.064124509362813,-1.5424474862367388
2025-01-24,KBS:HNX:GMA,1,1,experiment-20261003T113748Z-acb3a2e7,CAFEF_C8_COMPLETE_ONLY_V1,-4.023337665659352,1.638726693454471
2025-01-24,KBS:HNX:GMX,1,1,experiment-20261003T113748Z-acb3a2e7,CAFEF_C8_COMPLETE_ONLY_V1,-4.03279158278691,-0.10210426936686895
2025-01-24,KBS:HNX:HAD,1,1,experiment-20261003T113748Z-acb3a2e7,CAFEF_C8_COMPLETE_ONLY_V1,-4.037727045207445,0.5155567692964983
2025-01-24,KBS:HNX:HAT,1,1,experiment-20261003T113748Z-acb3a2e7,CAFEF_C8_COMPLETE_ONLY_V1,-4.0497961125265425,-1.3185564707290225
2025-01-24,KBS:HNX:HBS,1,1,experiment-20261003T113748Z-acb3a2e7,CAFEF_C8_COMPLETE_ONLY_V1,-3.433921074621346,-1.892156330972085
2025-01-24,KBS:HNX:HCC,1,1,experiment-20261003T113748Z-acb3a2e7,CAFEF_C8_COMPLETE_ONLY_V1,-4.01259010023657,1.4942548851352522
2025-01-24,KBS:HNX:HDA,1,1,experiment-20261003T113748Z-acb3a2e7,CAFEF_C8_COMPLETE_ONLY_V1,-4.029534978901113,-0.30532542636572935
2025-01-24,KBS:HNX:HEV,1,1,experiment-20261003T113748Z-acb3a2e7,CAFEF_C8_COMPLETE_ONLY_V1,-4.060449281328607,-2.3949868903329183
2025-01-24,KBS:HNX:HGM,1,1,experiment-20261003T113748Z-acb3a2e7,CAFEF_C8_COMPLETE_ONLY_V1,-3.766091392805227,19.90660909732449
2025-01-24,KBS:HNX:HHC,1,1,experiment-20261003T113748Z-acb3a2e7,CAFEF_C8_COMPLETE_ONLY_V1,-3.9512868746035075,-0.853669246893687
2025-01-24,KBS:HNX:HJS,1,1,experiment-20261003T113748Z-acb3a2e7,CAFEF_C8_COMPLETE_ONLY_V1,-3.9903247328540434,-0.5638909133557178
2025-01-24,KBS:HNX:HKT,1,1,experiment-20261003T113748Z-acb3a2e7,CAFEF_C8_COMPLETE_ONLY_V1,-4.0372868824900126,1.5774467081153178
2025-01-24,KBS:HNX:HLC,1,1,experiment-20261003T113748Z-acb3a2e7,CAFEF_C8_COMPLETE_ONLY_V1,-4.032803600379824,-0.5623153953456849
2025-01-24,KBS:HNX:HLD,1,1,experiment-20261003T113748Z-acb3a2e7,CAFEF_C8_COMPLETE_ONLY_V1,-3.989044206609939,-0.34114831407400237
2025-01-24,KBS:HNX:HMH,1,1,experiment-20261003T113748Z-acb3a2e7,CAFEF_C8_COMPLETE_ONLY_V1,-4.0268188430723715,1.9862159131902446
2025-01-24,KBS:HNX:HMR,1,1,experiment-20261003T113748Z-acb3a2e7,CAFEF_C8_COMPLETE_ONLY_V1,-4.000368826235908,-2.2614798487642265
2025-01-24,KBS:HNX:HTC,1,1,experiment-20261003T113748Z-acb3a2e7,CAFEF_C8_COMPLETE_ONLY_V1,-4.051085457493358,2.9038914928018205
2025-01-24,KBS:HNX:HUT,1,1,experiment-20261003T113748Z-acb3a2e7,CAFEF_C8_COMPLETE_ONLY_V1,12.037579301286971,-1.2386203732351755
2025-01-24,KBS:HNX:HVT,1,1,experiment-20261003T113748Z-acb3a2e7,CAFEF_C8_COMPLETE_ONLY_V1,-2.998069024595827,2.630821132089279
2025-01-24,KBS:HNX:ICG,1,1,experiment-20261003T113748Z-acb3a2e7,CAFEF_C8_COMPLETE_ONLY_V1,-4.040915530125071,1.0676586177719154
2025-01-24,KBS:HNX:IDC,1,1,experiment-20261003T113748Z-acb3a2e7,CAFEF_C8_COMPLETE_ONLY_V1,6.762276409373191,-0.5581816841496188
2025-01-24,KBS:HNX:IDJ,1,1,experiment-20261003T113748Z-acb3a2e7,CAFEF_C8_COMPLETE_ONLY_V1,-2.9178132229929967,-1.772070724696189
2025-01-24,KBS:HNX:IDV,1,1,experiment-20261003T113748Z-acb3a2e7,CAFEF_C8_COMPLETE_ONLY_V1,-3.6101318681098413,-0.38964700948471453
2025-01-24,KBS:HNX:INC,1,1,experiment-20261003T113748Z-acb3a2e7,CAFEF_C8_COMPLETE_ONLY_V1,-4.032860794616283,-1.1377235356424809
2025-01-24,KBS:HNX:INN,1,1,experiment-20261003T113748Z-acb3a2e7,CAFEF_C8_COMPLETE_ONLY_V1,-3.955409102752988,-0.30975864443836665
2025-01-24,KBS:HNX:IPA,1,1,experiment-20261003T113748Z-acb3a2e7,CAFEF_C8_COMPLETE_ONLY_V1,-3.4993568740697683,-2.352232980364613
2025-01-24,KBS:HNX:IVS,1,1,experiment-20261003T113748Z-acb3a2e7,CAFEF_C8_COMPLETE_ONLY_V1,-3.410864132223043,0.7977638173509621
2025-01-24,KBS:HNX:KDM,1,1,experiment-20261003T113748Z-acb3a2e7,CAFEF_C8_COMPLETE_ONLY_V1,-3.8472524517327367,-0.363647324630991
2025-01-24,KBS:HNX:KHS,1,1,experiment-20261003T113748Z-acb3a2e7,CAFEF_C8_COMPLETE_ONLY_V1,-3.9048374631314493,0.02290905955841158
2025-01-24,KBS:HNX:KKC,1,1,experiment-20261003T113748Z-acb3a2e7,CAFEF_C8_COMPLETE_ONLY_V1,-4.052807332963506,1.0382619013870589
2025-01-24,KBS:HNX:KSD,1,1,experiment-20261003T113748Z-acb3a2e7,CAFEF_C8_COMPLETE_ONLY_V1,-4.048488814074206,1.1813276497918392
2025-01-24,KBS:HNX:KSF,1,1,experiment-20261003T113748Z-acb3a2e7,CAFEF_C8_COMPLETE_ONLY_V1,-3.798854275909112,-0.38552655344582704
2025-01-24,KBS:HNX:KST,1,1,experiment-20261003T113748Z-acb3a2e7,CAFEF_C8_COMPLETE_ONLY_V1,-4.038812927193862,0.5796647305824001
2025-01-24,KBS:HNX:KSV,1,1,experiment-20261003T113748Z-acb3a2e7,CAFEF_C8_COMPLETE_ONLY_V1,-0.03310790970153535,27.76183061398355
2025-01-24,KBS:HNX:KTS,1,1,experiment-20261003T113748Z-acb3a2e7,CAFEF_C8_COMPLETE_ONLY_V1,-4.005748518900326,0.2300752687387412
2025-01-24,KBS:HNX:L14,1,1,experiment-20261003T113748Z-acb3a2e7,CAFEF_C8_COMPLETE_ONLY_V1,-1.418333146127566,-1.8104867216643503
2025-01-24,KBS:HNX:L18,1,1,experiment-20261003T113748Z-acb3a2e7,CAFEF_C8_COMPLETE_ONLY_V1,-3.3311494701644744,-0.4004603805284804
2025-01-24,KBS:HNX:LBE,1,1,experiment-20261003T113748Z-acb3a2e7,CAFEF_C8_COMPLETE_ONLY_V1,-4.031738925672132,-1.1077873575402863
2025-01-24,KBS:HNX:LCD,1,1,experiment-20261003T113748Z-acb3a2e7,CAFEF_C8_COMPLETE_ONLY_V1,-4.023896330530047,-0.616919491663073
2025-01-24,KBS:HNX:LDP,1,1,experiment-20261003T113748Z-acb3a2e7,CAFEF_C8_COMPLETE_ONLY_V1,-4.026259094997418,-3.902858062109751
2025-01-24,KBS:HNX:LHC,1,1,experiment-20261003T113748Z-acb3a2e7,CAFEF_C8_COMPLETE_ONLY_V1,-3.729112748604459,-0.02576719860172519
2025-01-24,KBS:HNX:LIG,1,1,experiment-20261003T113748Z-acb3a2e7,CAFEF_C8_COMPLETE_ONLY_V1,-3.4083209456449928,-1.3601431637800885
2025-01-24,KBS:HNX:MAC,1,1,experiment-20261003T113748Z-acb3a2e7,CAFEF_C8_COMPLETE_ONLY_V1,-4.048641318439303,-1.3366658410854926
2025-01-24,KBS:HNX:MAS,1,1,experiment-20261003T113748Z-acb3a2e7,CAFEF_C8_COMPLETE_ONLY_V1,-4.052441444590369,-0.71533521779641
2025-01-24,KBS:HNX:MBG,1,1,experiment-20261003T113748Z-acb3a2e7,CAFEF_C8_COMPLETE_ONLY_V1,-3.8015825206485756,-1.47257776036253
2025-01-24,KBS:HNX:MCC,1,1,experiment-20261003T113748Z-acb3a2e7,CAFEF_C8_COMPLETE_ONLY_V1,-4.0262338500726536,0.41117152176950483
2025-01-24,KBS:HNX:MCF,1,1,experiment-20261003T113748Z-acb3a2e7,CAFEF_C8_COMPLETE_ONLY_V1,-4.020820637131581,0.033999397052607974
2025-01-24,KBS:HNX:MCO,1,1,experiment-20261003T113748Z-acb3a2e7,CAFEF_C8_COMPLETE_ONLY_V1,-3.9964298312110755,-3.7768396570111453
2025-01-24,KBS:HNX:MDC,1,1,experiment-20261003T113748Z-acb3a2e7,CAFEF_C8_COMPLETE_ONLY_V1,-4.011397853748664,-0.015362453354011936
2025-01-24,KBS:HNX:MED,1,1,experiment-20261003T113748Z-acb3a2e7,CAFEF_C8_COMPLETE_ONLY_V1,-4.033698290897505,-0.17197347088008275
2025-01-24,KBS:HNX:MKV,1,1,experiment-20261003T113748Z-acb3a2e7,CAFEF_C8_COMPLETE_ONLY_V1,-4.035195464599331,0.0827308465792843
2025-01-24,KBS:HNX:MST,1,1,experiment-20261003T113748Z-acb3a2e7,CAFEF_C8_COMPLETE_ONLY_V1,1.0597665547691308,2.5677099006371575
2025-01-24,KBS:HNX:MVB,1,1,experiment-20261003T113748Z-acb3a2e7,CAFEF_C8_COMPLETE_ONLY_V1,-4.033220076220608,-0.9046613767905606
2025-01-24,KBS:HNX:NAG,1,1,experiment-20261003T113748Z-acb3a2e7,CAFEF_C8_COMPLETE_ONLY_V1,-2.5783605387428796,0.9039995858256252
2025-01-24,KBS:HNX:NAP,1,1,experiment-20261003T113748Z-acb3a2e7,CAFEF_C8_COMPLETE_ONLY_V1,-4.062281819624122,1.7165946988094043
2025-01-24,KBS:HNX:NBP,1,1,experiment-20261003T113748Z-acb3a2e7,CAFEF_C8_COMPLETE_ONLY_V1,-3.187729880761652,0.9347779141977014
2025-01-24,KBS:HNX:NBW,1,1,experiment-20261003T113748Z-acb3a2e7,CAFEF_C8_COMPLETE_ONLY_V1,-4.066658028820537,-0.5432657860269963
2025-01-24,KBS:HNX:NDN,1,1,experiment-20261003T113748Z-acb3a2e7,CAFEF_C8_COMPLETE_ONLY_V1,-3.6702100713973254,-1.486206438598449
2025-01-24,KBS:HNX:NET,1,1,experiment-20261003T113748Z-acb3a2e7,CAFEF_C8_COMPLETE_ONLY_V1,-3.907118571442103,0.2857803842470389
2025-01-24,KBS:HNX:NFC,1,1,experiment-20261003T113748Z-acb3a2e7,CAFEF_C8_COMPLETE_ONLY_V1,-4.046257892235466,1.1152073660221804
2025-01-24,KBS:HNX:NHC,1,1,experiment-20261003T113748Z-acb3a2e7,CAFEF_C8_COMPLETE_ONLY_V1,-4.066309926108258,0.5959462783957885
2025-01-24,KBS:HNX:NRC,1,1,experiment-20261003T113748Z-acb3a2e7,CAFEF_C8_COMPLETE_ONLY_V1,-3.025998077697423,-0.5505111011185816
2025-01-24,KBS:HNX:NSH,1,1,experiment-20261003T113748Z-acb3a2e7,CAFEF_C8_COMPLETE_ONLY_V1,-4.024645343915079,-1.39478090714751
2025-01-24,KBS:HNX:NST,1,1,experiment-20261003T113748Z-acb3a2e7,CAFEF_C8_COMPLETE_ONLY_V1,-4.029017596165351,0.7684186944659299
2025-01-24,KBS:HNX:NTH,1,1,experiment-20261003T113748Z-acb3a2e7,CAFEF_C8_COMPLETE_ONLY_V1,-4.043735849467496,-0.8910889748632329
2025-01-24,KBS:HNX:NTP,1,1,experiment-20261003T113748Z-acb3a2e7,CAFEF_C8_COMPLETE_ONLY_V1,0.4201992132951506,0.5606231724490981
2025-01-24,KBS:HNX:NVB,1,1,experiment-20261003T113748Z-acb3a2e7,CAFEF_C8_COMPLETE_ONLY_V1,-3.7822373590135787,-0.9519643665375833
2025-01-24,KBS:HNX:ONE,1,1,experiment-20261003T113748Z-acb3a2e7,CAFEF_C8_COMPLETE_ONLY_V1,-4.016538447562069,0.5383172781295134
2025-01-24,KBS:HNX:PBP,1,1,experiment-20261003T113748Z-acb3a2e7,CAFEF_C8_COMPLETE_ONLY_V1,-3.997864584015854,-1.0298119752393544
2025-01-24,KBS:HNX:PCE,1,1,experiment-20261003T113748Z-acb3a2e7,CAFEF_C8_COMPLETE_ONLY_V1,-4.021748379235124,-0.4165658639815409
2025-01-24,KBS:HNX:PCT,1,1,experiment-20261003T113748Z-acb3a2e7,CAFEF_C8_COMPLETE_ONLY_V1,-3.95934432692211,1.298198290760314
2025-01-24,KBS:HNX:PDB,1,1,experiment-20261003T113748Z-acb3a2e7,CAFEF_C8_COMPLETE_ONLY_V1,-4.024347503077563,0.6737612989522784
2025-01-24,KBS:HNX:PEN,1,1,experiment-20261003T113748Z-acb3a2e7,CAFEF_C8_COMPLETE_ONLY_V1,-4.056558188024659,0.12431800604330406
2025-01-24,KBS:HNX:PGN,1,1,experiment-20261003T113748Z-acb3a2e7,CAFEF_C8_COMPLETE_ONLY_V1,-3.30861065597418,9.39553407448106
2025-01-24,KBS:HNX:PGS,1,1,experiment-20261003T113748Z-acb3a2e7,CAFEF_C8_COMPLETE_ONLY_V1,-4.039342468361286,0.4058628429239235
2025-01-24,KBS:HNX:PGT,1,1,experiment-20261003T113748Z-acb3a2e7,CAFEF_C8_COMPLETE_ONLY_V1,-4.0160774301680835,5.399113570607714
2025-01-24,KBS:HNX:PHN,1,1,experiment-20261003T113748Z-acb3a2e7,CAFEF_C8_COMPLETE_ONLY_V1,-4.029016752404593,1.279705927445909
2025-01-24,KBS:HNX:PIA,1,1,experiment-20261003T113748Z-acb3a2e7,CAFEF_C8_COMPLETE_ONLY_V1,-4.037958783805194,-0.11080128772380786
2025-01-24,KBS:HNX:PIC,1,1,experiment-20261003T113748Z-acb3a2e7,CAFEF_C8_COMPLETE_ONLY_V1,-4.053858477738719,-0.9124260364234118
2025-01-24,KBS:HNX:PJC,1,1,experiment-20261003T113748Z-acb3a2e7,CAFEF_C8_COMPLETE_ONLY_V1,-4.05236483916327,0.00037047914107277824
2025-01-24,KBS:HNX:PLC,1,1,experiment-20261003T113748Z-acb3a2e7,CAFEF_C8_COMPLETE_ONLY_V1,-0.13994709099610966,-0.10944012400347966
2025-01-24,KBS:HNX:PMB,1,1,experiment-20261003T113748Z-acb3a2e7,CAFEF_C8_COMPLETE_ONLY_V1,-4.0242378652263815,-0.8026563001675708
2025-01-24,KBS:HNX:PMC,1,1,experiment-20261003T113748Z-acb3a2e7,CAFEF_C8_COMPLETE_ONLY_V1,-3.897236564043887,2.325678831128844
2025-01-24,KBS:HNX:PMP,1,1,experiment-20261003T113748Z-acb3a2e7,CAFEF_C8_COMPLETE_ONLY_V1,-4.045017319595839,-0.1963856082010994
2025-01-24,KBS:HNX:PMS,1,1,experiment-20261003T113748Z-acb3a2e7,CAFEF_C8_COMPLETE_ONLY_V1,-4.029286952942636,0.8292811970579914
2025-01-24,KBS:HNX:POT,1,1,experiment-20261003T113748Z-acb3a2e7,CAFEF_C8_COMPLETE_ONLY_V1,-4.049935921449988,-1.6425549283690604
2025-01-24,KBS:HNX:PPE,1,1,experiment-20261003T113748Z-acb3a2e7,CAFEF_C8_COMPLETE_ONLY_V1,-4.054406688419591,0.16287455630409212
2025-01-24,KBS:HNX:PPP,1,1,experiment-20261003T113748Z-acb3a2e7,CAFEF_C8_COMPLETE_ONLY_V1,-4.029525952221918,-0.42924821883989106
2025-01-24,KBS:HNX:PPS,1,1,experiment-20261003T113748Z-acb3a2e7,CAFEF_C8_COMPLETE_ONLY_V1,-4.029650875093556,-0.5324942167111063
2025-01-24,KBS:HNX:PPY,1,1,experiment-20261003T113748Z-acb3a2e7,CAFEF_C8_COMPLETE_ONLY_V1,-4.0420867400581875,-0.3734843719410038
2025-01-24,KBS:HNX:PRC,1,1,experiment-20261003T113748Z-acb3a2e7,CAFEF_C8_COMPLETE_ONLY_V1,-4.031324465000408,-0.6675147490054368
2025-01-24,KBS:HNX:PRE,1,1,experiment-20261003T113748Z-acb3a2e7,CAFEF_C8_COMPLETE_ONLY_V1,-4.02079843105105,0.7140774346514703
2025-01-24,KBS:HNX:PSD,1,1,experiment-20261003T113748Z-acb3a2e7,CAFEF_C8_COMPLETE_ONLY_V1,-3.454233320742956,-0.6290757938682046
2025-01-24,KBS:HNX:PSE,1,1,experiment-20261003T113748Z-acb3a2e7,CAFEF_C8_COMPLETE_ONLY_V1,-4.021271738751834,-0.028222622401479998
2025-01-24,KBS:HNX:PSI,1,1,experiment-20261003T113748Z-acb3a2e7,CAFEF_C8_COMPLETE_ONLY_V1,-3.7711824770429043,-0.12870074126999348
2025-01-24,KBS:HNX:PSW,1,1,experiment-20261003T113748Z-acb3a2e7,CAFEF_C8_COMPLETE_ONLY_V1,-3.9737267943311467,-0.09362120325043749
2025-01-24,KBS:HNX:PTD,1,1,experiment-20261003T113748Z-acb3a2e7,CAFEF_C8_COMPLETE_ONLY_V1,-4.103282079133879,0.042024098063931536
2025-01-24,KBS:HNX:PTS,1,1,experiment-20261003T113748Z-acb3a2e7,CAFEF_C8_COMPLETE_ONLY_V1,-4.039572535732575,-0.7017578116806579
2025-01-24,KBS:HNX:PV2,1,1,experiment-20261003T113748Z-acb3a2e7,CAFEF_C8_COMPLETE_ONLY_V1,-3.406096287527646,7.360863152024795
2025-01-24,KBS:HNX:PVB,1,1,experiment-20261003T113748Z-acb3a2e7,CAFEF_C8_COMPLETE_ONLY_V1,-0.8170590387046013,1.362862302394797
2025-01-24,KBS:HNX:PVC,1,1,experiment-20261003T113748Z-acb3a2e7,CAFEF_C8_COMPLETE_ONLY_V1,-2.3465764122693957,-2.516288095172858
2025-01-24,KBS:HNX:PVG,1,1,experiment-20261003T113748Z-acb3a2e7,CAFEF_C8_COMPLETE_ONLY_V1,-3.8839402172228956,-0.02274773652442179
2025-01-24,KBS:HOSE:AAM,1,1,experiment-20261003T113748Z-acb3a2e7,CAFEF_C8_COMPLETE_ONLY_V1,-4.008995687671021,-1.0352611735159927
2025-01-24,KBS:HOSE:AAT,1,1,experiment-20261003T113748Z-acb3a2e7,CAFEF_C8_COMPLETE_ONLY_V1,-3.9991810855586305,-1.3757545799476607
2025-01-24,KBS:HOSE:ABR,1,1,experiment-20261003T113748Z-acb3a2e7,CAFEF_C8_COMPLETE_ONLY_V1,-4.040040269426106,-0.373946444665759
2025-01-24,KBS:HOSE:ABS,1,1,experiment-20261003T113748Z-acb3a2e7,CAFEF_C8_COMPLETE_ONLY_V1,-3.6066992549072263,-0.8992790699170606
2025-01-24,KBS:HOSE:ABT,1,1,experiment-20261003T113748Z-acb3a2e7,CAFEF_C8_COMPLETE_ONLY_V1,-3.979432716262547,0.15809449629870112
2025-01-24,KBS:HOSE:ACC,1,1,experiment-20261003T113748Z-acb3a2e7,CAFEF_C8_COMPLETE_ONLY_V1,-3.2612472711123055,0.14595386417552597
2025-01-24,KBS:HOSE:ACG,1,1,experiment-20261003T113748Z-acb3a2e7,CAFEF_C8_COMPLETE_ONLY_V1,-3.859063368647479,-0.638990218680007
2025-01-24,KBS:HOSE:ACL,1,1,experiment-20261003T113748Z-acb3a2e7,CAFEF_C8_COMPLETE_ONLY_V1,-4.01418024469657,-0.6294692645296035
2025-01-24,KBS:HOSE:ADG,1,1,experiment-20261003T113748Z-acb3a2e7,CAFEF_C8_COMPLETE_ONLY_V1,-4.051412393318789,-2.175778012234416
2025-01-24,KBS:HOSE:ADP,1,1,experiment-20261003T113748Z-acb3a2e7,CAFEF_C8_COMPLETE_ONLY_V1,-3.9681659525545356,-0.013280508138309572
2025-01-24,KBS:HOSE:ADS,1,1,experiment-20261003T113748Z-acb3a2e7,CAFEF_C8_COMPLETE_ONLY_V1,-3.8405886084711685,-2.1344994281934473
2025-01-24,KBS:HOSE:AFX,1,1,experiment-20261003T113748Z-acb3a2e7,CAFEF_C8_COMPLETE_ONLY_V1,-3.811918925134425,-1.2865307808042568
2025-01-24,KBS:HOSE:AGG,1,1,experiment-20261003T113748Z-acb3a2e7,CAFEF_C8_COMPLETE_ONLY_V1,3.6602002993586202,-1.746778967839706
2025-01-24,KBS:HOSE:AGR,1,1,experiment-20261003T113748Z-acb3a2e7,CAFEF_C8_COMPLETE_ONLY_V1,-2.369367835155373,-1.0929420370152194
2025-01-24,KBS:HOSE:ANT,1,1,experiment-20261003T113748Z-acb3a2e7,CAFEF_C8_COMPLETE_ONLY_V1,-3.8735237041458035,2.9441082147678923
2025-01-24,KBS:HOSE:ANV,1,1,experiment-20261003T113748Z-acb3a2e7,CAFEF_C8_COMPLETE_ONLY_V1,4.610827756368537,-0.6663693893648073
2025-01-24,KBS:HOSE:APG,1,1,experiment-20261003T113748Z-acb3a2e7,CAFEF_C8_COMPLETE_ONLY_V1,-2.225210475247956,-3.324495833544486
2025-01-24,KBS:HOSE:APH,1,1,experiment-20261003T113748Z-acb3a2e7,CAFEF_C8_COMPLETE_ONLY_V1,-2.183258295542161,-0.4317325567144095
2025-01-24,KBS:HOSE:ASM,1,1,experiment-20261003T113748Z-acb3a2e7,CAFEF_C8_COMPLETE_ONLY_V1,-2.89669555469181,-2.0921454376048945
2025-01-24,KBS:HOSE:ASP,1,1,experiment-20261003T113748Z-acb3a2e7,CAFEF_C8_COMPLETE_ONLY_V1,-4.018635351513905,-0.706265221415945
2025-01-24,KBS:HOSE:AST,1,1,experiment-20261003T113748Z-acb3a2e7,CAFEF_C8_COMPLETE_ONLY_V1,-3.9161600976371003,-0.883503130828191
2025-01-24,KBS:HOSE:BAF,1,1,experiment-20261003T113748Z-acb3a2e7,CAFEF_C8_COMPLETE_ONLY_V1,24.11709952807015,2.7879531166066185
2025-01-24,KBS:HOSE:BCE,1,1,experiment-20261003T113748Z-acb3a2e7,CAFEF_C8_COMPLETE_ONLY_V1,-3.674054043972704,6.261171613475835
2025-01-24,KBS:HOSE:BCM,1,1,experiment-20261003T113748Z-acb3a2e7,CAFEF_C8_COMPLETE_ONLY_V1,4.260401003477854,-0.07537632510727559
2025-01-24,KBS:HOSE:BFC,1,1,experiment-20261003T113748Z-acb3a2e7,CAFEF_C8_COMPLETE_ONLY_V1,4.0106336553409,-0.11947249388489267
2025-01-24,KBS:HOSE:BHN,1,1,experiment-20261003T113748Z-acb3a2e7,CAFEF_C8_COMPLETE_ONLY_V1,-4.031690577958788,-0.5981692059434783
2025-01-24,KBS:HOSE:BIC,1,1,experiment-20261003T113748Z-acb3a2e7,CAFEF_C8_COMPLETE_ONLY_V1,-3.7685309261532955,-0.04080208603131678
2025-01-24,KBS:HOSE:BKG,1,1,experiment-20261003T113748Z-acb3a2e7,CAFEF_C8_COMPLETE_ONLY_V1,-3.811817297731912,-2.1443052373481306
2025-01-24,KBS:HOSE:BMI,1,1,experiment-20261003T113748Z-acb3a2e7,CAFEF_C8_COMPLETE_ONLY_V1,-3.3013006032656182,-0.8714727787682168
2025-01-24,KBS:HOSE:BRC,1,1,experiment-20261003T113748Z-acb3a2e7,CAFEF_C8_COMPLETE_ONLY_V1,-3.9216877354154316,0.5182175602319887
2025-01-24,KBS:HOSE:BSI,1,1,experiment-20261003T113748Z-acb3a2e7,CAFEF_C8_COMPLETE_ONLY_V1,-0.09349153087629294,-0.5787654254325907
2025-01-24,KBS:HOSE:BTP,1,1,experiment-20261003T113748Z-acb3a2e7,CAFEF_C8_COMPLETE_ONLY_V1,-4.006589406830166,-1.0437167025352112
2025-01-24,KBS:HOSE:BVH,1,1,experiment-20261003T113748Z-acb3a2e7,CAFEF_C8_COMPLETE_ONLY_V1,6.020705997439837,1.1701129952055516
2025-01-24,KBS:HOSE:C32,1,1,experiment-20261003T113748Z-acb3a2e7,CAFEF_C8_COMPLETE_ONLY_V1,-3.9276151296068287,-0.18653441196082526
2025-01-24,KBS:HOSE:CCI,1,1,experiment-20261003T113748Z-acb3a2e7,CAFEF_C8_COMPLETE_ONLY_V1,-4.000656410760326,0.5561056808215648
2025-01-24,KBS:HOSE:CCL,1,1,experiment-20261003T113748Z-acb3a2e7,CAFEF_C8_COMPLETE_ONLY_V1,-3.0994102617422046,-1.1661936654387837
2025-01-24,KBS:HOSE:CDC,1,1,experiment-20261003T113748Z-acb3a2e7,CAFEF_C8_COMPLETE_ONLY_V1,-3.080709154616311,-0.5288195852642813
2025-01-24,KBS:HOSE:CHP,1,1,experiment-20261003T113748Z-acb3a2e7,CAFEF_C8_COMPLETE_ONLY_V1,-3.8666689461681933,0.32367153500693585
2025-01-24,KBS:HOSE:CIG,1,1,experiment-20261003T113748Z-acb3a2e7,CAFEF_C8_COMPLETE_ONLY_V1,-2.697435088032821,3.2272327184731004
2025-01-24,KBS:HOSE:CII,1,1,experiment-20261003T113748Z-acb3a2e7,CAFEF_C8_COMPLETE_ONLY_V1,3.473656495859726,-1.8738424224484678
2025-01-24,KBS:HOSE:CKG,1,1,experiment-20261003T113748Z-acb3a2e7,CAFEF_C8_COMPLETE_ONLY_V1,-3.25656914260781,-2.947734306452318
2025-01-24,KBS:HOSE:CLC,1,1,experiment-20261003T113748Z-acb3a2e7,CAFEF_C8_COMPLETE_ONLY_V1,-3.8425941035093962,1.071110068251232
2025-01-24,KBS:HOSE:CLW,1,1,experiment-20261003T113748Z-acb3a2e7,CAFEF_C8_COMPLETE_ONLY_V1,-4.044546327913438,-0.400224679678229
2025-01-24,KBS:HOSE:CMV,1,1,experiment-20261003T113748Z-acb3a2e7,CAFEF_C8_COMPLETE_ONLY_V1,-4.042594689628478,-0.39532883078405945
2025-01-24,KBS:HOSE:CMX,1,1,experiment-20261003T113748Z-acb3a2e7,CAFEF_C8_COMPLETE_ONLY_V1,-3.6172033579271745,-1.4988455137860914
2025-01-24,KBS:HOSE:CNG,1,1,experiment-20261003T113748Z-acb3a2e7,CAFEF_C8_COMPLETE_ONLY_V1,-1.8014672997491354,-0.9283674746145011
2025-01-24,KBS:HOSE:COM,1,1,experiment-20261003T113748Z-acb3a2e7,CAFEF_C8_COMPLETE_ONLY_V1,-4.059159290155869,-0.2859646934075402
2025-01-24,KBS:HOSE:CRC,1,1,experiment-20261003T113748Z-acb3a2e7,CAFEF_C8_COMPLETE_ONLY_V1,-3.730527713400484,-0.366212514522326
2025-01-24,KBS:HOSE:CRE,1,1,experiment-20261003T113748Z-acb3a2e7,CAFEF_C8_COMPLETE_ONLY_V1,-3.8109274356612457,-1.2363251866287848
2025-01-24,KBS:HOSE:CSV,1,1,experiment-20261003T113748Z-acb3a2e7,CAFEF_C8_COMPLETE_ONLY_V1,17.566150734284587,1.7760385027083225
2025-01-24,KBS:HOSE:CTD,1,1,experiment-20261003T113748Z-acb3a2e7,CAFEF_C8_COMPLETE_ONLY_V1,15.023550572432296,0.6158716223188888
2025-01-24,KBS:HOSE:CTF,1,1,experiment-20261003T113748Z-acb3a2e7,CAFEF_C8_COMPLETE_ONLY_V1,-2.114427941489693,-2.973565689381274
2025-01-24,KBS:HOSE:CTI,1,1,experiment-20261003T113748Z-acb3a2e7,CAFEF_C8_COMPLETE_ONLY_V1,1.951788448970343,1.8545411479489144
2025-01-24,KBS:HOSE:CTR,0,0,experiment-20261003T113748Z-acb3a2e7,CAFEF_C8_COMPLETE_ONLY_V1,38.034235085948005,0.41000398114673137
2025-01-24,KBS:HOSE:CTS,1,1,experiment-20261003T113748Z-acb3a2e7,CAFEF_C8_COMPLETE_ONLY_V1,0.1312854550297824,-1.132681280788964
2025-01-24,KBS:HOSE:CVT,1,1,experiment-20261003T113748Z-acb3a2e7,CAFEF_C8_COMPLETE_ONLY_V1,-4.040169967049825,-1.44199923819721
2025-01-24,KBS:HOSE:D2D,1,1,experiment-20261003T113748Z-acb3a2e7,CAFEF_C8_COMPLETE_ONLY_V1,-3.3234906674689184,1.0466857094380948
2025-01-24,KBS:HOSE:DAH,1,1,experiment-20261003T113748Z-acb3a2e7,CAFEF_C8_COMPLETE_ONLY_V1,-3.810331280942358,-1.1621908711453965
2025-01-24,KBS:HOSE:DBC,0,0,experiment-20261003T113748Z-acb3a2e7,CAFEF_C8_COMPLETE_ONLY_V1,28.280373319919168,-1.563864613719168
2025-01-24,KBS:HOSE:DBD,1,1,experiment-20261003T113748Z-acb3a2e7,CAFEF_C8_COMPLETE_ONLY_V1,5.2107936321678645,2.0319582506117744
2025-01-24,KBS:HOSE:DCL,1,1,experiment-20261003T113748Z-acb3a2e7,CAFEF_C8_COMPLETE_ONLY_V1,-1.7791782387755217,0.1121558993221891
2025-01-24,KBS:HOSE:DCM,1,1,experiment-20261003T113748Z-acb3a2e7,CAFEF_C8_COMPLETE_ONLY_V1,14.675837080720932,-1.5146473980815323
2025-01-24,KBS:HOSE:DGC,0,0,experiment-20261003T113748Z-acb3a2e7,CAFEF_C8_COMPLETE_ONLY_V1,36.645269040071454,-0.3479128267451384
2025-01-24,KBS:HOSE:DGW,1,1,experiment-20261003T113748Z-acb3a2e7,CAFEF_C8_COMPLETE_ONLY_V1,7.69596541292522,-2.0142182984354475
2025-01-24,KBS:HOSE:DHA,1,1,experiment-20261003T113748Z-acb3a2e7,CAFEF_C8_COMPLETE_ONLY_V1,-3.4896669121370008,-0.6881989663167077
2025-01-24,KBS:HOSE:DHC,1,1,experiment-20261003T113748Z-acb3a2e7,CAFEF_C8_COMPLETE_ONLY_V1,0.9947329603962272,-0.8094718686894965
2025-01-24,KBS:HOSE:DLG,1,1,experiment-20261003T113748Z-acb3a2e7,CAFEF_C8_COMPLETE_ONLY_V1,-3.5793252701573914,-0.6705646616050962
2025-01-24,KBS:HOSE:DMC,1,1,experiment-20261003T113748Z-acb3a2e7,CAFEF_C8_COMPLETE_ONLY_V1,-3.8342732305821507,3.11595663464034
2025-01-24,KBS:HOSE:DPG,1,1,experiment-20261003T113748Z-acb3a2e7,CAFEF_C8_COMPLETE_ONLY_V1,1.2016045749778683,-1.8733283154273483
2025-01-24,KBS:HOSE:DQC,1,1,experiment-20261003T113748Z-acb3a2e7,CAFEF_C8_COMPLETE_ONLY_V1,-3.9952605454426062,-1.8203634185752615
2025-01-24,KBS:HOSE:DRC,1,1,experiment-20261003T113748Z-acb3a2e7,CAFEF_C8_COMPLETE_ONLY_V1,-1.6259316629586162,-1.3142780250547945
2025-01-24,KBS:HOSE:DSN,1,1,experiment-20261003T113748Z-acb3a2e7,CAFEF_C8_COMPLETE_ONLY_V1,-3.8675928293733985,-0.44373223546446366
2025-01-24,KBS:HOSE:DTA,1,1,experiment-20261003T113748Z-acb3a2e7,CAFEF_C8_COMPLETE_ONLY_V1,-4.0257607562676805,-3.153892992150061
2025-01-24,KBS:HOSE:DTL,1,1,experiment-20261003T113748Z-acb3a2e7,CAFEF_C8_COMPLETE_ONLY_V1,-4.0596513844502855,-3.0754369290683816
2025-01-24,KBS:HOSE:DTT,1,1,experiment-20261003T113748Z-acb3a2e7,CAFEF_C8_COMPLETE_ONLY_V1,-4.06476982305593,-0.020603409638868992
2025-01-24,KBS:HOSE:DVP,1,1,experiment-20261003T113748Z-acb3a2e7,CAFEF_C8_COMPLETE_ONLY_V1,-3.709488887625134,1.2020222125599682
2025-01-24,KBS:HOSE:DXG,0,0,experiment-20261003T113748Z-acb3a2e7,CAFEF_C8_COMPLETE_ONLY_V1,39.328338507865986,-0.7330231464970525
2025-01-24,KBS:HOSE:DXS,1,1,experiment-20261003T113748Z-acb3a2e7,CAFEF_C8_COMPLETE_ONLY_V1,-0.7732193939549102,0.32266980907202564
2025-01-24,KBS:HOSE:DXV,1,1,experiment-20261003T113748Z-acb3a2e7,CAFEF_C8_COMPLETE_ONLY_V1,-4.038552405921656,-0.731513616919637
2025-01-24,KBS:HOSE:EIB,0,0,experiment-20261003T113748Z-acb3a2e7,CAFEF_C8_COMPLETE_ONLY_V1,43.34889854533243,-0.7215458450849097
2025-01-24,KBS:HOSE:ELC,1,1,experiment-20261003T113748Z-acb3a2e7,CAFEF_C8_COMPLETE_ONLY_V1,0.06737796206004401,1.3337883757201991
2025-01-24,KBS:HOSE:EVE,1,1,experiment-20261003T113748Z-acb3a2e7,CAFEF_C8_COMPLETE_ONLY_V1,-3.9878143899295266,-1.8522296345676448
2025-01-24,KBS:HOSE:EVF,1,1,experiment-20261003T113748Z-acb3a2e7,CAFEF_C8_COMPLETE_ONLY_V1,15.207866561326561,-2.5990181087580617
2025-01-24,KBS:HOSE:EVG,1,1,experiment-20261003T113748Z-acb3a2e7,CAFEF_C8_COMPLETE_ONLY_V1,-2.510933427421839,-0.9738180981403965
2025-01-24,KBS:HOSE:FCM,1,1,experiment-20261003T113748Z-acb3a2e7,CAFEF_C8_COMPLETE_ONLY_V1,-3.961190325160447,-0.9094046017608713
2025-01-24,KBS:HOSE:FCN,1,1,experiment-20261003T113748Z-acb3a2e7,CAFEF_C8_COMPLETE_ONLY_V1,2.5888088911868516,0.8472437873520506
2025-01-24,KBS:HOSE:FDC,1,1,experiment-20261003T113748Z-acb3a2e7,CAFEF_C8_COMPLETE_ONLY_V1,-4.0422322780056685,0.7728413091489179
2025-01-24,KBS:HOSE:FIR,1,1,experiment-20261003T113748Z-acb3a2e7,CAFEF_C8_COMPLETE_ONLY_V1,-3.5046146235842532,-1.1887624677137865
2025-01-24,KBS:HOSE:FIT,1,1,experiment-20261003T113748Z-acb3a2e7,CAFEF_C8_COMPLETE_ONLY_V1,-3.440820223568505,-1.142882492812462
2025-01-24,KBS:HOSE:FMC,1,1,experiment-20261003T113748Z-acb3a2e7,CAFEF_C8_COMPLETE_ONLY_V1,-3.443514473393269,-0.40372964150522356
2025-01-24,KBS:HOSE:FPT,0,0,experiment-20261003T113748Z-acb3a2e7,CAFEF_C8_COMPLETE_ONLY_V1,186.41462940862712,1.2169154345012327
2025-01-24,KBS:HOSE:FRT,0,0,experiment-20261003T113748Z-acb3a2e7,CAFEF_C8_COMPLETE_ONLY_V1,29.381752020290698,2.910355219910636
2025-01-24,KBS:HOSE:FTS,1,1,experiment-20261003T113748Z-acb3a2e7,CAFEF_C8_COMPLETE_ONLY_V1,11.732577760670992,-0.014842916496277024
2025-01-24,KBS:HOSE:GAS,1,1,experiment-20261003T113748Z-acb3a2e7,CAFEF_C8_COMPLETE_ONLY_V1,6.380401180604493,-0.7990310355452869
2025-01-24,KBS:HOSE:GDT,1,1,experiment-20261003T113748Z-acb3a2e7,CAFEF_C8_COMPLETE_ONLY_V1,-3.751520269074303,-0.41815596719079445
2025-01-24,KBS:HOSE:GEG,1,1,experiment-20261003T113748Z-acb3a2e7,CAFEF_C8_COMPLETE_ONLY_V1,-2.7856180878592345,-1.403437894816408
2025-01-24,KBS:HOSE:GIL,1,1,experiment-20261003T113748Z-acb3a2e7,CAFEF_C8_COMPLETE_ONLY_V1,-1.1333450779399317,-2.1942007197384057
2025-01-24,KBS:HOSE:GMD,1,1,experiment-20261003T113748Z-acb3a2e7,CAFEF_C8_COMPLETE_ONLY_V1,12.120376610647387,-0.6360841444150599
2025-01-24,KBS:HOSE:GTA,1,1,experiment-20261003T113748Z-acb3a2e7,CAFEF_C8_COMPLETE_ONLY_V1,-4.0258394564185345,-0.8998138756068931
2025-01-24,KBS:HOSE:HAG,1,1,experiment-20261003T113748Z-acb3a2e7,CAFEF_C8_COMPLETE_ONLY_V1,15.289771905796021,-0.009105448109859028
2025-01-24,KBS:HOSE:HAP,1,1,experiment-20261003T113748Z-acb3a2e7,CAFEF_C8_COMPLETE_ONLY_V1,-2.7254279879723593,-0.3545754437314374
2025-01-24,KBS:HOSE:HAR,1,1,experiment-20261003T113748Z-acb3a2e7,CAFEF_C8_COMPLETE_ONLY_V1,-3.9472152649861902,-1.637143844432955
2025-01-24,KBS:HOSE:HAS,1,1,experiment-20261003T113748Z-acb3a2e7,CAFEF_C8_COMPLETE_ONLY_V1,-4.039646384978069,-1.1233022640071801
2025-01-24,KBS:HOSE:HAX,1,1,experiment-20261003T113748Z-acb3a2e7,CAFEF_C8_COMPLETE_ONLY_V1,-0.05129223618907589,0.10981402419337627
2025-01-24,KBS:HOSE:HCD,1,1,experiment-20261003T113748Z-acb3a2e7,CAFEF_C8_COMPLETE_ONLY_V1,-3.9496699748930135,-1.607203448800452
2025-01-24,KBS:HOSE:HCM,0,0,experiment-20261003T113748Z-acb3a2e7,CAFEF_C8_COMPLETE_ONLY_V1,51.49891584054841,0.11297620827362537
2025-01-24,KBS:HOSE:HDC,1,1,experiment-20261003T113748Z-acb3a2e7,CAFEF_C8_COMPLETE_ONLY_V1,6.916038974156364,-1.2551675509064228
2025-01-24,KBS:HOSE:HDG,1,1,experiment-20261003T113748Z-acb3a2e7,CAFEF_C8_COMPLETE_ONLY_V1,15.79129857614279,-1.076610223737894
2025-01-24,KBS:HOSE:HHP,1,1,experiment-20261003T113748Z-acb3a2e7,CAFEF_C8_COMPLETE_ONLY_V1,-3.2538898989484544,-1.7396973480866575
2025-01-24,KBS:HOSE:HHV,1,1,experiment-20261003T113748Z-acb3a2e7,CAFEF_C8_COMPLETE_ONLY_V1,21.275452663956774,-0.07686503298887502
2025-01-24,KBS:HOSE:HID,1,1,experiment-20261003T113748Z-acb3a2e7,CAFEF_C8_COMPLETE_ONLY_V1,-3.998268285615728,-1.1830738781786811
2025-01-24,KBS:HOSE:HII,1,1,experiment-20261003T113748Z-acb3a2e7,CAFEF_C8_COMPLETE_ONLY_V1,-3.9877166591485995,-1.8661736389117465
2025-01-24,KBS:HOSE:HMC,1,1,experiment-20261003T113748Z-acb3a2e7,CAFEF_C8_COMPLETE_ONLY_V1,-3.8516501347050784,-0.11754715730455872
2025-01-24,KBS:HOSE:HQC,1,1,experiment-20261003T113748Z-acb3a2e7,CAFEF_C8_COMPLETE_ONLY_V1,-1.8880337456978413,-1.4091144175722314
2025-01-24,KBS:HOSE:HRC,1,1,experiment-20261003T113748Z-acb3a2e7,CAFEF_C8_COMPLETE_ONLY_V1,-4.075479461494869,-1.3700672804504488
2025-01-24,KBS:HOSE:HSG,1,1,experiment-20261003T113748Z-acb3a2e7,CAFEF_C8_COMPLETE_ONLY_V1,11.30933177736053,-2.6392712645044893
2025-01-24,KBS:HOSE:HSL,1,1,experiment-20261003T113748Z-acb3a2e7,CAFEF_C8_COMPLETE_ONLY_V1,-3.8906219028747606,-1.8074422163100878
2025-01-24,KBS:HOSE:HTG,1,1,experiment-20261003T113748Z-acb3a2e7,CAFEF_C8_COMPLETE_ONLY_V1,-3.44367769143574,1.70970738169301
2025-01-24,KBS:HOSE:HTI,1,1,experiment-20261003T113748Z-acb3a2e7,CAFEF_C8_COMPLETE_ONLY_V1,-3.9471153029050154,0.36087320201112705
2025-01-24,KBS:HOSE:HTL,1,1,experiment-20261003T113748Z-acb3a2e7,CAFEF_C8_COMPLETE_ONLY_V1,-3.914667373079274,6.521979706473212
2025-01-24,KBS:HOSE:HTN,1,1,experiment-20261003T113748Z-acb3a2e7,CAFEF_C8_COMPLETE_ONLY_V1,-2.4427585736002033,-0.2728375656502943
2025-01-24,KBS:HOSE:HTV,1,1,experiment-20261003T113748Z-acb3a2e7,CAFEF_C8_COMPLETE_ONLY_V1,-4.032813720698343,-0.4399714281094656
2025-01-24,KBS:HOSE:HU1,1,1,experiment-20261003T113748Z-acb3a2e7,CAFEF_C8_COMPLETE_ONLY_V1,-4.057133456525897,-0.8411579006558261
2025-01-24,KBS:HOSE:HUB,1,1,experiment-20261003T113748Z-acb3a2e7,CAFEF_C8_COMPLETE_ONLY_V1,-3.8089646535312673,-0.9233005472921748
2025-01-24,KBS:HOSE:HVN,1,1,experiment-20261003T113748Z-acb3a2e7,CAFEF_C8_COMPLETE_ONLY_V1,11.297813473208931,2.647216059927969
2025-01-24,KBS:HOSE:ICT,1,1,experiment-20261003T113748Z-acb3a2e7,CAFEF_C8_COMPLETE_ONLY_V1,-3.631506487723931,1.2515709013247405
2025-01-24,KBS:HOSE:IJC,1,1,experiment-20261003T113748Z-acb3a2e7,CAFEF_C8_COMPLETE_ONLY_V1,-0.31914145537348676,-0.5976619285357543
2025-01-24,KBS:HOSE:ILB,1,1,experiment-20261003T113748Z-acb3a2e7,CAFEF_C8_COMPLETE_ONLY_V1,-4.0029359856683975,0.3832077744906855
2025-01-24,KBS:HOSE:ITC,1,1,experiment-20261003T113748Z-acb3a2e7,CAFEF_C8_COMPLETE_ONLY_V1,-3.043548691483185,-1.4748078040606278
2025-01-24,KBS:HOSE:ITD,1,1,experiment-20261003T113748Z-acb3a2e7,CAFEF_C8_COMPLETE_ONLY_V1,-3.6398524582644654,0.8186135979033762
2025-01-24,KBS:HOSE:JVC,1,1,experiment-20261003T113748Z-acb3a2e7,CAFEF_C8_COMPLETE_ONLY_V1,-3.3869526290061027,1.6935735157275695
2025-01-24,KBS:HOSE:KBC,0,0,experiment-20261003T113748Z-acb3a2e7,CAFEF_C8_COMPLETE_ONLY_V1,74.13387092182114,-0.11941149115942298
2025-01-24,KBS:HOSE:KDC,1,1,experiment-20261003T113748Z-acb3a2e7,CAFEF_C8_COMPLETE_ONLY_V1,17.60601407244602,0.2191636622949774
2025-01-24,KBS:HOSE:KDH,1,1,experiment-20261003T113748Z-acb3a2e7,CAFEF_C8_COMPLETE_ONLY_V1,15.032933101929933,-0.001738231878770119
2025-01-24,KBS:HOSE:KHG,1,1,experiment-20261003T113748Z-acb3a2e7,CAFEF_C8_COMPLETE_ONLY_V1,1.8843806418892584,-0.8508008224261535
2025-01-24,KBS:HOSE:KHP,1,1,experiment-20261003T113748Z-acb3a2e7,CAFEF_C8_COMPLETE_ONLY_V1,-1.9699395418748458,1.294557329415442
2025-01-24,KBS:HOSE:KMR,1,1,experiment-20261003T113748Z-acb3a2e7,CAFEF_C8_COMPLETE_ONLY_V1,-4.017874474198066,-0.9187404220553668
2025-01-24,KBS:HOSE:KOS,1,1,experiment-20261003T113748Z-acb3a2e7,CAFEF_C8_COMPLETE_ONLY_V1,1.1391003372984994,-0.31425979702031454
2025-01-24,KBS:HOSE:KSB,1,1,experiment-20261003T113748Z-acb3a2e7,CAFEF_C8_COMPLETE_ONLY_V1,7.516551285465833,-0.61005636912175
2025-01-24,KBS:HOSE:L10,1,1,experiment-20261003T113748Z-acb3a2e7,CAFEF_C8_COMPLETE_ONLY_V1,-4.052212397518344,0.28756937671197674
2025-01-24,KBS:HOSE:LAF,1,1,experiment-20261003T113748Z-acb3a2e7,CAFEF_C8_COMPLETE_ONLY_V1,-3.9061689286254633,2.4397615503604477
2025-01-24,KBS:HOSE:LBM,1,1,experiment-20261003T113748Z-acb3a2e7,CAFEF_C8_COMPLETE_ONLY_V1,-3.688469339173436,0.24979506402988177
2025-01-24,KBS:HOSE:LCG,1,1,experiment-20261003T113748Z-acb3a2e7,CAFEF_C8_COMPLETE_ONLY_V1,1.0106473628089405,-0.6988403337775501
2025-01-24,KBS:HOSE:LDG,1,1,experiment-20261003T113748Z-acb3a2e7,CAFEF_C8_COMPLETE_ONLY_V1,-3.4658689868636903,-1.901183483197027
2025-01-24,KBS:HOSE:LGL,1,1,experiment-20261003T113748Z-acb3a2e7,CAFEF_C8_COMPLETE_ONLY_V1,-3.9823559999034184,-1.4255953438827633
2025-01-24,KBS:HOSE:LHG,1,1,experiment-20261003T113748Z-acb3a2e7,CAFEF_C8_COMPLETE_ONLY_V1,-3.018184259480117,-1.1121502606832616
2025-01-24,KBS:HOSE:LIX,1,1,experiment-20261003T113748Z-acb3a2e7,CAFEF_C8_COMPLETE_ONLY_V1,-3.7304619725619497,-0.9618251388434716
2025-01-24,KBS:HOSE:LM8,1,1,experiment-20261003T113748Z-acb3a2e7,CAFEF_C8_COMPLETE_ONLY_V1,-4.0407267675509875,-0.3115795361977124
2025-01-24,KBS:HOSE:LPB,0,0,experiment-20261003T113748Z-acb3a2e7,CAFEF_C8_COMPLETE_ONLY_V1,36.1664241351644,4.80307159396159
2025-01-24,KBS:HOSE:LSS,1,1,experiment-20261003T113748Z-acb3a2e7,CAFEF_C8_COMPLETE_ONLY_V1,-2.8106804408080888,-0.31129199174987043
2025-01-24,KBS:HOSE:MBB,0,0,experiment-20261003T113748Z-acb3a2e7,CAFEF_C8_COMPLETE_ONLY_V1,78.7722643911784,0.08272392404709272
2025-01-24,KBS:HOSE:MCP,1,1,experiment-20261003T113748Z-acb3a2e7,CAFEF_C8_COMPLETE_ONLY_V1,-4.0003693434124505,1.7687688057541113
2025-01-24,KBS:HOSE:MDG,1,1,experiment-20261003T113748Z-acb3a2e7,CAFEF_C8_COMPLETE_ONLY_V1,-4.02946143053972,-0.5156591142249447
2025-01-24,KBS:HOSE:MHC,1,1,experiment-20261003T113748Z-acb3a2e7,CAFEF_C8_COMPLETE_ONLY_V1,-3.9571757265977467,-0.9137957168554551
2025-01-24,KBS:HOSE:MIG,1,1,experiment-20261003T113748Z-acb3a2e7,CAFEF_C8_COMPLETE_ONLY_V1,-2.5896213242107526,-0.6338936557289003
2025-01-24,KBS:HOSE:MSB,1,1,experiment-20261003T113748Z-acb3a2e7,CAFEF_C8_COMPLETE_ONLY_V1,17.282641719165973,-1.07523836769876
2025-01-24,KBS:HOSE:MSH,1,1,experiment-20261003T113748Z-acb3a2e7,CAFEF_C8_COMPLETE_ONLY_V1,-1.1954252156912322,1.792181035823151
2025-01-24,KBS:HOSE:MWG,0,0,experiment-20261003T113748Z-acb3a2e7,CAFEF_C8_COMPLETE_ONLY_V1,92.43257898046656,-1.0033848550202895
2025-01-24,KBS:HOSE:NAF,1,1,experiment-20261003T113748Z-acb3a2e7,CAFEF_C8_COMPLETE_ONLY_V1,-2.8034915485248413,0.6688710988667759
2025-01-24,KBS:HOSE:NAV,1,1,experiment-20261003T113748Z-acb3a2e7,CAFEF_C8_COMPLETE_ONLY_V1,-4.0313511109478775,0.9275632645961839
2025-01-24,KBS:HOSE:NBB,1,1,experiment-20261003T113748Z-acb3a2e7,CAFEF_C8_COMPLETE_ONLY_V1,-0.08028515851284118,-0.7958100183909136
2025-01-24,KBS:HOSE:NCT,1,1,experiment-20261003T113748Z-acb3a2e7,CAFEF_C8_COMPLETE_ONLY_V1,-3.8778652642152838,0.766732873973811
2025-01-24,KBS:HOSE:NHA,1,1,experiment-20261003T113748Z-acb3a2e7,CAFEF_C8_COMPLETE_ONLY_V1,0.5883632692261931,-1.1595481607460045
2025-01-24,KBS:HOSE:NHT,1,1,experiment-20261003T113748Z-acb3a2e7,CAFEF_C8_COMPLETE_ONLY_V1,-4.008694150194398,0.12980442531387576
2025-01-24,KBS:HOSE:NKG,1,1,experiment-20261003T113748Z-acb3a2e7,CAFEF_C8_COMPLETE_ONLY_V1,7.259671131799181,-3.0328493030796153
2025-01-24,KBS:HOSE:NLG,1,1,experiment-20261003T113748Z-acb3a2e7,CAFEF_C8_COMPLETE_ONLY_V1,11.808299267225445,-1.2710289692442822
2025-01-24,KBS:HOSE:NNC,1,1,experiment-20261003T113748Z-acb3a2e7,CAFEF_C8_COMPLETE_ONLY_V1,-3.891420196903411,1.3247232379207947
2025-01-24,KBS:HOSE:NTL,1,1,experiment-20261003T113748Z-acb3a2e7,CAFEF_C8_COMPLETE_ONLY_V1,2.155094122689772,-2.785635993005699
2025-01-24,KBS:HOSE:NVL,1,1,experiment-20261003T113748Z-acb3a2e7,CAFEF_C8_COMPLETE_ONLY_V1,15.775319171182222,-2.9904966370147483
2025-01-24,KBS:HOSE:NVT,1,1,experiment-20261003T113748Z-acb3a2e7,CAFEF_C8_COMPLETE_ONLY_V1,-4.033136698581436,-0.9055403290812739
2025-01-24,KBS:HOSE:OCB,1,1,experiment-20261003T113748Z-acb3a2e7,CAFEF_C8_COMPLETE_ONLY_V1,3.481567549078498,-0.9471686135701648
2025-01-24,KBS:HOSE:OGC,1,1,experiment-20261003T113748Z-acb3a2e7,CAFEF_C8_COMPLETE_ONLY_V1,-3.7812070073533404,-2.8564806884803264
2025-01-24,KBS:HOSE:OPC,1,1,experiment-20261003T113748Z-acb3a2e7,CAFEF_C8_COMPLETE_ONLY_V1,-3.9809899882803355,-0.2725536296049687
2025-01-24,KBS:HOSE:ORS,1,1,experiment-20261003T113748Z-acb3a2e7,CAFEF_C8_COMPLETE_ONLY_V1,14.791977886474502,-0.4598669384496747
2025-01-24,KBS:HOSE:PAC,1,1,experiment-20261003T113748Z-acb3a2e7,CAFEF_C8_COMPLETE_ONLY_V1,0.7713373386227502,-1.229493136581512
2025-01-24,KBS:HOSE:PAN,1,1,experiment-20261003T113748Z-acb3a2e7,CAFEF_C8_COMPLETE_ONLY_V1,6.613136534407738,0.6118990401479525
2025-01-24,KBS:HOSE:PDN,1,1,experiment-20261003T113748Z-acb3a2e7,CAFEF_C8_COMPLETE_ONLY_V1,-4.002116016527665,0.2354168585869045
2025-01-24,KBS:HOSE:PGC,1,1,experiment-20261003T113748Z-acb3a2e7,CAFEF_C8_COMPLETE_ONLY_V1,-3.8895286987386894,0.49432522369314885
2025-01-24,KBS:HOSE:PGD,1,1,experiment-20261003T113748Z-acb3a2e7,CAFEF_C8_COMPLETE_ONLY_V1,-3.986683857212678,-1.4023768341783402
2025-01-24,KBS:HOSE:PGI,1,1,experiment-20261003T113748Z-acb3a2e7,CAFEF_C8_COMPLETE_ONLY_V1,-4.024749393514166,-0.07966231939414191
2025-01-24,KBS:HOSE:PGV,1,1,experiment-20261003T113748Z-acb3a2e7,CAFEF_C8_COMPLETE_ONLY_V1,-3.859146071751265,-1.300531648177116
2025-01-24,KBS:HOSE:PHR,1,1,experiment-20261003T113748Z-acb3a2e7,CAFEF_C8_COMPLETE_ONLY_V1,-2.439549301760025,-0.6304936003806192
2025-01-24,KBS:HOSE:PIT,1,1,experiment-20261003T113748Z-acb3a2e7,CAFEF_C8_COMPLETE_ONLY_V1,-4.045734373312701,-0.7448292430901046
2025-01-24,KBS:HOSE:PLP,1,1,experiment-20261003T113748Z-acb3a2e7,CAFEF_C8_COMPLETE_ONLY_V1,-3.745317874236015,0.6277427076120291
2025-01-24,KBS:HOSE:PLX,1,1,experiment-20261003T113748Z-acb3a2e7,CAFEF_C8_COMPLETE_ONLY_V1,6.464314140691424,-0.9832753637143772
2025-01-24,KBS:HOSE:PNC,1,1,experiment-20261003T113748Z-acb3a2e7,CAFEF_C8_COMPLETE_ONLY_V1,-4.00066777902579,4.86198051494371
2025-01-24,KBS:HOSE:PNJ,1,1,experiment-20261003T113748Z-acb3a2e7,CAFEF_C8_COMPLETE_ONLY_V1,14.689202415125838,-0.14496646787818163
2025-01-24,KBS:HOSE:PTB,1,1,experiment-20261003T113748Z-acb3a2e7,CAFEF_C8_COMPLETE_ONLY_V1,-1.1689192620475435,-0.48297588281767406
2025-01-24,KBS:HOSE:PTL,1,1,experiment-20261003T113748Z-acb3a2e7,CAFEF_C8_COMPLETE_ONLY_V1,-4.006776937380037,-2.8700628098550065
2025-01-24,KBS:HOSE:PVP,1,1,experiment-20261003T113748Z-acb3a2e7,CAFEF_C8_COMPLETE_ONLY_V1,-2.3411317389592674,0.3823361813839715
2025-01-24,KBS:HOSE:PVT,1,1,experiment-20261003T113748Z-acb3a2e7,CAFEF_C8_COMPLETE_ONLY_V1,9.084373809085298,-1.073079774172689
2025-01-24,KBS:HOSE:QCG,1,1,experiment-20261003T113748Z-acb3a2e7,CAFEF_C8_COMPLETE_ONLY_V1,-2.5906005801105207,0.9567657356077212
2025-01-24,KBS:HOSE:RAL,1,1,experiment-20261003T113748Z-acb3a2e7,CAFEF_C8_COMPLETE_ONLY_V1,-3.8513841806784885,-1.3009052964065253
2025-01-24,KBS:HOSE:S4A,1,1,experiment-20261003T113748Z-acb3a2e7,CAFEF_C8_COMPLETE_ONLY_V1,-4.0359357455912175,-0.7461976321866861
2025-01-24,KBS:HOSE:SAB,1,1,experiment-20261003T113748Z-acb3a2e7,CAFEF_C8_COMPLETE_ONLY_V1,4.718593239943662,-0.5546497155224507
2025-01-24,KBS:HOSE:SAM,1,1,experiment-20261003T113748Z-acb3a2e7,CAFEF_C8_COMPLETE_ONLY_V1,-0.0447267108641825,-0.42436495289173076
2025-01-24,KBS:HOSE:SAV,1,1,experiment-20261003T113748Z-acb3a2e7,CAFEF_C8_COMPLETE_ONLY_V1,-3.9533003627725005,0.1950937959999585
2025-01-24,KBS:HOSE:SBA,1,1,experiment-20261003T113748Z-acb3a2e7,CAFEF_C8_COMPLETE_ONLY_V1,-3.8992567610068614,-0.5053329843441392
2025-01-24,KBS:HOSE:SBV,1,1,experiment-20261003T113748Z-acb3a2e7,CAFEF_C8_COMPLETE_ONLY_V1,-4.037041153634721,-0.6769350381134627
2025-01-24,KBS:HOSE:SC5,1,1,experiment-20261003T113748Z-acb3a2e7,CAFEF_C8_COMPLETE_ONLY_V1,-4.049258239776301,-0.1855083964459795
2025-01-24,KBS:HOSE:SCR,1,1,experiment-20261003T113748Z-acb3a2e7,CAFEF_C8_COMPLETE_ONLY_V1,-0.5805449883422941,-1.530196747642091
2025-01-24,KBS:HOSE:SCS,1,1,experiment-20261003T113748Z-acb3a2e7,CAFEF_C8_COMPLETE_ONLY_V1,4.047629684899779,0.4281770259894757
2025-01-24,KBS:HOSE:SFC,1,1,experiment-20261003T113748Z-acb3a2e7,CAFEF_C8_COMPLETE_ONLY_V1,-4.033305609199897,0.42851954983570295
2025-01-24,KBS:HOSE:SFI,1,1,experiment-20261003T113748Z-acb3a2e7,CAFEF_C8_COMPLETE_ONLY_V1,-3.9909928128904313,-0.38551212267225987
2025-01-24,KBS:HOSE:SGR,1,1,experiment-20261003T113748Z-acb3a2e7,CAFEF_C8_COMPLETE_ONLY_V1,-2.9290633176891547,0.9089398272096749
2025-01-24,KBS:HOSE:SGT,1,1,experiment-20261003T113748Z-acb3a2e7,CAFEF_C8_COMPLETE_ONLY_V1,-3.3474137451691846,4.179982049143505
2025-01-24,KBS:HOSE:SHA,1,1,experiment-20261003T113748Z-acb3a2e7,CAFEF_C8_COMPLETE_ONLY_V1,-4.038448408966487,-1.4434346005605438
2025-01-24,KBS:HOSE:SHB,0,0,experiment-20261003T113748Z-acb3a2e7,CAFEF_C8_COMPLETE_ONLY_V1,30.09771383312654,-0.9922001651468896
2025-01-24,KBS:HOSE:SHI,1,1,experiment-20261003T113748Z-acb3a2e7,CAFEF_C8_COMPLETE_ONLY_V1,-0.27969908459592424,0.2208715395416241
2025-01-24,KBS:HOSE:SHP,1,1,experiment-20261003T113748Z-acb3a2e7,CAFEF_C8_COMPLETE_ONLY_V1,-3.9138380966975084,0.1398370076888106
2025-01-24,KBS:HOSE:SIP,1,1,experiment-20261003T113748Z-acb3a2e7,CAFEF_C8_COMPLETE_ONLY_V1,7.446832909631184,0.7293282558674836
2025-01-24,KBS:HOSE:SJD,1,1,experiment-20261003T113748Z-acb3a2e7,CAFEF_C8_COMPLETE_ONLY_V1,-3.5034625710100467,-0.32611237764286555
2025-01-24,KBS:HOSE:SJS,1,1,experiment-20261003T113748Z-acb3a2e7,CAFEF_C8_COMPLETE_ONLY_V1,21.563056700784244,3.3489531953458918
2025-01-24,KBS:HOSE:SMA,1,1,experiment-20261003T113748Z-acb3a2e7,CAFEF_C8_COMPLETE_ONLY_V1,-4.020139182387875,6.290399766612443
2025-01-24,KBS:HOSE:SMB,1,1,experiment-20261003T113748Z-acb3a2e7,CAFEF_C8_COMPLETE_ONLY_V1,-3.728271070768717,0.5595291223733748
2025-01-24,KBS:HOSE:SMC,1,1,experiment-20261003T113748Z-acb3a2e7,CAFEF_C8_COMPLETE_ONLY_V1,-2.311575067012789,-4.729265626776574
2025-01-24,KBS:HOSE:SPM,1,1,experiment-20261003T113748Z-acb3a2e7,CAFEF_C8_COMPLETE_ONLY_V1,-4.026734213624363,1.176431286974892
2025-01-24,KBS:HOSE:SRC,1,1,experiment-20261003T113748Z-acb3a2e7,CAFEF_C8_COMPLETE_ONLY_V1,-4.0592261874988855,-1.2484586356276304
2025-01-24,KBS:HOSE:SRF,1,1,experiment-20261003T113748Z-acb3a2e7,CAFEF_C8_COMPLETE_ONLY_V1,-3.9746817599958497,-1.043139521737982
2025-01-24,KBS:HOSE:SSB,1,1,experiment-20261003T113748Z-acb3a2e7,CAFEF_C8_COMPLETE_ONLY_V1,16.755785874433307,0.10233573590064134
2025-01-24,KBS:HOSE:SSC,1,1,experiment-20261003T113748Z-acb3a2e7,CAFEF_C8_COMPLETE_ONLY_V1,-4.029830716153996,-0.09600122089547718
2025-01-24,KBS:HOSE:STB,0,0,experiment-20261003T113748Z-acb3a2e7,CAFEF_C8_COMPLETE_ONLY_V1,111.91074331441166,0.7420770526846484
2025-01-24,KBS:HOSE:STG,1,1,experiment-20261003T113748Z-acb3a2e7,CAFEF_C8_COMPLETE_ONLY_V1,-4.050050592624578,-0.5558936928887691
2025-01-24,KBS:HOSE:STK,1,1,experiment-20261003T113748Z-acb3a2e7,CAFEF_C8_COMPLETE_ONLY_V1,-3.827791733849127,-1.7866627769168193
2025-01-24,KBS:HOSE:SVC,1,1,experiment-20261003T113748Z-acb3a2e7,CAFEF_C8_COMPLETE_ONLY_V1,-4.058534176994034,-2.3576411234511667
2025-01-24,KBS:HOSE:SVT,1,1,experiment-20261003T113748Z-acb3a2e7,CAFEF_C8_COMPLETE_ONLY_V1,-4.0365653735200455,0.20976916036872958
2025-01-24,KBS:HOSE:SZC,1,1,experiment-20261003T113748Z-acb3a2e7,CAFEF_C8_COMPLETE_ONLY_V1,11.597142218573278,0.30489895318687416
2025-01-24,KBS:HOSE:SZL,1,1,experiment-20261003T113748Z-acb3a2e7,CAFEF_C8_COMPLETE_ONLY_V1,-3.9692248536850565,-0.5495189398657586
2025-01-24,KBS:HOSE:TCB,0,0,experiment-20261003T113748Z-acb3a2e7,CAFEF_C8_COMPLETE_ONLY_V1,83.80125287378397,0.33802716601331606
2025-01-24,KBS:HOSE:TCL,1,1,experiment-20261003T113748Z-acb3a2e7,CAFEF_C8_COMPLETE_ONLY_V1,-3.5741700773945557,-0.17984577098280288
2025-01-24,KBS:HOSE:TCM,1,1,experiment-20261003T113748Z-acb3a2e7,CAFEF_C8_COMPLETE_ONLY_V1,16.902473994826174,-1.607324587116725
2025-01-24,KBS:HOSE:TCO,1,1,experiment-20261003T113748Z-acb3a2e7,CAFEF_C8_COMPLETE_ONLY_V1,-2.8217159990800247,2.2191503573858142
2025-01-24,KBS:HOSE:TCR,1,1,experiment-20261003T113748Z-acb3a2e7,CAFEF_C8_COMPLETE_ONLY_V1,-4.055728078488513,-0.21168858938655208
2025-01-24,KBS:HOSE:TDC,1,1,experiment-20261003T113748Z-acb3a2e7,CAFEF_C8_COMPLETE_ONLY_V1,-1.3053158752171408,1.4646167362174503
2025-01-24,KBS:HOSE:TDG,1,1,experiment-20261003T113748Z-acb3a2e7,CAFEF_C8_COMPLETE_ONLY_V1,-4.022936765018576,-1.3305782433062685
2025-01-24,KBS:HOSE:TDP,1,1,experiment-20261003T113748Z-acb3a2e7,CAFEF_C8_COMPLETE_ONLY_V1,-2.6107064395466533,0.16093383515452162
2025-01-24,KBS:HOSE:TDW,1,1,experiment-20261003T113748Z-acb3a2e7,CAFEF_C8_COMPLETE_ONLY_V1,-4.048630740250825,0.09954995212245871
2025-01-24,KBS:HOSE:TEG,1,1,experiment-20261003T113748Z-acb3a2e7,CAFEF_C8_COMPLETE_ONLY_V1,-3.5371333986526214,-3.3826126383243404
2025-01-24,KBS:HOSE:THG,1,1,experiment-20261003T113748Z-acb3a2e7,CAFEF_C8_COMPLETE_ONLY_V1,-3.2391635989749585,3.026428162272349
2025-01-24,KBS:HOSE:TIP,1,1,experiment-20261003T113748Z-acb3a2e7,CAFEF_C8_COMPLETE_ONLY_V1,-3.5208586044184877,-1.0185783240449084
2025-01-24,KBS:HOSE:TIX,1,1,experiment-20261003T113748Z-acb3a2e7,CAFEF_C8_COMPLETE_ONLY_V1,-3.994322256229581,1.5516523057631149
2025-01-24,KBS:HOSE:TLG,1,1,experiment-20261003T113748Z-acb3a2e7,CAFEF_C8_COMPLETE_ONLY_V1,2.1656793783258763,2.1707998785113176
2025-01-24,KBS:HOSE:TLH,1,1,experiment-20261003T113748Z-acb3a2e7,CAFEF_C8_COMPLETE_ONLY_V1,-3.806357619826611,-3.4696009075010776
2025-01-24,KBS:HOSE:TMS,1,1,experiment-20261003T113748Z-acb3a2e7,CAFEF_C8_COMPLETE_ONLY_V1,-4.023899717976449,-0.8254263236486591
2025-01-24,KBS:HOSE:TMT,1,1,experiment-20261003T113748Z-acb3a2e7,CAFEF_C8_COMPLETE_ONLY_V1,-3.6697302068847923,5.149785676854935
2025-01-24,KBS:HOSE:TNC,1,1,experiment-20261003T113748Z-acb3a2e7,CAFEF_C8_COMPLETE_ONLY_V1,-4.058978803486956,-1.2890152555195
2025-01-24,KBS:HOSE:TNH,1,1,experiment-20261003T113748Z-acb3a2e7,CAFEF_C8_COMPLETE_ONLY_V1,0.7524321450536844,0.7760667709598492
2025-01-24,KBS:HOSE:TNI,1,1,experiment-20261003T113748Z-acb3a2e7,CAFEF_C8_COMPLETE_ONLY_V1,-3.9820627777424766,-0.943498988242968
2025-01-24,KBS:HOSE:TNT,1,1,experiment-20261003T113748Z-acb3a2e7,CAFEF_C8_COMPLETE_ONLY_V1,-3.9635453361222095,-0.3586464255072181
2025-01-24,KBS:HOSE:TPB,0,0,experiment-20261003T113748Z-acb3a2e7,CAFEF_C8_COMPLETE_ONLY_V1,33.81957071786891,-0.3368464668571004
2025-01-24,KBS:HOSE:TRA,1,1,experiment-20261003T113748Z-acb3a2e7,CAFEF_C8_COMPLETE_ONLY_V1,-3.9504751688797217,-0.2627363882366862
2025-01-24,KBS:HOSE:TRC,1,1,experiment-20261003T113748Z-acb3a2e7,CAFEF_C8_COMPLETE_ONLY_V1,0.13731621356215223,7.9641350353700355
2025-01-24,KBS:HOSE:TTE,1,1,experiment-20261003T113748Z-acb3a2e7,CAFEF_C8_COMPLETE_ONLY_V1,-3.984026230488302,10.368062360570873
2025-01-24,KBS:HOSE:TVB,1,1,experiment-20261003T113748Z-acb3a2e7,CAFEF_C8_COMPLETE_ONLY_V1,-3.8750267025681926,-0.7749140414129162
2025-01-24,KBS:HOSE:TVS,1,1,experiment-20261003T113748Z-acb3a2e7,CAFEF_C8_COMPLETE_ONLY_V1,-3.684587182785882,-2.03825777144465
2025-01-24,KBS:HOSE:TVT,1,1,experiment-20261003T113748Z-acb3a2e7,CAFEF_C8_COMPLETE_ONLY_V1,-4.009621315792114,-0.07062992974328307
2025-01-24,KBS:HOSE:UIC,1,1,experiment-20261003T113748Z-acb3a2e7,CAFEF_C8_COMPLETE_ONLY_V1,-4.011225814174078,0.7624131036037692
2025-01-24,KBS:HOSE:VCG,0,0,experiment-20261003T113748Z-acb3a2e7,CAFEF_C8_COMPLETE_ONLY_V1,34.76257841723484,0.30447827093614915
2025-01-24,KBS:HOSE:VDS,1,1,experiment-20261003T113748Z-acb3a2e7,CAFEF_C8_COMPLETE_ONLY_V1,7.883971010486601,-1.2499960795014746
2025-01-24,KBS:HOSE:VFG,1,1,experiment-20261003T113748Z-acb3a2e7,CAFEF_C8_COMPLETE_ONLY_V1,-3.193805049643885,-0.04990019644072163
2025-01-24,KBS:HOSE:VGC,1,1,experiment-20261003T113748Z-acb3a2e7,CAFEF_C8_COMPLETE_ONLY_V1,18.099877033218334,1.0812802290930938
2025-01-24,KBS:HOSE:VHC,1,1,experiment-20261003T113748Z-acb3a2e7,CAFEF_C8_COMPLETE_ONLY_V1,12.087059556932154,-0.7538910268659222
2025-01-24,KBS:HOSE:VHM,0,0,experiment-20261003T113748Z-acb3a2e7,CAFEF_C8_COMPLETE_ONLY_V1,51.72245755432726,-0.9787944083869327
2025-01-24,KBS:HOSE:VID,1,1,experiment-20261003T113748Z-acb3a2e7,CAFEF_C8_COMPLETE_ONLY_V1,-4.024536410630909,-0.07506707296436892
2025-01-24,KBS:HOSE:VIP,1,1,experiment-20261003T113748Z-acb3a2e7,CAFEF_C8_COMPLETE_ONLY_V1,-3.323600895833061,0.31925006501937514
2025-01-24,KBS:HOSE:VIX,0,0,experiment-20261003T113748Z-acb3a2e7,CAFEF_C8_COMPLETE_ONLY_V1,33.54467267496564,-1.9310238413309555
2025-01-24,KBS:HOSE:VJC,0,0,experiment-20261003T113748Z-acb3a2e7,CAFEF_C8_COMPLETE_ONLY_V1,39.61305894907798,-1.1068154698059431
2025-01-24,KBS:HOSE:VMD,1,1,experiment-20261003T113748Z-acb3a2e7,CAFEF_C8_COMPLETE_ONLY_V1,-4.009301946930291,0.07024794965651687
2025-01-24,KBS:HOSE:VND,1,1,experiment-20261003T113748Z-acb3a2e7,CAFEF_C8_COMPLETE_ONLY_V1,24.16924707607497,-2.796667551191694
2025-01-24,KBS:HOSE:VNG,1,1,experiment-20261003T113748Z-acb3a2e7,CAFEF_C8_COMPLETE_ONLY_V1,-3.9923639204301664,-0.3517670606592511
2025-01-24,KBS:HOSE:VOS,1,1,experiment-20261003T113748Z-acb3a2e7,CAFEF_C8_COMPLETE_ONLY_V1,9.451880093271985,-0.7364867410974334
2025-01-24,KBS:HOSE:VPB,0,0,experiment-20261003T113748Z-acb3a2e7,CAFEF_C8_COMPLETE_ONLY_V1,61.72017782202343,-0.9150998335628112
2025-01-24,KBS:HOSE:VPG,1,1,experiment-20261003T113748Z-acb3a2e7,CAFEF_C8_COMPLETE_ONLY_V1,-3.288162839416614,-3.3305549705024804
2025-01-24,KBS:HOSE:VPS,1,1,experiment-20261003T113748Z-acb3a2e7,CAFEF_C8_COMPLETE_ONLY_V1,-4.048313609912031,-1.5098273957846862
2025-01-24,KBS:HOSE:VSC,1,1,experiment-20261003T113748Z-acb3a2e7,CAFEF_C8_COMPLETE_ONLY_V1,13.703472665484014,-0.27339017005631705
2025-01-24,KBS:HOSE:VSH,1,1,experiment-20261003T113748Z-acb3a2e7,CAFEF_C8_COMPLETE_ONLY_V1,-3.520658735634241,-0.09932756950162895
2025-01-24,KBS:HOSE:VSI,1,1,experiment-20261003T113748Z-acb3a2e7,CAFEF_C8_COMPLETE_ONLY_V1,-3.913685263913555,-0.7170169677790182
2025-01-24,KBS:HOSE:VTO,1,1,experiment-20261003T113748Z-acb3a2e7,CAFEF_C8_COMPLETE_ONLY_V1,-2.1411886437890835,0.138470621361021
2025-01-24,KBS:UPCOM:A32,1,1,experiment-20261003T113748Z-acb3a2e7,CAFEF_C8_COMPLETE_ONLY_V1,-4.033291652124745,1.9885334994126564
2025-01-24,KBS:UPCOM:AAS,1,1,experiment-20261003T113748Z-acb3a2e7,CAFEF_C8_COMPLETE_ONLY_V1,0.4002538597661678,0.47675089540809995
2025-01-24,KBS:UPCOM:AAV,1,1,experiment-20261003T113748Z-acb3a2e7,CAFEF_C8_COMPLETE_ONLY_V1,-2.618771640700713,1.3237340489796554
2025-01-24,KBS:UPCOM:ABB,1,1,experiment-20261003T113748Z-acb3a2e7,CAFEF_C8_COMPLETE_ONLY_V1,-3.229478312243132,-1.4646136065854154
2025-01-24,KBS:UPCOM:ABC,1,1,experiment-20261003T113748Z-acb3a2e7,CAFEF_C8_COMPLETE_ONLY_V1,-3.2894681315287384,2.056585249109755
2025-01-24,KBS:UPCOM:ABI,1,1,experiment-20261003T113748Z-acb3a2e7,CAFEF_C8_COMPLETE_ONLY_V1,-3.4410639629648836,0.9922637826883653
2025-01-24,KBS:UPCOM:ACE,1,1,experiment-20261003T113748Z-acb3a2e7,CAFEF_C8_COMPLETE_ONLY_V1,-3.97005402072167,0.028582153060699462
2025-01-24,KBS:UPCOM:ACM,1,1,experiment-20261003T113748Z-acb3a2e7,CAFEF_C8_COMPLETE_ONLY_V1,-3.9920190743815924,-0.6208458927775482
2025-01-24,KBS:UPCOM:ACS,1,1,experiment-20261003T113748Z-acb3a2e7,CAFEF_C8_COMPLETE_ONLY_V1,-4.0891405703601595,0.2180720535113788
2025-01-24,KBS:UPCOM:ACV,1,1,experiment-20261003T113748Z-acb3a2e7,CAFEF_C8_COMPLETE_ONLY_V1,11.819243712365077,0.8713145997418932
2025-01-24,KBS:UPCOM:AG1,1,1,experiment-20261003T113748Z-acb3a2e7,CAFEF_C8_COMPLETE_ONLY_V1,-4.020802389024121,3.667140249039142
2025-01-24,KBS:UPCOM:AGF,1,1,experiment-20261003T113748Z-acb3a2e7,CAFEF_C8_COMPLETE_ONLY_V1,-4.062739900783508,-1.3819470205176838
2025-01-24,KBS:UPCOM:AGP,1,1,experiment-20261003T113748Z-acb3a2e7,CAFEF_C8_COMPLETE_ONLY_V1,-3.982885907754796,0.40460015603519645
2025-01-24,KBS:UPCOM:AGX,1,1,experiment-20261003T113748Z-acb3a2e7,CAFEF_C8_COMPLETE_ONLY_V1,-4.031000120182023,0.02104242590153056
2025-01-24,KBS:UPCOM:AIC,1,1,experiment-20261003T113748Z-acb3a2e7,CAFEF_C8_COMPLETE_ONLY_V1,-4.016942059042009,-0.8546423367175199
2025-01-24,KBS:UPCOM:ALV,1,1,experiment-20261003T113748Z-acb3a2e7,CAFEF_C8_COMPLETE_ONLY_V1,-4.017829166986993,-0.42065364689207485
2025-01-24,KBS:UPCOM:AMP,1,1,experiment-20261003T113748Z-acb3a2e7,CAFEF_C8_COMPLETE_ONLY_V1,-4.042964862629885,1.6477915034129003
2025-01-24,KBS:UPCOM:AMS,1,1,experiment-20261003T113748Z-acb3a2e7,CAFEF_C8_COMPLETE_ONLY_V1,-3.8593611404279575,-1.7105643067273173
2025-01-24,KBS:UPCOM:APF,1,1,experiment-20261003T113748Z-acb3a2e7,CAFEF_C8_COMPLETE_ONLY_V1,-3.852105263993718,-0.5996572193326836
2025-01-24,KBS:UPCOM:APL,1,1,experiment-20261003T113748Z-acb3a2e7,CAFEF_C8_COMPLETE_ONLY_V1,-4.061617825467171,2.6564369138595447
2025-01-24,KBS:UPCOM:APT,1,1,experiment-20261003T113748Z-acb3a2e7,CAFEF_C8_COMPLETE_ONLY_V1,-4.046571680059275,1.5398983555361383
2025-01-24,KBS:UPCOM:ART,1,1,experiment-20261003T113748Z-acb3a2e7,CAFEF_C8_COMPLETE_ONLY_V1,-4.021700047868297,-0.36754839575167303
2025-01-24,KBS:UPCOM:ATA,1,1,experiment-20261003T113748Z-acb3a2e7,CAFEF_C8_COMPLETE_ONLY_V1,-4.090459207066019,0.5265527715571462
2025-01-24,KBS:UPCOM:ATG,1,1,experiment-20261003T113748Z-acb3a2e7,CAFEF_C8_COMPLETE_ONLY_V1,-4.081818835277796,-2.4091172227555644
2025-01-24,KBS:UPCOM:AVC,1,1,experiment-20261003T113748Z-acb3a2e7,CAFEF_C8_COMPLETE_ONLY_V1,-4.012413282856547,0.2043620037365982
2025-01-24,KBS:UPCOM:BAL,1,1,experiment-20261003T113748Z-acb3a2e7,CAFEF_C8_COMPLETE_ONLY_V1,-4.0505858260678504,1.727285409774799
2025-01-24,KBS:UPCOM:BBH,1,1,experiment-20261003T113748Z-acb3a2e7,CAFEF_C8_COMPLETE_ONLY_V1,-4.110209751308461,-2.133732557844916
2025-01-24,KBS:UPCOM:BBM,1,1,experiment-20261003T113748Z-acb3a2e7,CAFEF_C8_COMPLETE_ONLY_V1,-4.104056788470253,-0.29076195585418807
2025-01-24,KBS:UPCOM:BBT,1,1,experiment-20261003T113748Z-acb3a2e7,CAFEF_C8_COMPLETE_ONLY_V1,-4.067724120748012,2.774476018879047
2025-01-24,KBS:UPCOM:BCA,1,1,experiment-20261003T113748Z-acb3a2e7,CAFEF_C8_COMPLETE_ONLY_V1,-3.9967887474103825,-0.7766594300911732
2025-01-24,KBS:UPCOM:BCB,1,1,experiment-20261003T113748Z-acb3a2e7,CAFEF_C8_COMPLETE_ONLY_V1,-4.0170087881028,0.16510826511507737
2025-01-24,KBS:UPCOM:BCP,1,1,experiment-20261003T113748Z-acb3a2e7,CAFEF_C8_COMPLETE_ONLY_V1,-4.054512253442188,-1.5359702969018207
2025-01-24,KBS:UPCOM:BDG,1,1,experiment-20261003T113748Z-acb3a2e7,CAFEF_C8_COMPLETE_ONLY_V1,-4.003822899085238,-0.555013112645665
2025-01-24,KBS:UPCOM:BDT,1,1,experiment-20261003T113748Z-acb3a2e7,CAFEF_C8_COMPLETE_ONLY_V1,-3.9914319929049893,-2.1449276171318568
2025-01-24,KBS:UPCOM:BDW,1,1,experiment-20261003T113748Z-acb3a2e7,CAFEF_C8_COMPLETE_ONLY_V1,-3.8549254341654122,0.6512712567984267
2025-01-24,KBS:UPCOM:BEL,1,1,experiment-20261003T113748Z-acb3a2e7,CAFEF_C8_COMPLETE_ONLY_V1,-4.048544833412201,-3.544301823193891
2025-01-24,KBS:UPCOM:BGW,1,1,experiment-20261003T113748Z-acb3a2e7,CAFEF_C8_COMPLETE_ONLY_V1,-4.04299951154722,-0.3830857798114401
2025-01-24,KBS:UPCOM:BHA,1,1,experiment-20261003T113748Z-acb3a2e7,CAFEF_C8_COMPLETE_ONLY_V1,-4.0232157525476655,1.2094413188236106
2025-01-24,KBS:UPCOM:BHC,1,1,experiment-20261003T113748Z-acb3a2e7,CAFEF_C8_COMPLETE_ONLY_V1,-4.060125644025548,0.4204760292514836
2025-01-24,KBS:UPCOM:BHG,1,1,experiment-20261003T113748Z-acb3a2e7,CAFEF_C8_COMPLETE_ONLY_V1,-4.023871927389361,-0.614148701708502
2025-01-24,KBS:UPCOM:BHK,1,1,experiment-20261003T113748Z-acb3a2e7,CAFEF_C8_COMPLETE_ONLY_V1,-4.0249146038060895,-0.32156063256637707
2025-01-24,KBS:UPCOM:BHP,1,1,experiment-20261003T113748Z-acb3a2e7,CAFEF_C8_COMPLETE_ONLY_V1,-4.079417020174683,1.1498314206009046
2025-01-24,KBS:UPCOM:BIG,1,1,experiment-20261003T113748Z-acb3a2e7,CAFEF_C8_COMPLETE_ONLY_V1,-3.8096211526028534,-3.475049517635282
2025-01-24,KBS:UPCOM:BIO,1,1,experiment-20261003T113748Z-acb3a2e7,CAFEF_C8_COMPLETE_ONLY_V1,-4.059250873947314,-0.18526721394915327
2025-01-24,KBS:UPCOM:BLF,1,1,experiment-20261003T113748Z-acb3a2e7,CAFEF_C8_COMPLETE_ONLY_V1,-4.048382456673836,-2.3007851299118935
2025-01-24,KBS:UPCOM:BLI,1,1,experiment-20261003T113748Z-acb3a2e7,CAFEF_C8_COMPLETE_ONLY_V1,-4.027638399742511,0.0781520728828491
2025-01-24,KBS:UPCOM:BLN,1,1,experiment-20261003T113748Z-acb3a2e7,CAFEF_C8_COMPLETE_ONLY_V1,-3.997826175982695,-0.868376824713442
2025-01-24,KBS:UPCOM:BLT,1,1,experiment-20261003T113748Z-acb3a2e7,CAFEF_C8_COMPLETE_ONLY_V1,-4.032645049309585,-1.3365558528780757
2025-01-24,KBS:UPCOM:BMD,1,1,experiment-20261003T113748Z-acb3a2e7,CAFEF_C8_COMPLETE_ONLY_V1,-4.050214304184665,2.5715385429166098
2025-01-24,KBS:UPCOM:BMF,1,1,experiment-20261003T113748Z-acb3a2e7,CAFEF_C8_COMPLETE_ONLY_V1,-4.046538534624967,-0.6276332836380943
2025-01-24,KBS:UPCOM:BMG,1,1,experiment-20261003T113748Z-acb3a2e7,CAFEF_C8_COMPLETE_ONLY_V1,-4.02555339440383,-0.06492124190808735
2025-01-24,KBS:UPCOM:BMJ,1,1,experiment-20261003T113748Z-acb3a2e7,CAFEF_C8_COMPLETE_ONLY_V1,-4.043074792484733,-1.1011825691102923
2025-01-24,KBS:UPCOM:BMS,1,1,experiment-20261003T113748Z-acb3a2e7,CAFEF_C8_COMPLETE_ONLY_V1,-3.2532846533089583,1.9686750184360982
2025-01-24,KBS:UPCOM:BMV,1,1,experiment-20261003T113748Z-acb3a2e7,CAFEF_C8_COMPLETE_ONLY_V1,-4.102879178927137,-4.452504729997555
2025-01-24,KBS:UPCOM:BNW,1,1,experiment-20261003T113748Z-acb3a2e7,CAFEF_C8_COMPLETE_ONLY_V1,-4.021692990768316,-0.36674711603164273
2025-01-24,KBS:UPCOM:BQB,1,1,experiment-20261003T113748Z-acb3a2e7,CAFEF_C8_COMPLETE_ONLY_V1,-4.0644939960042015,-1.6040340024802953
2025-01-24,KBS:UPCOM:BRR,1,1,experiment-20261003T113748Z-acb3a2e7,CAFEF_C8_COMPLETE_ONLY_V1,-3.9219191542950167,3.6515397828532747
2025-01-24,KBS:UPCOM:BRS,1,1,experiment-20261003T113748Z-acb3a2e7,CAFEF_C8_COMPLETE_ONLY_V1,-4.040738435570774,-0.5532159753069196
2025-01-24,KBS:UPCOM:BSD,1,1,experiment-20261003T113748Z-acb3a2e7,CAFEF_C8_COMPLETE_ONLY_V1,-4.036016669710051,5.078151486791098
2025-01-24,KBS:UPCOM:BSG,1,1,experiment-20261003T113748Z-acb3a2e7,CAFEF_C8_COMPLETE_ONLY_V1,-3.998578413942319,-0.3858344622493796
2025-01-24,KBS:UPCOM:BSH,1,1,experiment-20261003T113748Z-acb3a2e7,CAFEF_C8_COMPLETE_ONLY_V1,-4.078297159032195,-0.31816419974875393
2025-01-24,KBS:UPCOM:BSL,1,1,experiment-20261003T113748Z-acb3a2e7,CAFEF_C8_COMPLETE_ONLY_V1,-4.016232569608671,1.3291438425908124
2025-01-24,KBS:UPCOM:BSP,1,1,experiment-20261003T113748Z-acb3a2e7,CAFEF_C8_COMPLETE_ONLY_V1,-4.041974777372593,-1.1812379207592132
2025-01-24,KBS:UPCOM:BSQ,1,1,experiment-20261003T113748Z-acb3a2e7,CAFEF_C8_COMPLETE_ONLY_V1,-4.042377040933907,0.7891472315918391
2025-01-24,KBS:UPCOM:BTB,1,1,experiment-20261003T113748Z-acb3a2e7,CAFEF_C8_COMPLETE_ONLY_V1,-4.103105455950412,-2.1881750140112524
2025-01-24,KBS:UPCOM:BTD,1,1,experiment-20261003T113748Z-acb3a2e7,CAFEF_C8_COMPLETE_ONLY_V1,-4.06857123250517,-2.3099766185016257
2025-01-24,KBS:UPCOM:BTG,1,1,experiment-20261003T113748Z-acb3a2e7,CAFEF_C8_COMPLETE_ONLY_V1,-4.065844568585538,2.2518993344427662
2025-01-24,KBS:UPCOM:BTN,1,1,experiment-20261003T113748Z-acb3a2e7,CAFEF_C8_COMPLETE_ONLY_V1,-4.032223597682397,-0.1286282595042662
2025-01-24,KBS:UPCOM:BTU,1,1,experiment-20261003T113748Z-acb3a2e7,CAFEF_C8_COMPLETE_ONLY_V1,-4.051157921961238,-1.3290106805192883
2025-01-24,KBS:UPCOM:BTV,1,1,experiment-20261003T113748Z-acb3a2e7,CAFEF_C8_COMPLETE_ONLY_V1,-4.07784756871746,-0.681641285766686
2025-01-24,KBS:UPCOM:BVG,1,1,experiment-20261003T113748Z-acb3a2e7,CAFEF_C8_COMPLETE_ONLY_V1,-4.029502922103736,0.757978262147562
2025-01-24,KBS:UPCOM:BVL,1,1,experiment-20261003T113748Z-acb3a2e7,CAFEF_C8_COMPLETE_ONLY_V1,-4.062979049245003,-0.9017975944304701
2025-01-24,KBS:UPCOM:BVN,1,1,experiment-20261003T113748Z-acb3a2e7,CAFEF_C8_COMPLETE_ONLY_V1,-4.08441420738074,1.8687299262430874
2025-01-24,KBS:UPCOM:BWA,1,1,experiment-20261003T113748Z-acb3a2e7,CAFEF_C8_COMPLETE_ONLY_V1,-4.029605026485628,-0.5810628651721058
2025-01-24,KBS:UPCOM:BWS,1,1,experiment-20261003T113748Z-acb3a2e7,CAFEF_C8_COMPLETE_ONLY_V1,-3.9045798094750066,0.7768648529821793
2025-01-24,KBS:UPCOM:C22,1,1,experiment-20261003T113748Z-acb3a2e7,CAFEF_C8_COMPLETE_ONLY_V1,-4.052163436048182,0.8438493433793209
2025-01-24,KBS:UPCOM:C4G,1,1,experiment-20261003T113748Z-acb3a2e7,CAFEF_C8_COMPLETE_ONLY_V1,-3.122140174027309,-1.6682393650601797
2025-01-24,KBS:UPCOM:C92,1,1,experiment-20261003T113748Z-acb3a2e7,CAFEF_C8_COMPLETE_ONLY_V1,-3.958938257740762,-0.6182760225512445
2025-01-24,KBS:UPCOM:CAD,1,1,experiment-20261003T113748Z-acb3a2e7,CAFEF_C8_COMPLETE_ONLY_V1,-4.091806512795708,0.10010553769820103
2025-01-24,KBS:UPCOM:CAT,1,1,experiment-20261003T113748Z-acb3a2e7,CAFEF_C8_COMPLETE_ONLY_V1,-4.0026952037833246,0.03531436857899452
2025-01-24,KBS:UPCOM:CBI,1,1,experiment-20261003T113748Z-acb3a2e7,CAFEF_C8_COMPLETE_ONLY_V1,-4.067492682274564,-0.3001755336517918
2025-01-24,KBS:UPCOM:CBS,1,1,experiment-20261003T113748Z-acb3a2e7,CAFEF_C8_COMPLETE_ONLY_V1,-3.8982763529208135,0.30954336838837065
2025-01-24,KBS:UPCOM:CC1,1,1,experiment-20261003T113748Z-acb3a2e7,CAFEF_C8_COMPLETE_ONLY_V1,-3.9847742999047346,2.0071947404819435
2025-01-24,KBS:UPCOM:CCA,1,1,experiment-20261003T113748Z-acb3a2e7,CAFEF_C8_COMPLETE_ONLY_V1,-3.996729071467795,-0.9363266430708871
2025-01-24,KBS:UPCOM:CCM,1,1,experiment-20261003T113748Z-acb3a2e7,CAFEF_C8_COMPLETE_ONLY_V1,-4.020544907400531,0.7144483238726766
2025-01-24,KBS:UPCOM:CCP,1,1,experiment-20261003T113748Z-acb3a2e7,CAFEF_C8_COMPLETE_ONLY_V1,-4.016499895561753,1.4342168408935483
2025-01-24,KBS:UPCOM:CCT,1,1,experiment-20261003T113748Z-acb3a2e7,CAFEF_C8_COMPLETE_ONLY_V1,-4.101472305356043,0.12365804383754501
2025-01-24,KBS:UPCOM:CCV,1,1,experiment-20261003T113748Z-acb3a2e7,CAFEF_C8_COMPLETE_ONLY_V1,-4.086006220889126,-2.5653203873144497
2025-01-24,KBS:UPCOM:CDP,1,1,experiment-20261003T113748Z-acb3a2e7,CAFEF_C8_COMPLETE_ONLY_V1,-4.0439157155162215,-0.22829506231385582
2025-01-24,KBS:UPCOM:CDR,1,1,experiment-20261003T113748Z-acb3a2e7,CAFEF_C8_COMPLETE_ONLY_V1,-3.9399122552414205,11.271129270477335
2025-01-24,KBS:UPCOM:CEN,1,1,experiment-20261003T113748Z-acb3a2e7,CAFEF_C8_COMPLETE_ONLY_V1,-4.0507263452810545,-2.5902496371394514
2025-01-24,KBS:UPCOM:CFM,1,1,experiment-20261003T113748Z-acb3a2e7,CAFEF_C8_COMPLETE_ONLY_V1,-4.049660339762365,1.4803842939146759
2025-01-24,KBS:UPCOM:CFV,1,1,experiment-20261003T113748Z-acb3a2e7,CAFEF_C8_COMPLETE_ONLY_V1,-4.085052857947995,-1.8557501584854326
2025-01-24,KBS:UPCOM:CH5,1,1,experiment-20261003T113748Z-acb3a2e7,CAFEF_C8_COMPLETE_ONLY_V1,-4.019130868512053,-0.07583773263092865
2025-01-24,KBS:UPCOM:CHC,1,1,experiment-20261003T113748Z-acb3a2e7,CAFEF_C8_COMPLETE_ONLY_V1,-4.045412912890785,1.3175907734726566
2025-01-24,KBS:UPCOM:CHS,1,1,experiment-20261003T113748Z-acb3a2e7,CAFEF_C8_COMPLETE_ONLY_V1,-4.0243276701948245,0.8478853868543866
2025-01-24,KBS:UPCOM:CI5,1,1,experiment-20261003T113748Z-acb3a2e7,CAFEF_C8_COMPLETE_ONLY_V1,-4.12301990809222,-1.398580499789659
2025-01-24,KBS:UPCOM:CID,1,1,experiment-20261003T113748Z-acb3a2e7,CAFEF_C8_COMPLETE_ONLY_V1,-4.0738198598035575,6.885586545271988
2025-01-24,KBS:UPCOM:CKA,1,1,experiment-20261003T113748Z-acb3a2e7,CAFEF_C8_COMPLETE_ONLY_V1,-3.9641762304281936,-0.45978901133010686
2025-01-24,KBS:UPCOM:CKD,1,1,experiment-20261003T113748Z-acb3a2e7,CAFEF_C8_COMPLETE_ONLY_V1,-4.030501355503216,-0.5893969374961014
2025-01-24,KBS:UPCOM:CLX,1,1,experiment-20261003T113748Z-acb3a2e7,CAFEF_C8_COMPLETE_ONLY_V1,-2.5611915160709695,0.42390734266315994
2025-01-24,KBS:UPCOM:CMD,1,1,experiment-20261003T113748Z-acb3a2e7,CAFEF_C8_COMPLETE_ONLY_V1,-3.995205777342074,1.1384806733678443
2025-01-24,KBS:UPCOM:CMF,1,1,experiment-20261003T113748Z-acb3a2e7,CAFEF_C8_COMPLETE_ONLY_V1,-3.9903764086596643,0.9212010905309086
2025-01-24,KBS:UPCOM:CMI,1,1,experiment-20261003T113748Z-acb3a2e7,CAFEF_C8_COMPLETE_ONLY_V1,-4.0594200800220825,-1.3035955919989393
2025-01-24,KBS:UPCOM:CMK,1,1,experiment-20261003T113748Z-acb3a2e7,CAFEF_C8_COMPLETE_ONLY_V1,-4.021700047868297,-0.36754839575167303
2025-01-24,KBS:UPCOM:CMN,1,1,experiment-20261003T113748Z-acb3a2e7,CAFEF_C8_COMPLETE_ONLY_V1,-4.022547862139848,-0.7404376528724105
2025-01-24,KBS:UPCOM:CMT,1,1,experiment-20261003T113748Z-acb3a2e7,CAFEF_C8_COMPLETE_ONLY_V1,-3.916380974051682,0.7985227433866192
2025-01-24,KBS:UPCOM:CMW,1,1,experiment-20261003T113748Z-acb3a2e7,CAFEF_C8_COMPLETE_ONLY_V1,-4.074352407639898,-0.345417418369414
2025-01-24,KBS:UPCOM:CNC,1,1,experiment-20261003T113748Z-acb3a2e7,CAFEF_C8_COMPLETE_ONLY_V1,-3.981037089514797,2.252800501392323
2025-01-24,KBS:UPCOM:CNN,1,1,experiment-20261003T113748Z-acb3a2e7,CAFEF_C8_COMPLETE_ONLY_V1,-4.027082702230572,3.2853558276556156
2025-01-24,KBS:UPCOM:CNT,1,1,experiment-20261003T113748Z-acb3a2e7,CAFEF_C8_COMPLETE_ONLY_V1,-4.019115285337006,-2.332607588490205
2025-01-24,KBS:UPCOM:CPA,1,1,experiment-20261003T113748Z-acb3a2e7,CAFEF_C8_COMPLETE_ONLY_V1,-4.071915480446714,-0.7948914708725386
2025-01-24,KBS:UPCOM:CPI,1,1,experiment-20261003T113748Z-acb3a2e7,CAFEF_C8_COMPLETE_ONLY_V1,-4.031182698218461,1.6541055234307362
2025-01-24,KBS:UPCOM:CQN,1,1,experiment-20261003T113748Z-acb3a2e7,CAFEF_C8_COMPLETE_ONLY_V1,-3.97403295101727,0.8424883449977569
2025-01-24,KBS:UPCOM:CQT,1,1,experiment-20261003T113748Z-acb3a2e7,CAFEF_C8_COMPLETE_ONLY_V1,-4.061821939986665,-1.0375712946315125
2025-01-24,KBS:UPCOM:CT3,1,1,experiment-20261003T113748Z-acb3a2e7,CAFEF_C8_COMPLETE_ONLY_V1,-4.0665092624819374,0.4083736665078801
2025-01-24,KBS:UPCOM:CTW,1,1,experiment-20261003T113748Z-acb3a2e7,CAFEF_C8_COMPLETE_ONLY_V1,-4.022814054168988,2.414483178022437
2025-01-24,KBS:UPCOM:CVN,1,1,experiment-20261003T113748Z-acb3a2e7,CAFEF_C8_COMPLETE_ONLY_V1,-4.037683490366815,-1.3040075679964076
2025-01-24,KBS:UPCOM:DAS,1,1,experiment-20261003T113748Z-acb3a2e7,CAFEF_C8_COMPLETE_ONLY_V1,-4.060375449780968,-2.9421054270203304
2025-01-24,KBS:UPCOM:DBM,1,1,experiment-20261003T113748Z-acb3a2e7,CAFEF_C8_COMPLETE_ONLY_V1,-4.040148101022685,3.439996845337537
2025-01-24,KBS:UPCOM:DC1,1,1,experiment-20261003T113748Z-acb3a2e7,CAFEF_C8_COMPLETE_ONLY_V1,-4.049039715619446,4.626476656699751
2025-01-24,KBS:UPCOM:DCF,1,1,experiment-20261003T113748Z-acb3a2e7,CAFEF_C8_COMPLETE_ONLY_V1,-4.090613523708183,-3.8625860343054854
2025-01-24,KBS:UPCOM:DCH,1,1,experiment-20261003T113748Z-acb3a2e7,CAFEF_C8_COMPLETE_ONLY_V1,-4.0335146150489285,-0.8199349152514133
2025-01-24,KBS:UPCOM:DCR,1,1,experiment-20261003T113748Z-acb3a2e7,CAFEF_C8_COMPLETE_ONLY_V1,-4.098636512424042,-3.08716759573104
2025-01-24,KBS:UPCOM:DCS,1,1,experiment-20261003T113748Z-acb3a2e7,CAFEF_C8_COMPLETE_ONLY_V1,-4.0212060691234734,2.3577184358498267
2025-01-24,KBS:UPCOM:DCT,1,1,experiment-20261003T113748Z-acb3a2e7,CAFEF_C8_COMPLETE_ONLY_V1,-4.084286981749596,-1.3479931760869872
2025-01-24,KBS:UPCOM:DDG,1,1,experiment-20261003T113748Z-acb3a2e7,CAFEF_C8_COMPLETE_ONLY_V1,-3.7324926456297787,-2.1532325820481484
2025-01-24,KBS:UPCOM:DDH,1,1,experiment-20261003T113748Z-acb3a2e7,CAFEF_C8_COMPLETE_ONLY_V1,-4.110164449670512,-6.308253396838611
2025-01-24,KBS:UPCOM:DDM,1,1,experiment-20261003T113748Z-acb3a2e7,CAFEF_C8_COMPLETE_ONLY_V1,-4.078366298718562,3.88756453364342
2025-01-24,KBS:UPCOM:DDN,1,1,experiment-20261003T113748Z-acb3a2e7,CAFEF_C8_COMPLETE_ONLY_V1,-4.031133094899247,-0.7393398915822247
2025-01-24,KBS:UPCOM:DDV,1,1,experiment-20261003T113748Z-acb3a2e7,CAFEF_C8_COMPLETE_ONLY_V1,2.0328143181262552,0.18356056980556415
2025-01-24,KBS:UPCOM:DFC,1,1,experiment-20261003T113748Z-acb3a2e7,CAFEF_C8_COMPLETE_ONLY_V1,-4.050849518893946,0.2688337210752368
2025-01-24,KBS:UPCOM:DGT,1,1,experiment-20261003T113748Z-acb3a2e7,CAFEF_C8_COMPLETE_ONLY_V1,-3.1409839624978346,-2.3482177390464964
2025-01-24,KBS:UPCOM:DHB,1,1,experiment-20261003T113748Z-acb3a2e7,CAFEF_C8_COMPLETE_ONLY_V1,-4.017416857784788,-1.519175464880014
2025-01-24,KBS:UPCOM:DHD,1,1,experiment-20261003T113748Z-acb3a2e7,CAFEF_C8_COMPLETE_ONLY_V1,-4.026837967291882,3.138395783679906
2025-01-24,KBS:UPCOM:DHN,1,1,experiment-20261003T113748Z-acb3a2e7,CAFEF_C8_COMPLETE_ONLY_V1,-4.00363467866174,4.95715478524536
2025-01-24,KBS:UPCOM:DIC,1,1,experiment-20261003T113748Z-acb3a2e7,CAFEF_C8_COMPLETE_ONLY_V1,-4.070039709504605,-1.9097417747570178
2025-01-24,KBS:UPCOM:DID,1,1,experiment-20261003T113748Z-acb3a2e7,CAFEF_C8_COMPLETE_ONLY_V1,-4.027589094759621,-0.30232368692060635
2025-01-24,KBS:UPCOM:DKC,1,1,experiment-20261003T113748Z-acb3a2e7,CAFEF_C8_COMPLETE_ONLY_V1,-4.005227654120675,4.575773953319542
2025-01-24,KBS:UPCOM:DLR,1,1,experiment-20261003T113748Z-acb3a2e7,CAFEF_C8_COMPLETE_ONLY_V1,-4.017657327309689,5.8676907620443055
2025-01-24,KBS:UPCOM:DLT,1,1,experiment-20261003T113748Z-acb3a2e7,CAFEF_C8_COMPLETE_ONLY_V1,-4.028150467123705,-1.0999441601146496
2025-01-24,KBS:UPCOM:DM7,1,1,experiment-20261003T113748Z-acb3a2e7,CAFEF_C8_COMPLETE_ONLY_V1,-4.003156138196166,1.6722825613611312
2025-01-24,KBS:UPCOM:DNA,1,1,experiment-20261003T113748Z-acb3a2e7,CAFEF_C8_COMPLETE_ONLY_V1,-3.7982566898458012,0.9449508490499203
2025-01-24,KBS:UPCOM:DTC,1,1,experiment-20261003T113748Z-acb3a2e7,CAFEF_C8_COMPLETE_ONLY_V1,-4.040364618610808,0.7480796411593349
2025-01-24,KBS:UPCOM:PCG,1,1,experiment-20261003T113748Z-acb3a2e7,CAFEF_C8_COMPLETE_ONLY_V1,-4.095217454709201,-6.096297447874759
