snapshot_date,security_id,PC1,PC2,PC3,PC4
2023-11-30,KBS:HOSE:AAM,-1.7063355472404025,-0.7023812003114516,-0.08775475202398215,0.2860614000914979
2023-11-30,KBS:HOSE:ABS,-1.2413170563004752,-1.0013370725259456,-2.320587836651156,0.34702406478692405
2023-11-30,KBS:HOSE:ABT,-1.6464210751281703,1.0628737233599048,0.6322084465095994,0.561092490033784
2023-11-30,KBS:HOSE:ACC,-1.7588728259648891,-1.3761924128545389,0.19574650408262068,-0.48555146216296324
2023-11-30,KBS:HOSE:ACL,-1.6330838044574734,-0.07184094218135223,-0.38520956481111435,-0.3346991565233139
2023-11-30,KBS:HOSE:AGG,-0.14180993315273419,-1.5905916526134025,-0.5766785594177916,-0.2779676990060509
2023-11-30,KBS:HOSE:AGR,1.001379545417609,2.863061499769194,-2.7250697586415704,-0.08887738696940939
2023-11-30,KBS:HOSE:APG,-0.4184580732654826,2.770659251537559,-1.1769242277875194,-1.618968452266516
2023-11-30,KBS:HOSE:APH,-1.3769178594800862,-1.068832497077955,-1.193942864401341,0.29966222149031635
2023-11-30,KBS:HOSE:ASG,-1.7765192818172655,-0.8408860700975241,1.345539121082964,0.10568482038739752
2023-11-30,KBS:HOSE:ASP,-1.7509423127520105,-1.772436431420737,0.11569897408312008,-0.5224296678866358
2023-11-30,KBS:HOSE:AST,-1.762322912266367,-1.7641191462664998,0.7783970739924567,-1.2895241461773128
2023-11-30,KBS:HOSE:BCM,0.1505887163956263,-2.0049126125643912,-0.4035874775905479,0.09857188187331824
2023-11-30,KBS:HOSE:BHN,-1.7000378910648868,-0.5084207101697422,0.3771718306096614,0.9163551807389712
2023-11-30,KBS:HOSE:BTP,-1.6728153014874094,-0.10772693789320568,0.34085355756459607,0.3100877668380075
2023-11-30,KBS:HOSE:BVH,-0.7160339506818852,-1.2505272471659972,0.2374112076368317,0.2651602807044693
2023-11-30,KBS:HOSE:C32,-1.723088987852437,-1.1335775203220948,0.60925455488075,-0.08531374227579304
2023-11-30,KBS:HOSE:CDC,-0.5257044344494342,-0.11378095799331531,1.7099432618835384,0.28454059387711916
2023-11-30,KBS:HOSE:CII,12.547589389680182,-0.4712777029022854,-2.0869715635856396,0.08088282645064182
2023-11-30,KBS:HOSE:CKG,-1.5381881722692061,-1.4041405271076774,-1.2973441864647122,-0.08334540047511695
2023-11-30,KBS:HOSE:CLC,-1.7330044976274759,-0.029219853898474518,1.572260448884367,0.1655532672413294
2023-11-30,KBS:HOSE:CMV,-1.7186078058912004,0.11916980581134815,0.6720130593243726,0.09861833304370446
2023-11-30,KBS:HOSE:CMX,-1.114226703582581,-0.4281913177725669,-1.8942426728905684,-0.029857484834460067
2023-11-30,KBS:HOSE:CNG,-1.3167062385981894,1.216787649871992,-0.7895773112853255,-0.4844380571309312
2023-11-30,KBS:HOSE:CRC,-1.6429473350745167,-0.2649362958663279,-0.4203954733134991,0.4627130878882329
2023-11-30,KBS:HOSE:CRE,-0.8145487865084404,-1.5254152046060947,-1.95225644645592,0.44466900258064324
2023-11-30,KBS:HOSE:CSM,-1.7824519941215644,-1.3648649422677206,0.8293822118861164,0.13215018066215062
2023-11-30,KBS:HOSE:CSV,-0.27060065184306176,1.3770297017815119,-0.8385933376991864,0.37775767943628713
2023-11-30,KBS:HOSE:CTD,9.252165157955222,4.257860495556384,-0.5079941865446966,0.360474422279345
2023-11-30,KBS:HOSE:CTF,-1.2362318400180974,-0.4522919808995465,1.2364230805859182,-0.1765317622641783
2023-11-30,KBS:HOSE:CTI,-1.1366116650947924,0.05203533455491817,-0.18718204746109934,-0.18021046841196392
2023-11-30,KBS:HOSE:CTR,2.7815725326884118,3.0406698847050633,-0.43994847007852717,0.962390034960677
2023-11-30,KBS:HOSE:D2D,-1.601196073078982,-0.3027814714517594,-0.27665010205466223,-0.282182239747706
2023-11-30,KBS:HOSE:DAH,-1.526604641050848,-0.5636106655098675,-1.1234489601953082,0.6339155098178659
2023-11-30,KBS:HOSE:DBD,-1.1472525333567236,1.8582910225808946,1.7177414888789475,-0.4980810924787908
2023-11-30,KBS:HOSE:DCL,-1.5955348429128962,-0.6720500696693513,0.9954678311720493,0.30370404912832444
2023-11-30,KBS:HOSE:DHC,-0.9825482848334159,0.05262209436276666,-0.13452926756394035,-0.26774972088445176
2023-11-30,KBS:HOSE:DMC,-1.6864830904096648,0.35616862112676745,0.7902358596967679,-1.1426696063113317
2023-11-30,KBS:HOSE:DQC,-1.68452083859121,-1.5722685336791775,-0.8967771182938239,-0.7208282169766363
2023-11-30,KBS:HOSE:DRC,-1.0244301715349193,0.3230504337207946,0.3936872205213607,0.12984662925838686
2023-11-30,KBS:HOSE:DSN,-1.6518438410473897,-0.14367567673264856,1.2175474194487084,0.46765252580514016
2023-11-30,KBS:HOSE:DTL,-1.7415020036795572,-2.9705787426519255,-2.4937075324333273,0.09756321259236109
2023-11-30,KBS:HOSE:DTT,-1.6179577246238739,3.3860643381422886,2.4768055479666247,0.055722540688489204
2023-11-30,KBS:HOSE:DVP,-1.5075260688777692,1.7702227594132707,1.1559554170825355,-0.18926351568681993
2023-11-30,KBS:HOSE:ELC,-0.24217579356295285,6.406234570398465,-0.9412647556113027,-1.0337152516467811
2023-11-30,KBS:HOSE:EVE,-1.4049234417598637,-0.4153167815879101,-0.8460990111420161,0.4485577147332015
2023-11-30,KBS:HOSE:EVG,-0.46388388698707156,0.15472812004294637,-3.119188622662236,0.7663081540612381
2023-11-30,KBS:HOSE:FCM,-1.6069086201646272,-0.05352542463988946,-0.7590488679534122,-0.8234714291977911
2023-11-30,KBS:HOSE:FCN,1.1387329925676197,0.7946599023094321,-2.5630871962008626,-0.307765805112697
2023-11-30,KBS:HOSE:FIR,-0.35342662506274375,-2.9955381094094764,-1.1384356707662895,-0.494760597554398
2023-11-30,KBS:HOSE:FIT,-0.7324860018576975,-1.2501266832911218,-2.4265306956160626,-0.07769772226383201
2023-11-30,KBS:HOSE:FPT,17.97150570892743,0.22056457867455764,1.2121839964162962,-0.35344076888387715
2023-11-30,KBS:HOSE:GDT,-1.7132309978865092,-2.017571281545608,-0.2089833905190459,-0.39552676988290125
2023-11-30,KBS:HOSE:GEG,-0.39174819496299534,-0.49951698846670495,-0.7315665217488045,0.44802680576909887
2023-11-30,KBS:HOSE:GMD,4.990266813026086,2.256363340703858,0.7499905452790891,0.6560356263743443
2023-11-30,KBS:HOSE:HAP,-1.6410736047083914,-0.49742035271422413,-0.19357961807836846,-0.024805488797688062
2023-11-30,KBS:HOSE:HHP,-1.3531961790681195,-0.00609691340951576,-0.5253125315235112,0.008650871680237598
2023-11-30,KBS:HOSE:HHV,7.179929126865211,1.6084605355868171,-1.020896807622277,-0.4678192038514719
2023-11-30,KBS:HOSE:HMC,-1.7254258907644746,-0.4795938418003222,0.8692810578107056,-0.15054996164010329
2023-11-30,KBS:HOSE:HRC,-1.7824850096456943,-0.9972916078944516,0.4970377334393468,-0.262622668562322
2023-11-30,KBS:HOSE:HSL,-1.2947175240311628,4.017059152414653,0.4579812154766978,-1.6192332872331894
2023-11-30,KBS:HOSE:HTI,-1.731728141350359,-0.2536653966933307,0.8509667810828754,-0.37263303837292333
2023-11-30,KBS:HOSE:HTN,0.16360115395548144,0.09818922072225347,-2.1033467603388725,0.4169006432390732
2023-11-30,KBS:HOSE:HTV,-1.7634238827867343,-0.49981702014228196,1.2826890888770015,0.18920020284684747
2023-11-30,KBS:HOSE:HUB,-1.621405785514141,-0.09052638975118318,0.3006999807326179,-0.6025304140749509
2023-11-30,KBS:HOSE:ICT,-1.7488927472247542,-1.1023044404795912,1.0368042327602218,-0.040918919725022616
2023-11-30,KBS:HOSE:ILB,-1.7369154646342706,-0.47877901530550515,0.8490762692032003,-0.6136467195893811
2023-11-30,KBS:HOSE:ITD,-1.6750896706681253,-0.871287039682737,-0.5085043102970113,0.9529044893143371
2023-11-30,KBS:HOSE:KDC,5.318246214500726,-1.631022214951344,1.6784658590795536,-0.5896423817301043
2023-11-30,KBS:HOSE:KDH,2.6177385622754654,0.806209456917371,-0.2792578938974451,-0.07971641784696168
2023-11-30,KBS:HOSE:KHP,-1.6459296634261902,-0.07309423622205247,0.16146826503916703,-0.001920510332727836
2023-11-30,KBS:HOSE:KOS,-0.5260231380314667,-0.5299365377173695,1.5784879741151947,0.08819106658216924
2023-11-30,KBS:HOSE:KSB,1.395441286413712,0.8101381654301144,-2.3877335822398935,-0.10452448218841448
2023-11-30,KBS:HOSE:LBM,-1.6913985507689884,-0.13899206189784372,1.0844520451468826,-0.20582848557596362
2023-11-30,KBS:HOSE:LCG,3.468885487778759,1.575766746795873,-2.3214786163335854,-0.45400422058214107
2023-11-30,KBS:HOSE:LHG,-1.2040430947307537,1.5346565084088877,-0.4820642066429201,0.452548819358547
2023-11-30,KBS:HOSE:LIX,-1.6769415026252223,0.7867341565161103,1.1113410702401318,0.36209947494559686
2023-11-30,KBS:HOSE:MBB,13.372280958964893,-0.6403212688165633,1.243205187989404,-0.15966720636737436
2023-11-30,KBS:HOSE:MCP,-1.589987678696224,2.835562808971047,0.9412431005482474,-1.6690192139041906
2023-11-30,KBS:HOSE:MHC,-0.8534208911889227,3.5815634484396996,-2.531800819126249,-1.4657216847570507
2023-11-30,KBS:HOSE:MIG,-1.2570462113031633,0.7031184001496277,0.13243244231887594,0.518174963355422
2023-11-30,KBS:HOSE:MSH,-1.113077369808403,0.6672145571414748,-1.033799285961896,0.7578141745290219
2023-11-30,KBS:HOSE:NBB,-0.8656388724903177,1.9325341560034794,-0.2718161357823031,-0.5188584034666701
2023-11-30,KBS:HOSE:NCT,-1.6774223136688748,0.05971039969515475,1.2053909399512377,0.5637003121437381
2023-11-30,KBS:HOSE:NNC,-1.6119072786433326,0.228898575657577,0.766952992839574,0.011182154044651246
2023-11-30,KBS:HOSE:PAC,-1.0382234593872133,-1.7213809870694918,0.3422949602693807,0.09575752451601666
2023-11-30,KBS:HOSE:PGC,-1.7481522678384835,-1.210356629398854,0.6100837710665229,0.08202282636130871
2023-11-30,KBS:HOSE:PGD,-1.5591952981739636,1.9346679170953491,-0.4004942758213527,-0.07552438696415736
2023-11-30,KBS:HOSE:PHR,-0.5905831092677972,0.4812884428725188,-0.4984074779959179,0.3581976339988239
2023-11-30,KBS:HOSE:PJT,-1.695611563606048,0.018490067470494375,0.2575588766414885,0.10495720582141595
2023-11-30,KBS:HOSE:PLP,-1.6515877880425145,-1.4360364489370177,-1.435719768385581,0.4169373382706263
2023-11-30,KBS:HOSE:PLX,0.7351198098441808,-0.20664087795361788,-0.45815594438086404,0.29316432138561416
2023-11-30,KBS:HOSE:PNJ,4.007630498601604,-0.0031944090092284006,0.786850999691301,1.0550020297676408
2023-11-30,KBS:HOSE:PTB,-1.1652832570733063,1.189498073348472,0.49238551368518463,-0.16758305057704234
2023-11-30,KBS:HOSE:PVT,8.38534056120562,1.3974229784838672,-0.25588867220413286,0.767252524912618
2023-11-30,KBS:HOSE:RAL,-1.4763695884611325,0.5617909392406906,0.891407015210481,-0.04481202280876151
2023-11-30,KBS:HOSE:S4A,-1.7354671301858884,-0.020731247955163762,0.9620063096991823,0.3070858519093518
2023-11-30,KBS:HOSE:SAB,2.600882352773585,-1.4727912136063095,-1.1272833558785702,0.9318206456841169
2023-11-30,KBS:HOSE:SAM,-0.8344428069993017,-0.9318321591841586,-0.5788891888506118,0.02781753338385648
2023-11-30,KBS:HOSE:SAV,-1.6221685047391567,-0.41494380801479813,-0.4748650707663049,-0.7861555996188748
2023-11-30,KBS:HOSE:SBA,-1.6602407903328913,0.633555185616336,1.5717614647934957,0.6053344672916549
2023-11-30,KBS:HOSE:SBV,-1.7772656177985895,-0.7113844720040193,1.6240602258973842,0.6506664241399684
2023-11-30,KBS:HOSE:SC5,-1.7302639592789186,-0.3365901268616656,0.578045643338513,-0.6929194361372142
2023-11-30,KBS:HOSE:SCS,-1.561234275930503,-0.3958982218222722,1.069724548024618,0.42482482295507173
2023-11-30,KBS:HOSE:SGR,-1.479730704024574,-0.09832272883604673,-2.6079995589706435,-0.3997847432648203
2023-11-30,KBS:HOSE:SGT,-1.6283163538451682,-0.5082426258702256,-0.9053034032393578,-0.8613954157398551
2023-11-30,KBS:HOSE:SHA,-1.7197899308212534,-0.2760503304061925,0.4800022703941715,-0.4929113472729178
2023-11-30,KBS:HOSE:SHI,-0.9647808175625494,-1.0081829450024815,1.48337202438394,0.04221422135727811
2023-11-30,KBS:HOSE:SHP,-1.687112118896559,0.6805857984188015,1.5330634637418794,0.3121472432257659
2023-11-30,KBS:HOSE:SJD,-1.6318498901056622,0.38768609191877573,0.7876052311747931,0.10803435460506328
2023-11-30,KBS:HOSE:SJS,1.8953084135716451,3.8652289037642853,0.26392862757219465,1.6136145277989677
2023-11-30,KBS:HOSE:SMB,-1.7416415725751133,-0.4311092153766401,1.483500701674644,0.45571977970266936
2023-11-30,KBS:HOSE:SPM,-1.7590768234463905,-1.7310237890119473,-0.47529742914390277,-0.3810319457509432
2023-11-30,KBS:HOSE:SRC,-0.8294098499805881,4.751122947053692,1.8999181612124831,0.5206711570526243
2023-11-30,KBS:HOSE:SRF,-1.7379449530144662,-1.4724428068212874,-0.730281594442239,0.14545784095138944
2023-11-30,KBS:HOSE:STG,-1.6813084962567715,0.6462060845970143,0.6578483505771564,0.3622537283764122
2023-11-30,KBS:HOSE:SVT,-1.7566112227851354,-1.1832004393122406,0.29737040419663013,-0.6676025260882386
2023-11-30,KBS:HOSE:TCL,-1.6730974744729057,-0.03744097193530409,1.2148368261602713,-0.20255923753537056
2023-11-30,KBS:HOSE:TCO,-1.5782395824413995,0.9659197243567261,-0.24337623069063494,-0.0835576553311249
2023-11-30,KBS:HOSE:TDG,-1.6816941742275278,-1.0505349594311013,-0.568774738368198,-0.3101629358040198
2023-11-30,KBS:HOSE:TDP,-1.3097326312361657,-0.7139685780576615,0.6864922119783049,-0.29950469136496927
2023-11-30,KBS:HOSE:TIP,-0.9741107787875691,2.675324283906745,0.006526507607523344,0.758610693807139
2023-11-30,KBS:HOSE:TLG,-1.6300349395418026,-0.7978407778400467,0.30500053959101037,-0.29500638070956897
2023-11-30,KBS:HOSE:TMS,-1.7042728443526742,-0.5175894521318345,0.9062888497740258,-0.41690440472252144
2023-11-30,KBS:HOSE:TN1,-1.7222858627953945,-0.3564824741229823,0.5021700563462205,0.5146522523015276
2023-11-30,KBS:HOSE:TNI,-1.644327267555636,-1.0874550663447602,-0.9712462538861707,0.6512844809289611
2023-11-30,KBS:HOSE:TRA,-1.7823621770599012,-1.4117390696394916,0.7388416036583918,-0.12861616835595432
2023-11-30,KBS:HOSE:TV2,-0.2873406904141381,3.124458009698317,-2.192669318008832,1.1570191817848459
2023-11-30,KBS:HOSE:UIC,-1.7295681104204037,-0.40354835812277673,1.0360358153520746,0.22046043179466343
2023-11-30,KBS:HOSE:VCA,-1.7797816735513012,-1.590042739535256,0.41583092637951197,0.08284339126289378
2023-11-30,KBS:HOSE:VFG,-1.715929381291163,-0.20612216065155745,1.410376012180736,0.1650164306372957
2023-11-30,KBS:HOSE:VHC,1.7170797766037262,-0.4446456591823482,-0.4026440773669125,-0.4424160331726279
2023-11-30,KBS:HOSE:VHM,24.334171243059718,-2.996823273907272,-0.4658265333276783,-0.09154059857955209
2023-11-30,KBS:HOSE:VJC,10.099526200187242,-0.8561562455575916,1.6914856632629836,-0.1120852545780722
2023-11-30,KBS:HOSE:VMD,-1.6100240502976537,-1.1729304817332815,-1.285558624372408,0.45343450546599245
2023-11-30,KBS:HOSE:VNG,-1.7629477949129784,-1.134993427304145,0.4849733034646609,-0.12519999754917213
2023-11-30,KBS:HOSE:VPB,25.533192403136546,-1.4177145814149157,1.7203418759478866,-0.5638994939226156
2023-11-30,KBS:HOSE:VPS,-1.7353487767190303,-0.2967602266400205,0.7502394636036038,-0.2983758338447547
2023-11-30,KBS:HOSE:VSC,3.6714067134437536,-0.45227883078382036,-1.0653008997511249,0.6888578857923755
2023-11-30,KBS:HOSE:VSI,-1.6730640416585005,1.0821454026564983,1.247515740926094,0.8484927927094802
2023-11-30,KBS:UPCOM:APC,-1.830785386235076,-2.8832801628518316,-0.13953900032383526,-0.8470017381018551
2023-11-30,KBS:UPCOM:GMC,-1.722790751428562,-1.5870112852383758,-0.7129484217140747,0.32530570381997626
2023-12-29,KBS:HOSE:AAM,-1.9245773718279198,-1.638505999406883,0.05514738714078626,-0.7221693413045798
2023-12-29,KBS:HOSE:ABS,-1.6288691213805884,-1.0430056664853928,-1.3780843668193423,0.4299310324916179
2023-12-29,KBS:HOSE:ABT,-1.7929050829571314,-0.10791502452257336,0.8940683675742337,-1.0636014042629907
2023-12-29,KBS:HOSE:ACC,-1.7295576149257692,0.09423171394033529,0.15350331022255048,1.4263932506408497
2023-12-29,KBS:HOSE:ACL,-1.906058119833074,-1.7261643311596226,-0.18564781949825182,-1.1153980980752805
2023-12-29,KBS:HOSE:ADS,-1.5105807730825158,-0.2457959524377622,-1.0598536352638481,-0.3797305457074266
2023-12-29,KBS:HOSE:AGG,-0.7502030773053974,-1.239644025610339,-0.4225432097477015,0.6904681335575436
2023-12-29,KBS:HOSE:AGR,-0.47256946413172385,1.2254278851401994,-2.1040419859724584,-0.8801560783404185
2023-12-29,KBS:HOSE:ANV,0.06940268129979406,-0.7521916133527988,-1.9804397402996252,0.2165903404371309
2023-12-29,KBS:HOSE:APG,-0.4668320465003493,4.7002122383816936,-0.2875653449561174,1.770983409424331
2023-12-29,KBS:HOSE:APH,-1.628909421477032,-0.5694225976190203,-0.5057138122041177,0.3365287689296133
2023-12-29,KBS:HOSE:ASG,-1.9551785695220314,-1.4379083107304185,1.3122613903797733,-0.5340047144832799
2023-12-29,KBS:HOSE:ASM,-0.1549556348023002,0.7480498164260687,-1.0894404151309114,1.5749825386521
2023-12-29,KBS:HOSE:ASP,-1.9759201451727515,-2.2806486428783144,-0.13333907559188868,-0.478926822378399
2023-12-29,KBS:HOSE:AST,-1.8885007153534954,-1.387913563605274,0.2524604181614788,0.14983431352882592
2023-12-29,KBS:HOSE:BCM,0.261348849930911,-1.3004282139722942,-0.19023302025679262,1.308618083385329
2023-12-29,KBS:HOSE:BHN,-1.8436026555265264,-0.7722652208873647,0.5856338831240542,-0.074161049752796
2023-12-29,KBS:HOSE:BMI,-1.7456041655997008,-0.9292270140878706,0.11565572562229963,-0.24345147904647477
2023-12-29,KBS:HOSE:BTP,-1.4066609874071612,1.9882414238688504,0.38340174383300885,1.461553536067913
2023-12-29,KBS:HOSE:BVH,-1.3272699491671107,-1.0586029199074005,0.6071713059012859,0.28320745440902495
2023-12-29,KBS:HOSE:C32,-1.853970234288444,-1.0830467804636585,0.9563734221824906,0.10328755576482888
2023-12-29,KBS:HOSE:CCL,-1.504728948754518,1.3914578658426333,-0.22395479169820928,0.36953141752501417
2023-12-29,KBS:HOSE:CDC,-1.1424833712355418,-0.24576192677379222,1.8176365666528271,-0.271227547785958
2023-12-29,KBS:HOSE:CIG,-1.7364372038991505,-0.29030702095901045,-0.5342939194190902,-1.2557232190374794
2023-12-29,KBS:HOSE:CII,3.3693835943391623,-0.7364454873438311,-1.6617132085445483,-0.33415806116703245
2023-12-29,KBS:HOSE:CKG,-1.76059291773305,-0.9357588236098761,-0.5629046560086929,-0.28067007018547235
2023-12-29,KBS:HOSE:CLC,-1.7416008358565431,0.6805779801702372,1.6119992363555025,0.39451655884697845
2023-12-29,KBS:HOSE:CMV,-1.9172019924537027,-1.2070366227041576,0.5968423348701067,-1.0977014972394294
2023-12-29,KBS:HOSE:CMX,-1.5119545491374402,-1.1123684408429897,-1.2326994718384219,0.03652087821742047
2023-12-29,KBS:HOSE:CNG,-1.651181505533477,-0.36352661065816677,-0.4654397007385204,-0.8885035896705882
2023-12-29,KBS:HOSE:CRC,-1.8379930621797258,-0.9472076667878383,0.28751224787866947,-0.4380298421853095
2023-12-29,KBS:HOSE:CRE,-1.1877433056615934,0.7278663714795676,-1.0916317078576154,1.8452235841051965
2023-12-29,KBS:HOSE:CSM,-1.8931726925368366,-1.0405663500772662,0.889191714508046,0.3530620310328658
2023-12-29,KBS:HOSE:CSV,-0.9032808774719103,0.870675201451725,-0.8170229849174728,-0.01082342165034314
2023-12-29,KBS:HOSE:CTD,3.062596538927733,4.563833185857042,-0.6622315291912151,-0.1628421677824245
2023-12-29,KBS:HOSE:CTF,-0.30828203979957236,0.34443227287990497,1.1291258893811418,1.2602931115295484
2023-12-29,KBS:HOSE:CTI,-1.4599912920088263,0.22261673229921017,0.0262545840634088,0.3539511235098794
2023-12-29,KBS:HOSE:CTR,-0.06985277028651798,1.7716448020330693,0.4599942640307824,-1.096827784520597
2023-12-29,KBS:HOSE:CTS,0.2578269969204148,1.7998150468483385,-2.0408320575683234,-0.9470851931980371
2023-12-29,KBS:HOSE:CVT,-1.9665539287908806,-1.9673909709033293,0.09269174348558955,-0.379746197917392
2023-12-29,KBS:HOSE:D2D,-1.8029775034364224,-0.8969815774719864,0.13691659029486453,0.011019658263590798
2023-12-29,KBS:HOSE:DAH,-1.625784330515725,-0.4650279042427285,-0.6418461212096969,0.6203369788451014
2023-12-29,KBS:HOSE:DBC,9.782327680845748,1.7872498220728317,-0.5930908406816006,0.37574266324301264
2023-12-29,KBS:HOSE:DBD,-1.4825123229053265,-0.6915618092427146,1.1337525648709492,-1.6525618858509075
2023-12-29,KBS:HOSE:DCL,-1.6133344425721903,0.7601064096898565,1.2422450654452226,1.2158628969594403
2023-12-29,KBS:HOSE:DCM,1.7420247400582698,0.3535614951235833,-0.4886236023544786,-0.9130365455690235
2023-12-29,KBS:HOSE:DGC,6.267825493455309,0.6052424631275639,0.43605871450574707,-1.5069360051918972
2023-12-29,KBS:HOSE:DGW,1.259318912275414,0.5088226681388175,-1.076049140532431,-0.6164934896385489
2023-12-29,KBS:HOSE:DHA,-1.5184302157768086,0.8440887584898237,-0.1277334282860574,-0.015289543687731083
2023-12-29,KBS:HOSE:DHC,-1.5448986432245035,-0.9080758521862047,-0.1474038144905147,-0.668682378442441
2023-12-29,KBS:HOSE:DLG,-1.3577951675867612,-0.20696386373708622,-2.003943588616344,1.257245713714661
2023-12-29,KBS:HOSE:DMC,-1.8816103195028735,-0.9545191771889939,0.4077119790784063,-1.103375140499054
2023-12-29,KBS:HOSE:DPG,-0.6256196645491162,1.242635635319076,-0.5798191115351147,-0.4538957409245716
2023-12-29,KBS:HOSE:DQC,-1.891045065785809,-1.8055463368952787,-0.7124771600082146,0.23250209564220534
2023-12-29,KBS:HOSE:DRC,-0.7932091385456131,2.28824713617036,0.4335908120104627,1.6569925481574506
2023-12-29,KBS:HOSE:DSN,-1.7211997895649847,0.2681532964470029,1.664216722158238,0.44687427630176174
2023-12-29,KBS:HOSE:DTL,-1.9435475549700105,-2.7614106107553833,-2.1962033408824424,1.5179217326482795
2023-12-29,KBS:HOSE:DTT,-1.4738477433207677,3.4670096065625393,1.7639325129075314,-0.13541642553257296
2023-12-29,KBS:HOSE:DVP,-1.4538572593381185,2.624411615618577,1.1386903002342779,0.8247292287600011
2023-12-29,KBS:HOSE:DXV,-1.7454425424293805,-0.10103272800554439,-0.14256174914408584,0.2738513391575428
2023-12-29,KBS:HOSE:EVE,-1.7617815842678233,-0.767884259036714,-0.31082156696516827,0.19332908484943248
2023-12-29,KBS:HOSE:EVG,-1.085040221111141,0.6760317874651826,-1.8043172115786312,0.21801940649942572
2023-12-29,KBS:HOSE:FCM,-1.807710911296577,-0.8700818827960344,-0.41737983508813176,-0.6624409730809039
2023-12-29,KBS:HOSE:FCN,-0.5449616932120762,0.04377454346303483,-1.8467600430899136,0.12715134549136764
2023-12-29,KBS:HOSE:FIR,-1.1714690657078213,-2.6079079136774435,-1.0403615702996023,0.10768258289592603
2023-12-29,KBS:HOSE:FIT,-1.449640964418808,-0.8217910694980722,-1.713094121754037,0.35873466237089674
2023-12-29,KBS:HOSE:FMC,-1.7551671845230854,-0.586647062319796,0.2093494722892022,-0.6857677065207732
2023-12-29,KBS:HOSE:FPT,11.790077042267677,-0.34136579980993276,1.246508531387408,-0.4612921959551356
2023-12-29,KBS:HOSE:FTS,1.414881901491629,2.8345037079701934,-1.6089312367845736,-1.6567133340613547
2023-12-29,KBS:HOSE:GDT,-1.9017092532623512,-1.754240239685832,0.00710596917472059,0.6632432348305939
2023-12-29,KBS:HOSE:GEG,-1.623050548619549,-1.6711466517412887,-0.1773936156520279,-0.4261263050235832
2023-12-29,KBS:HOSE:GIL,-1.3300569379678835,-1.1681989724990023,-1.8020583285376832,-0.41367221867722576
2023-12-29,KBS:HOSE:GMD,1.517572380562361,1.2764097964348344,0.8536942796873626,-1.0765701092380258
2023-12-29,KBS:HOSE:HAG,12.495402922558712,4.556700735546841,1.1939292424995318,1.5865118235344824
2023-12-29,KBS:HOSE:HAP,-1.6276501941071158,0.23845091801108084,0.20424541108778077,0.227148347925197
2023-12-29,KBS:HOSE:HAR,-1.3948668578030619,0.9761420184586416,-1.1465472958347223,1.0070419374908357
2023-12-29,KBS:HOSE:HCM,9.608176721993356,1.3135844599449082,-0.8292014959571016,1.2348164760809346
2023-12-29,KBS:HOSE:HHP,-1.6555221584151756,-0.29064091684001575,-0.1314012526320274,-0.2659775237812978
2023-12-29,KBS:HOSE:HHV,2.510750301523276,0.966748457932445,-1.2550136729534773,-0.04397021813121625
2023-12-29,KBS:HOSE:HID,-1.885499380889324,-1.3837224957213448,0.20069673389563505,-0.39933401445331135
2023-12-29,KBS:HOSE:HII,-1.7124430840877687,0.2820968448482027,0.5355317297918563,-0.006000377077170113
2023-12-29,KBS:HOSE:HMC,-1.7722313313766171,0.1443373767657133,1.1841199414374193,0.8777066305153564
2023-12-29,KBS:HOSE:HRC,-1.6996318668711792,0.5962021069958677,-0.0725647613260908,1.109422363945323
2023-12-29,KBS:HOSE:HSG,8.813299625762745,1.7959225680106452,-0.3152110757547575,-0.6636877145006753
2023-12-29,KBS:HOSE:HSL,-1.1430943274324843,3.1208699497955252,-0.2888198439640789,-1.280574816826422
2023-12-29,KBS:HOSE:HTI,-1.824492365624198,-0.5740292150049876,0.7872638339312542,-0.3244657479213401
2023-12-29,KBS:HOSE:HTN,-1.0120661796195247,0.3368054910234462,-1.2823883287385864,-0.8439502014536798
2023-12-29,KBS:HOSE:HTV,-1.8356320032790103,-0.22004376089726074,1.5545656737407108,0.5788915287726736
2023-12-29,KBS:HOSE:HUB,-1.7449683683339956,0.05997745064035942,0.41968501588666957,0.16661833050407696
2023-12-29,KBS:HOSE:HVN,-0.747630043663144,-0.16750722527926293,-0.20251547242754486,1.3953798411983978
2023-12-29,KBS:HOSE:ICT,-1.8800387592533712,-0.8692012332963267,1.0847897194545908,0.029753332245178777
2023-12-29,KBS:HOSE:ILB,-1.7754541060638036,-0.027783640011696784,0.5917881960060025,0.04583948962442957
2023-12-29,KBS:HOSE:ITC,-1.426297232777637,0.5936282504976893,-1.8112600406332964,0.7827171183512988
2023-12-29,KBS:HOSE:ITD,-1.854562184055307,-1.3264062534909653,-0.2902701285590671,0.05844760761061562
2023-12-29,KBS:HOSE:KDC,2.5408048090123585,-0.8443475845375238,1.4703713478053517,0.524332412165276
2023-12-29,KBS:HOSE:KDH,0.6372248064706031,0.4709704784358512,0.31733433282785223,-0.5155987639374272
2023-12-29,KBS:HOSE:KHP,-1.82203138518038,-0.5687798080878513,0.5626475459944947,-0.25171031912450775
2023-12-29,KBS:HOSE:KOS,-0.6503732685119111,-0.45515558887435575,1.791030563012456,0.15496186173088758
2023-12-29,KBS:HOSE:KSB,-0.4650443774931821,0.02018609591242992,-1.619377531085546,0.417562465569224
2023-12-29,KBS:HOSE:LBM,-1.777245079777463,-0.30625540517168687,1.1457131507753986,0.11849288629363841
2023-12-29,KBS:HOSE:LCG,0.4758625491551605,-0.13150715242541242,-1.6211678483756404,-0.49741295132210644
2023-12-29,KBS:HOSE:LHG,-1.592812656895523,0.3475057142081876,-0.27713200781558395,-0.7675836377836942
2023-12-29,KBS:HOSE:LIX,-1.7185004827464037,0.7787117098079105,1.2646314175631288,0.26681158941467065
2023-12-29,KBS:HOSE:LM8,-1.665990980314388,1.1043538254089118,0.43245100279626353,-0.8221710175934638
2023-12-29,KBS:HOSE:LPB,0.8192347946861817,1.6892264161472126,0.6212398746087804,-0.5611171556521182
2023-12-29,KBS:HOSE:MBB,6.950140869263497,-0.6632418238591441,1.2501009688447067,0.16835793749015368
2023-12-29,KBS:HOSE:MCP,-1.581673592675205,2.2659383412231824,0.70998185385872,-0.6591654155735058
2023-12-29,KBS:HOSE:MHC,-1.1192415903852053,3.7223976092736324,-1.4215641035230053,-2.2217006959603296
2023-12-29,KBS:HOSE:MIG,-1.5657836696634593,0.732535155169282,0.5721063626935912,0.08944409514544126
2023-12-29,KBS:HOSE:MSB,2.0817315877187665,-0.8534096318786171,0.395256264782898,-0.13664702340630175
2023-12-29,KBS:HOSE:MSH,-1.5768544723897138,-0.5588770468330322,-0.6830720169209223,-0.7423225331914974
2023-12-29,KBS:HOSE:MWG,16.350951972321667,-2.3397332844760377,-0.6063325029316394,0.9818404553793396
2023-12-29,KBS:HOSE:NAF,-1.6616224163167894,0.4941088658359601,0.2554863567767599,-0.18366345076055113
2023-12-29,KBS:HOSE:NBB,-1.3726881723270121,2.1095232625176,-0.06902076010985232,-0.8568084493910237
2023-12-29,KBS:HOSE:NCT,-1.8168398836834343,-0.15950310932080802,1.5193647530848413,-0.027744563319517062
2023-12-29,KBS:HOSE:NKG,8.530690292461633,2.505555006349506,0.007107900143592054,-0.47577751203606866
2023-12-29,KBS:HOSE:NNC,-1.7323712847439467,0.1422476320074835,0.9052817745172828,-0.20662635983100106
2023-12-29,KBS:HOSE:NVL,13.15458940079176,-0.6124539285570654,-0.587021851025486,-0.967366768387654
2023-12-29,KBS:HOSE:OGC,-1.2926332550503148,0.26327114187414047,-1.2868464545768128,0.5643278909786964
2023-12-29,KBS:HOSE:OPC,-0.9192784862895493,0.11780465549937165,1.1951888811283529,0.5072117455621986
2023-12-29,KBS:HOSE:ORS,-0.42825571004703583,0.9028200133819616,-1.9621318489843833,-0.7954050472213524
2023-12-29,KBS:HOSE:PAC,-1.5672149053838602,-1.9668452893083923,0.052750220524526804,-0.18827446660631472
2023-12-29,KBS:HOSE:PAN,-0.7437111332034327,0.2978572778296989,-0.27747621374620307,0.46112642127099635
2023-12-29,KBS:HOSE:PDR,12.101899416341267,2.1901798294260924,0.0565311830689411,-1.8263511071769456
2023-12-29,KBS:HOSE:PGC,-1.847809967059578,-0.7718506788896297,0.8122878919531172,0.5747785393833291
2023-12-29,KBS:HOSE:PGD,-1.755589867934714,-0.04550407139640591,-0.4465053646799361,-1.317492780131848
2023-12-29,KBS:HOSE:PGV,-1.7059205301194476,0.12416904585856778,-0.20052783555447076,0.2978684150712936
2023-12-29,KBS:HOSE:PHR,-1.1045846411239189,0.5384987469548507,0.06776109903068987,0.23422549756546038
2023-12-29,KBS:HOSE:PJT,-1.725602696580493,0.28694979138739646,-0.06987499917675402,0.24491848446155637
2023-12-29,KBS:HOSE:PLP,-1.818220482837499,-1.1527988873282717,-0.6725007907883963,0.6110321046530208
2023-12-29,KBS:HOSE:PLX,-0.8399365400801702,-0.9795068466889514,-0.068016453782835,-0.3736687217081942
2023-12-29,KBS:HOSE:PNJ,3.9512132855027837,0.29427167253778264,1.3903603632533166,0.5228971430088457
2023-12-29,KBS:HOSE:PTB,-0.8739009563528064,0.6186609725748228,0.7688392803862035,-0.6007385492135421
2023-12-29,KBS:HOSE:PVT,2.8122334161287936,-0.21647404525365063,-0.5610450583571884,-0.6471481450127926
2023-12-29,KBS:HOSE:RAL,-1.6558811122073087,0.17722024638592468,0.7946945319230956,-0.13415018356264216
2023-12-29,KBS:HOSE:S4A,-1.7534418659602131,0.46654582737529005,1.0031561522866168,0.6653205431523569
2023-12-29,KBS:HOSE:SAB,0.3338515079154512,-2.003184829778781,-0.4696480772622899,-0.18627490575775912
2023-12-29,KBS:HOSE:SAM,-1.3715893235564676,-0.30606082152752817,-0.05906256877173663,0.29114135877492703
2023-12-29,KBS:HOSE:SAV,-1.738298959449082,-0.46864560895408525,-0.3232778893566086,0.2501636662053627
2023-12-29,KBS:HOSE:SBA,-1.7534024060426172,0.4669504092363132,1.7237537482384246,-0.22051367046283485
2023-12-29,KBS:HOSE:SBV,-1.8873117459606543,-0.5735070977267446,1.8475799434000215,0.08284026752368791
2023-12-29,KBS:HOSE:SC5,-1.7614162696011517,0.22909486065741597,0.8455881151210356,-0.4204662279873303
2023-12-29,KBS:HOSE:SCR,-0.7737892675506595,0.3553577657696255,-1.2875205745623632,0.592393372814075
2023-12-29,KBS:HOSE:SCS,-1.5148458399637168,0.5240233673269804,1.2475720046513323,1.0755060222017445
2023-12-29,KBS:HOSE:SGR,-1.5894281360164004,0.450741368529262,-1.4877534546245108,-0.03294200476772709
2023-12-29,KBS:HOSE:SGT,-1.9232433297060376,-2.1436104351669996,-0.6883172743464674,-0.9247322599328922
2023-12-29,KBS:HOSE:SHA,-1.8015526334141103,-0.23928651834509138,0.5674834231851398,-0.265505327349197
2023-12-29,KBS:HOSE:SHI,-1.47183649623119,-0.8018428294888051,1.7618994362834375,-0.18017746543335791
2023-12-29,KBS:HOSE:SHP,-1.713250482927197,0.909009635607136,1.856587148671413,0.10372102971934663
2023-12-29,KBS:HOSE:SJD,-1.7929939471011391,-0.4909104652141386,0.6711071818154364,-0.28117284518423824
2023-12-29,KBS:HOSE:SJS,-0.3727121319151054,1.839923255380051,0.9012434851663,-2.057437232424314
2023-12-29,KBS:HOSE:SMB,-1.8654145870459067,-0.48318633133976807,1.7670334959653635,-0.07354411513469884
2023-12-29,KBS:HOSE:SPM,-1.7405853857635445,-0.19638166579886013,-0.6131932883330276,1.460694472169711
2023-12-29,KBS:HOSE:SRC,-1.1687584149483308,4.562729380704148,0.14058987787763044,-1.059073208483785
2023-12-29,KBS:HOSE:SRF,-1.894656039618364,-1.4595079157888622,-0.298224551996598,0.5166271598700656
2023-12-29,KBS:HOSE:STB,16.287025572426078,-2.361043564206987,0.5944846308160759,-0.23342975318177867
2023-12-29,KBS:HOSE:STG,-1.791626932789353,-0.15039774493113675,0.3275671448189691,-1.1463250274247117
2023-12-29,KBS:HOSE:SVT,-1.6264379201463737,0.8753517645556576,-0.5571154257529994,1.3765908547311303
2023-12-29,KBS:HOSE:TCB,14.663780192772926,-1.7299830469326438,0.7260789423769749,0.5695109232651538
2023-12-29,KBS:HOSE:TCL,-1.769556180509559,-0.19789616691705675,1.3708579493927493,0.008204094287413843
2023-12-29,KBS:HOSE:TCM,-0.543885269341855,-1.421167958541855,0.8732312797658724,0.14696505401743046
2023-12-29,KBS:HOSE:TCO,-1.8726107945353214,-1.6676532909166362,-0.9581909991279581,-2.0330493391700055
2023-12-29,KBS:HOSE:TCR,-1.9126064253902637,-1.4810255123079137,0.05256166283594038,-0.9328026276898286
2023-12-29,KBS:HOSE:TDG,-1.8564275350560597,-1.3377385134088642,-0.30799700877755487,-0.44445141232767676
2023-12-29,KBS:HOSE:TDP,-1.8572862476065801,-2.080770312185911,0.3520901137173299,-0.9600090289079336
2023-12-29,KBS:HOSE:TIP,-1.317014507638754,0.7615735574571871,0.05902578665776065,-1.420453307272699
2023-12-29,KBS:HOSE:TLG,-1.8150006388409605,-1.0441421143174776,0.5372370358125397,0.20950554408450553
2023-12-29,KBS:HOSE:TLH,-1.3022116303483267,0.4749758159885237,-1.2221778551105398,-0.1161889056517415
2023-12-29,KBS:HOSE:TMS,-1.701766241415279,0.5032937031454963,0.3800014452272867,0.7687435032226216
2023-12-29,KBS:HOSE:TN1,-1.848860019027732,-0.6594483855777187,0.7208315251294691,-0.477133617238198
2023-12-29,KBS:HOSE:TNI,-1.8512381925684684,-1.358081129590728,-0.18923774607549793,-0.13361914287464663
2023-12-29,KBS:HOSE:TNT,-1.6321871111890323,-0.33163080492956354,-1.6797328653479549,-0.6006609640797078
2023-12-29,KBS:HOSE:TRA,-1.695226822479321,0.500120837023062,0.5678910297645724,1.7522576506633176
2023-12-29,KBS:HOSE:TRC,-1.8546408662419518,-0.6119410134657357,1.3215424016057231,-0.3475697431203222
2023-12-29,KBS:HOSE:TV2,-1.080508243358451,1.0055361374630856,-0.9106662550373279,-1.4588554527868014
2023-12-29,KBS:HOSE:TVB,-1.5618711078675136,1.0475827360894037,-0.6373462939836859,0.8903734932388883
2023-12-29,KBS:HOSE:UIC,-1.8436047001675437,-0.531886551020992,1.1234114144163514,-0.04481146998828528
2023-12-29,KBS:HOSE:VCA,-1.8958834925791406,-1.2166598008409382,0.6217814318461755,0.3164845349991752
2023-12-29,KBS:HOSE:VDS,-0.9794928940861846,2.514529327691139,-1.3168854788681157,-0.19828976456301523
2023-12-29,KBS:HOSE:VFG,-1.8350675464130715,-0.5001309722031188,1.2285300615297756,-0.39358883164280767
2023-12-29,KBS:HOSE:VGC,0.3980420199024515,1.765417237266709,-0.2798328668314682,-0.9397920181046677
2023-12-29,KBS:HOSE:VHC,1.48688496778189,-0.1945141774527191,-0.558255837964478,1.1116242804957839
2023-12-29,KBS:HOSE:VHM,21.831550282551508,-3.417281912660856,0.021085265212135197,0.7421184732775532
2023-12-29,KBS:HOSE:VJC,4.447934025182549,0.07088954732277054,1.2521011983012444,0.4177344772429355
2023-12-29,KBS:HOSE:VND,21.017796247729848,-0.7990170526966629,-0.44292874068525034,-0.15975181992589374
2023-12-29,KBS:HOSE:VNG,-1.589868590800691,1.3457311775745653,0.18175335954094538,2.9040881107480887
2023-12-29,KBS:HOSE:VPB,10.868010338687602,-1.82850683054756,0.9762833996284634,-0.3462229028754052
2023-12-29,KBS:HOSE:VPS,-1.6353935033613773,1.106648875373879,0.08988508122461122,0.7924570772295725
2023-12-29,KBS:HOSE:VSC,0.2755196632482988,-0.2751262187689537,-0.7651427025711163,0.7392310967212786
2023-12-29,KBS:HOSE:VSI,-1.7426286574534149,0.4315704789584673,1.0227469532145883,-0.43831622055572755
2023-12-29,KBS:UPCOM:APC,-1.8880182593784531,-1.5841335374258563,-0.4163789584283866,0.8429918328532287
2023-12-29,KBS:UPCOM:GMC,-1.8485495396199645,-1.2787981097339118,-0.6300862029303994,0.3830532939000222
2023-12-29,KBS:UPCOM:HBC,-1.4621183953654293,-0.9869306460724809,-1.2597535466633645,0.2132173971121888
2023-12-29,KBS:UPCOM:HNG,-0.7469074549994129,2.322133718269875,-0.13646974663235853,2.044367925357601
2023-12-29,KBS:UPCOM:POM,-1.1409948658791695,-0.918443879167401,-2.1399074927245674,1.6598461144262586
2024-01-31,KBS:HOSE:AAM,-1.7193336824843648,-1.6026764610253177,-0.27047495910037656,0.049174816519655565
2024-01-31,KBS:HOSE:ABS,-1.3612282307897938,-1.0969762052963539,0.8549132838402324,-1.377858914865188
2024-01-31,KBS:HOSE:ABT,-1.5235617861470678,0.12623975751841884,-0.3533713900293333,0.36152368530306295
2024-01-31,KBS:HOSE:ACC,-1.6678595962837082,-1.1518548318490034,-0.6930343957601484,0.06815313475257627
2024-01-31,KBS:HOSE:ACL,-1.5661669117179622,-0.5583464021370491,-0.3242159401640189,-0.1477850401131071
2024-01-31,KBS:HOSE:ADS,-1.3184509310114947,-1.0019658060950671,0.6814120956576609,-0.309880216786947
2024-01-31,KBS:HOSE:AGG,-1.138851631298568,-1.907512858912682,-0.2009946634327096,-0.2905695894876385
2024-01-31,KBS:HOSE:AGR,-0.13926068340091488,1.7952399862550954,2.4590565340302195,0.006659078797412678
2024-01-31,KBS:HOSE:ANV,0.13239889466537838,-0.9355135880457843,0.8571261608210244,-0.8459278080664177
2024-01-31,KBS:HOSE:APG,-0.4178780031838528,3.9043441933246283,1.7801828159928754,0.5064638144604531
2024-01-31,KBS:HOSE:APH,-1.3142170472071588,-0.001842466122713735,-0.06872415614845148,-1.0427323474078225
2024-01-31,KBS:HOSE:ASM,-0.1017206696993726,0.13044834966022611,0.697118121566158,-0.8629216954248224
2024-01-31,KBS:HOSE:ASP,-1.6442341361591524,-0.8929665341716093,-0.8884645138526824,-0.8628435887437405
2024-01-31,KBS:HOSE:AST,-1.4158820034787585,0.7886170205211336,-1.2019515787603836,-0.7849404997718614
2024-01-31,KBS:HOSE:BCM,0.09883873925070569,-0.1975847091880929,-0.7590903108561239,-1.147095119085445
2024-01-31,KBS:HOSE:BHN,-1.6298931218429162,-0.7883203377784361,-0.5304527100331408,0.10071542748705127
2024-01-31,KBS:HOSE:BKG,-1.5447272715235132,-0.3796490287003889,-0.5168534517529692,0.1211898515231829
2024-01-31,KBS:HOSE:BMI,-1.3866281916117873,-0.3521979021719891,-0.79092574963319,-0.29523031876761396
2024-01-31,KBS:HOSE:BTP,-1.3138956682236786,1.1182606420798993,0.5245246423959596,0.5702975350409292
2024-01-31,KBS:HOSE:BVH,-0.9704153034063557,-0.5640596919417564,-1.1784665348435412,-0.4513910897667718
2024-01-31,KBS:HOSE:C32,-1.623318301888436,-0.5032011334284381,-1.2949221986792592,0.10634484288184726
2024-01-31,KBS:HOSE:CCL,-1.3415358399547168,0.4478534836322158,0.5788725671067309,0.23245785278247416
2024-01-31,KBS:HOSE:CDC,-1.0179097712230816,0.08482654185256332,-1.56177680837413,1.004543029509336
2024-01-31,KBS:HOSE:CIG,-1.5120551055053577,-0.7775108823367289,1.160796816082308,0.49727026808311037
2024-01-31,KBS:HOSE:CII,7.185218171634,-0.379477906443648,0.7362605039732614,-1.2701550132125128
2024-01-31,KBS:HOSE:CKG,-1.3011959126550874,-1.6519696325979443,0.2980233857704724,-0.15779023697172523
2024-01-31,KBS:HOSE:CLC,-1.4239734761870664,1.2753086402121394,-1.0357144579912743,0.6370080955544419
2024-01-31,KBS:HOSE:CMV,-1.6340650471109766,-0.6351316262165403,-0.25885346446359614,0.4866984011314479
2024-01-31,KBS:HOSE:CMX,-1.43870504951415,-1.067802660889835,0.23705710363004628,-0.8364579768418238
2024-01-31,KBS:HOSE:CNG,-1.2409916490830448,1.1058608890569148,0.10564153235831533,-0.1224129087648493
2024-01-31,KBS:HOSE:CRC,-1.4066922127122432,0.6212532381969493,-0.3791307351021468,-0.8015138738057556
2024-01-31,KBS:HOSE:CRE,-1.2164679653810264,-0.4929451690710859,0.8933162174873254,-1.1290510613310083
2024-01-31,KBS:HOSE:CSM,-1.5239575284508453,0.45702720964099464,-1.281606130200514,-0.46345307266837416
2024-01-31,KBS:HOSE:CSV,0.19982227082882015,5.125602711252557,0.6117298788904912,-1.0417451513686624
2024-01-31,KBS:HOSE:CTD,2.8145934058447133,2.356938033407147,2.183058897699042,2.1788422008377997
2024-01-31,KBS:HOSE:CTF,-0.8806897429795926,-0.5043459651101554,-1.2786913896280188,1.1878297303625747
2024-01-31,KBS:HOSE:CTI,-1.266594787123209,-0.10910527445544328,-0.13479576328795503,-0.20312547830160815
2024-01-31,KBS:HOSE:CTR,-0.11707331760407533,1.5953191204816983,0.6395341513507744,0.8858695554890835
2024-01-31,KBS:HOSE:CTS,0.7574865276085402,2.5477284595179497,2.562865428560199,-0.27969039246689054
2024-01-31,KBS:HOSE:CVT,-1.6606843406312102,-0.8063230921052422,-0.6305906259813961,-0.3805384914753171
2024-01-31,KBS:HOSE:D2D,-1.0821118296926846,3.1207081486927515,-0.7873163990696742,-1.2947276119419215
2024-01-31,KBS:HOSE:DAH,-1.5555214534406092,-1.2907022838296318,-0.011918500262847923,-0.7360719618119054
2024-01-31,KBS:HOSE:DBC,6.85223466811605,0.17010812639700446,1.7470961309468354,0.10336156192432432
2024-01-31,KBS:HOSE:DBD,-1.3652743730448602,-0.1217431767652874,-0.6975871841907618,1.1391025338792105
2024-01-31,KBS:HOSE:DCL,-1.4864308569029856,-0.12696049551668148,-1.0436053911339866,0.3637121728605291
2024-01-31,KBS:HOSE:DCM,1.8137522335312835,-0.3844041963025236,0.4937385447156047,0.22243844009251496
2024-01-31,KBS:HOSE:DGC,5.728556710621735,-0.3248804393260824,0.293431112726325,1.3469991533797694
2024-01-31,KBS:HOSE:DGW,2.623351861224963,0.2419300797569401,0.881087370300177,-0.6723855179622089
2024-01-31,KBS:HOSE:DHA,-1.1800448292001082,0.9080011777200998,0.6155834152428056,0.37559057960924935
2024-01-31,KBS:HOSE:DHC,-0.8547962869883422,1.294530196691095,-0.47109456015800194,-0.46928070364136276
2024-01-31,KBS:HOSE:DLG,-1.3468884494988478,-1.5179871970764902,1.5041725190255522,-1.1299606132608224
2024-01-31,KBS:HOSE:DMC,-1.6578271545970273,-0.8771435873401666,-0.22770266797175415,0.7271599315067376
2024-01-31,KBS:HOSE:DPG,-0.3681654714937605,0.19757834437381525,0.5318320528131331,-0.4688039014155389
2024-01-31,KBS:HOSE:DQC,-1.6244328737181233,-1.1917872661334854,-0.522681650938041,-1.1091431313384377
2024-01-31,KBS:HOSE:DRC,-0.009014169964644398,3.6848255058238957,0.10278043280508323,-0.17605519862413657
2024-01-31,KBS:HOSE:DSN,-1.4871141519221607,0.27171914219262344,-1.3417414229823468,0.8480448671172711
2024-01-31,KBS:HOSE:DTL,-1.8891746970507626,-4.13354754095841,1.1676115866548744,-0.7178563444531695
2024-01-31,KBS:HOSE:DTT,-1.4120414207184016,0.8831517455197296,0.5486718180345391,2.7447592286510534
2024-01-31,KBS:HOSE:DVP,-1.3551089567428694,0.8092572799337994,0.3380639374041912,1.5718869307208223
2024-01-31,KBS:HOSE:DXV,-1.6760873094247675,-1.4923919079250767,0.3858364047186663,0.034451037306822474
2024-01-31,KBS:HOSE:EVE,-1.5395560643762107,-0.8512690090482778,0.11248276827377122,-0.05939473651892418
2024-01-31,KBS:HOSE:EVG,-1.1266371053468218,-1.0079144257768107,1.8920274323492268,-0.6361033932413542
2024-01-31,KBS:HOSE:FCM,-1.6580195341013695,-1.6478911316847764,-0.019001620014096016,0.035007895008221615
2024-01-31,KBS:HOSE:FCN,-0.5754932924606722,-0.49192898386056577,1.246898957921664,-1.063703870600521
2024-01-31,KBS:HOSE:FIR,-1.1332846366930045,-9.590521017078668,2.6480315392265776,0.6449026069142717
2024-01-31,KBS:HOSE:FIT,-1.261006611357558,-0.8893724355048942,0.8950892275508809,-1.2900678245372452
2024-01-31,KBS:HOSE:FMC,-1.4326839484462506,-0.25346061323376395,-0.21879509067675224,0.3490987384670706
2024-01-31,KBS:HOSE:FPT,6.358486082053897,-0.28528957481501294,-0.6107659229308836,1.0590633382869472
2024-01-31,KBS:HOSE:FTS,1.5108040163314709,4.042216317259418,2.7222609562897198,1.139650912158928
2024-01-31,KBS:HOSE:GDT,-1.529584353965034,-0.011150487727671127,-0.9210406454734285,-0.9784279194952915
2024-01-31,KBS:HOSE:GEG,-1.3992856581529358,-0.5133494160394894,-0.6757870736965277,-0.5748021360245464
2024-01-31,KBS:HOSE:GIL,-0.5787986984869632,1.8703191278379674,0.6073703763760548,-2.0850082101116825
2024-01-31,KBS:HOSE:GMD,1.3332769797328639,-0.07473464392373434,-0.020785049872179683,1.4061488270455234
2024-01-31,KBS:HOSE:HAG,6.002853493893878,3.305503219965887,1.6941730201809395,0.5961735696093892
2024-01-31,KBS:HOSE:HAP,-1.5661289275544608,-0.7763660194670846,-0.21015834927996563,0.2553843168906299
2024-01-31,KBS:HOSE:HAR,-1.333663635998385,-0.6912617333412511,1.035931193141722,-0.8815615134038389
2024-01-31,KBS:HOSE:HCM,5.707181363391968,1.9364764967597143,1.142559625349635,-0.23695796773985373
2024-01-31,KBS:HOSE:HHP,-1.4126813825790772,-0.20777679750704534,0.16754757600807046,-0.01227283223190693
2024-01-31,KBS:HOSE:HHV,2.3467973553356023,-0.08605234728437354,0.8889783859612184,-0.10255168817281968
2024-01-31,KBS:HOSE:HID,-1.6621687520465922,-1.25441725334898,-0.5685019972735439,-0.1729153599602532
2024-01-31,KBS:HOSE:HII,-1.3211412026291047,1.5137409246100442,-0.4780339920730596,-0.2809623708770959
2024-01-31,KBS:HOSE:HMC,-1.3884530913982487,1.306308655857898,-0.8568553288120343,0.11640557602693222
2024-01-31,KBS:HOSE:HRC,-1.686999307523633,-1.273375117501448,0.40470358818440594,0.7264268142152417
2024-01-31,KBS:HOSE:HSG,10.226030600699357,0.31501283060607654,0.6526930616822009,0.3564697588902142
2024-01-31,KBS:HOSE:HSL,-1.2038676570975098,-4.066364492169876,2.5838849036615548,2.608941474188048
2024-01-31,KBS:HOSE:HTI,-1.5967278733608352,-0.3038093382803591,-0.8773941831634778,0.557129006792817
2024-01-31,KBS:HOSE:HTN,-1.0432735703781224,-1.6045013523351537,1.14794560575654,-0.500012793905369
2024-01-31,KBS:HOSE:HTV,-1.60672284916434,-0.1168586657223027,-1.242824939256681,0.5409341343162776
2024-01-31,KBS:HOSE:HUB,-1.4199327910717936,1.0074028767173218,-0.6604219323040185,0.13373789556280252
2024-01-31,KBS:HOSE:HVN,-0.48460803925511864,0.15171984994313892,0.04833496219682006,-0.6112044157015397
2024-01-31,KBS:HOSE:ICT,-1.6752146066327371,-0.7399823746840704,-1.3893739727747811,0.3261933279777733
2024-01-31,KBS:HOSE:ILB,-1.603798820937914,-0.36579887055347715,-0.7922906069746936,0.5220484931896041
2024-01-31,KBS:HOSE:ITC,-1.157648577004371,-0.1544607296480214,1.8014701477683812,-1.0691348080654863
2024-01-31,KBS:HOSE:ITD,-1.6735180773682403,-1.3942232111686124,-0.5526259078062121,-0.16174887971387603
2024-01-31,KBS:HOSE:KDC,1.5093120658183043,-0.8839702454393177,-1.3468498056400369,0.7539505227755054
2024-01-31,KBS:HOSE:KDH,0.691433125434606,-0.2387423367711978,-0.18945730981324874,0.294517912520323
2024-01-31,KBS:HOSE:KHP,-1.5004546432534647,0.17429886123358207,-0.633577536092032,0.08877537104541007
2024-01-31,KBS:HOSE:KOS,-0.6271627418325318,-0.30942392451657236,-1.459766339780286,0.9209055082937508
2024-01-31,KBS:HOSE:KSB,1.1848274960314886,1.2837159371756872,0.7844939127063845,-1.7669868526646983
2024-01-31,KBS:HOSE:LBM,-1.5977006723176732,-0.19781415050242643,-0.9292168185103424,0.8937967768540135
2024-01-31,KBS:HOSE:LCG,0.4940302207625585,0.13757746898130604,0.6922566933578199,-1.1303857285910222
2024-01-31,KBS:HOSE:LHG,-1.0381835353686746,2.012508370436632,0.18258677567042797,-0.06882529838309785
2024-01-31,KBS:HOSE:LIX,-1.0625579373477578,3.309680853051701,-0.6154115329583387,0.3288222133359551
2024-01-31,KBS:HOSE:LM8,-1.61638570394689,-0.9632039621685117,0.559648283987613,1.3576417473231566
2024-01-31,KBS:HOSE:LPB,2.7777826596602506,1.8443174624158354,-0.29199613443862876,0.721243053467223
2024-01-31,KBS:HOSE:MBB,18.588985183473355,0.21803302066635016,-2.1944494484882613,0.11319436179565574
2024-01-31,KBS:HOSE:MCP,-1.1192110392586159,3.5112285736413957,1.0629820976601307,1.7372945850150148
2024-01-31,KBS:HOSE:MHC,-1.17818657203046,0.20128214358270555,2.9752756501690216,0.9673211653894754
2024-01-31,KBS:HOSE:MIG,-1.365167415273305,0.23969504298967376,-0.06349514253919561,0.3346652590589121
2024-01-31,KBS:HOSE:MSB,3.24758202034499,-0.2627200930579462,-0.8675440640937928,-0.1964481199999382
2024-01-31,KBS:HOSE:MSH,-1.1976122528093787,1.0171194254595752,0.07962416768759377,-0.5671898591791201
2024-01-31,KBS:HOSE:MWG,14.040869477473844,-1.4031309125226126,-0.6118789177733956,-1.46636757682917
2024-01-31,KBS:HOSE:NAF,-1.4019304012268605,0.24529186868419153,0.15420321153286223,0.8032855450017211
2024-01-31,KBS:HOSE:NBB,-1.2182085033881562,0.31728881456581376,1.0530478960834302,0.7659035875164953
2024-01-31,KBS:HOSE:NCT,-1.527062229863416,0.3497289600200021,-1.33114817517516,0.6519236567610198
2024-01-31,KBS:HOSE:NKG,7.36643181823537,0.9686920508893262,1.1528519099647008,0.669223581133447
2024-01-31,KBS:HOSE:NNC,-1.6636556669015443,-0.9938290556025653,-0.8075245602870985,0.48854053298245814
2024-01-31,KBS:HOSE:NVL,8.714116776394718,-1.1503270256000686,0.840364659645233,-1.1020375787574028
2024-01-31,KBS:HOSE:NVT,-1.6040431006157567,-1.0300105909968749,0.16736204015241662,-0.5622540744887459
2024-01-31,KBS:HOSE:OCB,1.0701952085375057,1.1999787580980734,-0.7084592137379585,-0.17731367600485132
2024-01-31,KBS:HOSE:OGC,-1.1603675839596357,-0.6424830175228209,0.24890801485766123,-1.4152175280507622
2024-01-31,KBS:HOSE:OPC,-1.5512296266914192,-0.32480369488386857,-1.057939487999582,0.5203261330347181
2024-01-31,KBS:HOSE:PAC,-1.4088450042615197,1.2710975494268824,-0.9176947316158433,-1.3086807482464766
2024-01-31,KBS:HOSE:PAN,-0.28732886302094285,0.49392209604368803,0.20236341873154745,-0.5382313873263276
2024-01-31,KBS:HOSE:PDR,9.766371903414644,1.2196721089653075,1.2726495142275154,1.06080323442903
2024-01-31,KBS:HOSE:PGC,-1.6410495656485675,-0.7394520285120538,-1.1894827498071863,0.2421105458500334
2024-01-31,KBS:HOSE:PGD,-1.5761428801052226,-0.5314447372829378,0.44027908137083754,0.6985711656410049
2024-01-31,KBS:HOSE:PGV,-1.5140287985785554,-0.5837008948917859,0.3630809574330332,0.06504891595629507
2024-01-31,KBS:HOSE:PHR,-0.8581970933967327,0.6702138284290122,-0.24128851849678692,-0.24852934833706652
2024-01-31,KBS:HOSE:PJT,-1.545768638359695,-0.2212275327251366,0.27723640271529587,0.4245628221436534
2024-01-31,KBS:HOSE:PLP,-1.3960048524191533,0.6219740882912783,-0.37147256425411895,-1.6963452265090373
2024-01-31,KBS:HOSE:PLX,-0.5189375655120502,-0.6415713079501365,-0.5530512712714761,-0.3645692850049242
2024-01-31,KBS:HOSE:PNJ,3.3516654328055604,0.8903359372077039,-1.0171555448688447,0.12102194943841013
2024-01-31,KBS:HOSE:PTB,-1.1781806020646977,-0.6152861627273085,-0.32811318905142783,1.0986131199872191
2024-01-31,KBS:HOSE:PVP,-1.3165087694412985,-0.1844179045899021,-0.15944320881189672,0.31330746460056813
2024-01-31,KBS:HOSE:PVT,2.1602809539392474,-0.25864271921411225,0.5664897867959163,0.4768764866740218
2024-01-31,KBS:HOSE:RAL,-1.205078758569468,1.2173179136085674,-0.6442117283634567,0.5552620736010644
2024-01-31,KBS:HOSE:S4A,-1.2770680544952346,1.7690698239331148,-0.950966258133166,0.19616620831752613
2024-01-31,KBS:HOSE:SAB,0.023198964694840837,-2.681084968954228,-0.26541803895992844,-0.6459599468711428
2024-01-31,KBS:HOSE:SAM,-0.9303838841271531,-1.229098853916727,-0.06218692362515065,-0.22179561767179498
2024-01-31,KBS:HOSE:SAV,-1.5039238460115363,-0.48177155008578326,0.22050117203020764,0.21859870139028517
2024-01-31,KBS:HOSE:SBA,-1.2991719708109426,2.2385008206425585,-1.2474922511047866,0.46520238438961997
2024-01-31,KBS:HOSE:SBV,-1.4191098907641466,1.6484706812074077,-1.6088467220702634,0.04732637530688662
2024-01-31,KBS:HOSE:SC5,-1.5919392182502363,-0.19285497822275208,-1.2292599991664372,0.3490703214771646
2024-01-31,KBS:HOSE:SCR,-0.7810720140356601,-0.5476536665515059,0.8791160845755416,-0.9147363009039461
2024-01-31,KBS:HOSE:SCS,-1.3871390114995859,0.351063625818611,-0.9128385169313262,0.29577182105050553
2024-01-31,KBS:HOSE:SGR,-1.3002402153337242,0.7361537536091793,0.9780952796898468,-1.0582468511202041
2024-01-31,KBS:HOSE:SGT,-1.5969056900826488,-1.0430424807805985,-0.07134003966741106,-0.7324837352424584
2024-01-31,KBS:HOSE:SHA,-1.5792849851668573,-0.1040592290325255,-0.801601797062421,0.3617755116081853
2024-01-31,KBS:HOSE:SHI,-0.7566118003743699,-0.7013056173500951,-1.7647187973550693,0.6207740390413734
2024-01-31,KBS:HOSE:SHP,-1.4203911603524775,1.3893922319295322,-1.100087590423225,0.9144552275502398
2024-01-31,KBS:HOSE:SJD,-1.5322004782469036,-0.24890947081124376,-0.9183408728783093,0.5639032873848816
2024-01-31,KBS:HOSE:SJS,0.25031424164263044,0.5047049539424593,0.5812234852262802,0.9640003684813966
2024-01-31,KBS:HOSE:SMB,-1.5849985628115653,0.05054595380918222,-1.647343758350337,0.7393684048785445
2024-01-31,KBS:HOSE:SPM,-1.6795310873649134,-1.5823226585015477,0.17387902116786688,0.06311332979906792
2024-01-31,KBS:HOSE:SRC,-1.404454743181844,0.6694978682481159,0.8641090455870817,1.6005267135222907
2024-01-31,KBS:HOSE:SRF,-1.5525554930508614,-0.14564322314000347,-0.4476560615114949,-0.8415590106039635
2024-01-31,KBS:HOSE:STB,21.82392038126196,-2.043510152139986,-2.0365745288613204,0.13116445151243966
2024-01-31,KBS:HOSE:STG,-1.4833891216593456,0.15795062522363248,0.9002306061177817,0.5521972694769552
2024-01-31,KBS:HOSE:SVT,-1.4334808298727106,0.7182793923965916,0.15139494161427,-0.28956311443351196
2024-01-31,KBS:HOSE:TCB,8.771700288756646,0.06164391920504318,-0.8358837803273425,-0.25688593082461963
2024-01-31,KBS:HOSE:TCL,-1.5565797010790225,0.11486133687800806,-1.3018936026993686,0.7577494147303149
2024-01-31,KBS:HOSE:TCM,-0.6384798532477451,-0.9219753232980262,-1.4989979459743537,0.3384925282365263
2024-01-31,KBS:HOSE:TCO,-1.5755101392904516,-0.7696262972380811,-0.23306803951074678,0.30554323343989037
2024-01-31,KBS:HOSE:TCR,-1.5537187147661646,-0.09102393536795839,-0.21957878701277114,-0.3205593158443527
2024-01-31,KBS:HOSE:TDG,-1.6240678803778898,-0.9971598553496202,-0.4051661345278688,-0.49473373420841393
2024-01-31,KBS:HOSE:TDP,-1.4999176081410233,-0.9129094520104478,-0.44220831491534124,-0.14439160394090236
2024-01-31,KBS:HOSE:TIP,-0.7452186089379188,1.3293001306679622,0.4415562707288485,0.42780173724371895
2024-01-31,KBS:HOSE:TLG,-1.5299601063615111,-1.332540673309147,-0.8521460251252695,0.1464488610909731
2024-01-31,KBS:HOSE:TLH,-1.1598992610995693,-0.008997394297813344,1.1887169084969493,-0.4927448989185636
2024-01-31,KBS:HOSE:TMS,-1.4823746180184048,0.3861347995334751,-0.2750833770906537,0.2731441056663482
2024-01-31,KBS:HOSE:TN1,-1.5817706661850086,-0.27429428513091936,-0.6661218064029512,0.30349522554818475
2024-01-31,KBS:HOSE:TNC,-1.4463230561943539,-0.7708421171398319,0.7317410992712773,0.6158805155057507
2024-01-31,KBS:HOSE:TNI,-1.5607086567591295,-0.7634663169280693,-0.3503462245419701,-0.9124901565827623
2024-01-31,KBS:HOSE:TNT,-1.3753121035487943,-0.5354946819212184,1.3182578943686043,-0.757416440353235
2024-01-31,KBS:HOSE:TRA,-1.6006688513205067,-0.5340211635188482,-0.45458684390745985,0.2624406907166149
2024-01-31,KBS:HOSE:TRC,-1.5875148268796386,-0.06405368477128065,-1.1371221403193,0.5437928809858881
2024-01-31,KBS:HOSE:TV2,-0.6538968170901306,1.966267118858253,1.6635762786099182,-0.10853249428619155
2024-01-31,KBS:HOSE:TVB,-0.8307297437652666,3.7894840187303185,0.7694296424833758,-1.3751106415638332
2024-01-31,KBS:HOSE:UIC,-1.4200155115601858,1.5816370127639434,-1.7523366068559683,-0.32023933071155797
2024-01-31,KBS:HOSE:VCA,-1.6176320907342903,-0.4205131977513461,-1.2322498396322568,-0.5660845859918416
2024-01-31,KBS:HOSE:VDS,-0.7024370050945704,1.529938218516737,2.3191700290684243,0.7622097469615514
2024-01-31,KBS:HOSE:VFG,-0.8870599636526992,5.552659239363265,-1.735679631770353,-1.3979970548553504
2024-01-31,KBS:HOSE:VGC,0.012531216154747768,0.543407099309302,0.9163111660560302,0.5036479700754077
2024-01-31,KBS:HOSE:VHM,7.559369064485027,-2.488971604252364,-0.2700933915668055,-1.0926291222547435
2024-01-31,KBS:HOSE:VJC,1.8475752868687485,-0.8872620448938164,-0.9724026458862985,0.706542793414589
2024-01-31,KBS:HOSE:VND,13.968588772844653,-1.1487292402377423,0.5457829910464106,0.1296125682579115
2024-01-31,KBS:HOSE:VNG,-1.6050905674777476,-1.0247321458982184,0.17461767183147395,0.5366975752191637
2024-01-31,KBS:HOSE:VPB,10.031023155551345,-1.3961021534016462,-1.334626481417804,0.18795161750744685
2024-01-31,KBS:HOSE:VPS,-1.5768287208810394,-0.7547646947341445,0.833775284143429,0.8913988855713925
2024-01-31,KBS:HOSE:VSI,-1.4639217549158803,0.43620257954270025,0.16882464391750968,0.7972310553902112
2024-01-31,KBS:UPCOM:APC,-1.9395852881429296,-4.063177272064171,0.6383649430003129,-0.20628406553292694
2024-01-31,KBS:UPCOM:GMC,-1.4641874364227578,0.39631937116042826,-0.35159092702049366,-1.260128491375818
2024-01-31,KBS:UPCOM:HBC,-0.4765724579276108,1.3084442774356422,0.34646576892348413,-2.40015812636768
2024-01-31,KBS:UPCOM:HNG,0.769023716099574,-0.77192592755474,1.5371627294754149,0.2030782696044919
2024-01-31,KBS:UPCOM:POM,-0.9667394533606597,-0.5732774028540372,1.1661027909794788,-2.0800093760052643
2024-02-29,KBS:HOSE:AAM,-1.8663450247940123,-1.2645835395338303,0.15837805882698616,0.6618269907625604
2024-02-29,KBS:HOSE:ABS,-1.6180198254167641,-1.1021210204054732,0.7532266812286929,-0.4872747139556155
2024-02-29,KBS:HOSE:ABT,-1.8007231812066649,-0.6289902442155725,-0.09818451536881309,0.6476010818076248
2024-02-29,KBS:HOSE:ACC,-1.8085985606963422,-0.6420011004923964,-1.1738925342747548,-0.0011729070856707471
2024-02-29,KBS:HOSE:ACL,-1.6901896102898226,-0.04402492217334322,0.0456244532077462,0.027201656504338267
2024-02-29,KBS:HOSE:ADS,-1.5528514384316066,-1.0524852378459966,0.5122077982361217,-0.899441726391032
2024-02-29,KBS:HOSE:AGG,-1.2028852595323654,-1.9631858805174216,-0.10792578723623936,-0.5856245911625649
2024-02-29,KBS:HOSE:AGR,-0.3737331506598034,1.31513363974486,1.7736474595699125,-1.8428028893457995
2024-02-29,KBS:HOSE:ANV,0.6694235700802825,0.6136891308445332,0.8983529440579759,-0.26183495625900693
2024-02-29,KBS:HOSE:APG,-0.8612836498391465,3.6267451983810384,0.8412528077100162,-0.7003975069752846
2024-02-29,KBS:HOSE:APH,-1.3864981381691956,0.3343438546069752,0.09272189874526411,-0.37668144021127453
2024-02-29,KBS:HOSE:ASM,-0.3894359094848202,1.3946111507732608,0.8360705346906356,0.035335968758311846
2024-02-29,KBS:HOSE:ASP,-1.8411442839038736,-1.3880823439203422,0.11700744153240179,0.17169733267243045
2024-02-29,KBS:HOSE:AST,-1.6590720246636794,-0.1850673221921594,-0.6981162837829135,0.3376864594764884
2024-02-29,KBS:HOSE:BCM,0.13480291178679635,-0.7885598018846599,-0.4664396993589231,0.5337131774951871
2024-02-29,KBS:HOSE:BHN,-1.8758901427642876,-1.2825484292542706,-0.40280248002711305,0.5443246505426588
2024-02-29,KBS:HOSE:BKG,-1.6777352628909508,-0.18841016483760242,-0.4021054465204568,-0.27124890016136405
2024-02-29,KBS:HOSE:BMI,-1.5010666688047418,-0.4543777953818,-0.6200774808404403,-0.6628546561017646
2024-02-29,KBS:HOSE:BTP,-1.4013103770347948,2.7044581381478703,0.12218937211133094,1.1776092785665064
2024-02-29,KBS:HOSE:BVH,-1.1474360659910854,-0.35175354776518447,-1.0461588344781438,-0.12955368879101062
2024-02-29,KBS:HOSE:C32,-1.6982832137655672,0.16394027711916143,-1.2094047809761168,-0.06462738152991498
2024-02-29,KBS:HOSE:CCL,-1.1023723359708142,3.7041877660676925,0.5548836778025654,-0.3780849624758091
2024-02-29,KBS:HOSE:CDC,-1.234653289849345,-0.7252404916198394,-1.9107934324378781,-0.6033352896571359
2024-02-29,KBS:HOSE:CIG,-1.705054335417906,-0.9505555604844604,0.31067960851672416,-1.2727723178282517
2024-02-29,KBS:HOSE:CII,5.81811818934224,-0.9262727317109701,1.347381752133316,-0.38275613430023864
2024-02-29,KBS:HOSE:CKG,-1.0354405997679896,-1.9477822849927942,0.4163405164247785,-0.7441372632107223
2024-02-29,KBS:HOSE:CLC,-1.7056713733215914,0.3779252427886933,-1.159511633902173,0.3708839253752783
2024-02-29,KBS:HOSE:CMV,-1.840479718274126,-0.8605192551718432,-0.29292110115394376,0.6542390028389365
2024-02-29,KBS:HOSE:CMX,-1.5330173830678393,-0.9276058221283496,0.508767162738411,-0.6737275786265651
2024-02-29,KBS:HOSE:CNG,-1.4390227901465902,-0.003667559812580267,-0.0006924563691475302,-1.0957642689795464
2024-02-29,KBS:HOSE:CRC,-1.4799248798883116,1.7523457845285144,0.229676341384812,0.5208145265181365
2024-02-29,KBS:HOSE:CRE,-1.3791141840073644,-0.2948823278123691,1.2493590721152774,-0.37799299250361484
2024-02-29,KBS:HOSE:CSM,-1.7754285812328432,-0.2197350250787414,-1.0236831458418485,0.4363471354131945
2024-02-29,KBS:HOSE:CSV,0.5270354260339821,4.562428616006287,1.0314803082662314,0.06699327793343858
2024-02-29,KBS:HOSE:CTD,3.289868336415799,1.444134068183023,0.7785335402999369,-0.9113761680249658
2024-02-29,KBS:HOSE:CTF,-1.6328469329670559,-0.748555571862218,-1.632975966889099,-0.051970755020388046
2024-02-29,KBS:HOSE:CTI,-1.2930834206422164,0.2982944293800337,0.024086143181324442,-0.06866972129881692
2024-02-29,KBS:HOSE:CTR,0.03963223952718659,2.272905996715728,-0.15795149965242936,-0.5134049730632627
2024-02-29,KBS:HOSE:CTS,0.7790258084189934,2.216157121959843,1.868924995370484,-1.9448952066537866
2024-02-29,KBS:HOSE:CVT,-1.9388348825507833,-1.7952201377995407,0.39218985825464364,1.0079149160081982
2024-02-29,KBS:HOSE:D2D,-1.1366630770901645,3.8029571756580927,-0.12731118679940845,0.13648140406680323
2024-02-29,KBS:HOSE:DAH,-1.6936918011867177,-0.558258906101943,0.01849112068967696,-0.3428867673970387
2024-02-29,KBS:HOSE:DBC,9.733909697746594,1.630203803596466,0.9916233560242744,-0.18272975442256392
2024-02-29,KBS:HOSE:DBD,-1.5786637796490577,-0.26284183047528353,-0.7525460253102585,-0.18567217389335516
2024-02-29,KBS:HOSE:DCL,-1.7072547327456244,-0.27039896530421176,-1.5603697842197402,-0.05295350864896968
2024-02-29,KBS:HOSE:DCM,4.067693605446373,0.02789397719172402,0.20710618541886944,-0.5855377817806738
2024-02-29,KBS:HOSE:DGC,9.348215487352903,2.0322950467664866,0.07657730325169108,-0.34262617390177424
2024-02-29,KBS:HOSE:DGW,2.070917805823945,-0.05170891193975111,1.0135917280087416,-0.47056383842451527
2024-02-29,KBS:HOSE:DHA,-1.456055586137736,-0.1448547427260063,0.14525605986526147,-0.6922329398319086
2024-02-29,KBS:HOSE:DHC,-1.1707860860288901,-0.1332411465914584,-0.13319173619280353,-0.2622733167283935
2024-02-29,KBS:HOSE:DLG,-1.6531092208422413,-1.7555905433271513,1.4669690955172163,0.37969778289847844
2024-02-29,KBS:HOSE:DMC,-1.8467243833657243,-1.438162716095308,-0.2754938650191569,-0.36350893276116714
2024-02-29,KBS:HOSE:DPG,-0.4929611179642022,-0.2744896052753824,0.523214742817928,-1.0451748376254868
2024-02-29,KBS:HOSE:DQC,-1.7196456080914726,-0.5076725435541183,-0.4122735149367987,-0.40146108149057413
2024-02-29,KBS:HOSE:DRC,0.383464707791679,3.5454046784874023,-0.2710131995982575,0.8842928684257348
2024-02-29,KBS:HOSE:DSN,-1.7472552233789271,-0.34412390081667754,-2.0631889254865605,-0.5855127931172229
2024-02-29,KBS:HOSE:DTL,-1.9528887797134278,-2.288154362807569,1.087044675802306,0.8156564915859834
2024-02-29,KBS:HOSE:DTT,-1.6379033851176894,0.7304985905778837,-0.7980471815086397,-0.28660082845817186
2024-02-29,KBS:HOSE:DVP,-1.5495963346588968,1.309502421819711,-0.6589571166002621,0.10853962949608212
2024-02-29,KBS:HOSE:DXV,-1.8503659376125714,-0.8768072004071852,0.7272405364199147,1.5282385430648766
2024-02-29,KBS:HOSE:EVE,-1.8089153214189344,-1.6053100751069038,-0.5162063264414093,-0.5429146904820896
2024-02-29,KBS:HOSE:EVG,-1.3724086150094654,-0.8002787885134034,1.4901358393844928,-0.9530799364041065
2024-02-29,KBS:HOSE:FCM,-1.7787097187207257,-1.460143867247722,0.04810415203746273,-1.026186635040077
2024-02-29,KBS:HOSE:FCN,-0.7258037615913839,-0.714812991299272,1.3295483493024218,-0.9365658921133055
2024-02-29,KBS:HOSE:FIR,-1.494652651209084,-5.851504524932273,3.4810973153046203,0.88733517803805
2024-02-29,KBS:HOSE:FIT,-1.2408407166327111,-0.0847922443690536,0.9626147777164806,-0.4090307524236829
2024-02-29,KBS:HOSE:FMC,-1.497756605551403,0.17196310756523733,-0.36344728946432975,-0.6753962853577941
2024-02-29,KBS:HOSE:FPT,11.352665641719497,0.3334942173819739,-1.158342130875252,0.1368806966651987
2024-02-29,KBS:HOSE:FTS,1.5827800726515995,5.731208238294831,2.0033947265631693,-1.960859711512865
2024-02-29,KBS:HOSE:GDT,-1.6835839734216502,0.12000479448510722,-0.5839697815032909,-0.04688222538928583
2024-02-29,KBS:HOSE:GEG,-1.5559258107628344,-0.9105581849936148,-0.4136376202327349,-0.667289396860487
2024-02-29,KBS:HOSE:GIL,-0.5063695782799013,1.9839746566972116,1.4643921333546606,-0.45860931854922304
2024-02-29,KBS:HOSE:GMD,1.5986888626088214,1.2023294611872182,-0.5027405531148701,-0.05711075350775644
2024-02-29,KBS:HOSE:HAG,4.647463353208524,0.8029568246131074,0.861751784265339,1.5212069212962114
2024-02-29,KBS:HOSE:HAP,-1.6731063488818287,-0.17173631683149498,-0.4774502947531718,-0.50976985871632
2024-02-29,KBS:HOSE:HAR,-1.6285094667346978,-0.5549696239639349,1.1633743337230338,0.20390986101895017
2024-02-29,KBS:HOSE:HCM,7.355497510658247,1.6802281752660941,0.5811058029574366,-0.07600793573510295
2024-02-29,KBS:HOSE:HHP,-1.540898085698224,0.166034481626262,0.18489902664701285,-0.30761558996577903
2024-02-29,KBS:HOSE:HHV,1.519489699964556,-0.20706388486296368,0.5500849629426873,-0.5405759961868656
2024-02-29,KBS:HOSE:HID,-1.8575279080717593,-1.6290841396261249,-0.6007568304616645,-0.5937198875318107
2024-02-29,KBS:HOSE:HII,-1.522109716838333,1.1633354378250396,-0.33874756331836164,-0.08067230538151775
2024-02-29,KBS:HOSE:HMC,-1.6715374160277914,0.4988958963366346,-0.984619391811157,0.2945983145260209
2024-02-29,KBS:HOSE:HRC,-1.7749814129707748,-1.5101548381555159,0.8056905767976414,2.451367790081888
2024-02-29,KBS:HOSE:HSG,7.907189495353237,-0.4242598104184934,0.3791927572205727,-0.3573081080899805
2024-02-29,KBS:HOSE:HSL,-1.8241705775212311,-3.496157196639919,2.432804999838561,0.5680897905042107
2024-02-29,KBS:HOSE:HTI,-1.7914593669351009,-0.6570048245099842,-1.5858582415387852,-0.38762836221553
2024-02-29,KBS:HOSE:HTN,-1.385398454523251,-1.6766045693693268,1.1286405067185405,-1.0712129982813128
2024-02-29,KBS:HOSE:HTV,-1.8595993007608618,-0.8842289233066757,-1.1295777976329187,0.4539426189627313
2024-02-29,KBS:HOSE:HUB,-1.576685089404818,1.0844506868880797,-0.5796001125629157,-0.17555866062186193
2024-02-29,KBS:HOSE:HVN,-0.8458081655288362,-0.21548819100928723,0.07172344547988754,0.3405295788815026
2024-02-29,KBS:HOSE:ICT,-1.815579346512037,-0.6627819744117825,-1.5292042638539702,-0.22110272274846243
2024-02-29,KBS:HOSE:ILB,-1.7823176808116845,-0.3711201914387774,-1.086321204871741,0.0325299658583546
2024-02-29,KBS:HOSE:ITC,-1.3583775747076845,-0.07652477465109812,1.4947571474293972,-0.3367111441624588
2024-02-29,KBS:HOSE:ITD,-1.8057063968024747,-0.8718703302455001,-0.5667150946961634,0.09231679777035852
2024-02-29,KBS:HOSE:KDC,1.1039310707179468,-0.7985433497863071,-1.3275133739612877,0.025452140045760803
2024-02-29,KBS:HOSE:KDH,1.8111539290510759,0.5506798738349401,-0.2937093195540178,-0.16107703955093503
2024-02-29,KBS:HOSE:KHP,-1.7111934756643117,-0.2766502798945001,-1.2293816194340152,-0.8073002408292245
2024-02-29,KBS:HOSE:KOS,-0.730151633771178,-0.4152052482924105,-1.9768361449671148,-0.33552936933455557
2024-02-29,KBS:HOSE:KSB,0.7282323725742996,0.1366403812937639,1.075368377608346,-0.34893721213562595
2024-02-29,KBS:HOSE:LBM,-1.834114472014036,-1.589327817675969,-0.8691851631865283,-0.402662565038526
2024-02-29,KBS:HOSE:LCG,1.3578382556307147,-0.20505528231639977,0.6392765843207725,-0.4644757146312976
2024-02-29,KBS:HOSE:LHG,-1.1418054440034047,1.7277312834533705,0.2997223582572515,-0.3258235742886957
2024-02-29,KBS:HOSE:LIX,-1.3165877425582129,3.362717765955307,-0.8993394679753268,0.6754843915888759
2024-02-29,KBS:HOSE:LM8,-1.7478938005170543,-0.3015619395683227,0.04791944923929249,0.31717972452644916
2024-02-29,KBS:HOSE:LPB,1.635398655029901,0.06491540175570486,-0.42999430819841455,-0.6585536286722582
2024-02-29,KBS:HOSE:MBB,17.09421389895158,0.6189776768334208,-1.5964440557150446,0.8881312146169064
2024-02-29,KBS:HOSE:MCP,-1.5613577402800838,1.3742200773790083,0.6742162288151343,0.5877756168446122
2024-02-29,KBS:HOSE:MHC,-1.3694374480913287,-0.06462913884146265,2.5099502322587752,-1.9409490306500596
2024-02-29,KBS:HOSE:MIG,-1.6035003281600173,-0.36285191537190525,-0.5068487472357707,-0.2964633538357407
2024-02-29,KBS:HOSE:MSB,8.728573162771044,0.5171119967946999,-0.8172036712737921,0.35246758840576337
2024-02-29,KBS:HOSE:MSH,-1.372982676104845,0.6250788265713607,0.13975416741839464,-0.6361774336274653
2024-02-29,KBS:HOSE:MWG,14.798599959605024,-1.6401885562017129,0.10573880403108259,0.6826682564858378
2024-02-29,KBS:HOSE:NAF,-1.6227342541666796,-0.3116798329877272,-0.27376755428530886,-0.619768943122404
2024-02-29,KBS:HOSE:NBB,-1.5028457623623397,-0.09141360989038727,0.8041663479549981,-0.38263583891785585
2024-02-29,KBS:HOSE:NCT,-1.7516417696230278,-0.17178680624020445,-1.8892287132059382,-0.48651770127893157
2024-02-29,KBS:HOSE:NKG,5.841667241934605,-0.04663749940323433,0.47081824530152394,-0.24416354244634292
2024-02-29,KBS:HOSE:NNC,-1.8461951777426495,-1.682141773452591,-1.0992688565343909,-0.6819824657552248
2024-02-29,KBS:HOSE:NVL,13.720079064765722,-2.2909702416248585,1.0643322592929543,-0.23844500606050176
2024-02-29,KBS:HOSE:NVT,-1.7815987538387852,-0.624589707732549,0.054770884454899284,0.47048855296671566
2024-02-29,KBS:HOSE:OCB,0.5330850535924907,0.5568887562150686,-0.23771326186620934,-0.05055058906036739
2024-02-29,KBS:HOSE:OGC,-1.613025699412684,-1.2474411803571477,0.46661210537417636,-0.1687734721251186
2024-02-29,KBS:HOSE:OPC,-1.663099905984365,-0.6414593072406833,-0.9736298076944526,0.3750044239725377
2024-02-29,KBS:HOSE:PAC,-1.6086259125336912,1.1294729140715456,0.005540588088899649,1.110302683010487
2024-02-29,KBS:HOSE:PAN,0.7281619265174573,1.3484477511853339,0.11985933441779402,-0.10032813666732976
2024-02-29,KBS:HOSE:PDR,10.898887266620239,0.7116305187741663,0.8632754427164704,-1.2285890655276015
2024-02-29,KBS:HOSE:PGC,-1.8158924105124354,-1.0489761021136175,-1.3316440363769158,-0.5414960967946776
2024-02-29,KBS:HOSE:PGD,-1.7654843172906642,-0.5826456354020634,-0.01809405544682508,0.01314046970874579
2024-02-29,KBS:HOSE:PGV,-1.6960250908183065,-0.5329440809678508,-0.21532916340979644,-0.8675404867210011
2024-02-29,KBS:HOSE:PHR,-0.45053382050155893,1.4825446039513526,-0.2991541541280869,-0.4620625238795945
2024-02-29,KBS:HOSE:PJT,-1.7605291087383446,0.08007729453631279,-0.004428094662568372,1.096157793423754
2024-02-29,KBS:HOSE:PLP,-1.5069157432934843,1.5949271016965014,-0.12022535644077256,0.05225043639760125
2024-02-29,KBS:HOSE:PLX,-0.7196768811077583,-0.5158679320545023,-0.46993809460240615,-0.19005607874961505
2024-02-29,KBS:HOSE:PNJ,3.8671679797182406,-0.251043462544434,-1.1854029343868893,0.23096828137754452
2024-02-29,KBS:HOSE:PTB,-1.3441777258044258,-0.03151619484574273,-0.614706213989372,-0.5663494540188926
2024-02-29,KBS:HOSE:PVP,-1.5546807003133472,-0.6065521556976681,-0.464033674098041,-0.8865520491156923
2024-02-29,KBS:HOSE:PVT,1.3717956109374454,0.042155409757400564,0.09651412354710953,-0.7950425534127933
2024-02-29,KBS:HOSE:RAL,-1.4312057463674557,1.677032113275597,-0.7160277791641239,0.2696002295402447
2024-02-29,KBS:HOSE:S4A,-1.5942149248480695,2.0312075043241586,-0.8108872831606221,1.205424313934203
2024-02-29,KBS:HOSE:SAB,0.7016900474954364,-2.38751074704245,-0.12422519901300037,-0.30713091135075765
2024-02-29,KBS:HOSE:SAM,-1.4686874093307771,-0.8976939715750614,-0.1947247327510814,-0.26085246164198
2024-02-29,KBS:HOSE:SAV,-1.67641698122397,-0.4869764977407699,0.07533288425851457,-0.15996202488154465
2024-02-29,KBS:HOSE:SBA,-1.523244623074948,2.31994339093243,-1.3128827893993196,0.6948986293736892
2024-02-29,KBS:HOSE:SBV,-1.7189979385439438,0.5808865411686774,-1.0596243220243038,0.6355669687007397
2024-02-29,KBS:HOSE:SC5,-1.74580342161836,0.5389334933267356,-1.2224764463595523,0.8043804735250233
2024-02-29,KBS:HOSE:SCR,-1.0289354687274523,-1.0620584423879138,0.5917000592349606,-0.7612778137003822
2024-02-29,KBS:HOSE:SCS,-1.3967503938394712,1.1948845208374816,-1.0288133301201958,0.6120814917676003
2024-02-29,KBS:HOSE:SGR,-1.6045196812644154,-0.38962631299015965,0.9775962890491712,-1.412179297534935
2024-02-29,KBS:HOSE:SGT,-1.7991386584399753,-1.2177549415285525,0.6440476770926556,0.17217108266829484
2024-02-29,KBS:HOSE:SHA,-1.8282379248685892,-0.9969070816042991,-1.0374752599317096,-0.46572904416790606
2024-02-29,KBS:HOSE:SHI,-1.2239498544789902,0.27282533508505846,-1.392036478546017,0.3096579144148294
2024-02-29,KBS:HOSE:SHP,-1.6611210725420886,0.9146311370339805,-1.4039595631429846,0.16692753085130735
2024-02-29,KBS:HOSE:SJD,-1.6702650436963038,-0.40042878198721193,-1.3008640535673726,-0.96004982542584
2024-02-29,KBS:HOSE:SJS,-0.6342595453403629,1.3888913121785942,-0.4073173156665358,0.10187439125393909
2024-02-29,KBS:HOSE:SMB,-1.8367804377424757,-0.9864409751264241,-1.8955636135332878,-0.3903352627849124
2024-02-29,KBS:HOSE:SPM,-1.8779878952976734,-1.5138163154422006,0.32840669440027814,0.5363917901453863
2024-02-29,KBS:HOSE:SRC,-1.4445235690820701,2.9312304932167796,1.0158193354869134,1.8969348740829461
2024-02-29,KBS:HOSE:SRF,-1.8253041138477624,-0.8706694408575983,0.7734065090118674,1.2973256515826719
2024-02-29,KBS:HOSE:STB,20.377159715293526,-2.1828312717017826,-1.0223613104332878,0.7993982997796473
2024-02-29,KBS:HOSE:STG,-1.8713143333833595,-0.859083499721462,1.5938225958427,2.4125293001598043
2024-02-29,KBS:HOSE:SVT,-1.7218448046700132,0.003167477779179246,0.83766377698479,1.3485730972363608
2024-02-29,KBS:HOSE:TCB,13.712304639124469,1.3379084744928416,-0.921436341579678,0.7595584377939744
2024-02-29,KBS:HOSE:TCL,-1.7426324743345203,-0.3280149722684181,-1.7659168475057765,-0.7465548398048838
2024-02-29,KBS:HOSE:TCM,-0.5433999535204349,-0.41249763735317113,-1.7036375184180335,-0.3119829647171475
2024-02-29,KBS:HOSE:TCO,-1.6934410958332624,-0.7460953455321722,0.0475130488508396,-1.107661140234696
2024-02-29,KBS:HOSE:TCR,-1.7723371900458647,-0.07843631937737429,0.8268672005873341,1.6116313681294143
2024-02-29,KBS:HOSE:TDG,-1.677608901848718,-0.08978842362410694,0.1290273580194035,-0.24850789518372016
2024-02-29,KBS:HOSE:TDP,-1.4097425190003956,0.7988548144284568,0.4767859377634103,1.7428684480974856
2024-02-29,KBS:HOSE:TIP,-0.4999857569885087,1.3701485092634007,0.44635851285859346,0.057256018265533656
2024-02-29,KBS:HOSE:TLG,-1.6829000614745269,-1.6441449025230408,-0.6531281891374014,-0.39877184768444807
2024-02-29,KBS:HOSE:TLH,-1.413592530309173,-0.5251140359441174,0.7815219315405094,-0.9915281651550355
2024-02-29,KBS:HOSE:TMS,-1.455197126509836,3.019649785151264,-0.07388862696434974,1.4487648170966227
2024-02-29,KBS:HOSE:TN1,-1.941826743764769,-2.2936110876906,0.5008326520771889,0.5152298164826468
2024-02-29,KBS:HOSE:TNC,-1.7899184666838315,-0.562857132241243,0.69549721668534,1.268283816563743
2024-02-29,KBS:HOSE:TNI,-1.7756443988338182,-1.082668691632668,-0.1327907578388774,-0.14770012344948927
2024-02-29,KBS:HOSE:TNT,-1.3519718940599623,1.2792509141904564,1.8391972212209895,0.21081677246580316
2024-02-29,KBS:HOSE:TRA,-1.8222749219578294,-0.5061976171185358,-0.4765351034173053,0.95085213479971
2024-02-29,KBS:HOSE:TRC,-1.5825215985915435,1.7094975915254744,-0.5648595420237317,0.7845802945898414
2024-02-29,KBS:HOSE:TV2,-0.6356672563834153,0.6421464300852965,1.2703548088034988,-0.8577470596106038
2024-02-29,KBS:HOSE:TVB,-1.1296139202299746,2.7845369575083083,1.311294432724765,0.2095294153063841
2024-02-29,KBS:HOSE:UIC,-1.7292136442427681,0.12364014282106203,-1.354893917448603,0.27161410186850193
2024-02-29,KBS:HOSE:VCA,-1.8311996133249824,-0.7386065028959582,-1.096249495831567,0.17856259678117187
2024-02-29,KBS:HOSE:VDS,-0.5477284307370998,3.2125489459140226,1.5902551020367497,-1.6150792588829548
2024-02-29,KBS:HOSE:VFG,-1.1393960539944452,4.86761161866766,-0.032120515894674816,1.9876242028485023
2024-02-29,KBS:HOSE:VGC,0.9072467313586824,0.9585428372313886,0.7304358752027431,-0.29593192174616695
2024-02-29,KBS:HOSE:VHM,10.05474879171986,-1.88718767305094,0.05599416883102381,0.5086600915428723
2024-02-29,KBS:HOSE:VJC,1.334849533759488,-1.1638861676624075,-1.3003319617403484,-0.19137426759282586
2024-02-29,KBS:HOSE:VND,17.57079547540408,-1.8111582838374602,0.3167737524438577,-0.22212068852654818
2024-02-29,KBS:HOSE:VNG,-1.7846925391121315,-0.28309045251922116,-0.3422925618330609,0.9088779883416058
2024-02-29,KBS:HOSE:VPB,9.230026526572399,-1.4863087023745885,-1.0933432211463332,0.09852524083385251
2024-02-29,KBS:HOSE:VPS,-1.8238142480113426,-0.6564290782275364,1.0113199976946932,1.808672659651972
2024-02-29,KBS:HOSE:VSI,-1.7577673429935197,0.09519768243383846,0.7161800937622324,1.6154640548740051
2024-02-29,KBS:UPCOM:APC,-2.0058605518797124,-3.00788268094021,1.2531442555988672,0.8672444834963495
2024-02-29,KBS:UPCOM:GMC,-1.6655147633360627,0.9224183352769074,0.21059396645876022,1.1895766850118425
2024-02-29,KBS:UPCOM:HBC,-0.9064210777489777,-1.2784438515850804,1.3908527263412374,0.23340635229865545
2024-02-29,KBS:UPCOM:HNG,-0.5601504657253497,-1.3171799641692046,1.6576534206790676,1.7501237193015016
2024-02-29,KBS:UPCOM:POM,-1.2654915418055344,-0.7366754667232667,2.3694131295917606,1.086492123053008
2024-03-29,KBS:HOSE:AAM,-1.5389524153746574,-1.2376536278985413,-0.4998454507195354,-0.23427547616919037
2024-03-29,KBS:HOSE:ABS,-1.3924338149400464,-1.3957889544150681,-0.6844434760549204,0.14670913019144968
2024-03-29,KBS:HOSE:ABT,-1.3303137753043073,-0.043452177645789215,0.13442041379652458,-0.4936249322637927
2024-03-29,KBS:HOSE:ACC,-1.1202627111847185,0.9950585729617473,1.085814547403206,1.6828976552264192
2024-03-29,KBS:HOSE:ACL,-1.3982386373805844,-0.7445910965790776,0.3771179371170482,0.24898633750347013
2024-03-29,KBS:HOSE:ADS,-0.8982627982482602,0.37222433076640216,-0.4482001139923641,0.6812231256367475
2024-03-29,KBS:HOSE:AGG,-0.8589226308957097,-2.0419798874906494,-1.2096559134442042,0.7013127850992384
2024-03-29,KBS:HOSE:AGR,1.1728573016740251,4.3296859631216575,-2.005189136264936,1.7163887456429698
2024-03-29,KBS:HOSE:ANV,0.41402986658285706,-0.586345837198043,-1.611215353512344,0.5255160630462977
2024-03-29,KBS:HOSE:APG,-0.3906755069491849,3.2975561031916354,0.6836688583021516,-0.3251392640388959
2024-03-29,KBS:HOSE:APH,-1.2331956770016839,-0.6396890995798911,0.29743369779681633,-0.24716521790161872
2024-03-29,KBS:HOSE:ASM,0.28382411946491437,2.1115326804836063,-0.8127568197559589,0.28773428978362986
2024-03-29,KBS:HOSE:ASP,-1.5710883864191987,-1.5593244359002547,-0.34770121591572795,-0.027253977957364294
2024-03-29,KBS:HOSE:AST,-1.4099412373779914,-0.669652246966897,0.5446907919163144,0.09477909206079974
2024-03-29,KBS:HOSE:BCM,0.1619004980671643,-1.0556001055284143,0.19877780336433337,0.21885369478717948
2024-03-29,KBS:HOSE:BHN,-1.558514590061909,-1.2268280062431884,0.8264550290269115,0.0567762669541265
2024-03-29,KBS:HOSE:BKG,-1.274180129592272,-0.7855223998850726,-0.9329073963705157,-1.0228157645622111
2024-03-29,KBS:HOSE:BMI,-1.0963628888804056,0.17615862856654024,0.4671764756558796,0.9270579419654466
2024-03-29,KBS:HOSE:BTP,-1.1412615052581396,0.23412794191668798,0.3209107885554997,-1.2132010034165053
2024-03-29,KBS:HOSE:BVH,-0.8401988394085842,-0.6919018220679842,1.0328194203845396,0.10714441468637304
2024-03-29,KBS:HOSE:C32,-1.4640038465497902,-0.6645934129465992,1.4102162649865568,-0.2821015209392171
2024-03-29,KBS:HOSE:CCL,-0.6898697438757406,2.3296208299559726,0.31613229575856017,-1.3304117694964959
2024-03-29,KBS:HOSE:CDC,-1.3225387015203387,-1.0051961823902646,1.8081487211430505,0.4760022192083692
2024-03-29,KBS:HOSE:CIG,-1.4280634828383607,-1.20277604455213,0.047438391901597314,0.35843217132695643
2024-03-29,KBS:HOSE:CII,3.648096852981474,-0.45192802116175645,-1.0237288777146976,0.5265945156731577
2024-03-29,KBS:HOSE:CKG,-1.2759838613370766,-0.5072781786278817,-0.32724818186364923,0.6494306190143889
2024-03-29,KBS:HOSE:CLC,-1.2748500943872805,0.34634978333348904,0.8949477749531167,-0.5545028804955608
2024-03-29,KBS:HOSE:CMV,-1.3995171561075788,-0.3406056664813176,0.2504827663219625,-0.14181253918789985
2024-03-29,KBS:HOSE:CMX,-1.1717575511785452,-0.9811945375048384,-0.8820551792317768,0.8824006667507264
2024-03-29,KBS:HOSE:CNG,-0.3128712218874506,2.232039426614524,-0.371803266066289,1.46201773908822
2024-03-29,KBS:HOSE:CRC,-1.266910955459132,0.03995855012583277,0.25380596228153207,-1.5812769761264882
2024-03-29,KBS:HOSE:CRE,-1.0523960378557609,-0.0023460607551209003,-0.4731345659026673,0.42436398661113384
2024-03-29,KBS:HOSE:CSM,-1.070959970418833,1.4748693898621792,0.6984598170045514,0.5481832390760114
2024-03-29,KBS:HOSE:CSV,1.030812729647578,4.668648885309176,-1.238240340887825,-0.4685559138559045
2024-03-29,KBS:HOSE:CTD,2.9055734773573225,2.2367448746739296,0.043915943954476164,-0.8693904731879085
2024-03-29,KBS:HOSE:CTF,-1.5174389199253697,-1.2611655100605919,1.471834449874795,0.32645661686009086
2024-03-29,KBS:HOSE:CTI,-1.1220719094379372,-0.25436333838575054,0.35183756922918014,-0.2358634713750787
2024-03-29,KBS:HOSE:CTR,1.357522366561426,6.192010280240987,0.45170775412909364,0.6643798241710052
2024-03-29,KBS:HOSE:CTS,1.3835435655037567,3.4751064504645233,-1.7407987209230547,1.2708552959340103
2024-03-29,KBS:HOSE:CVT,-1.6749784101431278,-1.883603459675462,-1.0032518941258444,-0.4890566716263129
2024-03-29,KBS:HOSE:D2D,-0.03303700173195067,5.913423566507166,0.5140345562424694,0.42692777034765456
2024-03-29,KBS:HOSE:DAH,-1.5388989203201362,-1.8651076280842749,-0.15542130617118186,0.4000477445734319
2024-03-29,KBS:HOSE:DBC,6.560075569501266,1.421413103970101,-0.359797829386945,-0.5188929117336903
2024-03-29,KBS:HOSE:DBD,-1.1866063927334913,-0.45025772412165754,0.896470214566727,0.2654274661257721
2024-03-29,KBS:HOSE:DCL,-1.4536201754257412,-0.7683922977386674,1.5823741936413145,-0.08187355882202194
2024-03-29,KBS:HOSE:DCM,2.482635223334058,-0.2714454036462671,-0.7167050234980532,0.4505197615850815
2024-03-29,KBS:HOSE:DGC,7.670720012215785,1.5722674744906793,-0.4887426597731027,-0.3889075925276842
2024-03-29,KBS:HOSE:DGW,3.7428232468161196,1.6850623226129111,-1.5400070054270836,1.089591373866299
2024-03-29,KBS:HOSE:DHA,-1.1816990880436447,-0.3627278845583439,0.01583782750638086,0.18543951143636672
2024-03-29,KBS:HOSE:DHC,-0.7817320441080641,-0.06414739245233597,-0.299907846709197,0.49700362845618085
2024-03-29,KBS:HOSE:DLG,-1.3609913587454174,-1.3687938546394183,-1.27734163942948,0.3851031247625602
2024-03-29,KBS:HOSE:DMC,-1.2279871155390316,0.45706148988841266,-0.2701366446444852,0.8328111271384514
2024-03-29,KBS:HOSE:DPG,0.19059994454099674,1.8138565747655742,-0.027268570221551852,0.8159248909578197
2024-03-29,KBS:HOSE:DQC,-1.5045041298059523,-1.4695230115842752,-0.0979170894132137,0.40456018981385494
2024-03-29,KBS:HOSE:DRC,0.32816551606308736,1.8390929028892955,0.37023658819011734,-1.1930572549124763
2024-03-29,KBS:HOSE:DSN,-1.318901510508953,0.07855495392423399,1.5967882302964191,0.27715954777417773
2024-03-29,KBS:HOSE:DTL,-1.7520688846110395,-2.565179048317794,-1.8472827906352216,0.3765652370763861
2024-03-29,KBS:HOSE:DTT,-1.326775063942434,-0.09808576873544923,1.3302150825831087,-0.20651089223670202
2024-03-29,KBS:HOSE:DVP,-1.1207193994001694,0.8347170419258536,0.8553515229664717,0.20270328117548955
2024-03-29,KBS:HOSE:DXV,-1.5325431623332713,-1.1869784612637977,-0.7331541134025166,-0.3758047504652389
2024-03-29,KBS:HOSE:EVE,-1.4384337276901844,-0.8975674841578846,0.2919194821764901,0.6668297544910795
2024-03-29,KBS:HOSE:EVG,-0.7154768168580776,0.6068791399437332,-1.0560541236942607,0.7461070166545763
2024-03-29,KBS:HOSE:FCM,-1.5587838825231624,-1.7428680157663672,-0.11627015364310375,0.5905195610131916
2024-03-29,KBS:HOSE:FCN,0.4233427013006982,1.1185966606616011,-1.1287769276495236,1.448077042239076
2024-03-29,KBS:HOSE:FIR,-1.9599017425805834,-5.388286365439916,-5.069684573522123,-0.3564405283174996
2024-03-29,KBS:HOSE:FIT,-1.0913870760711522,-0.4685025917694273,-0.6809104898644457,0.3062424829326325
2024-03-29,KBS:HOSE:FMC,-1.1865749834742623,-0.3244405553639863,0.05132624232538723,0.3897002039820264
2024-03-29,KBS:HOSE:FPT,7.933205357784199,-0.3237991767221822,0.8542383822935103,0.07579631091889945
2024-03-29,KBS:HOSE:FTS,2.2824844215589835,3.9115723550093993,-1.4279112510022198,-0.3785444332271241
2024-03-29,KBS:HOSE:GDT,-1.1245443599666767,0.5212247034312057,0.15119526782591675,0.9032473413159161
2024-03-29,KBS:HOSE:GEG,-1.3121264546271314,-1.2703593575541205,-0.11123165190917408,0.834066488392247
2024-03-29,KBS:HOSE:GIL,0.6771867310828865,3.4647445670299923,-2.030935472226004,1.3162016750375212
2024-03-29,KBS:HOSE:GMD,1.85118682352642,0.34791291736805896,0.5890785769205006,-0.21026169057355582
2024-03-29,KBS:HOSE:HAG,2.5950873924577027,0.8296360888778053,-0.34116608713857505,-2.0369821899854474
2024-03-29,KBS:HOSE:HAP,-1.3125297238158464,-0.3965759435511132,0.9429587367702873,0.34797473455841454
2024-03-29,KBS:HOSE:HAR,-1.1449407978653425,0.16567692476636253,0.20556509339581525,0.07921734878094559
2024-03-29,KBS:HOSE:HCM,4.5886507726783465,1.1082845699114527,-0.29324158560823776,-0.16591490296270966
2024-03-29,KBS:HOSE:HHP,-1.2161394434245583,-0.27105168389902806,0.016665174144155342,0.012792020626212095
2024-03-29,KBS:HOSE:HHV,1.2724982133946952,-1.0144333401845849,-0.5740766305190027,0.5330590601063319
2024-03-29,KBS:HOSE:HID,-1.599304070721422,-1.557418359231903,0.8198263471170214,0.3430916598388936
2024-03-29,KBS:HOSE:HII,-1.1309369158794707,0.6906293924931701,0.9350780483291129,-0.39316256081029227
2024-03-29,KBS:HOSE:HMC,-1.1023285907826275,1.2260082429318782,1.10348937436941,-0.1302653503648102
2024-03-29,KBS:HOSE:HRC,-1.4293202267545642,-0.21461953832758632,-0.7842802224317063,-0.565246636625154
2024-03-29,KBS:HOSE:HSG,5.238223245731878,-0.6526287785400418,-0.03537246134629968,-0.043121851100119464
2024-03-29,KBS:HOSE:HSL,-1.9185526206701584,-3.6848945723536954,-2.9619700504033375,-0.505174958401587
2024-03-29,KBS:HOSE:HTI,-1.4228289685109885,-0.5121686641427039,1.435733691053086,0.473132251177125
2024-03-29,KBS:HOSE:HTN,-0.5799141270964401,0.08675125571855807,-0.9220429985180092,0.7789199215807604
2024-03-29,KBS:HOSE:HTV,-1.6259249468819459,-1.428015557497497,0.5897721469695659,-0.3354963021436252
2024-03-29,KBS:HOSE:HUB,-0.8777787529249447,1.8026766971796195,0.0721038615651355,0.005054237727189886
2024-03-29,KBS:HOSE:HVN,-0.5922601264646666,0.3963330067284096,0.1904208809683384,0.11516376465684845
2024-03-29,KBS:HOSE:ICT,-1.3983390579593586,-0.3696865902184844,0.7994844087924271,0.3351655474858221
2024-03-29,KBS:HOSE:ILB,-1.235391784305248,0.49097541236893627,0.7786796103229796,0.5120121353714182
2024-03-29,KBS:HOSE:ITC,-0.628513778300147,1.5543296889016653,-1.2066288053621748,0.4702327847704431
2024-03-29,KBS:HOSE:ITD,-1.4804229811997534,-0.9944031509793504,0.30844642115319376,0.32896294041621454
2024-03-29,KBS:HOSE:KDC,0.1334749026254129,-1.4894121195014314,1.8954300749919433,0.5000583620023367
2024-03-29,KBS:HOSE:KDH,2.3686241906936534,1.1552781057652064,0.659621776920122,0.03627459426448464
2024-03-29,KBS:HOSE:KHP,-1.4035098560541477,-0.567282291836174,1.3045587377482932,0.3566027972689691
2024-03-29,KBS:HOSE:KOS,-1.1624508387579109,-1.7899178265663325,1.7704789133601213,0.06067511561976593
2024-03-29,KBS:HOSE:KSB,0.166742128821985,-0.04458055715956611,-1.023980801149318,0.15681946159030188
2024-03-29,KBS:HOSE:LBM,-1.5277141021721443,-1.1758369005794091,0.9495430829336603,0.6054512735784413
2024-03-29,KBS:HOSE:LCG,1.3546419987677996,0.09827494504714265,-0.880072970187617,0.463152707272542
2024-03-29,KBS:HOSE:LHG,-0.6970354673182053,1.193047740618566,-0.7582436799448075,-0.14558607978030566
2024-03-29,KBS:HOSE:LIX,-0.7863134318163459,2.593182052847982,1.1567776401229732,-0.8227837603652296
2024-03-29,KBS:HOSE:LM8,-1.462071316127297,-0.7288692185744279,0.588849461533795,0.025656844676640655
2024-03-29,KBS:HOSE:LPB,1.5850496317337277,0.4835950935289984,0.7542028495400274,-0.49839147978526893
2024-03-29,KBS:HOSE:MBB,12.097653283893129,-0.25614381259797914,1.538530728918109,-0.7438876196274145
2024-03-29,KBS:HOSE:MCP,-1.4589842272668156,-0.981948456961891,-0.6405946557859946,-1.9427765843537963
2024-03-29,KBS:HOSE:MHC,-0.8221143884261122,1.1104688660896298,-1.4043988803970908,-0.029263255679081404
2024-03-29,KBS:HOSE:MIG,-1.297863393579427,-0.8226497212692417,0.7439939082449857,0.010265596615217533
2024-03-29,KBS:HOSE:MSB,3.2868084379845413,-1.332395753992336,0.5699846456840965,-0.9208057901241627
2024-03-29,KBS:HOSE:MSH,-0.8894431340808939,0.7396548068192685,-0.573868116931364,0.980423123375524
2024-03-29,KBS:HOSE:MWG,12.000891126776958,-2.015395470766428,-1.0231876124418442,0.7684665424715307
2024-03-29,KBS:HOSE:NAF,-1.082745157371658,0.5689803649245117,0.3192688761252411,0.6362787167660241
2024-03-29,KBS:HOSE:NBB,-0.4406229336618679,3.2579908435686233,-0.2405642203004704,0.6145060486358742
2024-03-29,KBS:HOSE:NCT,-1.4534263696996035,-0.6731325802093262,1.996494680430457,0.31183868031151074
2024-03-29,KBS:HOSE:NKG,4.413785912058539,0.07794439418856661,0.037794082984662684,-0.17635849862470065
2024-03-29,KBS:HOSE:NNC,-1.5248257152954843,-1.318493906771672,0.7200708371225361,0.5962652036565937
2024-03-29,KBS:HOSE:NVL,9.847823992740578,-2.3288929908455756,0.23392516273103792,-0.3509600403456827
2024-03-29,KBS:HOSE:NVT,-1.3625521286706008,-0.32862399560384215,-0.1814316284032472,-0.1031946780266295
2024-03-29,KBS:HOSE:OCB,-0.25231410655383846,0.09170313891657836,0.4048764468862933,-0.41643259898553525
2024-03-29,KBS:HOSE:OGC,-1.4173069333736836,-1.4809456449912826,-0.34596897843160834,-0.8910178246292504
2024-03-29,KBS:HOSE:OPC,-1.4103604887286503,-0.6699519744402276,1.2281275374228782,0.26179517539595204
2024-03-29,KBS:HOSE:PAC,-1.0078725068799435,0.6310618840993217,-0.10199263589235738,-0.5398922520711508
2024-03-29,KBS:HOSE:PAN,0.3201565977300124,1.1480741312805434,0.05335935404806774,-0.01706275985105913
2024-03-29,KBS:HOSE:PDR,7.521447752328906,0.9010074720874469,-0.14831212094113774,-0.03095257142728397
2024-03-29,KBS:HOSE:PGC,-1.4719791628055938,-0.9191899291236656,0.8559102904545198,0.8577685477229468
2024-03-29,KBS:HOSE:PGD,-1.3588837628240809,-0.3435204982418579,0.00914240072934374,-0.008253983190540838
2024-03-29,KBS:HOSE:PGV,-1.5393801159881693,-1.6739632830271851,0.362974007188256,0.4443149003215339
2024-03-29,KBS:HOSE:PHR,0.39588263355845493,2.4522723696658475,-0.008553953502954304,0.5348252289626567
2024-03-29,KBS:HOSE:PJT,-1.4287238353218694,-0.3769458285142826,0.4223826427059651,-0.7689648868561583
2024-03-29,KBS:HOSE:PLP,-1.2062000807719746,0.030785840785372977,0.1560049136690607,-0.13768608901483592
2024-03-29,KBS:HOSE:PLX,-0.09219159449345045,-0.5098452623808192,0.31787764727837875,0.6148530896053983
2024-03-29,KBS:HOSE:PNJ,3.5745545484474013,0.3278196903897029,1.1114585814199223,0.1004231937386727
2024-03-29,KBS:HOSE:PTB,-0.11939217902943873,1.158009157695384,0.10413388165894556,0.797387985886809
2024-03-29,KBS:HOSE:PVP,-1.1771097020830537,-0.7496754765984296,0.14299556621037623,0.70774956020513
2024-03-29,KBS:HOSE:PVT,1.4393093316126861,-0.3352461018432675,-0.6915008137041013,0.8711689055465714
2024-03-29,KBS:HOSE:RAL,-1.0667804402369179,0.8720144570429784,0.8020555790113363,-0.7155130367132579
2024-03-29,KBS:HOSE:S4A,-1.178060876906067,0.9341453712200828,1.0091695897924151,-1.2046887771157384
2024-03-29,KBS:HOSE:SAB,0.016014748064071885,-2.5506813123564616,-0.17117023207195445,0.5671505757342408
2024-03-29,KBS:HOSE:SAM,-1.264598410913555,-0.6739700360257055,0.8730918867028762,0.12233027209179628
2024-03-29,KBS:HOSE:SAV,-1.2354484854920391,-0.17685919730714167,-0.35787280723452375,0.4452300105829242
2024-03-29,KBS:HOSE:SBA,-1.0601100688727745,1.4675086641162245,1.1891908065802552,-1.5245355283644368
2024-03-29,KBS:HOSE:SBV,-1.3638435112849563,-0.1012919669966183,0.8229283701637549,-0.5166340752872499
2024-03-29,KBS:HOSE:SC5,-1.582425421445191,-1.2255689452731187,0.17874672817788886,-1.849390773250191
2024-03-29,KBS:HOSE:SCR,-0.5724826849599299,-0.3437449845760691,-0.4169937498611155,0.8004511988580147
2024-03-29,KBS:HOSE:SCS,-0.981094106691722,0.5086063962394735,0.932303529199633,-0.5318185878446923
2024-03-29,KBS:HOSE:SGR,-1.1202715698200436,0.33318330495849563,0.08131303587100067,0.2548361658520272
2024-03-29,KBS:HOSE:SGT,-1.370552758178292,-0.712302735888671,-0.8744354409486542,0.38001351479106865
2024-03-29,KBS:HOSE:SHA,-1.5230147354810541,-0.9616418866276001,1.236434079751516,0.2437732827747791
2024-03-29,KBS:HOSE:SHI,-1.256629345511934,-0.39926287281984973,1.353257309869365,-0.3028610308866985
2024-03-29,KBS:HOSE:SHP,-1.200215028652252,0.7786784366208691,1.4479235805757722,-0.3629111623155379
2024-03-29,KBS:HOSE:SJD,-1.4424438225580332,-1.1169651783240793,0.8273758854715195,0.7858591456299934
2024-03-29,KBS:HOSE:SJS,-0.2986349204813031,-0.13047943297537476,0.8225538006500446,-0.746360915063887
2024-03-29,KBS:HOSE:SMB,-1.4695392197189363,-0.7185205977480733,1.8649932195234975,0.6684287587028125
2024-03-29,KBS:HOSE:SPM,-1.618005382638216,-1.608321888931778,-0.5277566480488913,-0.36795650406783237
2024-03-29,KBS:HOSE:SRC,-1.0963014648086495,0.8915906273423579,-1.0954402539710204,-3.346487196447537
2024-03-29,KBS:HOSE:SRF,-1.051052508456651,1.3073765353449376,-1.9648071069053876,0.10954391348967935
2024-03-29,KBS:HOSE:SSB,-0.3191109733547968,-2.122438968570777,0.7971533467398444,0.36886124203473303
2024-03-29,KBS:HOSE:STB,11.74754729199936,-2.8077469495717313,0.7361431391306033,0.01994892713918811
2024-03-29,KBS:HOSE:STG,-1.4609984354778787,-0.34965197929492065,-1.1790803523521243,-1.7139356419116885
2024-03-29,KBS:HOSE:SVT,-1.3686983372982737,-0.40829903524444394,-0.24544345306646784,-0.4387095331140104
2024-03-29,KBS:HOSE:TCB,9.983298395479121,1.5071372994696663,0.6346351653511854,-0.16729886487570728
2024-03-29,KBS:HOSE:TCL,-1.442100466145118,-0.7885274399286007,1.4051477203064209,0.5123460304810485
2024-03-29,KBS:HOSE:TCM,-0.34969256258607884,-0.34348872626231564,1.2927457627855272,0.5887774185584488
2024-03-29,KBS:HOSE:TCO,-1.0415818506722865,0.6577147398118949,-1.4936932693688014,1.3300244099271274
2024-03-29,KBS:HOSE:TCR,-1.143343590945463,0.870651510970379,-1.0079502627765475,-0.5822467363327908
2024-03-29,KBS:HOSE:TDG,-1.4603931752506665,-1.0254857624190388,0.30327691481367786,-0.3698625166183921
2024-03-29,KBS:HOSE:TDP,-1.1719302624735082,0.493985181040363,-0.821610941429641,-0.6866212827120683
2024-03-29,KBS:HOSE:TIP,-0.5541946482290524,0.5232816694009962,-0.5128670174356429,-1.1474221246583278
2024-03-29,KBS:HOSE:TLG,-1.2585015842986855,-0.6928056768197294,0.1205195792596454,0.8225482325426958
2024-03-29,KBS:HOSE:TLH,-0.8607481672979923,0.014432402885744511,-0.8177916796801603,1.1390280253359593
2024-03-29,KBS:HOSE:TMS,-1.0876609200641427,1.0419874827002236,-0.03660911914335828,-1.1697232370502135
2024-03-29,KBS:HOSE:TN1,-1.5792445848675747,-1.4189855418959567,-0.6054715318184701,-0.46819974684400734
2024-03-29,KBS:HOSE:TNC,-1.4942171090159178,-1.079340755229755,-1.0747736223503757,-0.7689796180415877
2024-03-29,KBS:HOSE:TNI,-1.434339497108978,-0.8798051451177347,0.3424718957073256,0.1571482326261594
2024-03-29,KBS:HOSE:TNT,-0.8882884755146994,1.009961616005308,-1.4648901109298043,-0.43177966208836827
2024-03-29,KBS:HOSE:TRA,-1.5090701491285499,-0.7861686273545394,0.44109441451263,-0.20424857849578215
2024-03-29,KBS:HOSE:TRC,-1.0624734387270565,1.3385306166285509,0.6147361087605858,-0.8290359516452774
2024-03-29,KBS:HOSE:TV2,-0.057755865079617656,1.3398538707430772,-1.4838097443142926,0.44629347347331716
2024-03-29,KBS:HOSE:TVB,-0.10224284559504913,4.992119588994677,-0.14961116323794965,-0.7257016303347001
2024-03-29,KBS:HOSE:UIC,-1.0705263921901587,1.3336822764731153,1.2200450869971413,0.36396470464857
2024-03-29,KBS:HOSE:VCA,-1.4871625905557477,-0.675782278040123,0.762475468220224,-0.29912282836594756
2024-03-29,KBS:HOSE:VDS,0.4783873171456729,3.685076148503003,-0.8757036235299157,0.041276416805630316
2024-03-29,KBS:HOSE:VFG,-0.3493138566997993,4.778170993433101,0.4502022689352928,-1.7245977883485393
2024-03-29,KBS:HOSE:VGC,0.9403698811259924,0.8847071513374936,-0.8312492451470732,-0.27467302609060146
2024-03-29,KBS:HOSE:VHM,6.516504729895679,-2.6254189247350244,0.1326460645795762,-0.12220103120630202
2024-03-29,KBS:HOSE:VJC,0.013049346875298228,-1.4372760650026908,1.252939321344647,0.4362591672354596
2024-03-29,KBS:HOSE:VND,18.0514069141087,-3.9851978770090897,0.0841798997526939,-0.04743213193433774
2024-03-29,KBS:HOSE:VNG,-1.5100714963908632,-0.9341030107871159,0.42401754858628987,-0.23505902060226783
2024-03-29,KBS:HOSE:VPB,5.8640186134835455,-2.2202794450484413,0.6073527393888564,-0.011146987779304778
2024-03-29,KBS:HOSE:VPS,-1.578277286556165,-1.2436118340379192,-0.5158872314488233,-0.816483931827053
2024-03-29,KBS:HOSE:VSI,-1.3390235547785823,0.007448267543351955,-0.6779697492334212,-1.1970492918497753
2024-03-29,KBS:UPCOM:APC,-1.97297980657465,-3.758423693815524,-2.0067817281972427,-0.7883689253417381
2024-03-29,KBS:UPCOM:GMC,-1.3076403834226673,-0.12395180663117346,-0.7015820864907156,-0.2781290783066751
2024-03-29,KBS:UPCOM:HBC,-0.8417307512128395,0.12570935761522392,-1.0418806832736058,-0.43714904677684574
2024-03-29,KBS:UPCOM:HNG,-0.9274544039572152,-0.24488183752225057,-1.722770651090961,-1.0918474893182846
2024-03-29,KBS:UPCOM:POM,-1.1770728922500353,-1.3661982812764224,-1.8724055332527547,-0.6804018898927086
2024-04-26,KBS:HOSE:AAM,-1.5756231414305613,-1.0794256901092976,-0.7007732856896114,0.49775935979614017
2024-04-26,KBS:HOSE:ABS,-1.4542803644861617,-1.7275587894048534,-0.21976239317282023,-0.13371754372204095
2024-04-26,KBS:HOSE:ABT,-1.4868461577948504,0.23801250572152674,-1.0197851136373,-0.034154288028255333
2024-04-26,KBS:HOSE:ACC,-1.363412401189687,1.781289852162305,-0.9610809042823184,-0.141003644645472
2024-04-26,KBS:HOSE:ACL,-1.479946574016225,0.07259956758022144,-1.1662050429040283,-0.44206534227204897
2024-04-26,KBS:HOSE:ADS,-1.1918710037707636,-1.035992769113915,0.1650650448230448,-0.6341462584431352
2024-04-26,KBS:HOSE:AGG,-0.7882710065365631,-2.120359354944626,0.06609438141623859,0.7867691829589136
2024-04-26,KBS:HOSE:AGR,0.43925708394906643,0.5301031925361661,2.1675205135924056,-0.5829441178184948
2024-04-26,KBS:HOSE:ANV,-0.04650982876796639,-1.6140062676267821,0.5509103580730417,-0.19785193889804806
2024-04-26,KBS:HOSE:APG,-0.9899555987408002,1.648395958350781,1.2404070777174865,-1.8625216949563614
2024-04-26,KBS:HOSE:APH,-1.1498470731431933,0.33588609893265886,0.10864924843689329,0.5515146781864634
2024-04-26,KBS:HOSE:ASM,0.14356144492145337,0.3125773477127031,1.5433735939309137,-0.32193322164065963
2024-04-26,KBS:HOSE:ASP,-1.6287585018812525,-2.5440514804098844,-0.308916870704859,0.41652772014800854
2024-04-26,KBS:HOSE:AST,-1.525667575994918,-0.5355789507721942,-1.376308452790128,-0.07240694694089547
2024-04-26,KBS:HOSE:BCM,-0.5441114075880219,-2.451907926195764,0.22221539888655206,0.16562822972845784
2024-04-26,KBS:HOSE:BHN,-1.542050996344658,-0.2452151279759337,-1.5709066365313087,-0.1619106798936231
2024-04-26,KBS:HOSE:BKG,-1.3986693890120496,-1.261199735704181,1.0799685041048745,0.9945570921734243
2024-04-26,KBS:HOSE:BMI,-1.3583512108467213,0.2833430382552751,-0.8627806931982206,-0.7125913483167259
2024-04-26,KBS:HOSE:BTP,-1.3476748173900823,0.32759592280420835,0.5033704929549224,-0.22965439119493386
2024-04-26,KBS:HOSE:BVH,-1.1103312167718076,-0.6668083168617519,-0.8373474148264819,-0.3535888166186385
2024-04-26,KBS:HOSE:C32,-1.5100204666493025,-0.005219007749531245,-1.3059604465782448,-0.20833903532104778
2024-04-26,KBS:HOSE:CCI,-1.4115034106699733,0.13902618875459855,1.1695348712959726,1.3098980661950792
2024-04-26,KBS:HOSE:CCL,-1.1960707526598955,0.17508912554302292,1.7382329451666172,-0.6650976684619424
2024-04-26,KBS:HOSE:CDC,-1.220798878717223,-0.002755648014816851,-2.186836315650523,-0.7429789609286942
2024-04-26,KBS:HOSE:CIG,-1.5484126121447943,-3.1432358072072706,0.5623446504674758,-0.19150565639527745
2024-04-26,KBS:HOSE:CII,1.7974200074794588,-1.3178218912326236,0.48596388780775146,-0.7326853069497948
2024-04-26,KBS:HOSE:CKG,-1.4753477953384737,-1.4553369235598135,0.11826560324292584,0.09729828324338839
2024-04-26,KBS:HOSE:CLC,-1.3971309648887358,1.174214068557746,-0.6703568605147773,-0.13748316829077661
2024-04-26,KBS:HOSE:CMV,-1.4365881597629995,1.079917626682876,-0.4312163231210384,0.9234376041960876
2024-04-26,KBS:HOSE:CMX,-1.3455695694410474,-1.2859806675774001,-0.05720584087689553,-0.5529921739546549
2024-04-26,KBS:HOSE:CNG,-0.774070717060832,-0.012039535404835704,1.1933177365799947,-0.14156385076775108
2024-04-26,KBS:HOSE:CRC,-1.398978250832626,-0.2687310875093392,0.3880541999072932,-0.0920297325398831
2024-04-26,KBS:HOSE:CRE,-1.159396360398203,-0.4787069273365276,0.26975090684447167,-0.4763508817144368
2024-04-26,KBS:HOSE:CSM,-1.3660935539407466,1.63174857859257,-0.2571276787671178,0.4187572202219347
2024-04-26,KBS:HOSE:CSV,0.20717346532080935,1.8994011711649683,2.4067694054413007,-0.5481014669067332
2024-04-26,KBS:HOSE:CTD,1.0578992237060394,0.2184437986158549,1.252712309330478,-0.5481078309199621
2024-04-26,KBS:HOSE:CTF,-1.4274946352523166,0.02299431016251173,-1.935529721913732,-0.10929406852000388
2024-04-26,KBS:HOSE:CTI,-1.190108824775187,-0.10512877053280205,0.2889376742534497,0.09631940843255166
2024-04-26,KBS:HOSE:CTR,0.9393844028497438,3.140738204526179,2.5570307516010202,-1.0357697643276804
2024-04-26,KBS:HOSE:CTS,1.4235315078607693,2.6293701515563415,2.374842004832947,-0.7953762280325914
2024-04-26,KBS:HOSE:CVT,-1.5735232849717093,-0.9043991643800605,-0.015612638521611436,1.595481923133248
2024-04-26,KBS:HOSE:D2D,-0.9530753940068285,5.297482740915335,1.2817077150384577,-0.8580619706341416
2024-04-26,KBS:HOSE:DAH,-1.4882583159046345,-0.8285183294004197,-0.9955184757111439,-0.4011960692221511
2024-04-26,KBS:HOSE:DBC,6.313901780182268,0.6817712146331855,1.4012509977935803,-0.6042900688394575
2024-04-26,KBS:HOSE:DBD,-1.3834334923572429,-0.305379153944516,-1.4148182233902338,-0.5845520907402375
2024-04-26,KBS:HOSE:DC4,-1.2226068386923425,-0.1843255261163399,1.3781339376262893,-0.20412489520916982
2024-04-26,KBS:HOSE:DCL,-1.1958259490146748,1.6410364482630522,-0.5305208398055993,0.8246234951492373
2024-04-26,KBS:HOSE:DCM,1.1921832188228159,-0.5394502728209538,0.363436319926381,-0.6809548106512903
2024-04-26,KBS:HOSE:DGC,6.6259739314703925,2.5564654810092104,1.5407075801411318,-0.34656671519381166
2024-04-26,KBS:HOSE:DGW,2.199789927154877,0.27043993937286415,1.741231969964956,-0.3491560747799873
2024-04-26,KBS:HOSE:DHA,-1.2791935199608104,-1.3569550406329607,0.11403622374995816,-0.6319529568582463
2024-04-26,KBS:HOSE:DHC,-1.097274139053004,-1.0760588179383779,-0.23875896696129212,-0.3167257704456503
2024-04-26,KBS:HOSE:DLG,-1.4168694073978172,-2.7124533884351174,0.7403044049849121,0.08294093406229183
2024-04-26,KBS:HOSE:DMC,-1.4077967800650169,1.3257424394157162,-0.47665240697343525,0.23660087572028873
2024-04-26,KBS:HOSE:DPG,0.4251326058975135,0.8140645503534792,1.2215158168218632,-0.21773916101986404
2024-04-26,KBS:HOSE:DQC,-1.5489921240225395,-1.1931225896653186,-0.6468254531014952,0.23310429797829652
2024-04-26,KBS:HOSE:DRC,0.4472965665520863,0.9124433338354151,1.3394244193792095,-0.354373795206615
2024-04-26,KBS:HOSE:DRH,-1.3889858234662475,-3.1580317182226754,0.7071186544774181,-0.37147205443685394
2024-04-26,KBS:HOSE:DSN,-1.4339317686017605,0.8410232034125326,-1.587857849489095,-0.5174045732007947
2024-04-26,KBS:HOSE:DTL,-1.6581184947018668,-1.5420553650695403,-1.2027668552947377,0.8229844433774424
2024-04-26,KBS:HOSE:DTT,-1.416616784413266,0.5457358408045346,-0.6541466307399815,-0.4515508328776935
2024-04-26,KBS:HOSE:DVP,-1.3308465422949916,1.2096395572237566,-0.4566721714813871,-0.9520027798644147
2024-04-26,KBS:HOSE:DXG,6.880170771166787,-2.1162743272806868,0.7813862722684506,-0.2982485969262681
2024-04-26,KBS:HOSE:DXV,-1.0945300978474066,7.871273158545486,0.6458039616355404,4.832238394921034
2024-04-26,KBS:HOSE:EVE,-1.498028764866083,-0.2729944491493215,-1.1499930454436968,0.08737737809394024
2024-04-26,KBS:HOSE:EVG,-1.0932024953145338,-0.9635610810198427,1.4881986537584382,-0.48963023052629373
2024-04-26,KBS:HOSE:FCM,-1.5577411562579024,-1.9637446003885133,-0.22767416789382855,0.15390936845993208
2024-04-26,KBS:HOSE:FCN,-0.12917249095625888,0.031247764845643844,1.1164091149876698,-0.13977583540431604
2024-04-26,KBS:HOSE:FIR,-1.6061541745994812,-6.961568659286805,2.3281272995885334,2.795363213279449
2024-04-26,KBS:HOSE:FIT,-1.2697105406343197,-0.6857111233689399,0.06150299052808863,-0.2940201430879783
2024-04-26,KBS:HOSE:FMC,-1.335736937088077,0.736815673682975,-0.579873874402228,-0.1781882474139683
2024-04-26,KBS:HOSE:FPT,10.825472829245946,2.387084791548778,-0.666462598921602,0.11407474033879347
2024-04-26,KBS:HOSE:FTS,2.1464846241035294,1.7872520270973404,2.711428995565113,-0.8416689093957159
2024-04-26,KBS:HOSE:GDT,-1.471080541120512,-0.08152854579319745,-0.9269882263043625,-0.37571472858804383
2024-04-26,KBS:HOSE:GEG,-1.18984400506052,-0.830618570169553,-0.7583924863118011,-0.0029295293650480445
2024-04-26,KBS:HOSE:GIL,-0.30341821589192575,0.5181164870002013,2.0176640212790256,0.017417091412860044
2024-04-26,KBS:HOSE:GMD,2.377633443029388,2.6080768545989508,-0.20097074329932535,-0.40300855199242824
2024-04-26,KBS:HOSE:HAG,3.6369951652237953,0.5336608038210849,0.9068298901951631,-0.05075248520879674
2024-04-26,KBS:HOSE:HAP,-1.461945836689576,0.09236177383656217,-1.416334508496671,-0.8016367622434809
2024-04-26,KBS:HOSE:HAR,-1.2775840929636213,-0.09884405195628551,0.24923138544376025,-0.1587119501951795
2024-04-26,KBS:HOSE:HAS,-1.340249080629449,3.0155246187934943,0.2633728648271283,2.8164807900543076
2024-04-26,KBS:HOSE:HCM,4.8839586605059635,0.9012703373082213,1.0366448986125574,-0.3652053563979356
2024-04-26,KBS:HOSE:HDC,1.639616693253211,-0.9092862862000177,0.390187883664725,-0.13394555170662178
2024-04-26,KBS:HOSE:HHP,-1.4249073239269323,-1.0075472860226897,-0.22813570962408725,-0.21800757344369442
2024-04-26,KBS:HOSE:HHV,1.5505044568358943,-2.2382026047972805,0.3439109358886112,-0.6424091234970091
2024-04-26,KBS:HOSE:HID,-1.4420464925395224,0.4746718290868225,-0.5323042555871335,0.8750587238249571
2024-04-26,KBS:HOSE:HII,-1.3840280661732778,-0.3011185979344526,0.20407807916256568,-0.5379548605751765
2024-04-26,KBS:HOSE:HMC,-1.4102322681989614,0.3473473202611567,-0.6627237791256032,-0.3507560837605594
2024-04-26,KBS:HOSE:HRC,-1.526823862925904,-0.4884924013388889,0.3015395338665013,1.2999226674866473
2024-04-26,KBS:HOSE:HSG,4.318410095091314,-1.1195843502755536,0.5176473022119853,-0.9761777518394515
2024-04-26,KBS:HOSE:HSL,-1.7037402886940698,-4.442613660721702,0.995807533416243,1.7384428860021652
2024-04-26,KBS:HOSE:HTI,-1.4851419550908902,0.48572873997462784,-1.7839049417253305,-0.6698296815779682
2024-04-26,KBS:HOSE:HTN,-1.0202693768450983,-2.414142030676914,1.4106689694111538,-0.3438804740854688
2024-04-26,KBS:HOSE:HTV,-1.5634326554261693,-0.8887431941677525,-0.860268870737033,0.3368766086792549
2024-04-26,KBS:HOSE:HUB,-1.2647214238726827,0.6263260401502551,0.7975140520434617,-0.3705707294710813
2024-04-26,KBS:HOSE:HVN,0.50132544800915,4.377836452985261,-0.07150966688557998,1.5064304612040011
2024-04-26,KBS:HOSE:ICT,-1.4965513003740745,0.19980975588176483,-1.1963599873844568,-0.21105139307489068
2024-04-26,KBS:HOSE:IJC,-0.18181156007366642,0.16346383415811974,1.0372859801553427,-0.3783207309800767
2024-04-26,KBS:HOSE:ILB,-1.4680668942278823,0.9614546413337595,-0.6347131092613584,0.5363396969571841
2024-04-26,KBS:HOSE:ITC,-1.125815977586294,-1.2627117447663374,1.3906959996458677,-0.62970857639156
2024-04-26,KBS:HOSE:ITD,-1.4956590634109543,0.23793062115273944,-1.25995668410513,0.23968362216282077
2024-04-26,KBS:HOSE:JVC,-1.4554899668854733,-0.682371308548463,-0.4221965226278378,-0.17537434243056915
2024-04-26,KBS:HOSE:KBC,5.610097665448092,-1.6390850108250437,0.7043176330040303,-0.11778163169389042
2024-04-26,KBS:HOSE:KDC,0.39193379836008174,0.1133206056388445,-2.374523417046628,-0.44127161873956205
2024-04-26,KBS:HOSE:KDH,1.9221225629111798,0.6493692824763446,0.1273922766160092,-0.4039195765931979
2024-04-26,KBS:HOSE:KHP,-1.4796938860960478,0.7190284103242677,-1.893781318011736,-0.6449932541080338
2024-04-26,KBS:HOSE:KOS,0.5818858803635903,-0.13778367832557364,-2.2939498297140934,-0.2014742990523429
2024-04-26,KBS:HOSE:KSB,-0.4500637004230049,-1.900058876082918,1.1938243626410832,-0.34693708495693276
2024-04-26,KBS:HOSE:LBM,-1.4863406558919974,0.2750857260604752,-1.4802752726582102,0.37174425296393837
2024-04-26,KBS:HOSE:LCG,0.6044799942225874,-1.082784187767061,0.8486423537675605,-0.3799170995963069
2024-04-26,KBS:HOSE:LDG,-1.4170455455680733,-2.189389562275429,0.30056476655660946,1.096274987994869
2024-04-26,KBS:HOSE:LHG,-1.0794413335525102,0.03868414000435494,0.8204536973567024,-0.6121551012885241
2024-04-26,KBS:HOSE:LIX,-1.1687699734667165,3.4209889128322613,0.535915133161946,-0.2183528888785154
2024-04-26,KBS:HOSE:LM8,-1.434279074876847,0.5331545444914696,-0.9935551246560853,-0.5047911512724672
2024-04-26,KBS:HOSE:LPB,2.81939810604404,3.470771082728551,0.04414802058289913,0.7021022079594474
2024-04-26,KBS:HOSE:MBB,16.185093787012764,-0.4900418912758391,-0.7678320463571074,-0.15936802927628893
2024-04-26,KBS:HOSE:MCP,-1.5016798319645215,-2.1850848403933294,0.8546706526040158,0.09472018245095044
2024-04-26,KBS:HOSE:MDG,-1.6291300494345746,-2.5341968064234637,1.144106513074413,2.09675537532395
2024-04-26,KBS:HOSE:MHC,-1.0969753080900446,0.5266447570567804,2.215072854626281,-0.7435754456219301
2024-04-26,KBS:HOSE:MIG,-1.351390911789504,0.2140147872180486,-0.8256745754673799,-0.2376288919843817
2024-04-26,KBS:HOSE:MSB,2.028041558708149,-0.5350874235570244,-0.21583844752744746,-0.12054772366022601
2024-04-26,KBS:HOSE:MSH,-1.0500479836904857,1.4093306142730173,0.061837069940040415,-0.1445417525884318
2024-04-26,KBS:HOSE:MWG,16.15225414121491,0.9303100899800238,-0.639877738284751,1.4502965272223771
2024-04-26,KBS:HOSE:NAF,-1.2368095386171354,1.6764989478506396,-0.29596259160050076,-0.12955150602689972
2024-04-26,KBS:HOSE:NAV,-1.429583485295364,0.8528507822920831,-0.35462676613688604,1.0245157697118619
2024-04-26,KBS:HOSE:NBB,-1.0566368570063935,1.1709896022780528,0.8174532245959255,-0.7250083719613405
2024-04-26,KBS:HOSE:NCT,-1.4845070369221127,0.21750250146889227,-1.8679979725720117,-0.8428268381655936
2024-04-26,KBS:HOSE:NHA,-0.8086211703120287,0.5068670070682093,1.7724821040581118,-0.5693108472699324
2024-04-26,KBS:HOSE:NKG,3.802512406497147,-0.7019840056528577,0.9686487693558778,-0.9728761867619564
2024-04-26,KBS:HOSE:NLG,2.4192085078261676,-0.718178535934368,0.7003758800014006,-0.38074903972497687
2024-04-26,KBS:HOSE:NNC,-1.5713243837054738,-1.195419634772386,-1.2813815365277246,-0.048581562497554714
2024-04-26,KBS:HOSE:NVL,16.03426518104681,-1.9932064129249851,-0.5722591572812497,0.27675307319506753
2024-04-26,KBS:HOSE:NVT,-1.4984124981288656,0.1820970365908215,-1.0307156058892393,-0.149583856985242
2024-04-26,KBS:HOSE:OCB,-0.40240035339538477,-0.46533900507665404,-0.0579508989865232,-0.5641548907795092
2024-04-26,KBS:HOSE:OGC,-1.5122315893593596,-2.715768600445092,0.3374952623867529,0.6280797385199426
2024-04-26,KBS:HOSE:OPC,-1.4421852826337462,0.9883272213742875,-1.7326870614738972,-0.0036802586871145172
2024-04-26,KBS:HOSE:PAC,-1.2859935081692593,2.471821841645187,0.09524198616040126,1.273342425272997
2024-04-26,KBS:HOSE:PAN,-0.36404871311478776,-0.019212395903519294,0.7511247804367965,-0.231371501979996
2024-04-26,KBS:HOSE:PDR,7.6717662199692525,-0.6475602038299766,1.3644446371208616,-0.8705615405684983
2024-04-26,KBS:HOSE:PGC,-1.530480603813572,-0.15840790062282153,-1.7024617726055404,-0.288076833757508
2024-04-26,KBS:HOSE:PGD,-1.4909946738038724,-0.435929356975865,-0.37440478840041247,0.0050243782527276725
2024-04-26,KBS:HOSE:PGV,-1.5194102884737468,-1.038248778541697,-1.1361440993609082,-0.578274239274467
2024-04-26,KBS:HOSE:PHR,-0.3588806925086067,0.9227332996149864,0.8761315339708722,-0.5431126177238472
2024-04-26,KBS:HOSE:PJT,-1.511072667416496,-0.659362834963062,-0.30156125731402567,0.07857701865231081
2024-04-26,KBS:HOSE:PLP,-1.3957954086933335,0.2106911631015071,-0.09737808453940432,-0.36268160982605946
2024-04-26,KBS:HOSE:PLX,-0.6757910879509165,-0.031828847058270805,-0.9327891358614671,-0.44649502288770526
2024-04-26,KBS:HOSE:PNJ,3.139191610990798,1.048587898236114,-0.43612203898492924,-0.18469778402330095
2024-04-26,KBS:HOSE:PTB,-0.5028284436488315,1.5087771106479033,0.060540155380845194,-0.4853208807554371
2024-04-26,KBS:HOSE:PVP,-1.0189047361230388,0.8966231913224694,-0.8731294813812367,0.1809704047744722
2024-04-26,KBS:HOSE:PVT,0.9420439457491732,-0.15333658784923382,0.318141558233082,-0.08949262641225479
2024-04-26,KBS:HOSE:RAL,-1.250446459404737,1.8929932461437304,-0.6163077368103721,-0.18011415971612438
2024-04-26,KBS:HOSE:S4A,-1.3588637027980517,2.2178264727605552,-0.705103870663754,-0.055073160999686566
2024-04-26,KBS:HOSE:SAB,-0.23977712881574495,-1.7811620117059663,-1.0703383703907445,0.49952445250881994
2024-04-26,KBS:HOSE:SAM,-1.0993150742115292,-0.30592041400518627,-0.9820392509450965,-0.43454716409763466
2024-04-26,KBS:HOSE:SAV,-1.4154401955945919,0.09217138537381438,-0.4132642182403308,-0.35016237191210686
2024-04-26,KBS:HOSE:SBA,-1.3465721387210738,1.835575537988944,-0.406401730358875,-0.29427955122169386
2024-04-26,KBS:HOSE:SBV,-1.464814230028105,0.8264350544187836,-0.6408453187447424,0.1094309406327023
2024-04-26,KBS:HOSE:SC5,-1.4384997032766442,0.9106128784173714,-0.2587911194275097,0.6233480173629281
2024-04-26,KBS:HOSE:SCR,-0.6422264552653922,-1.2304282744019939,0.20377566138332312,-0.3022046426730214
2024-04-26,KBS:HOSE:SCS,-0.9666691472314017,2.231411256530924,-0.6363214413046188,0.24403698551527908
2024-04-26,KBS:HOSE:SGR,-1.3423326695957152,0.6595323579133024,0.11795583888175465,-0.03526490500030393
2024-04-26,KBS:HOSE:SGT,-1.474999037350285,-0.308196728770792,-0.442922334586096,0.29549352551560065
2024-04-26,KBS:HOSE:SHA,-1.5132765554484342,-0.08085008518065301,-1.410433668625604,-0.4864882412130248
2024-04-26,KBS:HOSE:SHI,-0.9386498274189089,0.9065070245762901,-1.4170860563271537,-0.2527943823260371
2024-04-26,KBS:HOSE:SHP,-1.3831362602274748,1.6425262317659322,-1.340916245341055,-0.7406798886716416
2024-04-26,KBS:HOSE:SJD,-1.475984967961611,0.21768287160769179,-1.8914594819630843,-0.8714771304791382
2024-04-26,KBS:HOSE:SJS,-0.14595334563446788,0.7828525254161036,0.041526401728516245,-0.6357923096551638
2024-04-26,KBS:HOSE:SMB,-1.5297254943515424,0.15745805588073097,-2.308740263948051,-0.7188376313632351
2024-04-26,KBS:HOSE:SPM,-1.5528586525488388,-0.9362842380662941,-0.1616071319951383,1.231339098751525
2024-04-26,KBS:HOSE:SRC,-1.3366261193011133,0.8847092114780241,1.2216325348959887,0.16395894693019017
2024-04-26,KBS:HOSE:SRF,-1.3127404388191612,1.6180464099906544,1.119940039228625,0.9483815976135862
2024-04-26,KBS:HOSE:SSB,1.7630427447042114,-1.030801724698311,-2.1250448300866394,0.23506186568817589
2024-04-26,KBS:HOSE:STB,17.788036507418603,-1.9315411788402785,-1.707759192816803,0.6104866750401694
2024-04-26,KBS:HOSE:STG,-1.5319607071007761,-0.44734644241154337,0.1608584688128959,1.2333679019952666
2024-04-26,KBS:HOSE:SVT,-1.4381463287493705,0.255234005317851,-0.40061739659342444,0.3219647556486065
2024-04-26,KBS:HOSE:TCB,15.27798463977795,2.311220466616297,-0.3412144813767655,0.5276671357105238
2024-04-26,KBS:HOSE:TCL,-1.4845504198658177,-0.3813446549549381,-1.6241950594975225,-0.702019647828461
2024-04-26,KBS:HOSE:TCM,-0.30995008985237454,0.11869851030698564,-1.1084434470533668,-0.0897582849189887
2024-04-26,KBS:HOSE:TCO,-1.2796246732900665,2.3263806470273742,0.5719242588043006,0.9996333286962472
2024-04-26,KBS:HOSE:TCR,-1.333571102327253,1.2761465260503744,0.919263961147109,0.8613210036746738
2024-04-26,KBS:HOSE:TDC,-1.456400307229792,-1.7045909014959666,-0.4546553322523644,-0.06650252462165378
2024-04-26,KBS:HOSE:TDG,-1.4972266180831637,-0.775365014341254,-0.3376233307241793,0.1502764085267581
2024-04-26,KBS:HOSE:TDP,-1.36323423892379,1.0369598425727584,0.11885701692971544,0.9196678680439281
2024-04-26,KBS:HOSE:TIP,-1.044270743034942,-0.7924434992609019,1.2327781100007602,0.06125335517538487
2024-04-26,KBS:HOSE:TLG,-1.3700491621426387,0.22622056115512876,-1.1294239336594245,0.13812418943494104
2024-04-26,KBS:HOSE:TLH,-1.2190883082191437,-1.5260092082723309,0.791713817866236,-0.8588147624392508
2024-04-26,KBS:HOSE:TMS,-1.3003823789619038,1.6090908375264732,0.25149501310780914,0.02894550638168248
2024-04-26,KBS:HOSE:TN1,-1.5493915415056472,-1.022906998302537,-0.20549037657596683,0.6546134558520647
2024-04-26,KBS:HOSE:TNC,-1.4568816602617531,0.004902868964232174,0.6783527324826547,1.2973368333071849
2024-04-26,KBS:HOSE:TNH,-1.2320688279815182,0.04445525973490635,-0.45859063254263954,-0.25573224620816865
2024-04-26,KBS:HOSE:TNI,-1.5199509836977643,-1.2601920554599582,-0.5258656526232237,-0.2380413215504168
2024-04-26,KBS:HOSE:TNT,-1.1781500952438173,0.7512312385798586,1.5535773174930838,-0.06656879684196877
2024-04-26,KBS:HOSE:TRA,-1.5359654269748553,0.042691685621259995,-1.201156801873627,0.10129451900659406
2024-04-26,KBS:HOSE:TRC,-1.2282771461758444,3.230068055761676,0.19191547691498217,0.1887032963303609
2024-04-26,KBS:HOSE:TV2,-0.4950423342505027,-0.8096690391998589,1.4144500881985551,-0.517497331123538
2024-04-26,KBS:HOSE:TVB,-0.876588824785185,2.653115223661358,2.75461929672897,-0.6445266652031523
2024-04-26,KBS:HOSE:UIC,-1.430203479650035,0.7785169832296154,-0.8026873845100667,-0.41603120022403145
2024-04-26,KBS:HOSE:VCA,-1.502696508491374,-0.04286118176849183,-0.5937726523722333,0.2127426003563234
2024-04-26,KBS:HOSE:VDS,-0.13961636289778998,0.5393576501897177,2.2826755772598557,-0.807615201225282
2024-04-26,KBS:HOSE:VFG,-0.9462292574730522,4.682703487697405,1.6201939886347134,-0.002543268990124964
2024-04-26,KBS:HOSE:VGC,-0.026200866310050214,-0.28504854824207426,1.1046331740897635,-0.8020527048376103
2024-04-26,KBS:HOSE:VHM,12.718696690918957,-1.6092606488741652,-1.9363180419212376,0.8834998144888151
2024-04-26,KBS:HOSE:VJC,1.1133283379371255,-0.04798041981798783,-1.4878371018235976,-0.08479183581195045
2024-04-26,KBS:HOSE:VND,10.494238880044346,-1.257082433004969,0.1959383124158121,0.07606256931010438
2024-04-26,KBS:HOSE:VNG,-1.5358371583224606,-0.8212783817198297,-0.7587644058734044,0.033343445387220685
2024-04-26,KBS:HOSE:VOS,-1.0030093223375351,-1.1553244698609395,0.5952306570415787,-0.509438985060383
2024-04-26,KBS:HOSE:VPB,8.867607707681179,-1.2077346937290108,-1.6373515594052543,0.20431334719669852
2024-04-26,KBS:HOSE:VPS,-1.5583064568090819,-1.5754447578813826,-0.32036124482787565,0.20745570429290508
2024-04-26,KBS:HOSE:VSI,-1.4494081313555802,0.45839539802084023,-0.03443632352837452,0.5480410993474291
2024-04-26,KBS:UPCOM:APC,-1.6641532213564783,-2.765095699375002,0.7679539569339813,2.6684353597269266
2024-04-26,KBS:UPCOM:GMC,-1.4757960548471407,0.5785805829321548,-0.11532756470252002,1.2165364761079227
2024-04-26,KBS:UPCOM:HBC,-1.135165792515463,-1.780560877341937,0.6354526721923351,-0.13885051786093244
2024-04-26,KBS:UPCOM:HNG,-1.1933077390139573,-1.0356337165907743,0.5559607468436903,0.6501672198681494
2024-04-26,KBS:UPCOM:POM,-1.3566782961650632,-6.426103300534131,2.9155721253009315,0.21112914633627186
2024-05-31,KBS:HOSE:AAM,-1.8492750982824888,-2.1039208475171365,0.33452190405248583,-0.11680486170179255
2024-05-31,KBS:HOSE:ABS,-1.6237804004438272,-1.3404267760823239,-0.5866507464870461,0.5111753456843213
2024-05-31,KBS:HOSE:ABT,-1.4981901457882971,-0.23194334414091228,0.45934179809735914,0.08386754647873644
2024-05-31,KBS:HOSE:ACC,-1.3702891799978296,0.34640822508512203,1.2076943768143396,-0.016579908169628885
2024-05-31,KBS:HOSE:ACL,-1.618246024162615,-1.1322080857682162,1.1966911186491271,0.3243473867301903
2024-05-31,KBS:HOSE:ADS,-0.8988335523062326,0.8452398618401767,-0.6564139576847796,0.5955870533217223
2024-05-31,KBS:HOSE:AGG,0.888095240975363,-0.09537055614911238,-1.3130123546379064,0.4566837278366671
2024-05-31,KBS:HOSE:AGR,0.39725324630196873,2.4738846345256054,-1.3575052875091023,-0.5533447782907124
2024-05-31,KBS:HOSE:ANV,0.05087407910905507,0.04448387748282988,-0.8568819181869319,0.6365069671133141
2024-05-31,KBS:HOSE:APG,-0.7263096526438877,0.6194176070242404,0.26004184147651127,-1.1299335160905037
2024-05-31,KBS:HOSE:APH,-0.08170651311791671,2.4125823477849138,-0.6850169369959946,1.0214351782494646
2024-05-31,KBS:HOSE:ASM,0.2549282829335471,0.7492414218020844,-0.9630847421800185,-0.4631794944434122
2024-05-31,KBS:HOSE:ASP,-1.6198807730944698,-0.711092365709029,-0.7634851456900142,0.9394237785671996
2024-05-31,KBS:HOSE:AST,-1.3995054285534883,-0.12590325296191557,0.9620459655442309,0.3490417421010079
2024-05-31,KBS:HOSE:BCM,0.0038648329607766574,-0.5292107678033967,-1.5318070113554947,0.5660318356909706
2024-05-31,KBS:HOSE:BHN,-1.721712614302457,-1.4332226296771573,0.9895265259794296,0.2961078089055358
2024-05-31,KBS:HOSE:BKG,-1.5298650189226493,-0.7441115988764165,-1.6644835911581777,-0.5443994487635965
2024-05-31,KBS:HOSE:BMI,-0.9257124746924474,1.022731905910227,0.5987770609301107,0.4689875210870046
2024-05-31,KBS:HOSE:BTP,-1.4730084648807975,-0.846330451589661,-0.1402165932184875,-1.164705065038822
2024-05-31,KBS:HOSE:BVH,-0.3885430936094405,0.03778282543305621,0.06342961398364014,0.5534287890625162
2024-05-31,KBS:HOSE:C32,-1.6839958600575062,-1.3455336236928572,1.3043864721744458,0.4310724578164269
2024-05-31,KBS:HOSE:CCI,-1.6237121459225814,-1.1228238167349451,-1.2303638573428122,-1.3380899942080204
2024-05-31,KBS:HOSE:CCL,-0.5424457771561364,3.408065118147571,-1.3873638261009849,0.7944817680110611
2024-05-31,KBS:HOSE:CDC,-1.295889046910082,-1.2262610390997708,1.7665635124905923,0.606480530586582
2024-05-31,KBS:HOSE:CIG,-1.6581372205149805,-1.2173452428582487,-3.006625330103164,0.40123581786796036
2024-05-31,KBS:HOSE:CII,0.8978359661422874,-1.097866915089608,-0.6190064353412116,-1.563615083245343e-05
2024-05-31,KBS:HOSE:CKG,-1.5173693197371318,-0.4635245137100841,-0.7642316457361772,0.38680565918114873
2024-05-31,KBS:HOSE:CLC,-1.1213642220938267,1.798882113897721,1.1003990467168634,0.02215665859059124
2024-05-31,KBS:HOSE:CMV,-1.2560329127630931,1.3415537296358118,0.07154690809216765,-0.07854048942996948
2024-05-31,KBS:HOSE:CMX,-1.1409252694904575,0.619490358245376,-0.496656791941762,0.9726938639611756
2024-05-31,KBS:HOSE:CNG,-0.7472607880476689,0.9981680033610602,-0.920014887218406,-0.43890640951898924
2024-05-31,KBS:HOSE:CRC,-1.5415406176467155,-0.8257583320149933,-0.06785577451126777,0.0554985817602658
2024-05-31,KBS:HOSE:CRE,-1.4787800299610987,-0.9534448524115176,-0.06336426155044143,-0.2572791136219005
2024-05-31,KBS:HOSE:CSV,0.948300390039101,3.0221813156850503,-0.4854899737431256,-1.433690018807366
2024-05-31,KBS:HOSE:CTD,1.700110627657507,0.27550524589102,-0.8205894510504461,-0.4760799113829853
2024-05-31,KBS:HOSE:CTF,-1.4098289989579105,-1.204658747262764,1.4765997035482887,0.4125452804699995
2024-05-31,KBS:HOSE:CTI,-0.6021153770922171,1.0537690727303919,-0.5473747844378405,0.3151477086212649
2024-05-31,KBS:HOSE:CTR,0.9944375492662774,2.0148541972151923,-0.31603160335452385,-1.9817832896012109
2024-05-31,KBS:HOSE:CTS,1.9802173673869623,3.4083949170113934,-0.6723439404023119,-1.1897698976917228
2024-05-31,KBS:HOSE:CVT,-1.7425736987695446,-1.4794931917978338,-0.31000655163996843,-0.26604040941976037
2024-05-31,KBS:HOSE:D2D,-0.7005221211885037,3.030218297984128,1.6862289023760588,-1.2906386226736273
2024-05-31,KBS:HOSE:DAH,-1.6809710258443726,-1.5344753796744002,0.594314705171619,0.338615926942324
2024-05-31,KBS:HOSE:DBC,8.660952565257471,1.0594892032074124,-0.7869709667818688,0.3460177899206748
2024-05-31,KBS:HOSE:DBD,-1.5924123870231817,-1.4453859683703438,1.2746527555776983,0.276493511466338
2024-05-31,KBS:HOSE:DC4,-1.2582361506913198,0.17289017050451158,-0.6733969913875258,-0.6642698302820346
2024-05-31,KBS:HOSE:DCL,-0.8689786454307449,1.0164145165725798,0.26793868246012603,-0.5153589380564216
2024-05-31,KBS:HOSE:DCM,4.335450218888975,0.37044535062120887,-0.3235038125237818,0.22547853513394783
2024-05-31,KBS:HOSE:DGC,10.293241886111,-0.22624177181291497,0.1028803655678615,-1.3135870003972554
2024-05-31,KBS:HOSE:DGW,2.793909062696855,1.0807843017322436,-0.9124960814803599,-1.1003495187338825
2024-05-31,KBS:HOSE:DHA,-1.4534542418830727,-0.8509277946815159,-0.33990710878275227,0.061325424014861706
2024-05-31,KBS:HOSE:DHC,-0.7042202166632225,-0.09896909183007874,-0.2482233822802263,0.5216491736485561
2024-05-31,KBS:HOSE:DLG,-1.5974155975477844,-1.1709538184847779,-1.5097009633453313,0.32091006477554745
2024-05-31,KBS:HOSE:DMC,-1.5679812727126659,-0.5102965047952247,1.3447422780973093,-0.6922465457975008
2024-05-31,KBS:HOSE:DPG,1.2319727226813137,3.6037501866882145,-0.923344801183215,0.28825210728771694
2024-05-31,KBS:HOSE:DQC,-1.6006345158441724,-0.8452404280007199,0.30555189233515695,0.5561574220048753
2024-05-31,KBS:HOSE:DRC,0.140625104784624,1.1512399532114916,-0.22361702334122277,-0.7884078297222178
2024-05-31,KBS:HOSE:DRH,-1.7320869792945104,-2.482213968360041,-2.210859915476608,-0.31857072766271227
2024-05-31,KBS:HOSE:DSN,-1.5521619631793835,-0.6504818412359572,1.7042205432516555,0.1535586516355972
2024-05-31,KBS:HOSE:DTL,-1.8864996801507457,-1.967921424225528,-0.5620035482314253,0.8958403437125885
2024-05-31,KBS:HOSE:DTT,-1.4570507588364907,-0.4779331719326581,0.5918135910869192,-0.7270956915059384
2024-05-31,KBS:HOSE:DVP,-1.2568016974419756,0.5912112071801155,1.4332365180487443,-0.5772009897941145
2024-05-31,KBS:HOSE:DXG,2.446956180284329,-1.4848178383842716,-1.3615875015054326,-0.3165125982148678
2024-05-31,KBS:HOSE:DXV,-0.9427035029833257,2.539872279296356,-0.13641987601173983,-3.2317033971150404
2024-05-31,KBS:HOSE:EVE,-1.6821122130607669,-1.3457349261227916,0.8424511969049254,0.5666709620098811
2024-05-31,KBS:HOSE:EVG,-0.6985195980552256,2.4412170082495295,-1.7522671434079526,1.3749818004192855
2024-05-31,KBS:HOSE:FCM,-1.7459988789064753,-1.7573591183436854,-0.20844852227964003,0.29574643028252573
2024-05-31,KBS:HOSE:FCN,-0.7513219137758488,-0.08650651842364966,-0.9380484980954051,-0.5790994928565476
2024-05-31,KBS:HOSE:FDC,-1.5330228761762896,0.45968224989597134,-2.4986975116415127,0.4735364641419936
2024-05-31,KBS:HOSE:FIR,-1.902256401272323,-2.6580856521080864,-5.376070187349547,1.5759399965967673
2024-05-31,KBS:HOSE:FIT,-1.433899511799897,-0.7741187471346529,-0.03451761423369328,0.6175167827545203
2024-05-31,KBS:HOSE:FMC,-1.2532936893694318,0.2872150708754435,0.7906744565513231,0.08566783469426863
2024-05-31,KBS:HOSE:FPT,15.712594286941084,-1.176909437600273,1.2995549831475888,-0.07658452343654445
2024-05-31,KBS:HOSE:FTS,2.4975483397689677,2.4746997457997937,-0.9980921632650697,-1.2731499099363204
2024-05-31,KBS:HOSE:GDT,-1.245074620410764,0.6724382456739465,0.8582805280785035,0.7559546052105266
2024-05-31,KBS:HOSE:GEG,-1.2003534577597563,-0.28610194469163186,0.017042201814099472,0.6099681370753844
2024-05-31,KBS:HOSE:GIL,0.021609612760697925,1.7303731916499092,-1.3707896846272725,-0.8910300530081998
2024-05-31,KBS:HOSE:GMD,3.023677193616815,-0.31437566424099234,1.148869376609916,-0.7917350033447145
2024-05-31,KBS:HOSE:HAG,5.557227100527429,1.048551665370739,-0.5400954281035866,-0.14304797391827032
2024-05-31,KBS:HOSE:HAP,-1.595488299248714,-1.0228839255423325,1.383405455908716,0.42485156193066215
2024-05-31,KBS:HOSE:HAR,-1.4054548123344774,-0.2400045638896845,-0.20248489128251787,-0.09481704244997785
2024-05-31,KBS:HOSE:HAS,-0.9901296961211691,2.7869247859400716,-0.47895547854526715,-1.3692679686433662
2024-05-31,KBS:HOSE:HAX,-0.3705401141091838,1.758225484062042,0.6535199576814222,0.3141617041878839
2024-05-31,KBS:HOSE:HCM,5.077976430762434,0.0939501163158771,-0.4781375474310241,-0.5389928889341586
2024-05-31,KBS:HOSE:HDC,0.8853363958787476,0.08716260638101272,-0.8604807524489401,0.148914647557135
2024-05-31,KBS:HOSE:HHP,-1.61134918190922,-1.6884103139931588,-0.020204968722712838,-0.008865693246147338
2024-05-31,KBS:HOSE:HHV,0.36517147129089167,-1.558816241974108,-0.8712986763629046,0.03307179856349092
2024-05-31,KBS:HOSE:HID,-1.5376666532393304,-0.8693815033910315,-0.22134026624200542,-0.8197222796496231
2024-05-31,KBS:HOSE:HII,-1.3021214245219586,0.5756347309562571,-0.17960767305232925,0.6561143702819884
2024-05-31,KBS:HOSE:HMC,-1.4883475754765918,-0.46934133311131865,0.6041188516435653,-0.17101109739135723
2024-05-31,KBS:HOSE:HQC,-0.6987497726012214,-0.027623680744109303,-0.6119836584655539,0.2693028527967446
2024-05-31,KBS:HOSE:HRC,-1.6347357033788559,-1.1366817722095137,-0.43556921927747017,-0.6984023165855519
2024-05-31,KBS:HOSE:HSG,3.911848720257695,-0.7299454643548161,-0.5946129514981053,0.11452734439674243
2024-05-31,KBS:HOSE:HSL,-1.875728834793496,-2.1575957517353177,-2.994769113513295,0.8855645899757799
2024-05-31,KBS:HOSE:HTI,-1.5761645037997862,-0.8725850344602366,1.7335700033718828,0.33333189482457853
2024-05-31,KBS:HOSE:HTN,-1.321067541991401,-1.1820872445243338,-1.6662013096459523,-0.13090054308853086
2024-05-31,KBS:HOSE:HTV,-1.6644728781092133,-1.1838988353452151,0.36204308017652465,0.27185982594240965
2024-05-31,KBS:HOSE:HUB,-1.291759505585012,0.15840746371934855,-0.1388950114451653,-0.5905678295129906
2024-05-31,KBS:HOSE:HVN,4.411544938648287,8.982135458928967,0.7759692022328247,1.211798368470496
2024-05-31,KBS:HOSE:ICT,-1.29329749610246,0.8976302915337943,0.38092864449172037,0.4199818340057534
2024-05-31,KBS:HOSE:IJC,0.17487028016643336,0.031260668774426785,-0.5023965211819115,-0.2768722441476043
2024-05-31,KBS:HOSE:ILB,-1.5987434500087734,-0.5410133396955569,0.8221253028532702,-0.6533098142150887
2024-05-31,KBS:HOSE:ITC,-1.4256715329267566,-0.8044764950220068,-1.2847147002498087,-0.03535948543999325
2024-05-31,KBS:HOSE:ITD,-1.1428617795052975,2.1350423273504755,0.3476055800877562,1.2411433153950726
2024-05-31,KBS:HOSE:JVC,-1.3871809691091737,0.09008379073750145,-0.1951296616368564,0.8086491222814968
2024-05-31,KBS:HOSE:KBC,3.5606857677848422,-0.9224665295322741,-1.2242410065480709,0.13633586595367828
2024-05-31,KBS:HOSE:KDC,0.7060693786408933,-1.2704462556352887,1.8478446689605197,0.9680638517285776
2024-05-31,KBS:HOSE:KDH,1.7810078804758034,-0.27713144056297867,0.2635303814657408,-0.2845013409375051
2024-05-31,KBS:HOSE:KHP,-1.4442447118425399,-0.09840351309520265,1.6968427618090833,0.5401759051730965
2024-05-31,KBS:HOSE:KMR,-1.6495451179131224,-1.0573817979791273,1.4555849843011575,0.5937479840567831
2024-05-31,KBS:HOSE:KOS,0.13606254596931566,-1.338198984762654,1.6161364260947373,0.8300593456672319
2024-05-31,KBS:HOSE:KSB,-0.09196147179885368,-0.9472023754698138,-1.5989162949954907,-0.0700178767921126
2024-05-31,KBS:HOSE:LBM,-1.5129215731202759,-0.2087619194212464,0.7228937820037956,0.390636705563553
2024-05-31,KBS:HOSE:LCG,-0.4945419630867774,-0.9868978678766999,-1.0020980740538195,-0.1060510440812926
2024-05-31,KBS:HOSE:LDG,-1.606093521766202,-1.3358552182839376,-1.514493621681189,0.8413581935291186
2024-05-31,KBS:HOSE:LHG,-1.0955635095975214,0.2841496964726377,-0.31116551124685526,-0.22341920659550607
2024-05-31,KBS:HOSE:LIX,-0.9597760762983454,1.190622097959927,1.386070464017714,-0.8087357929021443
2024-05-31,KBS:HOSE:LM8,-1.5285088451701523,-0.7756193859224481,1.3504744954063137,0.2133067195131992
2024-05-31,KBS:HOSE:LPB,18.052505897726668,1.1033569540329462,0.682759046269557,0.45732018056338697
2024-05-31,KBS:HOSE:MBB,9.751951178582,-2.3341419977068787,0.29248518642101695,-0.1853649556455174
2024-05-31,KBS:HOSE:MCP,-1.901536457473734,-2.7508893503780127,-0.9448383378648694,-0.06245824487248004
2024-05-31,KBS:HOSE:MDG,-1.6505435602340168,-0.8057739735252523,-1.4699636806520369,-0.44600461439654226
2024-05-31,KBS:HOSE:MHC,-1.2183321658515958,0.1825206436024617,-0.6013749259857972,-1.3074787124061817
2024-05-31,KBS:HOSE:MIG,-0.8833620360325013,1.774427554605864,0.2577545158324155,0.9051074856121256
2024-05-31,KBS:HOSE:MSB,2.699401867007978,-1.3115572829127424,0.0020340080869685473,0.2432920493378819
2024-05-31,KBS:HOSE:MSH,-0.6203632293116687,1.7079630495389315,0.6805322267806052,-0.5177417895576825
2024-05-31,KBS:HOSE:MWG,18.489459572800484,-0.3413806018861391,0.8354853942165186,0.4930657766020138
2024-05-31,KBS:HOSE:NAF,-0.9825860344285352,1.4115661312647112,0.5127278254556094,-0.504379403266012
2024-05-31,KBS:HOSE:NAV,-1.2995385320684405,0.8529732903354692,0.02766114139442872,-0.3992723025057383
2024-05-31,KBS:HOSE:NBB,-0.842503843743495,0.515096753052545,0.4884160515376141,-1.2256962408765948
2024-05-31,KBS:HOSE:NCT,-1.5752980655844186,-0.7530646594109869,1.7254433303725256,0.645076619680502
2024-05-31,KBS:HOSE:NHA,0.341645189958843,6.143779727658582,-1.3934076605631676,1.917870322172618
2024-05-31,KBS:HOSE:NHT,-1.5336335877382135,-0.15295214291033501,0.7370082315003711,0.2982718537745406
2024-05-31,KBS:HOSE:NKG,3.2713239275098944,-0.28910590377912043,-0.6457527482007143,-0.5075293817100545
2024-05-31,KBS:HOSE:NLG,2.382575267388072,0.6686755441248751,-0.6565811162222474,-0.03874453346589127
2024-05-31,KBS:HOSE:NNC,-1.6819080786046834,-1.3457602130827708,0.7324735830711752,0.5321749687758375
2024-05-31,KBS:HOSE:NVL,6.072427701431038,-2.960639608184024,-1.1215396565609652,-0.19511692100698164
2024-05-31,KBS:HOSE:NVT,-1.5063471432896656,-0.028082800064486917,0.630220884868282,0.3821326586913866
2024-05-31,KBS:HOSE:OCB,-0.6905210844113845,-0.34581601830679687,0.06093940824474399,0.12778702257270663
2024-05-31,KBS:HOSE:OGC,-1.5672290861828673,-0.8979259920696065,-1.7991880879585325,0.6788086121008621
2024-05-31,KBS:HOSE:OPC,-1.5370451871132234,-0.29619925562153465,1.5171020748112292,0.3693180787207589
2024-05-31,KBS:HOSE:PAC,-0.3482750904458475,6.139961990872113,0.1385243631483265,1.4637633993636614
2024-05-31,KBS:HOSE:PAN,-0.4250512521881512,0.12760830926663694,-0.3562622562856257,-0.2925644341849725
2024-05-31,KBS:HOSE:PGC,-1.4081514498313532,0.4040283438940904,1.4102750884156428,1.0803327017339248
2024-05-31,KBS:HOSE:PGD,-1.633183846340144,-1.1122837514286608,0.1203837344028361,-0.6230038671267921
2024-05-31,KBS:HOSE:PGV,-1.5661499494907736,-0.586313444045601,0.30331134982138247,0.7240883759943008
2024-05-31,KBS:HOSE:PHR,-0.4269620645438482,0.6512134566192631,0.05122131943484021,-0.5215963308809056
2024-05-31,KBS:HOSE:PJT,-1.4815875906530909,0.01670877679815714,0.1880309070121863,0.16342526652526182
2024-05-31,KBS:HOSE:PLP,-1.438113176292599,0.026800373732578518,0.01712219436904683,0.20297653068696786
2024-05-31,KBS:HOSE:PLX,1.473566104081431,0.7926707148865588,0.4453155640973194,0.943205996122483
2024-05-31,KBS:HOSE:PNJ,3.120673457062308,-0.9972023165454762,0.6551384448009719,-0.5706142939120001
2024-05-31,KBS:HOSE:PTB,-0.1575616533574099,1.5481817254795696,0.742864451854216,-0.3904723214489956
2024-05-31,KBS:HOSE:PTC,-1.5154421722070621,-0.43220843011952415,-0.4874673345664879,0.2108783602046551
2024-05-31,KBS:HOSE:PVP,-0.4479475445496708,1.4779446828325897,0.947616958573341,0.34233532758190166
2024-05-31,KBS:HOSE:PVT,3.9653628202918645,1.0752539143368671,0.2272557910145134,0.2405184787835685
2024-05-31,KBS:HOSE:RAL,-1.3470571339690638,-0.22858137803402045,1.2929350648598146,-0.6596275728376607
2024-05-31,KBS:HOSE:S4A,-1.3727164327803267,0.34354244310330334,1.3757441268847024,-0.7319801734641727
2024-05-31,KBS:HOSE:SAB,0.3397491272876744,-1.308735186280685,0.007131724783518937,0.5629699149034362
2024-05-31,KBS:HOSE:SAM,-0.9928606603760227,0.3248958659580301,-0.0038342763010692327,0.812957057570222
2024-05-31,KBS:HOSE:SAV,-1.1891270583356328,1.1450849856651613,0.7294224416366534,0.2528964510328836
2024-05-31,KBS:HOSE:SBA,-1.2961248214629102,0.7498570330065902,1.2948126367487287,-0.4048935840883871
2024-05-31,KBS:HOSE:SBV,-1.615144003201255,-0.7965517374632337,0.8353064417629358,-0.3831138574545604
2024-05-31,KBS:HOSE:SC5,-1.505856309190831,-0.18383733314054665,0.28010689411455375,-0.1454173052280934
2024-05-31,KBS:HOSE:SCR,-1.1234033099194327,-0.43106272071507323,-0.6203328384195487,0.4593748972954548
2024-05-31,KBS:HOSE:SCS,-0.7377394875249181,1.1540467553090212,1.2706034562741622,-0.40665292460075236
2024-05-31,KBS:HOSE:SFI,-1.5859665675300125,-0.8961895553836782,0.37133618766332305,-0.5227115222116014
2024-05-31,KBS:HOSE:SGR,-1.1749571011443827,1.9257750529280597,-0.256235219156914,1.2401048278406361
2024-05-31,KBS:HOSE:SGT,-0.8795960660583797,0.568245065888805,0.1358811495244436,0.14133881524270855
2024-05-31,KBS:HOSE:SHA,-1.6535611153876584,-1.2363977108022832,1.2186297016629193,0.18059662150304373
2024-05-31,KBS:HOSE:SHI,-1.1853069008208845,-0.734005168698423,1.657053941114386,0.404600281121076
2024-05-31,KBS:HOSE:SHP,-1.3572056344460144,0.3571552984112432,1.8231792563656655,-0.02526584578003443
2024-05-31,KBS:HOSE:SJD,-1.4944656661346867,-0.6062975783018032,1.8334314417907283,0.5667759986784645
2024-05-31,KBS:HOSE:SJS,-1.0178251550885602,-1.8864642980662891,0.25366419395044143,-1.003498468850414
2024-05-31,KBS:HOSE:SMB,-1.5535826650511053,-0.5775609346805148,2.0360629285950784,0.7700528933594654
2024-05-31,KBS:HOSE:SPM,-1.5744929085021724,-0.6230092299824119,-0.41182381399955426,-0.5535243284405861
2024-05-31,KBS:HOSE:SRC,-1.2590457750646504,1.1525342518371149,-0.7829114199548176,-0.7235760063074524
2024-05-31,KBS:HOSE:SRF,-1.351218759969396,0.39509448696409416,-0.44478783489348467,-1.2322217915988594
2024-05-31,KBS:HOSE:SSB,-0.3541934990743677,-1.9637973463911764,1.3305768033085084,0.6626608262478453
2024-05-31,KBS:HOSE:STB,6.116418131010602,-2.5752315601948204,-0.03347565539656043,0.46592121053196767
2024-05-31,KBS:HOSE:STG,-1.747432309520071,-1.3529650504868769,-0.06009418178980951,-0.5763335467519792
2024-05-31,KBS:HOSE:SVT,-1.3733981664946706,0.4375622691148746,0.9710323287565419,0.4128274196482155
2024-05-31,KBS:HOSE:TCB,13.143308485648841,-0.9995785327510824,0.9354592831771275,-0.38462797447339525
2024-05-31,KBS:HOSE:TCL,-1.5862817308010249,-1.0237494097564832,1.305317815836927,0.5331280182482409
2024-05-31,KBS:HOSE:TCM,2.1573343076988434,1.5357606395216197,0.4011508407668036,1.3173739370123936
2024-05-31,KBS:HOSE:TCO,-1.211575815505284,0.9619932691048555,-0.02090823746549519,-1.0771127831004588
2024-05-31,KBS:HOSE:TCR,-1.4685186369238017,-0.3139017879785836,-0.6486703886874191,-1.7257101638390877
2024-05-31,KBS:HOSE:TDC,-1.6313344182920029,-1.1201757444628555,-0.44547084320367797,1.0102233675998094
2024-05-31,KBS:HOSE:TDG,-1.4186901597112327,0.3294097485192516,-0.3324906881075474,0.8819955920972096
2024-05-31,KBS:HOSE:TDP,-1.4173953468145013,-0.20615620487836867,0.5979443474091444,-0.532270368118158
2024-05-31,KBS:HOSE:TIP,-1.2128814001870112,-0.733111706244448,-1.2372839113012448,-0.5047315794689079
2024-05-31,KBS:HOSE:TLG,-1.3711559330770022,-0.15726626693462656,0.8029434718566737,0.5046488382608616
2024-05-31,KBS:HOSE:TLH,-1.2453191357213067,-0.04297793285923482,-1.0116227988099524,0.42678207037383414
2024-05-31,KBS:HOSE:TMS,-1.4119587892096885,-0.4253814354121335,0.7000399450906105,-1.6420937950538093
2024-05-31,KBS:HOSE:TN1,-1.6144361351064505,-0.8770843049457279,-0.19983248135596998,0.02803082314171731
2024-05-31,KBS:HOSE:TNC,-1.832975029133671,-2.0762417212541227,-1.0458241876233294,-1.6446544837186312
2024-05-31,KBS:HOSE:TNH,-1.21292271490524,-0.7272397807895582,0.32406186566906775,-0.05874690099456943
2024-05-31,KBS:HOSE:TNI,-1.6479391347382242,-0.9638167125576759,-0.12921397815643781,0.8228681436113019
2024-05-31,KBS:HOSE:TNT,-1.3247630646180202,-0.25524150454806,-0.4892609584293626,-0.8182703453110547
2024-05-31,KBS:HOSE:TRA,-1.6601941882662046,-0.9199806289064077,1.0623991289738233,0.008230085656401482
2024-05-31,KBS:HOSE:TRC,-1.185951643544727,0.9114876980068125,1.07092184199608,-0.8946815546862218
2024-05-31,KBS:HOSE:TTE,-1.727753306506764,-1.217698231598191,-1.0344443260384903,-0.9229277040393297
2024-05-31,KBS:HOSE:TV2,-0.03852784480253044,2.224468521406565,-1.2420502923984322,0.5486352581184214
2024-05-31,KBS:HOSE:TVB,-0.7622663690483694,2.278840655133116,-0.3925025719087234,-1.274789777582647
2024-05-31,KBS:HOSE:UIC,-1.4253566182172022,0.13992229707595094,0.986811288702174,-0.385179108754611
2024-05-31,KBS:HOSE:VCA,-1.5241058715831883,-0.39763032530441644,0.19848604325224187,-0.45609839296274796
2024-05-31,KBS:HOSE:VDS,0.5386430434459295,3.714507315644019,-1.5455399010089037,-0.16994721175543986
2024-05-31,KBS:HOSE:VFG,-0.6003695861424805,2.8915313156617914,1.1026345753592106,-1.8173235562048053
2024-05-31,KBS:HOSE:VGC,-0.388972200788263,-0.03653797884640575,-0.4890183912054864,-0.45909176141186886
2024-05-31,KBS:HOSE:VHM,10.029023647552252,-4.0111264276577625,0.4523132363046458,0.8367542354021258
2024-05-31,KBS:HOSE:VIP,-0.5606179553251147,3.452376828568627,0.6122677436827749,1.517803437157354
2024-05-31,KBS:HOSE:VIX,8.871479097541176,-1.1147994115396282,-1.1255923063770588,-0.6027000632038138
2024-05-31,KBS:HOSE:VJC,1.656079332494767,-1.0596227173934547,0.5859428432153347,0.22212626250690673
2024-05-31,KBS:HOSE:VND,6.451565014100207,-2.328921960320094,-0.9236844072882079,-0.1784245239933888
2024-05-31,KBS:HOSE:VNG,-1.62594605474453,-1.104248373491382,0.04624142905818815,-0.4801909766912377
2024-05-31,KBS:HOSE:VOS,0.9420263852712825,3.8910677211297195,-1.431892673963841,1.8378058959673533
2024-05-31,KBS:HOSE:VPB,8.035395352043288,-2.5373072992345773,0.5041716347450513,0.7998008727567965
2024-05-31,KBS:HOSE:VPS,-1.6298752812064186,-0.9900547936323393,-0.44539939411257434,0.30570705168074785
2024-05-31,KBS:HOSE:VSH,-1.4220069423016144,-0.008387556127507655,0.9764191573108155,0.43516116507485264
2024-05-31,KBS:HOSE:VSI,-1.6006544491259367,-0.8317219223500026,0.5374897957765153,-0.06657858349118365
2024-05-31,KBS:UPCOM:GMC,-1.5280059825931553,-0.4700563843977277,1.2749380972484534,-0.3128605565677666
2024-05-31,KBS:UPCOM:HBC,-1.311416891997813,-0.7894679079385063,-0.7149947805465237,0.2113694767204016
2024-05-31,KBS:UPCOM:HNG,-1.0830484022607152,0.1598318473994573,-0.5434494519706067,0.395158208519142
2024-06-28,KBS:HOSE:AAM,-1.654435884158568,-1.5762347709666675,-0.6102900793144289,0.16461933762440695
2024-06-28,KBS:HOSE:ABS,-1.575341877805654,-1.606194769801963,-0.1553228835822596,0.3804907642549443
2024-06-28,KBS:HOSE:ABT,-1.4842535897732836,0.10866361347511656,-0.7369365222984091,-0.02878672586218687
2024-06-28,KBS:HOSE:ACC,-1.4846559612254122,-0.33957033556584404,-1.0024159994670865,-0.49245117747658523
2024-06-28,KBS:HOSE:ACL,-1.5003319524683014,-0.17713068826968673,-1.4597347937206422,0.06383580569074968
2024-06-28,KBS:HOSE:ADS,-1.060944799605327,-1.2502394205335803,0.5128702195428659,-0.40873709153235477
2024-06-28,KBS:HOSE:AGG,-0.5877689508204937,-1.3700375221005756,1.227409243877435,-0.1272235154029908
2024-06-28,KBS:HOSE:AGR,-0.19506530610072356,-1.2690871411616624,1.8672889997142215,-1.5006791814711735
2024-06-28,KBS:HOSE:ANV,0.32326600036988845,-0.8600065854373871,0.3949038564213509,0.21726655831067293
2024-06-28,KBS:HOSE:APG,-1.314193240455014,-1.0950020975943286,1.0254592423218758,-1.4372598387278164
2024-06-28,KBS:HOSE:APH,-0.6095100914529867,-0.36336244632391734,1.5944412953038096,-1.0950135869899873
2024-06-28,KBS:HOSE:ASM,-0.5544231145863605,-1.454758284532563,0.9518499545441711,-0.8993182802104152
2024-06-28,KBS:HOSE:ASP,-1.5993185647565844,-0.9343107627519619,-0.11880385843476873,0.7516560034067251
2024-06-28,KBS:HOSE:AST,-1.344798289871938,0.9215602332872291,-0.48209224765080694,-0.07751790491698347
2024-06-28,KBS:HOSE:BCM,0.05349343437106808,-0.6834912700923783,0.9052896870883385,1.0594094240374405
2024-06-28,KBS:HOSE:BFC,-0.2987828041863531,2.693564736008324,1.6750486276329237,-1.81601362681175
2024-06-28,KBS:HOSE:BHN,-1.5517894397063172,-0.2856897544381548,-1.2100952251539396,0.2002162026998613
2024-06-28,KBS:HOSE:BIC,-1.1954767558644157,1.9596385277149266,-0.20364948564644775,-0.1331377367275065
2024-06-28,KBS:HOSE:BKG,-1.5756186479397376,-1.293490539479811,0.5647380187044883,0.49828936403233465
2024-06-28,KBS:HOSE:BMI,-1.0638371750508553,0.03635993569616258,-0.305581285126772,-0.9044131756518009
2024-06-28,KBS:HOSE:BTP,-1.5019227043038061,-0.77223748715242,-0.40960031729739105,0.11453374046747722
2024-06-28,KBS:HOSE:BVH,-0.28063522673162994,0.15144833297959653,-0.4087308687646418,0.03929953441697223
2024-06-28,KBS:HOSE:C32,-1.5436966916946713,-0.451838123716266,-1.9693358697437635,0.11872289542953711
2024-06-28,KBS:HOSE:CCI,-1.5493989520446,-0.4916310378252989,1.7345626042523983,0.6544541974595448
2024-06-28,KBS:HOSE:CCL,-0.9109633260901525,0.6042686748335864,2.079979862487065,-1.2999106348776657
2024-06-28,KBS:HOSE:CDC,-1.2047957769262905,-0.3599449601761094,-2.3326187978665676,-0.3335746562757948
2024-06-28,KBS:HOSE:CHP,-1.2875007402377916,1.3590152250584902,-1.7628445074002328,-1.1320010287929902
2024-06-28,KBS:HOSE:CIG,-1.6906364713092499,-2.315866418905916,1.9465601085077762,0.9035947683580429
2024-06-28,KBS:HOSE:CII,0.6018219394158876,-1.8564888989985504,0.11567034632558562,-0.35241478542018173
2024-06-28,KBS:HOSE:CKG,-1.1274377675238503,1.3897986328430758,0.13401598172124515,1.8834558224345055
2024-06-28,KBS:HOSE:CLC,-1.3419051194869804,1.101578069468222,-0.5986728092855265,-0.4827903514044663
2024-06-28,KBS:HOSE:CMV,-1.4478983508110865,0.4553895571354687,1.1061233090473703,-0.14149376811810901
2024-06-28,KBS:HOSE:CMX,-1.027592440102208,0.7737750807232405,0.3720158666882692,0.5364808309281497
2024-06-28,KBS:HOSE:CNG,-1.0756876584218351,-0.43129417078026355,0.8711026317195302,-0.508088205777171
2024-06-28,KBS:HOSE:CRC,-1.4752411535337557,-0.0956751757155875,-0.4851239812112431,0.22564616005468802
2024-06-28,KBS:HOSE:CRE,-1.5090292257620745,-1.0996452457518247,-0.46847960235389596,0.030350506045103115
2024-06-28,KBS:HOSE:CSV,0.513270570603906,1.9909111425882777,1.3755774167507242,-1.3872859242599789
2024-06-28,KBS:HOSE:CTD,1.54739009538762,-0.6557259999875035,0.5547501028865118,-0.5045628229915041
2024-06-28,KBS:HOSE:CTF,-1.1837473187269878,0.5949839366800402,-1.8995159014586809,0.7514330541088359
2024-06-28,KBS:HOSE:CTI,-0.9786628682089817,-0.4270603700291327,0.840640406030881,-0.8521110412500423
2024-06-28,KBS:HOSE:CTR,1.4057648394566615,1.6898089586124803,1.3459648946870895,-0.6943745547742377
2024-06-28,KBS:HOSE:CTS,0.5502546494125647,0.30531212597190555,1.8846490951989066,-2.0616875969710584
2024-06-28,KBS:HOSE:CVT,-1.5283464799364894,-1.1667204262818403,-0.04615614441589319,0.5363327254949578
2024-06-28,KBS:HOSE:D2D,-1.0699597449250082,2.409737375183086,-0.9791932581523054,-1.947567174614293
2024-06-28,KBS:HOSE:DAH,-1.5640163796830053,-0.9831775017558563,-1.298631412240103,0.33720370978610725
2024-06-28,KBS:HOSE:DBC,4.702971808402383,-0.011852293868298449,1.26828423551101,-0.7750184775473352
2024-06-28,KBS:HOSE:DBD,-1.2959303486549534,-1.2420461569897834,-1.7993893670828982,-0.3029783614545003
2024-06-28,KBS:HOSE:DC4,-1.2703267570563592,0.40739699833147025,0.887248079182262,-0.54950143996698
2024-06-28,KBS:HOSE:DCL,-1.0538853223053077,0.9200678455932945,0.3203649286129233,-0.4647772778009428
2024-06-28,KBS:HOSE:DCM,4.233793693786588,0.18170526081631633,0.3492277939048806,-0.3218057951177649
2024-06-28,KBS:HOSE:DGC,11.98229114308403,-0.32086144565665564,0.22021842363039146,-0.6480764769670316
2024-06-28,KBS:HOSE:DGW,1.6435618157766911,-0.5584319599383778,0.9720330311697706,-0.7526108061915174
2024-06-28,KBS:HOSE:DHA,-1.3900421416261783,-0.6900926390306316,-0.44464170282233284,0.35354025737809186
2024-06-28,KBS:HOSE:DHC,-0.8901844300109906,-0.9809614673512635,-0.17277507971850262,-0.4103766261677806
2024-06-28,KBS:HOSE:DLG,-1.6481716764913976,-2.5797093750948976,1.0729390419760805,0.3598254417135276
2024-06-28,KBS:HOSE:DMC,-1.5246998728403678,-0.2005407168685571,-1.5239005733461106,-0.44990559439366495
2024-06-28,KBS:HOSE:DPG,0.7422149582094326,1.008792063372949,1.8634703981127725,-1.2359279687528637
2024-06-28,KBS:HOSE:DQC,-1.5598783641413783,-0.801196045781295,-0.9910167988029244,0.3407418509063572
2024-06-28,KBS:HOSE:DRC,0.3704120829355538,0.9864870763073075,0.8954428332560085,-0.5387545007882141
2024-06-28,KBS:HOSE:DRH,-1.743462206614506,-3.0691701137120906,1.4310200494889547,1.0964678359290947
2024-06-28,KBS:HOSE:DSN,-1.4499430386479495,0.06020203544456474,-2.3644096635706116,-0.3830500254333602
2024-06-28,KBS:HOSE:DTA,-1.7143832910240027,-1.7336360748110695,0.28286561555691414,1.126643636039574
2024-06-28,KBS:HOSE:DTL,-1.7153262702132084,-1.4592924255429036,0.4251441312076433,1.4884528482837627
2024-06-28,KBS:HOSE:DTT,-1.4684044823004907,-0.09243037473354429,-0.7056826138683758,-0.3122376675883417
2024-06-28,KBS:HOSE:DVP,-1.3426141574791837,1.0248967087268197,-1.278966232064521,-0.11087956719193995
2024-06-28,KBS:HOSE:DXG,0.9363101670527838,-2.015294848113694,0.7476369099986763,0.08049708128013046
2024-06-28,KBS:HOSE:DXV,-1.29270756682288,2.6503589073149842,3.560857693053277,0.5760062378038489
2024-06-28,KBS:HOSE:EVE,-1.5024842211524148,-0.47305984498703,-1.338652244547833,0.43131074500007366
2024-06-28,KBS:HOSE:EVG,-0.6109635931118249,0.5769097670981201,2.0036247251445385,0.6784572828220365
2024-06-28,KBS:HOSE:FCM,-1.621706338423619,-1.4182536305088378,-0.511549886700002,0.44277412278906075
2024-06-28,KBS:HOSE:FCN,-1.2228884732083483,-0.8249564143910453,0.80257336272333,0.10872951128225487
2024-06-28,KBS:HOSE:FDC,-1.3732511427556753,-1.1963199552372659,2.0543730390120336,1.9539373194735556
2024-06-28,KBS:HOSE:FIR,-1.8347774881653387,-4.449498288349493,3.714776060064549,2.740361790848995
2024-06-28,KBS:HOSE:FIT,-1.4741484604461508,-1.3877735683831853,-0.5967901557219583,-0.31610638667329366
2024-06-28,KBS:HOSE:FMC,-1.3560057952985942,0.0020780046106841595,-0.9032412682499491,-0.9150597039328219
2024-06-28,KBS:HOSE:FPT,26.278464965991898,0.9079460649374351,-0.8946240348381295,0.9680129249001055
2024-06-28,KBS:HOSE:FRT,2.134212846009685,3.042202072395147,-0.10774490336158726,-1.524779629011902
2024-06-28,KBS:HOSE:FTS,1.2448274148761589,-0.26109089188933576,1.8234128894653452,-1.9129876377736466
2024-06-28,KBS:HOSE:GDT,-1.3552890071756993,0.2898171856368294,-0.7433232702269859,-0.44741098831977566
2024-06-28,KBS:HOSE:GEG,-1.1379832916415131,-0.2683271873187188,-0.25155071963069553,0.03726912914756307
2024-06-28,KBS:HOSE:GIL,-0.5260069002424865,-0.7260689601630725,1.6643894094876261,-0.8140873151463844
2024-06-28,KBS:HOSE:GMD,2.4060709405168916,0.41553514869241537,-0.9919054714033076,-0.9611640471852712
2024-06-28,KBS:HOSE:HAG,3.1506867574224358,-1.62636922313831,1.131475800698808,-1.3140872662034013
2024-06-28,KBS:HOSE:HAP,-1.5188396400783277,-0.6996535296090831,-2.0530352409075006,-0.425716470673888
2024-06-28,KBS:HOSE:HAR,-1.51200584310552,-1.175593462469332,0.1804213609317973,-0.42076155458114695
2024-06-28,KBS:HOSE:HAS,-1.310824711245978,1.7364577673433363,2.434819009571751,-0.5044786625280017
2024-06-28,KBS:HOSE:HAX,-0.8418067922375011,1.3458967020238484,-0.19250570766842873,-0.430022457961301
2024-06-28,KBS:HOSE:HCM,4.5961297052737615,-1.2344031728543026,0.7370162690688857,-0.9636044429327199
2024-06-28,KBS:HOSE:HDC,0.7073811149185063,-1.527462395970741,0.7107196815935781,-0.6463798048444998
2024-06-28,KBS:HOSE:HHP,-1.5116780040607036,-1.358501915421024,-0.798714885573856,0.08672150050544382
2024-06-28,KBS:HOSE:HHV,-0.035295891669385016,-2.369772567996354,0.1721235893237902,0.04243532253336815
2024-06-28,KBS:HOSE:HID,-1.46934179381252,0.2548011799521639,0.6019159487713721,0.5694849690095278
2024-06-28,KBS:HOSE:HII,-1.4361846050164786,-0.5267814417828525,0.06641397499656776,-0.6733650590083253
2024-06-28,KBS:HOSE:HMC,-1.450771418141065,0.3725197563010466,-0.7734490602993941,0.2767011102371311
2024-06-28,KBS:HOSE:HQC,-1.099843284705014,-2.0850631730985327,0.1981339039613206,-0.3791857009026973
2024-06-28,KBS:HOSE:HRC,-1.6104000205114184,-1.1724158631522679,0.6805677025211458,0.260108283819604
2024-06-28,KBS:HOSE:HSG,9.62925472039942,-0.2353011074339379,0.21554090378652976,1.104661070579341
2024-06-28,KBS:HOSE:HSL,-1.7586490789676237,-2.669310699829223,1.617668123995207,2.1423450774377115
2024-06-28,KBS:HOSE:HTI,-1.4928157931444448,-0.21997560474988898,-2.0439039742500564,-0.3818504996947439
2024-06-28,KBS:HOSE:HTL,-1.1641779169187436,4.083060073629592,0.021137931076108292,0.903999983812066
2024-06-28,KBS:HOSE:HTN,-1.2112579486811694,-2.7986021987157894,1.2009357762733814,0.020166334428097236
2024-06-28,KBS:HOSE:HTV,-1.5383161058685506,-0.13142230649408398,-0.53940870654348,0.6765904412978575
2024-06-28,KBS:HOSE:HUB,-1.3960276810744807,-0.2161716765723455,-0.2331740054593836,-0.5299526741606257
2024-06-28,KBS:HOSE:HVN,4.457872436055113,10.062920381546412,2.0353151544260535,-0.8042995166091573
2024-06-28,KBS:HOSE:ICT,-1.1711418863221967,2.3693535420776124,0.8622240450476458,1.1624659162633928
2024-06-28,KBS:HOSE:IJC,0.7977921826168988,-0.5582151372844192,0.5075170687173337,-0.33094222694289094
2024-06-28,KBS:HOSE:ILB,-1.4745851740561602,0.8507797872800585,-0.7757410447894565,0.32200526867901236
2024-06-28,KBS:HOSE:ITC,-1.200219229325116,-0.151278344618832,0.6238593688515879,1.1408412133465846
2024-06-28,KBS:HOSE:ITD,-0.70312323371744,6.0936945769432915,0.6198123707763112,2.421761025262253
2024-06-28,KBS:HOSE:JVC,-1.4606962162419181,-0.592337099178918,-0.013116202885311226,-0.16320649835527826
2024-06-28,KBS:HOSE:KBC,2.5280836375484284,-2.1133483732447274,0.4163674479897483,-0.22959446181729273
2024-06-28,KBS:HOSE:KDC,0.7939372882909291,-1.3179930534306707,-1.546118732214845,-0.4763854525875137
2024-06-28,KBS:HOSE:KDH,1.9335587457564396,-0.08443164772897696,-0.42751492153305115,-0.21254968217690795
2024-06-28,KBS:HOSE:KHP,-1.4210110277153754,0.453975120196402,-0.8976343161651749,0.05627493020235042
2024-06-28,KBS:HOSE:KMR,-1.5540436640485362,-0.5542038452831755,-2.094420632068666,-0.06137108702578484
2024-06-28,KBS:HOSE:KOS,1.114045588383436,-0.39693424626280865,-2.3509966833753357,0.1459691357377549
2024-06-28,KBS:HOSE:KSB,-0.12246475509345868,-2.5996326451276572,1.20275212221287,-0.3394235872152426
2024-06-28,KBS:HOSE:LAF,-1.3329884421936669,1.439047824023298,-0.9653865673799171,-0.17707018753507708
2024-06-28,KBS:HOSE:LBM,-1.4266633537193754,1.265230875369516,-1.0613036626471242,0.8957999115200446
2024-06-28,KBS:HOSE:LCG,-0.7794597278003469,-2.1182677616216314,0.39858306067645166,-0.3984789423367014
2024-06-28,KBS:HOSE:LDG,-1.51367262475315,-1.7176577176405563,-0.10815355641091794,0.19801133134170915
2024-06-28,KBS:HOSE:LHG,-0.998473488766108,0.8161891037041705,0.13477230771490567,-0.12498413326497725
2024-06-28,KBS:HOSE:LIX,-1.1927300592055416,1.547297633368877,-0.7580614850608638,-0.9014226030318854
2024-06-28,KBS:HOSE:LM8,-1.4849337764701012,-0.15608860003124103,-1.2763821824430766,-0.2398301314789616
2024-06-28,KBS:HOSE:LPB,21.01718641579145,3.104010865014934,0.34694918172357586,0.19844839812172102
2024-06-28,KBS:HOSE:MBB,8.933439323880059,-0.9294092109556319,-0.60702954462354,0.04429661074849856
2024-06-28,KBS:HOSE:MCP,-1.651073477648504,-1.3793400755826923,-0.024258418563978895,1.4343180844442414
2024-06-28,KBS:HOSE:MDG,-1.6342045626198076,-0.37610009484406765,1.7788209553837044,1.7371792203789806
2024-06-28,KBS:HOSE:MHC,-1.3023516650319815,-0.5499472072684386,0.5234822862720481,-1.005556038168335
2024-06-28,KBS:HOSE:MIG,-0.8336944789378123,1.9201633994847809,0.10925083156448143,0.11087919136411387
2024-06-28,KBS:HOSE:MSB,5.2928844324091475,-0.8461368794372771,-0.6156022616949488,0.2193302547175821
2024-06-28,KBS:HOSE:MSH,-0.9531446813166994,0.8915477123805635,0.08984914453170006,-0.8956526509501793
2024-06-28,KBS:HOSE:MWG,13.644364742317887,0.3773566380283772,-0.44821883738569346,-0.05229340997933751
2024-06-28,KBS:HOSE:NAF,-1.2395611563428481,0.9824972608064434,-0.23240683983835797,-0.7205012691914469
2024-06-28,KBS:HOSE:NAV,-1.4165932225600832,0.8697655347005194,0.328698473409903,0.1079352003584279
2024-06-28,KBS:HOSE:NBB,-1.338245534788527,0.22368484068084313,-0.4234735476226993,-1.0374486130818863
2024-06-28,KBS:HOSE:NCT,-1.4077184509564993,0.9665312655764321,-2.081570842811897,0.29959122786610193
2024-06-28,KBS:HOSE:NHA,-0.23609899563371753,1.4364424901240396,2.2855613426618246,-1.0829687647941861
2024-06-28,KBS:HOSE:NHT,-1.569549906301699,-0.5858360083514748,-0.8318026906849562,-0.24686291061522417
2024-06-28,KBS:HOSE:NKG,3.9115913312730743,-1.209641470212212,0.6360138225237341,-0.20823052951762944
2024-06-28,KBS:HOSE:NLG,1.5372896816813204,-0.7464660882047194,0.6346512130351989,-0.5771736025480092
2024-06-28,KBS:HOSE:NNC,-1.487060446553907,0.39321772005594174,-1.5510209502360468,0.9126221256460716
2024-06-28,KBS:HOSE:NVL,3.252655229304896,-2.6658431101504103,0.5719485663985869,0.548529994228273
2024-06-28,KBS:HOSE:NVT,-1.4372464070607922,2.106486943900507,0.5231160672691394,2.0957563293321826
2024-06-28,KBS:HOSE:OCB,1.9549645605950803,-0.9407137459840463,-0.4771869066950514,-0.372494610005865
2024-06-28,KBS:HOSE:OGC,-1.5776891243470612,-1.8822258969977332,1.1635069938858902,0.5740932147409644
2024-06-28,KBS:HOSE:OPC,-1.3838575310366696,0.6764460308473834,-1.742050486407085,0.07925370240175175
2024-06-28,KBS:HOSE:PAC,-0.7220272069132,5.083125436106102,1.3301439386194343,-0.9615459373798443
2024-06-28,KBS:HOSE:PAN,-0.3045300683848961,0.39816289138265687,0.24270785816228244,0.033691808145580975
2024-06-28,KBS:HOSE:PDN,-1.4531838330745777,0.38051518507070586,-0.4871209971397029,-0.17576035322140224
2024-06-28,KBS:HOSE:PGC,-1.450259248826943,-0.30018455385483656,-0.9910123449434937,-0.46877870637034214
2024-06-28,KBS:HOSE:PGD,-1.552137753458515,-0.5610779345789674,-0.43628466755992207,0.22824117909511465
2024-06-28,KBS:HOSE:PGV,-1.4323414208762812,0.6000321327118264,-0.43007711167495133,0.8738600046042679
2024-06-28,KBS:HOSE:PHR,-0.8288895100942018,-0.07087315374742188,-0.0026017470409051137,-0.7543286202281867
2024-06-28,KBS:HOSE:PJT,-1.5093127101346584,0.24912146049410963,-0.6678320386819222,0.49589459547598275
2024-06-28,KBS:HOSE:PLP,-1.5089690933524036,-0.2973568725448702,-0.13593954434497516,-0.024554195359592784
2024-06-28,KBS:HOSE:PLX,0.7897253953043539,0.42208813038593246,-0.4361210879640126,-0.4603656758503039
2024-06-28,KBS:HOSE:PNJ,1.7932541213887536,-0.09318013046822667,-0.8597474159317828,-0.14253916816502887
2024-06-28,KBS:HOSE:PTB,-0.7921295592023904,0.75144821068216,-0.1910947144904788,-1.1457931244098676
2024-06-28,KBS:HOSE:PTC,-1.6045231635293595,-1.3232741576160294,-0.13741954007940277,0.12568623689472416
2024-06-28,KBS:HOSE:PTL,-1.564394858475155,-0.7256756728623888,-0.25149075397624043,0.626598651862743
2024-06-28,KBS:HOSE:PVP,-0.8632527441824231,1.0364500500131184,-0.10390440249242604,-0.772355770486003
2024-06-28,KBS:HOSE:PVT,2.3822579972758944,0.009105692935400013,0.37328869317163405,-1.0961700013895321
2024-06-28,KBS:HOSE:QCG,-1.2665737079289874,0.14867471373927563,2.6214165664108235,-0.5569463487468079
2024-06-28,KBS:HOSE:RAL,-1.1317508079893996,2.2692704384227422,-0.9305115814914184,0.37153725845626223
2024-06-28,KBS:HOSE:S4A,-1.33315772675712,1.684024166200015,-1.0265666162085498,-0.29592821125911634
2024-06-28,KBS:HOSE:SAB,1.4903639266846787,-0.6547582549755444,-0.48168648772601214,0.6876557288141909
2024-06-28,KBS:HOSE:SAM,-0.7451882138397439,-0.2609144262879514,0.20318846451511544,-0.1272347048035032
2024-06-28,KBS:HOSE:SAV,-1.0688612566827924,3.96472106666023,-0.3919162351457263,1.2396445577852333
2024-06-28,KBS:HOSE:SBA,-1.3119521717804448,1.5369591336216537,-1.3275079050225793,-0.6303550644447283
2024-06-28,KBS:HOSE:SBV,-1.5431497584701839,-0.3484927671727142,-0.7413475653042901,-0.1767082150950995
2024-06-28,KBS:HOSE:SC5,-1.5213940547269043,-1.1826251478283936,0.12012161115578832,-0.9717082746683218
2024-06-28,KBS:HOSE:SCR,-1.2765940962584001,-1.4097845583235373,-0.017586379957632858,-0.08298471798593443
2024-06-28,KBS:HOSE:SCS,-0.7953856645663362,1.3087244155590048,-0.5074350070507767,-0.7763774210536574
2024-06-28,KBS:HOSE:SFI,-1.4940183197970083,0.3206148345403748,-0.6690869269999098,0.8576342586751485
2024-06-28,KBS:HOSE:SGR,-0.9993362541284344,3.1767535050218707,0.7923251804660079,1.261557130051876
2024-06-28,KBS:HOSE:SGT,-1.3115957398306228,1.936290511598782,0.11202236074826036,1.1796894625436332
2024-06-28,KBS:HOSE:SHA,-1.559234412419602,-0.8503712985558448,-1.5625212388110186,-0.3821800194600085
2024-06-28,KBS:HOSE:SHI,-0.8738181270819565,-0.24316178143216763,-2.0611272090882147,-0.5368580002677773
2024-06-28,KBS:HOSE:SHP,-1.3703233731989284,0.8945385391393094,-1.813239006498742,-0.7659309507366955
2024-06-28,KBS:HOSE:SJD,-1.3752840548844834,0.349995960819231,-2.079261641749993,-0.2351830031218233
2024-06-28,KBS:HOSE:SJS,-0.03920712160166534,-1.050236745006924,-0.20555574721823405,-0.22228283586315806
2024-06-28,KBS:HOSE:SMB,-1.4507413176625756,0.4066387591544265,-2.5041319280170633,-0.2034042670129337
2024-06-28,KBS:HOSE:SPM,-1.6103063128336559,-0.9480555548175452,0.3652525499213814,0.09219696385339103
2024-06-28,KBS:HOSE:SRC,-1.3894447914033523,0.6042196105154323,0.8061429474952416,-1.005814060218995
2024-06-28,KBS:HOSE:SRF,-1.4378866747902574,0.2779982973124858,0.0018814131359456228,-0.08185959569919944
2024-06-28,KBS:HOSE:SSB,1.8540072295176893,-1.4040255357010278,-1.2795114527565605,0.367005921869114
2024-06-28,KBS:HOSE:STB,11.324928083474864,-1.4909655522508267,-0.468546919504916,1.0972912118762714
2024-06-28,KBS:HOSE:STG,-1.599222158418618,-0.49685648322896897,0.035882513339099045,0.690340673225662
2024-06-28,KBS:HOSE:SVC,-1.4325810297263286,2.5264014619390944,-0.4179019006767486,3.0100891644896017
2024-06-28,KBS:HOSE:SVT,-1.413129546747347,0.8226775327993274,-1.2512273659530673,-0.2176944507539531
2024-06-28,KBS:HOSE:TCB,18.12836503094878,-0.4268733022380009,-0.7438744141530619,-0.04828929151756304
2024-06-28,KBS:HOSE:TCL,-1.4019162042544113,-0.2687762783082287,-1.732210971986802,-0.09168640737853907
2024-06-28,KBS:HOSE:TCM,3.5990160345663407,0.8080421742154262,-0.3082197233626113,0.41769921801455534
2024-06-28,KBS:HOSE:TCO,-1.3371507106582723,1.3023603114369982,0.47144880327266664,0.02961935635749635
2024-06-28,KBS:HOSE:TCR,-1.5546368687569783,-0.7524166593521522,1.4138720808922454,-0.2568627386502698
2024-06-28,KBS:HOSE:TDC,-1.5048252236979942,-0.38654817318973567,-0.5121420958787266,1.167851496447557
2024-06-28,KBS:HOSE:TDG,-1.3898825461725768,1.6398399301037234,0.4334246702305871,1.3269362246637613
2024-06-28,KBS:HOSE:TDP,-1.440756682669594,0.00934752905824743,-0.7142144225121491,-0.2073956949333516
2024-06-28,KBS:HOSE:TDW,-1.5611354461328846,-0.03420876464403308,0.5216541037955144,0.1771711337169327
2024-06-28,KBS:HOSE:TEG,-1.4840645024035284,0.3810316417871538,-0.736945368593182,1.3736544111640923
2024-06-28,KBS:HOSE:THG,-1.344367314889968,1.452157190321083,-1.6876758173845663,0.22683333086861246
2024-06-28,KBS:HOSE:TIP,-1.1233013522790676,-0.10890831528550396,0.5066434325219782,0.3468012392885525
2024-06-28,KBS:HOSE:TLG,-1.3887555566898921,-0.18946108496362943,-1.2803922933491916,0.08161184381668889
2024-06-28,KBS:HOSE:TLH,-1.102892283586189,-1.410997810942206,0.5825108944063864,0.09669283144549982
2024-06-28,KBS:HOSE:TMS,-1.470567165947829,-0.1914829828639189,-0.2863405933499269,-0.36324724148435766
2024-06-28,KBS:HOSE:TN1,-1.5828129675608755,-0.881783306192473,-0.37620648990443384,0.3566756420189868
2024-06-28,KBS:HOSE:TNC,-1.8649151864370277,-3.404786461804165,3.336547701712491,0.5365490402713132
2024-06-28,KBS:HOSE:TNH,-0.6045882471782351,1.367418404322273,-0.3642306207306976,1.027421077015141
2024-06-28,KBS:HOSE:TNI,-1.5433539414919057,-0.4688555099507872,-0.1093096612692108,0.7500945590173658
2024-06-28,KBS:HOSE:TNT,-1.5126507179443187,-1.3528291362086429,0.35267489089162896,-0.3354801008045316
2024-06-28,KBS:HOSE:TPB,2.9488127847242462,-1.102585839274089,-0.22080763106885354,0.20021095484487278
2024-06-28,KBS:HOSE:TRA,-1.5911674381018068,-0.39334610094993205,-1.4598742267077962,0.3496980074128718
2024-06-28,KBS:HOSE:TRC,-1.2841535806000366,1.402999147547766,-0.5297635302068711,-0.8607908281145942
2024-06-28,KBS:HOSE:TTE,-1.2516873501209462,5.320499036385431,1.5867907956186218,4.139171726809205
2024-06-28,KBS:HOSE:TV2,-0.13705935311246908,0.029565761876402787,1.43309972621261,-0.475345745957464
2024-06-28,KBS:HOSE:TVB,-1.0772401346169946,1.4662535906720615,0.9538216629662438,-0.8240319349887001
2024-06-28,KBS:HOSE:TVS,-0.5175984654820004,0.8859047285118843,0.48803433423700077,0.7347585564532146
2024-06-28,KBS:HOSE:UIC,-1.4712375806761093,0.22459062988670755,-0.8475824553015262,-0.45199148126398353
2024-06-28,KBS:HOSE:VCA,-1.4682275814931602,0.6441567280370244,-0.4721753960339383,0.49434914799053925
2024-06-28,KBS:HOSE:VCG,1.2079274728889455,-2.428238641647356,0.0019414355870860022,-0.5235429786348024
2024-06-28,KBS:HOSE:VDS,-0.02401563568848545,0.3576160626690913,2.12968790531625,-1.57683171001387
2024-06-28,KBS:HOSE:VFG,-0.7752841352384066,4.992294657115617,0.466954163529383,-1.1639112319590044
2024-06-28,KBS:HOSE:VGC,-0.7026410784907804,-1.087244248222185,0.01606922098592428,-0.6951004251430726
2024-06-28,KBS:HOSE:VHM,7.5675643230422995,-2.320572082427712,-1.1028922234558576,0.8259539942101926
2024-06-28,KBS:HOSE:VIP,-0.938196356755017,0.2996347717822529,1.7223960761231638,-1.168657751871589
2024-06-28,KBS:HOSE:VIX,7.341887115964671,-2.1968676210273226,0.7895877050094936,-0.5197979653303907
2024-06-28,KBS:HOSE:VJC,1.3398466535356435,-0.9631288726496021,-0.49491175514581703,-0.19611261342055264
2024-06-28,KBS:HOSE:VND,4.2381684620446896,-2.666429938418628,0.5933572300977136,0.021016392181018865
2024-06-28,KBS:HOSE:VNG,-1.4235170309601766,1.3314084068459775,-0.029846565576978516,1.3949050752498737
2024-06-28,KBS:HOSE:VOS,1.0977045698393209,3.314910651690223,1.9111995878114458,0.3456300060217871
2024-06-28,KBS:HOSE:VPB,18.17288249013762,-1.674032235978814,-1.1106223224498035,1.3387005929336462
2024-06-28,KBS:HOSE:VPS,-1.546312068956928,0.07300329246667629,0.05887291667307469,1.3112698970395265
2024-06-28,KBS:HOSE:VSH,-1.4331976318643493,0.29651085094011204,-1.4486845799636452,-0.19625089216621897
2024-06-28,KBS:HOSE:VSI,-1.4667180714093133,0.6241977056133333,-0.9443582987875229,0.660318773427852
2024-06-28,KBS:HOSE:VTO,-0.8202075204339029,1.41030040879637,0.4796546485380675,-0.7971046013359149
2024-06-28,KBS:UPCOM:GMC,-1.5260985953728274,-0.46683621659520863,-1.368319740164951,-0.5698480256380632
2024-06-28,KBS:UPCOM:HBC,-1.407197346759863,-1.459280781768009,0.005585471664371644,0.04167485604390257
2024-06-28,KBS:UPCOM:HNG,-0.7974274422552591,0.7067909361000316,0.9269183145960084,0.8085867637695101
2024-06-28,KBS:UPCOM:TCD,-1.4047594598025928,-1.8649845781700802,0.8666713161346876,-0.17138921912047175
2024-07-31,KBS:HOSE:AAM,-1.4937116019463201,-1.0601215767750929,-1.060736056868304,0.330811697248495
2024-07-31,KBS:HOSE:AAT,-1.6051585299911826,-3.3099495777042094,-0.16684552418770382,0.34550106729726004
2024-07-31,KBS:HOSE:ABR,-1.348205375078997,0.18293645420311522,0.016820791789018342,-0.10846240451459628
2024-07-31,KBS:HOSE:ABS,-1.4602742915576843,-1.8492055197084156,-0.9325500123865367,0.16609539803562454
2024-07-31,KBS:HOSE:ABT,-1.1892842329979332,2.0549365604419707,-0.9748202278637024,0.11949348911925065
2024-07-31,KBS:HOSE:ACC,-1.2842437870033088,0.46628910273559654,-0.8259128726364439,-0.39133103973359223
2024-07-31,KBS:HOSE:ACL,-1.3433207675646937,0.04977345173892846,-1.1952816038007605,-0.42895987778095257
2024-07-31,KBS:HOSE:ADS,-1.2336964722172963,-2.1900250807439865,0.8249124405214512,0.39021697424551166
2024-07-31,KBS:HOSE:AGG,-0.5177425496904202,-0.8649623672466061,-0.08698797773208641,0.730261374666386
2024-07-31,KBS:HOSE:AGR,-0.57135795943244,-0.8290009092816059,1.0602404030385435,-0.281465168325334
2024-07-31,KBS:HOSE:ANV,1.4672305987625538,0.32802621143841193,0.07835407931796554,0.8894647323954641
2024-07-31,KBS:HOSE:APG,-1.3171994964419904,-2.0666276883676575,1.0676881477963451,-0.3392942218664906
2024-07-31,KBS:HOSE:APH,-0.6553996789386809,0.72995431172704,0.7757592862303805,1.0272988169000132
2024-07-31,KBS:HOSE:ASM,-0.8340785548914391,-0.7928294086628679,0.018070199973079508,0.015802191933571123
2024-07-31,KBS:HOSE:ASP,-1.4009781870048343,-0.5103521331047685,-0.6166411060717455,0.6757914309664584
2024-07-31,KBS:HOSE:AST,-1.2753574958662772,0.050195977175463646,-0.04373384843754233,-0.20317474593337534
2024-07-31,KBS:HOSE:BCM,1.0502692508532119,1.6386889494170533,0.056122432346106366,2.280484962929538
2024-07-31,KBS:HOSE:BFC,0.847094133284021,7.340714395519586,2.1487158348335367,0.7108777261217527
2024-07-31,KBS:HOSE:BHN,-1.3763595288942265,0.13241821488410788,-1.3068333146596658,-0.20897446384186374
2024-07-31,KBS:HOSE:BIC,-0.9854773296129541,2.4752560578439784,0.20002192826925042,0.031228938075375814
2024-07-31,KBS:HOSE:BKG,-1.3722954626462494,-1.008855559531282,-0.23258601600715378,0.39613478920188816
2024-07-31,KBS:HOSE:BMI,-0.9760819212752574,0.28250605757049463,0.12997226653880467,-0.3524353690847408
2024-07-31,KBS:HOSE:BRC,-1.2568629624036831,0.5744717716669197,-0.7508418915256562,-0.6022014477872342
2024-07-31,KBS:HOSE:BTP,-1.3432016452522386,-0.9813393592258913,-0.5963691440454844,-0.5255511559737477
2024-07-31,KBS:HOSE:BVH,-0.22639772731617713,-0.30532035923528494,-0.02271855338003757,-0.3106948225692248
2024-07-31,KBS:HOSE:C32,-1.3554387957063678,0.13081071334999914,-1.7268960119124117,-0.47843096710434935
2024-07-31,KBS:HOSE:CCI,-1.3273425873666176,0.5903450554010551,0.09819631956328691,1.2491708448307048
2024-07-31,KBS:HOSE:CCL,-0.7852850373157662,1.1927932352779729,2.156626510608063,0.11645177511762972
2024-07-31,KBS:HOSE:CDC,-1.010804231901206,-0.010705942902691355,-1.828551882268886,-0.9054317856950885
2024-07-31,KBS:HOSE:CHP,-1.078440372928481,2.007117696898408,-0.8180258466757027,-1.4275224864269942
2024-07-31,KBS:HOSE:CIG,-1.357967612952699,0.38114260649631054,0.09285038830101797,2.910956639270301
2024-07-31,KBS:HOSE:CII,0.32910467288190665,-1.1195919719533138,-0.7250756959025096,0.31528291968386224
2024-07-31,KBS:HOSE:CKG,-1.0333472489752724,0.5283325357502313,0.5688082971646327,0.4081631878833958
2024-07-31,KBS:HOSE:CLC,-1.107005780277649,2.1801236539080677,-0.3910764420280548,-0.2488250061229194
2024-07-31,KBS:HOSE:CMV,-1.35205051196049,-0.08846623914004878,0.3535923118808079,0.26089661288169635
2024-07-31,KBS:HOSE:CMX,-0.8035561572532337,-0.4094039383265903,1.144658276717688,0.36596672548574766
2024-07-31,KBS:HOSE:CNG,-0.3651902739933028,2.3523091857364062,0.4778533389090653,1.2245778348775966
2024-07-31,KBS:HOSE:CRC,-1.2443978431492597,0.8400175868970239,-0.4864518684762127,0.7737152202106725
2024-07-31,KBS:HOSE:CRE,-1.4622333645237127,-2.321754684121302,-0.4463377885699942,-0.14221543579142917
2024-07-31,KBS:HOSE:CSV,1.3679186165878308,7.693437020137649,2.2193706314214032,1.234926227913033
2024-07-31,KBS:HOSE:CTD,0.6247954412388828,-0.7896268579980523,0.45340320988394417,-0.5412798474559957
2024-07-31,KBS:HOSE:CTF,-1.0198820966933495,-0.13597738046149704,-0.805965925059935,-1.1508970999267962
2024-07-31,KBS:HOSE:CTI,-1.0126241542746457,-0.26100619482335446,0.41645906009276734,-0.04534729144631825
2024-07-31,KBS:HOSE:CTR,0.7495135272901703,0.22405719510589414,2.0333051012880516,-1.4847471387785423
2024-07-31,KBS:HOSE:CTS,0.8435425054326344,-0.5175835441073812,1.854456199977436,-0.6973219169931323
2024-07-31,KBS:HOSE:CVT,-1.4757430304713548,-1.1790112329852198,-0.850168968853058,0.16467373088408171
2024-07-31,KBS:HOSE:D2D,-1.032183190224244,0.9380566345828057,0.6287101282801586,-2.4377784394024
2024-07-31,KBS:HOSE:DAH,-1.4292200443558116,-1.3564509818417443,-1.2084074293996363,-0.31222077283915844
2024-07-31,KBS:HOSE:DBC,5.299702877448223,-1.0312199269245634,1.427675117712818,-0.15029735567711724
2024-07-31,KBS:HOSE:DBD,-1.1352206609272175,0.5023203415791474,-1.5296827114228808,0.2156016687609583
2024-07-31,KBS:HOSE:DC4,-1.1824751423041042,0.7840268763413781,-0.21148021376410545,0.8260429929503903
2024-07-31,KBS:HOSE:DCL,-0.7546182395302949,-0.06209660253412602,-0.10969887423528481,-0.6032354642346134
2024-07-31,KBS:HOSE:DCM,6.02936320631459,0.9025928580971647,0.6142149195237769,0.20661500385236242
2024-07-31,KBS:HOSE:DGC,8.417236547458371,-0.6066273127576699,0.44974844510157314,-1.1180974456359398
2024-07-31,KBS:HOSE:DGW,3.254683661821704,-0.7061957799720634,0.3447657865285659,-0.03152031661555526
2024-07-31,KBS:HOSE:DHA,-1.2908953081814392,-0.8222586850871721,-0.7247526350967146,-0.1197148656920838
2024-07-31,KBS:HOSE:DHC,-1.0797546730101943,-0.14534547051517557,-0.4944074126099142,0.01908816580616417
2024-07-31,KBS:HOSE:DLG,-1.502436250789334,-2.952330743690361,0.4184651333337095,0.7967784106668897
2024-07-31,KBS:HOSE:DMC,-1.2603007223442697,1.7033114011616035,-1.5116546388716963,0.1290142067350005
2024-07-31,KBS:HOSE:DPG,0.9305877658609947,0.5784830512103927,1.8471131238824814,-0.05011116635215838
2024-07-31,KBS:HOSE:DQC,-1.4333320080637135,-1.1101451454795177,-1.2017423300897994,-0.16065326372054314
2024-07-31,KBS:HOSE:DRC,0.12998989215661733,1.5351536576684106,0.7330123978329389,-0.14142653643347608
2024-07-31,KBS:HOSE:DRH,-1.704406792232607,-4.9724061044701235,1.2294400912013095,0.8649277532543028
2024-07-31,KBS:HOSE:DSN,-1.278701324291341,0.36974464271955043,-1.6155837948275467,-1.1405643497245341
2024-07-31,KBS:HOSE:DTA,-1.560255628962141,-1.8616948107445943,-0.6370348341660805,0.7869659779023273
2024-07-31,KBS:HOSE:DTL,-1.4558736030045973,-0.602883009909722,-0.6848553579854062,0.9440774485632663
2024-07-31,KBS:HOSE:DTT,-1.2915293192555577,0.31225780240287626,-0.7035536961743002,-0.7828264878989927
2024-07-31,KBS:HOSE:DVP,-1.1740442157776771,1.2323879126786654,-0.8079612296699867,-0.9629801971876074
2024-07-31,KBS:HOSE:DXG,2.3646153652284654,-2.9299767447666314,0.298284082982132,0.3694277946382695
2024-07-31,KBS:HOSE:DXS,-1.1328756355346818,-3.121882945099729,1.039221796873498,0.22162554669455756
2024-07-31,KBS:HOSE:DXV,-1.450775650263657,-2.4836419965508036,2.642751101645526,-1.1027952669360102
2024-07-31,KBS:HOSE:EVE,-1.333093109262183,-0.290539602049521,-1.4511626444039976,-0.32302100724997534
2024-07-31,KBS:HOSE:EVG,-0.559935251064243,0.6171186434880637,2.1136269950803626,1.057941253574513
2024-07-31,KBS:HOSE:FCM,-1.4608388986769696,-1.705513930109513,-0.595592371268198,-0.030007875927230213
2024-07-31,KBS:HOSE:FCN,-1.2905856993472378,-1.7047648139959797,0.030333268894161915,-0.018699809165355352
2024-07-31,KBS:HOSE:FDC,-1.5834934092652162,-1.0796094327957475,0.8748452926025877,0.9521047518080664
2024-07-31,KBS:HOSE:FIR,-1.5573627673884745,-2.8757642814968802,0.28676708483771574,2.1294739198714314
2024-07-31,KBS:HOSE:FIT,-1.3082535269727211,-0.7041344880913548,-0.993038930403923,0.10581552655244207
2024-07-31,KBS:HOSE:FMC,-1.1730181409045584,0.6103935368545322,-0.8399606990314429,-0.6702850080344683
2024-07-31,KBS:HOSE:FPT,22.99444413433929,0.41640898659928377,-0.2832114611300584,-0.4398863352600952
2024-07-31,KBS:HOSE:FRT,1.732289079413847,2.54009815718635,0.8270457205226567,-2.7488040176470747
2024-07-31,KBS:HOSE:FTS,1.3347153505666682,-0.5363346393543876,1.7302120890997261,-1.169901116704654
2024-07-31,KBS:HOSE:GDT,-1.0708687178652823,1.738310008826252,-0.4174635322576318,0.12324184364106416
2024-07-31,KBS:HOSE:GEG,-0.190596354434651,0.7137423279667668,0.05515903495092536,0.6599666739974673
2024-07-31,KBS:HOSE:GIL,-0.7809221563196546,-0.690996616026763,1.027636042429557,0.16770211599787951
2024-07-31,KBS:HOSE:GMD,1.760939967685335,0.3041651603865397,-0.6177527638170671,-1.0544528563493565
2024-07-31,KBS:HOSE:HAG,1.6285917444690812,-0.3500794596010267,0.22901894539061146,0.2213712597758649
2024-07-31,KBS:HOSE:HAP,-1.4222188841974925,-1.3530755330136306,-1.25597045428702,-0.8391282990830088
2024-07-31,KBS:HOSE:HAR,-1.3754598864741634,-1.4181550120988853,-0.4767164819786552,0.060833878226714454
2024-07-31,KBS:HOSE:HAS,-1.2992258398786822,0.24604022588559257,0.9852446852544959,0.02186662208379969
2024-07-31,KBS:HOSE:HAX,-0.4750035762195674,0.8344759576145323,0.8364823892154162,-0.2095370314149315
2024-07-31,KBS:HOSE:HCM,2.817421998656886,-0.28180557931702643,-0.15255169072357888,-0.08137364580108063
2024-07-31,KBS:HOSE:HDC,-0.013801308209034056,-0.7275061650387342,-0.1341853744777352,0.5041430563927846
2024-07-31,KBS:HOSE:HDG,4.647243944908986,-0.033178458609035996,0.6803454265569766,0.7141057738634663
2024-07-31,KBS:HOSE:HHP,-1.1849520156167348,0.24998918248627716,-0.7456175379795994,0.6113683499859451
2024-07-31,KBS:HOSE:HHV,-0.5807664840345391,-1.5444644605606683,-0.7816048836793821,0.45616323768125516
2024-07-31,KBS:HOSE:HID,-1.461620628638005,-1.551761891300505,-0.19947394236702973,0.11977224528797384
2024-07-31,KBS:HOSE:HII,-1.2584410608659822,-0.20626756377124422,-0.0717594010740593,-0.23600193565322436
2024-07-31,KBS:HOSE:HMC,-1.3113218686761605,-0.0737112353070091,-0.7964831692279659,-0.48343995007313945
2024-07-31,KBS:HOSE:HQC,-1.125333190474964,-1.9394444672067956,-0.03471624988391988,0.1672786383404252
2024-07-31,KBS:HOSE:HRC,-1.4579719506426598,-1.0848755294322867,0.28927492000450095,0.4141995741744299
2024-07-31,KBS:HOSE:HSG,8.568588418733372,-1.3900273054774344,0.3421457897966394,-0.09833593719560282
2024-07-31,KBS:HOSE:HSL,-1.413375020658001,-1.4812890395938083,0.10252138751313447,0.890846581926999
2024-07-31,KBS:HOSE:HTI,-1.2866068723704995,0.6928747936691202,-1.7163543383855107,-0.6550620139163036
2024-07-31,KBS:HOSE:HTL,-0.9480963817635877,2.802600521609503,2.7565356860810395,-0.9486668754048411
2024-07-31,KBS:HOSE:HTN,-1.3502115186881163,-3.207449867719606,0.6210100466046726,0.8033691038784461
2024-07-31,KBS:HOSE:HTV,-1.3535179389124596,0.32840059744921574,-0.6891821437018243,0.3929386817079913
2024-07-31,KBS:HOSE:HUB,-1.180856067767646,0.37327856583556285,-0.627269228447757,-0.46113594875177094
2024-07-31,KBS:HOSE:HVN,4.171740910661358,-1.497121202664066,5.363911169483995,-1.9450779880717681
2024-07-31,KBS:HOSE:ICT,-1.2333069645111676,-0.000908969101528053,1.8014055535582159,0.597122418084234
2024-07-31,KBS:HOSE:IJC,0.4633268302729622,0.19168449189257114,0.39948898129806476,0.22794305051740535
2024-07-31,KBS:HOSE:ILB,-1.2891405158916083,0.48720044415094493,-0.5207151128784335,-1.0252152810131872
2024-07-31,KBS:HOSE:ITC,-0.9911451121185081,-0.23493560179381984,0.7264679706260339,0.760779148449494
2024-07-31,KBS:HOSE:ITD,-1.108282712959231,-0.43426726562078416,3.6129904202499543,-0.4108412768541175
2024-07-31,KBS:HOSE:JVC,-1.278535153753854,-0.16554027899858909,-0.0666927295151236,0.3838049604651007
2024-07-31,KBS:HOSE:KBC,1.4196219220428814,-1.6122768300460393,-0.2716887476279682,0.2967715217544252
2024-07-31,KBS:HOSE:KDC,3.3804319190407446,-0.06658214014047546,-1.6454360261693786,-0.04634032089400425
2024-07-31,KBS:HOSE:KDH,2.4210428196230867,-0.1270259809358767,-0.38626604473139287,-0.5236904288043946
2024-07-31,KBS:HOSE:KHG,-0.8120910858917331,-1.0029586334554845,-0.8878202565203053,0.22167678796033333
2024-07-31,KBS:HOSE:KHP,-1.2981288639053437,0.555285629438337,-0.6549032549027825,-0.22091344156051823
2024-07-31,KBS:HOSE:KMR,-1.3510948897500723,0.1872963115131046,-1.774881399452759,-0.4326461852137013
2024-07-31,KBS:HOSE:KOS,1.5029108718088244,0.2364744879427108,-2.017658298277929,-0.5627837260233725
2024-07-31,KBS:HOSE:KSB,-0.5867361524937433,-2.4509467458405623,0.24165850258557556,0.6513491360764673
2024-07-31,KBS:HOSE:LAF,-1.1304425959300977,1.8801847264247606,-0.29472566488054264,-0.4158808526446349
2024-07-31,KBS:HOSE:LBM,-0.9710325267752331,3.387640989373077,-0.5036194857991882,1.3748058086825838
2024-07-31,KBS:HOSE:LCG,-0.8458116439047979,-0.9009351351773714,-0.5842188776762515,0.5294604777774903
2024-07-31,KBS:HOSE:LDG,-1.501184413368847,-4.122709676471327,0.7879419631372513,0.32420590677877065
2024-07-31,KBS:HOSE:LHG,-0.5197617536631542,2.7772974600476563,0.5461991260081297,0.652018852173289
2024-07-31,KBS:HOSE:LIX,-0.9114126727499684,3.1868104709579352,-0.0359231127450464,-0.6508450000243363
2024-07-31,KBS:HOSE:LM8,-1.1228514526769726,3.49823338525448,-1.4758964001715305,1.3677178742130942
2024-07-31,KBS:HOSE:LPB,4.847770120968265,3.3874019082707147,1.7527626779334091,-1.479278922538912
2024-07-31,KBS:HOSE:MBB,16.51265377704592,-0.09513451576093054,-1.3098857909249133,0.8091513299286882
2024-07-31,KBS:HOSE:MCP,-1.4940054335516304,-1.2921068728244405,-0.9121728834499554,0.7195136731249613
2024-07-31,KBS:HOSE:MDG,-1.4963193257941385,-0.19606261441629383,0.023249664014562285,2.004528529793298
2024-07-31,KBS:HOSE:MHC,-1.2340291008466215,-0.4603605952813833,-0.06942475055116334,-1.0729758804618175
2024-07-31,KBS:HOSE:MIG,-0.740362702365526,-0.016292956022491284,1.2413306497065815,0.21302262062549598
2024-07-31,KBS:HOSE:MSB,2.3892773214991783,0.03448439448593241,-0.7275887905250634,0.029679295848703442
2024-07-31,KBS:HOSE:MSH,-0.9370572444309189,0.42682355493406055,0.7104523666453089,-0.8002910230392517
2024-07-31,KBS:HOSE:MWG,18.855730642692134,-0.4453163326889581,-0.6083656512816537,0.0015442150282994648
2024-07-31,KBS:HOSE:NAF,-1.1595534430414225,0.25084447400598187,-0.14381897808508146,-1.076072648358473
2024-07-31,KBS:HOSE:NAV,-1.1408841894494868,2.1262571056263866,-0.2541301410707772,-0.23219012125206515
2024-07-31,KBS:HOSE:NBB,-1.0172706664464282,0.11498446120600438,-0.1902770070865866,-1.2761616801561966
2024-07-31,KBS:HOSE:NCT,-1.2172574258505768,1.1037038613785655,-1.238244941388803,-0.7444973595603447
2024-07-31,KBS:HOSE:NHA,0.11817276208252805,3.1884091372166825,2.386923783458168,0.8997389926120971
2024-07-31,KBS:HOSE:NHT,-1.3664111834598212,0.1002807365324068,-0.8957924204661778,-0.19940334139048102
2024-07-31,KBS:HOSE:NKG,2.209766801939675,-1.0173769304571783,0.15710561196025372,-0.19880416661169822
2024-07-31,KBS:HOSE:NLG,2.095384361201181,-0.4542175768584927,-0.028164755899519077,-0.043778452854867124
2024-07-31,KBS:HOSE:NNC,-1.1390227052964248,3.075292920397162,-1.1206243814486307,1.4224302484306897
2024-07-31,KBS:HOSE:NVL,2.8174634355465296,-3.246970421204925,0.17842305512167586,0.8759314542878737
2024-07-31,KBS:HOSE:NVT,-1.442839351344593,-1.141429702347419,1.9172696184597042,0.20316843631753082
2024-07-31,KBS:HOSE:OCB,-0.2403276871831617,0.31664962635902383,-0.6076696640286902,-0.017495249789742415
2024-07-31,KBS:HOSE:OGC,-1.4868277120456417,-2.5149471478006458,-0.038276444075880274,0.6560189676260584
2024-07-31,KBS:HOSE:OPC,-1.3070728654901251,0.6439447550944185,-0.8423156208349912,-0.5117745570796962
2024-07-31,KBS:HOSE:PAC,-0.9148680280291924,1.1069994115149577,2.9714506152525817,-0.899779848473751
2024-07-31,KBS:HOSE:PAN,-0.1581516361449422,0.06253145168403013,0.1693007680038608,-0.05625826134203584
2024-07-31,KBS:HOSE:PDN,-1.316757958416861,0.3138451011528467,-0.8323815595498291,-0.383473950172416
2024-07-31,KBS:HOSE:PGC,-1.2302268891716721,1.215745050350117,-1.0205656333091815,0.19384898881214943
2024-07-31,KBS:HOSE:PGD,-1.4263620645468922,-0.8935262053416585,-0.9722964237862057,-0.03337345478596783
2024-07-31,KBS:HOSE:PGV,-1.3504729961439075,-0.34447756389898637,-0.22894256180069184,0.04085778670665286
2024-07-31,KBS:HOSE:PHR,-0.6061554301439528,-0.10256238805121838,0.08657437247737122,-0.6648695558682074
2024-07-31,KBS:HOSE:PLP,-1.2826915122676477,0.7118307234908284,-0.37606405552342975,0.43611469769708355
2024-07-31,KBS:HOSE:PLX,2.748351861020595,2.3421102371657616,-0.15717699293190568,0.8787834416412086
2024-07-31,KBS:HOSE:PNJ,2.405948634060071,0.385725980535463,-1.1323741504631466,-0.37312872939694447
2024-07-31,KBS:HOSE:PTB,-0.755938769126438,0.7801455253785,-0.2182163801028112,-1.183032383938625
2024-07-31,KBS:HOSE:PTC,-1.4247878373306313,-0.9774095836384235,-0.8930641869830808,0.14284899742264603
2024-07-31,KBS:HOSE:PTL,-1.4485814504762797,-1.8017539597586496,-0.3393564416934452,-0.3073707929452789
2024-07-31,KBS:HOSE:PVP,-0.41794881038873294,2.4544885843319495,-0.1402565328501831,0.26987074278914697
2024-07-31,KBS:HOSE:PVT,1.6316106332231324,0.5076614038364329,0.5200702603481637,-0.3031320527143594
2024-07-31,KBS:HOSE:QCG,-1.3665834703342943,-6.229643221354531,3.7833460861802917,-0.8799459121095468
2024-07-31,KBS:HOSE:RAL,-1.027600894482372,1.7185629460322922,-0.3758766858913995,-1.1425171354856527
2024-07-31,KBS:HOSE:S4A,-1.1830928924653559,1.5761271958128689,-0.04650885915663257,-1.0008341998430192
2024-07-31,KBS:HOSE:SAB,1.1273946474839245,-1.07135019845382,-0.5433194737891591,0.2839033030589486
2024-07-31,KBS:HOSE:SAM,-0.9059306395534108,0.32482105810353384,0.22625916391102183,0.8975649409335767
2024-07-31,KBS:HOSE:SAV,-0.2151972781764436,6.800455051990252,1.8067650110599163,0.8870662669159523
2024-07-31,KBS:HOSE:SBA,-1.2127886990411858,1.063960431670463,-0.6529654452355371,-1.364354011532018
2024-07-31,KBS:HOSE:SBV,-1.3382995072940436,0.42563847758087286,-0.876528438730701,-0.38076796095734206
2024-07-31,KBS:HOSE:SC5,-1.3089051301787704,-0.3837852731192559,-0.1831725009677815,0.05021687658508343
2024-07-31,KBS:HOSE:SCR,-1.1652496055573804,-1.7586661457112496,-0.47406309283399706,-0.09271030522469396
2024-07-31,KBS:HOSE:SCS,0.019378414358003408,1.1210667448648723,-0.006918298966939218,-0.8893272633308104
2024-07-31,KBS:HOSE:SFI,-1.3094413627604595,0.2734463094505331,-0.6249054168882237,-0.2425136302136419
2024-07-31,KBS:HOSE:SGR,-0.9708926013177049,1.671359511512647,1.5315415209637178,0.22936984221768933
2024-07-31,KBS:HOSE:SGT,-1.245907450798048,0.8290001482045114,0.8057031227392497,0.8903867313132888
2024-07-31,KBS:HOSE:SHA,-1.3401097084069191,0.1386817359505781,-1.4922423940186735,-0.4645740602174252
2024-07-31,KBS:HOSE:SHB,5.948934119211633,-0.738048483515635,-1.5419743471052592,0.10678228205150624
2024-07-31,KBS:HOSE:SHI,-0.8832083204794648,0.542491858272581,-1.6209588178383545,-0.8249896162865687
2024-07-31,KBS:HOSE:SHP,-1.2222625966508183,0.9394551719865122,-1.0083844721154147,-1.2793612754861508
2024-07-31,KBS:HOSE:SJD,-1.1545094425457765,0.8475529388223303,-1.228841558357138,-0.5044278903706765
2024-07-31,KBS:HOSE:SJS,-0.3015768409631982,-0.21539813765025329,-0.4194627819252791,0.2948197856578583
2024-07-31,KBS:HOSE:SMB,-1.2733828453361502,0.6080505995226814,-1.602665842093638,-1.0294360952599233
2024-07-31,KBS:HOSE:SPM,-1.4229747868380176,-0.3768666737304708,-0.6520518221903661,0.2232527681971915
2024-07-31,KBS:HOSE:SRC,-1.1018596817528847,2.7501472152003377,1.3741238042966595,0.03005720456187855
2024-07-31,KBS:HOSE:SRF,-1.2918488382350597,0.014097191359263801,-0.17446932492434425,-0.28692450302261746
2024-07-31,KBS:HOSE:SSB,1.9458796391524609,-0.2986440875163917,-1.8358059647359737,0.5841102904699232
2024-07-31,KBS:HOSE:STB,9.247121119152375,-1.021649306299941,-0.9367013051187579,0.5058825236631952
2024-07-31,KBS:HOSE:STG,-1.4747239762530229,-0.6558673565529742,-0.4570923790297128,0.07622604525798676
2024-07-31,KBS:HOSE:STK,-1.0589217131116453,-1.5837606270619455,0.9428765556066495,-0.0005357865391414815
2024-07-31,KBS:HOSE:SVC,-1.5030764497108768,-1.5336240511256132,0.6639236326552814,-0.09654623162832951
2024-07-31,KBS:HOSE:SVT,-1.2490698640063485,0.9041852418944025,-1.0570755596758163,-0.5831404000683388
2024-07-31,KBS:HOSE:TCB,7.061842513154158,0.6855316486295719,-0.6906355302316989,-0.8315273165582813
2024-07-31,KBS:HOSE:TCL,-1.2736323607060167,0.09536026934124027,-1.4354216156345585,-0.5509313336560518
2024-07-31,KBS:HOSE:TCM,4.007004728258857,1.3096910151194265,0.12712031174443617,0.04664969623865241
2024-07-31,KBS:HOSE:TCO,-0.973973087522524,3.079173884678942,0.6333575505899601,0.033517655806614324
2024-07-31,KBS:HOSE:TCR,-1.4620953357569149,-1.8452756519046751,1.1125797208800254,-0.16122106446765477
2024-07-31,KBS:HOSE:TDC,-0.8595123722824635,2.288675708429039,-0.7512755291437648,2.4195502954918657
2024-07-31,KBS:HOSE:TDG,-1.0926385681250694,2.7867755982303093,0.8245833042319092,1.3600510396694911
2024-07-31,KBS:HOSE:TDP,-1.1461419447998298,1.2439656799360461,-0.5754521848369649,-0.35736006027435013
2024-07-31,KBS:HOSE:TDW,-1.1763227263270442,3.4808706273989283,-0.7951271093608703,1.636280414613375
2024-07-31,KBS:HOSE:TEG,-1.2353611426820323,-0.15149566396056016,-0.2216123371373065,0.1555925864021123
2024-07-31,KBS:HOSE:THG,-1.1346564373142312,1.654763502161504,-0.7774184580753435,-0.7388846538809866
2024-07-31,KBS:HOSE:TIP,-0.5728333048089002,0.025921319363169732,0.4819660180020979,0.4297378989098159
2024-07-31,KBS:HOSE:TLG,-0.8897228929256803,0.45762805599241874,-0.8174534371827828,-0.34200137028530997
2024-07-31,KBS:HOSE:TLH,-0.8275623188396373,-1.8188085274424484,0.3588139537653064,0.13808071490500917
2024-07-31,KBS:HOSE:TMS,-1.2967780287709163,0.25487800877512606,-0.3605293949454343,-0.547126419078669
2024-07-31,KBS:HOSE:TMT,-1.6153626232936085,-3.46141772972799,1.0451098562552241,0.9870488016813032
2024-07-31,KBS:HOSE:TN1,-1.3066199298450965,-0.541382961794853,-1.0727943599967198,0.1938792909098913
2024-07-31,KBS:HOSE:TNC,-1.710811316056062,-2.994082524270405,1.0740330459778078,1.4330611303862792
2024-07-31,KBS:HOSE:TNH,0.6159658379266512,-0.08809756809440149,1.022740599753496,0.4031707710904135
2024-07-31,KBS:HOSE:TNI,-1.4082026467817241,-0.692566978810453,-0.38879369558451415,0.3967348676676309
2024-07-31,KBS:HOSE:TNT,-1.4072632190135996,-1.6162151640421087,-0.06471797609593029,-0.2494922371940705
2024-07-31,KBS:HOSE:TPB,5.009804050387239,-0.13180343728986732,-1.0218374289454357,0.6776698256623533
2024-07-31,KBS:HOSE:TRA,-1.408891427446022,-0.07342951312289332,-1.27979323029769,-0.43657062515357425
2024-07-31,KBS:HOSE:TRC,-1.1970211633519943,0.23874788828093468,0.01897434030806464,-1.4949462545236485
2024-07-31,KBS:HOSE:TTE,-1.3380099032558646,0.1683816450198389,1.6363099141124904,-0.005549159229452395
2024-07-31,KBS:HOSE:TV2,-0.4530246264319147,-3.0800064700744505,2.5955124681785775,-0.41675532994906106
2024-07-31,KBS:HOSE:TVB,-1.051482894533143,0.3197869568122713,0.8035734487436678,-0.9106840743713307
2024-07-31,KBS:HOSE:TVS,-0.7447365894748404,-1.2582215431474189,1.3143320318806988,0.004918332896842401
2024-07-31,KBS:HOSE:UIC,-1.3212280876955202,0.6484864058152541,-1.0775136960683973,-0.3893624652968929
2024-07-31,KBS:HOSE:VCA,-1.3470617691718199,-0.07634305994251982,-0.4869952800944639,-0.3986057427999233
2024-07-31,KBS:HOSE:VCG,-0.04684218062648541,-1.4520514947843486,-0.9484208929715531,0.34457483232740255
2024-07-31,KBS:HOSE:VDS,0.3274980980271013,1.3601981554762554,2.0792365155850043,-0.0808672912363787
2024-07-31,KBS:HOSE:VFG,-0.7453366869528641,2.4189542603901613,1.8462961323399196,-2.7270187748729313
2024-07-31,KBS:HOSE:VGC,-0.7884288114278075,-1.7832748970289563,0.19184325445668268,-0.6534091988311054
2024-07-31,KBS:HOSE:VHM,6.5569111949488095,-2.0456161309869723,-1.7755893181719846,0.410509972432393
2024-07-31,KBS:HOSE:VIP,-0.5922385663549607,1.5132342572243849,1.3818376528589613,1.456551934608536
2024-07-31,KBS:HOSE:VIX,6.594265464121573,-3.262023458966354,1.026876753659871,0.3907983263098964
2024-07-31,KBS:HOSE:VJC,1.8492884762235131,0.21315389723532316,-1.1114032726431575,0.2997120838724097
2024-07-31,KBS:HOSE:VND,3.39922959240935,-1.8304125452052629,-0.5607342505449553,0.5522774615293822
2024-07-31,KBS:HOSE:VNG,-1.3538317512509308,0.15279502610199955,0.10574193421897211,0.48889328547176275
2024-07-31,KBS:HOSE:VOS,1.9216813322220314,1.8284446405848902,2.912670707938131,0.8992965612216594
2024-07-31,KBS:HOSE:VPB,10.326793635561524,-0.6201926790931312,-1.3194934180743114,0.5263536490331829
2024-07-31,KBS:HOSE:VPS,-1.3145287360468212,0.8623711921585607,-0.6433198851366115,0.7812658061514832
2024-07-31,KBS:HOSE:VSH,-1.2331305314695673,0.9803641884664177,-0.9278511071747673,-0.3982555554182476
2024-07-31,KBS:HOSE:VSI,-1.2848757799711301,0.47676694128188885,-0.5271957346571333,-1.0607158701782562
2024-07-31,KBS:HOSE:VTO,-0.11241226062714331,4.169749325999019,1.0915389363499453,1.4126510324609798
2024-07-31,KBS:UPCOM:GMC,-1.3811549608374294,-0.05809154570681769,-1.0356743280645269,-0.46094311617564493
2024-07-31,KBS:UPCOM:HBC,-1.2170588124671977,-3.8219522694618733,0.6874030779103282,-0.10435491744714699
2024-07-31,KBS:UPCOM:HNG,-0.7740962756893979,-2.271082212431705,1.2993898966301545,-0.2846975296038003
2024-08-30,KBS:HNX:CST,-5.287418520417575,1.121120183067881,-0.6848339628255949,-0.6078372604770431
2024-08-30,KBS:HNX:MIC,-5.688667835347885,0.293331499693792,-1.539902851646512,2.3220850167409623
2024-08-30,KBS:HNX:PTX,-5.950262150205222,188.78480332342497,-1.9751879219630737,-0.4671282002421858
2024-08-30,KBS:HOSE:AAM,-5.725269895500867,-2.2972809496463147,-0.7414565430334927,-0.4333013330178912
2024-08-30,KBS:HOSE:AAT,-5.441138004004654,-1.6823439639093671,2.3597483918000055,0.44004395593386053
2024-08-30,KBS:HOSE:ABR,-5.722345049891372,-0.9262466753241111,-0.3651888793723206,-0.5308634217529737
2024-08-30,KBS:HOSE:ABS,-5.384206316690923,-2.5524187347289358,-0.5270189385996681,-0.46797184211767545
2024-08-30,KBS:HOSE:ABT,-5.65772231851488,0.7317667806623663,0.7232973099571102,-1.0213590483700317
2024-08-30,KBS:HOSE:ACC,-5.435597012633906,-0.2718668035016898,0.7943895668983686,-0.5891074092806545
2024-08-30,KBS:HOSE:ACG,-5.445247865461017,-0.6837881412881708,-0.1380998507822608,-0.5332940838362695
2024-08-30,KBS:HOSE:ACL,-5.651429465786777,-1.2866526142275103,-0.013319771743770357,-0.9957647590679741
2024-08-30,KBS:HOSE:ADP,-5.465307189329784,1.7427752753794,-2.518435532367164,-0.6509419150048634
2024-08-30,KBS:HOSE:ADS,-4.777734786190597,-1.8528792613059801,1.094392970304251,0.12390543315015622
2024-08-30,KBS:HOSE:AFX,-5.033389919516082,-1.624867602641308,0.3385744961877371,-0.6500863491671305
2024-08-30,KBS:HOSE:AGG,0.2450961149032228,-1.8188517011115113,0.08872422453416169,-0.21668222434593376
2024-08-30,KBS:HOSE:AGR,1.5458988213121416,-0.6523474589792958,1.7350564888648536,0.1549187934938517
2024-08-30,KBS:HOSE:ANT,-5.60697412264514,3.361278876902765,0.07549984093147888,-0.5747627201386429
2024-08-30,KBS:HOSE:ANV,4.11708398504832,-1.08299276727409,0.20727796119847236,-0.3917056896365307
2024-08-30,KBS:HOSE:APG,-4.458296430356069,-1.5215118892257264,0.8574369244492124,0.22756710604558955
2024-08-30,KBS:HOSE:APH,0.40345231319055047,-2.5521108134515593,-2.3368051793166837,0.016993510653658134
2024-08-30,KBS:HOSE:ASM,-2.469601329482082,-1.46571864863142,0.3376460778302244,-0.26241991599184733
2024-08-30,KBS:HOSE:ASP,-5.68471717606224,-1.9728845428706279,-0.6852265081517,-0.9197558777776206
2024-08-30,KBS:HOSE:AST,-5.525407088615038,-0.8749015548631112,-0.26909883715451705,-0.8406365001515154
2024-08-30,KBS:HOSE:BCE,-5.57006882683004,-0.9730068475391659,0.44161733975747675,-1.1920092363642758
2024-08-30,KBS:HOSE:BCM,14.704544773120464,0.29007283006990886,0.5712230574751588,-0.07507775634432892
2024-08-30,KBS:HOSE:BFC,8.264370508521568,3.3537883900917342,-0.7790646954216882,-0.45952693106347914
2024-08-30,KBS:HOSE:BHN,-5.693720317951361,-0.36952875977290855,0.7090695542422075,-1.1320995056145173
2024-08-30,KBS:HOSE:BIC,-5.075498573866281,0.2894944023480192,-0.8405421555321819,-1.0531764441389302
2024-08-30,KBS:HOSE:BKG,-5.472945939182998,-1.816885293417978,-0.4386338605434347,-0.4102055096990564
2024-08-30,KBS:HOSE:BMI,-4.522516639873348,-0.8066996647697137,0.4048145191047142,-0.717986868013235
2024-08-30,KBS:HOSE:BRC,-5.595697590781647,-0.7224686101360399,-0.09614061263711728,-1.0730334541820532
2024-08-30,KBS:HOSE:BSR,67.84163627856441,0.3410201142820538,0.0944020676400147,-0.3444228157871976
2024-08-30,KBS:HOSE:BTP,-5.655212757504407,-1.4311907599750056,-0.0037035260540602853,-0.6784345606734644
2024-08-30,KBS:HOSE:BVH,3.68616890355022,-0.4191458432201978,0.7984334215801914,-0.8292069414957651
2024-08-30,KBS:HOSE:C32,-5.640942944712129,-0.9107976929245569,0.1954600912100161,-1.3852291303120727
2024-08-30,KBS:HOSE:CCI,-5.698590734967303,-1.2304170759566686,-0.4919724861763149,-0.40217433407150094
2024-08-30,KBS:HOSE:CCL,-3.9333656843688876,-1.01244715054591,0.18083987495171633,0.09564823498527644
2024-08-30,KBS:HOSE:CDC,-1.9159281005706856,-1.3054389191239566,-0.38557313026539936,-1.5311355810189748
2024-08-30,KBS:HOSE:CHP,-5.435516621112489,0.3998812954467715,0.13001660446846458,-1.7055426566932332
2024-08-30,KBS:HOSE:CIG,-5.561243586641841,-1.19055794725352,-0.0400437787561872,-0.07319841505701082
2024-08-30,KBS:HOSE:CII,12.565754208216175,-1.5518293836709216,0.7506500307067229,-0.055201520225281644
2024-08-30,KBS:HOSE:CKG,-3.81250998757825,-0.24634006576044734,0.3623832582634833,-0.5182676452537842
2024-08-30,KBS:HOSE:CLC,-5.63989345361602,-0.08241201905941826,-0.8884372796235092,-1.3276274444988667
2024-08-30,KBS:HOSE:CLW,-5.745016500259917,2.372293053062739,-1.1996721833654247,-0.10863721704016199
2024-08-30,KBS:HOSE:CMV,-5.718846408802352,-0.9024959036404354,0.10121113946877103,-0.37175078837604003
2024-08-30,KBS:HOSE:CMX,-4.32490176718973,-1.1845209794119453,0.06949648129168237,0.19296881841076102
2024-08-30,KBS:HOSE:CNG,-1.623101589734188,0.37915924344537466,-0.2341233493145885,-0.4075603060999183
2024-08-30,KBS:HOSE:COM,-5.7233328505168,-1.3197040688904123,0.3567039215021076,0.27939766743381483
2024-08-30,KBS:HOSE:CRC,-5.349413212806013,-0.9261251754140007,-0.8853442163486547,-0.8174935250170636
2024-08-30,KBS:HOSE:CRE,-5.105908066660579,-1.8156601423591998,0.59016785879612,-0.353812196857027
2024-08-30,KBS:HOSE:CSV,25.03032971875372,4.4934233469005145,-0.15608582778573668,-0.045799613746814107
2024-08-30,KBS:HOSE:CTD,7.380392840743621,-0.9215745189029231,-0.18511652790510372,-0.5797247991377685
2024-08-30,KBS:HOSE:CTF,-3.9483574017528675,-0.6919217140349575,-0.35071650245620145,-1.1150284980194611
2024-08-30,KBS:HOSE:CTI,-4.107992839833732,-1.1484888249546628,-0.22347243369869932,-0.7007240970763169
2024-08-30,KBS:HOSE:CTR,8.101084712683733,0.4722024701808205,0.20158273773655325,-0.019922680999619462
2024-08-30,KBS:HOSE:CTS,18.62465536359388,0.26033976478434473,2.237056976339885,0.35805081311056863
2024-08-30,KBS:HOSE:CVT,-5.70036670561216,-1.2727382691945144,0.4637498282858821,-0.5049447936377929
2024-08-30,KBS:HOSE:D2D,-5.287331647966403,-0.4687291850040303,-0.28325146259913114,-0.890818788768289
2024-08-30,KBS:HOSE:DAH,-5.624738339844149,-2.2359673130290747,-0.6040658149713904,-0.7027682148308145
2024-08-30,KBS:HOSE:DBC,51.190457842907435,-0.026907565417226578,0.47612174118432116,0.116536640150232
2024-08-30,KBS:HOSE:DBD,-3.7079980187399424,-0.9619824851826774,-0.12369209975504987,-1.058358048034228
2024-08-30,KBS:HOSE:DC4,-4.12668622617507,-0.3773084913713657,0.34507130590923485,-0.39804118473054967
2024-08-30,KBS:HOSE:DCL,-2.585523196217884,-0.9380753282054243,-0.36119075427514025,-0.7107041345743838
2024-08-30,KBS:HOSE:DCM,43.76671134458715,0.17104433049816228,0.1505442906299371,-0.2560541357975779
2024-08-30,KBS:HOSE:DGC,69.80215477550973,-0.35112952491621374,0.24015626395578688,0.0805440803777894
2024-08-30,KBS:HOSE:DGW,22.131474486046645,-0.3733640644481012,1.2433643480195697,-0.10886729382741962
2024-08-30,KBS:HOSE:DHA,-5.2930073471155445,-1.2935561095545516,0.32490165095560763,-0.9320428148432323
2024-08-30,KBS:HOSE:DHC,-3.8308439933028797,-1.1797865220965784,-0.04558821287867956,-0.9213901821687739
2024-08-30,KBS:HOSE:DLG,-4.883239609285706,-1.7348780798794852,1.45113678395074,0.49073106938594807
2024-08-30,KBS:HOSE:DMC,-5.698203308648042,0.34482407049006336,0.4685803663707936,-1.1023481651371412
2024-08-30,KBS:HOSE:DPG,7.2465727451078745,0.281606080593694,0.9769812041359586,0.09360318264377018
2024-08-30,KBS:HOSE:DQC,-5.637367838731636,-1.7424311848999081,0.16186634705703346,-0.9887749316058678
2024-08-30,KBS:HOSE:DRC,-0.6899123545807743,0.015435982939324291,0.04304381275118156,-0.6301101854123277
2024-08-30,KBS:HOSE:DRH,-5.418892599673817,-3.787044038942642,-0.38386452228767115,0.9677167623850391
2024-08-30,KBS:HOSE:DSC,-4.683918606884262,-0.6604060890709429,0.6548141775367828,-0.10877945739068873
2024-08-30,KBS:HOSE:DSN,-5.45211763273676,-0.5338819801030774,0.0734005201793447,-1.5980108174233714
2024-08-30,KBS:HOSE:DTA,-5.705225435295965,-2.188425942679843,0.2494459865120823,-0.3388224290081258
2024-08-30,KBS:HOSE:DTL,-5.721306190284824,-1.6315215805038152,-0.2198665718382683,-0.449887657829145
2024-08-30,KBS:HOSE:DTT,-5.497817278375478,-0.30796985641811236,0.1549717607472343,-0.4242346702625392
2024-08-30,KBS:HOSE:DVP,-5.584710403561871,0.14608242925442563,0.018030891781119246,-1.4175321365197617
2024-08-30,KBS:HOSE:DXG,54.67262669820186,-1.1557871606999748,2.0547399562785302,1.1913881905788364
2024-08-30,KBS:HOSE:DXS,-3.4250870496638584,-2.1970593177576556,0.8409937267943592,0.5818472459941517
2024-08-30,KBS:HOSE:DXV,-5.72020328020853,-2.365217096402572,-2.828056069830163,0.9613189645619006
2024-08-30,KBS:HOSE:EVE,-5.4638515507038345,-1.6765772856366177,-0.6753437615253882,-0.9335227847000513
2024-08-30,KBS:HOSE:EVG,-1.721570634138875,0.4608875352789154,1.3210424439739166,0.3549289868284738
2024-08-30,KBS:HOSE:FCM,-5.688059115973096,-2.611260376582506,-0.7962998705095872,-0.18786774324533803
2024-08-30,KBS:HOSE:FCN,-4.038196495871957,-1.754110650674559,0.2588449994124864,-0.0046330298019819065
2024-08-30,KBS:HOSE:FDC,-5.7304159510051536,-0.8224682970200833,0.27847725133944984,0.3347974325133593
2024-08-30,KBS:HOSE:FIR,-4.791260311008293,-2.8583617969008697,0.0235913411620849,0.21378819213648048
2024-08-30,KBS:HOSE:FIT,-5.080912013349637,-1.7570930239479778,0.04363132110143243,-0.9213850772351578
2024-08-30,KBS:HOSE:FMC,-5.413042815654927,-0.7654562515018202,0.02745363076093126,-1.3029556670264113
2024-08-30,KBS:HOSE:FPT,195.04599229942565,1.794281158009659,-1.1889465509239383,0.35419534625535093
2024-08-30,KBS:HOSE:FRT,34.54140393948939,1.7427539591675512,0.2823329081436049,-0.9778132670464753
2024-08-30,KBS:HOSE:FTS,43.64932616983886,0.798746671490977,2.7571494147520488,0.4817844475939804
2024-08-30,KBS:HOSE:GDT,-5.35299400417478,-0.31656608598060487,-0.2102868899364171,-0.8314726273347526
2024-08-30,KBS:HOSE:GEG,-1.0018732093311742,-1.271945403617931,-1.1875437208354958,-0.20363159255503552
2024-08-30,KBS:HOSE:GHC,-5.556781040967652,-0.38875369625637596,0.10802390821310642,-1.579374377893959
2024-08-30,KBS:HOSE:GIL,-3.448962873375302,-1.42001654703611,0.364535802248302,-0.06859890440830839
2024-08-30,KBS:HOSE:GMD,18.447791093963925,-0.2334149755379103,0.09923161187126077,-0.9579134484286304
2024-08-30,KBS:HOSE:GTA,-5.706541806501459,-1.5967704463214611,0.061597360605749406,-0.3016413778919155
2024-08-30,KBS:HOSE:HAG,26.25212001195405,-1.8406974713667978,-1.4440505753344772,0.009192005640419689
2024-08-30,KBS:HOSE:HAP,-5.57780419818583,-1.3679940107727748,0.6162091737696893,-0.6196280736639771
2024-08-30,KBS:HOSE:HAR,-5.433898262552848,-1.471344678950408,0.959842835356346,-0.0925297101320446
2024-08-30,KBS:HOSE:HAS,-5.712351064649165,-0.17840371753713918,-0.015540915618385573,-0.3491438590704518
2024-08-30,KBS:HOSE:HAX,0.6500037457599663,0.7382167449940156,0.9518424045509836,-0.47499845423234044
2024-08-30,KBS:HOSE:HCM,84.02037716700033,0.6117445925970194,1.7734924553072595,0.290793930029979
2024-08-30,KBS:HOSE:HDC,6.206358358860554,-1.1192045673652895,0.5480299788930527,-0.3354342743704824
2024-08-30,KBS:HOSE:HDG,36.5862934052619,-0.432567748964568,0.32523885157261273,0.06206064768706923
2024-08-30,KBS:HOSE:HHP,-4.911461816053226,-0.8627093137420342,0.415952720988874,-0.6422946985328577
2024-08-30,KBS:HOSE:HHV,12.490920460029377,-1.3723520890780816,1.0287668115062143,0.13965403863868664
2024-08-30,KBS:HOSE:HID,-5.658151258759328,-1.7351031548670293,0.23482933549385504,-0.19359413582753204
2024-08-30,KBS:HOSE:HII,-5.514498504828276,-2.139806210530601,-0.6866684729703844,-0.525122965541593
2024-08-30,KBS:HOSE:HMC,-5.666282734080512,-0.8433434010359864,-0.06572521604166379,-0.9176018438706662
2024-08-30,KBS:HOSE:HQC,-1.5440199433871868,-1.7695474611575805,0.6563882193733289,-0.17434164998193716
2024-08-30,KBS:HOSE:HRC,-5.7359432858857815,-2.058166218889578,-1.290701339603356,0.09539878146720725
2024-08-30,KBS:HOSE:HSG,66.63026821547788,-0.9824663916962904,-0.6001961039936824,0.050070467800172616
2024-08-30,KBS:HOSE:HSL,-5.5882544478865,-1.9637841252371235,0.11061003280024088,-0.6227931451702498
2024-08-30,KBS:HOSE:HTI,-5.669059579749035,-0.6488708078028895,0.08857120820785999,-1.6810503598298931
2024-08-30,KBS:HOSE:HTL,-5.700751299459925,1.7512879039598017,-0.22470325337139485,-0.2752417618971796
2024-08-30,KBS:HOSE:HTN,-4.226190788200444,-2.9191515006117457,0.12917417032104112,0.7604689837054104
2024-08-30,KBS:HOSE:HTV,-5.712753423221216,-0.1919498227891028,0.2896812021330001,-0.8345765934930486
2024-08-30,KBS:HOSE:HUB,-5.572036077529619,-0.7744483806433572,0.06524437639691397,-1.1656866127955126
2024-08-30,KBS:HOSE:HVN,25.05228809807001,1.1721376031220045,-0.08330961429708497,1.37436584213434
2024-08-30,KBS:HOSE:ICT,-5.565179233597433,-0.9557998026322128,-0.402937466548268,0.2428966468835925
2024-08-30,KBS:HOSE:IJC,5.678487325949025,-1.226830307789728,0.21584684120789052,-0.43301948552098785
2024-08-30,KBS:HOSE:ILB,-5.572390725459061,0.4412316936372884,0.7943941745100077,-1.19907829903553
2024-08-30,KBS:HOSE:ITC,-3.992990744234771,-0.6275916283583143,0.5242789939982458,-0.12376109055576827
2024-08-30,KBS:HOSE:ITD,-5.403720243213107,-0.8310274914904685,-1.5567057776563127,0.5479063862118677
2024-08-30,KBS:HOSE:JVC,-5.445355434726271,-1.418722527567069,0.18937499105861785,-0.5176626508480054
2024-08-30,KBS:HOSE:KBC,18.03692463767699,-1.6717366053343512,0.30209900305474613,0.05805591149340337
2024-08-30,KBS:HOSE:KDC,30.78228483694669,-1.1788091248879757,-0.819275372945201,-1.029229569145184
2024-08-30,KBS:HOSE:KDH,20.424585663565946,-0.1395574009332563,0.8731050365955432,-0.7645439637207285
2024-08-30,KBS:HOSE:KHG,-0.31079414458344023,-1.5295106544034704,0.6238624183347622,-0.4862051613755424
2024-08-30,KBS:HOSE:KHP,-5.5536661142338675,-0.4783020119987771,-0.05339621000883962,-0.9990548607304361
2024-08-30,KBS:HOSE:KLB,-5.202362595391925,-0.12325154744526293,1.2324223604906681,-0.8395670686449671
2024-08-30,KBS:HOSE:KMR,-5.695192115793536,-1.0387889972568112,-0.016168181486626257,-1.4443294986423596
2024-08-30,KBS:HOSE:KOS,22.162975870413714,-0.5686893598414012,0.06338056316001948,-1.4234396655114794
2024-08-30,KBS:HOSE:KSB,2.197835362166115,-2.1793089827223024,1.2632176658191216,0.40444073484086185
2024-08-30,KBS:HOSE:LAF,-5.536019188171106,0.8384514542262133,0.9056976570701254,-1.0864495990821135
2024-08-30,KBS:HOSE:LBM,-5.478792125239893,1.6483201993817158,0.3473834642696493,-0.22897990647108085
2024-08-30,KBS:HOSE:LCG,4.13155504921402,-1.4513366007971276,0.5387797170420149,-0.21754108547550927
2024-08-30,KBS:HOSE:LDG,-3.241556409600205,-3.356866223860791,-0.32087813749225647,0.9240057153021602
2024-08-30,KBS:HOSE:LGL,-5.6866705781965505,-2.673387281553458,-0.16800473082078518,-0.18121194082755662
2024-08-30,KBS:HOSE:LHG,-3.5209586425287376,0.5264179374699304,0.09410829279709641,-0.6003840679731866
2024-08-30,KBS:HOSE:LIX,-5.2498069440245905,0.35455408923240844,-0.5991176058379024,-1.1017664805019651
2024-08-30,KBS:HOSE:LM8,-5.729165999928135,0.5726063423948837,-0.6416855227033207,-0.8310268648662695
2024-08-30,KBS:HOSE:LPB,26.787883137682627,3.251075727583857,0.214231395893926,-0.6184033281474192
2024-08-30,KBS:HOSE:LSS,-3.7922455437924483,-0.8002007532623782,0.011740108601886737,-0.27573574084267816
2024-08-30,KBS:HOSE:MBB,117.08500424518212,0.4812909116258052,-0.348467592298303,-0.2107714924788792
2024-08-30,KBS:HOSE:MCH,-0.2535437056577822,3.5048626793465036,-0.07531559142128304,-1.17251947030636
2024-08-30,KBS:HOSE:MCP,-5.312025906709712,-1.5199654143597583,0.14585123585405282,-0.18369368601982142
2024-08-30,KBS:HOSE:MDG,-5.726727318195651,-1.2383569957742773,-0.1873107010955275,-0.07902810047957846
2024-08-30,KBS:HOSE:MHC,-5.652583684598466,-1.9924700592636695,-0.21098868171278573,-0.4749121811326064
2024-08-30,KBS:HOSE:MIG,-3.6958982153983184,-0.7477413403886627,0.12195435461469588,0.05985198879612946
2024-08-30,KBS:HOSE:MSB,50.04245138164501,-0.4702103104652467,0.1520206112449152,-0.5425768567487926
2024-08-30,KBS:HOSE:MSH,-2.655641419211616,0.3689739432564136,1.381977398727057,-0.5644202076917544
2024-08-30,KBS:HOSE:MWG,209.83872474171437,1.727388639455923,-0.7669785309574783,0.31158880611784867
2024-08-30,KBS:HOSE:NAF,-4.110530542097784,0.8227219373626591,1.2362099944301093,-0.9766614242000595
2024-08-30,KBS:HOSE:NAV,-5.713137360982907,0.39440710076219,-0.14004328830721638,-1.1970984210859033
2024-08-30,KBS:HOSE:NBB,-4.035403368910464,-1.0121966243526686,-0.3624181791072708,-0.7942121726859965
2024-08-30,KBS:HOSE:NCT,-5.316967994555814,0.4968659336935704,0.7907862762425991,-1.4241101548852748
2024-08-30,KBS:HOSE:NHA,2.975583263109768,0.2470412796941931,-1.082007981772456,0.26380248088654756
2024-08-30,KBS:HOSE:NHT,-5.684655021811476,-0.376072619455727,1.1529890271717986,-0.31988713362686255
2024-08-30,KBS:HOSE:NKG,28.671769216873656,-1.1105502888534338,0.16260426550595852,-0.04029367734105891
2024-08-30,KBS:HOSE:NLG,14.391150994281046,-0.6801203788967655,0.45040150495841896,-0.4832887021322248
2024-08-30,KBS:HOSE:NNC,-5.5702690979155225,1.5867360241809245,0.3212074795241955,-1.1077663531747497
2024-08-30,KBS:HOSE:NTC,-5.269694752753577,-1.0762967725076433,-0.09036091725306158,-0.7849795140378867
2024-08-30,KBS:HOSE:NVL,55.886912107507364,-1.7343440751015047,1.5015617982534744,0.9935545081783858
2024-08-30,KBS:HOSE:NVT,-5.717564444931186,-0.48659162211805923,0.15250020352160942,0.6903713881050332
2024-08-30,KBS:HOSE:OCB,4.816494975518648,-0.8699518128600165,-0.06902105306275352,-1.1305461647315849
2024-08-30,KBS:HOSE:OGC,-5.327646885595594,-2.8788620165890717,-0.7225365737405074,-0.08925665381330367
2024-08-30,KBS:HOSE:OPC,-5.611503400258417,-0.3506514226019908,0.13131582921235124,-1.1437579425885247
2024-08-30,KBS:HOSE:PAC,-4.870994455074721,0.4600878801618725,0.49050118836911927,-0.02233629418807074
2024-08-30,KBS:HOSE:PAN,0.11586841776258662,-0.6243816841532708,0.5272172630797217,-0.5784284216935767
2024-08-30,KBS:HOSE:PDN,-5.683347636484615,-0.6837836776108964,-0.16005771306531466,-1.1398535913003685
2024-08-30,KBS:HOSE:PDV,-5.2808976447618825,2.7764886199558805,1.6400269205110445,-0.29346914666801543
2024-08-30,KBS:HOSE:PGC,-5.451671727504586,-0.7067186478307218,-0.051183695468615974,-1.1960953899461346
2024-08-30,KBS:HOSE:PGD,-5.59679843501322,-1.2418118917757686,0.17983390853103987,-0.754770877604114
2024-08-30,KBS:HOSE:PGV,-5.576161808970587,-1.2981321261271428,-0.42925940183531514,-0.7485666395845183
2024-08-30,KBS:HOSE:PHR,-2.1561201683973454,-0.26335624975276434,1.2461631011081389,-0.6456848973851309
2024-08-30,KBS:HOSE:PIT,-5.712976549673568,-1.2884142460400787,-0.2518372238604685,-0.44378448111469043
2024-08-30,KBS:HOSE:PLP,-5.663369910684545,-1.0918833363588805,-0.13056128333300082,-0.9541963314585604
2024-08-30,KBS:HOSE:PLX,28.1665932922381,1.341218975409812,0.44411893574753863,-0.6331400069061484
2024-08-30,KBS:HOSE:PNJ,63.36317883084628,0.2349046787037596,-0.04418077799148193,-0.6449441418057257
2024-08-30,KBS:HOSE:PTB,-3.430495383699666,-0.4838229396332344,0.23795536556167518,-0.641934752069826
2024-08-30,KBS:HOSE:PTC,-5.685956210857209,-1.365610391152714,0.14521642658333744,-0.39703061287169195
2024-08-30,KBS:HOSE:PTL,-5.6645346917548745,-1.9895205074043805,-0.025713131281959702,-0.19312468102358124
2024-08-30,KBS:HOSE:PVP,0.0405453837864935,1.672031712865694,1.7267622032823058,-0.4253812740279252
2024-08-30,KBS:HOSE:PVT,12.77236527316949,0.10571262684929782,0.2566118992192798,-0.5642499195212843
2024-08-30,KBS:HOSE:QCG,-3.671927643908074,-3.9919134949684887,-1.2994859567318457,1.9967773903092785
2024-08-30,KBS:HOSE:RAL,-4.913779280166092,0.56689307545183,-0.19564487811860948,-1.3833444493281222
2024-08-30,KBS:HOSE:S4A,-5.717413411493441,-1.039485630926799,-2.056740338135691,-1.0604031182181042
2024-08-30,KBS:HOSE:SAB,12.515727121149364,-0.9155800294969834,0.4752694420389644,-0.412063649024689
2024-08-30,KBS:HOSE:SAM,-4.103234632437447,-1.2502629273049595,-0.02639916945733007,-0.525145719566459
2024-08-30,KBS:HOSE:SAV,-4.782048834325396,3.206301509836627,0.15887728050565975,-0.4222008425731527
2024-08-30,KBS:HOSE:SBA,-5.547946841203701,-0.27524380779940855,-0.304130783629857,-1.3728092768945424
2024-08-30,KBS:HOSE:SBV,-5.711785122052251,-0.8398279234833574,-0.26503542203623803,-1.1371936108841216
2024-08-30,KBS:HOSE:SC5,-5.721075628833176,-1.6480328766201535,-0.3768919029550677,-0.2888856485485712
2024-08-30,KBS:HOSE:SCR,-2.030216072840125,-2.161727022420023,-0.12300284035898097,-0.29030121200298925
2024-08-30,KBS:HOSE:SCS,-2.718082578108479,-0.2567812156792842,0.03473686293532287,-1.0211452411964679
2024-08-30,KBS:HOSE:SFI,-5.6819578658994985,-0.5874011650287083,0.3572161351796759,-0.8875170322415541
2024-08-30,KBS:HOSE:SGR,-2.275593060987636,5.533765538674228,6.429951484737147,0.76397733582532
2024-08-30,KBS:HOSE:SGT,-5.169675763346717,-0.45201766455283,0.04153839019650733,-0.2787246351109974
2024-08-30,KBS:HOSE:SHA,-5.70428161062139,-1.0208435816749062,0.06762897297093858,-1.1166829719029019
2024-08-30,KBS:HOSE:SHB,64.83751455471912,-1.087874813051604,-0.8928204760228694,-0.8655383407348181
2024-08-30,KBS:HOSE:SHI,-1.9297625795800086,-0.738985357347978,-0.023730111798356948,-1.673374048451354
2024-08-30,KBS:HOSE:SHP,-5.130336328506403,-0.1823450433222234,0.05925449911179635,-1.6159586147486986
2024-08-30,KBS:HOSE:SJD,-5.085775696824202,-0.4959388473325348,0.1258113408139886,-1.2917113456304858
2024-08-30,KBS:HOSE:SJS,-0.4450256315871276,-0.17964639255120568,1.3719726076525154,-0.26505343549380983
2024-08-30,KBS:HOSE:SMB,-5.1153472632814605,-0.4210107036024685,0.07055509406492814,-1.6352444261159624
2024-08-30,KBS:HOSE:SMC,-0.6468985929466257,-1.5292367309610437,-0.8960655986763503,1.180373204458238
2024-08-30,KBS:HOSE:SPM,-5.711143863105265,-0.7662174474016734,0.39083609295386185,-0.6131350259251772
2024-08-30,KBS:HOSE:SRC,-5.720727735750617,0.047464829030383106,-1.1990664527266555,0.06568791941003234
2024-08-30,KBS:HOSE:SRF,-5.594058121848329,-0.1279632141250932,0.784936800703344,-0.7988619214110596
2024-08-30,KBS:HOSE:SSB,33.71792386242423,-0.9979109453362505,-0.3327677414245527,-0.7464058378461076
2024-08-30,KBS:HOSE:SSC,-5.72883161769616,0.3398596963273413,-0.679078373673405,-1.0846447008175484
2024-08-30,KBS:HOSE:STB,80.42521422958863,-0.5129475011000706,0.433973935368739,-0.22569384568172873
2024-08-30,KBS:HOSE:STG,-5.725206650589174,-1.1890072973139862,-0.25180854212306075,-0.32801509974494597
2024-08-30,KBS:HOSE:STK,-4.20939115210571,-1.4701567861740623,0.32217511642462326,0.285703096986264
2024-08-30,KBS:HOSE:SVC,-5.693576768656354,-0.7892772278092688,0.7320730123836279,0.2972956700141995
2024-08-30,KBS:HOSE:SVT,-5.615955276800152,0.42938870336961155,0.6912437564567474,-1.3888924488165737
2024-08-30,KBS:HOSE:TCB,143.63675895130606,0.2822924583538232,-1.308209592141594,-0.044677267452974866
2024-08-30,KBS:HOSE:TCL,-5.405438117621528,-0.7165905809544967,0.31146819636653295,-1.3862836175629958
2024-08-30,KBS:HOSE:TCM,29.81088096499132,-0.16289736579629222,-0.7938167692206923,-0.697772041306049
2024-08-30,KBS:HOSE:TCO,-4.507578258709382,1.500767402186498,-0.3181455723360969,-0.5814211811446662
2024-08-30,KBS:HOSE:TCR,-5.7249462415928125,-1.3311508979295228,-0.2093190815265746,0.07578489942974423
2024-08-30,KBS:HOSE:TDC,0.5948768636469322,0.6021634864370585,0.8126363560434376,-0.19742621015006662
2024-08-30,KBS:HOSE:TDG,-5.565451844599384,0.6417222916972583,-0.5604208647413185,-0.4624182453392929
2024-08-30,KBS:HOSE:TDP,-4.626603881218031,1.0972642675722328,1.9334174458858546,-1.002671619134854
2024-08-30,KBS:HOSE:TDW,-5.729690857610899,1.1395716992768405,-0.17169418819597146,-0.9143785817943978
2024-08-30,KBS:HOSE:TEG,-4.658451778569013,-0.6061124472494308,-0.25990600437096534,-0.7427776518438373
2024-08-30,KBS:HOSE:THG,-5.203632706465749,1.0972153485677225,0.9914573785771578,-1.1326962087223604
2024-08-30,KBS:HOSE:TIP,-3.1637574713721333,-0.9128168714231712,0.038523778940769283,-0.34497816920986474
2024-08-30,KBS:HOSE:TLG,1.8613530047443627,-0.3151365960736153,-0.10283231405796012,-0.9635342617109358
2024-08-30,KBS:HOSE:TLH,-3.9744921049689856,-2.644485480329001,-0.7365416898453524,0.22198938093975273
2024-08-30,KBS:HOSE:TMS,-5.509732846665558,-0.7799867471993996,-0.3292144871626738,-0.9740163704774716
2024-08-30,KBS:HOSE:TMT,-5.659814340280372,-4.415123593846255,-3.2242173485385215,0.8625817288856862
2024-08-30,KBS:HOSE:TNC,-5.733404528854617,-2.7183814224609275,-0.2506897585806913,1.2270382969700346
2024-08-30,KBS:HOSE:TNH,1.26719563308903,0.18640962385738577,0.4971668234496126,0.1609968566418652
2024-08-30,KBS:HOSE:TNI,-5.642388092008496,-1.5929148477322108,-0.22915972332420934,-0.6375677892617772
2024-08-30,KBS:HOSE:TNT,-5.382022652645622,-1.9806658568261633,1.0167419433861653,0.1794626658316483
2024-08-30,KBS:HOSE:TPB,48.704060439507046,-0.7592204778970895,-0.1820009956931595,-0.5900923904855965
2024-08-30,KBS:HOSE:TRA,-5.691091486108739,-0.8221939349064679,0.0447392935020318,-0.9909928650268998
2024-08-30,KBS:HOSE:TRC,-5.616558714796532,-0.40173828219105984,-0.038255455814318245,-0.8293322261937304
2024-08-30,KBS:HOSE:TTE,-5.734309090772027,1.9708799991668422,0.5195815651532967,-0.10784600051028492
2024-08-30,KBS:HOSE:TV2,-1.7272417486385019,-2.377759393266731,0.3011647180575533,0.9305222044019696
2024-08-30,KBS:HOSE:TVB,-4.7568509666840875,1.0152058152902095,1.4793306146480687,-0.4413101027266306
2024-08-30,KBS:HOSE:TVS,-2.267221487416435,0.3085656065657878,2.464117740762825,0.6472243626513743
2024-08-30,KBS:HOSE:UIC,-5.695946368519936,-0.6288358753651832,-0.12557612264214923,-1.257505149165226
2024-08-30,KBS:HOSE:VAB,-4.758171007858769,-0.7730543335919975,-0.4993206633659202,-1.0130657207214957
2024-08-30,KBS:HOSE:VCA,-5.717704309606415,-1.2161023180054078,-0.33476355659602175,-0.6429665118971815
2024-08-30,KBS:HOSE:VCG,16.30291298930098,-1.5013469780092392,0.7326881265134264,-0.034778893359586185
2024-08-30,KBS:HOSE:VDS,5.68518756786812,0.16170391673163081,1.1149097812257907,-0.06853707904792597
2024-08-30,KBS:HOSE:VFG,-4.659416246318955,1.2904578673849836,-0.07874558242258345,-0.6789428729285985
2024-08-30,KBS:HOSE:VGC,10.888079097480517,-1.7788297033602531,0.29045062018624274,0.10507583293452585
2024-08-30,KBS:HOSE:VHM,205.0573481257732,-0.40645402893656163,-0.26705039285243803,0.8862235428617296
2024-08-30,KBS:HOSE:VIP,-3.899867058534525,-0.5811530625857666,-0.49335698061343847,0.06275695098480387
2024-08-30,KBS:HOSE:VIX,100.55131120255513,-1.616477906792627,0.2486090661578006,1.1067406236555892
2024-08-30,KBS:HOSE:VJC,66.12195240105426,-0.5540468080375545,-0.49456402625825,-0.6183231241886167
2024-08-30,KBS:HOSE:VND,52.186856594793106,-1.806116957692551,0.054036939042795766,0.3520565153194784
2024-08-30,KBS:HOSE:VNG,-5.719906132359169,-1.2566874439387798,-1.3812786656777,-0.4569008596153009
2024-08-30,KBS:HOSE:VOS,9.77455149164453,0.5822913026979007,-0.07775050517913135,0.4483368583251469
2024-08-30,KBS:HOSE:VPB,111.12928457731088,-0.3038813766363929,-0.7311018007019802,-0.41947381975656156
2024-08-30,KBS:HOSE:VPG,-3.9030460484086573,-1.961480981643164,0.6984492573773334,-0.18465317573544807
2024-08-30,KBS:HOSE:VPS,-5.720881837051901,-0.1081024231827674,0.2760839593853699,-0.7882322272022467
2024-08-30,KBS:HOSE:VSH,-5.263481680909919,-0.4379804837181717,-0.19731825752692933,-1.2117775794748784
2024-08-30,KBS:HOSE:VSI,-5.673010964801663,0.23493963955564948,0.8100681695141083,-1.015559254815492
2024-08-30,KBS:HOSE:VTO,-2.6669060944692426,0.9652777557867498,-0.9069821958596318,-0.26365652765978853
2024-08-30,KBS:UPCOM:A32,-5.718084917792751,0.12211140638414685,0.4884701501241295,0.6713810406342057
2024-08-30,KBS:UPCOM:AAS,-4.118633327897967,-1.772738180314115,0.5236656502081916,-0.019192318306567632
2024-08-30,KBS:UPCOM:ABB,-3.277587392268484,-1.2285953551073971,0.11816694124355179,-1.0435473295414208
2024-08-30,KBS:UPCOM:ABC,-5.149059217598093,-1.1256411466452154,-0.740894179756383,1.5250199021705386
2024-08-30,KBS:UPCOM:ABI,-5.292898813771244,-0.45411543542655425,0.37241444849090377,-0.9759300808384038
2024-08-30,KBS:UPCOM:ACE,-5.6468021013115255,-0.19162458975499783,0.21695565972295935,-1.244450718542902
2024-08-30,KBS:UPCOM:ACM,-5.714368951714814,-1.066559248406729,-0.14310861704189193,1.5945298548684494
2024-08-30,KBS:UPCOM:ACS,-5.696596184958664,1.4931753997988515,4.221862167845199,1.4729944442774945
2024-08-30,KBS:UPCOM:ACV,3.0876669599588347,0.34403985121436303,-0.623311450014196,-0.24324386640923937
2024-08-30,KBS:UPCOM:AG1,-5.708999627742532,0.7798466968953388,0.5627089076972182,-0.8129839779604349
2024-08-30,KBS:UPCOM:AGF,-5.731970601268489,-0.7431638325707738,-0.5354238836075643,0.22290418946366797
2024-08-30,KBS:UPCOM:AGP,-5.497369198205157,1.4648576319412647,-0.6205742657379156,-1.3523296268184284
2024-08-30,KBS:UPCOM:AGX,-5.736943228749572,3.6131579206769517,-0.6935210188592632,0.15710004889722512
2024-08-30,KBS:UPCOM:AIC,-5.681606831446652,-0.6754821726248925,0.12116135166463993,0.2696487503107597
2024-08-30,KBS:UPCOM:ALV,-5.665422626978481,-0.9280274663698908,-2.420688743064151,1.3002023480599583
2024-08-30,KBS:UPCOM:AMP,-5.736127762675463,-3.2969933425868154,-0.5747470592715469,1.8562723516698323
2024-08-30,KBS:UPCOM:AMS,-5.177409690178962,-1.186571345695958,-1.2898265711305377,-0.3299023869847202
2024-08-30,KBS:UPCOM:APF,-5.4836254210338815,0.46084609029030604,-0.08992717107265208,-1.290011422396454
2024-08-30,KBS:UPCOM:APL,-5.765724153484284,-2.4362610166224288,-3.380989423257292,1.417596871745488
2024-08-30,KBS:UPCOM:APT,-5.729541866693333,-1.7501016408028025,-1.0714626409184045,-0.23537634218554968
2024-08-30,KBS:UPCOM:ATA,-5.731207160669733,-2.4787664214947167,0.018474041530692244,1.9819256518851478
2024-08-30,KBS:UPCOM:ATG,-5.718874433265016,-2.108894414188552,-0.5811204871437388,1.105397138239438
2024-08-30,KBS:UPCOM:AVC,-5.707215879201859,-0.778519326018823,0.05529792530572695,-1.1557238261379836
2024-08-30,KBS:UPCOM:BAL,-5.756000224760415,-1.0353183522543654,-2.635903427429357,1.0390765307294059
2024-08-30,KBS:UPCOM:BBH,-5.751730011193457,1.9572254841702346,0.07462234327827666,2.501302581058352
2024-08-30,KBS:UPCOM:BBM,-5.629089624830855,1.653005067669193,12.770460938243216,4.774653649949872
2024-08-30,KBS:UPCOM:BBT,-5.729955498603972,-0.9495819965694,1.432188639016246,1.410589892281032
2024-08-30,KBS:UPCOM:BCB,-5.714824355718635,0.6723664415336967,-0.10010154753250303,-2.1640390139413204
2024-08-30,KBS:UPCOM:BCP,-5.724819957665941,0.49828217878838044,0.41806601528600357,-0.7099365550558342
2024-08-30,KBS:UPCOM:BDG,-5.629175971258974,0.8529083856000489,0.4725522406658519,-1.2214877415091832
2024-08-30,KBS:UPCOM:BDT,-5.524341847926016,-2.8375325929511868,-0.5495870210994392,0.5108835645873074
2024-08-30,KBS:UPCOM:BDW,-5.7269580881206466,1.0758044338829413,1.6132952339303444,1.0124748888809711
2024-08-30,KBS:UPCOM:BEL,-5.734091066857343,7.0804607458952695,-1.2977467873112158,-1.5398055639003758
2024-08-30,KBS:UPCOM:BGW,-5.736155779021555,-0.3882874601241525,-0.2289040744572689,0.48439789863089444
2024-08-30,KBS:UPCOM:BHA,-5.719367254194419,0.7753961657730734,-0.4003018623913648,-0.9955046238769991
2024-08-30,KBS:UPCOM:BHC,-5.7370633813509455,-1.0773782611387692,-0.00990446067686526,1.3711688748241087
2024-08-30,KBS:UPCOM:BHG,-5.7174714290469035,-1.3514845694315767,0.20776924956650283,-1.2883737749862219
2024-08-30,KBS:UPCOM:BHK,-5.735793565643459,-0.8319084172752547,-1.9646203866306213,-0.9398188066273718
2024-08-30,KBS:UPCOM:BHP,-5.7478059164275095,-0.760236254447402,-0.6377329498228982,1.7352389744191543
2024-08-30,KBS:UPCOM:BIO,-5.717992186035595,-0.6856242935342972,0.8718242261547964,1.5151581305529669
2024-08-30,KBS:UPCOM:BLI,-5.6480333674305925,-1.0415773939020503,-0.5788506586753546,-0.7498690628640473
2024-08-30,KBS:UPCOM:BLN,-5.714981551158934,-0.5380966778906745,0.1573594070937719,-2.1012889897439386
2024-08-30,KBS:UPCOM:BLT,-5.236622518879392,-0.6636601210808278,-1.5325738949693473,0.06729599192644911
2024-08-30,KBS:UPCOM:BMD,-5.7325344353620995,-1.2333598686909248,-2.511874934756671,-0.9138163687414779
2024-08-30,KBS:UPCOM:BMF,-5.7146809056079535,-1.593203854382836,0.13114662988714182,1.0507986311948638
2024-08-30,KBS:UPCOM:BMG,-5.719219593706055,-0.37991874864549857,-0.009785618136044385,-1.2528073043558587
2024-08-30,KBS:UPCOM:BMJ,-5.719008776935933,-0.15564353253569763,1.020038363927575,1.6982975138669754
2024-08-30,KBS:UPCOM:BMS,-5.494269820463007,-1.4758506591594804,0.8181721020946354,0.2972720072495653
2024-08-30,KBS:UPCOM:BMV,-5.745115991569872,-2.816272061026275,-2.466217621724242,0.09181226416800604
2024-08-30,KBS:UPCOM:BNW,-5.715690049427499,-0.4586017624522599,0.12944789644974275,-2.089364645382673
2024-08-30,KBS:UPCOM:BQB,-5.721043855495327,0.2978570751039301,0.8015629663163912,2.1791689297681427
2024-08-30,KBS:UPCOM:BRR,-5.7215602988872885,-1.0214221462052315,-0.436019490808153,0.09484738807842387
2024-08-30,KBS:UPCOM:BRS,-5.701765766952408,0.718575674068333,1.9358219532145857,-0.18795414323156448
2024-08-30,KBS:UPCOM:BSD,-5.722681743161987,-3.9370021334372662,-0.45467186129611353,2.4921332976920714
2024-08-30,KBS:UPCOM:BSG,-5.680413685863172,0.10405180543299662,1.211146914814666,0.08744214358770984
2024-08-30,KBS:UPCOM:BSH,-5.739265165254976,-0.1697210323722447,-1.2429293114046955,-0.609326064117699
2024-08-30,KBS:UPCOM:BSL,-5.723167861453893,-0.8807388236196009,-0.5599656321865389,-1.0818836318472194
2024-08-30,KBS:UPCOM:BSP,-5.69149026164798,-0.8009328111206863,-0.3377662056521942,-0.3463635466833712
2024-08-30,KBS:UPCOM:BSQ,-5.696190529086919,-0.27121316770739573,0.3490160907745433,-0.7565902127523735
2024-08-30,KBS:UPCOM:BTB,-5.7500257809074515,-0.6678023214632965,-1.2955173938081623,1.0618124380870277
2024-08-30,KBS:UPCOM:BTD,-5.732417227917872,-0.7637662749387393,0.29452778891899606,0.6056478016672407
2024-08-30,KBS:UPCOM:BTG,-5.758940065991735,-1.768233235666863,-1.5146798288955017,2.338874468312814
2024-08-30,KBS:UPCOM:BTN,-5.6978967221042245,-1.0211584569127659,0.653953686491855,-0.7778067002808711
2024-08-30,KBS:UPCOM:BTU,-5.739450440069284,-0.11912774926799892,-1.3610820981383265,-0.2900398704327988
2024-08-30,KBS:UPCOM:BTV,-5.737477762395927,0.014801192016750104,-0.156575057930884,0.4395304950053163
2024-08-30,KBS:UPCOM:BVG,-5.716903517691358,-1.2740430941939065,-0.012819659409107563,0.2398386164842208
2024-08-30,KBS:UPCOM:BVL,-5.74055513794323,-1.7783530365719604,-1.3194953538594216,0.7528917648662603
2024-08-30,KBS:UPCOM:BVN,-5.7437898623537755,0.7133109504029329,-0.17648093819673807,1.8136237369944832
2024-08-30,KBS:UPCOM:BWA,-5.7187098023597835,2.8063589162062987,2.1888665169044152,0.9359132300444015
2024-08-30,KBS:UPCOM:BWS,-4.209905820235779,0.7089131515431768,0.2654765119030343,-0.8850459756704442
2024-08-30,KBS:UPCOM:C22,-5.719862731775511,-1.1254350773963346,0.027159544827219294,-0.9112677830983205
2024-08-30,KBS:UPCOM:C4G,-3.6132592013965583,-2.0045413300417243,0.3597904675235574,-0.32550533828851047
2024-08-30,KBS:UPCOM:C92,-5.695205313098785,-0.017079532158228376,1.0296532037877895,2.9964227203070033
2024-08-30,KBS:UPCOM:CAD,-5.744893766212232,-1.9898044349911643,-1.918296219674689,1.840353222591655
2024-08-30,KBS:UPCOM:CAT,-5.7107496950538135,-0.016007032249614413,0.18260218860035946,-1.220675243243523
2024-08-30,KBS:UPCOM:CBI,-5.746516000737793,0.3561502486139106,-0.26844844694497283,2.008146492682078
2024-08-30,KBS:UPCOM:CBS,-5.571688095933938,0.47664510915764957,1.6385538272154039,-0.9858090820999941
2024-08-30,KBS:UPCOM:CC1,-5.211040353995852,-1.6412464647668294,0.44534240274931153,-0.19894906458708853
2024-08-30,KBS:UPCOM:CCA,-5.696991849339054,-0.6880035119020567,-0.35952577448098755,1.8774601031482576
2024-08-30,KBS:UPCOM:CCM,-5.602728271835078,2.4776925722344565,-0.4084257107091848,-0.9673182855361254
2024-08-30,KBS:UPCOM:CCP,-5.751190985303482,3.662476895471188,-0.5417484629513432,1.0498660319253992
2024-08-30,KBS:UPCOM:CCT,-5.668520932357971,10.236607192740134,8.40341659328612,2.172679039282071
2024-08-30,KBS:UPCOM:CCV,-5.726835840358929,3.322507446941131,-0.5349957444806793,-1.0439964856120285
2024-08-30,KBS:UPCOM:CDP,-5.71753928969764,-0.44457079387950815,0.3400565017041328,-0.24047810838457498
2024-08-30,KBS:UPCOM:CDR,-5.751037064626807,7.774875564518794,-4.850862408278729,1.4987586822115715
2024-08-30,KBS:UPCOM:CEN,-5.710171886404318,-4.420780412874562,-2.5462224858773785,1.2443327873172307
2024-08-30,KBS:UPCOM:CFM,-5.741734046685302,-1.1819640723023928,-0.20512347824631516,1.0682605046093252
2024-08-30,KBS:UPCOM:CFV,-5.761850812262002,-1.4567749262467127,-2.262126239986728,1.4002719345281505
2024-08-30,KBS:UPCOM:CH5,-5.744066967308963,3.8913510758226524,-0.33497579871678684,0.5165663478105217
2024-08-30,KBS:UPCOM:CHC,-5.7515736220005005,8.792417293190686,1.5847518364406286,1.7872796740258916
2024-08-30,KBS:UPCOM:CHS,-5.724667442166216,0.07361574699959683,-0.09579666282395122,-0.2702883146951813
2024-08-30,KBS:UPCOM:CI5,-5.770087803459531,-1.417908042470103,-3.484774824676637,2.8328023039446317
2024-08-30,KBS:UPCOM:CID,-5.754966043407467,17.079641971528407,1.4173374768851228,4.460659424159448
2024-08-30,KBS:UPCOM:CKA,-5.554715567695246,2.5824843944619906,-2.214614710913673,0.2233263352907044
2024-08-30,KBS:UPCOM:CKD,-5.714277898822827,-0.4045532971742423,0.03671371118516176,-0.39605956600879033
2024-08-30,KBS:UPCOM:CLX,-4.7316535986809525,0.1657077881024522,0.7597218785098292,-0.08310487048491239
2024-08-30,KBS:UPCOM:CMD,-5.695527580309062,0.15775252657450714,0.5124486317862824,-0.4823587779022801
2024-08-30,KBS:UPCOM:CMF,-5.686435851281837,2.7055426909663147,1.1524587053876696,0.48033001010557225
2024-08-30,KBS:UPCOM:CMI,-5.720434457275262,-1.8814078096104234,0.15588768453997992,-0.29092678196484356
2024-08-30,KBS:UPCOM:CMK,-5.715344527843561,-0.7082577008735045,0.17865761795873347,-2.07369936203362
2024-08-30,KBS:UPCOM:CMN,-5.728357181561291,-1.614686227410311,-0.6048935536883668,0.19028714201081273
2024-08-30,KBS:UPCOM:CMT,-5.576068424837699,-1.9526720403690845,0.6008027291167097,1.7411110716422213
2024-08-30,KBS:UPCOM:CMW,-5.752027146207893,-0.4361670616515097,-1.833345256649252,1.5366042640956044
2024-08-30,KBS:UPCOM:CNC,-5.683076521226497,0.3405255916841301,0.5759566234649871,-0.5659922391575796
2024-08-30,KBS:UPCOM:CNN,-5.704921299280668,0.4105788724675544,1.3975462411833928,0.05326402268254496
2024-08-30,KBS:UPCOM:CNT,-5.5879703242698175,-1.0568439064776427,-1.9307932999996846,0.677594796563083
2024-08-30,KBS:UPCOM:CPA,-5.748286325819111,-1.0781802567747254,-2.070716469293237,0.8506843318098251
2024-08-30,KBS:UPCOM:CPI,-5.722210241664221,1.806090138758672,0.27107565782421844,-0.5483980902523065
2024-08-30,KBS:UPCOM:CQN,-5.651549908841614,-0.6422291325475099,-0.024659320311586484,0.11052545033903521
2024-08-30,KBS:UPCOM:CQT,-5.707602405963181,-0.6170946989979895,1.4003836895110842,-0.24694031900013302
2024-08-30,KBS:UPCOM:CT3,-5.715344527843561,-0.7082577008735045,0.17865761795873347,-2.07369936203362
2024-08-30,KBS:UPCOM:CTW,-5.746587016557755,4.745629617041503,-0.21266059577327928,0.8805649770321134
2024-08-30,KBS:UPCOM:DAS,-5.726227532082474,-1.093547815685345,0.02847801467232622,-0.4138305347487004
2024-08-30,KBS:UPCOM:DBM,-5.733571871357697,-0.6027881239585894,-0.3862553052527205,0.7444390601574262
2024-08-30,KBS:UPCOM:DC1,-5.7511738712405185,-1.0286735177252624,-1.0457601769627496,0.4586003974654857
2024-08-30,KBS:UPCOM:DCF,-5.688127921422408,4.965994236452195,5.549870958494505,1.5236184936016806
2024-08-30,KBS:UPCOM:DCH,-5.714709243415691,-0.42673407279440306,0.5083453096902423,-1.8571476257837882
2024-08-30,KBS:UPCOM:DCR,-5.7430775420187885,0.5861435647079574,0.39486960177649055,1.0312508399731943
2024-08-30,KBS:UPCOM:DCS,-5.671789102417983,0.8952800709270953,-0.5886759472338468,1.0620717306767584
2024-08-30,KBS:UPCOM:DCT,-5.739581442808454,-1.8751569214509125,-1.8018487157134742,0.7867917856780645
2024-08-30,KBS:UPCOM:DDH,-5.720612713053442,-1.6587282231208964,0.12339135363270552,-0.8446397625032387
2024-08-30,KBS:UPCOM:DDM,-5.784998058480587,-0.3443201447519456,-4.77714389572932,0.48938866978984796
2024-08-30,KBS:UPCOM:DDN,-5.715055687459128,-0.9374881206822706,-0.32232899492485095,-0.31264759365910594
2024-08-30,KBS:UPCOM:DDV,1.3927168922984703,1.7577381450716705,0.5585338131580102,0.3399382815779783
2024-08-30,KBS:UPCOM:DFC,-5.686975804203588,0.6046547348066279,1.492688485806756,-0.08770760802884
2024-08-30,KBS:UPCOM:DGT,-3.8920552765572776,0.21926055911823136,-0.4952022511677534,0.6999361157173266
2024-08-30,KBS:UPCOM:DHB,-5.693117047246236,-1.0518737300862786,-0.9771613085632065,0.6783949675861927
2024-08-30,KBS:UPCOM:DHD,-5.66598835304846,1.0581598770622611,0.37192808238625535,-0.39436919216615846
2024-08-30,KBS:UPCOM:DHN,-5.701433973812529,1.1835042699534069,2.438690835771138,-1.1043726609959679
2024-08-30,KBS:UPCOM:DIC,-5.715967855387668,-0.962016873764432,-0.029343408511601977,0.13266733220085716
2024-08-30,KBS:UPCOM:DID,-5.71391215489459,-1.1379534129811926,-0.5616809517785716,0.027853651557084195
2024-08-30,KBS:UPCOM:DKC,-5.690135735301079,3.276356506164545,4.743135967093157,0.13990355012004316
2024-08-30,KBS:UPCOM:DLR,-5.514602830220502,-0.2601654840381027,0.1340721682981676,-2.162049577504314
2024-08-30,KBS:UPCOM:DLT,-5.720925098657994,-2.6516653732526225,0.27208825097018086,0.2890395180172336
2024-08-30,KBS:UPCOM:DM7,-5.7239040526580505,0.21376916237262344,-0.13988941319839776,-0.7869242695265375
2024-08-30,KBS:UPCOM:DNA,-5.717630619654483,0.7153548739643009,0.9782494604111508,0.031024159684254354
2024-08-30,KBS:UPCOM:DND,-5.711383835667508,-0.4647247697139166,1.5634920999669875,0.4323840647088539
2024-08-30,KBS:UPCOM:DNE,-5.749339144687545,-0.4581082548889841,-1.5315978074419117,0.7363021840690456
2024-08-30,KBS:UPCOM:DNH,-5.741949765945909,-2.087227783416441,-1.0500337726800968,1.3916932907009971
2024-08-30,KBS:UPCOM:DNL,-5.7668421798079255,-1.7530966083223243,-3.427264697382126,0.9533097413770204
2024-08-30,KBS:UPCOM:DNM,-5.695650347381829,-1.6671319585074964,3.933339361437558,1.6401379791635329
2024-08-30,KBS:UPCOM:DNT,-5.711201950851872,1.3350872341142506,-0.19924095510475967,-1.7460515665465257
2024-08-30,KBS:UPCOM:DNW,-5.686912740024828,1.255290448275559,0.6714686382987214,0.3263175231189166
2024-08-30,KBS:UPCOM:DOC,-5.7142120417272695,0.8374144343551447,0.7888445138725642,-0.36052517028383096
2024-08-30,KBS:UPCOM:DOP,-5.732272585947395,-0.11647687933371903,-0.0551615572493285,-0.018973422993435633
2024-08-30,KBS:UPCOM:DP1,-5.691869755761748,-0.17254425638620208,-0.15447448738753597,-0.34220352199973914
2024-08-30,KBS:UPCOM:DPH,-5.7203088810041,0.06888192347722169,-0.19382823653933065,0.3190225330469898
2024-08-30,KBS:UPCOM:DPP,-5.716767762479657,-0.7164360111951548,0.153703305680673,-1.8979927243399533
2024-08-30,KBS:UPCOM:DRG,-5.722062509676451,-1.1831670378310883,-1.4973371653764884,0.5001506379741854
2024-08-30,KBS:UPCOM:DRI,-4.1303192695295605,0.15033995111973872,1.1105150524023757,0.5067288953179715
2024-08-30,KBS:UPCOM:DSG,-5.697999400496342,0.9338609808488788,5.429458457122995,2.4593778285999353
2024-08-30,KBS:UPCOM:DSP,-5.712925418731247,0.345800111158603,0.5919618431693,0.08512839378954419
2024-08-30,KBS:UPCOM:DTI,-5.689537846614502,-2.8075191598423648,-1.2861867892416659,0.9874601065725135
2024-08-30,KBS:UPCOM:DTP,-5.6982208070492995,1.2070957222297072,0.1825574903737031,-1.038040258735431
2024-08-30,KBS:UPCOM:DUS,-5.727326185079169,-3.186230879321311,0.04741341580017027,1.1266716502499234
2024-08-30,KBS:UPCOM:DVC,-5.748775234674692,-1.339952997821795,-1.2676407579967943,1.1316472916655478
2024-08-30,KBS:UPCOM:DVW,-5.718672831679303,0.9309840423432214,-0.4231849339553109,-0.606873061119667
2024-08-30,KBS:UPCOM:DWS,-5.735764985656976,-0.7537564638488772,-0.764357153322281,0.18697998419062106
2024-08-30,KBS:UPCOM:DXL,-5.785551641124022,2.844704918662886,-3.15868794008053,3.157606961783356
2024-08-30,KBS:UPCOM:E12,-5.735858160691335,-0.666797506001526,-1.855501815602296,0.8401273921045155
2024-08-30,KBS:UPCOM:E29,-5.808581372419928,1.3741788162768818,-6.814657795512523,3.937134731106772
2024-08-30,KBS:UPCOM:EIC,-5.733924749924788,-0.6186342075876488,-0.4248279803156043,-0.3450746005166754
2024-08-30,KBS:UPCOM:EIN,-5.70464827485819,-2.175283754336891,-0.35240583694471317,0.15130535445449667
2024-08-30,KBS:UPCOM:EMG,-5.738796887356671,1.3524747985767074,-0.19583838411257787,0.046973325329159876
2024-08-30,KBS:UPCOM:EMS,-5.737084223683939,2.239376731140936,-0.5733246184126596,1.4654014026208504
2024-08-30,KBS:UPCOM:FCC,-5.715344527843561,-0.7082577008735045,0.17865761795873347,-2.07369936203362
2024-08-30,KBS:UPCOM:FCS,-5.712984419016439,0.3650993225891683,2.7042962536093964,2.864735368231361
2024-08-30,KBS:UPCOM:FHN,-5.7357671395314895,-0.623553532754923,-0.19413153980543124,1.2284862937697762
2024-08-30,KBS:UPCOM:FHS,-5.7336550089811364,0.5462108411206799,-0.08216456356985945,0.6216927745132176
2024-08-30,KBS:UPCOM:FIC,-5.6452147915689865,0.46448401151621094,0.5631033871248633,0.8283695462242233
2024-08-30,KBS:UPCOM:FOC,-4.340114931046923,-0.03541351384603666,2.24065738981684,0.8889147964127048
2024-08-30,KBS:UPCOM:FOX,-3.361317926091129,1.7495767372519713,-0.7051578286088653,-0.4375203169704463
2024-08-30,KBS:UPCOM:FRC,-5.731496831661698,-0.4131166055253376,-0.09468438299022035,-0.03336403199179591
2024-08-30,KBS:UPCOM:FRM,-5.741023408001034,-0.7250603341080027,0.04822593135403377,2.3378170062804178
2024-08-30,KBS:UPCOM:FT1,-5.627634599066427,0.5717665323200382,0.9802467336612738,-0.8833287700944255
2024-08-30,KBS:UPCOM:FTI,-5.715344527843561,-0.7082577008735045,0.17865761795873347,-2.07369936203362
2024-08-30,KBS:UPCOM:FTM,-5.725751495857614,-0.5589178777006144,-1.4285680456196341,0.8280658362673834
2024-08-30,KBS:UPCOM:G36,-5.14066853384228,-1.5302044473274459,0.1455906684413355,-0.09818074047255371
2024-08-30,KBS:UPCOM:GCB,-5.714527162326721,-0.4185852415272456,0.15111574508461903,-2.1316481974298678
2024-08-30,KBS:UPCOM:GER,-5.717299940194397,0.08500584471817331,-0.18045379149115973,-1.5559479913171657
2024-08-30,KBS:UPCOM:GGG,-5.744913077025929,-0.4476004469849571,-2.7282782165087904,1.9829647867050382
2024-08-30,KBS:UPCOM:GH3,-5.7142345929650595,-0.31489933262131353,0.14125735492778801,-2.152390513360282
2024-08-30,KBS:UPCOM:GLC,-5.715344527843561,-0.7082577008735045,0.17865761795873347,-2.07369936203362
2024-08-30,KBS:UPCOM:GMC,-5.729232615723565,-1.481285699531203,-0.969548187924956,-0.9087741082885938
2024-08-30,KBS:UPCOM:GND,-5.699946402119026,-0.4593096970507351,1.0004113388528564,1.1152120786211759
2024-08-30,KBS:UPCOM:GSM,-5.707578505571542,0.7267638328125215,0.7895742945775338,0.5841849174711305
2024-08-30,KBS:UPCOM:GTD,-5.770010690716322,-0.27431867062397336,-2.1485649549952104,1.2966313869035324
2024-08-30,KBS:UPCOM:GTS,-5.7174182058007625,-0.06919582148416485,0.8521654904281081,-0.36815674041717705
2024-08-30,KBS:UPCOM:H11,-5.740196562582338,-1.6912952518439204,-1.4445059272043306,2.538706939972769
2024-08-30,KBS:UPCOM:HAC,-0.3836709831449935,0.18318918116504693,1.0869581226516583,0.7744354434203083
2024-08-30,KBS:UPCOM:HAF,-5.716615615333057,-0.908498652506467,1.8344314099324128,2.605703903012847
2024-08-30,KBS:UPCOM:HAM,-5.739578060032632,0.25747407253517895,-1.2610596272644872,0.1715280332879956
2024-08-30,KBS:UPCOM:HAN,-5.6695647992906775,-0.4827462562378781,0.4836278261291739,0.46864281232570676
2024-08-30,KBS:UPCOM:HBC,-1.8904516335353507,-3.5275514276233975,-1.458776346804883,0.8269387755889626
2024-08-30,KBS:UPCOM:HBD,-5.726948907549669,0.7526815671967344,-0.10936240547406258,-0.8607885647300294
2024-08-30,KBS:UPCOM:HBH,-5.740023646720084,-1.078325261399261,-0.6726674204072718,0.967052629434954
2024-08-30,KBS:UPCOM:HD6,-5.578196062714101,-2.641525834368413,-1.082996458557871,-0.14512281505039054
2024-08-30,KBS:UPCOM:HDW,-5.7102987618998515,1.1569910915545265,2.3476406434243353,0.3856837756738448
2024-08-30,KBS:UPCOM:HEJ,-5.726616607178339,-1.2836014338549981,-0.023460170090916048,0.07785022583502489
2024-08-30,KBS:UPCOM:HEP,-5.728364898435656,0.08739980046525092,-0.8941662377845435,-0.22662428794863754
2024-08-30,KBS:UPCOM:HES,-5.7206657151309095,0.9457711374595497,1.689234198196196,0.09360623615849942
2024-08-30,KBS:UPCOM:HHG,-5.639312432002596,-2.5156304437389863,-1.2625309984203847,0.4935985901799545
2024-08-30,KBS:UPCOM:HLB,-5.721789714092854,-1.0417608855081388,-0.9940768664717291,1.1426073264775447
2024-08-30,KBS:UPCOM:HLS,-5.754548225300947,-0.6841550060682982,-1.912774854949254,0.3095632880231923
2024-08-30,KBS:UPCOM:HND,-5.619365455281018,-0.9658191173634476,0.12628847503824828,-0.928808795100713
2024-08-30,KBS:UPCOM:HNF,-5.716592499570745,2.749697378944904,1.20732779982407,0.26347951127887664
2024-08-30,KBS:UPCOM:HNG,1.4248289110691372,-0.33283460616679966,1.2094354072346558,0.586750252142409
2024-08-30,KBS:UPCOM:HNM,-5.3811048701120505,-1.0138855075908326,0.28584722189547324,-0.7380723672881453
2024-08-30,KBS:UPCOM:HPH,-5.742125670763848,-0.5976188600935382,-0.5947904523426792,1.2618396462006354
2024-08-30,KBS:UPCOM:HPT,-5.728538319517698,1.5142491498872699,-0.45581540746615945,0.05242465569476086
2024-08-30,KBS:UPCOM:HTM,-5.728681215555434,-1.5102125770054633,-0.05228948090455576,0.7552546012067094
2024-08-30,KBS:UPCOM:HWS,-5.688061050912294,0.6187132148963554,0.5583566258148519,-1.361050941543669
2024-08-30,KBS:UPCOM:ICI,-5.76682565449099,-1.6893375327700626,-1.8670823128733283,3.4080788269027082
2024-08-30,KBS:UPCOM:ICN,-5.682506008386174,-0.4233186102873224,0.5561618305432963,-1.4254442573978292
2024-08-30,KBS:UPCOM:IFS,-5.6606697890958895,-0.8783852793493239,-0.4842202292224233,-0.5040565408674984
2024-08-30,KBS:UPCOM:ILA,-5.6150353931946055,-0.26471563223346817,2.3155596465955703,0.7413664369733589
2024-08-30,KBS:UPCOM:ILC,-5.746980264695694,-0.3999386630253818,0.9238706207537177,2.417739959172726
2024-08-30,KBS:UPCOM:ILS,-5.740324579730215,-0.7112562212532744,0.14791869962402723,2.8001572279230382
2024-08-30,KBS:UPCOM:IST,-5.009384745853328,1.102504935619776,0.1602552312731449,2.0238913227827413
2024-08-30,KBS:UPCOM:JOS,-5.769144804932042,-4.331715837431122,-4.191498093561983,1.044171015835278
2024-08-30,KBS:UPCOM:KHW,-5.709470394455562,0.6735469650850949,1.8894839054381516,-0.6860425591932684
2024-08-30,KBS:UPCOM:KIP,-5.712007382243569,0.8148784478548959,1.7593662950526257,-0.45620434529697346
2024-08-30,KBS:UPCOM:L63,-5.72537137332007,-1.5364172152998756,-0.07021142523873616,-0.08537111724951077
2024-08-30,KBS:UPCOM:LAI,-5.125733479459146,1.0121817361356726,0.5399420954009355,0.05585451889954797
2024-08-30,KBS:UPCOM:LIC,-5.657369893643529,1.9537828130147599,0.8656192777329674,1.336823202362084
2024-08-30,KBS:UPCOM:LLM,-5.740762564279902,1.8731501591845199,-0.18991858784666402,1.2041356861086516
2024-08-30,KBS:UPCOM:LMI,-5.72699838213356,0.056473886047916866,0.42863605705135005,0.08475019611378574
2024-08-30,KBS:UPCOM:LTC,-5.734076572083929,7.885201775123757,-1.1385771648032357,-0.668160219088652
2024-08-30,KBS:UPCOM:MDF,-5.714307859572049,-1.5144680806494897,1.187577089057737,1.6148697862818222
2024-08-30,KBS:UPCOM:MEC,-5.747077605590232,-0.459260486906039,-0.4789698024035244,1.2701016100012388
2024-08-30,KBS:UPCOM:MFS,-4.645866002141002,0.5303388673104567,-0.34495442430201456,2.788630283788137
2024-08-30,KBS:UPCOM:MGC,-5.64043645102293,2.1354097213644065,2.816335280980741,1.342934008848187
2024-08-30,KBS:UPCOM:MGG,-5.739202120996707,-1.2145034093134293,-1.2482462302460502,0.6792913545640779
2024-08-30,KBS:UPCOM:MPC,-5.305280170303385,-1.0101214645124714,-0.0093992571162331,-1.0209262943603337
2024-08-30,KBS:UPCOM:MSR,-4.444328889545417,-1.970255518149397,0.27998427199236653,0.06247464290260216
2024-08-30,KBS:UPCOM:MVN,-5.561406210014854,6.660712758353701,-0.7745720991244265,2.934907054108532
2024-08-30,KBS:UPCOM:NAU,-5.729275153749678,0.6229978905281295,-0.22430749297215952,-0.5347167272886164
2024-08-30,KBS:UPCOM:NBT,-5.715984172793417,0.446346365159287,0.17560284365310863,-0.832072224290609
2024-08-30,KBS:UPCOM:ND2,-5.70923828930848,-0.6341062902054403,-0.5655619170011922,-1.2675918192415228
2024-08-30,KBS:UPCOM:NOS,-5.740970271418972,0.8303319537287321,-0.16765452730964242,0.3720347129566668
2024-08-30,KBS:UPCOM:NQN,-5.735530901848848,-0.7264990528794507,-0.8631829345645828,0.20859794951804164
2024-08-30,KBS:UPCOM:NTT,-5.746852618252585,-2.6992127835033384,-2.2813104299412137,0.8794193124337752
2024-08-30,KBS:UPCOM:NTW,-5.72484261736497,-0.4844169031938308,0.16047895675532997,0.1685748169753968
2024-08-30,KBS:UPCOM:NUE,-5.721434134749457,-0.021279787384741372,-0.8655912585968066,0.05216816773936513
2024-08-30,KBS:UPCOM:OIL,8.739444538544982,2.469761662915266,0.7535546537755093,-0.13804312588852882
2024-08-30,KBS:UPCOM:PCC,-5.717308049072518,0.18379578831814947,0.7939410766311459,1.8817614870770831
2024-08-30,KBS:UPCOM:PCF,-5.737239230893614,-1.4884469446643116,-0.7607642206595334,1.6359910959957311
2024-08-30,KBS:UPCOM:PFL,-5.672352020414542,-2.2511338284837557,-0.36301534148841025,0.039265515342311465
2024-08-30,KBS:UPCOM:PHP,-4.580463834809804,1.1231720894664934,0.8070856745293982,-0.00018084963333766797
2024-08-30,KBS:UPCOM:PHS,-5.743888245263805,-2.811118899087279,-1.7347340383410268,0.5752983427794071
2024-08-30,KBS:UPCOM:PVE,-5.732825283501401,-0.6222775982455963,-0.6458921540452169,-0.3502473278615676
2024-08-30,KBS:UPCOM:PVL,-5.6352626901769085,-0.6956595062166764,1.1884906664709274,1.5277863016800006
2024-08-30,KBS:UPCOM:PVX,-5.419654164602856,-1.6435863753277886,-0.5386134536030276,-0.08862226509461756
2024-08-30,KBS:UPCOM:PWA,-5.714265766620418,-1.1539548042018575,0.35469508188246246,0.5568284670146872
2024-08-30,KBS:UPCOM:PWS,-5.703353712738802,0.11549619103636345,1.8382387053936313,0.42844473283938767
2024-08-30,KBS:UPCOM:PXA,-5.7158016224221315,0.2950862579328465,2.093741929642638,0.3120136917154013
2024-08-30,KBS:UPCOM:PXI,-5.689245937851491,-2.205870353279167,0.1334532099031442,0.6611582686676059
2024-08-30,KBS:UPCOM:PXM,-5.742275915156391,-0.8195417810077058,-0.20883228589171465,1.248664068206667
2024-08-30,KBS:UPCOM:PXS,-5.6636525600308545,-2.0291263785681917,0.13829458379033502,0.5984512773054219
2024-08-30,KBS:UPCOM:QCC,-5.731712784534822,0.771207282604953,-0.5276189858044463,0.06914092918385349
2024-08-30,KBS:UPCOM:QHW,-5.736090206002451,-0.49662605786178365,-1.0772499657750652,0.04869084967465928
2024-08-30,KBS:UPCOM:QNC,-5.697408554416396,-0.6844059953085753,0.6619081952987199,-0.7679709685652922
2024-08-30,KBS:UPCOM:QNS,-0.29168128979295754,-0.5912446354763261,0.04403111263347483,-1.391737146064976
2024-08-30,KBS:UPCOM:QPH,-5.716927968682531,0.1341058252349945,0.1486129132566711,-0.6370808513800355
2024-08-30,KBS:UPCOM:QSP,-5.728408223117405,0.37519477502535775,-0.45881160465681464,-0.3348550127675225
2024-08-30,KBS:UPCOM:RIC,-5.7383418352061115,-1.8487525022106757,-1.043366261544089,0.5970966098453313
2024-08-30,KBS:UPCOM:S74,-5.670864145825914,0.27843803630182434,-2.2295319559952684,1.0777777699173283
2024-08-30,KBS:UPCOM:SBD,-5.671639595215768,-2.1519415673511477,-0.8414536184991788,1.0926830164589743
2024-08-30,KBS:UPCOM:SBM,-5.727230010972136,-1.1005847332826202,-0.18756641739905813,-0.24063747445742448
2024-08-30,KBS:UPCOM:SCJ,-5.701484442101564,-1.3853799327914205,0.06125937491332653,0.0982111954824097
2024-08-30,KBS:UPCOM:SCL,-5.4874425042901445,-0.4095235067072872,1.1764666301058881,0.5128331036384559
2024-08-30,KBS:UPCOM:SD2,-5.728694600599241,-0.9102523824711258,-0.8917543810396985,0.35273901472682995
2024-08-30,KBS:UPCOM:SD7,-5.637011447776626,-1.1453227052606996,1.2871935286065639,0.7189750320072457
2024-08-30,KBS:UPCOM:SDP,-5.7505539318620515,-2.786578021398703,-3.0597580852186566,-0.3055227259006018
2024-08-30,KBS:UPCOM:SEA,-5.7397279885459564,-0.39747076402192455,-0.6378574910137523,1.6615941406954668
2024-08-30,KBS:UPCOM:SGB,-5.658070170875682,-0.6738072654947205,0.07698523388530436,-1.3298178862581476
2024-08-30,KBS:UPCOM:SGS,-5.7227039148192445,-0.5149758312533707,-0.0814105636385827,0.028376336180861904
2024-08-30,KBS:UPCOM:SID,-5.7150451730545875,-0.6219767600013958,-0.2668118152518921,0.4344474106737016
2024-08-30,KBS:UPCOM:SJG,-5.741411583239465,0.6560296309089236,0.1993131163537778,2.014444166136236
2024-08-30,KBS:UPCOM:SKV,-5.561337155680194,-0.918892238442336,-0.08926800521145566,-0.5765921854819657
2024-08-30,KBS:UPCOM:SRB,-5.729556441803836,-2.426152168603198,-0.8014913097902618,1.4162428370742535
2024-08-30,KBS:UPCOM:SSG,-5.721601973551382,-0.12074838481286279,0.2171287723498917,0.39702998970176645
2024-08-30,KBS:UPCOM:SSH,-4.4784001255456465,-0.6866799226257644,0.07776076516860182,-1.7591583674123548
2024-08-30,KBS:UPCOM:STT,-5.725815018826724,-0.838856603394658,0.004039766196484872,-0.18182487286363785
2024-08-30,KBS:UPCOM:SWC,-5.667136059827535,-0.5077794864929659,-1.1951613964003878,-0.3966195885091499
2024-08-30,KBS:UPCOM:TDB,-5.683529821809699,-0.3403150235336589,-0.07474556628045449,-1.6221465909917057
2024-08-30,KBS:UPCOM:TDS,-5.686247308716357,0.16620239406109485,-1.6898763398457923,1.7738167167493937
2024-08-30,KBS:UPCOM:TGP,-5.720565536412091,-1.4500254224418205,-0.21703868840775364,-0.15786211493538316
2024-08-30,KBS:UPCOM:THW,-5.730472216257514,1.709194591168507,0.7762731997023373,0.6800853418677201
2024-08-30,KBS:UPCOM:TIS,-5.421533626474504,2.6902943970310984,0.8769815993167569,0.5670495601141725
2024-08-30,KBS:UPCOM:TLP,-5.716147812365876,-0.6632261925330526,0.329933999966916,0.3597245768566511
2024-08-30,KBS:UPCOM:TNW,-5.746245546982288,-1.342204887564742,-1.7716184615685622,0.41976987645312525
2024-08-30,KBS:UPCOM:TOW,-5.723975643522626,1.342375071104403,-0.07225592356286599,0.5997514490852826
2024-08-30,KBS:UPCOM:TSD,-5.768553225322951,-0.26082112545032404,-2.548063319542977,3.189161145935536
2024-08-30,KBS:UPCOM:TST,-5.744018881750834,-0.3887086206218694,-1.3110226363911113,0.7550731615661826
2024-08-30,KBS:UPCOM:TTD,-5.734280078883796,-0.9345511030894734,-1.5110741309401712,-0.18471201226598358
2024-08-30,KBS:UPCOM:TTG,-5.715834433649572,-0.40190612664525277,-2.5113005014973617,1.5977383760948154
2024-08-30,KBS:UPCOM:TTS,-5.747784850208788,-2.4062237072036146,-0.391325418249519,3.1610213952654815
2024-08-30,KBS:UPCOM:TUG,-5.724788271449318,-0.389985474886835,-0.3593594687092123,-0.4364387528744183
2024-08-30,KBS:UPCOM:TV1,-5.640754455312416,-0.061845542028847234,-0.27814030499588854,-1.0478281712486774
2024-08-30,KBS:UPCOM:TVN,-2.8480306872024532,2.3567850445635528,0.5903324814596674,0.9522734736625779
2024-08-30,KBS:UPCOM:UDC,-5.692041371355231,-0.4694259128553621,-0.37643341337852126,0.323394025503177
2024-08-30,KBS:UPCOM:USC,-5.7181276443078835,0.3436516505195984,1.6124751058800015,0.4196449744749695
2024-08-30,KBS:UPCOM:VAV,-5.72020423821344,0.5191430058686476,0.09247172398732578,-0.7158542910712337
2024-08-30,KBS:UPCOM:VCP,-5.482080112273253,-0.0921952134749496,0.07129692559595407,-0.30381814404828533
2024-08-30,KBS:UPCOM:VCR,-5.686691058697512,-0.3145127806579061,-0.006409304973076631,-0.9458763584876404
2024-08-30,KBS:UPCOM:VDN,-5.746353585849059,0.08560267678727627,-2.149822611094488,1.4575327348168832
2024-08-30,KBS:UPCOM:VEA,6.92500649930642,0.30345614642986596,0.6552835732232287,-0.46023034683194997
2024-08-30,KBS:UPCOM:VGG,-5.580728830307338,0.4110018792051893,0.1931173203940111,-1.0510218584132143
2024-08-30,KBS:UPCOM:VGI,25.532438294179503,2.872316796697779,-0.2950252374790942,1.0284301888425147
2024-08-30,KBS:UPCOM:VGT,4.419203428492265,-0.08174269245705643,0.3292124274387822,0.12377713052262787
2024-08-30,KBS:UPCOM:VHG,-4.9909710085137196,-3.0854452541111113,-0.4553643139198949,0.8222250205635054
2024-08-30,KBS:UPCOM:VIM,-5.7035676429387125,-0.39970875662340055,2.639996915424328,1.066552120006383
2024-08-30,KBS:UPCOM:VIN,-5.734163556381272,-1.4869923756360046,-0.8346302449110748,-0.15345997243582254
2024-08-30,KBS:UPCOM:VIW,-5.720165615453048,-1.975517340081717,0.1387331990852429,-0.29581831872467595
2024-08-30,KBS:UPCOM:VKC,-5.717196001027156,-1.9328322863689589,-0.2779603440338104,1.2455596172662526
2024-08-30,KBS:UPCOM:VLG,-5.67287447916991,3.256465549362461,-1.1936340503538205,1.000786565596816
2024-08-30,KBS:UPCOM:VLW,-5.736813333687798,0.45189235048549636,-0.012214691189202776,1.251287247889212
2024-08-30,KBS:UPCOM:VNB,-5.503775754922094,-0.7843248052935194,0.6281552605650044,0.11097998566288554
2024-08-30,KBS:UPCOM:VPR,-5.718423540556607,-1.2739493317622694,0.5423133447490425,0.530814681728204
2024-08-30,KBS:UPCOM:VSE,-5.705572018035159,0.22754922230286603,-0.04458042216349896,0.4144381588569276
2024-08-30,KBS:UPCOM:VST,-5.733973501814394,-0.4150516284272417,-0.5839237290807268,0.6334910864538306
2024-08-30,KBS:UPCOM:VTK,-5.263080976936613,2.0998326379908856,-0.4342556882782372,0.04700292962583876
2024-08-30,KBS:UPCOM:VW3,-5.714513154473105,0.15467972721332468,1.4295150762828301,1.6847601561057153
2024-08-30,KBS:UPCOM:WSB,-5.61883529560889,-0.3774860836615758,0.5763297686859323,-0.91497552184747
2024-08-30,KBS:UPCOM:XMC,-5.706398690864963,-1.1951637879572827,-0.28566298289652375,-0.32816546625776
2024-08-30,KBS:UPCOM:XMP,-5.736903472858821,-1.042010336934687,-0.23425760500327605,0.5682327875219231
2024-09-30,KBS:HNX:CST,-6.44128871890804,0.4964289324913992,-0.8015036405522484,-0.635776909850208
2024-09-30,KBS:HNX:MIC,-6.9512916952273756,-0.2593672056762998,-0.16747415041790678,2.2982405427019374
2024-09-30,KBS:HOSE:AAM,-6.9390575803722445,-0.3331670536025558,1.537492494890692,0.15729060588120095
2024-09-30,KBS:HOSE:AAT,-6.644430707580575,-2.438479229063556,0.2141788141200682,-0.028945535987662696
2024-09-30,KBS:HOSE:ABR,-6.908468284606112,3.4155399636984174,2.051938173001161,0.43666546899966824
2024-09-30,KBS:HOSE:ABS,-6.534037574141753,-1.7235178636626405,0.856729282655817,-0.24315121027587874
2024-09-30,KBS:HOSE:ABT,-6.91312228778288,0.9415092501728494,-0.48054342411029277,-1.391948107431749
2024-09-30,KBS:HOSE:ACC,-6.146486317675525,-0.27524566251913674,0.2856809334260289,-0.7624625369269209
2024-09-30,KBS:HOSE:ACG,-6.747550288502724,-0.41190211023241746,-0.08097962300424043,-0.6104614992275847
2024-09-30,KBS:HOSE:ACL,-6.8786669906074325,-0.5265264420144969,0.7743338580799265,-0.9537838632574122
2024-09-30,KBS:HOSE:ADP,-6.750682951949717,2.1309738704025474,-1.5095617254679814,-0.5596582565139396
2024-09-30,KBS:HOSE:ADS,-6.2496306916119995,-1.1484216660260602,0.6927293630556399,0.030754832040776746
2024-09-30,KBS:HOSE:AFX,-6.26732400002594,-0.7956476103960252,0.9520949617073793,-0.6284819265529206
2024-09-30,KBS:HOSE:AGG,-4.27795971962001,-1.6627917250547988,0.38811779485819364,-0.25400833087778535
2024-09-30,KBS:HOSE:AGR,-0.1142270986490142,0.01326569285787293,0.629718031659602,0.05989800354579195
2024-09-30,KBS:HOSE:ANT,-6.8429822739940915,4.4672383344043896,-2.0024383812619133,-0.8500561570645944
2024-09-30,KBS:HOSE:ANV,1.577533936084291,0.02243154322519417,0.8977742484191437,-0.4653120180349745
2024-09-30,KBS:HOSE:APG,-5.3683639058069845,-3.1413405106047496,-0.859648536163832,0.13905556590702986
2024-09-30,KBS:HOSE:APH,-2.4702579526530077,-2.9841780820685573,-0.8390322481528869,0.5905608075957708
2024-09-30,KBS:HOSE:ASM,-3.855798722727284,-1.0056846918251947,0.47057045034554423,-0.25258252247781776
2024-09-30,KBS:HOSE:ASP,-6.9129474701037035,-1.0053953219898826,0.9710190156651973,-0.808476994617911
2024-09-30,KBS:HOSE:AST,-6.646152907481812,-0.3650907323743908,0.23043491150534187,-0.81823639640162
2024-09-30,KBS:HOSE:BCE,-6.573312006671246,-0.4264902621167754,0.5063744340073976,-1.1656691088134408
2024-09-30,KBS:HOSE:BCM,6.039991704507822,0.36891043060111167,0.354902605092179,-0.5727776498905486
2024-09-30,KBS:HOSE:BFC,5.697407932220157,2.411265314655195,-2.7781563908721565,-0.6838017833016976
2024-09-30,KBS:HOSE:BHN,-6.914527574170882,-0.4215674767528194,0.22829390611915257,-1.4977948782704962
2024-09-30,KBS:HOSE:BIC,-6.084069983285032,0.1648998849436991,-0.7285762860732052,-0.6844852753978314
2024-09-30,KBS:HOSE:BKG,-6.4669044799699344,-1.308444117108596,0.47627585177260096,-0.7186703456811437
2024-09-30,KBS:HOSE:BMI,-5.572778764985206,-1.0445899944149943,-0.1480419129979702,-0.8761821829223722
2024-09-30,KBS:HOSE:BRC,-6.848602737224588,0.22341109522476235,0.35396901952201015,-0.7950249994287168
2024-09-30,KBS:HOSE:BSI,6.051355015827636,0.22806953333081922,0.05157775900788528,0.16574931153163106
2024-09-30,KBS:HOSE:BSR,56.0313438159433,0.5506814638445335,-0.2343444272845152,-0.7022943982093226
2024-09-30,KBS:HOSE:BTP,-6.889985245539062,-0.2586811718292309,0.6867910658459908,-0.908721033614688
2024-09-30,KBS:HOSE:BVH,0.616820262218823,-0.6821383127010908,-0.10844636425918686,-1.0956853999786484
2024-09-30,KBS:HOSE:C32,-6.673242073959907,-0.04555184016141471,0.6114099682753231,-1.4623569622230874
2024-09-30,KBS:HOSE:CCI,-6.915030505122552,0.13053096945452203,0.4704653073133156,0.09678934782310837
2024-09-30,KBS:HOSE:CCL,-5.187590031256275,-0.014951397632060843,-0.3031838445537794,0.1845468195935852
2024-09-30,KBS:HOSE:CDC,-3.144004929159002,-1.075897545056799,0.42091488521735276,-1.230335670637033
2024-09-30,KBS:HOSE:CHP,-6.309858253402662,0.8322505460105044,-0.6142387824587788,-1.5848855248406784
2024-09-30,KBS:HOSE:CIG,-6.764776963890768,-0.1273167828447922,1.0968379555392735,-0.2428448188638482
2024-09-30,KBS:HOSE:CII,9.786495024835052,-0.9035224814237837,0.717205885893903,-0.16945164013243696
2024-09-30,KBS:HOSE:CKG,-2.4357048061528928,1.233026573363654,0.7117222369158633,-0.47446065928592185
2024-09-30,KBS:HOSE:CLC,-6.864061658384382,0.8890462798082022,-0.28135514941910694,-1.1156391026956698
2024-09-30,KBS:HOSE:CLW,-6.945643388698361,1.190247048847697,-0.8316711006551503,-0.38226983126915504
2024-09-30,KBS:HOSE:CMV,-6.9425954202285824,0.27045055704738463,0.17790367015853653,-0.45140123736009163
2024-09-30,KBS:HOSE:CMX,-5.822815052557236,-2.063020045621842,-0.28452558094877023,0.09444444883513523
2024-09-30,KBS:HOSE:CNG,-4.661599363634047,0.11032024323855855,-0.013231997355510547,-0.5292739837796191
2024-09-30,KBS:HOSE:COM,-6.946229698921293,-0.47801225939550473,0.4914746248246525,0.29682829658582144
2024-09-30,KBS:HOSE:CRC,-6.501966405742123,0.6358708054777876,0.46581956455249107,-0.814796134942358
2024-09-30,KBS:HOSE:CRE,-6.64510379800155,-1.4920645392693856,0.6649976216299488,-0.29175035887942985
2024-09-30,KBS:HOSE:CSV,23.704596817697563,3.663242805569935,-2.46955617023778,-0.47760364196601623
2024-09-30,KBS:HOSE:CTD,5.600948096920561,-0.3604328243194276,0.02076761127276732,-0.260307114345515
2024-09-30,KBS:HOSE:CTF,-4.871713764353056,-0.33612868987296063,0.3549769580811327,-0.8631077294632148
2024-09-30,KBS:HOSE:CTI,-5.6848314101677415,-0.7520584164017741,0.023609500357951063,-0.6312818664570357
2024-09-30,KBS:HOSE:CTR,10.027648697658789,0.303551537553024,-0.5012084947777099,0.2627541682530845
2024-09-30,KBS:HOSE:CTS,15.09142383130088,0.7345940518255922,-0.05400811704592569,0.2291718460300826
2024-09-30,KBS:HOSE:CVT,-6.928157802575381,-1.3981322701661887,0.36834921040625396,-0.437074792894749
2024-09-30,KBS:HOSE:D2D,-5.731221918462729,3.0167340892386947,1.2578054772228644,0.36550016326092666
2024-09-30,KBS:HOSE:DAH,-6.827736950518499,-1.7210289887258055,0.8372700373075244,-0.3616779674325443
2024-09-30,KBS:HOSE:DBC,59.889618227504535,0.40603645975500685,-0.5542567287381363,0.157035527794154
2024-09-30,KBS:HOSE:DBD,0.7741609760727438,1.0540817291687241,1.409118356697706,-0.7740327892512677
2024-09-30,KBS:HOSE:DC4,-5.600597187087352,-0.4978495617065815,-0.17052957560294354,-0.7975799255200801
2024-09-30,KBS:HOSE:DCL,-1.7325029006511783,0.1903491543264364,0.08682746066000994,-0.3951555215000523
2024-09-30,KBS:HOSE:DCM,56.229455337258806,0.6417203711451802,0.0439705063594729,-0.30524757350653225
2024-09-30,KBS:HOSE:DGC,78.52358283046883,-0.14465829995212998,0.33756214207953844,0.24205097040541923
2024-09-30,KBS:HOSE:DGW,19.157615954565117,-0.2408029861524402,0.3076156893263426,-0.30507528809628287
2024-09-30,KBS:HOSE:DHA,-6.223485280192076,-0.9058009881673398,0.6317859677150834,-0.8703348084523879
2024-09-30,KBS:HOSE:DHC,-4.926805776144716,-0.8850061171249293,0.596256118570458,-1.0676146080235822
2024-09-30,KBS:HOSE:DLG,-6.105180388771705,-1.0655334080427756,0.9832199593767156,0.3060075097088233
2024-09-30,KBS:HOSE:DMC,-6.866683366604175,0.6968252956514026,0.362006664852014,-1.2357892921626878
2024-09-30,KBS:HOSE:DPG,12.007723012510267,1.4291964880329666,-0.2897478667845126,0.16605602821995916
2024-09-30,KBS:HOSE:DQC,-6.878235409625524,-0.9983537151708971,0.9398293071972106,-0.8569238710811193
2024-09-30,KBS:HOSE:DRC,-0.4904462594865712,-0.48507533923578333,-0.9091710869439202,-0.7682836507790882
2024-09-30,KBS:HOSE:DSC,-5.979843728099015,0.667518082533952,0.8346862220677875,0.18881647167061869
2024-09-30,KBS:HOSE:DSN,-6.546773946561199,0.1096069658149839,0.4593680234471137,-1.4108994824592374
2024-09-30,KBS:HOSE:DTA,-6.943766285666254,-1.4256634522530192,1.2768667494563855,-0.18390740802678612
2024-09-30,KBS:HOSE:DTL,-6.948572210703167,-1.5147944492288041,0.9211350946130765,-0.3780476761323437
2024-09-30,KBS:HOSE:DTT,-6.952608486423214,-1.1353685138295968,-0.5142496195781481,-0.0428746105678052
2024-09-30,KBS:HOSE:DVP,-6.674128294480155,0.35885632847538934,-0.03777296700701759,-1.3995543911811108
2024-09-30,KBS:HOSE:DXG,80.92039730549196,-0.5705518811537076,0.8891950168826268,1.1558574892362878
2024-09-30,KBS:HOSE:DXS,-5.375015422942206,-1.5881708927884999,0.39478048283138967,0.5827967179121809
2024-09-30,KBS:HOSE:DXV,-6.9435195310433,-1.542626799452379,-0.31803061462990445,1.6274798020100172
2024-09-30,KBS:HOSE:EIB,102.86799551777906,0.8747577747691653,0.8073562961273923,-0.42318833104496795
2024-09-30,KBS:HOSE:EVE,-6.483810024954542,-2.0209105324961403,0.10703932274478938,-0.5649486193046356
2024-09-30,KBS:HOSE:EVF,18.371707780480158,-1.235088065048899,0.5604350425871136,0.4022964253699758
2024-09-30,KBS:HOSE:EVG,-1.4661465493569663,0.14016396893708957,-0.5548252545674328,-0.043443231837378346
2024-09-30,KBS:HOSE:FCM,-6.910722861994764,-1.7093677135704568,1.1959843271482715,0.0036214198403716077
2024-09-30,KBS:HOSE:FCN,-5.134397263410945,-0.15522685595556146,1.3756733270052748,0.34402351535037223
2024-09-30,KBS:HOSE:FDC,-6.950887875616322,-0.25516791527831834,0.651380974683532,0.6262257026450067
2024-09-30,KBS:HOSE:FIR,-6.185461540617159,-2.47808639069239,1.276013529828288,-0.20818523779221987
2024-09-30,KBS:HOSE:FIT,-5.857042430930545,-0.34066252430144717,1.013803052370278,-0.7234492358816842
2024-09-30,KBS:HOSE:FMC,-6.362065536358282,-0.4305483752177411,0.24425457620917396,-1.217353244253895
2024-09-30,KBS:HOSE:FPT,207.61050180931824,0.5534511410977508,-1.3575638069149092,0.14108124200869784
2024-09-30,KBS:HOSE:FRT,23.550472235686478,1.3476497474663938,-1.4149542665233874,-0.9149689124755563
2024-09-30,KBS:HOSE:FTS,45.62009102539924,1.1985231775364187,-0.1024212004329316,0.36762872154951454
2024-09-30,KBS:HOSE:GAS,30.183238583856145,-0.5377662897111161,0.25266216140413716,-1.1930907734749019
2024-09-30,KBS:HOSE:GDT,-6.754358139590749,-0.14984388418962047,0.06095955156859429,-0.9600695955100198
2024-09-30,KBS:HOSE:GEG,-4.249219619358931,-1.2595748034477199,0.07030225990796672,0.036976563935641325
2024-09-30,KBS:HOSE:GHC,-6.838079443664585,0.07056819066547669,0.22714322966082254,-1.405770343838066
2024-09-30,KBS:HOSE:GIL,-4.274862533908077,-0.276992847971075,1.227107670853139,0.1895443171114415
2024-09-30,KBS:HOSE:GMD,20.03820854463635,-0.24901526195212434,-0.22017777620240697,-0.8744608929229453
2024-09-30,KBS:HOSE:GTA,-6.93102619418809,-0.8736377085442452,0.9356943206838179,-0.6126647908851806
2024-09-30,KBS:HOSE:HAG,13.732190081546527,-0.5479112289015209,-0.29341499638325097,0.27921814538364303
2024-09-30,KBS:HOSE:HAP,-6.874117287019534,-1.0334438675342341,0.42973954334031034,-0.583056138860581
2024-09-30,KBS:HOSE:HAR,-6.758578058844484,-1.342649083499127,0.237825863558504,-0.1789847704697991
2024-09-30,KBS:HOSE:HAS,-6.912956190938656,-0.9891121402323865,-0.7761842396279545,-0.4590163542659068
2024-09-30,KBS:HOSE:HAX,-1.1467785920912765,1.0068425853971474,-0.3974141847177421,-0.5458023459585232
2024-09-30,KBS:HOSE:HCD,-6.552946725580647,-0.24511161564222458,-0.521647548491089,-0.545264145562203
2024-09-30,KBS:HOSE:HCM,133.0644905552276,0.9209488199319456,-0.1254191961828076,0.14074718615798515
2024-09-30,KBS:HOSE:HDC,7.832260077496824,0.5119451153896022,0.9626100699332092,-0.1874147134325211
2024-09-30,KBS:HOSE:HDG,38.44493111334189,-0.27310910294971336,-0.17843262101110613,-0.10109413797516091
2024-09-30,KBS:HOSE:HHP,-6.324168751173003,-0.8147757291107227,0.18312494214713948,-0.9654138943428381
2024-09-30,KBS:HOSE:HHV,17.888446528895,-0.478866623046615,1.0685330477835522,0.23167146562768498
2024-09-30,KBS:HOSE:HID,-6.884999395727208,-0.17946628354143887,1.098921546085253,-0.05696951491993474
2024-09-30,KBS:HOSE:HII,-6.823411297842226,-1.2109908090980488,0.6382847188869499,-0.08390064911814232
2024-09-30,KBS:HOSE:HMC,-6.780319630503959,0.2824835883989056,0.5936068031786227,-0.5687009650737281
2024-09-30,KBS:HOSE:HQC,-3.871610416442748,-1.482808281871932,0.35993032900598476,-0.39849012167233494
2024-09-30,KBS:HOSE:HRC,-6.942428586775104,1.4043711364058715,2.1395011702313274,1.1312178175907406
2024-09-30,KBS:HOSE:HSG,78.31951440485484,-0.7792910387970152,0.1879281919938711,0.2628753408503845
2024-09-30,KBS:HOSE:HSL,-6.701129196538621,-1.4425199450390107,0.9299369652652513,-0.8078034999666486
2024-09-30,KBS:HOSE:HTI,-6.883036160371622,0.22168128941813312,0.5514838821598707,-1.5595325592399463
2024-09-30,KBS:HOSE:HTL,-6.885853361917663,4.893068915504944,0.1939155851434472,0.28448032425671566
2024-09-30,KBS:HOSE:HTN,-5.933252839716819,-3.1065503798837395,0.5841154736870754,0.6439247211709881
2024-09-30,KBS:HOSE:HTV,-6.9340017739129065,0.7076844009442557,0.547775445265903,-0.8921130883283164
2024-09-30,KBS:HOSE:HUB,-6.7646755004625945,-0.32370214410876547,0.35188605833234343,-1.0314659099090218
2024-09-30,KBS:HOSE:HVN,11.309125138046468,0.39481875022963836,-2.4587742965843407,1.654526837266898
2024-09-30,KBS:HOSE:ICT,-6.827492720488517,-0.9812498475243435,-0.2932503587979479,0.017373190782988778
2024-09-30,KBS:HOSE:IJC,2.2833169463211394,-0.193456133918614,0.5464251390659728,-0.47883400065866477
2024-09-30,KBS:HOSE:ILB,-6.871837432531334,-0.2873930809339502,-0.25388906707807257,-1.370190169393814
2024-09-30,KBS:HOSE:ITC,-5.456130601681961,-0.7282412048472676,0.17126776373200228,-0.28660260251930475
2024-09-30,KBS:HOSE:ITD,-6.727067366375786,-0.8877626612761446,-0.76774743172982,0.9986552949226721
2024-09-30,KBS:HOSE:JVC,-6.589514177150456,-0.6296621097070402,0.5174177505145335,-0.47379779338577394
2024-09-30,KBS:HOSE:KBC,31.085311696971836,-0.6451620768625358,1.1971898214114878,0.40595024957342446
2024-09-30,KBS:HOSE:KDC,16.815238505048914,-1.2444672121043387,0.10898961775684508,-0.863825382911355
2024-09-30,KBS:HOSE:KDH,45.17320495467742,0.5805954083578464,0.23856777518796363,-0.6902888454793079
2024-09-30,KBS:HOSE:KHG,-0.742228417117699,-0.9929745008886359,0.5813758432795885,-0.5360998083241093
2024-09-30,KBS:HOSE:KHP,-6.803865147839644,0.131536388583732,0.15247165113592434,-1.1326039870325997
2024-09-30,KBS:HOSE:KLB,-5.863817111662625,0.84439146316484,0.4968521959804897,-1.0192902796828458
2024-09-30,KBS:HOSE:KMR,-6.8977915294222445,-0.740507467128232,0.39757899045398365,-1.2410262618714996
2024-09-30,KBS:HOSE:KOS,12.630419120439853,-0.6527687083949852,0.047876385430656754,-1.513803438988745
2024-09-30,KBS:HOSE:KSB,2.415419578514454,-0.796669719702253,1.2944891784135903,0.3748267642181661
2024-09-30,KBS:HOSE:L10,-6.938462614276488,1.409225027886801,0.49158319651005355,-0.14310590132674517
2024-09-30,KBS:HOSE:LAF,-6.90405883793799,0.844891190135831,-0.5214669016163384,-1.420406722606791
2024-09-30,KBS:HOSE:LBM,-6.39599386728776,0.9885998660721693,-0.5896441004298892,-0.4796043056082344
2024-09-30,KBS:HOSE:LCG,1.0102619388447411,-0.512274231805061,0.8095514146116173,-0.23662286952882539
2024-09-30,KBS:HOSE:LDG,-5.396912532715152,-1.250779372209182,1.9574420314439114,1.5342046746185327
2024-09-30,KBS:HOSE:LGL,-6.917237783337533,-2.2173075820923858,0.805632032794175,-0.14113426050685146
2024-09-30,KBS:HOSE:LHG,-4.723751774877884,-0.027931634842692427,-0.39594887409386254,-0.7411792978631079
2024-09-30,KBS:HOSE:LIX,-6.563616433479388,0.5299988964846213,-0.6104388773075801,-0.8929885765432194
2024-09-30,KBS:HOSE:LM8,-6.940217617186417,-0.219235930260067,-0.60949945811208,-0.9674738294505589
2024-09-30,KBS:HOSE:LPB,21.377352826503376,3.7096147445251315,-2.803112900004663,-0.8340085530247259
2024-09-30,KBS:HOSE:LSS,-4.637696126940211,0.2067109108037762,0.12680061002871776,-0.24845595228382417
2024-09-30,KBS:HOSE:MBB,202.27611035782695,0.25174103703422435,-0.1080251137803644,0.0723899749638663
2024-09-30,KBS:HOSE:MCH,1.800084364786001,4.1473984918614,-3.0934194147823777,-0.7463607619506645
2024-09-30,KBS:HOSE:MCP,-6.904751747132218,-0.8221950251732568,0.9926881790683348,-0.5980529286727153
2024-09-30,KBS:HOSE:MDG,-6.758257267385119,-1.3881966173764961,0.14109317692391496,-0.38338570108515235
2024-09-30,KBS:HOSE:MHC,-6.843019545269444,-2.086499187880455,0.05751699466500106,-0.17927363449920833
2024-09-30,KBS:HOSE:MIG,-5.270466453296161,-1.5766858180178696,-0.6838887370781567,0.06497266576565121
2024-09-30,KBS:HOSE:MSB,51.988070656914985,1.5231562117740078,0.8853315765984907,-0.5906067474820875
2024-09-30,KBS:HOSE:MSH,-5.0819954926377635,-0.1451071184658095,-0.4726429973665835,-0.7561383116752926
2024-09-30,KBS:HOSE:MWG,203.56075275081562,0.018176683836422954,-1.1366514426354049,-0.24141325854652476
2024-09-30,KBS:HOSE:NAF,-3.850702558544121,3.684399771825934,1.5699847785286123,-0.2741960607634348
2024-09-30,KBS:HOSE:NAV,-6.931303599321621,1.1449090455860678,-0.26076925807694445,-1.0518677116054431
2024-09-30,KBS:HOSE:NBB,-5.914775686867259,-0.4953923885547095,0.3209600050843229,-0.5124936776915565
2024-09-30,KBS:HOSE:NCT,-5.84885500249231,2.4931025868401884,0.5957332656592284,-1.0443259682701123
2024-09-30,KBS:HOSE:NHA,-1.7491815773864254,-0.03193855660227643,-0.9706764448240187,0.2343902090731599
2024-09-30,KBS:HOSE:NHT,-6.92198283316349,-0.21965001956716088,0.43251170291077967,-0.33977882199864845
2024-09-30,KBS:HOSE:NKG,32.77214742684874,-0.7255503985403675,0.21969151305229775,0.06859278444955265
2024-09-30,KBS:HOSE:NLG,18.560786301621853,0.07005014313993105,0.18987038797912306,-0.42343513383873316
2024-09-30,KBS:HOSE:NNC,-6.6713601336862975,1.2751251789298195,-0.2650205114797141,-1.4341756719825616
2024-09-30,KBS:HOSE:NTC,-6.125940561579573,-1.2855252925359537,-0.3592766315353099,-0.7453468028938731
2024-09-30,KBS:HOSE:NVL,68.55661260184306,-3.4726356373872247,-0.5662979061680818,0.47378765772340914
2024-09-30,KBS:HOSE:NVT,-6.93387602017625,-0.9429590868968857,-0.07451906408224149,0.5270641390799734
2024-09-30,KBS:HOSE:OCB,2.420234185584065,0.02220346018184038,0.5539431474540567,-0.9330120175691404
2024-09-30,KBS:HOSE:OGC,-6.604621167677312,-3.236548928711455,-0.07381210101529947,0.01681481874045426
2024-09-30,KBS:HOSE:OPC,-5.6917270455167595,0.4762834721752708,0.3596641127543704,-0.9914733939773323
2024-09-30,KBS:HOSE:PAC,-2.7766557123313746,2.203335320641208,-0.9360320784676643,0.4318308989970101
2024-09-30,KBS:HOSE:PAN,4.665960996901835,0.1473519324606897,0.5709665597275706,-0.47980459952090987
2024-09-30,KBS:HOSE:PDN,-6.801242606854239,-0.9850282859104104,-0.1734189652339314,-1.1524210937266472
2024-09-30,KBS:HOSE:PDV,-6.652070076785524,2.6911898867783193,-1.1289556690332485,-0.7025783102378262
2024-09-30,KBS:HOSE:PGC,-6.203879590965141,-0.0296983455634715,0.3639809477382254,-1.201866238182091
2024-09-30,KBS:HOSE:PGD,-6.913454323438998,-0.6122524374002588,0.7553529784755741,-0.7249381585023614
2024-09-30,KBS:HOSE:PGV,-6.77242160420789,-0.714326579729823,0.430085760709467,-0.7142467660986739
2024-09-30,KBS:HOSE:PHR,-1.4471039723248598,0.28709209578405304,0.39715042539065926,-0.5635367896031311
2024-09-30,KBS:HOSE:PIT,-6.938454162091766,-0.6990101096309533,1.0590785644536742,-0.1807496724789344
2024-09-30,KBS:HOSE:PLP,-6.883198601394543,-0.2906813592577179,0.5252638621167279,-0.8807071595237991
2024-09-30,KBS:HOSE:PLX,16.796411483330207,0.04735487733793008,-1.1324971390689258,-1.2140820678938788
2024-09-30,KBS:HOSE:PNC,-6.9214604132739375,3.7688808835750747,1.5521086890457265,-0.46130497102189494
2024-09-30,KBS:HOSE:PNJ,43.782780308943465,-0.014083500862262205,-0.21952326692221616,-0.9401966530860066
2024-09-30,KBS:HOSE:PTB,-5.5081424424470145,-1.1121560125643963,-0.40425802364846225,-0.6937500033811435
2024-09-30,KBS:HOSE:PTC,-6.923035795026248,-1.091219376267056,0.6055024764059181,-0.2937684723932767
2024-09-30,KBS:HOSE:PTL,-6.866522538991814,-2.4109337581741266,0.642612504084551,0.08500282165612673
2024-09-30,KBS:HOSE:PVP,-3.3725441816961528,0.6670251528288578,-1.1838466848074154,-0.9834038915026103
2024-09-30,KBS:HOSE:PVT,6.858222172759314,-0.012571631478281556,-0.1719943753812141,-0.6196451754366852
2024-09-30,KBS:HOSE:QCG,-5.236030786797938,-2.7767474684587965,1.3252906190087403,2.999747446871749
2024-09-30,KBS:HOSE:RAL,-6.3842287913544675,-0.17087127622343715,-0.7914290708682246,-1.3441081802382515
2024-09-30,KBS:HOSE:S4A,-6.935607985611652,-0.053159891711516985,0.09667442218300504,-0.4387601838453362
2024-09-30,KBS:HOSE:SAB,12.184014540962165,-0.3514894175301393,0.6376855585975048,-0.5639539800279847
2024-09-30,KBS:HOSE:SAM,-1.7007811559207495,-0.36528534570061133,0.39457363512534427,-0.5477465036781589
2024-09-30,KBS:HOSE:SAV,-5.2011164087830615,1.5373427380108686,-1.5007226194624337,-0.5685446529405118
2024-09-30,KBS:HOSE:SBA,-6.755962784031998,0.11571325150665655,-0.33802162843631106,-1.0612912922505429
2024-09-30,KBS:HOSE:SBV,-6.934980132986881,0.3842462401606869,0.7638560074739628,-0.8584796069656545
2024-09-30,KBS:HOSE:SC5,-6.923578640653227,1.488454868703226,1.3226937819445854,0.19454476787389485
2024-09-30,KBS:HOSE:SCR,-3.1354730255906893,-2.200794885299003,0.4255959973634159,0.028403936588042134
2024-09-30,KBS:HOSE:SCS,-4.242824859275404,-0.1560057596665751,-0.4679620870317086,-0.9387680310123271
2024-09-30,KBS:HOSE:SFI,-6.917378346395132,-0.38081637496139353,0.3592668134324382,-0.8847537448848296
2024-09-30,KBS:HOSE:SGR,-0.7572093488025542,4.963599200978591,-1.9067884832635589,-0.22585662749759997
2024-09-30,KBS:HOSE:SGT,-6.655008513859639,0.9193958073627571,0.5112467045813975,-0.3501635437017271
2024-09-30,KBS:HOSE:SHA,-6.920702534092416,-0.6159692586954324,0.4482677087667802,-1.1134132495071996
2024-09-30,KBS:HOSE:SHB,87.38763137176375,-0.15393049695787656,0.5743348969577541,-0.5586759791151648
2024-09-30,KBS:HOSE:SHI,-3.7209518660505974,0.024876544519699492,0.4712390593454853,-1.5203928463494842
2024-09-30,KBS:HOSE:SHP,-6.746964822213038,0.8312573461417627,0.23263152037793386,-1.3816374140818275
2024-09-30,KBS:HOSE:SIP,2.268711402141311,-0.6438497328241902,-0.6395610873037757,-0.48644799461291266
2024-09-30,KBS:HOSE:SJD,-6.2757145414076385,0.016531394971963733,0.5055357581336686,-1.2160035939951406
2024-09-30,KBS:HOSE:SJS,4.138840615232764,0.815228435716032,1.0366490220018465,-0.5346961845630207
2024-09-30,KBS:HOSE:SMA,-6.928649659341714,1.0548959943068832,0.4419955437881879,-0.5291638605200453
2024-09-30,KBS:HOSE:SMB,-6.743542217124691,0.09914537320984405,0.3341630794066393,-1.5022795839147673
2024-09-30,KBS:HOSE:SMC,-3.5184201500660612,-5.290044377572758,-2.0851600360438756,1.4621329108495627
2024-09-30,KBS:HOSE:SPM,-6.944910342286549,-0.968536118895998,0.06557946576179616,-0.7010139363045427
2024-09-30,KBS:HOSE:SRC,-6.952123729613071,-0.15416264608040034,-1.150877863425107,0.5013361635726384
2024-09-30,KBS:HOSE:SRF,-6.858693951011625,-1.3174214718548691,-0.04006184042749759,-0.8825711548633742
2024-09-30,KBS:HOSE:SSB,147.45775697307812,-2.482812499991497,-0.48564608229279793,0.3100609588398023
2024-09-30,KBS:HOSE:SSC,-6.942968302331127,-0.3827085354956482,-0.2571023308063584,-0.9488931344851185
2024-09-30,KBS:HOSE:STB,161.50365468918966,0.6521920754994063,1.2362848867971554,0.22558556542235944
2024-09-30,KBS:HOSE:STG,-6.940282288078222,0.20083806326321768,0.9318545088797928,-0.04992010164224138
2024-09-30,KBS:HOSE:STK,-6.257602517172312,-1.1297210287568318,0.9147315983525217,0.4430966911544216
2024-09-30,KBS:HOSE:SVC,-6.9510422171696105,-1.7413270793340567,0.07423105047840599,0.18928602060426394
2024-09-30,KBS:HOSE:SVT,-6.814817866093457,-0.5675471397377821,-0.7358767306620325,-1.367066236124288
2024-09-30,KBS:HOSE:TCB,176.96657823235654,0.37054017370632697,-0.21625140046414423,0.18783256936319315
2024-09-30,KBS:HOSE:TCL,-6.5804420643097155,-0.17007143741335307,0.5929033466722744,-1.400137139930802
2024-09-30,KBS:HOSE:TCM,27.89998621252834,0.4501330289470006,-0.24639798067578011,-0.6085991906339205
2024-09-30,KBS:HOSE:TCO,-5.363635034691108,4.972165271207737,1.376918907132294,-0.1827886463765013
2024-09-30,KBS:HOSE:TCR,-6.947565306100122,-0.2961215514401566,0.8134423170595915,0.21011862971573791
2024-09-30,KBS:HOSE:TDC,-3.7031112793849026,-0.3653914363574301,-0.4041621066965435,-0.6922925898687798
2024-09-30,KBS:HOSE:TDG,-6.80008679333533,0.36129973407255755,-0.7783626831367958,-1.0196207148962046
2024-09-30,KBS:HOSE:TDP,-5.770996217810519,1.2158471691574917,0.07861386006308128,-1.3412910455711688
2024-09-30,KBS:HOSE:TDW,-6.9531554780991085,-1.139981255624004,-1.2331953589651103,-1.1631735831487546
2024-09-30,KBS:HOSE:TEG,-6.86470936896842,-0.8741155789875655,0.11711825700238862,-0.7475502695362729
2024-09-30,KBS:HOSE:THG,-6.530982483429245,1.4524088085654736,0.17035074314422838,-1.160846363382802
2024-09-30,KBS:HOSE:TIP,-5.148012105664052,-0.613713635062491,0.25714908723064056,-0.5962878511293638
2024-09-30,KBS:HOSE:TIX,-6.936313941304857,0.18787506527258999,0.20582502209410095,-1.0935652610553448
2024-09-30,KBS:HOSE:TLG,0.23632747182127228,0.3278686046444436,0.23792070115745265,-1.0645744511028
2024-09-30,KBS:HOSE:TLH,-5.8767784484542585,-2.690792106276319,0.5210879703728708,0.43985319398207984
2024-09-30,KBS:HOSE:TMS,-6.729966592824931,-0.4623847958013021,0.2376803238776115,-0.6477618267380598
2024-09-30,KBS:HOSE:TMT,-6.889946129680878,-3.753573424069592,0.6537392131848637,1.5508172215492613
2024-09-30,KBS:HOSE:TNC,-6.9563591407713705,-1.8955483092752572,1.152805822820547,0.8248080945706859
2024-09-30,KBS:HOSE:TNH,-0.9556407514812404,-0.3199237339396698,0.0010564763171212676,0.06321028611772748
2024-09-30,KBS:HOSE:TNI,-6.841282932776589,-1.1623540424369765,0.6665096206963754,-0.6332351230375218
2024-09-30,KBS:HOSE:TNT,-6.760584584293432,-2.0378141917470995,0.5005938797109898,0.039420107015564386
2024-09-30,KBS:HOSE:TPB,119.31821489556123,1.5495019320847774,1.3846080765320123,0.01337528175724978
2024-09-30,KBS:HOSE:TRA,-6.887991135005933,-0.2870721770615133,0.49379342477358507,-0.9118089661435739
2024-09-30,KBS:HOSE:TRC,-6.384075304339987,0.13603176729589922,0.08756341623175773,-0.5657448373054962
2024-09-30,KBS:HOSE:TTE,-6.509176544910425,7.957505514849608,2.7636345007949488,0.9388592300630345
2024-09-30,KBS:HOSE:TV2,-4.780436427484805,-2.257245703486301,0.2239295060327784,1.1404365981156561
2024-09-30,KBS:HOSE:TVB,-6.16319721943359,0.8054501065846388,-0.6826771839908912,-0.578778573449446
2024-09-30,KBS:HOSE:TVS,-3.1994863149643655,-0.2893659450493402,0.01715164511063,0.08616380094954128
2024-09-30,KBS:HOSE:TVT,-6.927701337782975,-0.1395182809641361,0.37982580599878263,-0.9567572084634514
2024-09-30,KBS:HOSE:UIC,-6.896659821795009,0.12152833144269036,0.39663151267743707,-1.132945156102046
2024-09-30,KBS:HOSE:VAB,-5.535116950435784,1.1333963619058323,0.3055409313165351,-0.61357288556116
2024-09-30,KBS:HOSE:VCA,-6.945185701796519,-0.9780820133209124,0.000946849460818184,-0.3982932121849413
2024-09-30,KBS:HOSE:VCG,22.78197639800233,-0.9587096398250937,0.5534577259289716,-0.14097275848444527
2024-09-30,KBS:HOSE:VDS,6.950838846539115,1.0247454330258015,-0.35243142559729984,-0.12384140039810103
2024-09-30,KBS:HOSE:VFG,-6.039013018471373,1.2532177047731436,-1.6466949773399586,-0.3799133252943171
2024-09-30,KBS:HOSE:VGC,8.762627409793502,-1.5618170400773503,0.33885906145937333,0.25589494761310033
2024-09-30,KBS:HOSE:VHM,236.89527480375727,-0.5887389050343583,0.5328252680707463,0.6991282620553042
2024-09-30,KBS:HOSE:VID,-6.929364606294881,-0.07986118780861527,0.18902207510242436,-1.0023362568646614
2024-09-30,KBS:HOSE:VIP,-5.846208745286887,0.8247103290109246,-0.21555083895134233,0.02554703590586849
2024-09-30,KBS:HOSE:VIX,103.88876458408208,-1.7415381547388202,0.4505337900130763,1.013296997501365
2024-09-30,KBS:HOSE:VJC,33.54731186449693,0.04279450376548676,0.43477968435303094,-0.803674321197386
2024-09-30,KBS:HOSE:VND,60.33501434920534,-1.0241905758605512,0.9792731525598988,0.30487780016261395
2024-09-30,KBS:HOSE:VNG,-6.940970774001323,-0.8023546122020122,0.20857131398693363,-0.3727807426575885
2024-09-30,KBS:HOSE:VOS,3.420399282991827,-0.23043881660386495,-1.2478953128593382,0.276596028933655
2024-09-30,KBS:HOSE:VPB,208.99210239142477,-0.1482240346545679,0.41027511946369466,-0.022797346155540885
2024-09-30,KBS:HOSE:VPG,-4.106446633259219,-0.16887516532688182,1.5445292421040366,-0.02222517512824852
2024-09-30,KBS:HOSE:VPS,-6.943923606116363,-0.46874284048231096,-0.08688338066217939,-1.1850867620748602
2024-09-30,KBS:HOSE:VSH,-6.5737534733996235,0.29675080971886525,0.1292468717259691,-1.1237333055743228
2024-09-30,KBS:HOSE:VSI,-6.941794465721843,0.3635777122258153,-0.05563757471912799,-1.025273572934039
2024-09-30,KBS:HOSE:VTO,-5.758392744944154,0.6312345734934509,-1.0711849074797255,-0.37069747529785135
2024-09-30,KBS:UPCOM:A32,-6.944017180192712,0.04764714348532204,0.03180607053312708,0.5772798153026651
2024-09-30,KBS:UPCOM:AAS,-6.196464144249234,-0.9439027599890376,0.9719300588190607,0.053293488790857595
2024-09-30,KBS:UPCOM:ABB,-3.989562260552192,0.07888420275174102,0.7954676095847398,-0.8697737029994522
2024-09-30,KBS:UPCOM:ABC,-6.828538770114228,-2.1166308119364903,0.012907965686866313,1.0298779993394882
2024-09-30,KBS:UPCOM:ABI,-6.543081126281628,-0.8149008025742789,0.009522678662721823,-1.1038073285321497
2024-09-30,KBS:UPCOM:ACE,-6.860030581326876,0.9930407480508202,0.603745285738225,-1.123795283722383
2024-09-30,KBS:UPCOM:ACM,-6.941578309390124,-1.7528963041606425,-1.561371114211915,1.9354829052540055
2024-09-30,KBS:UPCOM:ACS,-6.959298013802249,-1.6651026908530848,-0.6953062738703234,0.684598453516518
2024-09-30,KBS:UPCOM:ACV,-1.6038242292544498,-0.08233431241788175,-1.1555877620225121,-0.3649810152036479
2024-09-30,KBS:UPCOM:AG1,-6.931144508466141,0.16561423758853952,-0.13214390452203267,-0.23659869408092296
2024-09-30,KBS:UPCOM:AGF,-6.953029922328043,-1.4172368133452096,-0.41365561995382705,-0.3140472033374955
2024-09-30,KBS:UPCOM:AGP,-6.518858950205354,1.4819168374184508,-1.1156287938238847,-1.1968705219234554
2024-09-30,KBS:UPCOM:AGX,-6.932756224260808,2.7451411308033986,-1.2441507853390963,-0.3693653747728011
2024-09-30,KBS:UPCOM:AIC,-6.943161641334769,-0.1474136026837438,0.32818288699848863,0.49000741050617974
2024-09-30,KBS:UPCOM:ALV,-6.891724562034642,0.36442690527351024,-1.335815986240676,1.7459921331571688
2024-09-30,KBS:UPCOM:AMP,-6.9696712224616695,-3.476599092740346,-0.127073607636976,1.5475014501866295
2024-09-30,KBS:UPCOM:AMS,-6.469161809083046,-0.9593690946111627,-0.0245806145120186,-0.2409667937430612
2024-09-30,KBS:UPCOM:APF,-6.72449448432258,0.5570508994387631,-0.2087428926764729,-1.4358196847525881
2024-09-30,KBS:UPCOM:APL,-6.956978110700311,-0.7589949145512096,0.7633337609209876,1.1556361775881698
2024-09-30,KBS:UPCOM:APT,-6.9518724486828445,-1.7285713571315624,0.026160512682148113,0.07179321853364633
2024-09-30,KBS:UPCOM:ART,-6.938925471132658,0.08914269759103532,0.6604865420711843,-1.9349952838349798
2024-09-30,KBS:UPCOM:ATA,-6.9626608219701245,-3.1368585657106607,0.06246853143295751,1.0886929259146527
2024-09-30,KBS:UPCOM:ATG,-6.946193605623762,-3.3654658429778013,-0.9210118931809596,2.088428023796367
2024-09-30,KBS:UPCOM:AVC,-6.912741988376925,-0.4700484074035723,0.13332490702988486,-0.5843516216135551
2024-09-30,KBS:UPCOM:BAL,-6.9249167126946665,5.742832957231003,3.14959809332936,2.6829872489214583
2024-09-30,KBS:UPCOM:BBH,-6.963787038816902,-1.5567432290902325,-0.5644640585972733,2.753391957197069
2024-09-30,KBS:UPCOM:BBM,-6.971410163616027,-2.56259771138531,-0.9919256254136831,2.7271957003346077
2024-09-30,KBS:UPCOM:BBT,-6.949898687305639,1.429505690584124,0.6668071777077056,1.896548442398774
2024-09-30,KBS:UPCOM:BCA,-6.844597331559821,-0.9357288863517712,-1.077697394636592,1.5198266283663322
2024-09-30,KBS:UPCOM:BCB,-6.934595490341501,1.3285667318847623,-0.5810653399427053,-1.9795150310385825
2024-09-30,KBS:UPCOM:BCP,-6.944461731140821,-0.2267886330225915,-0.18708880558235297,-1.4998268551939906
2024-09-30,KBS:UPCOM:BDG,-6.901590809440268,1.3883777554135222,-0.2116640107310856,-1.3583387957068158
2024-09-30,KBS:UPCOM:BDT,-6.82853500477264,-2.4677935520901144,1.0767085629479944,0.3767638322567316
2024-09-30,KBS:UPCOM:BDW,-6.934071850046287,2.7161056556059955,-0.05352329737262762,0.4397547983924478
2024-09-30,KBS:UPCOM:BEL,-6.917316446899674,7.8090923261492975,-5.411092108749806,-1.640890994198578
2024-09-30,KBS:UPCOM:BGW,-6.948809273927919,-0.7152602803836927,-0.5230334968349571,-0.35524223810456723
2024-09-30,KBS:UPCOM:BHA,-6.937846513542144,0.9681506585642945,-0.6888027807136006,-0.8390268292352708
2024-09-30,KBS:UPCOM:BHC,-6.9244455772139,4.452890698558859,3.5690259540050966,1.5447598687300628
2024-09-30,KBS:UPCOM:BHG,-6.939749805178911,-0.4955527559791843,1.2354262365631923,-1.9203321687966584
2024-09-30,KBS:UPCOM:BHK,-6.9346860638989485,2.122472590063111,0.8849840011436744,0.40278799029401086
2024-09-30,KBS:UPCOM:BHP,-6.962703024712106,-0.8759033197555941,0.5492331534109236,1.8953203858489178
2024-09-30,KBS:UPCOM:BIO,-6.951218775287999,-1.0862176082009052,-0.1867365118000621,1.3743164741054552
2024-09-30,KBS:UPCOM:BLI,-6.812590681369172,-1.897077181318404,-0.06461392244201851,-0.45725824885269295
2024-09-30,KBS:UPCOM:BLN,-6.938051902576714,0.2598329245588179,0.4653050119367941,-1.931886118596201
2024-09-30,KBS:UPCOM:BLT,-6.8488079346331325,-2.697710932344307,-3.1033270743265033,-0.1808836869034241
2024-09-30,KBS:UPCOM:BMD,-6.947779587395515,-0.7559738635566795,0.30016266666240377,-0.22156041978022756
2024-09-30,KBS:UPCOM:BMF,-6.944555110916125,-1.4093665359541852,0.6369889834558516,0.3397942940596449
2024-09-30,KBS:UPCOM:BMG,-6.942928942902916,0.17874164216580354,0.2478699093694093,-1.1257249008844274
2024-09-30,KBS:UPCOM:BMJ,-6.413208692412053,-2.814665020224839,-1.1453259101911406,0.6498624932233635
2024-09-30,KBS:UPCOM:BMS,-6.705684853089695,-0.6661951053553825,1.115944922314531,0.3746256531009665
2024-09-30,KBS:UPCOM:BMV,-6.9480771931947585,1.3395783626930222,3.084324512100364,1.7181391762093972
2024-09-30,KBS:UPCOM:BNW,-6.9389686012473115,0.08384174482462976,0.6621921905474082,-1.9258758966521303
2024-09-30,KBS:UPCOM:BQB,-6.944284781560582,-1.3203836142115999,0.1741928574955827,0.47935731135010273
2024-09-30,KBS:UPCOM:BRR,-6.927173853748658,0.26276012186909636,0.6862957475372496,0.5979962098170473
2024-09-30,KBS:UPCOM:BRS,-6.94315760629801,0.9012688060436221,-0.011744401066030662,-0.36677895133985483
2024-09-30,KBS:UPCOM:BSD,-6.934899941813286,2.900586634722854,6.138757679866754,5.388754311148241
2024-09-30,KBS:UPCOM:BSG,-6.9577344984473735,-1.1759505960244865,-0.5508521569166975,-0.6695105836045713
2024-09-30,KBS:UPCOM:BSH,-6.947268106041512,-0.8421789966441563,-0.4887773321116358,-0.7361829804001908
2024-09-30,KBS:UPCOM:BSL,-6.926470609997922,-0.17428311017391163,0.07187424557767019,-0.8729753714511781
2024-09-30,KBS:UPCOM:BSP,-6.950578285929793,-0.9746388097938734,-0.25186101877132194,-0.4881365216156535
2024-09-30,KBS:UPCOM:BSQ,-6.910439119410054,1.1727875523913625,0.8349920386030748,-0.4578753778272812
2024-09-30,KBS:UPCOM:BTB,-6.9553233542417106,0.36201994256726633,0.3825171701331221,0.9598182740948247
2024-09-30,KBS:UPCOM:BTD,-6.962540824347977,-1.6669603394779895,-0.7042927262102364,0.4253996206143742
2024-09-30,KBS:UPCOM:BTG,-6.968299946308171,-0.4865526998114754,0.9842754838869884,3.395180920505789
2024-09-30,KBS:UPCOM:BTN,-6.912673735263964,-0.4035086474662425,0.8060356022949291,-0.5939650051804858
2024-09-30,KBS:UPCOM:BTU,-6.943114125909903,0.8324895771113869,0.22290223858798683,0.05215224246966942
2024-09-30,KBS:UPCOM:BTV,-6.948796498147871,0.6993549591775672,-0.4125725301065812,-0.074299913907122
2024-09-30,KBS:UPCOM:BVG,-6.932880642446347,0.7359093421249001,1.8732389940133665,0.6933907105081561
2024-09-30,KBS:UPCOM:BVL,-6.928704658303977,-0.12476544715754456,0.8456798525488575,0.8844499863979092
2024-09-30,KBS:UPCOM:BVN,-6.972800424394715,-2.1815059888000476,-1.1018891781408031,0.976748486897524
2024-09-30,KBS:UPCOM:BWA,-6.941921842893026,2.620636815981391,-1.9392115598237718,-0.6727719070386476
2024-09-30,KBS:UPCOM:BWS,-6.482667647366722,1.3908869791300538,-0.33656881069990174,-0.9397205354068656
2024-09-30,KBS:UPCOM:C22,-6.983275834757029,-5.114443631869222,-2.114372983528106,0.6197740380906482
2024-09-30,KBS:UPCOM:C4G,-4.977778101152513,-1.4988236804824513,0.8357056482826989,-0.41461424992834905
2024-09-30,KBS:UPCOM:C92,-6.9566417113878884,-1.7370933441263383,-0.6103530286782355,2.2346781570666865
2024-09-30,KBS:UPCOM:CAD,-6.979926427366277,-4.581568583648783,-1.3726736996280426,2.7531553812187393
2024-09-30,KBS:UPCOM:CAT,-6.923014612447956,0.5310215970906959,0.25749144214985786,-1.1793944958023828
2024-09-30,KBS:UPCOM:CBI,-6.969086538143777,-1.3610131409705963,-1.2573722518082826,1.830627810639181
2024-09-30,KBS:UPCOM:CBS,-6.587708826109163,0.6248753399557159,0.17507047132699025,-1.3534535826096057
2024-09-30,KBS:UPCOM:CC1,-6.787284498974504,0.6483619391086309,1.104966626976455,0.09696122371160414
2024-09-30,KBS:UPCOM:CCA,-6.964562824841314,-0.03180471143234904,0.28210853242689654,1.8741618527631394
2024-09-30,KBS:UPCOM:CCM,-6.920877816477453,0.8460233505286704,-1.093676148405884,-1.1645783586309495
2024-09-30,KBS:UPCOM:CCP,-6.932472703496176,2.988935276210035,1.0905246301509854,0.6309447804291326
2024-09-30,KBS:UPCOM:CCT,-6.967612978709518,-1.234430434749189,-3.7248566678890302,1.0772230923302326
2024-09-30,KBS:UPCOM:CCV,-6.93069738534982,2.5584992400177806,-1.5224285309895034,-1.3850226750538859
2024-09-30,KBS:UPCOM:CDP,-6.866409866164256,-0.6627752061290535,0.23693750699146068,-0.5960688675517049
2024-09-30,KBS:UPCOM:CDR,-6.918868014806363,4.123591744595082,-4.210326324717147,0.8656586386693728
2024-09-30,KBS:UPCOM:CEN,-6.902854580916433,-1.3285866792735719,3.324924111754012,2.4616260815550355
2024-09-30,KBS:UPCOM:CFM,-6.948955214742596,0.5992296160415295,0.9068022602386737,1.4338544755965752
2024-09-30,KBS:UPCOM:CFV,-6.961768022905881,-0.42042682815904264,-0.03565994498237707,1.5086201185938724
2024-09-30,KBS:UPCOM:CH5,-6.928234176839719,3.0546210679972354,-1.328106876761917,-0.3029285238620458
2024-09-30,KBS:UPCOM:CHC,-6.944039714655491,4.51574263449149,-5.106437083982759,0.4075708960593008
2024-09-30,KBS:UPCOM:CHS,-6.462044168612546,1.9374463409506397,0.5888739073276756,-0.05479738064398436
2024-09-30,KBS:UPCOM:CI5,-6.982858796009978,-4.425157301352838,-2.059335880537476,2.4453030240186275
2024-09-30,KBS:UPCOM:CID,-6.912569758583429,14.937097379258196,-10.733898297434727,4.889120136315204
2024-09-30,KBS:UPCOM:CKA,-6.778258963098548,-1.0698342611090605,-3.2629946086091004,-0.26201367688151084
2024-09-30,KBS:UPCOM:CKD,-6.910820739392215,0.8479622321869082,1.0105484956265793,-0.3426718463922528
2024-09-30,KBS:UPCOM:CLX,-6.41716092024684,-0.4421221089413993,-0.5129282504783219,-0.6607997040937834
2024-09-30,KBS:UPCOM:CMD,-6.931342571498422,0.9243290618529966,-0.47726593750405233,-0.5986455549997137
2024-09-30,KBS:UPCOM:CMF,-6.890004290342256,0.8909080958643306,-1.6787090548333838,-0.6110045540874102
2024-09-30,KBS:UPCOM:CMI,-6.957721902167046,-2.219495551319916,0.49548994095472076,0.15550257700974973
2024-09-30,KBS:UPCOM:CMK,-6.938925471132658,0.08914269759103532,0.6604865420711843,-1.9349952838349798
2024-09-30,KBS:UPCOM:CMN,-6.948103245099795,-0.25905765526297264,-0.23134623536410287,0.4748106968629383
2024-09-30,KBS:UPCOM:CMT,-6.906684239965998,-2.5149512664655598,-0.49244900379799544,1.4422328677087257
2024-09-30,KBS:UPCOM:CMW,-6.949548376047472,2.4154101686265883,-1.1782164414489456,1.5455817213500422
2024-09-30,KBS:UPCOM:CNC,-6.915620152472698,0.47093728341933133,0.03160457087404233,-0.7088341366136073
2024-09-30,KBS:UPCOM:CNN,-6.929407730012329,2.8525950721584272,1.075618021375269,0.5721144972141967
2024-09-30,KBS:UPCOM:CNT,-6.881664730389663,-1.5084969497648537,-0.4680514995607967,0.6160422209579152
2024-09-30,KBS:UPCOM:CPA,-6.956306658181096,-0.6860002461474749,-0.46987623656149974,0.7217263191819634
2024-09-30,KBS:UPCOM:CPI,-6.935903776952473,2.297865667565181,-0.38268861722887904,-0.6566633915167501
2024-09-30,KBS:UPCOM:CQN,-6.929840318857253,-0.44150479642841256,0.20080645078746967,-0.1238135298621942
2024-09-30,KBS:UPCOM:CQT,-6.950207011001806,-1.7344648332424404,-0.31261016972031963,0.057825988949708786
2024-09-30,KBS:UPCOM:CT3,-6.938925471132658,0.08914269759103532,0.6604865420711843,-1.9349952838349798
2024-09-30,KBS:UPCOM:CTW,-6.937766542814552,4.100859981058931,-2.152553673318324,0.39416245821357354
2024-09-30,KBS:UPCOM:DAS,-6.9863557980162545,-5.427536888979155,-3.128472691563928,0.93209431339688
2024-09-30,KBS:UPCOM:DBM,-6.957198436326869,-1.51212325127392,-0.7850280954219941,0.2664835751749022
2024-09-30,KBS:UPCOM:DC1,-6.94567025149095,3.424602768513245,1.7967017807349916,1.653047306247673
2024-09-30,KBS:UPCOM:DCF,-6.933480265232349,2.6578273800951218,0.006933762328691109,-0.31399309976295364
2024-09-30,KBS:UPCOM:DCH,-6.9356277930452395,0.8585798316022256,0.7486651197526495,-1.709988937824989
2024-09-30,KBS:UPCOM:DCR,-6.95288316264101,0.021121092019136575,-0.01816580258624618,0.05435896199877897
2024-09-30,KBS:UPCOM:DCS,-6.908979724636363,0.5897895789138816,-0.9559074089125724,1.1810655887109534
2024-09-30,KBS:UPCOM:DCT,-6.967461472675069,-3.3337050119528384,-0.740585891683832,1.3461503160710127
2024-09-30,KBS:UPCOM:DDH,-6.942518730709252,-0.4898255629839631,1.0334879798049952,-1.3306403900654629
2024-09-30,KBS:UPCOM:DDM,-6.966053908113819,0.05126406399022228,-1.6640712748626618,0.779457980487105
2024-09-30,KBS:UPCOM:DDN,-6.9383856392553716,-0.4599025879910627,0.44763638041714005,-0.27064793201350945
2024-09-30,KBS:UPCOM:DDV,-2.1775802113408673,0.3769764941743409,-1.145678618213589,0.2576015470918942
2024-09-30,KBS:UPCOM:DFC,-6.933525727670223,1.5098552859082348,-0.38810014378287105,0.171376532513121
2024-09-30,KBS:UPCOM:DGT,-6.02006614484042,-0.6598801935555333,-0.8300778584430563,0.05728037098433181
2024-09-30,KBS:UPCOM:DHB,-6.915913900373975,-0.9703087907464154,0.1292155446760737,0.6357279608790795
2024-09-30,KBS:UPCOM:DHD,-6.91433121651027,1.6078973611998095,-0.44687390416160633,-0.3257008809411426
2024-09-30,KBS:UPCOM:DHN,-6.92872141419958,1.449063658461234,-0.06946237294828185,-1.60336870815012
2024-09-30,KBS:UPCOM:DIC,-6.943967107158105,-1.638228719474599,0.23632502556660964,-0.23397835397486194
2024-09-30,KBS:UPCOM:DID,-6.938906916591631,-0.5666187519423231,0.4755070481138623,-0.12664117803072286
2024-09-30,KBS:UPCOM:DKC,-6.930634215693182,3.089918993664205,-1.2697070940286443,-0.9236895196067176
2024-09-30,KBS:UPCOM:DLR,-6.936275790873418,0.556854227309472,0.10332288920131917,-1.9179439254745516
2024-09-30,KBS:UPCOM:DLT,-6.944068210808214,-1.0764512984154953,1.6541534476108393,-1.2344649638113194
2024-09-30,KBS:UPCOM:DM7,-6.936142380812168,0.9253161840472206,-0.39531588495432207,-1.4481988819455571
2024-09-30,KBS:UPCOM:DNA,-6.884443490105992,-0.1722617653046588,-0.8605622111622526,0.14485619173642167
2024-09-30,KBS:UPCOM:DND,-6.936726317773089,2.287570229449511,2.126345940785921,1.1428705341077865
2024-09-30,KBS:UPCOM:DNE,-6.952633500608596,0.25713656993571926,-0.8066269201645113,0.16217687265070518
2024-09-30,KBS:UPCOM:DNH,-6.93336015693847,3.1081602131257973,2.621820079348925,1.8348605847923234
2024-09-30,KBS:UPCOM:DNL,-6.934756444755522,3.3613198176106143,1.8210822418513049,1.8346855588463462
2024-09-30,KBS:UPCOM:DNM,-6.970144265707458,-2.7325673119260174,-0.5959274965361242,1.1051529492735337
2024-09-30,KBS:UPCOM:DNT,-6.922842925657808,6.388244949829579,-0.9854382002345682,1.1870404542859143
2024-09-30,KBS:UPCOM:DNW,-6.892876162643533,0.5428875667347174,-0.725294476781587,0.01309686331495082
2024-09-30,KBS:UPCOM:DOC,-6.856623493825174,1.1150239465502911,0.11152304818561488,-1.0659978867357804
2024-09-30,KBS:UPCOM:DOP,-6.94757498362035,0.03880184687294906,0.33189165159388534,-0.500616847855068
2024-09-30,KBS:UPCOM:DP1,-6.9253443583809355,0.19280088964197262,-0.47866710578147553,-0.18423534473041064
2024-09-30,KBS:UPCOM:DPH,-6.937625307123368,1.3071357293157382,0.6042328103606819,0.6733407449526074
2024-09-30,KBS:UPCOM:DPP,-6.940035621541695,0.056552524221312774,0.6207017021636342,-1.7420263849180873
2024-09-30,KBS:UPCOM:DRG,-6.939507764585234,-0.8894846967678601,-0.4803798926453281,0.6461051239366253
2024-09-30,KBS:UPCOM:DRI,-4.710942646668663,1.1366899542397624,-0.14859879604535053,0.7633467393936347
2024-09-30,KBS:UPCOM:DSG,-6.9672863484055165,-1.4723927028375485,-1.8180596948867274,1.279722211354775
2024-09-30,KBS:UPCOM:DSP,-6.948853953391592,-0.34588033774381255,-0.36084148718868253,0.02388200373529411
2024-09-30,KBS:UPCOM:DTI,-6.918734595841716,-2.0311649883941696,0.9455304361719897,1.4886307904531126
2024-09-30,KBS:UPCOM:DTP,-6.886690831898006,3.7091171356377344,0.4261604507270246,-0.44513630307712715
2024-09-30,KBS:UPCOM:DUS,-6.947191422794787,-1.429902324581296,1.6328322725491007,-0.36569943528734633
2024-09-30,KBS:UPCOM:DVC,-6.898798583446831,-1.5318120934833062,-0.16848737168533157,0.5983598452559622
2024-09-30,KBS:UPCOM:DVW,-6.939110402035534,1.1771745141264234,-1.4016395910997725,0.10175646253104204
2024-09-30,KBS:UPCOM:DWS,-6.9346539072670526,2.715217964458548,2.0460298131465415,1.1651142959079355
2024-09-30,KBS:UPCOM:DXL,-6.980093305589062,-1.9478372543613356,-2.3613004827001536,2.5067675921990085
2024-09-30,KBS:UPCOM:E12,-6.939376546104964,0.7102269230324116,0.014871651526538018,0.5073040634072652
2024-09-30,KBS:UPCOM:E29,-6.975681997780664,-0.04162245143500478,-1.8307105951612515,5.058664782799788
2024-09-30,KBS:UPCOM:EIC,-6.948468371446382,0.5644340417269502,0.6116897665629168,0.023127243026100208
2024-09-30,KBS:UPCOM:EIN,-6.9198920295739095,-1.5511345999364852,0.8290017847677712,-0.0962295545567099
2024-09-30,KBS:UPCOM:EMG,-6.94261290170477,1.6613897022473239,0.11013338437819023,-0.0197082904653549
2024-09-30,KBS:UPCOM:EMS,-6.951623763478571,-0.7164180182484592,-2.149203972007878,0.9612886192600573
2024-09-30,KBS:UPCOM:FCC,-6.938925471132658,0.08914269759103532,0.6604865420711843,-1.9349952838349798
2024-09-30,KBS:UPCOM:FCS,-6.952950991092302,-0.1861462791661776,0.647512032487484,2.8481847174471118
2024-09-30,KBS:UPCOM:FHN,-6.94329553333603,0.17351328554569628,0.47047268531618275,-0.1361458137505239
2024-09-30,KBS:UPCOM:FHS,-6.948953727976223,0.09761286549783092,-0.7837538442342357,0.1357233355763729
2024-09-30,KBS:UPCOM:FIC,-6.924082037102994,0.9893508454408396,0.033190487724477795,0.09855190912839183
2024-09-30,KBS:UPCOM:FOC,-5.195316482376451,0.4795938511066541,0.3474506440490462,0.44407914316354186
2024-09-30,KBS:UPCOM:FOX,-4.973707494648355,1.3691918106189676,-2.3542159922099777,-0.30246400242942956
2024-09-30,KBS:UPCOM:FRC,-6.9426937695576685,0.6360617058587944,1.3342928859808743,-0.1787904733773008
2024-09-30,KBS:UPCOM:FRM,-6.945651258973332,-0.8478025453616088,1.0835551703564086,0.122217522462664
2024-09-30,KBS:UPCOM:FT1,-6.907510930411301,1.6356591851917515,0.2611160231872336,-0.8626227606201152
2024-09-30,KBS:UPCOM:FTI,-6.938925471132658,0.08914269759103532,0.6604865420711843,-1.9349952838349798
2024-09-30,KBS:UPCOM:FTM,-6.936838682298498,0.8577284059015401,0.6493022337914055,2.0798124667955933
2024-09-30,KBS:UPCOM:G36,-6.510232249214758,-0.7155901058419963,0.5846162399765784,-0.18864691107552264
2024-09-30,KBS:UPCOM:GCB,-6.938097446051645,0.2353025506280468,0.48637290054935134,-1.929666734347346
2024-09-30,KBS:UPCOM:GER,-6.983328652693101,-5.098738324263105,-3.2765217367089057,0.5825370750743768
2024-09-30,KBS:UPCOM:GGG,-6.996858774340409,-5.3464702640641475,-3.0655729747236946,1.9690606350554203
2024-09-30,KBS:UPCOM:GH3,-6.936403744510385,0.5580305379473609,0.20297636674071126,-1.892385349502662
2024-09-30,KBS:UPCOM:GLC,-6.938925471132658,0.08914269759103532,0.6604865420711843,-1.9349952838349798
2024-09-30,KBS:UPCOM:GMC,-6.934515154727819,-0.7028412385856063,0.5086523802779119,-0.5993612120915691
2024-09-30,KBS:UPCOM:GND,-6.947602865147031,0.2452843322485001,0.7480450837091049,1.054031305879318
2024-09-30,KBS:UPCOM:GSM,-6.931801624584902,1.0206586598164549,0.6952914544166388,0.4088584792814047
2024-09-30,KBS:UPCOM:GTD,-6.9895429235861135,-3.579772334035619,-1.1859131849450113,1.4305625676685747
2024-09-30,KBS:UPCOM:GTS,-6.930556828690158,2.62294751043368,0.7924760779620965,-0.7140893987183318
2024-09-30,KBS:UPCOM:H11,-6.937501750619534,-0.6398690120731195,2.15942661182641,2.683280750559661
2024-09-30,KBS:UPCOM:HAC,-3.6973634977590923,-0.8042534422320152,-0.9051569326328187,0.44934991755850345
2024-09-30,KBS:UPCOM:HAF,-6.954614091314777,-4.350456370723373,-1.7724745439781624,1.1119215726938643
2024-09-30,KBS:UPCOM:HAM,-6.945047156566395,0.9023513202076581,0.25224686935724727,-0.007386853107375559
2024-09-30,KBS:UPCOM:HAN,-6.926257851515448,0.3169216614082297,0.4463658115260054,0.17457272098145457
2024-09-30,KBS:UPCOM:HBD,-6.943916720781425,0.24658234326825396,-0.43685850905173246,-1.116690987417529
2024-09-30,KBS:UPCOM:HBH,-6.9605119548899435,-0.5909700503157032,-0.01870574901105385,0.9881877600477804
2024-09-30,KBS:UPCOM:HD6,-6.826283898831009,-2.1289257280989817,0.37577223876401245,0.09930950901179518
2024-09-30,KBS:UPCOM:HDW,-6.940723168632381,2.035209037544233,0.1046979097861295,0.46700194702473086
2024-09-30,KBS:UPCOM:HEJ,-6.953845660040555,-0.8291733541712325,0.06655491839840043,0.45477464945919227
2024-09-30,KBS:UPCOM:HEP,-6.932024963668646,1.6533632786564618,1.073030890354087,-0.02740214470807223
2024-09-30,KBS:UPCOM:HES,-6.911276197084727,7.965716672587335,1.9337470686250502,0.8522972825244358
2024-09-30,KBS:UPCOM:HHG,-6.709630805638669,-1.8804088764761708,0.9317287725006231,1.4461815596728023
2024-09-30,KBS:UPCOM:HLB,-6.739467211553203,1.4663335732097402,0.5922470329718188,1.905379155358501
2024-09-30,KBS:UPCOM:HLS,-6.952222194723278,-0.8674978594977689,0.8470951442651621,-0.5511081253250547
2024-09-30,KBS:UPCOM:HND,-6.879525571193267,-0.48281897224891684,0.2721419268247101,-0.8158404515109592
2024-09-30,KBS:UPCOM:HNF,-5.1912406307501735,2.0243095401725335,-0.5448963235993198,0.11259727736887659
2024-09-30,KBS:UPCOM:HNM,-6.5990728581660765,-0.5980427808144548,0.5263584275136509,-0.8284743812880565
2024-09-30,KBS:UPCOM:HPH,-6.955787666665593,0.8030264530704766,-1.4705695304617954,0.07682128414654127
2024-09-30,KBS:UPCOM:HPT,-6.941754754843827,0.4186911379344292,-0.7744129863427243,-0.5035950374825682
2024-09-30,KBS:UPCOM:HTM,-6.955040075986976,-1.12303197327891,0.09880110067936326,0.4975519702953029
2024-09-30,KBS:UPCOM:HWS,-6.904406706291177,0.9709382758120157,-0.5318260787400564,-1.4673615332756225
2024-09-30,KBS:UPCOM:ICI,-6.981159816779665,-2.1019958184130036,-0.6823013261416665,3.1518641301760844
2024-09-30,KBS:UPCOM:ICN,-6.880100265848893,0.9576206610124833,0.8518800495886416,-1.1677856404593554
2024-09-30,KBS:UPCOM:IFS,-6.90121058528265,-0.3975530646791219,-0.023959046159886654,-0.30883078090080485
2024-09-30,KBS:UPCOM:ILA,-6.885596961898475,-0.8571116629510246,-0.7074424868754265,0.1685859572988809
2024-09-30,KBS:UPCOM:ILC,-6.9764407463760225,-0.7120182058734615,0.2973576248544883,2.6309725128010726
2024-09-30,KBS:UPCOM:ILS,-6.955598599839802,1.1161515609168644,1.2916496816213872,2.2519395882055893
2024-09-30,KBS:UPCOM:IST,-6.94867686831377,2.77026222373778,0.1776454378329452,1.580708804870752
2024-09-30,KBS:UPCOM:JOS,-6.942299521553333,2.8146031149247634,4.954858452752551,3.6028942477206662
2024-09-30,KBS:UPCOM:KHW,-6.973033088808005,-4.709577509971026,-2.9898838225501616,0.32493076380186947
2024-09-30,KBS:UPCOM:KIP,-6.943443072160698,0.2678994561319671,-0.22113126035429198,-1.0186140767128127
2024-09-30,KBS:UPCOM:L63,-6.952708935610841,0.0010089699794845152,1.1979360643465264,0.717582754601588
2024-09-30,KBS:UPCOM:LAI,-6.273808063711353,1.1417955621455658,0.13147149674828448,0.5179065093310764
2024-09-30,KBS:UPCOM:LIC,-6.883594056876846,0.6150284342203599,-1.3773831635666536,0.6064808401174391
2024-09-30,KBS:UPCOM:LLM,-6.944691196210915,2.215966962244847,0.15401931442366892,1.3957477239503278
2024-09-30,KBS:UPCOM:LMI,-6.946664945760239,-0.10276365767729903,-0.2211867194042316,-0.4862844313089268
2024-09-30,KBS:UPCOM:LTC,-6.978072388670761,-2.9537714124201417,-5.873503766315608,0.12698178271141447
2024-09-30,KBS:UPCOM:MDF,-6.949509116897528,0.04623875869605321,1.3400132004804899,2.090769719670438
2024-09-30,KBS:UPCOM:MEC,-6.937663721664662,-0.6816939589761859,-0.2818240977450004,0.23452393766068524
2024-09-30,KBS:UPCOM:MFS,-6.472457645306589,-1.6762554768657099,-1.4844986775386901,1.8578475159572727
2024-09-30,KBS:UPCOM:MGC,-6.910925528231221,1.1081423417041731,-1.6051598292490905,-0.01132194501899037
2024-09-30,KBS:UPCOM:MGG,-6.949998147118561,0.22703317045942595,0.1993590519831461,0.6152251547801241
2024-09-30,KBS:UPCOM:MPC,-6.62613380482858,-1.0988430430162628,0.329966869070799,-1.028545373555871
2024-09-30,KBS:UPCOM:MSR,-6.006181231989357,-1.6108866192024218,0.8926115843331706,0.18467811687221278
2024-09-30,KBS:UPCOM:MVN,-6.864414508198936,0.8745707634740036,-4.189935738845149,1.6425971551786813
2024-09-30,KBS:UPCOM:NAU,-6.945462730746155,0.8605066017312324,-1.5373551402351116,-0.5221857206420492
2024-09-30,KBS:UPCOM:NBT,-6.9291425154815744,1.9894213697378127,0.026723239594567887,-0.22705603214921036
2024-09-30,KBS:UPCOM:ND2,-6.9177167104386195,1.161083889361487,0.7065834540743828,-0.7770422983543818
2024-09-30,KBS:UPCOM:NOS,-6.965455741591515,-1.967360498324405,-1.3524032720775923,0.09894173824298576
2024-09-30,KBS:UPCOM:NQN,-6.950418282203631,-0.4879520559868765,0.22854981425694465,0.3213531409748438
2024-09-30,KBS:UPCOM:NTT,-6.9483919346421965,0.6680653387747706,0.9798685976473817,1.555557127592426
2024-09-30,KBS:UPCOM:NTW,-6.321700441448166,1.8779600162158054,1.3410272384606359,1.0527028820507034
2024-09-30,KBS:UPCOM:NUE,-6.941646734806162,0.36669756674548293,0.08038592517214552,0.19847168883464633
2024-09-30,KBS:UPCOM:OIL,2.6335810181427597,-0.30408829201608134,-1.862452217831674,-0.9303134109625567
2024-09-30,KBS:UPCOM:PCC,-6.9374262204488035,2.8764816987043176,-0.10088640811235064,2.203882947515179
2024-09-30,KBS:UPCOM:PCF,-6.951134231297605,-1.848396673997766,-0.191694808631845,0.7222241959161675
2024-09-30,KBS:UPCOM:PFL,-6.876845346488655,-2.242733115544456,0.32659323919577127,0.05857249953168616
2024-09-30,KBS:UPCOM:PHP,-6.391107992944084,-0.25086220477103277,-0.7950652923087494,-0.7045285183678418
2024-09-30,KBS:UPCOM:PHS,-6.95515221939558,-1.1618167381332525,1.229225519804962,0.5298106428849844
2024-09-30,KBS:UPCOM:PVE,-6.9513976109796,-0.11017522769955358,0.24943885604304084,0.03919004754076707
2024-09-30,KBS:UPCOM:PVL,-6.830975257072289,2.188715607986751,1.2570183503956573,1.2351785381704732
2024-09-30,KBS:UPCOM:PVX,-6.770942296930159,-1.4086066607851713,0.4812708260392434,-0.2384645537442069
2024-09-30,KBS:UPCOM:PWA,-6.889009196309541,0.11533607221612147,1.2129044160957687,0.8009122505336119
2024-09-30,KBS:UPCOM:PWS,-6.942419594140994,-0.004925390767227764,-0.11033079702105567,0.8852384034083638
2024-09-30,KBS:UPCOM:PXA,-6.953224616314258,0.12557935005061668,0.05073673345859498,0.4592464884366524
2024-09-30,KBS:UPCOM:PXI,-6.917730190675231,-2.455468635662155,0.339661344479301,0.473331497463519
2024-09-30,KBS:UPCOM:PXM,-6.961294461418267,-0.4514873242494721,0.13009243803709672,2.186304499889592
2024-09-30,KBS:UPCOM:PXS,-6.915473028303508,-2.6995428250399094,0.5357502995857852,0.22476603710090162
2024-09-30,KBS:UPCOM:QCC,-6.973681806945094,-4.521030834654047,-2.9830347465141065,0.5654471990709461
2024-09-30,KBS:UPCOM:QHW,-6.935990243206003,0.7550445123761753,-0.5414920769392966,0.14713554147273802
2024-09-30,KBS:UPCOM:QNC,-6.934588999508068,-0.8580454869333883,0.29145566176033094,-1.0699892205893218
2024-09-30,KBS:UPCOM:QNS,-1.8421497965187912,0.15141604480727416,0.4408479660170972,-1.2617625693632728
2024-09-30,KBS:UPCOM:QPH,-6.9403508500108275,0.8578609100774373,-0.1992830854519886,-0.9491369780515744
2024-09-30,KBS:UPCOM:QSP,-6.926794612669034,0.718847598943469,-0.36381629356283307,-0.04262013441457013
2024-09-30,KBS:UPCOM:RIC,-6.956536593425558,-1.3789651626605295,0.784437709689212,0.9199763355987715
2024-09-30,KBS:UPCOM:S74,-6.836919705618967,2.604693283224721,-0.10863182295106504,0.8355327601900912
2024-09-30,KBS:UPCOM:SBD,-6.904952071219277,-1.8111638034374655,-0.2063717879498407,1.0461264958806817
2024-09-30,KBS:UPCOM:SBM,-6.944507951453554,-0.13882152395914213,0.05288791404244561,-0.6778343744220513
2024-09-30,KBS:UPCOM:SCJ,-6.923539365766696,-0.6787046322736175,0.7706179150056809,-0.3723467335802164
2024-09-30,KBS:UPCOM:SCL,-6.795032001048488,-0.639604942141973,-1.2654868104319135,0.6157176604620828
2024-09-30,KBS:UPCOM:SD2,-6.938814374877259,1.795987115407978,0.9919252535751225,0.34388875668913366
2024-09-30,KBS:UPCOM:SD7,-6.8429333771149174,1.0494863348250134,1.7529500721341462,0.4399418301669497
2024-09-30,KBS:UPCOM:SDP,-6.951414848196238,-0.2297977706562164,1.6097777240205686,0.9085459323149844
2024-09-30,KBS:UPCOM:SEA,-6.660501559218804,8.622745779157082,4.352425077183704,3.908440375120455
2024-09-30,KBS:UPCOM:SGB,-6.847670444978292,-0.051842519268392485,0.4855645784223501,-1.2976945728660598
2024-09-30,KBS:UPCOM:SGS,-6.9496651685649375,-0.07481609768731103,0.22601003234657233,0.9381601542392329
2024-09-30,KBS:UPCOM:SID,-6.811142458498761,0.344496951660486,0.5872004119759324,0.41005226544825796
2024-09-30,KBS:UPCOM:SJG,-6.957049504234428,1.0347625909851945,-0.5966619817741553,1.6506685985329175
2024-09-30,KBS:UPCOM:SKV,-6.904970831765378,-1.1981513812285036,0.27428162503202536,-0.7913149786518885
2024-09-30,KBS:UPCOM:SRB,-6.958188499453989,-1.6666503077930568,-0.39915672115564266,1.819932199891505
2024-09-30,KBS:UPCOM:SSG,-6.920354923271768,1.908707283892241,0.8329494706382993,1.4670911522935042
2024-09-30,KBS:UPCOM:SSH,-5.439748001214473,0.11466024434021062,0.46297477547400867,-1.5950270787601206
2024-09-30,KBS:UPCOM:STT,-6.9494355197388895,-0.5002287652384246,0.015786738546176675,-0.6354150585194507
2024-09-30,KBS:UPCOM:SWC,-6.846427151920391,0.2267886236743655,-0.17633018705931247,-0.09336007247276938
2024-09-30,KBS:UPCOM:TDB,-6.901284785784467,0.173189268576835,0.10417755338473376,-1.4848142214859092
2024-09-30,KBS:UPCOM:TDS,-6.91082816352055,-1.1814681965146592,-1.2118759884775523,1.6796864204897426
2024-09-30,KBS:UPCOM:TGP,-6.938948677944022,0.48148748498440863,1.271262012481236,0.1429471839030978
2024-09-30,KBS:UPCOM:THW,-6.9337518247436165,3.5466300572814102,0.16460782945068977,0.37432664974822005
2024-09-30,KBS:UPCOM:TIS,-5.278683412175285,3.578017620914145,-0.8085703438382094,-0.2547321673832875
2024-09-30,KBS:UPCOM:TLP,-6.946089197462276,-0.44922122122672564,0.2995066100922239,0.17681873203915274
2024-09-30,KBS:UPCOM:TNW,-6.944218150729912,2.1651208712660637,1.6851363545599953,1.1472396564487146
2024-09-30,KBS:UPCOM:TOS,-6.742952403449434,1.32695770162338,-1.2691476897537677,-0.9397888815649486
2024-09-30,KBS:UPCOM:TOW,-6.934128685436499,0.9867835206083895,-0.5727907660087831,0.8306369300179609
2024-09-30,KBS:UPCOM:TSD,-6.941349596913572,3.2451310514838254,2.4283364719280263,3.5324249559290855
2024-09-30,KBS:UPCOM:TST,-6.967780948033705,-2.3900226075735733,-1.3794359767965574,0.7530652837949741
2024-09-30,KBS:UPCOM:TTD,-6.887416040562782,-2.1498788769584696,-0.7838606906231539,-0.21857727176864947
2024-09-30,KBS:UPCOM:TTG,-6.939028378081653,1.135330685509848,-1.342389112253211,2.332392995679189
2024-09-30,KBS:UPCOM:TTS,-6.974982372849283,-2.8181661885118827,-0.09328422535799424,2.539649567893799
2024-09-30,KBS:UPCOM:TUG,-6.944289943366516,-0.20209749078644287,0.013041087269044334,-0.25067245952737827
2024-09-30,KBS:UPCOM:TV1,-6.787995873314368,0.2586789533072571,-0.49120018030000856,-1.0819663597141846
2024-09-30,KBS:UPCOM:TVN,-5.037645481653919,0.4605160444001715,-1.87225847588166,0.12088427549382401
2024-09-30,KBS:UPCOM:UDC,-6.915695035383589,-0.9577025053149808,0.07324769476564173,0.14123425759979225
2024-09-30,KBS:UPCOM:USC,-6.962995619657243,-1.0960434864980044,-1.0122278012728712,1.2192606238443762
2024-09-30,KBS:UPCOM:VAV,-6.934130669669266,1.0949379375959938,-0.4487893418694163,-0.2613895335706893
2024-09-30,KBS:UPCOM:VCP,-6.741219585498433,-0.5183136018286102,-0.16781284142127598,-0.650052493595776
2024-09-30,KBS:UPCOM:VCR,-6.828994756003989,0.23093382968903473,0.37978312235764733,-1.2700733836461973
2024-09-30,KBS:UPCOM:VDN,-6.950525929253809,0.1476124114964009,-0.8400178258879581,1.7149466049253825
2024-09-30,KBS:UPCOM:VEA,3.586206818753961,0.8890952535748792,-0.194293782993239,-0.6339742763683166
2024-09-30,KBS:UPCOM:VGG,-6.88574216411183,0.864633948792386,0.06219561694125969,-1.047327454265406
2024-09-30,KBS:UPCOM:VGI,13.099613134817256,1.2218786707863623,-4.184684852319354,1.4875684098814619
2024-09-30,KBS:UPCOM:VGT,-0.5225201832109712,0.08324904661327888,-0.6232105227377002,0.020217145945620133
2024-09-30,KBS:UPCOM:VHG,-6.4290872803122125,-1.8285785272832538,1.0366496290085203,1.4893262231931923
2024-09-30,KBS:UPCOM:VIM,-6.953786982594158,-0.6837200304986688,0.14057724349240378,0.6818891866542209
2024-09-30,KBS:UPCOM:VIN,-6.94719507557174,0.12282339186230708,0.909646521664246,0.21623268330210432
2024-09-30,KBS:UPCOM:VIW,-6.94950236943534,-1.0005282535892541,0.8403760957476194,-0.3215398711621526
2024-09-30,KBS:UPCOM:VKC,-6.93845111629993,-0.18389423763462825,-0.3366527663953597,1.4058850985454976
2024-09-30,KBS:UPCOM:VLG,-6.910578218183304,1.0166368154645296,-3.1958868238727574,0.568748295059463
2024-09-30,KBS:UPCOM:VLW,-6.9441520311133935,2.5275206633774543,-0.34352747255579485,1.600738665165513
2024-09-30,KBS:UPCOM:VNB,-6.7799555231975575,-1.3996517965964845,-0.027445023802372515,-0.21374993395128872
2024-09-30,KBS:UPCOM:VPR,-6.945106758821202,-0.3006813160150301,0.5172183261883669,0.5188733413576125
2024-09-30,KBS:UPCOM:VSE,-6.931384498612325,-0.2977166489084211,-0.379384546830987,-0.043528072417085166
2024-09-30,KBS:UPCOM:VST,-6.9344834572709715,0.4612543056655892,0.6673082611682432,1.0510957959005127
2024-09-30,KBS:UPCOM:VTK,-6.588536619701303,1.5137253051800763,-3.5823167149491515,0.9016475084261091
2024-09-30,KBS:UPCOM:VW3,-6.95302672091729,-0.4487435849557561,-0.20873782741015887,0.8891579583708303
2024-09-30,KBS:UPCOM:WSB,-6.881734843833172,0.4054850661325528,0.5987846920103531,-1.0939638582922122
2024-09-30,KBS:UPCOM:XMC,-6.922810489159304,-0.4465938905771684,0.13021471045620375,-0.39990224963445775
2024-09-30,KBS:UPCOM:XMP,-6.454552345587714,-1.9735196543494355,-1.3173619747602903,0.8098442130314649
2024-10-31,KBS:HNX:CST,-6.564412770299379,-1.2251437976644037,-1.656363899887043,-0.1442406044727591
2024-10-31,KBS:HNX:MIC,-7.1229086689849535,-1.3953227274188738,0.7073138851032653,1.5088031960824142
2024-10-31,KBS:HOSE:AAM,-7.082619163280005,-2.3808989942162904,0.3275502975900354,-0.23264707717050218
2024-10-31,KBS:HOSE:AAT,-7.050387479344743,-1.3671648241941892,1.0880812735835919,-0.40034653345151117
2024-10-31,KBS:HOSE:ABR,-7.058758272043514,1.806722609066798,0.07695024523971425,-0.42169331836302343
2024-10-31,KBS:HOSE:ABS,-6.813302043218224,-2.720350772840717,0.43184992729684085,-0.26941922531552315
2024-10-31,KBS:HOSE:ABT,-7.089169949739798,0.46933464263922625,-0.5241680984581072,-0.7939894702959885
2024-10-31,KBS:HOSE:ACC,-6.638902848201849,-0.07068431162596699,-0.03376481174986416,-0.6237326983074373
2024-10-31,KBS:HOSE:ACG,-6.917618172319635,-0.018436890147254234,-0.18881860653409407,-0.7337065232398904
2024-10-31,KBS:HOSE:ACL,-7.0528947987286985,-0.3520793196934809,0.23341237745344384,-1.1719112430519596
2024-10-31,KBS:HOSE:ADG,-7.10932561606997,-3.262334549243166,1.0023712001834013,0.06414759965990403
2024-10-31,KBS:HOSE:ADP,-7.040269297687744,-0.04036452470626849,-1.4980773761885418,0.24428904415173264
2024-10-31,KBS:HOSE:ADS,-6.57080920346468,-1.8363802264288323,0.21689421650535967,-0.26797197842937825
2024-10-31,KBS:HOSE:AFX,-6.947716638203332,-1.318926502167936,0.29228851066237543,-0.9194228605936203
2024-10-31,KBS:HOSE:AGG,2.0834581805746435,-1.7501643005005698,0.7381019738082988,-0.33572438466355237
2024-10-31,KBS:HOSE:AGR,-1.199775479319335,0.24405311411356573,-0.6795581486679501,-0.2027058861700429
2024-10-31,KBS:HOSE:ANT,-6.907612095564438,5.0183696720135185,-2.18210873488014,0.1837473300724931
2024-10-31,KBS:HOSE:ANV,2.613560344875373,0.4648877468175647,-0.3182470904700925,-0.868311197610768
2024-10-31,KBS:HOSE:APG,-6.0985246006943505,-1.920769055173788,0.7784007085486266,0.10530052456779239
2024-10-31,KBS:HOSE:APH,-5.50918969057172,-2.3508466669169152,1.1200863235125522,0.24729596419588393
2024-10-31,KBS:HOSE:ASM,-4.818062108897366,-1.128850257051379,-0.1561257117672469,-0.6987569211427166
2024-10-31,KBS:HOSE:ASP,-7.054912910419038,-0.6736481053802982,0.6323853704556374,-0.7780594133640623
2024-10-31,KBS:HOSE:AST,-6.966277960110244,-1.108057647160374,-0.12199350296900169,-0.8728915343458945
2024-10-31,KBS:HOSE:BCE,-7.057001503166285,0.1703408908864174,0.3303730671888171,-1.3890638561394626
2024-10-31,KBS:HOSE:BCM,0.388885975418789,-0.04330439077065345,-0.9175122867150632,-0.9091347233979797
2024-10-31,KBS:HOSE:BFC,0.9309293914498162,0.4791368705915707,-2.4941300267034348,0.32900274440365646
2024-10-31,KBS:HOSE:BHN,-7.097216476162999,0.5779779469122512,0.1660792282551547,-1.329700477095654
2024-10-31,KBS:HOSE:BIC,-6.41704525430201,0.5466039157853171,-0.3529603208872808,-0.58319766873163
2024-10-31,KBS:HOSE:BKG,-7.026827534349529,-1.3992782273081146,0.47648629667576087,-0.9737664246812276
2024-10-31,KBS:HOSE:BMI,-6.333256392156812,-0.11778605485351401,-0.10079981154878048,-0.7936084142821221
2024-10-31,KBS:HOSE:BRC,-7.05013267558797,0.4312229944543203,-0.20102308466328825,-1.0712081337086625
2024-10-31,KBS:HOSE:BSI,7.655145391884279,0.061096412712741875,-0.8495063268276867,-0.13501655551966568
2024-10-31,KBS:HOSE:BSR,44.75552187251124,-0.9603845563684204,-1.2056270143233387,-0.44038411384956555
2024-10-31,KBS:HOSE:BTP,-6.972251817124451,-0.987561463123292,-0.17101915171625234,-1.1846989868818392
2024-10-31,KBS:HOSE:BVH,-0.6852813287553764,0.012376133686058947,-0.2554676789316896,-1.1236296402907409
2024-10-31,KBS:HOSE:C32,-7.013997962254472,0.23997737560447807,0.03438791369744914,-1.5706224872462096
2024-10-31,KBS:HOSE:CCI,-7.078480928962896,-0.3309980095964361,0.2911573918720467,-0.10929967602347924
2024-10-31,KBS:HOSE:CCL,-5.99321954252334,-0.9450434118026046,-1.3249371740573552,0.0265521267386413
2024-10-31,KBS:HOSE:CDC,-3.9706407842187548,-0.9591858423172877,0.575339460364779,-1.322183301912906
2024-10-31,KBS:HOSE:CHP,-6.889432106740737,0.7726870908944831,-0.9037152270195784,-1.243542256578147
2024-10-31,KBS:HOSE:CIG,-5.907304715313288,6.90830764839159,1.8670439389792348,-0.7015925391514857
2024-10-31,KBS:HOSE:CII,16.990590312424548,-0.2528902027960435,0.35517610713885245,-0.6135101601506021
2024-10-31,KBS:HOSE:CKG,-4.543708670260106,1.092181102194152,-1.0398137478264262,-0.6762291536536448
2024-10-31,KBS:HOSE:CLC,-6.9894764279416535,2.07694851895849,-0.13066171681087993,-0.9704619939024102
2024-10-31,KBS:HOSE:CLW,-7.0629522371836835,0.4731228572849152,-0.6734500850746473,0.24745820360847975
2024-10-31,KBS:HOSE:CMV,-7.081139704005383,-1.073140158134614,-0.3285550240839722,-0.33500999849460633
2024-10-31,KBS:HOSE:CMX,-6.4491573888418925,-1.141177767991177,0.23008502864249408,-0.1875650747588212
2024-10-31,KBS:HOSE:CNG,-4.255430616207511,-0.8471297913786554,-0.8283423278552715,-0.7098012406553762
2024-10-31,KBS:HOSE:COM,-7.112174144848078,0.11643794288257281,1.1079972267262956,0.06672577322890637
2024-10-31,KBS:HOSE:CRC,-6.5187882800446415,0.2563244393743023,-0.4885934963023339,-0.9105606122538751
2024-10-31,KBS:HOSE:CRE,-6.6568369090346495,-0.37187000330757064,0.618795159353548,-0.9870784981594857
2024-10-31,KBS:HOSE:CSV,12.957151441152648,1.940282631584618,-3.857487566955911,0.8018106858965136
2024-10-31,KBS:HOSE:CTD,15.344931700768358,0.8027726466799562,0.6751098868407283,-0.6061029556229723
2024-10-31,KBS:HOSE:CTF,-2.3207067520149147,-0.2969708221135647,0.15169692036064014,-1.1255879605125938
2024-10-31,KBS:HOSE:CTI,-5.43145386553027,0.35313727822883867,0.6180386298515284,-0.8646914926194875
2024-10-31,KBS:HOSE:CTR,14.537408838033457,0.5935362834351587,-0.6864473375696789,0.029116848757111444
2024-10-31,KBS:HOSE:CTS,10.420429929524293,0.26459052297810554,-1.3880177799670381,0.050185062604003655
2024-10-31,KBS:HOSE:CVT,-7.104758357715983,-0.21604442215234126,1.0224971974602812,-0.8276789278330418
2024-10-31,KBS:HOSE:D2D,-3.6614332373319463,-1.5743372797329263,-1.8425472111528014,-0.010920594392534075
2024-10-31,KBS:HOSE:DAH,-7.043202479748999,-1.885458647818184,0.5017602271166446,-0.7701841150352652
2024-10-31,KBS:HOSE:DBC,65.98268379500158,0.09262095140778197,-1.0907553818020885,0.11487068649315314
2024-10-31,KBS:HOSE:DBD,1.9345283098623096,1.7876981456591499,0.5231862347524714,-1.0262658266422797
2024-10-31,KBS:HOSE:DC4,-6.102380858742811,1.7884464773951532,-0.058220919481916523,-0.5557270302973042
2024-10-31,KBS:HOSE:DCL,-2.134924603043016,0.5107194245356835,0.4266762003439049,-0.6487095476035095
2024-10-31,KBS:HOSE:DCM,33.658200869890294,0.40221935679869547,-0.9467610291010723,-0.4692965579473934
2024-10-31,KBS:HOSE:DGC,71.92784140294295,-0.36571309492569926,-0.04078997877724853,-0.26045235666913763
2024-10-31,KBS:HOSE:DGW,12.810738752181035,-0.9042708437221474,-0.5388109335253061,-0.6385835567881613
2024-10-31,KBS:HOSE:DHA,-6.2339162693760635,-0.2990637712722339,0.1601072006368162,-1.264163548658405
2024-10-31,KBS:HOSE:DHC,-4.529675554088182,-1.1228591522235776,0.032524364182000935,-0.8478903676224558
2024-10-31,KBS:HOSE:DLG,-6.172317526102372,0.2818287522706982,0.3293986922608314,-0.16956758005441497
2024-10-31,KBS:HOSE:DMC,-7.079689760233303,0.05225845646111281,-0.2783163180606951,-0.9738733943150778
2024-10-31,KBS:HOSE:DPG,17.099525396010087,-0.2124832594955979,-1.522961670360136,0.1320766536633574
2024-10-31,KBS:HOSE:DQC,-7.076440309067515,-1.0787470004746322,0.5176695586961068,-1.071262095836906
2024-10-31,KBS:HOSE:DRC,1.525592941361525,-1.6605412286813044,-0.8317982536186803,-0.30299120895698695
2024-10-31,KBS:HOSE:DSN,-6.970384050628046,0.05151756150954691,-0.21415208460710308,-1.4724878607732983
2024-10-31,KBS:HOSE:DTA,-7.1089468117410455,-1.5773272072587645,0.3810924323453543,-0.4799566572004586
2024-10-31,KBS:HOSE:DTL,-6.991490751695955,-0.3003933946532422,1.152001888507166,-0.4911105876655701
2024-10-31,KBS:HOSE:DTT,-7.12130496355685,0.09898412108149168,1.1625048160974774,0.23267858478402664
2024-10-31,KBS:HOSE:DVP,-6.802236729209467,1.047937125713006,-0.3206317585644259,-1.3774359210969067
2024-10-31,KBS:HOSE:DXG,98.31906897870653,0.9205726823597876,1.2302132614653385,0.21222666503751025
2024-10-31,KBS:HOSE:DXS,-5.7431822668668016,-0.6786675072785413,0.9240634087860428,-0.18397782008406824
2024-10-31,KBS:HOSE:DXV,-7.106669908557885,-1.9818412149476332,1.8948956373398178,0.38657778893289585
2024-10-31,KBS:HOSE:EIB,176.245298525792,1.1174062725995728,0.47839748777646873,0.05517796794158893
2024-10-31,KBS:HOSE:EVE,-6.534883146383256,-1.7756369097302311,0.8099822487860516,-0.7951922703642166
2024-10-31,KBS:HOSE:EVF,15.693967965795117,-0.9136137355642496,0.5439000859290879,-0.20683230261340352
2024-10-31,KBS:HOSE:EVG,-3.80734257180942,0.6966020706261445,-1.3351061135735514,0.18189438334673974
2024-10-31,KBS:HOSE:FCM,-7.0888782455522525,-1.0701627639202842,1.3433636701406018,-0.8974156341427677
2024-10-31,KBS:HOSE:FCN,-5.698866306996181,-0.4542441867140894,0.3895256476503235,-0.49961888263278526
2024-10-31,KBS:HOSE:FDC,-4.432553964812285,3.15763932139209,1.3130933508728249,0.46228228355375395
2024-10-31,KBS:HOSE:FIR,-6.471902013621533,-2.8319025543818683,1.0143009298651915,-0.6076641682542783
2024-10-31,KBS:HOSE:FIT,-6.238685191005444,0.00831418878872263,0.27139234960685715,-1.0271230303949055
2024-10-31,KBS:HOSE:FMC,-6.32874427497121,-0.6435963557729522,-0.006935110696489775,-1.207400854676313
2024-10-31,KBS:HOSE:FPT,179.63656076499424,0.8317991534267605,-0.707854109139775,0.40009154656220197
2024-10-31,KBS:HOSE:FRT,20.884118844019714,0.6517361806586753,-1.3860185888586765,-0.5475519382608554
2024-10-31,KBS:HOSE:FTS,25.11147478445735,0.34375644062494126,-1.2031220165385539,0.11784100144387263
2024-10-31,KBS:HOSE:GAS,10.819740055540008,-0.5091230451154625,-0.2657384484338605,-1.1737815772402902
2024-10-31,KBS:HOSE:GDT,-6.905477799186484,0.5442697726216059,-0.16873172471651313,-0.9204071169349997
2024-10-31,KBS:HOSE:GEG,-4.83323744394014,-1.444243500265321,0.3665614551106788,-0.38393394110904494
2024-10-31,KBS:HOSE:GHC,-6.736716527363464,1.1634154550848652,0.1238087981451572,-1.4354640668737524
2024-10-31,KBS:HOSE:GIL,-4.776233821413656,-0.7616785130201386,-0.09241998671081939,-0.536391423203663
2024-10-31,KBS:HOSE:GMD,24.634005813076072,-0.46440321407725116,0.05288638473389496,-0.6450780936930579
2024-10-31,KBS:HOSE:GTA,-7.108836538160118,-0.3300024331640831,0.8012418432709152,-0.8746483943398252
2024-10-31,KBS:HOSE:HAG,18.335967914101502,-1.5003409147504374,0.27077012502333814,0.08291863852877572
2024-10-31,KBS:HOSE:HAP,-6.9877532135467595,-0.33222005625296713,0.5668756319732479,-0.9131506113203257
2024-10-31,KBS:HOSE:HAR,-6.737223463526649,-1.126704373223634,0.5221493943754397,-0.4476332754325914
2024-10-31,KBS:HOSE:HAS,-7.114787440199153,-1.5533552965043027,0.05600887472225214,-0.35116229597421433
2024-10-31,KBS:HOSE:HAX,-2.094222290368888,1.6079766085229494,-0.8686334995933574,-0.49286085211314684
2024-10-31,KBS:HOSE:HCD,-6.669656676612046,-2.1955339011087807,-1.0894557536406757,-0.21149347197035817
2024-10-31,KBS:HOSE:HCM,109.24011577792187,0.3144620149680773,-0.8985214795949789,0.30812700290490375
2024-10-31,KBS:HOSE:HDC,27.73639468125889,0.1710579496325332,0.254200647049046,-0.41677312579839926
2024-10-31,KBS:HOSE:HDG,16.91988548386298,-0.4407252591630039,-0.5661590195921568,-0.38860970211260865
2024-10-31,KBS:HOSE:HHP,-6.110456568785033,-0.44344665833496305,0.03044614185768311,-1.2128065807342894
2024-10-31,KBS:HOSE:HHV,12.131074793148969,-0.5073402645930122,0.19505248223500568,-0.45428979796785457
2024-10-31,KBS:HOSE:HID,-7.037113992212356,-1.4563038755046753,0.020739524159098584,-0.5445319505933863
2024-10-31,KBS:HOSE:HII,-7.000288976328092,-2.3620805392372124,0.17804081701999572,-0.31870773919857487
2024-10-31,KBS:HOSE:HMC,-6.982421365571584,-0.19855511788327887,-0.3993548487394988,-0.8662085933811565
2024-10-31,KBS:HOSE:HQC,-4.482900411290515,-1.3148641465188107,0.16970593770687356,-0.6374951329119058
2024-10-31,KBS:HOSE:HRC,-7.122369543694708,-3.1009851767770757,-0.5350416127973187,0.4923726467010385
2024-10-31,KBS:HOSE:HSG,66.11384955325755,-0.8828252427054449,-0.1364974344685683,-0.12584673773166002
2024-10-31,KBS:HOSE:HSL,-6.969001996268525,-1.3148707580954873,0.5991462343347329,-1.179489591349319
2024-10-31,KBS:HOSE:HTI,-7.045914575683121,0.022807677256058822,-0.11070950639502436,-1.5411610606669441
2024-10-31,KBS:HOSE:HTL,-6.866566397180822,8.661071737455185,-2.0939324050203645,0.5824983255243505
2024-10-31,KBS:HOSE:HTN,-5.882654710655438,-3.923054523187861,0.8750664583366125,0.23369369983873803
2024-10-31,KBS:HOSE:HTV,-7.10740454833259,0.2783828864473768,-0.3739969063181671,-0.6922328755697393
2024-10-31,KBS:HOSE:HU1,-7.1190142698672565,-1.0157459858048346,0.2547191472024228,-0.1885243054867043
2024-10-31,KBS:HOSE:HUB,-6.945127711009098,0.13618558231176564,-0.08576178369182237,-1.25009177766092
2024-10-31,KBS:HOSE:HVN,8.064979731953253,2.595846044262238,-0.4275400815896544,1.0920930783560718
2024-10-31,KBS:HOSE:ICT,-6.936287011490399,0.5985418197230568,0.756536960810141,-0.19914482720996057
2024-10-31,KBS:HOSE:IJC,-0.16677585973040318,-0.17236440620535853,-0.37906488438672503,-0.8206549845035168
2024-10-31,KBS:HOSE:ILB,-7.054573517474587,0.14194408652557486,-0.6050118644231666,-1.1511160873035333
2024-10-31,KBS:HOSE:ITC,-6.336563878705769,-0.02668238639718532,-0.398126894286791,-0.7123883910325087
2024-10-31,KBS:HOSE:ITD,-6.357345495060535,2.1338012715335277,0.6344377442085554,0.39092635069461196
2024-10-31,KBS:HOSE:JVC,-6.814051484921607,-0.18846556693517635,0.06903275578988788,-0.8624933888642069
2024-10-31,KBS:HOSE:KBC,31.103545557548905,-1.0474303297409093,0.3883404478537842,-0.380248972910679
2024-10-31,KBS:HOSE:KDC,21.29952720865533,-1.0286791553587473,0.7663236503257587,-0.9421034018980825
2024-10-31,KBS:HOSE:KDH,36.54011856202285,-0.18181739726790408,-0.6257229059349265,-0.8665354544495054
2024-10-31,KBS:HOSE:KHG,-1.4301699871493332,-0.2566561728142837,0.27836214544152854,-1.0129361120273854
2024-10-31,KBS:HOSE:KHP,-5.94934525870126,4.512937297424325,1.1336941540165237,-0.7682240752210617
2024-10-31,KBS:HOSE:KLB,-5.73677036508934,-0.7268475330204682,-0.9830000259694663,-0.8167527833676237
2024-10-31,KBS:HOSE:KMR,-7.089302692674173,-0.8132603447265134,0.18955474574064957,-1.3431325105511986
2024-10-31,KBS:HOSE:KOS,0.14983811412919257,0.04668528704437958,0.20967518747853936,-1.4752658931221105
2024-10-31,KBS:HOSE:KSB,-0.4884703010068218,-0.7950550538398058,0.355394094504697,-0.4961339702394607
2024-10-31,KBS:HOSE:L10,-7.100748755996427,0.9715072552389804,-0.8786763092319508,0.09329024190001316
2024-10-31,KBS:HOSE:LAF,-6.996880016092103,1.8587608808763945,-0.7659917191273974,-0.9020685321340828
2024-10-31,KBS:HOSE:LBM,-6.900055778856957,0.5580820020064802,-0.5371254373634305,-0.30895801640645293
2024-10-31,KBS:HOSE:LCG,-0.6340676962219788,-0.5554595547236152,-0.049426697461482365,-0.8173260003303665
2024-10-31,KBS:HOSE:LDG,-6.134197018742884,-2.2663702435176627,1.1055865398809221,0.28200089135417555
2024-10-31,KBS:HOSE:LGL,-7.089250307185928,-1.6337038650182647,0.9425591538966535,-0.739027734655879
2024-10-31,KBS:HOSE:LHG,-5.867966873976132,0.04625192428463708,-0.6828019792869559,-0.6838341798006591
2024-10-31,KBS:HOSE:LIX,-6.6300518429029935,-0.7057790146823669,-0.8447572542343744,-0.597021439496985
2024-10-31,KBS:HOSE:LM8,-6.6641250841548585,0.5038371901513157,0.22066085784149117,-0.4715462536023389
2024-10-31,KBS:HOSE:LPB,33.5944469329228,2.8868862958724484,-2.254371874553347,0.1304215498273506
2024-10-31,KBS:HOSE:LSS,-5.401986411006838,-0.36652333251807706,-0.5947940578468379,-0.5830190540476403
2024-10-31,KBS:HOSE:MBB,141.08278631691394,0.09849927348041804,-0.497495321191276,-0.2490032722420082
2024-10-31,KBS:HOSE:MCH,0.20655976292585665,4.0907510988433335,-3.727202388886905,0.31111768553250146
2024-10-31,KBS:HOSE:MCP,-4.400898562552978,-0.34588809515962643,0.5933487140928454,-0.983705176076504
2024-10-31,KBS:HOSE:MDG,-7.122444508384413,-0.6091477523520223,1.2466118340542691,-0.33759612402120703
2024-10-31,KBS:HOSE:MHC,-6.994770067559303,-1.8388747978760285,0.6899235319308821,-0.4120507300136879
2024-10-31,KBS:HOSE:MIG,-4.89342629651974,-0.4390087148548176,0.42900678641134116,-0.3502751468549666
2024-10-31,KBS:HOSE:MSB,88.73682611497442,0.0569300276328439,-0.7698358519940232,-0.2697644005967609
2024-10-31,KBS:HOSE:MSH,-5.2707858303692126,1.1167713257750014,-0.03911061183922689,-0.7951566763554244
2024-10-31,KBS:HOSE:MWG,257.98651932812265,0.047669352086694566,-0.10454588259312678,0.45231236225175986
2024-10-31,KBS:HOSE:NAF,-3.9112272365269347,1.4776829554403486,-1.447834700039235,-0.44267601294619546
2024-10-31,KBS:HOSE:NAV,-7.098791645975072,0.08653737334506609,-0.6252120875806182,-0.6614675875461724
2024-10-31,KBS:HOSE:NBB,-5.426074307151969,0.8051377694235434,0.5233622675425625,-0.822111094415917
2024-10-31,KBS:HOSE:NCT,-6.751544612893925,1.6375044925056095,-1.3567757557587854,-0.6532737356769618
2024-10-31,KBS:HOSE:NHA,-0.3259515295514697,0.5308236078695076,-0.984185773275628,0.4994509727891702
2024-10-31,KBS:HOSE:NHT,-7.092472143660198,-0.44856977877855825,-0.11498171336640434,-0.41654245607515467
2024-10-31,KBS:HOSE:NKG,25.252571463325896,-1.141883034185651,-0.15913736901581466,-0.3086932443787011
2024-10-31,KBS:HOSE:NLG,21.4062343600841,-0.32228734026121014,-0.23657676844650055,-0.6208309378275496
2024-10-31,KBS:HOSE:NNC,-6.95066806736139,0.46699843295110627,-1.0226181545316346,-0.9665868544882729
2024-10-31,KBS:HOSE:NTC,-6.36901872311054,0.11028563269316283,0.8492787468710713,-0.7123739750273445
2024-10-31,KBS:HOSE:NVL,21.539274920102216,-1.7846005665070024,1.013340931820889,-0.23465481133285843
2024-10-31,KBS:HOSE:NVT,-7.098657895619532,-0.10439840439132227,0.5784262715665163,0.19587904911081508
2024-10-31,KBS:HOSE:OCB,23.665700811803706,-0.7748055308520936,-0.23227635160920843,-0.7504702384085639
2024-10-31,KBS:HOSE:OGC,-6.616538129393269,-1.1918791445993284,2.263122011199617,0.14457523930511929
2024-10-31,KBS:HOSE:OPC,-6.328973260722483,0.0032593805514314635,-0.010948925978328344,-1.1102680609069213
2024-10-31,KBS:HOSE:PAC,-6.674794892498987,-0.352860731184604,-1.67796731843547,0.4157524875719571
2024-10-31,KBS:HOSE:PAN,7.173323748964727,1.2402985535287308,-0.20724835131763603,-0.772746615629305
2024-10-31,KBS:HOSE:PDN,-6.997269203741834,-0.9414619345347427,-0.2563055940471115,-0.8288787249436843
2024-10-31,KBS:HOSE:PDV,-6.681090173896267,2.5120445768001107,-2.008813370229807,-0.12145753898361511
2024-10-31,KBS:HOSE:PGC,-6.950573153919789,0.24242288089224248,-0.04575275727558342,-1.1946326567691827
2024-10-31,KBS:HOSE:PGD,-7.0575351265806825,-0.13829643326247773,0.5427814992984844,-1.0155443931526735
2024-10-31,KBS:HOSE:PGI,-7.071406036684772,-1.437464998216064,-0.06893762127906977,-0.7921591609128525
2024-10-31,KBS:HOSE:PGV,-6.961413033935857,-1.472829076626481,-0.2976028566795628,-0.5492897646223783
2024-10-31,KBS:HOSE:PHR,-4.167345583030139,-0.25849445841166785,-0.6884561538523992,-0.8153545055809436
2024-10-31,KBS:HOSE:PIT,-7.115863862100219,-1.8464901859063407,0.5566507316406175,-0.418743684749732
2024-10-31,KBS:HOSE:PLP,-7.059675408059123,-0.6213186590795615,-0.5067569508712477,-0.7510325158564114
2024-10-31,KBS:HOSE:PLX,16.362724837125388,-0.9052352820449742,-1.2511812922956254,-0.2737021154740242
2024-10-31,KBS:HOSE:PNC,-6.7364909003496045,11.180563403757933,0.638627986653914,-0.5235328297779571
2024-10-31,KBS:HOSE:PNJ,26.811061183348425,-0.325701710907105,-0.4790567102384416,-0.6280931903429081
2024-10-31,KBS:HOSE:PTB,-3.5918690820900396,0.0985529779748391,0.453554179439815,-0.8104316278091045
2024-10-31,KBS:HOSE:PTC,-7.087065574156922,-1.6830963092453146,0.4563255657104544,-0.49601217779921086
2024-10-31,KBS:HOSE:PTL,-7.0448706846518725,-1.3913200775770467,1.152724819283274,-0.0330356815610275
2024-10-31,KBS:HOSE:PVP,-5.323959209643747,0.5047653869298907,-0.9988351196797397,-0.4962505827204479
2024-10-31,KBS:HOSE:PVT,17.296908820806582,0.14849992505223522,-0.3433032809454571,-0.6060125491519891
2024-10-31,KBS:HOSE:QCG,-1.7394042746852831,8.714493476278786,7.480103105318532,0.018243869250884948
2024-10-31,KBS:HOSE:RAL,-6.6357454044110495,-0.46107065134087755,-0.40884062182548814,-1.0362770086308881
2024-10-31,KBS:HOSE:S4A,-7.10683462968402,-0.9294221429370385,-0.17205461615840717,-0.6721053177987337
2024-10-31,KBS:HOSE:SAB,6.480106500933917,-0.5829389799528485,0.07320125820468347,-0.796566249110082
2024-10-31,KBS:HOSE:SAM,-3.6319558288846614,-0.4037178076399623,-0.1432149480536789,-0.8823593636335616
2024-10-31,KBS:HOSE:SAV,-6.811130790372047,0.8162167968816353,-2.2853890263144043,0.3635435248016524
2024-10-31,KBS:HOSE:SBA,-6.981510517909609,-0.03994102197165083,-0.27979495891634865,-0.928963092443823
2024-10-31,KBS:HOSE:SBV,-7.105996609487316,-0.3096683703096802,-0.098593334832806,-0.8878667541122783
2024-10-31,KBS:HOSE:SC5,-4.9202928181482495,3.288521716198034,1.5124343953785084,-0.3580812808795265
2024-10-31,KBS:HOSE:SCR,-2.3231387914137365,-1.5176637126225434,0.8179688152924958,-0.5523526924176101
2024-10-31,KBS:HOSE:SCS,2.502509995726055,-0.8184833311579742,-0.20678484900074195,-0.7089359235576547
2024-10-31,KBS:HOSE:SFI,-7.100911564071646,-0.12176910969392532,0.23628968496670294,-0.8576267958725989
2024-10-31,KBS:HOSE:SGR,-5.053176945089975,4.192940786682698,-3.9610189636843427,1.356130339745307
2024-10-31,KBS:HOSE:SGT,-6.761240390957879,0.8952016041447927,-0.5429570742782974,-0.4474188971451108
2024-10-31,KBS:HOSE:SHA,-7.0975528776003625,-0.6361775382816561,0.1682529646855676,-0.9370301902002692
2024-10-31,KBS:HOSE:SHB,74.18279680452189,-0.7976602567997019,0.17134918920640402,-0.8492941634933437
2024-10-31,KBS:HOSE:SHI,-1.4056043852596927,-0.09994170043587097,-0.06147865785706655,-1.5424668706155635
2024-10-31,KBS:HOSE:SHP,-4.913136746993599,0.6528844369538017,-0.5368664784783959,-1.3409468071609598
2024-10-31,KBS:HOSE:SIP,0.8186986996485075,0.6151779741004381,-0.5259414140935262,-0.48438515647124686
2024-10-31,KBS:HOSE:SJD,-5.541477055846757,0.7537762433272626,-0.0512731961946518,-1.3268151541485964
2024-10-31,KBS:HOSE:SJS,-0.06999149321144595,-0.5771973316525699,-0.41392521663575244,-1.1014466730476575
2024-10-31,KBS:HOSE:SMA,-7.1160710315304065,-1.630034077022933,-0.8048624802206621,-0.4976058735816806
2024-10-31,KBS:HOSE:SMB,-6.871353609534917,0.8601058140718335,0.019218164513763004,-1.437864808876966
2024-10-31,KBS:HOSE:SMC,-4.8190656598986505,-3.666046102944574,1.7758771592664786,1.5823371437372187
2024-10-31,KBS:HOSE:SPM,-7.111325331018308,0.15187506932995187,0.861496475616657,-0.7297825306571478
2024-10-31,KBS:HOSE:SRC,-7.1177964784759755,-1.7841431421342429,-0.0206199847983222,0.9911779857918571
2024-10-31,KBS:HOSE:SRF,-7.094508524315762,-1.12860016712402,-0.013585993549651294,-0.3774334083722621
2024-10-31,KBS:HOSE:SSB,58.4619026678572,-2.0437344294292807,0.8897020377014976,0.053080200332460664
2024-10-31,KBS:HOSE:SSC,-7.107988279026666,2.0227928609148864,0.32387342359643995,-0.7057061734324068
2024-10-31,KBS:HOSE:STB,258.7375538615822,1.185825934112318,0.8128887630930315,0.4669772227040539
2024-10-31,KBS:HOSE:STG,-7.112223110870708,-1.3173143547705657,-0.12328222027719157,-0.21299111657278388
2024-10-31,KBS:HOSE:STK,-6.792669480342624,-0.8342814104657248,0.34543753813648925,-0.2933846791888609
2024-10-31,KBS:HOSE:SVC,-7.109069086148344,-0.8888967229080046,0.818632117804365,0.1812811223709237
2024-10-31,KBS:HOSE:SVT,-7.089088786131553,0.41540041250208437,-0.17758297151525473,-0.7961235866210629
2024-10-31,KBS:HOSE:TCB,155.95088798266272,-0.21343275322578448,-0.5206666013468185,0.2256495637685298
2024-10-31,KBS:HOSE:TCL,-6.882061879692596,-0.05927204792677892,-0.045160253832548035,-1.4768245833266953
2024-10-31,KBS:HOSE:TCM,19.661504807541068,-0.6023136425382816,-0.8869681659608215,-0.5187846317107191
2024-10-31,KBS:HOSE:TCO,-5.736543383571709,2.381891632529313,-2.6600446536020117,0.3143893533633779
2024-10-31,KBS:HOSE:TCR,-7.1167701661290685,0.33226296962239493,0.4518535152807191,0.0034635414220333693
2024-10-31,KBS:HOSE:TDC,-5.704242941901852,0.079713057133672,-0.1842300595073949,-0.2562854214466613
2024-10-31,KBS:HOSE:TDG,-7.013671780348622,-1.0225536333336571,-1.4195159582657344,-0.24543529042454165
2024-10-31,KBS:HOSE:TDP,-5.382850307801092,0.7704252906105257,-0.8878601874617773,-1.0147615517761257
2024-10-31,KBS:HOSE:TDW,-7.115238752026545,1.1286714717315232,0.7035781927197159,-0.24832875952502126
2024-10-31,KBS:HOSE:TEG,-7.100325168169986,-0.6022901600829912,0.40640676118724145,-0.9215105490804107
2024-10-31,KBS:HOSE:THG,-6.799292170525255,0.8298575752909215,-1.0800400409695605,-1.0040373454989442
2024-10-31,KBS:HOSE:TIP,-6.119751900443456,-0.9279446078347607,-0.14067892574708385,-0.9597815998458027
2024-10-31,KBS:HOSE:TIX,-7.04748248515245,0.12470635868587424,0.31651573077635414,-1.0011858017187063
2024-10-31,KBS:HOSE:TLG,-2.8918828728727948,0.7510813018163344,-0.10176951410489128,-0.9737835276902208
2024-10-31,KBS:HOSE:TLH,-6.390302031122785,-3.24007420776553,0.3947462082053372,-0.01652347267069205
2024-10-31,KBS:HOSE:TMS,-7.073580982209779,-1.4947262224027273,-0.5087824504980598,-0.5136789515444272
2024-10-31,KBS:HOSE:TMT,-7.082974585742547,-3.5843930825274977,2.1889247015743036,0.7137639604639094
2024-10-31,KBS:HOSE:TNC,-6.8002571774770475,-1.079633497042228,2.1549328974645507,0.4665582057819437
2024-10-31,KBS:HOSE:TNH,-2.8002376080169986,0.33521139636010794,-0.5671136030692356,-0.18490418996356855
2024-10-31,KBS:HOSE:TNI,-7.035713682821079,-1.1612323335757615,0.14412872971473226,-0.7801124166934423
2024-10-31,KBS:HOSE:TNT,-6.8194977657452585,1.125977716171212,1.4540885198078988,-0.8103288952783076
2024-10-31,KBS:HOSE:TPB,147.52561942347043,0.6345002668062454,-0.2939576171494734,-0.14154835471837907
2024-10-31,KBS:HOSE:TRA,-7.053790948737822,-0.687601579345583,0.041734203710968844,-1.017961811757238
2024-10-31,KBS:HOSE:TRC,-5.209870067615584,0.7624533581638809,0.02124077222881939,-0.6255220560415407
2024-10-31,KBS:HOSE:TTE,-7.071465618659179,8.863144257508587,-2.046921196848234,0.4108452037474461
2024-10-31,KBS:HOSE:TV2,-5.094757719176135,-2.087247919256355,0.48065211986140505,0.3011950015150156
2024-10-31,KBS:HOSE:TVB,-6.609791407340685,1.070863811447569,-1.7037628563205358,-0.6191052290922044
2024-10-31,KBS:HOSE:TVS,-6.09395373465068,-0.2725028652219685,-0.5821081104503855,-0.2127819204992789
2024-10-31,KBS:HOSE:TVT,-6.582399039879268,-0.032984784991796724,-0.05875817691015881,-1.021568615216745
2024-10-31,KBS:HOSE:UIC,-7.072576250158237,1.0150765951323224,0.17330996255376316,-1.03344383549122
2024-10-31,KBS:HOSE:VAB,-4.023247515308359,-0.10486672571002972,-0.5142566882302778,-0.7778228558095186
2024-10-31,KBS:HOSE:VCA,-7.112044540353512,-1.2521824131731998,-0.11404765786263385,-0.35757537402155637
2024-10-31,KBS:HOSE:VCG,20.36613269228288,-1.2434658993011813,0.0763325561826251,-0.5563924342923429
2024-10-31,KBS:HOSE:VDS,9.95459194533505,-0.48291693569295696,-1.982861261236818,0.060887691001056655
2024-10-31,KBS:HOSE:VFG,-5.636775051828841,5.066296519347568,-0.11305079095212199,-0.2780918182733469
2024-10-31,KBS:HOSE:VGC,6.789237914635312,-1.2166752446705982,0.7347316902169206,-0.4072122097826567
2024-10-31,KBS:HOSE:VHM,328.5000765009472,-0.9432415082802484,1.1670486976696937,1.1234558436631956
2024-10-31,KBS:HOSE:VID,-7.106414430605106,0.2820246168589197,-0.009611553525248109,-0.8678564294272973
2024-10-31,KBS:HOSE:VIP,-6.4220268902827335,0.45925890679541587,-0.6435694422343654,-0.3073073666234623
2024-10-31,KBS:HOSE:VIX,95.82767855071523,-2.0211122449946934,0.29907617990655605,0.16106181214104348
2024-10-31,KBS:HOSE:VJC,60.02465605253905,-0.41730908541860634,0.505506011719908,-0.7855566343890819
2024-10-31,KBS:HOSE:VND,63.915203271025625,-1.1772209512910174,0.7749933994148915,-0.2544612188770375
2024-10-31,KBS:HOSE:VNG,-7.0917874854125715,-1.199572494469169,0.5382381993244976,-0.42831491664277876
2024-10-31,KBS:HOSE:VOS,2.011309276583208,-0.9730848531392642,-1.709636800574914,0.7926371179406985
2024-10-31,KBS:HOSE:VPB,230.08886057359572,0.28862527298236706,0.9113844139341214,-0.0981060868505275
2024-10-31,KBS:HOSE:VPG,-4.562450556458405,-0.5610805609963696,-0.0010829236438425417,-0.5446812058769761
2024-10-31,KBS:HOSE:VPS,-7.109631913354206,-0.34485722338861846,-0.18689252318588379,-0.976511228981026
2024-10-31,KBS:HOSE:VSH,-6.594576012165254,0.2548245942620037,-0.43307178965645327,-1.199009425579664
2024-10-31,KBS:HOSE:VSI,-7.109108257987248,-0.8458991664605117,-0.7711280441566567,-0.7921970713796818
2024-10-31,KBS:HOSE:VTO,-6.104111069090967,0.2379665654733933,-0.8229860329416105,-0.2383830643471511
2024-10-31,KBS:UPCOM:A32,-7.1040631154631955,0.3004197738642208,-0.5613805660895258,-0.2683581330410975
2024-10-31,KBS:UPCOM:AAS,-5.723176646181662,-1.8527217510099008,-0.18244689474584252,-0.45750207511993735
2024-10-31,KBS:UPCOM:ABB,-2.994552590875024,-0.6725382388367516,-0.1402467757288851,-0.9938587941708418
2024-10-31,KBS:UPCOM:ABC,-7.032368536942515,-1.641489642911896,1.046292142373073,0.4463998597667192
2024-10-31,KBS:UPCOM:ABI,-6.48143484343833,0.6746922540918525,0.40005655482388475,-1.008227381495447
2024-10-31,KBS:UPCOM:ACE,-7.018713360153113,0.18250380881333494,-0.37198730752096987,-1.104071271772927
2024-10-31,KBS:UPCOM:ACM,-7.123424138984917,-0.8081545203358066,1.103094179194065,2.543382705479883
2024-10-31,KBS:UPCOM:ACS,-7.126088866212791,0.5954275739460944,2.2328804110403357,1.0388772167080749
2024-10-31,KBS:UPCOM:ACV,3.8822998642902555,2.3389647063041394,0.300917509640742,-0.2731852063843262
2024-10-31,KBS:UPCOM:AG1,-7.091406606978269,1.7193555706588703,0.36003053293907755,-0.028515916985660323
2024-10-31,KBS:UPCOM:AGF,-7.122118176940796,1.525488948510421,1.7783645085941742,-0.1871645779120688
2024-10-31,KBS:UPCOM:AGP,-6.940795296656808,0.3370810207225811,-1.5304573282504559,-0.9728385867729183
2024-10-31,KBS:UPCOM:AGX,-7.085547125593169,2.1051377785573737,-3.034518524787178,0.3714245521241705
2024-10-31,KBS:UPCOM:AIC,-7.111186821445034,0.057092942649040225,0.14820123966100432,0.25177362166994793
2024-10-31,KBS:UPCOM:ALV,-7.073130412146591,-0.09138908696356368,-0.21132344222336713,1.5320899283507572
2024-10-31,KBS:UPCOM:AMP,-7.138899036332933,-4.018673862582529,2.1205214061598543,1.8003067424207926
2024-10-31,KBS:UPCOM:AMS,-6.694220708829465,-0.8356228938540706,0.6701310973337055,-0.4451567616400179
2024-10-31,KBS:UPCOM:APF,-6.806298355844911,-1.0691898078344892,-1.0623668595640607,-0.9683783278776339
2024-10-31,KBS:UPCOM:APL,-7.12987030983314,-1.2169321705446354,1.2948543565104156,0.6956439711850598
2024-10-31,KBS:UPCOM:APT,-7.1281882474083105,-4.5309305050854025,-0.23755658299423751,0.7697556158789083
2024-10-31,KBS:UPCOM:ART,-7.107323864632003,-0.06143801102389034,-0.13141060420773729,-1.9566898809391187
2024-10-31,KBS:UPCOM:ATA,-7.13433980311955,-4.181788324633837,1.0298464631507924,1.659991357485726
2024-10-31,KBS:UPCOM:ATG,-7.110258747779984,-0.3030931150925079,2.725741043029076,1.380317829419965
2024-10-31,KBS:UPCOM:AVC,-7.0805728251049365,0.9177303611147059,0.6214500552934262,-0.4759151189356897
2024-10-31,KBS:UPCOM:BAL,-7.121968785644002,-1.4344373948731985,-0.510020587625444,1.8482864610850447
2024-10-31,KBS:UPCOM:BBH,-7.135268212289805,-0.9464615731872258,0.7703786083529873,2.7411415192302484
2024-10-31,KBS:UPCOM:BBM,-7.116293814446707,-1.2251725158831137,0.544654985847902,2.6801565612134555
2024-10-31,KBS:UPCOM:BBT,-7.05816160956117,5.199498548970308,0.975389261981898,1.9917948323505714
2024-10-31,KBS:UPCOM:BCA,-7.051026937009942,-2.786043170433188,-1.2720170012914367,1.4078685304262788
2024-10-31,KBS:UPCOM:BCB,-7.101867787228481,0.9909645984772348,-1.5630897287959882,-1.4726216705812183
2024-10-31,KBS:UPCOM:BCP,-7.106832318147294,1.2427864512538784,-0.2679803207791469,-0.9537620859531317
2024-10-31,KBS:UPCOM:BDG,-7.02364757750423,0.5255612297111905,-0.9974140592300763,-0.9211793290444905
2024-10-31,KBS:UPCOM:BDT,-7.032674188773501,-2.960622142938695,1.2323055995583068,-0.37990597616312016
2024-10-31,KBS:UPCOM:BDW,-7.116679502576304,0.20759914566299742,-0.23617370213807898,0.8414348647725143
2024-10-31,KBS:UPCOM:BEL,-7.083597082478779,4.551945241084366,-5.966281068503893,0.3821706452261179
2024-10-31,KBS:UPCOM:BGW,-7.112118864833811,-0.5182421439256455,0.24949448438724262,-0.7480293962021571
2024-10-31,KBS:UPCOM:BHA,-7.095126355610434,1.4660460323127447,-0.36814882272999827,-0.3320351046919167
2024-10-31,KBS:UPCOM:BHC,-7.10402446340059,1.7185536205360454,-0.023649520178686025,0.5381594551721895
2024-10-31,KBS:UPCOM:BHG,-7.108752566406014,-0.2381963581124506,0.13668563593395408,-2.040493336716564
2024-10-31,KBS:UPCOM:BHK,-7.1078976208190126,3.223162380533486,-0.17545344357213552,0.2531206747195101
2024-10-31,KBS:UPCOM:BHP,-7.128297934342043,-0.709876343654162,0.3785304261027135,1.3801665604504287
2024-10-31,KBS:UPCOM:BIO,-7.119450082870983,0.1364927494353733,0.3065718181347092,1.6753344730794826
2024-10-31,KBS:UPCOM:BLI,-7.05831155040995,-1.3978692686909242,0.9926924814359297,-0.8038907599468919
2024-10-31,KBS:UPCOM:BLN,-7.106278794678026,0.07930911613341117,-0.33917600047077906,-1.8904765543416078
2024-10-31,KBS:UPCOM:BLT,-7.082860346685383,-1.1966035797523906,0.46222793522708683,0.8270552126456
2024-10-31,KBS:UPCOM:BMD,-7.124178142444296,-3.203638955814274,0.016297590378255376,0.12274654925744151
2024-10-31,KBS:UPCOM:BMF,-7.11256343671046,-0.7897103983236827,0.7516192507736426,0.15057184204521687
2024-10-31,KBS:UPCOM:BMG,-7.105748852507301,0.09774271942494714,-0.2972461154615528,-1.5447721693903784
2024-10-31,KBS:UPCOM:BMJ,-7.116021746849933,-0.005454405905888045,1.1088079692682773,1.1051332412972334
2024-10-31,KBS:UPCOM:BMS,-6.837070563534685,-0.03104702751030941,-0.2528241274532231,-0.1146871002567768
2024-10-31,KBS:UPCOM:BMV,-7.1274742412855945,-0.25859149140371457,0.9012166833107486,0.8653052916363154
2024-10-31,KBS:UPCOM:BNW,-7.107333289800292,-0.06444769849459468,-0.12769282322919906,-1.9580063668371512
2024-10-31,KBS:UPCOM:BQB,-7.11398249996357,-0.17601999371310753,-0.3773176198829942,1.021681991713352
2024-10-31,KBS:UPCOM:BRR,-7.092148505085601,0.9564836905119194,0.8414067890570287,0.6219878434680851
2024-10-31,KBS:UPCOM:BRS,-7.10578521942718,-0.3039502774745851,-1.1403854097815276,0.3690005422505892
2024-10-31,KBS:UPCOM:BSD,-7.110285165368356,4.234998658576406,1.3494762525145512,2.4522439486428773
2024-10-31,KBS:UPCOM:BSG,-7.100382756986471,0.018409059041705297,-0.3781201782126024,-0.2344821685228571
2024-10-31,KBS:UPCOM:BSH,-7.1120052390998785,-0.5430873127399232,-0.13475704046803091,-0.5647096870224881
2024-10-31,KBS:UPCOM:BSL,-7.099479688709064,-0.30516255230728234,-0.15382060410299897,-1.0472757778130048
2024-10-31,KBS:UPCOM:BSP,-7.115759525334354,-0.03282205827904449,0.3144168738945441,-0.28793420058628083
2024-10-31,KBS:UPCOM:BSQ,-7.099816036013157,-0.5262505097894636,-0.5767565038397938,-0.3288302985319881
2024-10-31,KBS:UPCOM:BTB,-7.127181637558906,-1.4478157046379754,-0.25401851112707285,0.8306638118516803
2024-10-31,KBS:UPCOM:BTD,-7.119661976948338,0.6403549382808195,1.2691573692640317,0.5208433929546946
2024-10-31,KBS:UPCOM:BTG,-7.148547413166227,-3.0487962562522766,1.8374033930201614,2.8512662820096097
2024-10-31,KBS:UPCOM:BTN,-7.0945691390249,-0.663283161819729,0.2351340024543778,-0.2984184037091157
2024-10-31,KBS:UPCOM:BTU,-7.120459407685983,-1.2379232019756208,-0.6139366389134155,0.31646990247935636
2024-10-31,KBS:UPCOM:BTV,-7.118953411268056,-0.4395154248934321,-0.3091842631777962,0.33660016224632955
2024-10-31,KBS:UPCOM:BVG,-7.107841158289369,-0.6358291968222762,-0.8570227473921815,-0.44736351966212995
2024-10-31,KBS:UPCOM:BVL,-7.125117568651626,-1.361262707767748,0.6818486951589013,0.7692937251364943
2024-10-31,KBS:UPCOM:BVN,-7.132253872357838,1.0530375624640624,1.5375642558960407,2.111763706858907
2024-10-31,KBS:UPCOM:BWA,-7.099450302989324,2.674439652823682,-2.3732200986681624,0.10694782777678705
2024-10-31,KBS:UPCOM:BWS,-6.929907019868532,1.2291398575354835,-0.8255376039733434,-0.7689514778293802
2024-10-31,KBS:UPCOM:C22,-7.132530693455799,9.16124979337328,7.779652053535479,0.7964137197514665
2024-10-31,KBS:UPCOM:C4G,-5.915584703695451,-1.3940468121444682,0.31158674553123356,-0.8829681853552399
2024-10-31,KBS:UPCOM:C92,-7.088207445712195,1.342952809765229,1.49957171986608,1.8468020702768733
2024-10-31,KBS:UPCOM:CAD,-7.1462896138069345,0.6569483029336972,4.1869886519869395,2.9818227400481776
2024-10-31,KBS:UPCOM:CAT,-7.074196082945633,0.39302137406287446,-0.42634233881471756,-1.0879979806940412
2024-10-31,KBS:UPCOM:CBI,-7.1214993557309585,1.0925642358706684,0.21516486044310834,1.7622338892652691
2024-10-31,KBS:UPCOM:CBS,-6.841609470884354,0.4870058925791832,-0.7736593971645275,-0.7173441335780794
2024-10-31,KBS:UPCOM:CC1,-7.090417060694084,-0.5594611528627977,-0.7701390765251128,0.08398516473597391
2024-10-31,KBS:UPCOM:CCA,-7.128786751221591,2.364754850597869,1.795123289780743,1.9411757039598412
2024-10-31,KBS:UPCOM:CCM,-7.066749100337887,0.33664703985437555,-1.3842823895092722,-0.7410520821496377
2024-10-31,KBS:UPCOM:CCP,-7.1119884074870425,1.0320261307101715,-0.40669946842032656,0.4306402491884248
2024-10-31,KBS:UPCOM:CCT,-7.119128388268739,-0.6590456357454101,-2.6096650224948026,4.396499712677344
2024-10-31,KBS:UPCOM:CCV,-7.0971630045636145,1.7095295341960273,-2.548747341889816,-0.9063507496129426
2024-10-31,KBS:UPCOM:CDP,-7.111199871749235,-0.309749041537662,0.05223389259255082,-0.9792315862493362
2024-10-31,KBS:UPCOM:CDR,-7.11077084116294,1.156600867497555,-3.6691902667932035,2.9126050598849784
2024-10-31,KBS:UPCOM:CEN,-7.088188954678972,-1.6981390815289041,1.530633006501021,0.43106646986726166
2024-10-31,KBS:UPCOM:CFM,-7.116785471448437,-0.07556986130057027,0.5422699267857586,1.6940558376201782
2024-10-31,KBS:UPCOM:CFV,-7.131316080652467,-0.01881378163192208,1.7285428031043664,1.6479045517063189
2024-10-31,KBS:UPCOM:CH5,-7.104370555177082,0.5153791898122488,-0.914810126801116,-1.6901759355365922
2024-10-31,KBS:UPCOM:CHC,-7.111910302862005,1.7490062773236308,-4.410884090949604,3.4528101821194555
2024-10-31,KBS:UPCOM:CHS,-6.841252141994904,1.0622526501409102,-0.6013334865028527,0.11337050316352043
2024-10-31,KBS:UPCOM:CI5,-7.145854200011607,-1.3220620461764254,2.3762327536953367,2.71404623364123
2024-10-31,KBS:UPCOM:CID,-7.09698288634281,2.5337190796449827,-9.887731621303603,6.4532394050084125
2024-10-31,KBS:UPCOM:CKA,-7.043073382080294,-1.1357807590546938,0.9616315232606187,-0.013853916145959074
2024-10-31,KBS:UPCOM:CKD,-7.106227141088871,-1.6583952546270448,-0.47450156977003427,-0.12351685048167628
2024-10-31,KBS:UPCOM:CLX,-6.7706422589279915,0.5402014269590296,-0.3529181947350771,-0.5598532125414911
2024-10-31,KBS:UPCOM:CMD,-7.097939555881707,1.077803561119345,-0.675031532238709,-0.09524292483507879
2024-10-31,KBS:UPCOM:CMF,-7.086662659142482,3.5389894722024255,-0.8539127488387267,0.3341111750579236
2024-10-31,KBS:UPCOM:CMI,-7.122231488650884,-1.195608815574253,1.3488709799582432,-0.3225139961258658
2024-10-31,KBS:UPCOM:CMK,-7.107323864632003,-0.06143801102389034,-0.13141060420773729,-1.9566898809391187
2024-10-31,KBS:UPCOM:CMN,-7.1133891581387285,-0.7080621217095162,0.6192094412365979,-0.8559937759249052
2024-10-31,KBS:UPCOM:CMT,-7.08828116285202,-0.4562935039514171,0.6564174889968203,0.7869369610483355
2024-10-31,KBS:UPCOM:CMW,-7.126944768447706,-1.504498210114687,0.028218529516397722,1.1689258307552486
2024-10-31,KBS:UPCOM:CNC,-7.0807801097771454,0.86262705225899,0.19132601122661674,-0.8861608628257867
2024-10-31,KBS:UPCOM:CNN,-7.105701099687146,0.6021822471580189,-0.8990843804942988,0.7786002975456368
2024-10-31,KBS:UPCOM:CNT,-7.073401865276057,-2.5080854835430277,0.24295489874466794,0.4462720559103348
2024-10-31,KBS:UPCOM:CPA,-7.123673401966799,0.896874835053441,0.5155918054965055,1.284090595579085
2024-10-31,KBS:UPCOM:CPI,-7.101523703894731,0.8682725950568723,-1.0303163159534927,-0.5651807657154971
2024-10-31,KBS:UPCOM:CQN,-4.273530475212165,0.3007104473933078,0.7219478732215483,0.1819295505415734
2024-10-31,KBS:UPCOM:CQT,-7.117833909404362,1.0414447005583656,1.7885750341307627,-0.033532692407526266
2024-10-31,KBS:UPCOM:CT3,-7.107323864632003,-0.06143801102389034,-0.13141060420773729,-1.9566898809391187
2024-10-31,KBS:UPCOM:CTW,-7.1098299766823585,0.861379869444502,-2.389486376020842,0.560777402682509
2024-10-31,KBS:UPCOM:DAS,-7.144516781834205,-2.9035346278355108,2.344583081102933,1.3068201172008735
2024-10-31,KBS:UPCOM:DBM,-6.939518193344004,-2.053628265933047,0.6408264481355943,0.7185621842006725
2024-10-31,KBS:UPCOM:DC1,-7.115791859149864,1.6937645975977276,-0.2764666240071489,1.290626616247532
2024-10-31,KBS:UPCOM:DCF,-7.109728102380108,-0.27431219854473105,-1.7739160862004124,1.1579305996896923
2024-10-31,KBS:UPCOM:DCH,-7.1185230651574525,-0.6593362677478943,0.5021177744320002,-0.7656754685169471
2024-10-31,KBS:UPCOM:DCR,-7.118370064206732,-0.7350938301015342,0.016666152714655026,-0.26917393211724566
2024-10-31,KBS:UPCOM:DCS,-7.102209527591001,-0.22802392384094233,0.041504497395848,0.7944094676746436
2024-10-31,KBS:UPCOM:DCT,-7.137378979713538,-1.7967621325901304,1.5790070769311337,1.7364052083499162
2024-10-31,KBS:UPCOM:DDH,-7.111583418256721,5.788967113360857,3.2858660585268127,-0.27229412602212794
2024-10-31,KBS:UPCOM:DDM,-7.132690483862172,1.5219469834327548,-0.29432255046269035,1.3596808292009914
2024-10-31,KBS:UPCOM:DDN,-7.106639503829393,0.05607936108680887,0.4774991018019178,-0.805785851971522
2024-10-31,KBS:UPCOM:DDV,-2.896171918096641,0.6684620270326674,-1.1438474928352278,0.1467752294599748
2024-10-31,KBS:UPCOM:DFC,-7.112985238283023,0.07460731487874446,-0.27220741807697046,1.1041051852983008
2024-10-31,KBS:UPCOM:DGT,-6.52116577739286,-1.1270490885774445,-0.5730189463942967,0.2318201410228704
2024-10-31,KBS:UPCOM:DHB,-7.092628160186471,-1.291554652079966,-0.19222393769188248,0.11466207626431305
2024-10-31,KBS:UPCOM:DHD,-7.069387540697225,1.2086991118654145,-0.6767816720303408,-0.2324146873177618
2024-10-31,KBS:UPCOM:DHN,-7.099833353910356,1.3751253944913144,-0.8324347776793369,-1.0743786903792139
2024-10-31,KBS:UPCOM:DIC,-7.122548434673389,-3.8071761082323246,0.03778603753135979,0.2628985207527909
2024-10-31,KBS:UPCOM:DID,-7.104174444970904,-0.8545224964026232,0.26188551875706045,-0.334211654350151
2024-10-31,KBS:UPCOM:DKC,-7.09088780154282,3.2326745383147077,-2.0851299750647367,0.3711681582623199
2024-10-31,KBS:UPCOM:DLR,-7.099282084262735,4.995787232409349,0.8235016692177197,-1.1197755717345692
2024-10-31,KBS:UPCOM:DLT,-7.1140310206966495,-1.0056626486595204,1.2666334682453364,-1.747794575707315
2024-10-31,KBS:UPCOM:DM7,-7.1174085352826335,-2.98255913122746,-1.2727345002059114,0.47576819535511966
2024-10-31,KBS:UPCOM:DNA,-7.118278286556258,0.03071624642335016,0.1821634261091763,0.47908776988339274
2024-10-31,KBS:UPCOM:DND,-7.105351451676004,1.5514276709177321,-0.1537794001835884,0.20302258687810493
2024-10-31,KBS:UPCOM:DNE,-7.1232623668614705,-0.8486952808609876,-0.3119392286157994,1.006732930782482
2024-10-31,KBS:UPCOM:DNH,-7.114451328773002,-0.3079116968148144,-0.5586733467894451,1.3398154720571251
2024-10-31,KBS:UPCOM:DNL,-7.122190623938485,-0.048829240489834745,0.1950079389505117,0.5574873980784409
2024-10-31,KBS:UPCOM:DNM,-7.130212595646966,-2.97801238667481,0.9778757914381362,1.1876268415589573
2024-10-31,KBS:UPCOM:DNT,-7.127040692158249,-4.089084282691881,-2.837475894056647,3.2153905619667658
2024-10-31,KBS:UPCOM:DNW,-6.777567644403907,-0.32543309879045534,-0.5279650018076374,0.2277086938177179
2024-10-31,KBS:UPCOM:DOC,-6.9050766503178185,0.9746149356322666,-0.873800822069047,-0.4201802306857389
2024-10-31,KBS:UPCOM:DOP,-7.108129608235737,2.3811641196667734,1.0211917531961576,-0.6386553866987749
2024-10-31,KBS:UPCOM:DP1,-7.084174163962211,0.8516662021218305,0.23424066176396807,-0.3732438489057366
2024-10-31,KBS:UPCOM:DPH,-7.10741815755496,0.9625182980456507,-1.2488554785420303,-0.5305251312324367
2024-10-31,KBS:UPCOM:DPP,-7.1361579205276735,-6.757481431917742,-1.322711686394713,1.79259828796306
2024-10-31,KBS:UPCOM:DRG,-7.110767034425393,-0.9970609428710485,-0.10588636367916635,0.7692129031596044
2024-10-31,KBS:UPCOM:DRI,-5.3052643896964256,0.6839836032498732,-1.1981664851102647,0.3379787041159317
2024-10-31,KBS:UPCOM:DSG,-7.1082592096472865,1.1444047955506655,0.5654451652854111,1.5541988742510935
2024-10-31,KBS:UPCOM:DSP,-7.113905335044624,2.4559332756007444,1.5156224354492651,0.014023263099304878
2024-10-31,KBS:UPCOM:DTI,-7.10421793642363,-2.72463577186875,1.2684476150779527,0.6270867286560946
2024-10-31,KBS:UPCOM:DTP,-7.084476206474222,0.11880281530923245,-1.4695571759126356,-0.05675911871332143
2024-10-31,KBS:UPCOM:DUS,-7.118019088027097,-1.2891159172329498,1.7070278490758648,-1.0664439836744684
2024-10-31,KBS:UPCOM:DVC,-7.125109780458441,2.6327371267494275,2.2856540436126163,1.4048135988008452
2024-10-31,KBS:UPCOM:DVW,-7.098598360979737,1.1977042010722672,-1.7449190062789723,-0.43048017402141137
2024-10-31,KBS:UPCOM:DWS,-7.113571101833321,-2.567387317042187,-2.424489645480808,2.1273510279699615
2024-10-31,KBS:UPCOM:DXL,-7.1560225993426,-3.057876291937187,2.401574818189245,2.7033276823677794
2024-10-31,KBS:UPCOM:E12,-7.114495035473856,-0.5920440994677425,0.21229439455073826,-0.10406279721378749
2024-10-31,KBS:UPCOM:E29,-7.149119898016093,-1.295972248928197,0.5619359819288936,3.8249510392363875
2024-10-31,KBS:UPCOM:EIC,-7.112714817342848,-0.05938481725520123,0.07063179570114259,0.0002850004948072313
2024-10-31,KBS:UPCOM:EIN,-7.102195110820637,-2.259621058485063,0.34343236864307175,0.13529222003754737
2024-10-31,KBS:UPCOM:EMG,-7.115786554708266,0.40014317156921003,-0.2784081477997917,-0.052278498299042
2024-10-31,KBS:UPCOM:EMS,-7.117392503807054,-1.2253076426251013,-1.0487338731250646,1.573064621210129
2024-10-31,KBS:UPCOM:FCC,-7.107323864632003,-0.06143801102389034,-0.13141060420773729,-1.9566898809391187
2024-10-31,KBS:UPCOM:FCS,-7.108160059006672,0.4832257587943734,-0.0698175074436277,2.1901565020934606
2024-10-31,KBS:UPCOM:FHN,-7.112816953586455,-0.26386390934309667,0.30991373575414205,-0.6652486455063074
2024-10-31,KBS:UPCOM:FHS,-7.1017616461638555,0.2896744499251724,-0.4150669764531797,0.5181036964058672
2024-10-31,KBS:UPCOM:FIC,-7.109289622795254,-0.015512131389942426,-0.7004285095599967,0.353143007693508
2024-10-31,KBS:UPCOM:FOC,-6.704042148389516,0.01075273115193225,0.07748263738142164,-0.07522380106871239
2024-10-31,KBS:UPCOM:FOX,-5.154925118545999,1.2736491416636984,-1.4066407439471462,0.09302072286563406
2024-10-31,KBS:UPCOM:FRC,-7.1098604155709095,0.673832781933315,-0.09721676889691218,0.15557587248573335
2024-10-31,KBS:UPCOM:FRM,-7.10988691906622,0.17605215408441985,-0.28144473783706,-1.468230468982216
2024-10-31,KBS:UPCOM:FT1,-6.959578622075678,0.8045948866144864,-0.8508474125625535,-0.6002466686323051
2024-10-31,KBS:UPCOM:FTI,-7.107323864632003,-0.06143801102389034,-0.13141060420773729,-1.9566898809391187
2024-10-31,KBS:UPCOM:FTM,-7.117047073857996,-3.3700665178604323,-1.261528724516244,2.3769066767460285
2024-10-31,KBS:UPCOM:G36,-6.816290691752282,-0.9891294334056514,-0.16766149672668298,-0.5112352540455374
2024-10-31,KBS:UPCOM:GCB,-7.107099952198671,-0.03416673378899014,-0.17277400853604027,-1.9437601871279766
2024-10-31,KBS:UPCOM:GER,-7.138944239965629,-2.2253669580668602,1.305925327053038,1.438888089155855
2024-10-31,KBS:UPCOM:GGG,-7.105514019943753,0.8534867335363328,3.4367522754256314,2.53333864227102
2024-10-31,KBS:UPCOM:GH3,-7.104482840831818,0.3021422502697199,-0.6480369722657316,-1.7753539296803666
2024-10-31,KBS:UPCOM:GLC,-7.107323864632003,-0.06143801102389034,-0.13141060420773729,-1.9566898809391187
2024-10-31,KBS:UPCOM:GMC,-7.101027293694257,-0.8077634161766362,0.6314169661878916,-0.8254532847919557
2024-10-31,KBS:UPCOM:GND,-7.122092392199827,0.9752985257208822,1.66147783410719,0.9127859287792661
2024-10-31,KBS:UPCOM:GSM,-7.093737565130935,0.37070515783391206,0.2810896101988053,0.059474596985759215
2024-10-31,KBS:UPCOM:GTD,-7.144383520654268,-0.00910261142541533,2.712688857404674,1.6378823975209988
2024-10-31,KBS:UPCOM:GTS,-7.113535703225804,-1.9806722303584567,-1.7676288809970886,0.33723586760064916
2024-10-31,KBS:UPCOM:H11,-7.088985990207135,-2.481069544591625,-0.06454184289060973,1.3980986991947277
2024-10-31,KBS:UPCOM:HAC,-5.7611397012682,-1.0604392461069156,0.7322041594095322,1.093117853138688
2024-10-31,KBS:UPCOM:HAF,-7.123613743765451,-3.7820466560664787,1.255806779099653,1.4937555302170487
2024-10-31,KBS:UPCOM:HAM,-7.117119313280454,-0.7284684672547159,-0.5492511770282562,-0.15563625093606193
2024-10-31,KBS:UPCOM:HAN,-7.086585239853756,-0.17372070731586972,-0.5502563032342267,-0.07074060560512056
2024-10-31,KBS:UPCOM:HBD,-7.11502088096438,-0.39177096830041097,-0.35628776618810953,-0.04791347766235544
2024-10-31,KBS:UPCOM:HBH,-7.135271424757394,-3.041697882636347,0.08136212708559738,1.4359233855849036
2024-10-31,KBS:UPCOM:HD6,-7.044242829541497,-2.1403968568608027,0.7160345385612849,-0.29109116422674475
2024-10-31,KBS:UPCOM:HDW,-7.114906588980462,0.9384155045545588,-0.1955477742314856,0.8425420787480943
2024-10-31,KBS:UPCOM:HEJ,-7.120535976109354,1.4236542081856247,2.0142206167589904,0.9527701060486135
2024-10-31,KBS:UPCOM:HEP,-7.107258473025775,1.022202899389773,-0.8190229093036266,-0.48558979950500897
2024-10-31,KBS:UPCOM:HES,-7.065853549112615,16.51872530519284,1.3344418492064536,2.172212936405122
2024-10-31,KBS:UPCOM:HHG,-7.0263104978330215,-2.3019057377549443,1.1166391618321063,0.7461121091010301
2024-10-31,KBS:UPCOM:HLB,-7.110347103870372,0.4545239980284886,-0.42753363969229174,1.5157395714991198
2024-10-31,KBS:UPCOM:HLS,-7.1194761169063785,5.5732286047529795,2.9376499803369724,0.21302497335705603
2024-10-31,KBS:UPCOM:HND,-7.0490953286967075,-0.6777288739307146,0.23717327323138188,-0.9311783051546965
2024-10-31,KBS:UPCOM:HNF,-7.009184682877514,0.9067732930800777,-0.7264936873898838,1.9895737350092022
2024-10-31,KBS:UPCOM:HNM,-6.8387630298061755,-0.39104164567922084,0.15478651548927738,-1.0168108713597168
2024-10-31,KBS:UPCOM:HPH,-7.119265503194094,-0.8096704524327459,0.4382452673680415,0.2345412690061225
2024-10-31,KBS:UPCOM:HPT,-7.107631407048923,1.246074202215093,-0.6424399646048741,0.29521746519673414
2024-10-31,KBS:UPCOM:HTM,-7.1074541000677405,0.19501849615058492,1.1693742423168063,0.2218276393501116
2024-10-31,KBS:UPCOM:HWS,-7.092469473590286,0.8680360599904546,-0.6725713076256765,-0.20018936629575232
2024-10-31,KBS:UPCOM:ICI,-7.142635379026764,0.5332741324270034,1.466710181355976,2.868193798643623
2024-10-31,KBS:UPCOM:ICN,-7.056098844949706,0.8286332635121264,-0.278879266082667,-1.092970022681981
2024-10-31,KBS:UPCOM:IFS,-7.06508602362814,-1.870648870228428,-0.161115838023185,-0.35366071245176967
2024-10-31,KBS:UPCOM:ILA,-7.0434142951026715,-0.9509019843811255,-0.07815339363739701,0.3494289961723566
2024-10-31,KBS:UPCOM:ILC,-7.138172410681542,-0.6550379866700614,0.2886342556112923,2.7063326474700946
2024-10-31,KBS:UPCOM:ILS,-7.124421528420323,1.8463129405208674,1.5322346069347816,1.3551630035744677
2024-10-31,KBS:UPCOM:IST,-7.11367296563092,2.5375399590647354,-0.07079904704370239,1.937033526957892
2024-10-31,KBS:UPCOM:JOS,-7.131636686817729,-2.4061138931002692,0.8472885441061453,1.6584190039406859
2024-10-31,KBS:UPCOM:KHW,-7.133579875556476,0.10296674178472567,2.658715214970998,1.0047627822137968
2024-10-31,KBS:UPCOM:KIP,-7.101249717077027,1.3410863765575138,-0.8520873568553585,-0.3393296055428277
2024-10-31,KBS:UPCOM:L63,-7.113112006937984,0.7868421111661369,0.5521204867858739,-0.4655875819122098
2024-10-31,KBS:UPCOM:LAI,-6.938756326856451,-0.3693298132052448,-0.6390604247056633,-0.005417907102761839
2024-10-31,KBS:UPCOM:LIC,-6.878606850758501,8.674394231573675,1.6575441006235638,0.6296403687073736
2024-10-31,KBS:UPCOM:LLM,-7.113756797658463,-0.40751970770087986,-1.9551472996026997,2.229775791968675
2024-10-31,KBS:UPCOM:LMI,-7.107653187873404,2.4461524728475537,0.6354593460372084,-0.734215974031474
2024-10-31,KBS:UPCOM:LTC,-7.150396208298898,-8.292745636774232,-1.2581283966094248,2.814406596062196
2024-10-31,KBS:UPCOM:MDF,-7.127622547379005,-2.7415479516784593,0.3469803939566574,2.275600028349354
2024-10-31,KBS:UPCOM:MEC,-7.124407252459911,-1.5870946415474325,0.5305930208216608,0.4965856685369164
2024-10-31,KBS:UPCOM:MFS,-6.468752878343016,0.3046932939598087,0.37601161859713617,1.205159141373528
2024-10-31,KBS:UPCOM:MGC,-7.098241125511916,0.6062109478677506,-0.8534786541338794,0.9101274641059859
2024-10-31,KBS:UPCOM:MGG,-7.11583554335009,0.7963795558502602,0.8251881525699581,0.9224167082008773
2024-10-31,KBS:UPCOM:MPC,-6.650426586628777,-0.4886086662061362,0.20799026313484206,-1.0220660228567666
2024-10-31,KBS:UPCOM:MSR,24.4073176208739,-1.295684144493079,0.8089748810742542,-0.17037368956120277
2024-10-31,KBS:UPCOM:MVN,-7.045756894728478,0.8607374461982339,-3.2328019181192205,2.2951958853769594
2024-10-31,KBS:UPCOM:NAU,-7.102113383574917,1.5867710435577915,-2.1624972350288525,-0.43161322512889777
2024-10-31,KBS:UPCOM:NBT,-7.106265010410597,1.100205474600064,-1.145157639320799,-0.1159716909786815
2024-10-31,KBS:UPCOM:ND2,-7.072677268885186,1.1414173353976331,-0.6443247500443277,-1.0923099623923913
2024-10-31,KBS:UPCOM:NOS,-7.137176049966344,-3.1632803780033973,0.5332971940616223,1.1025118756537893
2024-10-31,KBS:UPCOM:NQN,-7.116689387887808,-0.46811303027457374,0.4622462546507264,-0.21693103831644703
2024-10-31,KBS:UPCOM:NTT,-7.116950989850267,1.6473285040890184,2.1666045934167477,0.7418706610040592
2024-10-31,KBS:UPCOM:NTW,-7.071517260014376,1.7019896956008878,0.3453179007572579,1.0508113749716486
2024-10-31,KBS:UPCOM:NUE,-7.109112726399156,0.2620371119855755,0.14799494092108662,-0.03751866846834577
2024-10-31,KBS:UPCOM:OIL,-1.9339161301009553,-1.2746027464030238,-1.3453527459899144,0.0749739365822434
2024-10-31,KBS:UPCOM:PCC,-7.057307165864402,3.8911014144327827,-0.08755380654594591,1.703271456539779
2024-10-31,KBS:UPCOM:PCF,-7.053603463702128,0.13569062782114444,1.2547040742268327,1.3511077104061169
2024-10-31,KBS:UPCOM:PFL,-7.041157642647864,-1.479827968629121,0.7131284231731574,-0.11200880491456788
2024-10-31,KBS:UPCOM:PHP,-6.024341418749537,1.8055374833540894,-0.06955503462088833,-0.5162765436109583
2024-10-31,KBS:UPCOM:PHS,-7.126197201811393,0.7774556719838237,2.5541543814800938,-0.08629189789246972
2024-10-31,KBS:UPCOM:PVE,-7.1218698659752935,-0.7874614203028262,-0.2118859106981476,0.3673121343115183
2024-10-31,KBS:UPCOM:PVL,-7.043766040966944,1.1410288870782637,0.5968577536570657,0.7325293927880892
2024-10-31,KBS:UPCOM:PVX,-6.9774085906722005,-0.809687099937192,0.7011087125075839,-0.4339405341778189
2024-10-31,KBS:UPCOM:PWA,-6.997176801815643,-0.8019075213873534,0.2295168160757639,0.5464961674159575
2024-10-31,KBS:UPCOM:PWS,-7.104145402467765,2.3718266535670627,0.457503510139342,0.5722530121822702
2024-10-31,KBS:UPCOM:PXA,-7.119732811382003,-0.8104885641605764,-0.35037540705629,0.6152801505638558
2024-10-31,KBS:UPCOM:PXI,-7.079620542511528,-2.4828867548314757,0.6069650690753325,0.1991856574845915
2024-10-31,KBS:UPCOM:PXM,-7.127747300294747,-2.652988427336865,-0.23244434745533113,2.6429645150131016
2024-10-31,KBS:UPCOM:PXS,-7.096300669085554,-2.1659570380635214,0.7977316828012553,-0.5428927997158699
2024-10-31,KBS:UPCOM:QCC,-7.138406030347839,-1.0689748970966577,2.5200961803539172,1.024626403356671
2024-10-31,KBS:UPCOM:QHW,-7.113980015431909,-0.6248043758303234,-0.41281291854958485,0.3414179319606391
2024-10-31,KBS:UPCOM:QNC,-7.11196920467594,-1.0499123805032267,0.013182301217350471,-0.6152138991751844
2024-10-31,KBS:UPCOM:QNS,1.5338033135738043,0.16448275368102713,-0.1778480238798253,-1.2895615049233649
2024-10-31,KBS:UPCOM:QPH,-7.111002671089249,-0.4482067949376309,-0.6702631657240261,-0.35749636632999227
2024-10-31,KBS:UPCOM:QSP,-7.112437854557928,-1.1614215948251079,-1.1343362175530194,0.675847958717766
2024-10-31,KBS:UPCOM:RIC,-7.128293733818299,-0.6886636443130412,1.5208504639921236,0.4125250809453387
2024-10-31,KBS:UPCOM:S74,-7.108843367912508,2.7644902678751015,-1.4636207258425078,2.1554601477789515
2024-10-31,KBS:UPCOM:SBD,-7.043103491000604,-0.7468180240053879,0.8088801259596854,0.5055109047476826
2024-10-31,KBS:UPCOM:SBM,-7.107000709552197,0.9060131055611886,0.5120083993077975,-0.8424978048210645
2024-10-31,KBS:UPCOM:SCJ,-6.983996754582982,-0.7286082741381025,0.48627890618435005,0.2655069288140597
2024-10-31,KBS:UPCOM:SCL,-6.984827468960405,-1.1590656482489714,-0.07463079427043383,0.052747761414578716
2024-10-31,KBS:UPCOM:SD2,-7.1189402423762,-0.6853633294716881,-0.1699910593297619,0.629217259712653
2024-10-31,KBS:UPCOM:SD7,-7.107920516965895,-0.7638574864523353,-0.5246210876382981,-0.14082515489647485
2024-10-31,KBS:UPCOM:SDP,-7.127462586435922,-1.1931182297703127,1.0288082363254363,0.11025700069977865
2024-10-31,KBS:UPCOM:SEA,-7.06522428008817,5.047872195670184,-0.6090693963630162,2.310369470134395
2024-10-31,KBS:UPCOM:SGB,-5.553399675558165,-0.5692299609751148,-0.14609110101576622,-1.247288177255372
2024-10-31,KBS:UPCOM:SGS,-7.112371675332182,0.5244205218937997,1.3297132079455698,1.3247373543250627
2024-10-31,KBS:UPCOM:SID,-7.116092117267275,-1.1477787183402401,0.5259027813677806,0.49921760101599394
2024-10-31,KBS:UPCOM:SJG,-7.111162911358479,2.72938073936692,0.5595740669550117,1.5167277591960655
2024-10-31,KBS:UPCOM:SKV,-6.9882081369604085,-2.346712648116371,-0.1387883854691502,-0.4227605775798374
2024-10-31,KBS:UPCOM:SRB,-7.119881641532463,-1.283001563492222,0.6252631658914691,1.572907058590186
2024-10-31,KBS:UPCOM:SSG,-7.074496752470372,-1.9215592433636326,-0.9583568493296235,1.1423742682721107
2024-10-31,KBS:UPCOM:SSH,-5.512663035867746,-0.14722008001015924,-0.19959966109378094,-1.5910902879885325
2024-10-31,KBS:UPCOM:STT,-7.121067653652669,-2.0590271508761857,-0.4050684024656318,-0.19781884516683274
2024-10-31,KBS:UPCOM:SWC,-7.069235915214847,-0.7577281695336503,0.01837586026377529,-0.07759567710154443
2024-10-31,KBS:UPCOM:TDB,-7.021728388002336,0.1604372893951693,-0.35647243357220504,-1.3894759301968842
2024-10-31,KBS:UPCOM:TDS,-7.096855650762487,-1.497034939652573,0.5053486366381887,1.041412544510731
2024-10-31,KBS:UPCOM:TGP,-7.115564815564389,-1.5106991522737618,-0.1187859510006689,-0.14685874435231483
2024-10-31,KBS:UPCOM:THW,-7.10989159969644,1.663817510260233,-1.3036968353604574,0.6731273808022513
2024-10-31,KBS:UPCOM:TIS,-6.176978939592965,0.08905874735619286,-2.849306515285028,0.37341491221612927
2024-10-31,KBS:UPCOM:TLP,-1.6656349086632036,0.2153002800644709,0.4698052169441467,-0.197774812455081
2024-10-31,KBS:UPCOM:TNW,-7.123346390194239,-0.7617060534256352,0.4483454118401848,0.6104039500030157
2024-10-31,KBS:UPCOM:TOS,-6.851020289433532,2.3131880517181083,-1.2088027564831987,-0.5483627316200892
2024-10-31,KBS:UPCOM:TOW,-7.107023003974671,3.561244774728001,0.7135810409207948,1.3010497525728906
2024-10-31,KBS:UPCOM:TSD,-7.049960681421405,5.733239750717041,2.0182134538254366,2.5364751005784516
2024-10-31,KBS:UPCOM:TST,-7.124230104448256,0.006737075279097634,0.4757282732666188,0.5929998325857508
2024-10-31,KBS:UPCOM:TTD,-7.087825232937161,0.4565613353272897,1.8410240417431458,-0.05480662710904457
2024-10-31,KBS:UPCOM:TTG,-7.106179530991848,7.028363314273738,2.4203278835977766,1.917653267039032
2024-10-31,KBS:UPCOM:TTS,-7.138581334807887,-1.938950844096226,2.601615217824037,1.734919858199869
2024-10-31,KBS:UPCOM:TUG,-7.00785167123226,1.1595644816602557,-0.06713433454241777,-0.8141102652881622
2024-10-31,KBS:UPCOM:TV1,-7.026966803048069,0.23396760580400852,-0.6331258051888263,-1.0531415267105888
2024-10-31,KBS:UPCOM:TVN,-5.597931763427466,-2.1749560901067997,-2.183541695623998,0.9893493040868091
2024-10-31,KBS:UPCOM:UDC,-7.088224989865711,-0.7434275661573994,0.19745705704801117,0.12561197110916436
2024-10-31,KBS:UPCOM:USC,-7.121832801380195,-0.2724778746158431,1.035684370439681,1.4179542881917397
2024-10-31,KBS:UPCOM:VAV,-7.075288703056698,1.588984380987295,0.22001751697176694,0.2483598505480391
2024-10-31,KBS:UPCOM:VCP,-6.760081634838089,1.070134226134532,0.3014046618541644,-0.8940379057956184
2024-10-31,KBS:UPCOM:VCR,9.750429329760786,-0.37963399182827184,-0.0877221656670984,-1.1561155545949982
2024-10-31,KBS:UPCOM:VDN,-7.123686191620635,1.826276865865869,0.8842222522427365,1.474052084916758
2024-10-31,KBS:UPCOM:VEA,1.8533120444149989,1.2840333863886235,-0.6118168078730524,-0.6706775350919127
2024-10-31,KBS:UPCOM:VGG,-7.0423867824529225,1.301710581628598,-0.5410016118612629,-0.7473833757277494
2024-10-31,KBS:UPCOM:VGI,24.244516542696896,2.7793876292499062,-0.8823692934157467,1.1139287659655714
2024-10-31,KBS:UPCOM:VGT,-2.030046094556691,-0.4192119964733416,-0.631915544638985,-0.15585096126096426
2024-10-31,KBS:UPCOM:VHG,-6.893857247182196,-0.8653538018327076,1.5809221864732654,0.8295602727455287
2024-10-31,KBS:UPCOM:VIM,-7.137715439590863,-6.045059163161752,-1.1016139880123843,2.3403200633905037
2024-10-31,KBS:UPCOM:VIN,-7.113350920178365,1.498079391440315,1.2143066916936343,-0.21531399046115482
2024-10-31,KBS:UPCOM:VIW,-7.118964827022148,2.2403488936979965,1.9592705070430652,0.37899400505293257
2024-10-31,KBS:UPCOM:VKC,-7.095272599890843,-0.45348868101137935,1.0140515557200116,1.1933629402325747
2024-10-31,KBS:UPCOM:VLG,-6.988631339013325,1.8690584080984394,-2.308794589399751,1.4016003470780238
2024-10-31,KBS:UPCOM:VLW,-7.112432673356889,0.009835516938506272,-1.4900332765103859,1.5540899182310925
2024-10-31,KBS:UPCOM:VNB,-6.981731476803017,0.02737055380458189,-0.18884429365904934,-0.5498947614659832
2024-10-31,KBS:UPCOM:VPR,-7.110257794109541,0.18254437142989405,0.7051234093406482,0.025518343703295473
2024-10-31,KBS:UPCOM:VSE,-7.109771653146645,-1.0365322152015821,-0.24410234416516757,0.3915587942584305
2024-10-31,KBS:UPCOM:VST,-7.109814695605058,-0.9042652547002673,-0.12125847511045303,0.2376601336667289
2024-10-31,KBS:UPCOM:VTK,-6.427312919561288,2.2814714286767934,-2.6971312637986986,1.0847462321706962
2024-10-31,KBS:UPCOM:VW3,-7.124118659591076,-1.7620871123389044,0.0739579693271543,1.0502995785074836
2024-10-31,KBS:UPCOM:WSB,-4.916277224368408,0.13879750271900243,-0.24077493869318836,-1.2973661875549454
2024-10-31,KBS:UPCOM:XMC,-7.103093047145745,-0.40013906465118015,0.02976411255098971,-0.387132200278172
2024-10-31,KBS:UPCOM:XMP,-7.12923924917802,0.5183564739644274,1.6943433914386792,1.3466178632380295
2024-11-29,KBS:HNX:ADC,-7.828639278679012,0.3532870187144389,-0.08326897827228841,-0.33972592357999143
2024-11-29,KBS:HNX:ALT,-7.825626373264018,-1.1269400038871333,-1.1876495230915387,0.295622258688179
2024-11-29,KBS:HNX:AMC,-7.827935335187696,-0.3503667445917938,-0.03931882199711233,-0.4422513311839823
2024-11-29,KBS:HNX:AME,-7.834798604575984,-2.5035648937719843,0.9601055049481712,0.3536239163066043
2024-11-29,KBS:HNX:AMV,-7.339259173116685,-5.765586428156834,0.11813289504853078,1.5429230335534327
2024-11-29,KBS:HNX:API,-5.7479531204868115,-1.545499277818354,-0.4771982944810621,0.012366640716038787
2024-11-29,KBS:HNX:APS,-6.9050826250283,-1.8688779817884789,-0.0436251378977274,-0.43579983024770597
2024-11-29,KBS:HNX:ARM,-7.830110058230628,-1.2447145579678178,0.2878283705622014,1.5648604558104389
2024-11-29,KBS:HNX:ATS,-7.8321203461231415,-4.082258487331394,-3.48673815133056,2.2609662170148472
2024-11-29,KBS:HNX:BAB,-1.5683697969497743,-0.6431060763246285,-0.2853764421375369,-1.335195460458157
2024-11-29,KBS:HNX:BAX,-7.816904193401636,-0.32160360417199496,0.5266867454807627,-0.6630238470016283
2024-11-29,KBS:HNX:BBS,-7.832844118774649,0.1575926406158074,-0.672059368163733,-0.0905830382455749
2024-11-29,KBS:HNX:BCF,-7.814299704889365,1.3491978169571108,-1.2756729762157097,-0.02547801113581039
2024-11-29,KBS:HNX:BED,-7.83263553879092,-0.5109927257610417,-0.004872697946089811,-0.6652817436432162
2024-11-29,KBS:HNX:BKC,-7.78908979167188,4.840681879014188,-1.6666120433651619,-0.07817745020325345
2024-11-29,KBS:HNX:BNA,-7.003599190925426,-0.15945446917067424,0.13471778322113429,-0.16023974804938718
2024-11-29,KBS:HNX:BPC,-7.824176370412125,-0.5202622642226188,-0.32489265930368594,0.690202527259971
2024-11-29,KBS:HNX:BTS,-7.808650362621113,-0.8862775979573718,0.005388587842922876,-0.9539363079935997
2024-11-29,KBS:HNX:BTW,-7.816771661838086,-0.48019311592808506,-0.3660677794272357,1.6635946869086502
2024-11-29,KBS:HNX:BVS,7.344738309347477,-0.8884365555431423,-0.8533395418556462,0.009209436876661497
2024-11-29,KBS:HNX:BXH,-7.779325026917594,4.622074268281127,3.975375663023492,0.6121156930374536
2024-11-29,KBS:HNX:C69,-6.722268962333728,-1.6851290749346406,-0.7428279516166985,0.002893744043007412
2024-11-29,KBS:HNX:CAG,-7.8147272384487625,-1.504219239132957,-0.14880141047636036,-0.16401940174099533
2024-11-29,KBS:HNX:CAN,-7.841374328521478,6.730927316824488,5.830426722699865,-0.45732872035204136
2024-11-29,KBS:HNX:CAP,-7.21788874651784,-1.8835911939675825,-0.13382749217925305,-0.5222648684951722
2024-11-29,KBS:HNX:CCR,-7.832582875004174,1.153168420811561,-0.22899715373668825,0.7705932624540026
2024-11-29,KBS:HNX:CDN,-7.6306164361160675,0.5719047186260643,0.26080767551141626,-0.7739441092920462
2024-11-29,KBS:HNX:CEO,21.672009007118202,-2.1122357624553403,0.3598320365713616,-0.4260314745530923
2024-11-29,KBS:HNX:CET,-7.831578558465217,-2.728549326609734,0.6792467664841966,0.8553526426192054
2024-11-29,KBS:HNX:CIA,-7.802525716647905,-1.0852191833717377,-0.0769839240927943,-0.32555434530841154
2024-11-29,KBS:HNX:CJC,-7.828942451850533,-0.18746495744638905,-0.158966514482766,-1.8922732827049102
2024-11-29,KBS:HNX:CKV,-7.828237258784472,-0.27518085759287797,1.0648360905442866,-0.46109378951903196
2024-11-29,KBS:HNX:CLH,-7.806509184217339,-0.5562142623208023,-0.37635846586331945,-1.1900288915647326
2024-11-29,KBS:HNX:CLM,-7.737201522822786,-0.5360686542570363,-0.8244767890526153,-0.2191414376465182
2024-11-29,KBS:HNX:CMC,-7.833206069618185,-3.970182676980762,-0.7157555892866211,1.7682011096925492
2024-11-29,KBS:HNX:CMS,-7.061839886311974,-1.9937851792944594,1.4675156685419377,2.030503349407589
2024-11-29,KBS:HNX:CPC,-7.818168404731443,0.06800346769140204,-0.19365139200137543,-1.0844873563459838
2024-11-29,KBS:HNX:CSC,-7.333019834267075,-1.1052414291679802,-0.07232223824457085,-0.30860436663794555
2024-11-29,KBS:HNX:CST,-7.506404817744745,-0.7918367219861756,-0.6928874130154918,-0.32638591945689166
2024-11-29,KBS:HNX:CTB,-7.7205145418382495,-0.5060734857109908,0.027225545378533007,-0.1921741989838859
2024-11-29,KBS:HNX:CTP,-1.132254290339557,17.44515389471752,-17.12687257322614,3.897248339080065
2024-11-29,KBS:HNX:CTT,-7.830909861910441,-1.0737381352665276,-0.9661669367059369,-0.419931258886915
2024-11-29,KBS:HNX:CX8,-7.820416746723257,-0.3959945261080485,-0.06114151944475049,-0.8322027352921165
2024-11-29,KBS:HNX:D11,-7.80801021555551,-0.8208471649962952,0.4900682279911401,-0.7368611353606865
2024-11-29,KBS:HNX:DAD,-7.826895701494746,-0.6351744147653873,-0.9372642167054152,-0.6833624624619117
2024-11-29,KBS:HNX:DAE,-7.82275028750076,0.20552401786072416,-0.805270437493317,-0.28940366649255367
2024-11-29,KBS:HNX:DC2,-7.7663515065089825,-1.0145528117203912,-1.2991747113239522,1.27591659032698
2024-11-29,KBS:HNX:DHP,-7.816421969997858,0.8361180073918003,0.5361784538995911,-0.6316585298149037
2024-11-29,KBS:HNX:DIH,-7.765951943810333,-0.5489992687617282,0.38313541470084966,-0.06668363803567305
2024-11-29,KBS:HNX:DL1,-4.076399769749516,-3.090833639249125,-2.5720189421472406,0.928533401607571
2024-11-29,KBS:HNX:DNC,-7.821694016896493,4.886682938239687,-2.8740489873157626,-0.17341443213378147
2024-11-29,KBS:HNX:DNP,-4.725232240393229,-0.28333808310317665,0.8810370999587058,0.4450174706732333
2024-11-29,KBS:HNX:DP3,-7.384054777931794,-1.1744994746616686,-0.18262981245206145,-0.7831286638835829
2024-11-29,KBS:HNX:DS3,-7.796660122459306,-2.4166807838631352,-0.6177721507822516,0.7437696776473176
2024-11-29,KBS:HNX:DST,-7.77645949558437,-0.7352670900155355,0.8688208544760192,0.16819728288317118
2024-11-29,KBS:HNX:DTD,11.759331323133878,0.23598589036127307,0.48943151334331036,-0.17068871484753
2024-11-29,KBS:HNX:DTK,-7.823149526797839,-0.5965699397700593,0.5880908648073242,0.3075730479343219
2024-11-29,KBS:HNX:EBS,-7.822744066144257,-0.23493233278076536,0.24283758295074834,-0.07004373974910537
2024-11-29,KBS:HNX:ECI,-7.829169877832631,-0.19902393417592587,-0.1395435660221799,-1.8005253633973972
2024-11-29,KBS:HNX:EID,-7.779541096529068,-0.17860550966700972,-1.324445293647177,-1.2119336164661376
2024-11-29,KBS:HNX:EVS,-7.593615957844022,-2.7141123472335953,0.8531848885895436,0.0674480422601887
2024-11-29,KBS:HNX:FID,-7.767158672347342,-0.7808908921619331,2.1343870135963323,0.06524412155130296
2024-11-29,KBS:HNX:GDW,-7.815317111193648,0.19580526960933797,-0.43337062641256896,0.37112263882929974
2024-11-29,KBS:HNX:GKM,-6.144666113925475,-8.008783999392698,0.9440694366484829,3.975461532170741
2024-11-29,KBS:HNX:GLT,-7.821538063975555,0.7825222696962573,-0.5176911989485905,0.9383354397758945
2024-11-29,KBS:HNX:GMA,-3.320912258854847,0.24972837038920026,-0.6083741778954848,-1.7579372283698873
2024-11-29,KBS:HNX:GMX,-7.818845950173854,0.5131089290474495,0.11803639371361763,-1.0124084342039692
2024-11-29,KBS:HNX:HAD,-7.828679010100495,-0.26394805293665224,-0.3987593601363911,-0.2553581346149858
2024-11-29,KBS:HNX:HAT,-7.825383275938853,-0.5061177843602997,-0.8315718257814841,-0.45808763101020317
2024-11-29,KBS:HNX:HBS,-7.631317312809433,-3.0497579383835083,-1.419179845084095,0.6473640602176973
2024-11-29,KBS:HNX:HCC,-7.817740417044271,0.4339379309129644,-0.9035584807333977,-1.0663131065142337
2024-11-29,KBS:HNX:HDA,-7.816940471188456,-0.13179021916544026,0.6351167557370083,-0.7473084776536503
2024-11-29,KBS:HNX:HEV,-7.836744381821404,-2.372411615567144,0.7179235838530248,0.05184704446945387
2024-11-29,KBS:HNX:HGM,-7.460681643983327,15.771638468119269,1.3667614945259061,0.33511128870590307
2024-11-29,KBS:HNX:HHC,-7.832493062707569,2.152804139879004,0.3649019440535868,-0.6286201337279562
2024-11-29,KBS:HNX:HJS,-7.825266846178982,-0.011629116705769911,0.38754591869418425,-0.19602326282903945
2024-11-29,KBS:HNX:HKT,-7.82511007944226,2.1086840808218263,-2.564716269182333,-0.0039345192507461895
2024-11-29,KBS:HNX:HLC,-7.820258153341497,-0.4193522182019867,0.11967408115372062,-0.6781159126411945
2024-11-29,KBS:HNX:HLD,-7.455021010507103,0.8544674579310776,0.2856416487623092,-1.3056200999846437
2024-11-29,KBS:HNX:HMH,-7.814198083276258,-1.3869482087870606,-1.814184168332535,0.8731002496239088
2024-11-29,KBS:HNX:HTC,-7.818294099222581,2.199031634966701,1.5018431420906042,1.1318367747337927
2024-11-29,KBS:HNX:HUT,19.531014861028257,-1.3289472294300153,0.30105111639546966,-1.0766284088164744
2024-11-29,KBS:HNX:HVT,-7.248800144878549,1.9508574196050699,-1.1760548580263925,-0.28221522162592944
2024-11-29,KBS:HNX:ICG,-7.799747220972584,-0.00016400782806053334,0.7201534075137668,-0.026724726943016922
2024-11-29,KBS:HNX:IDC,32.63266404931084,-0.78767430465811,-0.1117970176519344,-0.6330196980311217
2024-11-29,KBS:HNX:IDJ,-5.4707734656099705,-1.4094221346010125,0.3781134957247177,-0.19101735214448629
2024-11-29,KBS:HNX:IDV,-6.818767189428288,0.8394584754723631,0.4720652446362884,-1.0681049407421783
2024-11-29,KBS:HNX:INC,-7.828470507687633,1.0101623701910156,-3.363616296224481,-0.12024725497184631
2024-11-29,KBS:HNX:INN,-7.503801622046392,0.06097668562659959,-1.0296758505652122,-0.896800179305241
2024-11-29,KBS:HNX:IPA,-7.257349203281179,-1.3085086842090743,-0.005757866830891127,-1.0217709413273806
2024-11-29,KBS:HNX:IVS,-7.547721771315028,-1.830273603388165,0.4284672868825432,-0.42920687814670844
2024-11-29,KBS:HNX:KDM,-7.706395731747838,-1.091323096244129,0.7107280089095752,-0.31509275671726666
2024-11-29,KBS:HNX:KHS,-7.455838181092591,3.0666605902640365,0.8925107236856491,-0.029193496197000113
2024-11-29,KBS:HNX:KKC,-7.835997264906302,-0.8770737645517368,-0.18515245714032344,1.4060013501768727
2024-11-29,KBS:HNX:KSD,-7.830734515494779,-0.0747365963385281,-0.6481132223427027,1.078606671569919
2024-11-29,KBS:HNX:KSF,-7.317718362307673,-0.13293010382633075,-0.1396676901479269,-1.6670632066062985
2024-11-29,KBS:HNX:KST,-7.833024765517812,-1.1641813998762691,-0.19470705610263653,-0.11805442618479425
2024-11-29,KBS:HNX:KSV,-6.9982676047737025,-0.9532476018318153,-2.5609829294624005,0.884531894307262
2024-11-29,KBS:HNX:KTS,-7.817674669040002,-0.2669210265470805,-0.15114494301087622,-0.3031562051144048
2024-11-29,KBS:HNX:L14,-6.724591093491584,-2.603356478212213,0.6605866905819776,-0.37720797448544136
2024-11-29,KBS:HNX:L18,-6.885271884825228,0.3009900348336464,0.12762674098460594,-0.6396329334155239
2024-11-29,KBS:HNX:LBE,-7.800144392417615,-1.3777783777859267,-0.9185295865284906,-0.19130560722598777
2024-11-29,KBS:HNX:LCD,-7.83011036769969,-0.37141550612514895,0.07628410367415457,-1.9596871261002835
2024-11-29,KBS:HNX:LDP,-7.612100389614334,-5.112374972542676,-0.8898875490858508,1.784767415271623
2024-11-29,KBS:HNX:LHC,-7.072910543112583,0.9924367667939972,-1.6263134742151608,-0.8124711201335219
2024-11-29,KBS:HNX:LIG,-6.874776915928229,-1.959311828901553,0.5998245147738224,0.06215982868240076
2024-11-29,KBS:HNX:MAC,-7.808695624094505,1.8675904716470595,-3.5188167906190126,0.8933794772525854
2024-11-29,KBS:HNX:MAS,-7.803057776668304,-0.6629022692374196,-0.7228918094610761,-0.06003348777097188
2024-11-29,KBS:HNX:MBG,-7.496006640142512,-1.6578268394968518,1.0590673973651497,0.3086820000942941
2024-11-29,KBS:HNX:MCC,-7.828373264733639,-0.09817147118288089,-0.27316213524612154,-1.8595491694018393
2024-11-29,KBS:HNX:MCF,-7.818806883017391,-0.8517979339617503,-0.1876280218998603,-1.0877394022062137
2024-11-29,KBS:HNX:MCO,-7.5951862066612605,0.46462961207647235,-0.38107867618846064,2.851336978388357
2024-11-29,KBS:HNX:MDC,-7.804453975720561,-0.7860591902711597,0.006512032902716845,-1.1335310933843405
2024-11-29,KBS:HNX:MED,-7.8288476013062045,-1.225097731345026,-0.6948027828449315,-0.679793778847848
2024-11-29,KBS:HNX:MIC,-7.830813430402166,0.25651966232778434,0.3753683802824144,1.487959727269008
2024-11-29,KBS:HNX:MKV,-7.83029232296458,-0.6879705611393885,-0.32148660809866975,-0.9834472815664986
2024-11-29,KBS:HNX:MST,0.49862690816574756,1.237930013196722,0.6903221024207499,-0.4223544132850642
2024-11-29,KBS:HNX:MVB,-7.827653887283157,-0.004246508407736856,0.5839971980964866,-0.6934337907910311
2024-11-29,KBS:HNX:NAG,-6.106749537612437,0.93597212642024,0.28311780958047533,-0.9361060552936683
2024-11-29,KBS:HNX:NAP,-7.836846830503548,-2.1209045238269804,-0.7316981460146894,0.02933894867977046
2024-11-29,KBS:HNX:NBP,-7.832028627450727,-0.5647561954190088,-0.1320703235701722,-0.8811403501742304
2024-11-29,KBS:HNX:NBW,-7.821375985844269,-0.7800092631135693,-0.9735514558285225,0.1823850988965166
2024-11-29,KBS:HNX:NDN,-7.386625261064334,-1.5317050881805434,0.4689680090913037,-0.47385838458671153
2024-11-29,KBS:HNX:NET,-7.601630777002211,-1.1635201059054963,-0.7910819411655714,-0.3340797516249687
2024-11-29,KBS:HNX:NFC,-7.82620542852798,-1.0123573708967968,-1.914749272047683,0.9161843746682271
2024-11-29,KBS:HNX:NHC,-7.830435687322767,-3.2852512999446355,-0.6204914365644119,0.40739097746154207
2024-11-29,KBS:HNX:NRC,-5.043222220013634,-0.792841764819329,0.48882698300647087,1.1414875640686228
2024-11-29,KBS:HNX:NSH,-7.710167954751375,-2.4455703661923964,-0.30048103215728805,0.3818690863656019
2024-11-29,KBS:HNX:NST,-7.822539672504086,0.45198106301617463,-1.3300348081039979,-0.0948784808972725
2024-11-29,KBS:HNX:NTH,-7.827765732728117,-0.9057747319083557,-0.9810657685831446,-0.2876920786683784
2024-11-29,KBS:HNX:NTP,1.5515686376257616,0.5504268498351587,-1.1818715627034364,0.08095592992490801
2024-11-29,KBS:HNX:NVB,-7.356813878096143,-0.7523292388423112,0.5758903488254566,-0.8538543393756323
2024-11-29,KBS:HNX:ONE,-7.777835618778508,-1.1575115314945237,0.8444145098415775,0.5592711489141843
2024-11-29,KBS:HNX:PBP,-7.801243850166156,0.12220551781299568,-0.4549355071193496,-0.5236151190218237
2024-11-29,KBS:HNX:PCE,-7.810942095522487,-0.6812911856421294,-0.4603281402370582,-1.0966228121842565
2024-11-29,KBS:HNX:PCT,-7.700125098755758,1.0929434572848549,-0.7545256254980248,-0.33942249072548447
2024-11-29,KBS:HNX:PDB,-7.784548560341826,1.3001305025716143,0.914982917164811,-0.5389630402840714
2024-11-29,KBS:HNX:PEN,-7.834162344756501,-0.7092056923214549,0.39266261965436133,-0.654553537539756
2024-11-29,KBS:HNX:PGN,-7.30118235818234,5.751383349080109,1.623571823727672,0.322321882594572
2024-11-29,KBS:HNX:PGS,-7.816250720420159,0.5433338833448401,-0.29530820139712716,-0.32320206832881027
2024-11-29,KBS:HNX:PGT,-7.765638336888231,8.311156515955142,0.4090696552045771,0.4671665419697586
2024-11-29,KBS:HNX:PHN,-7.825612501132077,0.5487934307266409,-1.9629391417995972,-0.050549820141455086
2024-11-29,KBS:HNX:PIA,-7.818587621826697,-0.4493224987776415,-0.4977077154861173,-0.07888767149469939
2024-11-29,KBS:HNX:PIC,-7.814495108822568,-0.7345263427453499,-1.1993973322271474,1.219856638327462
2024-11-29,KBS:HNX:PJC,-7.834397255537377,0.738562861865386,0.2622843248374131,0.07005149260396505
2024-11-29,KBS:HNX:PLC,-6.60008244618643,-2.721514954339864,0.23928958875630524,-0.24704491688972618
2024-11-29,KBS:HNX:PMB,-7.800696354114579,-0.7252843441868039,-0.3708822329001248,-0.8445622770953984
2024-11-29,KBS:HNX:PMC,-7.709293915368583,3.1088870100781363,0.37783321588389507,-0.25273879603768495
2024-11-29,KBS:HNX:PMP,-7.8336925816225484,0.4358146879951184,0.06986250139866793,-0.28422612700037214
2024-11-29,KBS:HNX:PMS,-7.821206055982145,-0.7485098953872887,-0.015002829889207273,0.24790664504812415
2024-11-29,KBS:HNX:POT,-7.829327516350776,0.2078358638708289,0.695949702205295,0.19456157434147342
2024-11-29,KBS:HNX:PPE,-7.838656496185402,1.6141683250743153,0.6052921882397007,0.7967091262935077
2024-11-29,KBS:HNX:PPP,-7.827085480609839,-0.25896140203612983,-0.5533165121644509,-0.5048970637055199
2024-11-29,KBS:HNX:PPS,-7.819337084217072,-0.31341469350485307,-0.6107894477825698,-1.2864430432436043
2024-11-29,KBS:HNX:PPY,-7.832223567550972,0.5922723557770758,0.7817290435837587,-0.41350403680144154
2024-11-29,KBS:HNX:PRC,-7.816919504502895,-0.3638911195829076,-0.2750061018948686,-0.6643777635380582
2024-11-29,KBS:HNX:PRE,-7.802453469962604,0.8676387581982785,0.11233086952881222,-1.344404909136503
2024-11-29,KBS:HNX:PSD,-7.553634521280923,-0.4231604854452775,0.01716932834993198,-1.234552724582252
2024-11-29,KBS:HNX:PSE,-7.818545259693037,-0.21637829191312385,-0.03284677716948961,-1.1117825741333391
2024-11-29,KBS:HNX:PSI,-7.702206597535196,-1.6696836565598987,0.22482818913422564,-0.5212653613560553
2024-11-29,KBS:HNX:PSW,-7.661959553597746,0.8341813192307932,0.7807802609610672,-0.6404696602223174
2024-11-29,KBS:HNX:PTD,-7.842598907078705,1.9444996814084305,-0.9001588260115626,3.2951449651404094
2024-11-29,KBS:HNX:PTS,-7.828895566026201,-0.6437440312491248,-0.43086333735028415,0.3158526319445203
2024-11-29,KBS:HNX:PV2,-7.628668800742594,-1.3741760230343216,-0.01655785306393931,0.10032789466553524
2024-11-29,KBS:HNX:PVB,-6.322524003876613,-0.8505397545309157,-0.2806003305497283,-0.6731588148231864
2024-11-29,KBS:HNX:PVC,-1.7917851627003187,-3.510661140300205,-0.3710792232587781,-0.016714310601121895
2024-11-29,KBS:HNX:PVG,-7.6804500614156686,-1.1056121520741018,0.5848254537717374,-0.7821330471523095
2024-11-29,KBS:HOSE:AAM,-7.811702203275299,-1.0647734847271149,0.9583478268168665,0.02663357108495455
2024-11-29,KBS:HOSE:AAT,-7.753460097673007,-2.1633022532736197,0.7303148627216639,-0.4361280250891069
2024-11-29,KBS:HOSE:ABR,-7.821712542374748,-0.3504493092391161,-1.2310602291594206,-0.23882006520425858
2024-11-29,KBS:HOSE:ABS,-7.429436532440832,-1.4287141690955247,1.3688658718726232,-0.2613030422295854
2024-11-29,KBS:HOSE:ABT,-7.724868260674586,0.029529225518825426,-0.6550063837635232,-0.9627226146108068
2024-11-29,KBS:HOSE:ACC,-6.686781224428026,0.12362115412087343,0.19055675206866202,-0.5862727997578757
2024-11-29,KBS:HOSE:ACG,-7.369058646427853,-0.4493070204346281,-0.045011302584196305,-0.8416298269031136
2024-11-29,KBS:HOSE:ACL,-7.72688421515545,-1.1406577563016251,-0.2586153143824824,-0.8525568337516878
2024-11-29,KBS:HOSE:ADG,-7.818896064581686,-2.825487084572531,0.9825603746617437,0.3712788599959088
2024-11-29,KBS:HOSE:ADP,-7.759233503841471,0.931878354412109,-1.3675179104082011,-0.233407487897173
2024-11-29,KBS:HOSE:ADS,-7.114114788334165,-1.7459132596700067,1.1051330988912416,-0.12869912311743828
2024-11-29,KBS:HOSE:AFX,-7.4233212479367605,-1.7057339036676726,0.16916071568671762,-0.6809104303799889
2024-11-29,KBS:HOSE:AGG,-4.7908733679795406,-2.2504735002361835,0.5612823195199286,-0.2898422705002289
2024-11-29,KBS:HOSE:AGR,-2.1497850633243605,-1.0669518854365827,-0.062338070530694276,-0.37059354630970515
2024-11-29,KBS:HOSE:ANT,-7.342320869708636,2.0563200966526907,-2.9642865120153483,0.5752657883999315
2024-11-29,KBS:HOSE:ANV,14.428423676783837,1.7436466333145828,0.9613640281948709,-1.0005540461373366
2024-11-29,KBS:HOSE:APG,-7.073810991422134,-2.3651131581011544,0.6087261561929148,0.17322592808357173
2024-11-29,KBS:HOSE:APH,-6.108801280126878,-1.7737066614878656,1.445463928772443,0.2561100080191001
2024-11-29,KBS:HOSE:ASM,-4.658786088488178,-1.196684299559243,0.3067693884993934,-0.6926916031107302
2024-11-29,KBS:HOSE:ASP,-7.757775802041744,-0.9286739309535809,0.4835244356852765,-0.7224463690241388
2024-11-29,KBS:HOSE:AST,-7.648857430733252,-0.5309354045509976,0.21250875360740146,-0.798597655266975
2024-11-29,KBS:HOSE:BCE,-7.124940125375903,2.5515704377877415,1.5795559017844285,-1.2894006654583774
2024-11-29,KBS:HOSE:BCM,2.758175428273488,-0.17023257117645338,-0.2937897837758521,-1.0253917084684532
2024-11-29,KBS:HOSE:BFC,8.930323778769488,-0.3375244366797298,-1.281864837917221,-0.05525954348928579
2024-11-29,KBS:HOSE:BHN,-7.807811487521168,-0.12831690994454387,-0.1200670936768236,-1.2191429036558277
2024-11-29,KBS:HOSE:BIC,-7.3519728463073735,0.8352495674823276,-0.11678914509289559,-0.6285611739944521
2024-11-29,KBS:HOSE:BKG,-7.640723560345739,-1.7220854082512715,0.26043770767695434,-0.6511827980417778
2024-11-29,KBS:HOSE:BMI,-6.816653172448437,-0.5856255000615342,0.15776869433215873,-0.768120170187858
2024-11-29,KBS:HOSE:BRC,-7.64011717080494,1.2666947859160973,0.2774254731543286,-1.1245126947230744
2024-11-29,KBS:HOSE:BSI,4.6383479877391265,-1.4294996302710283,-0.23652304399934052,-0.3074565132875606
2024-11-29,KBS:HOSE:BSR,26.66461049117686,-1.7097168104424227,-0.5278359964441657,-0.4422804022052966
2024-11-29,KBS:HOSE:BTP,-7.5787526591301555,-1.874877173012506,-0.5372893961559636,-0.7130976196403951
2024-11-29,KBS:HOSE:BVH,4.43255848881844,1.3329919685647518,1.024114614785215,-1.046533414932592
2024-11-29,KBS:HOSE:C32,-7.7092247574823345,-0.4503188186429299,-0.4638173455561743,-1.4846917152921177
2024-11-29,KBS:HOSE:CCI,-7.815126282742158,2.5638612390170294,1.7520830399998857,-0.14021515843314117
2024-11-29,KBS:HOSE:CCL,-6.439754156481802,-1.078299583999671,0.3432509691836305,-0.0768039319328234
2024-11-29,KBS:HOSE:CDC,-3.4221207137938863,-1.113068284334415,0.302082917217026,-1.0542435183257914
2024-11-29,KBS:HOSE:CHP,-7.319539340940084,0.31385083674707626,-0.6320831419730566,-1.3233224946517417
2024-11-29,KBS:HOSE:CIG,-4.169368612760554,6.522316824203379,0.7215133902616205,-0.3606133817418339
2024-11-29,KBS:HOSE:CII,9.158921109759607,-1.7666987694893288,-0.18319896753577325,-0.7249601678824174
2024-11-29,KBS:HOSE:CKG,-7.307649016008294,-1.7109098617237721,-1.4047610271257764,-0.5880684488435652
2024-11-29,KBS:HOSE:CLC,-7.607319427094129,0.817006462264333,-0.6771172419227102,-1.066581480943656
2024-11-29,KBS:HOSE:CLW,-7.821976632794535,-0.08737865601912295,-1.6283489176301496,-0.33986456647387886
2024-11-29,KBS:HOSE:CMV,-7.820955087979847,-0.6531277693304072,0.5850317659965212,-0.40145306313666995
2024-11-29,KBS:HOSE:CMX,-6.854700452793436,-1.3218387336046893,0.6556540131326898,-0.21981869804046364
2024-11-29,KBS:HOSE:CNG,-6.119941061551494,-0.671131644817815,-0.16951933512243408,-0.7387925248196141
2024-11-29,KBS:HOSE:COM,-7.787389705401352,-0.873495378341195,-0.03456463335634531,0.4317239174717559
2024-11-29,KBS:HOSE:CRC,-7.062740022086971,0.26372189800203505,-0.35140699113676155,-1.0877416775143542
2024-11-29,KBS:HOSE:CRE,-7.460119550097721,-0.9269075106768491,0.29871442273807514,-1.0137116603874912
2024-11-29,KBS:HOSE:CSV,41.55732514155101,1.9721946412316498,-2.3328339871558765,0.13357530959495476
2024-11-29,KBS:HOSE:CTD,27.230833485210415,-0.42621429999128807,0.11146125895068039,-0.4931152504202408
2024-11-29,KBS:HOSE:CTF,-1.0939276436067724,-3.67014493782527,-1.6614674941911833,0.37803180053536595
2024-11-29,KBS:HOSE:CTI,-2.727947281054208,0.4189994971897301,0.6434155993618563,-0.7836548526674666
2024-11-29,KBS:HOSE:CTR,87.82973252816834,-0.7141014175369913,-0.6280569917519582,0.2715746701228001
2024-11-29,KBS:HOSE:CTS,9.654495852312756,-1.4331713225894611,-0.5289057327594466,-0.20725727501562913
2024-11-29,KBS:HOSE:CVT,-7.819335120190248,-1.5540489122169978,-0.12113567235178875,-0.3735415374977793
2024-11-29,KBS:HOSE:D2D,-6.470594717019466,-0.12640815524600116,-0.3169325654814921,-0.1691329637340723
2024-11-29,KBS:HOSE:DAH,-7.56882814501718,-1.4835680455458224,0.6789546698052624,-0.7495193531148624
2024-11-29,KBS:HOSE:DBC,57.57870397304764,-0.7978487346979567,-0.37069739648191263,-0.32926366958204584
2024-11-29,KBS:HOSE:DBD,8.622914269092826,3.5056178524245816,0.8047174141379719,-0.9608077341074166
2024-11-29,KBS:HOSE:DC4,-2.9205669458582935,5.23305857859231,1.6138614333267027,-0.6238732199757919
2024-11-29,KBS:HOSE:DCL,-3.4858635607691877,-0.21935762298353761,-0.044320315971748084,-0.6466232655588641
2024-11-29,KBS:HOSE:DCM,65.8626555137133,-0.2279158976966898,-0.27834287979309513,-0.6789298680223279
2024-11-29,KBS:HOSE:DGC,111.94427373256767,-0.412296360179383,0.3124149905848014,-0.3391832764235955
2024-11-29,KBS:HOSE:DGW,23.76371080265281,-0.8223213470194565,0.2304415681057781,-0.565229781020079
2024-11-29,KBS:HOSE:DHA,-7.009562358439972,-0.26256833126542606,0.41252797912187084,-1.3287468820424582
2024-11-29,KBS:HOSE:DHC,-5.813729394569386,-1.3936186376547333,0.09460715710242387,-0.7727685964620499
2024-11-29,KBS:HOSE:DLG,-6.665709072304075,-0.6349423639896629,0.44694747685422836,-0.2727230629556431
2024-11-29,KBS:HOSE:DMC,-7.8034626755720025,-0.4111718177113552,-0.6033829569699717,-0.796663849335519
2024-11-29,KBS:HOSE:DPG,9.395054329492746,-0.435325175009196,-0.01725499555254275,-0.2646171135864377
2024-11-29,KBS:HOSE:DQC,-7.743970752845976,-1.5448107306598793,0.20457847387471984,-0.723155855734197
2024-11-29,KBS:HOSE:DRC,1.5955050746717896,-1.1425232817369333,0.10813486023552189,-0.22716265543630046
2024-11-29,KBS:HOSE:DSN,-7.410026320034875,-0.5983425328336195,-0.4212299395570756,-1.382144761881801
2024-11-29,KBS:HOSE:DTA,-7.815511298237218,0.3988284635714759,1.4619613579452801,-0.5667407375891476
2024-11-29,KBS:HOSE:DTL,-7.657828728990433,-3.51842982809732,-1.12143802034149,0.39616305176779526
2024-11-29,KBS:HOSE:DTT,-7.828788368630496,-0.4138502344767916,0.3734340473182345,0.47060006106564406
2024-11-29,KBS:HOSE:DVP,-7.312833518602209,0.30459925426109125,-0.8571593710907178,-1.287377724046767
2024-11-29,KBS:HOSE:DXG,177.51733816639822,0.5625455111411792,1.2489729620872239,0.2795677326139223
2024-11-29,KBS:HOSE:DXS,2.345541987512369,3.160272763572645,4.021707100274716,-0.22810240065217607
2024-11-29,KBS:HOSE:DXV,-7.793011872943806,-0.7526104091719474,1.3661200422111697,0.6157418559902378
2024-11-29,KBS:HOSE:EIB,101.30167415309754,-0.17570073111979123,-0.5745408455076623,-0.22485906862148372
2024-11-29,KBS:HOSE:EVE,-7.6027734341370286,-2.024565803567536,0.43362101400737907,-0.5668206379735778
2024-11-29,KBS:HOSE:EVF,23.86590238490241,-1.641489157840021,1.0211692123021812,-0.21494677209980928
2024-11-29,KBS:HOSE:EVG,-1.3571631185250295,-0.8057812561853642,-0.25249527163598867,-0.03705026604656841
2024-11-29,KBS:HOSE:FCM,-7.775169274769956,-1.1133118243637552,0.9156510078900667,-0.5120544389059061
2024-11-29,KBS:HOSE:FCN,-6.378679809986419,-1.3751681689661366,0.028029735766425794,-0.5589095115354916
2024-11-29,KBS:HOSE:FDC,-6.122914455605742,1.1576317460548655,-0.37920965888778313,0.43192963378456334
2024-11-29,KBS:HOSE:FIR,-6.29716338224454,-3.1819213254035543,0.9537981401447488,0.4639260812768921
2024-11-29,KBS:HOSE:FIT,-5.946592164473185,-0.9336829055375231,-0.22188352574348175,-1.000588551478059
2024-11-29,KBS:HOSE:FMC,-6.346019317475011,0.04542811356136305,0.5619040969039525,-1.158388241360233
2024-11-29,KBS:HOSE:FPT,473.16419874257787,1.7512251865688904,0.1950586143511536,1.0147800989719717
2024-11-29,KBS:HOSE:FRT,48.08851120241341,0.7215076043158201,-0.698959226592903,-0.6439634801918172
2024-11-29,KBS:HOSE:FTS,38.73393564210754,-0.28547261921920175,-0.061928970124476686,-0.1434411248531777
2024-11-29,KBS:HOSE:GAS,19.01101241485988,-0.8487819444611757,-0.05085235740100911,-1.0622371174468075
2024-11-29,KBS:HOSE:GDT,-6.297226674070323,0.1712214870400051,-0.32229886947681863,-1.0030643749644723
2024-11-29,KBS:HOSE:GEG,-6.060269477028645,-1.4330232387835466,0.4288725389058592,-0.3135499183724083
2024-11-29,KBS:HOSE:GHC,-7.586260944422602,-0.3895425268080551,-0.6737714770387114,-1.3839203640967717
2024-11-29,KBS:HOSE:GIL,0.5013696837241797,1.109667369384547,1.4570844730854424,-0.47287350372297693
2024-11-29,KBS:HOSE:GMD,47.45412515960061,-0.7070670639136838,0.05343277070201015,-0.6105557869321058
2024-11-29,KBS:HOSE:GTA,-7.827583939161255,-0.5168986450450103,0.4973393497709506,-0.9750010638673677
2024-11-29,KBS:HOSE:HAG,45.196893662305996,1.0255321913897082,2.16513559795372,-0.09144259214508496
2024-11-29,KBS:HOSE:HAP,-7.713920987198544,-0.45289108303563635,0.5249276358309394,-1.0830313048156108
2024-11-29,KBS:HOSE:HAR,-7.5591656160576095,-1.7733399854233263,0.39877614939287664,-0.2950349031415246
2024-11-29,KBS:HOSE:HAS,-7.827584331533607,-1.0649586933391826,0.22883078676820687,-0.42067299463333374
2024-11-29,KBS:HOSE:HAX,-0.5020666810745117,-0.6614089723500848,-1.2077815253968405,-0.6791912781360873
2024-11-29,KBS:HOSE:HCD,-7.516682339412514,-1.4618051830938785,0.020602448146354414,-0.30892648802203754
2024-11-29,KBS:HOSE:HCM,114.85130804129463,-0.19239277780289982,-0.48721016593302324,-0.12408797541218379
2024-11-29,KBS:HOSE:HDC,28.01062629841146,-0.5287936174884725,0.23426485669681751,-0.6198366949728178
2024-11-29,KBS:HOSE:HDG,66.82367526728305,0.2868014009650693,1.020163372127284,-0.5157186923494623
2024-11-29,KBS:HOSE:HHP,-6.823766803518763,-1.5329017877074156,-0.5046753321931751,-0.9956471124323477
2024-11-29,KBS:HOSE:HHV,9.48465330402049,-1.5131645411318688,-0.09172378201056891,-0.5170248052049876
2024-11-29,KBS:HOSE:HID,-7.748088772148188,-1.1674412892050414,0.47274868302512085,-0.5664430216867521
2024-11-29,KBS:HOSE:HII,-7.5885686225547655,-1.3633948972685073,1.1523484239297468,-0.4176571130690084
2024-11-29,KBS:HOSE:HMC,-7.657866569718287,0.07328321220390865,-0.0720344348820328,-0.9897377512523646
2024-11-29,KBS:HOSE:HQC,-2.9994652298129725,-1.5850443568426278,0.5080349602408556,-0.5288042763115949
2024-11-29,KBS:HOSE:HRC,-7.834465354002287,0.20316439381210852,1.6835203260564204,0.3275635918266248
2024-11-29,KBS:HOSE:HSG,56.74935332987257,-1.6482648591418585,0.021948027522083816,-0.26548300944657394
2024-11-29,KBS:HOSE:HSL,-7.742104971652325,-2.218343634612809,0.32133647286476547,-0.8906904952745086
2024-11-29,KBS:HOSE:HTG,-7.127527443998146,1.6654733902777052,-1.6714475669637383,-0.8152459355945784
2024-11-29,KBS:HOSE:HTI,-7.691020116923176,-0.04343857417169204,-0.11360925821685187,-1.5772751599492265
2024-11-29,KBS:HOSE:HTL,-7.34173918744292,10.690228150926488,-2.469415429843578,0.046491106904941765
2024-11-29,KBS:HOSE:HTN,-6.826127837379643,-3.646180872016777,1.1004331777974856,0.40474072914045284
2024-11-29,KBS:HOSE:HTV,-7.828617269698938,-0.04854625808770155,-0.5253039022779704,-0.7293213104984277
2024-11-29,KBS:HOSE:HU1,-7.817620977442345,-0.21801340435024832,0.3135759260295504,0.08884022355396295
2024-11-29,KBS:HOSE:HUB,-7.091191532426116,0.4504522658767961,0.13578658918909747,-1.1772336596189354
2024-11-29,KBS:HOSE:HVN,45.557068170003234,3.4327487847029055,1.0797804109325364,0.949721908262848
2024-11-29,KBS:HOSE:ICT,-6.876674026644762,0.6205003255344523,0.8626267202010448,0.13161994712218428
2024-11-29,KBS:HOSE:IJC,0.45795122752182127,-0.26482439116544354,0.1634950616707164,-0.9892882603400109
2024-11-29,KBS:HOSE:ILB,-6.591993532701397,-0.5749839695522344,-0.5590056703562167,-1.0653415938724784
2024-11-29,KBS:HOSE:ITC,-6.429820499577244,-0.9654924732246559,-0.311386181300453,-0.8536860927608915
2024-11-29,KBS:HOSE:ITD,-7.143084848919899,-0.023690913473775176,-0.2553553356644477,0.33815529685330775
2024-11-29,KBS:HOSE:JVC,-7.36305966627662,-0.971817235809487,0.15409026338668988,-0.68539647290038
2024-11-29,KBS:HOSE:KBC,129.69149368743157,-0.17355533424202965,1.4216086794336256,-0.05270376710351185
2024-11-29,KBS:HOSE:KDC,31.3897736848963,-0.8405388153327881,0.5942461732230303,-0.7639085198686317
2024-11-29,KBS:HOSE:KDH,34.1912903026933,-0.38343108256345554,-0.19724039962688006,-1.0027493954125968
2024-11-29,KBS:HOSE:KHG,7.4203848395806515,0.6244398031876089,1.2587203606980124,-1.1848633539161932
2024-11-29,KBS:HOSE:KHP,-5.136395358557607,2.5673890216254978,-0.48811368594869214,-0.396344915282956
2024-11-29,KBS:HOSE:KLB,-7.5132334784135235,-0.5824038347604225,-0.2286715079168905,-0.9836169628427335
2024-11-29,KBS:HOSE:KMR,-7.8020581792850106,-0.8315570776408274,0.2199591006084197,-1.337492531500268
2024-11-29,KBS:HOSE:KOS,0.4238240028431564,-0.3392823939380204,-0.10285564105964022,-1.3440878741108597
2024-11-29,KBS:HOSE:KSB,2.9085207108254716,-1.7941219208431165,0.3884765952662535,-0.5129373430828894
2024-11-29,KBS:HOSE:L10,-7.829877486211054,-2.497998045829727,-1.883672429884975,0.4955414706667864
2024-11-29,KBS:HOSE:LAF,-7.747313578451169,0.7709363273963926,-1.2246332282464978,-0.8726489931447481
2024-11-29,KBS:HOSE:LBM,-7.610146912299445,-0.18561529818419267,-0.8085241027734514,-0.48752778777602995
2024-11-29,KBS:HOSE:LCG,-1.8914216522667076,-1.3665636150541902,-0.10382102301675346,-0.9691571119024637
2024-11-29,KBS:HOSE:LDG,-6.149702909348977,-2.0371071181094957,1.3228187015503032,0.23026721874627903
2024-11-29,KBS:HOSE:LGL,-7.797477960431236,-2.014099563187317,0.738595983101657,-0.7228666881961898
2024-11-29,KBS:HOSE:LHG,-4.188668360471593,0.02863701001563319,-0.23392325265764835,-0.623815202507558
2024-11-29,KBS:HOSE:LIX,-7.442624388302787,-1.203984179523009,-0.7845194684797543,-0.5923702753182162
2024-11-29,KBS:HOSE:LM8,-7.803520684333588,-1.4647329290192108,-1.186340690956566,-0.19829298776779905
2024-11-29,KBS:HOSE:LPB,106.275077104863,1.4370580079568331,-1.8929042292578238,-0.12244720457400007
2024-11-29,KBS:HOSE:LSS,-6.050808858701769,0.03744961626064852,0.34581639149039256,-0.8106408281670641
2024-11-29,KBS:HOSE:MBB,155.23255494833683,-0.08231399262933198,-0.7150346838515823,-0.4837848268430518
2024-11-29,KBS:HOSE:MCH,11.19435534907907,4.1950416272761055,-2.2940355525057914,-0.2004101736296551
2024-11-29,KBS:HOSE:MCP,-4.864650070465797,4.366070197179167,2.8689481037909883,-0.9676230516212574
2024-11-29,KBS:HOSE:MDG,-7.834058528004371,-0.6429743372737596,0.304761145487768,0.06652749676838754
2024-11-29,KBS:HOSE:MHC,-7.743656142419528,-1.9521167060176263,0.7023227564300897,-0.12936005681031668
2024-11-29,KBS:HOSE:MIG,-5.59611713680392,-0.2809660213695955,1.0369782968473844,-0.32709410203904704
2024-11-29,KBS:HOSE:MSB,73.56507940910558,-0.5763600985471405,-0.728613703729193,-0.49246492866240815
2024-11-29,KBS:HOSE:MSH,0.2624690571331745,1.2713265914251273,0.483033003537416,-0.8373848419391243
2024-11-29,KBS:HOSE:MWG,344.5961787818289,-1.0327486559384778,-0.9899636047592382,0.794357378942765
2024-11-29,KBS:HOSE:NAF,-3.8861218733166636,0.8768455891703012,-1.1094618558473897,-0.37453847379787086
2024-11-29,KBS:HOSE:NAV,-7.808568678788292,1.0210557106480314,-0.12009039634007306,-0.6808770050389772
2024-11-29,KBS:HOSE:NBB,-2.5698265598774377,0.5461826738056149,0.2698029603262454,-0.8473638984547353
2024-11-29,KBS:HOSE:NCT,-7.30802466278356,1.2154630021946933,-0.9928919334223927,-0.8669193621343277
2024-11-29,KBS:HOSE:NHA,8.432913741406974,1.2829874338322473,0.808401249860786,0.0768881862198581
2024-11-29,KBS:HOSE:NHT,-7.621575041836316,-0.43946476701550535,0.33509397877304953,-0.41874691784560675
2024-11-29,KBS:HOSE:NKG,38.01089773084139,-1.9492688657302266,0.18257771649302382,-0.25114494444198154
2024-11-29,KBS:HOSE:NLG,23.010608036939487,-1.1033630408551798,-0.05473055948913738,-0.7991503247929458
2024-11-29,KBS:HOSE:NNC,-7.5981487748756456,0.1150909840879137,-0.9801316440835162,-1.0131525177749905
2024-11-29,KBS:HOSE:NTC,-6.581668739752762,-0.3418035521245803,0.4732197292687729,-0.5809416442643065
2024-11-29,KBS:HOSE:NVL,49.62291143490509,-1.7258783166154024,1.5910722897927205,0.007641602292208318
2024-11-29,KBS:HOSE:NVT,-7.826509753294644,-0.5107805190486894,0.008487070913456908,0.31914488657611306
2024-11-29,KBS:HOSE:OCB,19.97271419311719,-1.5270135720053335,-0.22612449855443434,-0.5003320605417533
2024-11-29,KBS:HOSE:OGC,-7.400319508961088,-3.280889478267334,0.2612249099720888,0.6551825911122149
2024-11-29,KBS:HOSE:OPC,-7.683614353954264,-0.208012264449365,-0.15398279248235952,-0.9565558849782216
2024-11-29,KBS:HOSE:PAC,-7.2689993537229665,-1.9139896717678884,-0.7069928932423049,0.2567829718519295
2024-11-29,KBS:HOSE:PAN,5.7739481796732415,-0.6405000510219099,-0.829407463665413,-0.8493210031960559
2024-11-29,KBS:HOSE:PDN,-7.722361225216656,-0.36452870849483254,0.34056687597810253,-0.5383786692572509
2024-11-29,KBS:HOSE:PDV,-6.569212417061395,2.3083230984263827,-1.0749254683008245,-0.5998845820641415
2024-11-29,KBS:HOSE:PGC,-7.316757536905768,-0.007115563782002824,0.18412982100631445,-1.2590125300915265
2024-11-29,KBS:HOSE:PGD,-7.748016429842542,-0.33025336518468945,0.24717100142083354,-0.937404738722676
2024-11-29,KBS:HOSE:PGI,-7.8201331283490925,0.37963941064928286,1.0581405031247204,-0.7958641550720621
2024-11-29,KBS:HOSE:PGV,-7.356182352911617,-1.3286568206984541,0.23220292550849084,-0.49807709045576937
2024-11-29,KBS:HOSE:PHR,-2.224187931119113,-0.6122298423894658,-0.14551226725350472,-0.8270865733677658
2024-11-29,KBS:HOSE:PIT,-7.829438453747077,-1.5196121339764048,0.5733234631164827,-0.24977070380973826
2024-11-29,KBS:HOSE:PLP,-7.783311979083433,-0.9434230740321243,-0.12535968592518165,-0.4936191975651224
2024-11-29,KBS:HOSE:PLX,8.907073293334756,-1.1846014164498724,-0.4818889163559564,-0.2748050499005016
2024-11-29,KBS:HOSE:PNC,-7.797854075784838,7.5039142967635675,-2.8266161584664506,-0.6257303263668703
2024-11-29,KBS:HOSE:PNJ,50.90107424690572,-0.5930334937476974,-0.36665690135469947,-0.7233313609231524
2024-11-29,KBS:HOSE:PTB,-0.6129744633439097,-0.4446902922972951,0.3310642141371268,-0.614992791752503
2024-11-29,KBS:HOSE:PTC,-7.801747846628308,-1.405208150794309,0.5065120691379715,-0.19962425421318328
2024-11-29,KBS:HOSE:PTL,-7.753580870248451,-2.34603915545728,0.4258441101538355,0.2843488506469901
2024-11-29,KBS:HOSE:PVP,-5.442271649574702,-0.23307301071915348,-0.4300035223343772,-0.7908664814180076
2024-11-29,KBS:HOSE:PVT,22.006732781027154,-0.8749930081297054,-0.3133689586949438,-0.7312483956845122
2024-11-29,KBS:HOSE:QCG,2.358731302394914,4.782437618527047,2.4493639882656257,0.720714720200724
2024-11-29,KBS:HOSE:RAL,-6.9592318099584585,-1.6471414308629968,-1.0743783138136305,-0.6199457425428507
2024-11-29,KBS:HOSE:S4A,-7.819181399541245,-0.2301534122418875,0.00354211043411689,-0.49091397253874486
2024-11-29,KBS:HOSE:SAB,10.045191306120495,-0.507292680982512,0.4628738174479206,-0.8420317276288334
2024-11-29,KBS:HOSE:SAM,-2.6790348386286897,-0.78121165790544,0.27885762436731093,-0.9604874067880742
2024-11-29,KBS:HOSE:SAV,-7.7103140959108565,0.4240960024665651,-1.1339338892293693,-0.17124671396091812
2024-11-29,KBS:HOSE:SBA,-7.5431724000084746,-0.6298618184391456,-0.4382492211286052,-0.8020452119059748
2024-11-29,KBS:HOSE:SBV,-7.80909104020275,-0.663340878616046,-0.3540330507848843,-0.7428018670361719
2024-11-29,KBS:HOSE:SC5,-4.305612732765252,1.0540600288595363,-0.24685566149408603,-0.020931083741899587
2024-11-29,KBS:HOSE:SCR,-0.2770693776582061,-1.4651899158618358,1.001773449417932,-0.4113500861843757
2024-11-29,KBS:HOSE:SCS,7.241386410760414,-0.30924438636767687,0.3302625766972405,-0.5424561118572486
2024-11-29,KBS:HOSE:SFI,-7.793048817746491,-0.48117512813935515,-0.07718283520869137,-0.6767693726965971
2024-11-29,KBS:HOSE:SGR,-5.11694263862376,1.131257332874348,-2.5108756512534978,0.7596222765772254
2024-11-29,KBS:HOSE:SGT,-7.338826962400379,0.4905107195797341,-0.27480669191426665,-0.5531175748559704
2024-11-29,KBS:HOSE:SHA,-7.624668777502578,-0.8437553512689999,0.08483304791889082,-0.7769831812367203
2024-11-29,KBS:HOSE:SHB,106.14054212967918,-0.7314999799651387,0.0470775313110674,-0.8304924427431807
2024-11-29,KBS:HOSE:SHI,-0.10532144216873252,-0.29305879195997026,-0.17481920192937625,-1.5196323604955797
2024-11-29,KBS:HOSE:SHP,-7.539554100924458,0.2598875555133492,-0.5293508432562123,-1.3310927445192984
2024-11-29,KBS:HOSE:SIP,22.78019743548115,0.79455559560024,0.10066885991340549,-0.3645063442769001
2024-11-29,KBS:HOSE:SJD,-4.749168646502508,-0.25490617004855837,-0.47706000739179866,-1.2060601474085904
2024-11-29,KBS:HOSE:SJS,5.951946164898814,-1.4162449329045372,-0.33290495359688177,-0.93541606739265
2024-11-29,KBS:HOSE:SMA,-7.8300407154040785,1.2033797342797923,0.7467851062099545,-0.5828206183191622
2024-11-29,KBS:HOSE:SMB,-7.603475942716652,0.5761008507133831,-0.11452083393075448,-1.3907228287409326
2024-11-29,KBS:HOSE:SMC,-6.282546577330492,-3.9581396681721768,1.1575052197756301,1.9523703471333926
2024-11-29,KBS:HOSE:SPM,-7.828002364678906,-0.7039968861102346,-0.06202307405295142,-0.6252860139514951
2024-11-29,KBS:HOSE:SRC,-7.8151693999572265,-1.3712923387848033,0.4227127763528887,1.0058039916463835
2024-11-29,KBS:HOSE:SRF,-7.753954722334884,-1.61869914100931,-0.09328943666283172,-0.27019574663886753
2024-11-29,KBS:HOSE:SSB,78.40590121378891,-1.0311621966090196,0.8929430683307584,0.19981109169079414
2024-11-29,KBS:HOSE:SSC,-7.828054056828385,0.8113395393728017,-0.9442672322486736,-0.5555647941288556
2024-11-29,KBS:HOSE:STB,237.17380785289137,0.23691191903009337,-0.4157665274330539,-0.001275253403207163
2024-11-29,KBS:HOSE:STG,-7.822523067830067,-1.3342077486382369,0.07627853304750938,-0.19991424232123498
2024-11-29,KBS:HOSE:STK,-7.3058094546467665,-1.509448812697647,0.08157124099818579,-0.26739061784798857
2024-11-29,KBS:HOSE:SVC,-7.834187699098837,-0.8866787545797686,0.5295029087521335,0.2458345647250784
2024-11-29,KBS:HOSE:SVT,-7.755269617103916,-0.2542313789716041,-0.4262059105100568,-0.711638788659907
2024-11-29,KBS:HOSE:SZL,-7.731212457140043,0.1338263661317439,-0.43682915605890743,-1.3487093213595749
2024-11-29,KBS:HOSE:TCB,203.84220120793046,0.3109412521830177,-0.4898264062943992,-0.022621158637598917
2024-11-29,KBS:HOSE:TCL,-7.433855836764691,-0.28092805061935927,-0.05931428885468919,-1.4239449945063691
2024-11-29,KBS:HOSE:TCM,54.88162707823316,0.4122527702074041,0.6220574308915584,-0.7376053655773712
2024-11-29,KBS:HOSE:TCO,-4.19992479521019,5.597345657579481,-0.6054591375414229,-0.16561808975660208
2024-11-29,KBS:HOSE:TCR,-7.826710325647433,0.10246165888004218,0.1673119759349058,-0.032899552299032304
2024-11-29,KBS:HOSE:TDC,-5.4277389792158335,-0.3461754922330527,-0.05717473866570234,-0.5617078613188548
2024-11-29,KBS:HOSE:TDG,-7.73666898202346,-1.1874438616153151,-0.7857984188885364,-0.15517864404588694
2024-11-29,KBS:HOSE:TDP,-5.5944469563874035,0.43180901290351037,-0.6568722199967646,-1.0396783121507605
2024-11-29,KBS:HOSE:TDW,-7.825925591258878,0.7764035979804413,0.05999842545226954,0.2033235356162537
2024-11-29,KBS:HOSE:TEG,-6.643950846519724,-1.5201312932102797,-0.4104199945788052,-0.5754168198415665
2024-11-29,KBS:HOSE:THG,-7.522736119145048,0.2859099410118721,-0.9237712595381323,-1.1723351465702467
2024-11-29,KBS:HOSE:TIP,-6.067283296219227,-1.0472006291452813,0.22671531571461812,-0.8396487984977239
2024-11-29,KBS:HOSE:TIX,-7.700107125693189,2.0382343564071745,1.0501206812106931,-0.520122128634854
2024-11-29,KBS:HOSE:TLG,9.453379535969333,4.601521635522933,1.9683413495380702,-1.0925059850809635
2024-11-29,KBS:HOSE:TLH,-7.178224265487891,-3.893623195491772,0.30462070644264516,0.38284738206884633
2024-11-29,KBS:HOSE:TMS,-7.813258506742855,-0.9613476190384382,-0.4840179738808762,-0.21788511171721356
2024-11-29,KBS:HOSE:TMT,-7.67365689057891,-1.7013275053070496,2.660265377172292,0.7932396504706947
2024-11-29,KBS:HOSE:TNC,-7.809195732345509,-1.9287623423289055,0.642854509967038,0.5442475236082899
2024-11-29,KBS:HOSE:TNH,-1.1959068916693616,-0.9664232544862703,-0.9637957076960206,-0.364239181599583
2024-11-29,KBS:HOSE:TNI,-7.740191451675605,-0.9405893419702074,0.42765069904919906,-0.7811680673092649
2024-11-29,KBS:HOSE:TNT,-7.564943931422978,-2.71503582649287,-0.8190299513377054,-0.25084979247131456
2024-11-29,KBS:HOSE:TPB,126.15113975295436,0.13717787706313847,-0.713860061253045,-0.48760191736700687
2024-11-29,KBS:HOSE:TRA,-7.733669926285303,0.09380759963248801,0.38152480454636684,-1.1341720048314838
2024-11-29,KBS:HOSE:TRC,-4.5772025562237335,3.230482052431494,1.0927348509661072,-0.599672668812507
2024-11-29,KBS:HOSE:TTE,-7.794432670998918,18.83876370335916,-1.5023316549370243,-0.25422074867443734
2024-11-29,KBS:HOSE:TV2,-2.0994802611542767,-0.37870060391693267,2.5506588869941753,0.2720477661132899
2024-11-29,KBS:HOSE:TVB,-7.52813201512614,-0.3256647041957112,-1.3537621695329898,-0.7923646940979745
2024-11-29,KBS:HOSE:TVS,-7.0804254623849125,-1.4688575967886484,-0.5358445857840063,-0.3696967727494846
2024-11-29,KBS:HOSE:TVT,-7.792175884612177,-0.32851152172101655,-0.1697082080235719,-1.180710077911284
2024-11-29,KBS:HOSE:UIC,-7.769903023445134,0.7236272876684331,-0.2920040284473803,-0.8787530230214755
2024-11-29,KBS:HOSE:VAB,-5.15089105863711,-0.22906996999206747,-0.41832356878823185,-0.7878624335771491
2024-11-29,KBS:HOSE:VCA,-7.821453781285466,1.4747626285355449,1.4550721633065233,-0.5585697738379138
2024-11-29,KBS:HOSE:VCG,26.31069817269101,-1.2796384820086169,0.37196300422436657,-0.6507176917615908
2024-11-29,KBS:HOSE:VDS,4.802075028887534,-1.8589639750134435,-0.8012319799548088,-0.16473266466840378
2024-11-29,KBS:HOSE:VFG,-6.176528806385245,1.9469161853055805,-2.306147611494253,-0.09270075023678835
2024-11-29,KBS:HOSE:VGC,30.84652697027999,-0.8560362419174247,1.2544782034153938,-0.24316710252435866
2024-11-29,KBS:HOSE:VHM,441.6735025346923,-0.32829933472748624,0.6121007808222857,1.132237598980615
2024-11-29,KBS:HOSE:VID,-7.789482677614141,-1.5192902258285534,-1.0666158225705098,-0.6095210116030426
2024-11-29,KBS:HOSE:VIP,-4.3860608275793735,0.9397379660621732,0.743370947335564,-0.5422439647734479
2024-11-29,KBS:HOSE:VIX,107.73012304471689,-2.7027140383272332,0.3834489489618607,0.3390969451874112
2024-11-29,KBS:HOSE:VJC,56.76584300205704,-0.6943222245248433,-0.04356338194620607,-1.1179347147348844
2024-11-29,KBS:HOSE:VND,50.561133020466116,-1.7733667700929583,0.2813301500218742,-0.5578116322829678
2024-11-29,KBS:HOSE:VNG,-7.799323572187852,-0.10116885988375228,0.3649928237802767,-0.3113385751052202
2024-11-29,KBS:HOSE:VOS,17.9096699377851,0.17877954347329436,0.8223505321768223,0.4945634158733551
2024-11-29,KBS:HOSE:VPB,223.38220786409,-0.48510038428988794,-0.35006038737812156,-0.33136160211853155
2024-11-29,KBS:HOSE:VPG,-5.848014948943521,-1.8404214322674406,0.09364329983779975,-0.5508798203193185
2024-11-29,KBS:HOSE:VPS,-7.82293688947782,-1.3772435396163747,-0.5489392455914239,-0.5741763650836317
2024-11-29,KBS:HOSE:VSH,-7.31633435362078,0.4614336846736353,-0.25480857534018,-1.2050498639212508
2024-11-29,KBS:HOSE:VSI,-7.722768667665693,-0.11514391078621317,0.28775513785069917,-0.45434075537393354
2024-11-29,KBS:HOSE:VTO,-3.950653282175203,0.520025780082104,-0.3975103994515765,-0.37281650083741
2024-11-29,KBS:UPCOM:A32,-7.826325114682397,0.284659198203682,0.17976900841324717,-0.767889028637748
2024-11-29,KBS:UPCOM:AAS,-3.735692420293173,-2.8012318137163326,-0.09739411641443618,-0.24408512935493384
2024-11-29,KBS:UPCOM:AAV,-5.001449136071464,1.754563460892589,0.7695665403744797,-0.05295460848763613
2024-11-29,KBS:UPCOM:ABB,-4.99150986652045,-1.3859189863398487,-0.1927963747939324,-0.9509908321108388
2024-11-29,KBS:UPCOM:ABC,-7.220696833477047,0.3021456095948933,1.7311851894836872,1.0212211012230736
2024-11-29,KBS:UPCOM:ABI,-7.436073075534605,-0.0649529005269407,-0.012047307862147588,-0.9589210089722723
2024-11-29,KBS:UPCOM:ACE,-7.7957673144859845,0.47990319386496266,-0.16162480601865328,-1.0988309909084266
2024-11-29,KBS:UPCOM:ACM,-7.817609418099802,-1.2063233828657915,0.6543833507743387,3.246234234089486
2024-11-29,KBS:UPCOM:ACS,-7.841017221090602,4.455451576233905,3.5523179468416157,1.17430787585104
2024-11-29,KBS:UPCOM:ACV,8.648893069176511,1.787441703396312,-0.21639345400418575,-0.3309166107544482
2024-11-29,KBS:UPCOM:AG1,-7.825326333966291,1.4392525023245994,-0.5320736052817848,0.3101162825520978
2024-11-29,KBS:UPCOM:AGF,-7.833738618667175,-3.5581575557272984,-1.8198139308301995,0.7314224851666707
2024-11-29,KBS:UPCOM:AGP,-7.7874782490542565,0.32796589365241224,-0.9585050504735589,-1.1027894313379902
2024-11-29,KBS:UPCOM:AGX,-7.803466613525619,2.7017618545033604,-1.7827619110598325,0.12050994871202671
2024-11-29,KBS:UPCOM:AIC,-7.777578279656932,1.0124440921240205,0.8849625516011994,0.22570476054707694
2024-11-29,KBS:UPCOM:ALV,-7.785040584106521,-1.1528079745048605,0.3181492198618697,1.0078956377667236
2024-11-29,KBS:UPCOM:AMP,-5.465144179933775,1.1989619654305328,4.3715221153905075,1.1930637818098435
2024-11-29,KBS:UPCOM:AMS,-6.819695972794092,-1.0791811517834344,0.040947625101451425,-0.42979421978326243
2024-11-29,KBS:UPCOM:APF,-7.315023058291993,-0.7457613262066031,-0.680691397152284,-0.8388383765681088
2024-11-29,KBS:UPCOM:APL,-7.837849863196744,0.07963043320875125,0.6943540290265231,-0.08522101381388848
2024-11-29,KBS:UPCOM:APT,-7.839974119450007,-0.05139364649367168,2.62666601742821,0.5376785706441473
2024-11-29,KBS:UPCOM:ART,-7.828942451850533,-0.18746495744638905,-0.158966514482766,-1.8922732827049102
2024-11-29,KBS:UPCOM:ATA,-7.833181204785836,-0.5887438156294991,3.601317546972759,2.997973327556984
2024-11-29,KBS:UPCOM:ATG,-7.827333418519945,-6.730560688674803,-2.226341210188992,2.6770816538043696
2024-11-29,KBS:UPCOM:AVC,-7.804228455691381,-0.4191042251651037,-0.47293537395513735,-0.5410333229482288
2024-11-29,KBS:UPCOM:BAL,-7.834489397809834,1.60624763663266,-0.2461722392912391,0.5182251419256233
2024-11-29,KBS:UPCOM:BBH,-7.854729586170771,2.7622434369546722,1.6005538173827123,2.951319230879729
2024-11-29,KBS:UPCOM:BBM,-7.8432602750171005,-2.745755259500764,1.202008741345699,3.1374673016372454
2024-11-29,KBS:UPCOM:BBT,-7.826716238091937,4.660240050970688,-0.439739242839767,1.8071005628852803
2024-11-29,KBS:UPCOM:BCA,-7.752889537005638,-0.9163282905192534,-0.4171855344200133,1.3691839533336405
2024-11-29,KBS:UPCOM:BCB,-7.826447783596733,0.205453414531442,-0.6614618348659482,-1.7482773132123934
2024-11-29,KBS:UPCOM:BCP,-7.829551411837384,0.7024509219363991,-0.7691368618957332,-0.9214151405739406
2024-11-29,KBS:UPCOM:BDG,-7.7379866094214895,-0.34287182006885664,-1.0976533681691458,-0.9699894781585858
2024-11-29,KBS:UPCOM:BDT,-7.739233844040485,-2.484549197861087,1.0279554159466413,-0.05543131844584996
2024-11-29,KBS:UPCOM:BDW,-7.828930583724529,0.9170321499395003,-0.2482092854897678,0.7523805769399633
2024-11-29,KBS:UPCOM:BEL,-7.817968413695476,3.3639922015843986,-3.6304132776632274,-0.6912166231100653
2024-11-29,KBS:UPCOM:BGW,-5.128563538346363,1.214589512814755,1.5668736224824218,-0.2737046493596848
2024-11-29,KBS:UPCOM:BHA,-7.821286080035178,1.4190003133235216,-0.22305804356602557,-0.4196239610775375
2024-11-29,KBS:UPCOM:BHC,-7.833978075962665,0.6653116066997233,-1.8735704108267703,0.40713151788876983
2024-11-29,KBS:UPCOM:BHG,-7.830097390856921,-0.3693716111398294,0.07367020791685548,-1.9589380833958905
2024-11-29,KBS:UPCOM:BHK,-7.780912306112516,2.873096540488482,-1.4024615625318022,-0.04455233452806082
2024-11-29,KBS:UPCOM:BHP,-7.840586063508784,-0.5018714943167318,-0.2582014602924978,1.458963221804855
2024-11-29,KBS:UPCOM:BIO,-7.832817200076362,-1.781827809992513,-0.38830413884112236,1.9276726484143656
2024-11-29,KBS:UPCOM:BLI,-7.7558581415326655,-0.8865399482951191,0.7273212719330155,-0.45000459198167436
2024-11-29,KBS:UPCOM:BLN,-7.8281749003580305,-0.06657309842514901,-0.31357265602003154,-1.8479690666513573
2024-11-29,KBS:UPCOM:BLT,-7.759993741051463,-2.2270161291801727,-0.2761580187016081,0.253149186981262
2024-11-29,KBS:UPCOM:BMD,-7.833889629675045,0.8511331880302841,2.1362423790257825,0.18853543607446197
2024-11-29,KBS:UPCOM:BMF,-7.823654726882503,-1.6617428986942644,0.19715656962108016,0.8916114405026169
2024-11-29,KBS:UPCOM:BMG,-7.8308578788935845,0.462461304373754,0.340456617603985,-1.3818060855145553
2024-11-29,KBS:UPCOM:BMJ,-7.835006122214029,0.8286846956189955,1.2628082624048773,1.0686009732537947
2024-11-29,KBS:UPCOM:BMS,-7.544561976054069,-0.16988301078189655,0.42570814915531163,-0.4610862888707458
2024-11-29,KBS:UPCOM:BMV,-7.844348262528969,-2.967615664882447,-0.5696554047180669,2.128368851371003
2024-11-29,KBS:UPCOM:BNW,-7.828938699100916,-0.18687388716374057,-0.15972242225453392,-1.8920566684041848
2024-11-29,KBS:UPCOM:BQB,-7.8200119174772995,-0.8197339621192258,-0.5489197970093596,1.8544567708489268
2024-11-29,KBS:UPCOM:BRR,-7.774617335104235,-0.6541782750176071,-0.6582642290705931,0.40473896428769957
2024-11-29,KBS:UPCOM:BRS,-7.830325199664333,-0.9655531327964422,-0.586146690815732,0.5524528159559999
2024-11-29,KBS:UPCOM:BSD,-7.835591794235903,9.432917401112265,6.438971924205838,1.3153410500913272
2024-11-29,KBS:UPCOM:BSG,-7.820700845649964,-0.31584135666568675,-0.4146238480783585,-0.3192071582240131
2024-11-29,KBS:UPCOM:BSH,-7.816775381979107,1.4877301662334539,0.8211441258438417,-0.1961776765353413
2024-11-29,KBS:UPCOM:BSL,-7.800325832090853,-0.2742770073978588,-0.01412151472701476,-1.1398570428045474
2024-11-29,KBS:UPCOM:BSP,-7.830027226338396,-0.8599381934225668,-0.02033198049737734,-0.41089538222562955
2024-11-29,KBS:UPCOM:BSQ,-7.6333835072227485,0.04104245136524915,0.16894668972329185,-0.42668259454733365
2024-11-29,KBS:UPCOM:BTB,-7.839220526693919,1.2423659587199505,1.3182746360164115,1.0987837440587942
2024-11-29,KBS:UPCOM:BTD,-7.838118811534819,-0.3990316915914569,0.47429167273611345,0.487351635860422
2024-11-29,KBS:UPCOM:BTG,-7.841578801945982,0.3191175962480978,3.299813006740346,2.410862292779337
2024-11-29,KBS:UPCOM:BTN,-7.811800873467309,-0.12205438312895973,0.7758180440950676,-0.25417301462840525
2024-11-29,KBS:UPCOM:BTU,-7.8173796503574335,-1.0339599595762656,-0.5321001081852929,0.19890028019364664
2024-11-29,KBS:UPCOM:BTV,-7.840471306285814,-0.17487305904603714,0.48503221726868406,1.278460300293807
2024-11-29,KBS:UPCOM:BVG,-7.797799789426353,-0.37522453644053055,0.18467689198409853,-0.7940481372344027
2024-11-29,KBS:UPCOM:BVL,-7.833098716122722,-0.80219541264299,0.09091641642476933,0.6651472519837831
2024-11-29,KBS:UPCOM:BVN,-7.846762904835296,1.3973579272400998,0.2139815498059639,2.2381094500329275
2024-11-29,KBS:UPCOM:BWA,-7.829944184784767,-0.1296625212286097,-2.019446376447712,-0.5711797500167876
2024-11-29,KBS:UPCOM:BWS,-7.634578184013912,0.5817754980406246,-0.8155726168538208,-0.9479470765650173
2024-11-29,KBS:UPCOM:C22,-7.844073672626834,1.0849823754495842,0.3461622055705072,2.1325539817008208
2024-11-29,KBS:UPCOM:C4G,-6.2716947850536915,-2.73917470176806,-0.16969378733286222,-0.5588488792648314
2024-11-29,KBS:UPCOM:C92,-7.756757685498173,-0.5904022335562753,-0.420254282709716,1.921371044656575
2024-11-29,KBS:UPCOM:CAD,-7.8435464653496085,-1.8064773545583128,1.2852184210477366,3.917605510520106
2024-11-29,KBS:UPCOM:CAT,-7.790290225306196,0.23164646937343222,-0.41587241168884803,-1.0389580803789227
2024-11-29,KBS:UPCOM:CBI,-7.8232230824508795,1.0315144535297676,0.12006874516358697,1.4605476731327753
2024-11-29,KBS:UPCOM:CBS,-7.423174810266894,-0.0047175098976872,-0.5997513402340251,-0.7151184869641286
2024-11-29,KBS:UPCOM:CC1,-6.762743061987521,2.301718548185686,2.2650403210927608,-0.405472336663594
2024-11-29,KBS:UPCOM:CCA,-7.683227832238808,-1.6523913952991953,-1.49880090275645,1.1979134070117257
2024-11-29,KBS:UPCOM:CCM,-7.6978562160413615,0.8793730170928967,-0.4929612848334023,-0.9379115921821409
2024-11-29,KBS:UPCOM:CCP,-7.82940460836121,4.05510679805079,-3.3889900527004104,-0.6791329616633969
2024-11-29,KBS:UPCOM:CCT,-7.84311285682724,-1.4355102730990232,-1.8493729529697973,3.710479778384414
2024-11-29,KBS:UPCOM:CCV,-7.831887921273021,-4.254139580231208,-3.49460599810936,1.4733170422706265
2024-11-29,KBS:UPCOM:CDP,-7.820553996848928,0.011058861205706627,-0.07311987525820099,-0.574872248862496
2024-11-29,KBS:UPCOM:CDR,-7.8116404320345225,3.2817372508829767,-3.1095569135594285,2.2998348704912814
2024-11-29,KBS:UPCOM:CEN,-7.785510674571484,-0.8579844628201017,1.0966997271437051,0.2876146040123182
2024-11-29,KBS:UPCOM:CFM,-7.836408671641524,1.2930165819434245,1.153307536682408,0.9263263255161676
2024-11-29,KBS:UPCOM:CFV,-7.846692887404988,0.8862496446914285,0.1670420733146299,1.4882169729489412
2024-11-29,KBS:UPCOM:CH5,-7.827128905710293,1.9171457679439976,-2.0031828743239486,-1.6341635989658656
2024-11-29,KBS:UPCOM:CHC,-7.837311181624164,0.8579448830165921,-3.875923873538768,2.2225305165086566
2024-11-29,KBS:UPCOM:CHS,-7.82121996042783,1.3594654908526524,-0.4930375327016223,-0.5361051777933107
2024-11-29,KBS:UPCOM:CI5,-7.8447757576376915,-0.22422467644830346,0.5268547048612119,2.6240899333522876
2024-11-29,KBS:UPCOM:CID,-7.822292423459017,1.7170716999691074,-5.089079008611652,4.327582241110195
2024-11-29,KBS:UPCOM:CKA,-7.67190148148374,-1.1181958445099764,-0.33167598848003443,0.2526582417339188
2024-11-29,KBS:UPCOM:CKD,-7.825358865318135,-0.7205601446897192,0.1708049513493706,-0.2770772251182668
2024-11-29,KBS:UPCOM:CLX,-6.9386003507997085,-0.2132678777070082,-0.2198004844194212,-0.7350204656960545
2024-11-29,KBS:UPCOM:CMD,-7.81439265847646,0.9338435510586036,0.01943890630618628,-0.34706913559754504
2024-11-29,KBS:UPCOM:CMF,-7.827556157667866,1.3667730696458977,-1.5777930407246719,0.2195310998731537
2024-11-29,KBS:UPCOM:CMI,-7.838888704805808,-0.21957148646051616,1.928351972357605,-0.01115084619853506
2024-11-29,KBS:UPCOM:CMK,-7.828942451850533,-0.18746495744638905,-0.158966514482766,-1.8922732827049102
2024-11-29,KBS:UPCOM:CMN,-7.827738936579478,-0.6273495018118423,0.32126841205589163,-0.8937058837207457
2024-11-29,KBS:UPCOM:CMT,-7.58704972697839,-0.3214345977720933,1.3674479772249417,1.2315402196818972
2024-11-29,KBS:UPCOM:CMW,-7.835763064580988,0.7801267000623892,0.4708431520498314,0.6971811803046968
2024-11-29,KBS:UPCOM:CNC,-7.699811534361913,1.3295511865646323,0.18709747262086165,-0.8202009164178637
2024-11-29,KBS:UPCOM:CNN,-7.800493600123928,1.8860486666052523,-0.15108547975631884,0.32271142857415763
2024-11-29,KBS:UPCOM:CNT,-7.727642585077008,-1.6658637488958672,0.3457636732973937,0.35774672506254857
2024-11-29,KBS:UPCOM:CPA,-7.837012673608885,0.11331073881750607,-0.1270670304534107,1.1927758133974886
2024-11-29,KBS:UPCOM:CPI,-7.826955039600187,2.3451926658888658,-0.4489729315350112,-0.54448142780357
2024-11-29,KBS:UPCOM:CQN,-4.00297109825433,0.9336286644491976,0.6240332756931927,0.710364125313585
2024-11-29,KBS:UPCOM:CQT,-7.835076791493201,-1.0411393292795015,0.29102867421538264,0.5273551002285417
2024-11-29,KBS:UPCOM:CT3,-7.833743159396013,2.493278555470749,1.3400898674418569,-1.2028994725401996
2024-11-29,KBS:UPCOM:CTW,-7.826343201825031,1.8961913127145154,-1.4207634618331426,-0.07045726733365397
2024-11-29,KBS:UPCOM:CVN,-7.835740398181372,-1.4703024595502354,0.9863742399858321,-0.876878939567144
2024-11-29,KBS:UPCOM:DAS,-7.840814577120775,-3.304422543906834,1.1160171890031423,1.6497548121789631
2024-11-29,KBS:UPCOM:DBM,-7.838653022615613,-0.47957554221962806,1.514768467507653,0.9428655275967297
2024-11-29,KBS:UPCOM:DC1,-7.840626592373349,4.022184123573101,0.3128991620891562,1.0372337584932276
2024-11-29,KBS:UPCOM:DCF,-7.844292642718764,2.1654680686221104,0.7501238373486597,1.5076729066964498
2024-11-29,KBS:UPCOM:DCH,-7.834173909697234,-0.9486322508685132,0.12601141116491524,-0.5435988899753139
2024-11-29,KBS:UPCOM:DCR,-7.741313322885131,-0.32596377935719023,-0.02054062664135518,1.1994600824662671
2024-11-29,KBS:UPCOM:DCS,-7.692694664364073,3.3904126496356572,2.11742276360511,1.7677631305601682
2024-11-29,KBS:UPCOM:DCT,-7.838863659749106,-1.7402688543733664,1.0062347811835548,2.321673393284448
2024-11-29,KBS:UPCOM:DDG,-7.4297041239227966,-3.239550594019458,0.9198808589681734,0.5572043992170339
2024-11-29,KBS:UPCOM:DDH,-7.8391447737386954,-0.18852549776913785,-1.2912788918335731,0.5034037106836322
2024-11-29,KBS:UPCOM:DDM,-7.837643187334292,-0.5338284031774122,-2.2211155439407175,0.8675564803978805
2024-11-29,KBS:UPCOM:DDN,-7.825322022112364,-0.2074300870965807,0.0781397110825718,-0.7075708038806359
2024-11-29,KBS:UPCOM:DDV,5.901490539687384,0.7747121403881857,-0.32669266995543367,0.00587999864742404
2024-11-29,KBS:UPCOM:DFC,-7.832842953241126,-0.4506788006922991,0.2691932434999407,1.1356349154461065
2024-11-29,KBS:UPCOM:DGT,-6.988114034612277,-0.9300883183319649,-0.27065496852649573,0.3538201646756028
2024-11-29,KBS:UPCOM:DHB,-7.774564270606395,-0.29807114346471636,0.52233452648157,0.26750584308459735
2024-11-29,KBS:UPCOM:DHD,-7.779566141627844,0.8291161233669557,-1.0514049712486282,-0.544682604107514
2024-11-29,KBS:UPCOM:DHN,-7.820331684153913,6.679647776258255,2.113565126318087,-0.995297228624872
2024-11-29,KBS:UPCOM:DIC,-7.8341710875632975,-0.9170817974788145,1.8937841637959403,0.8124298753014132
2024-11-29,KBS:UPCOM:DID,-7.817117650743349,-0.3301686342918066,0.46921081662307035,-0.3378432060693278
2024-11-29,KBS:UPCOM:DKC,-7.826771547006813,6.454378829518106,-0.2053518420178693,-0.2784402127317088
2024-11-29,KBS:UPCOM:DLR,-7.8327429535960595,7.970393570352813,0.7951551713687176,-0.5756182512052426
2024-11-29,KBS:UPCOM:DLT,-7.8325531506518455,-0.7561182151142053,0.5682900361699766,-2.1006820719542056
2024-11-29,KBS:UPCOM:DM7,-7.829798182780344,-0.955457635928437,-0.517982922522296,0.6194007883895842
2024-11-29,KBS:UPCOM:DNA,-6.482765640441999,-2.534579901399078,-1.123523458994688,1.2718470557587291
2024-11-29,KBS:UPCOM:DND,-7.832289855737029,0.5463988004073392,-0.5400314752315661,0.1315269311836024
2024-11-29,KBS:UPCOM:DNE,-7.83377450668725,0.9985452236634703,0.3791193443324402,0.42426044363735205
2024-11-29,KBS:UPCOM:DNH,-7.838214245071819,-4.120260108854001,-1.8950880269662433,1.7262366648005365
2024-11-29,KBS:UPCOM:DNL,-7.334952821924677,1.7126601995482027,-0.102275019943057,1.1258758828682658
2024-11-29,KBS:UPCOM:DNM,-7.841049519608792,-5.96960500720901,-0.6123625704380243,2.417400547112066
2024-11-29,KBS:UPCOM:DNT,-7.84350701659942,-3.85218870872867,-0.9983359350268937,3.3719359500277384
2024-11-29,KBS:UPCOM:DNW,-7.828563790298791,-0.1911837709728812,-0.635819367001592,-0.00485251857968
2024-11-29,KBS:UPCOM:DOC,-7.771451202936956,0.6336327457090918,-0.8094026437122754,-0.43327093770008285
2024-11-29,KBS:UPCOM:DOP,-7.831252718206347,1.3355111089889715,-0.7266408147360651,-0.5818495077079413
2024-11-29,KBS:UPCOM:DP1,-7.774577968362721,0.5112237215753044,-0.19677005530670402,-0.44303915589726406
2024-11-29,KBS:UPCOM:DPH,-7.828758920953229,0.589175623542704,-0.4200654168247545,0.02135769570187062
2024-11-29,KBS:UPCOM:DPP,-7.845279466875208,3.9167726461878236,6.763650794535552,1.6553999280975022
2024-11-29,KBS:UPCOM:DRG,-7.827772427320648,1.4079021994186305,1.3102601729611436,0.4879672055341146
2024-11-29,KBS:UPCOM:DRI,-3.521345543133554,1.8378054248009286,0.35330091620610393,-0.0776007979185713
2024-11-29,KBS:UPCOM:DSG,-7.831763982310871,-0.7191140749428884,-0.6559634124167291,1.8565799923897184
2024-11-29,KBS:UPCOM:DSP,-6.990942618704299,5.403575998307699,2.1090470496820584,0.16224319882892996
2024-11-29,KBS:UPCOM:DTC,-7.8141477477130765,-0.45175565268060675,0.2527429101686217,0.7315707689928596
2024-11-29,KBS:UPCOM:DTI,-7.814242889544334,-2.8657688001453474,0.4473926532527715,0.7661414285268894
2024-11-29,KBS:UPCOM:DTP,-7.779912550894858,-0.627847892883977,-0.9325310536911484,0.020935838570058523
2024-11-29,KBS:UPCOM:DUS,-7.833335845980808,-1.6163165598380005,1.3542260284666932,-0.7026984851044854
2024-11-29,KBS:UPCOM:DVC,-7.845386978894595,0.509322943865524,-0.07167020333445004,2.7316161797854557
2024-11-29,KBS:UPCOM:DVW,-7.819741010321338,0.5080284221511748,-0.9796352937417611,-0.5263792266932958
2024-11-29,KBS:UPCOM:DWS,-7.822357677974633,-0.2443525590096951,-0.4030814828697256,1.8949512070606525
2024-11-29,KBS:UPCOM:DXL,-7.861191418199815,8.118219417138873,7.319407137879067,3.39609550239178
2024-11-29,KBS:UPCOM:E12,-7.823610662534022,-0.2583315926687358,0.022571444802673746,-0.701847881398309
2024-11-29,KBS:UPCOM:E29,-7.840465049697825,2.332549917747084,-0.5244688120925279,2.5728208427138926
2024-11-29,KBS:UPCOM:EIC,-7.836535799381703,0.06523758911008895,-0.1101580988505183,-0.37562711890471107
2024-11-29,KBS:UPCOM:EIN,-7.817332788008308,-2.674113770981956,0.44589754188780373,0.5920440220089093
2024-11-29,KBS:UPCOM:EMG,-7.83920792765415,7.584011742041572,1.6175394399068208,0.9085050729660734
2024-11-29,KBS:UPCOM:EMS,-7.741729219261177,0.4521799166124416,0.10977239633843924,1.9901397431965868
2024-11-29,KBS:UPCOM:FCC,-7.828942451850533,-0.18746495744638905,-0.158966514482766,-1.8922732827049102
2024-11-29,KBS:UPCOM:FCS,-7.831025676356357,-2.8704317642733637,-1.708708142436112,1.9370054198961644
2024-11-29,KBS:UPCOM:FHN,-7.830631728963966,-0.35283379057966946,0.12739070521601273,-0.5552799569007746
2024-11-29,KBS:UPCOM:FHS,-7.833713691750122,1.1485047715181034,-0.14594357075960362,0.011215968260193106
2024-11-29,KBS:UPCOM:FIC,-7.8124878665261095,0.7484663819552765,-0.07676872511853519,-0.20666811874324545
2024-11-29,KBS:UPCOM:FOC,-5.758026810325861,-0.8681632311075016,-0.14046720978599794,0.0839087047745202
2024-11-29,KBS:UPCOM:FOX,1.2980298093800915,1.3691924452952666,-0.057786777690462136,-0.16652924906276073
2024-11-29,KBS:UPCOM:FRC,-7.833210270807427,3.0654656449777478,0.7446029765103317,-0.2563331093576535
2024-11-29,KBS:UPCOM:FRM,-7.829169306047803,0.6782064573912264,-0.8241445982077287,-1.4423697752394824
2024-11-29,KBS:UPCOM:FT1,-7.812860694103337,2.0251580613022893,-0.09773459427903368,-0.6965705204225552
2024-11-29,KBS:UPCOM:FTI,-7.828942451850533,-0.18746495744638905,-0.158966514482766,-1.8922732827049102
2024-11-29,KBS:UPCOM:FTM,-7.837027078144109,-1.2760859411261996,0.032434842591111054,2.5108660674643657
2024-11-29,KBS:UPCOM:G36,-7.342591650598328,-1.4524226783261407,0.004726784384290626,-0.4343701581560425
2024-11-29,KBS:UPCOM:GCB,-7.828942451850533,-0.18746495744638905,-0.158966514482766,-1.8922732827049102
2024-11-29,KBS:UPCOM:GER,-7.844474769658727,1.8908495860596235,3.7576792703809536,2.6703280819725195
2024-11-29,KBS:UPCOM:GGG,-7.830688452097082,-4.666218270015014,-1.3969629667971415,3.1775521212001254
2024-11-29,KBS:UPCOM:GH3,-7.8268326905175885,0.19152357795448532,-0.604052777337433,-1.748534609194541
2024-11-29,KBS:UPCOM:GLC,-7.828942451850533,-0.18746495744638905,-0.158966514482766,-1.8922732827049102
2024-11-29,KBS:UPCOM:GMC,-7.828155002295554,-0.4708882284038604,0.14321186261344582,-0.4280276176252814
2024-11-29,KBS:UPCOM:GND,-7.829440340427525,1.0654183798495072,1.087066934589564,1.2212351217415363
2024-11-29,KBS:UPCOM:GSM,-7.826690824235712,5.1750225131279075,1.7710614085041942,-0.1880160436262385
2024-11-29,KBS:UPCOM:GTD,-7.8463150995582245,-2.6059968082455707,-0.5955701572703274,2.7215465156169967
2024-11-29,KBS:UPCOM:GTS,-7.833643729018519,0.7403073037730568,0.5606573009267578,-0.08156645006132689
2024-11-29,KBS:UPCOM:H11,-7.825562475426474,0.007802393383421667,1.2862791229405546,0.9098813009797081
2024-11-29,KBS:UPCOM:HAC,-7.823905302615326,-1.6376452453684431,0.2386753088058364,1.2116010932359969
2024-11-29,KBS:UPCOM:HAF,-7.824684524356941,-3.2476260683071008,0.9839345041344133,2.8109033341576235
2024-11-29,KBS:UPCOM:HAM,-7.824680123711841,0.2770459546385682,-0.34344019209255305,-0.27170379746145595
2024-11-29,KBS:UPCOM:HAN,-7.796565315919905,-0.07648521850570524,0.1506203008094874,-0.35729024236131585
2024-11-29,KBS:UPCOM:HBD,-7.834367247798053,-0.24075401911087593,-0.284035007983509,-0.03219962968980486
2024-11-29,KBS:UPCOM:HBH,-7.846406766257132,0.3259897058398018,1.825823433748944,1.5778644568764222
2024-11-29,KBS:UPCOM:HD6,-7.597232605186012,-0.9454359785724691,1.3848751568105266,-0.3382523216995278
2024-11-29,KBS:UPCOM:HDW,-7.837722036488718,-0.4801896704981092,-0.46799921891718466,0.6517743122131172
2024-11-29,KBS:UPCOM:HEJ,-7.835888788342237,-0.8428037722746384,-0.18872407271469524,1.5745836784168132
2024-11-29,KBS:UPCOM:HEP,-7.829558032591522,1.4681392476465858,-1.0015795303777486,-0.8658367106966168
2024-11-29,KBS:UPCOM:HES,-7.836047117101614,11.336099148177565,-4.36008858424128,2.135316775985432
2024-11-29,KBS:UPCOM:HHG,-7.748446527738662,-2.381196936543716,0.5593744241743878,0.7677274570112521
2024-11-29,KBS:UPCOM:HLB,-7.716074943551407,0.7887938407888734,-0.14786676964118048,0.7047620860036259
2024-11-29,KBS:UPCOM:HLS,-7.839394584433091,3.1464983246029674,-0.6241052385021223,0.2258303613872961
2024-11-29,KBS:UPCOM:HND,-7.75000790283444,-0.7890939597057482,0.2588257271962035,-0.7751056899977365
2024-11-29,KBS:UPCOM:HNF,-7.825850865503522,2.6589401192365543,-0.023028490317772057,1.662057782906827
2024-11-29,KBS:UPCOM:HNM,-7.437032647126165,-0.37961980084415936,0.2888516142490001,-1.0095295711405876
2024-11-29,KBS:UPCOM:HPH,-7.831437392590453,-1.800583756776959,-0.22312993690769387,0.24076946102448307
2024-11-29,KBS:UPCOM:HPT,-7.5275758988292605,0.39017185587673026,-1.2960861303694284,1.099880420222114
2024-11-29,KBS:UPCOM:HTM,-7.817771000043457,-0.15605707778239836,0.34368378791673343,0.4304123774298633
2024-11-29,KBS:UPCOM:HWS,-6.545032825074012,0.37655494305812764,-0.6282763049256326,-0.18603480093376032
2024-11-29,KBS:UPCOM:ICI,-7.853055712500865,0.8443471153350083,0.9187853296398697,2.853690426215249
2024-11-29,KBS:UPCOM:ICN,-7.458493058220224,3.7635767290599818,1.2451019930456841,-1.1138406330604111
2024-11-29,KBS:UPCOM:IFS,-7.802029060722315,-0.5892152334951641,0.39535602022197136,-0.3891816059273552
2024-11-29,KBS:UPCOM:ILA,-7.777254929270238,-1.0766112399333718,0.12797057203481388,-0.1603699531101359
2024-11-29,KBS:UPCOM:ILC,-7.850794843141845,-1.6765759579344146,-0.015132604515711244,2.3130007808628776
2024-11-29,KBS:UPCOM:ILS,-7.831279915654123,0.21719508850747468,-0.5672544056620763,1.7545440373808905
2024-11-29,KBS:UPCOM:IST,-7.827409174349391,1.9893945979086687,-1.08905291353149,1.3867768307993422
2024-11-29,KBS:UPCOM:JOS,-7.842829239802792,4.113993015857862,3.9990527503572317,0.9840005405508048
2024-11-29,KBS:UPCOM:KHW,-7.833408983657815,6.1225587105035295,4.484667845808118,1.9024579496385958
2024-11-29,KBS:UPCOM:KIP,-7.829296021436113,0.17427771268983389,-0.9302327543478885,-0.6365400713912142
2024-11-29,KBS:UPCOM:L63,-7.835736683665847,0.9997436186904397,0.6884802638452396,-0.18810508658617064
2024-11-29,KBS:UPCOM:LAI,-6.791223445041258,0.8226911225248433,0.23176162857061802,-0.3579415412945138
2024-11-29,KBS:UPCOM:LIC,-7.523138333551474,4.717676248935774,-2.222347403274265,1.036041038750957
2024-11-29,KBS:UPCOM:LLM,-7.812735227164773,2.5905184705787674,-0.3357954742251471,1.7914570617399408
2024-11-29,KBS:UPCOM:LMI,-7.825166930564468,0.8079485545414055,-1.6892540937491085,0.030179768792149897
2024-11-29,KBS:UPCOM:LTC,-7.831880024812581,-9.088532881721907,-2.0154756171737467,3.8852003591414705
2024-11-29,KBS:UPCOM:MDF,-7.840310484194434,-1.6782177060236758,1.3835026577414917,2.2682243092530725
2024-11-29,KBS:UPCOM:MEC,-7.811584973913466,0.3290602225246656,0.5762298674785634,1.1806750985605372
2024-11-29,KBS:UPCOM:MFS,-3.202046812360976,3.4344566659785762,2.2608900504010987,1.4071280982736176
2024-11-29,KBS:UPCOM:MGC,-7.811210075187327,-1.2354492781149367,-0.8713099948297339,0.34516632797810554
2024-11-29,KBS:UPCOM:MGG,-7.834785015307683,1.3995613812395986,0.2680773568826386,0.6616327257663567
2024-11-29,KBS:UPCOM:MPC,-7.569792029414498,-0.7872998947449573,0.24193964456100403,-0.7359085895480445
2024-11-29,KBS:UPCOM:MSR,-6.606112545619932,-1.875103759004189,0.790094535058007,-0.10977969056159273
2024-11-29,KBS:UPCOM:MVN,-6.9996879547560065,7.011437551091312,0.1154143617049974,2.0520267653898823
2024-11-29,KBS:UPCOM:NAU,-7.827081989321482,0.8597280651309346,-1.0174292338865076,-0.802483341336859
2024-11-29,KBS:UPCOM:NBT,-7.824701524123594,0.7384156295065196,-0.8636154682079162,-0.2756107852144743
2024-11-29,KBS:UPCOM:ND2,-7.6753027101478075,1.6109099682009524,0.039436125567912435,-1.3515803816268146
2024-11-29,KBS:UPCOM:NOS,-7.842619031160674,-2.0219448597771756,0.23559416998136737,2.046972803104319
2024-11-29,KBS:UPCOM:NQN,-7.82831530006183,-0.42327716475000843,0.1734889597211512,-1.4342964786316934
2024-11-29,KBS:UPCOM:NTT,-7.8306806250550105,-0.5284572657301719,-0.6786270352007051,0.20160983713195144
2024-11-29,KBS:UPCOM:NTW,-7.816413878913352,1.5627221524926402,-0.04063858164296968,1.2601079919027232
2024-11-29,KBS:UPCOM:NUE,-7.822586373751271,0.4052606450039073,-0.1835249226790765,-0.24458001343177885
2024-11-29,KBS:UPCOM:OIL,-2.4856844320358946,-1.2101846828388594,-0.40063035709519357,0.004774260213081688
2024-11-29,KBS:UPCOM:PCC,-7.824801814936356,2.008064476613614,-1.059920049659331,1.1781898393048034
2024-11-29,KBS:UPCOM:PCF,-7.799732404789119,-0.6291126196250668,0.5100627728084685,1.850246579672342
2024-11-29,KBS:UPCOM:PCG,-7.837609030248345,2.7459783411460528,2.6730205231774082,0.6905049441561294
2024-11-29,KBS:UPCOM:PFL,-7.765866259954124,-1.2184576818558852,0.9407526588848816,0.30697423607215674
2024-11-29,KBS:UPCOM:PHP,-1.0312673768995804,4.721550056306129,0.8924761599940855,-0.22230898815905287
2024-11-29,KBS:UPCOM:PHS,-7.835004960088277,-0.32825817956929265,0.8937345145906084,-0.3511046243825565
2024-11-29,KBS:UPCOM:PVE,-7.825963106998003,-1.2017775800504602,-0.29350110228867116,0.5188571897970334
2024-11-29,KBS:UPCOM:PVL,-7.628716650409004,0.347854106704753,0.653781367845745,0.6031187679765138
2024-11-29,KBS:UPCOM:PVX,-7.438436406301459,-3.9477322923257407,-1.1062364193855914,0.6662675657449149
2024-11-29,KBS:UPCOM:PWA,-7.738823795002502,-0.6708053334189615,0.5217176075071591,0.4511066854974583
2024-11-29,KBS:UPCOM:PWS,-7.830853723766734,0.11422870373254249,-0.5495060804453713,0.9341552770108975
2024-11-29,KBS:UPCOM:PXA,-7.837931131196581,0.1965845971985225,0.889621878352083,0.5852655066738767
2024-11-29,KBS:UPCOM:PXI,-7.727180564926004,-3.3879215440690316,0.2644607238232376,1.0005179176391261
2024-11-29,KBS:UPCOM:PXM,-7.838557947040591,-1.531493235746551,0.8436132203824513,2.363502270383848
2024-11-29,KBS:UPCOM:PXS,-7.802452921971238,-2.211364449325521,0.5561891822848268,-0.05873574621286843
2024-11-29,KBS:UPCOM:QCC,-7.835789968303266,-2.403039346316778,0.727252065724494,1.2072496573100926
2024-11-29,KBS:UPCOM:QHW,-7.820758034244352,-0.04726111866593306,-0.23383047766352028,-0.15795796192121186
2024-11-29,KBS:UPCOM:QNC,-7.827487301403225,-1.9288388508887615,-0.3521787358635789,-0.1776156252541875
2024-11-29,KBS:UPCOM:QNS,4.168444499120268,0.6787343756191391,0.09647359563114966,-1.3610234373597185
2024-11-29,KBS:UPCOM:QPH,-7.830002736656604,-0.14676376629842156,-0.22397113548981096,-0.6650236253838123
2024-11-29,KBS:UPCOM:QSP,-7.802522381426483,-0.21355473528077748,-0.3765212431407376,0.7693067652622783
2024-11-29,KBS:UPCOM:RIC,-7.835918685147985,-1.3496094960020943,-0.052721798942432584,-0.15656420219744496
2024-11-29,KBS:UPCOM:S74,-7.832672858211509,1.9820265894535127,-0.8612564355383694,0.9689952211107922
2024-11-29,KBS:UPCOM:SBD,-7.691984874133131,-1.0181698180146077,1.3845199886498736,0.8846330761896767
2024-11-29,KBS:UPCOM:SBM,-7.830544123650585,0.5677845709534145,0.071133570956635,-0.7189494153206225
2024-11-29,KBS:UPCOM:SCJ,-7.76444316541819,-1.0626635705475402,0.27220187081065483,0.6434205867924766
2024-11-29,KBS:UPCOM:SCL,-7.713424028166836,0.14420442250812313,0.839304032179821,0.11184166373671384
2024-11-29,KBS:UPCOM:SD2,-7.836668720002345,-0.1732475818565293,-0.07489602566124197,0.9090042952603207
2024-11-29,KBS:UPCOM:SD7,-7.830458570178403,-1.6948452055282315,-0.33179576792565535,-0.25837003876828823
2024-11-29,KBS:UPCOM:SDP,-7.833969089862143,-1.331012637144953,-0.5793924293700972,0.218948650012155
2024-11-29,KBS:UPCOM:SEA,-6.654412756774745,3.0732122098385437,-2.2467990266526816,2.084596228906226
2024-11-29,KBS:UPCOM:SGB,-7.802738379699608,-1.0356477146961574,-0.40421631116705287,-0.8047327093200953
2024-11-29,KBS:UPCOM:SGS,-7.83646037409504,-0.4456351712301115,-0.06087559998058499,1.6438043170628307
2024-11-29,KBS:UPCOM:SID,-7.801753237534055,-0.6154982963396309,0.38052968009853166,0.39434572199641515
2024-11-29,KBS:UPCOM:SJG,-7.833394262387026,2.4057563700443905,0.13322020968484388,1.8294086321140945
2024-11-29,KBS:UPCOM:SKV,-7.727667129552575,-1.5318797077980477,0.7831785835520139,-0.40964955544018233
2024-11-29,KBS:UPCOM:SRB,-7.824378527025863,-1.4982856315958952,1.191855711934059,1.621861987759863
2024-11-29,KBS:UPCOM:SSG,-7.7881344593519755,0.7454504464208124,0.9261140234370803,0.670255468419266
2024-11-29,KBS:UPCOM:SSH,-5.619584509242623,-0.1303646605324312,-0.07023036618570255,-1.580647899054093
2024-11-29,KBS:UPCOM:STT,-7.832564090096667,-3.0810940206224973,-0.6754331568437965,0.3396047308683307
2024-11-29,KBS:UPCOM:SWC,-7.679838524664396,-0.05270974511486366,0.05962975661674613,-0.5097147364090736
2024-11-29,KBS:UPCOM:TDB,-7.822023030807971,-0.010358785019013562,-0.1901213465755442,-1.4205014961092288
2024-11-29,KBS:UPCOM:TDS,-7.798747299878219,-1.6430707932686741,0.2571495387195339,1.2662975905811513
2024-11-29,KBS:UPCOM:TGP,-7.834565945504349,-1.5572191517672354,0.11879712919089767,0.11459245633976739
2024-11-29,KBS:UPCOM:THW,-7.837368409146833,6.592013546022949,0.43501927458856704,0.5416825097646739
2024-11-29,KBS:UPCOM:TIS,-7.1666084790077935,0.9702834991295645,-1.3177396062927627,-0.07874285482189135
2024-11-29,KBS:UPCOM:TLP,-7.827435392898999,-0.7456563685213661,-0.12691975552025744,-0.3246660019436298
2024-11-29,KBS:UPCOM:TNW,-7.836932849632829,0.42205923798785133,0.4981562934120935,0.8437518650407667
2024-11-29,KBS:UPCOM:TOS,-7.189165461194549,2.6883712555783106,-0.8676270609634571,-0.576522376480024
2024-11-29,KBS:UPCOM:TOW,-7.83143030741458,0.45192622107118535,-1.5181060578130727,1.288905042246098
2024-11-29,KBS:UPCOM:TSD,-7.681605162609818,-0.585847607328718,-2.1013736091023576,2.7475059515071267
2024-11-29,KBS:UPCOM:TST,-7.835098806187422,0.5744892983138263,0.6822808414302782,1.4840371171740219
2024-11-29,KBS:UPCOM:TTD,-7.828991753735211,-3.395818337930767,-1.879479084821213,0.7593380698177226
2024-11-29,KBS:UPCOM:TTG,-7.7988604558159,9.809586040705216,1.0468158931826657,1.4340803273598366
2024-11-29,KBS:UPCOM:TTS,-7.83623428706614,-3.217857388666378,0.3087349418166084,0.8487951161383561
2024-11-29,KBS:UPCOM:TUG,-7.830477565049184,1.2744649846133846,-0.05595421763090032,-0.7823982209287567
2024-11-29,KBS:UPCOM:TV1,-7.690681925629205,0.21405911952859777,-0.3037998682849187,-1.1379389414008512
2024-11-29,KBS:UPCOM:TVN,-6.469089650577551,-0.746385145288506,0.13750765324506278,0.4883903672020987
2024-11-29,KBS:UPCOM:UDC,-7.816848679593037,-0.4915636767091868,0.15413047509533312,0.036620142295417844
2024-11-29,KBS:UPCOM:USC,-7.83926477588726,-0.9110451119209151,0.48269497293457764,1.6341124756391257
2024-11-29,KBS:UPCOM:VAV,-7.803892797758401,0.554420581697426,-0.7190195974407173,0.3533268175456875
2024-11-29,KBS:UPCOM:VCP,-6.608551027424407,1.8845286459871242,0.48145446285346183,-0.8712132894920641
2024-11-29,KBS:UPCOM:VCR,16.878494705105282,-0.36697008613669085,-0.16539322618387547,-0.809124428322946
2024-11-29,KBS:UPCOM:VDN,-7.833995730083151,1.1717925652284948,-0.28685968487720787,0.7730272342624893
2024-11-29,KBS:UPCOM:VEA,17.20338576411006,-0.42591301492895484,-0.7670577612454464,-0.7142010904501067
2024-11-29,KBS:UPCOM:VGG,-7.566740147530478,1.187378866796086,-0.5291495670866008,-0.9918739318075331
2024-11-29,KBS:UPCOM:VGI,86.47398913830293,5.4444273879817,0.60844326366432,1.4525888016870565
2024-11-29,KBS:UPCOM:VGT,2.719943442286977,-0.5623252495964364,0.4105231512701432,-0.4065143696973275
2024-11-29,KBS:UPCOM:VHG,-7.617676529645416,-1.5812187693599324,0.7021774079499117,0.8647188660427513
2024-11-29,KBS:UPCOM:VIM,-7.850565540741467,2.6067522898100806,5.7169544398313965,2.371399720215431
2024-11-29,KBS:UPCOM:VIN,-7.832124746087535,0.1781445115024886,-0.20569385967870915,-0.4528247626669563
2024-11-29,KBS:UPCOM:VIW,-7.840512293295771,-0.180408833055385,0.007580786715379767,0.40328107208773156
2024-11-29,KBS:UPCOM:VKC,-7.788441593486946,-1.1576721577165539,1.0491140710712015,1.314701263211429
2024-11-29,KBS:UPCOM:VLG,-7.537101990030413,3.7417964108927255,-1.1468927618220999,1.3108234034765365
2024-11-29,KBS:UPCOM:VLW,-7.836412922338742,0.77192647177792,-0.39353167589765087,1.4349413089938186
2024-11-29,KBS:UPCOM:VNB,-7.629514381593004,-0.9915859092443347,-0.18401343382029414,-0.7862537710208675
2024-11-29,KBS:UPCOM:VPR,-7.822617322950037,0.9275859711602069,0.9452885642574702,-0.19850876805422574
2024-11-29,KBS:UPCOM:VSE,-7.8208511762761255,-0.7788295700304676,-0.1634341151182196,0.1568189307601337
2024-11-29,KBS:UPCOM:VST,-7.761575627287392,-0.4814220204149971,-0.3535147791388651,0.2838128138996653
2024-11-29,KBS:UPCOM:VTK,-4.597949627254325,3.078395858572357,-0.28431339700004865,1.0558441345914698
2024-11-29,KBS:UPCOM:VW3,-7.835767662309202,-1.590270399866412,0.31246145354537563,0.9026002700343289
2024-11-29,KBS:UPCOM:WSB,-7.4131902298098025,1.0761008446707534,0.4309358272855744,-1.1446284783216611
2024-11-29,KBS:UPCOM:XMC,-7.819416265111517,-0.9285066056482044,0.06316946036721141,-0.15480885332992927
2024-11-29,KBS:UPCOM:XMP,-7.837087872081238,-1.4772171384581578,-0.23755824568332565,1.6308304438423078
2024-12-31,KBS:HNX:ADC,-4.293525833374,0.10076799114137631,-0.1743527161358221,-0.3444285450695701
2024-12-31,KBS:HNX:ALT,-4.307285041235039,-2.295966406702102,-1.0621762736632034,0.7058357557157809
2024-12-31,KBS:HNX:AMC,-4.3128814396035,-0.659293773233893,-0.020888541473784838,-0.37398839800888733
2024-12-31,KBS:HNX:AME,-4.3153897585243,-2.824286524640209,0.5202518309013031,0.5339669968935492
2024-12-31,KBS:HNX:AMV,-4.266271577413059,-4.635883988190396,1.4788329349644584,1.667328415005822
2024-12-31,KBS:HNX:API,-2.690777257963654,0.17309653583706106,0.08511132215041985,0.24612895192270243
2024-12-31,KBS:HNX:APS,-3.297050253759529,-1.1464450866067515,0.20958435475329185,-0.4783602741701141
2024-12-31,KBS:HNX:ARM,-4.327616420605483,-1.5551891530203008,1.4450664049507933,2.1750079809446867
2024-12-31,KBS:HNX:ATS,-4.347243312151664,-0.23054676276540273,1.9309408457403376,2.37137406234742
2024-12-31,KBS:HNX:BAB,-1.2391242602215276,-0.3497566609578351,-0.2149687510813559,-1.4938943566324627
2024-12-31,KBS:HNX:BAX,-4.285799104303066,0.39182979747049784,0.3978263573286403,-0.5355074837922545
2024-12-31,KBS:HNX:BBS,-4.316087356771743,0.0692993300455011,-0.17266848639145746,0.14207371860833395
2024-12-31,KBS:HNX:BCF,-4.30226293866219,2.2936635628500266,-1.2354648944482913,-0.37785791354515863
2024-12-31,KBS:HNX:BED,-4.276642442171552,1.2501116905038179,-2.390688700913267,-0.4065341569007563
2024-12-31,KBS:HNX:BKC,-4.248386075782788,10.077874564837819,1.4369872522737042,0.7857255066941786
2024-12-31,KBS:HNX:BNA,-3.785104174769923,0.352056421785398,0.021940925189103386,-0.1835276463639115
2024-12-31,KBS:HNX:BPC,-4.312283356975901,0.6162976333033877,1.0166011972954998,0.647253759935856
2024-12-31,KBS:HNX:BTS,-4.294647301856523,-1.2517538054923885,-0.43373177088421005,-1.0924438183777578
2024-12-31,KBS:HNX:BTW,-4.325143973079054,0.19101630070102515,-0.20416623640461437,1.5558661723305924
2024-12-31,KBS:HNX:BVS,0.7522008338463663,-0.9039838901010904,-0.6204352792822032,0.3939491660187319
2024-12-31,KBS:HNX:BXH,-4.308067610609474,-2.003610153488104,-1.9895296966735125,1.8323824608874744
2024-12-31,KBS:HNX:C69,-3.557561979211294,-0.96121438583895,0.08948520537339381,-0.19780795921826175
2024-12-31,KBS:HNX:CAG,-4.292229083744284,-0.0022457843418553446,0.9456059319805397,-0.5801654221741357
2024-12-31,KBS:HNX:CAN,-4.325937529107317,1.0625992707227856,-0.775328389719364,0.07194279973710346
2024-12-31,KBS:HNX:CAP,-3.8792141714031354,-1.3927879375221317,0.22507438556945086,-0.17659868161784129
2024-12-31,KBS:HNX:CCR,-4.302310907076747,-0.26376785924536655,-0.4706714643472423,0.3430661496911353
2024-12-31,KBS:HNX:CDN,-4.160204753870484,0.9872552152377692,0.6586740317498334,-0.7307683292671343
2024-12-31,KBS:HNX:CEO,6.930096991123951,-2.4544881427690757,-0.06427730059310437,-0.32849748020635194
2024-12-31,KBS:HNX:CET,-4.321580012526698,-2.0545537937562734,0.7884784317881611,0.9283054177323057
2024-12-31,KBS:HNX:CIA,-4.286329733382004,-0.4443708164815735,0.4990437353545723,-0.5469252849300089
2024-12-31,KBS:HNX:CJC,-4.292795272202621,-0.432607397563282,-0.6578496741805339,-2.0962979430194713
2024-12-31,KBS:HNX:CKV,-4.290223849862764,-0.976105141192534,0.38496033373117633,-0.22659640869934444
2024-12-31,KBS:HNX:CLH,-4.280375755235994,-0.9101419601617062,-0.40395696173414286,-1.3821259367018242
2024-12-31,KBS:HNX:CLM,-4.295810681478787,0.03454016721384546,-0.019762640997552608,-0.1333533448910342
2024-12-31,KBS:HNX:CMC,-4.279920265878829,-2.71504704224771,1.126959597802568,1.7161148273514573
2024-12-31,KBS:HNX:CMS,-3.690347812736377,-3.9047336275418143,1.1854732195462503,2.346919177669505
2024-12-31,KBS:HNX:CPC,-4.290011141783536,-0.23909673614160656,-0.8046451781817827,-1.332944964093779
2024-12-31,KBS:HNX:CSC,-3.4610666708110807,-0.4566249534302605,0.2607692946977273,0.2650192678313257
2024-12-31,KBS:HNX:CST,-3.9456391980194643,0.34490654881957483,0.5196846971256729,-0.2565502389998974
2024-12-31,KBS:HNX:CTB,-4.3044502645471425,-1.2783128633795333,-1.2868662279044047,0.3117296446022403
2024-12-31,KBS:HNX:CTP,-2.8677353916497927,15.78568488528809,-13.087829748923554,3.3539403525791722
2024-12-31,KBS:HNX:CTT,-4.311119883171905,-0.5768931191412984,-0.35618883955568226,-0.4097904627805755
2024-12-31,KBS:HNX:CX8,-4.286735557315451,2.662252155731812,2.0611753733300415,-0.93753581493074
2024-12-31,KBS:HNX:D11,-4.292414071730083,-1.665329964818163,-0.5295401719741117,-0.720993702411571
2024-12-31,KBS:HNX:DAD,-4.296025303264261,1.0452396083216944,0.3155621518239514,-0.2067895138235601
2024-12-31,KBS:HNX:DAE,-4.296935240882117,1.420776695001598,0.4960833273380066,-0.39238237886628924
2024-12-31,KBS:HNX:DC2,-4.315636670080115,0.19110922464174496,0.15067502393856924,1.5638302452988415
2024-12-31,KBS:HNX:DHP,-4.317715652236153,-0.5475622173799282,-0.9370026329732708,-0.06943940676027312
2024-12-31,KBS:HNX:DIH,-4.30501364884886,-1.21449591531216,0.46947959550442747,-0.037760942530053146
2024-12-31,KBS:HNX:DL1,-3.294248124202223,-0.6702199602475999,-0.12452895219537746,0.8008201099068303
2024-12-31,KBS:HNX:DNC,-4.2438237075357845,2.5953569390170363,-3.9311637294926793,0.30645630131463397
2024-12-31,KBS:HNX:DNP,-3.0480210388186575,-1.165692891729722,-0.2753838941735826,0.49216839043012095
2024-12-31,KBS:HNX:DP3,-3.9772822586770613,-0.9966579223323513,-0.05912230482397362,-0.7183773185425543
2024-12-31,KBS:HNX:DS3,-4.319653645689031,-1.54012237211365,0.10498155254658789,0.5986873386057314
2024-12-31,KBS:HNX:DST,-3.599178733484433,8.326962275534854,7.748165980079444,-0.1589756642191783
2024-12-31,KBS:HNX:DTD,2.941128084238084,-0.31236883628319895,0.2131497220747747,0.3276826671225704
2024-12-31,KBS:HNX:DTK,-4.305971189459888,0.8876805441976662,1.2175961729304183,0.2692199993564819
2024-12-31,KBS:HNX:EBS,-4.291301231585409,-0.6469102964031379,-0.5606304186996545,-0.08003676613265918
2024-12-31,KBS:HNX:ECI,-4.312040937014598,-2.92191317159503,-1.881979905758957,-0.06212161458657481
2024-12-31,KBS:HNX:EID,-4.256400862429189,-0.0010881777109994029,-1.0929707295725393,-1.3048647432691391
2024-12-31,KBS:HNX:EVS,-4.159848996484291,-1.5065798357406859,1.8473668634500267,0.11361278763821876
2024-12-31,KBS:HNX:FID,-4.300017638521845,-0.05962927983576469,2.260534559175874,0.3791581117033885
2024-12-31,KBS:HNX:GDW,-4.308870192711749,0.3389995163457073,0.7749022876635597,0.3779721003053116
2024-12-31,KBS:HNX:GKM,-3.7981804377013844,-7.360937121725786,0.768412719995082,4.448844224238672
2024-12-31,KBS:HNX:GLT,-4.2886675989411085,-1.4778146776993526,-0.8128016649985835,1.3906946529013466
2024-12-31,KBS:HNX:GMA,-4.293974295597684,2.610243331806105,0.8941975038329133,-1.519186417074981
2024-12-31,KBS:HNX:GMX,-4.297526555976774,-0.6556429270293513,-1.0437872438815983,-0.8502403915187282
2024-12-31,KBS:HNX:HAD,-4.306636244935875,0.32757598128897053,-0.20413117144260717,-0.2885214832097785
2024-12-31,KBS:HNX:HAT,-4.31358286233542,-0.40835454862952525,-0.4394293621641082,-0.7432191924369318
2024-12-31,KBS:HNX:HBS,-4.179033086533614,-2.4915534895401543,-0.02153398399755026,1.1020701054569613
2024-12-31,KBS:HNX:HCC,-4.292479422110998,0.9402995449110982,-0.7131871972702742,-1.244003278797194
2024-12-31,KBS:HNX:HDA,-4.292742843539003,-0.9608980363920683,0.18575253703026856,-0.734677592218788
2024-12-31,KBS:HNX:HEV,-4.31972281790362,-2.5310111428887674,0.26421527619195284,0.05615393749710386
2024-12-31,KBS:HNX:HGM,-3.9757308727633105,24.46162150391007,-5.126073781881068,1.941449024944729
2024-12-31,KBS:HNX:HHC,-4.225032114797856,1.4491754345254457,0.8049880878389685,-0.4888085701711969
2024-12-31,KBS:HNX:HJS,-4.270250158300541,0.07658136037382135,0.7042820137267158,-0.3290561225703016
2024-12-31,KBS:HNX:HKT,-4.289654437345471,0.08099119704474766,-1.8796061837965714,0.015558083540987448
2024-12-31,KBS:HNX:HLC,-4.297854816233752,-0.6839468835126563,-0.20242022517673017,-0.4957963267546586
2024-12-31,KBS:HNX:HLD,-4.168111483392215,-0.7211384823740178,-1.2473951140607304,-1.0589665131836359
2024-12-31,KBS:HNX:HMH,-4.3123195323635946,-0.19477131649391885,-0.04600795978394386,0.5328914285630478
2024-12-31,KBS:HNX:HTC,-4.3154853569214024,3.409807747224134,-0.061696990819432494,1.80532409789971
2024-12-31,KBS:HNX:HUT,3.3758911802737743,-1.078461983781018,-0.0003194523612762996,-1.3407588191260018
2024-12-31,KBS:HNX:HVT,-3.2955266781977164,4.685186726820037,0.37366463191776506,0.09021721138359892
2024-12-31,KBS:HNX:ICG,-4.308643661749793,-0.872762809546845,-0.8090251550086897,0.4884414587437573
2024-12-31,KBS:HNX:IDC,14.735102291749252,-0.7545724209756105,-0.19910541410785856,-0.5877474972159534
2024-12-31,KBS:HNX:IDJ,-2.337734843416429,-1.3668197392656614,-0.10155154404112755,-0.42629340837833435
2024-12-31,KBS:HNX:IDV,-3.143680594732522,-0.12825541891493786,-0.7402026281159277,-0.9046496662504242
2024-12-31,KBS:HNX:INC,-4.291975282594576,0.0417772584448414,-1.3333100208555329,0.24577510990090376
2024-12-31,KBS:HNX:INN,-4.256684868015503,0.14850417497508805,-0.8086061640905028,-0.9332186555153229
2024-12-31,KBS:HNX:IPA,-3.9735497082581177,-1.878549454394904,-0.19402282356058262,-0.6221760967170221
2024-12-31,KBS:HNX:IVS,-3.8869796407256745,-0.15809225070716434,1.4618434896995445,-0.41396802248368825
2024-12-31,KBS:HNX:KDM,-4.283525809825757,-1.1844138856864548,0.20136109011986683,-0.5021231835475714
2024-12-31,KBS:HNX:KHS,-4.0290465254714025,1.0616142288958106,-0.5008504710894011,0.5137018757976743
2024-12-31,KBS:HNX:KKC,-4.323938368362711,0.42731930046050093,0.3873279090031473,1.632381417499965
2024-12-31,KBS:HNX:KSD,-4.314666829518447,0.45206597515693586,-1.5125711088270124,1.0537940485515946
2024-12-31,KBS:HNX:KSF,-4.077701801860989,-0.4673081358786514,-0.5845691294908514,-1.7775139835913478
2024-12-31,KBS:HNX:KST,-4.311809046089284,0.6848304059632903,1.4068654423348284,0.14116848734683607
2024-12-31,KBS:HNX:KSV,-1.8418973901849094,19.08082068159546,7.706930873840564,0.34222761287447134
2024-12-31,KBS:HNX:KTS,-4.276595904619312,-1.0742239971743224,0.13799865755389681,-0.2941389615276461
2024-12-31,KBS:HNX:L14,-0.8061218844740818,2.0384498762234218,4.273564198534995,-0.016884722401420926
2024-12-31,KBS:HNX:L18,-3.463787246344457,-0.013157163368608433,0.029892143018385775,-0.41326522797902415
2024-12-31,KBS:HNX:LBE,-4.298427668359296,1.0241377539812155,1.297938005490988,-0.7435212499681194
2024-12-31,KBS:HNX:LCD,-4.295814158526194,-0.652644542060302,-0.44183472172835003,-2.1823104664519914
2024-12-31,KBS:HNX:LDP,-4.118629923098441,-4.536722829239477,-0.18413560044703578,2.42763356252197
2024-12-31,KBS:HNX:LHC,-4.091745818563033,0.2804152237494271,-0.982423735737767,-0.8403922460373529
2024-12-31,KBS:HNX:LIG,-4.030298838066021,-1.61185299172845,0.8743672851276573,-0.03617092782942985
2024-12-31,KBS:HNX:MAC,-4.297352540042421,-0.5747492003517629,-1.7104999096498328,0.6052397756182134
2024-12-31,KBS:HNX:MAS,-4.308581353863152,0.862624094175966,0.695376520786751,-0.1408841581437069
2024-12-31,KBS:HNX:MBG,-4.027195058569412,-0.846627783015803,1.5627671664969685,0.3023083333779821
2024-12-31,KBS:HNX:MCC,-4.297630852146938,0.712706020261633,0.11619415736926245,-1.7337747043287473
2024-12-31,KBS:HNX:MCF,-4.290993332751464,-0.37582089760365367,-0.2422679697330173,-1.1805753381635584
2024-12-31,KBS:HNX:MCO,-4.168338383933274,-2.92988161153342,0.09638452260584267,3.504709226116165
2024-12-31,KBS:HNX:MDC,-4.286694962476294,-0.8341493018299873,-0.19736856649396223,-1.2761298396601255
2024-12-31,KBS:HNX:MED,-4.298091726174725,-0.16931791320862025,0.5600362639495489,-0.96916149413804
2024-12-31,KBS:HNX:MKV,-4.2980445982246716,0.07720062734347957,0.22021604780643653,-0.845212499454777
2024-12-31,KBS:HNX:MST,0.7885931972008949,2.6330079445515198,1.3569445916764733,-0.3985570095022781
2024-12-31,KBS:HNX:MVB,-4.298384997348552,-1.0697990956749623,-0.4291352546133773,-0.5767906849481294
2024-12-31,KBS:HNX:NAG,-3.4010784836486954,-0.009078959502658456,-0.9764897668522498,-0.8771482736482983
2024-12-31,KBS:HNX:NAP,-4.33207705103505,-0.9263783659310617,1.6244372161151217,0.3315618942346831
2024-12-31,KBS:HNX:NBP,-4.301141918029629,0.621422694154921,0.5692011718366654,-0.3696298623089257
2024-12-31,KBS:HNX:NBW,-4.288900685361426,0.702081311377526,0.7771580702840364,0.6700229119837022
2024-12-31,KBS:HNX:NDN,-3.913228398423506,-1.398522081788318,0.8824413189070046,-0.056947904392549605
2024-12-31,KBS:HNX:NET,-4.19629829184494,-1.174953762121662,-0.4321290191937543,-0.44137865333513004
2024-12-31,KBS:HNX:NFC,-4.315201707559391,-0.47986378592280055,-0.5297944083471037,1.0050942067810402
2024-12-31,KBS:HNX:NHC,-4.317574685378719,0.03670587488835928,1.8007211946723107,1.0042932633990542
2024-12-31,KBS:HNX:NRC,-3.1242202186378236,3.0779747151190398,3.4988497604764133,1.350260679723712
2024-12-31,KBS:HNX:NSH,-4.271860379964206,-1.7593713401593873,-0.20326713504235897,-0.09764633190133971
2024-12-31,KBS:HNX:NST,-4.297364004095493,-0.044165860116487786,-1.029937221529681,-0.20742512494346127
2024-12-31,KBS:HNX:NTH,-4.313251783068957,-0.7770276677498111,0.001704941804783394,-0.023772540399018376
2024-12-31,KBS:HNX:NTP,4.060801370025673,1.8597883067383445,-0.8595189955303617,0.08771802294220742
2024-12-31,KBS:HNX:NVB,-3.7016195614859506,-1.1708965555196909,0.17784787362860874,-0.938923923612565
2024-12-31,KBS:HNX:ONE,-4.297473052259911,-1.5311697428722815,0.6408051704314586,0.2707142181524369
2024-12-31,KBS:HNX:PBP,-4.224186415306572,0.11405591670258285,-0.4862703210128971,-0.4126094907237137
2024-12-31,KBS:HNX:PCE,-4.295772451309602,-0.7222974130488239,-0.3906962056440335,-0.9961678392283299
2024-12-31,KBS:HNX:PCT,-4.14123784757101,1.4824475326586792,-1.6885031748157895,-0.2639748853671951
2024-12-31,KBS:HNX:PDB,-4.285334801381297,-0.0029510328061635063,-0.31764391585226714,-0.2821498097766336
2024-12-31,KBS:HNX:PEN,-4.31789778516734,-2.7732373949273095,-1.2257071536357025,0.4695875737927055
2024-12-31,KBS:HNX:PGN,-3.700206444149192,11.465320478469986,3.815271999248129,0.6405654861632264
2024-12-31,KBS:HNX:PGS,-4.310281546149119,-0.34483506668485153,-1.0608440193909563,-0.06087168272611296
2024-12-31,KBS:HNX:PGT,-4.305471608357587,7.2210778833726526,-0.5558260942177596,1.2470081382538247
2024-12-31,KBS:HNX:PHN,-4.299506758450358,1.5059807522114501,-1.108825056968067,0.4384481951045139
2024-12-31,KBS:HNX:PIA,-4.297014117127235,-1.2291541385963587,-0.8462382096869335,0.03937156920578166
2024-12-31,KBS:HNX:PIC,-4.308896789666721,-1.3773196091653193,0.3533905004763795,1.4139251534319084
2024-12-31,KBS:HNX:PJC,-4.3151923368657075,-0.648979485385719,-1.203597792842476,0.14744010619237333
2024-12-31,KBS:HNX:PLC,-3.3314870846167706,-1.6307964410564488,0.724209491666199,0.0699178617012073
2024-12-31,KBS:HNX:PMB,-4.2816633146925325,-1.0984913551499635,-0.6004840545788883,-0.8083287029781591
2024-12-31,KBS:HNX:PMC,-4.1284887492072935,1.5695919291404836,-0.8625880543928046,0.43012223045100173
2024-12-31,KBS:HNX:PMP,-4.303242548505719,0.2076922348782265,-0.6038718998920084,-0.9099150641144966
2024-12-31,KBS:HNX:PMS,-4.29907429546473,0.0733716027054605,-0.4327123417383334,0.47750987235897074
2024-12-31,KBS:HNX:POT,-4.30567729495668,-2.061514960746226,-0.7354775140457845,0.8200030734709833
2024-12-31,KBS:HNX:PPE,-4.329112702447146,-0.8398086541394106,-1.9256711220374993,1.7506013224445105
2024-12-31,KBS:HNX:PPP,-4.301956256199619,0.5417635096303987,-0.05869913905481518,-0.5803101682847113
2024-12-31,KBS:HNX:PPS,-4.290484730610176,0.024667485620903082,-0.27576449405327425,-0.8545869130975187
2024-12-31,KBS:HNX:PPY,-4.305267720766815,0.2717372926927194,-0.15917039593451146,-0.20078541351497128
2024-12-31,KBS:HNX:PRC,-4.081047603080367,-0.6176122139917576,-0.23648473036157125,-0.5090781804107034
2024-12-31,KBS:HNX:PRE,-4.295520590773584,1.3496582930497532,0.37235405306685904,-1.0092010379892584
2024-12-31,KBS:HNX:PSD,-4.009127956079552,-0.13580022887050977,-0.13440838426433158,-1.211494233948897
2024-12-31,KBS:HNX:PSE,-4.290621019077013,-0.37796069769826707,-0.3440837996748864,-1.2293030784193009
2024-12-31,KBS:HNX:PSI,-4.130570013776917,-0.22374263169251984,1.2386901205466088,-0.7822130703147459
2024-12-31,KBS:HNX:PSW,-4.217257004248327,-0.2858100239245228,-0.20505567447037717,-0.20202131618741934
2024-12-31,KBS:HNX:PTD,-4.35925893125158,1.6034472847551817,0.3210060449723464,3.558295346490936
2024-12-31,KBS:HNX:PTS,-4.3105667464272255,-1.9750291356607637,-0.3827810937023442,0.6059607683417786
2024-12-31,KBS:HNX:PV2,-4.271312937138367,-1.0219336863189037,0.3671459404490905,0.4369429041330836
2024-12-31,KBS:HNX:PVB,-2.674468202649177,0.6889210054258313,0.351233235502625,-0.46850077916029775
2024-12-31,KBS:HNX:PVC,-1.4143908915081014,-2.7156896592582545,0.7219626732974072,0.20720464435342006
2024-12-31,KBS:HNX:PVG,-4.119436919094963,0.6446975079557579,1.444665862597205,-0.9951465101444105
2024-12-31,KBS:HOSE:AAM,-4.302959143660132,-0.6573210286135683,1.2102730567684699,0.10363258855243249
2024-12-31,KBS:HOSE:AAT,-4.278993428892355,-1.2530131571608536,0.6302469675833654,-0.8804334336497794
2024-12-31,KBS:HOSE:ABR,-4.296062834625702,-1.0019873329816362,-0.7260463643384588,0.41274569958956514
2024-12-31,KBS:HOSE:ABS,-3.3061989434423875,0.08677285774750776,2.5041611711145024,0.0742753717553184
2024-12-31,KBS:HOSE:ABT,-4.249340578266106,-0.10308789884508605,-0.838838722773938,-1.1435689689554074
2024-12-31,KBS:HOSE:ACC,-3.5282736727414834,0.6460356953151165,0.03168329118582323,-0.741531085705358
2024-12-31,KBS:HOSE:ACG,-4.147780617403692,-0.5097356716778535,0.06158765721892973,-0.9246456723742318
2024-12-31,KBS:HOSE:ACL,-4.267590822178931,-0.5225986732539891,0.29957392116052867,-1.0218192832760657
2024-12-31,KBS:HOSE:ADG,-4.319146856711711,-2.067865417220061,1.71573532466025,0.4060290930019617
2024-12-31,KBS:HOSE:ADP,-4.269400812786143,0.571694132599303,-1.2543545976127544,-0.09898403346825994
2024-12-31,KBS:HOSE:ADS,-4.069069352109471,-2.312405322640176,-0.014435573106473332,0.02909915307848354
2024-12-31,KBS:HOSE:AFX,-4.142017979945399,-0.6021830922602279,0.5224661708401189,-0.5758287921465112
2024-12-31,KBS:HOSE:AGG,5.574558323322392,-1.6445151099246826,0.7982735018840311,-0.04768916220062006
2024-12-31,KBS:HOSE:AGR,-1.7401294363534052,-0.9577605131893497,-0.21610507513785027,-0.535031464139749
2024-12-31,KBS:HOSE:ANT,-4.220405158122171,2.1256672711783104,-1.8324681623866361,0.8168606884389523
2024-12-31,KBS:HOSE:ANV,7.730765063211958,1.4388311686216693,0.13828291798520953,-0.518990902001337
2024-12-31,KBS:HOSE:APG,-2.8592065857414672,-5.154978623325547,-1.488900397939712,1.4974076489786479
2024-12-31,KBS:HOSE:APH,-2.9967420956701125,-0.8552389065865063,1.5830071761856606,0.36399956509434545
2024-12-31,KBS:HOSE:ASM,-3.1141025985766695,-1.4369541497937361,-0.02630414073764391,-0.7509493480232506
2024-12-31,KBS:HOSE:ASP,-4.2856263301397455,-1.447123426705881,-0.20364449495709777,-0.4335637795878675
2024-12-31,KBS:HOSE:AST,-4.166921253791501,-0.5769355591030042,-0.1577026169364808,-0.801147476327454
2024-12-31,KBS:HOSE:BAF,20.921594075061336,3.0965412245214443,0.12819665052677864,-0.5119370348565907
2024-12-31,KBS:HOSE:BCE,-4.014421277408056,4.1975922468247315,1.06308701215329,-1.0631429661896923
2024-12-31,KBS:HOSE:BCM,0.37018629100566275,0.5894329215411063,0.02316875071647496,-1.0628385937651719
2024-12-31,KBS:HOSE:BFC,3.3289194829232818,0.8049419319635795,-0.4085789873536128,0.07825466885619889
2024-12-31,KBS:HOSE:BHN,-4.2608010228479944,-0.3112717727302118,-0.4972754657520182,-1.1990715434055985
2024-12-31,KBS:HOSE:BIC,-3.987475932859116,0.04348279026800747,-0.9096519139918358,-0.4662349983601373
2024-12-31,KBS:HOSE:BKG,-4.162644080384426,-1.5358115806623247,0.38493217010007225,-0.5224059786629894
2024-12-31,KBS:HOSE:BMI,-3.2864792831369107,-0.8025715285092282,-0.10803850400245532,-0.6090885091875056
2024-12-31,KBS:HOSE:BRC,-4.198818274784475,0.7546880239827705,-0.5110698279104945,-1.003115574949475
2024-12-31,KBS:HOSE:BSI,1.9350215567387856,-0.05057544676810267,0.5439082101523303,-0.5153824593010281
2024-12-31,KBS:HOSE:BSR,21.14159349342177,0.6368175542475081,1.2125375133012046,-0.34582105937468166
2024-12-31,KBS:HOSE:BTP,-4.269502609637799,-1.0026246647222212,0.5193495321768447,-0.9393152418703452
2024-12-31,KBS:HOSE:BVH,7.478075941790432,1.0231091991615522,-0.2403445197674756,-0.6564581516432032
2024-12-31,KBS:HOSE:C32,-4.178249675887242,-0.2395184098463403,-0.4433795963303683,-1.6199629408129044
2024-12-31,KBS:HOSE:CCI,-4.259846708674126,1.3437638570379837,-0.0729002630410831,-0.2642280642494499
2024-12-31,KBS:HOSE:CCL,-2.949964772776043,0.1394748712148722,0.664579585873631,0.19891219337984345
2024-12-31,KBS:HOSE:CDC,-3.5016207292330166,-1.190279712480698,0.04745032737720337,-0.9923480564846788
2024-12-31,KBS:HOSE:CHP,-4.050720910101653,0.30853064010446474,-0.9328692510020651,-1.5347422508274335
2024-12-31,KBS:HOSE:CIG,-3.044059387703077,2.691954500076503,-1.9496223335847196,0.852423459817738
2024-12-31,KBS:HOSE:CII,3.6318657787976,-1.1229191282777862,0.12923533428881293,-0.6872392186749138
2024-12-31,KBS:HOSE:CKG,-4.194655530277035,-1.32504400702151,-0.4113310805520636,-0.4339950202990989
2024-12-31,KBS:HOSE:CLC,-4.189974081807141,1.8160850536278974,-0.35330244896049134,-0.9498377716459738
2024-12-31,KBS:HOSE:CLW,-4.305430056474375,-0.46412121851303917,-0.6925736685989832,-0.3481833554198768
2024-12-31,KBS:HOSE:CMV,-4.30414417689734,-1.3606280284888466,-0.8757395012606799,-0.19696010504754533
2024-12-31,KBS:HOSE:CMX,-3.7835433795995277,-1.6644165747258426,0.5425425395031724,0.05830980713892283
2024-12-31,KBS:HOSE:CNG,-3.39091504558576,-0.9829026718418169,-0.5111247543435371,-0.5511189283698856
2024-12-31,KBS:HOSE:COM,-4.32426631687845,-0.40785374280555986,0.7644885965294917,0.5188250724971142
2024-12-31,KBS:HOSE:CRC,-3.4752451752469913,0.1206410015996257,-0.7710725942785955,-1.0434720154037225
2024-12-31,KBS:HOSE:CRE,-3.8434393534189013,0.49334777920037454,1.3475284228586029,-1.0234957012130503
2024-12-31,KBS:HOSE:CSV,28.460327972126837,4.836860875455469,-0.6621323716760703,0.5046703768751462
2024-12-31,KBS:HOSE:CTD,9.143836271562058,-0.10137639451767969,0.5003429910990346,-0.44278967157379046
2024-12-31,KBS:HOSE:CTF,-3.161549679839035,-2.5013556741982863,0.6934941324491584,0.49886030425617517
2024-12-31,KBS:HOSE:CTI,0.059919134094063506,1.530986846510529,0.8881069920493326,-0.6352627338784109
2024-12-31,KBS:HOSE:CTR,24.17952817968838,-0.3231481883500733,0.19048459518947675,0.1841823926631711
2024-12-31,KBS:HOSE:CTS,1.6194485783795343,-0.9126523619221559,-0.19548003716142648,-0.17015956230506982
2024-12-31,KBS:HOSE:CVT,-4.2888426763808685,-0.9390387664568843,0.11756488186272177,-0.41806894465975436
2024-12-31,KBS:HOSE:D2D,-4.016936753535615,-1.1499151039573774,-0.8323024101709531,-0.030741035796930664
2024-12-31,KBS:HOSE:DAH,-3.9467537467695024,-0.44372397865605745,1.5154857275499891,-0.49874185342371685
2024-12-31,KBS:HOSE:DBC,29.49533324404509,-0.600938266090658,0.05035081255564139,-0.11567597663747649
2024-12-31,KBS:HOSE:DBD,13.541720315012094,2.208819660525154,-1.1179380282325642,-0.34713069258966606
2024-12-31,KBS:HOSE:DC4,-1.0489903883586955,1.234692560620051,-2.3712754355680556,0.40093061940664076
2024-12-31,KBS:HOSE:DCL,-2.557603270782563,-0.5168102702112536,-0.08164876734263908,-0.4890024975498335
2024-12-31,KBS:HOSE:DCM,21.21844836113983,-0.948389985627532,-0.7276536918648437,-0.5532894686945413
2024-12-31,KBS:HOSE:DGC,54.30561566310265,-0.07454269068564723,0.48968836049075476,-0.04672082358273951
2024-12-31,KBS:HOSE:DGW,10.396650236832452,-1.9000855010935094,-0.6230090480062604,-0.24709453928410569
2024-12-31,KBS:HOSE:DHA,-3.602378353662998,-0.41205173971592696,-0.012306020769766364,-1.2217057380154495
2024-12-31,KBS:HOSE:DHC,2.44664314305546,-0.4095178477856461,0.39265858299031375,-0.6955290492556067
2024-12-31,KBS:HOSE:DLG,-3.7728160418358647,0.3047517418432148,0.9724289143091243,-0.4675248639128394
2024-12-31,KBS:HOSE:DMC,-4.257578368290002,0.843707751163939,-0.12727124278609783,-1.0064824708073055
2024-12-31,KBS:HOSE:DPG,3.0989325453272594,-2.0426870194442364,-1.22466652246627,0.15364860293251326
2024-12-31,KBS:HOSE:DQC,-4.269545779634991,-1.4841618121092177,-0.0661909784528144,-0.8660427583504481
2024-12-31,KBS:HOSE:DRC,0.20879472859393236,-1.0559837132976466,0.3531667511369001,-0.24814966235963687
2024-12-31,KBS:HOSE:DSN,-4.084677423011578,0.06308949069182627,0.010230203627345428,-1.459867390227431
2024-12-31,KBS:HOSE:DTA,-4.279354464748002,-1.061797949481498,0.009706478286722926,-0.4668264431793507
2024-12-31,KBS:HOSE:DTL,-4.319775896875972,-2.44136015998642,0.38551308674592955,0.2974143971092375
2024-12-31,KBS:HOSE:DTT,-4.324068594198337,1.2645222183580285,1.6573038948098593,0.5234990446843528
2024-12-31,KBS:HOSE:DVP,-4.0065084673207725,0.7228880261792651,0.030053072858662194,-1.5237099229687254
2024-12-31,KBS:HOSE:DXG,66.84029704443321,-1.3954112593982133,-0.581781010433017,0.4119627034985494
2024-12-31,KBS:HOSE:DXS,0.7949885871105353,-0.06515286654857963,-0.042332540798882386,0.3266576491160969
2024-12-31,KBS:HOSE:DXV,-4.3006111732160806,-1.6460378670186673,0.9028201490239463,1.0966213488069256
2024-12-31,KBS:HOSE:EIB,113.02932627233237,-0.007796682513172657,0.23151447154997745,0.6460137077089585
2024-12-31,KBS:HOSE:ELC,1.3792173000499797,0.32300788187711704,-0.3578753215536726,-0.5924784561585301
2024-12-31,KBS:HOSE:EVE,-4.229492355646962,-2.2481807817375534,0.2184991376047277,-0.2640259798942599
2024-12-31,KBS:HOSE:EVF,32.01036845854118,-3.5001512656395852,-0.5664218702442466,0.7426112196910887
2024-12-31,KBS:HOSE:EVG,-1.6626335244802772,-1.2975518267080197,-0.42476407201717725,0.18336906449304674
2024-12-31,KBS:HOSE:FCM,-4.255848146694515,-0.3352735268111964,1.3559691232655144,-0.19466143976714192
2024-12-31,KBS:HOSE:FCN,0.28972642814895233,0.80083363097973,1.6728323487215726,-0.6110418112735163
2024-12-31,KBS:HOSE:FDC,-3.012592567982396,0.8665404635825669,0.7338163494071195,0.7892105897449554
2024-12-31,KBS:HOSE:FIR,-3.770360992719197,-1.7305340694865328,2.151299099696486,0.46483528798820406
2024-12-31,KBS:HOSE:FIT,-3.7253785163037945,-0.7340891421104087,-0.1182333044736995,-1.324126065699647
2024-12-31,KBS:HOSE:FMC,-3.796270389910748,-0.7361678221006723,-0.7103456647602422,-0.9725889032367369
2024-12-31,KBS:HOSE:FPT,203.53488732476328,1.2134681780938177,0.177646212935304,1.3318455177175466
2024-12-31,KBS:HOSE:FRT,19.04807231460249,0.8256250571346281,-0.8525674178414732,-0.5471441064792638
2024-12-31,KBS:HOSE:FTS,18.09981632263097,-0.3725062763561208,-0.35240528234306345,-0.10723152611327638
2024-12-31,KBS:HOSE:GAS,4.83904775817068,-0.9669308752842687,-0.5082746985063206,-1.1726701584987673
2024-12-31,KBS:HOSE:GDT,-2.893243366859441,0.7067467513521544,-0.1239724439755754,-0.8410280606451976
2024-12-31,KBS:HOSE:GEG,-2.840446346063164,-0.5798994029723962,1.2737704491813973,-0.1058400680189509
2024-12-31,KBS:HOSE:GIL,0.556593256047901,-0.963247937268531,-0.9872445034893459,-0.1175914030982447
2024-12-31,KBS:HOSE:GMD,12.97796608038723,-0.6695561771737338,-0.050778015381886296,-0.6465541811085648
2024-12-31,KBS:HOSE:GTA,-4.280947953075485,-0.7867889970756634,0.3488156426876168,-1.063577495850355
2024-12-31,KBS:HOSE:HAG,20.248007185934842,-0.20555658775961805,0.6060091587493402,-0.14648310289766922
2024-12-31,KBS:HOSE:HAP,-4.2210857680187805,-0.32705363100170304,0.3426795512940675,-1.1735577233782086
2024-12-31,KBS:HOSE:HAR,-4.1475822484550005,-1.6806665132704988,0.745243977666717,-0.15050688711636254
2024-12-31,KBS:HOSE:HAS,-4.296702433747906,-1.1469226057800141,-0.40704574646172276,-0.21710227488041503
2024-12-31,KBS:HOSE:HAX,1.847146365161313,0.5543972679127653,-0.045266646839185264,-0.6303216495807132
2024-12-31,KBS:HOSE:HCD,-4.167104890517649,-1.4730739379811562,0.30258153765519635,-0.07428142055994826
2024-12-31,KBS:HOSE:HCM,54.50740202910496,0.276467846703675,-0.08645387282468806,-0.12777084675097053
2024-12-31,KBS:HOSE:HDC,16.40432895563725,-0.828542165083655,-0.12818564854779635,-0.4867961311784977
2024-12-31,KBS:HOSE:HDG,31.74920092557225,-0.4526865595659446,-0.10116199459667899,-0.067265576273976
2024-12-31,KBS:HOSE:HHP,-4.009478220394762,-1.7347711250580076,-0.5432957607412636,-0.8087581176096579
2024-12-31,KBS:HOSE:HHV,6.064833729670557,-0.8166486489155245,0.3603517576940003,-0.6865368159643351
2024-12-31,KBS:HOSE:HID,-4.274729169775245,-1.6016917694461028,-0.1701354265014356,-0.9349839519488821
2024-12-31,KBS:HOSE:HII,-4.227292387282007,-2.0348727401616307,0.3424491250385214,-0.17826858895166817
2024-12-31,KBS:HOSE:HMC,-4.184298157255604,1.3351961214197745,0.8770485961219758,-1.0608415922608971
2024-12-31,KBS:HOSE:HQC,-1.7295003171925567,-1.666983968524491,0.35752085793432375,-0.5919393018764261
2024-12-31,KBS:HOSE:HRC,-4.3281853141165145,-1.5913947122119703,-0.5677636395486776,1.0541323447418463
2024-12-31,KBS:HOSE:HSG,19.826193204275125,-2.238748719607838,0.2484719560054673,0.012301637195757614
2024-12-31,KBS:HOSE:HSL,-4.235325513470064,-2.0459828690981277,0.6642978005441902,-0.9767974407733436
2024-12-31,KBS:HOSE:HTG,-3.574922522970978,2.7965334122030767,-0.5733214047163036,-0.7362730690661493
2024-12-31,KBS:HOSE:HTI,-4.254364041516429,0.014893185112126506,-0.46175163548160864,-1.6624678155135315
2024-12-31,KBS:HOSE:HTL,-3.9916255308085953,5.695799491195974,-3.839466293748003,1.2399944379707883
2024-12-31,KBS:HOSE:HTN,-2.1347816302019886,0.9835757050383973,5.09898160852247,0.2106484920954413
2024-12-31,KBS:HOSE:HTV,-4.298207247874808,-0.4345825370216226,-0.5222419168735086,-0.8517413594978529
2024-12-31,KBS:HOSE:HU1,-4.312517826027853,-1.4165417990470799,-0.2224242159931121,0.40080251193472954
2024-12-31,KBS:HOSE:HUB,-4.080221886567324,-0.3718294108495801,-0.832913090216371,-1.0125223066955693
2024-12-31,KBS:HOSE:HVN,17.668279218642947,1.4329805973738625,-0.11878817591396663,2.1127187124610116
2024-12-31,KBS:HOSE:ICT,-4.0013377409682915,0.28984463547715217,0.01046985760302924,-0.04753089439882913
2024-12-31,KBS:HOSE:IJC,1.0713481244651848,-0.24167514110460117,-0.037773157424591905,-0.8035685878079357
2024-12-31,KBS:HOSE:ILB,-4.257661476751356,0.5366717854733764,0.2432127120517147,-1.126060600048428
2024-12-31,KBS:HOSE:ITC,-3.345446056839811,-0.6224311082696136,0.1666535393496363,-0.6899480392775429
2024-12-31,KBS:HOSE:ITD,-4.205948222171145,-1.0197752410443577,0.2306817633216956,0.8836005572588503
2024-12-31,KBS:HOSE:JVC,-3.825294306413647,1.4045445038970272,1.818415331465833,-0.6555310041964382
2024-12-31,KBS:HOSE:KBC,22.178594224060944,-1.1408929706240791,-0.0576822822181695,-0.37835226358132323
2024-12-31,KBS:HOSE:KDC,23.16779207800377,0.8671833841695425,1.2294020703745543,-0.9085044220279916
2024-12-31,KBS:HOSE:KDH,23.602581549607716,0.6582587017755382,0.37533691377037537,-1.0183147604577836
2024-12-31,KBS:HOSE:KHG,4.984113936192869,-0.8264985606857689,-0.5128001589943244,-0.7835594542894684
2024-12-31,KBS:HOSE:KHP,-2.0035972557151203,2.5945102636696884,-0.5441402884881152,0.185742349134515
2024-12-31,KBS:HOSE:KMR,-4.285353312610636,-0.7353185499197056,-0.14493565021951152,-1.4792929997405027
2024-12-31,KBS:HOSE:KOS,0.5675918091642566,-0.5933916247110901,-0.5201380621538588,-1.6305698307800371
2024-12-31,KBS:HOSE:KSB,3.4155206172661954,-1.0215731024921748,0.740103173676457,-0.4827797058692125
2024-12-31,KBS:HOSE:L10,-4.312370248402946,-0.42555750652955315,0.02681465743201618,0.2580484932420182
2024-12-31,KBS:HOSE:LAF,-4.247832319407326,1.2434117402269567,-0.7840523335263836,-1.0695316695057424
2024-12-31,KBS:HOSE:LBM,-3.966063825466408,0.6125224500913095,0.16007917934623678,-0.6809401304535967
2024-12-31,KBS:HOSE:LCG,-0.6526918410817494,-0.835400658065423,-0.08581538263280741,-1.0285558805228088
2024-12-31,KBS:HOSE:LDG,-3.6729562141191874,-2.2543103277631014,1.297981008396404,0.37356976185294505
2024-12-31,KBS:HOSE:LGL,-4.244786728708056,-1.2988086530222291,1.054848752854743,-0.8030485526746286
2024-12-31,KBS:HOSE:LHG,-3.014191314571782,-0.6325708597881463,-0.8765969634783399,-0.3914377158889301
2024-12-31,KBS:HOSE:LIX,-3.432251768358051,-0.005607322702196768,0.17154546935998344,-0.292155380282382
2024-12-31,KBS:HOSE:LM8,-4.302098566158614,-0.46720379417188607,-0.2488822581569625,-0.20751038930576682
2024-12-31,KBS:HOSE:LPB,40.22937947126151,2.5072629262218884,-0.7584549259921732,0.11646249622872172
2024-12-31,KBS:HOSE:LSS,-3.2021470844641033,-0.8503583200830217,-0.2859395605726019,-0.5339946200845463
2024-12-31,KBS:HOSE:MBB,56.503932747895206,0.3265303413951872,-0.3703857317593607,-0.5342019048250856
2024-12-31,KBS:HOSE:MCP,-4.25223796705003,2.1217834787651895,0.19837837294407787,-0.6787366666687165
2024-12-31,KBS:HOSE:MDG,-4.231160427743836,1.6727681341094118,1.5463197524294365,0.20541956032660078
2024-12-31,KBS:HOSE:MHC,-4.232458590448209,-1.5029680243540793,0.7366755788104372,0.01154331002903306
2024-12-31,KBS:HOSE:MIG,-1.8379070556489663,-0.7635022741226987,0.36137148304158057,0.12486493372856414
2024-12-31,KBS:HOSE:MSB,18.2016159149851,-0.46276877260924826,-0.4135198016494525,-0.5666193903012058
2024-12-31,KBS:HOSE:MSH,-0.6629356269712411,1.5012388431597907,-0.07431720417818438,-0.7436834435040903
2024-12-31,KBS:HOSE:MWG,89.11928717063233,-0.6494485430667722,-0.2644873726180163,0.43439098752574734
2024-12-31,KBS:HOSE:NAF,-2.9852089780514857,0.31382948703363617,-1.1757218810944179,-0.4912312829220671
2024-12-31,KBS:HOSE:NAV,-4.28631966819209,1.4196262325234477,-0.27030998690284913,-0.564182223065025
2024-12-31,KBS:HOSE:NBB,1.6710089099989995,-0.9641343639028624,-0.8139558684026423,-0.30936074034282735
2024-12-31,KBS:HOSE:NCT,-4.1746324145142575,0.7516320133511523,-1.0896916315237208,-1.0377912304771761
2024-12-31,KBS:HOSE:NHA,3.7385622184803653,0.5340245287954888,-0.40792487858241105,0.622097031288759
2024-12-31,KBS:HOSE:NHT,-4.276742410380334,-0.8150481708509669,-0.4955248058315589,-0.41530246842105706
2024-12-31,KBS:HOSE:NKG,17.400448974755335,-2.4526101311441355,0.14251512304714262,0.06876088813620022
2024-12-31,KBS:HOSE:NLG,11.579932670732935,-1.5731201083582116,-0.3470704397449187,-0.4334411138002224
2024-12-31,KBS:HOSE:NNC,-4.125809678939122,1.3459483547224678,-0.240015314885322,-1.2663939990326243
2024-12-31,KBS:HOSE:NTL,5.163782444598496,-1.0415061701480783,-0.17398754058883165,0.5199571235191079
2024-12-31,KBS:HOSE:NVL,11.41828647107725,-2.3882399245662875,0.11701751478354057,-0.10255208963602006
2024-12-31,KBS:HOSE:NVT,-4.302845001440836,-1.694510967247891,-0.07204994421760108,0.4037314958100615
2024-12-31,KBS:HOSE:OCB,7.217891076733889,-0.6819066542169566,0.35290087433966333,-0.5870825571838035
2024-12-31,KBS:HOSE:OGC,-3.991502559825962,-1.6071990282745803,1.8993919646803994,0.7913920082543745
2024-12-31,KBS:HOSE:OPC,-2.1877789805306582,0.2572457846684346,-0.056224381880523186,-0.9957439456613568
2024-12-31,KBS:HOSE:PAC,1.6911084518726034,1.0306500978607511,1.3606945719119303,0.6203084630374346
2024-12-31,KBS:HOSE:PAN,3.973038338444728,0.011086516342974143,0.08666317290097646,-0.6995670746177021
2024-12-31,KBS:HOSE:PDN,-4.280045280427555,-0.7616142101942689,-0.2632304341646213,-0.33295715358055145
2024-12-31,KBS:HOSE:PGC,-4.179316429649733,0.5809628160653395,-0.2595942046946695,-1.3543215712568624
2024-12-31,KBS:HOSE:PGD,-4.266887170450619,-0.7195084091756012,-0.02691904167237049,-1.0027419004727225
2024-12-31,KBS:HOSE:PGI,-4.295153540079986,-0.6498897411261392,-0.23792218780444493,-0.713142800619054
2024-12-31,KBS:HOSE:PGV,-4.122683243110969,-1.202607356956015,0.6485541546771934,-0.4299935837416345
2024-12-31,KBS:HOSE:PHR,-1.2196739609999216,-0.9103631129439447,-0.4280844020576613,-0.7096457510533318
2024-12-31,KBS:HOSE:PIT,-4.308486381449167,-1.0725114991437934,-0.01614674190682022,-0.2709225532729569
2024-12-31,KBS:HOSE:PLP,-4.260800576743481,-0.4779783394892601,0.07362614787842431,-0.4769542976357699
2024-12-31,KBS:HOSE:PLX,2.8261030073536224,-1.7071591157294987,-0.7926466531917795,-0.15984556952402712
2024-12-31,KBS:HOSE:PNC,-4.277984472594855,5.146144000987985,-2.2908579907053017,0.3599910823800059
2024-12-31,KBS:HOSE:PNJ,15.076436945983357,0.03719739754478905,-0.10879161929150095,-0.8217534625933973
2024-12-31,KBS:HOSE:PTB,-0.9935760373724043,0.10729853422877646,0.3465152471187213,-0.4854258021363789
2024-12-31,KBS:HOSE:PTC,-4.251176198401748,-1.6946800079318345,0.46734689894501685,-0.03849840208722759
2024-12-31,KBS:HOSE:PTL,-4.273541396568248,-2.1886661153874485,0.7568423465703336,0.4858121472622959
2024-12-31,KBS:HOSE:PVP,-1.9246490429425607,1.327930426265486,-0.08996265798715451,-0.8207125900928934
2024-12-31,KBS:HOSE:PVT,9.38346231753041,-0.4629789381015024,0.018840367686119464,-0.7937742983502863
2024-12-31,KBS:HOSE:QCG,-2.2879813140923786,0.8371643111479681,0.643668072618079,2.5016257994249638
2024-12-31,KBS:HOSE:RAL,-4.014822252932186,-0.888546929524104,0.025832214240420547,-0.5857950815472502
2024-12-31,KBS:HOSE:S4A,-4.296861421342445,-0.8052483988466352,-0.3335736405279575,-0.2430967141481839
2024-12-31,KBS:HOSE:SAB,6.0421430589160305,-0.4699323635684944,-0.043298387812894724,-1.2324763519347963
2024-12-31,KBS:HOSE:SAM,-0.07569291376062925,1.38275425240064,1.3119002858971567,-1.1531219554035739
2024-12-31,KBS:HOSE:SAV,-4.152541046399018,0.21147279917172687,-1.0436664162900455,-0.2667241855262734
2024-12-31,KBS:HOSE:SBA,-4.248066031965319,-0.5646423175560078,-0.6878285824914474,-1.0510326382021253
2024-12-31,KBS:HOSE:SBV,-4.300514461522267,-0.43293432295384504,-0.275726362505357,-0.8638203288507307
2024-12-31,KBS:HOSE:SC5,-4.308005228840287,1.3221304460494472,-0.36843426366733273,0.3716828543031457
2024-12-31,KBS:HOSE:SCR,-0.2152315457519224,-0.8854840359253358,1.1670280555686747,-0.2572051397749503
2024-12-31,KBS:HOSE:SCS,2.832787007657835,0.3197548581576896,0.3937616390155894,-0.3494702784394536
2024-12-31,KBS:HOSE:SFI,-4.274774579963424,-0.9117770022468115,-0.41479264846064795,-0.7437057248146678
2024-12-31,KBS:HOSE:SGR,-2.658762644830171,1.3994829892580143,-1.6883977277563642,0.4182354351549283
2024-12-31,KBS:HOSE:SGT,-3.8362238395820554,1.9769241943642157,0.37298093294891993,-0.8544169539352575
2024-12-31,KBS:HOSE:SHA,-4.299721795012817,-0.8855399073501319,-0.05880645277447451,-0.7497840993926553
2024-12-31,KBS:HOSE:SHB,34.89167348714184,-1.11548617661646,-0.18709819265559496,-0.8353264701902574
2024-12-31,KBS:HOSE:SHI,-1.8043892005751914,0.6056513127301836,0.03457429508989744,-1.654417436953122
2024-12-31,KBS:HOSE:SHP,-4.227962145859716,-0.0011181056491590935,-0.7421455557293727,-1.3801156278983555
2024-12-31,KBS:HOSE:SIP,21.83553914473393,0.9799576345139775,-0.48476877752460623,0.1649986731530837
2024-12-31,KBS:HOSE:SJD,-3.7626279827790516,-0.307399321281665,-0.4708647859913457,-1.2073611762896852
2024-12-31,KBS:HOSE:SJS,1.8048436566273156,1.681490078606937,1.6530029102185242,-1.0343051989220613
2024-12-31,KBS:HOSE:SMA,-4.272642860176556,4.574216960568784,2.2430068332967177,-0.6962787249313506
2024-12-31,KBS:HOSE:SMB,-4.156200015520885,1.7321132075583614,0.3243638178092365,-1.4752310834947606
2024-12-31,KBS:HOSE:SMC,-2.2571738181983276,-1.5025670784591263,4.230611614293142,2.372916359281382
2024-12-31,KBS:HOSE:SPM,-4.295034229299266,0.22496671020979123,0.47977238813016826,-0.6631837154416268
2024-12-31,KBS:HOSE:SRC,-4.329016188203109,-2.0450958336455356,-0.10353473194757344,1.3708290068045057
2024-12-31,KBS:HOSE:SRF,-4.226011085135032,-0.05138409781690588,0.9508016687375233,-0.38379881408202765
2024-12-31,KBS:HOSE:SSB,18.45105911536566,-1.3531091223582696,0.016518580289939147,-0.2559078441875659
2024-12-31,KBS:HOSE:SSC,-4.301134910668966,-0.35192037007131594,-1.0646207827664151,-0.38614898220466676
2024-12-31,KBS:HOSE:STB,113.31666942423367,1.3322460812773285,0.6202298609805978,0.17419242722898137
2024-12-31,KBS:HOSE:STG,-4.308463742203563,-1.745518814501893,0.29062791321737136,0.4694897068737156
2024-12-31,KBS:HOSE:STK,-4.100813211489328,-1.552719065714389,0.2518585273026517,-0.15240147650459374
2024-12-31,KBS:HOSE:SVC,-4.298161843140157,-3.2587429183114205,-1.1699831794223063,0.8562117051489634
2024-12-31,KBS:HOSE:SVT,-4.273683524930382,0.7985979166438443,0.11475645681356707,-0.6969467963190609
2024-12-31,KBS:HOSE:SZL,-4.225787178303351,0.11067048098598102,-0.4354973953228117,-1.3178141667605705
2024-12-31,KBS:HOSE:TCB,87.32343715739171,0.4608484585847348,-0.40231273971230214,-0.07046875727668532
2024-12-31,KBS:HOSE:TCL,-3.952191527435715,-0.44219797879303535,-0.4747426542866321,-1.7967657154249181
2024-12-31,KBS:HOSE:TCM,27.454743051634285,-0.552148024578736,-0.41610290128296845,-0.48226108924946265
2024-12-31,KBS:HOSE:TCO,-3.293529750294425,6.343671201672134,-1.3851364214292898,0.19999011121745114
2024-12-31,KBS:HOSE:TCR,-4.319806319443995,-0.18731753206835416,0.45626059064572044,0.24101475925512833
2024-12-31,KBS:HOSE:TDC,-2.0489588770819176,1.6051786443762197,0.7033791473533845,-0.6893466403443241
2024-12-31,KBS:HOSE:TDG,-4.279918921298379,-1.2368759321787668,-0.504969204491337,-0.15462338849688897
2024-12-31,KBS:HOSE:TDP,-3.4663757629572807,-0.335431444644855,-1.382742482396277,-1.0109786630551358
2024-12-31,KBS:HOSE:TDW,-4.288823651809153,0.643907730595655,-0.9618397382628978,0.5848989690083795
2024-12-31,KBS:HOSE:TEG,-3.7971540209841033,-3.0357485573483625,-0.598182902757912,0.21924412505079893
2024-12-31,KBS:HOSE:THG,-3.936999305355319,2.06077081032692,0.2016556859028019,-1.2988976489100232
2024-12-31,KBS:HOSE:TIP,-3.713379455281788,-0.8969496435126322,0.28916864474288634,-0.7033549009975814
2024-12-31,KBS:HOSE:TIX,-4.292793438360116,0.628591281304844,-0.7300313823651868,-0.3094459374537296
2024-12-31,KBS:HOSE:TLG,1.4034772191568368,2.6327226256712866,-0.6440619911019836,-0.5291012241664113
2024-12-31,KBS:HOSE:TLH,-3.9816965451515456,-3.017116968129591,1.8697192412912362,0.6415985539385156
2024-12-31,KBS:HOSE:TMS,-4.27315053560212,-0.9789792212374632,-0.2451935151530361,-0.4738582814246918
2024-12-31,KBS:HOSE:TMT,-4.209031548013869,2.2693372586146148,6.018505916758716,0.6085949006664448
2024-12-31,KBS:HOSE:TNC,-4.322400915756332,-2.1105986904239677,0.017728259325163427,0.5649437705797582
2024-12-31,KBS:HOSE:TNH,-2.3152752559739707,-0.7925077638619871,0.23583717637797869,-0.2483763945642444
2024-12-31,KBS:HOSE:TNI,-4.250476629845016,-1.491985755292074,0.0716560271757988,-1.0257998757838687
2024-12-31,KBS:HOSE:TNT,-3.9892321560827737,-0.5639318246436111,0.8181693359440878,-0.22439491607073594
2024-12-31,KBS:HOSE:TPB,37.31950534995652,0.10923170113018162,-0.29282016881889683,-0.5606813059393531
2024-12-31,KBS:HOSE:TRA,-4.252154193039754,-0.5710150614359615,-0.37698224851689105,-1.1933613384640718
2024-12-31,KBS:HOSE:TRC,-2.8921165470260646,2.9743786491601663,-0.45353610904540076,-0.3261599219077949
2024-12-31,KBS:HOSE:TTE,-4.260795197979769,10.535430540217133,-4.416159814164712,1.4286653351630516
2024-12-31,KBS:HOSE:TV2,-0.8104554313072645,-0.6335931047013647,1.515792625088399,0.18620038724110435
2024-12-31,KBS:HOSE:TVB,-3.620386893555209,-0.7312158738928984,-1.2456487473917062,-0.7624499237665128
2024-12-31,KBS:HOSE:TVS,-3.8173418837402413,-1.6216427463902803,-0.28649558017066684,-0.3093930238479628
2024-12-31,KBS:HOSE:TVT,-4.267331764048246,0.057675769151207444,0.15009352617522,-1.131875006563038
2024-12-31,KBS:HOSE:UIC,-4.2810203222871825,0.058242496808069616,-0.8855972743944127,-0.6496683734300276
2024-12-31,KBS:HOSE:VCA,-3.912009514283421,2.7049335911949424,1.2135673658819726,0.9492356286980381
2024-12-31,KBS:HOSE:VCG,16.551423186186053,-0.9152767372162887,0.12995872284359228,-0.6807373565580873
2024-12-31,KBS:HOSE:VDS,6.163623526168418,0.29371053251899265,1.2651222664620092,0.012490789297882112
2024-12-31,KBS:HOSE:VFG,-3.643547264915138,1.0884041733818597,-2.247797333071844,0.5674655284291145
2024-12-31,KBS:HOSE:VGC,11.462811924888646,-0.7576946250003015,0.9102228545988811,-0.12620241433112417
2024-12-31,KBS:HOSE:VHM,54.19773216674153,-0.7615178674604661,-0.29521765233362895,0.08250234762167834
2024-12-31,KBS:HOSE:VID,-4.2916690683414265,-1.2852536088862778,-0.511532323011034,-0.4887822267286253
2024-12-31,KBS:HOSE:VIP,-3.2262396462922855,0.286173852249131,-0.4299736345435755,0.02086502406715997
2024-12-31,KBS:HOSE:VIX,38.84386625630698,-2.6037204380984793,0.5986954150638516,0.34627559982837264
2024-12-31,KBS:HOSE:VJC,26.96417909458838,-0.9564909230197995,-0.5111245211902489,-1.0656863307708653
2024-12-31,KBS:HOSE:VMD,-4.2203385286678134,-0.721968576600502,-1.1263000429162469,-0.7286445423262794
2024-12-31,KBS:HOSE:VND,25.019453474963992,-2.686451721675239,-0.36285923343027104,-0.21114026338174002
2024-12-31,KBS:HOSE:VNG,-3.7115132158857445,-0.2570793945213454,0.3355974472651031,-0.302866895271757
2024-12-31,KBS:HOSE:VOS,9.805677093631326,0.37057139520447446,1.0853528935288,0.9908897818337957
2024-12-31,KBS:HOSE:VPB,79.58338867935547,-0.688282508337516,-0.22216980270299247,-0.3486934161961886
2024-12-31,KBS:HOSE:VPG,-3.393796178206129,-1.9044566176315956,0.09450344083478936,-0.5926851731647902
2024-12-31,KBS:HOSE:VPS,-4.306765917168916,-0.6747736820445608,0.2211603579515291,-0.6220003522462353
2024-12-31,KBS:HOSE:VSH,-4.187318580569337,-0.38478697961977126,-0.8393377722245512,-1.1984188661484851
2024-12-31,KBS:HOSE:VSI,-4.308636875567123,-0.19211895525070105,-0.30859373495000153,-0.29616759794726394
2024-12-31,KBS:HOSE:VTO,-0.7507155970851358,1.8509994079486711,0.06367783557059334,0.021083379672958744
2024-12-31,KBS:UPCOM:A32,-4.294819127838877,1.5957883047770658,0.6837743696924788,-0.3437604733252707
2024-12-31,KBS:UPCOM:AAS,-0.37074616348696526,2.9608641384089895,4.98776039321191,-0.32623109157343755
2024-12-31,KBS:UPCOM:AAV,-2.0516711559264666,2.3551925815140313,-0.5730425056049837,0.39445448366166863
2024-12-31,KBS:UPCOM:ABB,-3.294746069176455,-1.0115622155447612,-0.1050816621599905,-1.1084885870239476
2024-12-31,KBS:UPCOM:ABC,-3.562109683530227,-0.8713039992814867,1.1701708242067048,1.1196658460621878
2024-12-31,KBS:UPCOM:ABI,-3.8441031291570757,2.4458741622224704,1.511458641444011,-0.8931598133376071
2024-12-31,KBS:UPCOM:ACE,-4.2376312648899725,-0.034275311786323745,-0.6665903412978713,-1.1436043168865182
2024-12-31,KBS:UPCOM:ACM,-4.306388403185785,1.5733368324473,1.7327919942846433,3.0451269257203584
2024-12-31,KBS:UPCOM:ACS,-4.339223756660892,-1.6886105993961,-3.368285141579326,3.6539203966863405
2024-12-31,KBS:UPCOM:ACV,14.38171115173156,1.3180952861537296,-1.1277585759013902,0.09277982783768246
2024-12-31,KBS:UPCOM:AG1,-4.287414750040967,5.069285320633535,1.655537042363778,0.3027870680450463
2024-12-31,KBS:UPCOM:AGF,-4.3190173887143235,2.562059223874588,3.547284249687065,0.1516622775251215
2024-12-31,KBS:UPCOM:AGP,-4.266777176541009,0.13669571691790594,-1.291495121364392,-1.2703007018353645
2024-12-31,KBS:UPCOM:AGX,-4.28842563891298,0.9867248689939443,-2.0372675049704063,0.2953093235518406
2024-12-31,KBS:UPCOM:AIC,-4.2803986601701745,-2.1023249812496103,-1.32123193863979,0.6187212893565828
2024-12-31,KBS:UPCOM:ALV,-4.287903456087844,-1.041738078170664,0.2503327615094787,1.627691651841007
2024-12-31,KBS:UPCOM:AMP,-4.3169001159297675,-0.08083789323103534,1.8904568509501594,1.7233349324946399
2024-12-31,KBS:UPCOM:AMS,-4.105285860549543,-1.2147645140429368,0.24589582615645592,-0.312322918039186
2024-12-31,KBS:UPCOM:APF,-4.18004480612929,-0.44454795450651813,-0.10666218755254485,-0.5200296047068147
2024-12-31,KBS:UPCOM:APL,-4.331371425198127,5.787774900960142,2.932342218576392,1.114627832970308
2024-12-31,KBS:UPCOM:APT,-4.311976694384159,1.198072771681107,1.4588139061958825,1.0154441657360276
2024-12-31,KBS:UPCOM:ART,-4.2927958505014345,-0.4326073961308722,-0.65784967623611,-2.096297948343225
2024-12-31,KBS:UPCOM:ATA,-4.33534235472007,-3.460641690043952,-0.07782716846646716,4.266059020636125
2024-12-31,KBS:UPCOM:ATG,-4.33785450305628,-3.007685188514995,2.4362686279133543,2.886860978677183
2024-12-31,KBS:UPCOM:AVC,-4.289213417484832,-0.131422375224168,-0.25260484197465666,-0.7332586429923795
2024-12-31,KBS:UPCOM:BAL,-4.31074268272469,2.193864095768623,0.6310921171296334,0.6881011377767554
2024-12-31,KBS:UPCOM:BBH,-4.361024816224465,1.0180902597245662,1.417510667662028,3.011229560708175
2024-12-31,KBS:UPCOM:BBM,-4.354325152315737,-2.281044286157257,0.7811165285179524,3.4732504734489433
2024-12-31,KBS:UPCOM:BBT,-4.333685452920787,2.377767449749279,-1.5027184188775171,2.4021127033977074
2024-12-31,KBS:UPCOM:BCA,-4.176186659220163,-0.8760829826198874,0.619117021474767,1.8521280321675835
2024-12-31,KBS:UPCOM:BCB,-4.286348744560547,0.037391947574389565,-1.1192576190646855,-1.9125752096629005
2024-12-31,KBS:UPCOM:BCP,-4.310935497816371,-1.0279122471548332,-1.3577146384380383,0.6154258783289536
2024-12-31,KBS:UPCOM:BDG,-4.243652861319437,0.06870709551201747,-0.8955520823385492,-1.0001988200881893
2024-12-31,KBS:UPCOM:BDT,-4.269964701007293,-2.8240141862250634,0.5911746371817124,0.04396988767875377
2024-12-31,KBS:UPCOM:BDW,-4.314881909956505,0.8075281946160758,-0.6277169744581863,0.7150919660709725
2024-12-31,KBS:UPCOM:BEL,-4.293664987703203,-3.9491073611097947,-4.825244457983191,3.177392344932744
2024-12-31,KBS:UPCOM:BGW,-4.305337569069185,-1.2561410093372567,-1.519775164367349,0.33977711970008845
2024-12-31,KBS:UPCOM:BHA,-4.296250842692683,0.34746925843496923,-1.4239774981349635,-0.005199664419193979
2024-12-31,KBS:UPCOM:BHC,-4.311418651617739,-1.2233455656492498,-1.715381841687959,0.8166690240182314
2024-12-31,KBS:UPCOM:BHG,-4.295780621770364,-0.6501996848833084,-0.44423488788954735,-2.1813547718063386
2024-12-31,KBS:UPCOM:BHK,-4.301434532854831,-0.14291361215672063,-2.1621787478445906,0.10155638604213246
2024-12-31,KBS:UPCOM:BHP,-4.3367002782635975,0.5785128285531803,0.32631593155060895,2.124271784268889
2024-12-31,KBS:UPCOM:BIO,-4.324244536884203,-1.5292073976675664,-0.15538162826356164,2.239268454164806
2024-12-31,KBS:UPCOM:BLF,-4.306308556641212,-2.7637508654714145,0.15569903931845852,1.2743777139163623
2024-12-31,KBS:UPCOM:BLI,-4.279103391162767,-0.8793234026668119,0.7190605601226092,-0.39374965338243784
2024-12-31,KBS:UPCOM:BLN,-4.290812225712964,-0.2879995120218094,-0.7998141857980597,-2.0397707279138606
2024-12-31,KBS:UPCOM:BLT,-4.305547604892051,-1.5459368210700881,0.4181290164512805,0.26386860212387186
2024-12-31,KBS:UPCOM:BMD,-4.315900619778242,2.8239154707914436,2.5675199887540403,1.137200917275459
2024-12-31,KBS:UPCOM:BMF,-4.308462595952272,-1.3518115653644565,-0.41822069916022725,0.19696757624025316
2024-12-31,KBS:UPCOM:BMG,-4.298652058248319,-0.36839350460360304,-0.4033128984582168,-1.4442181830137955
2024-12-31,KBS:UPCOM:BMJ,-4.2912711260338545,1.2447948646107867,0.6424101090636972,1.2408311034081534
2024-12-31,KBS:UPCOM:BMS,-1.125678692177433,1.3848555442037709,1.8250343206173805,-0.3537419249197993
2024-12-31,KBS:UPCOM:BMV,-4.349795911725935,-4.329544935794398,-0.3276221182945959,2.4604153053087723
2024-12-31,KBS:UPCOM:BNW,-4.29278615206786,-0.431900372319463,-0.6585437759337422,-2.096021572742527
2024-12-31,KBS:UPCOM:BQB,-4.31072809227938,-0.20284051021621854,0.8456227222300987,2.3367584039691867
2024-12-31,KBS:UPCOM:BRR,-4.271485766562008,0.26027881868512065,0.3419922756483974,0.43986844407067166
2024-12-31,KBS:UPCOM:BRS,-4.3122119573402875,-0.07103630133075298,-0.06747225224076879,0.7146616008237233
2024-12-31,KBS:UPCOM:BSD,-4.335388384193792,-0.452725456696863,-0.3096274399357279,3.3415031831537356
2024-12-31,KBS:UPCOM:BSG,-4.2967350536881685,-0.8294236947194129,-0.28721331711866765,-0.5856878273126114
2024-12-31,KBS:UPCOM:BSH,-4.314416072856744,-0.8022876562628674,-0.12639283187090325,0.6557876529111594
2024-12-31,KBS:UPCOM:BSL,-4.2778726275126155,0.056418813346030335,0.0547357398213391,-1.123158563104902
2024-12-31,KBS:UPCOM:BSP,-4.3066900440035445,-0.2855956694705864,0.2815982272178859,-0.8494645002093075
2024-12-31,KBS:UPCOM:BSQ,-4.28437392306357,0.4767187046168391,-0.04815811057155413,-0.20626895514463728
2024-12-31,KBS:UPCOM:BTB,-4.349986471594295,-1.4879790567515814,-1.4973580298054145,2.3162497004012623
2024-12-31,KBS:UPCOM:BTD,-4.319859624285495,0.8174512860526905,0.7262288063894108,0.44236851337607264
2024-12-31,KBS:UPCOM:BTG,-4.335663647991621,-0.5638409946071261,0.245228023668554,1.1772092170353639
2024-12-31,KBS:UPCOM:BTN,-4.295555190986214,-0.6051303784984426,0.04521151942747438,-0.16820306402474583
2024-12-31,KBS:UPCOM:BTU,-4.312830614901756,-0.8879057819706494,-0.30069980800498575,0.14745198401547513
2024-12-31,KBS:UPCOM:BTV,-4.002905427739026,2.6785175694096686,1.1938976408810082,1.9176362782479497
2024-12-31,KBS:UPCOM:BVG,-4.295570756721984,-0.8089232954485017,-0.49773698337089933,-0.9782431599195056
2024-12-31,KBS:UPCOM:BVL,-4.328321330481783,-1.5754464145442038,-0.6010030288501012,0.6835797543271931
2024-12-31,KBS:UPCOM:BVN,-4.342369944000555,-1.1062122290722065,-0.9135739762708857,2.7286663733600665
2024-12-31,KBS:UPCOM:BWA,-4.297812019414661,-1.3144124209360586,-0.9367776075749242,-0.8616516301556062
2024-12-31,KBS:UPCOM:BWS,-4.200556468173341,0.130831129280051,-0.8665815113871939,-0.9931317038006849
2024-12-31,KBS:UPCOM:C22,-4.346640337151322,2.0669261065155,1.0259259201324795,2.4899227743269527
2024-12-31,KBS:UPCOM:C4G,-3.532760231110081,-1.7813836821841724,0.8533167150144959,-0.5945672878599538
2024-12-31,KBS:UPCOM:C92,-4.269290327480122,7.24510993669948,6.294445332862131,0.8504846320796237
2024-12-31,KBS:UPCOM:CAD,-4.358199715338371,-1.262871699857893,1.8116905802986156,5.142607521024016
2024-12-31,KBS:UPCOM:CAT,-4.268027551047326,-0.028450060756647088,-0.7526041139685234,-0.9841306716610425
2024-12-31,KBS:UPCOM:CBI,-4.315076294903186,-0.12279322078839036,-0.16734820104976272,2.6573940697141247
2024-12-31,KBS:UPCOM:CBS,-4.148183907462971,0.24952614455476047,-0.6031874881533859,-0.9588008178929557
2024-12-31,KBS:UPCOM:CC1,-4.241338140612907,-0.07794154288961634,-0.5965429611383556,-0.07727381345629228
2024-12-31,KBS:UPCOM:CCA,-4.301211066512992,1.778366432735577,1.6965630483620322,1.8647620404060068
2024-12-31,KBS:UPCOM:CCM,-4.270345701261534,0.3182303101418512,-1.1229966705373062,-1.007029250129516
2024-12-31,KBS:UPCOM:CCP,-4.2842050234417055,2.1789560983015495,-2.497336151084253,-1.7619357769332167
2024-12-31,KBS:UPCOM:CCT,-4.345440663884104,-1.4930884325075366,-1.4503078031120604,4.105162975599963
2024-12-31,KBS:UPCOM:CCV,-4.332256851947593,-2.117872513946872,-0.17067828240081578,1.5225028722490288
2024-12-31,KBS:UPCOM:CDP,-4.290159560049502,-0.9086828408171584,-0.8233436932426633,-0.2097634197963898
2024-12-31,KBS:UPCOM:CDR,-4.29873009603198,4.17434030527244,-1.4123378406774123,2.9765141442729246
2024-12-31,KBS:UPCOM:CEN,-4.312972699394641,-2.482535120452447,0.25130110834196745,0.23891712692321626
2024-12-31,KBS:UPCOM:CFM,-4.321673918669768,0.5593342597810997,-0.6492443125420972,1.7107825489175914
2024-12-31,KBS:UPCOM:CFV,-4.341888609644841,2.690750354382131,0.5253272942252892,1.5104289016752177
2024-12-31,KBS:UPCOM:CH5,-4.285921799004436,0.8780550893774544,-1.4513130260574083,-2.038925010107141
2024-12-31,KBS:UPCOM:CHC,-4.305476696082307,1.2511901841570614,-1.889200910372254,0.8128921925944332
2024-12-31,KBS:UPCOM:CHS,-4.285519751324244,1.695241355308591,-0.16752009135115747,-0.5782035856092621
2024-12-31,KBS:UPCOM:CI5,-4.363354300625044,0.12194768644477075,0.8309666011869113,3.349753381587217
2024-12-31,KBS:UPCOM:CID,-4.343975358483932,-4.3257472836144055,-3.4105317219001297,5.181902244385214
2024-12-31,KBS:UPCOM:CKA,-4.206242218913739,-0.6480586848803805,0.6299540769263027,0.2371937135670957
2024-12-31,KBS:UPCOM:CKD,-4.2946015847948535,-0.845476461716521,-0.15173819914748743,-0.7568777487631606
2024-12-31,KBS:UPCOM:CLX,-2.776948810261499,0.33610509119376314,0.34338781292017756,-0.7298063985134553
2024-12-31,KBS:UPCOM:CMD,-4.25755296487907,0.9195464757585545,-0.41185105457348714,-0.3725071701808579
2024-12-31,KBS:UPCOM:CMF,-4.252057042901824,0.2561278713201396,-2.242978557758085,-0.30075212301975185
2024-12-31,KBS:UPCOM:CMI,-4.3202882604327595,0.6516038466220969,1.0012231555072104,-0.10241674409739532
2024-12-31,KBS:UPCOM:CMK,-4.2927958505014345,-0.4326073961308722,-0.65784967623611,-2.096297948343225
2024-12-31,KBS:UPCOM:CMN,-4.291400706589643,-1.029673344579718,-0.05509459941190943,-0.7862866000027446
2024-12-31,KBS:UPCOM:CMT,-4.150127192085379,-0.4130037914222472,2.31462362722997,0.9263396490752858
2024-12-31,KBS:UPCOM:CMW,-4.323851195412819,-0.4305666951667702,0.5783702444156755,1.0601891333841087
2024-12-31,KBS:UPCOM:CNC,-4.244009318118192,1.445646030925736,-0.12309271686521533,-0.8004613271066409
2024-12-31,KBS:UPCOM:CNN,-4.289538241490563,1.7855234072962087,-0.9887063930910618,0.559944579706254
2024-12-31,KBS:UPCOM:CNT,-4.281830562670782,-2.858452965767629,0.8546662727827655,0.7188673117834141
2024-12-31,KBS:UPCOM:CPA,-4.32533861374917,1.220462524023466,-0.7484129365611318,1.1264547600522965
2024-12-31,KBS:UPCOM:CPI,-4.291412875572521,1.9376667279496018,-0.6826240684454957,-0.8718458305499136
2024-12-31,KBS:UPCOM:CQN,-4.197038187600057,0.4239371510193101,-0.5998141946027723,1.3881131273339613
2024-12-31,KBS:UPCOM:CQT,-4.322681297363029,-0.7373210356330018,0.31325916869376774,0.9748352310641131
2024-12-31,KBS:UPCOM:CT3,-4.309116577744796,5.279189364129332,1.8900162430101357,0.02122962251455581
2024-12-31,KBS:UPCOM:CTW,-4.289742483736508,0.858028262253617,-1.7753932883363468,-0.1571424827538027
2024-12-31,KBS:UPCOM:CVN,-4.3119788841020075,-1.750837184789063,0.3983739502659428,-1.379576000278986
2024-12-31,KBS:UPCOM:DAS,-4.315473766349987,-3.0428969947916813,0.6548866981531336,0.2362266085446593
2024-12-31,KBS:UPCOM:DBM,-4.3158004658355456,0.6305564838409101,1.2879840493566477,0.4146147869387765
2024-12-31,KBS:UPCOM:DC1,-4.3204605754677035,3.9187634259052606,-1.038735017434794,1.18221938685064
2024-12-31,KBS:UPCOM:DCF,-4.338251970334171,1.1587306323986368,-0.7909760970284854,1.698020237839761
2024-12-31,KBS:UPCOM:DCH,-4.300712935347519,-0.9117388499285004,-0.23471154847272652,-1.3802816881536115
2024-12-31,KBS:UPCOM:DCR,-4.33389587168833,-1.5655676942557921,-0.20930834884988792,1.8393088547571026
2024-12-31,KBS:UPCOM:DCS,-4.294305477722257,1.807327825413975,-0.914188423661875,1.6677073006092602
2024-12-31,KBS:UPCOM:DCT,-4.34453494055552,0.6326756908214957,2.9779402731487092,2.6974820852337236
2024-12-31,KBS:UPCOM:DDG,-4.064681292573333,-1.5086169413496746,1.7985743089964419,0.6958151057792812
2024-12-31,KBS:UPCOM:DDH,-4.335425974827026,0.8865845682882596,-0.3866662974216828,0.9301253631235019
2024-12-31,KBS:UPCOM:DDM,-4.332817129286408,0.6178756503067918,0.6521316157875162,2.2763005585567138
2024-12-31,KBS:UPCOM:DDN,-4.306334661421716,-0.6398256929539303,-0.3811836231501115,-0.5038056209213859
2024-12-31,KBS:UPCOM:DDV,4.027916073506179,1.5658931868787564,-0.08856688293891217,0.5596219542769068
2024-12-31,KBS:UPCOM:DFC,-4.316423904485792,-0.28152282016419033,-0.6249966309650986,0.979727776608052
2024-12-31,KBS:UPCOM:DGT,-3.3851452121833923,-1.4294519030394384,-0.05377279437876679,0.6330241507275318
2024-12-31,KBS:UPCOM:DHB,-4.2497880653412325,-0.6914122063251991,0.7071400093739576,1.070506832573415
2024-12-31,KBS:UPCOM:DHD,-4.29227777971014,1.7191610859072968,-0.9268408847102262,0.06663033792076642
2024-12-31,KBS:UPCOM:DHN,-4.272604936645854,4.354702848479811,-1.9131526782644581,-0.6783048862450528
2024-12-31,KBS:UPCOM:DIC,-4.32342924121821,-1.5293569493047376,0.3975075877715269,1.3163965380487674
2024-12-31,KBS:UPCOM:DID,-4.274702784967003,-0.20391106803113165,0.32411409845468175,-0.2431939411913074
2024-12-31,KBS:UPCOM:DKC,-4.283939138652963,4.213472195124482,-2.41204861957579,-0.30228673096611797
2024-12-31,KBS:UPCOM:DLR,-4.307508248597456,4.723049861260869,-1.6483054759170424,-0.11391462063008782
2024-12-31,KBS:UPCOM:DLT,-4.301660534697483,-1.0788501897964604,-0.023419943542650756,-2.3489142498228324
2024-12-31,KBS:UPCOM:DM7,-4.294947885134416,1.3357117834430992,0.41773457113092677,0.3491581338377116
2024-12-31,KBS:UPCOM:DNA,-4.3169314855594285,0.21115658107476043,1.2296861869611493,0.8203077757800145
2024-12-31,KBS:UPCOM:DTC,-4.308245619602305,0.08985457420128318,1.6230562159855664,0.9013098750977424
2024-12-31,KBS:UPCOM:GMC,-4.3023798954834,-3.0886644358804607,-1.673317495221697,0.7410454014867801
2024-12-31,KBS:UPCOM:PCG,-4.329003226706627,-5.67620372764853,-3.3810293361696844,2.746608306804274
2025-01-24,KBS:HNX:ADC,-4.027852406413149,0.3217250435636563,0.24777211822662157,-0.7944065036640271
2025-01-24,KBS:HNX:ALT,-4.037730970456839,-0.20817054363385412,0.8705728428408591,0.5130286872732034
2025-01-24,KBS:HNX:AMC,-4.047373494453,-0.2999494187873999,0.41284128517625596,-0.2681837914457399
2025-01-24,KBS:HNX:AME,-4.04910531600321,-1.8379282803150223,1.0395698233580564,0.4671769193851455
2025-01-24,KBS:HNX:AMV,-3.9975654973348025,-3.518714407104118,1.5866360328855247,2.3523402350003164
2025-01-24,KBS:HNX:API,-3.0758111989973607,-1.1729848666958635,-1.7524756138450275,-0.11254345972217944
2025-01-24,KBS:HNX:APS,-3.4369884229275276,-2.374288571081056,-1.0700934274314926,-0.34702488332521086
2025-01-24,KBS:HNX:ARM,-4.0690859773118735,2.320271066903032,1.8964443517066292,3.0923040310323846
2025-01-24,KBS:HNX:ATS,-4.102905190726336,-4.289610235845307,-1.6969208366801662,3.178746504632913
2025-01-24,KBS:HNX:BAB,-2.087521764352549,-0.42383550801674047,0.5384737528921333,-1.4169416025853154
2025-01-24,KBS:HNX:BAX,-4.02762279316,0.21886654700353295,0.3610432008724775,-0.673520063238494
2025-01-24,KBS:HNX:BBS,-4.0562793682809675,-0.588464503292499,-0.00016523777646147513,0.37415927520937886
2025-01-24,KBS:HNX:BCF,-4.030058099780954,0.8335621902376995,-0.47322987716239134,-0.759211290726059
2025-01-24,KBS:HNX:BED,-4.02465202332812,-0.4036163037250053,0.5475545677354837,-1.7085519944996925
2025-01-24,KBS:HNX:BKC,-3.8840619254769893,16.050219052854132,1.0617782014240602,0.7507463760130155
2025-01-24,KBS:HNX:BNA,-3.3755002425440184,-1.0231655442526286,-0.5264827256409347,-0.15270570304285594
2025-01-24,KBS:HNX:BPC,-4.044296726774802,0.6296610519970895,0.07562300022150235,-0.035569066355486796
2025-01-24,KBS:HNX:BTS,-4.026022647359585,-0.6751148949193279,0.749708658843056,-0.8952307893686499
2025-01-24,KBS:HNX:BTW,-4.0603577812502305,1.5507452247658204,0.20964449885368786,1.7913944713081724
2025-01-24,KBS:HNX:BVS,-0.9281692373299267,-1.2269456567984625,-1.521278650681713,-0.18788312873117086
2025-01-24,KBS:HNX:BXH,-4.034226830334061,-0.703560079158245,0.06622850109243136,1.6653134273140626
2025-01-24,KBS:HNX:C69,-3.2199781868671025,-2.0564452979674424,-0.5890250780644747,0.005639668895737196
2025-01-24,KBS:HNX:CAG,-4.031106798125655,-1.0841448973554264,-0.5198384501755974,-0.7201448846941774
2025-01-24,KBS:HNX:CAN,-4.04207546282775,3.8425388448116093,1.943215884145155,-0.19495627559982617
2025-01-24,KBS:HNX:CAP,-3.84923242164983,-1.7594641139298848,-0.0940582227723713,-0.3649645625007013
2025-01-24,KBS:HNX:CCR,-4.035421664977492,-0.05215027804491039,0.07665281867785935,0.5226081926528878
2025-01-24,KBS:HNX:CDN,-3.7306994717543063,2.5015825774628375,1.2710793067144166,-0.469251866602221
2025-01-24,KBS:HNX:CEO,6.631153553295066,-2.9123727506420845,-0.4503046463912622,0.15839955666427868
2025-01-24,KBS:HNX:CET,-4.067223403250083,-2.414437751593125,-0.4905741233588348,1.1135167898915388
2025-01-24,KBS:HNX:CIA,-4.030631830541332,-0.6893300073596925,0.433797023297091,-0.42079484722162097
2025-01-24,KBS:HNX:CJC,-4.021700047868297,-0.36754839575167303,0.6198434527614053,-2.0427638923225757
2025-01-24,KBS:HNX:CKV,-4.021947374475451,-0.061045322647897846,0.9295229642050175,-0.19160613038531005
2025-01-24,KBS:HNX:CLH,-4.015689239477056,-0.20864305296669525,1.018666764522609,-0.8583969937728585
2025-01-24,KBS:HNX:CLM,-4.021815734963615,-1.2332968592708218,-0.5799503640758132,-1.0477884421857222
2025-01-24,KBS:HNX:CMC,-3.9665633219454115,-0.3840938361855804,0.1592561814292713,2.209721128381129
2025-01-24,KBS:HNX:CMS,-3.245693968524967,-3.8100387874381645,-0.017506036382970748,2.334885855414902
2025-01-24,KBS:HNX:CPC,-4.021330595735402,-0.06292371096423974,0.4560432517262353,-1.2956635700417414
2025-01-24,KBS:HNX:CSC,-3.612193044467536,-1.8069438752670668,-1.1941749508836026,-0.18047782753212002
2025-01-24,KBS:HNX:CTB,-4.040595118477858,-0.17176145961387076,-0.4034615368589693,0.25133271264236123
2025-01-24,KBS:HNX:CTP,-2.247032795028688,15.569388479018224,-11.584698673386,0.2562830765083821
2025-01-24,KBS:HNX:CTT,-4.044240026817582,-0.6863450896513317,0.6844067860681091,-0.4832299376166342
2025-01-24,KBS:HNX:CX8,-4.0116507079299835,1.7322303905613092,0.5185284371308343,-0.5638847927525374
2025-01-24,KBS:HNX:D11,-4.025739409206253,-1.4093274738841202,0.501346430232391,-0.8255733688337406
2025-01-24,KBS:HNX:DAD,-4.0292671967111655,-0.19787014973826642,-0.5282573758338742,0.14692482987173094
2025-01-24,KBS:HNX:DAE,-4.034468775565451,0.44438148283258677,-0.13573766933790224,-0.2900962488174676
2025-01-24,KBS:HNX:DC2,-4.072249930352186,-2.097926111861407,-2.50376252093799,1.4873607714143138
2025-01-24,KBS:HNX:DHP,-4.041679624173903,0.5613951784879982,0.016582018195808332,-0.4999680005393364
2025-01-24,KBS:HNX:DIH,-4.037771485423122,-2.1219452395923835,-0.19649578749933388,-0.41783098286606724
2025-01-24,KBS:HNX:DL1,-2.830079343719013,-1.2774226272871316,-1.1938420569154098,0.859482304344893
2025-01-24,KBS:HNX:DNC,-3.9811336867710585,3.1926699858241374,-1.7440100431318872,-0.5030000689744969
2025-01-24,KBS:HNX:DNP,0.9813015524184681,-0.48668362953280236,-0.0941490510977815,0.20789517079304834
2025-01-24,KBS:HNX:DP3,-3.826146933063879,-1.1318128987950855,0.5642568030015812,-0.9799928826916545
2025-01-24,KBS:HNX:DS3,-4.06134759231174,-1.0190411078688006,0.530078212815405,0.6943841684813613
2025-01-24,KBS:HNX:DST,-3.0797685871051392,4.891746018023407,0.8260706488418319,0.979408199903188
2025-01-24,KBS:HNX:DTD,1.2671659767717514,-1.3731225495855082,-1.041794929730871,-0.5307465280200957
2025-01-24,KBS:HNX:DTK,-4.041213587041659,0.294710660672303,0.46609238535906206,0.49956012396288696
2025-01-24,KBS:HNX:EBS,-4.028216342105471,0.2950374893370176,0.4343221210134423,0.3040479125484674
2025-01-24,KBS:HNX:ECI,-4.051027513143813,-2.7807452543381856,-1.5348707570576505,-0.6923480035191906
2025-01-24,KBS:HNX:EID,-4.001842139055329,0.29318675541970596,0.2407686818652677,-1.2046942270543781
2025-01-24,KBS:HNX:EVS,-3.8975400586080537,-1.929520990266968,0.10895708796048706,0.2526557117828276
2025-01-24,KBS:HNX:FID,-4.037980703863219,-0.3744569350009974,1.028635839431824,0.14073334118711156
2025-01-24,KBS:HNX:GDW,-4.039474174378712,0.7501738643415861,1.1200518324842739,0.6143034823744391
2025-01-24,KBS:HNX:GKM,-3.399855112088942,-6.715640733732741,-0.32537253011713463,4.651765677553808
2025-01-24,KBS:HNX:GLT,-4.064124509362813,-1.5424474862367388,-0.5658281125033222,1.4889078803116327
2025-01-24,KBS:HNX:GMA,-4.023337665659352,1.638726693454471,0.1562805993589248,-1.4264494289789666
2025-01-24,KBS:HNX:GMX,-4.03279158278691,-0.10210426936686895,0.24503708800343182,-0.9148115943040313
2025-01-24,KBS:HNX:HAD,-4.037727045207445,0.5155567692964983,0.09997248017655884,-0.3264832004262638
2025-01-24,KBS:HNX:HAT,-4.0497961125265425,-1.3185564707290225,-0.4426782182080408,-0.47598364174940777
2025-01-24,KBS:HNX:HBS,-3.433921074621346,-1.892156330972085,-0.721922758427881,1.6046019944370589
2025-01-24,KBS:HNX:HCC,-4.01259010023657,1.4942548851352522,0.6347360970833652,-1.26300085842153
2025-01-24,KBS:HNX:HDA,-4.029534978901113,-0.30532542636572935,1.1034630795727123,-0.3489885909985294
2025-01-24,KBS:HNX:HEV,-4.060449281328607,-2.3949868903329183,0.5544192586384523,0.33099338980460624
2025-01-24,KBS:HNX:HGM,-3.766091392805227,19.90660909732449,-7.135278591223604,-1.5547631244756632
2025-01-24,KBS:HNX:HHC,-3.9512868746035075,-0.853669246893687,-2.149455350562923,-0.011042281607509216
2025-01-24,KBS:HNX:HJS,-3.9903247328540434,-0.5638909133557178,-0.09054031173787933,0.13711000552466468
2025-01-24,KBS:HNX:HKT,-4.0372868824900126,1.5774467081153178,0.7027112756559392,0.4036433459125015
2025-01-24,KBS:HNX:HLC,-4.032803600379824,-0.5623153953456849,0.3212273025915782,-0.2768796169478966
2025-01-24,KBS:HNX:HLD,-3.989044206609939,-0.34114831407400237,0.4769447054704892,-0.8291725099055037
2025-01-24,KBS:HNX:HMH,-4.0268188430723715,1.9862159131902446,1.401136598363519,1.1260201806066195
2025-01-24,KBS:HNX:HMR,-4.000368826235908,-2.2614798487642265,-0.33278413913640414,2.9885832549220424
2025-01-24,KBS:HNX:HTC,-4.051085457493358,2.9038914928018205,-0.30747639572579016,1.7245255486303135
2025-01-24,KBS:HNX:HUT,12.037579301286971,-1.2386203732351755,0.39224357899814455,-1.0809693583296565
2025-01-24,KBS:HNX:HVT,-2.998069024595827,2.630821132089279,-1.0372237308607002,-0.9365576399505224
2025-01-24,KBS:HNX:ICG,-4.040915530125071,1.0676586177719154,0.7956280766796471,0.05869634494184468
2025-01-24,KBS:HNX:IDC,6.762276409373191,-0.5581816841496188,0.04202422657121914,-0.6946290964233105
2025-01-24,KBS:HNX:IDJ,-2.9178132229929967,-1.772070724696189,-0.8374473066330561,-0.4121779477907553
2025-01-24,KBS:HNX:IDV,-3.6101318681098413,-0.38964700948471453,-0.33327472059259994,-1.1768348340978845
2025-01-24,KBS:HNX:INC,-4.032860794616283,-1.1377235356424809,-0.4711266282283306,0.4446657362576165
2025-01-24,KBS:HNX:INN,-3.955409102752988,-0.30975864443836665,-0.012493885251351072,-0.8846557544667497
2025-01-24,KBS:HNX:IPA,-3.4993568740697683,-2.352232980364613,-0.3706064025537263,0.2709972866376013
2025-01-24,KBS:HNX:IVS,-3.410864132223043,0.7977638173509621,1.1216960216615854,-0.10318564903162249
2025-01-24,KBS:HNX:KDM,-3.8472524517327367,-0.363647324630991,1.047036515342761,0.28005643056545615
2025-01-24,KBS:HNX:KHS,-3.9048374631314493,0.02290905955841158,-0.39832130584674047,0.23107294177245802
2025-01-24,KBS:HNX:KKC,-4.052807332963506,1.0382619013870589,0.9038350539107771,1.4150955026841012
2025-01-24,KBS:HNX:KSD,-4.048488814074206,1.1813276497918392,-0.3791288063840346,0.5488635662869056
2025-01-24,KBS:HNX:KSF,-3.798854275909112,-0.38552655344582704,0.58946587185665,-1.767392614388735
2025-01-24,KBS:HNX:KST,-4.038812927193862,0.5796647305824001,0.5711863616512417,0.18691077929658848
2025-01-24,KBS:HNX:KSV,-0.03310790970153535,27.76183061398355,-3.5392183549699503,0.5446898981935098
2025-01-24,KBS:HNX:KTS,-4.005748518900326,0.2300752687387412,0.8369091320952219,-0.5765003379143862
2025-01-24,KBS:HNX:L14,-1.418333146127566,-1.8104867216643503,-1.4602849649793226,0.5572852348485452
2025-01-24,KBS:HNX:L18,-3.3311494701644744,-0.4004603805284804,-0.3498519715501717,-1.02554027438877
2025-01-24,KBS:HNX:LBE,-4.031738925672132,-1.1077873575402863,-0.4204060390552436,-0.6575607132470145
2025-01-24,KBS:HNX:LCD,-4.023896330530047,-0.616919491663073,0.8365265996799962,-2.0792570533797297
2025-01-24,KBS:HNX:LDP,-4.026259094997418,-3.902858062109751,-0.4354317554104288,2.508067921338498
2025-01-24,KBS:HNX:LHC,-3.729112748604459,-0.02576719860172519,-0.3578265001146602,-1.1854027052052936
2025-01-24,KBS:HNX:LIG,-3.4083209456449928,-1.3601431637800885,0.9157486025170097,0.24239107707372573
2025-01-24,KBS:HNX:MAC,-4.048641318439303,-1.3366658410854926,-2.3775307700175166,0.6827052475647168
2025-01-24,KBS:HNX:MAS,-4.052441444590369,-0.71533521779641,-0.2054489075787946,-0.03814769768066791
2025-01-24,KBS:HNX:MBG,-3.8015825206485756,-1.47257776036253,-0.008054209628239046,0.23371861119146695
2025-01-24,KBS:HNX:MCC,-4.0262338500726536,0.41117152176950483,0.4506350548488214,-1.6185467789136445
2025-01-24,KBS:HNX:MCF,-4.020820637131581,0.033999397052607974,0.6877774243716077,-1.1472028405450225
2025-01-24,KBS:HNX:MCO,-3.9964298312110755,-3.7768396570111453,-0.883322620339749,2.5375193634349094
2025-01-24,KBS:HNX:MDC,-4.011397853748664,-0.015362453354011936,1.0347454113745946,-1.0696304253008992
2025-01-24,KBS:HNX:MED,-4.033698290897505,-0.17197347088008275,0.6845043667596947,-0.6126732658053787
2025-01-24,KBS:HNX:MKV,-4.035195464599331,0.0827308465792843,0.7393105897716901,-0.5627145560578095
2025-01-24,KBS:HNX:MST,1.0597665547691308,2.5677099006371575,0.3248048385048417,-0.555165038376387
2025-01-24,KBS:HNX:MVB,-4.033220076220608,-0.9046613767905606,0.2977180073896363,-0.43036444576689475
2025-01-24,KBS:HNX:NAG,-2.5783605387428796,0.9039995858256252,0.1238307045798333,-0.8414707856942444
2025-01-24,KBS:HNX:NAP,-4.062281819624122,1.7165946988094043,2.1548170461863605,1.412574781781869
2025-01-24,KBS:HNX:NBP,-3.187729880761652,0.9347779141977014,1.854567506262273,1.1517101572370623
2025-01-24,KBS:HNX:NBW,-4.066658028820537,-0.5432657860269963,-0.45438522838410855,1.3484588135181839
2025-01-24,KBS:HNX:NDN,-3.6702100713973254,-1.486206438598449,-0.009745781258454505,-0.9497067787547604
2025-01-24,KBS:HNX:NET,-3.907118571442103,0.2857803842470389,1.4316000775473652,0.1371631138673283
2025-01-24,KBS:HNX:NFC,-4.046257892235466,1.1152073660221804,0.0018222274284887862,0.8209558499356994
2025-01-24,KBS:HNX:NHC,-4.066309926108258,0.5959462783957885,1.8395890895334486,2.2201082202586866
2025-01-24,KBS:HNX:NRC,-3.025998077697423,-0.5505111011185816,-0.7185441176946442,1.243512856922371
2025-01-24,KBS:HNX:NSH,-4.024645343915079,-1.39478090714751,0.007374751184861434,0.11105825769792069
2025-01-24,KBS:HNX:NST,-4.029017596165351,0.7684186944659299,-0.04787366412900596,-0.3804930055395483
2025-01-24,KBS:HNX:NTH,-4.043735849467496,-0.8910889748632329,-0.4083150345127844,-0.08803852640479752
2025-01-24,KBS:HNX:NTP,0.4201992132951506,0.5606231724490981,-0.9075054443828108,-0.19717434546031823
2025-01-24,KBS:HNX:NVB,-3.7822373590135787,-0.9519643665375833,0.721374728658267,-0.923996231323571
2025-01-24,KBS:HNX:ONE,-4.016538447562069,0.5383172781295134,1.1764651056213533,0.0394131097238244
2025-01-24,KBS:HNX:PBP,-3.997864584015854,-1.0298119752393544,-0.5184531061767211,-1.0904657942046938
2025-01-24,KBS:HNX:PCE,-4.021748379235124,-0.4165658639815409,0.45672285752110375,-0.8393978879922501
2025-01-24,KBS:HNX:PCT,-3.95934432692211,1.298198290760314,-0.41798092796934494,-0.6491735551536466
2025-01-24,KBS:HNX:PDB,-4.024347503077563,0.6737612989522784,0.45133667879835726,-0.6483941272701693
2025-01-24,KBS:HNX:PEN,-4.056558188024659,0.12431800604330406,1.4794609414843003,0.8684052831043836
2025-01-24,KBS:HNX:PGN,-3.30861065597418,9.39553407448106,-1.291658282530197,0.08391875617288165
2025-01-24,KBS:HNX:PGS,-4.039342468361286,0.4058628429239235,-0.017205218432657796,-0.09256003291965506
2025-01-24,KBS:HNX:PGT,-4.0160774301680835,5.399113570607714,-1.9095134416004254,0.06802318367937248
2025-01-24,KBS:HNX:PHN,-4.029016752404593,1.279705927445909,-1.049205787188481,0.12234073533346183
2025-01-24,KBS:HNX:PIA,-4.037958783805194,-0.11080128772380786,0.9201434223484545,0.38037772476111464
2025-01-24,KBS:HNX:PIC,-4.053858477738719,-0.9124260364234118,-0.4613548350479801,1.3602901374135903
2025-01-24,KBS:HNX:PJC,-4.05236483916327,0.00037047914107277824,0.052744262658533894,0.0031361896923366365
2025-01-24,KBS:HNX:PLC,-0.13994709099610966,-0.10944012400347966,1.4170794735976104,0.44022488081227157
2025-01-24,KBS:HNX:PMB,-4.0242378652263815,-0.8026563001675708,0.20113072832142936,-0.7668418988050023
2025-01-24,KBS:HNX:PMC,-3.897236564043887,2.325678831128844,-1.1902578691049728,0.040158610812055386
2025-01-24,KBS:HNX:PMP,-4.045017319595839,-0.1963856082010994,-0.41963174195787467,-0.47524251001965306
2025-01-24,KBS:HNX:PMS,-4.029286952942636,0.8292811970579914,0.1255444172786659,0.6841892420351237
2025-01-24,KBS:HNX:POT,-4.049935921449988,-1.6425549283690604,-0.31016155910882226,0.6253929018460499
2025-01-24,KBS:HNX:PPE,-4.054406688419591,0.16287455630409212,-0.7047108280825455,0.8120375366780437
2025-01-24,KBS:HNX:PPP,-4.029525952221918,-0.42924821883989106,-0.4985737582553936,-0.6428084642593161
2025-01-24,KBS:HNX:PPS,-4.029650875093556,-0.5324942167111063,-0.040566142500445296,-0.5421228377159151
2025-01-24,KBS:HNX:PPY,-4.0420867400581875,-0.3734843719410038,0.3744682959663262,-0.13732524717469197
2025-01-24,KBS:HNX:PRC,-4.031324465000408,-0.6675147490054368,0.7100556244745367,-0.574365260093921
2025-01-24,KBS:HNX:PRE,-4.02079843105105,0.7140774346514703,-0.2028121479224043,-0.6045568843665673
2025-01-24,KBS:HNX:PSD,-3.454233320742956,-0.6290757938682046,0.07594370206484871,-1.305998999251345
2025-01-24,KBS:HNX:PSE,-4.021271738751834,-0.028222622401479998,0.674688252436845,-1.1111647126181026
2025-01-24,KBS:HNX:PSI,-3.7711824770429043,-0.12870074126999348,0.9479118495332495,-0.3272268419090656
2025-01-24,KBS:HNX:PSW,-3.9737267943311467,-0.09362120325043749,-0.013230505469029511,-1.1185553427328636
2025-01-24,KBS:HNX:PTD,-4.103282079133879,0.042024098063931536,-1.567612332462543,1.8477964369715214
2025-01-24,KBS:HNX:PTS,-4.039572535732575,-0.7017578116806579,0.234059439447605,0.0859771446682641
2025-01-24,KBS:HNX:PV2,-3.406096287527646,7.360863152024795,6.012043022634761,1.991633376717403
2025-01-24,KBS:HNX:PVB,-0.8170590387046013,1.362862302394797,-0.14077052488259442,-0.39484588389827274
2025-01-24,KBS:HNX:PVC,-2.3465764122693957,-2.516288095172858,0.143534267604449,0.11032623681057413
2025-01-24,KBS:HNX:PVG,-3.8839402172228956,-0.02274773652442179,0.03498516781361969,-0.9971851941525302
2025-01-24,KBS:HOSE:AAM,-4.008995687671021,-1.0352611735159927,0.5610179976883708,0.22868908996306272
2025-01-24,KBS:HOSE:AAT,-3.9991810855586305,-1.3757545799476607,0.7130240236446093,-0.803840958202919
2025-01-24,KBS:HOSE:ABR,-4.040040269426106,-0.373946444665759,-0.16336921558270567,0.5091014119123538
2025-01-24,KBS:HOSE:ABS,-3.6066992549072263,-0.8992790699170606,-0.5074380853440728,-0.13381362557614232
2025-01-24,KBS:HOSE:ABT,-3.979432716262547,0.15809449629870112,0.47487659066767385,-1.0045849075411029
2025-01-24,KBS:HOSE:ACC,-3.2612472711123055,0.14595386417552597,0.1413411515221727,-0.9771927450284519
2025-01-24,KBS:HOSE:ACG,-3.859063368647479,-0.638990218680007,-0.09616569317420955,-1.2906269811648436
2025-01-24,KBS:HOSE:ACL,-4.01418024469657,-0.6294692645296035,0.570831057283485,-0.9906370106713792
2025-01-24,KBS:HOSE:ADG,-4.051412393318789,-2.175778012234416,0.38313580877735615,0.5250051887700633
2025-01-24,KBS:HOSE:ADP,-3.9681659525545356,-0.013280508138309572,-0.09905327157033703,-0.3038331343930181
2025-01-24,KBS:HOSE:ADS,-3.8405886084711685,-2.1344994281934473,-0.08637560986622722,-0.34774357024556696
2025-01-24,KBS:HOSE:AFX,-3.811918925134425,-1.2865307808042568,-0.012439509788127055,-0.5663178409571857
2025-01-24,KBS:HOSE:AGG,3.6602002993586202,-1.746778967839706,0.25161779643057763,-0.14906056145904478
2025-01-24,KBS:HOSE:AGR,-2.369367835155373,-1.0929420370152194,-0.33802737838744423,-0.7277998240391552
2025-01-24,KBS:HOSE:ANT,-3.8735237041458035,2.9441082147678923,-1.1919130719281894,0.7462938483115098
2025-01-24,KBS:HOSE:ANV,4.610827756368537,-0.6663693893648073,-1.6008268549767883,-0.6547270940605404
2025-01-24,KBS:HOSE:APG,-2.225210475247956,-3.324495833544486,0.16244583023137743,2.0058474803046553
2025-01-24,KBS:HOSE:APH,-2.183258295542161,-0.4317325567144095,1.3514376772975052,0.8867343116707994
2025-01-24,KBS:HOSE:ASM,-2.89669555469181,-2.0921454376048945,-0.3406708855593377,-0.8003192304148842
2025-01-24,KBS:HOSE:ASP,-4.018635351513905,-0.706265221415945,0.9182350100479375,-0.43218808143292525
2025-01-24,KBS:HOSE:AST,-3.9161600976371003,-0.883503130828191,0.04949002222139056,-1.1888218145388172
2025-01-24,KBS:HOSE:BAF,24.11709952807015,2.7879531166066185,-0.09112248678178118,-0.9056173256262913
2025-01-24,KBS:HOSE:BCE,-3.674054043972704,6.261171613475835,2.6121822594985433,-0.6315765508725293
2025-01-24,KBS:HOSE:BCM,4.260401003477854,-0.07537632510727559,0.3819894699645785,-0.7820092032229009
2025-01-24,KBS:HOSE:BFC,4.0106336553409,-0.11947249388489267,-0.38893235830056366,0.3314035329566539
2025-01-24,KBS:HOSE:BHN,-4.031690577958788,-0.5981692059434783,0.06156808370290744,-0.9248770690035979
2025-01-24,KBS:HOSE:BIC,-3.7685309261532955,-0.04080208603131678,-0.05450047734514063,-0.6465016638967465
2025-01-24,KBS:HOSE:BKG,-3.811817297731912,-2.1443052373481306,-0.24431559350587273,-0.4622150344097173
2025-01-24,KBS:HOSE:BMI,-3.3013006032656182,-0.8714727787682168,-0.1346315734651689,-0.9351110932566479
2025-01-24,KBS:HOSE:BRC,-3.9216877354154316,0.5182175602319887,0.11314720127342479,-1.2615592189938825
2025-01-24,KBS:HOSE:BSI,-0.09349153087629294,-0.5787654254325907,-0.48055527107029444,-0.5847875216822439
2025-01-24,KBS:HOSE:BTP,-4.006589406830166,-1.0437167025352112,0.5236025606949531,-0.9480189515013712
2025-01-24,KBS:HOSE:BVH,6.020705997439837,1.1701129952055516,-0.4305615094467518,-0.9906701913650611
2025-01-24,KBS:HOSE:C32,-3.9276151296068287,-0.18653441196082526,0.7039689966537752,-1.433176711406238
2025-01-24,KBS:HOSE:CCI,-4.000656410760326,0.5561056808215648,0.22034342698157366,-0.04280297029743985
2025-01-24,KBS:HOSE:CCL,-3.0994102617422046,-1.1661936654387837,-1.2271520063804113,-0.3592397741040285
2025-01-24,KBS:HOSE:CDC,-3.080709154616311,-0.5288195852642813,1.1404669753485241,-0.5089383269947285
2025-01-24,KBS:HOSE:CHP,-3.8666689461681933,0.32367153500693585,0.1914959162081109,-1.5777087040075808
2025-01-24,KBS:HOSE:CIG,-2.697435088032821,3.2272327184731004,-0.5191875535283714,0.28913180022776275
2025-01-24,KBS:HOSE:CII,3.473656495859726,-1.8738424224484678,-0.22380223330841112,-0.898765177644614
2025-01-24,KBS:HOSE:CKG,-3.25656914260781,-2.947734306452318,-1.6812806661425135,0.0022218859141347404
2025-01-24,KBS:HOSE:CLC,-3.8425941035093962,1.071110068251232,0.015683103530715222,-1.0868378512716046
2025-01-24,KBS:HOSE:CLW,-4.044546327913438,-0.400224679678229,-0.07184103460509474,-0.05501569730144834
2025-01-24,KBS:HOSE:CMV,-4.042594689628478,-0.39532883078405945,0.1128056084385883,-0.2133458552237484
2025-01-24,KBS:HOSE:CMX,-3.6172033579271745,-1.4988455137860914,0.40323144414985257,-0.37481373608696633
2025-01-24,KBS:HOSE:CNG,-1.8014672997491354,-0.9283674746145011,0.3848813443597454,-0.4018836309568591
2025-01-24,KBS:HOSE:COM,-4.059159290155869,-0.2859646934075402,0.8344134067688086,0.8221037771000329
2025-01-24,KBS:HOSE:CRC,-3.730527713400484,-0.366212514522326,0.05342398287656551,-1.3044091793203345
2025-01-24,KBS:HOSE:CRE,-3.8109274356612457,-1.2363251866287848,-0.7500859388390895,-1.1051488175381505
2025-01-24,KBS:HOSE:CSV,17.566150734284587,1.7760385027083225,-1.9769903802888624,0.03262789563808701
2025-01-24,KBS:HOSE:CTD,15.023550572432296,0.6158716223188888,0.9148845149854028,-0.5270672114860617
2025-01-24,KBS:HOSE:CTF,-2.114427941489693,-2.973565689381274,-0.1633389624954914,0.7622443660927205
2025-01-24,KBS:HOSE:CTI,1.951788448970343,1.8545411479489144,0.3307193741438155,-0.6137786984738652
2025-01-24,KBS:HOSE:CTR,38.034235085948005,0.41000398114673137,0.23841528519213567,0.3114603819854253
2025-01-24,KBS:HOSE:CTS,0.1312854550297824,-1.132681280788964,-0.7595424047276395,-0.4233686923128181
2025-01-24,KBS:HOSE:CVT,-4.040169967049825,-1.44199923819721,0.06703170094315554,-0.46568457960392085
2025-01-24,KBS:HOSE:D2D,-3.3234906674689184,1.0466857094380948,0.6661270694493079,0.1561429981815354
2025-01-24,KBS:HOSE:DAH,-3.810331280942358,-1.1621908711453965,-0.3990955395132301,-0.5231115653312681
2025-01-24,KBS:HOSE:DBC,28.280373319919168,-1.563864613719168,-1.0702640295980004,-0.2720127580219191
2025-01-24,KBS:HOSE:DBD,5.2107936321678645,2.0319582506117744,-0.3485574951692716,-1.0562041549632275
2025-01-24,KBS:HOSE:DCL,-1.7791782387755217,0.1121558993221891,0.9272858031771728,-0.6604953262195975
2025-01-24,KBS:HOSE:DCM,14.675837080720932,-1.5146473980815323,-0.7589238699688776,-0.6255112680544705
2025-01-24,KBS:HOSE:DGC,36.645269040071454,-0.3479128267451384,-0.5168489475868514,-0.6742074385079003
2025-01-24,KBS:HOSE:DGW,7.69596541292522,-2.0142182984354475,-0.4687221224562398,-0.24157332606048787
2025-01-24,KBS:HOSE:DHA,-3.4896669121370008,-0.6881989663167077,-0.02201965135552368,-1.5002672176916794
2025-01-24,KBS:HOSE:DHC,0.9947329603962272,-0.8094718686894965,-0.03269919274843986,-0.902598606045916
2025-01-24,KBS:HOSE:DLG,-3.5793252701573914,-0.6705646616050962,-0.5054176531484625,-0.5443224533913751
2025-01-24,KBS:HOSE:DMC,-3.8342732305821507,3.11595663464034,2.2302686824075857,0.031040465676609705
2025-01-24,KBS:HOSE:DPG,1.2016045749778683,-1.8733283154273483,-1.0051085647630777,0.16583373810228197
2025-01-24,KBS:HOSE:DQC,-3.9952605454426062,-1.8203634185752615,-0.11199628826208533,-0.8966966893401335
2025-01-24,KBS:HOSE:DRC,-1.6259316629586162,-1.3142780250547945,-0.1782756445655471,-0.422073318330004
2025-01-24,KBS:HOSE:DSN,-3.8675928293733985,-0.44373223546446366,0.32968007802110366,-1.4844627155873753
2025-01-24,KBS:HOSE:DTA,-4.0257607562676805,-3.153892992150061,-1.4753259141463602,-0.012570966793212754
2025-01-24,KBS:HOSE:DTL,-4.0596513844502855,-3.0754369290683816,-0.21595302221745036,0.3940095870637329
2025-01-24,KBS:HOSE:DTT,-4.06476982305593,-0.020603409638868992,1.4177108845139703,1.257767905656061
2025-01-24,KBS:HOSE:DVP,-3.709488887625134,1.2020222125599682,0.6197892017544008,-1.3781869342078252
2025-01-24,KBS:HOSE:DXG,39.328338507865986,-0.7330231464970525,-0.19730807105772272,-0.019536700559731196
2025-01-24,KBS:HOSE:DXS,-0.7732193939549102,0.32266980907202564,-0.6534548742128372,-0.4173728115653476
2025-01-24,KBS:HOSE:DXV,-4.038552405921656,-0.731513616919637,0.5737044926221018,1.143666977571912
2025-01-24,KBS:HOSE:EIB,43.34889854533243,-0.7215458450849097,-0.4925372845835412,-0.14080200367723605
2025-01-24,KBS:HOSE:ELC,0.06737796206004401,1.3337883757201991,-0.15824455531732723,-0.9723168916929822
2025-01-24,KBS:HOSE:EVE,-3.9878143899295266,-1.8522296345676448,1.0082785822968763,-0.029750781345754117
2025-01-24,KBS:HOSE:EVF,15.207866561326561,-2.5990181087580617,0.13894476288624744,0.5039306628962053
2025-01-24,KBS:HOSE:EVG,-2.510933427421839,-0.9738180981403965,-0.5149509438317157,-0.13875170559276587
2025-01-24,KBS:HOSE:FCM,-3.961190325160447,-0.9094046017608713,0.39391593681025017,-0.16317738782572658
2025-01-24,KBS:HOSE:FCN,2.5888088911868516,0.8472437873520506,1.1347271976274262,-0.3860689576297325
2025-01-24,KBS:HOSE:FDC,-4.0422322780056685,0.7728413091489179,-0.09684673207145907,0.057070728712386214
2025-01-24,KBS:HOSE:FIR,-3.5046146235842532,-1.1887624677137865,0.5497885879324984,1.0484923510150908
2025-01-24,KBS:HOSE:FIT,-3.440820223568505,-1.142882492812462,0.044326591248274226,-1.2116234087350157
2025-01-24,KBS:HOSE:FMC,-3.443514473393269,-0.40372964150522356,0.21305815080098742,-1.2370986293770998
2025-01-24,KBS:HOSE:FPT,186.41462940862712,1.2169154345012327,-0.2838855773288587,1.4927604239382504
2025-01-24,KBS:HOSE:FRT,29.381752020290698,2.910355219910636,0.5215350904837732,-0.11577682266729629
2025-01-24,KBS:HOSE:FTS,11.732577760670992,-0.014842916496277024,-0.5756646773156276,-0.6218245373447838
2025-01-24,KBS:HOSE:GAS,6.380401180604493,-0.7990310355452869,0.3285385170134201,-0.9700743392779432
2025-01-24,KBS:HOSE:GDT,-3.751520269074303,-0.41815596719079445,-0.49635084705263766,-1.1372099821199293
2025-01-24,KBS:HOSE:GEG,-2.7856180878592345,-1.403437894816408,0.3079849238187374,-0.16463055005891405
2025-01-24,KBS:HOSE:GIL,-1.1333450779399317,-2.1942007197384057,-1.6659415018584078,-0.26972489150802514
2025-01-24,KBS:HOSE:GMD,12.120376610647387,-0.6360841444150599,-0.11495215553601539,-0.5870195870050529
2025-01-24,KBS:HOSE:GTA,-4.0258394564185345,-0.8998138756068931,0.5713341671851727,-0.9482906979714063
2025-01-24,KBS:HOSE:HAG,15.289771905796021,-0.009105448109859028,0.5610764641273134,-0.1803625176929285
2025-01-24,KBS:HOSE:HAP,-2.7254279879723593,-0.3545754437314374,0.13882369989902804,-0.18612381407021128
2025-01-24,KBS:HOSE:HAR,-3.9472152649861902,-1.637143844432955,0.3311140360667582,-0.7981285303948408
2025-01-24,KBS:HOSE:HAS,-4.039646384978069,-1.1233022640071801,0.2528744306482351,-0.11034850930398235
2025-01-24,KBS:HOSE:HAX,-0.05129223618907589,0.10981402419337627,-0.6479747309087049,-0.7102848538178607
2025-01-24,KBS:HOSE:HCD,-3.9496699748930135,-1.607203448800452,-0.485597224783948,-0.44683894111620365
2025-01-24,KBS:HOSE:HCM,51.49891584054841,0.11297620827362537,-0.2604974989750689,-0.022743085381032712
2025-01-24,KBS:HOSE:HDC,6.916038974156364,-1.2551675509064228,-0.3681796813874899,-0.653083411802475
2025-01-24,KBS:HOSE:HDG,15.79129857614279,-1.076610223737894,-0.945166684196807,-0.6323246523263982
2025-01-24,KBS:HOSE:HHP,-3.2538898989484544,-1.7396973480866575,0.33164830076820606,-0.42834452020362396
2025-01-24,KBS:HOSE:HHV,21.275452663956774,-0.07686503298887502,0.914862719911787,-0.22510687533221732
2025-01-24,KBS:HOSE:HID,-3.998268285615728,-1.1830738781786811,0.45443032331317795,-1.032773146582469
2025-01-24,KBS:HOSE:HII,-3.9877166591485995,-1.8661736389117465,0.643211603287688,-0.07181700370794664
2025-01-24,KBS:HOSE:HMC,-3.8516501347050784,-0.11754715730455872,0.32707321021761443,-0.35589279739718355
2025-01-24,KBS:HOSE:HQC,-1.8880337456978413,-1.4091144175722314,0.35272557160345713,-0.5197127389648287
2025-01-24,KBS:HOSE:HRC,-4.075479461494869,-1.3700672804504488,0.7747741692926656,1.808398126977344
2025-01-24,KBS:HOSE:HSG,11.30933177736053,-2.6392712645044893,-0.30332698450562,-0.03833706138208558
2025-01-24,KBS:HOSE:HSL,-3.8906219028747606,-1.8074422163100878,0.7582587404670508,-0.9442665469810013
2025-01-24,KBS:HOSE:HTG,-3.44367769143574,1.70970738169301,-0.41869051516273326,-0.7493983413486802
2025-01-24,KBS:HOSE:HTI,-3.9471153029050154,0.36087320201112705,0.8061175450382342,-1.5625637135709647
2025-01-24,KBS:HOSE:HTL,-3.914667373079274,6.521979706473212,-3.10474977835665,-0.44936296196816466
2025-01-24,KBS:HOSE:HTN,-2.4427585736002033,-0.2728375656502943,0.5723230754461994,0.45978685497014987
2025-01-24,KBS:HOSE:HTV,-4.032813720698343,-0.4399714281094656,0.33345166060462983,-0.8278560385792759
2025-01-24,KBS:HOSE:HU1,-4.057133456525897,-0.8411579006558261,-0.08009233306147948,0.5848085396338119
2025-01-24,KBS:HOSE:HUB,-3.8089646535312673,-0.9233005472921748,-0.49360610810287614,-1.4013311150762964
2025-01-24,KBS:HOSE:HVN,11.297813473208931,2.647216059927969,-1.5633133060509519,-0.014723995499822062
2025-01-24,KBS:HOSE:ICT,-3.631506487723931,1.2515709013247405,0.292772580207792,-0.2611434528199545
2025-01-24,KBS:HOSE:IJC,-0.31914145537348676,-0.5976619285357543,-0.05037260448550191,-1.1193831214753083
2025-01-24,KBS:HOSE:ILB,-4.0029359856683975,0.3832077744906855,0.3807190173950393,-0.8744596595614255
2025-01-24,KBS:HOSE:ITC,-3.043548691483185,-1.4748078040606278,-0.07690932023311468,-0.8653968970826906
2025-01-24,KBS:HOSE:ITD,-3.6398524582644654,0.8186135979033762,0.6575235369243576,0.22912866160740641
2025-01-24,KBS:HOSE:JVC,-3.3869526290061027,1.6935735157275695,0.8905845390881035,-0.39455114594743185
2025-01-24,KBS:HOSE:KBC,74.13387092182114,-0.11941149115942298,0.8880808096606768,0.2796347175415328
2025-01-24,KBS:HOSE:KDC,17.60601407244602,0.2191636622949774,0.5953020520872063,-0.6008701457155248
2025-01-24,KBS:HOSE:KDH,15.032933101929933,-0.001738231878770119,-0.19844982685928017,-1.0044456243734048
2025-01-24,KBS:HOSE:KHG,1.8843806418892584,-0.8508008224261535,-0.050027042108663995,-0.9513522720554217
2025-01-24,KBS:HOSE:KHP,-1.9699395418748458,1.294557329415442,-1.6832280137434699,-0.09156294861075369
2025-01-24,KBS:HOSE:KMR,-4.017874474198066,-0.9187404220553668,0.5965852747234301,-1.3628679844362759
2025-01-24,KBS:HOSE:KOS,1.1391003372984994,-0.31425979702031454,0.7856509496627778,-1.5009863264109595
2025-01-24,KBS:HOSE:KSB,7.516551285465833,-0.61005636912175,0.7125367980768272,-0.6232463613919593
2025-01-24,KBS:HOSE:L10,-4.052212397518344,0.28756937671197674,0.12976877209224866,0.7595137246045067
2025-01-24,KBS:HOSE:LAF,-3.9061689286254633,2.4397615503604477,1.0183453756659715,-0.6730550338781188
2025-01-24,KBS:HOSE:LBM,-3.688469339173436,0.24979506402988177,0.3501082790755881,-0.8309850987426244
2025-01-24,KBS:HOSE:LCG,1.0106473628089405,-0.6988403337775501,0.3124822758102849,-0.8305079251127612
2025-01-24,KBS:HOSE:LDG,-3.4658689868636903,-1.901183483197027,0.16569427963118272,-0.5899896132879395
2025-01-24,KBS:HOSE:LGL,-3.9823559999034184,-1.4255953438827633,1.0101693688366913,-0.6944047148931449
2025-01-24,KBS:HOSE:LHG,-3.018184259480117,-1.1121502606832616,-0.37220488962364656,-0.4348272372694161
2025-01-24,KBS:HOSE:LIX,-3.7304619725619497,-0.9618251388434716,-0.42405425191271107,-0.3657762850702431
2025-01-24,KBS:HOSE:LM8,-4.0407267675509875,-0.3115795361977124,0.8234498481156229,0.20037664403395314
2025-01-24,KBS:HOSE:LPB,36.1664241351644,4.80307159396159,0.9704313318659955,0.07223945967904644
2025-01-24,KBS:HOSE:LSS,-2.8106804408080888,-0.31129199174987043,0.24993043977400328,-0.829704821519577
2025-01-24,KBS:HOSE:MBB,78.7722643911784,0.08272392404709272,0.7383105855663882,0.14161085799797485
2025-01-24,KBS:HOSE:MCP,-4.0003693434124505,1.7687688057541113,0.42544942871625835,-0.9271049731911805
2025-01-24,KBS:HOSE:MDG,-4.02946143053972,-0.5156591142249447,0.3689653527046066,0.6515945605657024
2025-01-24,KBS:HOSE:MHC,-3.9571757265977467,-0.9137957168554551,0.7419402595643472,0.054296774153968747
2025-01-24,KBS:HOSE:MIG,-2.5896213242107526,-0.6338936557289003,-0.08480262805572397,-0.5511837678762521
2025-01-24,KBS:HOSE:MSB,17.282641719165973,-1.07523836769876,-0.2365016611708196,-0.43986914763091434
2025-01-24,KBS:HOSE:MSH,-1.1954252156912322,1.792181035823151,-0.3395269102984549,-0.9545561892635123
2025-01-24,KBS:HOSE:MWG,92.43257898046656,-1.0033848550202895,-0.4978292183338759,0.8409284420573944
2025-01-24,KBS:HOSE:NAF,-2.8034915485248413,0.6688710988667759,-0.8689273662213082,-0.7663358178407343
2025-01-24,KBS:HOSE:NAV,-4.0313511109478775,0.9275632645961839,-0.29408670260066233,-0.6587631684588805
2025-01-24,KBS:HOSE:NBB,-0.08028515851284118,-0.7958100183909136,0.11248768384250474,-0.13218667935073186
2025-01-24,KBS:HOSE:NCT,-3.8778652642152838,0.766732873973811,-0.34552401379176295,-1.3916062953257962
2025-01-24,KBS:HOSE:NHA,0.5883632692261931,-1.1595481607460045,-1.5876829190335042,0.2348522744846202
2025-01-24,KBS:HOSE:NHT,-4.008694150194398,0.12980442531387576,0.6999089402084006,-0.4642659105494651
2025-01-24,KBS:HOSE:NKG,7.259671131799181,-3.0328493030796153,-0.5486433403733885,0.04151308598160874
2025-01-24,KBS:HOSE:NLG,11.808299267225445,-1.2710289692442822,0.3493013298387065,0.14611345545847274
2025-01-24,KBS:HOSE:NNC,-3.891420196903411,1.3247232379207947,0.7576479359753847,-0.9385315386026822
2025-01-24,KBS:HOSE:NTL,2.155094122689772,-2.785635993005699,-1.4562600334808058,0.6253684263661324
2025-01-24,KBS:HOSE:NVL,15.775319171182222,-2.9904966370147483,-0.8457736209296043,0.4940054112423383
2025-01-24,KBS:HOSE:NVT,-4.033136698581436,-0.9055403290812739,0.20448004759165983,-0.230438259332636
2025-01-24,KBS:HOSE:OCB,3.481567549078498,-0.9471686135701648,0.6733271281757806,-0.29955022888784816
2025-01-24,KBS:HOSE:OGC,-3.7812070073533404,-2.8564806884803264,-0.15365982716823479,0.47515182101823966
2025-01-24,KBS:HOSE:OPC,-3.9809899882803355,-0.2725536296049687,0.32678211976871796,-0.8199274819711848
2025-01-24,KBS:HOSE:ORS,14.791977886474502,-0.4598669384496747,-0.28315323240889767,-0.35490205796985813
2025-01-24,KBS:HOSE:PAC,0.7713373386227502,-1.229493136581512,-2.0416945038257444,0.04162509373848832
2025-01-24,KBS:HOSE:PAN,6.613136534407738,0.6118990401479525,0.6215127307161167,-0.6972643258736142
2025-01-24,KBS:HOSE:PDN,-4.002116016527665,0.2354168585869045,0.9827692022663902,-0.32529497628517634
2025-01-24,KBS:HOSE:PGC,-3.8895286987386894,0.49432522369314885,0.0981880253526628,-1.375828186837108
2025-01-24,KBS:HOSE:PGD,-3.986683857212678,-1.4023768341783402,-0.2821783025603194,-1.234788045470944
2025-01-24,KBS:HOSE:PGI,-4.024749393514166,-0.07966231939414191,0.47467398519363446,-0.30899675193800086
2025-01-24,KBS:HOSE:PGV,-3.859146071751265,-1.300531648177116,0.6748331497698343,-0.4779592190579343
2025-01-24,KBS:HOSE:PHR,-2.439549301760025,-0.6304936003806192,-0.09932033546150036,-0.8953220514121377
2025-01-24,KBS:HOSE:PIT,-4.045734373312701,-0.7448292430901046,0.6633865231098274,-0.2369523049556684
2025-01-24,KBS:HOSE:PLP,-3.745317874236015,0.6277427076120291,1.333937960904182,-0.029849555963673172
2025-01-24,KBS:HOSE:PLX,6.464314140691424,-0.9832753637143772,0.42191817608306986,0.10151239915157174
2025-01-24,KBS:HOSE:PNC,-4.00066777902579,4.86198051494371,-1.847042423176984,-0.5183747342431096
2025-01-24,KBS:HOSE:PNJ,14.689202415125838,-0.14496646787818163,0.22218536420935683,-0.6492363112804561
2025-01-24,KBS:HOSE:PTB,-1.1689192620475435,-0.48297588281767406,-0.05615331473828997,-0.6703150649225212
2025-01-24,KBS:HOSE:PTL,-4.006776937380037,-2.8700628098550065,-0.5271842758491264,0.1715438448628247
2025-01-24,KBS:HOSE:PVP,-2.3411317389592674,0.3823361813839715,-0.7020193821615369,-0.8717622155062494
2025-01-24,KBS:HOSE:PVT,9.084373809085298,-1.073079774172689,-0.5054723696977109,-0.9321897780765946
2025-01-24,KBS:HOSE:QCG,-2.5906005801105207,0.9567657356077212,-2.2049861601912735,0.10762858313927935
2025-01-24,KBS:HOSE:RAL,-3.8513841806784885,-1.3009052964065253,0.4499650952852801,-0.3030471612589592
2025-01-24,KBS:HOSE:S4A,-4.0359357455912175,-0.7461976321866861,0.32931399562880287,-0.05915820982246728
2025-01-24,KBS:HOSE:SAB,4.718593239943662,-0.5546497155224507,0.20307523584255385,-1.3973888667091219
2025-01-24,KBS:HOSE:SAM,-0.0447267108641825,-0.42436495289173076,-0.4035106178729036,-0.8334200510751122
2025-01-24,KBS:HOSE:SAV,-3.9533003627725005,0.1950937959999585,-0.5239384047706251,-0.1721501749499602
2025-01-24,KBS:HOSE:SBA,-3.8992567610068614,-0.5053329843441392,0.5414574585924323,-1.0281797087987312
2025-01-24,KBS:HOSE:SBV,-4.037041153634721,-0.6769350381134627,0.3039637336668461,-0.13420993066153517
2025-01-24,KBS:HOSE:SC5,-4.049258239776301,-0.1855083964459795,-0.8171176708675907,0.2091318073014733
2025-01-24,KBS:HOSE:SCR,-0.5805449883422941,-1.530196747642091,0.10404043243753984,-0.4694304872379897
2025-01-24,KBS:HOSE:SCS,4.047629684899779,0.4281770259894757,0.048685659816975445,-0.3478551130099198
2025-01-24,KBS:HOSE:SFC,-4.033305609199897,0.42851954983570295,-0.21607961415893295,0.7003686098747228
2025-01-24,KBS:HOSE:SFI,-3.9909928128904313,-0.38551212267225987,0.6944146658690463,-0.7801423043523067
2025-01-24,KBS:HOSE:SGR,-2.9290633176891547,0.9089398272096749,-2.1132439592277668,0.055238498610926806
2025-01-24,KBS:HOSE:SGT,-3.3474137451691846,4.179982049143505,1.389828349913708,-0.42095075909765933
2025-01-24,KBS:HOSE:SHA,-4.038448408966487,-1.4434346005605438,-0.023373162392036618,-0.47646277305834445
2025-01-24,KBS:HOSE:SHB,30.09771383312654,-0.9922001651468896,0.659990942345055,-0.7739654981491318
2025-01-24,KBS:HOSE:SHI,-0.27969908459592424,0.2208715395416241,0.6656355416499439,-1.039468121732533
2025-01-24,KBS:HOSE:SHP,-3.9138380966975084,0.1398370076888106,0.3560482656442355,-1.367307081490507
2025-01-24,KBS:HOSE:SIP,7.446832909631184,0.7293282558674836,-0.39585435163885746,-0.6953520637058975
2025-01-24,KBS:HOSE:SJD,-3.5034625710100467,-0.32611237764286555,0.42264298847083975,-1.2915884395624917
2025-01-24,KBS:HOSE:SJS,21.563056700784244,3.3489531953458918,2.6782817990581456,0.5459895624288501
2025-01-24,KBS:HOSE:SMA,-4.020139182387875,6.290399766612443,1.8729933938942305,-0.0360412974002125
2025-01-24,KBS:HOSE:SMB,-3.728271070768717,0.5595291223733748,-0.5162431912550272,-1.003734758651755
2025-01-24,KBS:HOSE:SMC,-2.311575067012789,-4.729265626776574,-2.0815647222827005,1.5403337925257576
2025-01-24,KBS:HOSE:SPM,-4.026734213624363,1.176431286974892,0.8095392390038404,-0.17767012184964445
2025-01-24,KBS:HOSE:SRC,-4.0592261874988855,-1.2484586356276304,0.2630583484065514,0.8619962415021695
2025-01-24,KBS:HOSE:SRF,-3.9746817599958497,-1.043139521737982,0.10885864603832289,0.36838518682870575
2025-01-24,KBS:HOSE:SSB,16.755785874433307,0.10233573590064134,1.5636011300561075,0.13016152346050233
2025-01-24,KBS:HOSE:SSC,-4.029830716153996,-0.09600122089547718,0.12127602916436518,-0.6296691651395414
2025-01-24,KBS:HOSE:STB,111.91074331441166,0.7420770526846484,0.12239319219102741,0.5311708815672194
2025-01-24,KBS:HOSE:STG,-4.050050592624578,-0.5558936928887691,1.0438897298355985,0.985478627502047
2025-01-24,KBS:HOSE:STK,-3.827791733849127,-1.7866627769168193,-0.19264550149939047,-0.8265103386972863
2025-01-24,KBS:HOSE:SVC,-4.058534176994034,-2.3576411234511667,0.46431887514745784,0.7779308144241308
2025-01-24,KBS:HOSE:SVT,-4.0365653735200455,0.20976916036872958,0.407648237661433,-0.40006032474275116
2025-01-24,KBS:HOSE:SZC,11.597142218573278,0.30489895318687416,-0.1561999512964008,-0.7678425846604088
2025-01-24,KBS:HOSE:SZL,-3.9692248536850565,-0.5495189398657586,-0.18963045189026856,-1.3507706618736486
2025-01-24,KBS:HOSE:TCB,83.80125287378397,0.33802716601331606,-0.019473100880457738,0.18675794169916105
2025-01-24,KBS:HOSE:TCL,-3.5741700773945557,-0.17984577098280288,0.7182855377822351,-1.6918986965298313
2025-01-24,KBS:HOSE:TCM,16.902473994826174,-1.607324587116725,-0.9584065386620116,-0.6208123537337202
2025-01-24,KBS:HOSE:TCO,-2.8217159990800247,2.2191503573858142,-2.896081815698406,-0.18973466644121456
2025-01-24,KBS:HOSE:TCR,-4.055728078488513,-0.21168858938655208,-0.24492611071065343,0.45954330195500415
2025-01-24,KBS:HOSE:TDC,-1.3053158752171408,1.4646167362174503,1.195747705049973,-0.09396197142684772
2025-01-24,KBS:HOSE:TDG,-4.022936765018576,-1.3305782433062685,0.17884477818654623,0.04187974144731124
2025-01-24,KBS:HOSE:TDP,-2.6107064395466533,0.16093383515452162,-0.18442001505148187,-0.9735180966226269
2025-01-24,KBS:HOSE:TDW,-4.048630740250825,0.09954995212245871,-0.2952222869472836,0.40628186390931437
2025-01-24,KBS:HOSE:TEG,-3.5371333986526214,-3.3826126383243404,-0.8006521508763406,0.3884727196441006
2025-01-24,KBS:HOSE:THG,-3.2391635989749585,3.026428162272349,1.0555434632376317,-1.0077348584114332
2025-01-24,KBS:HOSE:TIP,-3.5208586044184877,-1.0185783240449084,0.19082703442954216,-0.7672874877966217
2025-01-24,KBS:HOSE:TIX,-3.994322256229581,1.5516523057631149,0.6484684668477751,0.19990593409191454
2025-01-24,KBS:HOSE:TLG,2.1656793783258763,2.1707998785113176,-1.5714198774824297,-0.5622189945343016
2025-01-24,KBS:HOSE:TLH,-3.806357619826611,-3.4696009075010776,0.2064166611205053,0.7236668446683493
2025-01-24,KBS:HOSE:TMS,-4.023899717976449,-0.8254263236486591,0.2594039472283517,-0.34565812532084256
2025-01-24,KBS:HOSE:TMT,-3.6697302068847923,5.149785676854935,7.332269108688098,2.989576152579001
2025-01-24,KBS:HOSE:TNC,-4.058978803486956,-1.2890152555195,0.3672750386135003,0.6158344653859826
2025-01-24,KBS:HOSE:TNH,0.7524321450536844,0.7760667709598492,1.615966759690516,-0.28750063083798
2025-01-24,KBS:HOSE:TNI,-3.9820627777424766,-0.943498988242968,0.5298943435494466,-1.1809365393040168
2025-01-24,KBS:HOSE:TNT,-3.9635453361222095,-0.3586464255072181,0.4956978317322314,-0.26570562968773936
2025-01-24,KBS:HOSE:TPB,33.81957071786891,-0.3368464668571004,0.047841129388707965,-0.45308634056244684
2025-01-24,KBS:HOSE:TRA,-3.9504751688797217,-0.2627363882366862,0.6223738392616533,-1.431716004553409
2025-01-24,KBS:HOSE:TRC,0.13731621356215223,7.9641350353700355,2.0630587991351788,-0.2897162345444101
2025-01-24,KBS:HOSE:TTE,-3.984026230488302,10.368062360570873,-2.7405131890055205,-0.3240723020869612
2025-01-24,KBS:HOSE:TVB,-3.8750267025681926,-0.7749140414129162,-0.5278347985049634,-0.3182139357788028
2025-01-24,KBS:HOSE:TVS,-3.684587182785882,-2.03825777144465,-0.6250125111562337,-0.2536474720820733
2025-01-24,KBS:HOSE:TVT,-4.009621315792114,-0.07062992974328307,0.3273427797624221,-1.217898298317253
2025-01-24,KBS:HOSE:UIC,-4.011225814174078,0.7624131036037692,0.9506322027337647,-0.4257431010578541
2025-01-24,KBS:HOSE:VCG,34.76257841723484,0.30447827093614915,1.422327995253167,-0.21573081300806687
2025-01-24,KBS:HOSE:VDS,7.883971010486601,-1.2499960795014746,-1.1223131956901589,0.07589413218958026
2025-01-24,KBS:HOSE:VFG,-3.193805049643885,-0.04990019644072163,-1.873478965034544,-0.43278884613430163
2025-01-24,KBS:HOSE:VGC,18.099877033218334,1.0812802290930938,1.5725703843179448,-0.057261963787166054
2025-01-24,KBS:HOSE:VHC,12.087059556932154,-0.7538910268659222,-0.5736938490172319,-0.731259741034781
2025-01-24,KBS:HOSE:VHM,51.72245755432726,-0.9787944083869327,-0.11120702860543198,0.027509699284657848
2025-01-24,KBS:HOSE:VID,-4.024536410630909,-0.07506707296436892,1.3281322214677407,-0.0403417213786508
2025-01-24,KBS:HOSE:VIP,-3.323600895833061,0.31925006501937514,-0.45325302263890843,-0.8125866597861123
2025-01-24,KBS:HOSE:VIX,33.54467267496564,-1.9310238413309555,0.09522027955996219,0.4340977239577044
2025-01-24,KBS:HOSE:VJC,39.61305894907798,-1.1068154698059431,0.34823911854086437,-0.7578793633447617
2025-01-24,KBS:HOSE:VMD,-4.009301946930291,0.07024794965651687,0.42347789725411106,-0.799836524433054
2025-01-24,KBS:HOSE:VND,24.16924707607497,-2.796667551191694,-0.27285676934456987,0.2885060443879555
2025-01-24,KBS:HOSE:VNG,-3.9923639204301664,-0.3517670606592511,-0.20495637961356328,-0.3168556309966683
2025-01-24,KBS:HOSE:VOS,9.451880093271985,-0.7364867410974334,-1.2570247829828491,0.20661402386481698
2025-01-24,KBS:HOSE:VPB,61.72017782202343,-0.9150998335628112,0.07934969592386082,-0.14491104129067187
2025-01-24,KBS:HOSE:VPG,-3.288162839416614,-3.3305549705024804,-0.9733674234627607,-0.4318768325819114
2025-01-24,KBS:HOSE:VPS,-4.048313609912031,-1.5098273957846862,0.12733672302233792,-0.3612025211318194
2025-01-24,KBS:HOSE:VSC,13.703472665484014,-0.27339017005631705,1.3576181248029588,-0.05845752750735549
2025-01-24,KBS:HOSE:VSH,-3.520658735634241,-0.09932756950162895,0.49308861722401376,-1.3254257971082783
2025-01-24,KBS:HOSE:VSI,-3.913685263913555,-0.7170169677790182,-0.6457405548295908,-0.27559960612263246
2025-01-24,KBS:HOSE:VTO,-2.1411886437890835,0.138470621361021,-0.9565483247502331,-0.13708215414969732
2025-01-24,KBS:UPCOM:A32,-4.033291652124745,1.9885334994126564,0.7849506046210198,0.22186014253808004
2025-01-24,KBS:UPCOM:AAS,0.4002538597661678,0.47675089540809995,-0.24763116343482447,0.15179982086684662
2025-01-24,KBS:UPCOM:AAV,-2.618771640700713,1.3237340489796554,-1.370725937302677,0.06599314964014194
2025-01-24,KBS:UPCOM:ABB,-3.229478312243132,-1.4646136065854154,0.014831820371960545,-1.1145845217392192
2025-01-24,KBS:UPCOM:ABC,-3.2894681315287384,2.056585249109755,1.663171212206652,1.2285078662799598
2025-01-24,KBS:UPCOM:ABI,-3.4410639629648836,0.9922637826883653,0.5598987661183533,-0.1485256290335238
2025-01-24,KBS:UPCOM:ACE,-3.97005402072167,0.028582153060699462,0.11055239653022385,-0.5318441742108505
2025-01-24,KBS:UPCOM:ACM,-3.9920190743815924,-0.6208458927775482,-0.25229935256237085,3.116041066157949
2025-01-24,KBS:UPCOM:ACS,-4.0891405703601595,0.2180720535113788,-0.6287723371365048,3.217630078175608
2025-01-24,KBS:UPCOM:ACV,11.819243712365077,0.8713145997418932,-0.8526136597783898,-0.5233708889515349
2025-01-24,KBS:UPCOM:AG1,-4.020802389024121,3.667140249039142,-0.7343631789379321,0.7143810286846277
2025-01-24,KBS:UPCOM:AGF,-4.062739900783508,-1.3819470205176838,-0.7569892190801297,0.7540777358343177
2025-01-24,KBS:UPCOM:AGP,-3.982885907754796,0.40460015603519645,-0.22099739522441744,-1.383346451659703
2025-01-24,KBS:UPCOM:AGX,-4.031000120182023,0.02104242590153056,-1.8360065771774994,0.3265185156608761
2025-01-24,KBS:UPCOM:AIC,-4.016942059042009,-0.8546423367175199,0.13069752922932923,0.6914780832365348
2025-01-24,KBS:UPCOM:ALV,-4.017829166986993,-0.42065364689207485,-0.3931251689004235,0.6938753477640991
2025-01-24,KBS:UPCOM:AMP,-4.042964862629885,1.6477915034129003,1.4131402557804895,1.3810281951363166
2025-01-24,KBS:UPCOM:AMS,-3.8593611404279575,-1.7105643067273173,-0.03841060823029289,-0.07251574665635628
2025-01-24,KBS:UPCOM:APF,-3.852105263993718,-0.5996572193326836,0.6583033834670916,-0.23553772916350496
2025-01-24,KBS:UPCOM:APL,-4.061617825467171,2.6564369138595447,-0.4061016790982422,1.8355423131902702
2025-01-24,KBS:UPCOM:APT,-4.046571680059275,1.5398983555361383,0.3985511151770309,0.8382741865537965
2025-01-24,KBS:UPCOM:ART,-4.021700047868297,-0.36754839575167303,0.6198434527614053,-2.0427638923225757
2025-01-24,KBS:UPCOM:ATA,-4.090459207066019,0.5265527715571462,2.2213278180378984,5.3181870747140385
2025-01-24,KBS:UPCOM:ATG,-4.081818835277796,-2.4091172227555644,0.85583670245705,2.8544954306165304
2025-01-24,KBS:UPCOM:AVC,-4.012413282856547,0.2043620037365982,0.8859449155908069,-1.0695932979954328
2025-01-24,KBS:UPCOM:BAL,-4.0505858260678504,1.727285409774799,0.4421118340811393,1.4215776998377556
2025-01-24,KBS:UPCOM:BBH,-4.110209751308461,-2.133732557844916,-3.3857075458450194,2.43075596041298
2025-01-24,KBS:UPCOM:BBM,-4.104056788470253,-0.29076195585418807,0.11430725878044855,3.42700296834263
2025-01-24,KBS:UPCOM:BBT,-4.067724120748012,2.774476018879047,-1.4822245049761444,1.3746563140049095
2025-01-24,KBS:UPCOM:BCA,-3.9967887474103825,-0.7766594300911732,-1.7489262110477246,1.684616322761111
2025-01-24,KBS:UPCOM:BCB,-4.0170087881028,0.16510826511507737,0.1570082509432954,-1.964814500304495
2025-01-24,KBS:UPCOM:BCP,-4.054512253442188,-1.5359702969018207,-0.42836046908605524,0.3489844493497438
2025-01-24,KBS:UPCOM:BDG,-4.003822899085238,-0.555013112645665,-0.24606246503832846,-1.010722371018101
2025-01-24,KBS:UPCOM:BDT,-3.9914319929049893,-2.1449276171318568,0.8988013670797056,-0.08781125410789131
2025-01-24,KBS:UPCOM:BDW,-3.8549254341654122,0.6512712567984267,-0.7362557927169855,0.3981257010397048
2025-01-24,KBS:UPCOM:BEL,-4.048544833412201,-3.544301823193891,-5.708642746178157,1.614123402912909
2025-01-24,KBS:UPCOM:BGW,-4.04299951154722,-0.3830857798114401,1.1230081878917502,0.5788959137831157
2025-01-24,KBS:UPCOM:BHA,-4.0232157525476655,1.2094413188236106,0.11750957171409815,-0.396114928323927
2025-01-24,KBS:UPCOM:BHC,-4.060125644025548,0.4204760292514836,0.5168402432197714,1.1547553931989538
2025-01-24,KBS:UPCOM:BHG,-4.023871927389361,-0.614148701708502,0.8341190091586785,-2.0788515738124276
2025-01-24,KBS:UPCOM:BHK,-4.0249146038060895,-0.32156063256637707,-0.20816527334877835,-0.6150900452714664
2025-01-24,KBS:UPCOM:BHP,-4.079417020174683,1.1498314206009046,-0.042018411054461774,2.3296436087397874
2025-01-24,KBS:UPCOM:BIG,-3.8096211526028534,-3.475049517635282,-1.4342871733684615,1.0470318444060496
2025-01-24,KBS:UPCOM:BIO,-4.059250873947314,-0.18526721394915327,0.6253458418792842,2.2489249437723973
2025-01-24,KBS:UPCOM:BLF,-4.048382456673836,-2.3007851299118935,-0.35806190256630394,1.2766522150663684
2025-01-24,KBS:UPCOM:BLI,-4.027638399742511,0.0781520728828491,1.2645506420981847,-0.08571214392276753
2025-01-24,KBS:UPCOM:BLN,-3.997826175982695,-0.868376824713442,-0.04216468572959298,-0.9422686290303065
2025-01-24,KBS:UPCOM:BLT,-4.032645049309585,-1.3365558528780757,0.2788979213178507,0.565568486674227
2025-01-24,KBS:UPCOM:BMD,-4.050214304184665,2.5715385429166098,0.2164105848385296,1.2934939991324554
2025-01-24,KBS:UPCOM:BMF,-4.046538534624967,-0.6276332836380943,0.3022185995744392,0.28203179645821513
2025-01-24,KBS:UPCOM:BMG,-4.02555339440383,-0.06492124190808735,0.6552338748967083,-1.8584170935093287
2025-01-24,KBS:UPCOM:BMJ,-4.043074792484733,-1.1011825691102923,-1.2056186190688911,0.799219853084388
2025-01-24,KBS:UPCOM:BMS,-3.2532846533089583,1.9686750184360982,0.41220474110561073,-0.5939352528110576
2025-01-24,KBS:UPCOM:BMV,-4.102879178927137,-4.452504729997555,-1.446299028764581,2.9040916804485803
2025-01-24,KBS:UPCOM:BNW,-4.021692990768316,-0.36674711603164273,0.6191472060265396,-2.042646632422153
2025-01-24,KBS:UPCOM:BQB,-4.0644939960042015,-1.6040340024802953,-0.8727900054359685,2.4143211348617464
2025-01-24,KBS:UPCOM:BRR,-3.9219191542950167,3.6515397828532747,2.8228842663967892,0.9504713258715979
2025-01-24,KBS:UPCOM:BRS,-4.040738435570774,-0.5532159753069196,-0.9540369648059305,0.2800634165133735
2025-01-24,KBS:UPCOM:BSD,-4.036016669710051,5.078151486791098,0.34059707386021687,1.7056952730442647
2025-01-24,KBS:UPCOM:BSG,-3.998578413942319,-0.3858344622493796,0.5487770284253386,-0.8604315295537874
2025-01-24,KBS:UPCOM:BSH,-4.078297159032195,-0.31816419974875393,0.031904599403127364,1.9587058889929925
2025-01-24,KBS:UPCOM:BSL,-4.016232569608671,1.3291438425908124,1.1747048663426956,-0.7531280636377924
2025-01-24,KBS:UPCOM:BSP,-4.041974777372593,-1.1812379207592132,-0.011598398167597383,-0.978260732042871
2025-01-24,KBS:UPCOM:BSQ,-4.042377040933907,0.7891472315918391,0.2077164045903896,0.24542968517700364
2025-01-24,KBS:UPCOM:BTB,-4.103105455950412,-2.1881750140112524,-1.3816661247201993,2.871082685739753
2025-01-24,KBS:UPCOM:BTD,-4.06857123250517,-2.3099766185016257,-1.627238921082765,0.5311972096698674
2025-01-24,KBS:UPCOM:BTG,-4.065844568585538,2.2518993344427662,0.9325062907677221,1.6630201704911598
2025-01-24,KBS:UPCOM:BTN,-4.032223597682397,-0.1286282595042662,0.5427235574439175,-0.2750815468260929
2025-01-24,KBS:UPCOM:BTU,-4.051157921961238,-1.3290106805192883,0.20255255995918806,0.43212569546623486
2025-01-24,KBS:UPCOM:BTV,-4.07784756871746,-0.681641285766686,-1.6634193429008317,2.007085844564926
2025-01-24,KBS:UPCOM:BVG,-4.029502922103736,0.757978262147562,1.3228160085707643,-0.7832340253280031
2025-01-24,KBS:UPCOM:BVL,-4.062979049245003,-0.9017975944304701,0.8199435464944668,1.5248824955391915
2025-01-24,KBS:UPCOM:BVN,-4.08441420738074,1.8687299262430874,0.437394142428453,2.9860746887482668
2025-01-24,KBS:UPCOM:BWA,-4.029605026485628,-0.5810628651721058,-0.07417847767210771,-0.9174460790600167
2025-01-24,KBS:UPCOM:BWS,-3.9045798094750066,0.7768648529821793,0.6560521455184793,-1.0583705324716726
2025-01-24,KBS:UPCOM:C22,-4.052163436048182,0.8438493433793209,0.017802756208010546,0.21287799044236164
2025-01-24,KBS:UPCOM:C4G,-3.122140174027309,-1.6682393650601797,0.49215985156432385,-0.3282943599958773
2025-01-24,KBS:UPCOM:C92,-3.958938257740762,-0.6182760225512445,-2.5964130758028974,1.7269269776873515
2025-01-24,KBS:UPCOM:CAD,-4.091806512795708,0.10010553769820103,0.06656241738922163,3.64065867181561
2025-01-24,KBS:UPCOM:CAT,-4.0026952037833246,0.03531436857899452,0.23216527779852994,-1.1648764908815135
2025-01-24,KBS:UPCOM:CBI,-4.067492682274564,-0.3001755336517918,-2.1037875711187026,1.4674339105460226
2025-01-24,KBS:UPCOM:CBS,-3.8982763529208135,0.30954336838837065,-0.04200793824425347,-0.9926210681151452
2025-01-24,KBS:UPCOM:CC1,-3.9847742999047346,2.0071947404819435,0.6725078865416633,0.054371453600314465
2025-01-24,KBS:UPCOM:CCA,-3.996729071467795,-0.9363266430708871,-0.6986960912798075,2.884887861999885
2025-01-24,KBS:UPCOM:CCM,-4.020544907400531,0.7144483238726766,-0.2323379045952851,-1.229188104911516
2025-01-24,KBS:UPCOM:CCP,-4.016499895561753,1.4342168408935483,-0.5477500673183889,-2.1532686931883
2025-01-24,KBS:UPCOM:CCT,-4.101472305356043,0.12365804383754501,-1.0705513554699708,4.106721209229048
2025-01-24,KBS:UPCOM:CCV,-4.086006220889126,-2.5653203873144497,-0.3973817521014138,2.0144763618230908
2025-01-24,KBS:UPCOM:CDP,-4.0439157155162215,-0.22829506231385582,0.2731191737525982,-0.11380802078819688
2025-01-24,KBS:UPCOM:CDR,-3.9399122552414205,11.271129270477335,6.639128570128456,5.857892381215741
2025-01-24,KBS:UPCOM:CEN,-4.0507263452810545,-2.5902496371394514,0.3888771295851677,0.2353263100758013
2025-01-24,KBS:UPCOM:CFM,-4.049660339762365,1.4803842939146759,0.4949283451955906,1.2073518639577092
2025-01-24,KBS:UPCOM:CFV,-4.085052857947995,-1.8557501584854326,-1.152668101413038,0.8970150546871536
2025-01-24,KBS:UPCOM:CH5,-4.019130868512053,-0.07583773263092865,0.36637067459641104,-2.0000747259119795
2025-01-24,KBS:UPCOM:CHC,-4.045412912890785,1.3175907734726566,-1.690071566677043,0.4891113975864879
2025-01-24,KBS:UPCOM:CHS,-4.0243276701948245,0.8478853868543866,-0.7088323920778562,-0.35753096075775076
2025-01-24,KBS:UPCOM:CI5,-4.12301990809222,-1.398580499789659,-0.49291998446872604,3.6439283813899603
2025-01-24,KBS:UPCOM:CID,-4.0738198598035575,6.885586545271988,1.195081987947392,7.155740156058607
2025-01-24,KBS:UPCOM:CKA,-3.9641762304281936,-0.45978901133010686,0.4124190916788427,0.42743190178426405
2025-01-24,KBS:UPCOM:CKD,-4.030501355503216,-0.5893969374961014,0.6803603078030908,-0.5944980120768035
2025-01-24,KBS:UPCOM:CLX,-2.5611915160709695,0.42390734266315994,-0.004646079707934307,-0.9875908870413507
2025-01-24,KBS:UPCOM:CMD,-3.995205777342074,1.1384806733678443,-0.35066612101840033,-0.9607466298353392
2025-01-24,KBS:UPCOM:CMF,-3.9903764086596643,0.9212010905309086,-0.44208000023157795,-0.18876100253522995
2025-01-24,KBS:UPCOM:CMI,-4.0594200800220825,-1.3035955919989393,-0.3452166369188854,-0.08618143482873439
2025-01-24,KBS:UPCOM:CMK,-4.021700047868297,-0.36754839575167303,0.6198434527614053,-2.0427638923225757
2025-01-24,KBS:UPCOM:CMN,-4.022547862139848,-0.7404376528724105,0.7896634137847669,-1.79356336442907
2025-01-24,KBS:UPCOM:CMT,-3.916380974051682,0.7985227433866192,0.48048629233191226,0.5573485924235819
2025-01-24,KBS:UPCOM:CMW,-4.074352407639898,-0.345417418369414,-1.0252154332887071,1.2531891681538136
2025-01-24,KBS:UPCOM:CNC,-3.981037089514797,2.252800501392323,0.8846785909870536,-0.7008822780279
2025-01-24,KBS:UPCOM:CNN,-4.027082702230572,3.2853558276556156,0.3763636205293928,0.7481558003291501
2025-01-24,KBS:UPCOM:CNT,-4.019115285337006,-2.332607588490205,0.6196644892083923,0.80131015592698
2025-01-24,KBS:UPCOM:CPA,-4.071915480446714,-0.7948914708725386,-0.5105529430280377,1.1548332085834647
2025-01-24,KBS:UPCOM:CPI,-4.031182698218461,1.6541055234307362,-0.8056199176734223,-0.10383973266379737
2025-01-24,KBS:UPCOM:CQN,-3.97403295101727,0.8424883449977569,-0.40435675496173135,1.0769251060332852
2025-01-24,KBS:UPCOM:CQT,-4.061821939986665,-1.0375712946315125,-0.49364125307990164,1.0746179702299434
2025-01-24,KBS:UPCOM:CT3,-4.0665092624819374,0.4083736665078801,-1.1197788405766815,1.1073022077309524
2025-01-24,KBS:UPCOM:CTW,-4.022814054168988,2.414483178022437,0.31280555073753374,-0.12016144598330365
2025-01-24,KBS:UPCOM:CVN,-4.037683490366815,-1.3040075679964076,1.1944964185862745,-1.5497892649404277
2025-01-24,KBS:UPCOM:DAS,-4.060375449780968,-2.9421054270203304,1.3943200310723862,0.6310362689078329
2025-01-24,KBS:UPCOM:DBM,-4.040148101022685,3.439996845337537,3.1428905588465015,0.7619393282056519
2025-01-24,KBS:UPCOM:DC1,-4.049039715619446,4.626476656699751,0.9047077661600009,1.471503869396563
2025-01-24,KBS:UPCOM:DCF,-4.090613523708183,-3.8625860343054854,-3.9472491107219816,2.833092285724667
2025-01-24,KBS:UPCOM:DCH,-4.0335146150489285,-0.8199349152514133,0.6929436888176647,-1.2335053208966833
2025-01-24,KBS:UPCOM:DCR,-4.098636512424042,-3.08716759573104,-2.022437313067516,2.382708592602012
2025-01-24,KBS:UPCOM:DCS,-4.0212060691234734,2.3577184358498267,-0.7073511839456837,1.600355903752826
2025-01-24,KBS:UPCOM:DCT,-4.084286981749596,-1.3479931760869872,0.36292424469124185,2.539195979999123
2025-01-24,KBS:UPCOM:DDG,-3.7324926456297787,-2.1532325820481484,0.5152256920222793,0.6143279031275768
2025-01-24,KBS:UPCOM:DDH,-4.110164449670512,-6.308253396838611,-5.228461182213743,2.1753698859679043
2025-01-24,KBS:UPCOM:DDM,-4.078366298718562,3.88756453364342,2.8559712832278255,3.8066139826395085
2025-01-24,KBS:UPCOM:DDN,-4.031133094899247,-0.7393398915822247,0.47111103460806847,-1.0567325891425052
2025-01-24,KBS:UPCOM:DDV,2.0328143181262552,0.18356056980556415,-1.6722023092760885,-0.5242055218349568
2025-01-24,KBS:UPCOM:DFC,-4.050849518893946,0.2688337210752368,-0.30220933483421797,0.35570749616249825
2025-01-24,KBS:UPCOM:DGT,-3.1409839624978346,-2.3482177390464964,-0.909973809339722,0.8916906091826209
2025-01-24,KBS:UPCOM:DHB,-4.017416857784788,-1.519175464880014,-1.4086563199474045,-0.18980130188278088
2025-01-24,KBS:UPCOM:DHD,-4.026837967291882,3.138395783679906,0.3485976027391051,0.7407412440446066
2025-01-24,KBS:UPCOM:DHN,-4.00363467866174,4.95715478524536,-0.7236319401495401,-1.3385123693676038
2025-01-24,KBS:UPCOM:DIC,-4.070039709504605,-1.9097417747570178,-0.3893682866309531,1.0837064221005697
2025-01-24,KBS:UPCOM:DID,-4.027589094759621,-0.30232368692060635,0.11397774534163459,-0.27677083224918253
2025-01-24,KBS:UPCOM:DKC,-4.005227654120675,4.575773953319542,-1.4102167956130485,-1.0841744913540088
2025-01-24,KBS:UPCOM:DLR,-4.017657327309689,5.8676907620443055,-0.060944310238122225,-0.8871779639065593
2025-01-24,KBS:UPCOM:DLT,-4.028150467123705,-1.0999441601146496,1.2562356474221723,-2.1499432608407756
2025-01-24,KBS:UPCOM:DM7,-4.003156138196166,1.6722825613611312,0.44733953899981166,0.2752344969818412
2025-01-24,KBS:UPCOM:DNA,-3.7982566898458012,0.9449508490499203,0.5815910915842701,1.8296020559265143
2025-01-24,KBS:UPCOM:DTC,-4.040364618610808,0.7480796411593349,1.0235458872200869,0.9833498569996644
2025-01-24,KBS:UPCOM:PCG,-4.095217454709201,-6.096297447874759,-3.0057251214344625,2.5239677578355293
