snapshot,security_id,ticker,raw_cluster_id,size_class
2023-11-30,KBS:HOSE:AAM,AAM,1,large
2023-11-30,KBS:HOSE:ABS,ABS,1,large
2023-11-30,KBS:HOSE:ABT,ABT,1,large
2023-11-30,KBS:HOSE:ACC,ACC,1,large
2023-11-30,KBS:HOSE:ACL,ACL,1,large
2023-11-30,KBS:HOSE:AGG,AGG,1,large
2023-11-30,KBS:HOSE:AGR,AGR,1,large
2023-11-30,KBS:HOSE:APG,APG,1,large
2023-11-30,KBS:HOSE:APH,APH,1,large
2023-11-30,KBS:HOSE:ASG,ASG,1,large
2023-11-30,KBS:HOSE:ASP,ASP,1,large
2023-11-30,KBS:HOSE:AST,AST,1,large
2023-11-30,KBS:HOSE:BCM,BCM,1,large
2023-11-30,KBS:HOSE:BHN,BHN,1,large
2023-11-30,KBS:HOSE:BTP,BTP,1,large
2023-11-30,KBS:HOSE:BVH,BVH,1,large
2023-11-30,KBS:HOSE:C32,C32,1,large
2023-11-30,KBS:HOSE:CDC,CDC,1,large
2023-11-30,KBS:HOSE:CII,CII,0,small
2023-11-30,KBS:HOSE:CKG,CKG,1,large
2023-11-30,KBS:HOSE:CLC,CLC,1,large
2023-11-30,KBS:HOSE:CMV,CMV,1,large
2023-11-30,KBS:HOSE:CMX,CMX,1,large
2023-11-30,KBS:HOSE:CNG,CNG,1,large
2023-11-30,KBS:HOSE:CRC,CRC,1,large
2023-11-30,KBS:HOSE:CRE,CRE,1,large
2023-11-30,KBS:HOSE:CSM,CSM,1,large
2023-11-30,KBS:HOSE:CSV,CSV,1,large
2023-11-30,KBS:HOSE:CTD,CTD,0,small
2023-11-30,KBS:HOSE:CTF,CTF,1,large
2023-11-30,KBS:HOSE:CTI,CTI,1,large
2023-11-30,KBS:HOSE:CTR,CTR,1,large
2023-11-30,KBS:HOSE:D2D,D2D,1,large
2023-11-30,KBS:HOSE:DAH,DAH,1,large
2023-11-30,KBS:HOSE:DBD,DBD,1,large
2023-11-30,KBS:HOSE:DCL,DCL,1,large
2023-11-30,KBS:HOSE:DHC,DHC,1,large
2023-11-30,KBS:HOSE:DMC,DMC,1,large
2023-11-30,KBS:HOSE:DQC,DQC,1,large
2023-11-30,KBS:HOSE:DRC,DRC,1,large
2023-11-30,KBS:HOSE:DSN,DSN,1,large
2023-11-30,KBS:HOSE:DTL,DTL,1,large
2023-11-30,KBS:HOSE:DTT,DTT,1,large
2023-11-30,KBS:HOSE:DVP,DVP,1,large
2023-11-30,KBS:HOSE:ELC,ELC,1,large
2023-11-30,KBS:HOSE:EVE,EVE,1,large
2023-11-30,KBS:HOSE:EVG,EVG,1,large
2023-11-30,KBS:HOSE:FCM,FCM,1,large
2023-11-30,KBS:HOSE:FCN,FCN,1,large
2023-11-30,KBS:HOSE:FIR,FIR,1,large
2023-11-30,KBS:HOSE:FIT,FIT,1,large
2023-11-30,KBS:HOSE:FPT,FPT,0,small
2023-11-30,KBS:HOSE:GDT,GDT,1,large
2023-11-30,KBS:HOSE:GEG,GEG,1,large
2023-11-30,KBS:HOSE:GMD,GMD,1,large
2023-11-30,KBS:HOSE:HAP,HAP,1,large
2023-11-30,KBS:HOSE:HHP,HHP,1,large
2023-11-30,KBS:HOSE:HHV,HHV,0,small
2023-11-30,KBS:HOSE:HMC,HMC,1,large
2023-11-30,KBS:HOSE:HRC,HRC,1,large
2023-11-30,KBS:HOSE:HSL,HSL,1,large
2023-11-30,KBS:HOSE:HTI,HTI,1,large
2023-11-30,KBS:HOSE:HTN,HTN,1,large
2023-11-30,KBS:HOSE:HTV,HTV,1,large
2023-11-30,KBS:HOSE:HUB,HUB,1,large
2023-11-30,KBS:HOSE:ICT,ICT,1,large
2023-11-30,KBS:HOSE:ILB,ILB,1,large
2023-11-30,KBS:HOSE:ITD,ITD,1,large
2023-11-30,KBS:HOSE:KDC,KDC,1,large
2023-11-30,KBS:HOSE:KDH,KDH,1,large
2023-11-30,KBS:HOSE:KHP,KHP,1,large
2023-11-30,KBS:HOSE:KOS,KOS,1,large
2023-11-30,KBS:HOSE:KSB,KSB,1,large
2023-11-30,KBS:HOSE:LBM,LBM,1,large
2023-11-30,KBS:HOSE:LCG,LCG,1,large
2023-11-30,KBS:HOSE:LHG,LHG,1,large
2023-11-30,KBS:HOSE:LIX,LIX,1,large
2023-11-30,KBS:HOSE:MBB,MBB,0,small
2023-11-30,KBS:HOSE:MCP,MCP,1,large
2023-11-30,KBS:HOSE:MHC,MHC,1,large
2023-11-30,KBS:HOSE:MIG,MIG,1,large
2023-11-30,KBS:HOSE:MSH,MSH,1,large
2023-11-30,KBS:HOSE:NBB,NBB,1,large
2023-11-30,KBS:HOSE:NCT,NCT,1,large
2023-11-30,KBS:HOSE:NNC,NNC,1,large
2023-11-30,KBS:HOSE:PAC,PAC,1,large
2023-11-30,KBS:HOSE:PGC,PGC,1,large
2023-11-30,KBS:HOSE:PGD,PGD,1,large
2023-11-30,KBS:HOSE:PHR,PHR,1,large
2023-11-30,KBS:HOSE:PJT,PJT,1,large
2023-11-30,KBS:HOSE:PLP,PLP,1,large
2023-11-30,KBS:HOSE:PLX,PLX,1,large
2023-11-30,KBS:HOSE:PNJ,PNJ,1,large
2023-11-30,KBS:HOSE:PTB,PTB,1,large
2023-11-30,KBS:HOSE:PVT,PVT,0,small
2023-11-30,KBS:HOSE:RAL,RAL,1,large
2023-11-30,KBS:HOSE:S4A,S4A,1,large
2023-11-30,KBS:HOSE:SAB,SAB,1,large
2023-11-30,KBS:HOSE:SAM,SAM,1,large
2023-11-30,KBS:HOSE:SAV,SAV,1,large
2023-11-30,KBS:HOSE:SBA,SBA,1,large
2023-11-30,KBS:HOSE:SBV,SBV,1,large
2023-11-30,KBS:HOSE:SC5,SC5,1,large
2023-11-30,KBS:HOSE:SCS,SCS,1,large
2023-11-30,KBS:HOSE:SGR,SGR,1,large
2023-11-30,KBS:HOSE:SGT,SGT,1,large
2023-11-30,KBS:HOSE:SHA,SHA,1,large
2023-11-30,KBS:HOSE:SHI,SHI,1,large
2023-11-30,KBS:HOSE:SHP,SHP,1,large
2023-11-30,KBS:HOSE:SJD,SJD,1,large
2023-11-30,KBS:HOSE:SJS,SJS,1,large
2023-11-30,KBS:HOSE:SMB,SMB,1,large
2023-11-30,KBS:HOSE:SPM,SPM,1,large
2023-11-30,KBS:HOSE:SRC,SRC,1,large
2023-11-30,KBS:HOSE:SRF,SRF,1,large
2023-11-30,KBS:HOSE:STG,STG,1,large
2023-11-30,KBS:HOSE:SVT,SVT,1,large
2023-11-30,KBS:HOSE:TCL,TCL,1,large
2023-11-30,KBS:HOSE:TCO,TCO,1,large
2023-11-30,KBS:HOSE:TDG,TDG,1,large
2023-11-30,KBS:HOSE:TDP,TDP,1,large
2023-11-30,KBS:HOSE:TIP,TIP,1,large
2023-11-30,KBS:HOSE:TLG,TLG,1,large
2023-11-30,KBS:HOSE:TMS,TMS,1,large
2023-11-30,KBS:HOSE:TN1,TN1,1,large
2023-11-30,KBS:HOSE:TNI,TNI,1,large
2023-11-30,KBS:HOSE:TRA,TRA,1,large
2023-11-30,KBS:HOSE:TV2,TV2,1,large
2023-11-30,KBS:HOSE:UIC,UIC,1,large
2023-11-30,KBS:HOSE:VCA,VCA,1,large
2023-11-30,KBS:HOSE:VFG,VFG,1,large
2023-11-30,KBS:HOSE:VHC,VHC,1,large
2023-11-30,KBS:HOSE:VHM,VHM,0,small
2023-11-30,KBS:HOSE:VJC,VJC,0,small
2023-11-30,KBS:HOSE:VMD,VMD,1,large
2023-11-30,KBS:HOSE:VNG,VNG,1,large
2023-11-30,KBS:HOSE:VPB,VPB,0,small
2023-11-30,KBS:HOSE:VPS,VPS,1,large
2023-11-30,KBS:HOSE:VSC,VSC,1,large
2023-11-30,KBS:HOSE:VSI,VSI,1,large
2023-11-30,KBS:UPCOM:APC,APC,1,large
2023-11-30,KBS:UPCOM:GMC,GMC,1,large
2023-12-29,KBS:HOSE:AAM,AAM,0,large
2023-12-29,KBS:HOSE:ABS,ABS,0,large
2023-12-29,KBS:HOSE:ABT,ABT,0,large
2023-12-29,KBS:HOSE:ACC,ACC,0,large
2023-12-29,KBS:HOSE:ACL,ACL,0,large
2023-12-29,KBS:HOSE:ADS,ADS,0,large
2023-12-29,KBS:HOSE:AGG,AGG,0,large
2023-12-29,KBS:HOSE:AGR,AGR,0,large
2023-12-29,KBS:HOSE:ANV,ANV,0,large
2023-12-29,KBS:HOSE:APG,APG,0,large
2023-12-29,KBS:HOSE:APH,APH,0,large
2023-12-29,KBS:HOSE:ASG,ASG,0,large
2023-12-29,KBS:HOSE:ASM,ASM,0,large
2023-12-29,KBS:HOSE:ASP,ASP,0,large
2023-12-29,KBS:HOSE:AST,AST,0,large
2023-12-29,KBS:HOSE:BCM,BCM,0,large
2023-12-29,KBS:HOSE:BHN,BHN,0,large
2023-12-29,KBS:HOSE:BMI,BMI,0,large
2023-12-29,KBS:HOSE:BTP,BTP,0,large
2023-12-29,KBS:HOSE:BVH,BVH,0,large
2023-12-29,KBS:HOSE:C32,C32,0,large
2023-12-29,KBS:HOSE:CCL,CCL,0,large
2023-12-29,KBS:HOSE:CDC,CDC,0,large
2023-12-29,KBS:HOSE:CIG,CIG,0,large
2023-12-29,KBS:HOSE:CII,CII,0,large
2023-12-29,KBS:HOSE:CKG,CKG,0,large
2023-12-29,KBS:HOSE:CLC,CLC,0,large
2023-12-29,KBS:HOSE:CMV,CMV,0,large
2023-12-29,KBS:HOSE:CMX,CMX,0,large
2023-12-29,KBS:HOSE:CNG,CNG,0,large
2023-12-29,KBS:HOSE:CRC,CRC,0,large
2023-12-29,KBS:HOSE:CRE,CRE,0,large
2023-12-29,KBS:HOSE:CSM,CSM,0,large
2023-12-29,KBS:HOSE:CSV,CSV,0,large
2023-12-29,KBS:HOSE:CTD,CTD,0,large
2023-12-29,KBS:HOSE:CTF,CTF,0,large
2023-12-29,KBS:HOSE:CTI,CTI,0,large
2023-12-29,KBS:HOSE:CTR,CTR,0,large
2023-12-29,KBS:HOSE:CTS,CTS,0,large
2023-12-29,KBS:HOSE:CVT,CVT,0,large
2023-12-29,KBS:HOSE:D2D,D2D,0,large
2023-12-29,KBS:HOSE:DAH,DAH,0,large
2023-12-29,KBS:HOSE:DBC,DBC,1,small
2023-12-29,KBS:HOSE:DBD,DBD,0,large
2023-12-29,KBS:HOSE:DCL,DCL,0,large
2023-12-29,KBS:HOSE:DCM,DCM,0,large
2023-12-29,KBS:HOSE:DGC,DGC,1,small
2023-12-29,KBS:HOSE:DGW,DGW,0,large
2023-12-29,KBS:HOSE:DHA,DHA,0,large
2023-12-29,KBS:HOSE:DHC,DHC,0,large
2023-12-29,KBS:HOSE:DLG,DLG,0,large
2023-12-29,KBS:HOSE:DMC,DMC,0,large
2023-12-29,KBS:HOSE:DPG,DPG,0,large
2023-12-29,KBS:HOSE:DQC,DQC,0,large
2023-12-29,KBS:HOSE:DRC,DRC,0,large
2023-12-29,KBS:HOSE:DSN,DSN,0,large
2023-12-29,KBS:HOSE:DTL,DTL,0,large
2023-12-29,KBS:HOSE:DTT,DTT,0,large
2023-12-29,KBS:HOSE:DVP,DVP,0,large
2023-12-29,KBS:HOSE:DXV,DXV,0,large
2023-12-29,KBS:HOSE:EVE,EVE,0,large
2023-12-29,KBS:HOSE:EVG,EVG,0,large
2023-12-29,KBS:HOSE:FCM,FCM,0,large
2023-12-29,KBS:HOSE:FCN,FCN,0,large
2023-12-29,KBS:HOSE:FIR,FIR,0,large
2023-12-29,KBS:HOSE:FIT,FIT,0,large
2023-12-29,KBS:HOSE:FMC,FMC,0,large
2023-12-29,KBS:HOSE:FPT,FPT,1,small
2023-12-29,KBS:HOSE:FTS,FTS,0,large
2023-12-29,KBS:HOSE:GDT,GDT,0,large
2023-12-29,KBS:HOSE:GEG,GEG,0,large
2023-12-29,KBS:HOSE:GIL,GIL,0,large
2023-12-29,KBS:HOSE:GMD,GMD,0,large
2023-12-29,KBS:HOSE:HAG,HAG,1,small
2023-12-29,KBS:HOSE:HAP,HAP,0,large
2023-12-29,KBS:HOSE:HAR,HAR,0,large
2023-12-29,KBS:HOSE:HCM,HCM,1,small
2023-12-29,KBS:HOSE:HHP,HHP,0,large
2023-12-29,KBS:HOSE:HHV,HHV,0,large
2023-12-29,KBS:HOSE:HID,HID,0,large
2023-12-29,KBS:HOSE:HII,HII,0,large
2023-12-29,KBS:HOSE:HMC,HMC,0,large
2023-12-29,KBS:HOSE:HRC,HRC,0,large
2023-12-29,KBS:HOSE:HSG,HSG,1,small
2023-12-29,KBS:HOSE:HSL,HSL,0,large
2023-12-29,KBS:HOSE:HTI,HTI,0,large
2023-12-29,KBS:HOSE:HTN,HTN,0,large
2023-12-29,KBS:HOSE:HTV,HTV,0,large
2023-12-29,KBS:HOSE:HUB,HUB,0,large
2023-12-29,KBS:HOSE:HVN,HVN,0,large
2023-12-29,KBS:HOSE:ICT,ICT,0,large
2023-12-29,KBS:HOSE:ILB,ILB,0,large
2023-12-29,KBS:HOSE:ITC,ITC,0,large
2023-12-29,KBS:HOSE:ITD,ITD,0,large
2023-12-29,KBS:HOSE:KDC,KDC,0,large
2023-12-29,KBS:HOSE:KDH,KDH,0,large
2023-12-29,KBS:HOSE:KHP,KHP,0,large
2023-12-29,KBS:HOSE:KOS,KOS,0,large
2023-12-29,KBS:HOSE:KSB,KSB,0,large
2023-12-29,KBS:HOSE:LBM,LBM,0,large
2023-12-29,KBS:HOSE:LCG,LCG,0,large
2023-12-29,KBS:HOSE:LHG,LHG,0,large
2023-12-29,KBS:HOSE:LIX,LIX,0,large
2023-12-29,KBS:HOSE:LM8,LM8,0,large
2023-12-29,KBS:HOSE:LPB,LPB,0,large
2023-12-29,KBS:HOSE:MBB,MBB,1,small
2023-12-29,KBS:HOSE:MCP,MCP,0,large
2023-12-29,KBS:HOSE:MHC,MHC,0,large
2023-12-29,KBS:HOSE:MIG,MIG,0,large
2023-12-29,KBS:HOSE:MSB,MSB,0,large
2023-12-29,KBS:HOSE:MSH,MSH,0,large
2023-12-29,KBS:HOSE:MWG,MWG,1,small
2023-12-29,KBS:HOSE:NAF,NAF,0,large
2023-12-29,KBS:HOSE:NBB,NBB,0,large
2023-12-29,KBS:HOSE:NCT,NCT,0,large
2023-12-29,KBS:HOSE:NKG,NKG,1,small
2023-12-29,KBS:HOSE:NNC,NNC,0,large
2023-12-29,KBS:HOSE:NVL,NVL,1,small
2023-12-29,KBS:HOSE:OGC,OGC,0,large
2023-12-29,KBS:HOSE:OPC,OPC,0,large
2023-12-29,KBS:HOSE:ORS,ORS,0,large
2023-12-29,KBS:HOSE:PAC,PAC,0,large
2023-12-29,KBS:HOSE:PAN,PAN,0,large
2023-12-29,KBS:HOSE:PDR,PDR,1,small
2023-12-29,KBS:HOSE:PGC,PGC,0,large
2023-12-29,KBS:HOSE:PGD,PGD,0,large
2023-12-29,KBS:HOSE:PGV,PGV,0,large
2023-12-29,KBS:HOSE:PHR,PHR,0,large
2023-12-29,KBS:HOSE:PJT,PJT,0,large
2023-12-29,KBS:HOSE:PLP,PLP,0,large
2023-12-29,KBS:HOSE:PLX,PLX,0,large
2023-12-29,KBS:HOSE:PNJ,PNJ,0,large
2023-12-29,KBS:HOSE:PTB,PTB,0,large
2023-12-29,KBS:HOSE:PVT,PVT,0,large
2023-12-29,KBS:HOSE:RAL,RAL,0,large
2023-12-29,KBS:HOSE:S4A,S4A,0,large
2023-12-29,KBS:HOSE:SAB,SAB,0,large
2023-12-29,KBS:HOSE:SAM,SAM,0,large
2023-12-29,KBS:HOSE:SAV,SAV,0,large
2023-12-29,KBS:HOSE:SBA,SBA,0,large
2023-12-29,KBS:HOSE:SBV,SBV,0,large
2023-12-29,KBS:HOSE:SC5,SC5,0,large
2023-12-29,KBS:HOSE:SCR,SCR,0,large
2023-12-29,KBS:HOSE:SCS,SCS,0,large
2023-12-29,KBS:HOSE:SGR,SGR,0,large
2023-12-29,KBS:HOSE:SGT,SGT,0,large
2023-12-29,KBS:HOSE:SHA,SHA,0,large
2023-12-29,KBS:HOSE:SHI,SHI,0,large
2023-12-29,KBS:HOSE:SHP,SHP,0,large
2023-12-29,KBS:HOSE:SJD,SJD,0,large
2023-12-29,KBS:HOSE:SJS,SJS,0,large
2023-12-29,KBS:HOSE:SMB,SMB,0,large
2023-12-29,KBS:HOSE:SPM,SPM,0,large
2023-12-29,KBS:HOSE:SRC,SRC,0,large
2023-12-29,KBS:HOSE:SRF,SRF,0,large
2023-12-29,KBS:HOSE:STB,STB,1,small
2023-12-29,KBS:HOSE:STG,STG,0,large
2023-12-29,KBS:HOSE:SVT,SVT,0,large
2023-12-29,KBS:HOSE:TCB,TCB,1,small
2023-12-29,KBS:HOSE:TCL,TCL,0,large
2023-12-29,KBS:HOSE:TCM,TCM,0,large
2023-12-29,KBS:HOSE:TCO,TCO,0,large
2023-12-29,KBS:HOSE:TCR,TCR,0,large
2023-12-29,KBS:HOSE:TDG,TDG,0,large
2023-12-29,KBS:HOSE:TDP,TDP,0,large
2023-12-29,KBS:HOSE:TIP,TIP,0,large
2023-12-29,KBS:HOSE:TLG,TLG,0,large
2023-12-29,KBS:HOSE:TLH,TLH,0,large
2023-12-29,KBS:HOSE:TMS,TMS,0,large
2023-12-29,KBS:HOSE:TN1,TN1,0,large
2023-12-29,KBS:HOSE:TNI,TNI,0,large
2023-12-29,KBS:HOSE:TNT,TNT,0,large
2023-12-29,KBS:HOSE:TRA,TRA,0,large
2023-12-29,KBS:HOSE:TRC,TRC,0,large
2023-12-29,KBS:HOSE:TV2,TV2,0,large
2023-12-29,KBS:HOSE:TVB,TVB,0,large
2023-12-29,KBS:HOSE:UIC,UIC,0,large
2023-12-29,KBS:HOSE:VCA,VCA,0,large
2023-12-29,KBS:HOSE:VDS,VDS,0,large
2023-12-29,KBS:HOSE:VFG,VFG,0,large
2023-12-29,KBS:HOSE:VGC,VGC,0,large
2023-12-29,KBS:HOSE:VHC,VHC,0,large
2023-12-29,KBS:HOSE:VHM,VHM,1,small
2023-12-29,KBS:HOSE:VJC,VJC,0,large
2023-12-29,KBS:HOSE:VND,VND,1,small
2023-12-29,KBS:HOSE:VNG,VNG,0,large
2023-12-29,KBS:HOSE:VPB,VPB,1,small
2023-12-29,KBS:HOSE:VPS,VPS,0,large
2023-12-29,KBS:HOSE:VSC,VSC,0,large
2023-12-29,KBS:HOSE:VSI,VSI,0,large
2023-12-29,KBS:UPCOM:APC,APC,0,large
2023-12-29,KBS:UPCOM:GMC,GMC,0,large
2023-12-29,KBS:UPCOM:HBC,HBC,0,large
2023-12-29,KBS:UPCOM:HNG,HNG,0,large
2023-12-29,KBS:UPCOM:POM,POM,0,large
2024-01-31,KBS:HOSE:AAM,AAM,0,large
2024-01-31,KBS:HOSE:ABS,ABS,0,large
2024-01-31,KBS:HOSE:ABT,ABT,0,large
2024-01-31,KBS:HOSE:ACC,ACC,0,large
2024-01-31,KBS:HOSE:ACL,ACL,0,large
2024-01-31,KBS:HOSE:ADS,ADS,0,large
2024-01-31,KBS:HOSE:AGG,AGG,0,large
2024-01-31,KBS:HOSE:AGR,AGR,0,large
2024-01-31,KBS:HOSE:ANV,ANV,0,large
2024-01-31,KBS:HOSE:APG,APG,0,large
2024-01-31,KBS:HOSE:APH,APH,0,large
2024-01-31,KBS:HOSE:ASM,ASM,0,large
2024-01-31,KBS:HOSE:ASP,ASP,0,large
2024-01-31,KBS:HOSE:AST,AST,0,large
2024-01-31,KBS:HOSE:BCM,BCM,0,large
2024-01-31,KBS:HOSE:BHN,BHN,0,large
2024-01-31,KBS:HOSE:BKG,BKG,0,large
2024-01-31,KBS:HOSE:BMI,BMI,0,large
2024-01-31,KBS:HOSE:BTP,BTP,0,large
2024-01-31,KBS:HOSE:BVH,BVH,0,large
2024-01-31,KBS:HOSE:C32,C32,0,large
2024-01-31,KBS:HOSE:CCL,CCL,0,large
2024-01-31,KBS:HOSE:CDC,CDC,0,large
2024-01-31,KBS:HOSE:CIG,CIG,0,large
2024-01-31,KBS:HOSE:CII,CII,1,small
2024-01-31,KBS:HOSE:CKG,CKG,0,large
2024-01-31,KBS:HOSE:CLC,CLC,0,large
2024-01-31,KBS:HOSE:CMV,CMV,0,large
2024-01-31,KBS:HOSE:CMX,CMX,0,large
2024-01-31,KBS:HOSE:CNG,CNG,0,large
2024-01-31,KBS:HOSE:CRC,CRC,0,large
2024-01-31,KBS:HOSE:CRE,CRE,0,large
2024-01-31,KBS:HOSE:CSM,CSM,0,large
2024-01-31,KBS:HOSE:CSV,CSV,0,large
2024-01-31,KBS:HOSE:CTD,CTD,0,large
2024-01-31,KBS:HOSE:CTF,CTF,0,large
2024-01-31,KBS:HOSE:CTI,CTI,0,large
2024-01-31,KBS:HOSE:CTR,CTR,0,large
2024-01-31,KBS:HOSE:CTS,CTS,0,large
2024-01-31,KBS:HOSE:CVT,CVT,0,large
2024-01-31,KBS:HOSE:D2D,D2D,0,large
2024-01-31,KBS:HOSE:DAH,DAH,0,large
2024-01-31,KBS:HOSE:DBC,DBC,1,small
2024-01-31,KBS:HOSE:DBD,DBD,0,large
2024-01-31,KBS:HOSE:DCL,DCL,0,large
2024-01-31,KBS:HOSE:DCM,DCM,0,large
2024-01-31,KBS:HOSE:DGC,DGC,1,small
2024-01-31,KBS:HOSE:DGW,DGW,0,large
2024-01-31,KBS:HOSE:DHA,DHA,0,large
2024-01-31,KBS:HOSE:DHC,DHC,0,large
2024-01-31,KBS:HOSE:DLG,DLG,0,large
2024-01-31,KBS:HOSE:DMC,DMC,0,large
2024-01-31,KBS:HOSE:DPG,DPG,0,large
2024-01-31,KBS:HOSE:DQC,DQC,0,large
2024-01-31,KBS:HOSE:DRC,DRC,0,large
2024-01-31,KBS:HOSE:DSN,DSN,0,large
2024-01-31,KBS:HOSE:DTL,DTL,0,large
2024-01-31,KBS:HOSE:DTT,DTT,0,large
2024-01-31,KBS:HOSE:DVP,DVP,0,large
2024-01-31,KBS:HOSE:DXV,DXV,0,large
2024-01-31,KBS:HOSE:EVE,EVE,0,large
2024-01-31,KBS:HOSE:EVG,EVG,0,large
2024-01-31,KBS:HOSE:FCM,FCM,0,large
2024-01-31,KBS:HOSE:FCN,FCN,0,large
2024-01-31,KBS:HOSE:FIR,FIR,0,large
2024-01-31,KBS:HOSE:FIT,FIT,0,large
2024-01-31,KBS:HOSE:FMC,FMC,0,large
2024-01-31,KBS:HOSE:FPT,FPT,1,small
2024-01-31,KBS:HOSE:FTS,FTS,0,large
2024-01-31,KBS:HOSE:GDT,GDT,0,large
2024-01-31,KBS:HOSE:GEG,GEG,0,large
2024-01-31,KBS:HOSE:GIL,GIL,0,large
2024-01-31,KBS:HOSE:GMD,GMD,0,large
2024-01-31,KBS:HOSE:HAG,HAG,1,small
2024-01-31,KBS:HOSE:HAP,HAP,0,large
2024-01-31,KBS:HOSE:HAR,HAR,0,large
2024-01-31,KBS:HOSE:HCM,HCM,1,small
2024-01-31,KBS:HOSE:HHP,HHP,0,large
2024-01-31,KBS:HOSE:HHV,HHV,0,large
2024-01-31,KBS:HOSE:HID,HID,0,large
2024-01-31,KBS:HOSE:HII,HII,0,large
2024-01-31,KBS:HOSE:HMC,HMC,0,large
2024-01-31,KBS:HOSE:HRC,HRC,0,large
2024-01-31,KBS:HOSE:HSG,HSG,1,small
2024-01-31,KBS:HOSE:HSL,HSL,0,large
2024-01-31,KBS:HOSE:HTI,HTI,0,large
2024-01-31,KBS:HOSE:HTN,HTN,0,large
2024-01-31,KBS:HOSE:HTV,HTV,0,large
2024-01-31,KBS:HOSE:HUB,HUB,0,large
2024-01-31,KBS:HOSE:HVN,HVN,0,large
2024-01-31,KBS:HOSE:ICT,ICT,0,large
2024-01-31,KBS:HOSE:ILB,ILB,0,large
2024-01-31,KBS:HOSE:ITC,ITC,0,large
2024-01-31,KBS:HOSE:ITD,ITD,0,large
2024-01-31,KBS:HOSE:KDC,KDC,0,large
2024-01-31,KBS:HOSE:KDH,KDH,0,large
2024-01-31,KBS:HOSE:KHP,KHP,0,large
2024-01-31,KBS:HOSE:KOS,KOS,0,large
2024-01-31,KBS:HOSE:KSB,KSB,0,large
2024-01-31,KBS:HOSE:LBM,LBM,0,large
2024-01-31,KBS:HOSE:LCG,LCG,0,large
2024-01-31,KBS:HOSE:LHG,LHG,0,large
2024-01-31,KBS:HOSE:LIX,LIX,0,large
2024-01-31,KBS:HOSE:LM8,LM8,0,large
2024-01-31,KBS:HOSE:LPB,LPB,0,large
2024-01-31,KBS:HOSE:MBB,MBB,1,small
2024-01-31,KBS:HOSE:MCP,MCP,0,large
2024-01-31,KBS:HOSE:MHC,MHC,0,large
2024-01-31,KBS:HOSE:MIG,MIG,0,large
2024-01-31,KBS:HOSE:MSB,MSB,0,large
2024-01-31,KBS:HOSE:MSH,MSH,0,large
2024-01-31,KBS:HOSE:MWG,MWG,1,small
2024-01-31,KBS:HOSE:NAF,NAF,0,large
2024-01-31,KBS:HOSE:NBB,NBB,0,large
2024-01-31,KBS:HOSE:NCT,NCT,0,large
2024-01-31,KBS:HOSE:NKG,NKG,1,small
2024-01-31,KBS:HOSE:NNC,NNC,0,large
2024-01-31,KBS:HOSE:NVL,NVL,1,small
2024-01-31,KBS:HOSE:NVT,NVT,0,large
2024-01-31,KBS:HOSE:OCB,OCB,0,large
2024-01-31,KBS:HOSE:OGC,OGC,0,large
2024-01-31,KBS:HOSE:OPC,OPC,0,large
2024-01-31,KBS:HOSE:PAC,PAC,0,large
2024-01-31,KBS:HOSE:PAN,PAN,0,large
2024-01-31,KBS:HOSE:PDR,PDR,1,small
2024-01-31,KBS:HOSE:PGC,PGC,0,large
2024-01-31,KBS:HOSE:PGD,PGD,0,large
2024-01-31,KBS:HOSE:PGV,PGV,0,large
2024-01-31,KBS:HOSE:PHR,PHR,0,large
2024-01-31,KBS:HOSE:PJT,PJT,0,large
2024-01-31,KBS:HOSE:PLP,PLP,0,large
2024-01-31,KBS:HOSE:PLX,PLX,0,large
2024-01-31,KBS:HOSE:PNJ,PNJ,0,large
2024-01-31,KBS:HOSE:PTB,PTB,0,large
2024-01-31,KBS:HOSE:PVP,PVP,0,large
2024-01-31,KBS:HOSE:PVT,PVT,0,large
2024-01-31,KBS:HOSE:RAL,RAL,0,large
2024-01-31,KBS:HOSE:S4A,S4A,0,large
2024-01-31,KBS:HOSE:SAB,SAB,0,large
2024-01-31,KBS:HOSE:SAM,SAM,0,large
2024-01-31,KBS:HOSE:SAV,SAV,0,large
2024-01-31,KBS:HOSE:SBA,SBA,0,large
2024-01-31,KBS:HOSE:SBV,SBV,0,large
2024-01-31,KBS:HOSE:SC5,SC5,0,large
2024-01-31,KBS:HOSE:SCR,SCR,0,large
2024-01-31,KBS:HOSE:SCS,SCS,0,large
2024-01-31,KBS:HOSE:SGR,SGR,0,large
2024-01-31,KBS:HOSE:SGT,SGT,0,large
2024-01-31,KBS:HOSE:SHA,SHA,0,large
2024-01-31,KBS:HOSE:SHI,SHI,0,large
2024-01-31,KBS:HOSE:SHP,SHP,0,large
2024-01-31,KBS:HOSE:SJD,SJD,0,large
2024-01-31,KBS:HOSE:SJS,SJS,0,large
2024-01-31,KBS:HOSE:SMB,SMB,0,large
2024-01-31,KBS:HOSE:SPM,SPM,0,large
2024-01-31,KBS:HOSE:SRC,SRC,0,large
2024-01-31,KBS:HOSE:SRF,SRF,0,large
2024-01-31,KBS:HOSE:STB,STB,1,small
2024-01-31,KBS:HOSE:STG,STG,0,large
2024-01-31,KBS:HOSE:SVT,SVT,0,large
2024-01-31,KBS:HOSE:TCB,TCB,1,small
2024-01-31,KBS:HOSE:TCL,TCL,0,large
2024-01-31,KBS:HOSE:TCM,TCM,0,large
2024-01-31,KBS:HOSE:TCO,TCO,0,large
2024-01-31,KBS:HOSE:TCR,TCR,0,large
2024-01-31,KBS:HOSE:TDG,TDG,0,large
2024-01-31,KBS:HOSE:TDP,TDP,0,large
2024-01-31,KBS:HOSE:TIP,TIP,0,large
2024-01-31,KBS:HOSE:TLG,TLG,0,large
2024-01-31,KBS:HOSE:TLH,TLH,0,large
2024-01-31,KBS:HOSE:TMS,TMS,0,large
2024-01-31,KBS:HOSE:TN1,TN1,0,large
2024-01-31,KBS:HOSE:TNC,TNC,0,large
2024-01-31,KBS:HOSE:TNI,TNI,0,large
2024-01-31,KBS:HOSE:TNT,TNT,0,large
2024-01-31,KBS:HOSE:TRA,TRA,0,large
2024-01-31,KBS:HOSE:TRC,TRC,0,large
2024-01-31,KBS:HOSE:TV2,TV2,0,large
2024-01-31,KBS:HOSE:TVB,TVB,0,large
2024-01-31,KBS:HOSE:UIC,UIC,0,large
2024-01-31,KBS:HOSE:VCA,VCA,0,large
2024-01-31,KBS:HOSE:VDS,VDS,0,large
2024-01-31,KBS:HOSE:VFG,VFG,0,large
2024-01-31,KBS:HOSE:VGC,VGC,0,large
2024-01-31,KBS:HOSE:VHM,VHM,1,small
2024-01-31,KBS:HOSE:VJC,VJC,0,large
2024-01-31,KBS:HOSE:VND,VND,1,small
2024-01-31,KBS:HOSE:VNG,VNG,0,large
2024-01-31,KBS:HOSE:VPB,VPB,1,small
2024-01-31,KBS:HOSE:VPS,VPS,0,large
2024-01-31,KBS:HOSE:VSI,VSI,0,large
2024-01-31,KBS:UPCOM:APC,APC,0,large
2024-01-31,KBS:UPCOM:GMC,GMC,0,large
2024-01-31,KBS:UPCOM:HBC,HBC,0,large
2024-01-31,KBS:UPCOM:HNG,HNG,0,large
2024-01-31,KBS:UPCOM:POM,POM,0,large
2024-02-29,KBS:HOSE:AAM,AAM,0,large
2024-02-29,KBS:HOSE:ABS,ABS,0,large
2024-02-29,KBS:HOSE:ABT,ABT,0,large
2024-02-29,KBS:HOSE:ACC,ACC,0,large
2024-02-29,KBS:HOSE:ACL,ACL,0,large
2024-02-29,KBS:HOSE:ADS,ADS,0,large
2024-02-29,KBS:HOSE:AGG,AGG,0,large
2024-02-29,KBS:HOSE:AGR,AGR,0,large
2024-02-29,KBS:HOSE:ANV,ANV,0,large
2024-02-29,KBS:HOSE:APG,APG,0,large
2024-02-29,KBS:HOSE:APH,APH,0,large
2024-02-29,KBS:HOSE:ASM,ASM,0,large
2024-02-29,KBS:HOSE:ASP,ASP,0,large
2024-02-29,KBS:HOSE:AST,AST,0,large
2024-02-29,KBS:HOSE:BCM,BCM,0,large
2024-02-29,KBS:HOSE:BHN,BHN,0,large
2024-02-29,KBS:HOSE:BKG,BKG,0,large
2024-02-29,KBS:HOSE:BMI,BMI,0,large
2024-02-29,KBS:HOSE:BTP,BTP,0,large
2024-02-29,KBS:HOSE:BVH,BVH,0,large
2024-02-29,KBS:HOSE:C32,C32,0,large
2024-02-29,KBS:HOSE:CCL,CCL,0,large
2024-02-29,KBS:HOSE:CDC,CDC,0,large
2024-02-29,KBS:HOSE:CIG,CIG,0,large
2024-02-29,KBS:HOSE:CII,CII,1,small
2024-02-29,KBS:HOSE:CKG,CKG,0,large
2024-02-29,KBS:HOSE:CLC,CLC,0,large
2024-02-29,KBS:HOSE:CMV,CMV,0,large
2024-02-29,KBS:HOSE:CMX,CMX,0,large
2024-02-29,KBS:HOSE:CNG,CNG,0,large
2024-02-29,KBS:HOSE:CRC,CRC,0,large
2024-02-29,KBS:HOSE:CRE,CRE,0,large
2024-02-29,KBS:HOSE:CSM,CSM,0,large
2024-02-29,KBS:HOSE:CSV,CSV,0,large
2024-02-29,KBS:HOSE:CTD,CTD,0,large
2024-02-29,KBS:HOSE:CTF,CTF,0,large
2024-02-29,KBS:HOSE:CTI,CTI,0,large
2024-02-29,KBS:HOSE:CTR,CTR,0,large
2024-02-29,KBS:HOSE:CTS,CTS,0,large
2024-02-29,KBS:HOSE:CVT,CVT,0,large
2024-02-29,KBS:HOSE:D2D,D2D,0,large
2024-02-29,KBS:HOSE:DAH,DAH,0,large
2024-02-29,KBS:HOSE:DBC,DBC,1,small
2024-02-29,KBS:HOSE:DBD,DBD,0,large
2024-02-29,KBS:HOSE:DCL,DCL,0,large
2024-02-29,KBS:HOSE:DCM,DCM,0,large
2024-02-29,KBS:HOSE:DGC,DGC,1,small
2024-02-29,KBS:HOSE:DGW,DGW,0,large
2024-02-29,KBS:HOSE:DHA,DHA,0,large
2024-02-29,KBS:HOSE:DHC,DHC,0,large
2024-02-29,KBS:HOSE:DLG,DLG,0,large
2024-02-29,KBS:HOSE:DMC,DMC,0,large
2024-02-29,KBS:HOSE:DPG,DPG,0,large
2024-02-29,KBS:HOSE:DQC,DQC,0,large
2024-02-29,KBS:HOSE:DRC,DRC,0,large
2024-02-29,KBS:HOSE:DSN,DSN,0,large
2024-02-29,KBS:HOSE:DTL,DTL,0,large
2024-02-29,KBS:HOSE:DTT,DTT,0,large
2024-02-29,KBS:HOSE:DVP,DVP,0,large
2024-02-29,KBS:HOSE:DXV,DXV,0,large
2024-02-29,KBS:HOSE:EVE,EVE,0,large
2024-02-29,KBS:HOSE:EVG,EVG,0,large
2024-02-29,KBS:HOSE:FCM,FCM,0,large
2024-02-29,KBS:HOSE:FCN,FCN,0,large
2024-02-29,KBS:HOSE:FIR,FIR,0,large
2024-02-29,KBS:HOSE:FIT,FIT,0,large
2024-02-29,KBS:HOSE:FMC,FMC,0,large
2024-02-29,KBS:HOSE:FPT,FPT,1,small
2024-02-29,KBS:HOSE:FTS,FTS,0,large
2024-02-29,KBS:HOSE:GDT,GDT,0,large
2024-02-29,KBS:HOSE:GEG,GEG,0,large
2024-02-29,KBS:HOSE:GIL,GIL,0,large
2024-02-29,KBS:HOSE:GMD,GMD,0,large
2024-02-29,KBS:HOSE:HAG,HAG,0,large
2024-02-29,KBS:HOSE:HAP,HAP,0,large
2024-02-29,KBS:HOSE:HAR,HAR,0,large
2024-02-29,KBS:HOSE:HCM,HCM,1,small
2024-02-29,KBS:HOSE:HHP,HHP,0,large
2024-02-29,KBS:HOSE:HHV,HHV,0,large
2024-02-29,KBS:HOSE:HID,HID,0,large
2024-02-29,KBS:HOSE:HII,HII,0,large
2024-02-29,KBS:HOSE:HMC,HMC,0,large
2024-02-29,KBS:HOSE:HRC,HRC,0,large
2024-02-29,KBS:HOSE:HSG,HSG,1,small
2024-02-29,KBS:HOSE:HSL,HSL,0,large
2024-02-29,KBS:HOSE:HTI,HTI,0,large
2024-02-29,KBS:HOSE:HTN,HTN,0,large
2024-02-29,KBS:HOSE:HTV,HTV,0,large
2024-02-29,KBS:HOSE:HUB,HUB,0,large
2024-02-29,KBS:HOSE:HVN,HVN,0,large
2024-02-29,KBS:HOSE:ICT,ICT,0,large
2024-02-29,KBS:HOSE:ILB,ILB,0,large
2024-02-29,KBS:HOSE:ITC,ITC,0,large
2024-02-29,KBS:HOSE:ITD,ITD,0,large
2024-02-29,KBS:HOSE:KDC,KDC,0,large
2024-02-29,KBS:HOSE:KDH,KDH,0,large
2024-02-29,KBS:HOSE:KHP,KHP,0,large
2024-02-29,KBS:HOSE:KOS,KOS,0,large
2024-02-29,KBS:HOSE:KSB,KSB,0,large
2024-02-29,KBS:HOSE:LBM,LBM,0,large
2024-02-29,KBS:HOSE:LCG,LCG,0,large
2024-02-29,KBS:HOSE:LHG,LHG,0,large
2024-02-29,KBS:HOSE:LIX,LIX,0,large
2024-02-29,KBS:HOSE:LM8,LM8,0,large
2024-02-29,KBS:HOSE:LPB,LPB,0,large
2024-02-29,KBS:HOSE:MBB,MBB,1,small
2024-02-29,KBS:HOSE:MCP,MCP,0,large
2024-02-29,KBS:HOSE:MHC,MHC,0,large
2024-02-29,KBS:HOSE:MIG,MIG,0,large
2024-02-29,KBS:HOSE:MSB,MSB,1,small
2024-02-29,KBS:HOSE:MSH,MSH,0,large
2024-02-29,KBS:HOSE:MWG,MWG,1,small
2024-02-29,KBS:HOSE:NAF,NAF,0,large
2024-02-29,KBS:HOSE:NBB,NBB,0,large
2024-02-29,KBS:HOSE:NCT,NCT,0,large
2024-02-29,KBS:HOSE:NKG,NKG,1,small
2024-02-29,KBS:HOSE:NNC,NNC,0,large
2024-02-29,KBS:HOSE:NVL,NVL,1,small
2024-02-29,KBS:HOSE:NVT,NVT,0,large
2024-02-29,KBS:HOSE:OCB,OCB,0,large
2024-02-29,KBS:HOSE:OGC,OGC,0,large
2024-02-29,KBS:HOSE:OPC,OPC,0,large
2024-02-29,KBS:HOSE:PAC,PAC,0,large
2024-02-29,KBS:HOSE:PAN,PAN,0,large
2024-02-29,KBS:HOSE:PDR,PDR,1,small
2024-02-29,KBS:HOSE:PGC,PGC,0,large
2024-02-29,KBS:HOSE:PGD,PGD,0,large
2024-02-29,KBS:HOSE:PGV,PGV,0,large
2024-02-29,KBS:HOSE:PHR,PHR,0,large
2024-02-29,KBS:HOSE:PJT,PJT,0,large
2024-02-29,KBS:HOSE:PLP,PLP,0,large
2024-02-29,KBS:HOSE:PLX,PLX,0,large
2024-02-29,KBS:HOSE:PNJ,PNJ,0,large
2024-02-29,KBS:HOSE:PTB,PTB,0,large
2024-02-29,KBS:HOSE:PVP,PVP,0,large
2024-02-29,KBS:HOSE:PVT,PVT,0,large
2024-02-29,KBS:HOSE:RAL,RAL,0,large
2024-02-29,KBS:HOSE:S4A,S4A,0,large
2024-02-29,KBS:HOSE:SAB,SAB,0,large
2024-02-29,KBS:HOSE:SAM,SAM,0,large
2024-02-29,KBS:HOSE:SAV,SAV,0,large
2024-02-29,KBS:HOSE:SBA,SBA,0,large
2024-02-29,KBS:HOSE:SBV,SBV,0,large
2024-02-29,KBS:HOSE:SC5,SC5,0,large
2024-02-29,KBS:HOSE:SCR,SCR,0,large
2024-02-29,KBS:HOSE:SCS,SCS,0,large
2024-02-29,KBS:HOSE:SGR,SGR,0,large
2024-02-29,KBS:HOSE:SGT,SGT,0,large
2024-02-29,KBS:HOSE:SHA,SHA,0,large
2024-02-29,KBS:HOSE:SHI,SHI,0,large
2024-02-29,KBS:HOSE:SHP,SHP,0,large
2024-02-29,KBS:HOSE:SJD,SJD,0,large
2024-02-29,KBS:HOSE:SJS,SJS,0,large
2024-02-29,KBS:HOSE:SMB,SMB,0,large
2024-02-29,KBS:HOSE:SPM,SPM,0,large
2024-02-29,KBS:HOSE:SRC,SRC,0,large
2024-02-29,KBS:HOSE:SRF,SRF,0,large
2024-02-29,KBS:HOSE:STB,STB,1,small
2024-02-29,KBS:HOSE:STG,STG,0,large
2024-02-29,KBS:HOSE:SVT,SVT,0,large
2024-02-29,KBS:HOSE:TCB,TCB,1,small
2024-02-29,KBS:HOSE:TCL,TCL,0,large
2024-02-29,KBS:HOSE:TCM,TCM,0,large
2024-02-29,KBS:HOSE:TCO,TCO,0,large
2024-02-29,KBS:HOSE:TCR,TCR,0,large
2024-02-29,KBS:HOSE:TDG,TDG,0,large
2024-02-29,KBS:HOSE:TDP,TDP,0,large
2024-02-29,KBS:HOSE:TIP,TIP,0,large
2024-02-29,KBS:HOSE:TLG,TLG,0,large
2024-02-29,KBS:HOSE:TLH,TLH,0,large
2024-02-29,KBS:HOSE:TMS,TMS,0,large
2024-02-29,KBS:HOSE:TN1,TN1,0,large
2024-02-29,KBS:HOSE:TNC,TNC,0,large
2024-02-29,KBS:HOSE:TNI,TNI,0,large
2024-02-29,KBS:HOSE:TNT,TNT,0,large
2024-02-29,KBS:HOSE:TRA,TRA,0,large
2024-02-29,KBS:HOSE:TRC,TRC,0,large
2024-02-29,KBS:HOSE:TV2,TV2,0,large
2024-02-29,KBS:HOSE:TVB,TVB,0,large
2024-02-29,KBS:HOSE:UIC,UIC,0,large
2024-02-29,KBS:HOSE:VCA,VCA,0,large
2024-02-29,KBS:HOSE:VDS,VDS,0,large
2024-02-29,KBS:HOSE:VFG,VFG,0,large
2024-02-29,KBS:HOSE:VGC,VGC,0,large
2024-02-29,KBS:HOSE:VHM,VHM,1,small
2024-02-29,KBS:HOSE:VJC,VJC,0,large
2024-02-29,KBS:HOSE:VND,VND,1,small
2024-02-29,KBS:HOSE:VNG,VNG,0,large
2024-02-29,KBS:HOSE:VPB,VPB,1,small
2024-02-29,KBS:HOSE:VPS,VPS,0,large
2024-02-29,KBS:HOSE:VSI,VSI,0,large
2024-02-29,KBS:UPCOM:APC,APC,0,large
2024-02-29,KBS:UPCOM:GMC,GMC,0,large
2024-02-29,KBS:UPCOM:HBC,HBC,0,large
2024-02-29,KBS:UPCOM:HNG,HNG,0,large
2024-02-29,KBS:UPCOM:POM,POM,0,large
2024-03-29,KBS:HOSE:AAM,AAM,0,large
2024-03-29,KBS:HOSE:ABS,ABS,0,large
2024-03-29,KBS:HOSE:ABT,ABT,0,large
2024-03-29,KBS:HOSE:ACC,ACC,0,large
2024-03-29,KBS:HOSE:ACL,ACL,0,large
2024-03-29,KBS:HOSE:ADS,ADS,0,large
2024-03-29,KBS:HOSE:AGG,AGG,0,large
2024-03-29,KBS:HOSE:AGR,AGR,0,large
2024-03-29,KBS:HOSE:ANV,ANV,0,large
2024-03-29,KBS:HOSE:APG,APG,0,large
2024-03-29,KBS:HOSE:APH,APH,0,large
2024-03-29,KBS:HOSE:ASM,ASM,0,large
2024-03-29,KBS:HOSE:ASP,ASP,0,large
2024-03-29,KBS:HOSE:AST,AST,0,large
2024-03-29,KBS:HOSE:BCM,BCM,0,large
2024-03-29,KBS:HOSE:BHN,BHN,0,large
2024-03-29,KBS:HOSE:BKG,BKG,0,large
2024-03-29,KBS:HOSE:BMI,BMI,0,large
2024-03-29,KBS:HOSE:BTP,BTP,0,large
2024-03-29,KBS:HOSE:BVH,BVH,0,large
2024-03-29,KBS:HOSE:C32,C32,0,large
2024-03-29,KBS:HOSE:CCL,CCL,0,large
2024-03-29,KBS:HOSE:CDC,CDC,0,large
2024-03-29,KBS:HOSE:CIG,CIG,0,large
2024-03-29,KBS:HOSE:CII,CII,0,large
2024-03-29,KBS:HOSE:CKG,CKG,0,large
2024-03-29,KBS:HOSE:CLC,CLC,0,large
2024-03-29,KBS:HOSE:CMV,CMV,0,large
2024-03-29,KBS:HOSE:CMX,CMX,0,large
2024-03-29,KBS:HOSE:CNG,CNG,0,large
2024-03-29,KBS:HOSE:CRC,CRC,0,large
2024-03-29,KBS:HOSE:CRE,CRE,0,large
2024-03-29,KBS:HOSE:CSM,CSM,0,large
2024-03-29,KBS:HOSE:CSV,CSV,0,large
2024-03-29,KBS:HOSE:CTD,CTD,0,large
2024-03-29,KBS:HOSE:CTF,CTF,0,large
2024-03-29,KBS:HOSE:CTI,CTI,0,large
2024-03-29,KBS:HOSE:CTR,CTR,0,large
2024-03-29,KBS:HOSE:CTS,CTS,0,large
2024-03-29,KBS:HOSE:CVT,CVT,0,large
2024-03-29,KBS:HOSE:D2D,D2D,0,large
2024-03-29,KBS:HOSE:DAH,DAH,0,large
2024-03-29,KBS:HOSE:DBC,DBC,1,small
2024-03-29,KBS:HOSE:DBD,DBD,0,large
2024-03-29,KBS:HOSE:DCL,DCL,0,large
2024-03-29,KBS:HOSE:DCM,DCM,0,large
2024-03-29,KBS:HOSE:DGC,DGC,1,small
2024-03-29,KBS:HOSE:DGW,DGW,0,large
2024-03-29,KBS:HOSE:DHA,DHA,0,large
2024-03-29,KBS:HOSE:DHC,DHC,0,large
2024-03-29,KBS:HOSE:DLG,DLG,0,large
2024-03-29,KBS:HOSE:DMC,DMC,0,large
2024-03-29,KBS:HOSE:DPG,DPG,0,large
2024-03-29,KBS:HOSE:DQC,DQC,0,large
2024-03-29,KBS:HOSE:DRC,DRC,0,large
2024-03-29,KBS:HOSE:DSN,DSN,0,large
2024-03-29,KBS:HOSE:DTL,DTL,0,large
2024-03-29,KBS:HOSE:DTT,DTT,0,large
2024-03-29,KBS:HOSE:DVP,DVP,0,large
2024-03-29,KBS:HOSE:DXV,DXV,0,large
2024-03-29,KBS:HOSE:EVE,EVE,0,large
2024-03-29,KBS:HOSE:EVG,EVG,0,large
2024-03-29,KBS:HOSE:FCM,FCM,0,large
2024-03-29,KBS:HOSE:FCN,FCN,0,large
2024-03-29,KBS:HOSE:FIR,FIR,0,large
2024-03-29,KBS:HOSE:FIT,FIT,0,large
2024-03-29,KBS:HOSE:FMC,FMC,0,large
2024-03-29,KBS:HOSE:FPT,FPT,1,small
2024-03-29,KBS:HOSE:FTS,FTS,0,large
2024-03-29,KBS:HOSE:GDT,GDT,0,large
2024-03-29,KBS:HOSE:GEG,GEG,0,large
2024-03-29,KBS:HOSE:GIL,GIL,0,large
2024-03-29,KBS:HOSE:GMD,GMD,0,large
2024-03-29,KBS:HOSE:HAG,HAG,0,large
2024-03-29,KBS:HOSE:HAP,HAP,0,large
2024-03-29,KBS:HOSE:HAR,HAR,0,large
2024-03-29,KBS:HOSE:HCM,HCM,1,small
2024-03-29,KBS:HOSE:HHP,HHP,0,large
2024-03-29,KBS:HOSE:HHV,HHV,0,large
2024-03-29,KBS:HOSE:HID,HID,0,large
2024-03-29,KBS:HOSE:HII,HII,0,large
2024-03-29,KBS:HOSE:HMC,HMC,0,large
2024-03-29,KBS:HOSE:HRC,HRC,0,large
2024-03-29,KBS:HOSE:HSG,HSG,1,small
2024-03-29,KBS:HOSE:HSL,HSL,0,large
2024-03-29,KBS:HOSE:HTI,HTI,0,large
2024-03-29,KBS:HOSE:HTN,HTN,0,large
2024-03-29,KBS:HOSE:HTV,HTV,0,large
2024-03-29,KBS:HOSE:HUB,HUB,0,large
2024-03-29,KBS:HOSE:HVN,HVN,0,large
2024-03-29,KBS:HOSE:ICT,ICT,0,large
2024-03-29,KBS:HOSE:ILB,ILB,0,large
2024-03-29,KBS:HOSE:ITC,ITC,0,large
2024-03-29,KBS:HOSE:ITD,ITD,0,large
2024-03-29,KBS:HOSE:KDC,KDC,0,large
2024-03-29,KBS:HOSE:KDH,KDH,0,large
2024-03-29,KBS:HOSE:KHP,KHP,0,large
2024-03-29,KBS:HOSE:KOS,KOS,0,large
2024-03-29,KBS:HOSE:KSB,KSB,0,large
2024-03-29,KBS:HOSE:LBM,LBM,0,large
2024-03-29,KBS:HOSE:LCG,LCG,0,large
2024-03-29,KBS:HOSE:LHG,LHG,0,large
2024-03-29,KBS:HOSE:LIX,LIX,0,large
2024-03-29,KBS:HOSE:LM8,LM8,0,large
2024-03-29,KBS:HOSE:LPB,LPB,0,large
2024-03-29,KBS:HOSE:MBB,MBB,1,small
2024-03-29,KBS:HOSE:MCP,MCP,0,large
2024-03-29,KBS:HOSE:MHC,MHC,0,large
2024-03-29,KBS:HOSE:MIG,MIG,0,large
2024-03-29,KBS:HOSE:MSB,MSB,0,large
2024-03-29,KBS:HOSE:MSH,MSH,0,large
2024-03-29,KBS:HOSE:MWG,MWG,1,small
2024-03-29,KBS:HOSE:NAF,NAF,0,large
2024-03-29,KBS:HOSE:NBB,NBB,0,large
2024-03-29,KBS:HOSE:NCT,NCT,0,large
2024-03-29,KBS:HOSE:NKG,NKG,1,small
2024-03-29,KBS:HOSE:NNC,NNC,0,large
2024-03-29,KBS:HOSE:NVL,NVL,1,small
2024-03-29,KBS:HOSE:NVT,NVT,0,large
2024-03-29,KBS:HOSE:OCB,OCB,0,large
2024-03-29,KBS:HOSE:OGC,OGC,0,large
2024-03-29,KBS:HOSE:OPC,OPC,0,large
2024-03-29,KBS:HOSE:PAC,PAC,0,large
2024-03-29,KBS:HOSE:PAN,PAN,0,large
2024-03-29,KBS:HOSE:PDR,PDR,1,small
2024-03-29,KBS:HOSE:PGC,PGC,0,large
2024-03-29,KBS:HOSE:PGD,PGD,0,large
2024-03-29,KBS:HOSE:PGV,PGV,0,large
2024-03-29,KBS:HOSE:PHR,PHR,0,large
2024-03-29,KBS:HOSE:PJT,PJT,0,large
2024-03-29,KBS:HOSE:PLP,PLP,0,large
2024-03-29,KBS:HOSE:PLX,PLX,0,large
2024-03-29,KBS:HOSE:PNJ,PNJ,0,large
2024-03-29,KBS:HOSE:PTB,PTB,0,large
2024-03-29,KBS:HOSE:PVP,PVP,0,large
2024-03-29,KBS:HOSE:PVT,PVT,0,large
2024-03-29,KBS:HOSE:RAL,RAL,0,large
2024-03-29,KBS:HOSE:S4A,S4A,0,large
2024-03-29,KBS:HOSE:SAB,SAB,0,large
2024-03-29,KBS:HOSE:SAM,SAM,0,large
2024-03-29,KBS:HOSE:SAV,SAV,0,large
2024-03-29,KBS:HOSE:SBA,SBA,0,large
2024-03-29,KBS:HOSE:SBV,SBV,0,large
2024-03-29,KBS:HOSE:SC5,SC5,0,large
2024-03-29,KBS:HOSE:SCR,SCR,0,large
2024-03-29,KBS:HOSE:SCS,SCS,0,large
2024-03-29,KBS:HOSE:SGR,SGR,0,large
2024-03-29,KBS:HOSE:SGT,SGT,0,large
2024-03-29,KBS:HOSE:SHA,SHA,0,large
2024-03-29,KBS:HOSE:SHI,SHI,0,large
2024-03-29,KBS:HOSE:SHP,SHP,0,large
2024-03-29,KBS:HOSE:SJD,SJD,0,large
2024-03-29,KBS:HOSE:SJS,SJS,0,large
2024-03-29,KBS:HOSE:SMB,SMB,0,large
2024-03-29,KBS:HOSE:SPM,SPM,0,large
2024-03-29,KBS:HOSE:SRC,SRC,0,large
2024-03-29,KBS:HOSE:SRF,SRF,0,large
2024-03-29,KBS:HOSE:SSB,SSB,0,large
2024-03-29,KBS:HOSE:STB,STB,1,small
2024-03-29,KBS:HOSE:STG,STG,0,large
2024-03-29,KBS:HOSE:SVT,SVT,0,large
2024-03-29,KBS:HOSE:TCB,TCB,1,small
2024-03-29,KBS:HOSE:TCL,TCL,0,large
2024-03-29,KBS:HOSE:TCM,TCM,0,large
2024-03-29,KBS:HOSE:TCO,TCO,0,large
2024-03-29,KBS:HOSE:TCR,TCR,0,large
2024-03-29,KBS:HOSE:TDG,TDG,0,large
2024-03-29,KBS:HOSE:TDP,TDP,0,large
2024-03-29,KBS:HOSE:TIP,TIP,0,large
2024-03-29,KBS:HOSE:TLG,TLG,0,large
2024-03-29,KBS:HOSE:TLH,TLH,0,large
2024-03-29,KBS:HOSE:TMS,TMS,0,large
2024-03-29,KBS:HOSE:TN1,TN1,0,large
2024-03-29,KBS:HOSE:TNC,TNC,0,large
2024-03-29,KBS:HOSE:TNI,TNI,0,large
2024-03-29,KBS:HOSE:TNT,TNT,0,large
2024-03-29,KBS:HOSE:TRA,TRA,0,large
2024-03-29,KBS:HOSE:TRC,TRC,0,large
2024-03-29,KBS:HOSE:TV2,TV2,0,large
2024-03-29,KBS:HOSE:TVB,TVB,0,large
2024-03-29,KBS:HOSE:UIC,UIC,0,large
2024-03-29,KBS:HOSE:VCA,VCA,0,large
2024-03-29,KBS:HOSE:VDS,VDS,0,large
2024-03-29,KBS:HOSE:VFG,VFG,0,large
2024-03-29,KBS:HOSE:VGC,VGC,0,large
2024-03-29,KBS:HOSE:VHM,VHM,1,small
2024-03-29,KBS:HOSE:VJC,VJC,0,large
2024-03-29,KBS:HOSE:VND,VND,1,small
2024-03-29,KBS:HOSE:VNG,VNG,0,large
2024-03-29,KBS:HOSE:VPB,VPB,1,small
2024-03-29,KBS:HOSE:VPS,VPS,0,large
2024-03-29,KBS:HOSE:VSI,VSI,0,large
2024-03-29,KBS:UPCOM:APC,APC,0,large
2024-03-29,KBS:UPCOM:GMC,GMC,0,large
2024-03-29,KBS:UPCOM:HBC,HBC,0,large
2024-03-29,KBS:UPCOM:HNG,HNG,0,large
2024-03-29,KBS:UPCOM:POM,POM,0,large
2024-04-26,KBS:HOSE:AAM,AAM,0,large
2024-04-26,KBS:HOSE:ABS,ABS,0,large
2024-04-26,KBS:HOSE:ABT,ABT,0,large
2024-04-26,KBS:HOSE:ACC,ACC,0,large
2024-04-26,KBS:HOSE:ACL,ACL,0,large
2024-04-26,KBS:HOSE:ADS,ADS,0,large
2024-04-26,KBS:HOSE:AGG,AGG,0,large
2024-04-26,KBS:HOSE:AGR,AGR,0,large
2024-04-26,KBS:HOSE:ANV,ANV,0,large
2024-04-26,KBS:HOSE:APG,APG,0,large
2024-04-26,KBS:HOSE:APH,APH,0,large
2024-04-26,KBS:HOSE:ASM,ASM,0,large
2024-04-26,KBS:HOSE:ASP,ASP,0,large
2024-04-26,KBS:HOSE:AST,AST,0,large
2024-04-26,KBS:HOSE:BCM,BCM,0,large
2024-04-26,KBS:HOSE:BHN,BHN,0,large
2024-04-26,KBS:HOSE:BKG,BKG,0,large
2024-04-26,KBS:HOSE:BMI,BMI,0,large
2024-04-26,KBS:HOSE:BTP,BTP,0,large
2024-04-26,KBS:HOSE:BVH,BVH,0,large
2024-04-26,KBS:HOSE:C32,C32,0,large
2024-04-26,KBS:HOSE:CCI,CCI,0,large
2024-04-26,KBS:HOSE:CCL,CCL,0,large
2024-04-26,KBS:HOSE:CDC,CDC,0,large
2024-04-26,KBS:HOSE:CIG,CIG,0,large
2024-04-26,KBS:HOSE:CII,CII,0,large
2024-04-26,KBS:HOSE:CKG,CKG,0,large
2024-04-26,KBS:HOSE:CLC,CLC,0,large
2024-04-26,KBS:HOSE:CMV,CMV,0,large
2024-04-26,KBS:HOSE:CMX,CMX,0,large
2024-04-26,KBS:HOSE:CNG,CNG,0,large
2024-04-26,KBS:HOSE:CRC,CRC,0,large
2024-04-26,KBS:HOSE:CRE,CRE,0,large
2024-04-26,KBS:HOSE:CSM,CSM,0,large
2024-04-26,KBS:HOSE:CSV,CSV,0,large
2024-04-26,KBS:HOSE:CTD,CTD,0,large
2024-04-26,KBS:HOSE:CTF,CTF,0,large
2024-04-26,KBS:HOSE:CTI,CTI,0,large
2024-04-26,KBS:HOSE:CTR,CTR,0,large
2024-04-26,KBS:HOSE:CTS,CTS,0,large
2024-04-26,KBS:HOSE:CVT,CVT,0,large
2024-04-26,KBS:HOSE:D2D,D2D,0,large
2024-04-26,KBS:HOSE:DAH,DAH,0,large
2024-04-26,KBS:HOSE:DBC,DBC,1,small
2024-04-26,KBS:HOSE:DBD,DBD,0,large
2024-04-26,KBS:HOSE:DC4,DC4,0,large
2024-04-26,KBS:HOSE:DCL,DCL,0,large
2024-04-26,KBS:HOSE:DCM,DCM,0,large
2024-04-26,KBS:HOSE:DGC,DGC,1,small
2024-04-26,KBS:HOSE:DGW,DGW,0,large
2024-04-26,KBS:HOSE:DHA,DHA,0,large
2024-04-26,KBS:HOSE:DHC,DHC,0,large
2024-04-26,KBS:HOSE:DLG,DLG,0,large
2024-04-26,KBS:HOSE:DMC,DMC,0,large
2024-04-26,KBS:HOSE:DPG,DPG,0,large
2024-04-26,KBS:HOSE:DQC,DQC,0,large
2024-04-26,KBS:HOSE:DRC,DRC,0,large
2024-04-26,KBS:HOSE:DRH,DRH,0,large
2024-04-26,KBS:HOSE:DSN,DSN,0,large
2024-04-26,KBS:HOSE:DTL,DTL,0,large
2024-04-26,KBS:HOSE:DTT,DTT,0,large
2024-04-26,KBS:HOSE:DVP,DVP,0,large
2024-04-26,KBS:HOSE:DXG,DXG,1,small
2024-04-26,KBS:HOSE:DXV,DXV,0,large
2024-04-26,KBS:HOSE:EVE,EVE,0,large
2024-04-26,KBS:HOSE:EVG,EVG,0,large
2024-04-26,KBS:HOSE:FCM,FCM,0,large
2024-04-26,KBS:HOSE:FCN,FCN,0,large
2024-04-26,KBS:HOSE:FIR,FIR,0,large
2024-04-26,KBS:HOSE:FIT,FIT,0,large
2024-04-26,KBS:HOSE:FMC,FMC,0,large
2024-04-26,KBS:HOSE:FPT,FPT,1,small
2024-04-26,KBS:HOSE:FTS,FTS,0,large
2024-04-26,KBS:HOSE:GDT,GDT,0,large
2024-04-26,KBS:HOSE:GEG,GEG,0,large
2024-04-26,KBS:HOSE:GIL,GIL,0,large
2024-04-26,KBS:HOSE:GMD,GMD,0,large
2024-04-26,KBS:HOSE:HAG,HAG,0,large
2024-04-26,KBS:HOSE:HAP,HAP,0,large
2024-04-26,KBS:HOSE:HAR,HAR,0,large
2024-04-26,KBS:HOSE:HAS,HAS,0,large
2024-04-26,KBS:HOSE:HCM,HCM,0,large
2024-04-26,KBS:HOSE:HDC,HDC,0,large
2024-04-26,KBS:HOSE:HHP,HHP,0,large
2024-04-26,KBS:HOSE:HHV,HHV,0,large
2024-04-26,KBS:HOSE:HID,HID,0,large
2024-04-26,KBS:HOSE:HII,HII,0,large
2024-04-26,KBS:HOSE:HMC,HMC,0,large
2024-04-26,KBS:HOSE:HRC,HRC,0,large
2024-04-26,KBS:HOSE:HSG,HSG,0,large
2024-04-26,KBS:HOSE:HSL,HSL,0,large
2024-04-26,KBS:HOSE:HTI,HTI,0,large
2024-04-26,KBS:HOSE:HTN,HTN,0,large
2024-04-26,KBS:HOSE:HTV,HTV,0,large
2024-04-26,KBS:HOSE:HUB,HUB,0,large
2024-04-26,KBS:HOSE:HVN,HVN,0,large
2024-04-26,KBS:HOSE:ICT,ICT,0,large
2024-04-26,KBS:HOSE:IJC,IJC,0,large
2024-04-26,KBS:HOSE:ILB,ILB,0,large
2024-04-26,KBS:HOSE:ITC,ITC,0,large
2024-04-26,KBS:HOSE:ITD,ITD,0,large
2024-04-26,KBS:HOSE:JVC,JVC,0,large
2024-04-26,KBS:HOSE:KBC,KBC,1,small
2024-04-26,KBS:HOSE:KDC,KDC,0,large
2024-04-26,KBS:HOSE:KDH,KDH,0,large
2024-04-26,KBS:HOSE:KHP,KHP,0,large
2024-04-26,KBS:HOSE:KOS,KOS,0,large
2024-04-26,KBS:HOSE:KSB,KSB,0,large
2024-04-26,KBS:HOSE:LBM,LBM,0,large
2024-04-26,KBS:HOSE:LCG,LCG,0,large
2024-04-26,KBS:HOSE:LDG,LDG,0,large
2024-04-26,KBS:HOSE:LHG,LHG,0,large
2024-04-26,KBS:HOSE:LIX,LIX,0,large
2024-04-26,KBS:HOSE:LM8,LM8,0,large
2024-04-26,KBS:HOSE:LPB,LPB,0,large
2024-04-26,KBS:HOSE:MBB,MBB,1,small
2024-04-26,KBS:HOSE:MCP,MCP,0,large
2024-04-26,KBS:HOSE:MDG,MDG,0,large
2024-04-26,KBS:HOSE:MHC,MHC,0,large
2024-04-26,KBS:HOSE:MIG,MIG,0,large
2024-04-26,KBS:HOSE:MSB,MSB,0,large
2024-04-26,KBS:HOSE:MSH,MSH,0,large
2024-04-26,KBS:HOSE:MWG,MWG,1,small
2024-04-26,KBS:HOSE:NAF,NAF,0,large
2024-04-26,KBS:HOSE:NAV,NAV,0,large
2024-04-26,KBS:HOSE:NBB,NBB,0,large
2024-04-26,KBS:HOSE:NCT,NCT,0,large
2024-04-26,KBS:HOSE:NHA,NHA,0,large
2024-04-26,KBS:HOSE:NKG,NKG,0,large
2024-04-26,KBS:HOSE:NLG,NLG,0,large
2024-04-26,KBS:HOSE:NNC,NNC,0,large
2024-04-26,KBS:HOSE:NVL,NVL,1,small
2024-04-26,KBS:HOSE:NVT,NVT,0,large
2024-04-26,KBS:HOSE:OCB,OCB,0,large
2024-04-26,KBS:HOSE:OGC,OGC,0,large
2024-04-26,KBS:HOSE:OPC,OPC,0,large
2024-04-26,KBS:HOSE:PAC,PAC,0,large
2024-04-26,KBS:HOSE:PAN,PAN,0,large
2024-04-26,KBS:HOSE:PDR,PDR,1,small
2024-04-26,KBS:HOSE:PGC,PGC,0,large
2024-04-26,KBS:HOSE:PGD,PGD,0,large
2024-04-26,KBS:HOSE:PGV,PGV,0,large
2024-04-26,KBS:HOSE:PHR,PHR,0,large
2024-04-26,KBS:HOSE:PJT,PJT,0,large
2024-04-26,KBS:HOSE:PLP,PLP,0,large
2024-04-26,KBS:HOSE:PLX,PLX,0,large
2024-04-26,KBS:HOSE:PNJ,PNJ,0,large
2024-04-26,KBS:HOSE:PTB,PTB,0,large
2024-04-26,KBS:HOSE:PVP,PVP,0,large
2024-04-26,KBS:HOSE:PVT,PVT,0,large
2024-04-26,KBS:HOSE:RAL,RAL,0,large
2024-04-26,KBS:HOSE:S4A,S4A,0,large
2024-04-26,KBS:HOSE:SAB,SAB,0,large
2024-04-26,KBS:HOSE:SAM,SAM,0,large
2024-04-26,KBS:HOSE:SAV,SAV,0,large
2024-04-26,KBS:HOSE:SBA,SBA,0,large
2024-04-26,KBS:HOSE:SBV,SBV,0,large
2024-04-26,KBS:HOSE:SC5,SC5,0,large
2024-04-26,KBS:HOSE:SCR,SCR,0,large
2024-04-26,KBS:HOSE:SCS,SCS,0,large
2024-04-26,KBS:HOSE:SGR,SGR,0,large
2024-04-26,KBS:HOSE:SGT,SGT,0,large
2024-04-26,KBS:HOSE:SHA,SHA,0,large
2024-04-26,KBS:HOSE:SHI,SHI,0,large
2024-04-26,KBS:HOSE:SHP,SHP,0,large
2024-04-26,KBS:HOSE:SJD,SJD,0,large
2024-04-26,KBS:HOSE:SJS,SJS,0,large
2024-04-26,KBS:HOSE:SMB,SMB,0,large
2024-04-26,KBS:HOSE:SPM,SPM,0,large
2024-04-26,KBS:HOSE:SRC,SRC,0,large
2024-04-26,KBS:HOSE:SRF,SRF,0,large
2024-04-26,KBS:HOSE:SSB,SSB,0,large
2024-04-26,KBS:HOSE:STB,STB,1,small
2024-04-26,KBS:HOSE:STG,STG,0,large
2024-04-26,KBS:HOSE:SVT,SVT,0,large
2024-04-26,KBS:HOSE:TCB,TCB,1,small
2024-04-26,KBS:HOSE:TCL,TCL,0,large
2024-04-26,KBS:HOSE:TCM,TCM,0,large
2024-04-26,KBS:HOSE:TCO,TCO,0,large
2024-04-26,KBS:HOSE:TCR,TCR,0,large
2024-04-26,KBS:HOSE:TDC,TDC,0,large
2024-04-26,KBS:HOSE:TDG,TDG,0,large
2024-04-26,KBS:HOSE:TDP,TDP,0,large
2024-04-26,KBS:HOSE:TIP,TIP,0,large
2024-04-26,KBS:HOSE:TLG,TLG,0,large
2024-04-26,KBS:HOSE:TLH,TLH,0,large
2024-04-26,KBS:HOSE:TMS,TMS,0,large
2024-04-26,KBS:HOSE:TN1,TN1,0,large
2024-04-26,KBS:HOSE:TNC,TNC,0,large
2024-04-26,KBS:HOSE:TNH,TNH,0,large
2024-04-26,KBS:HOSE:TNI,TNI,0,large
2024-04-26,KBS:HOSE:TNT,TNT,0,large
2024-04-26,KBS:HOSE:TRA,TRA,0,large
2024-04-26,KBS:HOSE:TRC,TRC,0,large
2024-04-26,KBS:HOSE:TV2,TV2,0,large
2024-04-26,KBS:HOSE:TVB,TVB,0,large
2024-04-26,KBS:HOSE:UIC,UIC,0,large
2024-04-26,KBS:HOSE:VCA,VCA,0,large
2024-04-26,KBS:HOSE:VDS,VDS,0,large
2024-04-26,KBS:HOSE:VFG,VFG,0,large
2024-04-26,KBS:HOSE:VGC,VGC,0,large
2024-04-26,KBS:HOSE:VHM,VHM,1,small
2024-04-26,KBS:HOSE:VJC,VJC,0,large
2024-04-26,KBS:HOSE:VND,VND,1,small
2024-04-26,KBS:HOSE:VNG,VNG,0,large
2024-04-26,KBS:HOSE:VOS,VOS,0,large
2024-04-26,KBS:HOSE:VPB,VPB,1,small
2024-04-26,KBS:HOSE:VPS,VPS,0,large
2024-04-26,KBS:HOSE:VSI,VSI,0,large
2024-04-26,KBS:UPCOM:APC,APC,0,large
2024-04-26,KBS:UPCOM:GMC,GMC,0,large
2024-04-26,KBS:UPCOM:HBC,HBC,0,large
2024-04-26,KBS:UPCOM:HNG,HNG,0,large
2024-04-26,KBS:UPCOM:POM,POM,0,large
2024-05-31,KBS:HOSE:AAM,AAM,1,large
2024-05-31,KBS:HOSE:ABS,ABS,1,large
2024-05-31,KBS:HOSE:ABT,ABT,1,large
2024-05-31,KBS:HOSE:ACC,ACC,1,large
2024-05-31,KBS:HOSE:ACL,ACL,1,large
2024-05-31,KBS:HOSE:ADS,ADS,1,large
2024-05-31,KBS:HOSE:AGG,AGG,1,large
2024-05-31,KBS:HOSE:AGR,AGR,1,large
2024-05-31,KBS:HOSE:ANV,ANV,1,large
2024-05-31,KBS:HOSE:APG,APG,1,large
2024-05-31,KBS:HOSE:APH,APH,1,large
2024-05-31,KBS:HOSE:ASM,ASM,1,large
2024-05-31,KBS:HOSE:ASP,ASP,1,large
2024-05-31,KBS:HOSE:AST,AST,1,large
2024-05-31,KBS:HOSE:BCM,BCM,1,large
2024-05-31,KBS:HOSE:BHN,BHN,1,large
2024-05-31,KBS:HOSE:BKG,BKG,1,large
2024-05-31,KBS:HOSE:BMI,BMI,1,large
2024-05-31,KBS:HOSE:BTP,BTP,1,large
2024-05-31,KBS:HOSE:BVH,BVH,1,large
2024-05-31,KBS:HOSE:C32,C32,1,large
2024-05-31,KBS:HOSE:CCI,CCI,1,large
2024-05-31,KBS:HOSE:CCL,CCL,1,large
2024-05-31,KBS:HOSE:CDC,CDC,1,large
2024-05-31,KBS:HOSE:CIG,CIG,1,large
2024-05-31,KBS:HOSE:CII,CII,1,large
2024-05-31,KBS:HOSE:CKG,CKG,1,large
2024-05-31,KBS:HOSE:CLC,CLC,1,large
2024-05-31,KBS:HOSE:CMV,CMV,1,large
2024-05-31,KBS:HOSE:CMX,CMX,1,large
2024-05-31,KBS:HOSE:CNG,CNG,1,large
2024-05-31,KBS:HOSE:CRC,CRC,1,large
2024-05-31,KBS:HOSE:CRE,CRE,1,large
2024-05-31,KBS:HOSE:CSV,CSV,1,large
2024-05-31,KBS:HOSE:CTD,CTD,1,large
2024-05-31,KBS:HOSE:CTF,CTF,1,large
2024-05-31,KBS:HOSE:CTI,CTI,1,large
2024-05-31,KBS:HOSE:CTR,CTR,1,large
2024-05-31,KBS:HOSE:CTS,CTS,1,large
2024-05-31,KBS:HOSE:CVT,CVT,1,large
2024-05-31,KBS:HOSE:D2D,D2D,1,large
2024-05-31,KBS:HOSE:DAH,DAH,1,large
2024-05-31,KBS:HOSE:DBC,DBC,0,small
2024-05-31,KBS:HOSE:DBD,DBD,1,large
2024-05-31,KBS:HOSE:DC4,DC4,1,large
2024-05-31,KBS:HOSE:DCL,DCL,1,large
2024-05-31,KBS:HOSE:DCM,DCM,1,large
2024-05-31,KBS:HOSE:DGC,DGC,0,small
2024-05-31,KBS:HOSE:DGW,DGW,1,large
2024-05-31,KBS:HOSE:DHA,DHA,1,large
2024-05-31,KBS:HOSE:DHC,DHC,1,large
2024-05-31,KBS:HOSE:DLG,DLG,1,large
2024-05-31,KBS:HOSE:DMC,DMC,1,large
2024-05-31,KBS:HOSE:DPG,DPG,1,large
2024-05-31,KBS:HOSE:DQC,DQC,1,large
2024-05-31,KBS:HOSE:DRC,DRC,1,large
2024-05-31,KBS:HOSE:DRH,DRH,1,large
2024-05-31,KBS:HOSE:DSN,DSN,1,large
2024-05-31,KBS:HOSE:DTL,DTL,1,large
2024-05-31,KBS:HOSE:DTT,DTT,1,large
2024-05-31,KBS:HOSE:DVP,DVP,1,large
2024-05-31,KBS:HOSE:DXG,DXG,1,large
2024-05-31,KBS:HOSE:DXV,DXV,1,large
2024-05-31,KBS:HOSE:EVE,EVE,1,large
2024-05-31,KBS:HOSE:EVG,EVG,1,large
2024-05-31,KBS:HOSE:FCM,FCM,1,large
2024-05-31,KBS:HOSE:FCN,FCN,1,large
2024-05-31,KBS:HOSE:FDC,FDC,1,large
2024-05-31,KBS:HOSE:FIR,FIR,1,large
2024-05-31,KBS:HOSE:FIT,FIT,1,large
2024-05-31,KBS:HOSE:FMC,FMC,1,large
2024-05-31,KBS:HOSE:FPT,FPT,0,small
2024-05-31,KBS:HOSE:FTS,FTS,1,large
2024-05-31,KBS:HOSE:GDT,GDT,1,large
2024-05-31,KBS:HOSE:GEG,GEG,1,large
2024-05-31,KBS:HOSE:GIL,GIL,1,large
2024-05-31,KBS:HOSE:GMD,GMD,1,large
2024-05-31,KBS:HOSE:HAG,HAG,0,small
2024-05-31,KBS:HOSE:HAP,HAP,1,large
2024-05-31,KBS:HOSE:HAR,HAR,1,large
2024-05-31,KBS:HOSE:HAS,HAS,1,large
2024-05-31,KBS:HOSE:HAX,HAX,1,large
2024-05-31,KBS:HOSE:HCM,HCM,0,small
2024-05-31,KBS:HOSE:HDC,HDC,1,large
2024-05-31,KBS:HOSE:HHP,HHP,1,large
2024-05-31,KBS:HOSE:HHV,HHV,1,large
2024-05-31,KBS:HOSE:HID,HID,1,large
2024-05-31,KBS:HOSE:HII,HII,1,large
2024-05-31,KBS:HOSE:HMC,HMC,1,large
2024-05-31,KBS:HOSE:HQC,HQC,1,large
2024-05-31,KBS:HOSE:HRC,HRC,1,large
2024-05-31,KBS:HOSE:HSG,HSG,1,large
2024-05-31,KBS:HOSE:HSL,HSL,1,large
2024-05-31,KBS:HOSE:HTI,HTI,1,large
2024-05-31,KBS:HOSE:HTN,HTN,1,large
2024-05-31,KBS:HOSE:HTV,HTV,1,large
2024-05-31,KBS:HOSE:HUB,HUB,1,large
2024-05-31,KBS:HOSE:HVN,HVN,1,large
2024-05-31,KBS:HOSE:ICT,ICT,1,large
2024-05-31,KBS:HOSE:IJC,IJC,1,large
2024-05-31,KBS:HOSE:ILB,ILB,1,large
2024-05-31,KBS:HOSE:ITC,ITC,1,large
2024-05-31,KBS:HOSE:ITD,ITD,1,large
2024-05-31,KBS:HOSE:JVC,JVC,1,large
2024-05-31,KBS:HOSE:KBC,KBC,1,large
2024-05-31,KBS:HOSE:KDC,KDC,1,large
2024-05-31,KBS:HOSE:KDH,KDH,1,large
2024-05-31,KBS:HOSE:KHP,KHP,1,large
2024-05-31,KBS:HOSE:KMR,KMR,1,large
2024-05-31,KBS:HOSE:KOS,KOS,1,large
2024-05-31,KBS:HOSE:KSB,KSB,1,large
2024-05-31,KBS:HOSE:LBM,LBM,1,large
2024-05-31,KBS:HOSE:LCG,LCG,1,large
2024-05-31,KBS:HOSE:LDG,LDG,1,large
2024-05-31,KBS:HOSE:LHG,LHG,1,large
2024-05-31,KBS:HOSE:LIX,LIX,1,large
2024-05-31,KBS:HOSE:LM8,LM8,1,large
2024-05-31,KBS:HOSE:LPB,LPB,0,small
2024-05-31,KBS:HOSE:MBB,MBB,0,small
2024-05-31,KBS:HOSE:MCP,MCP,1,large
2024-05-31,KBS:HOSE:MDG,MDG,1,large
2024-05-31,KBS:HOSE:MHC,MHC,1,large
2024-05-31,KBS:HOSE:MIG,MIG,1,large
2024-05-31,KBS:HOSE:MSB,MSB,1,large
2024-05-31,KBS:HOSE:MSH,MSH,1,large
2024-05-31,KBS:HOSE:MWG,MWG,0,small
2024-05-31,KBS:HOSE:NAF,NAF,1,large
2024-05-31,KBS:HOSE:NAV,NAV,1,large
2024-05-31,KBS:HOSE:NBB,NBB,1,large
2024-05-31,KBS:HOSE:NCT,NCT,1,large
2024-05-31,KBS:HOSE:NHA,NHA,1,large
2024-05-31,KBS:HOSE:NHT,NHT,1,large
2024-05-31,KBS:HOSE:NKG,NKG,1,large
2024-05-31,KBS:HOSE:NLG,NLG,1,large
2024-05-31,KBS:HOSE:NNC,NNC,1,large
2024-05-31,KBS:HOSE:NVL,NVL,0,small
2024-05-31,KBS:HOSE:NVT,NVT,1,large
2024-05-31,KBS:HOSE:OCB,OCB,1,large
2024-05-31,KBS:HOSE:OGC,OGC,1,large
2024-05-31,KBS:HOSE:OPC,OPC,1,large
2024-05-31,KBS:HOSE:PAC,PAC,1,large
2024-05-31,KBS:HOSE:PAN,PAN,1,large
2024-05-31,KBS:HOSE:PGC,PGC,1,large
2024-05-31,KBS:HOSE:PGD,PGD,1,large
2024-05-31,KBS:HOSE:PGV,PGV,1,large
2024-05-31,KBS:HOSE:PHR,PHR,1,large
2024-05-31,KBS:HOSE:PJT,PJT,1,large
2024-05-31,KBS:HOSE:PLP,PLP,1,large
2024-05-31,KBS:HOSE:PLX,PLX,1,large
2024-05-31,KBS:HOSE:PNJ,PNJ,1,large
2024-05-31,KBS:HOSE:PTB,PTB,1,large
2024-05-31,KBS:HOSE:PTC,PTC,1,large
2024-05-31,KBS:HOSE:PVP,PVP,1,large
2024-05-31,KBS:HOSE:PVT,PVT,1,large
2024-05-31,KBS:HOSE:RAL,RAL,1,large
2024-05-31,KBS:HOSE:S4A,S4A,1,large
2024-05-31,KBS:HOSE:SAB,SAB,1,large
2024-05-31,KBS:HOSE:SAM,SAM,1,large
2024-05-31,KBS:HOSE:SAV,SAV,1,large
2024-05-31,KBS:HOSE:SBA,SBA,1,large
2024-05-31,KBS:HOSE:SBV,SBV,1,large
2024-05-31,KBS:HOSE:SC5,SC5,1,large
2024-05-31,KBS:HOSE:SCR,SCR,1,large
2024-05-31,KBS:HOSE:SCS,SCS,1,large
2024-05-31,KBS:HOSE:SFI,SFI,1,large
2024-05-31,KBS:HOSE:SGR,SGR,1,large
2024-05-31,KBS:HOSE:SGT,SGT,1,large
2024-05-31,KBS:HOSE:SHA,SHA,1,large
2024-05-31,KBS:HOSE:SHI,SHI,1,large
2024-05-31,KBS:HOSE:SHP,SHP,1,large
2024-05-31,KBS:HOSE:SJD,SJD,1,large
2024-05-31,KBS:HOSE:SJS,SJS,1,large
2024-05-31,KBS:HOSE:SMB,SMB,1,large
2024-05-31,KBS:HOSE:SPM,SPM,1,large
2024-05-31,KBS:HOSE:SRC,SRC,1,large
2024-05-31,KBS:HOSE:SRF,SRF,1,large
2024-05-31,KBS:HOSE:SSB,SSB,1,large
2024-05-31,KBS:HOSE:STB,STB,0,small
2024-05-31,KBS:HOSE:STG,STG,1,large
2024-05-31,KBS:HOSE:SVT,SVT,1,large
2024-05-31,KBS:HOSE:TCB,TCB,0,small
2024-05-31,KBS:HOSE:TCL,TCL,1,large
2024-05-31,KBS:HOSE:TCM,TCM,1,large
2024-05-31,KBS:HOSE:TCO,TCO,1,large
2024-05-31,KBS:HOSE:TCR,TCR,1,large
2024-05-31,KBS:HOSE:TDC,TDC,1,large
2024-05-31,KBS:HOSE:TDG,TDG,1,large
2024-05-31,KBS:HOSE:TDP,TDP,1,large
2024-05-31,KBS:HOSE:TIP,TIP,1,large
2024-05-31,KBS:HOSE:TLG,TLG,1,large
2024-05-31,KBS:HOSE:TLH,TLH,1,large
2024-05-31,KBS:HOSE:TMS,TMS,1,large
2024-05-31,KBS:HOSE:TN1,TN1,1,large
2024-05-31,KBS:HOSE:TNC,TNC,1,large
2024-05-31,KBS:HOSE:TNH,TNH,1,large
2024-05-31,KBS:HOSE:TNI,TNI,1,large
2024-05-31,KBS:HOSE:TNT,TNT,1,large
2024-05-31,KBS:HOSE:TRA,TRA,1,large
2024-05-31,KBS:HOSE:TRC,TRC,1,large
2024-05-31,KBS:HOSE:TTE,TTE,1,large
2024-05-31,KBS:HOSE:TV2,TV2,1,large
2024-05-31,KBS:HOSE:TVB,TVB,1,large
2024-05-31,KBS:HOSE:UIC,UIC,1,large
2024-05-31,KBS:HOSE:VCA,VCA,1,large
2024-05-31,KBS:HOSE:VDS,VDS,1,large
2024-05-31,KBS:HOSE:VFG,VFG,1,large
2024-05-31,KBS:HOSE:VGC,VGC,1,large
2024-05-31,KBS:HOSE:VHM,VHM,0,small
2024-05-31,KBS:HOSE:VIP,VIP,1,large
2024-05-31,KBS:HOSE:VIX,VIX,0,small
2024-05-31,KBS:HOSE:VJC,VJC,1,large
2024-05-31,KBS:HOSE:VND,VND,0,small
2024-05-31,KBS:HOSE:VNG,VNG,1,large
2024-05-31,KBS:HOSE:VOS,VOS,1,large
2024-05-31,KBS:HOSE:VPB,VPB,0,small
2024-05-31,KBS:HOSE:VPS,VPS,1,large
2024-05-31,KBS:HOSE:VSH,VSH,1,large
2024-05-31,KBS:HOSE:VSI,VSI,1,large
2024-05-31,KBS:UPCOM:GMC,GMC,1,large
2024-05-31,KBS:UPCOM:HBC,HBC,1,large
2024-05-31,KBS:UPCOM:HNG,HNG,1,large
2024-06-28,KBS:HOSE:AAM,AAM,0,large
2024-06-28,KBS:HOSE:ABS,ABS,0,large
2024-06-28,KBS:HOSE:ABT,ABT,0,large
2024-06-28,KBS:HOSE:ACC,ACC,0,large
2024-06-28,KBS:HOSE:ACL,ACL,0,large
2024-06-28,KBS:HOSE:ADS,ADS,0,large
2024-06-28,KBS:HOSE:AGG,AGG,0,large
2024-06-28,KBS:HOSE:AGR,AGR,0,large
2024-06-28,KBS:HOSE:ANV,ANV,0,large
2024-06-28,KBS:HOSE:APG,APG,0,large
2024-06-28,KBS:HOSE:APH,APH,0,large
2024-06-28,KBS:HOSE:ASM,ASM,0,large
2024-06-28,KBS:HOSE:ASP,ASP,0,large
2024-06-28,KBS:HOSE:AST,AST,0,large
2024-06-28,KBS:HOSE:BCM,BCM,0,large
2024-06-28,KBS:HOSE:BFC,BFC,0,large
2024-06-28,KBS:HOSE:BHN,BHN,0,large
2024-06-28,KBS:HOSE:BIC,BIC,0,large
2024-06-28,KBS:HOSE:BKG,BKG,0,large
2024-06-28,KBS:HOSE:BMI,BMI,0,large
2024-06-28,KBS:HOSE:BTP,BTP,0,large
2024-06-28,KBS:HOSE:BVH,BVH,0,large
2024-06-28,KBS:HOSE:C32,C32,0,large
2024-06-28,KBS:HOSE:CCI,CCI,0,large
2024-06-28,KBS:HOSE:CCL,CCL,0,large
2024-06-28,KBS:HOSE:CDC,CDC,0,large
2024-06-28,KBS:HOSE:CHP,CHP,0,large
2024-06-28,KBS:HOSE:CIG,CIG,0,large
2024-06-28,KBS:HOSE:CII,CII,0,large
2024-06-28,KBS:HOSE:CKG,CKG,0,large
2024-06-28,KBS:HOSE:CLC,CLC,0,large
2024-06-28,KBS:HOSE:CMV,CMV,0,large
2024-06-28,KBS:HOSE:CMX,CMX,0,large
2024-06-28,KBS:HOSE:CNG,CNG,0,large
2024-06-28,KBS:HOSE:CRC,CRC,0,large
2024-06-28,KBS:HOSE:CRE,CRE,0,large
2024-06-28,KBS:HOSE:CSV,CSV,0,large
2024-06-28,KBS:HOSE:CTD,CTD,0,large
2024-06-28,KBS:HOSE:CTF,CTF,0,large
2024-06-28,KBS:HOSE:CTI,CTI,0,large
2024-06-28,KBS:HOSE:CTR,CTR,0,large
2024-06-28,KBS:HOSE:CTS,CTS,0,large
2024-06-28,KBS:HOSE:CVT,CVT,0,large
2024-06-28,KBS:HOSE:D2D,D2D,0,large
2024-06-28,KBS:HOSE:DAH,DAH,0,large
2024-06-28,KBS:HOSE:DBC,DBC,0,large
2024-06-28,KBS:HOSE:DBD,DBD,0,large
2024-06-28,KBS:HOSE:DC4,DC4,0,large
2024-06-28,KBS:HOSE:DCL,DCL,0,large
2024-06-28,KBS:HOSE:DCM,DCM,0,large
2024-06-28,KBS:HOSE:DGC,DGC,1,small
2024-06-28,KBS:HOSE:DGW,DGW,0,large
2024-06-28,KBS:HOSE:DHA,DHA,0,large
2024-06-28,KBS:HOSE:DHC,DHC,0,large
2024-06-28,KBS:HOSE:DLG,DLG,0,large
2024-06-28,KBS:HOSE:DMC,DMC,0,large
2024-06-28,KBS:HOSE:DPG,DPG,0,large
2024-06-28,KBS:HOSE:DQC,DQC,0,large
2024-06-28,KBS:HOSE:DRC,DRC,0,large
2024-06-28,KBS:HOSE:DRH,DRH,0,large
2024-06-28,KBS:HOSE:DSN,DSN,0,large
2024-06-28,KBS:HOSE:DTA,DTA,0,large
2024-06-28,KBS:HOSE:DTL,DTL,0,large
2024-06-28,KBS:HOSE:DTT,DTT,0,large
2024-06-28,KBS:HOSE:DVP,DVP,0,large
2024-06-28,KBS:HOSE:DXG,DXG,0,large
2024-06-28,KBS:HOSE:DXV,DXV,0,large
2024-06-28,KBS:HOSE:EVE,EVE,0,large
2024-06-28,KBS:HOSE:EVG,EVG,0,large
2024-06-28,KBS:HOSE:FCM,FCM,0,large
2024-06-28,KBS:HOSE:FCN,FCN,0,large
2024-06-28,KBS:HOSE:FDC,FDC,0,large
2024-06-28,KBS:HOSE:FIR,FIR,0,large
2024-06-28,KBS:HOSE:FIT,FIT,0,large
2024-06-28,KBS:HOSE:FMC,FMC,0,large
2024-06-28,KBS:HOSE:FPT,FPT,1,small
2024-06-28,KBS:HOSE:FRT,FRT,0,large
2024-06-28,KBS:HOSE:FTS,FTS,0,large
2024-06-28,KBS:HOSE:GDT,GDT,0,large
2024-06-28,KBS:HOSE:GEG,GEG,0,large
2024-06-28,KBS:HOSE:GIL,GIL,0,large
2024-06-28,KBS:HOSE:GMD,GMD,0,large
2024-06-28,KBS:HOSE:HAG,HAG,0,large
2024-06-28,KBS:HOSE:HAP,HAP,0,large
2024-06-28,KBS:HOSE:HAR,HAR,0,large
2024-06-28,KBS:HOSE:HAS,HAS,0,large
2024-06-28,KBS:HOSE:HAX,HAX,0,large
2024-06-28,KBS:HOSE:HCM,HCM,0,large
2024-06-28,KBS:HOSE:HDC,HDC,0,large
2024-06-28,KBS:HOSE:HHP,HHP,0,large
2024-06-28,KBS:HOSE:HHV,HHV,0,large
2024-06-28,KBS:HOSE:HID,HID,0,large
2024-06-28,KBS:HOSE:HII,HII,0,large
2024-06-28,KBS:HOSE:HMC,HMC,0,large
2024-06-28,KBS:HOSE:HQC,HQC,0,large
2024-06-28,KBS:HOSE:HRC,HRC,0,large
2024-06-28,KBS:HOSE:HSG,HSG,1,small
2024-06-28,KBS:HOSE:HSL,HSL,0,large
2024-06-28,KBS:HOSE:HTI,HTI,0,large
2024-06-28,KBS:HOSE:HTL,HTL,0,large
2024-06-28,KBS:HOSE:HTN,HTN,0,large
2024-06-28,KBS:HOSE:HTV,HTV,0,large
2024-06-28,KBS:HOSE:HUB,HUB,0,large
2024-06-28,KBS:HOSE:HVN,HVN,0,large
2024-06-28,KBS:HOSE:ICT,ICT,0,large
2024-06-28,KBS:HOSE:IJC,IJC,0,large
2024-06-28,KBS:HOSE:ILB,ILB,0,large
2024-06-28,KBS:HOSE:ITC,ITC,0,large
2024-06-28,KBS:HOSE:ITD,ITD,0,large
2024-06-28,KBS:HOSE:JVC,JVC,0,large
2024-06-28,KBS:HOSE:KBC,KBC,0,large
2024-06-28,KBS:HOSE:KDC,KDC,0,large
2024-06-28,KBS:HOSE:KDH,KDH,0,large
2024-06-28,KBS:HOSE:KHP,KHP,0,large
2024-06-28,KBS:HOSE:KMR,KMR,0,large
2024-06-28,KBS:HOSE:KOS,KOS,0,large
2024-06-28,KBS:HOSE:KSB,KSB,0,large
2024-06-28,KBS:HOSE:LAF,LAF,0,large
2024-06-28,KBS:HOSE:LBM,LBM,0,large
2024-06-28,KBS:HOSE:LCG,LCG,0,large
2024-06-28,KBS:HOSE:LDG,LDG,0,large
2024-06-28,KBS:HOSE:LHG,LHG,0,large
2024-06-28,KBS:HOSE:LIX,LIX,0,large
2024-06-28,KBS:HOSE:LM8,LM8,0,large
2024-06-28,KBS:HOSE:LPB,LPB,1,small
2024-06-28,KBS:HOSE:MBB,MBB,1,small
2024-06-28,KBS:HOSE:MCP,MCP,0,large
2024-06-28,KBS:HOSE:MDG,MDG,0,large
2024-06-28,KBS:HOSE:MHC,MHC,0,large
2024-06-28,KBS:HOSE:MIG,MIG,0,large
2024-06-28,KBS:HOSE:MSB,MSB,0,large
2024-06-28,KBS:HOSE:MSH,MSH,0,large
2024-06-28,KBS:HOSE:MWG,MWG,1,small
2024-06-28,KBS:HOSE:NAF,NAF,0,large
2024-06-28,KBS:HOSE:NAV,NAV,0,large
2024-06-28,KBS:HOSE:NBB,NBB,0,large
2024-06-28,KBS:HOSE:NCT,NCT,0,large
2024-06-28,KBS:HOSE:NHA,NHA,0,large
2024-06-28,KBS:HOSE:NHT,NHT,0,large
2024-06-28,KBS:HOSE:NKG,NKG,0,large
2024-06-28,KBS:HOSE:NLG,NLG,0,large
2024-06-28,KBS:HOSE:NNC,NNC,0,large
2024-06-28,KBS:HOSE:NVL,NVL,0,large
2024-06-28,KBS:HOSE:NVT,NVT,0,large
2024-06-28,KBS:HOSE:OCB,OCB,0,large
2024-06-28,KBS:HOSE:OGC,OGC,0,large
2024-06-28,KBS:HOSE:OPC,OPC,0,large
2024-06-28,KBS:HOSE:PAC,PAC,0,large
2024-06-28,KBS:HOSE:PAN,PAN,0,large
2024-06-28,KBS:HOSE:PDN,PDN,0,large
2024-06-28,KBS:HOSE:PGC,PGC,0,large
2024-06-28,KBS:HOSE:PGD,PGD,0,large
2024-06-28,KBS:HOSE:PGV,PGV,0,large
2024-06-28,KBS:HOSE:PHR,PHR,0,large
2024-06-28,KBS:HOSE:PJT,PJT,0,large
2024-06-28,KBS:HOSE:PLP,PLP,0,large
2024-06-28,KBS:HOSE:PLX,PLX,0,large
2024-06-28,KBS:HOSE:PNJ,PNJ,0,large
2024-06-28,KBS:HOSE:PTB,PTB,0,large
2024-06-28,KBS:HOSE:PTC,PTC,0,large
2024-06-28,KBS:HOSE:PTL,PTL,0,large
2024-06-28,KBS:HOSE:PVP,PVP,0,large
2024-06-28,KBS:HOSE:PVT,PVT,0,large
2024-06-28,KBS:HOSE:QCG,QCG,0,large
2024-06-28,KBS:HOSE:RAL,RAL,0,large
2024-06-28,KBS:HOSE:S4A,S4A,0,large
2024-06-28,KBS:HOSE:SAB,SAB,0,large
2024-06-28,KBS:HOSE:SAM,SAM,0,large
2024-06-28,KBS:HOSE:SAV,SAV,0,large
2024-06-28,KBS:HOSE:SBA,SBA,0,large
2024-06-28,KBS:HOSE:SBV,SBV,0,large
2024-06-28,KBS:HOSE:SC5,SC5,0,large
2024-06-28,KBS:HOSE:SCR,SCR,0,large
2024-06-28,KBS:HOSE:SCS,SCS,0,large
2024-06-28,KBS:HOSE:SFI,SFI,0,large
2024-06-28,KBS:HOSE:SGR,SGR,0,large
2024-06-28,KBS:HOSE:SGT,SGT,0,large
2024-06-28,KBS:HOSE:SHA,SHA,0,large
2024-06-28,KBS:HOSE:SHI,SHI,0,large
2024-06-28,KBS:HOSE:SHP,SHP,0,large
2024-06-28,KBS:HOSE:SJD,SJD,0,large
2024-06-28,KBS:HOSE:SJS,SJS,0,large
2024-06-28,KBS:HOSE:SMB,SMB,0,large
2024-06-28,KBS:HOSE:SPM,SPM,0,large
2024-06-28,KBS:HOSE:SRC,SRC,0,large
2024-06-28,KBS:HOSE:SRF,SRF,0,large
2024-06-28,KBS:HOSE:SSB,SSB,0,large
2024-06-28,KBS:HOSE:STB,STB,1,small
2024-06-28,KBS:HOSE:STG,STG,0,large
2024-06-28,KBS:HOSE:SVC,SVC,0,large
2024-06-28,KBS:HOSE:SVT,SVT,0,large
2024-06-28,KBS:HOSE:TCB,TCB,1,small
2024-06-28,KBS:HOSE:TCL,TCL,0,large
2024-06-28,KBS:HOSE:TCM,TCM,0,large
2024-06-28,KBS:HOSE:TCO,TCO,0,large
2024-06-28,KBS:HOSE:TCR,TCR,0,large
2024-06-28,KBS:HOSE:TDC,TDC,0,large
2024-06-28,KBS:HOSE:TDG,TDG,0,large
2024-06-28,KBS:HOSE:TDP,TDP,0,large
2024-06-28,KBS:HOSE:TDW,TDW,0,large
2024-06-28,KBS:HOSE:TEG,TEG,0,large
2024-06-28,KBS:HOSE:THG,THG,0,large
2024-06-28,KBS:HOSE:TIP,TIP,0,large
2024-06-28,KBS:HOSE:TLG,TLG,0,large
2024-06-28,KBS:HOSE:TLH,TLH,0,large
2024-06-28,KBS:HOSE:TMS,TMS,0,large
2024-06-28,KBS:HOSE:TN1,TN1,0,large
2024-06-28,KBS:HOSE:TNC,TNC,0,large
2024-06-28,KBS:HOSE:TNH,TNH,0,large
2024-06-28,KBS:HOSE:TNI,TNI,0,large
2024-06-28,KBS:HOSE:TNT,TNT,0,large
2024-06-28,KBS:HOSE:TPB,TPB,0,large
2024-06-28,KBS:HOSE:TRA,TRA,0,large
2024-06-28,KBS:HOSE:TRC,TRC,0,large
2024-06-28,KBS:HOSE:TTE,TTE,0,large
2024-06-28,KBS:HOSE:TV2,TV2,0,large
2024-06-28,KBS:HOSE:TVB,TVB,0,large
2024-06-28,KBS:HOSE:TVS,TVS,0,large
2024-06-28,KBS:HOSE:UIC,UIC,0,large
2024-06-28,KBS:HOSE:VCA,VCA,0,large
2024-06-28,KBS:HOSE:VCG,VCG,0,large
2024-06-28,KBS:HOSE:VDS,VDS,0,large
2024-06-28,KBS:HOSE:VFG,VFG,0,large
2024-06-28,KBS:HOSE:VGC,VGC,0,large
2024-06-28,KBS:HOSE:VHM,VHM,1,small
2024-06-28,KBS:HOSE:VIP,VIP,0,large
2024-06-28,KBS:HOSE:VIX,VIX,1,small
2024-06-28,KBS:HOSE:VJC,VJC,0,large
2024-06-28,KBS:HOSE:VND,VND,0,large
2024-06-28,KBS:HOSE:VNG,VNG,0,large
2024-06-28,KBS:HOSE:VOS,VOS,0,large
2024-06-28,KBS:HOSE:VPB,VPB,1,small
2024-06-28,KBS:HOSE:VPS,VPS,0,large
2024-06-28,KBS:HOSE:VSH,VSH,0,large
2024-06-28,KBS:HOSE:VSI,VSI,0,large
2024-06-28,KBS:HOSE:VTO,VTO,0,large
2024-06-28,KBS:UPCOM:GMC,GMC,0,large
2024-06-28,KBS:UPCOM:HBC,HBC,0,large
2024-06-28,KBS:UPCOM:HNG,HNG,0,large
2024-06-28,KBS:UPCOM:TCD,TCD,0,large
2024-07-31,KBS:HOSE:AAM,AAM,1,large
2024-07-31,KBS:HOSE:AAT,AAT,1,large
2024-07-31,KBS:HOSE:ABR,ABR,1,large
2024-07-31,KBS:HOSE:ABS,ABS,1,large
2024-07-31,KBS:HOSE:ABT,ABT,1,large
2024-07-31,KBS:HOSE:ACC,ACC,1,large
2024-07-31,KBS:HOSE:ACL,ACL,1,large
2024-07-31,KBS:HOSE:ADS,ADS,1,large
2024-07-31,KBS:HOSE:AGG,AGG,1,large
2024-07-31,KBS:HOSE:AGR,AGR,1,large
2024-07-31,KBS:HOSE:ANV,ANV,1,large
2024-07-31,KBS:HOSE:APG,APG,1,large
2024-07-31,KBS:HOSE:APH,APH,1,large
2024-07-31,KBS:HOSE:ASM,ASM,1,large
2024-07-31,KBS:HOSE:ASP,ASP,1,large
2024-07-31,KBS:HOSE:AST,AST,1,large
2024-07-31,KBS:HOSE:BCM,BCM,1,large
2024-07-31,KBS:HOSE:BFC,BFC,1,large
2024-07-31,KBS:HOSE:BHN,BHN,1,large
2024-07-31,KBS:HOSE:BIC,BIC,1,large
2024-07-31,KBS:HOSE:BKG,BKG,1,large
2024-07-31,KBS:HOSE:BMI,BMI,1,large
2024-07-31,KBS:HOSE:BRC,BRC,1,large
2024-07-31,KBS:HOSE:BTP,BTP,1,large
2024-07-31,KBS:HOSE:BVH,BVH,1,large
2024-07-31,KBS:HOSE:C32,C32,1,large
2024-07-31,KBS:HOSE:CCI,CCI,1,large
2024-07-31,KBS:HOSE:CCL,CCL,1,large
2024-07-31,KBS:HOSE:CDC,CDC,1,large
2024-07-31,KBS:HOSE:CHP,CHP,1,large
2024-07-31,KBS:HOSE:CIG,CIG,1,large
2024-07-31,KBS:HOSE:CII,CII,1,large
2024-07-31,KBS:HOSE:CKG,CKG,1,large
2024-07-31,KBS:HOSE:CLC,CLC,1,large
2024-07-31,KBS:HOSE:CMV,CMV,1,large
2024-07-31,KBS:HOSE:CMX,CMX,1,large
2024-07-31,KBS:HOSE:CNG,CNG,1,large
2024-07-31,KBS:HOSE:CRC,CRC,1,large
2024-07-31,KBS:HOSE:CRE,CRE,1,large
2024-07-31,KBS:HOSE:CSV,CSV,1,large
2024-07-31,KBS:HOSE:CTD,CTD,1,large
2024-07-31,KBS:HOSE:CTF,CTF,1,large
2024-07-31,KBS:HOSE:CTI,CTI,1,large
2024-07-31,KBS:HOSE:CTR,CTR,1,large
2024-07-31,KBS:HOSE:CTS,CTS,1,large
2024-07-31,KBS:HOSE:CVT,CVT,1,large
2024-07-31,KBS:HOSE:D2D,D2D,1,large
2024-07-31,KBS:HOSE:DAH,DAH,1,large
2024-07-31,KBS:HOSE:DBC,DBC,0,small
2024-07-31,KBS:HOSE:DBD,DBD,1,large
2024-07-31,KBS:HOSE:DC4,DC4,1,large
2024-07-31,KBS:HOSE:DCL,DCL,1,large
2024-07-31,KBS:HOSE:DCM,DCM,0,small
2024-07-31,KBS:HOSE:DGC,DGC,0,small
2024-07-31,KBS:HOSE:DGW,DGW,1,large
2024-07-31,KBS:HOSE:DHA,DHA,1,large
2024-07-31,KBS:HOSE:DHC,DHC,1,large
2024-07-31,KBS:HOSE:DLG,DLG,1,large
2024-07-31,KBS:HOSE:DMC,DMC,1,large
2024-07-31,KBS:HOSE:DPG,DPG,1,large
2024-07-31,KBS:HOSE:DQC,DQC,1,large
2024-07-31,KBS:HOSE:DRC,DRC,1,large
2024-07-31,KBS:HOSE:DRH,DRH,1,large
2024-07-31,KBS:HOSE:DSN,DSN,1,large
2024-07-31,KBS:HOSE:DTA,DTA,1,large
2024-07-31,KBS:HOSE:DTL,DTL,1,large
2024-07-31,KBS:HOSE:DTT,DTT,1,large
2024-07-31,KBS:HOSE:DVP,DVP,1,large
2024-07-31,KBS:HOSE:DXG,DXG,1,large
2024-07-31,KBS:HOSE:DXS,DXS,1,large
2024-07-31,KBS:HOSE:DXV,DXV,1,large
2024-07-31,KBS:HOSE:EVE,EVE,1,large
2024-07-31,KBS:HOSE:EVG,EVG,1,large
2024-07-31,KBS:HOSE:FCM,FCM,1,large
2024-07-31,KBS:HOSE:FCN,FCN,1,large
2024-07-31,KBS:HOSE:FDC,FDC,1,large
2024-07-31,KBS:HOSE:FIR,FIR,1,large
2024-07-31,KBS:HOSE:FIT,FIT,1,large
2024-07-31,KBS:HOSE:FMC,FMC,1,large
2024-07-31,KBS:HOSE:FPT,FPT,0,small
2024-07-31,KBS:HOSE:FRT,FRT,1,large
2024-07-31,KBS:HOSE:FTS,FTS,1,large
2024-07-31,KBS:HOSE:GDT,GDT,1,large
2024-07-31,KBS:HOSE:GEG,GEG,1,large
2024-07-31,KBS:HOSE:GIL,GIL,1,large
2024-07-31,KBS:HOSE:GMD,GMD,1,large
2024-07-31,KBS:HOSE:HAG,HAG,1,large
2024-07-31,KBS:HOSE:HAP,HAP,1,large
2024-07-31,KBS:HOSE:HAR,HAR,1,large
2024-07-31,KBS:HOSE:HAS,HAS,1,large
2024-07-31,KBS:HOSE:HAX,HAX,1,large
2024-07-31,KBS:HOSE:HCM,HCM,1,large
2024-07-31,KBS:HOSE:HDC,HDC,1,large
2024-07-31,KBS:HOSE:HDG,HDG,0,small
2024-07-31,KBS:HOSE:HHP,HHP,1,large
2024-07-31,KBS:HOSE:HHV,HHV,1,large
2024-07-31,KBS:HOSE:HID,HID,1,large
2024-07-31,KBS:HOSE:HII,HII,1,large
2024-07-31,KBS:HOSE:HMC,HMC,1,large
2024-07-31,KBS:HOSE:HQC,HQC,1,large
2024-07-31,KBS:HOSE:HRC,HRC,1,large
2024-07-31,KBS:HOSE:HSG,HSG,0,small
2024-07-31,KBS:HOSE:HSL,HSL,1,large
2024-07-31,KBS:HOSE:HTI,HTI,1,large
2024-07-31,KBS:HOSE:HTL,HTL,1,large
2024-07-31,KBS:HOSE:HTN,HTN,1,large
2024-07-31,KBS:HOSE:HTV,HTV,1,large
2024-07-31,KBS:HOSE:HUB,HUB,1,large
2024-07-31,KBS:HOSE:HVN,HVN,0,small
2024-07-31,KBS:HOSE:ICT,ICT,1,large
2024-07-31,KBS:HOSE:IJC,IJC,1,large
2024-07-31,KBS:HOSE:ILB,ILB,1,large
2024-07-31,KBS:HOSE:ITC,ITC,1,large
2024-07-31,KBS:HOSE:ITD,ITD,1,large
2024-07-31,KBS:HOSE:JVC,JVC,1,large
2024-07-31,KBS:HOSE:KBC,KBC,1,large
2024-07-31,KBS:HOSE:KDC,KDC,1,large
2024-07-31,KBS:HOSE:KDH,KDH,1,large
2024-07-31,KBS:HOSE:KHG,KHG,1,large
2024-07-31,KBS:HOSE:KHP,KHP,1,large
2024-07-31,KBS:HOSE:KMR,KMR,1,large
2024-07-31,KBS:HOSE:KOS,KOS,1,large
2024-07-31,KBS:HOSE:KSB,KSB,1,large
2024-07-31,KBS:HOSE:LAF,LAF,1,large
2024-07-31,KBS:HOSE:LBM,LBM,1,large
2024-07-31,KBS:HOSE:LCG,LCG,1,large
2024-07-31,KBS:HOSE:LDG,LDG,1,large
2024-07-31,KBS:HOSE:LHG,LHG,1,large
2024-07-31,KBS:HOSE:LIX,LIX,1,large
2024-07-31,KBS:HOSE:LM8,LM8,1,large
2024-07-31,KBS:HOSE:LPB,LPB,0,small
2024-07-31,KBS:HOSE:MBB,MBB,0,small
2024-07-31,KBS:HOSE:MCP,MCP,1,large
2024-07-31,KBS:HOSE:MDG,MDG,1,large
2024-07-31,KBS:HOSE:MHC,MHC,1,large
2024-07-31,KBS:HOSE:MIG,MIG,1,large
2024-07-31,KBS:HOSE:MSB,MSB,1,large
2024-07-31,KBS:HOSE:MSH,MSH,1,large
2024-07-31,KBS:HOSE:MWG,MWG,0,small
2024-07-31,KBS:HOSE:NAF,NAF,1,large
2024-07-31,KBS:HOSE:NAV,NAV,1,large
2024-07-31,KBS:HOSE:NBB,NBB,1,large
2024-07-31,KBS:HOSE:NCT,NCT,1,large
2024-07-31,KBS:HOSE:NHA,NHA,1,large
2024-07-31,KBS:HOSE:NHT,NHT,1,large
2024-07-31,KBS:HOSE:NKG,NKG,1,large
2024-07-31,KBS:HOSE:NLG,NLG,1,large
2024-07-31,KBS:HOSE:NNC,NNC,1,large
2024-07-31,KBS:HOSE:NVL,NVL,1,large
2024-07-31,KBS:HOSE:NVT,NVT,1,large
2024-07-31,KBS:HOSE:OCB,OCB,1,large
2024-07-31,KBS:HOSE:OGC,OGC,1,large
2024-07-31,KBS:HOSE:OPC,OPC,1,large
2024-07-31,KBS:HOSE:PAC,PAC,1,large
2024-07-31,KBS:HOSE:PAN,PAN,1,large
2024-07-31,KBS:HOSE:PDN,PDN,1,large
2024-07-31,KBS:HOSE:PGC,PGC,1,large
2024-07-31,KBS:HOSE:PGD,PGD,1,large
2024-07-31,KBS:HOSE:PGV,PGV,1,large
2024-07-31,KBS:HOSE:PHR,PHR,1,large
2024-07-31,KBS:HOSE:PLP,PLP,1,large
2024-07-31,KBS:HOSE:PLX,PLX,1,large
2024-07-31,KBS:HOSE:PNJ,PNJ,1,large
2024-07-31,KBS:HOSE:PTB,PTB,1,large
2024-07-31,KBS:HOSE:PTC,PTC,1,large
2024-07-31,KBS:HOSE:PTL,PTL,1,large
2024-07-31,KBS:HOSE:PVP,PVP,1,large
2024-07-31,KBS:HOSE:PVT,PVT,1,large
2024-07-31,KBS:HOSE:QCG,QCG,1,large
2024-07-31,KBS:HOSE:RAL,RAL,1,large
2024-07-31,KBS:HOSE:S4A,S4A,1,large
2024-07-31,KBS:HOSE:SAB,SAB,1,large
2024-07-31,KBS:HOSE:SAM,SAM,1,large
2024-07-31,KBS:HOSE:SAV,SAV,1,large
2024-07-31,KBS:HOSE:SBA,SBA,1,large
2024-07-31,KBS:HOSE:SBV,SBV,1,large
2024-07-31,KBS:HOSE:SC5,SC5,1,large
2024-07-31,KBS:HOSE:SCR,SCR,1,large
2024-07-31,KBS:HOSE:SCS,SCS,1,large
2024-07-31,KBS:HOSE:SFI,SFI,1,large
2024-07-31,KBS:HOSE:SGR,SGR,1,large
2024-07-31,KBS:HOSE:SGT,SGT,1,large
2024-07-31,KBS:HOSE:SHA,SHA,1,large
2024-07-31,KBS:HOSE:SHB,SHB,0,small
2024-07-31,KBS:HOSE:SHI,SHI,1,large
2024-07-31,KBS:HOSE:SHP,SHP,1,large
2024-07-31,KBS:HOSE:SJD,SJD,1,large
2024-07-31,KBS:HOSE:SJS,SJS,1,large
2024-07-31,KBS:HOSE:SMB,SMB,1,large
2024-07-31,KBS:HOSE:SPM,SPM,1,large
2024-07-31,KBS:HOSE:SRC,SRC,1,large
2024-07-31,KBS:HOSE:SRF,SRF,1,large
2024-07-31,KBS:HOSE:SSB,SSB,1,large
2024-07-31,KBS:HOSE:STB,STB,0,small
2024-07-31,KBS:HOSE:STG,STG,1,large
2024-07-31,KBS:HOSE:STK,STK,1,large
2024-07-31,KBS:HOSE:SVC,SVC,1,large
2024-07-31,KBS:HOSE:SVT,SVT,1,large
2024-07-31,KBS:HOSE:TCB,TCB,0,small
2024-07-31,KBS:HOSE:TCL,TCL,1,large
2024-07-31,KBS:HOSE:TCM,TCM,1,large
2024-07-31,KBS:HOSE:TCO,TCO,1,large
2024-07-31,KBS:HOSE:TCR,TCR,1,large
2024-07-31,KBS:HOSE:TDC,TDC,1,large
2024-07-31,KBS:HOSE:TDG,TDG,1,large
2024-07-31,KBS:HOSE:TDP,TDP,1,large
2024-07-31,KBS:HOSE:TDW,TDW,1,large
2024-07-31,KBS:HOSE:TEG,TEG,1,large
2024-07-31,KBS:HOSE:THG,THG,1,large
2024-07-31,KBS:HOSE:TIP,TIP,1,large
2024-07-31,KBS:HOSE:TLG,TLG,1,large
2024-07-31,KBS:HOSE:TLH,TLH,1,large
2024-07-31,KBS:HOSE:TMS,TMS,1,large
2024-07-31,KBS:HOSE:TMT,TMT,1,large
2024-07-31,KBS:HOSE:TN1,TN1,1,large
2024-07-31,KBS:HOSE:TNC,TNC,1,large
2024-07-31,KBS:HOSE:TNH,TNH,1,large
2024-07-31,KBS:HOSE:TNI,TNI,1,large
2024-07-31,KBS:HOSE:TNT,TNT,1,large
2024-07-31,KBS:HOSE:TPB,TPB,0,small
2024-07-31,KBS:HOSE:TRA,TRA,1,large
2024-07-31,KBS:HOSE:TRC,TRC,1,large
2024-07-31,KBS:HOSE:TTE,TTE,1,large
2024-07-31,KBS:HOSE:TV2,TV2,1,large
2024-07-31,KBS:HOSE:TVB,TVB,1,large
2024-07-31,KBS:HOSE:TVS,TVS,1,large
2024-07-31,KBS:HOSE:UIC,UIC,1,large
2024-07-31,KBS:HOSE:VCA,VCA,1,large
2024-07-31,KBS:HOSE:VCG,VCG,1,large
2024-07-31,KBS:HOSE:VDS,VDS,1,large
2024-07-31,KBS:HOSE:VFG,VFG,1,large
2024-07-31,KBS:HOSE:VGC,VGC,1,large
2024-07-31,KBS:HOSE:VHM,VHM,0,small
2024-07-31,KBS:HOSE:VIP,VIP,1,large
2024-07-31,KBS:HOSE:VIX,VIX,0,small
2024-07-31,KBS:HOSE:VJC,VJC,1,large
2024-07-31,KBS:HOSE:VND,VND,1,large
2024-07-31,KBS:HOSE:VNG,VNG,1,large
2024-07-31,KBS:HOSE:VOS,VOS,1,large
2024-07-31,KBS:HOSE:VPB,VPB,0,small
2024-07-31,KBS:HOSE:VPS,VPS,1,large
2024-07-31,KBS:HOSE:VSH,VSH,1,large
2024-07-31,KBS:HOSE:VSI,VSI,1,large
2024-07-31,KBS:HOSE:VTO,VTO,1,large
2024-07-31,KBS:UPCOM:GMC,GMC,1,large
2024-07-31,KBS:UPCOM:HBC,HBC,1,large
2024-07-31,KBS:UPCOM:HNG,HNG,1,large
2024-08-30,KBS:HNX:CST,CST,0,large
2024-08-30,KBS:HNX:MIC,MIC,0,large
2024-08-30,KBS:HNX:PTX,PTX,0,large
2024-08-30,KBS:HOSE:AAM,AAM,0,large
2024-08-30,KBS:HOSE:AAT,AAT,0,large
2024-08-30,KBS:HOSE:ABR,ABR,0,large
2024-08-30,KBS:HOSE:ABS,ABS,0,large
2024-08-30,KBS:HOSE:ABT,ABT,0,large
2024-08-30,KBS:HOSE:ACC,ACC,0,large
2024-08-30,KBS:HOSE:ACG,ACG,0,large
2024-08-30,KBS:HOSE:ACL,ACL,0,large
2024-08-30,KBS:HOSE:ADP,ADP,0,large
2024-08-30,KBS:HOSE:ADS,ADS,0,large
2024-08-30,KBS:HOSE:AFX,AFX,0,large
2024-08-30,KBS:HOSE:AGG,AGG,0,large
2024-08-30,KBS:HOSE:AGR,AGR,0,large
2024-08-30,KBS:HOSE:ANT,ANT,0,large
2024-08-30,KBS:HOSE:ANV,ANV,0,large
2024-08-30,KBS:HOSE:APG,APG,0,large
2024-08-30,KBS:HOSE:APH,APH,0,large
2024-08-30,KBS:HOSE:ASM,ASM,0,large
2024-08-30,KBS:HOSE:ASP,ASP,0,large
2024-08-30,KBS:HOSE:AST,AST,0,large
2024-08-30,KBS:HOSE:BCE,BCE,0,large
2024-08-30,KBS:HOSE:BCM,BCM,0,large
2024-08-30,KBS:HOSE:BFC,BFC,0,large
2024-08-30,KBS:HOSE:BHN,BHN,0,large
2024-08-30,KBS:HOSE:BIC,BIC,0,large
2024-08-30,KBS:HOSE:BKG,BKG,0,large
2024-08-30,KBS:HOSE:BMI,BMI,0,large
2024-08-30,KBS:HOSE:BRC,BRC,0,large
2024-08-30,KBS:HOSE:BSR,BSR,1,small
2024-08-30,KBS:HOSE:BTP,BTP,0,large
2024-08-30,KBS:HOSE:BVH,BVH,0,large
2024-08-30,KBS:HOSE:C32,C32,0,large
2024-08-30,KBS:HOSE:CCI,CCI,0,large
2024-08-30,KBS:HOSE:CCL,CCL,0,large
2024-08-30,KBS:HOSE:CDC,CDC,0,large
2024-08-30,KBS:HOSE:CHP,CHP,0,large
2024-08-30,KBS:HOSE:CIG,CIG,0,large
2024-08-30,KBS:HOSE:CII,CII,0,large
2024-08-30,KBS:HOSE:CKG,CKG,0,large
2024-08-30,KBS:HOSE:CLC,CLC,0,large
2024-08-30,KBS:HOSE:CLW,CLW,0,large
2024-08-30,KBS:HOSE:CMV,CMV,0,large
2024-08-30,KBS:HOSE:CMX,CMX,0,large
2024-08-30,KBS:HOSE:CNG,CNG,0,large
2024-08-30,KBS:HOSE:COM,COM,0,large
2024-08-30,KBS:HOSE:CRC,CRC,0,large
2024-08-30,KBS:HOSE:CRE,CRE,0,large
2024-08-30,KBS:HOSE:CSV,CSV,0,large
2024-08-30,KBS:HOSE:CTD,CTD,0,large
2024-08-30,KBS:HOSE:CTF,CTF,0,large
2024-08-30,KBS:HOSE:CTI,CTI,0,large
2024-08-30,KBS:HOSE:CTR,CTR,0,large
2024-08-30,KBS:HOSE:CTS,CTS,0,large
2024-08-30,KBS:HOSE:CVT,CVT,0,large
2024-08-30,KBS:HOSE:D2D,D2D,0,large
2024-08-30,KBS:HOSE:DAH,DAH,0,large
2024-08-30,KBS:HOSE:DBC,DBC,1,small
2024-08-30,KBS:HOSE:DBD,DBD,0,large
2024-08-30,KBS:HOSE:DC4,DC4,0,large
2024-08-30,KBS:HOSE:DCL,DCL,0,large
2024-08-30,KBS:HOSE:DCM,DCM,0,large
2024-08-30,KBS:HOSE:DGC,DGC,1,small
2024-08-30,KBS:HOSE:DGW,DGW,0,large
2024-08-30,KBS:HOSE:DHA,DHA,0,large
2024-08-30,KBS:HOSE:DHC,DHC,0,large
2024-08-30,KBS:HOSE:DLG,DLG,0,large
2024-08-30,KBS:HOSE:DMC,DMC,0,large
2024-08-30,KBS:HOSE:DPG,DPG,0,large
2024-08-30,KBS:HOSE:DQC,DQC,0,large
2024-08-30,KBS:HOSE:DRC,DRC,0,large
2024-08-30,KBS:HOSE:DRH,DRH,0,large
2024-08-30,KBS:HOSE:DSC,DSC,0,large
2024-08-30,KBS:HOSE:DSN,DSN,0,large
2024-08-30,KBS:HOSE:DTA,DTA,0,large
2024-08-30,KBS:HOSE:DTL,DTL,0,large
2024-08-30,KBS:HOSE:DTT,DTT,0,large
2024-08-30,KBS:HOSE:DVP,DVP,0,large
2024-08-30,KBS:HOSE:DXG,DXG,1,small
2024-08-30,KBS:HOSE:DXS,DXS,0,large
2024-08-30,KBS:HOSE:DXV,DXV,0,large
2024-08-30,KBS:HOSE:EVE,EVE,0,large
2024-08-30,KBS:HOSE:EVG,EVG,0,large
2024-08-30,KBS:HOSE:FCM,FCM,0,large
2024-08-30,KBS:HOSE:FCN,FCN,0,large
2024-08-30,KBS:HOSE:FDC,FDC,0,large
2024-08-30,KBS:HOSE:FIR,FIR,0,large
2024-08-30,KBS:HOSE:FIT,FIT,0,large
2024-08-30,KBS:HOSE:FMC,FMC,0,large
2024-08-30,KBS:HOSE:FPT,FPT,1,small
2024-08-30,KBS:HOSE:FRT,FRT,0,large
2024-08-30,KBS:HOSE:FTS,FTS,0,large
2024-08-30,KBS:HOSE:GDT,GDT,0,large
2024-08-30,KBS:HOSE:GEG,GEG,0,large
2024-08-30,KBS:HOSE:GHC,GHC,0,large
2024-08-30,KBS:HOSE:GIL,GIL,0,large
2024-08-30,KBS:HOSE:GMD,GMD,0,large
2024-08-30,KBS:HOSE:GTA,GTA,0,large
2024-08-30,KBS:HOSE:HAG,HAG,0,large
2024-08-30,KBS:HOSE:HAP,HAP,0,large
2024-08-30,KBS:HOSE:HAR,HAR,0,large
2024-08-30,KBS:HOSE:HAS,HAS,0,large
2024-08-30,KBS:HOSE:HAX,HAX,0,large
2024-08-30,KBS:HOSE:HCM,HCM,1,small
2024-08-30,KBS:HOSE:HDC,HDC,0,large
2024-08-30,KBS:HOSE:HDG,HDG,0,large
2024-08-30,KBS:HOSE:HHP,HHP,0,large
2024-08-30,KBS:HOSE:HHV,HHV,0,large
2024-08-30,KBS:HOSE:HID,HID,0,large
2024-08-30,KBS:HOSE:HII,HII,0,large
2024-08-30,KBS:HOSE:HMC,HMC,0,large
2024-08-30,KBS:HOSE:HQC,HQC,0,large
2024-08-30,KBS:HOSE:HRC,HRC,0,large
2024-08-30,KBS:HOSE:HSG,HSG,1,small
2024-08-30,KBS:HOSE:HSL,HSL,0,large
2024-08-30,KBS:HOSE:HTI,HTI,0,large
2024-08-30,KBS:HOSE:HTL,HTL,0,large
2024-08-30,KBS:HOSE:HTN,HTN,0,large
2024-08-30,KBS:HOSE:HTV,HTV,0,large
2024-08-30,KBS:HOSE:HUB,HUB,0,large
2024-08-30,KBS:HOSE:HVN,HVN,0,large
2024-08-30,KBS:HOSE:ICT,ICT,0,large
2024-08-30,KBS:HOSE:IJC,IJC,0,large
2024-08-30,KBS:HOSE:ILB,ILB,0,large
2024-08-30,KBS:HOSE:ITC,ITC,0,large
2024-08-30,KBS:HOSE:ITD,ITD,0,large
2024-08-30,KBS:HOSE:JVC,JVC,0,large
2024-08-30,KBS:HOSE:KBC,KBC,0,large
2024-08-30,KBS:HOSE:KDC,KDC,0,large
2024-08-30,KBS:HOSE:KDH,KDH,0,large
2024-08-30,KBS:HOSE:KHG,KHG,0,large
2024-08-30,KBS:HOSE:KHP,KHP,0,large
2024-08-30,KBS:HOSE:KLB,KLB,0,large
2024-08-30,KBS:HOSE:KMR,KMR,0,large
2024-08-30,KBS:HOSE:KOS,KOS,0,large
2024-08-30,KBS:HOSE:KSB,KSB,0,large
2024-08-30,KBS:HOSE:LAF,LAF,0,large
2024-08-30,KBS:HOSE:LBM,LBM,0,large
2024-08-30,KBS:HOSE:LCG,LCG,0,large
2024-08-30,KBS:HOSE:LDG,LDG,0,large
2024-08-30,KBS:HOSE:LGL,LGL,0,large
2024-08-30,KBS:HOSE:LHG,LHG,0,large
2024-08-30,KBS:HOSE:LIX,LIX,0,large
2024-08-30,KBS:HOSE:LM8,LM8,0,large
2024-08-30,KBS:HOSE:LPB,LPB,0,large
2024-08-30,KBS:HOSE:LSS,LSS,0,large
2024-08-30,KBS:HOSE:MBB,MBB,1,small
2024-08-30,KBS:HOSE:MCH,MCH,0,large
2024-08-30,KBS:HOSE:MCP,MCP,0,large
2024-08-30,KBS:HOSE:MDG,MDG,0,large
2024-08-30,KBS:HOSE:MHC,MHC,0,large
2024-08-30,KBS:HOSE:MIG,MIG,0,large
2024-08-30,KBS:HOSE:MSB,MSB,1,small
2024-08-30,KBS:HOSE:MSH,MSH,0,large
2024-08-30,KBS:HOSE:MWG,MWG,1,small
2024-08-30,KBS:HOSE:NAF,NAF,0,large
2024-08-30,KBS:HOSE:NAV,NAV,0,large
2024-08-30,KBS:HOSE:NBB,NBB,0,large
2024-08-30,KBS:HOSE:NCT,NCT,0,large
2024-08-30,KBS:HOSE:NHA,NHA,0,large
2024-08-30,KBS:HOSE:NHT,NHT,0,large
2024-08-30,KBS:HOSE:NKG,NKG,0,large
2024-08-30,KBS:HOSE:NLG,NLG,0,large
2024-08-30,KBS:HOSE:NNC,NNC,0,large
2024-08-30,KBS:HOSE:NTC,NTC,0,large
2024-08-30,KBS:HOSE:NVL,NVL,1,small
2024-08-30,KBS:HOSE:NVT,NVT,0,large
2024-08-30,KBS:HOSE:OCB,OCB,0,large
2024-08-30,KBS:HOSE:OGC,OGC,0,large
2024-08-30,KBS:HOSE:OPC,OPC,0,large
2024-08-30,KBS:HOSE:PAC,PAC,0,large
2024-08-30,KBS:HOSE:PAN,PAN,0,large
2024-08-30,KBS:HOSE:PDN,PDN,0,large
2024-08-30,KBS:HOSE:PDV,PDV,0,large
2024-08-30,KBS:HOSE:PGC,PGC,0,large
2024-08-30,KBS:HOSE:PGD,PGD,0,large
2024-08-30,KBS:HOSE:PGV,PGV,0,large
2024-08-30,KBS:HOSE:PHR,PHR,0,large
2024-08-30,KBS:HOSE:PIT,PIT,0,large
2024-08-30,KBS:HOSE:PLP,PLP,0,large
2024-08-30,KBS:HOSE:PLX,PLX,0,large
2024-08-30,KBS:HOSE:PNJ,PNJ,1,small
2024-08-30,KBS:HOSE:PTB,PTB,0,large
2024-08-30,KBS:HOSE:PTC,PTC,0,large
2024-08-30,KBS:HOSE:PTL,PTL,0,large
2024-08-30,KBS:HOSE:PVP,PVP,0,large
2024-08-30,KBS:HOSE:PVT,PVT,0,large
2024-08-30,KBS:HOSE:QCG,QCG,0,large
2024-08-30,KBS:HOSE:RAL,RAL,0,large
2024-08-30,KBS:HOSE:S4A,S4A,0,large
2024-08-30,KBS:HOSE:SAB,SAB,0,large
2024-08-30,KBS:HOSE:SAM,SAM,0,large
2024-08-30,KBS:HOSE:SAV,SAV,0,large
2024-08-30,KBS:HOSE:SBA,SBA,0,large
2024-08-30,KBS:HOSE:SBV,SBV,0,large
2024-08-30,KBS:HOSE:SC5,SC5,0,large
2024-08-30,KBS:HOSE:SCR,SCR,0,large
2024-08-30,KBS:HOSE:SCS,SCS,0,large
2024-08-30,KBS:HOSE:SFI,SFI,0,large
2024-08-30,KBS:HOSE:SGR,SGR,0,large
2024-08-30,KBS:HOSE:SGT,SGT,0,large
2024-08-30,KBS:HOSE:SHA,SHA,0,large
2024-08-30,KBS:HOSE:SHB,SHB,1,small
2024-08-30,KBS:HOSE:SHI,SHI,0,large
2024-08-30,KBS:HOSE:SHP,SHP,0,large
2024-08-30,KBS:HOSE:SJD,SJD,0,large
2024-08-30,KBS:HOSE:SJS,SJS,0,large
2024-08-30,KBS:HOSE:SMB,SMB,0,large
2024-08-30,KBS:HOSE:SMC,SMC,0,large
2024-08-30,KBS:HOSE:SPM,SPM,0,large
2024-08-30,KBS:HOSE:SRC,SRC,0,large
2024-08-30,KBS:HOSE:SRF,SRF,0,large
2024-08-30,KBS:HOSE:SSB,SSB,0,large
2024-08-30,KBS:HOSE:SSC,SSC,0,large
2024-08-30,KBS:HOSE:STB,STB,1,small
2024-08-30,KBS:HOSE:STG,STG,0,large
2024-08-30,KBS:HOSE:STK,STK,0,large
2024-08-30,KBS:HOSE:SVC,SVC,0,large
2024-08-30,KBS:HOSE:SVT,SVT,0,large
2024-08-30,KBS:HOSE:TCB,TCB,1,small
2024-08-30,KBS:HOSE:TCL,TCL,0,large
2024-08-30,KBS:HOSE:TCM,TCM,0,large
2024-08-30,KBS:HOSE:TCO,TCO,0,large
2024-08-30,KBS:HOSE:TCR,TCR,0,large
2024-08-30,KBS:HOSE:TDC,TDC,0,large
2024-08-30,KBS:HOSE:TDG,TDG,0,large
2024-08-30,KBS:HOSE:TDP,TDP,0,large
2024-08-30,KBS:HOSE:TDW,TDW,0,large
2024-08-30,KBS:HOSE:TEG,TEG,0,large
2024-08-30,KBS:HOSE:THG,THG,0,large
2024-08-30,KBS:HOSE:TIP,TIP,0,large
2024-08-30,KBS:HOSE:TLG,TLG,0,large
2024-08-30,KBS:HOSE:TLH,TLH,0,large
2024-08-30,KBS:HOSE:TMS,TMS,0,large
2024-08-30,KBS:HOSE:TMT,TMT,0,large
2024-08-30,KBS:HOSE:TNC,TNC,0,large
2024-08-30,KBS:HOSE:TNH,TNH,0,large
2024-08-30,KBS:HOSE:TNI,TNI,0,large
2024-08-30,KBS:HOSE:TNT,TNT,0,large
2024-08-30,KBS:HOSE:TPB,TPB,1,small
2024-08-30,KBS:HOSE:TRA,TRA,0,large
2024-08-30,KBS:HOSE:TRC,TRC,0,large
2024-08-30,KBS:HOSE:TTE,TTE,0,large
2024-08-30,KBS:HOSE:TV2,TV2,0,large
2024-08-30,KBS:HOSE:TVB,TVB,0,large
2024-08-30,KBS:HOSE:TVS,TVS,0,large
2024-08-30,KBS:HOSE:UIC,UIC,0,large
2024-08-30,KBS:HOSE:VAB,VAB,0,large
2024-08-30,KBS:HOSE:VCA,VCA,0,large
2024-08-30,KBS:HOSE:VCG,VCG,0,large
2024-08-30,KBS:HOSE:VDS,VDS,0,large
2024-08-30,KBS:HOSE:VFG,VFG,0,large
2024-08-30,KBS:HOSE:VGC,VGC,0,large
2024-08-30,KBS:HOSE:VHM,VHM,1,small
2024-08-30,KBS:HOSE:VIP,VIP,0,large
2024-08-30,KBS:HOSE:VIX,VIX,1,small
2024-08-30,KBS:HOSE:VJC,VJC,1,small
2024-08-30,KBS:HOSE:VND,VND,1,small
2024-08-30,KBS:HOSE:VNG,VNG,0,large
2024-08-30,KBS:HOSE:VOS,VOS,0,large
2024-08-30,KBS:HOSE:VPB,VPB,1,small
2024-08-30,KBS:HOSE:VPG,VPG,0,large
2024-08-30,KBS:HOSE:VPS,VPS,0,large
2024-08-30,KBS:HOSE:VSH,VSH,0,large
2024-08-30,KBS:HOSE:VSI,VSI,0,large
2024-08-30,KBS:HOSE:VTO,VTO,0,large
2024-08-30,KBS:UPCOM:A32,A32,0,large
2024-08-30,KBS:UPCOM:AAS,AAS,0,large
2024-08-30,KBS:UPCOM:ABB,ABB,0,large
2024-08-30,KBS:UPCOM:ABC,ABC,0,large
2024-08-30,KBS:UPCOM:ABI,ABI,0,large
2024-08-30,KBS:UPCOM:ACE,ACE,0,large
2024-08-30,KBS:UPCOM:ACM,ACM,0,large
2024-08-30,KBS:UPCOM:ACS,ACS,0,large
2024-08-30,KBS:UPCOM:ACV,ACV,0,large
2024-08-30,KBS:UPCOM:AG1,AG1,0,large
2024-08-30,KBS:UPCOM:AGF,AGF,0,large
2024-08-30,KBS:UPCOM:AGP,AGP,0,large
2024-08-30,KBS:UPCOM:AGX,AGX,0,large
2024-08-30,KBS:UPCOM:AIC,AIC,0,large
2024-08-30,KBS:UPCOM:ALV,ALV,0,large
2024-08-30,KBS:UPCOM:AMP,AMP,0,large
2024-08-30,KBS:UPCOM:AMS,AMS,0,large
2024-08-30,KBS:UPCOM:APF,APF,0,large
2024-08-30,KBS:UPCOM:APL,APL,0,large
2024-08-30,KBS:UPCOM:APT,APT,0,large
2024-08-30,KBS:UPCOM:ATA,ATA,0,large
2024-08-30,KBS:UPCOM:ATG,ATG,0,large
2024-08-30,KBS:UPCOM:AVC,AVC,0,large
2024-08-30,KBS:UPCOM:BAL,BAL,0,large
2024-08-30,KBS:UPCOM:BBH,BBH,0,large
2024-08-30,KBS:UPCOM:BBM,BBM,0,large
2024-08-30,KBS:UPCOM:BBT,BBT,0,large
2024-08-30,KBS:UPCOM:BCB,BCB,0,large
2024-08-30,KBS:UPCOM:BCP,BCP,0,large
2024-08-30,KBS:UPCOM:BDG,BDG,0,large
2024-08-30,KBS:UPCOM:BDT,BDT,0,large
2024-08-30,KBS:UPCOM:BDW,BDW,0,large
2024-08-30,KBS:UPCOM:BEL,BEL,0,large
2024-08-30,KBS:UPCOM:BGW,BGW,0,large
2024-08-30,KBS:UPCOM:BHA,BHA,0,large
2024-08-30,KBS:UPCOM:BHC,BHC,0,large
2024-08-30,KBS:UPCOM:BHG,BHG,0,large
2024-08-30,KBS:UPCOM:BHK,BHK,0,large
2024-08-30,KBS:UPCOM:BHP,BHP,0,large
2024-08-30,KBS:UPCOM:BIO,BIO,0,large
2024-08-30,KBS:UPCOM:BLI,BLI,0,large
2024-08-30,KBS:UPCOM:BLN,BLN,0,large
2024-08-30,KBS:UPCOM:BLT,BLT,0,large
2024-08-30,KBS:UPCOM:BMD,BMD,0,large
2024-08-30,KBS:UPCOM:BMF,BMF,0,large
2024-08-30,KBS:UPCOM:BMG,BMG,0,large
2024-08-30,KBS:UPCOM:BMJ,BMJ,0,large
2024-08-30,KBS:UPCOM:BMS,BMS,0,large
2024-08-30,KBS:UPCOM:BMV,BMV,0,large
2024-08-30,KBS:UPCOM:BNW,BNW,0,large
2024-08-30,KBS:UPCOM:BQB,BQB,0,large
2024-08-30,KBS:UPCOM:BRR,BRR,0,large
2024-08-30,KBS:UPCOM:BRS,BRS,0,large
2024-08-30,KBS:UPCOM:BSD,BSD,0,large
2024-08-30,KBS:UPCOM:BSG,BSG,0,large
2024-08-30,KBS:UPCOM:BSH,BSH,0,large
2024-08-30,KBS:UPCOM:BSL,BSL,0,large
2024-08-30,KBS:UPCOM:BSP,BSP,0,large
2024-08-30,KBS:UPCOM:BSQ,BSQ,0,large
2024-08-30,KBS:UPCOM:BTB,BTB,0,large
2024-08-30,KBS:UPCOM:BTD,BTD,0,large
2024-08-30,KBS:UPCOM:BTG,BTG,0,large
2024-08-30,KBS:UPCOM:BTN,BTN,0,large
2024-08-30,KBS:UPCOM:BTU,BTU,0,large
2024-08-30,KBS:UPCOM:BTV,BTV,0,large
2024-08-30,KBS:UPCOM:BVG,BVG,0,large
2024-08-30,KBS:UPCOM:BVL,BVL,0,large
2024-08-30,KBS:UPCOM:BVN,BVN,0,large
2024-08-30,KBS:UPCOM:BWA,BWA,0,large
2024-08-30,KBS:UPCOM:BWS,BWS,0,large
2024-08-30,KBS:UPCOM:C22,C22,0,large
2024-08-30,KBS:UPCOM:C4G,C4G,0,large
2024-08-30,KBS:UPCOM:C92,C92,0,large
2024-08-30,KBS:UPCOM:CAD,CAD,0,large
2024-08-30,KBS:UPCOM:CAT,CAT,0,large
2024-08-30,KBS:UPCOM:CBI,CBI,0,large
2024-08-30,KBS:UPCOM:CBS,CBS,0,large
2024-08-30,KBS:UPCOM:CC1,CC1,0,large
2024-08-30,KBS:UPCOM:CCA,CCA,0,large
2024-08-30,KBS:UPCOM:CCM,CCM,0,large
2024-08-30,KBS:UPCOM:CCP,CCP,0,large
2024-08-30,KBS:UPCOM:CCT,CCT,0,large
2024-08-30,KBS:UPCOM:CCV,CCV,0,large
2024-08-30,KBS:UPCOM:CDP,CDP,0,large
2024-08-30,KBS:UPCOM:CDR,CDR,0,large
2024-08-30,KBS:UPCOM:CEN,CEN,0,large
2024-08-30,KBS:UPCOM:CFM,CFM,0,large
2024-08-30,KBS:UPCOM:CFV,CFV,0,large
2024-08-30,KBS:UPCOM:CH5,CH5,0,large
2024-08-30,KBS:UPCOM:CHC,CHC,0,large
2024-08-30,KBS:UPCOM:CHS,CHS,0,large
2024-08-30,KBS:UPCOM:CI5,CI5,0,large
2024-08-30,KBS:UPCOM:CID,CID,0,large
2024-08-30,KBS:UPCOM:CKA,CKA,0,large
2024-08-30,KBS:UPCOM:CKD,CKD,0,large
2024-08-30,KBS:UPCOM:CLX,CLX,0,large
2024-08-30,KBS:UPCOM:CMD,CMD,0,large
2024-08-30,KBS:UPCOM:CMF,CMF,0,large
2024-08-30,KBS:UPCOM:CMI,CMI,0,large
2024-08-30,KBS:UPCOM:CMK,CMK,0,large
2024-08-30,KBS:UPCOM:CMN,CMN,0,large
2024-08-30,KBS:UPCOM:CMT,CMT,0,large
2024-08-30,KBS:UPCOM:CMW,CMW,0,large
2024-08-30,KBS:UPCOM:CNC,CNC,0,large
2024-08-30,KBS:UPCOM:CNN,CNN,0,large
2024-08-30,KBS:UPCOM:CNT,CNT,0,large
2024-08-30,KBS:UPCOM:CPA,CPA,0,large
2024-08-30,KBS:UPCOM:CPI,CPI,0,large
2024-08-30,KBS:UPCOM:CQN,CQN,0,large
2024-08-30,KBS:UPCOM:CQT,CQT,0,large
2024-08-30,KBS:UPCOM:CT3,CT3,0,large
2024-08-30,KBS:UPCOM:CTW,CTW,0,large
2024-08-30,KBS:UPCOM:DAS,DAS,0,large
2024-08-30,KBS:UPCOM:DBM,DBM,0,large
2024-08-30,KBS:UPCOM:DC1,DC1,0,large
2024-08-30,KBS:UPCOM:DCF,DCF,0,large
2024-08-30,KBS:UPCOM:DCH,DCH,0,large
2024-08-30,KBS:UPCOM:DCR,DCR,0,large
2024-08-30,KBS:UPCOM:DCS,DCS,0,large
2024-08-30,KBS:UPCOM:DCT,DCT,0,large
2024-08-30,KBS:UPCOM:DDH,DDH,0,large
2024-08-30,KBS:UPCOM:DDM,DDM,0,large
2024-08-30,KBS:UPCOM:DDN,DDN,0,large
2024-08-30,KBS:UPCOM:DDV,DDV,0,large
2024-08-30,KBS:UPCOM:DFC,DFC,0,large
2024-08-30,KBS:UPCOM:DGT,DGT,0,large
2024-08-30,KBS:UPCOM:DHB,DHB,0,large
2024-08-30,KBS:UPCOM:DHD,DHD,0,large
2024-08-30,KBS:UPCOM:DHN,DHN,0,large
2024-08-30,KBS:UPCOM:DIC,DIC,0,large
2024-08-30,KBS:UPCOM:DID,DID,0,large
2024-08-30,KBS:UPCOM:DKC,DKC,0,large
2024-08-30,KBS:UPCOM:DLR,DLR,0,large
2024-08-30,KBS:UPCOM:DLT,DLT,0,large
2024-08-30,KBS:UPCOM:DM7,DM7,0,large
2024-08-30,KBS:UPCOM:DNA,DNA,0,large
2024-08-30,KBS:UPCOM:DND,DND,0,large
2024-08-30,KBS:UPCOM:DNE,DNE,0,large
2024-08-30,KBS:UPCOM:DNH,DNH,0,large
2024-08-30,KBS:UPCOM:DNL,DNL,0,large
2024-08-30,KBS:UPCOM:DNM,DNM,0,large
2024-08-30,KBS:UPCOM:DNT,DNT,0,large
2024-08-30,KBS:UPCOM:DNW,DNW,0,large
2024-08-30,KBS:UPCOM:DOC,DOC,0,large
2024-08-30,KBS:UPCOM:DOP,DOP,0,large
2024-08-30,KBS:UPCOM:DP1,DP1,0,large
2024-08-30,KBS:UPCOM:DPH,DPH,0,large
2024-08-30,KBS:UPCOM:DPP,DPP,0,large
2024-08-30,KBS:UPCOM:DRG,DRG,0,large
2024-08-30,KBS:UPCOM:DRI,DRI,0,large
2024-08-30,KBS:UPCOM:DSG,DSG,0,large
2024-08-30,KBS:UPCOM:DSP,DSP,0,large
2024-08-30,KBS:UPCOM:DTI,DTI,0,large
2024-08-30,KBS:UPCOM:DTP,DTP,0,large
2024-08-30,KBS:UPCOM:DUS,DUS,0,large
2024-08-30,KBS:UPCOM:DVC,DVC,0,large
2024-08-30,KBS:UPCOM:DVW,DVW,0,large
2024-08-30,KBS:UPCOM:DWS,DWS,0,large
2024-08-30,KBS:UPCOM:DXL,DXL,0,large
2024-08-30,KBS:UPCOM:E12,E12,0,large
2024-08-30,KBS:UPCOM:E29,E29,0,large
2024-08-30,KBS:UPCOM:EIC,EIC,0,large
2024-08-30,KBS:UPCOM:EIN,EIN,0,large
2024-08-30,KBS:UPCOM:EMG,EMG,0,large
2024-08-30,KBS:UPCOM:EMS,EMS,0,large
2024-08-30,KBS:UPCOM:FCC,FCC,0,large
2024-08-30,KBS:UPCOM:FCS,FCS,0,large
2024-08-30,KBS:UPCOM:FHN,FHN,0,large
2024-08-30,KBS:UPCOM:FHS,FHS,0,large
2024-08-30,KBS:UPCOM:FIC,FIC,0,large
2024-08-30,KBS:UPCOM:FOC,FOC,0,large
2024-08-30,KBS:UPCOM:FOX,FOX,0,large
2024-08-30,KBS:UPCOM:FRC,FRC,0,large
2024-08-30,KBS:UPCOM:FRM,FRM,0,large
2024-08-30,KBS:UPCOM:FT1,FT1,0,large
2024-08-30,KBS:UPCOM:FTI,FTI,0,large
2024-08-30,KBS:UPCOM:FTM,FTM,0,large
2024-08-30,KBS:UPCOM:G36,G36,0,large
2024-08-30,KBS:UPCOM:GCB,GCB,0,large
2024-08-30,KBS:UPCOM:GER,GER,0,large
2024-08-30,KBS:UPCOM:GGG,GGG,0,large
2024-08-30,KBS:UPCOM:GH3,GH3,0,large
2024-08-30,KBS:UPCOM:GLC,GLC,0,large
2024-08-30,KBS:UPCOM:GMC,GMC,0,large
2024-08-30,KBS:UPCOM:GND,GND,0,large
2024-08-30,KBS:UPCOM:GSM,GSM,0,large
2024-08-30,KBS:UPCOM:GTD,GTD,0,large
2024-08-30,KBS:UPCOM:GTS,GTS,0,large
2024-08-30,KBS:UPCOM:H11,H11,0,large
2024-08-30,KBS:UPCOM:HAC,HAC,0,large
2024-08-30,KBS:UPCOM:HAF,HAF,0,large
2024-08-30,KBS:UPCOM:HAM,HAM,0,large
2024-08-30,KBS:UPCOM:HAN,HAN,0,large
2024-08-30,KBS:UPCOM:HBC,HBC,0,large
2024-08-30,KBS:UPCOM:HBD,HBD,0,large
2024-08-30,KBS:UPCOM:HBH,HBH,0,large
2024-08-30,KBS:UPCOM:HD6,HD6,0,large
2024-08-30,KBS:UPCOM:HDW,HDW,0,large
2024-08-30,KBS:UPCOM:HEJ,HEJ,0,large
2024-08-30,KBS:UPCOM:HEP,HEP,0,large
2024-08-30,KBS:UPCOM:HES,HES,0,large
2024-08-30,KBS:UPCOM:HHG,HHG,0,large
2024-08-30,KBS:UPCOM:HLB,HLB,0,large
2024-08-30,KBS:UPCOM:HLS,HLS,0,large
2024-08-30,KBS:UPCOM:HND,HND,0,large
2024-08-30,KBS:UPCOM:HNF,HNF,0,large
2024-08-30,KBS:UPCOM:HNG,HNG,0,large
2024-08-30,KBS:UPCOM:HNM,HNM,0,large
2024-08-30,KBS:UPCOM:HPH,HPH,0,large
2024-08-30,KBS:UPCOM:HPT,HPT,0,large
2024-08-30,KBS:UPCOM:HTM,HTM,0,large
2024-08-30,KBS:UPCOM:HWS,HWS,0,large
2024-08-30,KBS:UPCOM:ICI,ICI,0,large
2024-08-30,KBS:UPCOM:ICN,ICN,0,large
2024-08-30,KBS:UPCOM:IFS,IFS,0,large
2024-08-30,KBS:UPCOM:ILA,ILA,0,large
2024-08-30,KBS:UPCOM:ILC,ILC,0,large
2024-08-30,KBS:UPCOM:ILS,ILS,0,large
2024-08-30,KBS:UPCOM:IST,IST,0,large
2024-08-30,KBS:UPCOM:JOS,JOS,0,large
2024-08-30,KBS:UPCOM:KHW,KHW,0,large
2024-08-30,KBS:UPCOM:KIP,KIP,0,large
2024-08-30,KBS:UPCOM:L63,L63,0,large
2024-08-30,KBS:UPCOM:LAI,LAI,0,large
2024-08-30,KBS:UPCOM:LIC,LIC,0,large
2024-08-30,KBS:UPCOM:LLM,LLM,0,large
2024-08-30,KBS:UPCOM:LMI,LMI,0,large
2024-08-30,KBS:UPCOM:LTC,LTC,0,large
2024-08-30,KBS:UPCOM:MDF,MDF,0,large
2024-08-30,KBS:UPCOM:MEC,MEC,0,large
2024-08-30,KBS:UPCOM:MFS,MFS,0,large
2024-08-30,KBS:UPCOM:MGC,MGC,0,large
2024-08-30,KBS:UPCOM:MGG,MGG,0,large
2024-08-30,KBS:UPCOM:MPC,MPC,0,large
2024-08-30,KBS:UPCOM:MSR,MSR,0,large
2024-08-30,KBS:UPCOM:MVN,MVN,0,large
2024-08-30,KBS:UPCOM:NAU,NAU,0,large
2024-08-30,KBS:UPCOM:NBT,NBT,0,large
2024-08-30,KBS:UPCOM:ND2,ND2,0,large
2024-08-30,KBS:UPCOM:NOS,NOS,0,large
2024-08-30,KBS:UPCOM:NQN,NQN,0,large
2024-08-30,KBS:UPCOM:NTT,NTT,0,large
2024-08-30,KBS:UPCOM:NTW,NTW,0,large
2024-08-30,KBS:UPCOM:NUE,NUE,0,large
2024-08-30,KBS:UPCOM:OIL,OIL,0,large
2024-08-30,KBS:UPCOM:PCC,PCC,0,large
2024-08-30,KBS:UPCOM:PCF,PCF,0,large
2024-08-30,KBS:UPCOM:PFL,PFL,0,large
2024-08-30,KBS:UPCOM:PHP,PHP,0,large
2024-08-30,KBS:UPCOM:PHS,PHS,0,large
2024-08-30,KBS:UPCOM:PVE,PVE,0,large
2024-08-30,KBS:UPCOM:PVL,PVL,0,large
2024-08-30,KBS:UPCOM:PVX,PVX,0,large
2024-08-30,KBS:UPCOM:PWA,PWA,0,large
2024-08-30,KBS:UPCOM:PWS,PWS,0,large
2024-08-30,KBS:UPCOM:PXA,PXA,0,large
2024-08-30,KBS:UPCOM:PXI,PXI,0,large
2024-08-30,KBS:UPCOM:PXM,PXM,0,large
2024-08-30,KBS:UPCOM:PXS,PXS,0,large
2024-08-30,KBS:UPCOM:QCC,QCC,0,large
2024-08-30,KBS:UPCOM:QHW,QHW,0,large
2024-08-30,KBS:UPCOM:QNC,QNC,0,large
2024-08-30,KBS:UPCOM:QNS,QNS,0,large
2024-08-30,KBS:UPCOM:QPH,QPH,0,large
2024-08-30,KBS:UPCOM:QSP,QSP,0,large
2024-08-30,KBS:UPCOM:RIC,RIC,0,large
2024-08-30,KBS:UPCOM:S74,S74,0,large
2024-08-30,KBS:UPCOM:SBD,SBD,0,large
2024-08-30,KBS:UPCOM:SBM,SBM,0,large
2024-08-30,KBS:UPCOM:SCJ,SCJ,0,large
2024-08-30,KBS:UPCOM:SCL,SCL,0,large
2024-08-30,KBS:UPCOM:SD2,SD2,0,large
2024-08-30,KBS:UPCOM:SD7,SD7,0,large
2024-08-30,KBS:UPCOM:SDP,SDP,0,large
2024-08-30,KBS:UPCOM:SEA,SEA,0,large
2024-08-30,KBS:UPCOM:SGB,SGB,0,large
2024-08-30,KBS:UPCOM:SGS,SGS,0,large
2024-08-30,KBS:UPCOM:SID,SID,0,large
2024-08-30,KBS:UPCOM:SJG,SJG,0,large
2024-08-30,KBS:UPCOM:SKV,SKV,0,large
2024-08-30,KBS:UPCOM:SRB,SRB,0,large
2024-08-30,KBS:UPCOM:SSG,SSG,0,large
2024-08-30,KBS:UPCOM:SSH,SSH,0,large
2024-08-30,KBS:UPCOM:STT,STT,0,large
2024-08-30,KBS:UPCOM:SWC,SWC,0,large
2024-08-30,KBS:UPCOM:TDB,TDB,0,large
2024-08-30,KBS:UPCOM:TDS,TDS,0,large
2024-08-30,KBS:UPCOM:TGP,TGP,0,large
2024-08-30,KBS:UPCOM:THW,THW,0,large
2024-08-30,KBS:UPCOM:TIS,TIS,0,large
2024-08-30,KBS:UPCOM:TLP,TLP,0,large
2024-08-30,KBS:UPCOM:TNW,TNW,0,large
2024-08-30,KBS:UPCOM:TOW,TOW,0,large
2024-08-30,KBS:UPCOM:TSD,TSD,0,large
2024-08-30,KBS:UPCOM:TST,TST,0,large
2024-08-30,KBS:UPCOM:TTD,TTD,0,large
2024-08-30,KBS:UPCOM:TTG,TTG,0,large
2024-08-30,KBS:UPCOM:TTS,TTS,0,large
2024-08-30,KBS:UPCOM:TUG,TUG,0,large
2024-08-30,KBS:UPCOM:TV1,TV1,0,large
2024-08-30,KBS:UPCOM:TVN,TVN,0,large
2024-08-30,KBS:UPCOM:UDC,UDC,0,large
2024-08-30,KBS:UPCOM:USC,USC,0,large
2024-08-30,KBS:UPCOM:VAV,VAV,0,large
2024-08-30,KBS:UPCOM:VCP,VCP,0,large
2024-08-30,KBS:UPCOM:VCR,VCR,0,large
2024-08-30,KBS:UPCOM:VDN,VDN,0,large
2024-08-30,KBS:UPCOM:VEA,VEA,0,large
2024-08-30,KBS:UPCOM:VGG,VGG,0,large
2024-08-30,KBS:UPCOM:VGI,VGI,0,large
2024-08-30,KBS:UPCOM:VGT,VGT,0,large
2024-08-30,KBS:UPCOM:VHG,VHG,0,large
2024-08-30,KBS:UPCOM:VIM,VIM,0,large
2024-08-30,KBS:UPCOM:VIN,VIN,0,large
2024-08-30,KBS:UPCOM:VIW,VIW,0,large
2024-08-30,KBS:UPCOM:VKC,VKC,0,large
2024-08-30,KBS:UPCOM:VLG,VLG,0,large
2024-08-30,KBS:UPCOM:VLW,VLW,0,large
2024-08-30,KBS:UPCOM:VNB,VNB,0,large
2024-08-30,KBS:UPCOM:VPR,VPR,0,large
2024-08-30,KBS:UPCOM:VSE,VSE,0,large
2024-08-30,KBS:UPCOM:VST,VST,0,large
2024-08-30,KBS:UPCOM:VTK,VTK,0,large
2024-08-30,KBS:UPCOM:VW3,VW3,0,large
2024-08-30,KBS:UPCOM:WSB,WSB,0,large
2024-08-30,KBS:UPCOM:XMC,XMC,0,large
2024-08-30,KBS:UPCOM:XMP,XMP,0,large
2024-09-30,KBS:HNX:CST,CST,0,large
2024-09-30,KBS:HNX:MIC,MIC,0,large
2024-09-30,KBS:HOSE:AAM,AAM,0,large
2024-09-30,KBS:HOSE:AAT,AAT,0,large
2024-09-30,KBS:HOSE:ABR,ABR,0,large
2024-09-30,KBS:HOSE:ABS,ABS,0,large
2024-09-30,KBS:HOSE:ABT,ABT,0,large
2024-09-30,KBS:HOSE:ACC,ACC,0,large
2024-09-30,KBS:HOSE:ACG,ACG,0,large
2024-09-30,KBS:HOSE:ACL,ACL,0,large
2024-09-30,KBS:HOSE:ADP,ADP,0,large
2024-09-30,KBS:HOSE:ADS,ADS,0,large
2024-09-30,KBS:HOSE:AFX,AFX,0,large
2024-09-30,KBS:HOSE:AGG,AGG,0,large
2024-09-30,KBS:HOSE:AGR,AGR,0,large
2024-09-30,KBS:HOSE:ANT,ANT,0,large
2024-09-30,KBS:HOSE:ANV,ANV,0,large
2024-09-30,KBS:HOSE:APG,APG,0,large
2024-09-30,KBS:HOSE:APH,APH,0,large
2024-09-30,KBS:HOSE:ASM,ASM,0,large
2024-09-30,KBS:HOSE:ASP,ASP,0,large
2024-09-30,KBS:HOSE:AST,AST,0,large
2024-09-30,KBS:HOSE:BCE,BCE,0,large
2024-09-30,KBS:HOSE:BCM,BCM,0,large
2024-09-30,KBS:HOSE:BFC,BFC,0,large
2024-09-30,KBS:HOSE:BHN,BHN,0,large
2024-09-30,KBS:HOSE:BIC,BIC,0,large
2024-09-30,KBS:HOSE:BKG,BKG,0,large
2024-09-30,KBS:HOSE:BMI,BMI,0,large
2024-09-30,KBS:HOSE:BRC,BRC,0,large
2024-09-30,KBS:HOSE:BSI,BSI,0,large
2024-09-30,KBS:HOSE:BSR,BSR,0,large
2024-09-30,KBS:HOSE:BTP,BTP,0,large
2024-09-30,KBS:HOSE:BVH,BVH,0,large
2024-09-30,KBS:HOSE:C32,C32,0,large
2024-09-30,KBS:HOSE:CCI,CCI,0,large
2024-09-30,KBS:HOSE:CCL,CCL,0,large
2024-09-30,KBS:HOSE:CDC,CDC,0,large
2024-09-30,KBS:HOSE:CHP,CHP,0,large
2024-09-30,KBS:HOSE:CIG,CIG,0,large
2024-09-30,KBS:HOSE:CII,CII,0,large
2024-09-30,KBS:HOSE:CKG,CKG,0,large
2024-09-30,KBS:HOSE:CLC,CLC,0,large
2024-09-30,KBS:HOSE:CLW,CLW,0,large
2024-09-30,KBS:HOSE:CMV,CMV,0,large
2024-09-30,KBS:HOSE:CMX,CMX,0,large
2024-09-30,KBS:HOSE:CNG,CNG,0,large
2024-09-30,KBS:HOSE:COM,COM,0,large
2024-09-30,KBS:HOSE:CRC,CRC,0,large
2024-09-30,KBS:HOSE:CRE,CRE,0,large
2024-09-30,KBS:HOSE:CSV,CSV,0,large
2024-09-30,KBS:HOSE:CTD,CTD,0,large
2024-09-30,KBS:HOSE:CTF,CTF,0,large
2024-09-30,KBS:HOSE:CTI,CTI,0,large
2024-09-30,KBS:HOSE:CTR,CTR,0,large
2024-09-30,KBS:HOSE:CTS,CTS,0,large
2024-09-30,KBS:HOSE:CVT,CVT,0,large
2024-09-30,KBS:HOSE:D2D,D2D,0,large
2024-09-30,KBS:HOSE:DAH,DAH,0,large
2024-09-30,KBS:HOSE:DBC,DBC,0,large
2024-09-30,KBS:HOSE:DBD,DBD,0,large
2024-09-30,KBS:HOSE:DC4,DC4,0,large
2024-09-30,KBS:HOSE:DCL,DCL,0,large
2024-09-30,KBS:HOSE:DCM,DCM,0,large
2024-09-30,KBS:HOSE:DGC,DGC,1,small
2024-09-30,KBS:HOSE:DGW,DGW,0,large
2024-09-30,KBS:HOSE:DHA,DHA,0,large
2024-09-30,KBS:HOSE:DHC,DHC,0,large
2024-09-30,KBS:HOSE:DLG,DLG,0,large
2024-09-30,KBS:HOSE:DMC,DMC,0,large
2024-09-30,KBS:HOSE:DPG,DPG,0,large
2024-09-30,KBS:HOSE:DQC,DQC,0,large
2024-09-30,KBS:HOSE:DRC,DRC,0,large
2024-09-30,KBS:HOSE:DSC,DSC,0,large
2024-09-30,KBS:HOSE:DSN,DSN,0,large
2024-09-30,KBS:HOSE:DTA,DTA,0,large
2024-09-30,KBS:HOSE:DTL,DTL,0,large
2024-09-30,KBS:HOSE:DTT,DTT,0,large
2024-09-30,KBS:HOSE:DVP,DVP,0,large
2024-09-30,KBS:HOSE:DXG,DXG,1,small
2024-09-30,KBS:HOSE:DXS,DXS,0,large
2024-09-30,KBS:HOSE:DXV,DXV,0,large
2024-09-30,KBS:HOSE:EIB,EIB,1,small
2024-09-30,KBS:HOSE:EVE,EVE,0,large
2024-09-30,KBS:HOSE:EVF,EVF,0,large
2024-09-30,KBS:HOSE:EVG,EVG,0,large
2024-09-30,KBS:HOSE:FCM,FCM,0,large
2024-09-30,KBS:HOSE:FCN,FCN,0,large
2024-09-30,KBS:HOSE:FDC,FDC,0,large
2024-09-30,KBS:HOSE:FIR,FIR,0,large
2024-09-30,KBS:HOSE:FIT,FIT,0,large
2024-09-30,KBS:HOSE:FMC,FMC,0,large
2024-09-30,KBS:HOSE:FPT,FPT,1,small
2024-09-30,KBS:HOSE:FRT,FRT,0,large
2024-09-30,KBS:HOSE:FTS,FTS,0,large
2024-09-30,KBS:HOSE:GAS,GAS,0,large
2024-09-30,KBS:HOSE:GDT,GDT,0,large
2024-09-30,KBS:HOSE:GEG,GEG,0,large
2024-09-30,KBS:HOSE:GHC,GHC,0,large
2024-09-30,KBS:HOSE:GIL,GIL,0,large
2024-09-30,KBS:HOSE:GMD,GMD,0,large
2024-09-30,KBS:HOSE:GTA,GTA,0,large
2024-09-30,KBS:HOSE:HAG,HAG,0,large
2024-09-30,KBS:HOSE:HAP,HAP,0,large
2024-09-30,KBS:HOSE:HAR,HAR,0,large
2024-09-30,KBS:HOSE:HAS,HAS,0,large
2024-09-30,KBS:HOSE:HAX,HAX,0,large
2024-09-30,KBS:HOSE:HCD,HCD,0,large
2024-09-30,KBS:HOSE:HCM,HCM,1,small
2024-09-30,KBS:HOSE:HDC,HDC,0,large
2024-09-30,KBS:HOSE:HDG,HDG,0,large
2024-09-30,KBS:HOSE:HHP,HHP,0,large
2024-09-30,KBS:HOSE:HHV,HHV,0,large
2024-09-30,KBS:HOSE:HID,HID,0,large
2024-09-30,KBS:HOSE:HII,HII,0,large
2024-09-30,KBS:HOSE:HMC,HMC,0,large
2024-09-30,KBS:HOSE:HQC,HQC,0,large
2024-09-30,KBS:HOSE:HRC,HRC,0,large
2024-09-30,KBS:HOSE:HSG,HSG,1,small
2024-09-30,KBS:HOSE:HSL,HSL,0,large
2024-09-30,KBS:HOSE:HTI,HTI,0,large
2024-09-30,KBS:HOSE:HTL,HTL,0,large
2024-09-30,KBS:HOSE:HTN,HTN,0,large
2024-09-30,KBS:HOSE:HTV,HTV,0,large
2024-09-30,KBS:HOSE:HUB,HUB,0,large
2024-09-30,KBS:HOSE:HVN,HVN,0,large
2024-09-30,KBS:HOSE:ICT,ICT,0,large
2024-09-30,KBS:HOSE:IJC,IJC,0,large
2024-09-30,KBS:HOSE:ILB,ILB,0,large
2024-09-30,KBS:HOSE:ITC,ITC,0,large
2024-09-30,KBS:HOSE:ITD,ITD,0,large
2024-09-30,KBS:HOSE:JVC,JVC,0,large
2024-09-30,KBS:HOSE:KBC,KBC,0,large
2024-09-30,KBS:HOSE:KDC,KDC,0,large
2024-09-30,KBS:HOSE:KDH,KDH,0,large
2024-09-30,KBS:HOSE:KHG,KHG,0,large
2024-09-30,KBS:HOSE:KHP,KHP,0,large
2024-09-30,KBS:HOSE:KLB,KLB,0,large
2024-09-30,KBS:HOSE:KMR,KMR,0,large
2024-09-30,KBS:HOSE:KOS,KOS,0,large
2024-09-30,KBS:HOSE:KSB,KSB,0,large
2024-09-30,KBS:HOSE:L10,L10,0,large
2024-09-30,KBS:HOSE:LAF,LAF,0,large
2024-09-30,KBS:HOSE:LBM,LBM,0,large
2024-09-30,KBS:HOSE:LCG,LCG,0,large
2024-09-30,KBS:HOSE:LDG,LDG,0,large
2024-09-30,KBS:HOSE:LGL,LGL,0,large
2024-09-30,KBS:HOSE:LHG,LHG,0,large
2024-09-30,KBS:HOSE:LIX,LIX,0,large
2024-09-30,KBS:HOSE:LM8,LM8,0,large
2024-09-30,KBS:HOSE:LPB,LPB,0,large
2024-09-30,KBS:HOSE:LSS,LSS,0,large
2024-09-30,KBS:HOSE:MBB,MBB,1,small
2024-09-30,KBS:HOSE:MCH,MCH,0,large
2024-09-30,KBS:HOSE:MCP,MCP,0,large
2024-09-30,KBS:HOSE:MDG,MDG,0,large
2024-09-30,KBS:HOSE:MHC,MHC,0,large
2024-09-30,KBS:HOSE:MIG,MIG,0,large
2024-09-30,KBS:HOSE:MSB,MSB,0,large
2024-09-30,KBS:HOSE:MSH,MSH,0,large
2024-09-30,KBS:HOSE:MWG,MWG,1,small
2024-09-30,KBS:HOSE:NAF,NAF,0,large
2024-09-30,KBS:HOSE:NAV,NAV,0,large
2024-09-30,KBS:HOSE:NBB,NBB,0,large
2024-09-30,KBS:HOSE:NCT,NCT,0,large
2024-09-30,KBS:HOSE:NHA,NHA,0,large
2024-09-30,KBS:HOSE:NHT,NHT,0,large
2024-09-30,KBS:HOSE:NKG,NKG,0,large
2024-09-30,KBS:HOSE:NLG,NLG,0,large
2024-09-30,KBS:HOSE:NNC,NNC,0,large
2024-09-30,KBS:HOSE:NTC,NTC,0,large
2024-09-30,KBS:HOSE:NVL,NVL,0,large
2024-09-30,KBS:HOSE:NVT,NVT,0,large
2024-09-30,KBS:HOSE:OCB,OCB,0,large
2024-09-30,KBS:HOSE:OGC,OGC,0,large
2024-09-30,KBS:HOSE:OPC,OPC,0,large
2024-09-30,KBS:HOSE:PAC,PAC,0,large
2024-09-30,KBS:HOSE:PAN,PAN,0,large
2024-09-30,KBS:HOSE:PDN,PDN,0,large
2024-09-30,KBS:HOSE:PDV,PDV,0,large
2024-09-30,KBS:HOSE:PGC,PGC,0,large
2024-09-30,KBS:HOSE:PGD,PGD,0,large
2024-09-30,KBS:HOSE:PGV,PGV,0,large
2024-09-30,KBS:HOSE:PHR,PHR,0,large
2024-09-30,KBS:HOSE:PIT,PIT,0,large
2024-09-30,KBS:HOSE:PLP,PLP,0,large
2024-09-30,KBS:HOSE:PLX,PLX,0,large
2024-09-30,KBS:HOSE:PNC,PNC,0,large
2024-09-30,KBS:HOSE:PNJ,PNJ,0,large
2024-09-30,KBS:HOSE:PTB,PTB,0,large
2024-09-30,KBS:HOSE:PTC,PTC,0,large
2024-09-30,KBS:HOSE:PTL,PTL,0,large
2024-09-30,KBS:HOSE:PVP,PVP,0,large
2024-09-30,KBS:HOSE:PVT,PVT,0,large
2024-09-30,KBS:HOSE:QCG,QCG,0,large
2024-09-30,KBS:HOSE:RAL,RAL,0,large
2024-09-30,KBS:HOSE:S4A,S4A,0,large
2024-09-30,KBS:HOSE:SAB,SAB,0,large
2024-09-30,KBS:HOSE:SAM,SAM,0,large
2024-09-30,KBS:HOSE:SAV,SAV,0,large
2024-09-30,KBS:HOSE:SBA,SBA,0,large
2024-09-30,KBS:HOSE:SBV,SBV,0,large
2024-09-30,KBS:HOSE:SC5,SC5,0,large
2024-09-30,KBS:HOSE:SCR,SCR,0,large
2024-09-30,KBS:HOSE:SCS,SCS,0,large
2024-09-30,KBS:HOSE:SFI,SFI,0,large
2024-09-30,KBS:HOSE:SGR,SGR,0,large
2024-09-30,KBS:HOSE:SGT,SGT,0,large
2024-09-30,KBS:HOSE:SHA,SHA,0,large
2024-09-30,KBS:HOSE:SHB,SHB,1,small
2024-09-30,KBS:HOSE:SHI,SHI,0,large
2024-09-30,KBS:HOSE:SHP,SHP,0,large
2024-09-30,KBS:HOSE:SIP,SIP,0,large
2024-09-30,KBS:HOSE:SJD,SJD,0,large
2024-09-30,KBS:HOSE:SJS,SJS,0,large
2024-09-30,KBS:HOSE:SMA,SMA,0,large
2024-09-30,KBS:HOSE:SMB,SMB,0,large
2024-09-30,KBS:HOSE:SMC,SMC,0,large
2024-09-30,KBS:HOSE:SPM,SPM,0,large
2024-09-30,KBS:HOSE:SRC,SRC,0,large
2024-09-30,KBS:HOSE:SRF,SRF,0,large
2024-09-30,KBS:HOSE:SSB,SSB,1,small
2024-09-30,KBS:HOSE:SSC,SSC,0,large
2024-09-30,KBS:HOSE:STB,STB,1,small
2024-09-30,KBS:HOSE:STG,STG,0,large
2024-09-30,KBS:HOSE:STK,STK,0,large
2024-09-30,KBS:HOSE:SVC,SVC,0,large
2024-09-30,KBS:HOSE:SVT,SVT,0,large
2024-09-30,KBS:HOSE:TCB,TCB,1,small
2024-09-30,KBS:HOSE:TCL,TCL,0,large
2024-09-30,KBS:HOSE:TCM,TCM,0,large
2024-09-30,KBS:HOSE:TCO,TCO,0,large
2024-09-30,KBS:HOSE:TCR,TCR,0,large
2024-09-30,KBS:HOSE:TDC,TDC,0,large
2024-09-30,KBS:HOSE:TDG,TDG,0,large
2024-09-30,KBS:HOSE:TDP,TDP,0,large
2024-09-30,KBS:HOSE:TDW,TDW,0,large
2024-09-30,KBS:HOSE:TEG,TEG,0,large
2024-09-30,KBS:HOSE:THG,THG,0,large
2024-09-30,KBS:HOSE:TIP,TIP,0,large
2024-09-30,KBS:HOSE:TIX,TIX,0,large
2024-09-30,KBS:HOSE:TLG,TLG,0,large
2024-09-30,KBS:HOSE:TLH,TLH,0,large
2024-09-30,KBS:HOSE:TMS,TMS,0,large
2024-09-30,KBS:HOSE:TMT,TMT,0,large
2024-09-30,KBS:HOSE:TNC,TNC,0,large
2024-09-30,KBS:HOSE:TNH,TNH,0,large
2024-09-30,KBS:HOSE:TNI,TNI,0,large
2024-09-30,KBS:HOSE:TNT,TNT,0,large
2024-09-30,KBS:HOSE:TPB,TPB,1,small
2024-09-30,KBS:HOSE:TRA,TRA,0,large
2024-09-30,KBS:HOSE:TRC,TRC,0,large
2024-09-30,KBS:HOSE:TTE,TTE,0,large
2024-09-30,KBS:HOSE:TV2,TV2,0,large
2024-09-30,KBS:HOSE:TVB,TVB,0,large
2024-09-30,KBS:HOSE:TVS,TVS,0,large
2024-09-30,KBS:HOSE:TVT,TVT,0,large
2024-09-30,KBS:HOSE:UIC,UIC,0,large
2024-09-30,KBS:HOSE:VAB,VAB,0,large
2024-09-30,KBS:HOSE:VCA,VCA,0,large
2024-09-30,KBS:HOSE:VCG,VCG,0,large
2024-09-30,KBS:HOSE:VDS,VDS,0,large
2024-09-30,KBS:HOSE:VFG,VFG,0,large
2024-09-30,KBS:HOSE:VGC,VGC,0,large
2024-09-30,KBS:HOSE:VHM,VHM,1,small
2024-09-30,KBS:HOSE:VID,VID,0,large
2024-09-30,KBS:HOSE:VIP,VIP,0,large
2024-09-30,KBS:HOSE:VIX,VIX,1,small
2024-09-30,KBS:HOSE:VJC,VJC,0,large
2024-09-30,KBS:HOSE:VND,VND,0,large
2024-09-30,KBS:HOSE:VNG,VNG,0,large
2024-09-30,KBS:HOSE:VOS,VOS,0,large
2024-09-30,KBS:HOSE:VPB,VPB,1,small
2024-09-30,KBS:HOSE:VPG,VPG,0,large
2024-09-30,KBS:HOSE:VPS,VPS,0,large
2024-09-30,KBS:HOSE:VSH,VSH,0,large
2024-09-30,KBS:HOSE:VSI,VSI,0,large
2024-09-30,KBS:HOSE:VTO,VTO,0,large
2024-09-30,KBS:UPCOM:A32,A32,0,large
2024-09-30,KBS:UPCOM:AAS,AAS,0,large
2024-09-30,KBS:UPCOM:ABB,ABB,0,large
2024-09-30,KBS:UPCOM:ABC,ABC,0,large
2024-09-30,KBS:UPCOM:ABI,ABI,0,large
2024-09-30,KBS:UPCOM:ACE,ACE,0,large
2024-09-30,KBS:UPCOM:ACM,ACM,0,large
2024-09-30,KBS:UPCOM:ACS,ACS,0,large
2024-09-30,KBS:UPCOM:ACV,ACV,0,large
2024-09-30,KBS:UPCOM:AG1,AG1,0,large
2024-09-30,KBS:UPCOM:AGF,AGF,0,large
2024-09-30,KBS:UPCOM:AGP,AGP,0,large
2024-09-30,KBS:UPCOM:AGX,AGX,0,large
2024-09-30,KBS:UPCOM:AIC,AIC,0,large
2024-09-30,KBS:UPCOM:ALV,ALV,0,large
2024-09-30,KBS:UPCOM:AMP,AMP,0,large
2024-09-30,KBS:UPCOM:AMS,AMS,0,large
2024-09-30,KBS:UPCOM:APF,APF,0,large
2024-09-30,KBS:UPCOM:APL,APL,0,large
2024-09-30,KBS:UPCOM:APT,APT,0,large
2024-09-30,KBS:UPCOM:ART,ART,0,large
2024-09-30,KBS:UPCOM:ATA,ATA,0,large
2024-09-30,KBS:UPCOM:ATG,ATG,0,large
2024-09-30,KBS:UPCOM:AVC,AVC,0,large
2024-09-30,KBS:UPCOM:BAL,BAL,0,large
2024-09-30,KBS:UPCOM:BBH,BBH,0,large
2024-09-30,KBS:UPCOM:BBM,BBM,0,large
2024-09-30,KBS:UPCOM:BBT,BBT,0,large
2024-09-30,KBS:UPCOM:BCA,BCA,0,large
2024-09-30,KBS:UPCOM:BCB,BCB,0,large
2024-09-30,KBS:UPCOM:BCP,BCP,0,large
2024-09-30,KBS:UPCOM:BDG,BDG,0,large
2024-09-30,KBS:UPCOM:BDT,BDT,0,large
2024-09-30,KBS:UPCOM:BDW,BDW,0,large
2024-09-30,KBS:UPCOM:BEL,BEL,0,large
2024-09-30,KBS:UPCOM:BGW,BGW,0,large
2024-09-30,KBS:UPCOM:BHA,BHA,0,large
2024-09-30,KBS:UPCOM:BHC,BHC,0,large
2024-09-30,KBS:UPCOM:BHG,BHG,0,large
2024-09-30,KBS:UPCOM:BHK,BHK,0,large
2024-09-30,KBS:UPCOM:BHP,BHP,0,large
2024-09-30,KBS:UPCOM:BIO,BIO,0,large
2024-09-30,KBS:UPCOM:BLI,BLI,0,large
2024-09-30,KBS:UPCOM:BLN,BLN,0,large
2024-09-30,KBS:UPCOM:BLT,BLT,0,large
2024-09-30,KBS:UPCOM:BMD,BMD,0,large
2024-09-30,KBS:UPCOM:BMF,BMF,0,large
2024-09-30,KBS:UPCOM:BMG,BMG,0,large
2024-09-30,KBS:UPCOM:BMJ,BMJ,0,large
2024-09-30,KBS:UPCOM:BMS,BMS,0,large
2024-09-30,KBS:UPCOM:BMV,BMV,0,large
2024-09-30,KBS:UPCOM:BNW,BNW,0,large
2024-09-30,KBS:UPCOM:BQB,BQB,0,large
2024-09-30,KBS:UPCOM:BRR,BRR,0,large
2024-09-30,KBS:UPCOM:BRS,BRS,0,large
2024-09-30,KBS:UPCOM:BSD,BSD,0,large
2024-09-30,KBS:UPCOM:BSG,BSG,0,large
2024-09-30,KBS:UPCOM:BSH,BSH,0,large
2024-09-30,KBS:UPCOM:BSL,BSL,0,large
2024-09-30,KBS:UPCOM:BSP,BSP,0,large
2024-09-30,KBS:UPCOM:BSQ,BSQ,0,large
2024-09-30,KBS:UPCOM:BTB,BTB,0,large
2024-09-30,KBS:UPCOM:BTD,BTD,0,large
2024-09-30,KBS:UPCOM:BTG,BTG,0,large
2024-09-30,KBS:UPCOM:BTN,BTN,0,large
2024-09-30,KBS:UPCOM:BTU,BTU,0,large
2024-09-30,KBS:UPCOM:BTV,BTV,0,large
2024-09-30,KBS:UPCOM:BVG,BVG,0,large
2024-09-30,KBS:UPCOM:BVL,BVL,0,large
2024-09-30,KBS:UPCOM:BVN,BVN,0,large
2024-09-30,KBS:UPCOM:BWA,BWA,0,large
2024-09-30,KBS:UPCOM:BWS,BWS,0,large
2024-09-30,KBS:UPCOM:C22,C22,0,large
2024-09-30,KBS:UPCOM:C4G,C4G,0,large
2024-09-30,KBS:UPCOM:C92,C92,0,large
2024-09-30,KBS:UPCOM:CAD,CAD,0,large
2024-09-30,KBS:UPCOM:CAT,CAT,0,large
2024-09-30,KBS:UPCOM:CBI,CBI,0,large
2024-09-30,KBS:UPCOM:CBS,CBS,0,large
2024-09-30,KBS:UPCOM:CC1,CC1,0,large
2024-09-30,KBS:UPCOM:CCA,CCA,0,large
2024-09-30,KBS:UPCOM:CCM,CCM,0,large
2024-09-30,KBS:UPCOM:CCP,CCP,0,large
2024-09-30,KBS:UPCOM:CCT,CCT,0,large
2024-09-30,KBS:UPCOM:CCV,CCV,0,large
2024-09-30,KBS:UPCOM:CDP,CDP,0,large
2024-09-30,KBS:UPCOM:CDR,CDR,0,large
2024-09-30,KBS:UPCOM:CEN,CEN,0,large
2024-09-30,KBS:UPCOM:CFM,CFM,0,large
2024-09-30,KBS:UPCOM:CFV,CFV,0,large
2024-09-30,KBS:UPCOM:CH5,CH5,0,large
2024-09-30,KBS:UPCOM:CHC,CHC,0,large
2024-09-30,KBS:UPCOM:CHS,CHS,0,large
2024-09-30,KBS:UPCOM:CI5,CI5,0,large
2024-09-30,KBS:UPCOM:CID,CID,0,large
2024-09-30,KBS:UPCOM:CKA,CKA,0,large
2024-09-30,KBS:UPCOM:CKD,CKD,0,large
2024-09-30,KBS:UPCOM:CLX,CLX,0,large
2024-09-30,KBS:UPCOM:CMD,CMD,0,large
2024-09-30,KBS:UPCOM:CMF,CMF,0,large
2024-09-30,KBS:UPCOM:CMI,CMI,0,large
2024-09-30,KBS:UPCOM:CMK,CMK,0,large
2024-09-30,KBS:UPCOM:CMN,CMN,0,large
2024-09-30,KBS:UPCOM:CMT,CMT,0,large
2024-09-30,KBS:UPCOM:CMW,CMW,0,large
2024-09-30,KBS:UPCOM:CNC,CNC,0,large
2024-09-30,KBS:UPCOM:CNN,CNN,0,large
2024-09-30,KBS:UPCOM:CNT,CNT,0,large
2024-09-30,KBS:UPCOM:CPA,CPA,0,large
2024-09-30,KBS:UPCOM:CPI,CPI,0,large
2024-09-30,KBS:UPCOM:CQN,CQN,0,large
2024-09-30,KBS:UPCOM:CQT,CQT,0,large
2024-09-30,KBS:UPCOM:CT3,CT3,0,large
2024-09-30,KBS:UPCOM:CTW,CTW,0,large
2024-09-30,KBS:UPCOM:DAS,DAS,0,large
2024-09-30,KBS:UPCOM:DBM,DBM,0,large
2024-09-30,KBS:UPCOM:DC1,DC1,0,large
2024-09-30,KBS:UPCOM:DCF,DCF,0,large
2024-09-30,KBS:UPCOM:DCH,DCH,0,large
2024-09-30,KBS:UPCOM:DCR,DCR,0,large
2024-09-30,KBS:UPCOM:DCS,DCS,0,large
2024-09-30,KBS:UPCOM:DCT,DCT,0,large
2024-09-30,KBS:UPCOM:DDH,DDH,0,large
2024-09-30,KBS:UPCOM:DDM,DDM,0,large
2024-09-30,KBS:UPCOM:DDN,DDN,0,large
2024-09-30,KBS:UPCOM:DDV,DDV,0,large
2024-09-30,KBS:UPCOM:DFC,DFC,0,large
2024-09-30,KBS:UPCOM:DGT,DGT,0,large
2024-09-30,KBS:UPCOM:DHB,DHB,0,large
2024-09-30,KBS:UPCOM:DHD,DHD,0,large
2024-09-30,KBS:UPCOM:DHN,DHN,0,large
2024-09-30,KBS:UPCOM:DIC,DIC,0,large
2024-09-30,KBS:UPCOM:DID,DID,0,large
2024-09-30,KBS:UPCOM:DKC,DKC,0,large
2024-09-30,KBS:UPCOM:DLR,DLR,0,large
2024-09-30,KBS:UPCOM:DLT,DLT,0,large
2024-09-30,KBS:UPCOM:DM7,DM7,0,large
2024-09-30,KBS:UPCOM:DNA,DNA,0,large
2024-09-30,KBS:UPCOM:DND,DND,0,large
2024-09-30,KBS:UPCOM:DNE,DNE,0,large
2024-09-30,KBS:UPCOM:DNH,DNH,0,large
2024-09-30,KBS:UPCOM:DNL,DNL,0,large
2024-09-30,KBS:UPCOM:DNM,DNM,0,large
2024-09-30,KBS:UPCOM:DNT,DNT,0,large
2024-09-30,KBS:UPCOM:DNW,DNW,0,large
2024-09-30,KBS:UPCOM:DOC,DOC,0,large
2024-09-30,KBS:UPCOM:DOP,DOP,0,large
2024-09-30,KBS:UPCOM:DP1,DP1,0,large
2024-09-30,KBS:UPCOM:DPH,DPH,0,large
2024-09-30,KBS:UPCOM:DPP,DPP,0,large
2024-09-30,KBS:UPCOM:DRG,DRG,0,large
2024-09-30,KBS:UPCOM:DRI,DRI,0,large
2024-09-30,KBS:UPCOM:DSG,DSG,0,large
2024-09-30,KBS:UPCOM:DSP,DSP,0,large
2024-09-30,KBS:UPCOM:DTI,DTI,0,large
2024-09-30,KBS:UPCOM:DTP,DTP,0,large
2024-09-30,KBS:UPCOM:DUS,DUS,0,large
2024-09-30,KBS:UPCOM:DVC,DVC,0,large
2024-09-30,KBS:UPCOM:DVW,DVW,0,large
2024-09-30,KBS:UPCOM:DWS,DWS,0,large
2024-09-30,KBS:UPCOM:DXL,DXL,0,large
2024-09-30,KBS:UPCOM:E12,E12,0,large
2024-09-30,KBS:UPCOM:E29,E29,0,large
2024-09-30,KBS:UPCOM:EIC,EIC,0,large
2024-09-30,KBS:UPCOM:EIN,EIN,0,large
2024-09-30,KBS:UPCOM:EMG,EMG,0,large
2024-09-30,KBS:UPCOM:EMS,EMS,0,large
2024-09-30,KBS:UPCOM:FCC,FCC,0,large
2024-09-30,KBS:UPCOM:FCS,FCS,0,large
2024-09-30,KBS:UPCOM:FHN,FHN,0,large
2024-09-30,KBS:UPCOM:FHS,FHS,0,large
2024-09-30,KBS:UPCOM:FIC,FIC,0,large
2024-09-30,KBS:UPCOM:FOC,FOC,0,large
2024-09-30,KBS:UPCOM:FOX,FOX,0,large
2024-09-30,KBS:UPCOM:FRC,FRC,0,large
2024-09-30,KBS:UPCOM:FRM,FRM,0,large
2024-09-30,KBS:UPCOM:FT1,FT1,0,large
2024-09-30,KBS:UPCOM:FTI,FTI,0,large
2024-09-30,KBS:UPCOM:FTM,FTM,0,large
2024-09-30,KBS:UPCOM:G36,G36,0,large
2024-09-30,KBS:UPCOM:GCB,GCB,0,large
2024-09-30,KBS:UPCOM:GER,GER,0,large
2024-09-30,KBS:UPCOM:GGG,GGG,0,large
2024-09-30,KBS:UPCOM:GH3,GH3,0,large
2024-09-30,KBS:UPCOM:GLC,GLC,0,large
2024-09-30,KBS:UPCOM:GMC,GMC,0,large
2024-09-30,KBS:UPCOM:GND,GND,0,large
2024-09-30,KBS:UPCOM:GSM,GSM,0,large
2024-09-30,KBS:UPCOM:GTD,GTD,0,large
2024-09-30,KBS:UPCOM:GTS,GTS,0,large
2024-09-30,KBS:UPCOM:H11,H11,0,large
2024-09-30,KBS:UPCOM:HAC,HAC,0,large
2024-09-30,KBS:UPCOM:HAF,HAF,0,large
2024-09-30,KBS:UPCOM:HAM,HAM,0,large
2024-09-30,KBS:UPCOM:HAN,HAN,0,large
2024-09-30,KBS:UPCOM:HBD,HBD,0,large
2024-09-30,KBS:UPCOM:HBH,HBH,0,large
2024-09-30,KBS:UPCOM:HD6,HD6,0,large
2024-09-30,KBS:UPCOM:HDW,HDW,0,large
2024-09-30,KBS:UPCOM:HEJ,HEJ,0,large
2024-09-30,KBS:UPCOM:HEP,HEP,0,large
2024-09-30,KBS:UPCOM:HES,HES,0,large
2024-09-30,KBS:UPCOM:HHG,HHG,0,large
2024-09-30,KBS:UPCOM:HLB,HLB,0,large
2024-09-30,KBS:UPCOM:HLS,HLS,0,large
2024-09-30,KBS:UPCOM:HND,HND,0,large
2024-09-30,KBS:UPCOM:HNF,HNF,0,large
2024-09-30,KBS:UPCOM:HNM,HNM,0,large
2024-09-30,KBS:UPCOM:HPH,HPH,0,large
2024-09-30,KBS:UPCOM:HPT,HPT,0,large
2024-09-30,KBS:UPCOM:HTM,HTM,0,large
2024-09-30,KBS:UPCOM:HWS,HWS,0,large
2024-09-30,KBS:UPCOM:ICI,ICI,0,large
2024-09-30,KBS:UPCOM:ICN,ICN,0,large
2024-09-30,KBS:UPCOM:IFS,IFS,0,large
2024-09-30,KBS:UPCOM:ILA,ILA,0,large
2024-09-30,KBS:UPCOM:ILC,ILC,0,large
2024-09-30,KBS:UPCOM:ILS,ILS,0,large
2024-09-30,KBS:UPCOM:IST,IST,0,large
2024-09-30,KBS:UPCOM:JOS,JOS,0,large
2024-09-30,KBS:UPCOM:KHW,KHW,0,large
2024-09-30,KBS:UPCOM:KIP,KIP,0,large
2024-09-30,KBS:UPCOM:L63,L63,0,large
2024-09-30,KBS:UPCOM:LAI,LAI,0,large
2024-09-30,KBS:UPCOM:LIC,LIC,0,large
2024-09-30,KBS:UPCOM:LLM,LLM,0,large
2024-09-30,KBS:UPCOM:LMI,LMI,0,large
2024-09-30,KBS:UPCOM:LTC,LTC,0,large
2024-09-30,KBS:UPCOM:MDF,MDF,0,large
2024-09-30,KBS:UPCOM:MEC,MEC,0,large
2024-09-30,KBS:UPCOM:MFS,MFS,0,large
2024-09-30,KBS:UPCOM:MGC,MGC,0,large
2024-09-30,KBS:UPCOM:MGG,MGG,0,large
2024-09-30,KBS:UPCOM:MPC,MPC,0,large
2024-09-30,KBS:UPCOM:MSR,MSR,0,large
2024-09-30,KBS:UPCOM:MVN,MVN,0,large
2024-09-30,KBS:UPCOM:NAU,NAU,0,large
2024-09-30,KBS:UPCOM:NBT,NBT,0,large
2024-09-30,KBS:UPCOM:ND2,ND2,0,large
2024-09-30,KBS:UPCOM:NOS,NOS,0,large
2024-09-30,KBS:UPCOM:NQN,NQN,0,large
2024-09-30,KBS:UPCOM:NTT,NTT,0,large
2024-09-30,KBS:UPCOM:NTW,NTW,0,large
2024-09-30,KBS:UPCOM:NUE,NUE,0,large
2024-09-30,KBS:UPCOM:OIL,OIL,0,large
2024-09-30,KBS:UPCOM:PCC,PCC,0,large
2024-09-30,KBS:UPCOM:PCF,PCF,0,large
2024-09-30,KBS:UPCOM:PFL,PFL,0,large
2024-09-30,KBS:UPCOM:PHP,PHP,0,large
2024-09-30,KBS:UPCOM:PHS,PHS,0,large
2024-09-30,KBS:UPCOM:PVE,PVE,0,large
2024-09-30,KBS:UPCOM:PVL,PVL,0,large
2024-09-30,KBS:UPCOM:PVX,PVX,0,large
2024-09-30,KBS:UPCOM:PWA,PWA,0,large
2024-09-30,KBS:UPCOM:PWS,PWS,0,large
2024-09-30,KBS:UPCOM:PXA,PXA,0,large
2024-09-30,KBS:UPCOM:PXI,PXI,0,large
2024-09-30,KBS:UPCOM:PXM,PXM,0,large
2024-09-30,KBS:UPCOM:PXS,PXS,0,large
2024-09-30,KBS:UPCOM:QCC,QCC,0,large
2024-09-30,KBS:UPCOM:QHW,QHW,0,large
2024-09-30,KBS:UPCOM:QNC,QNC,0,large
2024-09-30,KBS:UPCOM:QNS,QNS,0,large
2024-09-30,KBS:UPCOM:QPH,QPH,0,large
2024-09-30,KBS:UPCOM:QSP,QSP,0,large
2024-09-30,KBS:UPCOM:RIC,RIC,0,large
2024-09-30,KBS:UPCOM:S74,S74,0,large
2024-09-30,KBS:UPCOM:SBD,SBD,0,large
2024-09-30,KBS:UPCOM:SBM,SBM,0,large
2024-09-30,KBS:UPCOM:SCJ,SCJ,0,large
2024-09-30,KBS:UPCOM:SCL,SCL,0,large
2024-09-30,KBS:UPCOM:SD2,SD2,0,large
2024-09-30,KBS:UPCOM:SD7,SD7,0,large
2024-09-30,KBS:UPCOM:SDP,SDP,0,large
2024-09-30,KBS:UPCOM:SEA,SEA,0,large
2024-09-30,KBS:UPCOM:SGB,SGB,0,large
2024-09-30,KBS:UPCOM:SGS,SGS,0,large
2024-09-30,KBS:UPCOM:SID,SID,0,large
2024-09-30,KBS:UPCOM:SJG,SJG,0,large
2024-09-30,KBS:UPCOM:SKV,SKV,0,large
2024-09-30,KBS:UPCOM:SRB,SRB,0,large
2024-09-30,KBS:UPCOM:SSG,SSG,0,large
2024-09-30,KBS:UPCOM:SSH,SSH,0,large
2024-09-30,KBS:UPCOM:STT,STT,0,large
2024-09-30,KBS:UPCOM:SWC,SWC,0,large
2024-09-30,KBS:UPCOM:TDB,TDB,0,large
2024-09-30,KBS:UPCOM:TDS,TDS,0,large
2024-09-30,KBS:UPCOM:TGP,TGP,0,large
2024-09-30,KBS:UPCOM:THW,THW,0,large
2024-09-30,KBS:UPCOM:TIS,TIS,0,large
2024-09-30,KBS:UPCOM:TLP,TLP,0,large
2024-09-30,KBS:UPCOM:TNW,TNW,0,large
2024-09-30,KBS:UPCOM:TOS,TOS,0,large
2024-09-30,KBS:UPCOM:TOW,TOW,0,large
2024-09-30,KBS:UPCOM:TSD,TSD,0,large
2024-09-30,KBS:UPCOM:TST,TST,0,large
2024-09-30,KBS:UPCOM:TTD,TTD,0,large
2024-09-30,KBS:UPCOM:TTG,TTG,0,large
2024-09-30,KBS:UPCOM:TTS,TTS,0,large
2024-09-30,KBS:UPCOM:TUG,TUG,0,large
2024-09-30,KBS:UPCOM:TV1,TV1,0,large
2024-09-30,KBS:UPCOM:TVN,TVN,0,large
2024-09-30,KBS:UPCOM:UDC,UDC,0,large
2024-09-30,KBS:UPCOM:USC,USC,0,large
2024-09-30,KBS:UPCOM:VAV,VAV,0,large
2024-09-30,KBS:UPCOM:VCP,VCP,0,large
2024-09-30,KBS:UPCOM:VCR,VCR,0,large
2024-09-30,KBS:UPCOM:VDN,VDN,0,large
2024-09-30,KBS:UPCOM:VEA,VEA,0,large
2024-09-30,KBS:UPCOM:VGG,VGG,0,large
2024-09-30,KBS:UPCOM:VGI,VGI,0,large
2024-09-30,KBS:UPCOM:VGT,VGT,0,large
2024-09-30,KBS:UPCOM:VHG,VHG,0,large
2024-09-30,KBS:UPCOM:VIM,VIM,0,large
2024-09-30,KBS:UPCOM:VIN,VIN,0,large
2024-09-30,KBS:UPCOM:VIW,VIW,0,large
2024-09-30,KBS:UPCOM:VKC,VKC,0,large
2024-09-30,KBS:UPCOM:VLG,VLG,0,large
2024-09-30,KBS:UPCOM:VLW,VLW,0,large
2024-09-30,KBS:UPCOM:VNB,VNB,0,large
2024-09-30,KBS:UPCOM:VPR,VPR,0,large
2024-09-30,KBS:UPCOM:VSE,VSE,0,large
2024-09-30,KBS:UPCOM:VST,VST,0,large
2024-09-30,KBS:UPCOM:VTK,VTK,0,large
2024-09-30,KBS:UPCOM:VW3,VW3,0,large
2024-09-30,KBS:UPCOM:WSB,WSB,0,large
2024-09-30,KBS:UPCOM:XMC,XMC,0,large
2024-09-30,KBS:UPCOM:XMP,XMP,0,large
2024-10-31,KBS:HNX:CST,CST,0,large
2024-10-31,KBS:HNX:MIC,MIC,0,large
2024-10-31,KBS:HOSE:AAM,AAM,0,large
2024-10-31,KBS:HOSE:AAT,AAT,0,large
2024-10-31,KBS:HOSE:ABR,ABR,0,large
2024-10-31,KBS:HOSE:ABS,ABS,0,large
2024-10-31,KBS:HOSE:ABT,ABT,0,large
2024-10-31,KBS:HOSE:ACC,ACC,0,large
2024-10-31,KBS:HOSE:ACG,ACG,0,large
2024-10-31,KBS:HOSE:ACL,ACL,0,large
2024-10-31,KBS:HOSE:ADG,ADG,0,large
2024-10-31,KBS:HOSE:ADP,ADP,0,large
2024-10-31,KBS:HOSE:ADS,ADS,0,large
2024-10-31,KBS:HOSE:AFX,AFX,0,large
2024-10-31,KBS:HOSE:AGG,AGG,0,large
2024-10-31,KBS:HOSE:AGR,AGR,0,large
2024-10-31,KBS:HOSE:ANT,ANT,0,large
2024-10-31,KBS:HOSE:ANV,ANV,0,large
2024-10-31,KBS:HOSE:APG,APG,0,large
2024-10-31,KBS:HOSE:APH,APH,0,large
2024-10-31,KBS:HOSE:ASM,ASM,0,large
2024-10-31,KBS:HOSE:ASP,ASP,0,large
2024-10-31,KBS:HOSE:AST,AST,0,large
2024-10-31,KBS:HOSE:BCE,BCE,0,large
2024-10-31,KBS:HOSE:BCM,BCM,0,large
2024-10-31,KBS:HOSE:BFC,BFC,0,large
2024-10-31,KBS:HOSE:BHN,BHN,0,large
2024-10-31,KBS:HOSE:BIC,BIC,0,large
2024-10-31,KBS:HOSE:BKG,BKG,0,large
2024-10-31,KBS:HOSE:BMI,BMI,0,large
2024-10-31,KBS:HOSE:BRC,BRC,0,large
2024-10-31,KBS:HOSE:BSI,BSI,0,large
2024-10-31,KBS:HOSE:BSR,BSR,0,large
2024-10-31,KBS:HOSE:BTP,BTP,0,large
2024-10-31,KBS:HOSE:BVH,BVH,0,large
2024-10-31,KBS:HOSE:C32,C32,0,large
2024-10-31,KBS:HOSE:CCI,CCI,0,large
2024-10-31,KBS:HOSE:CCL,CCL,0,large
2024-10-31,KBS:HOSE:CDC,CDC,0,large
2024-10-31,KBS:HOSE:CHP,CHP,0,large
2024-10-31,KBS:HOSE:CIG,CIG,0,large
2024-10-31,KBS:HOSE:CII,CII,0,large
2024-10-31,KBS:HOSE:CKG,CKG,0,large
2024-10-31,KBS:HOSE:CLC,CLC,0,large
2024-10-31,KBS:HOSE:CLW,CLW,0,large
2024-10-31,KBS:HOSE:CMV,CMV,0,large
2024-10-31,KBS:HOSE:CMX,CMX,0,large
2024-10-31,KBS:HOSE:CNG,CNG,0,large
2024-10-31,KBS:HOSE:COM,COM,0,large
2024-10-31,KBS:HOSE:CRC,CRC,0,large
2024-10-31,KBS:HOSE:CRE,CRE,0,large
2024-10-31,KBS:HOSE:CSV,CSV,0,large
2024-10-31,KBS:HOSE:CTD,CTD,0,large
2024-10-31,KBS:HOSE:CTF,CTF,0,large
2024-10-31,KBS:HOSE:CTI,CTI,0,large
2024-10-31,KBS:HOSE:CTR,CTR,0,large
2024-10-31,KBS:HOSE:CTS,CTS,0,large
2024-10-31,KBS:HOSE:CVT,CVT,0,large
2024-10-31,KBS:HOSE:D2D,D2D,0,large
2024-10-31,KBS:HOSE:DAH,DAH,0,large
2024-10-31,KBS:HOSE:DBC,DBC,0,large
2024-10-31,KBS:HOSE:DBD,DBD,0,large
2024-10-31,KBS:HOSE:DC4,DC4,0,large
2024-10-31,KBS:HOSE:DCL,DCL,0,large
2024-10-31,KBS:HOSE:DCM,DCM,0,large
2024-10-31,KBS:HOSE:DGC,DGC,0,large
2024-10-31,KBS:HOSE:DGW,DGW,0,large
2024-10-31,KBS:HOSE:DHA,DHA,0,large
2024-10-31,KBS:HOSE:DHC,DHC,0,large
2024-10-31,KBS:HOSE:DLG,DLG,0,large
2024-10-31,KBS:HOSE:DMC,DMC,0,large
2024-10-31,KBS:HOSE:DPG,DPG,0,large
2024-10-31,KBS:HOSE:DQC,DQC,0,large
2024-10-31,KBS:HOSE:DRC,DRC,0,large
2024-10-31,KBS:HOSE:DSN,DSN,0,large
2024-10-31,KBS:HOSE:DTA,DTA,0,large
2024-10-31,KBS:HOSE:DTL,DTL,0,large
2024-10-31,KBS:HOSE:DTT,DTT,0,large
2024-10-31,KBS:HOSE:DVP,DVP,0,large
2024-10-31,KBS:HOSE:DXG,DXG,1,small
2024-10-31,KBS:HOSE:DXS,DXS,0,large
2024-10-31,KBS:HOSE:DXV,DXV,0,large
2024-10-31,KBS:HOSE:EIB,EIB,1,small
2024-10-31,KBS:HOSE:EVE,EVE,0,large
2024-10-31,KBS:HOSE:EVF,EVF,0,large
2024-10-31,KBS:HOSE:EVG,EVG,0,large
2024-10-31,KBS:HOSE:FCM,FCM,0,large
2024-10-31,KBS:HOSE:FCN,FCN,0,large
2024-10-31,KBS:HOSE:FDC,FDC,0,large
2024-10-31,KBS:HOSE:FIR,FIR,0,large
2024-10-31,KBS:HOSE:FIT,FIT,0,large
2024-10-31,KBS:HOSE:FMC,FMC,0,large
2024-10-31,KBS:HOSE:FPT,FPT,1,small
2024-10-31,KBS:HOSE:FRT,FRT,0,large
2024-10-31,KBS:HOSE:FTS,FTS,0,large
2024-10-31,KBS:HOSE:GAS,GAS,0,large
2024-10-31,KBS:HOSE:GDT,GDT,0,large
2024-10-31,KBS:HOSE:GEG,GEG,0,large
2024-10-31,KBS:HOSE:GHC,GHC,0,large
2024-10-31,KBS:HOSE:GIL,GIL,0,large
2024-10-31,KBS:HOSE:GMD,GMD,0,large
2024-10-31,KBS:HOSE:GTA,GTA,0,large
2024-10-31,KBS:HOSE:HAG,HAG,0,large
2024-10-31,KBS:HOSE:HAP,HAP,0,large
2024-10-31,KBS:HOSE:HAR,HAR,0,large
2024-10-31,KBS:HOSE:HAS,HAS,0,large
2024-10-31,KBS:HOSE:HAX,HAX,0,large
2024-10-31,KBS:HOSE:HCD,HCD,0,large
2024-10-31,KBS:HOSE:HCM,HCM,1,small
2024-10-31,KBS:HOSE:HDC,HDC,0,large
2024-10-31,KBS:HOSE:HDG,HDG,0,large
2024-10-31,KBS:HOSE:HHP,HHP,0,large
2024-10-31,KBS:HOSE:HHV,HHV,0,large
2024-10-31,KBS:HOSE:HID,HID,0,large
2024-10-31,KBS:HOSE:HII,HII,0,large
2024-10-31,KBS:HOSE:HMC,HMC,0,large
2024-10-31,KBS:HOSE:HQC,HQC,0,large
2024-10-31,KBS:HOSE:HRC,HRC,0,large
2024-10-31,KBS:HOSE:HSG,HSG,0,large
2024-10-31,KBS:HOSE:HSL,HSL,0,large
2024-10-31,KBS:HOSE:HTI,HTI,0,large
2024-10-31,KBS:HOSE:HTL,HTL,0,large
2024-10-31,KBS:HOSE:HTN,HTN,0,large
2024-10-31,KBS:HOSE:HTV,HTV,0,large
2024-10-31,KBS:HOSE:HU1,HU1,0,large
2024-10-31,KBS:HOSE:HUB,HUB,0,large
2024-10-31,KBS:HOSE:HVN,HVN,0,large
2024-10-31,KBS:HOSE:ICT,ICT,0,large
2024-10-31,KBS:HOSE:IJC,IJC,0,large
2024-10-31,KBS:HOSE:ILB,ILB,0,large
2024-10-31,KBS:HOSE:ITC,ITC,0,large
2024-10-31,KBS:HOSE:ITD,ITD,0,large
2024-10-31,KBS:HOSE:JVC,JVC,0,large
2024-10-31,KBS:HOSE:KBC,KBC,0,large
2024-10-31,KBS:HOSE:KDC,KDC,0,large
2024-10-31,KBS:HOSE:KDH,KDH,0,large
2024-10-31,KBS:HOSE:KHG,KHG,0,large
2024-10-31,KBS:HOSE:KHP,KHP,0,large
2024-10-31,KBS:HOSE:KLB,KLB,0,large
2024-10-31,KBS:HOSE:KMR,KMR,0,large
2024-10-31,KBS:HOSE:KOS,KOS,0,large
2024-10-31,KBS:HOSE:KSB,KSB,0,large
2024-10-31,KBS:HOSE:L10,L10,0,large
2024-10-31,KBS:HOSE:LAF,LAF,0,large
2024-10-31,KBS:HOSE:LBM,LBM,0,large
2024-10-31,KBS:HOSE:LCG,LCG,0,large
2024-10-31,KBS:HOSE:LDG,LDG,0,large
2024-10-31,KBS:HOSE:LGL,LGL,0,large
2024-10-31,KBS:HOSE:LHG,LHG,0,large
2024-10-31,KBS:HOSE:LIX,LIX,0,large
2024-10-31,KBS:HOSE:LM8,LM8,0,large
2024-10-31,KBS:HOSE:LPB,LPB,0,large
2024-10-31,KBS:HOSE:LSS,LSS,0,large
2024-10-31,KBS:HOSE:MBB,MBB,1,small
2024-10-31,KBS:HOSE:MCH,MCH,0,large
2024-10-31,KBS:HOSE:MCP,MCP,0,large
2024-10-31,KBS:HOSE:MDG,MDG,0,large
2024-10-31,KBS:HOSE:MHC,MHC,0,large
2024-10-31,KBS:HOSE:MIG,MIG,0,large
2024-10-31,KBS:HOSE:MSB,MSB,1,small
2024-10-31,KBS:HOSE:MSH,MSH,0,large
2024-10-31,KBS:HOSE:MWG,MWG,1,small
2024-10-31,KBS:HOSE:NAF,NAF,0,large
2024-10-31,KBS:HOSE:NAV,NAV,0,large
2024-10-31,KBS:HOSE:NBB,NBB,0,large
2024-10-31,KBS:HOSE:NCT,NCT,0,large
2024-10-31,KBS:HOSE:NHA,NHA,0,large
2024-10-31,KBS:HOSE:NHT,NHT,0,large
2024-10-31,KBS:HOSE:NKG,NKG,0,large
2024-10-31,KBS:HOSE:NLG,NLG,0,large
2024-10-31,KBS:HOSE:NNC,NNC,0,large
2024-10-31,KBS:HOSE:NTC,NTC,0,large
2024-10-31,KBS:HOSE:NVL,NVL,0,large
2024-10-31,KBS:HOSE:NVT,NVT,0,large
2024-10-31,KBS:HOSE:OCB,OCB,0,large
2024-10-31,KBS:HOSE:OGC,OGC,0,large
2024-10-31,KBS:HOSE:OPC,OPC,0,large
2024-10-31,KBS:HOSE:PAC,PAC,0,large
2024-10-31,KBS:HOSE:PAN,PAN,0,large
2024-10-31,KBS:HOSE:PDN,PDN,0,large
2024-10-31,KBS:HOSE:PDV,PDV,0,large
2024-10-31,KBS:HOSE:PGC,PGC,0,large
2024-10-31,KBS:HOSE:PGD,PGD,0,large
2024-10-31,KBS:HOSE:PGI,PGI,0,large
2024-10-31,KBS:HOSE:PGV,PGV,0,large
2024-10-31,KBS:HOSE:PHR,PHR,0,large
2024-10-31,KBS:HOSE:PIT,PIT,0,large
2024-10-31,KBS:HOSE:PLP,PLP,0,large
2024-10-31,KBS:HOSE:PLX,PLX,0,large
2024-10-31,KBS:HOSE:PNC,PNC,0,large
2024-10-31,KBS:HOSE:PNJ,PNJ,0,large
2024-10-31,KBS:HOSE:PTB,PTB,0,large
2024-10-31,KBS:HOSE:PTC,PTC,0,large
2024-10-31,KBS:HOSE:PTL,PTL,0,large
2024-10-31,KBS:HOSE:PVP,PVP,0,large
2024-10-31,KBS:HOSE:PVT,PVT,0,large
2024-10-31,KBS:HOSE:QCG,QCG,0,large
2024-10-31,KBS:HOSE:RAL,RAL,0,large
2024-10-31,KBS:HOSE:S4A,S4A,0,large
2024-10-31,KBS:HOSE:SAB,SAB,0,large
2024-10-31,KBS:HOSE:SAM,SAM,0,large
2024-10-31,KBS:HOSE:SAV,SAV,0,large
2024-10-31,KBS:HOSE:SBA,SBA,0,large
2024-10-31,KBS:HOSE:SBV,SBV,0,large
2024-10-31,KBS:HOSE:SC5,SC5,0,large
2024-10-31,KBS:HOSE:SCR,SCR,0,large
2024-10-31,KBS:HOSE:SCS,SCS,0,large
2024-10-31,KBS:HOSE:SFI,SFI,0,large
2024-10-31,KBS:HOSE:SGR,SGR,0,large
2024-10-31,KBS:HOSE:SGT,SGT,0,large
2024-10-31,KBS:HOSE:SHA,SHA,0,large
2024-10-31,KBS:HOSE:SHB,SHB,0,large
2024-10-31,KBS:HOSE:SHI,SHI,0,large
2024-10-31,KBS:HOSE:SHP,SHP,0,large
2024-10-31,KBS:HOSE:SIP,SIP,0,large
2024-10-31,KBS:HOSE:SJD,SJD,0,large
2024-10-31,KBS:HOSE:SJS,SJS,0,large
2024-10-31,KBS:HOSE:SMA,SMA,0,large
2024-10-31,KBS:HOSE:SMB,SMB,0,large
2024-10-31,KBS:HOSE:SMC,SMC,0,large
2024-10-31,KBS:HOSE:SPM,SPM,0,large
2024-10-31,KBS:HOSE:SRC,SRC,0,large
2024-10-31,KBS:HOSE:SRF,SRF,0,large
2024-10-31,KBS:HOSE:SSB,SSB,0,large
2024-10-31,KBS:HOSE:SSC,SSC,0,large
2024-10-31,KBS:HOSE:STB,STB,1,small
2024-10-31,KBS:HOSE:STG,STG,0,large
2024-10-31,KBS:HOSE:STK,STK,0,large
2024-10-31,KBS:HOSE:SVC,SVC,0,large
2024-10-31,KBS:HOSE:SVT,SVT,0,large
2024-10-31,KBS:HOSE:TCB,TCB,1,small
2024-10-31,KBS:HOSE:TCL,TCL,0,large
2024-10-31,KBS:HOSE:TCM,TCM,0,large
2024-10-31,KBS:HOSE:TCO,TCO,0,large
2024-10-31,KBS:HOSE:TCR,TCR,0,large
2024-10-31,KBS:HOSE:TDC,TDC,0,large
2024-10-31,KBS:HOSE:TDG,TDG,0,large
2024-10-31,KBS:HOSE:TDP,TDP,0,large
2024-10-31,KBS:HOSE:TDW,TDW,0,large
2024-10-31,KBS:HOSE:TEG,TEG,0,large
2024-10-31,KBS:HOSE:THG,THG,0,large
2024-10-31,KBS:HOSE:TIP,TIP,0,large
2024-10-31,KBS:HOSE:TIX,TIX,0,large
2024-10-31,KBS:HOSE:TLG,TLG,0,large
2024-10-31,KBS:HOSE:TLH,TLH,0,large
2024-10-31,KBS:HOSE:TMS,TMS,0,large
2024-10-31,KBS:HOSE:TMT,TMT,0,large
2024-10-31,KBS:HOSE:TNC,TNC,0,large
2024-10-31,KBS:HOSE:TNH,TNH,0,large
2024-10-31,KBS:HOSE:TNI,TNI,0,large
2024-10-31,KBS:HOSE:TNT,TNT,0,large
2024-10-31,KBS:HOSE:TPB,TPB,1,small
2024-10-31,KBS:HOSE:TRA,TRA,0,large
2024-10-31,KBS:HOSE:TRC,TRC,0,large
2024-10-31,KBS:HOSE:TTE,TTE,0,large
2024-10-31,KBS:HOSE:TV2,TV2,0,large
2024-10-31,KBS:HOSE:TVB,TVB,0,large
2024-10-31,KBS:HOSE:TVS,TVS,0,large
2024-10-31,KBS:HOSE:TVT,TVT,0,large
2024-10-31,KBS:HOSE:UIC,UIC,0,large
2024-10-31,KBS:HOSE:VAB,VAB,0,large
2024-10-31,KBS:HOSE:VCA,VCA,0,large
2024-10-31,KBS:HOSE:VCG,VCG,0,large
2024-10-31,KBS:HOSE:VDS,VDS,0,large
2024-10-31,KBS:HOSE:VFG,VFG,0,large
2024-10-31,KBS:HOSE:VGC,VGC,0,large
2024-10-31,KBS:HOSE:VHM,VHM,1,small
2024-10-31,KBS:HOSE:VID,VID,0,large
2024-10-31,KBS:HOSE:VIP,VIP,0,large
2024-10-31,KBS:HOSE:VIX,VIX,1,small
2024-10-31,KBS:HOSE:VJC,VJC,0,large
2024-10-31,KBS:HOSE:VND,VND,0,large
2024-10-31,KBS:HOSE:VNG,VNG,0,large
2024-10-31,KBS:HOSE:VOS,VOS,0,large
2024-10-31,KBS:HOSE:VPB,VPB,1,small
2024-10-31,KBS:HOSE:VPG,VPG,0,large
2024-10-31,KBS:HOSE:VPS,VPS,0,large
2024-10-31,KBS:HOSE:VSH,VSH,0,large
2024-10-31,KBS:HOSE:VSI,VSI,0,large
2024-10-31,KBS:HOSE:VTO,VTO,0,large
2024-10-31,KBS:UPCOM:A32,A32,0,large
2024-10-31,KBS:UPCOM:AAS,AAS,0,large
2024-10-31,KBS:UPCOM:ABB,ABB,0,large
2024-10-31,KBS:UPCOM:ABC,ABC,0,large
2024-10-31,KBS:UPCOM:ABI,ABI,0,large
2024-10-31,KBS:UPCOM:ACE,ACE,0,large
2024-10-31,KBS:UPCOM:ACM,ACM,0,large
2024-10-31,KBS:UPCOM:ACS,ACS,0,large
2024-10-31,KBS:UPCOM:ACV,ACV,0,large
2024-10-31,KBS:UPCOM:AG1,AG1,0,large
2024-10-31,KBS:UPCOM:AGF,AGF,0,large
2024-10-31,KBS:UPCOM:AGP,AGP,0,large
2024-10-31,KBS:UPCOM:AGX,AGX,0,large
2024-10-31,KBS:UPCOM:AIC,AIC,0,large
2024-10-31,KBS:UPCOM:ALV,ALV,0,large
2024-10-31,KBS:UPCOM:AMP,AMP,0,large
2024-10-31,KBS:UPCOM:AMS,AMS,0,large
2024-10-31,KBS:UPCOM:APF,APF,0,large
2024-10-31,KBS:UPCOM:APL,APL,0,large
2024-10-31,KBS:UPCOM:APT,APT,0,large
2024-10-31,KBS:UPCOM:ART,ART,0,large
2024-10-31,KBS:UPCOM:ATA,ATA,0,large
2024-10-31,KBS:UPCOM:ATG,ATG,0,large
2024-10-31,KBS:UPCOM:AVC,AVC,0,large
2024-10-31,KBS:UPCOM:BAL,BAL,0,large
2024-10-31,KBS:UPCOM:BBH,BBH,0,large
2024-10-31,KBS:UPCOM:BBM,BBM,0,large
2024-10-31,KBS:UPCOM:BBT,BBT,0,large
2024-10-31,KBS:UPCOM:BCA,BCA,0,large
2024-10-31,KBS:UPCOM:BCB,BCB,0,large
2024-10-31,KBS:UPCOM:BCP,BCP,0,large
2024-10-31,KBS:UPCOM:BDG,BDG,0,large
2024-10-31,KBS:UPCOM:BDT,BDT,0,large
2024-10-31,KBS:UPCOM:BDW,BDW,0,large
2024-10-31,KBS:UPCOM:BEL,BEL,0,large
2024-10-31,KBS:UPCOM:BGW,BGW,0,large
2024-10-31,KBS:UPCOM:BHA,BHA,0,large
2024-10-31,KBS:UPCOM:BHC,BHC,0,large
2024-10-31,KBS:UPCOM:BHG,BHG,0,large
2024-10-31,KBS:UPCOM:BHK,BHK,0,large
2024-10-31,KBS:UPCOM:BHP,BHP,0,large
2024-10-31,KBS:UPCOM:BIO,BIO,0,large
2024-10-31,KBS:UPCOM:BLI,BLI,0,large
2024-10-31,KBS:UPCOM:BLN,BLN,0,large
2024-10-31,KBS:UPCOM:BLT,BLT,0,large
2024-10-31,KBS:UPCOM:BMD,BMD,0,large
2024-10-31,KBS:UPCOM:BMF,BMF,0,large
2024-10-31,KBS:UPCOM:BMG,BMG,0,large
2024-10-31,KBS:UPCOM:BMJ,BMJ,0,large
2024-10-31,KBS:UPCOM:BMS,BMS,0,large
2024-10-31,KBS:UPCOM:BMV,BMV,0,large
2024-10-31,KBS:UPCOM:BNW,BNW,0,large
2024-10-31,KBS:UPCOM:BQB,BQB,0,large
2024-10-31,KBS:UPCOM:BRR,BRR,0,large
2024-10-31,KBS:UPCOM:BRS,BRS,0,large
2024-10-31,KBS:UPCOM:BSD,BSD,0,large
2024-10-31,KBS:UPCOM:BSG,BSG,0,large
2024-10-31,KBS:UPCOM:BSH,BSH,0,large
2024-10-31,KBS:UPCOM:BSL,BSL,0,large
2024-10-31,KBS:UPCOM:BSP,BSP,0,large
2024-10-31,KBS:UPCOM:BSQ,BSQ,0,large
2024-10-31,KBS:UPCOM:BTB,BTB,0,large
2024-10-31,KBS:UPCOM:BTD,BTD,0,large
2024-10-31,KBS:UPCOM:BTG,BTG,0,large
2024-10-31,KBS:UPCOM:BTN,BTN,0,large
2024-10-31,KBS:UPCOM:BTU,BTU,0,large
2024-10-31,KBS:UPCOM:BTV,BTV,0,large
2024-10-31,KBS:UPCOM:BVG,BVG,0,large
2024-10-31,KBS:UPCOM:BVL,BVL,0,large
2024-10-31,KBS:UPCOM:BVN,BVN,0,large
2024-10-31,KBS:UPCOM:BWA,BWA,0,large
2024-10-31,KBS:UPCOM:BWS,BWS,0,large
2024-10-31,KBS:UPCOM:C22,C22,0,large
2024-10-31,KBS:UPCOM:C4G,C4G,0,large
2024-10-31,KBS:UPCOM:C92,C92,0,large
2024-10-31,KBS:UPCOM:CAD,CAD,0,large
2024-10-31,KBS:UPCOM:CAT,CAT,0,large
2024-10-31,KBS:UPCOM:CBI,CBI,0,large
2024-10-31,KBS:UPCOM:CBS,CBS,0,large
2024-10-31,KBS:UPCOM:CC1,CC1,0,large
2024-10-31,KBS:UPCOM:CCA,CCA,0,large
2024-10-31,KBS:UPCOM:CCM,CCM,0,large
2024-10-31,KBS:UPCOM:CCP,CCP,0,large
2024-10-31,KBS:UPCOM:CCT,CCT,0,large
2024-10-31,KBS:UPCOM:CCV,CCV,0,large
2024-10-31,KBS:UPCOM:CDP,CDP,0,large
2024-10-31,KBS:UPCOM:CDR,CDR,0,large
2024-10-31,KBS:UPCOM:CEN,CEN,0,large
2024-10-31,KBS:UPCOM:CFM,CFM,0,large
2024-10-31,KBS:UPCOM:CFV,CFV,0,large
2024-10-31,KBS:UPCOM:CH5,CH5,0,large
2024-10-31,KBS:UPCOM:CHC,CHC,0,large
2024-10-31,KBS:UPCOM:CHS,CHS,0,large
2024-10-31,KBS:UPCOM:CI5,CI5,0,large
2024-10-31,KBS:UPCOM:CID,CID,0,large
2024-10-31,KBS:UPCOM:CKA,CKA,0,large
2024-10-31,KBS:UPCOM:CKD,CKD,0,large
2024-10-31,KBS:UPCOM:CLX,CLX,0,large
2024-10-31,KBS:UPCOM:CMD,CMD,0,large
2024-10-31,KBS:UPCOM:CMF,CMF,0,large
2024-10-31,KBS:UPCOM:CMI,CMI,0,large
2024-10-31,KBS:UPCOM:CMK,CMK,0,large
2024-10-31,KBS:UPCOM:CMN,CMN,0,large
2024-10-31,KBS:UPCOM:CMT,CMT,0,large
2024-10-31,KBS:UPCOM:CMW,CMW,0,large
2024-10-31,KBS:UPCOM:CNC,CNC,0,large
2024-10-31,KBS:UPCOM:CNN,CNN,0,large
2024-10-31,KBS:UPCOM:CNT,CNT,0,large
2024-10-31,KBS:UPCOM:CPA,CPA,0,large
2024-10-31,KBS:UPCOM:CPI,CPI,0,large
2024-10-31,KBS:UPCOM:CQN,CQN,0,large
2024-10-31,KBS:UPCOM:CQT,CQT,0,large
2024-10-31,KBS:UPCOM:CT3,CT3,0,large
2024-10-31,KBS:UPCOM:CTW,CTW,0,large
2024-10-31,KBS:UPCOM:DAS,DAS,0,large
2024-10-31,KBS:UPCOM:DBM,DBM,0,large
2024-10-31,KBS:UPCOM:DC1,DC1,0,large
2024-10-31,KBS:UPCOM:DCF,DCF,0,large
2024-10-31,KBS:UPCOM:DCH,DCH,0,large
2024-10-31,KBS:UPCOM:DCR,DCR,0,large
2024-10-31,KBS:UPCOM:DCS,DCS,0,large
2024-10-31,KBS:UPCOM:DCT,DCT,0,large
2024-10-31,KBS:UPCOM:DDH,DDH,0,large
2024-10-31,KBS:UPCOM:DDM,DDM,0,large
2024-10-31,KBS:UPCOM:DDN,DDN,0,large
2024-10-31,KBS:UPCOM:DDV,DDV,0,large
2024-10-31,KBS:UPCOM:DFC,DFC,0,large
2024-10-31,KBS:UPCOM:DGT,DGT,0,large
2024-10-31,KBS:UPCOM:DHB,DHB,0,large
2024-10-31,KBS:UPCOM:DHD,DHD,0,large
2024-10-31,KBS:UPCOM:DHN,DHN,0,large
2024-10-31,KBS:UPCOM:DIC,DIC,0,large
2024-10-31,KBS:UPCOM:DID,DID,0,large
2024-10-31,KBS:UPCOM:DKC,DKC,0,large
2024-10-31,KBS:UPCOM:DLR,DLR,0,large
2024-10-31,KBS:UPCOM:DLT,DLT,0,large
2024-10-31,KBS:UPCOM:DM7,DM7,0,large
2024-10-31,KBS:UPCOM:DNA,DNA,0,large
2024-10-31,KBS:UPCOM:DND,DND,0,large
2024-10-31,KBS:UPCOM:DNE,DNE,0,large
2024-10-31,KBS:UPCOM:DNH,DNH,0,large
2024-10-31,KBS:UPCOM:DNL,DNL,0,large
2024-10-31,KBS:UPCOM:DNM,DNM,0,large
2024-10-31,KBS:UPCOM:DNT,DNT,0,large
2024-10-31,KBS:UPCOM:DNW,DNW,0,large
2024-10-31,KBS:UPCOM:DOC,DOC,0,large
2024-10-31,KBS:UPCOM:DOP,DOP,0,large
2024-10-31,KBS:UPCOM:DP1,DP1,0,large
2024-10-31,KBS:UPCOM:DPH,DPH,0,large
2024-10-31,KBS:UPCOM:DPP,DPP,0,large
2024-10-31,KBS:UPCOM:DRG,DRG,0,large
2024-10-31,KBS:UPCOM:DRI,DRI,0,large
2024-10-31,KBS:UPCOM:DSG,DSG,0,large
2024-10-31,KBS:UPCOM:DSP,DSP,0,large
2024-10-31,KBS:UPCOM:DTI,DTI,0,large
2024-10-31,KBS:UPCOM:DTP,DTP,0,large
2024-10-31,KBS:UPCOM:DUS,DUS,0,large
2024-10-31,KBS:UPCOM:DVC,DVC,0,large
2024-10-31,KBS:UPCOM:DVW,DVW,0,large
2024-10-31,KBS:UPCOM:DWS,DWS,0,large
2024-10-31,KBS:UPCOM:DXL,DXL,0,large
2024-10-31,KBS:UPCOM:E12,E12,0,large
2024-10-31,KBS:UPCOM:E29,E29,0,large
2024-10-31,KBS:UPCOM:EIC,EIC,0,large
2024-10-31,KBS:UPCOM:EIN,EIN,0,large
2024-10-31,KBS:UPCOM:EMG,EMG,0,large
2024-10-31,KBS:UPCOM:EMS,EMS,0,large
2024-10-31,KBS:UPCOM:FCC,FCC,0,large
2024-10-31,KBS:UPCOM:FCS,FCS,0,large
2024-10-31,KBS:UPCOM:FHN,FHN,0,large
2024-10-31,KBS:UPCOM:FHS,FHS,0,large
2024-10-31,KBS:UPCOM:FIC,FIC,0,large
2024-10-31,KBS:UPCOM:FOC,FOC,0,large
2024-10-31,KBS:UPCOM:FOX,FOX,0,large
2024-10-31,KBS:UPCOM:FRC,FRC,0,large
2024-10-31,KBS:UPCOM:FRM,FRM,0,large
2024-10-31,KBS:UPCOM:FT1,FT1,0,large
2024-10-31,KBS:UPCOM:FTI,FTI,0,large
2024-10-31,KBS:UPCOM:FTM,FTM,0,large
2024-10-31,KBS:UPCOM:G36,G36,0,large
2024-10-31,KBS:UPCOM:GCB,GCB,0,large
2024-10-31,KBS:UPCOM:GER,GER,0,large
2024-10-31,KBS:UPCOM:GGG,GGG,0,large
2024-10-31,KBS:UPCOM:GH3,GH3,0,large
2024-10-31,KBS:UPCOM:GLC,GLC,0,large
2024-10-31,KBS:UPCOM:GMC,GMC,0,large
2024-10-31,KBS:UPCOM:GND,GND,0,large
2024-10-31,KBS:UPCOM:GSM,GSM,0,large
2024-10-31,KBS:UPCOM:GTD,GTD,0,large
2024-10-31,KBS:UPCOM:GTS,GTS,0,large
2024-10-31,KBS:UPCOM:H11,H11,0,large
2024-10-31,KBS:UPCOM:HAC,HAC,0,large
2024-10-31,KBS:UPCOM:HAF,HAF,0,large
2024-10-31,KBS:UPCOM:HAM,HAM,0,large
2024-10-31,KBS:UPCOM:HAN,HAN,0,large
2024-10-31,KBS:UPCOM:HBD,HBD,0,large
2024-10-31,KBS:UPCOM:HBH,HBH,0,large
2024-10-31,KBS:UPCOM:HD6,HD6,0,large
2024-10-31,KBS:UPCOM:HDW,HDW,0,large
2024-10-31,KBS:UPCOM:HEJ,HEJ,0,large
2024-10-31,KBS:UPCOM:HEP,HEP,0,large
2024-10-31,KBS:UPCOM:HES,HES,0,large
2024-10-31,KBS:UPCOM:HHG,HHG,0,large
2024-10-31,KBS:UPCOM:HLB,HLB,0,large
2024-10-31,KBS:UPCOM:HLS,HLS,0,large
2024-10-31,KBS:UPCOM:HND,HND,0,large
2024-10-31,KBS:UPCOM:HNF,HNF,0,large
2024-10-31,KBS:UPCOM:HNM,HNM,0,large
2024-10-31,KBS:UPCOM:HPH,HPH,0,large
2024-10-31,KBS:UPCOM:HPT,HPT,0,large
2024-10-31,KBS:UPCOM:HTM,HTM,0,large
2024-10-31,KBS:UPCOM:HWS,HWS,0,large
2024-10-31,KBS:UPCOM:ICI,ICI,0,large
2024-10-31,KBS:UPCOM:ICN,ICN,0,large
2024-10-31,KBS:UPCOM:IFS,IFS,0,large
2024-10-31,KBS:UPCOM:ILA,ILA,0,large
2024-10-31,KBS:UPCOM:ILC,ILC,0,large
2024-10-31,KBS:UPCOM:ILS,ILS,0,large
2024-10-31,KBS:UPCOM:IST,IST,0,large
2024-10-31,KBS:UPCOM:JOS,JOS,0,large
2024-10-31,KBS:UPCOM:KHW,KHW,0,large
2024-10-31,KBS:UPCOM:KIP,KIP,0,large
2024-10-31,KBS:UPCOM:L63,L63,0,large
2024-10-31,KBS:UPCOM:LAI,LAI,0,large
2024-10-31,KBS:UPCOM:LIC,LIC,0,large
2024-10-31,KBS:UPCOM:LLM,LLM,0,large
2024-10-31,KBS:UPCOM:LMI,LMI,0,large
2024-10-31,KBS:UPCOM:LTC,LTC,0,large
2024-10-31,KBS:UPCOM:MDF,MDF,0,large
2024-10-31,KBS:UPCOM:MEC,MEC,0,large
2024-10-31,KBS:UPCOM:MFS,MFS,0,large
2024-10-31,KBS:UPCOM:MGC,MGC,0,large
2024-10-31,KBS:UPCOM:MGG,MGG,0,large
2024-10-31,KBS:UPCOM:MPC,MPC,0,large
2024-10-31,KBS:UPCOM:MSR,MSR,0,large
2024-10-31,KBS:UPCOM:MVN,MVN,0,large
2024-10-31,KBS:UPCOM:NAU,NAU,0,large
2024-10-31,KBS:UPCOM:NBT,NBT,0,large
2024-10-31,KBS:UPCOM:ND2,ND2,0,large
2024-10-31,KBS:UPCOM:NOS,NOS,0,large
2024-10-31,KBS:UPCOM:NQN,NQN,0,large
2024-10-31,KBS:UPCOM:NTT,NTT,0,large
2024-10-31,KBS:UPCOM:NTW,NTW,0,large
2024-10-31,KBS:UPCOM:NUE,NUE,0,large
2024-10-31,KBS:UPCOM:OIL,OIL,0,large
2024-10-31,KBS:UPCOM:PCC,PCC,0,large
2024-10-31,KBS:UPCOM:PCF,PCF,0,large
2024-10-31,KBS:UPCOM:PFL,PFL,0,large
2024-10-31,KBS:UPCOM:PHP,PHP,0,large
2024-10-31,KBS:UPCOM:PHS,PHS,0,large
2024-10-31,KBS:UPCOM:PVE,PVE,0,large
2024-10-31,KBS:UPCOM:PVL,PVL,0,large
2024-10-31,KBS:UPCOM:PVX,PVX,0,large
2024-10-31,KBS:UPCOM:PWA,PWA,0,large
2024-10-31,KBS:UPCOM:PWS,PWS,0,large
2024-10-31,KBS:UPCOM:PXA,PXA,0,large
2024-10-31,KBS:UPCOM:PXI,PXI,0,large
2024-10-31,KBS:UPCOM:PXM,PXM,0,large
2024-10-31,KBS:UPCOM:PXS,PXS,0,large
2024-10-31,KBS:UPCOM:QCC,QCC,0,large
2024-10-31,KBS:UPCOM:QHW,QHW,0,large
2024-10-31,KBS:UPCOM:QNC,QNC,0,large
2024-10-31,KBS:UPCOM:QNS,QNS,0,large
2024-10-31,KBS:UPCOM:QPH,QPH,0,large
2024-10-31,KBS:UPCOM:QSP,QSP,0,large
2024-10-31,KBS:UPCOM:RIC,RIC,0,large
2024-10-31,KBS:UPCOM:S74,S74,0,large
2024-10-31,KBS:UPCOM:SBD,SBD,0,large
2024-10-31,KBS:UPCOM:SBM,SBM,0,large
2024-10-31,KBS:UPCOM:SCJ,SCJ,0,large
2024-10-31,KBS:UPCOM:SCL,SCL,0,large
2024-10-31,KBS:UPCOM:SD2,SD2,0,large
2024-10-31,KBS:UPCOM:SD7,SD7,0,large
2024-10-31,KBS:UPCOM:SDP,SDP,0,large
2024-10-31,KBS:UPCOM:SEA,SEA,0,large
2024-10-31,KBS:UPCOM:SGB,SGB,0,large
2024-10-31,KBS:UPCOM:SGS,SGS,0,large
2024-10-31,KBS:UPCOM:SID,SID,0,large
2024-10-31,KBS:UPCOM:SJG,SJG,0,large
2024-10-31,KBS:UPCOM:SKV,SKV,0,large
2024-10-31,KBS:UPCOM:SRB,SRB,0,large
2024-10-31,KBS:UPCOM:SSG,SSG,0,large
2024-10-31,KBS:UPCOM:SSH,SSH,0,large
2024-10-31,KBS:UPCOM:STT,STT,0,large
2024-10-31,KBS:UPCOM:SWC,SWC,0,large
2024-10-31,KBS:UPCOM:TDB,TDB,0,large
2024-10-31,KBS:UPCOM:TDS,TDS,0,large
2024-10-31,KBS:UPCOM:TGP,TGP,0,large
2024-10-31,KBS:UPCOM:THW,THW,0,large
2024-10-31,KBS:UPCOM:TIS,TIS,0,large
2024-10-31,KBS:UPCOM:TLP,TLP,0,large
2024-10-31,KBS:UPCOM:TNW,TNW,0,large
2024-10-31,KBS:UPCOM:TOS,TOS,0,large
2024-10-31,KBS:UPCOM:TOW,TOW,0,large
2024-10-31,KBS:UPCOM:TSD,TSD,0,large
2024-10-31,KBS:UPCOM:TST,TST,0,large
2024-10-31,KBS:UPCOM:TTD,TTD,0,large
2024-10-31,KBS:UPCOM:TTG,TTG,0,large
2024-10-31,KBS:UPCOM:TTS,TTS,0,large
2024-10-31,KBS:UPCOM:TUG,TUG,0,large
2024-10-31,KBS:UPCOM:TV1,TV1,0,large
2024-10-31,KBS:UPCOM:TVN,TVN,0,large
2024-10-31,KBS:UPCOM:UDC,UDC,0,large
2024-10-31,KBS:UPCOM:USC,USC,0,large
2024-10-31,KBS:UPCOM:VAV,VAV,0,large
2024-10-31,KBS:UPCOM:VCP,VCP,0,large
2024-10-31,KBS:UPCOM:VCR,VCR,0,large
2024-10-31,KBS:UPCOM:VDN,VDN,0,large
2024-10-31,KBS:UPCOM:VEA,VEA,0,large
2024-10-31,KBS:UPCOM:VGG,VGG,0,large
2024-10-31,KBS:UPCOM:VGI,VGI,0,large
2024-10-31,KBS:UPCOM:VGT,VGT,0,large
2024-10-31,KBS:UPCOM:VHG,VHG,0,large
2024-10-31,KBS:UPCOM:VIM,VIM,0,large
2024-10-31,KBS:UPCOM:VIN,VIN,0,large
2024-10-31,KBS:UPCOM:VIW,VIW,0,large
2024-10-31,KBS:UPCOM:VKC,VKC,0,large
2024-10-31,KBS:UPCOM:VLG,VLG,0,large
2024-10-31,KBS:UPCOM:VLW,VLW,0,large
2024-10-31,KBS:UPCOM:VNB,VNB,0,large
2024-10-31,KBS:UPCOM:VPR,VPR,0,large
2024-10-31,KBS:UPCOM:VSE,VSE,0,large
2024-10-31,KBS:UPCOM:VST,VST,0,large
2024-10-31,KBS:UPCOM:VTK,VTK,0,large
2024-10-31,KBS:UPCOM:VW3,VW3,0,large
2024-10-31,KBS:UPCOM:WSB,WSB,0,large
2024-10-31,KBS:UPCOM:XMC,XMC,0,large
2024-10-31,KBS:UPCOM:XMP,XMP,0,large
2024-11-29,KBS:HNX:ADC,ADC,0,large
2024-11-29,KBS:HNX:ALT,ALT,0,large
2024-11-29,KBS:HNX:AMC,AMC,0,large
2024-11-29,KBS:HNX:AME,AME,0,large
2024-11-29,KBS:HNX:AMV,AMV,0,large
2024-11-29,KBS:HNX:API,API,0,large
2024-11-29,KBS:HNX:APS,APS,0,large
2024-11-29,KBS:HNX:ARM,ARM,0,large
2024-11-29,KBS:HNX:ATS,ATS,0,large
2024-11-29,KBS:HNX:BAB,BAB,0,large
2024-11-29,KBS:HNX:BAX,BAX,0,large
2024-11-29,KBS:HNX:BBS,BBS,0,large
2024-11-29,KBS:HNX:BCF,BCF,0,large
2024-11-29,KBS:HNX:BED,BED,0,large
2024-11-29,KBS:HNX:BKC,BKC,0,large
2024-11-29,KBS:HNX:BNA,BNA,0,large
2024-11-29,KBS:HNX:BPC,BPC,0,large
2024-11-29,KBS:HNX:BTS,BTS,0,large
2024-11-29,KBS:HNX:BTW,BTW,0,large
2024-11-29,KBS:HNX:BVS,BVS,0,large
2024-11-29,KBS:HNX:BXH,BXH,0,large
2024-11-29,KBS:HNX:C69,C69,0,large
2024-11-29,KBS:HNX:CAG,CAG,0,large
2024-11-29,KBS:HNX:CAN,CAN,0,large
2024-11-29,KBS:HNX:CAP,CAP,0,large
2024-11-29,KBS:HNX:CCR,CCR,0,large
2024-11-29,KBS:HNX:CDN,CDN,0,large
2024-11-29,KBS:HNX:CEO,CEO,0,large
2024-11-29,KBS:HNX:CET,CET,0,large
2024-11-29,KBS:HNX:CIA,CIA,0,large
2024-11-29,KBS:HNX:CJC,CJC,0,large
2024-11-29,KBS:HNX:CKV,CKV,0,large
2024-11-29,KBS:HNX:CLH,CLH,0,large
2024-11-29,KBS:HNX:CLM,CLM,0,large
2024-11-29,KBS:HNX:CMC,CMC,0,large
2024-11-29,KBS:HNX:CMS,CMS,0,large
2024-11-29,KBS:HNX:CPC,CPC,0,large
2024-11-29,KBS:HNX:CSC,CSC,0,large
2024-11-29,KBS:HNX:CST,CST,0,large
2024-11-29,KBS:HNX:CTB,CTB,0,large
2024-11-29,KBS:HNX:CTP,CTP,0,large
2024-11-29,KBS:HNX:CTT,CTT,0,large
2024-11-29,KBS:HNX:CX8,CX8,0,large
2024-11-29,KBS:HNX:D11,D11,0,large
2024-11-29,KBS:HNX:DAD,DAD,0,large
2024-11-29,KBS:HNX:DAE,DAE,0,large
2024-11-29,KBS:HNX:DC2,DC2,0,large
2024-11-29,KBS:HNX:DHP,DHP,0,large
2024-11-29,KBS:HNX:DIH,DIH,0,large
2024-11-29,KBS:HNX:DL1,DL1,0,large
2024-11-29,KBS:HNX:DNC,DNC,0,large
2024-11-29,KBS:HNX:DNP,DNP,0,large
2024-11-29,KBS:HNX:DP3,DP3,0,large
2024-11-29,KBS:HNX:DS3,DS3,0,large
2024-11-29,KBS:HNX:DST,DST,0,large
2024-11-29,KBS:HNX:DTD,DTD,0,large
2024-11-29,KBS:HNX:DTK,DTK,0,large
2024-11-29,KBS:HNX:EBS,EBS,0,large
2024-11-29,KBS:HNX:ECI,ECI,0,large
2024-11-29,KBS:HNX:EID,EID,0,large
2024-11-29,KBS:HNX:EVS,EVS,0,large
2024-11-29,KBS:HNX:FID,FID,0,large
2024-11-29,KBS:HNX:GDW,GDW,0,large
2024-11-29,KBS:HNX:GKM,GKM,0,large
2024-11-29,KBS:HNX:GLT,GLT,0,large
2024-11-29,KBS:HNX:GMA,GMA,0,large
2024-11-29,KBS:HNX:GMX,GMX,0,large
2024-11-29,KBS:HNX:HAD,HAD,0,large
2024-11-29,KBS:HNX:HAT,HAT,0,large
2024-11-29,KBS:HNX:HBS,HBS,0,large
2024-11-29,KBS:HNX:HCC,HCC,0,large
2024-11-29,KBS:HNX:HDA,HDA,0,large
2024-11-29,KBS:HNX:HEV,HEV,0,large
2024-11-29,KBS:HNX:HGM,HGM,0,large
2024-11-29,KBS:HNX:HHC,HHC,0,large
2024-11-29,KBS:HNX:HJS,HJS,0,large
2024-11-29,KBS:HNX:HKT,HKT,0,large
2024-11-29,KBS:HNX:HLC,HLC,0,large
2024-11-29,KBS:HNX:HLD,HLD,0,large
2024-11-29,KBS:HNX:HMH,HMH,0,large
2024-11-29,KBS:HNX:HTC,HTC,0,large
2024-11-29,KBS:HNX:HUT,HUT,0,large
2024-11-29,KBS:HNX:HVT,HVT,0,large
2024-11-29,KBS:HNX:ICG,ICG,0,large
2024-11-29,KBS:HNX:IDC,IDC,0,large
2024-11-29,KBS:HNX:IDJ,IDJ,0,large
2024-11-29,KBS:HNX:IDV,IDV,0,large
2024-11-29,KBS:HNX:INC,INC,0,large
2024-11-29,KBS:HNX:INN,INN,0,large
2024-11-29,KBS:HNX:IPA,IPA,0,large
2024-11-29,KBS:HNX:IVS,IVS,0,large
2024-11-29,KBS:HNX:KDM,KDM,0,large
2024-11-29,KBS:HNX:KHS,KHS,0,large
2024-11-29,KBS:HNX:KKC,KKC,0,large
2024-11-29,KBS:HNX:KSD,KSD,0,large
2024-11-29,KBS:HNX:KSF,KSF,0,large
2024-11-29,KBS:HNX:KST,KST,0,large
2024-11-29,KBS:HNX:KSV,KSV,0,large
2024-11-29,KBS:HNX:KTS,KTS,0,large
2024-11-29,KBS:HNX:L14,L14,0,large
2024-11-29,KBS:HNX:L18,L18,0,large
2024-11-29,KBS:HNX:LBE,LBE,0,large
2024-11-29,KBS:HNX:LCD,LCD,0,large
2024-11-29,KBS:HNX:LDP,LDP,0,large
2024-11-29,KBS:HNX:LHC,LHC,0,large
2024-11-29,KBS:HNX:LIG,LIG,0,large
2024-11-29,KBS:HNX:MAC,MAC,0,large
2024-11-29,KBS:HNX:MAS,MAS,0,large
2024-11-29,KBS:HNX:MBG,MBG,0,large
2024-11-29,KBS:HNX:MCC,MCC,0,large
2024-11-29,KBS:HNX:MCF,MCF,0,large
2024-11-29,KBS:HNX:MCO,MCO,0,large
2024-11-29,KBS:HNX:MDC,MDC,0,large
2024-11-29,KBS:HNX:MED,MED,0,large
2024-11-29,KBS:HNX:MIC,MIC,0,large
2024-11-29,KBS:HNX:MKV,MKV,0,large
2024-11-29,KBS:HNX:MST,MST,0,large
2024-11-29,KBS:HNX:MVB,MVB,0,large
2024-11-29,KBS:HNX:NAG,NAG,0,large
2024-11-29,KBS:HNX:NAP,NAP,0,large
2024-11-29,KBS:HNX:NBP,NBP,0,large
2024-11-29,KBS:HNX:NBW,NBW,0,large
2024-11-29,KBS:HNX:NDN,NDN,0,large
2024-11-29,KBS:HNX:NET,NET,0,large
2024-11-29,KBS:HNX:NFC,NFC,0,large
2024-11-29,KBS:HNX:NHC,NHC,0,large
2024-11-29,KBS:HNX:NRC,NRC,0,large
2024-11-29,KBS:HNX:NSH,NSH,0,large
2024-11-29,KBS:HNX:NST,NST,0,large
2024-11-29,KBS:HNX:NTH,NTH,0,large
2024-11-29,KBS:HNX:NTP,NTP,0,large
2024-11-29,KBS:HNX:NVB,NVB,0,large
2024-11-29,KBS:HNX:ONE,ONE,0,large
2024-11-29,KBS:HNX:PBP,PBP,0,large
2024-11-29,KBS:HNX:PCE,PCE,0,large
2024-11-29,KBS:HNX:PCT,PCT,0,large
2024-11-29,KBS:HNX:PDB,PDB,0,large
2024-11-29,KBS:HNX:PEN,PEN,0,large
2024-11-29,KBS:HNX:PGN,PGN,0,large
2024-11-29,KBS:HNX:PGS,PGS,0,large
2024-11-29,KBS:HNX:PGT,PGT,0,large
2024-11-29,KBS:HNX:PHN,PHN,0,large
2024-11-29,KBS:HNX:PIA,PIA,0,large
2024-11-29,KBS:HNX:PIC,PIC,0,large
2024-11-29,KBS:HNX:PJC,PJC,0,large
2024-11-29,KBS:HNX:PLC,PLC,0,large
2024-11-29,KBS:HNX:PMB,PMB,0,large
2024-11-29,KBS:HNX:PMC,PMC,0,large
2024-11-29,KBS:HNX:PMP,PMP,0,large
2024-11-29,KBS:HNX:PMS,PMS,0,large
2024-11-29,KBS:HNX:POT,POT,0,large
2024-11-29,KBS:HNX:PPE,PPE,0,large
2024-11-29,KBS:HNX:PPP,PPP,0,large
2024-11-29,KBS:HNX:PPS,PPS,0,large
2024-11-29,KBS:HNX:PPY,PPY,0,large
2024-11-29,KBS:HNX:PRC,PRC,0,large
2024-11-29,KBS:HNX:PRE,PRE,0,large
2024-11-29,KBS:HNX:PSD,PSD,0,large
2024-11-29,KBS:HNX:PSE,PSE,0,large
2024-11-29,KBS:HNX:PSI,PSI,0,large
2024-11-29,KBS:HNX:PSW,PSW,0,large
2024-11-29,KBS:HNX:PTD,PTD,0,large
2024-11-29,KBS:HNX:PTS,PTS,0,large
2024-11-29,KBS:HNX:PV2,PV2,0,large
2024-11-29,KBS:HNX:PVB,PVB,0,large
2024-11-29,KBS:HNX:PVC,PVC,0,large
2024-11-29,KBS:HNX:PVG,PVG,0,large
2024-11-29,KBS:HOSE:AAM,AAM,0,large
2024-11-29,KBS:HOSE:AAT,AAT,0,large
2024-11-29,KBS:HOSE:ABR,ABR,0,large
2024-11-29,KBS:HOSE:ABS,ABS,0,large
2024-11-29,KBS:HOSE:ABT,ABT,0,large
2024-11-29,KBS:HOSE:ACC,ACC,0,large
2024-11-29,KBS:HOSE:ACG,ACG,0,large
2024-11-29,KBS:HOSE:ACL,ACL,0,large
2024-11-29,KBS:HOSE:ADG,ADG,0,large
2024-11-29,KBS:HOSE:ADP,ADP,0,large
2024-11-29,KBS:HOSE:ADS,ADS,0,large
2024-11-29,KBS:HOSE:AFX,AFX,0,large
2024-11-29,KBS:HOSE:AGG,AGG,0,large
2024-11-29,KBS:HOSE:AGR,AGR,0,large
2024-11-29,KBS:HOSE:ANT,ANT,0,large
2024-11-29,KBS:HOSE:ANV,ANV,0,large
2024-11-29,KBS:HOSE:APG,APG,0,large
2024-11-29,KBS:HOSE:APH,APH,0,large
2024-11-29,KBS:HOSE:ASM,ASM,0,large
2024-11-29,KBS:HOSE:ASP,ASP,0,large
2024-11-29,KBS:HOSE:AST,AST,0,large
2024-11-29,KBS:HOSE:BCE,BCE,0,large
2024-11-29,KBS:HOSE:BCM,BCM,0,large
2024-11-29,KBS:HOSE:BFC,BFC,0,large
2024-11-29,KBS:HOSE:BHN,BHN,0,large
2024-11-29,KBS:HOSE:BIC,BIC,0,large
2024-11-29,KBS:HOSE:BKG,BKG,0,large
2024-11-29,KBS:HOSE:BMI,BMI,0,large
2024-11-29,KBS:HOSE:BRC,BRC,0,large
2024-11-29,KBS:HOSE:BSI,BSI,0,large
2024-11-29,KBS:HOSE:BSR,BSR,0,large
2024-11-29,KBS:HOSE:BTP,BTP,0,large
2024-11-29,KBS:HOSE:BVH,BVH,0,large
2024-11-29,KBS:HOSE:C32,C32,0,large
2024-11-29,KBS:HOSE:CCI,CCI,0,large
2024-11-29,KBS:HOSE:CCL,CCL,0,large
2024-11-29,KBS:HOSE:CDC,CDC,0,large
2024-11-29,KBS:HOSE:CHP,CHP,0,large
2024-11-29,KBS:HOSE:CIG,CIG,0,large
2024-11-29,KBS:HOSE:CII,CII,0,large
2024-11-29,KBS:HOSE:CKG,CKG,0,large
2024-11-29,KBS:HOSE:CLC,CLC,0,large
2024-11-29,KBS:HOSE:CLW,CLW,0,large
2024-11-29,KBS:HOSE:CMV,CMV,0,large
2024-11-29,KBS:HOSE:CMX,CMX,0,large
2024-11-29,KBS:HOSE:CNG,CNG,0,large
2024-11-29,KBS:HOSE:COM,COM,0,large
2024-11-29,KBS:HOSE:CRC,CRC,0,large
2024-11-29,KBS:HOSE:CRE,CRE,0,large
2024-11-29,KBS:HOSE:CSV,CSV,0,large
2024-11-29,KBS:HOSE:CTD,CTD,0,large
2024-11-29,KBS:HOSE:CTF,CTF,0,large
2024-11-29,KBS:HOSE:CTI,CTI,0,large
2024-11-29,KBS:HOSE:CTR,CTR,0,large
2024-11-29,KBS:HOSE:CTS,CTS,0,large
2024-11-29,KBS:HOSE:CVT,CVT,0,large
2024-11-29,KBS:HOSE:D2D,D2D,0,large
2024-11-29,KBS:HOSE:DAH,DAH,0,large
2024-11-29,KBS:HOSE:DBC,DBC,0,large
2024-11-29,KBS:HOSE:DBD,DBD,0,large
2024-11-29,KBS:HOSE:DC4,DC4,0,large
2024-11-29,KBS:HOSE:DCL,DCL,0,large
2024-11-29,KBS:HOSE:DCM,DCM,0,large
2024-11-29,KBS:HOSE:DGC,DGC,0,large
2024-11-29,KBS:HOSE:DGW,DGW,0,large
2024-11-29,KBS:HOSE:DHA,DHA,0,large
2024-11-29,KBS:HOSE:DHC,DHC,0,large
2024-11-29,KBS:HOSE:DLG,DLG,0,large
2024-11-29,KBS:HOSE:DMC,DMC,0,large
2024-11-29,KBS:HOSE:DPG,DPG,0,large
2024-11-29,KBS:HOSE:DQC,DQC,0,large
2024-11-29,KBS:HOSE:DRC,DRC,0,large
2024-11-29,KBS:HOSE:DSN,DSN,0,large
2024-11-29,KBS:HOSE:DTA,DTA,0,large
2024-11-29,KBS:HOSE:DTL,DTL,0,large
2024-11-29,KBS:HOSE:DTT,DTT,0,large
2024-11-29,KBS:HOSE:DVP,DVP,0,large
2024-11-29,KBS:HOSE:DXG,DXG,1,small
2024-11-29,KBS:HOSE:DXS,DXS,0,large
2024-11-29,KBS:HOSE:DXV,DXV,0,large
2024-11-29,KBS:HOSE:EIB,EIB,0,large
2024-11-29,KBS:HOSE:EVE,EVE,0,large
2024-11-29,KBS:HOSE:EVF,EVF,0,large
2024-11-29,KBS:HOSE:EVG,EVG,0,large
2024-11-29,KBS:HOSE:FCM,FCM,0,large
2024-11-29,KBS:HOSE:FCN,FCN,0,large
2024-11-29,KBS:HOSE:FDC,FDC,0,large
2024-11-29,KBS:HOSE:FIR,FIR,0,large
2024-11-29,KBS:HOSE:FIT,FIT,0,large
2024-11-29,KBS:HOSE:FMC,FMC,0,large
2024-11-29,KBS:HOSE:FPT,FPT,1,small
2024-11-29,KBS:HOSE:FRT,FRT,0,large
2024-11-29,KBS:HOSE:FTS,FTS,0,large
2024-11-29,KBS:HOSE:GAS,GAS,0,large
2024-11-29,KBS:HOSE:GDT,GDT,0,large
2024-11-29,KBS:HOSE:GEG,GEG,0,large
2024-11-29,KBS:HOSE:GHC,GHC,0,large
2024-11-29,KBS:HOSE:GIL,GIL,0,large
2024-11-29,KBS:HOSE:GMD,GMD,0,large
2024-11-29,KBS:HOSE:GTA,GTA,0,large
2024-11-29,KBS:HOSE:HAG,HAG,0,large
2024-11-29,KBS:HOSE:HAP,HAP,0,large
2024-11-29,KBS:HOSE:HAR,HAR,0,large
2024-11-29,KBS:HOSE:HAS,HAS,0,large
2024-11-29,KBS:HOSE:HAX,HAX,0,large
2024-11-29,KBS:HOSE:HCD,HCD,0,large
2024-11-29,KBS:HOSE:HCM,HCM,0,large
2024-11-29,KBS:HOSE:HDC,HDC,0,large
2024-11-29,KBS:HOSE:HDG,HDG,0,large
2024-11-29,KBS:HOSE:HHP,HHP,0,large
2024-11-29,KBS:HOSE:HHV,HHV,0,large
2024-11-29,KBS:HOSE:HID,HID,0,large
2024-11-29,KBS:HOSE:HII,HII,0,large
2024-11-29,KBS:HOSE:HMC,HMC,0,large
2024-11-29,KBS:HOSE:HQC,HQC,0,large
2024-11-29,KBS:HOSE:HRC,HRC,0,large
2024-11-29,KBS:HOSE:HSG,HSG,0,large
2024-11-29,KBS:HOSE:HSL,HSL,0,large
2024-11-29,KBS:HOSE:HTG,HTG,0,large
2024-11-29,KBS:HOSE:HTI,HTI,0,large
2024-11-29,KBS:HOSE:HTL,HTL,0,large
2024-11-29,KBS:HOSE:HTN,HTN,0,large
2024-11-29,KBS:HOSE:HTV,HTV,0,large
2024-11-29,KBS:HOSE:HU1,HU1,0,large
2024-11-29,KBS:HOSE:HUB,HUB,0,large
2024-11-29,KBS:HOSE:HVN,HVN,0,large
2024-11-29,KBS:HOSE:ICT,ICT,0,large
2024-11-29,KBS:HOSE:IJC,IJC,0,large
2024-11-29,KBS:HOSE:ILB,ILB,0,large
2024-11-29,KBS:HOSE:ITC,ITC,0,large
2024-11-29,KBS:HOSE:ITD,ITD,0,large
2024-11-29,KBS:HOSE:JVC,JVC,0,large
2024-11-29,KBS:HOSE:KBC,KBC,0,large
2024-11-29,KBS:HOSE:KDC,KDC,0,large
2024-11-29,KBS:HOSE:KDH,KDH,0,large
2024-11-29,KBS:HOSE:KHG,KHG,0,large
2024-11-29,KBS:HOSE:KHP,KHP,0,large
2024-11-29,KBS:HOSE:KLB,KLB,0,large
2024-11-29,KBS:HOSE:KMR,KMR,0,large
2024-11-29,KBS:HOSE:KOS,KOS,0,large
2024-11-29,KBS:HOSE:KSB,KSB,0,large
2024-11-29,KBS:HOSE:L10,L10,0,large
2024-11-29,KBS:HOSE:LAF,LAF,0,large
2024-11-29,KBS:HOSE:LBM,LBM,0,large
2024-11-29,KBS:HOSE:LCG,LCG,0,large
2024-11-29,KBS:HOSE:LDG,LDG,0,large
2024-11-29,KBS:HOSE:LGL,LGL,0,large
2024-11-29,KBS:HOSE:LHG,LHG,0,large
2024-11-29,KBS:HOSE:LIX,LIX,0,large
2024-11-29,KBS:HOSE:LM8,LM8,0,large
2024-11-29,KBS:HOSE:LPB,LPB,0,large
2024-11-29,KBS:HOSE:LSS,LSS,0,large
2024-11-29,KBS:HOSE:MBB,MBB,1,small
2024-11-29,KBS:HOSE:MCH,MCH,0,large
2024-11-29,KBS:HOSE:MCP,MCP,0,large
2024-11-29,KBS:HOSE:MDG,MDG,0,large
2024-11-29,KBS:HOSE:MHC,MHC,0,large
2024-11-29,KBS:HOSE:MIG,MIG,0,large
2024-11-29,KBS:HOSE:MSB,MSB,0,large
2024-11-29,KBS:HOSE:MSH,MSH,0,large
2024-11-29,KBS:HOSE:MWG,MWG,1,small
2024-11-29,KBS:HOSE:NAF,NAF,0,large
2024-11-29,KBS:HOSE:NAV,NAV,0,large
2024-11-29,KBS:HOSE:NBB,NBB,0,large
2024-11-29,KBS:HOSE:NCT,NCT,0,large
2024-11-29,KBS:HOSE:NHA,NHA,0,large
2024-11-29,KBS:HOSE:NHT,NHT,0,large
2024-11-29,KBS:HOSE:NKG,NKG,0,large
2024-11-29,KBS:HOSE:NLG,NLG,0,large
2024-11-29,KBS:HOSE:NNC,NNC,0,large
2024-11-29,KBS:HOSE:NTC,NTC,0,large
2024-11-29,KBS:HOSE:NVL,NVL,0,large
2024-11-29,KBS:HOSE:NVT,NVT,0,large
2024-11-29,KBS:HOSE:OCB,OCB,0,large
2024-11-29,KBS:HOSE:OGC,OGC,0,large
2024-11-29,KBS:HOSE:OPC,OPC,0,large
2024-11-29,KBS:HOSE:PAC,PAC,0,large
2024-11-29,KBS:HOSE:PAN,PAN,0,large
2024-11-29,KBS:HOSE:PDN,PDN,0,large
2024-11-29,KBS:HOSE:PDV,PDV,0,large
2024-11-29,KBS:HOSE:PGC,PGC,0,large
2024-11-29,KBS:HOSE:PGD,PGD,0,large
2024-11-29,KBS:HOSE:PGI,PGI,0,large
2024-11-29,KBS:HOSE:PGV,PGV,0,large
2024-11-29,KBS:HOSE:PHR,PHR,0,large
2024-11-29,KBS:HOSE:PIT,PIT,0,large
2024-11-29,KBS:HOSE:PLP,PLP,0,large
2024-11-29,KBS:HOSE:PLX,PLX,0,large
2024-11-29,KBS:HOSE:PNC,PNC,0,large
2024-11-29,KBS:HOSE:PNJ,PNJ,0,large
2024-11-29,KBS:HOSE:PTB,PTB,0,large
2024-11-29,KBS:HOSE:PTC,PTC,0,large
2024-11-29,KBS:HOSE:PTL,PTL,0,large
2024-11-29,KBS:HOSE:PVP,PVP,0,large
2024-11-29,KBS:HOSE:PVT,PVT,0,large
2024-11-29,KBS:HOSE:QCG,QCG,0,large
2024-11-29,KBS:HOSE:RAL,RAL,0,large
2024-11-29,KBS:HOSE:S4A,S4A,0,large
2024-11-29,KBS:HOSE:SAB,SAB,0,large
2024-11-29,KBS:HOSE:SAM,SAM,0,large
2024-11-29,KBS:HOSE:SAV,SAV,0,large
2024-11-29,KBS:HOSE:SBA,SBA,0,large
2024-11-29,KBS:HOSE:SBV,SBV,0,large
2024-11-29,KBS:HOSE:SC5,SC5,0,large
2024-11-29,KBS:HOSE:SCR,SCR,0,large
2024-11-29,KBS:HOSE:SCS,SCS,0,large
2024-11-29,KBS:HOSE:SFI,SFI,0,large
2024-11-29,KBS:HOSE:SGR,SGR,0,large
2024-11-29,KBS:HOSE:SGT,SGT,0,large
2024-11-29,KBS:HOSE:SHA,SHA,0,large
2024-11-29,KBS:HOSE:SHB,SHB,0,large
2024-11-29,KBS:HOSE:SHI,SHI,0,large
2024-11-29,KBS:HOSE:SHP,SHP,0,large
2024-11-29,KBS:HOSE:SIP,SIP,0,large
2024-11-29,KBS:HOSE:SJD,SJD,0,large
2024-11-29,KBS:HOSE:SJS,SJS,0,large
2024-11-29,KBS:HOSE:SMA,SMA,0,large
2024-11-29,KBS:HOSE:SMB,SMB,0,large
2024-11-29,KBS:HOSE:SMC,SMC,0,large
2024-11-29,KBS:HOSE:SPM,SPM,0,large
2024-11-29,KBS:HOSE:SRC,SRC,0,large
2024-11-29,KBS:HOSE:SRF,SRF,0,large
2024-11-29,KBS:HOSE:SSB,SSB,0,large
2024-11-29,KBS:HOSE:SSC,SSC,0,large
2024-11-29,KBS:HOSE:STB,STB,1,small
2024-11-29,KBS:HOSE:STG,STG,0,large
2024-11-29,KBS:HOSE:STK,STK,0,large
2024-11-29,KBS:HOSE:SVC,SVC,0,large
2024-11-29,KBS:HOSE:SVT,SVT,0,large
2024-11-29,KBS:HOSE:SZL,SZL,0,large
2024-11-29,KBS:HOSE:TCB,TCB,1,small
2024-11-29,KBS:HOSE:TCL,TCL,0,large
2024-11-29,KBS:HOSE:TCM,TCM,0,large
2024-11-29,KBS:HOSE:TCO,TCO,0,large
2024-11-29,KBS:HOSE:TCR,TCR,0,large
2024-11-29,KBS:HOSE:TDC,TDC,0,large
2024-11-29,KBS:HOSE:TDG,TDG,0,large
2024-11-29,KBS:HOSE:TDP,TDP,0,large
2024-11-29,KBS:HOSE:TDW,TDW,0,large
2024-11-29,KBS:HOSE:TEG,TEG,0,large
2024-11-29,KBS:HOSE:THG,THG,0,large
2024-11-29,KBS:HOSE:TIP,TIP,0,large
2024-11-29,KBS:HOSE:TIX,TIX,0,large
2024-11-29,KBS:HOSE:TLG,TLG,0,large
2024-11-29,KBS:HOSE:TLH,TLH,0,large
2024-11-29,KBS:HOSE:TMS,TMS,0,large
2024-11-29,KBS:HOSE:TMT,TMT,0,large
2024-11-29,KBS:HOSE:TNC,TNC,0,large
2024-11-29,KBS:HOSE:TNH,TNH,0,large
2024-11-29,KBS:HOSE:TNI,TNI,0,large
2024-11-29,KBS:HOSE:TNT,TNT,0,large
2024-11-29,KBS:HOSE:TPB,TPB,0,large
2024-11-29,KBS:HOSE:TRA,TRA,0,large
2024-11-29,KBS:HOSE:TRC,TRC,0,large
2024-11-29,KBS:HOSE:TTE,TTE,0,large
2024-11-29,KBS:HOSE:TV2,TV2,0,large
2024-11-29,KBS:HOSE:TVB,TVB,0,large
2024-11-29,KBS:HOSE:TVS,TVS,0,large
2024-11-29,KBS:HOSE:TVT,TVT,0,large
2024-11-29,KBS:HOSE:UIC,UIC,0,large
2024-11-29,KBS:HOSE:VAB,VAB,0,large
2024-11-29,KBS:HOSE:VCA,VCA,0,large
2024-11-29,KBS:HOSE:VCG,VCG,0,large
2024-11-29,KBS:HOSE:VDS,VDS,0,large
2024-11-29,KBS:HOSE:VFG,VFG,0,large
2024-11-29,KBS:HOSE:VGC,VGC,0,large
2024-11-29,KBS:HOSE:VHM,VHM,1,small
2024-11-29,KBS:HOSE:VID,VID,0,large
2024-11-29,KBS:HOSE:VIP,VIP,0,large
2024-11-29,KBS:HOSE:VIX,VIX,0,large
2024-11-29,KBS:HOSE:VJC,VJC,0,large
2024-11-29,KBS:HOSE:VND,VND,0,large
2024-11-29,KBS:HOSE:VNG,VNG,0,large
2024-11-29,KBS:HOSE:VOS,VOS,0,large
2024-11-29,KBS:HOSE:VPB,VPB,1,small
2024-11-29,KBS:HOSE:VPG,VPG,0,large
2024-11-29,KBS:HOSE:VPS,VPS,0,large
2024-11-29,KBS:HOSE:VSH,VSH,0,large
2024-11-29,KBS:HOSE:VSI,VSI,0,large
2024-11-29,KBS:HOSE:VTO,VTO,0,large
2024-11-29,KBS:UPCOM:A32,A32,0,large
2024-11-29,KBS:UPCOM:AAS,AAS,0,large
2024-11-29,KBS:UPCOM:AAV,AAV,0,large
2024-11-29,KBS:UPCOM:ABB,ABB,0,large
2024-11-29,KBS:UPCOM:ABC,ABC,0,large
2024-11-29,KBS:UPCOM:ABI,ABI,0,large
2024-11-29,KBS:UPCOM:ACE,ACE,0,large
2024-11-29,KBS:UPCOM:ACM,ACM,0,large
2024-11-29,KBS:UPCOM:ACS,ACS,0,large
2024-11-29,KBS:UPCOM:ACV,ACV,0,large
2024-11-29,KBS:UPCOM:AG1,AG1,0,large
2024-11-29,KBS:UPCOM:AGF,AGF,0,large
2024-11-29,KBS:UPCOM:AGP,AGP,0,large
2024-11-29,KBS:UPCOM:AGX,AGX,0,large
2024-11-29,KBS:UPCOM:AIC,AIC,0,large
2024-11-29,KBS:UPCOM:ALV,ALV,0,large
2024-11-29,KBS:UPCOM:AMP,AMP,0,large
2024-11-29,KBS:UPCOM:AMS,AMS,0,large
2024-11-29,KBS:UPCOM:APF,APF,0,large
2024-11-29,KBS:UPCOM:APL,APL,0,large
2024-11-29,KBS:UPCOM:APT,APT,0,large
2024-11-29,KBS:UPCOM:ART,ART,0,large
2024-11-29,KBS:UPCOM:ATA,ATA,0,large
2024-11-29,KBS:UPCOM:ATG,ATG,0,large
2024-11-29,KBS:UPCOM:AVC,AVC,0,large
2024-11-29,KBS:UPCOM:BAL,BAL,0,large
2024-11-29,KBS:UPCOM:BBH,BBH,0,large
2024-11-29,KBS:UPCOM:BBM,BBM,0,large
2024-11-29,KBS:UPCOM:BBT,BBT,0,large
2024-11-29,KBS:UPCOM:BCA,BCA,0,large
2024-11-29,KBS:UPCOM:BCB,BCB,0,large
2024-11-29,KBS:UPCOM:BCP,BCP,0,large
2024-11-29,KBS:UPCOM:BDG,BDG,0,large
2024-11-29,KBS:UPCOM:BDT,BDT,0,large
2024-11-29,KBS:UPCOM:BDW,BDW,0,large
2024-11-29,KBS:UPCOM:BEL,BEL,0,large
2024-11-29,KBS:UPCOM:BGW,BGW,0,large
2024-11-29,KBS:UPCOM:BHA,BHA,0,large
2024-11-29,KBS:UPCOM:BHC,BHC,0,large
2024-11-29,KBS:UPCOM:BHG,BHG,0,large
2024-11-29,KBS:UPCOM:BHK,BHK,0,large
2024-11-29,KBS:UPCOM:BHP,BHP,0,large
2024-11-29,KBS:UPCOM:BIO,BIO,0,large
2024-11-29,KBS:UPCOM:BLI,BLI,0,large
2024-11-29,KBS:UPCOM:BLN,BLN,0,large
2024-11-29,KBS:UPCOM:BLT,BLT,0,large
2024-11-29,KBS:UPCOM:BMD,BMD,0,large
2024-11-29,KBS:UPCOM:BMF,BMF,0,large
2024-11-29,KBS:UPCOM:BMG,BMG,0,large
2024-11-29,KBS:UPCOM:BMJ,BMJ,0,large
2024-11-29,KBS:UPCOM:BMS,BMS,0,large
2024-11-29,KBS:UPCOM:BMV,BMV,0,large
2024-11-29,KBS:UPCOM:BNW,BNW,0,large
2024-11-29,KBS:UPCOM:BQB,BQB,0,large
2024-11-29,KBS:UPCOM:BRR,BRR,0,large
2024-11-29,KBS:UPCOM:BRS,BRS,0,large
2024-11-29,KBS:UPCOM:BSD,BSD,0,large
2024-11-29,KBS:UPCOM:BSG,BSG,0,large
2024-11-29,KBS:UPCOM:BSH,BSH,0,large
2024-11-29,KBS:UPCOM:BSL,BSL,0,large
2024-11-29,KBS:UPCOM:BSP,BSP,0,large
2024-11-29,KBS:UPCOM:BSQ,BSQ,0,large
2024-11-29,KBS:UPCOM:BTB,BTB,0,large
2024-11-29,KBS:UPCOM:BTD,BTD,0,large
2024-11-29,KBS:UPCOM:BTG,BTG,0,large
2024-11-29,KBS:UPCOM:BTN,BTN,0,large
2024-11-29,KBS:UPCOM:BTU,BTU,0,large
2024-11-29,KBS:UPCOM:BTV,BTV,0,large
2024-11-29,KBS:UPCOM:BVG,BVG,0,large
2024-11-29,KBS:UPCOM:BVL,BVL,0,large
2024-11-29,KBS:UPCOM:BVN,BVN,0,large
2024-11-29,KBS:UPCOM:BWA,BWA,0,large
2024-11-29,KBS:UPCOM:BWS,BWS,0,large
2024-11-29,KBS:UPCOM:C22,C22,0,large
2024-11-29,KBS:UPCOM:C4G,C4G,0,large
2024-11-29,KBS:UPCOM:C92,C92,0,large
2024-11-29,KBS:UPCOM:CAD,CAD,0,large
2024-11-29,KBS:UPCOM:CAT,CAT,0,large
2024-11-29,KBS:UPCOM:CBI,CBI,0,large
2024-11-29,KBS:UPCOM:CBS,CBS,0,large
2024-11-29,KBS:UPCOM:CC1,CC1,0,large
2024-11-29,KBS:UPCOM:CCA,CCA,0,large
2024-11-29,KBS:UPCOM:CCM,CCM,0,large
2024-11-29,KBS:UPCOM:CCP,CCP,0,large
2024-11-29,KBS:UPCOM:CCT,CCT,0,large
2024-11-29,KBS:UPCOM:CCV,CCV,0,large
2024-11-29,KBS:UPCOM:CDP,CDP,0,large
2024-11-29,KBS:UPCOM:CDR,CDR,0,large
2024-11-29,KBS:UPCOM:CEN,CEN,0,large
2024-11-29,KBS:UPCOM:CFM,CFM,0,large
2024-11-29,KBS:UPCOM:CFV,CFV,0,large
2024-11-29,KBS:UPCOM:CH5,CH5,0,large
2024-11-29,KBS:UPCOM:CHC,CHC,0,large
2024-11-29,KBS:UPCOM:CHS,CHS,0,large
2024-11-29,KBS:UPCOM:CI5,CI5,0,large
2024-11-29,KBS:UPCOM:CID,CID,0,large
2024-11-29,KBS:UPCOM:CKA,CKA,0,large
2024-11-29,KBS:UPCOM:CKD,CKD,0,large
2024-11-29,KBS:UPCOM:CLX,CLX,0,large
2024-11-29,KBS:UPCOM:CMD,CMD,0,large
2024-11-29,KBS:UPCOM:CMF,CMF,0,large
2024-11-29,KBS:UPCOM:CMI,CMI,0,large
2024-11-29,KBS:UPCOM:CMK,CMK,0,large
2024-11-29,KBS:UPCOM:CMN,CMN,0,large
2024-11-29,KBS:UPCOM:CMT,CMT,0,large
2024-11-29,KBS:UPCOM:CMW,CMW,0,large
2024-11-29,KBS:UPCOM:CNC,CNC,0,large
2024-11-29,KBS:UPCOM:CNN,CNN,0,large
2024-11-29,KBS:UPCOM:CNT,CNT,0,large
2024-11-29,KBS:UPCOM:CPA,CPA,0,large
2024-11-29,KBS:UPCOM:CPI,CPI,0,large
2024-11-29,KBS:UPCOM:CQN,CQN,0,large
2024-11-29,KBS:UPCOM:CQT,CQT,0,large
2024-11-29,KBS:UPCOM:CT3,CT3,0,large
2024-11-29,KBS:UPCOM:CTW,CTW,0,large
2024-11-29,KBS:UPCOM:CVN,CVN,0,large
2024-11-29,KBS:UPCOM:DAS,DAS,0,large
2024-11-29,KBS:UPCOM:DBM,DBM,0,large
2024-11-29,KBS:UPCOM:DC1,DC1,0,large
2024-11-29,KBS:UPCOM:DCF,DCF,0,large
2024-11-29,KBS:UPCOM:DCH,DCH,0,large
2024-11-29,KBS:UPCOM:DCR,DCR,0,large
2024-11-29,KBS:UPCOM:DCS,DCS,0,large
2024-11-29,KBS:UPCOM:DCT,DCT,0,large
2024-11-29,KBS:UPCOM:DDG,DDG,0,large
2024-11-29,KBS:UPCOM:DDH,DDH,0,large
2024-11-29,KBS:UPCOM:DDM,DDM,0,large
2024-11-29,KBS:UPCOM:DDN,DDN,0,large
2024-11-29,KBS:UPCOM:DDV,DDV,0,large
2024-11-29,KBS:UPCOM:DFC,DFC,0,large
2024-11-29,KBS:UPCOM:DGT,DGT,0,large
2024-11-29,KBS:UPCOM:DHB,DHB,0,large
2024-11-29,KBS:UPCOM:DHD,DHD,0,large
2024-11-29,KBS:UPCOM:DHN,DHN,0,large
2024-11-29,KBS:UPCOM:DIC,DIC,0,large
2024-11-29,KBS:UPCOM:DID,DID,0,large
2024-11-29,KBS:UPCOM:DKC,DKC,0,large
2024-11-29,KBS:UPCOM:DLR,DLR,0,large
2024-11-29,KBS:UPCOM:DLT,DLT,0,large
2024-11-29,KBS:UPCOM:DM7,DM7,0,large
2024-11-29,KBS:UPCOM:DNA,DNA,0,large
2024-11-29,KBS:UPCOM:DND,DND,0,large
2024-11-29,KBS:UPCOM:DNE,DNE,0,large
2024-11-29,KBS:UPCOM:DNH,DNH,0,large
2024-11-29,KBS:UPCOM:DNL,DNL,0,large
2024-11-29,KBS:UPCOM:DNM,DNM,0,large
2024-11-29,KBS:UPCOM:DNT,DNT,0,large
2024-11-29,KBS:UPCOM:DNW,DNW,0,large
2024-11-29,KBS:UPCOM:DOC,DOC,0,large
2024-11-29,KBS:UPCOM:DOP,DOP,0,large
2024-11-29,KBS:UPCOM:DP1,DP1,0,large
2024-11-29,KBS:UPCOM:DPH,DPH,0,large
2024-11-29,KBS:UPCOM:DPP,DPP,0,large
2024-11-29,KBS:UPCOM:DRG,DRG,0,large
2024-11-29,KBS:UPCOM:DRI,DRI,0,large
2024-11-29,KBS:UPCOM:DSG,DSG,0,large
2024-11-29,KBS:UPCOM:DSP,DSP,0,large
2024-11-29,KBS:UPCOM:DTC,DTC,0,large
2024-11-29,KBS:UPCOM:DTI,DTI,0,large
2024-11-29,KBS:UPCOM:DTP,DTP,0,large
2024-11-29,KBS:UPCOM:DUS,DUS,0,large
2024-11-29,KBS:UPCOM:DVC,DVC,0,large
2024-11-29,KBS:UPCOM:DVW,DVW,0,large
2024-11-29,KBS:UPCOM:DWS,DWS,0,large
2024-11-29,KBS:UPCOM:DXL,DXL,0,large
2024-11-29,KBS:UPCOM:E12,E12,0,large
2024-11-29,KBS:UPCOM:E29,E29,0,large
2024-11-29,KBS:UPCOM:EIC,EIC,0,large
2024-11-29,KBS:UPCOM:EIN,EIN,0,large
2024-11-29,KBS:UPCOM:EMG,EMG,0,large
2024-11-29,KBS:UPCOM:EMS,EMS,0,large
2024-11-29,KBS:UPCOM:FCC,FCC,0,large
2024-11-29,KBS:UPCOM:FCS,FCS,0,large
2024-11-29,KBS:UPCOM:FHN,FHN,0,large
2024-11-29,KBS:UPCOM:FHS,FHS,0,large
2024-11-29,KBS:UPCOM:FIC,FIC,0,large
2024-11-29,KBS:UPCOM:FOC,FOC,0,large
2024-11-29,KBS:UPCOM:FOX,FOX,0,large
2024-11-29,KBS:UPCOM:FRC,FRC,0,large
2024-11-29,KBS:UPCOM:FRM,FRM,0,large
2024-11-29,KBS:UPCOM:FT1,FT1,0,large
2024-11-29,KBS:UPCOM:FTI,FTI,0,large
2024-11-29,KBS:UPCOM:FTM,FTM,0,large
2024-11-29,KBS:UPCOM:G36,G36,0,large
2024-11-29,KBS:UPCOM:GCB,GCB,0,large
2024-11-29,KBS:UPCOM:GER,GER,0,large
2024-11-29,KBS:UPCOM:GGG,GGG,0,large
2024-11-29,KBS:UPCOM:GH3,GH3,0,large
2024-11-29,KBS:UPCOM:GLC,GLC,0,large
2024-11-29,KBS:UPCOM:GMC,GMC,0,large
2024-11-29,KBS:UPCOM:GND,GND,0,large
2024-11-29,KBS:UPCOM:GSM,GSM,0,large
2024-11-29,KBS:UPCOM:GTD,GTD,0,large
2024-11-29,KBS:UPCOM:GTS,GTS,0,large
2024-11-29,KBS:UPCOM:H11,H11,0,large
2024-11-29,KBS:UPCOM:HAC,HAC,0,large
2024-11-29,KBS:UPCOM:HAF,HAF,0,large
2024-11-29,KBS:UPCOM:HAM,HAM,0,large
2024-11-29,KBS:UPCOM:HAN,HAN,0,large
2024-11-29,KBS:UPCOM:HBD,HBD,0,large
2024-11-29,KBS:UPCOM:HBH,HBH,0,large
2024-11-29,KBS:UPCOM:HD6,HD6,0,large
2024-11-29,KBS:UPCOM:HDW,HDW,0,large
2024-11-29,KBS:UPCOM:HEJ,HEJ,0,large
2024-11-29,KBS:UPCOM:HEP,HEP,0,large
2024-11-29,KBS:UPCOM:HES,HES,0,large
2024-11-29,KBS:UPCOM:HHG,HHG,0,large
2024-11-29,KBS:UPCOM:HLB,HLB,0,large
2024-11-29,KBS:UPCOM:HLS,HLS,0,large
2024-11-29,KBS:UPCOM:HND,HND,0,large
2024-11-29,KBS:UPCOM:HNF,HNF,0,large
2024-11-29,KBS:UPCOM:HNM,HNM,0,large
2024-11-29,KBS:UPCOM:HPH,HPH,0,large
2024-11-29,KBS:UPCOM:HPT,HPT,0,large
2024-11-29,KBS:UPCOM:HTM,HTM,0,large
2024-11-29,KBS:UPCOM:HWS,HWS,0,large
2024-11-29,KBS:UPCOM:ICI,ICI,0,large
2024-11-29,KBS:UPCOM:ICN,ICN,0,large
2024-11-29,KBS:UPCOM:IFS,IFS,0,large
2024-11-29,KBS:UPCOM:ILA,ILA,0,large
2024-11-29,KBS:UPCOM:ILC,ILC,0,large
2024-11-29,KBS:UPCOM:ILS,ILS,0,large
2024-11-29,KBS:UPCOM:IST,IST,0,large
2024-11-29,KBS:UPCOM:JOS,JOS,0,large
2024-11-29,KBS:UPCOM:KHW,KHW,0,large
2024-11-29,KBS:UPCOM:KIP,KIP,0,large
2024-11-29,KBS:UPCOM:L63,L63,0,large
2024-11-29,KBS:UPCOM:LAI,LAI,0,large
2024-11-29,KBS:UPCOM:LIC,LIC,0,large
2024-11-29,KBS:UPCOM:LLM,LLM,0,large
2024-11-29,KBS:UPCOM:LMI,LMI,0,large
2024-11-29,KBS:UPCOM:LTC,LTC,0,large
2024-11-29,KBS:UPCOM:MDF,MDF,0,large
2024-11-29,KBS:UPCOM:MEC,MEC,0,large
2024-11-29,KBS:UPCOM:MFS,MFS,0,large
2024-11-29,KBS:UPCOM:MGC,MGC,0,large
2024-11-29,KBS:UPCOM:MGG,MGG,0,large
2024-11-29,KBS:UPCOM:MPC,MPC,0,large
2024-11-29,KBS:UPCOM:MSR,MSR,0,large
2024-11-29,KBS:UPCOM:MVN,MVN,0,large
2024-11-29,KBS:UPCOM:NAU,NAU,0,large
2024-11-29,KBS:UPCOM:NBT,NBT,0,large
2024-11-29,KBS:UPCOM:ND2,ND2,0,large
2024-11-29,KBS:UPCOM:NOS,NOS,0,large
2024-11-29,KBS:UPCOM:NQN,NQN,0,large
2024-11-29,KBS:UPCOM:NTT,NTT,0,large
2024-11-29,KBS:UPCOM:NTW,NTW,0,large
2024-11-29,KBS:UPCOM:NUE,NUE,0,large
2024-11-29,KBS:UPCOM:OIL,OIL,0,large
2024-11-29,KBS:UPCOM:PCC,PCC,0,large
2024-11-29,KBS:UPCOM:PCF,PCF,0,large
2024-11-29,KBS:UPCOM:PCG,PCG,0,large
2024-11-29,KBS:UPCOM:PFL,PFL,0,large
2024-11-29,KBS:UPCOM:PHP,PHP,0,large
2024-11-29,KBS:UPCOM:PHS,PHS,0,large
2024-11-29,KBS:UPCOM:PVE,PVE,0,large
2024-11-29,KBS:UPCOM:PVL,PVL,0,large
2024-11-29,KBS:UPCOM:PVX,PVX,0,large
2024-11-29,KBS:UPCOM:PWA,PWA,0,large
2024-11-29,KBS:UPCOM:PWS,PWS,0,large
2024-11-29,KBS:UPCOM:PXA,PXA,0,large
2024-11-29,KBS:UPCOM:PXI,PXI,0,large
2024-11-29,KBS:UPCOM:PXM,PXM,0,large
2024-11-29,KBS:UPCOM:PXS,PXS,0,large
2024-11-29,KBS:UPCOM:QCC,QCC,0,large
2024-11-29,KBS:UPCOM:QHW,QHW,0,large
2024-11-29,KBS:UPCOM:QNC,QNC,0,large
2024-11-29,KBS:UPCOM:QNS,QNS,0,large
2024-11-29,KBS:UPCOM:QPH,QPH,0,large
2024-11-29,KBS:UPCOM:QSP,QSP,0,large
2024-11-29,KBS:UPCOM:RIC,RIC,0,large
2024-11-29,KBS:UPCOM:S74,S74,0,large
2024-11-29,KBS:UPCOM:SBD,SBD,0,large
2024-11-29,KBS:UPCOM:SBM,SBM,0,large
2024-11-29,KBS:UPCOM:SCJ,SCJ,0,large
2024-11-29,KBS:UPCOM:SCL,SCL,0,large
2024-11-29,KBS:UPCOM:SD2,SD2,0,large
2024-11-29,KBS:UPCOM:SD7,SD7,0,large
2024-11-29,KBS:UPCOM:SDP,SDP,0,large
2024-11-29,KBS:UPCOM:SEA,SEA,0,large
2024-11-29,KBS:UPCOM:SGB,SGB,0,large
2024-11-29,KBS:UPCOM:SGS,SGS,0,large
2024-11-29,KBS:UPCOM:SID,SID,0,large
2024-11-29,KBS:UPCOM:SJG,SJG,0,large
2024-11-29,KBS:UPCOM:SKV,SKV,0,large
2024-11-29,KBS:UPCOM:SRB,SRB,0,large
2024-11-29,KBS:UPCOM:SSG,SSG,0,large
2024-11-29,KBS:UPCOM:SSH,SSH,0,large
2024-11-29,KBS:UPCOM:STT,STT,0,large
2024-11-29,KBS:UPCOM:SWC,SWC,0,large
2024-11-29,KBS:UPCOM:TDB,TDB,0,large
2024-11-29,KBS:UPCOM:TDS,TDS,0,large
2024-11-29,KBS:UPCOM:TGP,TGP,0,large
2024-11-29,KBS:UPCOM:THW,THW,0,large
2024-11-29,KBS:UPCOM:TIS,TIS,0,large
2024-11-29,KBS:UPCOM:TLP,TLP,0,large
2024-11-29,KBS:UPCOM:TNW,TNW,0,large
2024-11-29,KBS:UPCOM:TOS,TOS,0,large
2024-11-29,KBS:UPCOM:TOW,TOW,0,large
2024-11-29,KBS:UPCOM:TSD,TSD,0,large
2024-11-29,KBS:UPCOM:TST,TST,0,large
2024-11-29,KBS:UPCOM:TTD,TTD,0,large
2024-11-29,KBS:UPCOM:TTG,TTG,0,large
2024-11-29,KBS:UPCOM:TTS,TTS,0,large
2024-11-29,KBS:UPCOM:TUG,TUG,0,large
2024-11-29,KBS:UPCOM:TV1,TV1,0,large
2024-11-29,KBS:UPCOM:TVN,TVN,0,large
2024-11-29,KBS:UPCOM:UDC,UDC,0,large
2024-11-29,KBS:UPCOM:USC,USC,0,large
2024-11-29,KBS:UPCOM:VAV,VAV,0,large
2024-11-29,KBS:UPCOM:VCP,VCP,0,large
2024-11-29,KBS:UPCOM:VCR,VCR,0,large
2024-11-29,KBS:UPCOM:VDN,VDN,0,large
2024-11-29,KBS:UPCOM:VEA,VEA,0,large
2024-11-29,KBS:UPCOM:VGG,VGG,0,large
2024-11-29,KBS:UPCOM:VGI,VGI,0,large
2024-11-29,KBS:UPCOM:VGT,VGT,0,large
2024-11-29,KBS:UPCOM:VHG,VHG,0,large
2024-11-29,KBS:UPCOM:VIM,VIM,0,large
2024-11-29,KBS:UPCOM:VIN,VIN,0,large
2024-11-29,KBS:UPCOM:VIW,VIW,0,large
2024-11-29,KBS:UPCOM:VKC,VKC,0,large
2024-11-29,KBS:UPCOM:VLG,VLG,0,large
2024-11-29,KBS:UPCOM:VLW,VLW,0,large
2024-11-29,KBS:UPCOM:VNB,VNB,0,large
2024-11-29,KBS:UPCOM:VPR,VPR,0,large
2024-11-29,KBS:UPCOM:VSE,VSE,0,large
2024-11-29,KBS:UPCOM:VST,VST,0,large
2024-11-29,KBS:UPCOM:VTK,VTK,0,large
2024-11-29,KBS:UPCOM:VW3,VW3,0,large
2024-11-29,KBS:UPCOM:WSB,WSB,0,large
2024-11-29,KBS:UPCOM:XMC,XMC,0,large
2024-11-29,KBS:UPCOM:XMP,XMP,0,large
2024-12-31,KBS:HNX:ADC,ADC,1,large
2024-12-31,KBS:HNX:ALT,ALT,1,large
2024-12-31,KBS:HNX:AMC,AMC,1,large
2024-12-31,KBS:HNX:AME,AME,1,large
2024-12-31,KBS:HNX:AMV,AMV,1,large
2024-12-31,KBS:HNX:API,API,1,large
2024-12-31,KBS:HNX:APS,APS,1,large
2024-12-31,KBS:HNX:ARM,ARM,1,large
2024-12-31,KBS:HNX:ATS,ATS,1,large
2024-12-31,KBS:HNX:BAB,BAB,1,large
2024-12-31,KBS:HNX:BAX,BAX,1,large
2024-12-31,KBS:HNX:BBS,BBS,1,large
2024-12-31,KBS:HNX:BCF,BCF,1,large
2024-12-31,KBS:HNX:BED,BED,1,large
2024-12-31,KBS:HNX:BKC,BKC,1,large
2024-12-31,KBS:HNX:BNA,BNA,1,large
2024-12-31,KBS:HNX:BPC,BPC,1,large
2024-12-31,KBS:HNX:BTS,BTS,1,large
2024-12-31,KBS:HNX:BTW,BTW,1,large
2024-12-31,KBS:HNX:BVS,BVS,1,large
2024-12-31,KBS:HNX:BXH,BXH,1,large
2024-12-31,KBS:HNX:C69,C69,1,large
2024-12-31,KBS:HNX:CAG,CAG,1,large
2024-12-31,KBS:HNX:CAN,CAN,1,large
2024-12-31,KBS:HNX:CAP,CAP,1,large
2024-12-31,KBS:HNX:CCR,CCR,1,large
2024-12-31,KBS:HNX:CDN,CDN,1,large
2024-12-31,KBS:HNX:CEO,CEO,1,large
2024-12-31,KBS:HNX:CET,CET,1,large
2024-12-31,KBS:HNX:CIA,CIA,1,large
2024-12-31,KBS:HNX:CJC,CJC,1,large
2024-12-31,KBS:HNX:CKV,CKV,1,large
2024-12-31,KBS:HNX:CLH,CLH,1,large
2024-12-31,KBS:HNX:CLM,CLM,1,large
2024-12-31,KBS:HNX:CMC,CMC,1,large
2024-12-31,KBS:HNX:CMS,CMS,1,large
2024-12-31,KBS:HNX:CPC,CPC,1,large
2024-12-31,KBS:HNX:CSC,CSC,1,large
2024-12-31,KBS:HNX:CST,CST,1,large
2024-12-31,KBS:HNX:CTB,CTB,1,large
2024-12-31,KBS:HNX:CTP,CTP,1,large
2024-12-31,KBS:HNX:CTT,CTT,1,large
2024-12-31,KBS:HNX:CX8,CX8,1,large
2024-12-31,KBS:HNX:D11,D11,1,large
2024-12-31,KBS:HNX:DAD,DAD,1,large
2024-12-31,KBS:HNX:DAE,DAE,1,large
2024-12-31,KBS:HNX:DC2,DC2,1,large
2024-12-31,KBS:HNX:DHP,DHP,1,large
2024-12-31,KBS:HNX:DIH,DIH,1,large
2024-12-31,KBS:HNX:DL1,DL1,1,large
2024-12-31,KBS:HNX:DNC,DNC,1,large
2024-12-31,KBS:HNX:DNP,DNP,1,large
2024-12-31,KBS:HNX:DP3,DP3,1,large
2024-12-31,KBS:HNX:DS3,DS3,1,large
2024-12-31,KBS:HNX:DST,DST,1,large
2024-12-31,KBS:HNX:DTD,DTD,1,large
2024-12-31,KBS:HNX:DTK,DTK,1,large
2024-12-31,KBS:HNX:EBS,EBS,1,large
2024-12-31,KBS:HNX:ECI,ECI,1,large
2024-12-31,KBS:HNX:EID,EID,1,large
2024-12-31,KBS:HNX:EVS,EVS,1,large
2024-12-31,KBS:HNX:FID,FID,1,large
2024-12-31,KBS:HNX:GDW,GDW,1,large
2024-12-31,KBS:HNX:GKM,GKM,1,large
2024-12-31,KBS:HNX:GLT,GLT,1,large
2024-12-31,KBS:HNX:GMA,GMA,1,large
2024-12-31,KBS:HNX:GMX,GMX,1,large
2024-12-31,KBS:HNX:HAD,HAD,1,large
2024-12-31,KBS:HNX:HAT,HAT,1,large
2024-12-31,KBS:HNX:HBS,HBS,1,large
2024-12-31,KBS:HNX:HCC,HCC,1,large
2024-12-31,KBS:HNX:HDA,HDA,1,large
2024-12-31,KBS:HNX:HEV,HEV,1,large
2024-12-31,KBS:HNX:HGM,HGM,1,large
2024-12-31,KBS:HNX:HHC,HHC,1,large
2024-12-31,KBS:HNX:HJS,HJS,1,large
2024-12-31,KBS:HNX:HKT,HKT,1,large
2024-12-31,KBS:HNX:HLC,HLC,1,large
2024-12-31,KBS:HNX:HLD,HLD,1,large
2024-12-31,KBS:HNX:HMH,HMH,1,large
2024-12-31,KBS:HNX:HTC,HTC,1,large
2024-12-31,KBS:HNX:HUT,HUT,1,large
2024-12-31,KBS:HNX:HVT,HVT,1,large
2024-12-31,KBS:HNX:ICG,ICG,1,large
2024-12-31,KBS:HNX:IDC,IDC,1,large
2024-12-31,KBS:HNX:IDJ,IDJ,1,large
2024-12-31,KBS:HNX:IDV,IDV,1,large
2024-12-31,KBS:HNX:INC,INC,1,large
2024-12-31,KBS:HNX:INN,INN,1,large
2024-12-31,KBS:HNX:IPA,IPA,1,large
2024-12-31,KBS:HNX:IVS,IVS,1,large
2024-12-31,KBS:HNX:KDM,KDM,1,large
2024-12-31,KBS:HNX:KHS,KHS,1,large
2024-12-31,KBS:HNX:KKC,KKC,1,large
2024-12-31,KBS:HNX:KSD,KSD,1,large
2024-12-31,KBS:HNX:KSF,KSF,1,large
2024-12-31,KBS:HNX:KST,KST,1,large
2024-12-31,KBS:HNX:KSV,KSV,1,large
2024-12-31,KBS:HNX:KTS,KTS,1,large
2024-12-31,KBS:HNX:L14,L14,1,large
2024-12-31,KBS:HNX:L18,L18,1,large
2024-12-31,KBS:HNX:LBE,LBE,1,large
2024-12-31,KBS:HNX:LCD,LCD,1,large
2024-12-31,KBS:HNX:LDP,LDP,1,large
2024-12-31,KBS:HNX:LHC,LHC,1,large
2024-12-31,KBS:HNX:LIG,LIG,1,large
2024-12-31,KBS:HNX:MAC,MAC,1,large
2024-12-31,KBS:HNX:MAS,MAS,1,large
2024-12-31,KBS:HNX:MBG,MBG,1,large
2024-12-31,KBS:HNX:MCC,MCC,1,large
2024-12-31,KBS:HNX:MCF,MCF,1,large
2024-12-31,KBS:HNX:MCO,MCO,1,large
2024-12-31,KBS:HNX:MDC,MDC,1,large
2024-12-31,KBS:HNX:MED,MED,1,large
2024-12-31,KBS:HNX:MKV,MKV,1,large
2024-12-31,KBS:HNX:MST,MST,1,large
2024-12-31,KBS:HNX:MVB,MVB,1,large
2024-12-31,KBS:HNX:NAG,NAG,1,large
2024-12-31,KBS:HNX:NAP,NAP,1,large
2024-12-31,KBS:HNX:NBP,NBP,1,large
2024-12-31,KBS:HNX:NBW,NBW,1,large
2024-12-31,KBS:HNX:NDN,NDN,1,large
2024-12-31,KBS:HNX:NET,NET,1,large
2024-12-31,KBS:HNX:NFC,NFC,1,large
2024-12-31,KBS:HNX:NHC,NHC,1,large
2024-12-31,KBS:HNX:NRC,NRC,1,large
2024-12-31,KBS:HNX:NSH,NSH,1,large
2024-12-31,KBS:HNX:NST,NST,1,large
2024-12-31,KBS:HNX:NTH,NTH,1,large
2024-12-31,KBS:HNX:NTP,NTP,1,large
2024-12-31,KBS:HNX:NVB,NVB,1,large
2024-12-31,KBS:HNX:ONE,ONE,1,large
2024-12-31,KBS:HNX:PBP,PBP,1,large
2024-12-31,KBS:HNX:PCE,PCE,1,large
2024-12-31,KBS:HNX:PCT,PCT,1,large
2024-12-31,KBS:HNX:PDB,PDB,1,large
2024-12-31,KBS:HNX:PEN,PEN,1,large
2024-12-31,KBS:HNX:PGN,PGN,1,large
2024-12-31,KBS:HNX:PGS,PGS,1,large
2024-12-31,KBS:HNX:PGT,PGT,1,large
2024-12-31,KBS:HNX:PHN,PHN,1,large
2024-12-31,KBS:HNX:PIA,PIA,1,large
2024-12-31,KBS:HNX:PIC,PIC,1,large
2024-12-31,KBS:HNX:PJC,PJC,1,large
2024-12-31,KBS:HNX:PLC,PLC,1,large
2024-12-31,KBS:HNX:PMB,PMB,1,large
2024-12-31,KBS:HNX:PMC,PMC,1,large
2024-12-31,KBS:HNX:PMP,PMP,1,large
2024-12-31,KBS:HNX:PMS,PMS,1,large
2024-12-31,KBS:HNX:POT,POT,1,large
2024-12-31,KBS:HNX:PPE,PPE,1,large
2024-12-31,KBS:HNX:PPP,PPP,1,large
2024-12-31,KBS:HNX:PPS,PPS,1,large
2024-12-31,KBS:HNX:PPY,PPY,1,large
2024-12-31,KBS:HNX:PRC,PRC,1,large
2024-12-31,KBS:HNX:PRE,PRE,1,large
2024-12-31,KBS:HNX:PSD,PSD,1,large
2024-12-31,KBS:HNX:PSE,PSE,1,large
2024-12-31,KBS:HNX:PSI,PSI,1,large
2024-12-31,KBS:HNX:PSW,PSW,1,large
2024-12-31,KBS:HNX:PTD,PTD,1,large
2024-12-31,KBS:HNX:PTS,PTS,1,large
2024-12-31,KBS:HNX:PV2,PV2,1,large
2024-12-31,KBS:HNX:PVB,PVB,1,large
2024-12-31,KBS:HNX:PVC,PVC,1,large
2024-12-31,KBS:HNX:PVG,PVG,1,large
2024-12-31,KBS:HOSE:AAM,AAM,1,large
2024-12-31,KBS:HOSE:AAT,AAT,1,large
2024-12-31,KBS:HOSE:ABR,ABR,1,large
2024-12-31,KBS:HOSE:ABS,ABS,1,large
2024-12-31,KBS:HOSE:ABT,ABT,1,large
2024-12-31,KBS:HOSE:ACC,ACC,1,large
2024-12-31,KBS:HOSE:ACG,ACG,1,large
2024-12-31,KBS:HOSE:ACL,ACL,1,large
2024-12-31,KBS:HOSE:ADG,ADG,1,large
2024-12-31,KBS:HOSE:ADP,ADP,1,large
2024-12-31,KBS:HOSE:ADS,ADS,1,large
2024-12-31,KBS:HOSE:AFX,AFX,1,large
2024-12-31,KBS:HOSE:AGG,AGG,1,large
2024-12-31,KBS:HOSE:AGR,AGR,1,large
2024-12-31,KBS:HOSE:ANT,ANT,1,large
2024-12-31,KBS:HOSE:ANV,ANV,1,large
2024-12-31,KBS:HOSE:APG,APG,1,large
2024-12-31,KBS:HOSE:APH,APH,1,large
2024-12-31,KBS:HOSE:ASM,ASM,1,large
2024-12-31,KBS:HOSE:ASP,ASP,1,large
2024-12-31,KBS:HOSE:AST,AST,1,large
2024-12-31,KBS:HOSE:BAF,BAF,1,large
2024-12-31,KBS:HOSE:BCE,BCE,1,large
2024-12-31,KBS:HOSE:BCM,BCM,1,large
2024-12-31,KBS:HOSE:BFC,BFC,1,large
2024-12-31,KBS:HOSE:BHN,BHN,1,large
2024-12-31,KBS:HOSE:BIC,BIC,1,large
2024-12-31,KBS:HOSE:BKG,BKG,1,large
2024-12-31,KBS:HOSE:BMI,BMI,1,large
2024-12-31,KBS:HOSE:BRC,BRC,1,large
2024-12-31,KBS:HOSE:BSI,BSI,1,large
2024-12-31,KBS:HOSE:BSR,BSR,1,large
2024-12-31,KBS:HOSE:BTP,BTP,1,large
2024-12-31,KBS:HOSE:BVH,BVH,1,large
2024-12-31,KBS:HOSE:C32,C32,1,large
2024-12-31,KBS:HOSE:CCI,CCI,1,large
2024-12-31,KBS:HOSE:CCL,CCL,1,large
2024-12-31,KBS:HOSE:CDC,CDC,1,large
2024-12-31,KBS:HOSE:CHP,CHP,1,large
2024-12-31,KBS:HOSE:CIG,CIG,1,large
2024-12-31,KBS:HOSE:CII,CII,1,large
2024-12-31,KBS:HOSE:CKG,CKG,1,large
2024-12-31,KBS:HOSE:CLC,CLC,1,large
2024-12-31,KBS:HOSE:CLW,CLW,1,large
2024-12-31,KBS:HOSE:CMV,CMV,1,large
2024-12-31,KBS:HOSE:CMX,CMX,1,large
2024-12-31,KBS:HOSE:CNG,CNG,1,large
2024-12-31,KBS:HOSE:COM,COM,1,large
2024-12-31,KBS:HOSE:CRC,CRC,1,large
2024-12-31,KBS:HOSE:CRE,CRE,1,large
2024-12-31,KBS:HOSE:CSV,CSV,1,large
2024-12-31,KBS:HOSE:CTD,CTD,1,large
2024-12-31,KBS:HOSE:CTF,CTF,1,large
2024-12-31,KBS:HOSE:CTI,CTI,1,large
2024-12-31,KBS:HOSE:CTR,CTR,1,large
2024-12-31,KBS:HOSE:CTS,CTS,1,large
2024-12-31,KBS:HOSE:CVT,CVT,1,large
2024-12-31,KBS:HOSE:D2D,D2D,1,large
2024-12-31,KBS:HOSE:DAH,DAH,1,large
2024-12-31,KBS:HOSE:DBC,DBC,1,large
2024-12-31,KBS:HOSE:DBD,DBD,1,large
2024-12-31,KBS:HOSE:DC4,DC4,1,large
2024-12-31,KBS:HOSE:DCL,DCL,1,large
2024-12-31,KBS:HOSE:DCM,DCM,1,large
2024-12-31,KBS:HOSE:DGC,DGC,0,small
2024-12-31,KBS:HOSE:DGW,DGW,1,large
2024-12-31,KBS:HOSE:DHA,DHA,1,large
2024-12-31,KBS:HOSE:DHC,DHC,1,large
2024-12-31,KBS:HOSE:DLG,DLG,1,large
2024-12-31,KBS:HOSE:DMC,DMC,1,large
2024-12-31,KBS:HOSE:DPG,DPG,1,large
2024-12-31,KBS:HOSE:DQC,DQC,1,large
2024-12-31,KBS:HOSE:DRC,DRC,1,large
2024-12-31,KBS:HOSE:DSN,DSN,1,large
2024-12-31,KBS:HOSE:DTA,DTA,1,large
2024-12-31,KBS:HOSE:DTL,DTL,1,large
2024-12-31,KBS:HOSE:DTT,DTT,1,large
2024-12-31,KBS:HOSE:DVP,DVP,1,large
2024-12-31,KBS:HOSE:DXG,DXG,0,small
2024-12-31,KBS:HOSE:DXS,DXS,1,large
2024-12-31,KBS:HOSE:DXV,DXV,1,large
2024-12-31,KBS:HOSE:EIB,EIB,0,small
2024-12-31,KBS:HOSE:ELC,ELC,1,large
2024-12-31,KBS:HOSE:EVE,EVE,1,large
2024-12-31,KBS:HOSE:EVF,EVF,1,large
2024-12-31,KBS:HOSE:EVG,EVG,1,large
2024-12-31,KBS:HOSE:FCM,FCM,1,large
2024-12-31,KBS:HOSE:FCN,FCN,1,large
2024-12-31,KBS:HOSE:FDC,FDC,1,large
2024-12-31,KBS:HOSE:FIR,FIR,1,large
2024-12-31,KBS:HOSE:FIT,FIT,1,large
2024-12-31,KBS:HOSE:FMC,FMC,1,large
2024-12-31,KBS:HOSE:FPT,FPT,0,small
2024-12-31,KBS:HOSE:FRT,FRT,1,large
2024-12-31,KBS:HOSE:FTS,FTS,1,large
2024-12-31,KBS:HOSE:GAS,GAS,1,large
2024-12-31,KBS:HOSE:GDT,GDT,1,large
2024-12-31,KBS:HOSE:GEG,GEG,1,large
2024-12-31,KBS:HOSE:GIL,GIL,1,large
2024-12-31,KBS:HOSE:GMD,GMD,1,large
2024-12-31,KBS:HOSE:GTA,GTA,1,large
2024-12-31,KBS:HOSE:HAG,HAG,1,large
2024-12-31,KBS:HOSE:HAP,HAP,1,large
2024-12-31,KBS:HOSE:HAR,HAR,1,large
2024-12-31,KBS:HOSE:HAS,HAS,1,large
2024-12-31,KBS:HOSE:HAX,HAX,1,large
2024-12-31,KBS:HOSE:HCD,HCD,1,large
2024-12-31,KBS:HOSE:HCM,HCM,0,small
2024-12-31,KBS:HOSE:HDC,HDC,1,large
2024-12-31,KBS:HOSE:HDG,HDG,1,large
2024-12-31,KBS:HOSE:HHP,HHP,1,large
2024-12-31,KBS:HOSE:HHV,HHV,1,large
2024-12-31,KBS:HOSE:HID,HID,1,large
2024-12-31,KBS:HOSE:HII,HII,1,large
2024-12-31,KBS:HOSE:HMC,HMC,1,large
2024-12-31,KBS:HOSE:HQC,HQC,1,large
2024-12-31,KBS:HOSE:HRC,HRC,1,large
2024-12-31,KBS:HOSE:HSG,HSG,1,large
2024-12-31,KBS:HOSE:HSL,HSL,1,large
2024-12-31,KBS:HOSE:HTG,HTG,1,large
2024-12-31,KBS:HOSE:HTI,HTI,1,large
2024-12-31,KBS:HOSE:HTL,HTL,1,large
2024-12-31,KBS:HOSE:HTN,HTN,1,large
2024-12-31,KBS:HOSE:HTV,HTV,1,large
2024-12-31,KBS:HOSE:HU1,HU1,1,large
2024-12-31,KBS:HOSE:HUB,HUB,1,large
2024-12-31,KBS:HOSE:HVN,HVN,1,large
2024-12-31,KBS:HOSE:ICT,ICT,1,large
2024-12-31,KBS:HOSE:IJC,IJC,1,large
2024-12-31,KBS:HOSE:ILB,ILB,1,large
2024-12-31,KBS:HOSE:ITC,ITC,1,large
2024-12-31,KBS:HOSE:ITD,ITD,1,large
2024-12-31,KBS:HOSE:JVC,JVC,1,large
2024-12-31,KBS:HOSE:KBC,KBC,1,large
2024-12-31,KBS:HOSE:KDC,KDC,1,large
2024-12-31,KBS:HOSE:KDH,KDH,1,large
2024-12-31,KBS:HOSE:KHG,KHG,1,large
2024-12-31,KBS:HOSE:KHP,KHP,1,large
2024-12-31,KBS:HOSE:KMR,KMR,1,large
2024-12-31,KBS:HOSE:KOS,KOS,1,large
2024-12-31,KBS:HOSE:KSB,KSB,1,large
2024-12-31,KBS:HOSE:L10,L10,1,large
2024-12-31,KBS:HOSE:LAF,LAF,1,large
2024-12-31,KBS:HOSE:LBM,LBM,1,large
2024-12-31,KBS:HOSE:LCG,LCG,1,large
2024-12-31,KBS:HOSE:LDG,LDG,1,large
2024-12-31,KBS:HOSE:LGL,LGL,1,large
2024-12-31,KBS:HOSE:LHG,LHG,1,large
2024-12-31,KBS:HOSE:LIX,LIX,1,large
2024-12-31,KBS:HOSE:LM8,LM8,1,large
2024-12-31,KBS:HOSE:LPB,LPB,1,large
2024-12-31,KBS:HOSE:LSS,LSS,1,large
2024-12-31,KBS:HOSE:MBB,MBB,0,small
2024-12-31,KBS:HOSE:MCP,MCP,1,large
2024-12-31,KBS:HOSE:MDG,MDG,1,large
2024-12-31,KBS:HOSE:MHC,MHC,1,large
2024-12-31,KBS:HOSE:MIG,MIG,1,large
2024-12-31,KBS:HOSE:MSB,MSB,1,large
2024-12-31,KBS:HOSE:MSH,MSH,1,large
2024-12-31,KBS:HOSE:MWG,MWG,0,small
2024-12-31,KBS:HOSE:NAF,NAF,1,large
2024-12-31,KBS:HOSE:NAV,NAV,1,large
2024-12-31,KBS:HOSE:NBB,NBB,1,large
2024-12-31,KBS:HOSE:NCT,NCT,1,large
2024-12-31,KBS:HOSE:NHA,NHA,1,large
2024-12-31,KBS:HOSE:NHT,NHT,1,large
2024-12-31,KBS:HOSE:NKG,NKG,1,large
2024-12-31,KBS:HOSE:NLG,NLG,1,large
2024-12-31,KBS:HOSE:NNC,NNC,1,large
2024-12-31,KBS:HOSE:NTL,NTL,1,large
2024-12-31,KBS:HOSE:NVL,NVL,1,large
2024-12-31,KBS:HOSE:NVT,NVT,1,large
2024-12-31,KBS:HOSE:OCB,OCB,1,large
2024-12-31,KBS:HOSE:OGC,OGC,1,large
2024-12-31,KBS:HOSE:OPC,OPC,1,large
2024-12-31,KBS:HOSE:PAC,PAC,1,large
2024-12-31,KBS:HOSE:PAN,PAN,1,large
2024-12-31,KBS:HOSE:PDN,PDN,1,large
2024-12-31,KBS:HOSE:PGC,PGC,1,large
2024-12-31,KBS:HOSE:PGD,PGD,1,large
2024-12-31,KBS:HOSE:PGI,PGI,1,large
2024-12-31,KBS:HOSE:PGV,PGV,1,large
2024-12-31,KBS:HOSE:PHR,PHR,1,large
2024-12-31,KBS:HOSE:PIT,PIT,1,large
2024-12-31,KBS:HOSE:PLP,PLP,1,large
2024-12-31,KBS:HOSE:PLX,PLX,1,large
2024-12-31,KBS:HOSE:PNC,PNC,1,large
2024-12-31,KBS:HOSE:PNJ,PNJ,1,large
2024-12-31,KBS:HOSE:PTB,PTB,1,large
2024-12-31,KBS:HOSE:PTC,PTC,1,large
2024-12-31,KBS:HOSE:PTL,PTL,1,large
2024-12-31,KBS:HOSE:PVP,PVP,1,large
2024-12-31,KBS:HOSE:PVT,PVT,1,large
2024-12-31,KBS:HOSE:QCG,QCG,1,large
2024-12-31,KBS:HOSE:RAL,RAL,1,large
2024-12-31,KBS:HOSE:S4A,S4A,1,large
2024-12-31,KBS:HOSE:SAB,SAB,1,large
2024-12-31,KBS:HOSE:SAM,SAM,1,large
2024-12-31,KBS:HOSE:SAV,SAV,1,large
2024-12-31,KBS:HOSE:SBA,SBA,1,large
2024-12-31,KBS:HOSE:SBV,SBV,1,large
2024-12-31,KBS:HOSE:SC5,SC5,1,large
2024-12-31,KBS:HOSE:SCR,SCR,1,large
2024-12-31,KBS:HOSE:SCS,SCS,1,large
2024-12-31,KBS:HOSE:SFI,SFI,1,large
2024-12-31,KBS:HOSE:SGR,SGR,1,large
2024-12-31,KBS:HOSE:SGT,SGT,1,large
2024-12-31,KBS:HOSE:SHA,SHA,1,large
2024-12-31,KBS:HOSE:SHB,SHB,1,large
2024-12-31,KBS:HOSE:SHI,SHI,1,large
2024-12-31,KBS:HOSE:SHP,SHP,1,large
2024-12-31,KBS:HOSE:SIP,SIP,1,large
2024-12-31,KBS:HOSE:SJD,SJD,1,large
2024-12-31,KBS:HOSE:SJS,SJS,1,large
2024-12-31,KBS:HOSE:SMA,SMA,1,large
2024-12-31,KBS:HOSE:SMB,SMB,1,large
2024-12-31,KBS:HOSE:SMC,SMC,1,large
2024-12-31,KBS:HOSE:SPM,SPM,1,large
2024-12-31,KBS:HOSE:SRC,SRC,1,large
2024-12-31,KBS:HOSE:SRF,SRF,1,large
2024-12-31,KBS:HOSE:SSB,SSB,1,large
2024-12-31,KBS:HOSE:SSC,SSC,1,large
2024-12-31,KBS:HOSE:STB,STB,0,small
2024-12-31,KBS:HOSE:STG,STG,1,large
2024-12-31,KBS:HOSE:STK,STK,1,large
2024-12-31,KBS:HOSE:SVC,SVC,1,large
2024-12-31,KBS:HOSE:SVT,SVT,1,large
2024-12-31,KBS:HOSE:SZL,SZL,1,large
2024-12-31,KBS:HOSE:TCB,TCB,0,small
2024-12-31,KBS:HOSE:TCL,TCL,1,large
2024-12-31,KBS:HOSE:TCM,TCM,1,large
2024-12-31,KBS:HOSE:TCO,TCO,1,large
2024-12-31,KBS:HOSE:TCR,TCR,1,large
2024-12-31,KBS:HOSE:TDC,TDC,1,large
2024-12-31,KBS:HOSE:TDG,TDG,1,large
2024-12-31,KBS:HOSE:TDP,TDP,1,large
2024-12-31,KBS:HOSE:TDW,TDW,1,large
2024-12-31,KBS:HOSE:TEG,TEG,1,large
2024-12-31,KBS:HOSE:THG,THG,1,large
2024-12-31,KBS:HOSE:TIP,TIP,1,large
2024-12-31,KBS:HOSE:TIX,TIX,1,large
2024-12-31,KBS:HOSE:TLG,TLG,1,large
2024-12-31,KBS:HOSE:TLH,TLH,1,large
2024-12-31,KBS:HOSE:TMS,TMS,1,large
2024-12-31,KBS:HOSE:TMT,TMT,1,large
2024-12-31,KBS:HOSE:TNC,TNC,1,large
2024-12-31,KBS:HOSE:TNH,TNH,1,large
2024-12-31,KBS:HOSE:TNI,TNI,1,large
2024-12-31,KBS:HOSE:TNT,TNT,1,large
2024-12-31,KBS:HOSE:TPB,TPB,1,large
2024-12-31,KBS:HOSE:TRA,TRA,1,large
2024-12-31,KBS:HOSE:TRC,TRC,1,large
2024-12-31,KBS:HOSE:TTE,TTE,1,large
2024-12-31,KBS:HOSE:TV2,TV2,1,large
2024-12-31,KBS:HOSE:TVB,TVB,1,large
2024-12-31,KBS:HOSE:TVS,TVS,1,large
2024-12-31,KBS:HOSE:TVT,TVT,1,large
2024-12-31,KBS:HOSE:UIC,UIC,1,large
2024-12-31,KBS:HOSE:VCA,VCA,1,large
2024-12-31,KBS:HOSE:VCG,VCG,1,large
2024-12-31,KBS:HOSE:VDS,VDS,1,large
2024-12-31,KBS:HOSE:VFG,VFG,1,large
2024-12-31,KBS:HOSE:VGC,VGC,1,large
2024-12-31,KBS:HOSE:VHM,VHM,0,small
2024-12-31,KBS:HOSE:VID,VID,1,large
2024-12-31,KBS:HOSE:VIP,VIP,1,large
2024-12-31,KBS:HOSE:VIX,VIX,1,large
2024-12-31,KBS:HOSE:VJC,VJC,1,large
2024-12-31,KBS:HOSE:VMD,VMD,1,large
2024-12-31,KBS:HOSE:VND,VND,1,large
2024-12-31,KBS:HOSE:VNG,VNG,1,large
2024-12-31,KBS:HOSE:VOS,VOS,1,large
2024-12-31,KBS:HOSE:VPB,VPB,0,small
2024-12-31,KBS:HOSE:VPG,VPG,1,large
2024-12-31,KBS:HOSE:VPS,VPS,1,large
2024-12-31,KBS:HOSE:VSH,VSH,1,large
2024-12-31,KBS:HOSE:VSI,VSI,1,large
2024-12-31,KBS:HOSE:VTO,VTO,1,large
2024-12-31,KBS:UPCOM:A32,A32,1,large
2024-12-31,KBS:UPCOM:AAS,AAS,1,large
2024-12-31,KBS:UPCOM:AAV,AAV,1,large
2024-12-31,KBS:UPCOM:ABB,ABB,1,large
2024-12-31,KBS:UPCOM:ABC,ABC,1,large
2024-12-31,KBS:UPCOM:ABI,ABI,1,large
2024-12-31,KBS:UPCOM:ACE,ACE,1,large
2024-12-31,KBS:UPCOM:ACM,ACM,1,large
2024-12-31,KBS:UPCOM:ACS,ACS,1,large
2024-12-31,KBS:UPCOM:ACV,ACV,1,large
2024-12-31,KBS:UPCOM:AG1,AG1,1,large
2024-12-31,KBS:UPCOM:AGF,AGF,1,large
2024-12-31,KBS:UPCOM:AGP,AGP,1,large
2024-12-31,KBS:UPCOM:AGX,AGX,1,large
2024-12-31,KBS:UPCOM:AIC,AIC,1,large
2024-12-31,KBS:UPCOM:ALV,ALV,1,large
2024-12-31,KBS:UPCOM:AMP,AMP,1,large
2024-12-31,KBS:UPCOM:AMS,AMS,1,large
2024-12-31,KBS:UPCOM:APF,APF,1,large
2024-12-31,KBS:UPCOM:APL,APL,1,large
2024-12-31,KBS:UPCOM:APT,APT,1,large
2024-12-31,KBS:UPCOM:ART,ART,1,large
2024-12-31,KBS:UPCOM:ATA,ATA,1,large
2024-12-31,KBS:UPCOM:ATG,ATG,1,large
2024-12-31,KBS:UPCOM:AVC,AVC,1,large
2024-12-31,KBS:UPCOM:BAL,BAL,1,large
2024-12-31,KBS:UPCOM:BBH,BBH,1,large
2024-12-31,KBS:UPCOM:BBM,BBM,1,large
2024-12-31,KBS:UPCOM:BBT,BBT,1,large
2024-12-31,KBS:UPCOM:BCA,BCA,1,large
2024-12-31,KBS:UPCOM:BCB,BCB,1,large
2024-12-31,KBS:UPCOM:BCP,BCP,1,large
2024-12-31,KBS:UPCOM:BDG,BDG,1,large
2024-12-31,KBS:UPCOM:BDT,BDT,1,large
2024-12-31,KBS:UPCOM:BDW,BDW,1,large
2024-12-31,KBS:UPCOM:BEL,BEL,1,large
2024-12-31,KBS:UPCOM:BGW,BGW,1,large
2024-12-31,KBS:UPCOM:BHA,BHA,1,large
2024-12-31,KBS:UPCOM:BHC,BHC,1,large
2024-12-31,KBS:UPCOM:BHG,BHG,1,large
2024-12-31,KBS:UPCOM:BHK,BHK,1,large
2024-12-31,KBS:UPCOM:BHP,BHP,1,large
2024-12-31,KBS:UPCOM:BIO,BIO,1,large
2024-12-31,KBS:UPCOM:BLF,BLF,1,large
2024-12-31,KBS:UPCOM:BLI,BLI,1,large
2024-12-31,KBS:UPCOM:BLN,BLN,1,large
2024-12-31,KBS:UPCOM:BLT,BLT,1,large
2024-12-31,KBS:UPCOM:BMD,BMD,1,large
2024-12-31,KBS:UPCOM:BMF,BMF,1,large
2024-12-31,KBS:UPCOM:BMG,BMG,1,large
2024-12-31,KBS:UPCOM:BMJ,BMJ,1,large
2024-12-31,KBS:UPCOM:BMS,BMS,1,large
2024-12-31,KBS:UPCOM:BMV,BMV,1,large
2024-12-31,KBS:UPCOM:BNW,BNW,1,large
2024-12-31,KBS:UPCOM:BQB,BQB,1,large
2024-12-31,KBS:UPCOM:BRR,BRR,1,large
2024-12-31,KBS:UPCOM:BRS,BRS,1,large
2024-12-31,KBS:UPCOM:BSD,BSD,1,large
2024-12-31,KBS:UPCOM:BSG,BSG,1,large
2024-12-31,KBS:UPCOM:BSH,BSH,1,large
2024-12-31,KBS:UPCOM:BSL,BSL,1,large
2024-12-31,KBS:UPCOM:BSP,BSP,1,large
2024-12-31,KBS:UPCOM:BSQ,BSQ,1,large
2024-12-31,KBS:UPCOM:BTB,BTB,1,large
2024-12-31,KBS:UPCOM:BTD,BTD,1,large
2024-12-31,KBS:UPCOM:BTG,BTG,1,large
2024-12-31,KBS:UPCOM:BTN,BTN,1,large
2024-12-31,KBS:UPCOM:BTU,BTU,1,large
2024-12-31,KBS:UPCOM:BTV,BTV,1,large
2024-12-31,KBS:UPCOM:BVG,BVG,1,large
2024-12-31,KBS:UPCOM:BVL,BVL,1,large
2024-12-31,KBS:UPCOM:BVN,BVN,1,large
2024-12-31,KBS:UPCOM:BWA,BWA,1,large
2024-12-31,KBS:UPCOM:BWS,BWS,1,large
2024-12-31,KBS:UPCOM:C22,C22,1,large
2024-12-31,KBS:UPCOM:C4G,C4G,1,large
2024-12-31,KBS:UPCOM:C92,C92,1,large
2024-12-31,KBS:UPCOM:CAD,CAD,1,large
2024-12-31,KBS:UPCOM:CAT,CAT,1,large
2024-12-31,KBS:UPCOM:CBI,CBI,1,large
2024-12-31,KBS:UPCOM:CBS,CBS,1,large
2024-12-31,KBS:UPCOM:CC1,CC1,1,large
2024-12-31,KBS:UPCOM:CCA,CCA,1,large
2024-12-31,KBS:UPCOM:CCM,CCM,1,large
2024-12-31,KBS:UPCOM:CCP,CCP,1,large
2024-12-31,KBS:UPCOM:CCT,CCT,1,large
2024-12-31,KBS:UPCOM:CCV,CCV,1,large
2024-12-31,KBS:UPCOM:CDP,CDP,1,large
2024-12-31,KBS:UPCOM:CDR,CDR,1,large
2024-12-31,KBS:UPCOM:CEN,CEN,1,large
2024-12-31,KBS:UPCOM:CFM,CFM,1,large
2024-12-31,KBS:UPCOM:CFV,CFV,1,large
2024-12-31,KBS:UPCOM:CH5,CH5,1,large
2024-12-31,KBS:UPCOM:CHC,CHC,1,large
2024-12-31,KBS:UPCOM:CHS,CHS,1,large
2024-12-31,KBS:UPCOM:CI5,CI5,1,large
2024-12-31,KBS:UPCOM:CID,CID,1,large
2024-12-31,KBS:UPCOM:CKA,CKA,1,large
2024-12-31,KBS:UPCOM:CKD,CKD,1,large
2024-12-31,KBS:UPCOM:CLX,CLX,1,large
2024-12-31,KBS:UPCOM:CMD,CMD,1,large
2024-12-31,KBS:UPCOM:CMF,CMF,1,large
2024-12-31,KBS:UPCOM:CMI,CMI,1,large
2024-12-31,KBS:UPCOM:CMK,CMK,1,large
2024-12-31,KBS:UPCOM:CMN,CMN,1,large
2024-12-31,KBS:UPCOM:CMT,CMT,1,large
2024-12-31,KBS:UPCOM:CMW,CMW,1,large
2024-12-31,KBS:UPCOM:CNC,CNC,1,large
2024-12-31,KBS:UPCOM:CNN,CNN,1,large
2024-12-31,KBS:UPCOM:CNT,CNT,1,large
2024-12-31,KBS:UPCOM:CPA,CPA,1,large
2024-12-31,KBS:UPCOM:CPI,CPI,1,large
2024-12-31,KBS:UPCOM:CQN,CQN,1,large
2024-12-31,KBS:UPCOM:CQT,CQT,1,large
2024-12-31,KBS:UPCOM:CT3,CT3,1,large
2024-12-31,KBS:UPCOM:CTW,CTW,1,large
2024-12-31,KBS:UPCOM:CVN,CVN,1,large
2024-12-31,KBS:UPCOM:DAS,DAS,1,large
2024-12-31,KBS:UPCOM:DBM,DBM,1,large
2024-12-31,KBS:UPCOM:DC1,DC1,1,large
2024-12-31,KBS:UPCOM:DCF,DCF,1,large
2024-12-31,KBS:UPCOM:DCH,DCH,1,large
2024-12-31,KBS:UPCOM:DCR,DCR,1,large
2024-12-31,KBS:UPCOM:DCS,DCS,1,large
2024-12-31,KBS:UPCOM:DCT,DCT,1,large
2024-12-31,KBS:UPCOM:DDG,DDG,1,large
2024-12-31,KBS:UPCOM:DDH,DDH,1,large
2024-12-31,KBS:UPCOM:DDM,DDM,1,large
2024-12-31,KBS:UPCOM:DDN,DDN,1,large
2024-12-31,KBS:UPCOM:DDV,DDV,1,large
2024-12-31,KBS:UPCOM:DFC,DFC,1,large
2024-12-31,KBS:UPCOM:DGT,DGT,1,large
2024-12-31,KBS:UPCOM:DHB,DHB,1,large
2024-12-31,KBS:UPCOM:DHD,DHD,1,large
2024-12-31,KBS:UPCOM:DHN,DHN,1,large
2024-12-31,KBS:UPCOM:DIC,DIC,1,large
2024-12-31,KBS:UPCOM:DID,DID,1,large
2024-12-31,KBS:UPCOM:DKC,DKC,1,large
2024-12-31,KBS:UPCOM:DLR,DLR,1,large
2024-12-31,KBS:UPCOM:DLT,DLT,1,large
2024-12-31,KBS:UPCOM:DM7,DM7,1,large
2024-12-31,KBS:UPCOM:DNA,DNA,1,large
2024-12-31,KBS:UPCOM:DTC,DTC,1,large
2024-12-31,KBS:UPCOM:GMC,GMC,1,large
2024-12-31,KBS:UPCOM:PCG,PCG,1,large
2025-01-24,KBS:HNX:ADC,ADC,0,large
2025-01-24,KBS:HNX:ALT,ALT,0,large
2025-01-24,KBS:HNX:AMC,AMC,0,large
2025-01-24,KBS:HNX:AME,AME,0,large
2025-01-24,KBS:HNX:AMV,AMV,0,large
2025-01-24,KBS:HNX:API,API,0,large
2025-01-24,KBS:HNX:APS,APS,0,large
2025-01-24,KBS:HNX:ARM,ARM,0,large
2025-01-24,KBS:HNX:ATS,ATS,0,large
2025-01-24,KBS:HNX:BAB,BAB,0,large
2025-01-24,KBS:HNX:BAX,BAX,0,large
2025-01-24,KBS:HNX:BBS,BBS,0,large
2025-01-24,KBS:HNX:BCF,BCF,0,large
2025-01-24,KBS:HNX:BED,BED,0,large
2025-01-24,KBS:HNX:BKC,BKC,0,large
2025-01-24,KBS:HNX:BNA,BNA,0,large
2025-01-24,KBS:HNX:BPC,BPC,0,large
2025-01-24,KBS:HNX:BTS,BTS,0,large
2025-01-24,KBS:HNX:BTW,BTW,0,large
2025-01-24,KBS:HNX:BVS,BVS,0,large
2025-01-24,KBS:HNX:BXH,BXH,0,large
2025-01-24,KBS:HNX:C69,C69,0,large
2025-01-24,KBS:HNX:CAG,CAG,0,large
2025-01-24,KBS:HNX:CAN,CAN,0,large
2025-01-24,KBS:HNX:CAP,CAP,0,large
2025-01-24,KBS:HNX:CCR,CCR,0,large
2025-01-24,KBS:HNX:CDN,CDN,0,large
2025-01-24,KBS:HNX:CEO,CEO,0,large
2025-01-24,KBS:HNX:CET,CET,0,large
2025-01-24,KBS:HNX:CIA,CIA,0,large
2025-01-24,KBS:HNX:CJC,CJC,0,large
2025-01-24,KBS:HNX:CKV,CKV,0,large
2025-01-24,KBS:HNX:CLH,CLH,0,large
2025-01-24,KBS:HNX:CLM,CLM,0,large
2025-01-24,KBS:HNX:CMC,CMC,0,large
2025-01-24,KBS:HNX:CMS,CMS,0,large
2025-01-24,KBS:HNX:CPC,CPC,0,large
2025-01-24,KBS:HNX:CSC,CSC,0,large
2025-01-24,KBS:HNX:CTB,CTB,0,large
2025-01-24,KBS:HNX:CTP,CTP,0,large
2025-01-24,KBS:HNX:CTT,CTT,0,large
2025-01-24,KBS:HNX:CX8,CX8,0,large
2025-01-24,KBS:HNX:D11,D11,0,large
2025-01-24,KBS:HNX:DAD,DAD,0,large
2025-01-24,KBS:HNX:DAE,DAE,0,large
2025-01-24,KBS:HNX:DC2,DC2,0,large
2025-01-24,KBS:HNX:DHP,DHP,0,large
2025-01-24,KBS:HNX:DIH,DIH,0,large
2025-01-24,KBS:HNX:DL1,DL1,0,large
2025-01-24,KBS:HNX:DNC,DNC,0,large
2025-01-24,KBS:HNX:DNP,DNP,0,large
2025-01-24,KBS:HNX:DP3,DP3,0,large
2025-01-24,KBS:HNX:DS3,DS3,0,large
2025-01-24,KBS:HNX:DST,DST,0,large
2025-01-24,KBS:HNX:DTD,DTD,0,large
2025-01-24,KBS:HNX:DTK,DTK,0,large
2025-01-24,KBS:HNX:EBS,EBS,0,large
2025-01-24,KBS:HNX:ECI,ECI,0,large
2025-01-24,KBS:HNX:EID,EID,0,large
2025-01-24,KBS:HNX:EVS,EVS,0,large
2025-01-24,KBS:HNX:FID,FID,0,large
2025-01-24,KBS:HNX:GDW,GDW,0,large
2025-01-24,KBS:HNX:GKM,GKM,0,large
2025-01-24,KBS:HNX:GLT,GLT,0,large
2025-01-24,KBS:HNX:GMA,GMA,0,large
2025-01-24,KBS:HNX:GMX,GMX,0,large
2025-01-24,KBS:HNX:HAD,HAD,0,large
2025-01-24,KBS:HNX:HAT,HAT,0,large
2025-01-24,KBS:HNX:HBS,HBS,0,large
2025-01-24,KBS:HNX:HCC,HCC,0,large
2025-01-24,KBS:HNX:HDA,HDA,0,large
2025-01-24,KBS:HNX:HEV,HEV,0,large
2025-01-24,KBS:HNX:HGM,HGM,0,large
2025-01-24,KBS:HNX:HHC,HHC,0,large
2025-01-24,KBS:HNX:HJS,HJS,0,large
2025-01-24,KBS:HNX:HKT,HKT,0,large
2025-01-24,KBS:HNX:HLC,HLC,0,large
2025-01-24,KBS:HNX:HLD,HLD,0,large
2025-01-24,KBS:HNX:HMH,HMH,0,large
2025-01-24,KBS:HNX:HMR,HMR,0,large
2025-01-24,KBS:HNX:HTC,HTC,0,large
2025-01-24,KBS:HNX:HUT,HUT,0,large
2025-01-24,KBS:HNX:HVT,HVT,0,large
2025-01-24,KBS:HNX:ICG,ICG,0,large
2025-01-24,KBS:HNX:IDC,IDC,0,large
2025-01-24,KBS:HNX:IDJ,IDJ,0,large
2025-01-24,KBS:HNX:IDV,IDV,0,large
2025-01-24,KBS:HNX:INC,INC,0,large
2025-01-24,KBS:HNX:INN,INN,0,large
2025-01-24,KBS:HNX:IPA,IPA,0,large
2025-01-24,KBS:HNX:IVS,IVS,0,large
2025-01-24,KBS:HNX:KDM,KDM,0,large
2025-01-24,KBS:HNX:KHS,KHS,0,large
2025-01-24,KBS:HNX:KKC,KKC,0,large
2025-01-24,KBS:HNX:KSD,KSD,0,large
2025-01-24,KBS:HNX:KSF,KSF,0,large
2025-01-24,KBS:HNX:KST,KST,0,large
2025-01-24,KBS:HNX:KSV,KSV,0,large
2025-01-24,KBS:HNX:KTS,KTS,0,large
2025-01-24,KBS:HNX:L14,L14,0,large
2025-01-24,KBS:HNX:L18,L18,0,large
2025-01-24,KBS:HNX:LBE,LBE,0,large
2025-01-24,KBS:HNX:LCD,LCD,0,large
2025-01-24,KBS:HNX:LDP,LDP,0,large
2025-01-24,KBS:HNX:LHC,LHC,0,large
2025-01-24,KBS:HNX:LIG,LIG,0,large
2025-01-24,KBS:HNX:MAC,MAC,0,large
2025-01-24,KBS:HNX:MAS,MAS,0,large
2025-01-24,KBS:HNX:MBG,MBG,0,large
2025-01-24,KBS:HNX:MCC,MCC,0,large
2025-01-24,KBS:HNX:MCF,MCF,0,large
2025-01-24,KBS:HNX:MCO,MCO,0,large
2025-01-24,KBS:HNX:MDC,MDC,0,large
2025-01-24,KBS:HNX:MED,MED,0,large
2025-01-24,KBS:HNX:MKV,MKV,0,large
2025-01-24,KBS:HNX:MST,MST,0,large
2025-01-24,KBS:HNX:MVB,MVB,0,large
2025-01-24,KBS:HNX:NAG,NAG,0,large
2025-01-24,KBS:HNX:NAP,NAP,0,large
2025-01-24,KBS:HNX:NBP,NBP,0,large
2025-01-24,KBS:HNX:NBW,NBW,0,large
2025-01-24,KBS:HNX:NDN,NDN,0,large
2025-01-24,KBS:HNX:NET,NET,0,large
2025-01-24,KBS:HNX:NFC,NFC,0,large
2025-01-24,KBS:HNX:NHC,NHC,0,large
2025-01-24,KBS:HNX:NRC,NRC,0,large
2025-01-24,KBS:HNX:NSH,NSH,0,large
2025-01-24,KBS:HNX:NST,NST,0,large
2025-01-24,KBS:HNX:NTH,NTH,0,large
2025-01-24,KBS:HNX:NTP,NTP,0,large
2025-01-24,KBS:HNX:NVB,NVB,0,large
2025-01-24,KBS:HNX:ONE,ONE,0,large
2025-01-24,KBS:HNX:PBP,PBP,0,large
2025-01-24,KBS:HNX:PCE,PCE,0,large
2025-01-24,KBS:HNX:PCT,PCT,0,large
2025-01-24,KBS:HNX:PDB,PDB,0,large
2025-01-24,KBS:HNX:PEN,PEN,0,large
2025-01-24,KBS:HNX:PGN,PGN,0,large
2025-01-24,KBS:HNX:PGS,PGS,0,large
2025-01-24,KBS:HNX:PGT,PGT,0,large
2025-01-24,KBS:HNX:PHN,PHN,0,large
2025-01-24,KBS:HNX:PIA,PIA,0,large
2025-01-24,KBS:HNX:PIC,PIC,0,large
2025-01-24,KBS:HNX:PJC,PJC,0,large
2025-01-24,KBS:HNX:PLC,PLC,0,large
2025-01-24,KBS:HNX:PMB,PMB,0,large
2025-01-24,KBS:HNX:PMC,PMC,0,large
2025-01-24,KBS:HNX:PMP,PMP,0,large
2025-01-24,KBS:HNX:PMS,PMS,0,large
2025-01-24,KBS:HNX:POT,POT,0,large
2025-01-24,KBS:HNX:PPE,PPE,0,large
2025-01-24,KBS:HNX:PPP,PPP,0,large
2025-01-24,KBS:HNX:PPS,PPS,0,large
2025-01-24,KBS:HNX:PPY,PPY,0,large
2025-01-24,KBS:HNX:PRC,PRC,0,large
2025-01-24,KBS:HNX:PRE,PRE,0,large
2025-01-24,KBS:HNX:PSD,PSD,0,large
2025-01-24,KBS:HNX:PSE,PSE,0,large
2025-01-24,KBS:HNX:PSI,PSI,0,large
2025-01-24,KBS:HNX:PSW,PSW,0,large
2025-01-24,KBS:HNX:PTD,PTD,0,large
2025-01-24,KBS:HNX:PTS,PTS,0,large
2025-01-24,KBS:HNX:PV2,PV2,0,large
2025-01-24,KBS:HNX:PVB,PVB,0,large
2025-01-24,KBS:HNX:PVC,PVC,0,large
2025-01-24,KBS:HNX:PVG,PVG,0,large
2025-01-24,KBS:HOSE:AAM,AAM,0,large
2025-01-24,KBS:HOSE:AAT,AAT,0,large
2025-01-24,KBS:HOSE:ABR,ABR,0,large
2025-01-24,KBS:HOSE:ABS,ABS,0,large
2025-01-24,KBS:HOSE:ABT,ABT,0,large
2025-01-24,KBS:HOSE:ACC,ACC,0,large
2025-01-24,KBS:HOSE:ACG,ACG,0,large
2025-01-24,KBS:HOSE:ACL,ACL,0,large
2025-01-24,KBS:HOSE:ADG,ADG,0,large
2025-01-24,KBS:HOSE:ADP,ADP,0,large
2025-01-24,KBS:HOSE:ADS,ADS,0,large
2025-01-24,KBS:HOSE:AFX,AFX,0,large
2025-01-24,KBS:HOSE:AGG,AGG,0,large
2025-01-24,KBS:HOSE:AGR,AGR,0,large
2025-01-24,KBS:HOSE:ANT,ANT,0,large
2025-01-24,KBS:HOSE:ANV,ANV,0,large
2025-01-24,KBS:HOSE:APG,APG,0,large
2025-01-24,KBS:HOSE:APH,APH,0,large
2025-01-24,KBS:HOSE:ASM,ASM,0,large
2025-01-24,KBS:HOSE:ASP,ASP,0,large
2025-01-24,KBS:HOSE:AST,AST,0,large
2025-01-24,KBS:HOSE:BAF,BAF,0,large
2025-01-24,KBS:HOSE:BCE,BCE,0,large
2025-01-24,KBS:HOSE:BCM,BCM,0,large
2025-01-24,KBS:HOSE:BFC,BFC,0,large
2025-01-24,KBS:HOSE:BHN,BHN,0,large
2025-01-24,KBS:HOSE:BIC,BIC,0,large
2025-01-24,KBS:HOSE:BKG,BKG,0,large
2025-01-24,KBS:HOSE:BMI,BMI,0,large
2025-01-24,KBS:HOSE:BRC,BRC,0,large
2025-01-24,KBS:HOSE:BSI,BSI,0,large
2025-01-24,KBS:HOSE:BTP,BTP,0,large
2025-01-24,KBS:HOSE:BVH,BVH,0,large
2025-01-24,KBS:HOSE:C32,C32,0,large
2025-01-24,KBS:HOSE:CCI,CCI,0,large
2025-01-24,KBS:HOSE:CCL,CCL,0,large
2025-01-24,KBS:HOSE:CDC,CDC,0,large
2025-01-24,KBS:HOSE:CHP,CHP,0,large
2025-01-24,KBS:HOSE:CIG,CIG,0,large
2025-01-24,KBS:HOSE:CII,CII,0,large
2025-01-24,KBS:HOSE:CKG,CKG,0,large
2025-01-24,KBS:HOSE:CLC,CLC,0,large
2025-01-24,KBS:HOSE:CLW,CLW,0,large
2025-01-24,KBS:HOSE:CMV,CMV,0,large
2025-01-24,KBS:HOSE:CMX,CMX,0,large
2025-01-24,KBS:HOSE:CNG,CNG,0,large
2025-01-24,KBS:HOSE:COM,COM,0,large
2025-01-24,KBS:HOSE:CRC,CRC,0,large
2025-01-24,KBS:HOSE:CRE,CRE,0,large
2025-01-24,KBS:HOSE:CSV,CSV,0,large
2025-01-24,KBS:HOSE:CTD,CTD,0,large
2025-01-24,KBS:HOSE:CTF,CTF,0,large
2025-01-24,KBS:HOSE:CTI,CTI,0,large
2025-01-24,KBS:HOSE:CTR,CTR,1,small
2025-01-24,KBS:HOSE:CTS,CTS,0,large
2025-01-24,KBS:HOSE:CVT,CVT,0,large
2025-01-24,KBS:HOSE:D2D,D2D,0,large
2025-01-24,KBS:HOSE:DAH,DAH,0,large
2025-01-24,KBS:HOSE:DBC,DBC,1,small
2025-01-24,KBS:HOSE:DBD,DBD,0,large
2025-01-24,KBS:HOSE:DCL,DCL,0,large
2025-01-24,KBS:HOSE:DCM,DCM,0,large
2025-01-24,KBS:HOSE:DGC,DGC,1,small
2025-01-24,KBS:HOSE:DGW,DGW,0,large
2025-01-24,KBS:HOSE:DHA,DHA,0,large
2025-01-24,KBS:HOSE:DHC,DHC,0,large
2025-01-24,KBS:HOSE:DLG,DLG,0,large
2025-01-24,KBS:HOSE:DMC,DMC,0,large
2025-01-24,KBS:HOSE:DPG,DPG,0,large
2025-01-24,KBS:HOSE:DQC,DQC,0,large
2025-01-24,KBS:HOSE:DRC,DRC,0,large
2025-01-24,KBS:HOSE:DSN,DSN,0,large
2025-01-24,KBS:HOSE:DTA,DTA,0,large
2025-01-24,KBS:HOSE:DTL,DTL,0,large
2025-01-24,KBS:HOSE:DTT,DTT,0,large
2025-01-24,KBS:HOSE:DVP,DVP,0,large
2025-01-24,KBS:HOSE:DXG,DXG,1,small
2025-01-24,KBS:HOSE:DXS,DXS,0,large
2025-01-24,KBS:HOSE:DXV,DXV,0,large
2025-01-24,KBS:HOSE:EIB,EIB,1,small
2025-01-24,KBS:HOSE:ELC,ELC,0,large
2025-01-24,KBS:HOSE:EVE,EVE,0,large
2025-01-24,KBS:HOSE:EVF,EVF,0,large
2025-01-24,KBS:HOSE:EVG,EVG,0,large
2025-01-24,KBS:HOSE:FCM,FCM,0,large
2025-01-24,KBS:HOSE:FCN,FCN,0,large
2025-01-24,KBS:HOSE:FDC,FDC,0,large
2025-01-24,KBS:HOSE:FIR,FIR,0,large
2025-01-24,KBS:HOSE:FIT,FIT,0,large
2025-01-24,KBS:HOSE:FMC,FMC,0,large
2025-01-24,KBS:HOSE:FPT,FPT,1,small
2025-01-24,KBS:HOSE:FRT,FRT,1,small
2025-01-24,KBS:HOSE:FTS,FTS,0,large
2025-01-24,KBS:HOSE:GAS,GAS,0,large
2025-01-24,KBS:HOSE:GDT,GDT,0,large
2025-01-24,KBS:HOSE:GEG,GEG,0,large
2025-01-24,KBS:HOSE:GIL,GIL,0,large
2025-01-24,KBS:HOSE:GMD,GMD,0,large
2025-01-24,KBS:HOSE:GTA,GTA,0,large
2025-01-24,KBS:HOSE:HAG,HAG,0,large
2025-01-24,KBS:HOSE:HAP,HAP,0,large
2025-01-24,KBS:HOSE:HAR,HAR,0,large
2025-01-24,KBS:HOSE:HAS,HAS,0,large
2025-01-24,KBS:HOSE:HAX,HAX,0,large
2025-01-24,KBS:HOSE:HCD,HCD,0,large
2025-01-24,KBS:HOSE:HCM,HCM,1,small
2025-01-24,KBS:HOSE:HDC,HDC,0,large
2025-01-24,KBS:HOSE:HDG,HDG,0,large
2025-01-24,KBS:HOSE:HHP,HHP,0,large
2025-01-24,KBS:HOSE:HHV,HHV,0,large
2025-01-24,KBS:HOSE:HID,HID,0,large
2025-01-24,KBS:HOSE:HII,HII,0,large
2025-01-24,KBS:HOSE:HMC,HMC,0,large
2025-01-24,KBS:HOSE:HQC,HQC,0,large
2025-01-24,KBS:HOSE:HRC,HRC,0,large
2025-01-24,KBS:HOSE:HSG,HSG,0,large
2025-01-24,KBS:HOSE:HSL,HSL,0,large
2025-01-24,KBS:HOSE:HTG,HTG,0,large
2025-01-24,KBS:HOSE:HTI,HTI,0,large
2025-01-24,KBS:HOSE:HTL,HTL,0,large
2025-01-24,KBS:HOSE:HTN,HTN,0,large
2025-01-24,KBS:HOSE:HTV,HTV,0,large
2025-01-24,KBS:HOSE:HU1,HU1,0,large
2025-01-24,KBS:HOSE:HUB,HUB,0,large
2025-01-24,KBS:HOSE:HVN,HVN,0,large
2025-01-24,KBS:HOSE:ICT,ICT,0,large
2025-01-24,KBS:HOSE:IJC,IJC,0,large
2025-01-24,KBS:HOSE:ILB,ILB,0,large
2025-01-24,KBS:HOSE:ITC,ITC,0,large
2025-01-24,KBS:HOSE:ITD,ITD,0,large
2025-01-24,KBS:HOSE:JVC,JVC,0,large
2025-01-24,KBS:HOSE:KBC,KBC,1,small
2025-01-24,KBS:HOSE:KDC,KDC,0,large
2025-01-24,KBS:HOSE:KDH,KDH,0,large
2025-01-24,KBS:HOSE:KHG,KHG,0,large
2025-01-24,KBS:HOSE:KHP,KHP,0,large
2025-01-24,KBS:HOSE:KMR,KMR,0,large
2025-01-24,KBS:HOSE:KOS,KOS,0,large
2025-01-24,KBS:HOSE:KSB,KSB,0,large
2025-01-24,KBS:HOSE:L10,L10,0,large
2025-01-24,KBS:HOSE:LAF,LAF,0,large
2025-01-24,KBS:HOSE:LBM,LBM,0,large
2025-01-24,KBS:HOSE:LCG,LCG,0,large
2025-01-24,KBS:HOSE:LDG,LDG,0,large
2025-01-24,KBS:HOSE:LGL,LGL,0,large
2025-01-24,KBS:HOSE:LHG,LHG,0,large
2025-01-24,KBS:HOSE:LIX,LIX,0,large
2025-01-24,KBS:HOSE:LM8,LM8,0,large
2025-01-24,KBS:HOSE:LPB,LPB,1,small
2025-01-24,KBS:HOSE:LSS,LSS,0,large
2025-01-24,KBS:HOSE:MBB,MBB,1,small
2025-01-24,KBS:HOSE:MCP,MCP,0,large
2025-01-24,KBS:HOSE:MDG,MDG,0,large
2025-01-24,KBS:HOSE:MHC,MHC,0,large
2025-01-24,KBS:HOSE:MIG,MIG,0,large
2025-01-24,KBS:HOSE:MSB,MSB,0,large
2025-01-24,KBS:HOSE:MSH,MSH,0,large
2025-01-24,KBS:HOSE:MWG,MWG,1,small
2025-01-24,KBS:HOSE:NAF,NAF,0,large
2025-01-24,KBS:HOSE:NAV,NAV,0,large
2025-01-24,KBS:HOSE:NBB,NBB,0,large
2025-01-24,KBS:HOSE:NCT,NCT,0,large
2025-01-24,KBS:HOSE:NHA,NHA,0,large
2025-01-24,KBS:HOSE:NHT,NHT,0,large
2025-01-24,KBS:HOSE:NKG,NKG,0,large
2025-01-24,KBS:HOSE:NLG,NLG,0,large
2025-01-24,KBS:HOSE:NNC,NNC,0,large
2025-01-24,KBS:HOSE:NTL,NTL,0,large
2025-01-24,KBS:HOSE:NVL,NVL,0,large
2025-01-24,KBS:HOSE:NVT,NVT,0,large
2025-01-24,KBS:HOSE:OCB,OCB,0,large
2025-01-24,KBS:HOSE:OGC,OGC,0,large
2025-01-24,KBS:HOSE:OPC,OPC,0,large
2025-01-24,KBS:HOSE:ORS,ORS,0,large
2025-01-24,KBS:HOSE:PAC,PAC,0,large
2025-01-24,KBS:HOSE:PAN,PAN,0,large
2025-01-24,KBS:HOSE:PDN,PDN,0,large
2025-01-24,KBS:HOSE:PGC,PGC,0,large
2025-01-24,KBS:HOSE:PGD,PGD,0,large
2025-01-24,KBS:HOSE:PGI,PGI,0,large
2025-01-24,KBS:HOSE:PGV,PGV,0,large
2025-01-24,KBS:HOSE:PHR,PHR,0,large
2025-01-24,KBS:HOSE:PIT,PIT,0,large
2025-01-24,KBS:HOSE:PLP,PLP,0,large
2025-01-24,KBS:HOSE:PLX,PLX,0,large
2025-01-24,KBS:HOSE:PNC,PNC,0,large
2025-01-24,KBS:HOSE:PNJ,PNJ,0,large
2025-01-24,KBS:HOSE:PTB,PTB,0,large
2025-01-24,KBS:HOSE:PTL,PTL,0,large
2025-01-24,KBS:HOSE:PVP,PVP,0,large
2025-01-24,KBS:HOSE:PVT,PVT,0,large
2025-01-24,KBS:HOSE:QCG,QCG,0,large
2025-01-24,KBS:HOSE:RAL,RAL,0,large
2025-01-24,KBS:HOSE:S4A,S4A,0,large
2025-01-24,KBS:HOSE:SAB,SAB,0,large
2025-01-24,KBS:HOSE:SAM,SAM,0,large
2025-01-24,KBS:HOSE:SAV,SAV,0,large
2025-01-24,KBS:HOSE:SBA,SBA,0,large
2025-01-24,KBS:HOSE:SBV,SBV,0,large
2025-01-24,KBS:HOSE:SC5,SC5,0,large
2025-01-24,KBS:HOSE:SCR,SCR,0,large
2025-01-24,KBS:HOSE:SCS,SCS,0,large
2025-01-24,KBS:HOSE:SFC,SFC,0,large
2025-01-24,KBS:HOSE:SFI,SFI,0,large
2025-01-24,KBS:HOSE:SGR,SGR,0,large
2025-01-24,KBS:HOSE:SGT,SGT,0,large
2025-01-24,KBS:HOSE:SHA,SHA,0,large
2025-01-24,KBS:HOSE:SHB,SHB,1,small
2025-01-24,KBS:HOSE:SHI,SHI,0,large
2025-01-24,KBS:HOSE:SHP,SHP,0,large
2025-01-24,KBS:HOSE:SIP,SIP,0,large
2025-01-24,KBS:HOSE:SJD,SJD,0,large
2025-01-24,KBS:HOSE:SJS,SJS,0,large
2025-01-24,KBS:HOSE:SMA,SMA,0,large
2025-01-24,KBS:HOSE:SMB,SMB,0,large
2025-01-24,KBS:HOSE:SMC,SMC,0,large
2025-01-24,KBS:HOSE:SPM,SPM,0,large
2025-01-24,KBS:HOSE:SRC,SRC,0,large
2025-01-24,KBS:HOSE:SRF,SRF,0,large
2025-01-24,KBS:HOSE:SSB,SSB,0,large
2025-01-24,KBS:HOSE:SSC,SSC,0,large
2025-01-24,KBS:HOSE:STB,STB,1,small
2025-01-24,KBS:HOSE:STG,STG,0,large
2025-01-24,KBS:HOSE:STK,STK,0,large
2025-01-24,KBS:HOSE:SVC,SVC,0,large
2025-01-24,KBS:HOSE:SVT,SVT,0,large
2025-01-24,KBS:HOSE:SZC,SZC,0,large
2025-01-24,KBS:HOSE:SZL,SZL,0,large
2025-01-24,KBS:HOSE:TCB,TCB,1,small
2025-01-24,KBS:HOSE:TCL,TCL,0,large
2025-01-24,KBS:HOSE:TCM,TCM,0,large
2025-01-24,KBS:HOSE:TCO,TCO,0,large
2025-01-24,KBS:HOSE:TCR,TCR,0,large
2025-01-24,KBS:HOSE:TDC,TDC,0,large
2025-01-24,KBS:HOSE:TDG,TDG,0,large
2025-01-24,KBS:HOSE:TDP,TDP,0,large
2025-01-24,KBS:HOSE:TDW,TDW,0,large
2025-01-24,KBS:HOSE:TEG,TEG,0,large
2025-01-24,KBS:HOSE:THG,THG,0,large
2025-01-24,KBS:HOSE:TIP,TIP,0,large
2025-01-24,KBS:HOSE:TIX,TIX,0,large
2025-01-24,KBS:HOSE:TLG,TLG,0,large
2025-01-24,KBS:HOSE:TLH,TLH,0,large
2025-01-24,KBS:HOSE:TMS,TMS,0,large
2025-01-24,KBS:HOSE:TMT,TMT,0,large
2025-01-24,KBS:HOSE:TNC,TNC,0,large
2025-01-24,KBS:HOSE:TNH,TNH,0,large
2025-01-24,KBS:HOSE:TNI,TNI,0,large
2025-01-24,KBS:HOSE:TNT,TNT,0,large
2025-01-24,KBS:HOSE:TPB,TPB,1,small
2025-01-24,KBS:HOSE:TRA,TRA,0,large
2025-01-24,KBS:HOSE:TRC,TRC,0,large
2025-01-24,KBS:HOSE:TTE,TTE,0,large
2025-01-24,KBS:HOSE:TVB,TVB,0,large
2025-01-24,KBS:HOSE:TVS,TVS,0,large
2025-01-24,KBS:HOSE:TVT,TVT,0,large
2025-01-24,KBS:HOSE:UIC,UIC,0,large
2025-01-24,KBS:HOSE:VCG,VCG,1,small
2025-01-24,KBS:HOSE:VDS,VDS,0,large
2025-01-24,KBS:HOSE:VFG,VFG,0,large
2025-01-24,KBS:HOSE:VGC,VGC,0,large
2025-01-24,KBS:HOSE:VHC,VHC,0,large
2025-01-24,KBS:HOSE:VHM,VHM,1,small
2025-01-24,KBS:HOSE:VID,VID,0,large
2025-01-24,KBS:HOSE:VIP,VIP,0,large
2025-01-24,KBS:HOSE:VIX,VIX,1,small
2025-01-24,KBS:HOSE:VJC,VJC,1,small
2025-01-24,KBS:HOSE:VMD,VMD,0,large
2025-01-24,KBS:HOSE:VND,VND,0,large
2025-01-24,KBS:HOSE:VNG,VNG,0,large
2025-01-24,KBS:HOSE:VOS,VOS,0,large
2025-01-24,KBS:HOSE:VPB,VPB,1,small
2025-01-24,KBS:HOSE:VPG,VPG,0,large
2025-01-24,KBS:HOSE:VPS,VPS,0,large
2025-01-24,KBS:HOSE:VSC,VSC,0,large
2025-01-24,KBS:HOSE:VSH,VSH,0,large
2025-01-24,KBS:HOSE:VSI,VSI,0,large
2025-01-24,KBS:HOSE:VTO,VTO,0,large
2025-01-24,KBS:UPCOM:A32,A32,0,large
2025-01-24,KBS:UPCOM:AAS,AAS,0,large
2025-01-24,KBS:UPCOM:AAV,AAV,0,large
2025-01-24,KBS:UPCOM:ABB,ABB,0,large
2025-01-24,KBS:UPCOM:ABC,ABC,0,large
2025-01-24,KBS:UPCOM:ABI,ABI,0,large
2025-01-24,KBS:UPCOM:ACE,ACE,0,large
2025-01-24,KBS:UPCOM:ACM,ACM,0,large
2025-01-24,KBS:UPCOM:ACS,ACS,0,large
2025-01-24,KBS:UPCOM:ACV,ACV,0,large
2025-01-24,KBS:UPCOM:AG1,AG1,0,large
2025-01-24,KBS:UPCOM:AGF,AGF,0,large
2025-01-24,KBS:UPCOM:AGP,AGP,0,large
2025-01-24,KBS:UPCOM:AGX,AGX,0,large
2025-01-24,KBS:UPCOM:AIC,AIC,0,large
2025-01-24,KBS:UPCOM:ALV,ALV,0,large
2025-01-24,KBS:UPCOM:AMP,AMP,0,large
2025-01-24,KBS:UPCOM:AMS,AMS,0,large
2025-01-24,KBS:UPCOM:APF,APF,0,large
2025-01-24,KBS:UPCOM:APL,APL,0,large
2025-01-24,KBS:UPCOM:APT,APT,0,large
2025-01-24,KBS:UPCOM:ART,ART,0,large
2025-01-24,KBS:UPCOM:ATA,ATA,0,large
2025-01-24,KBS:UPCOM:ATG,ATG,0,large
2025-01-24,KBS:UPCOM:AVC,AVC,0,large
2025-01-24,KBS:UPCOM:BAL,BAL,0,large
2025-01-24,KBS:UPCOM:BBH,BBH,0,large
2025-01-24,KBS:UPCOM:BBM,BBM,0,large
2025-01-24,KBS:UPCOM:BBT,BBT,0,large
2025-01-24,KBS:UPCOM:BCA,BCA,0,large
2025-01-24,KBS:UPCOM:BCB,BCB,0,large
2025-01-24,KBS:UPCOM:BCP,BCP,0,large
2025-01-24,KBS:UPCOM:BDG,BDG,0,large
2025-01-24,KBS:UPCOM:BDT,BDT,0,large
2025-01-24,KBS:UPCOM:BDW,BDW,0,large
2025-01-24,KBS:UPCOM:BEL,BEL,0,large
2025-01-24,KBS:UPCOM:BGW,BGW,0,large
2025-01-24,KBS:UPCOM:BHA,BHA,0,large
2025-01-24,KBS:UPCOM:BHC,BHC,0,large
2025-01-24,KBS:UPCOM:BHG,BHG,0,large
2025-01-24,KBS:UPCOM:BHK,BHK,0,large
2025-01-24,KBS:UPCOM:BHP,BHP,0,large
2025-01-24,KBS:UPCOM:BIG,BIG,0,large
2025-01-24,KBS:UPCOM:BIO,BIO,0,large
2025-01-24,KBS:UPCOM:BLF,BLF,0,large
2025-01-24,KBS:UPCOM:BLI,BLI,0,large
2025-01-24,KBS:UPCOM:BLN,BLN,0,large
2025-01-24,KBS:UPCOM:BLT,BLT,0,large
2025-01-24,KBS:UPCOM:BMD,BMD,0,large
2025-01-24,KBS:UPCOM:BMF,BMF,0,large
2025-01-24,KBS:UPCOM:BMG,BMG,0,large
2025-01-24,KBS:UPCOM:BMJ,BMJ,0,large
2025-01-24,KBS:UPCOM:BMS,BMS,0,large
2025-01-24,KBS:UPCOM:BMV,BMV,0,large
2025-01-24,KBS:UPCOM:BNW,BNW,0,large
2025-01-24,KBS:UPCOM:BQB,BQB,0,large
2025-01-24,KBS:UPCOM:BRR,BRR,0,large
2025-01-24,KBS:UPCOM:BRS,BRS,0,large
2025-01-24,KBS:UPCOM:BSD,BSD,0,large
2025-01-24,KBS:UPCOM:BSG,BSG,0,large
2025-01-24,KBS:UPCOM:BSH,BSH,0,large
2025-01-24,KBS:UPCOM:BSL,BSL,0,large
2025-01-24,KBS:UPCOM:BSP,BSP,0,large
2025-01-24,KBS:UPCOM:BSQ,BSQ,0,large
2025-01-24,KBS:UPCOM:BTB,BTB,0,large
2025-01-24,KBS:UPCOM:BTD,BTD,0,large
2025-01-24,KBS:UPCOM:BTG,BTG,0,large
2025-01-24,KBS:UPCOM:BTN,BTN,0,large
2025-01-24,KBS:UPCOM:BTU,BTU,0,large
2025-01-24,KBS:UPCOM:BTV,BTV,0,large
2025-01-24,KBS:UPCOM:BVG,BVG,0,large
2025-01-24,KBS:UPCOM:BVL,BVL,0,large
2025-01-24,KBS:UPCOM:BVN,BVN,0,large
2025-01-24,KBS:UPCOM:BWA,BWA,0,large
2025-01-24,KBS:UPCOM:BWS,BWS,0,large
2025-01-24,KBS:UPCOM:C22,C22,0,large
2025-01-24,KBS:UPCOM:C4G,C4G,0,large
2025-01-24,KBS:UPCOM:C92,C92,0,large
2025-01-24,KBS:UPCOM:CAD,CAD,0,large
2025-01-24,KBS:UPCOM:CAT,CAT,0,large
2025-01-24,KBS:UPCOM:CBI,CBI,0,large
2025-01-24,KBS:UPCOM:CBS,CBS,0,large
2025-01-24,KBS:UPCOM:CC1,CC1,0,large
2025-01-24,KBS:UPCOM:CCA,CCA,0,large
2025-01-24,KBS:UPCOM:CCM,CCM,0,large
2025-01-24,KBS:UPCOM:CCP,CCP,0,large
2025-01-24,KBS:UPCOM:CCT,CCT,0,large
2025-01-24,KBS:UPCOM:CCV,CCV,0,large
2025-01-24,KBS:UPCOM:CDP,CDP,0,large
2025-01-24,KBS:UPCOM:CDR,CDR,0,large
2025-01-24,KBS:UPCOM:CEN,CEN,0,large
2025-01-24,KBS:UPCOM:CFM,CFM,0,large
2025-01-24,KBS:UPCOM:CFV,CFV,0,large
2025-01-24,KBS:UPCOM:CH5,CH5,0,large
2025-01-24,KBS:UPCOM:CHC,CHC,0,large
2025-01-24,KBS:UPCOM:CHS,CHS,0,large
2025-01-24,KBS:UPCOM:CI5,CI5,0,large
2025-01-24,KBS:UPCOM:CID,CID,0,large
2025-01-24,KBS:UPCOM:CKA,CKA,0,large
2025-01-24,KBS:UPCOM:CKD,CKD,0,large
2025-01-24,KBS:UPCOM:CLX,CLX,0,large
2025-01-24,KBS:UPCOM:CMD,CMD,0,large
2025-01-24,KBS:UPCOM:CMF,CMF,0,large
2025-01-24,KBS:UPCOM:CMI,CMI,0,large
2025-01-24,KBS:UPCOM:CMK,CMK,0,large
2025-01-24,KBS:UPCOM:CMN,CMN,0,large
2025-01-24,KBS:UPCOM:CMT,CMT,0,large
2025-01-24,KBS:UPCOM:CMW,CMW,0,large
2025-01-24,KBS:UPCOM:CNC,CNC,0,large
2025-01-24,KBS:UPCOM:CNN,CNN,0,large
2025-01-24,KBS:UPCOM:CNT,CNT,0,large
2025-01-24,KBS:UPCOM:CPA,CPA,0,large
2025-01-24,KBS:UPCOM:CPI,CPI,0,large
2025-01-24,KBS:UPCOM:CQN,CQN,0,large
2025-01-24,KBS:UPCOM:CQT,CQT,0,large
2025-01-24,KBS:UPCOM:CT3,CT3,0,large
2025-01-24,KBS:UPCOM:CTW,CTW,0,large
2025-01-24,KBS:UPCOM:CVN,CVN,0,large
2025-01-24,KBS:UPCOM:DAS,DAS,0,large
2025-01-24,KBS:UPCOM:DBM,DBM,0,large
2025-01-24,KBS:UPCOM:DC1,DC1,0,large
2025-01-24,KBS:UPCOM:DCF,DCF,0,large
2025-01-24,KBS:UPCOM:DCH,DCH,0,large
2025-01-24,KBS:UPCOM:DCR,DCR,0,large
2025-01-24,KBS:UPCOM:DCS,DCS,0,large
2025-01-24,KBS:UPCOM:DCT,DCT,0,large
2025-01-24,KBS:UPCOM:DDG,DDG,0,large
2025-01-24,KBS:UPCOM:DDH,DDH,0,large
2025-01-24,KBS:UPCOM:DDM,DDM,0,large
2025-01-24,KBS:UPCOM:DDN,DDN,0,large
2025-01-24,KBS:UPCOM:DDV,DDV,0,large
2025-01-24,KBS:UPCOM:DFC,DFC,0,large
2025-01-24,KBS:UPCOM:DGT,DGT,0,large
2025-01-24,KBS:UPCOM:DHB,DHB,0,large
2025-01-24,KBS:UPCOM:DHD,DHD,0,large
2025-01-24,KBS:UPCOM:DHN,DHN,0,large
2025-01-24,KBS:UPCOM:DIC,DIC,0,large
2025-01-24,KBS:UPCOM:DID,DID,0,large
2025-01-24,KBS:UPCOM:DKC,DKC,0,large
2025-01-24,KBS:UPCOM:DLR,DLR,0,large
2025-01-24,KBS:UPCOM:DLT,DLT,0,large
2025-01-24,KBS:UPCOM:DM7,DM7,0,large
2025-01-24,KBS:UPCOM:DNA,DNA,0,large
2025-01-24,KBS:UPCOM:DTC,DTC,0,large
2025-01-24,KBS:UPCOM:PCG,PCG,0,large
