ticker,security_id,worker_id,assignment_id,handoff_run_id,status_reported,acquisition_status,raw_page_count,first_page,last_page,oldest_observed_date,newest_observed_date,completion_reason,next_page_if_continuable,action,source_zip,source_zip_sha256,initial_page_sequence_contiguous
AAH,KBS:UPCOM:AAH,worker-01,cafef-expansion-v1-worker-01,run-20260925T073407Z-82048f96,COMPLETE,COMPLETE,24,1,24,2024-01-11,2026-09-24,EMPTY_PROVIDER_BOUNDARY,,COMPLETE_RETAINED,cafef-expansion-v1-worker-01.zip,6267e529acbb6df3c7c10ea13527e80cdc1fc9d6bd0efd91be9836a387373ba9,True
AAN,KBS:HOSE:AAN,worker-02,cafef-expansion-v1-worker-02,run-20260925T081933Z-4506e5a7,COMPLETE,COMPLETE,4,1,4,2026-05-22,2026-09-24,EMPTY_PROVIDER_BOUNDARY,,COMPLETE_RETAINED,cafef-expansion-v1-worker-02.zip,521a851047ce4850ab9c900efd8696b8738c85dc0ce0163c7c0d74e5f27323ed,True
AAT,KBS:HOSE:AAT,worker-03,cafef-expansion-v1-worker-03,run-20260925T084030Z-cc2314fc,COMPLETE,COMPLETE,47,1,47,2021-03-24,2026-09-24,EMPTY_PROVIDER_BOUNDARY,,COMPLETE_RETAINED,cafef-expansion-v1-worker-03.zip,74599201ecf4f3eb1301d2bc777ea0f32cd39b3c0ae6241d7e058a04bb271b49,True
ABB,KBS:UPCOM:ABB,worker-04,cafef-expansion-v1-worker-04,run-20260925T125518Z-f0745c9f,COMPLETE,COMPLETE,49,1,49,2020-12-28,2026-09-25,EMPTY_PROVIDER_BOUNDARY,,COMPLETE_RETAINED,cafef-expansion-v1-worker-04.zip,d82238b839a1e3a2019514c5e3ba684b4a4a95c507ddfad03aa917bc87d207bd,True
ABC,KBS:UPCOM:ABC,worker-05,cafef-expansion-v1-worker-05,run-20260925T092604Z-3397f3b7,COMPLETE,COMPLETE,56,1,56,2019-12-09,2026-09-24,TARGET_START_REACHED,,COMPLETE_RETAINED,cafef-expansion-v1-worker-05.zip,44f6e1e1c4141de1f5da2b1267b719a25a40e854444386ef1360907a330370a0,True
ABR,KBS:HOSE:ABR,worker-01,cafef-expansion-v1-worker-01,run-20260925T073407Z-82048f96,COMPLETE,COMPLETE,56,1,56,2019-11-29,2026-09-24,TARGET_START_REACHED,,COMPLETE_RETAINED,cafef-expansion-v1-worker-01.zip,6267e529acbb6df3c7c10ea13527e80cdc1fc9d6bd0efd91be9836a387373ba9,True
ABS,KBS:HOSE:ABS,worker-02,cafef-expansion-v1-worker-02,run-20260925T081933Z-4506e5a7,COMPLETE,COMPLETE,56,1,56,2020-03-18,2026-09-24,EMPTY_PROVIDER_BOUNDARY,,COMPLETE_RETAINED,cafef-expansion-v1-worker-02.zip,521a851047ce4850ab9c900efd8696b8738c85dc0ce0163c7c0d74e5f27323ed,True
ABT,KBS:HOSE:ABT,worker-03,cafef-expansion-v1-worker-03,run-20260925T084030Z-cc2314fc,COMPLETE,COMPLETE,56,1,56,2019-12-17,2026-09-25,TARGET_START_REACHED,,COMPLETE_RETAINED,cafef-expansion-v1-worker-03.zip,74599201ecf4f3eb1301d2bc777ea0f32cd39b3c0ae6241d7e058a04bb271b49,True
ACE,KBS:UPCOM:ACE,worker-04,cafef-expansion-v1-worker-04,run-20260925T125518Z-f0745c9f,COMPLETE,COMPLETE,56,1,56,2019-12-09,2026-09-25,TARGET_START_REACHED,,COMPLETE_RETAINED,cafef-expansion-v1-worker-04.zip,d82238b839a1e3a2019514c5e3ba684b4a4a95c507ddfad03aa917bc87d207bd,True
ACG,KBS:HOSE:ACG,worker-05,cafef-expansion-v1-worker-05,run-20260925T092604Z-3397f3b7,COMPLETE,COMPLETE,44,1,44,2021-08-04,2026-09-25,EMPTY_PROVIDER_BOUNDARY,,COMPLETE_RETAINED,cafef-expansion-v1-worker-05.zip,44f6e1e1c4141de1f5da2b1267b719a25a40e854444386ef1360907a330370a0,True
ACM,KBS:UPCOM:ACM,worker-01,cafef-expansion-v1-worker-01,run-20260925T073407Z-82048f96,COMPLETE,COMPLETE,56,1,56,2019-12-10,2026-09-24,TARGET_START_REACHED,,COMPLETE_RETAINED,cafef-expansion-v1-worker-01.zip,6267e529acbb6df3c7c10ea13527e80cdc1fc9d6bd0efd91be9836a387373ba9,True
ADG,KBS:HOSE:ADG,worker-02,cafef-expansion-v1-worker-02,run-20260925T081933Z-4506e5a7,COMPLETE,COMPLETE,56,1,56,2019-12-26,2026-09-24,TARGET_START_REACHED,,COMPLETE_RETAINED,cafef-expansion-v1-worker-02.zip,521a851047ce4850ab9c900efd8696b8738c85dc0ce0163c7c0d74e5f27323ed,True
ADP,KBS:HOSE:ADP,worker-03,cafef-expansion-v1-worker-03,run-20260925T084030Z-cc2314fc,COMPLETE,COMPLETE,56,1,56,2019-11-28,2026-09-25,TARGET_START_REACHED,,COMPLETE_RETAINED,cafef-expansion-v1-worker-03.zip,74599201ecf4f3eb1301d2bc777ea0f32cd39b3c0ae6241d7e058a04bb271b49,True
AFX,KBS:HOSE:AFX,worker-04,cafef-expansion-v1-worker-04,run-20260925T125518Z-f0745c9f,COMPLETE,COMPLETE,56,1,56,2019-11-29,2026-09-25,TARGET_START_REACHED,,COMPLETE_RETAINED,cafef-expansion-v1-worker-04.zip,d82238b839a1e3a2019514c5e3ba684b4a4a95c507ddfad03aa917bc87d207bd,True
AGF,KBS:UPCOM:AGF,worker-05,cafef-expansion-v1-worker-05,run-20260925T092604Z-3397f3b7,COMPLETE,COMPLETE,56,1,56,2019-11-29,2026-09-25,TARGET_START_REACHED,,COMPLETE_RETAINED,cafef-expansion-v1-worker-05.zip,44f6e1e1c4141de1f5da2b1267b719a25a40e854444386ef1360907a330370a0,True
AGG,KBS:HOSE:AGG,worker-01,cafef-expansion-v1-worker-01,run-20260925T073407Z-82048f96,COMPLETE,COMPLETE,57,1,57,2020-01-09,2026-09-24,EMPTY_PROVIDER_BOUNDARY,,COMPLETE_RETAINED,cafef-expansion-v1-worker-01.zip,6267e529acbb6df3c7c10ea13527e80cdc1fc9d6bd0efd91be9836a387373ba9,True
AGM,KBS:UPCOM:AGM,worker-02,cafef-expansion-v1-worker-02,run-20260925T081933Z-4506e5a7,COMPLETE,COMPLETE,53,1,53,2019-12-26,2026-09-24,TARGET_START_REACHED,,COMPLETE_RETAINED,cafef-expansion-v1-worker-02.zip,521a851047ce4850ab9c900efd8696b8738c85dc0ce0163c7c0d74e5f27323ed,True
AGP,KBS:UPCOM:AGP,worker-03,cafef-expansion-v1-worker-03,run-20260925T084030Z-cc2314fc,COMPLETE,COMPLETE,56,1,56,2019-12-09,2026-09-25,TARGET_START_REACHED,,COMPLETE_RETAINED,cafef-expansion-v1-worker-03.zip,74599201ecf4f3eb1301d2bc777ea0f32cd39b3c0ae6241d7e058a04bb271b49,True
AIG,KBS:UPCOM:AIG,worker-04,cafef-expansion-v1-worker-04,run-20260925T125518Z-f0745c9f,COMPLETE,COMPLETE,17,1,17,2024-11-11,2026-09-24,EMPTY_PROVIDER_BOUNDARY,,COMPLETE_RETAINED,cafef-expansion-v1-worker-04.zip,d82238b839a1e3a2019514c5e3ba684b4a4a95c507ddfad03aa917bc87d207bd,True
ALC,KBS:UPCOM:ALC,worker-05,cafef-expansion-v1-worker-05,run-20260925T092604Z-3397f3b7,COMPLETE,COMPLETE,7,1,7,2026-01-15,2026-09-25,EMPTY_PROVIDER_BOUNDARY,,COMPLETE_RETAINED,cafef-expansion-v1-worker-05.zip,44f6e1e1c4141de1f5da2b1267b719a25a40e854444386ef1360907a330370a0,True
ALT,KBS:HNX:ALT,worker-01,cafef-expansion-v1-worker-01,run-20260925T073407Z-82048f96,COMPLETE,COMPLETE,56,1,56,2019-12-19,2026-09-24,TARGET_START_REACHED,,COMPLETE_RETAINED,cafef-expansion-v1-worker-01.zip,6267e529acbb6df3c7c10ea13527e80cdc1fc9d6bd0efd91be9836a387373ba9,True
AMP,KBS:UPCOM:AMP,worker-02,cafef-expansion-v1-worker-02,run-20260925T081933Z-4506e5a7,COMPLETE,COMPLETE,56,1,56,2019-12-10,2026-09-24,TARGET_START_REACHED,,COMPLETE_RETAINED,cafef-expansion-v1-worker-02.zip,521a851047ce4850ab9c900efd8696b8738c85dc0ce0163c7c0d74e5f27323ed,True
AMS,KBS:UPCOM:AMS,worker-03,cafef-expansion-v1-worker-03,run-20260925T084030Z-cc2314fc,COMPLETE,COMPLETE,56,1,56,2019-12-09,2026-09-25,TARGET_START_REACHED,,COMPLETE_RETAINED,cafef-expansion-v1-worker-03.zip,74599201ecf4f3eb1301d2bc777ea0f32cd39b3c0ae6241d7e058a04bb271b49,True
ANI,KBS:UPCOM:ANI,worker-04,cafef-expansion-v1-worker-04,run-20260925T125518Z-f0745c9f,COMPLETE,COMPLETE,4,1,4,2026-06-26,2026-09-25,EMPTY_PROVIDER_BOUNDARY,,COMPLETE_RETAINED,cafef-expansion-v1-worker-04.zip,d82238b839a1e3a2019514c5e3ba684b4a4a95c507ddfad03aa917bc87d207bd,True
ANT,KBS:HOSE:ANT,worker-05,cafef-expansion-v1-worker-05,run-20260925T092604Z-3397f3b7,COMPLETE,COMPLETE,56,1,56,2019-12-03,2026-09-25,TARGET_START_REACHED,,COMPLETE_RETAINED,cafef-expansion-v1-worker-05.zip,44f6e1e1c4141de1f5da2b1267b719a25a40e854444386ef1360907a330370a0,True
APC,KBS:UPCOM:APC,worker-01,cafef-expansion-v1-worker-01,run-20260925T073407Z-82048f96,COMPLETE,COMPLETE,56,1,56,2019-12-12,2026-09-24,TARGET_START_REACHED,,COMPLETE_RETAINED,cafef-expansion-v1-worker-01.zip,6267e529acbb6df3c7c10ea13527e80cdc1fc9d6bd0efd91be9836a387373ba9,True
APF,KBS:UPCOM:APF,worker-02,cafef-expansion-v1-worker-02,run-20260925T081933Z-4506e5a7,COMPLETE,COMPLETE,56,1,56,2019-12-06,2026-09-24,TARGET_START_REACHED,,COMPLETE_RETAINED,cafef-expansion-v1-worker-02.zip,521a851047ce4850ab9c900efd8696b8738c85dc0ce0163c7c0d74e5f27323ed,True
APG,KBS:HOSE:APG,worker-03,cafef-expansion-v1-worker-03,run-20260925T084030Z-cc2314fc,COMPLETE,COMPLETE,56,1,56,2019-12-27,2026-09-25,TARGET_START_REACHED,,COMPLETE_RETAINED,cafef-expansion-v1-worker-03.zip,74599201ecf4f3eb1301d2bc777ea0f32cd39b3c0ae6241d7e058a04bb271b49,True
APH,KBS:HOSE:APH,worker-04,cafef-expansion-v1-worker-04,run-20260925T125518Z-f0745c9f,COMPLETE,COMPLETE,53,1,53,2020-07-28,2026-09-25,EMPTY_PROVIDER_BOUNDARY,,COMPLETE_RETAINED,cafef-expansion-v1-worker-04.zip,d82238b839a1e3a2019514c5e3ba684b4a4a95c507ddfad03aa917bc87d207bd,True
API,KBS:HNX:API,worker-05,cafef-expansion-v1-worker-05,run-20260925T092604Z-3397f3b7,COMPLETE,COMPLETE,56,1,56,2019-12-20,2026-09-25,TARGET_START_REACHED,,COMPLETE_RETAINED,cafef-expansion-v1-worker-05.zip,44f6e1e1c4141de1f5da2b1267b719a25a40e854444386ef1360907a330370a0,True
APL,KBS:UPCOM:APL,worker-01,cafef-expansion-v1-worker-01,run-20260925T073407Z-82048f96,COMPLETE,COMPLETE,56,1,56,2019-12-06,2026-09-24,TARGET_START_REACHED,,COMPLETE_RETAINED,cafef-expansion-v1-worker-01.zip,6267e529acbb6df3c7c10ea13527e80cdc1fc9d6bd0efd91be9836a387373ba9,True
APP,KBS:UPCOM:APP,worker-02,cafef-expansion-v1-worker-02,run-20260925T081933Z-4506e5a7,FAILED,ACQUISITION_FAILED,48,1,48,2020-11-19,2026-09-24,,,MANUAL_REVIEW,cafef-expansion-v1-worker-02.zip,521a851047ce4850ab9c900efd8696b8738c85dc0ce0163c7c0d74e5f27323ed,True
APT,KBS:UPCOM:APT,worker-03,cafef-expansion-v1-worker-03,run-20260925T084030Z-cc2314fc,COMPLETE,COMPLETE,56,1,56,2019-12-09,2026-09-25,TARGET_START_REACHED,,COMPLETE_RETAINED,cafef-expansion-v1-worker-03.zip,74599201ecf4f3eb1301d2bc777ea0f32cd39b3c0ae6241d7e058a04bb271b49,True
ARM,KBS:HNX:ARM,worker-04,cafef-expansion-v1-worker-04,run-20260925T125518Z-f0745c9f,COMPLETE,COMPLETE,56,1,56,2019-12-23,2026-09-25,TARGET_START_REACHED,,COMPLETE_RETAINED,cafef-expansion-v1-worker-04.zip,d82238b839a1e3a2019514c5e3ba684b4a4a95c507ddfad03aa917bc87d207bd,True
ART,KBS:UPCOM:ART,worker-05,cafef-expansion-v1-worker-05,run-20260925T092604Z-3397f3b7,COMPLETE,COMPLETE,56,1,56,2019-12-03,2026-09-25,TARGET_START_REACHED,,COMPLETE_RETAINED,cafef-expansion-v1-worker-05.zip,44f6e1e1c4141de1f5da2b1267b719a25a40e854444386ef1360907a330370a0,True
ASG,KBS:HOSE:ASG,worker-01,cafef-expansion-v1-worker-01,run-20260925T073407Z-82048f96,COMPLETE,COMPLETE,51,1,51,2020-09-24,2026-09-24,EMPTY_PROVIDER_BOUNDARY,,COMPLETE_RETAINED,cafef-expansion-v1-worker-01.zip,6267e529acbb6df3c7c10ea13527e80cdc1fc9d6bd0efd91be9836a387373ba9,True
ASM,KBS:HOSE:ASM,worker-02,cafef-expansion-v1-worker-02,run-20260925T081933Z-4506e5a7,COMPLETE,COMPLETE,56,1,56,2019-12-26,2026-09-24,TARGET_START_REACHED,,COMPLETE_RETAINED,cafef-expansion-v1-worker-02.zip,521a851047ce4850ab9c900efd8696b8738c85dc0ce0163c7c0d74e5f27323ed,True
ASP,KBS:HOSE:ASP,worker-03,cafef-expansion-v1-worker-03,run-20260925T084030Z-cc2314fc,COMPLETE,COMPLETE,56,1,56,2019-12-27,2026-09-25,TARGET_START_REACHED,,COMPLETE_RETAINED,cafef-expansion-v1-worker-03.zip,74599201ecf4f3eb1301d2bc777ea0f32cd39b3c0ae6241d7e058a04bb271b49,True
ATA,KBS:UPCOM:ATA,worker-04,cafef-expansion-v1-worker-04,run-20260925T125518Z-f0745c9f,COMPLETE,COMPLETE,56,1,56,2019-12-06,2026-09-25,TARGET_START_REACHED,,COMPLETE_RETAINED,cafef-expansion-v1-worker-04.zip,d82238b839a1e3a2019514c5e3ba684b4a4a95c507ddfad03aa917bc87d207bd,True
AVC,KBS:UPCOM:AVC,worker-05,cafef-expansion-v1-worker-05,run-20260925T092604Z-3397f3b7,COMPLETE,COMPLETE,56,1,56,2019-12-11,2026-09-24,TARGET_START_REACHED,,COMPLETE_RETAINED,cafef-expansion-v1-worker-05.zip,44f6e1e1c4141de1f5da2b1267b719a25a40e854444386ef1360907a330370a0,True
AVG,KBS:UPCOM:AVG,worker-01,cafef-expansion-v1-worker-01,run-20260925T073407Z-82048f96,COMPLETE,COMPLETE,19,1,19,2024-08-09,2026-09-24,EMPTY_PROVIDER_BOUNDARY,,COMPLETE_RETAINED,cafef-expansion-v1-worker-01.zip,6267e529acbb6df3c7c10ea13527e80cdc1fc9d6bd0efd91be9836a387373ba9,True
BAF,KBS:HOSE:BAF,worker-02,cafef-expansion-v1-worker-02,run-20260925T081933Z-4506e5a7,COMPLETE,COMPLETE,41,1,41,2021-12-03,2026-09-24,EMPTY_PROVIDER_BOUNDARY,,COMPLETE_RETAINED,cafef-expansion-v1-worker-02.zip,521a851047ce4850ab9c900efd8696b8738c85dc0ce0163c7c0d74e5f27323ed,True
BAL,KBS:UPCOM:BAL,worker-03,cafef-expansion-v1-worker-03,run-20260925T084030Z-cc2314fc,COMPLETE,COMPLETE,56,1,56,2019-12-10,2026-09-25,TARGET_START_REACHED,,COMPLETE_RETAINED,cafef-expansion-v1-worker-03.zip,74599201ecf4f3eb1301d2bc777ea0f32cd39b3c0ae6241d7e058a04bb271b49,True
BBH,KBS:UPCOM:BBH,worker-04,cafef-expansion-v1-worker-04,run-20260925T125518Z-f0745c9f,COMPLETE,COMPLETE,54,1,54,2020-05-14,2026-09-25,EMPTY_PROVIDER_BOUNDARY,,COMPLETE_RETAINED,cafef-expansion-v1-worker-04.zip,d82238b839a1e3a2019514c5e3ba684b4a4a95c507ddfad03aa917bc87d207bd,True
BBM,KBS:UPCOM:BBM,worker-05,cafef-expansion-v1-worker-05,run-20260925T092604Z-3397f3b7,COMPLETE,COMPLETE,56,1,56,2019-12-11,2026-09-25,TARGET_START_REACHED,,COMPLETE_RETAINED,cafef-expansion-v1-worker-05.zip,44f6e1e1c4141de1f5da2b1267b719a25a40e854444386ef1360907a330370a0,True
BBT,KBS:UPCOM:BBT,worker-01,cafef-expansion-v1-worker-01,run-20260925T073407Z-82048f96,COMPLETE,COMPLETE,56,1,56,2019-12-06,2026-09-24,TARGET_START_REACHED,,COMPLETE_RETAINED,cafef-expansion-v1-worker-01.zip,6267e529acbb6df3c7c10ea13527e80cdc1fc9d6bd0efd91be9836a387373ba9,True
BCA,KBS:UPCOM:BCA,worker-02,cafef-expansion-v1-worker-02,run-20260925T081933Z-4506e5a7,COMPLETE,COMPLETE,43,1,43,2021-09-08,2026-09-24,EMPTY_PROVIDER_BOUNDARY,,COMPLETE_RETAINED,cafef-expansion-v1-worker-02.zip,521a851047ce4850ab9c900efd8696b8738c85dc0ce0163c7c0d74e5f27323ed,True
BCB,KBS:UPCOM:BCB,worker-03,cafef-expansion-v1-worker-03,run-20260925T084030Z-cc2314fc,COMPLETE,COMPLETE,56,1,56,2019-12-11,2026-09-25,TARGET_START_REACHED,,COMPLETE_RETAINED,cafef-expansion-v1-worker-03.zip,74599201ecf4f3eb1301d2bc777ea0f32cd39b3c0ae6241d7e058a04bb271b49,True
BCP,KBS:UPCOM:BCP,worker-04,cafef-expansion-v1-worker-04,run-20260925T125518Z-f0745c9f,COMPLETE,COMPLETE,56,1,56,2019-12-11,2026-09-25,TARGET_START_REACHED,,COMPLETE_RETAINED,cafef-expansion-v1-worker-04.zip,d82238b839a1e3a2019514c5e3ba684b4a4a95c507ddfad03aa917bc87d207bd,True
BCV,KBS:UPCOM:BCV,worker-05,cafef-expansion-v1-worker-05,run-20260925T092604Z-3397f3b7,FAILED,ACQUISITION_FAILED,17,1,17,2024-08-29,2026-09-25,,,MANUAL_REVIEW,cafef-expansion-v1-worker-05.zip,44f6e1e1c4141de1f5da2b1267b719a25a40e854444386ef1360907a330370a0,True
BDG,KBS:UPCOM:BDG,worker-01,cafef-expansion-v1-worker-01,run-20260925T073407Z-82048f96,COMPLETE,COMPLETE,56,1,56,2019-12-06,2026-09-24,TARGET_START_REACHED,,COMPLETE_RETAINED,cafef-expansion-v1-worker-01.zip,6267e529acbb6df3c7c10ea13527e80cdc1fc9d6bd0efd91be9836a387373ba9,True
BDT,KBS:UPCOM:BDT,worker-02,cafef-expansion-v1-worker-02,run-20260925T081933Z-4506e5a7,COMPLETE,COMPLETE,56,1,56,2019-12-06,2026-09-24,TARGET_START_REACHED,,COMPLETE_RETAINED,cafef-expansion-v1-worker-02.zip,521a851047ce4850ab9c900efd8696b8738c85dc0ce0163c7c0d74e5f27323ed,True
BDW,KBS:UPCOM:BDW,worker-03,cafef-expansion-v1-worker-03,run-20260925T084030Z-cc2314fc,COMPLETE,COMPLETE,56,1,56,2019-12-11,2026-09-24,TARGET_START_REACHED,,COMPLETE_RETAINED,cafef-expansion-v1-worker-03.zip,74599201ecf4f3eb1301d2bc777ea0f32cd39b3c0ae6241d7e058a04bb271b49,True
BED,KBS:HNX:BED,worker-04,cafef-expansion-v1-worker-04,run-20260925T125518Z-f0745c9f,COMPLETE,COMPLETE,56,1,56,2019-12-19,2026-09-25,TARGET_START_REACHED,,COMPLETE_RETAINED,cafef-expansion-v1-worker-04.zip,d82238b839a1e3a2019514c5e3ba684b4a4a95c507ddfad03aa917bc87d207bd,True
BEL,KBS:UPCOM:BEL,worker-05,cafef-expansion-v1-worker-05,run-20260925T092604Z-3397f3b7,COMPLETE,COMPLETE,56,1,56,2019-12-11,2026-09-24,TARGET_START_REACHED,,COMPLETE_RETAINED,cafef-expansion-v1-worker-05.zip,44f6e1e1c4141de1f5da2b1267b719a25a40e854444386ef1360907a330370a0,True
BGE,KBS:UPCOM:BGE,worker-01,cafef-expansion-v1-worker-01,run-20260925T073407Z-82048f96,COMPLETE,COMPLETE,19,1,19,2024-07-31,2026-09-24,EMPTY_PROVIDER_BOUNDARY,,COMPLETE_RETAINED,cafef-expansion-v1-worker-01.zip,6267e529acbb6df3c7c10ea13527e80cdc1fc9d6bd0efd91be9836a387373ba9,True
BGW,KBS:UPCOM:BGW,worker-02,cafef-expansion-v1-worker-02,run-20260925T081933Z-4506e5a7,COMPLETE,COMPLETE,56,1,56,2019-12-11,2026-09-25,TARGET_START_REACHED,,COMPLETE_RETAINED,cafef-expansion-v1-worker-02.zip,521a851047ce4850ab9c900efd8696b8738c85dc0ce0163c7c0d74e5f27323ed,True
BHA,KBS:UPCOM:BHA,worker-03,cafef-expansion-v1-worker-03,run-20260925T084030Z-cc2314fc,COMPLETE,COMPLETE,56,1,56,2019-12-09,2026-09-25,TARGET_START_REACHED,,COMPLETE_RETAINED,cafef-expansion-v1-worker-03.zip,74599201ecf4f3eb1301d2bc777ea0f32cd39b3c0ae6241d7e058a04bb271b49,True
BHC,KBS:UPCOM:BHC,worker-04,cafef-expansion-v1-worker-04,run-20260925T125518Z-f0745c9f,COMPLETE,COMPLETE,56,1,56,2019-12-06,2026-09-25,TARGET_START_REACHED,,COMPLETE_RETAINED,cafef-expansion-v1-worker-04.zip,d82238b839a1e3a2019514c5e3ba684b4a4a95c507ddfad03aa917bc87d207bd,True
BHG,KBS:UPCOM:BHG,worker-05,cafef-expansion-v1-worker-05,run-20260925T092604Z-3397f3b7,COMPLETE,COMPLETE,56,1,56,2019-12-09,2026-09-25,TARGET_START_REACHED,,COMPLETE_RETAINED,cafef-expansion-v1-worker-05.zip,44f6e1e1c4141de1f5da2b1267b719a25a40e854444386ef1360907a330370a0,True
BHH,KBS:UPCOM:BHH,worker-01,cafef-expansion-v1-worker-01,run-20260925T073407Z-82048f96,COMPLETE,COMPLETE,12,1,12,2025-06-09,2026-09-24,EMPTY_PROVIDER_BOUNDARY,,COMPLETE_RETAINED,cafef-expansion-v1-worker-01.zip,6267e529acbb6df3c7c10ea13527e80cdc1fc9d6bd0efd91be9836a387373ba9,True
BHI,KBS:UPCOM:BHI,worker-02,cafef-expansion-v1-worker-02,run-20260925T081933Z-4506e5a7,COMPLETE,COMPLETE,28,1,28,2023-07-20,2026-09-25,EMPTY_PROVIDER_BOUNDARY,,COMPLETE_RETAINED,cafef-expansion-v1-worker-02.zip,521a851047ce4850ab9c900efd8696b8738c85dc0ce0163c7c0d74e5f27323ed,True
BHK,KBS:UPCOM:BHK,worker-03,cafef-expansion-v1-worker-03,run-20260925T084030Z-cc2314fc,COMPLETE,COMPLETE,56,1,56,2019-12-10,2026-09-25,TARGET_START_REACHED,,COMPLETE_RETAINED,cafef-expansion-v1-worker-03.zip,74599201ecf4f3eb1301d2bc777ea0f32cd39b3c0ae6241d7e058a04bb271b49,True
BHN,KBS:HOSE:BHN,worker-04,cafef-expansion-v1-worker-04,run-20260925T125518Z-f0745c9f,COMPLETE,COMPLETE,56,1,56,2019-12-27,2026-09-25,TARGET_START_REACHED,,COMPLETE_RETAINED,cafef-expansion-v1-worker-04.zip,d82238b839a1e3a2019514c5e3ba684b4a4a95c507ddfad03aa917bc87d207bd,True
BIC,KBS:HOSE:BIC,worker-05,cafef-expansion-v1-worker-05,run-20260925T092604Z-3397f3b7,COMPLETE,COMPLETE,56,1,56,2019-12-27,2026-09-25,TARGET_START_REACHED,,COMPLETE_RETAINED,cafef-expansion-v1-worker-05.zip,44f6e1e1c4141de1f5da2b1267b719a25a40e854444386ef1360907a330370a0,True
BKC,KBS:HNX:BKC,worker-01,cafef-expansion-v1-worker-01,run-20260925T073407Z-82048f96,COMPLETE,COMPLETE,56,1,56,2019-12-20,2026-09-24,TARGET_START_REACHED,,COMPLETE_RETAINED,cafef-expansion-v1-worker-01.zip,6267e529acbb6df3c7c10ea13527e80cdc1fc9d6bd0efd91be9836a387373ba9,True
BLF,KBS:UPCOM:BLF,worker-02,cafef-expansion-v1-worker-02,run-20260925T081933Z-4506e5a7,COMPLETE,COMPLETE,56,1,56,2019-12-05,2026-09-24,TARGET_START_REACHED,,COMPLETE_RETAINED,cafef-expansion-v1-worker-02.zip,521a851047ce4850ab9c900efd8696b8738c85dc0ce0163c7c0d74e5f27323ed,True
BLI,KBS:UPCOM:BLI,worker-03,cafef-expansion-v1-worker-03,run-20260925T084030Z-cc2314fc,COMPLETE,COMPLETE,56,1,56,2019-12-13,2026-09-24,TARGET_START_REACHED,,COMPLETE_RETAINED,cafef-expansion-v1-worker-03.zip,74599201ecf4f3eb1301d2bc777ea0f32cd39b3c0ae6241d7e058a04bb271b49,True
BLT,KBS:UPCOM:BLT,worker-04,cafef-expansion-v1-worker-04,run-20260925T125518Z-f0745c9f,COMPLETE,COMPLETE,56,1,56,2019-12-16,2026-09-25,TARGET_START_REACHED,,COMPLETE_RETAINED,cafef-expansion-v1-worker-04.zip,d82238b839a1e3a2019514c5e3ba684b4a4a95c507ddfad03aa917bc87d207bd,True
BMC,KBS:HOSE:BMC,worker-05,cafef-expansion-v1-worker-05,run-20260925T092604Z-3397f3b7,FAILED,ACQUISITION_FAILED,47,1,47,2021-01-25,2026-09-24,,,MANUAL_REVIEW,cafef-expansion-v1-worker-05.zip,44f6e1e1c4141de1f5da2b1267b719a25a40e854444386ef1360907a330370a0,True
BMD,KBS:UPCOM:BMD,worker-01,cafef-expansion-v1-worker-01,run-20260925T073407Z-82048f96,COMPLETE,COMPLETE,56,1,56,2019-12-13,2026-09-24,TARGET_START_REACHED,,COMPLETE_RETAINED,cafef-expansion-v1-worker-01.zip,6267e529acbb6df3c7c10ea13527e80cdc1fc9d6bd0efd91be9836a387373ba9,True
BMG,KBS:UPCOM:BMG,worker-02,cafef-expansion-v1-worker-02,run-20260925T081933Z-4506e5a7,COMPLETE,COMPLETE,56,1,56,2019-12-16,2026-09-25,TARGET_START_REACHED,,COMPLETE_RETAINED,cafef-expansion-v1-worker-02.zip,521a851047ce4850ab9c900efd8696b8738c85dc0ce0163c7c0d74e5f27323ed,True
BMI,KBS:HOSE:BMI,worker-03,cafef-expansion-v1-worker-03,run-20260925T084030Z-cc2314fc,COMPLETE,COMPLETE,56,1,56,2019-12-27,2026-09-25,TARGET_START_REACHED,,COMPLETE_RETAINED,cafef-expansion-v1-worker-03.zip,74599201ecf4f3eb1301d2bc777ea0f32cd39b3c0ae6241d7e058a04bb271b49,True
BMJ,KBS:UPCOM:BMJ,worker-04,cafef-expansion-v1-worker-04,run-20260925T125518Z-f0745c9f,COMPLETE,COMPLETE,56,1,56,2019-12-12,2026-09-24,TARGET_START_REACHED,,COMPLETE_RETAINED,cafef-expansion-v1-worker-04.zip,d82238b839a1e3a2019514c5e3ba684b4a4a95c507ddfad03aa917bc87d207bd,True
BMK,KBS:UPCOM:BMK,worker-05,cafef-expansion-v1-worker-05,run-20260925T092604Z-3397f3b7,COMPLETE,COMPLETE,16,1,16,2024-12-26,2026-09-25,EMPTY_PROVIDER_BOUNDARY,,COMPLETE_RETAINED,cafef-expansion-v1-worker-05.zip,44f6e1e1c4141de1f5da2b1267b719a25a40e854444386ef1360907a330370a0,True
BMS,KBS:UPCOM:BMS,worker-01,cafef-expansion-v1-worker-01,run-20260925T073407Z-82048f96,COMPLETE,COMPLETE,56,1,56,2019-12-10,2026-09-24,TARGET_START_REACHED,,COMPLETE_RETAINED,cafef-expansion-v1-worker-01.zip,6267e529acbb6df3c7c10ea13527e80cdc1fc9d6bd0efd91be9836a387373ba9,True
BNA,KBS:HNX:BNA,worker-02,cafef-expansion-v1-worker-02,run-20260925T081933Z-4506e5a7,COMPLETE,COMPLETE,51,1,51,2020-10-12,2026-09-25,EMPTY_PROVIDER_BOUNDARY,,COMPLETE_RETAINED,cafef-expansion-v1-worker-02.zip,521a851047ce4850ab9c900efd8696b8738c85dc0ce0163c7c0d74e5f27323ed,True
BNW,KBS:UPCOM:BNW,worker-03,cafef-expansion-v1-worker-03,run-20260925T084030Z-cc2314fc,COMPLETE,COMPLETE,56,1,56,2019-12-16,2026-09-25,TARGET_START_REACHED,,COMPLETE_RETAINED,cafef-expansion-v1-worker-03.zip,74599201ecf4f3eb1301d2bc777ea0f32cd39b3c0ae6241d7e058a04bb271b49,True
BOT,KBS:UPCOM:BOT,worker-04,cafef-expansion-v1-worker-04,run-20260925T125518Z-f0745c9f,RUNNING,ACQUISITION_PARTIAL,16,1,16,2024-10-15,2026-09-25,,17,CONTINUE_FROM_PAGE_N,cafef-expansion-v1-worker-04.zip,d82238b839a1e3a2019514c5e3ba684b4a4a95c507ddfad03aa917bc87d207bd,True
BQB,KBS:UPCOM:BQB,worker-05,cafef-expansion-v1-worker-05,run-20260925T092604Z-3397f3b7,COMPLETE,COMPLETE,56,1,56,2019-12-16,2026-09-24,TARGET_START_REACHED,,COMPLETE_RETAINED,cafef-expansion-v1-worker-05.zip,44f6e1e1c4141de1f5da2b1267b719a25a40e854444386ef1360907a330370a0,True
BQP,KBS:UPCOM:BQP,worker-01,cafef-expansion-v1-worker-01,run-20260925T073407Z-82048f96,COMPLETE,COMPLETE,9,1,9,2025-11-05,2026-09-24,EMPTY_PROVIDER_BOUNDARY,,COMPLETE_RETAINED,cafef-expansion-v1-worker-01.zip,6267e529acbb6df3c7c10ea13527e80cdc1fc9d6bd0efd91be9836a387373ba9,True
BRC,KBS:HOSE:BRC,worker-02,cafef-expansion-v1-worker-02,run-20260925T081933Z-4506e5a7,COMPLETE,COMPLETE,56,1,56,2019-12-27,2026-09-25,TARGET_START_REACHED,,COMPLETE_RETAINED,cafef-expansion-v1-worker-02.zip,521a851047ce4850ab9c900efd8696b8738c85dc0ce0163c7c0d74e5f27323ed,True
BRR,KBS:UPCOM:BRR,worker-03,cafef-expansion-v1-worker-03,run-20260925T084030Z-cc2314fc,COMPLETE,COMPLETE,56,1,56,2019-12-13,2026-09-25,TARGET_START_REACHED,,COMPLETE_RETAINED,cafef-expansion-v1-worker-03.zip,74599201ecf4f3eb1301d2bc777ea0f32cd39b3c0ae6241d7e058a04bb271b49,True
BSA,KBS:UPCOM:BSA,worker-04,cafef-expansion-v1-worker-04,run-20260925T125518Z-f0745c9f,NOT_STARTED,NOT_YET_ACQUIRED,0,,,,,,1,START_FROM_1,cafef-expansion-v1-worker-04.zip,d82238b839a1e3a2019514c5e3ba684b4a4a95c507ddfad03aa917bc87d207bd,True
BSD,KBS:UPCOM:BSD,worker-05,cafef-expansion-v1-worker-05,run-20260925T092604Z-3397f3b7,COMPLETE,COMPLETE,56,1,56,2019-12-16,2026-09-25,TARGET_START_REACHED,,COMPLETE_RETAINED,cafef-expansion-v1-worker-05.zip,44f6e1e1c4141de1f5da2b1267b719a25a40e854444386ef1360907a330370a0,True
BSG,KBS:UPCOM:BSG,worker-01,cafef-expansion-v1-worker-01,run-20260925T073407Z-82048f96,COMPLETE,COMPLETE,56,1,56,2019-12-11,2026-09-24,TARGET_START_REACHED,,COMPLETE_RETAINED,cafef-expansion-v1-worker-01.zip,6267e529acbb6df3c7c10ea13527e80cdc1fc9d6bd0efd91be9836a387373ba9,True
BSI,KBS:HOSE:BSI,worker-02,cafef-expansion-v1-worker-02,run-20260925T081933Z-4506e5a7,COMPLETE,COMPLETE,56,1,56,2019-12-19,2026-09-25,TARGET_START_REACHED,,COMPLETE_RETAINED,cafef-expansion-v1-worker-02.zip,521a851047ce4850ab9c900efd8696b8738c85dc0ce0163c7c0d74e5f27323ed,True
BSR,KBS:HOSE:BSR,worker-03,cafef-expansion-v1-worker-03,run-20260925T084030Z-cc2314fc,COMPLETE,COMPLETE,56,1,56,2019-11-29,2026-09-25,TARGET_START_REACHED,,COMPLETE_RETAINED,cafef-expansion-v1-worker-03.zip,74599201ecf4f3eb1301d2bc777ea0f32cd39b3c0ae6241d7e058a04bb271b49,True
BT1,KBS:UPCOM:BT1,worker-04,cafef-expansion-v1-worker-04,run-20260925T125518Z-f0745c9f,NOT_STARTED,NOT_YET_ACQUIRED,0,,,,,,1,START_FROM_1,cafef-expansion-v1-worker-04.zip,d82238b839a1e3a2019514c5e3ba684b4a4a95c507ddfad03aa917bc87d207bd,True
BT6,KBS:UPCOM:BT6,worker-05,cafef-expansion-v1-worker-05,run-20260925T092604Z-3397f3b7,COMPLETE,COMPLETE,6,1,6,2026-03-17,2026-09-25,EMPTY_PROVIDER_BOUNDARY,,COMPLETE_RETAINED,cafef-expansion-v1-worker-05.zip,44f6e1e1c4141de1f5da2b1267b719a25a40e854444386ef1360907a330370a0,True
BTB,KBS:UPCOM:BTB,worker-01,cafef-expansion-v1-worker-01,run-20260925T073407Z-82048f96,COMPLETE,COMPLETE,56,1,56,2019-12-11,2026-09-24,TARGET_START_REACHED,,COMPLETE_RETAINED,cafef-expansion-v1-worker-01.zip,6267e529acbb6df3c7c10ea13527e80cdc1fc9d6bd0efd91be9836a387373ba9,True
BTD,KBS:UPCOM:BTD,worker-02,cafef-expansion-v1-worker-02,run-20260925T081933Z-4506e5a7,COMPLETE,COMPLETE,56,1,56,2019-12-13,2026-09-24,TARGET_START_REACHED,,COMPLETE_RETAINED,cafef-expansion-v1-worker-02.zip,521a851047ce4850ab9c900efd8696b8738c85dc0ce0163c7c0d74e5f27323ed,True
BTG,KBS:UPCOM:BTG,worker-03,cafef-expansion-v1-worker-03,run-20260925T084030Z-cc2314fc,COMPLETE,COMPLETE,56,1,56,2019-12-13,2026-09-25,TARGET_START_REACHED,,COMPLETE_RETAINED,cafef-expansion-v1-worker-03.zip,74599201ecf4f3eb1301d2bc777ea0f32cd39b3c0ae6241d7e058a04bb271b49,True
BTH,KBS:UPCOM:BTH,worker-04,cafef-expansion-v1-worker-04,run-20260925T125518Z-f0745c9f,NOT_STARTED,NOT_YET_ACQUIRED,0,,,,,,1,START_FROM_1,cafef-expansion-v1-worker-04.zip,d82238b839a1e3a2019514c5e3ba684b4a4a95c507ddfad03aa917bc87d207bd,True
BTN,KBS:UPCOM:BTN,worker-05,cafef-expansion-v1-worker-05,run-20260925T092604Z-3397f3b7,COMPLETE,COMPLETE,56,1,56,2019-12-12,2026-09-25,TARGET_START_REACHED,,COMPLETE_RETAINED,cafef-expansion-v1-worker-05.zip,44f6e1e1c4141de1f5da2b1267b719a25a40e854444386ef1360907a330370a0,True
BTP,KBS:HOSE:BTP,worker-01,cafef-expansion-v1-worker-01,run-20260925T073407Z-82048f96,COMPLETE,COMPLETE,56,1,56,2019-12-26,2026-09-24,TARGET_START_REACHED,,COMPLETE_RETAINED,cafef-expansion-v1-worker-01.zip,6267e529acbb6df3c7c10ea13527e80cdc1fc9d6bd0efd91be9836a387373ba9,True
BTT,KBS:HOSE:BTT,worker-02,cafef-expansion-v1-worker-02,run-20260925T081933Z-4506e5a7,FAILED,ACQUISITION_FAILED,49,1,49,2020-10-30,2026-09-25,,,MANUAL_REVIEW,cafef-expansion-v1-worker-02.zip,521a851047ce4850ab9c900efd8696b8738c85dc0ce0163c7c0d74e5f27323ed,True
BTV,KBS:UPCOM:BTV,worker-03,cafef-expansion-v1-worker-03,run-20260925T084030Z-cc2314fc,COMPLETE,COMPLETE,56,1,56,2019-12-16,2026-09-25,TARGET_START_REACHED,,COMPLETE_RETAINED,cafef-expansion-v1-worker-03.zip,74599201ecf4f3eb1301d2bc777ea0f32cd39b3c0ae6241d7e058a04bb271b49,True
BVB,KBS:HOSE:BVB,worker-04,cafef-expansion-v1-worker-04,run-20260925T125518Z-f0745c9f,NOT_STARTED,NOT_YET_ACQUIRED,0,,,,,,1,START_FROM_1,cafef-expansion-v1-worker-04.zip,d82238b839a1e3a2019514c5e3ba684b4a4a95c507ddfad03aa917bc87d207bd,True
BVL,KBS:UPCOM:BVL,worker-05,cafef-expansion-v1-worker-05,run-20260925T092604Z-3397f3b7,COMPLETE,COMPLETE,45,1,45,2021-06-11,2026-09-24,EMPTY_PROVIDER_BOUNDARY,,COMPLETE_RETAINED,cafef-expansion-v1-worker-05.zip,44f6e1e1c4141de1f5da2b1267b719a25a40e854444386ef1360907a330370a0,True
BVN,KBS:UPCOM:BVN,worker-01,cafef-expansion-v1-worker-01,run-20260925T073407Z-82048f96,COMPLETE,COMPLETE,56,1,56,2019-12-12,2026-09-24,TARGET_START_REACHED,,COMPLETE_RETAINED,cafef-expansion-v1-worker-01.zip,6267e529acbb6df3c7c10ea13527e80cdc1fc9d6bd0efd91be9836a387373ba9,True
BVS,KBS:HNX:BVS,worker-02,cafef-expansion-v1-worker-02,run-20260925T081933Z-4506e5a7,COMPLETE,COMPLETE,56,1,56,2019-12-20,2026-09-25,TARGET_START_REACHED,,COMPLETE_RETAINED,cafef-expansion-v1-worker-02.zip,521a851047ce4850ab9c900efd8696b8738c85dc0ce0163c7c0d74e5f27323ed,True
BWA,KBS:UPCOM:BWA,worker-03,cafef-expansion-v1-worker-03,run-20260925T084030Z-cc2314fc,COMPLETE,COMPLETE,56,1,56,2019-12-13,2026-09-25,TARGET_START_REACHED,,COMPLETE_RETAINED,cafef-expansion-v1-worker-03.zip,74599201ecf4f3eb1301d2bc777ea0f32cd39b3c0ae6241d7e058a04bb271b49,True
BWE,KBS:HOSE:BWE,worker-04,cafef-expansion-v1-worker-04,run-20260925T125518Z-f0745c9f,NOT_STARTED,NOT_YET_ACQUIRED,0,,,,,,1,START_FROM_1,cafef-expansion-v1-worker-04.zip,d82238b839a1e3a2019514c5e3ba684b4a4a95c507ddfad03aa917bc87d207bd,True
BWS,KBS:UPCOM:BWS,worker-05,cafef-expansion-v1-worker-05,run-20260925T092604Z-3397f3b7,COMPLETE,COMPLETE,56,1,56,2019-12-13,2026-09-25,TARGET_START_REACHED,,COMPLETE_RETAINED,cafef-expansion-v1-worker-05.zip,44f6e1e1c4141de1f5da2b1267b719a25a40e854444386ef1360907a330370a0,True
BXH,KBS:HNX:BXH,worker-01,cafef-expansion-v1-worker-01,run-20260925T073407Z-82048f96,COMPLETE,COMPLETE,56,1,56,2019-12-19,2026-09-24,TARGET_START_REACHED,,COMPLETE_RETAINED,cafef-expansion-v1-worker-01.zip,6267e529acbb6df3c7c10ea13527e80cdc1fc9d6bd0efd91be9836a387373ba9,True
C22,KBS:UPCOM:C22,worker-02,cafef-expansion-v1-worker-02,run-20260925T081933Z-4506e5a7,COMPLETE,COMPLETE,56,1,56,2019-12-13,2026-09-25,TARGET_START_REACHED,,COMPLETE_RETAINED,cafef-expansion-v1-worker-02.zip,521a851047ce4850ab9c900efd8696b8738c85dc0ce0163c7c0d74e5f27323ed,True
C32,KBS:HOSE:C32,worker-03,cafef-expansion-v1-worker-03,run-20260925T084030Z-cc2314fc,COMPLETE,COMPLETE,56,1,56,2019-12-27,2026-09-25,TARGET_START_REACHED,,COMPLETE_RETAINED,cafef-expansion-v1-worker-03.zip,74599201ecf4f3eb1301d2bc777ea0f32cd39b3c0ae6241d7e058a04bb271b49,True
C47,KBS:HOSE:C47,worker-04,cafef-expansion-v1-worker-04,run-20260925T125518Z-f0745c9f,NOT_STARTED,NOT_YET_ACQUIRED,0,,,,,,1,START_FROM_1,cafef-expansion-v1-worker-04.zip,d82238b839a1e3a2019514c5e3ba684b4a4a95c507ddfad03aa917bc87d207bd,True
C69,KBS:HNX:C69,worker-05,cafef-expansion-v1-worker-05,run-20260925T092604Z-3397f3b7,COMPLETE,COMPLETE,56,1,56,2019-12-20,2026-09-25,TARGET_START_REACHED,,COMPLETE_RETAINED,cafef-expansion-v1-worker-05.zip,44f6e1e1c4141de1f5da2b1267b719a25a40e854444386ef1360907a330370a0,True
CAD,KBS:UPCOM:CAD,worker-01,cafef-expansion-v1-worker-01,run-20260925T073407Z-82048f96,COMPLETE,COMPLETE,56,1,56,2019-12-11,2026-09-24,TARGET_START_REACHED,,COMPLETE_RETAINED,cafef-expansion-v1-worker-01.zip,6267e529acbb6df3c7c10ea13527e80cdc1fc9d6bd0efd91be9836a387373ba9,True
CAN,KBS:HNX:CAN,worker-02,cafef-expansion-v1-worker-02,run-20260925T081933Z-4506e5a7,COMPLETE,COMPLETE,56,1,56,2019-12-23,2026-09-25,TARGET_START_REACHED,,COMPLETE_RETAINED,cafef-expansion-v1-worker-02.zip,521a851047ce4850ab9c900efd8696b8738c85dc0ce0163c7c0d74e5f27323ed,True
CCA,KBS:UPCOM:CCA,worker-03,cafef-expansion-v1-worker-03,run-20260925T084030Z-cc2314fc,COMPLETE,COMPLETE,56,1,56,2019-12-26,2026-09-24,TARGET_START_REACHED,,COMPLETE_RETAINED,cafef-expansion-v1-worker-03.zip,74599201ecf4f3eb1301d2bc777ea0f32cd39b3c0ae6241d7e058a04bb271b49,True
CCC,KBS:HOSE:CCC,worker-04,cafef-expansion-v1-worker-04,run-20260925T125518Z-f0745c9f,NOT_STARTED,NOT_YET_ACQUIRED,0,,,,,,1,START_FROM_1,cafef-expansion-v1-worker-04.zip,d82238b839a1e3a2019514c5e3ba684b4a4a95c507ddfad03aa917bc87d207bd,True
CCI,KBS:HOSE:CCI,worker-05,cafef-expansion-v1-worker-05,run-20260925T092604Z-3397f3b7,COMPLETE,COMPLETE,56,1,56,2019-12-27,2026-09-25,TARGET_START_REACHED,,COMPLETE_RETAINED,cafef-expansion-v1-worker-05.zip,44f6e1e1c4141de1f5da2b1267b719a25a40e854444386ef1360907a330370a0,True
CCM,KBS:UPCOM:CCM,worker-01,cafef-expansion-v1-worker-01,run-20260925T073407Z-82048f96,COMPLETE,COMPLETE,56,1,56,2019-12-12,2026-09-24,TARGET_START_REACHED,,COMPLETE_RETAINED,cafef-expansion-v1-worker-01.zip,6267e529acbb6df3c7c10ea13527e80cdc1fc9d6bd0efd91be9836a387373ba9,True
CCP,KBS:UPCOM:CCP,worker-02,cafef-expansion-v1-worker-02,run-20260925T081933Z-4506e5a7,COMPLETE,COMPLETE,56,1,56,2019-12-13,2026-09-25,TARGET_START_REACHED,,COMPLETE_RETAINED,cafef-expansion-v1-worker-02.zip,521a851047ce4850ab9c900efd8696b8738c85dc0ce0163c7c0d74e5f27323ed,True
CCR,KBS:HNX:CCR,worker-03,cafef-expansion-v1-worker-03,run-20260925T084030Z-cc2314fc,COMPLETE,COMPLETE,56,1,56,2019-12-04,2026-09-25,TARGET_START_REACHED,,COMPLETE_RETAINED,cafef-expansion-v1-worker-03.zip,74599201ecf4f3eb1301d2bc777ea0f32cd39b3c0ae6241d7e058a04bb271b49,True
CCS,KBS:UPCOM:CCS,worker-04,cafef-expansion-v1-worker-04,run-20260925T125518Z-f0745c9f,NOT_STARTED,NOT_YET_ACQUIRED,0,,,,,,1,START_FROM_1,cafef-expansion-v1-worker-04.zip,d82238b839a1e3a2019514c5e3ba684b4a4a95c507ddfad03aa917bc87d207bd,True
CCT,KBS:UPCOM:CCT,worker-05,cafef-expansion-v1-worker-05,run-20260925T092604Z-3397f3b7,COMPLETE,COMPLETE,56,1,56,2019-12-16,2026-09-25,TARGET_START_REACHED,,COMPLETE_RETAINED,cafef-expansion-v1-worker-05.zip,44f6e1e1c4141de1f5da2b1267b719a25a40e854444386ef1360907a330370a0,True
CCV,KBS:UPCOM:CCV,worker-01,cafef-expansion-v1-worker-01,run-20260925T073407Z-82048f96,COMPLETE,COMPLETE,56,1,56,2019-12-12,2026-09-24,TARGET_START_REACHED,,COMPLETE_RETAINED,cafef-expansion-v1-worker-01.zip,6267e529acbb6df3c7c10ea13527e80cdc1fc9d6bd0efd91be9836a387373ba9,True
CDC,KBS:HOSE:CDC,worker-02,cafef-expansion-v1-worker-02,run-20260925T081933Z-4506e5a7,COMPLETE,COMPLETE,56,1,56,2019-12-27,2026-09-25,TARGET_START_REACHED,,COMPLETE_RETAINED,cafef-expansion-v1-worker-02.zip,521a851047ce4850ab9c900efd8696b8738c85dc0ce0163c7c0d74e5f27323ed,True
CDG,KBS:UPCOM:CDG,worker-03,cafef-expansion-v1-worker-03,run-20260925T084030Z-cc2314fc,FAILED,ACQUISITION_FAILED,35,1,35,2022-07-06,2026-09-25,,,MANUAL_REVIEW,cafef-expansion-v1-worker-03.zip,74599201ecf4f3eb1301d2bc777ea0f32cd39b3c0ae6241d7e058a04bb271b49,True
CDO,KBS:UPCOM:CDO,worker-04,cafef-expansion-v1-worker-04,run-20260925T125518Z-f0745c9f,NOT_STARTED,NOT_YET_ACQUIRED,0,,,,,,1,START_FROM_1,cafef-expansion-v1-worker-04.zip,d82238b839a1e3a2019514c5e3ba684b4a4a95c507ddfad03aa917bc87d207bd,True
CDP,KBS:UPCOM:CDP,worker-05,cafef-expansion-v1-worker-05,run-20260925T092604Z-3397f3b7,COMPLETE,COMPLETE,56,1,56,2019-12-13,2026-09-25,TARGET_START_REACHED,,COMPLETE_RETAINED,cafef-expansion-v1-worker-05.zip,44f6e1e1c4141de1f5da2b1267b719a25a40e854444386ef1360907a330370a0,True
CEN,KBS:UPCOM:CEN,worker-01,cafef-expansion-v1-worker-01,run-20260925T073407Z-82048f96,COMPLETE,COMPLETE,56,1,56,2019-12-10,2026-09-24,TARGET_START_REACHED,,COMPLETE_RETAINED,cafef-expansion-v1-worker-01.zip,6267e529acbb6df3c7c10ea13527e80cdc1fc9d6bd0efd91be9836a387373ba9,True
CFM,KBS:UPCOM:CFM,worker-02,cafef-expansion-v1-worker-02,run-20260925T081933Z-4506e5a7,COMPLETE,COMPLETE,48,1,48,2021-01-25,2026-09-25,EMPTY_PROVIDER_BOUNDARY,,COMPLETE_RETAINED,cafef-expansion-v1-worker-02.zip,521a851047ce4850ab9c900efd8696b8738c85dc0ce0163c7c0d74e5f27323ed,True
CFV,KBS:UPCOM:CFV,worker-03,cafef-expansion-v1-worker-03,run-20260925T084030Z-cc2314fc,COMPLETE,COMPLETE,56,1,56,2019-12-16,2026-09-25,TARGET_START_REACHED,,COMPLETE_RETAINED,cafef-expansion-v1-worker-03.zip,74599201ecf4f3eb1301d2bc777ea0f32cd39b3c0ae6241d7e058a04bb271b49,True
CGV,KBS:UPCOM:CGV,worker-04,cafef-expansion-v1-worker-04,run-20260925T125518Z-f0745c9f,NOT_STARTED,NOT_YET_ACQUIRED,0,,,,,,1,START_FROM_1,cafef-expansion-v1-worker-04.zip,d82238b839a1e3a2019514c5e3ba684b4a4a95c507ddfad03aa917bc87d207bd,True
CH5,KBS:UPCOM:CH5,worker-05,cafef-expansion-v1-worker-05,run-20260925T092604Z-3397f3b7,COMPLETE,COMPLETE,56,1,56,2019-12-16,2026-09-25,TARGET_START_REACHED,,COMPLETE_RETAINED,cafef-expansion-v1-worker-05.zip,44f6e1e1c4141de1f5da2b1267b719a25a40e854444386ef1360907a330370a0,True
CHC,KBS:UPCOM:CHC,worker-01,cafef-expansion-v1-worker-01,run-20260925T073407Z-82048f96,COMPLETE,COMPLETE,56,1,56,2019-12-13,2026-09-24,TARGET_START_REACHED,,COMPLETE_RETAINED,cafef-expansion-v1-worker-01.zip,6267e529acbb6df3c7c10ea13527e80cdc1fc9d6bd0efd91be9836a387373ba9,True
CIA,KBS:HNX:CIA,worker-02,cafef-expansion-v1-worker-02,run-20260925T081933Z-4506e5a7,COMPLETE,COMPLETE,56,1,56,2019-12-23,2026-09-25,TARGET_START_REACHED,,COMPLETE_RETAINED,cafef-expansion-v1-worker-02.zip,521a851047ce4850ab9c900efd8696b8738c85dc0ce0163c7c0d74e5f27323ed,True
CIG,KBS:HOSE:CIG,worker-03,cafef-expansion-v1-worker-03,run-20260925T084030Z-cc2314fc,COMPLETE,COMPLETE,56,1,56,2019-12-27,2026-09-25,TARGET_START_REACHED,,COMPLETE_RETAINED,cafef-expansion-v1-worker-03.zip,74599201ecf4f3eb1301d2bc777ea0f32cd39b3c0ae6241d7e058a04bb271b49,True
CIP,KBS:UPCOM:CIP,worker-04,cafef-expansion-v1-worker-04,run-20260925T125518Z-f0745c9f,NOT_STARTED,NOT_YET_ACQUIRED,0,,,,,,1,START_FROM_1,cafef-expansion-v1-worker-04.zip,d82238b839a1e3a2019514c5e3ba684b4a4a95c507ddfad03aa917bc87d207bd,True
CJC,KBS:HNX:CJC,worker-05,cafef-expansion-v1-worker-05,run-20260925T092604Z-3397f3b7,COMPLETE,COMPLETE,56,1,56,2019-12-23,2026-09-25,TARGET_START_REACHED,,COMPLETE_RETAINED,cafef-expansion-v1-worker-05.zip,44f6e1e1c4141de1f5da2b1267b719a25a40e854444386ef1360907a330370a0,True
CK8,KBS:UPCOM:CK8,worker-01,cafef-expansion-v1-worker-01,run-20260925T073407Z-82048f96,COMPLETE,COMPLETE,32,1,32,2023-01-06,2026-09-24,EMPTY_PROVIDER_BOUNDARY,,COMPLETE_RETAINED,cafef-expansion-v1-worker-01.zip,6267e529acbb6df3c7c10ea13527e80cdc1fc9d6bd0efd91be9836a387373ba9,True
CKV,KBS:HNX:CKV,worker-02,cafef-expansion-v1-worker-02,run-20260925T081933Z-4506e5a7,COMPLETE,COMPLETE,56,1,56,2019-12-23,2026-09-25,TARGET_START_REACHED,,COMPLETE_RETAINED,cafef-expansion-v1-worker-02.zip,521a851047ce4850ab9c900efd8696b8738c85dc0ce0163c7c0d74e5f27323ed,True
CLI,KBS:UPCOM:CLI,worker-03,cafef-expansion-v1-worker-03,run-20260925T084030Z-cc2314fc,COMPLETE,COMPLETE,5,1,5,2026-05-06,2026-09-25,EMPTY_PROVIDER_BOUNDARY,,COMPLETE_RETAINED,cafef-expansion-v1-worker-03.zip,74599201ecf4f3eb1301d2bc777ea0f32cd39b3c0ae6241d7e058a04bb271b49,True
CLL,KBS:HOSE:CLL,worker-04,cafef-expansion-v1-worker-04,run-20260925T125518Z-f0745c9f,NOT_STARTED,NOT_YET_ACQUIRED,0,,,,,,1,START_FROM_1,cafef-expansion-v1-worker-04.zip,d82238b839a1e3a2019514c5e3ba684b4a4a95c507ddfad03aa917bc87d207bd,True
CLM,KBS:HNX:CLM,worker-05,cafef-expansion-v1-worker-05,run-20260925T092604Z-3397f3b7,COMPLETE,COMPLETE,56,1,56,2019-12-23,2026-09-25,TARGET_START_REACHED,,COMPLETE_RETAINED,cafef-expansion-v1-worker-05.zip,44f6e1e1c4141de1f5da2b1267b719a25a40e854444386ef1360907a330370a0,True
CMK,KBS:UPCOM:CMK,worker-01,cafef-expansion-v1-worker-01,run-20260925T073407Z-82048f96,COMPLETE,COMPLETE,56,1,56,2019-12-11,2026-09-24,TARGET_START_REACHED,,COMPLETE_RETAINED,cafef-expansion-v1-worker-01.zip,6267e529acbb6df3c7c10ea13527e80cdc1fc9d6bd0efd91be9836a387373ba9,True
CMM,KBS:UPCOM:CMM,worker-02,cafef-expansion-v1-worker-02,run-20260925T081933Z-4506e5a7,COMPLETE,COMPLETE,34,1,34,2022-11-08,2026-09-25,EMPTY_PROVIDER_BOUNDARY,,COMPLETE_RETAINED,cafef-expansion-v1-worker-02.zip,521a851047ce4850ab9c900efd8696b8738c85dc0ce0163c7c0d74e5f27323ed,True
CMN,KBS:UPCOM:CMN,worker-03,cafef-expansion-v1-worker-03,run-20260925T084030Z-cc2314fc,COMPLETE,COMPLETE,56,1,56,2019-12-16,2026-09-25,TARGET_START_REACHED,,COMPLETE_RETAINED,cafef-expansion-v1-worker-03.zip,74599201ecf4f3eb1301d2bc777ea0f32cd39b3c0ae6241d7e058a04bb271b49,True
CMP,KBS:UPCOM:CMP,worker-04,cafef-expansion-v1-worker-04,run-20260925T125518Z-f0745c9f,NOT_STARTED,NOT_YET_ACQUIRED,0,,,,,,1,START_FROM_1,cafef-expansion-v1-worker-04.zip,d82238b839a1e3a2019514c5e3ba684b4a4a95c507ddfad03aa917bc87d207bd,True
CMS,KBS:HNX:CMS,worker-05,cafef-expansion-v1-worker-05,run-20260925T092604Z-3397f3b7,COMPLETE,COMPLETE,56,1,56,2019-12-23,2026-09-25,TARGET_START_REACHED,,COMPLETE_RETAINED,cafef-expansion-v1-worker-05.zip,44f6e1e1c4141de1f5da2b1267b719a25a40e854444386ef1360907a330370a0,True
CMT,KBS:UPCOM:CMT,worker-01,cafef-expansion-v1-worker-01,run-20260925T073407Z-82048f96,COMPLETE,COMPLETE,56,1,56,2019-12-12,2026-09-24,TARGET_START_REACHED,,COMPLETE_RETAINED,cafef-expansion-v1-worker-01.zip,6267e529acbb6df3c7c10ea13527e80cdc1fc9d6bd0efd91be9836a387373ba9,True
CMV,KBS:HOSE:CMV,worker-02,cafef-expansion-v1-worker-02,run-20260925T081933Z-4506e5a7,COMPLETE,COMPLETE,56,1,56,2019-12-27,2026-09-25,TARGET_START_REACHED,,COMPLETE_RETAINED,cafef-expansion-v1-worker-02.zip,521a851047ce4850ab9c900efd8696b8738c85dc0ce0163c7c0d74e5f27323ed,True
CMW,KBS:UPCOM:CMW,worker-03,cafef-expansion-v1-worker-03,run-20260925T084030Z-cc2314fc,COMPLETE,COMPLETE,56,1,56,2019-12-13,2026-09-25,TARGET_START_REACHED,,COMPLETE_RETAINED,cafef-expansion-v1-worker-03.zip,74599201ecf4f3eb1301d2bc777ea0f32cd39b3c0ae6241d7e058a04bb271b49,True
CNA,KBS:UPCOM:CNA,worker-04,cafef-expansion-v1-worker-04,run-20260925T125518Z-f0745c9f,NOT_STARTED,NOT_YET_ACQUIRED,0,,,,,,1,START_FROM_1,cafef-expansion-v1-worker-04.zip,d82238b839a1e3a2019514c5e3ba684b4a4a95c507ddfad03aa917bc87d207bd,True
CNG,KBS:HOSE:CNG,worker-05,cafef-expansion-v1-worker-05,run-20260925T092604Z-3397f3b7,COMPLETE,COMPLETE,56,1,56,2019-12-27,2026-09-25,TARGET_START_REACHED,,COMPLETE_RETAINED,cafef-expansion-v1-worker-05.zip,44f6e1e1c4141de1f5da2b1267b719a25a40e854444386ef1360907a330370a0,True
COM,KBS:HOSE:COM,worker-01,cafef-expansion-v1-worker-01,run-20260925T073407Z-82048f96,COMPLETE,COMPLETE,56,1,56,2019-12-27,2026-09-25,TARGET_START_REACHED,,COMPLETE_RETAINED,cafef-expansion-v1-worker-01.zip,6267e529acbb6df3c7c10ea13527e80cdc1fc9d6bd0efd91be9836a387373ba9,True
CPA,KBS:UPCOM:CPA,worker-02,cafef-expansion-v1-worker-02,run-20260925T081933Z-4506e5a7,COMPLETE,COMPLETE,56,1,56,2019-12-30,2026-09-25,TARGET_START_REACHED,,COMPLETE_RETAINED,cafef-expansion-v1-worker-02.zip,521a851047ce4850ab9c900efd8696b8738c85dc0ce0163c7c0d74e5f27323ed,True
CPC,KBS:HNX:CPC,worker-03,cafef-expansion-v1-worker-03,run-20260925T084030Z-cc2314fc,COMPLETE,COMPLETE,56,1,56,2019-12-20,2026-09-25,TARGET_START_REACHED,,COMPLETE_RETAINED,cafef-expansion-v1-worker-03.zip,74599201ecf4f3eb1301d2bc777ea0f32cd39b3c0ae6241d7e058a04bb271b49,True
CPH,KBS:UPCOM:CPH,worker-04,cafef-expansion-v1-worker-04,run-20260925T125518Z-f0745c9f,NOT_STARTED,NOT_YET_ACQUIRED,0,,,,,,1,START_FROM_1,cafef-expansion-v1-worker-04.zip,d82238b839a1e3a2019514c5e3ba684b4a4a95c507ddfad03aa917bc87d207bd,True
CQN,KBS:UPCOM:CQN,worker-05,cafef-expansion-v1-worker-05,run-20260925T092604Z-3397f3b7,COMPLETE,COMPLETE,52,1,52,2020-08-18,2026-09-25,EMPTY_PROVIDER_BOUNDARY,,COMPLETE_RETAINED,cafef-expansion-v1-worker-05.zip,44f6e1e1c4141de1f5da2b1267b719a25a40e854444386ef1360907a330370a0,True
CRC,KBS:HOSE:CRC,worker-01,cafef-expansion-v1-worker-01,run-20260925T073407Z-82048f96,COMPLETE,COMPLETE,56,1,56,2019-12-27,2026-09-25,TARGET_START_REACHED,,COMPLETE_RETAINED,cafef-expansion-v1-worker-01.zip,6267e529acbb6df3c7c10ea13527e80cdc1fc9d6bd0efd91be9836a387373ba9,True
CRV,KBS:HOSE:CRV,worker-02,cafef-expansion-v1-worker-02,run-20260925T081933Z-4506e5a7,COMPLETE,COMPLETE,9,1,9,2025-10-10,2026-09-25,EMPTY_PROVIDER_BOUNDARY,,COMPLETE_RETAINED,cafef-expansion-v1-worker-02.zip,521a851047ce4850ab9c900efd8696b8738c85dc0ce0163c7c0d74e5f27323ed,True
CSC,KBS:HNX:CSC,worker-03,cafef-expansion-v1-worker-03,run-20260925T084030Z-cc2314fc,COMPLETE,COMPLETE,56,1,56,2019-12-23,2026-09-25,TARGET_START_REACHED,,COMPLETE_RETAINED,cafef-expansion-v1-worker-03.zip,74599201ecf4f3eb1301d2bc777ea0f32cd39b3c0ae6241d7e058a04bb271b49,True
CSI,KBS:UPCOM:CSI,worker-04,cafef-expansion-v1-worker-04,run-20260925T125518Z-f0745c9f,NOT_STARTED,NOT_YET_ACQUIRED,0,,,,,,1,START_FROM_1,cafef-expansion-v1-worker-04.zip,d82238b839a1e3a2019514c5e3ba684b4a4a95c507ddfad03aa917bc87d207bd,True
CSM,KBS:HOSE:CSM,worker-05,cafef-expansion-v1-worker-05,run-20260925T092604Z-3397f3b7,COMPLETE,COMPLETE,56,1,56,2019-12-27,2026-09-25,TARGET_START_REACHED,,COMPLETE_RETAINED,cafef-expansion-v1-worker-05.zip,44f6e1e1c4141de1f5da2b1267b719a25a40e854444386ef1360907a330370a0,True
CST,KBS:HNX:CST,worker-01,cafef-expansion-v1-worker-01,run-20260925T073407Z-82048f96,COMPLETE,COMPLETE,46,1,46,2021-04-26,2026-09-24,EMPTY_PROVIDER_BOUNDARY,,COMPLETE_RETAINED,cafef-expansion-v1-worker-01.zip,6267e529acbb6df3c7c10ea13527e80cdc1fc9d6bd0efd91be9836a387373ba9,True
CSV,KBS:HOSE:CSV,worker-02,cafef-expansion-v1-worker-02,run-20260925T081933Z-4506e5a7,COMPLETE,COMPLETE,56,1,56,2019-12-27,2026-09-25,TARGET_START_REACHED,,COMPLETE_RETAINED,cafef-expansion-v1-worker-02.zip,521a851047ce4850ab9c900efd8696b8738c85dc0ce0163c7c0d74e5f27323ed,True
CT3,KBS:UPCOM:CT3,worker-03,cafef-expansion-v1-worker-03,run-20260925T084030Z-cc2314fc,COMPLETE,COMPLETE,56,1,56,2019-12-12,2026-09-25,TARGET_START_REACHED,,COMPLETE_RETAINED,cafef-expansion-v1-worker-03.zip,74599201ecf4f3eb1301d2bc777ea0f32cd39b3c0ae6241d7e058a04bb271b49,True
CT6,KBS:UPCOM:CT6,worker-04,cafef-expansion-v1-worker-04,run-20260925T125518Z-f0745c9f,NOT_STARTED,NOT_YET_ACQUIRED,0,,,,,,1,START_FROM_1,cafef-expansion-v1-worker-04.zip,d82238b839a1e3a2019514c5e3ba684b4a4a95c507ddfad03aa917bc87d207bd,True
CTB,KBS:HNX:CTB,worker-05,cafef-expansion-v1-worker-05,run-20260925T092604Z-3397f3b7,COMPLETE,COMPLETE,56,1,56,2019-12-23,2026-09-25,TARGET_START_REACHED,,COMPLETE_RETAINED,cafef-expansion-v1-worker-05.zip,44f6e1e1c4141de1f5da2b1267b719a25a40e854444386ef1360907a330370a0,True
CTF,KBS:HOSE:CTF,worker-01,cafef-expansion-v1-worker-01,run-20260925T073407Z-82048f96,COMPLETE,COMPLETE,56,1,56,2019-12-27,2026-09-25,TARGET_START_REACHED,,COMPLETE_RETAINED,cafef-expansion-v1-worker-01.zip,6267e529acbb6df3c7c10ea13527e80cdc1fc9d6bd0efd91be9836a387373ba9,True
CTI,KBS:HOSE:CTI,worker-02,cafef-expansion-v1-worker-02,run-20260925T081933Z-4506e5a7,COMPLETE,COMPLETE,56,1,56,2019-12-27,2026-09-25,TARGET_START_REACHED,,COMPLETE_RETAINED,cafef-expansion-v1-worker-02.zip,521a851047ce4850ab9c900efd8696b8738c85dc0ce0163c7c0d74e5f27323ed,True
CTP,KBS:HNX:CTP,worker-03,cafef-expansion-v1-worker-03,run-20260925T084030Z-cc2314fc,COMPLETE,COMPLETE,56,1,56,2019-12-23,2026-09-25,TARGET_START_REACHED,,COMPLETE_RETAINED,cafef-expansion-v1-worker-03.zip,74599201ecf4f3eb1301d2bc777ea0f32cd39b3c0ae6241d7e058a04bb271b49,True
CTX,KBS:UPCOM:CTX,worker-04,cafef-expansion-v1-worker-04,run-20260925T125518Z-f0745c9f,NOT_STARTED,NOT_YET_ACQUIRED,0,,,,,,1,START_FROM_1,cafef-expansion-v1-worker-04.zip,d82238b839a1e3a2019514c5e3ba684b4a4a95c507ddfad03aa917bc87d207bd,True
CVT,KBS:HOSE:CVT,worker-05,cafef-expansion-v1-worker-05,run-20260925T092604Z-3397f3b7,COMPLETE,COMPLETE,56,1,56,2019-12-27,2026-09-25,TARGET_START_REACHED,,COMPLETE_RETAINED,cafef-expansion-v1-worker-05.zip,44f6e1e1c4141de1f5da2b1267b719a25a40e854444386ef1360907a330370a0,True
CX8,KBS:HNX:CX8,worker-01,cafef-expansion-v1-worker-01,run-20260925T073407Z-82048f96,COMPLETE,COMPLETE,56,1,56,2019-12-20,2026-09-25,TARGET_START_REACHED,,COMPLETE_RETAINED,cafef-expansion-v1-worker-01.zip,6267e529acbb6df3c7c10ea13527e80cdc1fc9d6bd0efd91be9836a387373ba9,True
D11,KBS:HNX:D11,worker-02,cafef-expansion-v1-worker-02,run-20260925T081933Z-4506e5a7,COMPLETE,COMPLETE,56,1,56,2019-12-23,2026-09-25,TARGET_START_REACHED,,COMPLETE_RETAINED,cafef-expansion-v1-worker-02.zip,521a851047ce4850ab9c900efd8696b8738c85dc0ce0163c7c0d74e5f27323ed,True
D2D,KBS:HOSE:D2D,worker-03,cafef-expansion-v1-worker-03,run-20260925T084030Z-cc2314fc,COMPLETE,COMPLETE,56,1,56,2019-12-27,2026-09-25,TARGET_START_REACHED,,COMPLETE_RETAINED,cafef-expansion-v1-worker-03.zip,74599201ecf4f3eb1301d2bc777ea0f32cd39b3c0ae6241d7e058a04bb271b49,True
DAC,KBS:UPCOM:DAC,worker-04,cafef-expansion-v1-worker-04,run-20260925T125518Z-f0745c9f,NOT_STARTED,NOT_YET_ACQUIRED,0,,,,,,1,START_FROM_1,cafef-expansion-v1-worker-04.zip,d82238b839a1e3a2019514c5e3ba684b4a4a95c507ddfad03aa917bc87d207bd,True
DAD,KBS:HNX:DAD,worker-05,cafef-expansion-v1-worker-05,run-20260925T092604Z-3397f3b7,COMPLETE,COMPLETE,56,1,56,2019-12-23,2026-09-25,TARGET_START_REACHED,,COMPLETE_RETAINED,cafef-expansion-v1-worker-05.zip,44f6e1e1c4141de1f5da2b1267b719a25a40e854444386ef1360907a330370a0,True
DAE,KBS:HNX:DAE,worker-01,cafef-expansion-v1-worker-01,run-20260925T073407Z-82048f96,COMPLETE,COMPLETE,56,1,56,2019-12-23,2026-09-25,TARGET_START_REACHED,,COMPLETE_RETAINED,cafef-expansion-v1-worker-01.zip,6267e529acbb6df3c7c10ea13527e80cdc1fc9d6bd0efd91be9836a387373ba9,True
DAG,KBS:UPCOM:DAG,worker-02,cafef-expansion-v1-worker-02,run-20260925T081933Z-4506e5a7,COMPLETE,COMPLETE,6,1,6,2026-03-17,2026-09-25,EMPTY_PROVIDER_BOUNDARY,,COMPLETE_RETAINED,cafef-expansion-v1-worker-02.zip,521a851047ce4850ab9c900efd8696b8738c85dc0ce0163c7c0d74e5f27323ed,True
DAS,KBS:UPCOM:DAS,worker-03,cafef-expansion-v1-worker-03,run-20260925T084030Z-cc2314fc,COMPLETE,COMPLETE,56,1,56,2019-12-13,2026-09-25,TARGET_START_REACHED,,COMPLETE_RETAINED,cafef-expansion-v1-worker-03.zip,74599201ecf4f3eb1301d2bc777ea0f32cd39b3c0ae6241d7e058a04bb271b49,True
DAT,KBS:HOSE:DAT,worker-04,cafef-expansion-v1-worker-04,run-20260925T125518Z-f0745c9f,NOT_STARTED,NOT_YET_ACQUIRED,0,,,,,,1,START_FROM_1,cafef-expansion-v1-worker-04.zip,d82238b839a1e3a2019514c5e3ba684b4a4a95c507ddfad03aa917bc87d207bd,True
DBD,KBS:HOSE:DBD,worker-05,cafef-expansion-v1-worker-05,run-20260925T092604Z-3397f3b7,COMPLETE,COMPLETE,56,1,56,2019-12-27,2026-09-25,TARGET_START_REACHED,,COMPLETE_RETAINED,cafef-expansion-v1-worker-05.zip,44f6e1e1c4141de1f5da2b1267b719a25a40e854444386ef1360907a330370a0,True
DBM,KBS:UPCOM:DBM,worker-01,cafef-expansion-v1-worker-01,run-20260925T073407Z-82048f96,COMPLETE,COMPLETE,56,1,56,2019-12-13,2026-09-25,TARGET_START_REACHED,,COMPLETE_RETAINED,cafef-expansion-v1-worker-01.zip,6267e529acbb6df3c7c10ea13527e80cdc1fc9d6bd0efd91be9836a387373ba9,True
DBT,KBS:HOSE:DBT,worker-02,cafef-expansion-v1-worker-02,run-20260925T081933Z-4506e5a7,FAILED,ACQUISITION_FAILED,15,1,15,2024-11-29,2026-09-25,,,MANUAL_REVIEW,cafef-expansion-v1-worker-02.zip,521a851047ce4850ab9c900efd8696b8738c85dc0ce0163c7c0d74e5f27323ed,True
DCF,KBS:UPCOM:DCF,worker-03,cafef-expansion-v1-worker-03,run-20260925T084030Z-cc2314fc,COMPLETE,COMPLETE,56,1,56,2019-12-13,2026-09-25,TARGET_START_REACHED,,COMPLETE_RETAINED,cafef-expansion-v1-worker-03.zip,74599201ecf4f3eb1301d2bc777ea0f32cd39b3c0ae6241d7e058a04bb271b49,True
DCG,KBS:UPCOM:DCG,worker-04,cafef-expansion-v1-worker-04,run-20260925T125518Z-f0745c9f,NOT_STARTED,NOT_YET_ACQUIRED,0,,,,,,1,START_FROM_1,cafef-expansion-v1-worker-04.zip,d82238b839a1e3a2019514c5e3ba684b4a4a95c507ddfad03aa917bc87d207bd,True
DCH,KBS:UPCOM:DCH,worker-05,cafef-expansion-v1-worker-05,run-20260925T092604Z-3397f3b7,COMPLETE,COMPLETE,56,1,56,2019-12-11,2026-09-25,TARGET_START_REACHED,,COMPLETE_RETAINED,cafef-expansion-v1-worker-05.zip,44f6e1e1c4141de1f5da2b1267b719a25a40e854444386ef1360907a330370a0,True
DCR,KBS:UPCOM:DCR,worker-01,cafef-expansion-v1-worker-01,run-20260925T073407Z-82048f96,COMPLETE,COMPLETE,56,1,56,2019-12-12,2026-09-25,TARGET_START_REACHED,,COMPLETE_RETAINED,cafef-expansion-v1-worker-01.zip,6267e529acbb6df3c7c10ea13527e80cdc1fc9d6bd0efd91be9836a387373ba9,True
DCS,KBS:UPCOM:DCS,worker-02,cafef-expansion-v1-worker-02,run-20260925T081933Z-4506e5a7,COMPLETE,COMPLETE,56,1,56,2019-12-10,2026-09-25,TARGET_START_REACHED,,COMPLETE_RETAINED,cafef-expansion-v1-worker-02.zip,521a851047ce4850ab9c900efd8696b8738c85dc0ce0163c7c0d74e5f27323ed,True
DCV,KBS:UPCOM:DCV,worker-03,cafef-expansion-v1-worker-03,run-20260925T084030Z-cc2314fc,COMPLETE,COMPLETE,7,1,7,2026-01-19,2026-09-25,EMPTY_PROVIDER_BOUNDARY,,COMPLETE_RETAINED,cafef-expansion-v1-worker-03.zip,74599201ecf4f3eb1301d2bc777ea0f32cd39b3c0ae6241d7e058a04bb271b49,True
DDB,KBS:UPCOM:DDB,worker-04,cafef-expansion-v1-worker-04,run-20260925T125518Z-f0745c9f,NOT_STARTED,NOT_YET_ACQUIRED,0,,,,,,1,START_FROM_1,cafef-expansion-v1-worker-04.zip,d82238b839a1e3a2019514c5e3ba684b4a4a95c507ddfad03aa917bc87d207bd,True
DDG,KBS:UPCOM:DDG,worker-05,cafef-expansion-v1-worker-05,run-20260925T092604Z-3397f3b7,COMPLETE,COMPLETE,56,1,56,2019-12-12,2026-09-25,TARGET_START_REACHED,,COMPLETE_RETAINED,cafef-expansion-v1-worker-05.zip,44f6e1e1c4141de1f5da2b1267b719a25a40e854444386ef1360907a330370a0,True
DDM,KBS:UPCOM:DDM,worker-01,cafef-expansion-v1-worker-01,run-20260925T073407Z-82048f96,COMPLETE,COMPLETE,56,1,56,2019-12-10,2026-09-25,TARGET_START_REACHED,,COMPLETE_RETAINED,cafef-expansion-v1-worker-01.zip,6267e529acbb6df3c7c10ea13527e80cdc1fc9d6bd0efd91be9836a387373ba9,True
DDN,KBS:UPCOM:DDN,worker-02,cafef-expansion-v1-worker-02,run-20260925T081933Z-4506e5a7,COMPLETE,COMPLETE,56,1,56,2019-12-10,2026-09-25,TARGET_START_REACHED,,COMPLETE_RETAINED,cafef-expansion-v1-worker-02.zip,521a851047ce4850ab9c900efd8696b8738c85dc0ce0163c7c0d74e5f27323ed,True
DFC,KBS:UPCOM:DFC,worker-03,cafef-expansion-v1-worker-03,run-20260925T084030Z-cc2314fc,COMPLETE,COMPLETE,56,1,56,2019-12-16,2026-09-25,TARGET_START_REACHED,,COMPLETE_RETAINED,cafef-expansion-v1-worker-03.zip,74599201ecf4f3eb1301d2bc777ea0f32cd39b3c0ae6241d7e058a04bb271b49,True
DFF,KBS:UPCOM:DFF,worker-04,cafef-expansion-v1-worker-04,run-20260925T125518Z-f0745c9f,NOT_STARTED,NOT_YET_ACQUIRED,0,,,,,,1,START_FROM_1,cafef-expansion-v1-worker-04.zip,d82238b839a1e3a2019514c5e3ba684b4a4a95c507ddfad03aa917bc87d207bd,True
DGT,KBS:UPCOM:DGT,worker-05,cafef-expansion-v1-worker-05,run-20260925T092604Z-3397f3b7,COMPLETE,COMPLETE,56,1,56,2019-12-12,2026-09-25,TARGET_START_REACHED,,COMPLETE_RETAINED,cafef-expansion-v1-worker-05.zip,44f6e1e1c4141de1f5da2b1267b719a25a40e854444386ef1360907a330370a0,True
DHA,KBS:HOSE:DHA,worker-01,cafef-expansion-v1-worker-01,run-20260925T073407Z-82048f96,COMPLETE,COMPLETE,56,1,56,2019-12-27,2026-09-25,TARGET_START_REACHED,,COMPLETE_RETAINED,cafef-expansion-v1-worker-01.zip,6267e529acbb6df3c7c10ea13527e80cdc1fc9d6bd0efd91be9836a387373ba9,True
DHC,KBS:HOSE:DHC,worker-02,cafef-expansion-v1-worker-02,run-20260925T081933Z-4506e5a7,COMPLETE,COMPLETE,56,1,56,2019-12-27,2026-09-25,TARGET_START_REACHED,,COMPLETE_RETAINED,cafef-expansion-v1-worker-02.zip,521a851047ce4850ab9c900efd8696b8738c85dc0ce0163c7c0d74e5f27323ed,True
DHD,KBS:UPCOM:DHD,worker-03,cafef-expansion-v1-worker-03,run-20260925T084030Z-cc2314fc,COMPLETE,COMPLETE,56,1,56,2019-12-12,2026-09-25,TARGET_START_REACHED,,COMPLETE_RETAINED,cafef-expansion-v1-worker-03.zip,74599201ecf4f3eb1301d2bc777ea0f32cd39b3c0ae6241d7e058a04bb271b49,True
DHM,KBS:HOSE:DHM,worker-04,cafef-expansion-v1-worker-04,run-20260925T125518Z-f0745c9f,NOT_STARTED,NOT_YET_ACQUIRED,0,,,,,,1,START_FROM_1,cafef-expansion-v1-worker-04.zip,d82238b839a1e3a2019514c5e3ba684b4a4a95c507ddfad03aa917bc87d207bd,True
DHN,KBS:UPCOM:DHN,worker-05,cafef-expansion-v1-worker-05,run-20260925T092604Z-3397f3b7,COMPLETE,COMPLETE,56,1,56,2019-12-16,2026-09-24,TARGET_START_REACHED,,COMPLETE_RETAINED,cafef-expansion-v1-worker-05.zip,44f6e1e1c4141de1f5da2b1267b719a25a40e854444386ef1360907a330370a0,True
DHP,KBS:HNX:DHP,worker-01,cafef-expansion-v1-worker-01,run-20260925T073407Z-82048f96,COMPLETE,COMPLETE,56,1,56,2019-12-20,2026-09-24,TARGET_START_REACHED,,COMPLETE_RETAINED,cafef-expansion-v1-worker-01.zip,6267e529acbb6df3c7c10ea13527e80cdc1fc9d6bd0efd91be9836a387373ba9,True
DHT,KBS:HNX:DHT,worker-02,cafef-expansion-v1-worker-02,run-20260925T081933Z-4506e5a7,FAILED,ACQUISITION_FAILED,47,1,47,2021-01-18,2026-09-25,,,MANUAL_REVIEW,cafef-expansion-v1-worker-02.zip,521a851047ce4850ab9c900efd8696b8738c85dc0ce0163c7c0d74e5f27323ed,True
DIC,KBS:UPCOM:DIC,worker-03,cafef-expansion-v1-worker-03,run-20260925T084030Z-cc2314fc,COMPLETE,COMPLETE,56,1,56,2019-12-02,2026-09-24,TARGET_START_REACHED,,COMPLETE_RETAINED,cafef-expansion-v1-worker-03.zip,74599201ecf4f3eb1301d2bc777ea0f32cd39b3c0ae6241d7e058a04bb271b49,True
DIG,KBS:HOSE:DIG,worker-04,cafef-expansion-v1-worker-04,run-20260925T125518Z-f0745c9f,NOT_STARTED,NOT_YET_ACQUIRED,0,,,,,,1,START_FROM_1,cafef-expansion-v1-worker-04.zip,d82238b839a1e3a2019514c5e3ba684b4a4a95c507ddfad03aa917bc87d207bd,True
DIH,KBS:HNX:DIH,worker-05,cafef-expansion-v1-worker-05,run-20260925T092604Z-3397f3b7,COMPLETE,COMPLETE,56,1,56,2019-12-20,2026-09-25,TARGET_START_REACHED,,COMPLETE_RETAINED,cafef-expansion-v1-worker-05.zip,44f6e1e1c4141de1f5da2b1267b719a25a40e854444386ef1360907a330370a0,True
DKC,KBS:UPCOM:DKC,worker-01,cafef-expansion-v1-worker-01,run-20260925T073407Z-82048f96,COMPLETE,COMPLETE,53,1,53,2020-07-14,2026-09-24,EMPTY_PROVIDER_BOUNDARY,,COMPLETE_RETAINED,cafef-expansion-v1-worker-01.zip,6267e529acbb6df3c7c10ea13527e80cdc1fc9d6bd0efd91be9836a387373ba9,True
DKG,KBS:UPCOM:DKG,worker-02,cafef-expansion-v1-worker-02,run-20260925T081933Z-4506e5a7,COMPLETE,COMPLETE,13,1,13,2025-04-22,2026-09-24,EMPTY_PROVIDER_BOUNDARY,,COMPLETE_RETAINED,cafef-expansion-v1-worker-02.zip,521a851047ce4850ab9c900efd8696b8738c85dc0ce0163c7c0d74e5f27323ed,True
DL1,KBS:HNX:DL1,worker-03,cafef-expansion-v1-worker-03,run-20260925T084030Z-cc2314fc,COMPLETE,COMPLETE,56,1,56,2019-12-23,2026-09-25,TARGET_START_REACHED,,COMPLETE_RETAINED,cafef-expansion-v1-worker-03.zip,74599201ecf4f3eb1301d2bc777ea0f32cd39b3c0ae6241d7e058a04bb271b49,True
DLD,KBS:UPCOM:DLD,worker-04,cafef-expansion-v1-worker-04,run-20260925T125518Z-f0745c9f,NOT_STARTED,NOT_YET_ACQUIRED,0,,,,,,1,START_FROM_1,cafef-expansion-v1-worker-04.zip,d82238b839a1e3a2019514c5e3ba684b4a4a95c507ddfad03aa917bc87d207bd,True
DLG,KBS:HOSE:DLG,worker-05,cafef-expansion-v1-worker-05,run-20260925T092604Z-3397f3b7,COMPLETE,COMPLETE,56,1,56,2019-12-27,2026-09-25,TARGET_START_REACHED,,COMPLETE_RETAINED,cafef-expansion-v1-worker-05.zip,44f6e1e1c4141de1f5da2b1267b719a25a40e854444386ef1360907a330370a0,True
DLR,KBS:UPCOM:DLR,worker-01,cafef-expansion-v1-worker-01,run-20260925T073407Z-82048f96,COMPLETE,COMPLETE,56,1,56,2019-12-11,2026-09-24,TARGET_START_REACHED,,COMPLETE_RETAINED,cafef-expansion-v1-worker-01.zip,6267e529acbb6df3c7c10ea13527e80cdc1fc9d6bd0efd91be9836a387373ba9,True
DLT,KBS:UPCOM:DLT,worker-02,cafef-expansion-v1-worker-02,run-20260925T081933Z-4506e5a7,COMPLETE,COMPLETE,56,1,56,2019-12-10,2026-09-24,TARGET_START_REACHED,,COMPLETE_RETAINED,cafef-expansion-v1-worker-02.zip,521a851047ce4850ab9c900efd8696b8738c85dc0ce0163c7c0d74e5f27323ed,True
DM7,KBS:UPCOM:DM7,worker-03,cafef-expansion-v1-worker-03,run-20260925T084030Z-cc2314fc,COMPLETE,COMPLETE,56,1,56,2019-12-12,2026-09-24,TARGET_START_REACHED,,COMPLETE_RETAINED,cafef-expansion-v1-worker-03.zip,74599201ecf4f3eb1301d2bc777ea0f32cd39b3c0ae6241d7e058a04bb271b49,True
DMN,KBS:UPCOM:DMN,worker-04,cafef-expansion-v1-worker-04,run-20260925T125518Z-f0745c9f,NOT_STARTED,NOT_YET_ACQUIRED,0,,,,,,1,START_FROM_1,cafef-expansion-v1-worker-04.zip,d82238b839a1e3a2019514c5e3ba684b4a4a95c507ddfad03aa917bc87d207bd,True
DMX,KBS:HOSE:DMX,worker-05,cafef-expansion-v1-worker-05,run-20260925T092604Z-3397f3b7,COMPLETE,COMPLETE,3,1,3,2026-08-06,2026-09-25,EMPTY_PROVIDER_BOUNDARY,,COMPLETE_RETAINED,cafef-expansion-v1-worker-05.zip,44f6e1e1c4141de1f5da2b1267b719a25a40e854444386ef1360907a330370a0,True
DND,KBS:UPCOM:DND,worker-01,cafef-expansion-v1-worker-01,run-20260925T073407Z-82048f96,COMPLETE,COMPLETE,56,1,56,2019-12-04,2026-09-24,TARGET_START_REACHED,,COMPLETE_RETAINED,cafef-expansion-v1-worker-01.zip,6267e529acbb6df3c7c10ea13527e80cdc1fc9d6bd0efd91be9836a387373ba9,True
DNE,KBS:UPCOM:DNE,worker-02,cafef-expansion-v1-worker-02,run-20260925T081933Z-4506e5a7,COMPLETE,COMPLETE,56,1,56,2019-12-04,2026-09-24,TARGET_START_REACHED,,COMPLETE_RETAINED,cafef-expansion-v1-worker-02.zip,521a851047ce4850ab9c900efd8696b8738c85dc0ce0163c7c0d74e5f27323ed,True
DNM,KBS:UPCOM:DNM,worker-03,cafef-expansion-v1-worker-03,run-20260925T084030Z-cc2314fc,COMPLETE,COMPLETE,56,1,56,2019-12-04,2026-09-24,TARGET_START_REACHED,,COMPLETE_RETAINED,cafef-expansion-v1-worker-03.zip,74599201ecf4f3eb1301d2bc777ea0f32cd39b3c0ae6241d7e058a04bb271b49,True
DNN,KBS:UPCOM:DNN,worker-04,cafef-expansion-v1-worker-04,run-20260925T125518Z-f0745c9f,NOT_STARTED,NOT_YET_ACQUIRED,0,,,,,,1,START_FROM_1,cafef-expansion-v1-worker-04.zip,d82238b839a1e3a2019514c5e3ba684b4a4a95c507ddfad03aa917bc87d207bd,True
DNP,KBS:HNX:DNP,worker-05,cafef-expansion-v1-worker-05,run-20260925T092604Z-3397f3b7,COMPLETE,COMPLETE,56,1,56,2019-12-23,2026-09-25,TARGET_START_REACHED,,COMPLETE_RETAINED,cafef-expansion-v1-worker-05.zip,44f6e1e1c4141de1f5da2b1267b719a25a40e854444386ef1360907a330370a0,True
DNT,KBS:UPCOM:DNT,worker-01,cafef-expansion-v1-worker-01,run-20260925T073407Z-82048f96,COMPLETE,COMPLETE,55,1,55,2014-08-11,2026-09-24,TARGET_START_REACHED,,COMPLETE_RETAINED,cafef-expansion-v1-worker-01.zip,6267e529acbb6df3c7c10ea13527e80cdc1fc9d6bd0efd91be9836a387373ba9,True
DOC,KBS:UPCOM:DOC,worker-02,cafef-expansion-v1-worker-02,run-20260925T081933Z-4506e5a7,COMPLETE,COMPLETE,56,1,56,2019-12-04,2026-09-24,TARGET_START_REACHED,,COMPLETE_RETAINED,cafef-expansion-v1-worker-02.zip,521a851047ce4850ab9c900efd8696b8738c85dc0ce0163c7c0d74e5f27323ed,True
DOP,KBS:UPCOM:DOP,worker-03,cafef-expansion-v1-worker-03,run-20260925T084030Z-cc2314fc,COMPLETE,COMPLETE,56,1,56,2019-12-02,2026-09-24,TARGET_START_REACHED,,COMPLETE_RETAINED,cafef-expansion-v1-worker-03.zip,74599201ecf4f3eb1301d2bc777ea0f32cd39b3c0ae6241d7e058a04bb271b49,True
DP2,KBS:UPCOM:DP2,worker-04,cafef-expansion-v1-worker-04,run-20260925T125518Z-f0745c9f,NOT_STARTED,NOT_YET_ACQUIRED,0,,,,,,1,START_FROM_1,cafef-expansion-v1-worker-04.zip,d82238b839a1e3a2019514c5e3ba684b4a4a95c507ddfad03aa917bc87d207bd,True
DP3,KBS:HNX:DP3,worker-05,cafef-expansion-v1-worker-05,run-20260925T092604Z-3397f3b7,COMPLETE,COMPLETE,56,1,56,2019-12-23,2026-09-25,TARGET_START_REACHED,,COMPLETE_RETAINED,cafef-expansion-v1-worker-05.zip,44f6e1e1c4141de1f5da2b1267b719a25a40e854444386ef1360907a330370a0,True
DPG,KBS:HOSE:DPG,worker-01,cafef-expansion-v1-worker-01,run-20260925T073407Z-82048f96,COMPLETE,COMPLETE,56,1,56,2019-12-27,2026-09-25,TARGET_START_REACHED,,COMPLETE_RETAINED,cafef-expansion-v1-worker-01.zip,6267e529acbb6df3c7c10ea13527e80cdc1fc9d6bd0efd91be9836a387373ba9,True
DPH,KBS:UPCOM:DPH,worker-02,cafef-expansion-v1-worker-02,run-20260925T081933Z-4506e5a7,COMPLETE,COMPLETE,56,1,56,2019-12-03,2026-09-24,TARGET_START_REACHED,,COMPLETE_RETAINED,cafef-expansion-v1-worker-02.zip,521a851047ce4850ab9c900efd8696b8738c85dc0ce0163c7c0d74e5f27323ed,True
DPP,KBS:UPCOM:DPP,worker-03,cafef-expansion-v1-worker-03,run-20260925T084030Z-cc2314fc,COMPLETE,COMPLETE,56,1,56,2019-11-29,2026-09-24,TARGET_START_REACHED,,COMPLETE_RETAINED,cafef-expansion-v1-worker-03.zip,74599201ecf4f3eb1301d2bc777ea0f32cd39b3c0ae6241d7e058a04bb271b49,True
DPR,KBS:HOSE:DPR,worker-04,cafef-expansion-v1-worker-04,run-20260925T125518Z-f0745c9f,NOT_STARTED,NOT_YET_ACQUIRED,0,,,,,,1,START_FROM_1,cafef-expansion-v1-worker-04.zip,d82238b839a1e3a2019514c5e3ba684b4a4a95c507ddfad03aa917bc87d207bd,True
DQC,KBS:HOSE:DQC,worker-05,cafef-expansion-v1-worker-05,run-20260925T092604Z-3397f3b7,COMPLETE,COMPLETE,56,1,56,2019-12-27,2026-09-25,TARGET_START_REACHED,,COMPLETE_RETAINED,cafef-expansion-v1-worker-05.zip,44f6e1e1c4141de1f5da2b1267b719a25a40e854444386ef1360907a330370a0,True
DRC,KBS:HOSE:DRC,worker-01,cafef-expansion-v1-worker-01,run-20260925T073407Z-82048f96,COMPLETE,COMPLETE,56,1,56,2019-12-27,2026-09-25,TARGET_START_REACHED,,COMPLETE_RETAINED,cafef-expansion-v1-worker-01.zip,6267e529acbb6df3c7c10ea13527e80cdc1fc9d6bd0efd91be9836a387373ba9,True
DRG,KBS:UPCOM:DRG,worker-02,cafef-expansion-v1-worker-02,run-20260925T081933Z-4506e5a7,COMPLETE,COMPLETE,56,1,56,2019-12-11,2026-09-24,TARGET_START_REACHED,,COMPLETE_RETAINED,cafef-expansion-v1-worker-02.zip,521a851047ce4850ab9c900efd8696b8738c85dc0ce0163c7c0d74e5f27323ed,True
DRH,KBS:HOSE:DRH,worker-03,cafef-expansion-v1-worker-03,run-20260925T084030Z-cc2314fc,COMPLETE,COMPLETE,52,1,52,2019-12-04,2026-09-24,TARGET_START_REACHED,,COMPLETE_RETAINED,cafef-expansion-v1-worker-03.zip,74599201ecf4f3eb1301d2bc777ea0f32cd39b3c0ae6241d7e058a04bb271b49,True
DRL,KBS:HOSE:DRL,worker-04,cafef-expansion-v1-worker-04,run-20260925T125518Z-f0745c9f,NOT_STARTED,NOT_YET_ACQUIRED,0,,,,,,1,START_FROM_1,cafef-expansion-v1-worker-04.zip,d82238b839a1e3a2019514c5e3ba684b4a4a95c507ddfad03aa917bc87d207bd,True
DSC,KBS:HOSE:DSC,worker-05,cafef-expansion-v1-worker-05,run-20260925T092604Z-3397f3b7,COMPLETE,COMPLETE,56,1,56,2019-11-29,2026-09-25,TARGET_START_REACHED,,COMPLETE_RETAINED,cafef-expansion-v1-worker-05.zip,44f6e1e1c4141de1f5da2b1267b719a25a40e854444386ef1360907a330370a0,True
DSD,KBS:UPCOM:DSD,worker-01,cafef-expansion-v1-worker-01,run-20260925T073407Z-82048f96,COMPLETE,COMPLETE,37,1,37,2022-05-17,2026-09-24,EMPTY_PROVIDER_BOUNDARY,,COMPLETE_RETAINED,cafef-expansion-v1-worker-01.zip,6267e529acbb6df3c7c10ea13527e80cdc1fc9d6bd0efd91be9836a387373ba9,True
DSE,KBS:HOSE:DSE,worker-02,cafef-expansion-v1-worker-02,run-20260925T081933Z-4506e5a7,COMPLETE,COMPLETE,20,1,20,2024-07-01,2026-09-25,EMPTY_PROVIDER_BOUNDARY,,COMPLETE_RETAINED,cafef-expansion-v1-worker-02.zip,521a851047ce4850ab9c900efd8696b8738c85dc0ce0163c7c0d74e5f27323ed,True
DSG,KBS:UPCOM:DSG,worker-03,cafef-expansion-v1-worker-03,run-20260925T084030Z-cc2314fc,COMPLETE,COMPLETE,56,1,56,2019-11-28,2026-09-24,TARGET_START_REACHED,,COMPLETE_RETAINED,cafef-expansion-v1-worker-03.zip,74599201ecf4f3eb1301d2bc777ea0f32cd39b3c0ae6241d7e058a04bb271b49,True
DSH,KBS:UPCOM:DSH,worker-04,cafef-expansion-v1-worker-04,run-20260925T125518Z-f0745c9f,NOT_STARTED,NOT_YET_ACQUIRED,0,,,,,,1,START_FROM_1,cafef-expansion-v1-worker-04.zip,d82238b839a1e3a2019514c5e3ba684b4a4a95c507ddfad03aa917bc87d207bd,True
DSN,KBS:HOSE:DSN,worker-05,cafef-expansion-v1-worker-05,run-20260925T092604Z-3397f3b7,COMPLETE,COMPLETE,56,1,56,2019-12-26,2026-09-25,TARGET_START_REACHED,,COMPLETE_RETAINED,cafef-expansion-v1-worker-05.zip,44f6e1e1c4141de1f5da2b1267b719a25a40e854444386ef1360907a330370a0,True
DSP,KBS:UPCOM:DSP,worker-01,cafef-expansion-v1-worker-01,run-20260925T073407Z-82048f96,COMPLETE,COMPLETE,56,1,56,2019-12-05,2026-09-24,TARGET_START_REACHED,,COMPLETE_RETAINED,cafef-expansion-v1-worker-01.zip,6267e529acbb6df3c7c10ea13527e80cdc1fc9d6bd0efd91be9836a387373ba9,True
DST,KBS:HNX:DST,worker-02,cafef-expansion-v1-worker-02,run-20260925T081933Z-4506e5a7,COMPLETE,COMPLETE,56,1,56,2019-12-19,2026-09-25,TARGET_START_REACHED,,COMPLETE_RETAINED,cafef-expansion-v1-worker-02.zip,521a851047ce4850ab9c900efd8696b8738c85dc0ce0163c7c0d74e5f27323ed,True
DTD,KBS:HNX:DTD,worker-03,cafef-expansion-v1-worker-03,run-20260925T084030Z-cc2314fc,COMPLETE,COMPLETE,56,1,56,2019-12-23,2026-09-24,TARGET_START_REACHED,,COMPLETE_RETAINED,cafef-expansion-v1-worker-03.zip,74599201ecf4f3eb1301d2bc777ea0f32cd39b3c0ae6241d7e058a04bb271b49,True
DTG,KBS:HNX:DTG,worker-04,cafef-expansion-v1-worker-04,run-20260925T125518Z-f0745c9f,NOT_STARTED,NOT_YET_ACQUIRED,0,,,,,,1,START_FROM_1,cafef-expansion-v1-worker-04.zip,d82238b839a1e3a2019514c5e3ba684b4a4a95c507ddfad03aa917bc87d207bd,True
DTH,KBS:UPCOM:DTH,worker-05,cafef-expansion-v1-worker-05,run-20260925T092604Z-3397f3b7,COMPLETE,COMPLETE,38,1,38,2022-04-18,2026-09-24,EMPTY_PROVIDER_BOUNDARY,,COMPLETE_RETAINED,cafef-expansion-v1-worker-05.zip,44f6e1e1c4141de1f5da2b1267b719a25a40e854444386ef1360907a330370a0,True
DTK,KBS:HNX:DTK,worker-01,cafef-expansion-v1-worker-01,run-20260925T073407Z-82048f96,COMPLETE,COMPLETE,56,1,56,2019-12-10,2026-09-24,TARGET_START_REACHED,,COMPLETE_RETAINED,cafef-expansion-v1-worker-01.zip,6267e529acbb6df3c7c10ea13527e80cdc1fc9d6bd0efd91be9836a387373ba9,True
DTL,KBS:HOSE:DTL,worker-02,cafef-expansion-v1-worker-02,run-20260925T081933Z-4506e5a7,COMPLETE,COMPLETE,56,1,56,2019-12-27,2026-09-25,TARGET_START_REACHED,,COMPLETE_RETAINED,cafef-expansion-v1-worker-02.zip,521a851047ce4850ab9c900efd8696b8738c85dc0ce0163c7c0d74e5f27323ed,True
DTP,KBS:UPCOM:DTP,worker-03,cafef-expansion-v1-worker-03,run-20260925T084030Z-cc2314fc,COMPLETE,COMPLETE,53,1,53,2020-06-18,2026-09-24,EMPTY_PROVIDER_BOUNDARY,,COMPLETE_RETAINED,cafef-expansion-v1-worker-03.zip,74599201ecf4f3eb1301d2bc777ea0f32cd39b3c0ae6241d7e058a04bb271b49,True
DTR,KBS:UPCOM:DTR,worker-04,cafef-expansion-v1-worker-04,run-20260925T125518Z-f0745c9f,NOT_STARTED,NOT_YET_ACQUIRED,0,,,,,,1,START_FROM_1,cafef-expansion-v1-worker-04.zip,d82238b839a1e3a2019514c5e3ba684b4a4a95c507ddfad03aa917bc87d207bd,True
DUS,KBS:UPCOM:DUS,worker-05,cafef-expansion-v1-worker-05,run-20260925T092604Z-3397f3b7,COMPLETE,COMPLETE,57,1,57,2020-01-08,2026-09-24,EMPTY_PROVIDER_BOUNDARY,,COMPLETE_RETAINED,cafef-expansion-v1-worker-05.zip,44f6e1e1c4141de1f5da2b1267b719a25a40e854444386ef1360907a330370a0,True
DVC,KBS:UPCOM:DVC,worker-01,cafef-expansion-v1-worker-01,run-20260925T073407Z-82048f96,COMPLETE,COMPLETE,56,1,56,2019-12-04,2026-09-24,TARGET_START_REACHED,,COMPLETE_RETAINED,cafef-expansion-v1-worker-01.zip,6267e529acbb6df3c7c10ea13527e80cdc1fc9d6bd0efd91be9836a387373ba9,True
DVG,KBS:UPCOM:DVG,worker-02,cafef-expansion-v1-worker-02,run-20260925T081933Z-4506e5a7,COMPLETE,COMPLETE,48,1,48,2021-01-14,2026-09-24,EMPTY_PROVIDER_BOUNDARY,,COMPLETE_RETAINED,cafef-expansion-v1-worker-02.zip,521a851047ce4850ab9c900efd8696b8738c85dc0ce0163c7c0d74e5f27323ed,True
DVM,KBS:HNX:DVM,worker-03,cafef-expansion-v1-worker-03,run-20260925T084030Z-cc2314fc,COMPLETE,COMPLETE,36,1,36,2022-07-19,2026-09-25,EMPTY_PROVIDER_BOUNDARY,,COMPLETE_RETAINED,cafef-expansion-v1-worker-03.zip,74599201ecf4f3eb1301d2bc777ea0f32cd39b3c0ae6241d7e058a04bb271b49,True
DVN,KBS:UPCOM:DVN,worker-04,cafef-expansion-v1-worker-04,run-20260925T125518Z-f0745c9f,NOT_STARTED,NOT_YET_ACQUIRED,0,,,,,,1,START_FROM_1,cafef-expansion-v1-worker-04.zip,d82238b839a1e3a2019514c5e3ba684b4a4a95c507ddfad03aa917bc87d207bd,True
DVW,KBS:UPCOM:DVW,worker-05,cafef-expansion-v1-worker-05,run-20260925T092604Z-3397f3b7,COMPLETE,COMPLETE,56,1,56,2019-12-05,2026-09-24,TARGET_START_REACHED,,COMPLETE_RETAINED,cafef-expansion-v1-worker-05.zip,44f6e1e1c4141de1f5da2b1267b719a25a40e854444386ef1360907a330370a0,True
DWC,KBS:UPCOM:DWC,worker-01,cafef-expansion-v1-worker-01,run-20260925T073407Z-82048f96,COMPLETE,COMPLETE,41,1,41,2021-12-23,2026-09-24,EMPTY_PROVIDER_BOUNDARY,,COMPLETE_RETAINED,cafef-expansion-v1-worker-01.zip,6267e529acbb6df3c7c10ea13527e80cdc1fc9d6bd0efd91be9836a387373ba9,True
DXG,KBS:HOSE:DXG,worker-02,cafef-expansion-v1-worker-02,run-20260925T081933Z-4506e5a7,COMPLETE,COMPLETE,56,1,56,2019-12-27,2026-09-25,TARGET_START_REACHED,,COMPLETE_RETAINED,cafef-expansion-v1-worker-02.zip,521a851047ce4850ab9c900efd8696b8738c85dc0ce0163c7c0d74e5f27323ed,True
DXL,KBS:UPCOM:DXL,worker-03,cafef-expansion-v1-worker-03,run-20260925T084030Z-cc2314fc,COMPLETE,COMPLETE,56,1,56,2019-12-05,2026-09-24,TARGET_START_REACHED,,COMPLETE_RETAINED,cafef-expansion-v1-worker-03.zip,74599201ecf4f3eb1301d2bc777ea0f32cd39b3c0ae6241d7e058a04bb271b49,True
DXP,KBS:HNX:DXP,worker-04,cafef-expansion-v1-worker-04,run-20260925T125518Z-f0745c9f,NOT_STARTED,NOT_YET_ACQUIRED,0,,,,,,1,START_FROM_1,cafef-expansion-v1-worker-04.zip,d82238b839a1e3a2019514c5e3ba684b4a4a95c507ddfad03aa917bc87d207bd,True
DXS,KBS:HOSE:DXS,worker-05,cafef-expansion-v1-worker-05,run-20260925T092604Z-3397f3b7,COMPLETE,COMPLETE,45,1,45,2021-07-15,2026-09-25,EMPTY_PROVIDER_BOUNDARY,,COMPLETE_RETAINED,cafef-expansion-v1-worker-05.zip,44f6e1e1c4141de1f5da2b1267b719a25a40e854444386ef1360907a330370a0,True
DXV,KBS:HOSE:DXV,worker-01,cafef-expansion-v1-worker-01,run-20260925T073407Z-82048f96,COMPLETE,COMPLETE,56,1,56,2019-12-27,2026-09-25,TARGET_START_REACHED,,COMPLETE_RETAINED,cafef-expansion-v1-worker-01.zip,6267e529acbb6df3c7c10ea13527e80cdc1fc9d6bd0efd91be9836a387373ba9,True
E29,KBS:UPCOM:E29,worker-02,cafef-expansion-v1-worker-02,run-20260925T081933Z-4506e5a7,COMPLETE,COMPLETE,56,1,56,2019-12-04,2026-09-24,TARGET_START_REACHED,,COMPLETE_RETAINED,cafef-expansion-v1-worker-02.zip,521a851047ce4850ab9c900efd8696b8738c85dc0ce0163c7c0d74e5f27323ed,True
ECI,KBS:HNX:ECI,worker-03,cafef-expansion-v1-worker-03,run-20260925T084030Z-cc2314fc,COMPLETE,COMPLETE,56,1,56,2019-12-20,2026-09-25,TARGET_START_REACHED,,COMPLETE_RETAINED,cafef-expansion-v1-worker-03.zip,74599201ecf4f3eb1301d2bc777ea0f32cd39b3c0ae6241d7e058a04bb271b49,True
EFI,KBS:UPCOM:EFI,worker-04,cafef-expansion-v1-worker-04,run-20260925T125518Z-f0745c9f,NOT_STARTED,NOT_YET_ACQUIRED,0,,,,,,1,START_FROM_1,cafef-expansion-v1-worker-04.zip,d82238b839a1e3a2019514c5e3ba684b4a4a95c507ddfad03aa917bc87d207bd,True
EGL,KBS:UPCOM:EGL,worker-05,cafef-expansion-v1-worker-05,run-20260925T092604Z-3397f3b7,COMPLETE,COMPLETE,9,1,9,2025-11-06,2026-09-24,EMPTY_PROVIDER_BOUNDARY,,COMPLETE_RETAINED,cafef-expansion-v1-worker-05.zip,44f6e1e1c4141de1f5da2b1267b719a25a40e854444386ef1360907a330370a0,True
EIB,KBS:HOSE:EIB,worker-01,cafef-expansion-v1-worker-01,run-20260925T073407Z-82048f96,COMPLETE,COMPLETE,56,1,56,2019-12-26,2026-09-25,TARGET_START_REACHED,,COMPLETE_RETAINED,cafef-expansion-v1-worker-01.zip,6267e529acbb6df3c7c10ea13527e80cdc1fc9d6bd0efd91be9836a387373ba9,True
EID,KBS:HNX:EID,worker-02,cafef-expansion-v1-worker-02,run-20260925T081933Z-4506e5a7,COMPLETE,COMPLETE,56,1,56,2019-12-20,2026-09-25,TARGET_START_REACHED,,COMPLETE_RETAINED,cafef-expansion-v1-worker-02.zip,521a851047ce4850ab9c900efd8696b8738c85dc0ce0163c7c0d74e5f27323ed,True
EIN,KBS:UPCOM:EIN,worker-03,cafef-expansion-v1-worker-03,run-20260925T084030Z-cc2314fc,COMPLETE,COMPLETE,56,1,56,2019-12-03,2026-09-24,TARGET_START_REACHED,,COMPLETE_RETAINED,cafef-expansion-v1-worker-03.zip,74599201ecf4f3eb1301d2bc777ea0f32cd39b3c0ae6241d7e058a04bb271b49,True
EME,KBS:UPCOM:EME,worker-04,cafef-expansion-v1-worker-04,run-20260925T125518Z-f0745c9f,NOT_STARTED,NOT_YET_ACQUIRED,0,,,,,,1,START_FROM_1,cafef-expansion-v1-worker-04.zip,d82238b839a1e3a2019514c5e3ba684b4a4a95c507ddfad03aa917bc87d207bd,True
EMG,KBS:UPCOM:EMG,worker-05,cafef-expansion-v1-worker-05,run-20260925T092604Z-3397f3b7,COMPLETE,COMPLETE,56,1,56,2019-12-06,2026-09-24,TARGET_START_REACHED,,COMPLETE_RETAINED,cafef-expansion-v1-worker-05.zip,44f6e1e1c4141de1f5da2b1267b719a25a40e854444386ef1360907a330370a0,True
EMS,KBS:UPCOM:EMS,worker-01,cafef-expansion-v1-worker-01,run-20260925T073407Z-82048f96,COMPLETE,COMPLETE,56,1,56,2019-12-06,2026-09-24,TARGET_START_REACHED,,COMPLETE_RETAINED,cafef-expansion-v1-worker-01.zip,6267e529acbb6df3c7c10ea13527e80cdc1fc9d6bd0efd91be9836a387373ba9,True
EVG,KBS:HOSE:EVG,worker-02,cafef-expansion-v1-worker-02,run-20260925T081933Z-4506e5a7,COMPLETE,COMPLETE,56,1,56,2019-12-26,2026-09-25,TARGET_START_REACHED,,COMPLETE_RETAINED,cafef-expansion-v1-worker-02.zip,521a851047ce4850ab9c900efd8696b8738c85dc0ce0163c7c0d74e5f27323ed,True
F88,KBS:UPCOM:F88,worker-03,cafef-expansion-v1-worker-03,run-20260925T084030Z-cc2314fc,COMPLETE,COMPLETE,11,1,11,2025-08-08,2026-09-24,EMPTY_PROVIDER_BOUNDARY,,COMPLETE_RETAINED,cafef-expansion-v1-worker-03.zip,74599201ecf4f3eb1301d2bc777ea0f32cd39b3c0ae6241d7e058a04bb271b49,True
FBC,KBS:UPCOM:FBC,worker-04,cafef-expansion-v1-worker-04,run-20260925T125518Z-f0745c9f,NOT_STARTED,NOT_YET_ACQUIRED,0,,,,,,1,START_FROM_1,cafef-expansion-v1-worker-04.zip,d82238b839a1e3a2019514c5e3ba684b4a4a95c507ddfad03aa917bc87d207bd,True
FCC,KBS:UPCOM:FCC,worker-05,cafef-expansion-v1-worker-05,run-20260925T092604Z-3397f3b7,COMPLETE,COMPLETE,56,1,56,2019-12-05,2026-09-24,TARGET_START_REACHED,,COMPLETE_RETAINED,cafef-expansion-v1-worker-05.zip,44f6e1e1c4141de1f5da2b1267b719a25a40e854444386ef1360907a330370a0,True
FCM,KBS:HOSE:FCM,worker-01,cafef-expansion-v1-worker-01,run-20260925T073407Z-82048f96,COMPLETE,COMPLETE,56,1,56,2019-12-25,2026-09-25,TARGET_START_REACHED,,COMPLETE_RETAINED,cafef-expansion-v1-worker-01.zip,6267e529acbb6df3c7c10ea13527e80cdc1fc9d6bd0efd91be9836a387373ba9,True
FCN,KBS:HOSE:FCN,worker-02,cafef-expansion-v1-worker-02,run-20260925T081933Z-4506e5a7,COMPLETE,COMPLETE,56,1,56,2019-12-26,2026-09-25,TARGET_START_REACHED,,COMPLETE_RETAINED,cafef-expansion-v1-worker-02.zip,521a851047ce4850ab9c900efd8696b8738c85dc0ce0163c7c0d74e5f27323ed,True
FCS,KBS:UPCOM:FCS,worker-03,cafef-expansion-v1-worker-03,run-20260925T084030Z-cc2314fc,COMPLETE,COMPLETE,56,1,56,2019-12-10,2026-09-24,TARGET_START_REACHED,,COMPLETE_RETAINED,cafef-expansion-v1-worker-03.zip,74599201ecf4f3eb1301d2bc777ea0f32cd39b3c0ae6241d7e058a04bb271b49,True
FGL,KBS:UPCOM:FGL,worker-04,cafef-expansion-v1-worker-04,run-20260925T125518Z-f0745c9f,NOT_STARTED,NOT_YET_ACQUIRED,0,,,,,,1,START_FROM_1,cafef-expansion-v1-worker-04.zip,d82238b839a1e3a2019514c5e3ba684b4a4a95c507ddfad03aa917bc87d207bd,True
FHN,KBS:UPCOM:FHN,worker-05,cafef-expansion-v1-worker-05,run-20260925T092604Z-3397f3b7,COMPLETE,COMPLETE,56,1,56,2019-12-05,2026-09-24,TARGET_START_REACHED,,COMPLETE_RETAINED,cafef-expansion-v1-worker-05.zip,44f6e1e1c4141de1f5da2b1267b719a25a40e854444386ef1360907a330370a0,True
FHS,KBS:UPCOM:FHS,worker-01,cafef-expansion-v1-worker-01,run-20260925T073407Z-82048f96,COMPLETE,COMPLETE,56,1,56,2019-12-10,2026-09-24,TARGET_START_REACHED,,COMPLETE_RETAINED,cafef-expansion-v1-worker-01.zip,6267e529acbb6df3c7c10ea13527e80cdc1fc9d6bd0efd91be9836a387373ba9,True
FRC,KBS:UPCOM:FRC,worker-02,cafef-expansion-v1-worker-02,run-20260925T081933Z-4506e5a7,COMPLETE,COMPLETE,56,1,56,2019-12-10,2026-09-24,TARGET_START_REACHED,,COMPLETE_RETAINED,cafef-expansion-v1-worker-02.zip,521a851047ce4850ab9c900efd8696b8738c85dc0ce0163c7c0d74e5f27323ed,True
FRM,KBS:UPCOM:FRM,worker-03,cafef-expansion-v1-worker-03,run-20260925T084030Z-cc2314fc,COMPLETE,COMPLETE,56,1,56,2019-12-10,2026-09-24,TARGET_START_REACHED,,COMPLETE_RETAINED,cafef-expansion-v1-worker-03.zip,74599201ecf4f3eb1301d2bc777ea0f32cd39b3c0ae6241d7e058a04bb271b49,True
FSO,KBS:UPCOM:FSO,worker-04,cafef-expansion-v1-worker-04,run-20260925T125518Z-f0745c9f,NOT_STARTED,NOT_YET_ACQUIRED,0,,,,,,1,START_FROM_1,cafef-expansion-v1-worker-04.zip,d82238b839a1e3a2019514c5e3ba684b4a4a95c507ddfad03aa917bc87d207bd,True
FT1,KBS:UPCOM:FT1,worker-05,cafef-expansion-v1-worker-05,run-20260925T092604Z-3397f3b7,COMPLETE,COMPLETE,56,1,56,2019-12-10,2026-09-24,TARGET_START_REACHED,,COMPLETE_RETAINED,cafef-expansion-v1-worker-05.zip,44f6e1e1c4141de1f5da2b1267b719a25a40e854444386ef1360907a330370a0,True
FTI,KBS:UPCOM:FTI,worker-01,cafef-expansion-v1-worker-01,run-20260925T073407Z-82048f96,COMPLETE,COMPLETE,56,1,56,2019-12-05,2026-09-24,TARGET_START_REACHED,,COMPLETE_RETAINED,cafef-expansion-v1-worker-01.zip,6267e529acbb6df3c7c10ea13527e80cdc1fc9d6bd0efd91be9836a387373ba9,True
FTM,KBS:UPCOM:FTM,worker-02,cafef-expansion-v1-worker-02,run-20260925T081933Z-4506e5a7,COMPLETE,COMPLETE,56,1,56,2019-12-02,2026-09-24,TARGET_START_REACHED,,COMPLETE_RETAINED,cafef-expansion-v1-worker-02.zip,521a851047ce4850ab9c900efd8696b8738c85dc0ce0163c7c0d74e5f27323ed,True
FTS,KBS:HOSE:FTS,worker-03,cafef-expansion-v1-worker-03,run-20260925T084030Z-cc2314fc,COMPLETE,COMPLETE,56,1,56,2019-12-26,2026-09-25,TARGET_START_REACHED,,COMPLETE_RETAINED,cafef-expansion-v1-worker-03.zip,74599201ecf4f3eb1301d2bc777ea0f32cd39b3c0ae6241d7e058a04bb271b49,True
G20,KBS:UPCOM:G20,worker-04,cafef-expansion-v1-worker-04,run-20260925T125518Z-f0745c9f,NOT_STARTED,NOT_YET_ACQUIRED,0,,,,,,1,START_FROM_1,cafef-expansion-v1-worker-04.zip,d82238b839a1e3a2019514c5e3ba684b4a4a95c507ddfad03aa917bc87d207bd,True
G36,KBS:UPCOM:G36,worker-05,cafef-expansion-v1-worker-05,run-20260925T092604Z-3397f3b7,COMPLETE,COMPLETE,56,1,56,2019-12-05,2026-09-24,TARGET_START_REACHED,,COMPLETE_RETAINED,cafef-expansion-v1-worker-05.zip,44f6e1e1c4141de1f5da2b1267b719a25a40e854444386ef1360907a330370a0,True
GCB,KBS:UPCOM:GCB,worker-01,cafef-expansion-v1-worker-01,run-20260925T073407Z-82048f96,COMPLETE,COMPLETE,56,1,56,2019-12-06,2026-09-24,TARGET_START_REACHED,,COMPLETE_RETAINED,cafef-expansion-v1-worker-01.zip,6267e529acbb6df3c7c10ea13527e80cdc1fc9d6bd0efd91be9836a387373ba9,True
GCF,KBS:UPCOM:GCF,worker-02,cafef-expansion-v1-worker-02,run-20260925T081933Z-4506e5a7,COMPLETE,COMPLETE,32,1,32,2022-12-20,2026-09-24,EMPTY_PROVIDER_BOUNDARY,,COMPLETE_RETAINED,cafef-expansion-v1-worker-02.zip,521a851047ce4850ab9c900efd8696b8738c85dc0ce0163c7c0d74e5f27323ed,True
GDA,KBS:UPCOM:GDA,worker-03,cafef-expansion-v1-worker-03,run-20260925T084030Z-cc2314fc,COMPLETE,COMPLETE,27,1,27,2023-09-07,2026-09-24,EMPTY_PROVIDER_BOUNDARY,,COMPLETE_RETAINED,cafef-expansion-v1-worker-03.zip,74599201ecf4f3eb1301d2bc777ea0f32cd39b3c0ae6241d7e058a04bb271b49,True
GDH,KBS:UPCOM:GDH,worker-04,cafef-expansion-v1-worker-04,run-20260925T125518Z-f0745c9f,NOT_STARTED,NOT_YET_ACQUIRED,0,,,,,,1,START_FROM_1,cafef-expansion-v1-worker-04.zip,d82238b839a1e3a2019514c5e3ba684b4a4a95c507ddfad03aa917bc87d207bd,True
GEE,KBS:HOSE:GEE,worker-05,cafef-expansion-v1-worker-05,run-20260925T092604Z-3397f3b7,COMPLETE,COMPLETE,39,1,39,2022-03-08,2026-09-25,EMPTY_PROVIDER_BOUNDARY,,COMPLETE_RETAINED,cafef-expansion-v1-worker-05.zip,44f6e1e1c4141de1f5da2b1267b719a25a40e854444386ef1360907a330370a0,True
GEL,KBS:HOSE:GEL,worker-01,cafef-expansion-v1-worker-01,run-20260925T073407Z-82048f96,COMPLETE,COMPLETE,7,1,7,2026-02-06,2026-09-25,EMPTY_PROVIDER_BOUNDARY,,COMPLETE_RETAINED,cafef-expansion-v1-worker-01.zip,6267e529acbb6df3c7c10ea13527e80cdc1fc9d6bd0efd91be9836a387373ba9,True
GER,KBS:UPCOM:GER,worker-02,cafef-expansion-v1-worker-02,run-20260925T081933Z-4506e5a7,COMPLETE,COMPLETE,56,1,56,2019-12-09,2026-09-24,TARGET_START_REACHED,,COMPLETE_RETAINED,cafef-expansion-v1-worker-02.zip,521a851047ce4850ab9c900efd8696b8738c85dc0ce0163c7c0d74e5f27323ed,True
GH3,KBS:UPCOM:GH3,worker-03,cafef-expansion-v1-worker-03,run-20260925T084030Z-cc2314fc,COMPLETE,COMPLETE,44,1,44,2021-08-04,2026-09-24,EMPTY_PROVIDER_BOUNDARY,,COMPLETE_RETAINED,cafef-expansion-v1-worker-03.zip,74599201ecf4f3eb1301d2bc777ea0f32cd39b3c0ae6241d7e058a04bb271b49,True
GIC,KBS:HNX:GIC,worker-04,cafef-expansion-v1-worker-04,run-20260925T125518Z-f0745c9f,NOT_STARTED,NOT_YET_ACQUIRED,0,,,,,,1,START_FROM_1,cafef-expansion-v1-worker-04.zip,d82238b839a1e3a2019514c5e3ba684b4a4a95c507ddfad03aa917bc87d207bd,True
GIL,KBS:HOSE:GIL,worker-05,cafef-expansion-v1-worker-05,run-20260925T092604Z-3397f3b7,COMPLETE,COMPLETE,56,1,56,2019-12-27,2026-09-25,TARGET_START_REACHED,,COMPLETE_RETAINED,cafef-expansion-v1-worker-05.zip,44f6e1e1c4141de1f5da2b1267b719a25a40e854444386ef1360907a330370a0,True
GKM,KBS:HNX:GKM,worker-01,cafef-expansion-v1-worker-01,run-20260925T073407Z-82048f96,COMPLETE,COMPLETE,56,1,56,2019-12-23,2026-09-25,TARGET_START_REACHED,,COMPLETE_RETAINED,cafef-expansion-v1-worker-01.zip,6267e529acbb6df3c7c10ea13527e80cdc1fc9d6bd0efd91be9836a387373ba9,True
GLC,KBS:UPCOM:GLC,worker-02,cafef-expansion-v1-worker-02,run-20260925T081933Z-4506e5a7,COMPLETE,COMPLETE,56,1,56,2019-12-04,2026-09-24,TARGET_START_REACHED,,COMPLETE_RETAINED,cafef-expansion-v1-worker-02.zip,521a851047ce4850ab9c900efd8696b8738c85dc0ce0163c7c0d74e5f27323ed,True
GLT,KBS:HNX:GLT,worker-03,cafef-expansion-v1-worker-03,run-20260925T084030Z-cc2314fc,COMPLETE,COMPLETE,56,1,56,2019-12-23,2026-09-24,TARGET_START_REACHED,,COMPLETE_RETAINED,cafef-expansion-v1-worker-03.zip,74599201ecf4f3eb1301d2bc777ea0f32cd39b3c0ae6241d7e058a04bb271b49,True
GLW,KBS:UPCOM:GLW,worker-04,cafef-expansion-v1-worker-04,run-20260925T125518Z-f0745c9f,NOT_STARTED,NOT_YET_ACQUIRED,0,,,,,,1,START_FROM_1,cafef-expansion-v1-worker-04.zip,d82238b839a1e3a2019514c5e3ba684b4a4a95c507ddfad03aa917bc87d207bd,True
GMA,KBS:HNX:GMA,worker-05,cafef-expansion-v1-worker-05,run-20260925T092604Z-3397f3b7,COMPLETE,COMPLETE,50,1,50,2020-12-01,2026-09-25,EMPTY_PROVIDER_BOUNDARY,,COMPLETE_RETAINED,cafef-expansion-v1-worker-05.zip,44f6e1e1c4141de1f5da2b1267b719a25a40e854444386ef1360907a330370a0,True
GMC,KBS:UPCOM:GMC,worker-01,cafef-expansion-v1-worker-01,run-20260925T073407Z-82048f96,COMPLETE,COMPLETE,56,1,56,2019-12-13,2026-09-24,TARGET_START_REACHED,,COMPLETE_RETAINED,cafef-expansion-v1-worker-01.zip,6267e529acbb6df3c7c10ea13527e80cdc1fc9d6bd0efd91be9836a387373ba9,True
GMX,KBS:HNX:GMX,worker-02,cafef-expansion-v1-worker-02,run-20260925T081933Z-4506e5a7,COMPLETE,COMPLETE,56,1,56,2019-12-23,2026-09-25,TARGET_START_REACHED,,COMPLETE_RETAINED,cafef-expansion-v1-worker-02.zip,521a851047ce4850ab9c900efd8696b8738c85dc0ce0163c7c0d74e5f27323ed,True
GND,KBS:UPCOM:GND,worker-03,cafef-expansion-v1-worker-03,run-20260925T084030Z-cc2314fc,COMPLETE,COMPLETE,56,1,56,2019-12-06,2026-09-24,TARGET_START_REACHED,,COMPLETE_RETAINED,cafef-expansion-v1-worker-03.zip,74599201ecf4f3eb1301d2bc777ea0f32cd39b3c0ae6241d7e058a04bb271b49,True
GSP,KBS:HOSE:GSP,worker-04,cafef-expansion-v1-worker-04,run-20260925T125518Z-f0745c9f,NOT_STARTED,NOT_YET_ACQUIRED,0,,,,,,1,START_FROM_1,cafef-expansion-v1-worker-04.zip,d82238b839a1e3a2019514c5e3ba684b4a4a95c507ddfad03aa917bc87d207bd,True
GTD,KBS:UPCOM:GTD,worker-05,cafef-expansion-v1-worker-05,run-20260925T092604Z-3397f3b7,COMPLETE,COMPLETE,56,1,56,2019-12-09,2026-09-24,TARGET_START_REACHED,,COMPLETE_RETAINED,cafef-expansion-v1-worker-05.zip,44f6e1e1c4141de1f5da2b1267b719a25a40e854444386ef1360907a330370a0,True
GTS,KBS:UPCOM:GTS,worker-01,cafef-expansion-v1-worker-01,run-20260925T073407Z-82048f96,COMPLETE,COMPLETE,56,1,56,2019-12-06,2026-09-24,TARGET_START_REACHED,,COMPLETE_RETAINED,cafef-expansion-v1-worker-01.zip,6267e529acbb6df3c7c10ea13527e80cdc1fc9d6bd0efd91be9836a387373ba9,True
GTT,KBS:UPCOM:GTT,worker-02,cafef-expansion-v1-worker-02,run-20260925T081933Z-4506e5a7,COMPLETE,COMPLETE,6,1,6,2026-03-17,2026-09-24,EMPTY_PROVIDER_BOUNDARY,,COMPLETE_RETAINED,cafef-expansion-v1-worker-02.zip,521a851047ce4850ab9c900efd8696b8738c85dc0ce0163c7c0d74e5f27323ed,True
GTX,KBS:UPCOM:GTX,worker-03,cafef-expansion-v1-worker-03,run-20260925T084030Z-cc2314fc,COMPLETE,COMPLETE,2,1,2,2026-09-11,2026-09-24,EMPTY_PROVIDER_BOUNDARY,,COMPLETE_RETAINED,cafef-expansion-v1-worker-03.zip,74599201ecf4f3eb1301d2bc777ea0f32cd39b3c0ae6241d7e058a04bb271b49,True
GVT,KBS:UPCOM:GVT,worker-04,cafef-expansion-v1-worker-04,run-20260925T125518Z-f0745c9f,NOT_STARTED,NOT_YET_ACQUIRED,0,,,,,,1,START_FROM_1,cafef-expansion-v1-worker-04.zip,d82238b839a1e3a2019514c5e3ba684b4a4a95c507ddfad03aa917bc87d207bd,True
HAC,KBS:UPCOM:HAC,worker-05,cafef-expansion-v1-worker-05,run-20260925T092604Z-3397f3b7,COMPLETE,COMPLETE,56,1,56,2019-12-05,2026-09-24,TARGET_START_REACHED,,COMPLETE_RETAINED,cafef-expansion-v1-worker-05.zip,44f6e1e1c4141de1f5da2b1267b719a25a40e854444386ef1360907a330370a0,True
HAG,KBS:HOSE:HAG,worker-01,cafef-expansion-v1-worker-01,run-20260925T073407Z-82048f96,COMPLETE,COMPLETE,56,1,56,2019-12-27,2026-09-25,TARGET_START_REACHED,,COMPLETE_RETAINED,cafef-expansion-v1-worker-01.zip,6267e529acbb6df3c7c10ea13527e80cdc1fc9d6bd0efd91be9836a387373ba9,True
HAP,KBS:HOSE:HAP,worker-02,cafef-expansion-v1-worker-02,run-20260925T081933Z-4506e5a7,COMPLETE,COMPLETE,56,1,56,2019-12-18,2026-09-25,TARGET_START_REACHED,,COMPLETE_RETAINED,cafef-expansion-v1-worker-02.zip,521a851047ce4850ab9c900efd8696b8738c85dc0ce0163c7c0d74e5f27323ed,True
HAT,KBS:HNX:HAT,worker-03,cafef-expansion-v1-worker-03,run-20260925T084030Z-cc2314fc,COMPLETE,COMPLETE,56,1,56,2019-12-20,2026-09-25,TARGET_START_REACHED,,COMPLETE_RETAINED,cafef-expansion-v1-worker-03.zip,74599201ecf4f3eb1301d2bc777ea0f32cd39b3c0ae6241d7e058a04bb271b49,True
HAV,KBS:UPCOM:HAV,worker-04,cafef-expansion-v1-worker-04,run-20260925T125518Z-f0745c9f,NOT_STARTED,NOT_YET_ACQUIRED,0,,,,,,1,START_FROM_1,cafef-expansion-v1-worker-04.zip,d82238b839a1e3a2019514c5e3ba684b4a4a95c507ddfad03aa917bc87d207bd,True
HBC,KBS:UPCOM:HBC,worker-05,cafef-expansion-v1-worker-05,run-20260925T092604Z-3397f3b7,COMPLETE,COMPLETE,56,1,56,2019-12-09,2026-09-24,TARGET_START_REACHED,,COMPLETE_RETAINED,cafef-expansion-v1-worker-05.zip,44f6e1e1c4141de1f5da2b1267b719a25a40e854444386ef1360907a330370a0,True
HBS,KBS:HNX:HBS,worker-01,cafef-expansion-v1-worker-01,run-20260925T073407Z-82048f96,COMPLETE,COMPLETE,56,1,56,2019-12-23,2026-09-25,TARGET_START_REACHED,,COMPLETE_RETAINED,cafef-expansion-v1-worker-01.zip,6267e529acbb6df3c7c10ea13527e80cdc1fc9d6bd0efd91be9836a387373ba9,True
HCC,KBS:HNX:HCC,worker-02,cafef-expansion-v1-worker-02,run-20260925T081933Z-4506e5a7,COMPLETE,COMPLETE,56,1,56,2019-12-20,2026-09-25,TARGET_START_REACHED,,COMPLETE_RETAINED,cafef-expansion-v1-worker-02.zip,521a851047ce4850ab9c900efd8696b8738c85dc0ce0163c7c0d74e5f27323ed,True
HCD,KBS:HOSE:HCD,worker-03,cafef-expansion-v1-worker-03,run-20260925T084030Z-cc2314fc,COMPLETE,COMPLETE,56,1,56,2019-12-27,2026-09-25,TARGET_START_REACHED,,COMPLETE_RETAINED,cafef-expansion-v1-worker-03.zip,74599201ecf4f3eb1301d2bc777ea0f32cd39b3c0ae6241d7e058a04bb271b49,True
HCT,KBS:HNX:HCT,worker-04,cafef-expansion-v1-worker-04,run-20260925T125518Z-f0745c9f,NOT_STARTED,NOT_YET_ACQUIRED,0,,,,,,1,START_FROM_1,cafef-expansion-v1-worker-04.zip,d82238b839a1e3a2019514c5e3ba684b4a4a95c507ddfad03aa917bc87d207bd,True
HDG,KBS:HOSE:HDG,worker-05,cafef-expansion-v1-worker-05,run-20260925T092604Z-3397f3b7,COMPLETE,COMPLETE,56,1,56,2019-12-27,2026-09-25,TARGET_START_REACHED,,COMPLETE_RETAINED,cafef-expansion-v1-worker-05.zip,44f6e1e1c4141de1f5da2b1267b719a25a40e854444386ef1360907a330370a0,True
HEV,KBS:HNX:HEV,worker-01,cafef-expansion-v1-worker-01,run-20260925T073407Z-82048f96,COMPLETE,COMPLETE,56,1,56,2019-12-20,2026-09-25,TARGET_START_REACHED,,COMPLETE_RETAINED,cafef-expansion-v1-worker-01.zip,6267e529acbb6df3c7c10ea13527e80cdc1fc9d6bd0efd91be9836a387373ba9,True
HGM,KBS:HNX:HGM,worker-02,cafef-expansion-v1-worker-02,run-20260925T081933Z-4506e5a7,COMPLETE,COMPLETE,56,1,56,2019-12-23,2026-09-25,TARGET_START_REACHED,,COMPLETE_RETAINED,cafef-expansion-v1-worker-02.zip,521a851047ce4850ab9c900efd8696b8738c85dc0ce0163c7c0d74e5f27323ed,True
HHC,KBS:HNX:HHC,worker-03,cafef-expansion-v1-worker-03,run-20260925T084030Z-cc2314fc,COMPLETE,COMPLETE,56,1,56,2019-12-23,2026-09-25,TARGET_START_REACHED,,COMPLETE_RETAINED,cafef-expansion-v1-worker-03.zip,74599201ecf4f3eb1301d2bc777ea0f32cd39b3c0ae6241d7e058a04bb271b49,True
HHS,KBS:HOSE:HHS,worker-04,cafef-expansion-v1-worker-04,run-20260925T125518Z-f0745c9f,NOT_STARTED,NOT_YET_ACQUIRED,0,,,,,,1,START_FROM_1,cafef-expansion-v1-worker-04.zip,d82238b839a1e3a2019514c5e3ba684b4a4a95c507ddfad03aa917bc87d207bd,True
HII,KBS:HOSE:HII,worker-05,cafef-expansion-v1-worker-05,run-20260925T092604Z-3397f3b7,COMPLETE,COMPLETE,56,1,56,2019-12-27,2026-09-25,TARGET_START_REACHED,,COMPLETE_RETAINED,cafef-expansion-v1-worker-05.zip,44f6e1e1c4141de1f5da2b1267b719a25a40e854444386ef1360907a330370a0,True
HKT,KBS:HNX:HKT,worker-01,cafef-expansion-v1-worker-01,run-20260925T073407Z-82048f96,COMPLETE,COMPLETE,56,1,56,2019-12-20,2026-09-25,TARGET_START_REACHED,,COMPLETE_RETAINED,cafef-expansion-v1-worker-01.zip,6267e529acbb6df3c7c10ea13527e80cdc1fc9d6bd0efd91be9836a387373ba9,True
HMC,KBS:HOSE:HMC,worker-02,cafef-expansion-v1-worker-02,run-20260925T081933Z-4506e5a7,COMPLETE,COMPLETE,56,1,56,2019-12-26,2026-09-25,TARGET_START_REACHED,,COMPLETE_RETAINED,cafef-expansion-v1-worker-02.zip,521a851047ce4850ab9c900efd8696b8738c85dc0ce0163c7c0d74e5f27323ed,True
HNA,KBS:HOSE:HNA,worker-03,cafef-expansion-v1-worker-03,run-20260925T084030Z-cc2314fc,COMPLETE,COMPLETE,24,1,24,2024-01-12,2026-09-25,EMPTY_PROVIDER_BOUNDARY,,COMPLETE_RETAINED,cafef-expansion-v1-worker-03.zip,74599201ecf4f3eb1301d2bc777ea0f32cd39b3c0ae6241d7e058a04bb271b49,True
HOM,KBS:HNX:HOM,worker-04,cafef-expansion-v1-worker-04,run-20260925T125518Z-f0745c9f,NOT_STARTED,NOT_YET_ACQUIRED,0,,,,,,1,START_FROM_1,cafef-expansion-v1-worker-04.zip,d82238b839a1e3a2019514c5e3ba684b4a4a95c507ddfad03aa917bc87d207bd,True
HPA,KBS:HOSE:HPA,worker-05,cafef-expansion-v1-worker-05,run-20260925T092604Z-3397f3b7,COMPLETE,COMPLETE,7,1,7,2026-02-06,2026-09-25,EMPTY_PROVIDER_BOUNDARY,,COMPLETE_RETAINED,cafef-expansion-v1-worker-05.zip,44f6e1e1c4141de1f5da2b1267b719a25a40e854444386ef1360907a330370a0,True
HPX,KBS:HOSE:HPX,worker-01,cafef-expansion-v1-worker-01,run-20260925T073407Z-82048f96,COMPLETE,COMPLETE,54,1,54,2019-12-04,2026-09-25,TARGET_START_REACHED,,COMPLETE_RETAINED,cafef-expansion-v1-worker-01.zip,6267e529acbb6df3c7c10ea13527e80cdc1fc9d6bd0efd91be9836a387373ba9,True
HSG,KBS:HOSE:HSG,worker-02,cafef-expansion-v1-worker-02,run-20260925T081933Z-4506e5a7,COMPLETE,COMPLETE,56,1,56,2019-12-26,2026-09-25,TARGET_START_REACHED,,COMPLETE_RETAINED,cafef-expansion-v1-worker-02.zip,521a851047ce4850ab9c900efd8696b8738c85dc0ce0163c7c0d74e5f27323ed,True
HSL,KBS:HOSE:HSL,worker-03,cafef-expansion-v1-worker-03,run-20260925T084030Z-cc2314fc,COMPLETE,COMPLETE,56,1,56,2019-12-27,2026-09-25,TARGET_START_REACHED,,COMPLETE_RETAINED,cafef-expansion-v1-worker-03.zip,74599201ecf4f3eb1301d2bc777ea0f32cd39b3c0ae6241d7e058a04bb271b49,True
HT1,KBS:HOSE:HT1,worker-04,cafef-expansion-v1-worker-04,run-20260925T125518Z-f0745c9f,NOT_STARTED,NOT_YET_ACQUIRED,0,,,,,,1,START_FROM_1,cafef-expansion-v1-worker-04.zip,d82238b839a1e3a2019514c5e3ba684b4a4a95c507ddfad03aa917bc87d207bd,True
HTC,KBS:HNX:HTC,worker-05,cafef-expansion-v1-worker-05,run-20260925T092604Z-3397f3b7,COMPLETE,COMPLETE,56,1,56,2019-12-23,2026-09-25,TARGET_START_REACHED,,COMPLETE_RETAINED,cafef-expansion-v1-worker-05.zip,44f6e1e1c4141de1f5da2b1267b719a25a40e854444386ef1360907a330370a0,True
HTI,KBS:HOSE:HTI,worker-01,cafef-expansion-v1-worker-01,run-20260925T073407Z-82048f96,COMPLETE,COMPLETE,56,1,56,2019-12-26,2026-09-25,TARGET_START_REACHED,,COMPLETE_RETAINED,cafef-expansion-v1-worker-01.zip,6267e529acbb6df3c7c10ea13527e80cdc1fc9d6bd0efd91be9836a387373ba9,True
HTL,KBS:HOSE:HTL,worker-02,cafef-expansion-v1-worker-02,run-20260925T081933Z-4506e5a7,COMPLETE,COMPLETE,56,1,56,2019-12-27,2026-09-25,TARGET_START_REACHED,,COMPLETE_RETAINED,cafef-expansion-v1-worker-02.zip,521a851047ce4850ab9c900efd8696b8738c85dc0ce0163c7c0d74e5f27323ed,True
HUT,KBS:HNX:HUT,worker-03,cafef-expansion-v1-worker-03,run-20260925T084030Z-cc2314fc,COMPLETE,COMPLETE,56,1,56,2019-12-23,2026-09-25,TARGET_START_REACHED,,COMPLETE_RETAINED,cafef-expansion-v1-worker-03.zip,74599201ecf4f3eb1301d2bc777ea0f32cd39b3c0ae6241d7e058a04bb271b49,True
HVH,KBS:HOSE:HVH,worker-04,cafef-expansion-v1-worker-04,run-20260925T125518Z-f0745c9f,NOT_STARTED,NOT_YET_ACQUIRED,0,,,,,,1,START_FROM_1,cafef-expansion-v1-worker-04.zip,d82238b839a1e3a2019514c5e3ba684b4a4a95c507ddfad03aa917bc87d207bd,True
HVN,KBS:HOSE:HVN,worker-05,cafef-expansion-v1-worker-05,run-20260925T092604Z-3397f3b7,COMPLETE,COMPLETE,56,1,56,2019-12-26,2026-09-25,TARGET_START_REACHED,,COMPLETE_RETAINED,cafef-expansion-v1-worker-05.zip,44f6e1e1c4141de1f5da2b1267b719a25a40e854444386ef1360907a330370a0,True
HVT,KBS:HNX:HVT,worker-01,cafef-expansion-v1-worker-01,run-20260925T073407Z-82048f96,COMPLETE,COMPLETE,56,1,56,2019-12-23,2026-09-25,TARGET_START_REACHED,,COMPLETE_RETAINED,cafef-expansion-v1-worker-01.zip,6267e529acbb6df3c7c10ea13527e80cdc1fc9d6bd0efd91be9836a387373ba9,True
ICG,KBS:HNX:ICG,worker-02,cafef-expansion-v1-worker-02,run-20260925T081933Z-4506e5a7,COMPLETE,COMPLETE,56,1,56,2019-12-23,2026-09-25,TARGET_START_REACHED,,COMPLETE_RETAINED,cafef-expansion-v1-worker-02.zip,521a851047ce4850ab9c900efd8696b8738c85dc0ce0163c7c0d74e5f27323ed,True
ICT,KBS:HOSE:ICT,worker-03,cafef-expansion-v1-worker-03,run-20260925T084030Z-cc2314fc,COMPLETE,COMPLETE,57,1,57,2020-01-15,2026-09-25,EMPTY_PROVIDER_BOUNDARY,,COMPLETE_RETAINED,cafef-expansion-v1-worker-03.zip,74599201ecf4f3eb1301d2bc777ea0f32cd39b3c0ae6241d7e058a04bb271b49,True
IDI,KBS:HOSE:IDI,worker-04,cafef-expansion-v1-worker-04,run-20260925T125518Z-f0745c9f,NOT_STARTED,NOT_YET_ACQUIRED,0,,,,,,1,START_FROM_1,cafef-expansion-v1-worker-04.zip,d82238b839a1e3a2019514c5e3ba684b4a4a95c507ddfad03aa917bc87d207bd,True
IDJ,KBS:HNX:IDJ,worker-05,cafef-expansion-v1-worker-05,run-20260925T092604Z-3397f3b7,COMPLETE,COMPLETE,56,1,56,2019-12-20,2026-09-25,TARGET_START_REACHED,,COMPLETE_RETAINED,cafef-expansion-v1-worker-05.zip,44f6e1e1c4141de1f5da2b1267b719a25a40e854444386ef1360907a330370a0,True
IJC,KBS:HOSE:IJC,worker-01,cafef-expansion-v1-worker-01,run-20260925T073407Z-82048f96,COMPLETE,COMPLETE,56,1,56,2019-12-25,2026-09-25,TARGET_START_REACHED,,COMPLETE_RETAINED,cafef-expansion-v1-worker-01.zip,6267e529acbb6df3c7c10ea13527e80cdc1fc9d6bd0efd91be9836a387373ba9,True
ILB,KBS:HOSE:ILB,worker-02,cafef-expansion-v1-worker-02,run-20260925T081933Z-4506e5a7,COMPLETE,COMPLETE,56,1,56,2019-12-26,2026-09-25,TARGET_START_REACHED,,COMPLETE_RETAINED,cafef-expansion-v1-worker-02.zip,521a851047ce4850ab9c900efd8696b8738c85dc0ce0163c7c0d74e5f27323ed,True
INC,KBS:HNX:INC,worker-03,cafef-expansion-v1-worker-03,run-20260925T084030Z-cc2314fc,COMPLETE,COMPLETE,56,1,56,2019-12-20,2026-09-25,TARGET_START_REACHED,,COMPLETE_RETAINED,cafef-expansion-v1-worker-03.zip,74599201ecf4f3eb1301d2bc777ea0f32cd39b3c0ae6241d7e058a04bb271b49,True
ITQ,KBS:HNX:ITQ,worker-04,cafef-expansion-v1-worker-04,run-20260925T125518Z-f0745c9f,NOT_STARTED,NOT_YET_ACQUIRED,0,,,,,,1,START_FROM_1,cafef-expansion-v1-worker-04.zip,d82238b839a1e3a2019514c5e3ba684b4a4a95c507ddfad03aa917bc87d207bd,True
IVS,KBS:HNX:IVS,worker-05,cafef-expansion-v1-worker-05,run-20260925T092604Z-3397f3b7,COMPLETE,COMPLETE,56,1,56,2019-12-19,2026-09-24,TARGET_START_REACHED,,COMPLETE_RETAINED,cafef-expansion-v1-worker-05.zip,44f6e1e1c4141de1f5da2b1267b719a25a40e854444386ef1360907a330370a0,True
KDC,KBS:HOSE:KDC,worker-01,cafef-expansion-v1-worker-01,run-20260925T073407Z-82048f96,COMPLETE,COMPLETE,56,1,56,2019-12-25,2026-09-25,TARGET_START_REACHED,,COMPLETE_RETAINED,cafef-expansion-v1-worker-01.zip,6267e529acbb6df3c7c10ea13527e80cdc1fc9d6bd0efd91be9836a387373ba9,True
KDM,KBS:HNX:KDM,worker-02,cafef-expansion-v1-worker-02,run-20260925T081933Z-4506e5a7,COMPLETE,COMPLETE,56,1,56,2019-12-20,2026-09-25,TARGET_START_REACHED,,COMPLETE_RETAINED,cafef-expansion-v1-worker-02.zip,521a851047ce4850ab9c900efd8696b8738c85dc0ce0163c7c0d74e5f27323ed,True
KHG,KBS:HOSE:KHG,worker-03,cafef-expansion-v1-worker-03,run-20260925T084030Z-cc2314fc,COMPLETE,COMPLETE,44,1,44,2021-07-19,2026-09-25,EMPTY_PROVIDER_BOUNDARY,,COMPLETE_RETAINED,cafef-expansion-v1-worker-03.zip,74599201ecf4f3eb1301d2bc777ea0f32cd39b3c0ae6241d7e058a04bb271b49,True
KMT,KBS:HNX:KMT,worker-04,cafef-expansion-v1-worker-04,run-20260925T125518Z-f0745c9f,NOT_STARTED,NOT_YET_ACQUIRED,0,,,,,,1,START_FROM_1,cafef-expansion-v1-worker-04.zip,d82238b839a1e3a2019514c5e3ba684b4a4a95c507ddfad03aa917bc87d207bd,True
KOS,KBS:HOSE:KOS,worker-05,cafef-expansion-v1-worker-05,run-20260925T092604Z-3397f3b7,COMPLETE,COMPLETE,56,1,56,2019-12-26,2026-09-25,TARGET_START_REACHED,,COMPLETE_RETAINED,cafef-expansion-v1-worker-05.zip,44f6e1e1c4141de1f5da2b1267b719a25a40e854444386ef1360907a330370a0,True
KSF,KBS:HNX:KSF,worker-01,cafef-expansion-v1-worker-01,run-20260925T073407Z-82048f96,COMPLETE,COMPLETE,43,1,43,2021-10-06,2026-09-25,EMPTY_PROVIDER_BOUNDARY,,COMPLETE_RETAINED,cafef-expansion-v1-worker-01.zip,6267e529acbb6df3c7c10ea13527e80cdc1fc9d6bd0efd91be9836a387373ba9,True
KSV,KBS:HNX:KSV,worker-02,cafef-expansion-v1-worker-02,run-20260925T081933Z-4506e5a7,COMPLETE,COMPLETE,56,1,56,2019-12-02,2026-09-25,TARGET_START_REACHED,,COMPLETE_RETAINED,cafef-expansion-v1-worker-02.zip,521a851047ce4850ab9c900efd8696b8738c85dc0ce0163c7c0d74e5f27323ed,True
L14,KBS:HNX:L14,worker-03,cafef-expansion-v1-worker-03,run-20260925T084030Z-cc2314fc,COMPLETE,COMPLETE,56,1,56,2019-12-23,2026-09-25,TARGET_START_REACHED,,COMPLETE_RETAINED,cafef-expansion-v1-worker-03.zip,74599201ecf4f3eb1301d2bc777ea0f32cd39b3c0ae6241d7e058a04bb271b49,True
L40,KBS:HNX:L40,worker-04,cafef-expansion-v1-worker-04,run-20260925T125518Z-f0745c9f,NOT_STARTED,NOT_YET_ACQUIRED,0,,,,,,1,START_FROM_1,cafef-expansion-v1-worker-04.zip,d82238b839a1e3a2019514c5e3ba684b4a4a95c507ddfad03aa917bc87d207bd,True
LBE,KBS:HNX:LBE,worker-05,cafef-expansion-v1-worker-05,run-20260925T092604Z-3397f3b7,COMPLETE,COMPLETE,56,1,56,2019-12-20,2026-09-25,TARGET_START_REACHED,,COMPLETE_RETAINED,cafef-expansion-v1-worker-05.zip,44f6e1e1c4141de1f5da2b1267b719a25a40e854444386ef1360907a330370a0,True
LBM,KBS:HOSE:LBM,worker-01,cafef-expansion-v1-worker-01,run-20260925T073407Z-82048f96,COMPLETE,COMPLETE,56,1,56,2019-12-26,2026-09-25,TARGET_START_REACHED,,COMPLETE_RETAINED,cafef-expansion-v1-worker-01.zip,6267e529acbb6df3c7c10ea13527e80cdc1fc9d6bd0efd91be9836a387373ba9,True
LCD,KBS:HNX:LCD,worker-02,cafef-expansion-v1-worker-02,run-20260925T081933Z-4506e5a7,COMPLETE,COMPLETE,56,1,56,2019-12-16,2026-09-25,TARGET_START_REACHED,,COMPLETE_RETAINED,cafef-expansion-v1-worker-02.zip,521a851047ce4850ab9c900efd8696b8738c85dc0ce0163c7c0d74e5f27323ed,True
LCG,KBS:HOSE:LCG,worker-03,cafef-expansion-v1-worker-03,run-20260925T084030Z-cc2314fc,COMPLETE,COMPLETE,56,1,56,2019-12-27,2026-09-25,TARGET_START_REACHED,,COMPLETE_RETAINED,cafef-expansion-v1-worker-03.zip,74599201ecf4f3eb1301d2bc777ea0f32cd39b3c0ae6241d7e058a04bb271b49,True
LGC,KBS:HOSE:LGC,worker-04,cafef-expansion-v1-worker-04,run-20260925T125518Z-f0745c9f,NOT_STARTED,NOT_YET_ACQUIRED,0,,,,,,1,START_FROM_1,cafef-expansion-v1-worker-04.zip,d82238b839a1e3a2019514c5e3ba684b4a4a95c507ddfad03aa917bc87d207bd,True
LHC,KBS:HNX:LHC,worker-05,cafef-expansion-v1-worker-05,run-20260925T092604Z-3397f3b7,COMPLETE,COMPLETE,56,1,56,2019-12-23,2026-09-25,TARGET_START_REACHED,,COMPLETE_RETAINED,cafef-expansion-v1-worker-05.zip,44f6e1e1c4141de1f5da2b1267b719a25a40e854444386ef1360907a330370a0,True
LIG,KBS:HNX:LIG,worker-01,cafef-expansion-v1-worker-01,run-20260925T073407Z-82048f96,COMPLETE,COMPLETE,56,1,56,2019-12-23,2026-09-25,TARGET_START_REACHED,,COMPLETE_RETAINED,cafef-expansion-v1-worker-01.zip,6267e529acbb6df3c7c10ea13527e80cdc1fc9d6bd0efd91be9836a387373ba9,True
LPS,KBS:HOSE:LPS,worker-02,cafef-expansion-v1-worker-02,run-20260925T081933Z-4506e5a7,COMPLETE,COMPLETE,2,1,2,2026-08-18,2026-09-25,EMPTY_PROVIDER_BOUNDARY,,COMPLETE_RETAINED,cafef-expansion-v1-worker-02.zip,521a851047ce4850ab9c900efd8696b8738c85dc0ce0163c7c0d74e5f27323ed,True
MBG,KBS:HNX:MBG,worker-03,cafef-expansion-v1-worker-03,run-20260925T084030Z-cc2314fc,COMPLETE,COMPLETE,56,1,56,2019-12-20,2026-09-24,TARGET_START_REACHED,,COMPLETE_RETAINED,cafef-expansion-v1-worker-03.zip,74599201ecf4f3eb1301d2bc777ea0f32cd39b3c0ae6241d7e058a04bb271b49,True
MBS,KBS:HNX:MBS,worker-04,cafef-expansion-v1-worker-04,run-20260925T125518Z-f0745c9f,NOT_STARTED,NOT_YET_ACQUIRED,0,,,,,,1,START_FROM_1,cafef-expansion-v1-worker-04.zip,d82238b839a1e3a2019514c5e3ba684b4a4a95c507ddfad03aa917bc87d207bd,True
MCC,KBS:HNX:MCC,worker-05,cafef-expansion-v1-worker-05,run-20260925T092604Z-3397f3b7,COMPLETE,COMPLETE,56,1,56,2019-12-19,2026-09-25,TARGET_START_REACHED,,COMPLETE_RETAINED,cafef-expansion-v1-worker-05.zip,44f6e1e1c4141de1f5da2b1267b719a25a40e854444386ef1360907a330370a0,True
MCF,KBS:HNX:MCF,worker-01,cafef-expansion-v1-worker-01,run-20260925T073407Z-82048f96,COMPLETE,COMPLETE,56,1,56,2019-12-19,2026-09-25,TARGET_START_REACHED,,COMPLETE_RETAINED,cafef-expansion-v1-worker-01.zip,6267e529acbb6df3c7c10ea13527e80cdc1fc9d6bd0efd91be9836a387373ba9,True
MDG,KBS:HOSE:MDG,worker-02,cafef-expansion-v1-worker-02,run-20260925T081933Z-4506e5a7,COMPLETE,COMPLETE,56,1,56,2019-12-26,2026-09-25,TARGET_START_REACHED,,COMPLETE_RETAINED,cafef-expansion-v1-worker-02.zip,521a851047ce4850ab9c900efd8696b8738c85dc0ce0163c7c0d74e5f27323ed,True
MED,KBS:HNX:MED,worker-03,cafef-expansion-v1-worker-03,run-20260925T084030Z-cc2314fc,COMPLETE,COMPLETE,56,1,56,2020-03-18,2026-09-25,EMPTY_PROVIDER_BOUNDARY,,COMPLETE_RETAINED,cafef-expansion-v1-worker-03.zip,74599201ecf4f3eb1301d2bc777ea0f32cd39b3c0ae6241d7e058a04bb271b49,True
MEL,KBS:HNX:MEL,worker-04,cafef-expansion-v1-worker-04,run-20260925T125518Z-f0745c9f,NOT_STARTED,NOT_YET_ACQUIRED,0,,,,,,1,START_FROM_1,cafef-expansion-v1-worker-04.zip,d82238b839a1e3a2019514c5e3ba684b4a4a95c507ddfad03aa917bc87d207bd,True
MHC,KBS:HOSE:MHC,worker-05,cafef-expansion-v1-worker-05,run-20260925T092604Z-3397f3b7,COMPLETE,COMPLETE,56,1,56,2019-12-27,2026-09-25,TARGET_START_REACHED,,COMPLETE_RETAINED,cafef-expansion-v1-worker-05.zip,44f6e1e1c4141de1f5da2b1267b719a25a40e854444386ef1360907a330370a0,True
MIG,KBS:HOSE:MIG,worker-01,cafef-expansion-v1-worker-01,run-20260925T073407Z-82048f96,COMPLETE,COMPLETE,56,1,56,2019-12-17,2026-09-25,TARGET_START_REACHED,,COMPLETE_RETAINED,cafef-expansion-v1-worker-01.zip,6267e529acbb6df3c7c10ea13527e80cdc1fc9d6bd0efd91be9836a387373ba9,True
MSB,KBS:HOSE:MSB,worker-02,cafef-expansion-v1-worker-02,run-20260925T081933Z-4506e5a7,COMPLETE,COMPLETE,49,1,49,2020-12-23,2026-09-25,EMPTY_PROVIDER_BOUNDARY,,COMPLETE_RETAINED,cafef-expansion-v1-worker-02.zip,521a851047ce4850ab9c900efd8696b8738c85dc0ce0163c7c0d74e5f27323ed,True
MST,KBS:HNX:MST,worker-03,cafef-expansion-v1-worker-03,run-20260925T084030Z-cc2314fc,COMPLETE,COMPLETE,56,1,56,2019-12-20,2026-09-25,TARGET_START_REACHED,,COMPLETE_RETAINED,cafef-expansion-v1-worker-03.zip,74599201ecf4f3eb1301d2bc777ea0f32cd39b3c0ae6241d7e058a04bb271b49,True
MZG,KBS:HOSE:MZG,worker-04,cafef-expansion-v1-worker-04,run-20260925T125518Z-f0745c9f,NOT_STARTED,NOT_YET_ACQUIRED,0,,,,,,1,START_FROM_1,cafef-expansion-v1-worker-04.zip,d82238b839a1e3a2019514c5e3ba684b4a4a95c507ddfad03aa917bc87d207bd,True
NAB,KBS:HOSE:NAB,worker-05,cafef-expansion-v1-worker-05,run-20260925T092604Z-3397f3b7,COMPLETE,COMPLETE,50,1,50,2020-10-09,2026-09-25,EMPTY_PROVIDER_BOUNDARY,,COMPLETE_RETAINED,cafef-expansion-v1-worker-05.zip,44f6e1e1c4141de1f5da2b1267b719a25a40e854444386ef1360907a330370a0,True
NAG,KBS:HNX:NAG,worker-01,cafef-expansion-v1-worker-01,run-20260925T073407Z-82048f96,COMPLETE,COMPLETE,56,1,56,2019-12-19,2026-09-25,TARGET_START_REACHED,,COMPLETE_RETAINED,cafef-expansion-v1-worker-01.zip,6267e529acbb6df3c7c10ea13527e80cdc1fc9d6bd0efd91be9836a387373ba9,True
NAP,KBS:HNX:NAP,worker-02,cafef-expansion-v1-worker-02,run-20260925T081933Z-4506e5a7,COMPLETE,COMPLETE,56,1,56,2019-12-18,2026-09-24,TARGET_START_REACHED,,COMPLETE_RETAINED,cafef-expansion-v1-worker-02.zip,521a851047ce4850ab9c900efd8696b8738c85dc0ce0163c7c0d74e5f27323ed,True
NBB,KBS:HOSE:NBB,worker-03,cafef-expansion-v1-worker-03,run-20260925T084030Z-cc2314fc,COMPLETE,COMPLETE,56,1,56,2019-12-26,2026-09-25,TARGET_START_REACHED,,COMPLETE_RETAINED,cafef-expansion-v1-worker-03.zip,74599201ecf4f3eb1301d2bc777ea0f32cd39b3c0ae6241d7e058a04bb271b49,True
NBC,KBS:HNX:NBC,worker-04,cafef-expansion-v1-worker-04,run-20260925T125518Z-f0745c9f,NOT_STARTED,NOT_YET_ACQUIRED,0,,,,,,1,START_FROM_1,cafef-expansion-v1-worker-04.zip,d82238b839a1e3a2019514c5e3ba684b4a4a95c507ddfad03aa917bc87d207bd,True
NBP,KBS:HNX:NBP,worker-05,cafef-expansion-v1-worker-05,run-20260925T092604Z-3397f3b7,COMPLETE,COMPLETE,56,1,56,2019-12-19,2026-09-25,TARGET_START_REACHED,,COMPLETE_RETAINED,cafef-expansion-v1-worker-05.zip,44f6e1e1c4141de1f5da2b1267b719a25a40e854444386ef1360907a330370a0,True
NBW,KBS:HNX:NBW,worker-01,cafef-expansion-v1-worker-01,run-20260925T073407Z-82048f96,COMPLETE,COMPLETE,56,1,56,2019-12-19,2026-09-25,TARGET_START_REACHED,,COMPLETE_RETAINED,cafef-expansion-v1-worker-01.zip,6267e529acbb6df3c7c10ea13527e80cdc1fc9d6bd0efd91be9836a387373ba9,True
NCT,KBS:HOSE:NCT,worker-02,cafef-expansion-v1-worker-02,run-20260925T081933Z-4506e5a7,COMPLETE,COMPLETE,56,1,56,2019-12-26,2026-09-25,TARGET_START_REACHED,,COMPLETE_RETAINED,cafef-expansion-v1-worker-02.zip,521a851047ce4850ab9c900efd8696b8738c85dc0ce0163c7c0d74e5f27323ed,True
NDN,KBS:HNX:NDN,worker-03,cafef-expansion-v1-worker-03,run-20260925T084030Z-cc2314fc,COMPLETE,COMPLETE,56,1,56,2019-12-20,2026-09-25,TARGET_START_REACHED,,COMPLETE_RETAINED,cafef-expansion-v1-worker-03.zip,74599201ecf4f3eb1301d2bc777ea0f32cd39b3c0ae6241d7e058a04bb271b49,True
NDX,KBS:HNX:NDX,worker-04,cafef-expansion-v1-worker-04,run-20260925T125518Z-f0745c9f,NOT_STARTED,NOT_YET_ACQUIRED,0,,,,,,1,START_FROM_1,cafef-expansion-v1-worker-04.zip,d82238b839a1e3a2019514c5e3ba684b4a4a95c507ddfad03aa917bc87d207bd,True
NET,KBS:HNX:NET,worker-05,cafef-expansion-v1-worker-05,run-20260925T092604Z-3397f3b7,COMPLETE,COMPLETE,56,1,56,2019-12-19,2026-09-24,TARGET_START_REACHED,,COMPLETE_RETAINED,cafef-expansion-v1-worker-05.zip,44f6e1e1c4141de1f5da2b1267b719a25a40e854444386ef1360907a330370a0,True
NFC,KBS:HNX:NFC,worker-01,cafef-expansion-v1-worker-01,run-20260925T073407Z-82048f96,COMPLETE,COMPLETE,56,1,56,2019-12-20,2026-09-24,TARGET_START_REACHED,,COMPLETE_RETAINED,cafef-expansion-v1-worker-01.zip,6267e529acbb6df3c7c10ea13527e80cdc1fc9d6bd0efd91be9836a387373ba9,True
NHA,KBS:HOSE:NHA,worker-02,cafef-expansion-v1-worker-02,run-20260925T081933Z-4506e5a7,COMPLETE,COMPLETE,56,1,56,2019-12-18,2026-09-25,TARGET_START_REACHED,,COMPLETE_RETAINED,cafef-expansion-v1-worker-02.zip,521a851047ce4850ab9c900efd8696b8738c85dc0ce0163c7c0d74e5f27323ed,True
NHC,KBS:HNX:NHC,worker-03,cafef-expansion-v1-worker-03,run-20260925T084030Z-cc2314fc,COMPLETE,COMPLETE,56,1,56,2019-12-20,2026-09-25,TARGET_START_REACHED,,COMPLETE_RETAINED,cafef-expansion-v1-worker-03.zip,74599201ecf4f3eb1301d2bc777ea0f32cd39b3c0ae6241d7e058a04bb271b49,True
NHH,KBS:HOSE:NHH,worker-04,cafef-expansion-v1-worker-04,run-20260925T125518Z-f0745c9f,NOT_STARTED,NOT_YET_ACQUIRED,0,,,,,,1,START_FROM_1,cafef-expansion-v1-worker-04.zip,d82238b839a1e3a2019514c5e3ba684b4a4a95c507ddfad03aa917bc87d207bd,True
NHT,KBS:HOSE:NHT,worker-05,cafef-expansion-v1-worker-05,run-20260925T092604Z-3397f3b7,COMPLETE,COMPLETE,56,1,56,2019-12-05,2026-09-25,TARGET_START_REACHED,,COMPLETE_RETAINED,cafef-expansion-v1-worker-05.zip,44f6e1e1c4141de1f5da2b1267b719a25a40e854444386ef1360907a330370a0,True
NKG,KBS:HOSE:NKG,worker-01,cafef-expansion-v1-worker-01,run-20260925T073407Z-82048f96,COMPLETE,COMPLETE,56,1,56,2019-12-26,2026-09-25,TARGET_START_REACHED,,COMPLETE_RETAINED,cafef-expansion-v1-worker-01.zip,6267e529acbb6df3c7c10ea13527e80cdc1fc9d6bd0efd91be9836a387373ba9,True
NLG,KBS:HOSE:NLG,worker-02,cafef-expansion-v1-worker-02,run-20260925T081933Z-4506e5a7,COMPLETE,COMPLETE,56,1,56,2019-12-27,2026-09-25,TARGET_START_REACHED,,COMPLETE_RETAINED,cafef-expansion-v1-worker-02.zip,521a851047ce4850ab9c900efd8696b8738c85dc0ce0163c7c0d74e5f27323ed,True
NRC,KBS:HNX:NRC,worker-03,cafef-expansion-v1-worker-03,run-20260925T084030Z-cc2314fc,COMPLETE,COMPLETE,56,1,56,2019-12-19,2026-09-25,TARGET_START_REACHED,,COMPLETE_RETAINED,cafef-expansion-v1-worker-03.zip,74599201ecf4f3eb1301d2bc777ea0f32cd39b3c0ae6241d7e058a04bb271b49,True
NSC,KBS:HOSE:NSC,worker-04,cafef-expansion-v1-worker-04,run-20260925T125518Z-f0745c9f,NOT_STARTED,NOT_YET_ACQUIRED,0,,,,,,1,START_FROM_1,cafef-expansion-v1-worker-04.zip,d82238b839a1e3a2019514c5e3ba684b4a4a95c507ddfad03aa917bc87d207bd,True
NTL,KBS:HOSE:NTL,worker-05,cafef-expansion-v1-worker-05,run-20260925T092604Z-3397f3b7,COMPLETE,COMPLETE,56,1,56,2019-12-26,2026-09-25,TARGET_START_REACHED,,COMPLETE_RETAINED,cafef-expansion-v1-worker-05.zip,44f6e1e1c4141de1f5da2b1267b719a25a40e854444386ef1360907a330370a0,True
NVB,KBS:HNX:NVB,worker-01,cafef-expansion-v1-worker-01,run-20260925T073407Z-82048f96,COMPLETE,COMPLETE,56,1,56,2019-12-18,2026-09-25,TARGET_START_REACHED,,COMPLETE_RETAINED,cafef-expansion-v1-worker-01.zip,6267e529acbb6df3c7c10ea13527e80cdc1fc9d6bd0efd91be9836a387373ba9,True
NVL,KBS:HOSE:NVL,worker-02,cafef-expansion-v1-worker-02,run-20260925T081933Z-4506e5a7,COMPLETE,COMPLETE,56,1,56,2019-12-25,2026-09-25,TARGET_START_REACHED,,COMPLETE_RETAINED,cafef-expansion-v1-worker-02.zip,521a851047ce4850ab9c900efd8696b8738c85dc0ce0163c7c0d74e5f27323ed,True
NVT,KBS:HOSE:NVT,worker-03,cafef-expansion-v1-worker-03,run-20260925T084030Z-cc2314fc,COMPLETE,COMPLETE,56,1,56,2019-12-27,2026-09-25,TARGET_START_REACHED,,COMPLETE_RETAINED,cafef-expansion-v1-worker-03.zip,74599201ecf4f3eb1301d2bc777ea0f32cd39b3c0ae6241d7e058a04bb271b49,True
OCH,KBS:HNX:OCH,worker-04,cafef-expansion-v1-worker-04,run-20260925T125518Z-f0745c9f,NOT_STARTED,NOT_YET_ACQUIRED,0,,,,,,1,START_FROM_1,cafef-expansion-v1-worker-04.zip,d82238b839a1e3a2019514c5e3ba684b4a4a95c507ddfad03aa917bc87d207bd,True
OGC,KBS:HOSE:OGC,worker-05,cafef-expansion-v1-worker-05,run-20260925T092604Z-3397f3b7,COMPLETE,COMPLETE,56,1,56,2019-12-27,2026-09-24,TARGET_START_REACHED,,COMPLETE_RETAINED,cafef-expansion-v1-worker-05.zip,44f6e1e1c4141de1f5da2b1267b719a25a40e854444386ef1360907a330370a0,True
OPC,KBS:HOSE:OPC,worker-01,cafef-expansion-v1-worker-01,run-20260925T073407Z-82048f96,COMPLETE,COMPLETE,56,1,56,2019-12-27,2026-09-25,TARGET_START_REACHED,,COMPLETE_RETAINED,cafef-expansion-v1-worker-01.zip,6267e529acbb6df3c7c10ea13527e80cdc1fc9d6bd0efd91be9836a387373ba9,True
ORS,KBS:HOSE:ORS,worker-02,cafef-expansion-v1-worker-02,run-20260925T081933Z-4506e5a7,COMPLETE,COMPLETE,56,1,56,2019-12-10,2026-09-25,TARGET_START_REACHED,,COMPLETE_RETAINED,cafef-expansion-v1-worker-02.zip,521a851047ce4850ab9c900efd8696b8738c85dc0ce0163c7c0d74e5f27323ed,True
PAN,KBS:HOSE:PAN,worker-03,cafef-expansion-v1-worker-03,run-20260925T084030Z-cc2314fc,COMPLETE,COMPLETE,56,1,56,2019-12-18,2026-09-25,TARGET_START_REACHED,,COMPLETE_RETAINED,cafef-expansion-v1-worker-03.zip,74599201ecf4f3eb1301d2bc777ea0f32cd39b3c0ae6241d7e058a04bb271b49,True
PC1,KBS:HOSE:PC1,worker-04,cafef-expansion-v1-worker-04,run-20260925T125518Z-f0745c9f,NOT_STARTED,NOT_YET_ACQUIRED,0,,,,,,1,START_FROM_1,cafef-expansion-v1-worker-04.zip,d82238b839a1e3a2019514c5e3ba684b4a4a95c507ddfad03aa917bc87d207bd,True
PCT,KBS:HNX:PCT,worker-05,cafef-expansion-v1-worker-05,run-20260925T092604Z-3397f3b7,COMPLETE,COMPLETE,56,1,56,2019-12-19,2026-09-24,TARGET_START_REACHED,,COMPLETE_RETAINED,cafef-expansion-v1-worker-05.zip,44f6e1e1c4141de1f5da2b1267b719a25a40e854444386ef1360907a330370a0,True
PDB,KBS:HNX:PDB,worker-01,cafef-expansion-v1-worker-01,run-20260925T073407Z-82048f96,COMPLETE,COMPLETE,56,1,56,2019-12-19,2026-09-25,TARGET_START_REACHED,,COMPLETE_RETAINED,cafef-expansion-v1-worker-01.zip,6267e529acbb6df3c7c10ea13527e80cdc1fc9d6bd0efd91be9836a387373ba9,True
PDR,KBS:HOSE:PDR,worker-02,cafef-expansion-v1-worker-02,run-20260925T081933Z-4506e5a7,COMPLETE,COMPLETE,56,1,56,2019-12-27,2026-09-25,TARGET_START_REACHED,,COMPLETE_RETAINED,cafef-expansion-v1-worker-02.zip,521a851047ce4850ab9c900efd8696b8738c85dc0ce0163c7c0d74e5f27323ed,True
PEN,KBS:HNX:PEN,worker-03,cafef-expansion-v1-worker-03,run-20260925T084030Z-cc2314fc,COMPLETE,COMPLETE,56,1,56,2019-12-19,2026-09-25,TARGET_START_REACHED,,COMPLETE_RETAINED,cafef-expansion-v1-worker-03.zip,74599201ecf4f3eb1301d2bc777ea0f32cd39b3c0ae6241d7e058a04bb271b49,True
PET,KBS:HOSE:PET,worker-04,cafef-expansion-v1-worker-04,run-20260925T125518Z-f0745c9f,NOT_STARTED,NOT_YET_ACQUIRED,0,,,,,,1,START_FROM_1,cafef-expansion-v1-worker-04.zip,d82238b839a1e3a2019514c5e3ba684b4a4a95c507ddfad03aa917bc87d207bd,True
PGC,KBS:HOSE:PGC,worker-05,cafef-expansion-v1-worker-05,run-20260925T092604Z-3397f3b7,COMPLETE,COMPLETE,56,1,56,2019-12-26,2026-09-25,TARGET_START_REACHED,,COMPLETE_RETAINED,cafef-expansion-v1-worker-05.zip,44f6e1e1c4141de1f5da2b1267b719a25a40e854444386ef1360907a330370a0,True
PGD,KBS:HOSE:PGD,worker-01,cafef-expansion-v1-worker-01,run-20260925T073407Z-82048f96,COMPLETE,COMPLETE,56,1,56,2019-12-27,2026-09-25,TARGET_START_REACHED,,COMPLETE_RETAINED,cafef-expansion-v1-worker-01.zip,6267e529acbb6df3c7c10ea13527e80cdc1fc9d6bd0efd91be9836a387373ba9,True
PGN,KBS:HNX:PGN,worker-02,cafef-expansion-v1-worker-02,run-20260925T081933Z-4506e5a7,COMPLETE,COMPLETE,56,1,56,2019-12-18,2026-09-25,TARGET_START_REACHED,,COMPLETE_RETAINED,cafef-expansion-v1-worker-02.zip,521a851047ce4850ab9c900efd8696b8738c85dc0ce0163c7c0d74e5f27323ed,True
PGT,KBS:HNX:PGT,worker-03,cafef-expansion-v1-worker-03,run-20260925T084030Z-cc2314fc,COMPLETE,COMPLETE,56,1,56,2019-12-18,2026-09-24,TARGET_START_REACHED,,COMPLETE_RETAINED,cafef-expansion-v1-worker-03.zip,74599201ecf4f3eb1301d2bc777ea0f32cd39b3c0ae6241d7e058a04bb271b49,True
PHC,KBS:HOSE:PHC,worker-04,cafef-expansion-v1-worker-04,run-20260925T125518Z-f0745c9f,NOT_STARTED,NOT_YET_ACQUIRED,0,,,,,,1,START_FROM_1,cafef-expansion-v1-worker-04.zip,d82238b839a1e3a2019514c5e3ba684b4a4a95c507ddfad03aa917bc87d207bd,True
PJC,KBS:HNX:PJC,worker-05,cafef-expansion-v1-worker-05,run-20260925T092604Z-3397f3b7,COMPLETE,COMPLETE,56,1,56,2019-12-19,2026-09-25,TARGET_START_REACHED,,COMPLETE_RETAINED,cafef-expansion-v1-worker-05.zip,44f6e1e1c4141de1f5da2b1267b719a25a40e854444386ef1360907a330370a0,True
PJT,KBS:HOSE:PJT,worker-01,cafef-expansion-v1-worker-01,run-20260925T073407Z-82048f96,COMPLETE,COMPLETE,56,1,56,2019-12-27,2026-09-25,TARGET_START_REACHED,,COMPLETE_RETAINED,cafef-expansion-v1-worker-01.zip,6267e529acbb6df3c7c10ea13527e80cdc1fc9d6bd0efd91be9836a387373ba9,True
PLC,KBS:HNX:PLC,worker-02,cafef-expansion-v1-worker-02,run-20260925T081933Z-4506e5a7,COMPLETE,COMPLETE,56,1,56,2019-12-19,2026-09-25,TARGET_START_REACHED,,COMPLETE_RETAINED,cafef-expansion-v1-worker-02.zip,521a851047ce4850ab9c900efd8696b8738c85dc0ce0163c7c0d74e5f27323ed,True
PMC,KBS:HNX:PMC,worker-03,cafef-expansion-v1-worker-03,run-20260925T084030Z-cc2314fc,COMPLETE,COMPLETE,56,1,56,2019-12-18,2026-09-25,TARGET_START_REACHED,,COMPLETE_RETAINED,cafef-expansion-v1-worker-03.zip,74599201ecf4f3eb1301d2bc777ea0f32cd39b3c0ae6241d7e058a04bb271b49,True
PMG,KBS:HOSE:PMG,worker-04,cafef-expansion-v1-worker-04,run-20260925T125518Z-f0745c9f,NOT_STARTED,NOT_YET_ACQUIRED,0,,,,,,1,START_FROM_1,cafef-expansion-v1-worker-04.zip,d82238b839a1e3a2019514c5e3ba684b4a4a95c507ddfad03aa917bc87d207bd,True
PMP,KBS:HNX:PMP,worker-05,cafef-expansion-v1-worker-05,run-20260925T092604Z-3397f3b7,COMPLETE,COMPLETE,56,1,56,2019-12-18,2026-09-25,TARGET_START_REACHED,,COMPLETE_RETAINED,cafef-expansion-v1-worker-05.zip,44f6e1e1c4141de1f5da2b1267b719a25a40e854444386ef1360907a330370a0,True
PMS,KBS:HNX:PMS,worker-01,cafef-expansion-v1-worker-01,run-20260925T073407Z-82048f96,COMPLETE,COMPLETE,56,1,56,2019-12-20,2026-09-25,TARGET_START_REACHED,,COMPLETE_RETAINED,cafef-expansion-v1-worker-01.zip,6267e529acbb6df3c7c10ea13527e80cdc1fc9d6bd0efd91be9836a387373ba9,True
PNC,KBS:HOSE:PNC,worker-02,cafef-expansion-v1-worker-02,run-20260925T081933Z-4506e5a7,COMPLETE,COMPLETE,56,1,56,2019-12-27,2026-09-24,TARGET_START_REACHED,,COMPLETE_RETAINED,cafef-expansion-v1-worker-02.zip,521a851047ce4850ab9c900efd8696b8738c85dc0ce0163c7c0d74e5f27323ed,True
POT,KBS:HNX:POT,worker-03,cafef-expansion-v1-worker-03,run-20260925T084030Z-cc2314fc,COMPLETE,COMPLETE,56,1,56,2019-12-17,2026-09-25,TARGET_START_REACHED,,COMPLETE_RETAINED,cafef-expansion-v1-worker-03.zip,74599201ecf4f3eb1301d2bc777ea0f32cd39b3c0ae6241d7e058a04bb271b49,True
PPC,KBS:HOSE:PPC,worker-04,cafef-expansion-v1-worker-04,run-20260925T125518Z-f0745c9f,NOT_STARTED,NOT_YET_ACQUIRED,0,,,,,,1,START_FROM_1,cafef-expansion-v1-worker-04.zip,d82238b839a1e3a2019514c5e3ba684b4a4a95c507ddfad03aa917bc87d207bd,True
PPS,KBS:HNX:PPS,worker-05,cafef-expansion-v1-worker-05,run-20260925T092604Z-3397f3b7,COMPLETE,COMPLETE,56,1,56,2019-12-18,2026-09-25,TARGET_START_REACHED,,COMPLETE_RETAINED,cafef-expansion-v1-worker-05.zip,44f6e1e1c4141de1f5da2b1267b719a25a40e854444386ef1360907a330370a0,True
PPT,KBS:HNX:PPT,worker-01,cafef-expansion-v1-worker-01,run-20260925T073407Z-82048f96,COMPLETE,COMPLETE,37,1,37,2022-06-17,2026-09-25,EMPTY_PROVIDER_BOUNDARY,,COMPLETE_RETAINED,cafef-expansion-v1-worker-01.zip,6267e529acbb6df3c7c10ea13527e80cdc1fc9d6bd0efd91be9836a387373ba9,True
PPY,KBS:HNX:PPY,worker-02,cafef-expansion-v1-worker-02,run-20260925T081933Z-4506e5a7,COMPLETE,COMPLETE,56,1,56,2019-12-19,2026-09-25,TARGET_START_REACHED,,COMPLETE_RETAINED,cafef-expansion-v1-worker-02.zip,521a851047ce4850ab9c900efd8696b8738c85dc0ce0163c7c0d74e5f27323ed,True
PRE,KBS:HNX:PRE,worker-03,cafef-expansion-v1-worker-03,run-20260925T084030Z-cc2314fc,COMPLETE,COMPLETE,49,1,49,2020-12-24,2026-09-25,EMPTY_PROVIDER_BOUNDARY,,COMPLETE_RETAINED,cafef-expansion-v1-worker-03.zip,74599201ecf4f3eb1301d2bc777ea0f32cd39b3c0ae6241d7e058a04bb271b49,True
PSC,KBS:HNX:PSC,worker-04,cafef-expansion-v1-worker-04,run-20260925T125518Z-f0745c9f,NOT_STARTED,NOT_YET_ACQUIRED,0,,,,,,1,START_FROM_1,cafef-expansion-v1-worker-04.zip,d82238b839a1e3a2019514c5e3ba684b4a4a95c507ddfad03aa917bc87d207bd,True
PSE,KBS:HNX:PSE,worker-05,cafef-expansion-v1-worker-05,run-20260925T092604Z-3397f3b7,COMPLETE,COMPLETE,56,1,56,2019-12-11,2026-09-24,TARGET_START_REACHED,,COMPLETE_RETAINED,cafef-expansion-v1-worker-05.zip,44f6e1e1c4141de1f5da2b1267b719a25a40e854444386ef1360907a330370a0,True
PSW,KBS:HNX:PSW,worker-01,cafef-expansion-v1-worker-01,run-20260925T073407Z-82048f96,COMPLETE,COMPLETE,56,1,56,2019-12-11,2026-09-25,TARGET_START_REACHED,,COMPLETE_RETAINED,cafef-expansion-v1-worker-01.zip,6267e529acbb6df3c7c10ea13527e80cdc1fc9d6bd0efd91be9836a387373ba9,True
PTB,KBS:HOSE:PTB,worker-02,cafef-expansion-v1-worker-02,run-20260925T081933Z-4506e5a7,COMPLETE,COMPLETE,56,1,56,2019-12-27,2026-09-25,TARGET_START_REACHED,,COMPLETE_RETAINED,cafef-expansion-v1-worker-02.zip,521a851047ce4850ab9c900efd8696b8738c85dc0ce0163c7c0d74e5f27323ed,True
PTC,KBS:HOSE:PTC,worker-03,cafef-expansion-v1-worker-03,run-20260925T084030Z-cc2314fc,COMPLETE,COMPLETE,56,1,56,2019-12-27,2026-09-25,TARGET_START_REACHED,,COMPLETE_RETAINED,cafef-expansion-v1-worker-03.zip,74599201ecf4f3eb1301d2bc777ea0f32cd39b3c0ae6241d7e058a04bb271b49,True
PTI,KBS:HNX:PTI,worker-04,cafef-expansion-v1-worker-04,run-20260925T125518Z-f0745c9f,NOT_STARTED,NOT_YET_ACQUIRED,0,,,,,,1,START_FROM_1,cafef-expansion-v1-worker-04.zip,d82238b839a1e3a2019514c5e3ba684b4a4a95c507ddfad03aa917bc87d207bd,True
PTS,KBS:HNX:PTS,worker-05,cafef-expansion-v1-worker-05,run-20260925T092604Z-3397f3b7,COMPLETE,COMPLETE,56,1,56,2019-12-11,2026-09-25,TARGET_START_REACHED,,COMPLETE_RETAINED,cafef-expansion-v1-worker-05.zip,44f6e1e1c4141de1f5da2b1267b719a25a40e854444386ef1360907a330370a0,True
PTX,KBS:HNX:PTX,worker-01,cafef-expansion-v1-worker-01,run-20260925T073407Z-82048f96,COMPLETE,COMPLETE,52,1,52,2019-12-26,2026-09-25,TARGET_START_REACHED,,COMPLETE_RETAINED,cafef-expansion-v1-worker-01.zip,6267e529acbb6df3c7c10ea13527e80cdc1fc9d6bd0efd91be9836a387373ba9,True
PVC,KBS:HNX:PVC,worker-02,cafef-expansion-v1-worker-02,run-20260925T081933Z-4506e5a7,COMPLETE,COMPLETE,56,1,56,2019-12-12,2026-09-25,TARGET_START_REACHED,,COMPLETE_RETAINED,cafef-expansion-v1-worker-02.zip,521a851047ce4850ab9c900efd8696b8738c85dc0ce0163c7c0d74e5f27323ed,True
PVT,KBS:HOSE:PVT,worker-03,cafef-expansion-v1-worker-03,run-20260925T084030Z-cc2314fc,COMPLETE,COMPLETE,56,1,56,2019-12-27,2026-09-25,TARGET_START_REACHED,,COMPLETE_RETAINED,cafef-expansion-v1-worker-03.zip,74599201ecf4f3eb1301d2bc777ea0f32cd39b3c0ae6241d7e058a04bb271b49,True
QHD,KBS:HNX:QHD,worker-04,cafef-expansion-v1-worker-04,run-20260925T125518Z-f0745c9f,NOT_STARTED,NOT_YET_ACQUIRED,0,,,,,,1,START_FROM_1,cafef-expansion-v1-worker-04.zip,d82238b839a1e3a2019514c5e3ba684b4a4a95c507ddfad03aa917bc87d207bd,True
QNP,KBS:HOSE:QNP,worker-05,cafef-expansion-v1-worker-05,run-20260925T092604Z-3397f3b7,COMPLETE,COMPLETE,24,1,24,2024-01-18,2026-09-25,EMPTY_PROVIDER_BOUNDARY,,COMPLETE_RETAINED,cafef-expansion-v1-worker-05.zip,44f6e1e1c4141de1f5da2b1267b719a25a40e854444386ef1360907a330370a0,True
QST,KBS:HNX:QST,worker-01,cafef-expansion-v1-worker-01,run-20260925T073407Z-82048f96,COMPLETE,COMPLETE,56,1,56,2019-12-03,2026-09-25,TARGET_START_REACHED,,COMPLETE_RETAINED,cafef-expansion-v1-worker-01.zip,6267e529acbb6df3c7c10ea13527e80cdc1fc9d6bd0efd91be9836a387373ba9,True
QTC,KBS:HNX:QTC,worker-02,cafef-expansion-v1-worker-02,run-20260925T081933Z-4506e5a7,COMPLETE,COMPLETE,56,1,56,2019-12-03,2026-09-25,TARGET_START_REACHED,,COMPLETE_RETAINED,cafef-expansion-v1-worker-02.zip,521a851047ce4850ab9c900efd8696b8738c85dc0ce0163c7c0d74e5f27323ed,True
RAL,KBS:HOSE:RAL,worker-03,cafef-expansion-v1-worker-03,run-20260925T084030Z-cc2314fc,COMPLETE,COMPLETE,56,1,56,2019-12-26,2026-09-25,TARGET_START_REACHED,,COMPLETE_RETAINED,cafef-expansion-v1-worker-03.zip,74599201ecf4f3eb1301d2bc777ea0f32cd39b3c0ae6241d7e058a04bb271b49,True
RCL,KBS:HNX:RCL,worker-04,cafef-expansion-v1-worker-04,run-20260925T125518Z-f0745c9f,NOT_STARTED,NOT_YET_ACQUIRED,0,,,,,,1,START_FROM_1,cafef-expansion-v1-worker-04.zip,d82238b839a1e3a2019514c5e3ba684b4a4a95c507ddfad03aa917bc87d207bd,True
RYG,KBS:HOSE:RYG,worker-05,cafef-expansion-v1-worker-05,run-20260925T092604Z-3397f3b7,COMPLETE,COMPLETE,16,1,16,2024-12-13,2026-09-25,EMPTY_PROVIDER_BOUNDARY,,COMPLETE_RETAINED,cafef-expansion-v1-worker-05.zip,44f6e1e1c4141de1f5da2b1267b719a25a40e854444386ef1360907a330370a0,True
SAM,KBS:HOSE:SAM,worker-01,cafef-expansion-v1-worker-01,run-20260925T073407Z-82048f96,COMPLETE,COMPLETE,56,1,56,2019-12-27,2026-09-25,TARGET_START_REACHED,,COMPLETE_RETAINED,cafef-expansion-v1-worker-01.zip,6267e529acbb6df3c7c10ea13527e80cdc1fc9d6bd0efd91be9836a387373ba9,True
SBA,KBS:HOSE:SBA,worker-02,cafef-expansion-v1-worker-02,run-20260925T081933Z-4506e5a7,COMPLETE,COMPLETE,56,1,56,2019-12-27,2026-09-24,TARGET_START_REACHED,,COMPLETE_RETAINED,cafef-expansion-v1-worker-02.zip,521a851047ce4850ab9c900efd8696b8738c85dc0ce0163c7c0d74e5f27323ed,True
SBG,KBS:HOSE:SBG,worker-03,cafef-expansion-v1-worker-03,run-20260925T084030Z-cc2314fc,COMPLETE,COMPLETE,25,1,25,2023-12-01,2026-09-25,EMPTY_PROVIDER_BOUNDARY,,COMPLETE_RETAINED,cafef-expansion-v1-worker-03.zip,74599201ecf4f3eb1301d2bc777ea0f32cd39b3c0ae6241d7e058a04bb271b49,True
SBT,KBS:HOSE:SBT,worker-04,cafef-expansion-v1-worker-04,run-20260925T125518Z-f0745c9f,NOT_STARTED,NOT_YET_ACQUIRED,0,,,,,,1,START_FROM_1,cafef-expansion-v1-worker-04.zip,d82238b839a1e3a2019514c5e3ba684b4a4a95c507ddfad03aa917bc87d207bd,True
SCG,KBS:HNX:SCG,worker-05,cafef-expansion-v1-worker-05,run-20260925T092604Z-3397f3b7,COMPLETE,COMPLETE,46,1,46,2021-04-12,2026-09-25,EMPTY_PROVIDER_BOUNDARY,,COMPLETE_RETAINED,cafef-expansion-v1-worker-05.zip,44f6e1e1c4141de1f5da2b1267b719a25a40e854444386ef1360907a330370a0,True
SCI,KBS:HNX:SCI,worker-01,cafef-expansion-v1-worker-01,run-20260925T073407Z-82048f96,COMPLETE,COMPLETE,56,1,56,2019-11-29,2026-09-25,TARGET_START_REACHED,,COMPLETE_RETAINED,cafef-expansion-v1-worker-01.zip,6267e529acbb6df3c7c10ea13527e80cdc1fc9d6bd0efd91be9836a387373ba9,True
SCR,KBS:HOSE:SCR,worker-02,cafef-expansion-v1-worker-02,run-20260925T081933Z-4506e5a7,COMPLETE,COMPLETE,56,1,56,2019-12-26,2026-09-25,TARGET_START_REACHED,,COMPLETE_RETAINED,cafef-expansion-v1-worker-02.zip,521a851047ce4850ab9c900efd8696b8738c85dc0ce0163c7c0d74e5f27323ed,True
SD9,KBS:HNX:SD9,worker-03,cafef-expansion-v1-worker-03,run-20260925T084030Z-cc2314fc,COMPLETE,COMPLETE,56,1,56,2019-12-04,2026-09-24,TARGET_START_REACHED,,COMPLETE_RETAINED,cafef-expansion-v1-worker-03.zip,74599201ecf4f3eb1301d2bc777ea0f32cd39b3c0ae6241d7e058a04bb271b49,True
SDC,KBS:HNX:SDC,worker-04,cafef-expansion-v1-worker-04,run-20260925T125518Z-f0745c9f,NOT_STARTED,NOT_YET_ACQUIRED,0,,,,,,1,START_FROM_1,cafef-expansion-v1-worker-04.zip,d82238b839a1e3a2019514c5e3ba684b4a4a95c507ddfad03aa917bc87d207bd,True
SDG,KBS:HNX:SDG,worker-05,cafef-expansion-v1-worker-05,run-20260925T092604Z-3397f3b7,COMPLETE,COMPLETE,56,1,56,2019-12-03,2026-09-25,TARGET_START_REACHED,,COMPLETE_RETAINED,cafef-expansion-v1-worker-05.zip,44f6e1e1c4141de1f5da2b1267b719a25a40e854444386ef1360907a330370a0,True
SDN,KBS:HNX:SDN,worker-01,cafef-expansion-v1-worker-01,run-20260925T073407Z-82048f96,COMPLETE,COMPLETE,56,1,56,2019-11-29,2026-09-25,TARGET_START_REACHED,,COMPLETE_RETAINED,cafef-expansion-v1-worker-01.zip,6267e529acbb6df3c7c10ea13527e80cdc1fc9d6bd0efd91be9836a387373ba9,True
SDU,KBS:HNX:SDU,worker-02,cafef-expansion-v1-worker-02,run-20260925T081933Z-4506e5a7,COMPLETE,COMPLETE,56,1,56,2019-12-03,2026-09-25,TARGET_START_REACHED,,COMPLETE_RETAINED,cafef-expansion-v1-worker-02.zip,521a851047ce4850ab9c900efd8696b8738c85dc0ce0163c7c0d74e5f27323ed,True
SFC,KBS:HOSE:SFC,worker-03,cafef-expansion-v1-worker-03,run-20260925T084030Z-cc2314fc,COMPLETE,COMPLETE,56,1,56,2019-12-27,2026-09-25,TARGET_START_REACHED,,COMPLETE_RETAINED,cafef-expansion-v1-worker-03.zip,74599201ecf4f3eb1301d2bc777ea0f32cd39b3c0ae6241d7e058a04bb271b49,True
SFG,KBS:HOSE:SFG,worker-04,cafef-expansion-v1-worker-04,run-20260925T125518Z-f0745c9f,NOT_STARTED,NOT_YET_ACQUIRED,0,,,,,,1,START_FROM_1,cafef-expansion-v1-worker-04.zip,d82238b839a1e3a2019514c5e3ba684b4a4a95c507ddfad03aa917bc87d207bd,True
SFI,KBS:HOSE:SFI,worker-05,cafef-expansion-v1-worker-05,run-20260925T092604Z-3397f3b7,COMPLETE,COMPLETE,56,1,56,2019-12-27,2026-09-24,TARGET_START_REACHED,,COMPLETE_RETAINED,cafef-expansion-v1-worker-05.zip,44f6e1e1c4141de1f5da2b1267b719a25a40e854444386ef1360907a330370a0,True
SFN,KBS:HNX:SFN,worker-01,cafef-expansion-v1-worker-01,run-20260925T073407Z-82048f96,COMPLETE,COMPLETE,56,1,56,2019-12-04,2026-09-25,TARGET_START_REACHED,,COMPLETE_RETAINED,cafef-expansion-v1-worker-01.zip,6267e529acbb6df3c7c10ea13527e80cdc1fc9d6bd0efd91be9836a387373ba9,True
SGC,KBS:HNX:SGC,worker-02,cafef-expansion-v1-worker-02,run-20260925T081933Z-4506e5a7,COMPLETE,COMPLETE,56,1,56,2019-12-03,2026-09-25,TARGET_START_REACHED,,COMPLETE_RETAINED,cafef-expansion-v1-worker-02.zip,521a851047ce4850ab9c900efd8696b8738c85dc0ce0163c7c0d74e5f27323ed,True
SGH,KBS:HNX:SGH,worker-03,cafef-expansion-v1-worker-03,run-20260925T084030Z-cc2314fc,COMPLETE,COMPLETE,56,1,56,2019-12-03,2026-09-25,TARGET_START_REACHED,,COMPLETE_RETAINED,cafef-expansion-v1-worker-03.zip,74599201ecf4f3eb1301d2bc777ea0f32cd39b3c0ae6241d7e058a04bb271b49,True
SGN,KBS:HOSE:SGN,worker-04,cafef-expansion-v1-worker-04,run-20260925T125518Z-f0745c9f,NOT_STARTED,NOT_YET_ACQUIRED,0,,,,,,1,START_FROM_1,cafef-expansion-v1-worker-04.zip,d82238b839a1e3a2019514c5e3ba684b4a4a95c507ddfad03aa917bc87d207bd,True
SGR,KBS:HOSE:SGR,worker-05,cafef-expansion-v1-worker-05,run-20260925T092604Z-3397f3b7,COMPLETE,COMPLETE,56,1,56,2019-12-27,2026-09-25,TARGET_START_REACHED,,COMPLETE_RETAINED,cafef-expansion-v1-worker-05.zip,44f6e1e1c4141de1f5da2b1267b719a25a40e854444386ef1360907a330370a0,True
SGT,KBS:HOSE:SGT,worker-01,cafef-expansion-v1-worker-01,run-20260925T073407Z-82048f96,COMPLETE,COMPLETE,56,1,56,2019-12-27,2026-09-25,TARGET_START_REACHED,,COMPLETE_RETAINED,cafef-expansion-v1-worker-01.zip,6267e529acbb6df3c7c10ea13527e80cdc1fc9d6bd0efd91be9836a387373ba9,True
SHA,KBS:HOSE:SHA,worker-02,cafef-expansion-v1-worker-02,run-20260925T081933Z-4506e5a7,COMPLETE,COMPLETE,56,1,56,2019-12-27,2026-09-25,TARGET_START_REACHED,,COMPLETE_RETAINED,cafef-expansion-v1-worker-02.zip,521a851047ce4850ab9c900efd8696b8738c85dc0ce0163c7c0d74e5f27323ed,True
SHE,KBS:HNX:SHE,worker-03,cafef-expansion-v1-worker-03,run-20260925T084030Z-cc2314fc,COMPLETE,COMPLETE,56,1,56,2019-11-29,2026-09-25,TARGET_START_REACHED,,COMPLETE_RETAINED,cafef-expansion-v1-worker-03.zip,74599201ecf4f3eb1301d2bc777ea0f32cd39b3c0ae6241d7e058a04bb271b49,True
SHN,KBS:HNX:SHN,worker-04,cafef-expansion-v1-worker-04,run-20260925T125518Z-f0745c9f,NOT_STARTED,NOT_YET_ACQUIRED,0,,,,,,1,START_FROM_1,cafef-expansion-v1-worker-04.zip,d82238b839a1e3a2019514c5e3ba684b4a4a95c507ddfad03aa917bc87d207bd,True
SHS,KBS:HNX:SHS,worker-05,cafef-expansion-v1-worker-05,run-20260925T092604Z-3397f3b7,COMPLETE,COMPLETE,56,1,56,2019-12-04,2026-09-25,TARGET_START_REACHED,,COMPLETE_RETAINED,cafef-expansion-v1-worker-05.zip,44f6e1e1c4141de1f5da2b1267b719a25a40e854444386ef1360907a330370a0,True
SJ1,KBS:HNX:SJ1,worker-01,cafef-expansion-v1-worker-01,run-20260925T073407Z-82048f96,COMPLETE,COMPLETE,56,1,56,2019-12-03,2026-09-25,TARGET_START_REACHED,,COMPLETE_RETAINED,cafef-expansion-v1-worker-01.zip,6267e529acbb6df3c7c10ea13527e80cdc1fc9d6bd0efd91be9836a387373ba9,True
SJD,KBS:HOSE:SJD,worker-02,cafef-expansion-v1-worker-02,run-20260925T081933Z-4506e5a7,COMPLETE,COMPLETE,56,1,56,2019-12-27,2026-09-25,TARGET_START_REACHED,,COMPLETE_RETAINED,cafef-expansion-v1-worker-02.zip,521a851047ce4850ab9c900efd8696b8738c85dc0ce0163c7c0d74e5f27323ed,True
SJS,KBS:HOSE:SJS,worker-03,cafef-expansion-v1-worker-03,run-20260925T084030Z-cc2314fc,COMPLETE,COMPLETE,56,1,56,2019-12-27,2026-09-25,TARGET_START_REACHED,,COMPLETE_RETAINED,cafef-expansion-v1-worker-03.zip,74599201ecf4f3eb1301d2bc777ea0f32cd39b3c0ae6241d7e058a04bb271b49,True
SKG,KBS:HOSE:SKG,worker-04,cafef-expansion-v1-worker-04,run-20260925T125518Z-f0745c9f,NOT_STARTED,NOT_YET_ACQUIRED,0,,,,,,1,START_FROM_1,cafef-expansion-v1-worker-04.zip,d82238b839a1e3a2019514c5e3ba684b4a4a95c507ddfad03aa917bc87d207bd,True
SMA,KBS:HOSE:SMA,worker-05,cafef-expansion-v1-worker-05,run-20260925T092604Z-3397f3b7,COMPLETE,COMPLETE,56,1,56,2019-12-27,2026-09-25,TARGET_START_REACHED,,COMPLETE_RETAINED,cafef-expansion-v1-worker-05.zip,44f6e1e1c4141de1f5da2b1267b719a25a40e854444386ef1360907a330370a0,True
SMB,KBS:HOSE:SMB,worker-01,cafef-expansion-v1-worker-01,run-20260925T073407Z-82048f96,COMPLETE,COMPLETE,56,1,56,2019-12-27,2026-09-25,TARGET_START_REACHED,,COMPLETE_RETAINED,cafef-expansion-v1-worker-01.zip,6267e529acbb6df3c7c10ea13527e80cdc1fc9d6bd0efd91be9836a387373ba9,True
SMC,KBS:HOSE:SMC,worker-02,cafef-expansion-v1-worker-02,run-20260925T081933Z-4506e5a7,COMPLETE,COMPLETE,56,1,56,2019-12-27,2026-09-25,TARGET_START_REACHED,,COMPLETE_RETAINED,cafef-expansion-v1-worker-02.zip,521a851047ce4850ab9c900efd8696b8738c85dc0ce0163c7c0d74e5f27323ed,True
SMN,KBS:HNX:SMN,worker-03,cafef-expansion-v1-worker-03,run-20260925T084030Z-cc2314fc,COMPLETE,COMPLETE,56,1,56,2019-12-02,2026-09-25,TARGET_START_REACHED,,COMPLETE_RETAINED,cafef-expansion-v1-worker-03.zip,74599201ecf4f3eb1301d2bc777ea0f32cd39b3c0ae6241d7e058a04bb271b49,True
SMT,KBS:HNX:SMT,worker-04,cafef-expansion-v1-worker-04,run-20260925T125518Z-f0745c9f,NOT_STARTED,NOT_YET_ACQUIRED,0,,,,,,1,START_FROM_1,cafef-expansion-v1-worker-04.zip,d82238b839a1e3a2019514c5e3ba684b4a4a95c507ddfad03aa917bc87d207bd,True
SPC,KBS:HNX:SPC,worker-05,cafef-expansion-v1-worker-05,run-20260925T092604Z-3397f3b7,RUNNING,ACQUISITION_PARTIAL,37,1,37,2022-03-18,2026-09-25,,38,CONTINUE_FROM_PAGE_N,cafef-expansion-v1-worker-05.zip,44f6e1e1c4141de1f5da2b1267b719a25a40e854444386ef1360907a330370a0,True
SPM,KBS:HOSE:SPM,worker-01,cafef-expansion-v1-worker-01,run-20260925T073407Z-82048f96,COMPLETE,COMPLETE,56,1,56,2019-12-27,2026-09-24,TARGET_START_REACHED,,COMPLETE_RETAINED,cafef-expansion-v1-worker-01.zip,6267e529acbb6df3c7c10ea13527e80cdc1fc9d6bd0efd91be9836a387373ba9,True
SRA,KBS:HNX:SRA,worker-02,cafef-expansion-v1-worker-02,run-20260925T081933Z-4506e5a7,COMPLETE,COMPLETE,56,1,56,2019-11-27,2026-09-25,TARGET_START_REACHED,,COMPLETE_RETAINED,cafef-expansion-v1-worker-02.zip,521a851047ce4850ab9c900efd8696b8738c85dc0ce0163c7c0d74e5f27323ed,True
SRF,KBS:HOSE:SRF,worker-03,cafef-expansion-v1-worker-03,run-20260925T084030Z-cc2314fc,COMPLETE,COMPLETE,56,1,56,2019-12-27,2026-09-25,TARGET_START_REACHED,,COMPLETE_RETAINED,cafef-expansion-v1-worker-03.zip,74599201ecf4f3eb1301d2bc777ea0f32cd39b3c0ae6241d7e058a04bb271b49,True
SSM,KBS:HNX:SSM,worker-04,cafef-expansion-v1-worker-04,run-20260925T125518Z-f0745c9f,NOT_STARTED,NOT_YET_ACQUIRED,0,,,,,,1,START_FROM_1,cafef-expansion-v1-worker-04.zip,d82238b839a1e3a2019514c5e3ba684b4a4a95c507ddfad03aa917bc87d207bd,True
ST8,KBS:HOSE:ST8,worker-05,cafef-expansion-v1-worker-05,run-20260925T092604Z-3397f3b7,NOT_STARTED,NOT_YET_ACQUIRED,0,,,,,,1,START_FROM_1,cafef-expansion-v1-worker-05.zip,44f6e1e1c4141de1f5da2b1267b719a25a40e854444386ef1360907a330370a0,True
STB,KBS:HOSE:STB,worker-01,cafef-expansion-v1-worker-01,run-20260925T073407Z-82048f96,COMPLETE,COMPLETE,56,1,56,2019-12-27,2026-09-25,TARGET_START_REACHED,,COMPLETE_RETAINED,cafef-expansion-v1-worker-01.zip,6267e529acbb6df3c7c10ea13527e80cdc1fc9d6bd0efd91be9836a387373ba9,True
STC,KBS:HNX:STC,worker-02,cafef-expansion-v1-worker-02,run-20260925T081933Z-4506e5a7,COMPLETE,COMPLETE,56,1,56,2019-11-29,2026-09-25,TARGET_START_REACHED,,COMPLETE_RETAINED,cafef-expansion-v1-worker-02.zip,521a851047ce4850ab9c900efd8696b8738c85dc0ce0163c7c0d74e5f27323ed,True
STG,KBS:HOSE:STG,worker-03,cafef-expansion-v1-worker-03,run-20260925T084030Z-cc2314fc,COMPLETE,COMPLETE,56,1,56,2019-12-27,2026-09-24,TARGET_START_REACHED,,COMPLETE_RETAINED,cafef-expansion-v1-worker-03.zip,74599201ecf4f3eb1301d2bc777ea0f32cd39b3c0ae6241d7e058a04bb271b49,True
SVD,KBS:HOSE:SVD,worker-04,cafef-expansion-v1-worker-04,run-20260925T125518Z-f0745c9f,NOT_STARTED,NOT_YET_ACQUIRED,0,,,,,,1,START_FROM_1,cafef-expansion-v1-worker-04.zip,d82238b839a1e3a2019514c5e3ba684b4a4a95c507ddfad03aa917bc87d207bd,True
SZB,KBS:HNX:SZB,worker-05,cafef-expansion-v1-worker-05,run-20260925T092604Z-3397f3b7,NOT_STARTED,NOT_YET_ACQUIRED,0,,,,,,1,START_FROM_1,cafef-expansion-v1-worker-05.zip,44f6e1e1c4141de1f5da2b1267b719a25a40e854444386ef1360907a330370a0,True
SZL,KBS:HOSE:SZL,worker-01,cafef-expansion-v1-worker-01,run-20260925T073407Z-82048f96,COMPLETE,COMPLETE,56,1,56,2019-12-26,2026-09-25,TARGET_START_REACHED,,COMPLETE_RETAINED,cafef-expansion-v1-worker-01.zip,6267e529acbb6df3c7c10ea13527e80cdc1fc9d6bd0efd91be9836a387373ba9,True
TA9,KBS:HNX:TA9,worker-02,cafef-expansion-v1-worker-02,run-20260925T081933Z-4506e5a7,COMPLETE,COMPLETE,56,1,56,2019-11-29,2026-09-25,TARGET_START_REACHED,,COMPLETE_RETAINED,cafef-expansion-v1-worker-02.zip,521a851047ce4850ab9c900efd8696b8738c85dc0ce0163c7c0d74e5f27323ed,True
TAL,KBS:HOSE:TAL,worker-03,cafef-expansion-v1-worker-03,run-20260925T084030Z-cc2314fc,COMPLETE,COMPLETE,23,1,23,2024-01-09,2026-09-25,EMPTY_PROVIDER_BOUNDARY,,COMPLETE_RETAINED,cafef-expansion-v1-worker-03.zip,74599201ecf4f3eb1301d2bc777ea0f32cd39b3c0ae6241d7e058a04bb271b49,True
TBC,KBS:HOSE:TBC,worker-04,cafef-expansion-v1-worker-04,run-20260925T125518Z-f0745c9f,NOT_STARTED,NOT_YET_ACQUIRED,0,,,,,,1,START_FROM_1,cafef-expansion-v1-worker-04.zip,d82238b839a1e3a2019514c5e3ba684b4a4a95c507ddfad03aa917bc87d207bd,True
TCH,KBS:HOSE:TCH,worker-05,cafef-expansion-v1-worker-05,run-20260925T092604Z-3397f3b7,NOT_STARTED,NOT_YET_ACQUIRED,0,,,,,,1,START_FROM_1,cafef-expansion-v1-worker-05.zip,44f6e1e1c4141de1f5da2b1267b719a25a40e854444386ef1360907a330370a0,True
TCI,KBS:HOSE:TCI,worker-01,cafef-expansion-v1-worker-01,run-20260925T073407Z-82048f96,COMPLETE,COMPLETE,56,1,56,2019-11-26,2026-09-25,TARGET_START_REACHED,,COMPLETE_RETAINED,cafef-expansion-v1-worker-01.zip,6267e529acbb6df3c7c10ea13527e80cdc1fc9d6bd0efd91be9836a387373ba9,True
TCM,KBS:HOSE:TCM,worker-02,cafef-expansion-v1-worker-02,run-20260925T081933Z-4506e5a7,COMPLETE,COMPLETE,56,1,56,2019-12-26,2026-09-25,TARGET_START_REACHED,,COMPLETE_RETAINED,cafef-expansion-v1-worker-02.zip,521a851047ce4850ab9c900efd8696b8738c85dc0ce0163c7c0d74e5f27323ed,True
TCO,KBS:HOSE:TCO,worker-03,cafef-expansion-v1-worker-03,run-20260925T084030Z-cc2314fc,COMPLETE,COMPLETE,56,1,56,2019-12-26,2026-09-25,TARGET_START_REACHED,,COMPLETE_RETAINED,cafef-expansion-v1-worker-03.zip,74599201ecf4f3eb1301d2bc777ea0f32cd39b3c0ae6241d7e058a04bb271b49,True
TCT,KBS:HOSE:TCT,worker-04,cafef-expansion-v1-worker-04,run-20260925T125518Z-f0745c9f,NOT_STARTED,NOT_YET_ACQUIRED,0,,,,,,1,START_FROM_1,cafef-expansion-v1-worker-04.zip,d82238b839a1e3a2019514c5e3ba684b4a4a95c507ddfad03aa917bc87d207bd,True
TCX,KBS:HOSE:TCX,worker-05,cafef-expansion-v1-worker-05,run-20260925T092604Z-3397f3b7,NOT_STARTED,NOT_YET_ACQUIRED,0,,,,,,1,START_FROM_1,cafef-expansion-v1-worker-05.zip,44f6e1e1c4141de1f5da2b1267b719a25a40e854444386ef1360907a330370a0,True
TD6,KBS:HNX:TD6,worker-01,cafef-expansion-v1-worker-01,run-20260925T073407Z-82048f96,COMPLETE,COMPLETE,12,1,12,2025-06-16,2026-09-25,EMPTY_PROVIDER_BOUNDARY,,COMPLETE_RETAINED,cafef-expansion-v1-worker-01.zip,6267e529acbb6df3c7c10ea13527e80cdc1fc9d6bd0efd91be9836a387373ba9,True
TDC,KBS:HOSE:TDC,worker-02,cafef-expansion-v1-worker-02,run-20260925T081933Z-4506e5a7,COMPLETE,COMPLETE,56,1,56,2019-12-27,2026-09-25,TARGET_START_REACHED,,COMPLETE_RETAINED,cafef-expansion-v1-worker-02.zip,521a851047ce4850ab9c900efd8696b8738c85dc0ce0163c7c0d74e5f27323ed,True
TDG,KBS:HOSE:TDG,worker-03,cafef-expansion-v1-worker-03,run-20260925T084030Z-cc2314fc,COMPLETE,COMPLETE,56,1,56,2019-12-27,2026-09-25,TARGET_START_REACHED,,COMPLETE_RETAINED,cafef-expansion-v1-worker-03.zip,74599201ecf4f3eb1301d2bc777ea0f32cd39b3c0ae6241d7e058a04bb271b49,True
TDH,KBS:HOSE:TDH,worker-04,cafef-expansion-v1-worker-04,run-20260925T125518Z-f0745c9f,NOT_STARTED,NOT_YET_ACQUIRED,0,,,,,,1,START_FROM_1,cafef-expansion-v1-worker-04.zip,d82238b839a1e3a2019514c5e3ba684b4a4a95c507ddfad03aa917bc87d207bd,True
TDM,KBS:HOSE:TDM,worker-05,cafef-expansion-v1-worker-05,run-20260925T092604Z-3397f3b7,NOT_STARTED,NOT_YET_ACQUIRED,0,,,,,,1,START_FROM_1,cafef-expansion-v1-worker-05.zip,44f6e1e1c4141de1f5da2b1267b719a25a40e854444386ef1360907a330370a0,True
TDW,KBS:HOSE:TDW,worker-01,cafef-expansion-v1-worker-01,run-20260925T073407Z-82048f96,COMPLETE,COMPLETE,56,1,56,2019-12-27,2026-09-25,TARGET_START_REACHED,,COMPLETE_RETAINED,cafef-expansion-v1-worker-01.zip,6267e529acbb6df3c7c10ea13527e80cdc1fc9d6bd0efd91be9836a387373ba9,True
TEG,KBS:HOSE:TEG,worker-02,cafef-expansion-v1-worker-02,run-20260925T081933Z-4506e5a7,COMPLETE,COMPLETE,56,1,56,2019-12-27,2026-09-25,TARGET_START_REACHED,,COMPLETE_RETAINED,cafef-expansion-v1-worker-02.zip,521a851047ce4850ab9c900efd8696b8738c85dc0ce0163c7c0d74e5f27323ed,True
TET,KBS:HNX:TET,worker-03,cafef-expansion-v1-worker-03,run-20260925T084030Z-cc2314fc,COMPLETE,COMPLETE,56,1,56,2019-11-27,2026-09-25,TARGET_START_REACHED,,COMPLETE_RETAINED,cafef-expansion-v1-worker-03.zip,74599201ecf4f3eb1301d2bc777ea0f32cd39b3c0ae6241d7e058a04bb271b49,True
TFC,KBS:HNX:TFC,worker-04,cafef-expansion-v1-worker-04,run-20260925T125518Z-f0745c9f,NOT_STARTED,NOT_YET_ACQUIRED,0,,,,,,1,START_FROM_1,cafef-expansion-v1-worker-04.zip,d82238b839a1e3a2019514c5e3ba684b4a4a95c507ddfad03aa917bc87d207bd,True
THB,KBS:HNX:THB,worker-05,cafef-expansion-v1-worker-05,run-20260925T092604Z-3397f3b7,NOT_STARTED,NOT_YET_ACQUIRED,0,,,,,,1,START_FROM_1,cafef-expansion-v1-worker-05.zip,44f6e1e1c4141de1f5da2b1267b719a25a40e854444386ef1360907a330370a0,True
THD,KBS:HNX:THD,worker-01,cafef-expansion-v1-worker-01,run-20260925T073407Z-82048f96,COMPLETE,COMPLETE,53,1,53,2020-06-19,2026-09-25,EMPTY_PROVIDER_BOUNDARY,,COMPLETE_RETAINED,cafef-expansion-v1-worker-01.zip,6267e529acbb6df3c7c10ea13527e80cdc1fc9d6bd0efd91be9836a387373ba9,True
THS,KBS:HNX:THS,worker-02,cafef-expansion-v1-worker-02,run-20260925T081933Z-4506e5a7,COMPLETE,COMPLETE,56,1,56,2019-12-02,2026-09-25,TARGET_START_REACHED,,COMPLETE_RETAINED,cafef-expansion-v1-worker-02.zip,521a851047ce4850ab9c900efd8696b8738c85dc0ce0163c7c0d74e5f27323ed,True
TIP,KBS:HOSE:TIP,worker-03,cafef-expansion-v1-worker-03,run-20260925T084030Z-cc2314fc,COMPLETE,COMPLETE,56,1,56,2019-12-26,2026-09-25,TARGET_START_REACHED,,COMPLETE_RETAINED,cafef-expansion-v1-worker-03.zip,74599201ecf4f3eb1301d2bc777ea0f32cd39b3c0ae6241d7e058a04bb271b49,True
TJC,KBS:HNX:TJC,worker-04,cafef-expansion-v1-worker-04,run-20260925T125518Z-f0745c9f,NOT_STARTED,NOT_YET_ACQUIRED,0,,,,,,1,START_FROM_1,cafef-expansion-v1-worker-04.zip,d82238b839a1e3a2019514c5e3ba684b4a4a95c507ddfad03aa917bc87d207bd,True
TLD,KBS:HOSE:TLD,worker-05,cafef-expansion-v1-worker-05,run-20260925T092604Z-3397f3b7,NOT_STARTED,NOT_YET_ACQUIRED,0,,,,,,1,START_FROM_1,cafef-expansion-v1-worker-05.zip,44f6e1e1c4141de1f5da2b1267b719a25a40e854444386ef1360907a330370a0,True
TLG,KBS:HOSE:TLG,worker-01,cafef-expansion-v1-worker-01,run-20260925T073407Z-82048f96,COMPLETE,COMPLETE,56,1,56,2019-12-26,2026-09-24,TARGET_START_REACHED,,COMPLETE_RETAINED,cafef-expansion-v1-worker-01.zip,6267e529acbb6df3c7c10ea13527e80cdc1fc9d6bd0efd91be9836a387373ba9,True
TLH,KBS:HOSE:TLH,worker-02,cafef-expansion-v1-worker-02,run-20260925T081933Z-4506e5a7,COMPLETE,COMPLETE,56,1,56,2019-12-26,2026-09-25,TARGET_START_REACHED,,COMPLETE_RETAINED,cafef-expansion-v1-worker-02.zip,521a851047ce4850ab9c900efd8696b8738c85dc0ce0163c7c0d74e5f27323ed,True
TMB,KBS:HNX:TMB,worker-03,cafef-expansion-v1-worker-03,run-20260925T084030Z-cc2314fc,COMPLETE,COMPLETE,56,1,56,2019-11-29,2026-09-25,TARGET_START_REACHED,,COMPLETE_RETAINED,cafef-expansion-v1-worker-03.zip,74599201ecf4f3eb1301d2bc777ea0f32cd39b3c0ae6241d7e058a04bb271b49,True
TMC,KBS:HNX:TMC,worker-04,cafef-expansion-v1-worker-04,run-20260925T125518Z-f0745c9f,NOT_STARTED,NOT_YET_ACQUIRED,0,,,,,,1,START_FROM_1,cafef-expansion-v1-worker-04.zip,d82238b839a1e3a2019514c5e3ba684b4a4a95c507ddfad03aa917bc87d207bd,True
TMP,KBS:HOSE:TMP,worker-05,cafef-expansion-v1-worker-05,run-20260925T092604Z-3397f3b7,NOT_STARTED,NOT_YET_ACQUIRED,0,,,,,,1,START_FROM_1,cafef-expansion-v1-worker-05.zip,44f6e1e1c4141de1f5da2b1267b719a25a40e854444386ef1360907a330370a0,True
TMS,KBS:HOSE:TMS,worker-01,cafef-expansion-v1-worker-01,run-20260925T073407Z-82048f96,COMPLETE,COMPLETE,56,1,56,2019-12-25,2026-09-25,TARGET_START_REACHED,,COMPLETE_RETAINED,cafef-expansion-v1-worker-01.zip,6267e529acbb6df3c7c10ea13527e80cdc1fc9d6bd0efd91be9836a387373ba9,True
TNC,KBS:HOSE:TNC,worker-02,cafef-expansion-v1-worker-02,run-20260925T081933Z-4506e5a7,COMPLETE,COMPLETE,56,1,56,2019-12-26,2026-09-25,TARGET_START_REACHED,,COMPLETE_RETAINED,cafef-expansion-v1-worker-02.zip,521a851047ce4850ab9c900efd8696b8738c85dc0ce0163c7c0d74e5f27323ed,True
TOT,KBS:HNX:TOT,worker-03,cafef-expansion-v1-worker-03,run-20260925T084030Z-cc2314fc,COMPLETE,COMPLETE,55,1,55,2019-12-18,2026-09-25,TARGET_START_REACHED,,COMPLETE_RETAINED,cafef-expansion-v1-worker-03.zip,74599201ecf4f3eb1301d2bc777ea0f32cd39b3c0ae6241d7e058a04bb271b49,True
TPC,KBS:HOSE:TPC,worker-04,cafef-expansion-v1-worker-04,run-20260925T125518Z-f0745c9f,NOT_STARTED,NOT_YET_ACQUIRED,0,,,,,,1,START_FROM_1,cafef-expansion-v1-worker-04.zip,d82238b839a1e3a2019514c5e3ba684b4a4a95c507ddfad03aa917bc87d207bd,True
TPP,KBS:HNX:TPP,worker-05,cafef-expansion-v1-worker-05,run-20260925T092604Z-3397f3b7,NOT_STARTED,NOT_YET_ACQUIRED,0,,,,,,1,START_FROM_1,cafef-expansion-v1-worker-05.zip,44f6e1e1c4141de1f5da2b1267b719a25a40e854444386ef1360907a330370a0,True
TRA,KBS:HOSE:TRA,worker-01,cafef-expansion-v1-worker-01,run-20260925T073407Z-82048f96,COMPLETE,COMPLETE,56,1,56,2019-12-26,2026-09-24,TARGET_START_REACHED,,COMPLETE_RETAINED,cafef-expansion-v1-worker-01.zip,6267e529acbb6df3c7c10ea13527e80cdc1fc9d6bd0efd91be9836a387373ba9,True
TSA,KBS:HOSE:TSA,worker-02,cafef-expansion-v1-worker-02,run-20260925T081933Z-4506e5a7,COMPLETE,COMPLETE,20,1,20,2024-06-25,2026-09-25,EMPTY_PROVIDER_BOUNDARY,,COMPLETE_RETAINED,cafef-expansion-v1-worker-02.zip,521a851047ce4850ab9c900efd8696b8738c85dc0ce0163c7c0d74e5f27323ed,True
TSB,KBS:HNX:TSB,worker-03,cafef-expansion-v1-worker-03,run-20260925T084030Z-cc2314fc,RUNNING,ACQUISITION_PARTIAL,31,1,31,2022-12-07,2026-09-25,,32,CONTINUE_FROM_PAGE_N,cafef-expansion-v1-worker-03.zip,74599201ecf4f3eb1301d2bc777ea0f32cd39b3c0ae6241d7e058a04bb271b49,True
TSC,KBS:HOSE:TSC,worker-04,cafef-expansion-v1-worker-04,run-20260925T125518Z-f0745c9f,NOT_STARTED,NOT_YET_ACQUIRED,0,,,,,,1,START_FROM_1,cafef-expansion-v1-worker-04.zip,d82238b839a1e3a2019514c5e3ba684b4a4a95c507ddfad03aa917bc87d207bd,True
TTA,KBS:HOSE:TTA,worker-05,cafef-expansion-v1-worker-05,run-20260925T092604Z-3397f3b7,NOT_STARTED,NOT_YET_ACQUIRED,0,,,,,,1,START_FROM_1,cafef-expansion-v1-worker-05.zip,44f6e1e1c4141de1f5da2b1267b719a25a40e854444386ef1360907a330370a0,True
TTC,KBS:HNX:TTC,worker-01,cafef-expansion-v1-worker-01,run-20260925T073407Z-82048f96,COMPLETE,COMPLETE,56,1,56,2019-11-22,2026-09-25,TARGET_START_REACHED,,COMPLETE_RETAINED,cafef-expansion-v1-worker-01.zip,6267e529acbb6df3c7c10ea13527e80cdc1fc9d6bd0efd91be9836a387373ba9,True
TTE,KBS:HOSE:TTE,worker-02,cafef-expansion-v1-worker-02,run-20260925T081933Z-4506e5a7,COMPLETE,COMPLETE,56,1,56,2019-12-26,2026-09-25,TARGET_START_REACHED,,COMPLETE_RETAINED,cafef-expansion-v1-worker-02.zip,521a851047ce4850ab9c900efd8696b8738c85dc0ce0163c7c0d74e5f27323ed,True
TTF,KBS:HOSE:TTF,worker-03,cafef-expansion-v1-worker-03,run-20260925T084030Z-cc2314fc,NOT_STARTED,NOT_YET_ACQUIRED,0,,,,,,1,START_FROM_1,cafef-expansion-v1-worker-03.zip,74599201ecf4f3eb1301d2bc777ea0f32cd39b3c0ae6241d7e058a04bb271b49,True
TTL,KBS:HNX:TTL,worker-04,cafef-expansion-v1-worker-04,run-20260925T125518Z-f0745c9f,NOT_STARTED,NOT_YET_ACQUIRED,0,,,,,,1,START_FROM_1,cafef-expansion-v1-worker-04.zip,d82238b839a1e3a2019514c5e3ba684b4a4a95c507ddfad03aa917bc87d207bd,True
TV4,KBS:HNX:TV4,worker-05,cafef-expansion-v1-worker-05,run-20260925T092604Z-3397f3b7,NOT_STARTED,NOT_YET_ACQUIRED,0,,,,,,1,START_FROM_1,cafef-expansion-v1-worker-05.zip,44f6e1e1c4141de1f5da2b1267b719a25a40e854444386ef1360907a330370a0,True
TVC,KBS:HNX:TVC,worker-01,cafef-expansion-v1-worker-01,run-20260925T073407Z-82048f96,COMPLETE,COMPLETE,56,1,56,2019-11-27,2026-09-25,TARGET_START_REACHED,,COMPLETE_RETAINED,cafef-expansion-v1-worker-01.zip,6267e529acbb6df3c7c10ea13527e80cdc1fc9d6bd0efd91be9836a387373ba9,True
TVD,KBS:HNX:TVD,worker-02,cafef-expansion-v1-worker-02,run-20260925T081933Z-4506e5a7,COMPLETE,COMPLETE,56,1,56,2019-11-28,2026-09-25,TARGET_START_REACHED,,COMPLETE_RETAINED,cafef-expansion-v1-worker-02.zip,521a851047ce4850ab9c900efd8696b8738c85dc0ce0163c7c0d74e5f27323ed,True
TXM,KBS:HNX:TXM,worker-03,cafef-expansion-v1-worker-03,run-20260925T084030Z-cc2314fc,NOT_STARTED,NOT_YET_ACQUIRED,0,,,,,,1,START_FROM_1,cafef-expansion-v1-worker-03.zip,74599201ecf4f3eb1301d2bc777ea0f32cd39b3c0ae6241d7e058a04bb271b49,True
TYA,KBS:HOSE:TYA,worker-04,cafef-expansion-v1-worker-04,run-20260925T125518Z-f0745c9f,NOT_STARTED,NOT_YET_ACQUIRED,0,,,,,,1,START_FROM_1,cafef-expansion-v1-worker-04.zip,d82238b839a1e3a2019514c5e3ba684b4a4a95c507ddfad03aa917bc87d207bd,True
VBB,KBS:HOSE:VBB,worker-05,cafef-expansion-v1-worker-05,run-20260925T092604Z-3397f3b7,NOT_STARTED,NOT_YET_ACQUIRED,0,,,,,,1,START_FROM_1,cafef-expansion-v1-worker-05.zip,44f6e1e1c4141de1f5da2b1267b719a25a40e854444386ef1360907a330370a0,True
VBC,KBS:HNX:VBC,worker-01,cafef-expansion-v1-worker-01,run-20260925T073407Z-82048f96,COMPLETE,COMPLETE,56,1,56,2019-11-26,2026-09-25,TARGET_START_REACHED,,COMPLETE_RETAINED,cafef-expansion-v1-worker-01.zip,6267e529acbb6df3c7c10ea13527e80cdc1fc9d6bd0efd91be9836a387373ba9,True
VC1,KBS:HNX:VC1,worker-02,cafef-expansion-v1-worker-02,run-20260925T081933Z-4506e5a7,COMPLETE,COMPLETE,56,1,56,2019-11-25,2026-09-25,TARGET_START_REACHED,,COMPLETE_RETAINED,cafef-expansion-v1-worker-02.zip,521a851047ce4850ab9c900efd8696b8738c85dc0ce0163c7c0d74e5f27323ed,True
VC2,KBS:HNX:VC2,worker-03,cafef-expansion-v1-worker-03,run-20260925T084030Z-cc2314fc,NOT_STARTED,NOT_YET_ACQUIRED,0,,,,,,1,START_FROM_1,cafef-expansion-v1-worker-03.zip,74599201ecf4f3eb1301d2bc777ea0f32cd39b3c0ae6241d7e058a04bb271b49,True
VC3,KBS:HNX:VC3,worker-04,cafef-expansion-v1-worker-04,run-20260925T125518Z-f0745c9f,NOT_STARTED,NOT_YET_ACQUIRED,0,,,,,,1,START_FROM_1,cafef-expansion-v1-worker-04.zip,d82238b839a1e3a2019514c5e3ba684b4a4a95c507ddfad03aa917bc87d207bd,True
VC6,KBS:HNX:VC6,worker-05,cafef-expansion-v1-worker-05,run-20260925T092604Z-3397f3b7,NOT_STARTED,NOT_YET_ACQUIRED,0,,,,,,1,START_FROM_1,cafef-expansion-v1-worker-05.zip,44f6e1e1c4141de1f5da2b1267b719a25a40e854444386ef1360907a330370a0,True
VCA,KBS:HOSE:VCA,worker-01,cafef-expansion-v1-worker-01,run-20260925T073407Z-82048f96,COMPLETE,COMPLETE,56,1,56,2019-12-03,2026-09-25,TARGET_START_REACHED,,COMPLETE_RETAINED,cafef-expansion-v1-worker-01.zip,6267e529acbb6df3c7c10ea13527e80cdc1fc9d6bd0efd91be9836a387373ba9,True
VCC,KBS:HNX:VCC,worker-02,cafef-expansion-v1-worker-02,run-20260925T081933Z-4506e5a7,COMPLETE,COMPLETE,56,1,56,2019-11-25,2026-09-25,TARGET_START_REACHED,,COMPLETE_RETAINED,cafef-expansion-v1-worker-02.zip,521a851047ce4850ab9c900efd8696b8738c85dc0ce0163c7c0d74e5f27323ed,True
VCF,KBS:HOSE:VCF,worker-03,cafef-expansion-v1-worker-03,run-20260925T084030Z-cc2314fc,NOT_STARTED,NOT_YET_ACQUIRED,0,,,,,,1,START_FROM_1,cafef-expansion-v1-worker-03.zip,74599201ecf4f3eb1301d2bc777ea0f32cd39b3c0ae6241d7e058a04bb271b49,True
VCI,KBS:HOSE:VCI,worker-04,cafef-expansion-v1-worker-04,run-20260925T125518Z-f0745c9f,NOT_STARTED,NOT_YET_ACQUIRED,0,,,,,,1,START_FROM_1,cafef-expansion-v1-worker-04.zip,d82238b839a1e3a2019514c5e3ba684b4a4a95c507ddfad03aa917bc87d207bd,True
VCK,KBS:HOSE:VCK,worker-05,cafef-expansion-v1-worker-05,run-20260925T092604Z-3397f3b7,NOT_STARTED,NOT_YET_ACQUIRED,0,,,,,,1,START_FROM_1,cafef-expansion-v1-worker-05.zip,44f6e1e1c4141de1f5da2b1267b719a25a40e854444386ef1360907a330370a0,True
VCM,KBS:HNX:VCM,worker-01,cafef-expansion-v1-worker-01,run-20260925T073407Z-82048f96,COMPLETE,COMPLETE,56,1,56,2019-11-27,2026-09-25,TARGET_START_REACHED,,COMPLETE_RETAINED,cafef-expansion-v1-worker-01.zip,6267e529acbb6df3c7c10ea13527e80cdc1fc9d6bd0efd91be9836a387373ba9,True
VDL,KBS:HNX:VDL,worker-02,cafef-expansion-v1-worker-02,run-20260925T081933Z-4506e5a7,COMPLETE,COMPLETE,56,1,56,2019-11-28,2026-09-25,TARGET_START_REACHED,,COMPLETE_RETAINED,cafef-expansion-v1-worker-02.zip,521a851047ce4850ab9c900efd8696b8738c85dc0ce0163c7c0d74e5f27323ed,True
VDP,KBS:HOSE:VDP,worker-03,cafef-expansion-v1-worker-03,run-20260925T084030Z-cc2314fc,NOT_STARTED,NOT_YET_ACQUIRED,0,,,,,,1,START_FROM_1,cafef-expansion-v1-worker-03.zip,74599201ecf4f3eb1301d2bc777ea0f32cd39b3c0ae6241d7e058a04bb271b49,True
VE1,KBS:HNX:VE1,worker-04,cafef-expansion-v1-worker-04,run-20260925T125518Z-f0745c9f,NOT_STARTED,NOT_YET_ACQUIRED,0,,,,,,1,START_FROM_1,cafef-expansion-v1-worker-04.zip,d82238b839a1e3a2019514c5e3ba684b4a4a95c507ddfad03aa917bc87d207bd,True
VE4,KBS:HNX:VE4,worker-05,cafef-expansion-v1-worker-05,run-20260925T092604Z-3397f3b7,NOT_STARTED,NOT_YET_ACQUIRED,0,,,,,,1,START_FROM_1,cafef-expansion-v1-worker-05.zip,44f6e1e1c4141de1f5da2b1267b719a25a40e854444386ef1360907a330370a0,True
VGS,KBS:HNX:VGS,worker-01,cafef-expansion-v1-worker-01,run-20260925T073407Z-82048f96,COMPLETE,COMPLETE,56,1,56,2019-11-27,2026-09-25,TARGET_START_REACHED,,COMPLETE_RETAINED,cafef-expansion-v1-worker-01.zip,6267e529acbb6df3c7c10ea13527e80cdc1fc9d6bd0efd91be9836a387373ba9,True
VHL,KBS:HNX:VHL,worker-02,cafef-expansion-v1-worker-02,run-20260925T081933Z-4506e5a7,COMPLETE,COMPLETE,56,1,56,2019-11-25,2026-09-25,TARGET_START_REACHED,,COMPLETE_RETAINED,cafef-expansion-v1-worker-02.zip,521a851047ce4850ab9c900efd8696b8738c85dc0ce0163c7c0d74e5f27323ed,True
VIB,KBS:HOSE:VIB,worker-03,cafef-expansion-v1-worker-03,run-20260925T084030Z-cc2314fc,NOT_STARTED,NOT_YET_ACQUIRED,0,,,,,,1,START_FROM_1,cafef-expansion-v1-worker-03.zip,74599201ecf4f3eb1301d2bc777ea0f32cd39b3c0ae6241d7e058a04bb271b49,True
VIC,KBS:HOSE:VIC,worker-04,cafef-expansion-v1-worker-04,run-20260925T125518Z-f0745c9f,NOT_STARTED,NOT_YET_ACQUIRED,0,,,,,,1,START_FROM_1,cafef-expansion-v1-worker-04.zip,d82238b839a1e3a2019514c5e3ba684b4a4a95c507ddfad03aa917bc87d207bd,True
VIF,KBS:HNX:VIF,worker-05,cafef-expansion-v1-worker-05,run-20260925T092604Z-3397f3b7,NOT_STARTED,NOT_YET_ACQUIRED,0,,,,,,1,START_FROM_1,cafef-expansion-v1-worker-05.zip,44f6e1e1c4141de1f5da2b1267b719a25a40e854444386ef1360907a330370a0,True
VIP,KBS:HOSE:VIP,worker-01,cafef-expansion-v1-worker-01,run-20260925T073407Z-82048f96,COMPLETE,COMPLETE,56,1,56,2019-12-26,2026-09-24,TARGET_START_REACHED,,COMPLETE_RETAINED,cafef-expansion-v1-worker-01.zip,6267e529acbb6df3c7c10ea13527e80cdc1fc9d6bd0efd91be9836a387373ba9,True
VIT,KBS:HNX:VIT,worker-02,cafef-expansion-v1-worker-02,run-20260925T081933Z-4506e5a7,COMPLETE,COMPLETE,56,1,56,2019-11-21,2026-09-25,TARGET_START_REACHED,,COMPLETE_RETAINED,cafef-expansion-v1-worker-02.zip,521a851047ce4850ab9c900efd8696b8738c85dc0ce0163c7c0d74e5f27323ed,True
VLA,KBS:HNX:VLA,worker-03,cafef-expansion-v1-worker-03,run-20260925T084030Z-cc2314fc,NOT_STARTED,NOT_YET_ACQUIRED,0,,,,,,1,START_FROM_1,cafef-expansion-v1-worker-03.zip,74599201ecf4f3eb1301d2bc777ea0f32cd39b3c0ae6241d7e058a04bb271b49,True
VMS,KBS:HNX:VMS,worker-04,cafef-expansion-v1-worker-04,run-20260925T125518Z-f0745c9f,NOT_STARTED,NOT_YET_ACQUIRED,0,,,,,,1,START_FROM_1,cafef-expansion-v1-worker-04.zip,d82238b839a1e3a2019514c5e3ba684b4a4a95c507ddfad03aa917bc87d207bd,True
VNC,KBS:HNX:VNC,worker-05,cafef-expansion-v1-worker-05,run-20260925T092604Z-3397f3b7,NOT_STARTED,NOT_YET_ACQUIRED,0,,,,,,1,START_FROM_1,cafef-expansion-v1-worker-05.zip,44f6e1e1c4141de1f5da2b1267b719a25a40e854444386ef1360907a330370a0,True
VNF,KBS:HNX:VNF,worker-01,cafef-expansion-v1-worker-01,run-20260925T073407Z-82048f96,COMPLETE,COMPLETE,56,1,56,2019-11-28,2026-09-25,TARGET_START_REACHED,,COMPLETE_RETAINED,cafef-expansion-v1-worker-01.zip,6267e529acbb6df3c7c10ea13527e80cdc1fc9d6bd0efd91be9836a387373ba9,True
VNG,KBS:HOSE:VNG,worker-02,cafef-expansion-v1-worker-02,run-20260925T081933Z-4506e5a7,COMPLETE,COMPLETE,56,1,56,2019-12-26,2026-09-25,TARGET_START_REACHED,,COMPLETE_RETAINED,cafef-expansion-v1-worker-02.zip,521a851047ce4850ab9c900efd8696b8738c85dc0ce0163c7c0d74e5f27323ed,True
VNL,KBS:HOSE:VNL,worker-03,cafef-expansion-v1-worker-03,run-20260925T084030Z-cc2314fc,NOT_STARTED,NOT_YET_ACQUIRED,0,,,,,,1,START_FROM_1,cafef-expansion-v1-worker-03.zip,74599201ecf4f3eb1301d2bc777ea0f32cd39b3c0ae6241d7e058a04bb271b49,True
VNR,KBS:HNX:VNR,worker-04,cafef-expansion-v1-worker-04,run-20260925T125518Z-f0745c9f,NOT_STARTED,NOT_YET_ACQUIRED,0,,,,,,1,START_FROM_1,cafef-expansion-v1-worker-04.zip,d82238b839a1e3a2019514c5e3ba684b4a4a95c507ddfad03aa917bc87d207bd,True
VNS,KBS:HOSE:VNS,worker-05,cafef-expansion-v1-worker-05,run-20260925T092604Z-3397f3b7,NOT_STARTED,NOT_YET_ACQUIRED,0,,,,,,1,START_FROM_1,cafef-expansion-v1-worker-05.zip,44f6e1e1c4141de1f5da2b1267b719a25a40e854444386ef1360907a330370a0,True
VOS,KBS:HOSE:VOS,worker-01,cafef-expansion-v1-worker-01,run-20260925T073407Z-82048f96,COMPLETE,COMPLETE,56,1,56,2019-12-26,2026-09-25,TARGET_START_REACHED,,COMPLETE_RETAINED,cafef-expansion-v1-worker-01.zip,6267e529acbb6df3c7c10ea13527e80cdc1fc9d6bd0efd91be9836a387373ba9,True
VPB,KBS:HOSE:VPB,worker-02,cafef-expansion-v1-worker-02,run-20260925T081933Z-4506e5a7,COMPLETE,COMPLETE,56,1,56,2019-12-26,2026-09-25,TARGET_START_REACHED,,COMPLETE_RETAINED,cafef-expansion-v1-worker-02.zip,521a851047ce4850ab9c900efd8696b8738c85dc0ce0163c7c0d74e5f27323ed,True
VPD,KBS:HOSE:VPD,worker-03,cafef-expansion-v1-worker-03,run-20260925T084030Z-cc2314fc,NOT_STARTED,NOT_YET_ACQUIRED,0,,,,,,1,START_FROM_1,cafef-expansion-v1-worker-03.zip,74599201ecf4f3eb1301d2bc777ea0f32cd39b3c0ae6241d7e058a04bb271b49,True
VPH,KBS:HOSE:VPH,worker-04,cafef-expansion-v1-worker-04,run-20260925T125518Z-f0745c9f,NOT_STARTED,NOT_YET_ACQUIRED,0,,,,,,1,START_FROM_1,cafef-expansion-v1-worker-04.zip,d82238b839a1e3a2019514c5e3ba684b4a4a95c507ddfad03aa917bc87d207bd,True
VPI,KBS:HOSE:VPI,worker-05,cafef-expansion-v1-worker-05,run-20260925T092604Z-3397f3b7,NOT_STARTED,NOT_YET_ACQUIRED,0,,,,,,1,START_FROM_1,cafef-expansion-v1-worker-05.zip,44f6e1e1c4141de1f5da2b1267b719a25a40e854444386ef1360907a330370a0,True
VPL,KBS:HOSE:VPL,worker-01,cafef-expansion-v1-worker-01,run-20260925T073407Z-82048f96,COMPLETE,COMPLETE,12,1,12,2011-11-30,2026-09-25,TARGET_START_REACHED,,COMPLETE_RETAINED,cafef-expansion-v1-worker-01.zip,6267e529acbb6df3c7c10ea13527e80cdc1fc9d6bd0efd91be9836a387373ba9,True
VPS,KBS:HOSE:VPS,worker-02,cafef-expansion-v1-worker-02,run-20260925T081933Z-4506e5a7,COMPLETE,COMPLETE,56,1,56,2019-12-26,2026-09-25,TARGET_START_REACHED,,COMPLETE_RETAINED,cafef-expansion-v1-worker-02.zip,521a851047ce4850ab9c900efd8696b8738c85dc0ce0163c7c0d74e5f27323ed,True
VPX,KBS:HOSE:VPX,worker-03,cafef-expansion-v1-worker-03,run-20260925T084030Z-cc2314fc,NOT_STARTED,NOT_YET_ACQUIRED,0,,,,,,1,START_FROM_1,cafef-expansion-v1-worker-03.zip,74599201ecf4f3eb1301d2bc777ea0f32cd39b3c0ae6241d7e058a04bb271b49,True
VRC,KBS:HOSE:VRC,worker-04,cafef-expansion-v1-worker-04,run-20260925T125518Z-f0745c9f,NOT_STARTED,NOT_YET_ACQUIRED,0,,,,,,1,START_FROM_1,cafef-expansion-v1-worker-04.zip,d82238b839a1e3a2019514c5e3ba684b4a4a95c507ddfad03aa917bc87d207bd,True
VRE,KBS:HOSE:VRE,worker-05,cafef-expansion-v1-worker-05,run-20260925T092604Z-3397f3b7,NOT_STARTED,NOT_YET_ACQUIRED,0,,,,,,1,START_FROM_1,cafef-expansion-v1-worker-05.zip,44f6e1e1c4141de1f5da2b1267b719a25a40e854444386ef1360907a330370a0,True
VSC,KBS:HOSE:VSC,worker-01,cafef-expansion-v1-worker-01,run-20260925T073407Z-82048f96,COMPLETE,COMPLETE,56,1,56,2019-12-26,2026-09-25,TARGET_START_REACHED,,COMPLETE_RETAINED,cafef-expansion-v1-worker-01.zip,6267e529acbb6df3c7c10ea13527e80cdc1fc9d6bd0efd91be9836a387373ba9,True
VSH,KBS:HOSE:VSH,worker-02,cafef-expansion-v1-worker-02,run-20260925T081933Z-4506e5a7,COMPLETE,COMPLETE,56,1,56,2019-12-26,2026-09-25,TARGET_START_REACHED,,COMPLETE_RETAINED,cafef-expansion-v1-worker-02.zip,521a851047ce4850ab9c900efd8696b8738c85dc0ce0163c7c0d74e5f27323ed,True
VSM,KBS:HNX:VSM,worker-03,cafef-expansion-v1-worker-03,run-20260925T084030Z-cc2314fc,NOT_STARTED,NOT_YET_ACQUIRED,0,,,,,,1,START_FROM_1,cafef-expansion-v1-worker-03.zip,74599201ecf4f3eb1301d2bc777ea0f32cd39b3c0ae6241d7e058a04bb271b49,True
VTB,KBS:HOSE:VTB,worker-04,cafef-expansion-v1-worker-04,run-20260925T125518Z-f0745c9f,NOT_STARTED,NOT_YET_ACQUIRED,0,,,,,,1,START_FROM_1,cafef-expansion-v1-worker-04.zip,d82238b839a1e3a2019514c5e3ba684b4a4a95c507ddfad03aa917bc87d207bd,True
VTJ,KBS:HNX:VTJ,worker-05,cafef-expansion-v1-worker-05,run-20260925T092604Z-3397f3b7,NOT_STARTED,NOT_YET_ACQUIRED,0,,,,,,1,START_FROM_1,cafef-expansion-v1-worker-05.zip,44f6e1e1c4141de1f5da2b1267b719a25a40e854444386ef1360907a330370a0,True
VTO,KBS:HOSE:VTO,worker-01,cafef-expansion-v1-worker-01,run-20260925T073407Z-82048f96,COMPLETE,COMPLETE,56,1,56,2019-12-26,2026-09-25,TARGET_START_REACHED,,COMPLETE_RETAINED,cafef-expansion-v1-worker-01.zip,6267e529acbb6df3c7c10ea13527e80cdc1fc9d6bd0efd91be9836a387373ba9,True
VTP,KBS:HOSE:VTP,worker-02,cafef-expansion-v1-worker-02,run-20260925T081933Z-4506e5a7,COMPLETE,COMPLETE,56,1,56,2019-11-27,2026-09-25,TARGET_START_REACHED,,COMPLETE_RETAINED,cafef-expansion-v1-worker-02.zip,521a851047ce4850ab9c900efd8696b8738c85dc0ce0163c7c0d74e5f27323ed,True
WCS,KBS:HNX:WCS,worker-03,cafef-expansion-v1-worker-03,run-20260925T084030Z-cc2314fc,NOT_STARTED,NOT_YET_ACQUIRED,0,,,,,,1,START_FROM_1,cafef-expansion-v1-worker-03.zip,74599201ecf4f3eb1301d2bc777ea0f32cd39b3c0ae6241d7e058a04bb271b49,True
YBM,KBS:HOSE:YBM,worker-04,cafef-expansion-v1-worker-04,run-20260925T125518Z-f0745c9f,NOT_STARTED,NOT_YET_ACQUIRED,0,,,,,,1,START_FROM_1,cafef-expansion-v1-worker-04.zip,d82238b839a1e3a2019514c5e3ba684b4a4a95c507ddfad03aa917bc87d207bd,True
YEG,KBS:HOSE:YEG,worker-05,cafef-expansion-v1-worker-05,run-20260925T092604Z-3397f3b7,NOT_STARTED,NOT_YET_ACQUIRED,0,,,,,,1,START_FROM_1,cafef-expansion-v1-worker-05.zip,44f6e1e1c4141de1f5da2b1267b719a25a40e854444386ef1360907a330370a0,True
