priority_rank,security_id,current_ticker,current_exchange,candidate_sources,liquidity_signal,active_frequency_signal,index_market_importance_signal,index_market_importance_value,size_market_cap_signal,exchange_preference_value,identity_confidence_signal,identity_confidence_value,strategic_relevance_signal,strategic_relevance_value,available_weight,priority_score,priority_tier,popularity_signal,research_eligibility_effect
1,KBS:HOSE:BCM,BCM,HOSE,A6_VERIFIED_TRANSFER;CURRENT_500;REPRESENTATIVE_PILOT_55,SIGNAL_UNAVAILABLE,SIGNAL_UNAVAILABLE,OFFLINE_PROJECT_IMPORTANCE_PROXY,100,SIGNAL_UNAVAILABLE,100,VERIFIED_TRANSFER,100,OFFLINE_PROJECT_OR_EDGE_EVIDENCE,100,40,100.0,HIGH,POPULARITY_SIGNAL_NOT_AVAILABLE,NONE_ACQUISITION_ORDER_ONLY
2,KBS:HOSE:CTR,CTR,HOSE,A6_VERIFIED_TRANSFER;CURRENT_500;REPRESENTATIVE_PILOT_55,SIGNAL_UNAVAILABLE,SIGNAL_UNAVAILABLE,OFFLINE_PROJECT_IMPORTANCE_PROXY,100,SIGNAL_UNAVAILABLE,100,VERIFIED_TRANSFER,100,OFFLINE_PROJECT_OR_EDGE_EVIDENCE,100,40,100.0,HIGH,POPULARITY_SIGNAL_NOT_AVAILABLE,NONE_ACQUISITION_ORDER_ONLY
3,KBS:HOSE:FPT,FPT,HOSE,A5_R1_1_CAFEF_EVIDENCE;CURRENT_500;REPRESENTATIVE_PILOT_55,SIGNAL_UNAVAILABLE,SIGNAL_UNAVAILABLE,OFFLINE_PROJECT_IMPORTANCE_PROXY,100,SIGNAL_UNAVAILABLE,100,VERIFIED_LISTING_SNAPSHOT,100,OFFLINE_PROJECT_OR_EDGE_EVIDENCE,100,40,100.0,HIGH,POPULARITY_SIGNAL_NOT_AVAILABLE,NONE_ACQUISITION_ORDER_ONLY
4,VCI:3478,VNM,HOSE,A5_R1_1_CAFEF_EVIDENCE;REPRESENTATIVE_PILOT_55,SIGNAL_UNAVAILABLE,SIGNAL_UNAVAILABLE,OFFLINE_PROJECT_IMPORTANCE_PROXY,100,SIGNAL_UNAVAILABLE,100,VERIFIED_LISTING_SNAPSHOT,100,OFFLINE_PROJECT_OR_EDGE_EVIDENCE,100,40,100.0,HIGH,POPULARITY_SIGNAL_NOT_AVAILABLE,NONE_ACQUISITION_ORDER_ONLY
5,KBS:HOSE:ANV,ANV,HOSE,CURRENT_500;REPRESENTATIVE_PILOT_55,SIGNAL_UNAVAILABLE,SIGNAL_UNAVAILABLE,OFFLINE_PROJECT_IMPORTANCE_PROXY,100,SIGNAL_UNAVAILABLE,100,VERIFIED_LISTING_SNAPSHOT,100,OFFLINE_PROJECT_OR_EDGE_EVIDENCE,60,40,95.0,HIGH,POPULARITY_SIGNAL_NOT_AVAILABLE,NONE_ACQUISITION_ORDER_ONLY
6,KBS:HOSE:BVH,BVH,HOSE,CURRENT_500;REPRESENTATIVE_PILOT_55,SIGNAL_UNAVAILABLE,SIGNAL_UNAVAILABLE,OFFLINE_PROJECT_IMPORTANCE_PROXY,100,SIGNAL_UNAVAILABLE,100,VERIFIED_LISTING_SNAPSHOT,100,OFFLINE_PROJECT_OR_EDGE_EVIDENCE,60,40,95.0,HIGH,POPULARITY_SIGNAL_NOT_AVAILABLE,NONE_ACQUISITION_ORDER_ONLY
7,KBS:HOSE:CII,CII,HOSE,CURRENT_500;REPRESENTATIVE_PILOT_55,SIGNAL_UNAVAILABLE,SIGNAL_UNAVAILABLE,OFFLINE_PROJECT_IMPORTANCE_PROXY,100,SIGNAL_UNAVAILABLE,100,VERIFIED_LISTING_SNAPSHOT,100,OFFLINE_PROJECT_OR_EDGE_EVIDENCE,60,40,95.0,HIGH,POPULARITY_SIGNAL_NOT_AVAILABLE,NONE_ACQUISITION_ORDER_ONLY
8,KBS:HOSE:DCM,DCM,HOSE,CURRENT_500;REPRESENTATIVE_PILOT_55,SIGNAL_UNAVAILABLE,SIGNAL_UNAVAILABLE,OFFLINE_PROJECT_IMPORTANCE_PROXY,100,SIGNAL_UNAVAILABLE,100,VERIFIED_LISTING_SNAPSHOT,100,OFFLINE_PROJECT_OR_EDGE_EVIDENCE,60,40,95.0,HIGH,POPULARITY_SIGNAL_NOT_AVAILABLE,NONE_ACQUISITION_ORDER_ONLY
9,KBS:HOSE:DGC,DGC,HOSE,CURRENT_500;REPRESENTATIVE_PILOT_55,SIGNAL_UNAVAILABLE,SIGNAL_UNAVAILABLE,OFFLINE_PROJECT_IMPORTANCE_PROXY,100,SIGNAL_UNAVAILABLE,100,VERIFIED_LISTING_SNAPSHOT,100,OFFLINE_PROJECT_OR_EDGE_EVIDENCE,60,40,95.0,HIGH,POPULARITY_SIGNAL_NOT_AVAILABLE,NONE_ACQUISITION_ORDER_ONLY
10,KBS:HOSE:DGW,DGW,HOSE,CURRENT_500;REPRESENTATIVE_PILOT_55,SIGNAL_UNAVAILABLE,SIGNAL_UNAVAILABLE,OFFLINE_PROJECT_IMPORTANCE_PROXY,100,SIGNAL_UNAVAILABLE,100,VERIFIED_LISTING_SNAPSHOT,100,OFFLINE_PROJECT_OR_EDGE_EVIDENCE,60,40,95.0,HIGH,POPULARITY_SIGNAL_NOT_AVAILABLE,NONE_ACQUISITION_ORDER_ONLY
11,KBS:HOSE:FRT,FRT,HOSE,CURRENT_500;REPRESENTATIVE_PILOT_55,SIGNAL_UNAVAILABLE,SIGNAL_UNAVAILABLE,OFFLINE_PROJECT_IMPORTANCE_PROXY,100,SIGNAL_UNAVAILABLE,100,VERIFIED_LISTING_SNAPSHOT,100,OFFLINE_PROJECT_OR_EDGE_EVIDENCE,60,40,95.0,HIGH,POPULARITY_SIGNAL_NOT_AVAILABLE,NONE_ACQUISITION_ORDER_ONLY
12,KBS:HOSE:GAS,GAS,HOSE,CURRENT_500;REPRESENTATIVE_PILOT_55,SIGNAL_UNAVAILABLE,SIGNAL_UNAVAILABLE,OFFLINE_PROJECT_IMPORTANCE_PROXY,100,SIGNAL_UNAVAILABLE,100,VERIFIED_LISTING_SNAPSHOT,100,OFFLINE_PROJECT_OR_EDGE_EVIDENCE,60,40,95.0,HIGH,POPULARITY_SIGNAL_NOT_AVAILABLE,NONE_ACQUISITION_ORDER_ONLY
13,KBS:HOSE:GMD,GMD,HOSE,CURRENT_500;REPRESENTATIVE_PILOT_55,SIGNAL_UNAVAILABLE,SIGNAL_UNAVAILABLE,OFFLINE_PROJECT_IMPORTANCE_PROXY,100,SIGNAL_UNAVAILABLE,100,VERIFIED_LISTING_SNAPSHOT,100,OFFLINE_PROJECT_OR_EDGE_EVIDENCE,60,40,95.0,HIGH,POPULARITY_SIGNAL_NOT_AVAILABLE,NONE_ACQUISITION_ORDER_ONLY
14,KBS:HOSE:HCM,HCM,HOSE,CURRENT_500;REPRESENTATIVE_PILOT_55,SIGNAL_UNAVAILABLE,SIGNAL_UNAVAILABLE,OFFLINE_PROJECT_IMPORTANCE_PROXY,100,SIGNAL_UNAVAILABLE,100,VERIFIED_LISTING_SNAPSHOT,100,OFFLINE_PROJECT_OR_EDGE_EVIDENCE,60,40,95.0,HIGH,POPULARITY_SIGNAL_NOT_AVAILABLE,NONE_ACQUISITION_ORDER_ONLY
15,KBS:HOSE:KDH,KDH,HOSE,CURRENT_500;REPRESENTATIVE_PILOT_55,SIGNAL_UNAVAILABLE,SIGNAL_UNAVAILABLE,OFFLINE_PROJECT_IMPORTANCE_PROXY,100,SIGNAL_UNAVAILABLE,100,VERIFIED_LISTING_SNAPSHOT,100,OFFLINE_PROJECT_OR_EDGE_EVIDENCE,60,40,95.0,HIGH,POPULARITY_SIGNAL_NOT_AVAILABLE,NONE_ACQUISITION_ORDER_ONLY
16,KBS:HOSE:MBB,MBB,HOSE,CURRENT_500;REPRESENTATIVE_PILOT_55,SIGNAL_UNAVAILABLE,SIGNAL_UNAVAILABLE,OFFLINE_PROJECT_IMPORTANCE_PROXY,100,SIGNAL_UNAVAILABLE,100,VERIFIED_LISTING_SNAPSHOT,100,OFFLINE_PROJECT_OR_EDGE_EVIDENCE,60,40,95.0,HIGH,POPULARITY_SIGNAL_NOT_AVAILABLE,NONE_ACQUISITION_ORDER_ONLY
17,KBS:HOSE:MWG,MWG,HOSE,CURRENT_500;REPRESENTATIVE_PILOT_55,SIGNAL_UNAVAILABLE,SIGNAL_UNAVAILABLE,OFFLINE_PROJECT_IMPORTANCE_PROXY,100,SIGNAL_UNAVAILABLE,100,VERIFIED_LISTING_SNAPSHOT,100,OFFLINE_PROJECT_OR_EDGE_EVIDENCE,60,40,95.0,HIGH,POPULARITY_SIGNAL_NOT_AVAILABLE,NONE_ACQUISITION_ORDER_ONLY
18,KBS:HOSE:PLX,PLX,HOSE,CURRENT_500;REPRESENTATIVE_PILOT_55,SIGNAL_UNAVAILABLE,SIGNAL_UNAVAILABLE,OFFLINE_PROJECT_IMPORTANCE_PROXY,100,SIGNAL_UNAVAILABLE,100,VERIFIED_LISTING_SNAPSHOT,100,OFFLINE_PROJECT_OR_EDGE_EVIDENCE,60,40,95.0,HIGH,POPULARITY_SIGNAL_NOT_AVAILABLE,NONE_ACQUISITION_ORDER_ONLY
19,KBS:HOSE:PNJ,PNJ,HOSE,CURRENT_500;REPRESENTATIVE_PILOT_55,SIGNAL_UNAVAILABLE,SIGNAL_UNAVAILABLE,OFFLINE_PROJECT_IMPORTANCE_PROXY,100,SIGNAL_UNAVAILABLE,100,VERIFIED_LISTING_SNAPSHOT,100,OFFLINE_PROJECT_OR_EDGE_EVIDENCE,60,40,95.0,HIGH,POPULARITY_SIGNAL_NOT_AVAILABLE,NONE_ACQUISITION_ORDER_ONLY
20,KBS:HOSE:VHC,VHC,HOSE,CURRENT_500;REPRESENTATIVE_PILOT_55,SIGNAL_UNAVAILABLE,SIGNAL_UNAVAILABLE,OFFLINE_PROJECT_IMPORTANCE_PROXY,100,SIGNAL_UNAVAILABLE,100,VERIFIED_LISTING_SNAPSHOT,100,OFFLINE_PROJECT_OR_EDGE_EVIDENCE,60,40,95.0,HIGH,POPULARITY_SIGNAL_NOT_AVAILABLE,NONE_ACQUISITION_ORDER_ONLY
21,VCI:1391,CTG,HOSE,REPRESENTATIVE_PILOT_55,SIGNAL_UNAVAILABLE,SIGNAL_UNAVAILABLE,OFFLINE_PROJECT_IMPORTANCE_PROXY,100,SIGNAL_UNAVAILABLE,100,VERIFIED_LISTING_SNAPSHOT,100,OFFLINE_PROJECT_OR_EDGE_EVIDENCE,60,40,95.0,HIGH,POPULARITY_SIGNAL_NOT_AVAILABLE,NONE_ACQUISITION_ORDER_ONLY
22,VCI:177,BID,HOSE,REPRESENTATIVE_PILOT_55,SIGNAL_UNAVAILABLE,SIGNAL_UNAVAILABLE,OFFLINE_PROJECT_IMPORTANCE_PROXY,100,SIGNAL_UNAVAILABLE,100,VERIFIED_LISTING_SNAPSHOT,100,OFFLINE_PROJECT_OR_EDGE_EVIDENCE,60,40,95.0,HIGH,POPULARITY_SIGNAL_NOT_AVAILABLE,NONE_ACQUISITION_ORDER_ONLY
23,VCI:1992,DHG,HOSE,REPRESENTATIVE_PILOT_55,SIGNAL_UNAVAILABLE,SIGNAL_UNAVAILABLE,OFFLINE_PROJECT_IMPORTANCE_PROXY,100,SIGNAL_UNAVAILABLE,100,VERIFIED_LISTING_SNAPSHOT,100,OFFLINE_PROJECT_OR_EDGE_EVIDENCE,60,40,95.0,HIGH,POPULARITY_SIGNAL_NOT_AVAILABLE,NONE_ACQUISITION_ORDER_ONLY
24,VCI:2035,DPM,HOSE,REPRESENTATIVE_PILOT_55,SIGNAL_UNAVAILABLE,SIGNAL_UNAVAILABLE,OFFLINE_PROJECT_IMPORTANCE_PROXY,100,SIGNAL_UNAVAILABLE,100,VERIFIED_LISTING_SNAPSHOT,100,OFFLINE_PROJECT_OR_EDGE_EVIDENCE,60,40,95.0,HIGH,POPULARITY_SIGNAL_NOT_AVAILABLE,NONE_ACQUISITION_ORDER_ONLY
25,VCI:211,BMP,HOSE,REPRESENTATIVE_PILOT_55,SIGNAL_UNAVAILABLE,SIGNAL_UNAVAILABLE,OFFLINE_PROJECT_IMPORTANCE_PROXY,100,SIGNAL_UNAVAILABLE,100,VERIFIED_LISTING_SNAPSHOT,100,OFFLINE_PROJECT_OR_EDGE_EVIDENCE,60,40,95.0,HIGH,POPULARITY_SIGNAL_NOT_AVAILABLE,NONE_ACQUISITION_ORDER_ONLY
26,VCI:2212,GEX,HOSE,REPRESENTATIVE_PILOT_55,SIGNAL_UNAVAILABLE,SIGNAL_UNAVAILABLE,OFFLINE_PROJECT_IMPORTANCE_PROXY,100,SIGNAL_UNAVAILABLE,100,VERIFIED_LISTING_SNAPSHOT,100,OFFLINE_PROJECT_OR_EDGE_EVIDENCE,60,40,95.0,HIGH,POPULARITY_SIGNAL_NOT_AVAILABLE,NONE_ACQUISITION_ORDER_ONLY
27,VCI:2239,GVR,HOSE,REPRESENTATIVE_PILOT_55,SIGNAL_UNAVAILABLE,SIGNAL_UNAVAILABLE,OFFLINE_PROJECT_IMPORTANCE_PROXY,100,SIGNAL_UNAVAILABLE,100,VERIFIED_LISTING_SNAPSHOT,100,OFFLINE_PROJECT_OR_EDGE_EVIDENCE,60,40,95.0,HIGH,POPULARITY_SIGNAL_NOT_AVAILABLE,NONE_ACQUISITION_ORDER_ONLY
28,VCI:2246,HAH,HOSE,REPRESENTATIVE_PILOT_55,SIGNAL_UNAVAILABLE,SIGNAL_UNAVAILABLE,OFFLINE_PROJECT_IMPORTANCE_PROXY,100,SIGNAL_UNAVAILABLE,100,VERIFIED_LISTING_SNAPSHOT,100,OFFLINE_PROJECT_OR_EDGE_EVIDENCE,60,40,95.0,HIGH,POPULARITY_SIGNAL_NOT_AVAILABLE,NONE_ACQUISITION_ORDER_ONLY
29,VCI:2273,HDB,HOSE,REPRESENTATIVE_PILOT_55,SIGNAL_UNAVAILABLE,SIGNAL_UNAVAILABLE,OFFLINE_PROJECT_IMPORTANCE_PROXY,100,SIGNAL_UNAVAILABLE,100,VERIFIED_LISTING_SNAPSHOT,100,OFFLINE_PROJECT_OR_EDGE_EVIDENCE,60,40,95.0,HIGH,POPULARITY_SIGNAL_NOT_AVAILABLE,NONE_ACQUISITION_ORDER_ONLY
30,VCI:2353,HPG,HOSE,REPRESENTATIVE_PILOT_55,SIGNAL_UNAVAILABLE,SIGNAL_UNAVAILABLE,OFFLINE_PROJECT_IMPORTANCE_PROXY,100,SIGNAL_UNAVAILABLE,100,VERIFIED_LISTING_SNAPSHOT,100,OFFLINE_PROJECT_OR_EDGE_EVIDENCE,60,40,95.0,HIGH,POPULARITY_SIGNAL_NOT_AVAILABLE,NONE_ACQUISITION_ORDER_ONLY
31,VCI:2423,IMP,HOSE,REPRESENTATIVE_PILOT_55,SIGNAL_UNAVAILABLE,SIGNAL_UNAVAILABLE,OFFLINE_PROJECT_IMPORTANCE_PROXY,100,SIGNAL_UNAVAILABLE,100,VERIFIED_LISTING_SNAPSHOT,100,OFFLINE_PROJECT_OR_EDGE_EVIDENCE,60,40,95.0,HIGH,POPULARITY_SIGNAL_NOT_AVAILABLE,NONE_ACQUISITION_ORDER_ONLY
32,VCI:2625,MSN,HOSE,REPRESENTATIVE_PILOT_55,SIGNAL_UNAVAILABLE,SIGNAL_UNAVAILABLE,OFFLINE_PROJECT_IMPORTANCE_PROXY,100,SIGNAL_UNAVAILABLE,100,VERIFIED_LISTING_SNAPSHOT,100,OFFLINE_PROJECT_OR_EDGE_EVIDENCE,60,40,95.0,HIGH,POPULARITY_SIGNAL_NOT_AVAILABLE,NONE_ACQUISITION_ORDER_ONLY
33,VCI:2729,NT2,HOSE,REPRESENTATIVE_PILOT_55,SIGNAL_UNAVAILABLE,SIGNAL_UNAVAILABLE,OFFLINE_PROJECT_IMPORTANCE_PROXY,100,SIGNAL_UNAVAILABLE,100,VERIFIED_LISTING_SNAPSHOT,100,OFFLINE_PROJECT_OR_EDGE_EVIDENCE,60,40,95.0,HIGH,POPULARITY_SIGNAL_NOT_AVAILABLE,NONE_ACQUISITION_ORDER_ONLY
34,VCI:2833,POW,HOSE,REPRESENTATIVE_PILOT_55,SIGNAL_UNAVAILABLE,SIGNAL_UNAVAILABLE,OFFLINE_PROJECT_IMPORTANCE_PROXY,100,SIGNAL_UNAVAILABLE,100,VERIFIED_LISTING_SNAPSHOT,100,OFFLINE_PROJECT_OR_EDGE_EVIDENCE,60,40,95.0,HIGH,POPULARITY_SIGNAL_NOT_AVAILABLE,NONE_ACQUISITION_ORDER_ONLY
35,VCI:2878,PVD,HOSE,REPRESENTATIVE_PILOT_55,SIGNAL_UNAVAILABLE,SIGNAL_UNAVAILABLE,OFFLINE_PROJECT_IMPORTANCE_PROXY,100,SIGNAL_UNAVAILABLE,100,VERIFIED_LISTING_SNAPSHOT,100,OFFLINE_PROJECT_OR_EDGE_EVIDENCE,60,40,95.0,HIGH,POPULARITY_SIGNAL_NOT_AVAILABLE,NONE_ACQUISITION_ORDER_ONLY
36,VCI:2929,REE,HOSE,REPRESENTATIVE_PILOT_55,SIGNAL_UNAVAILABLE,SIGNAL_UNAVAILABLE,OFFLINE_PROJECT_IMPORTANCE_PROXY,100,SIGNAL_UNAVAILABLE,100,VERIFIED_LISTING_SNAPSHOT,100,OFFLINE_PROJECT_OR_EDGE_EVIDENCE,60,40,95.0,HIGH,POPULARITY_SIGNAL_NOT_AVAILABLE,NONE_ACQUISITION_ORDER_ONLY
37,VCI:3084,SSI,HOSE,REPRESENTATIVE_PILOT_55,SIGNAL_UNAVAILABLE,SIGNAL_UNAVAILABLE,OFFLINE_PROJECT_IMPORTANCE_PROXY,100,SIGNAL_UNAVAILABLE,100,VERIFIED_LISTING_SNAPSHOT,100,OFFLINE_PROJECT_OR_EDGE_EVIDENCE,60,40,95.0,HIGH,POPULARITY_SIGNAL_NOT_AVAILABLE,NONE_ACQUISITION_ORDER_ONLY
38,VCI:43,AAA,HOSE,REPRESENTATIVE_PILOT_55,SIGNAL_UNAVAILABLE,SIGNAL_UNAVAILABLE,OFFLINE_PROJECT_IMPORTANCE_PROXY,100,SIGNAL_UNAVAILABLE,100,VERIFIED_LISTING_SNAPSHOT,100,OFFLINE_PROJECT_OR_EDGE_EVIDENCE,60,40,95.0,HIGH,POPULARITY_SIGNAL_NOT_AVAILABLE,NONE_ACQUISITION_ORDER_ONLY
39,VCI:57,ACB,HOSE,REPRESENTATIVE_PILOT_55,SIGNAL_UNAVAILABLE,SIGNAL_UNAVAILABLE,OFFLINE_PROJECT_IMPORTANCE_PROXY,100,SIGNAL_UNAVAILABLE,100,VERIFIED_LISTING_SNAPSHOT,100,OFFLINE_PROJECT_OR_EDGE_EVIDENCE,60,40,95.0,HIGH,POPULARITY_SIGNAL_NOT_AVAILABLE,NONE_ACQUISITION_ORDER_ONLY
40,VCI:828,CMG,HOSE,REPRESENTATIVE_PILOT_55,SIGNAL_UNAVAILABLE,SIGNAL_UNAVAILABLE,OFFLINE_PROJECT_IMPORTANCE_PROXY,100,SIGNAL_UNAVAILABLE,100,VERIFIED_LISTING_SNAPSHOT,100,OFFLINE_PROJECT_OR_EDGE_EVIDENCE,60,40,95.0,HIGH,POPULARITY_SIGNAL_NOT_AVAILABLE,NONE_ACQUISITION_ORDER_ONLY
41,VCI:2888,PVS,HNX,A5_R1_1_CAFEF_EVIDENCE;REPRESENTATIVE_PILOT_55,SIGNAL_UNAVAILABLE,SIGNAL_UNAVAILABLE,OFFLINE_PROJECT_IMPORTANCE_PROXY,100,SIGNAL_UNAVAILABLE,60,VERIFIED_LISTING_SNAPSHOT,100,OFFLINE_PROJECT_OR_EDGE_EVIDENCE,100,40,90.0,HIGH,POPULARITY_SIGNAL_NOT_AVAILABLE,NONE_ACQUISITION_ORDER_ONLY
42,KBS:HNX:IDC,IDC,HNX,CURRENT_500;REPRESENTATIVE_PILOT_55,SIGNAL_UNAVAILABLE,SIGNAL_UNAVAILABLE,OFFLINE_PROJECT_IMPORTANCE_PROXY,100,SIGNAL_UNAVAILABLE,60,VERIFIED_LISTING_SNAPSHOT,100,OFFLINE_PROJECT_OR_EDGE_EVIDENCE,60,40,85.0,HIGH,POPULARITY_SIGNAL_NOT_AVAILABLE,NONE_ACQUISITION_ORDER_ONLY
43,KBS:HNX:NTP,NTP,HNX,CURRENT_500;REPRESENTATIVE_PILOT_55,SIGNAL_UNAVAILABLE,SIGNAL_UNAVAILABLE,OFFLINE_PROJECT_IMPORTANCE_PROXY,100,SIGNAL_UNAVAILABLE,60,VERIFIED_LISTING_SNAPSHOT,100,OFFLINE_PROJECT_OR_EDGE_EVIDENCE,60,40,85.0,HIGH,POPULARITY_SIGNAL_NOT_AVAILABLE,NONE_ACQUISITION_ORDER_ONLY
44,KBS:HNX:PVI,PVI,HNX,CURRENT_500;REPRESENTATIVE_PILOT_55,SIGNAL_UNAVAILABLE,SIGNAL_UNAVAILABLE,OFFLINE_PROJECT_IMPORTANCE_PROXY,100,SIGNAL_UNAVAILABLE,60,VERIFIED_LISTING_SNAPSHOT,100,OFFLINE_PROJECT_OR_EDGE_EVIDENCE,60,40,85.0,HIGH,POPULARITY_SIGNAL_NOT_AVAILABLE,NONE_ACQUISITION_ORDER_ONLY
45,KBS:HNX:VCS,VCS,HNX,CURRENT_500;REPRESENTATIVE_PILOT_55,SIGNAL_UNAVAILABLE,SIGNAL_UNAVAILABLE,OFFLINE_PROJECT_IMPORTANCE_PROXY,100,SIGNAL_UNAVAILABLE,60,VERIFIED_LISTING_SNAPSHOT,100,OFFLINE_PROJECT_OR_EDGE_EVIDENCE,60,40,85.0,HIGH,POPULARITY_SIGNAL_NOT_AVAILABLE,NONE_ACQUISITION_ORDER_ONLY
46,VCI:148,BCC,HNX,REPRESENTATIVE_PILOT_55,SIGNAL_UNAVAILABLE,SIGNAL_UNAVAILABLE,OFFLINE_PROJECT_IMPORTANCE_PROXY,100,SIGNAL_UNAVAILABLE,60,VERIFIED_LISTING_SNAPSHOT,100,OFFLINE_PROJECT_OR_EDGE_EVIDENCE,60,40,85.0,HIGH,POPULARITY_SIGNAL_NOT_AVAILABLE,NONE_ACQUISITION_ORDER_ONLY
47,VCI:2503,LAS,HNX,REPRESENTATIVE_PILOT_55,SIGNAL_UNAVAILABLE,SIGNAL_UNAVAILABLE,OFFLINE_PROJECT_IMPORTANCE_PROXY,100,SIGNAL_UNAVAILABLE,60,VERIFIED_LISTING_SNAPSHOT,100,OFFLINE_PROJECT_OR_EDGE_EVIDENCE,60,40,85.0,HIGH,POPULARITY_SIGNAL_NOT_AVAILABLE,NONE_ACQUISITION_ORDER_ONLY
48,VCI:3219,TNG,HNX,REPRESENTATIVE_PILOT_55,SIGNAL_UNAVAILABLE,SIGNAL_UNAVAILABLE,OFFLINE_PROJECT_IMPORTANCE_PROXY,100,SIGNAL_UNAVAILABLE,60,VERIFIED_LISTING_SNAPSHOT,100,OFFLINE_PROJECT_OR_EDGE_EVIDENCE,60,40,85.0,HIGH,POPULARITY_SIGNAL_NOT_AVAILABLE,NONE_ACQUISITION_ORDER_ONLY
49,KBS:HOSE:KHP,KHP,HOSE,A5_R1_1_CAFEF_EVIDENCE;CURRENT_500,SIGNAL_UNAVAILABLE,SIGNAL_UNAVAILABLE,OFFLINE_PROJECT_IMPORTANCE_PROXY,80,SIGNAL_UNAVAILABLE,100,PROVISIONAL_CURRENT_UNIVERSE,60,OFFLINE_PROJECT_OR_EDGE_EVIDENCE,100,40,82.5,HIGH,POPULARITY_SIGNAL_NOT_AVAILABLE,NONE_ACQUISITION_ORDER_ONLY
50,KBS:UPCOM:ACV,ACV,UPCOM,A5_R1_1_CAFEF_EVIDENCE;CURRENT_500;REPRESENTATIVE_PILOT_55,SIGNAL_UNAVAILABLE,SIGNAL_UNAVAILABLE,OFFLINE_PROJECT_IMPORTANCE_PROXY,100,SIGNAL_UNAVAILABLE,20,VERIFIED_LISTING_SNAPSHOT,100,OFFLINE_PROJECT_OR_EDGE_EVIDENCE,100,40,80.0,HIGH,POPULARITY_SIGNAL_NOT_AVAILABLE,NONE_ACQUISITION_ORDER_ONLY
51,KBS:UPCOM:MPC,MPC,UPCOM,CURRENT_500;REPRESENTATIVE_PILOT_55,SIGNAL_UNAVAILABLE,SIGNAL_UNAVAILABLE,OFFLINE_PROJECT_IMPORTANCE_PROXY,100,SIGNAL_UNAVAILABLE,20,VERIFIED_LISTING_SNAPSHOT,100,OFFLINE_PROJECT_OR_EDGE_EVIDENCE,60,40,75.0,HIGH,POPULARITY_SIGNAL_NOT_AVAILABLE,NONE_ACQUISITION_ORDER_ONLY
52,KBS:UPCOM:OIL,OIL,UPCOM,CURRENT_500;REPRESENTATIVE_PILOT_55,SIGNAL_UNAVAILABLE,SIGNAL_UNAVAILABLE,OFFLINE_PROJECT_IMPORTANCE_PROXY,100,SIGNAL_UNAVAILABLE,20,VERIFIED_LISTING_SNAPSHOT,100,OFFLINE_PROJECT_OR_EDGE_EVIDENCE,60,40,75.0,HIGH,POPULARITY_SIGNAL_NOT_AVAILABLE,NONE_ACQUISITION_ORDER_ONLY
53,KBS:UPCOM:QNS,QNS,UPCOM,CURRENT_500;REPRESENTATIVE_PILOT_55,SIGNAL_UNAVAILABLE,SIGNAL_UNAVAILABLE,OFFLINE_PROJECT_IMPORTANCE_PROXY,100,SIGNAL_UNAVAILABLE,20,VERIFIED_LISTING_SNAPSHOT,100,OFFLINE_PROJECT_OR_EDGE_EVIDENCE,60,40,75.0,HIGH,POPULARITY_SIGNAL_NOT_AVAILABLE,NONE_ACQUISITION_ORDER_ONLY
54,KBS:UPCOM:VEA,VEA,UPCOM,CURRENT_500;REPRESENTATIVE_PILOT_55,SIGNAL_UNAVAILABLE,SIGNAL_UNAVAILABLE,OFFLINE_PROJECT_IMPORTANCE_PROXY,100,SIGNAL_UNAVAILABLE,20,VERIFIED_LISTING_SNAPSHOT,100,OFFLINE_PROJECT_OR_EDGE_EVIDENCE,60,40,75.0,HIGH,POPULARITY_SIGNAL_NOT_AVAILABLE,NONE_ACQUISITION_ORDER_ONLY
55,KBS:UPCOM:VGI,VGI,UPCOM,CURRENT_500;REPRESENTATIVE_PILOT_55,SIGNAL_UNAVAILABLE,SIGNAL_UNAVAILABLE,OFFLINE_PROJECT_IMPORTANCE_PROXY,100,SIGNAL_UNAVAILABLE,20,VERIFIED_LISTING_SNAPSHOT,100,OFFLINE_PROJECT_OR_EDGE_EVIDENCE,60,40,75.0,HIGH,POPULARITY_SIGNAL_NOT_AVAILABLE,NONE_ACQUISITION_ORDER_ONLY
56,VCI:2950,SAS,UPCOM,REPRESENTATIVE_PILOT_55,SIGNAL_UNAVAILABLE,SIGNAL_UNAVAILABLE,OFFLINE_PROJECT_IMPORTANCE_PROXY,100,SIGNAL_UNAVAILABLE,20,VERIFIED_LISTING_SNAPSHOT,100,OFFLINE_PROJECT_OR_EDGE_EVIDENCE,60,40,75.0,HIGH,POPULARITY_SIGNAL_NOT_AVAILABLE,NONE_ACQUISITION_ORDER_ONLY
57,PLAN_INPUT_UNRESOLVED:VCB,VCB,HOSE,A5_R1_1_CAFEF_EVIDENCE,SIGNAL_UNAVAILABLE,SIGNAL_UNAVAILABLE,OFFLINE_PROJECT_IMPORTANCE_PROXY,80,SIGNAL_UNAVAILABLE,100,PLAN_INPUT_UNRESOLVED,0,OFFLINE_PROJECT_OR_EDGE_EVIDENCE,100,40,67.5,MEDIUM,POPULARITY_SIGNAL_NOT_AVAILABLE,NONE_ACQUISITION_ORDER_ONLY
58,KBS:HOSE:LPB,LPB,HOSE,A6_VERIFIED_TRANSFER;CURRENT_500,SIGNAL_UNAVAILABLE,SIGNAL_UNAVAILABLE,SIGNAL_UNAVAILABLE,,SIGNAL_UNAVAILABLE,100,VERIFIED_TRANSFER,100,OFFLINE_PROJECT_OR_EDGE_EVIDENCE,100,40,62.5,MEDIUM,POPULARITY_SIGNAL_NOT_AVAILABLE,NONE_ACQUISITION_ORDER_ONLY
59,KBS:HOSE:SHB,SHB,HOSE,A6_VERIFIED_TRANSFER;CURRENT_500,SIGNAL_UNAVAILABLE,SIGNAL_UNAVAILABLE,SIGNAL_UNAVAILABLE,,SIGNAL_UNAVAILABLE,100,VERIFIED_TRANSFER,100,OFFLINE_PROJECT_OR_EDGE_EVIDENCE,100,40,62.5,MEDIUM,POPULARITY_SIGNAL_NOT_AVAILABLE,NONE_ACQUISITION_ORDER_ONLY
60,KBS:HOSE:VCG,VCG,HOSE,A6_VERIFIED_TRANSFER;CURRENT_500,SIGNAL_UNAVAILABLE,SIGNAL_UNAVAILABLE,SIGNAL_UNAVAILABLE,,SIGNAL_UNAVAILABLE,100,VERIFIED_TRANSFER,100,OFFLINE_PROJECT_OR_EDGE_EVIDENCE,100,40,62.5,MEDIUM,POPULARITY_SIGNAL_NOT_AVAILABLE,NONE_ACQUISITION_ORDER_ONLY
61,KBS:UPCOM:HND,HND,UPCOM,A5_R1_1_CAFEF_EVIDENCE;CURRENT_500,SIGNAL_UNAVAILABLE,SIGNAL_UNAVAILABLE,OFFLINE_PROJECT_IMPORTANCE_PROXY,80,SIGNAL_UNAVAILABLE,20,PROVISIONAL_CURRENT_UNIVERSE,60,OFFLINE_PROJECT_OR_EDGE_EVIDENCE,100,40,62.5,MEDIUM,POPULARITY_SIGNAL_NOT_AVAILABLE,NONE_ACQUISITION_ORDER_ONLY
62,KBS:HOSE:NO1,NO1,HOSE,CURRENT_500,SIGNAL_UNAVAILABLE,SIGNAL_UNAVAILABLE,SIGNAL_UNAVAILABLE,,SIGNAL_UNAVAILABLE,100,PROVISIONAL_CURRENT_UNIVERSE,60,OFFLINE_PROJECT_OR_EDGE_EVIDENCE,100,40,52.5,NORMAL,POPULARITY_SIGNAL_NOT_AVAILABLE,NONE_ACQUISITION_ORDER_ONLY
63,KBS:HOSE:STK,STK,HOSE,CURRENT_500,SIGNAL_UNAVAILABLE,SIGNAL_UNAVAILABLE,SIGNAL_UNAVAILABLE,,SIGNAL_UNAVAILABLE,100,PROVISIONAL_CURRENT_UNIVERSE,60,OFFLINE_PROJECT_OR_EDGE_EVIDENCE,100,40,52.5,NORMAL,POPULARITY_SIGNAL_NOT_AVAILABLE,NONE_ACQUISITION_ORDER_ONLY
64,KBS:HOSE:TVB,TVB,HOSE,CURRENT_500,SIGNAL_UNAVAILABLE,SIGNAL_UNAVAILABLE,SIGNAL_UNAVAILABLE,,SIGNAL_UNAVAILABLE,100,PROVISIONAL_CURRENT_UNIVERSE,60,OFFLINE_PROJECT_OR_EDGE_EVIDENCE,100,40,52.5,NORMAL,POPULARITY_SIGNAL_NOT_AVAILABLE,NONE_ACQUISITION_ORDER_ONLY
65,KBS:HNX:IDV,IDV,HNX,CURRENT_500,SIGNAL_UNAVAILABLE,SIGNAL_UNAVAILABLE,SIGNAL_UNAVAILABLE,,SIGNAL_UNAVAILABLE,60,PROVISIONAL_CURRENT_UNIVERSE,60,OFFLINE_PROJECT_OR_EDGE_EVIDENCE,100,40,42.5,NORMAL,POPULARITY_SIGNAL_NOT_AVAILABLE,NONE_ACQUISITION_ORDER_ONLY
66,KBS:HOSE:AAM,AAM,HOSE,CURRENT_500,SIGNAL_UNAVAILABLE,SIGNAL_UNAVAILABLE,SIGNAL_UNAVAILABLE,,SIGNAL_UNAVAILABLE,100,PROVISIONAL_CURRENT_UNIVERSE,60,SIGNAL_UNAVAILABLE,,40,40.0,NORMAL,POPULARITY_SIGNAL_NOT_AVAILABLE,NONE_ACQUISITION_ORDER_ONLY
67,KBS:HOSE:ACC,ACC,HOSE,CURRENT_500,SIGNAL_UNAVAILABLE,SIGNAL_UNAVAILABLE,SIGNAL_UNAVAILABLE,,SIGNAL_UNAVAILABLE,100,PROVISIONAL_CURRENT_UNIVERSE,60,SIGNAL_UNAVAILABLE,,40,40.0,NORMAL,POPULARITY_SIGNAL_NOT_AVAILABLE,NONE_ACQUISITION_ORDER_ONLY
68,KBS:HOSE:ACL,ACL,HOSE,CURRENT_500,SIGNAL_UNAVAILABLE,SIGNAL_UNAVAILABLE,SIGNAL_UNAVAILABLE,,SIGNAL_UNAVAILABLE,100,PROVISIONAL_CURRENT_UNIVERSE,60,SIGNAL_UNAVAILABLE,,40,40.0,NORMAL,POPULARITY_SIGNAL_NOT_AVAILABLE,NONE_ACQUISITION_ORDER_ONLY
69,KBS:HOSE:ADS,ADS,HOSE,CURRENT_500,SIGNAL_UNAVAILABLE,SIGNAL_UNAVAILABLE,SIGNAL_UNAVAILABLE,,SIGNAL_UNAVAILABLE,100,PROVISIONAL_CURRENT_UNIVERSE,60,SIGNAL_UNAVAILABLE,,40,40.0,NORMAL,POPULARITY_SIGNAL_NOT_AVAILABLE,NONE_ACQUISITION_ORDER_ONLY
70,KBS:HOSE:AGR,AGR,HOSE,CURRENT_500,SIGNAL_UNAVAILABLE,SIGNAL_UNAVAILABLE,SIGNAL_UNAVAILABLE,,SIGNAL_UNAVAILABLE,100,PROVISIONAL_CURRENT_UNIVERSE,60,SIGNAL_UNAVAILABLE,,40,40.0,NORMAL,POPULARITY_SIGNAL_NOT_AVAILABLE,NONE_ACQUISITION_ORDER_ONLY
71,KBS:HOSE:AST,AST,HOSE,CURRENT_500,SIGNAL_UNAVAILABLE,SIGNAL_UNAVAILABLE,SIGNAL_UNAVAILABLE,,SIGNAL_UNAVAILABLE,100,PROVISIONAL_CURRENT_UNIVERSE,60,SIGNAL_UNAVAILABLE,,40,40.0,NORMAL,POPULARITY_SIGNAL_NOT_AVAILABLE,NONE_ACQUISITION_ORDER_ONLY
72,KBS:HOSE:BCE,BCE,HOSE,CURRENT_500,SIGNAL_UNAVAILABLE,SIGNAL_UNAVAILABLE,SIGNAL_UNAVAILABLE,,SIGNAL_UNAVAILABLE,100,PROVISIONAL_CURRENT_UNIVERSE,60,SIGNAL_UNAVAILABLE,,40,40.0,NORMAL,POPULARITY_SIGNAL_NOT_AVAILABLE,NONE_ACQUISITION_ORDER_ONLY
73,KBS:HOSE:BFC,BFC,HOSE,CURRENT_500,SIGNAL_UNAVAILABLE,SIGNAL_UNAVAILABLE,SIGNAL_UNAVAILABLE,,SIGNAL_UNAVAILABLE,100,PROVISIONAL_CURRENT_UNIVERSE,60,SIGNAL_UNAVAILABLE,,40,40.0,NORMAL,POPULARITY_SIGNAL_NOT_AVAILABLE,NONE_ACQUISITION_ORDER_ONLY
74,KBS:HOSE:BKG,BKG,HOSE,CURRENT_500,SIGNAL_UNAVAILABLE,SIGNAL_UNAVAILABLE,SIGNAL_UNAVAILABLE,,SIGNAL_UNAVAILABLE,100,PROVISIONAL_CURRENT_UNIVERSE,60,SIGNAL_UNAVAILABLE,,40,40.0,NORMAL,POPULARITY_SIGNAL_NOT_AVAILABLE,NONE_ACQUISITION_ORDER_ONLY
75,KBS:HOSE:CCL,CCL,HOSE,CURRENT_500,SIGNAL_UNAVAILABLE,SIGNAL_UNAVAILABLE,SIGNAL_UNAVAILABLE,,SIGNAL_UNAVAILABLE,100,PROVISIONAL_CURRENT_UNIVERSE,60,SIGNAL_UNAVAILABLE,,40,40.0,NORMAL,POPULARITY_SIGNAL_NOT_AVAILABLE,NONE_ACQUISITION_ORDER_ONLY
76,KBS:HOSE:CHP,CHP,HOSE,CURRENT_500,SIGNAL_UNAVAILABLE,SIGNAL_UNAVAILABLE,SIGNAL_UNAVAILABLE,,SIGNAL_UNAVAILABLE,100,PROVISIONAL_CURRENT_UNIVERSE,60,SIGNAL_UNAVAILABLE,,40,40.0,NORMAL,POPULARITY_SIGNAL_NOT_AVAILABLE,NONE_ACQUISITION_ORDER_ONLY
77,KBS:HOSE:CKG,CKG,HOSE,CURRENT_500,SIGNAL_UNAVAILABLE,SIGNAL_UNAVAILABLE,SIGNAL_UNAVAILABLE,,SIGNAL_UNAVAILABLE,100,PROVISIONAL_CURRENT_UNIVERSE,60,SIGNAL_UNAVAILABLE,,40,40.0,NORMAL,POPULARITY_SIGNAL_NOT_AVAILABLE,NONE_ACQUISITION_ORDER_ONLY
78,KBS:HOSE:CLC,CLC,HOSE,CURRENT_500,SIGNAL_UNAVAILABLE,SIGNAL_UNAVAILABLE,SIGNAL_UNAVAILABLE,,SIGNAL_UNAVAILABLE,100,PROVISIONAL_CURRENT_UNIVERSE,60,SIGNAL_UNAVAILABLE,,40,40.0,NORMAL,POPULARITY_SIGNAL_NOT_AVAILABLE,NONE_ACQUISITION_ORDER_ONLY
79,KBS:HOSE:CLW,CLW,HOSE,CURRENT_500,SIGNAL_UNAVAILABLE,SIGNAL_UNAVAILABLE,SIGNAL_UNAVAILABLE,,SIGNAL_UNAVAILABLE,100,PROVISIONAL_CURRENT_UNIVERSE,60,SIGNAL_UNAVAILABLE,,40,40.0,NORMAL,POPULARITY_SIGNAL_NOT_AVAILABLE,NONE_ACQUISITION_ORDER_ONLY
80,KBS:HOSE:CMX,CMX,HOSE,CURRENT_500,SIGNAL_UNAVAILABLE,SIGNAL_UNAVAILABLE,SIGNAL_UNAVAILABLE,,SIGNAL_UNAVAILABLE,100,PROVISIONAL_CURRENT_UNIVERSE,60,SIGNAL_UNAVAILABLE,,40,40.0,NORMAL,POPULARITY_SIGNAL_NOT_AVAILABLE,NONE_ACQUISITION_ORDER_ONLY
81,KBS:HOSE:CRE,CRE,HOSE,CURRENT_500,SIGNAL_UNAVAILABLE,SIGNAL_UNAVAILABLE,SIGNAL_UNAVAILABLE,,SIGNAL_UNAVAILABLE,100,PROVISIONAL_CURRENT_UNIVERSE,60,SIGNAL_UNAVAILABLE,,40,40.0,NORMAL,POPULARITY_SIGNAL_NOT_AVAILABLE,NONE_ACQUISITION_ORDER_ONLY
82,KBS:HOSE:CTD,CTD,HOSE,CURRENT_500,SIGNAL_UNAVAILABLE,SIGNAL_UNAVAILABLE,SIGNAL_UNAVAILABLE,,SIGNAL_UNAVAILABLE,100,PROVISIONAL_CURRENT_UNIVERSE,60,SIGNAL_UNAVAILABLE,,40,40.0,NORMAL,POPULARITY_SIGNAL_NOT_AVAILABLE,NONE_ACQUISITION_ORDER_ONLY
83,KBS:HOSE:CTS,CTS,HOSE,CURRENT_500,SIGNAL_UNAVAILABLE,SIGNAL_UNAVAILABLE,SIGNAL_UNAVAILABLE,,SIGNAL_UNAVAILABLE,100,PROVISIONAL_CURRENT_UNIVERSE,60,SIGNAL_UNAVAILABLE,,40,40.0,NORMAL,POPULARITY_SIGNAL_NOT_AVAILABLE,NONE_ACQUISITION_ORDER_ONLY
84,KBS:HOSE:DAH,DAH,HOSE,CURRENT_500,SIGNAL_UNAVAILABLE,SIGNAL_UNAVAILABLE,SIGNAL_UNAVAILABLE,,SIGNAL_UNAVAILABLE,100,PROVISIONAL_CURRENT_UNIVERSE,60,SIGNAL_UNAVAILABLE,,40,40.0,NORMAL,POPULARITY_SIGNAL_NOT_AVAILABLE,NONE_ACQUISITION_ORDER_ONLY
85,KBS:HOSE:DBC,DBC,HOSE,CURRENT_500,SIGNAL_UNAVAILABLE,SIGNAL_UNAVAILABLE,SIGNAL_UNAVAILABLE,,SIGNAL_UNAVAILABLE,100,PROVISIONAL_CURRENT_UNIVERSE,60,SIGNAL_UNAVAILABLE,,40,40.0,NORMAL,POPULARITY_SIGNAL_NOT_AVAILABLE,NONE_ACQUISITION_ORDER_ONLY
86,KBS:HOSE:DC4,DC4,HOSE,CURRENT_500,SIGNAL_UNAVAILABLE,SIGNAL_UNAVAILABLE,SIGNAL_UNAVAILABLE,,SIGNAL_UNAVAILABLE,100,PROVISIONAL_CURRENT_UNIVERSE,60,SIGNAL_UNAVAILABLE,,40,40.0,NORMAL,POPULARITY_SIGNAL_NOT_AVAILABLE,NONE_ACQUISITION_ORDER_ONLY
87,KBS:HOSE:DCL,DCL,HOSE,CURRENT_500,SIGNAL_UNAVAILABLE,SIGNAL_UNAVAILABLE,SIGNAL_UNAVAILABLE,,SIGNAL_UNAVAILABLE,100,PROVISIONAL_CURRENT_UNIVERSE,60,SIGNAL_UNAVAILABLE,,40,40.0,NORMAL,POPULARITY_SIGNAL_NOT_AVAILABLE,NONE_ACQUISITION_ORDER_ONLY
88,KBS:HOSE:DMC,DMC,HOSE,CURRENT_500,SIGNAL_UNAVAILABLE,SIGNAL_UNAVAILABLE,SIGNAL_UNAVAILABLE,,SIGNAL_UNAVAILABLE,100,PROVISIONAL_CURRENT_UNIVERSE,60,SIGNAL_UNAVAILABLE,,40,40.0,NORMAL,POPULARITY_SIGNAL_NOT_AVAILABLE,NONE_ACQUISITION_ORDER_ONLY
89,KBS:HOSE:DTA,DTA,HOSE,CURRENT_500,SIGNAL_UNAVAILABLE,SIGNAL_UNAVAILABLE,SIGNAL_UNAVAILABLE,,SIGNAL_UNAVAILABLE,100,PROVISIONAL_CURRENT_UNIVERSE,60,SIGNAL_UNAVAILABLE,,40,40.0,NORMAL,POPULARITY_SIGNAL_NOT_AVAILABLE,NONE_ACQUISITION_ORDER_ONLY
90,KBS:HOSE:DTT,DTT,HOSE,CURRENT_500,SIGNAL_UNAVAILABLE,SIGNAL_UNAVAILABLE,SIGNAL_UNAVAILABLE,,SIGNAL_UNAVAILABLE,100,PROVISIONAL_CURRENT_UNIVERSE,60,SIGNAL_UNAVAILABLE,,40,40.0,NORMAL,POPULARITY_SIGNAL_NOT_AVAILABLE,NONE_ACQUISITION_ORDER_ONLY
91,KBS:HOSE:DVP,DVP,HOSE,CURRENT_500,SIGNAL_UNAVAILABLE,SIGNAL_UNAVAILABLE,SIGNAL_UNAVAILABLE,,SIGNAL_UNAVAILABLE,100,PROVISIONAL_CURRENT_UNIVERSE,60,SIGNAL_UNAVAILABLE,,40,40.0,NORMAL,POPULARITY_SIGNAL_NOT_AVAILABLE,NONE_ACQUISITION_ORDER_ONLY
92,KBS:HOSE:ELC,ELC,HOSE,CURRENT_500,SIGNAL_UNAVAILABLE,SIGNAL_UNAVAILABLE,SIGNAL_UNAVAILABLE,,SIGNAL_UNAVAILABLE,100,PROVISIONAL_CURRENT_UNIVERSE,60,SIGNAL_UNAVAILABLE,,40,40.0,NORMAL,POPULARITY_SIGNAL_NOT_AVAILABLE,NONE_ACQUISITION_ORDER_ONLY
93,KBS:HOSE:EVE,EVE,HOSE,CURRENT_500,SIGNAL_UNAVAILABLE,SIGNAL_UNAVAILABLE,SIGNAL_UNAVAILABLE,,SIGNAL_UNAVAILABLE,100,PROVISIONAL_CURRENT_UNIVERSE,60,SIGNAL_UNAVAILABLE,,40,40.0,NORMAL,POPULARITY_SIGNAL_NOT_AVAILABLE,NONE_ACQUISITION_ORDER_ONLY
94,KBS:HOSE:EVF,EVF,HOSE,CURRENT_500,SIGNAL_UNAVAILABLE,SIGNAL_UNAVAILABLE,SIGNAL_UNAVAILABLE,,SIGNAL_UNAVAILABLE,100,PROVISIONAL_CURRENT_UNIVERSE,60,SIGNAL_UNAVAILABLE,,40,40.0,NORMAL,POPULARITY_SIGNAL_NOT_AVAILABLE,NONE_ACQUISITION_ORDER_ONLY
95,KBS:HOSE:FDC,FDC,HOSE,CURRENT_500,SIGNAL_UNAVAILABLE,SIGNAL_UNAVAILABLE,SIGNAL_UNAVAILABLE,,SIGNAL_UNAVAILABLE,100,PROVISIONAL_CURRENT_UNIVERSE,60,SIGNAL_UNAVAILABLE,,40,40.0,NORMAL,POPULARITY_SIGNAL_NOT_AVAILABLE,NONE_ACQUISITION_ORDER_ONLY
96,KBS:HOSE:FIR,FIR,HOSE,CURRENT_500,SIGNAL_UNAVAILABLE,SIGNAL_UNAVAILABLE,SIGNAL_UNAVAILABLE,,SIGNAL_UNAVAILABLE,100,PROVISIONAL_CURRENT_UNIVERSE,60,SIGNAL_UNAVAILABLE,,40,40.0,NORMAL,POPULARITY_SIGNAL_NOT_AVAILABLE,NONE_ACQUISITION_ORDER_ONLY
97,KBS:HOSE:FIT,FIT,HOSE,CURRENT_500,SIGNAL_UNAVAILABLE,SIGNAL_UNAVAILABLE,SIGNAL_UNAVAILABLE,,SIGNAL_UNAVAILABLE,100,PROVISIONAL_CURRENT_UNIVERSE,60,SIGNAL_UNAVAILABLE,,40,40.0,NORMAL,POPULARITY_SIGNAL_NOT_AVAILABLE,NONE_ACQUISITION_ORDER_ONLY
98,KBS:HOSE:FMC,FMC,HOSE,CURRENT_500,SIGNAL_UNAVAILABLE,SIGNAL_UNAVAILABLE,SIGNAL_UNAVAILABLE,,SIGNAL_UNAVAILABLE,100,PROVISIONAL_CURRENT_UNIVERSE,60,SIGNAL_UNAVAILABLE,,40,40.0,NORMAL,POPULARITY_SIGNAL_NOT_AVAILABLE,NONE_ACQUISITION_ORDER_ONLY
99,KBS:HOSE:GDT,GDT,HOSE,CURRENT_500,SIGNAL_UNAVAILABLE,SIGNAL_UNAVAILABLE,SIGNAL_UNAVAILABLE,,SIGNAL_UNAVAILABLE,100,PROVISIONAL_CURRENT_UNIVERSE,60,SIGNAL_UNAVAILABLE,,40,40.0,NORMAL,POPULARITY_SIGNAL_NOT_AVAILABLE,NONE_ACQUISITION_ORDER_ONLY
100,KBS:HOSE:GEG,GEG,HOSE,CURRENT_500,SIGNAL_UNAVAILABLE,SIGNAL_UNAVAILABLE,SIGNAL_UNAVAILABLE,,SIGNAL_UNAVAILABLE,100,PROVISIONAL_CURRENT_UNIVERSE,60,SIGNAL_UNAVAILABLE,,40,40.0,NORMAL,POPULARITY_SIGNAL_NOT_AVAILABLE,NONE_ACQUISITION_ORDER_ONLY
101,KBS:HOSE:GHC,GHC,HOSE,CURRENT_500,SIGNAL_UNAVAILABLE,SIGNAL_UNAVAILABLE,SIGNAL_UNAVAILABLE,,SIGNAL_UNAVAILABLE,100,PROVISIONAL_CURRENT_UNIVERSE,60,SIGNAL_UNAVAILABLE,,40,40.0,NORMAL,POPULARITY_SIGNAL_NOT_AVAILABLE,NONE_ACQUISITION_ORDER_ONLY
102,KBS:HOSE:GMH,GMH,HOSE,CURRENT_500,SIGNAL_UNAVAILABLE,SIGNAL_UNAVAILABLE,SIGNAL_UNAVAILABLE,,SIGNAL_UNAVAILABLE,100,PROVISIONAL_CURRENT_UNIVERSE,60,SIGNAL_UNAVAILABLE,,40,40.0,NORMAL,POPULARITY_SIGNAL_NOT_AVAILABLE,NONE_ACQUISITION_ORDER_ONLY
103,KBS:HOSE:GTA,GTA,HOSE,CURRENT_500,SIGNAL_UNAVAILABLE,SIGNAL_UNAVAILABLE,SIGNAL_UNAVAILABLE,,SIGNAL_UNAVAILABLE,100,PROVISIONAL_CURRENT_UNIVERSE,60,SIGNAL_UNAVAILABLE,,40,40.0,NORMAL,POPULARITY_SIGNAL_NOT_AVAILABLE,NONE_ACQUISITION_ORDER_ONLY
104,KBS:HOSE:HAR,HAR,HOSE,CURRENT_500,SIGNAL_UNAVAILABLE,SIGNAL_UNAVAILABLE,SIGNAL_UNAVAILABLE,,SIGNAL_UNAVAILABLE,100,PROVISIONAL_CURRENT_UNIVERSE,60,SIGNAL_UNAVAILABLE,,40,40.0,NORMAL,POPULARITY_SIGNAL_NOT_AVAILABLE,NONE_ACQUISITION_ORDER_ONLY
105,KBS:HOSE:HAS,HAS,HOSE,CURRENT_500,SIGNAL_UNAVAILABLE,SIGNAL_UNAVAILABLE,SIGNAL_UNAVAILABLE,,SIGNAL_UNAVAILABLE,100,PROVISIONAL_CURRENT_UNIVERSE,60,SIGNAL_UNAVAILABLE,,40,40.0,NORMAL,POPULARITY_SIGNAL_NOT_AVAILABLE,NONE_ACQUISITION_ORDER_ONLY
106,KBS:HOSE:HAX,HAX,HOSE,CURRENT_500,SIGNAL_UNAVAILABLE,SIGNAL_UNAVAILABLE,SIGNAL_UNAVAILABLE,,SIGNAL_UNAVAILABLE,100,PROVISIONAL_CURRENT_UNIVERSE,60,SIGNAL_UNAVAILABLE,,40,40.0,NORMAL,POPULARITY_SIGNAL_NOT_AVAILABLE,NONE_ACQUISITION_ORDER_ONLY
107,KBS:HOSE:HDC,HDC,HOSE,CURRENT_500,SIGNAL_UNAVAILABLE,SIGNAL_UNAVAILABLE,SIGNAL_UNAVAILABLE,,SIGNAL_UNAVAILABLE,100,PROVISIONAL_CURRENT_UNIVERSE,60,SIGNAL_UNAVAILABLE,,40,40.0,NORMAL,POPULARITY_SIGNAL_NOT_AVAILABLE,NONE_ACQUISITION_ORDER_ONLY
108,KBS:HOSE:HHP,HHP,HOSE,CURRENT_500,SIGNAL_UNAVAILABLE,SIGNAL_UNAVAILABLE,SIGNAL_UNAVAILABLE,,SIGNAL_UNAVAILABLE,100,PROVISIONAL_CURRENT_UNIVERSE,60,SIGNAL_UNAVAILABLE,,40,40.0,NORMAL,POPULARITY_SIGNAL_NOT_AVAILABLE,NONE_ACQUISITION_ORDER_ONLY
109,KBS:HOSE:HHV,HHV,HOSE,CURRENT_500,SIGNAL_UNAVAILABLE,SIGNAL_UNAVAILABLE,SIGNAL_UNAVAILABLE,,SIGNAL_UNAVAILABLE,100,PROVISIONAL_CURRENT_UNIVERSE,60,SIGNAL_UNAVAILABLE,,40,40.0,NORMAL,POPULARITY_SIGNAL_NOT_AVAILABLE,NONE_ACQUISITION_ORDER_ONLY
110,KBS:HOSE:HID,HID,HOSE,CURRENT_500,SIGNAL_UNAVAILABLE,SIGNAL_UNAVAILABLE,SIGNAL_UNAVAILABLE,,SIGNAL_UNAVAILABLE,100,PROVISIONAL_CURRENT_UNIVERSE,60,SIGNAL_UNAVAILABLE,,40,40.0,NORMAL,POPULARITY_SIGNAL_NOT_AVAILABLE,NONE_ACQUISITION_ORDER_ONLY
111,KBS:HOSE:HQC,HQC,HOSE,CURRENT_500,SIGNAL_UNAVAILABLE,SIGNAL_UNAVAILABLE,SIGNAL_UNAVAILABLE,,SIGNAL_UNAVAILABLE,100,PROVISIONAL_CURRENT_UNIVERSE,60,SIGNAL_UNAVAILABLE,,40,40.0,NORMAL,POPULARITY_SIGNAL_NOT_AVAILABLE,NONE_ACQUISITION_ORDER_ONLY
112,KBS:HOSE:HRC,HRC,HOSE,CURRENT_500,SIGNAL_UNAVAILABLE,SIGNAL_UNAVAILABLE,SIGNAL_UNAVAILABLE,,SIGNAL_UNAVAILABLE,100,PROVISIONAL_CURRENT_UNIVERSE,60,SIGNAL_UNAVAILABLE,,40,40.0,NORMAL,POPULARITY_SIGNAL_NOT_AVAILABLE,NONE_ACQUISITION_ORDER_ONLY
113,KBS:HOSE:HTG,HTG,HOSE,CURRENT_500,SIGNAL_UNAVAILABLE,SIGNAL_UNAVAILABLE,SIGNAL_UNAVAILABLE,,SIGNAL_UNAVAILABLE,100,PROVISIONAL_CURRENT_UNIVERSE,60,SIGNAL_UNAVAILABLE,,40,40.0,NORMAL,POPULARITY_SIGNAL_NOT_AVAILABLE,NONE_ACQUISITION_ORDER_ONLY
114,KBS:HOSE:HTN,HTN,HOSE,CURRENT_500,SIGNAL_UNAVAILABLE,SIGNAL_UNAVAILABLE,SIGNAL_UNAVAILABLE,,SIGNAL_UNAVAILABLE,100,PROVISIONAL_CURRENT_UNIVERSE,60,SIGNAL_UNAVAILABLE,,40,40.0,NORMAL,POPULARITY_SIGNAL_NOT_AVAILABLE,NONE_ACQUISITION_ORDER_ONLY
115,KBS:HOSE:HTV,HTV,HOSE,CURRENT_500,SIGNAL_UNAVAILABLE,SIGNAL_UNAVAILABLE,SIGNAL_UNAVAILABLE,,SIGNAL_UNAVAILABLE,100,PROVISIONAL_CURRENT_UNIVERSE,60,SIGNAL_UNAVAILABLE,,40,40.0,NORMAL,POPULARITY_SIGNAL_NOT_AVAILABLE,NONE_ACQUISITION_ORDER_ONLY
116,KBS:HOSE:HU1,HU1,HOSE,CURRENT_500,SIGNAL_UNAVAILABLE,SIGNAL_UNAVAILABLE,SIGNAL_UNAVAILABLE,,SIGNAL_UNAVAILABLE,100,PROVISIONAL_CURRENT_UNIVERSE,60,SIGNAL_UNAVAILABLE,,40,40.0,NORMAL,POPULARITY_SIGNAL_NOT_AVAILABLE,NONE_ACQUISITION_ORDER_ONLY
117,KBS:HOSE:HUB,HUB,HOSE,CURRENT_500,SIGNAL_UNAVAILABLE,SIGNAL_UNAVAILABLE,SIGNAL_UNAVAILABLE,,SIGNAL_UNAVAILABLE,100,PROVISIONAL_CURRENT_UNIVERSE,60,SIGNAL_UNAVAILABLE,,40,40.0,NORMAL,POPULARITY_SIGNAL_NOT_AVAILABLE,NONE_ACQUISITION_ORDER_ONLY
118,KBS:HOSE:ITC,ITC,HOSE,CURRENT_500,SIGNAL_UNAVAILABLE,SIGNAL_UNAVAILABLE,SIGNAL_UNAVAILABLE,,SIGNAL_UNAVAILABLE,100,PROVISIONAL_CURRENT_UNIVERSE,60,SIGNAL_UNAVAILABLE,,40,40.0,NORMAL,POPULARITY_SIGNAL_NOT_AVAILABLE,NONE_ACQUISITION_ORDER_ONLY
119,KBS:HOSE:ITD,ITD,HOSE,CURRENT_500,SIGNAL_UNAVAILABLE,SIGNAL_UNAVAILABLE,SIGNAL_UNAVAILABLE,,SIGNAL_UNAVAILABLE,100,PROVISIONAL_CURRENT_UNIVERSE,60,SIGNAL_UNAVAILABLE,,40,40.0,NORMAL,POPULARITY_SIGNAL_NOT_AVAILABLE,NONE_ACQUISITION_ORDER_ONLY
120,KBS:HOSE:JVC,JVC,HOSE,CURRENT_500,SIGNAL_UNAVAILABLE,SIGNAL_UNAVAILABLE,SIGNAL_UNAVAILABLE,,SIGNAL_UNAVAILABLE,100,PROVISIONAL_CURRENT_UNIVERSE,60,SIGNAL_UNAVAILABLE,,40,40.0,NORMAL,POPULARITY_SIGNAL_NOT_AVAILABLE,NONE_ACQUISITION_ORDER_ONLY
121,KBS:HOSE:KBC,KBC,HOSE,CURRENT_500,SIGNAL_UNAVAILABLE,SIGNAL_UNAVAILABLE,SIGNAL_UNAVAILABLE,,SIGNAL_UNAVAILABLE,100,PROVISIONAL_CURRENT_UNIVERSE,60,SIGNAL_UNAVAILABLE,,40,40.0,NORMAL,POPULARITY_SIGNAL_NOT_AVAILABLE,NONE_ACQUISITION_ORDER_ONLY
122,KBS:HOSE:KLB,KLB,HOSE,CURRENT_500,SIGNAL_UNAVAILABLE,SIGNAL_UNAVAILABLE,SIGNAL_UNAVAILABLE,,SIGNAL_UNAVAILABLE,100,PROVISIONAL_CURRENT_UNIVERSE,60,SIGNAL_UNAVAILABLE,,40,40.0,NORMAL,POPULARITY_SIGNAL_NOT_AVAILABLE,NONE_ACQUISITION_ORDER_ONLY
123,KBS:HOSE:KMR,KMR,HOSE,CURRENT_500,SIGNAL_UNAVAILABLE,SIGNAL_UNAVAILABLE,SIGNAL_UNAVAILABLE,,SIGNAL_UNAVAILABLE,100,PROVISIONAL_CURRENT_UNIVERSE,60,SIGNAL_UNAVAILABLE,,40,40.0,NORMAL,POPULARITY_SIGNAL_NOT_AVAILABLE,NONE_ACQUISITION_ORDER_ONLY
124,KBS:HOSE:KSB,KSB,HOSE,CURRENT_500,SIGNAL_UNAVAILABLE,SIGNAL_UNAVAILABLE,SIGNAL_UNAVAILABLE,,SIGNAL_UNAVAILABLE,100,PROVISIONAL_CURRENT_UNIVERSE,60,SIGNAL_UNAVAILABLE,,40,40.0,NORMAL,POPULARITY_SIGNAL_NOT_AVAILABLE,NONE_ACQUISITION_ORDER_ONLY
125,KBS:HOSE:L10,L10,HOSE,CURRENT_500,SIGNAL_UNAVAILABLE,SIGNAL_UNAVAILABLE,SIGNAL_UNAVAILABLE,,SIGNAL_UNAVAILABLE,100,PROVISIONAL_CURRENT_UNIVERSE,60,SIGNAL_UNAVAILABLE,,40,40.0,NORMAL,POPULARITY_SIGNAL_NOT_AVAILABLE,NONE_ACQUISITION_ORDER_ONLY
126,KBS:HOSE:LAF,LAF,HOSE,CURRENT_500,SIGNAL_UNAVAILABLE,SIGNAL_UNAVAILABLE,SIGNAL_UNAVAILABLE,,SIGNAL_UNAVAILABLE,100,PROVISIONAL_CURRENT_UNIVERSE,60,SIGNAL_UNAVAILABLE,,40,40.0,NORMAL,POPULARITY_SIGNAL_NOT_AVAILABLE,NONE_ACQUISITION_ORDER_ONLY
127,KBS:HOSE:LDG,LDG,HOSE,CURRENT_500,SIGNAL_UNAVAILABLE,SIGNAL_UNAVAILABLE,SIGNAL_UNAVAILABLE,,SIGNAL_UNAVAILABLE,100,PROVISIONAL_CURRENT_UNIVERSE,60,SIGNAL_UNAVAILABLE,,40,40.0,NORMAL,POPULARITY_SIGNAL_NOT_AVAILABLE,NONE_ACQUISITION_ORDER_ONLY
128,KBS:HOSE:LGL,LGL,HOSE,CURRENT_500,SIGNAL_UNAVAILABLE,SIGNAL_UNAVAILABLE,SIGNAL_UNAVAILABLE,,SIGNAL_UNAVAILABLE,100,PROVISIONAL_CURRENT_UNIVERSE,60,SIGNAL_UNAVAILABLE,,40,40.0,NORMAL,POPULARITY_SIGNAL_NOT_AVAILABLE,NONE_ACQUISITION_ORDER_ONLY
129,KBS:HOSE:LHG,LHG,HOSE,CURRENT_500,SIGNAL_UNAVAILABLE,SIGNAL_UNAVAILABLE,SIGNAL_UNAVAILABLE,,SIGNAL_UNAVAILABLE,100,PROVISIONAL_CURRENT_UNIVERSE,60,SIGNAL_UNAVAILABLE,,40,40.0,NORMAL,POPULARITY_SIGNAL_NOT_AVAILABLE,NONE_ACQUISITION_ORDER_ONLY
130,KBS:HOSE:LIX,LIX,HOSE,CURRENT_500,SIGNAL_UNAVAILABLE,SIGNAL_UNAVAILABLE,SIGNAL_UNAVAILABLE,,SIGNAL_UNAVAILABLE,100,PROVISIONAL_CURRENT_UNIVERSE,60,SIGNAL_UNAVAILABLE,,40,40.0,NORMAL,POPULARITY_SIGNAL_NOT_AVAILABLE,NONE_ACQUISITION_ORDER_ONLY
131,KBS:HOSE:LM8,LM8,HOSE,CURRENT_500,SIGNAL_UNAVAILABLE,SIGNAL_UNAVAILABLE,SIGNAL_UNAVAILABLE,,SIGNAL_UNAVAILABLE,100,PROVISIONAL_CURRENT_UNIVERSE,60,SIGNAL_UNAVAILABLE,,40,40.0,NORMAL,POPULARITY_SIGNAL_NOT_AVAILABLE,NONE_ACQUISITION_ORDER_ONLY
132,KBS:HOSE:LSS,LSS,HOSE,CURRENT_500,SIGNAL_UNAVAILABLE,SIGNAL_UNAVAILABLE,SIGNAL_UNAVAILABLE,,SIGNAL_UNAVAILABLE,100,PROVISIONAL_CURRENT_UNIVERSE,60,SIGNAL_UNAVAILABLE,,40,40.0,NORMAL,POPULARITY_SIGNAL_NOT_AVAILABLE,NONE_ACQUISITION_ORDER_ONLY
133,KBS:HOSE:MCH,MCH,HOSE,CURRENT_500,SIGNAL_UNAVAILABLE,SIGNAL_UNAVAILABLE,SIGNAL_UNAVAILABLE,,SIGNAL_UNAVAILABLE,100,PROVISIONAL_CURRENT_UNIVERSE,60,SIGNAL_UNAVAILABLE,,40,40.0,NORMAL,POPULARITY_SIGNAL_NOT_AVAILABLE,NONE_ACQUISITION_ORDER_ONLY
134,KBS:HOSE:MCM,MCM,HOSE,CURRENT_500,SIGNAL_UNAVAILABLE,SIGNAL_UNAVAILABLE,SIGNAL_UNAVAILABLE,,SIGNAL_UNAVAILABLE,100,PROVISIONAL_CURRENT_UNIVERSE,60,SIGNAL_UNAVAILABLE,,40,40.0,NORMAL,POPULARITY_SIGNAL_NOT_AVAILABLE,NONE_ACQUISITION_ORDER_ONLY
135,KBS:HOSE:MCP,MCP,HOSE,CURRENT_500,SIGNAL_UNAVAILABLE,SIGNAL_UNAVAILABLE,SIGNAL_UNAVAILABLE,,SIGNAL_UNAVAILABLE,100,PROVISIONAL_CURRENT_UNIVERSE,60,SIGNAL_UNAVAILABLE,,40,40.0,NORMAL,POPULARITY_SIGNAL_NOT_AVAILABLE,NONE_ACQUISITION_ORDER_ONLY
136,KBS:HOSE:MSH,MSH,HOSE,CURRENT_500,SIGNAL_UNAVAILABLE,SIGNAL_UNAVAILABLE,SIGNAL_UNAVAILABLE,,SIGNAL_UNAVAILABLE,100,PROVISIONAL_CURRENT_UNIVERSE,60,SIGNAL_UNAVAILABLE,,40,40.0,NORMAL,POPULARITY_SIGNAL_NOT_AVAILABLE,NONE_ACQUISITION_ORDER_ONLY
137,KBS:HOSE:NAF,NAF,HOSE,CURRENT_500,SIGNAL_UNAVAILABLE,SIGNAL_UNAVAILABLE,SIGNAL_UNAVAILABLE,,SIGNAL_UNAVAILABLE,100,PROVISIONAL_CURRENT_UNIVERSE,60,SIGNAL_UNAVAILABLE,,40,40.0,NORMAL,POPULARITY_SIGNAL_NOT_AVAILABLE,NONE_ACQUISITION_ORDER_ONLY
138,KBS:HOSE:NAV,NAV,HOSE,CURRENT_500,SIGNAL_UNAVAILABLE,SIGNAL_UNAVAILABLE,SIGNAL_UNAVAILABLE,,SIGNAL_UNAVAILABLE,100,PROVISIONAL_CURRENT_UNIVERSE,60,SIGNAL_UNAVAILABLE,,40,40.0,NORMAL,POPULARITY_SIGNAL_NOT_AVAILABLE,NONE_ACQUISITION_ORDER_ONLY
139,KBS:HOSE:NNC,NNC,HOSE,CURRENT_500,SIGNAL_UNAVAILABLE,SIGNAL_UNAVAILABLE,SIGNAL_UNAVAILABLE,,SIGNAL_UNAVAILABLE,100,PROVISIONAL_CURRENT_UNIVERSE,60,SIGNAL_UNAVAILABLE,,40,40.0,NORMAL,POPULARITY_SIGNAL_NOT_AVAILABLE,NONE_ACQUISITION_ORDER_ONLY
140,KBS:HOSE:NTC,NTC,HOSE,CURRENT_500,SIGNAL_UNAVAILABLE,SIGNAL_UNAVAILABLE,SIGNAL_UNAVAILABLE,,SIGNAL_UNAVAILABLE,100,PROVISIONAL_CURRENT_UNIVERSE,60,SIGNAL_UNAVAILABLE,,40,40.0,NORMAL,POPULARITY_SIGNAL_NOT_AVAILABLE,NONE_ACQUISITION_ORDER_ONLY
141,KBS:HOSE:OCB,OCB,HOSE,CURRENT_500,SIGNAL_UNAVAILABLE,SIGNAL_UNAVAILABLE,SIGNAL_UNAVAILABLE,,SIGNAL_UNAVAILABLE,100,PROVISIONAL_CURRENT_UNIVERSE,60,SIGNAL_UNAVAILABLE,,40,40.0,NORMAL,POPULARITY_SIGNAL_NOT_AVAILABLE,NONE_ACQUISITION_ORDER_ONLY
142,KBS:HOSE:PAC,PAC,HOSE,CURRENT_500,SIGNAL_UNAVAILABLE,SIGNAL_UNAVAILABLE,SIGNAL_UNAVAILABLE,,SIGNAL_UNAVAILABLE,100,PROVISIONAL_CURRENT_UNIVERSE,60,SIGNAL_UNAVAILABLE,,40,40.0,NORMAL,POPULARITY_SIGNAL_NOT_AVAILABLE,NONE_ACQUISITION_ORDER_ONLY
143,KBS:HOSE:PDN,PDN,HOSE,CURRENT_500,SIGNAL_UNAVAILABLE,SIGNAL_UNAVAILABLE,SIGNAL_UNAVAILABLE,,SIGNAL_UNAVAILABLE,100,PROVISIONAL_CURRENT_UNIVERSE,60,SIGNAL_UNAVAILABLE,,40,40.0,NORMAL,POPULARITY_SIGNAL_NOT_AVAILABLE,NONE_ACQUISITION_ORDER_ONLY
144,KBS:HOSE:PDV,PDV,HOSE,CURRENT_500,SIGNAL_UNAVAILABLE,SIGNAL_UNAVAILABLE,SIGNAL_UNAVAILABLE,,SIGNAL_UNAVAILABLE,100,PROVISIONAL_CURRENT_UNIVERSE,60,SIGNAL_UNAVAILABLE,,40,40.0,NORMAL,POPULARITY_SIGNAL_NOT_AVAILABLE,NONE_ACQUISITION_ORDER_ONLY
145,KBS:HOSE:PGI,PGI,HOSE,CURRENT_500,SIGNAL_UNAVAILABLE,SIGNAL_UNAVAILABLE,SIGNAL_UNAVAILABLE,,SIGNAL_UNAVAILABLE,100,PROVISIONAL_CURRENT_UNIVERSE,60,SIGNAL_UNAVAILABLE,,40,40.0,NORMAL,POPULARITY_SIGNAL_NOT_AVAILABLE,NONE_ACQUISITION_ORDER_ONLY
146,KBS:HOSE:PGV,PGV,HOSE,CURRENT_500,SIGNAL_UNAVAILABLE,SIGNAL_UNAVAILABLE,SIGNAL_UNAVAILABLE,,SIGNAL_UNAVAILABLE,100,PROVISIONAL_CURRENT_UNIVERSE,60,SIGNAL_UNAVAILABLE,,40,40.0,NORMAL,POPULARITY_SIGNAL_NOT_AVAILABLE,NONE_ACQUISITION_ORDER_ONLY
147,KBS:HOSE:PHR,PHR,HOSE,CURRENT_500,SIGNAL_UNAVAILABLE,SIGNAL_UNAVAILABLE,SIGNAL_UNAVAILABLE,,SIGNAL_UNAVAILABLE,100,PROVISIONAL_CURRENT_UNIVERSE,60,SIGNAL_UNAVAILABLE,,40,40.0,NORMAL,POPULARITY_SIGNAL_NOT_AVAILABLE,NONE_ACQUISITION_ORDER_ONLY
148,KBS:HOSE:PIT,PIT,HOSE,CURRENT_500,SIGNAL_UNAVAILABLE,SIGNAL_UNAVAILABLE,SIGNAL_UNAVAILABLE,,SIGNAL_UNAVAILABLE,100,PROVISIONAL_CURRENT_UNIVERSE,60,SIGNAL_UNAVAILABLE,,40,40.0,NORMAL,POPULARITY_SIGNAL_NOT_AVAILABLE,NONE_ACQUISITION_ORDER_ONLY
149,KBS:HOSE:PLP,PLP,HOSE,CURRENT_500,SIGNAL_UNAVAILABLE,SIGNAL_UNAVAILABLE,SIGNAL_UNAVAILABLE,,SIGNAL_UNAVAILABLE,100,PROVISIONAL_CURRENT_UNIVERSE,60,SIGNAL_UNAVAILABLE,,40,40.0,NORMAL,POPULARITY_SIGNAL_NOT_AVAILABLE,NONE_ACQUISITION_ORDER_ONLY
150,KBS:HOSE:PTL,PTL,HOSE,CURRENT_500,SIGNAL_UNAVAILABLE,SIGNAL_UNAVAILABLE,SIGNAL_UNAVAILABLE,,SIGNAL_UNAVAILABLE,100,PROVISIONAL_CURRENT_UNIVERSE,60,SIGNAL_UNAVAILABLE,,40,40.0,NORMAL,POPULARITY_SIGNAL_NOT_AVAILABLE,NONE_ACQUISITION_ORDER_ONLY
151,KBS:HOSE:PVP,PVP,HOSE,CURRENT_500,SIGNAL_UNAVAILABLE,SIGNAL_UNAVAILABLE,SIGNAL_UNAVAILABLE,,SIGNAL_UNAVAILABLE,100,PROVISIONAL_CURRENT_UNIVERSE,60,SIGNAL_UNAVAILABLE,,40,40.0,NORMAL,POPULARITY_SIGNAL_NOT_AVAILABLE,NONE_ACQUISITION_ORDER_ONLY
152,KBS:HOSE:QCG,QCG,HOSE,CURRENT_500,SIGNAL_UNAVAILABLE,SIGNAL_UNAVAILABLE,SIGNAL_UNAVAILABLE,,SIGNAL_UNAVAILABLE,100,PROVISIONAL_CURRENT_UNIVERSE,60,SIGNAL_UNAVAILABLE,,40,40.0,NORMAL,POPULARITY_SIGNAL_NOT_AVAILABLE,NONE_ACQUISITION_ORDER_ONLY
153,KBS:HOSE:S4A,S4A,HOSE,CURRENT_500,SIGNAL_UNAVAILABLE,SIGNAL_UNAVAILABLE,SIGNAL_UNAVAILABLE,,SIGNAL_UNAVAILABLE,100,PROVISIONAL_CURRENT_UNIVERSE,60,SIGNAL_UNAVAILABLE,,40,40.0,NORMAL,POPULARITY_SIGNAL_NOT_AVAILABLE,NONE_ACQUISITION_ORDER_ONLY
154,KBS:HOSE:SAB,SAB,HOSE,CURRENT_500,SIGNAL_UNAVAILABLE,SIGNAL_UNAVAILABLE,SIGNAL_UNAVAILABLE,,SIGNAL_UNAVAILABLE,100,PROVISIONAL_CURRENT_UNIVERSE,60,SIGNAL_UNAVAILABLE,,40,40.0,NORMAL,POPULARITY_SIGNAL_NOT_AVAILABLE,NONE_ACQUISITION_ORDER_ONLY
155,KBS:HOSE:SAV,SAV,HOSE,CURRENT_500,SIGNAL_UNAVAILABLE,SIGNAL_UNAVAILABLE,SIGNAL_UNAVAILABLE,,SIGNAL_UNAVAILABLE,100,PROVISIONAL_CURRENT_UNIVERSE,60,SIGNAL_UNAVAILABLE,,40,40.0,NORMAL,POPULARITY_SIGNAL_NOT_AVAILABLE,NONE_ACQUISITION_ORDER_ONLY
156,KBS:HOSE:SBV,SBV,HOSE,CURRENT_500,SIGNAL_UNAVAILABLE,SIGNAL_UNAVAILABLE,SIGNAL_UNAVAILABLE,,SIGNAL_UNAVAILABLE,100,PROVISIONAL_CURRENT_UNIVERSE,60,SIGNAL_UNAVAILABLE,,40,40.0,NORMAL,POPULARITY_SIGNAL_NOT_AVAILABLE,NONE_ACQUISITION_ORDER_ONLY
157,KBS:HOSE:SC5,SC5,HOSE,CURRENT_500,SIGNAL_UNAVAILABLE,SIGNAL_UNAVAILABLE,SIGNAL_UNAVAILABLE,,SIGNAL_UNAVAILABLE,100,PROVISIONAL_CURRENT_UNIVERSE,60,SIGNAL_UNAVAILABLE,,40,40.0,NORMAL,POPULARITY_SIGNAL_NOT_AVAILABLE,NONE_ACQUISITION_ORDER_ONLY
158,KBS:HOSE:SCS,SCS,HOSE,CURRENT_500,SIGNAL_UNAVAILABLE,SIGNAL_UNAVAILABLE,SIGNAL_UNAVAILABLE,,SIGNAL_UNAVAILABLE,100,PROVISIONAL_CURRENT_UNIVERSE,60,SIGNAL_UNAVAILABLE,,40,40.0,NORMAL,POPULARITY_SIGNAL_NOT_AVAILABLE,NONE_ACQUISITION_ORDER_ONLY
159,KBS:HOSE:SHI,SHI,HOSE,CURRENT_500,SIGNAL_UNAVAILABLE,SIGNAL_UNAVAILABLE,SIGNAL_UNAVAILABLE,,SIGNAL_UNAVAILABLE,100,PROVISIONAL_CURRENT_UNIVERSE,60,SIGNAL_UNAVAILABLE,,40,40.0,NORMAL,POPULARITY_SIGNAL_NOT_AVAILABLE,NONE_ACQUISITION_ORDER_ONLY
160,KBS:HOSE:SHP,SHP,HOSE,CURRENT_500,SIGNAL_UNAVAILABLE,SIGNAL_UNAVAILABLE,SIGNAL_UNAVAILABLE,,SIGNAL_UNAVAILABLE,100,PROVISIONAL_CURRENT_UNIVERSE,60,SIGNAL_UNAVAILABLE,,40,40.0,NORMAL,POPULARITY_SIGNAL_NOT_AVAILABLE,NONE_ACQUISITION_ORDER_ONLY
161,KBS:HOSE:SIP,SIP,HOSE,CURRENT_500,SIGNAL_UNAVAILABLE,SIGNAL_UNAVAILABLE,SIGNAL_UNAVAILABLE,,SIGNAL_UNAVAILABLE,100,PROVISIONAL_CURRENT_UNIVERSE,60,SIGNAL_UNAVAILABLE,,40,40.0,NORMAL,POPULARITY_SIGNAL_NOT_AVAILABLE,NONE_ACQUISITION_ORDER_ONLY
162,KBS:HOSE:SRC,SRC,HOSE,CURRENT_500,SIGNAL_UNAVAILABLE,SIGNAL_UNAVAILABLE,SIGNAL_UNAVAILABLE,,SIGNAL_UNAVAILABLE,100,PROVISIONAL_CURRENT_UNIVERSE,60,SIGNAL_UNAVAILABLE,,40,40.0,NORMAL,POPULARITY_SIGNAL_NOT_AVAILABLE,NONE_ACQUISITION_ORDER_ONLY
163,KBS:HOSE:SSB,SSB,HOSE,CURRENT_500,SIGNAL_UNAVAILABLE,SIGNAL_UNAVAILABLE,SIGNAL_UNAVAILABLE,,SIGNAL_UNAVAILABLE,100,PROVISIONAL_CURRENT_UNIVERSE,60,SIGNAL_UNAVAILABLE,,40,40.0,NORMAL,POPULARITY_SIGNAL_NOT_AVAILABLE,NONE_ACQUISITION_ORDER_ONLY
164,KBS:HOSE:SSC,SSC,HOSE,CURRENT_500,SIGNAL_UNAVAILABLE,SIGNAL_UNAVAILABLE,SIGNAL_UNAVAILABLE,,SIGNAL_UNAVAILABLE,100,PROVISIONAL_CURRENT_UNIVERSE,60,SIGNAL_UNAVAILABLE,,40,40.0,NORMAL,POPULARITY_SIGNAL_NOT_AVAILABLE,NONE_ACQUISITION_ORDER_ONLY
165,KBS:HOSE:SVC,SVC,HOSE,CURRENT_500,SIGNAL_UNAVAILABLE,SIGNAL_UNAVAILABLE,SIGNAL_UNAVAILABLE,,SIGNAL_UNAVAILABLE,100,PROVISIONAL_CURRENT_UNIVERSE,60,SIGNAL_UNAVAILABLE,,40,40.0,NORMAL,POPULARITY_SIGNAL_NOT_AVAILABLE,NONE_ACQUISITION_ORDER_ONLY
166,KBS:HOSE:SVT,SVT,HOSE,CURRENT_500,SIGNAL_UNAVAILABLE,SIGNAL_UNAVAILABLE,SIGNAL_UNAVAILABLE,,SIGNAL_UNAVAILABLE,100,PROVISIONAL_CURRENT_UNIVERSE,60,SIGNAL_UNAVAILABLE,,40,40.0,NORMAL,POPULARITY_SIGNAL_NOT_AVAILABLE,NONE_ACQUISITION_ORDER_ONLY
167,KBS:HOSE:SZC,SZC,HOSE,CURRENT_500,SIGNAL_UNAVAILABLE,SIGNAL_UNAVAILABLE,SIGNAL_UNAVAILABLE,,SIGNAL_UNAVAILABLE,100,PROVISIONAL_CURRENT_UNIVERSE,60,SIGNAL_UNAVAILABLE,,40,40.0,NORMAL,POPULARITY_SIGNAL_NOT_AVAILABLE,NONE_ACQUISITION_ORDER_ONLY
168,KBS:HOSE:TCB,TCB,HOSE,CURRENT_500,SIGNAL_UNAVAILABLE,SIGNAL_UNAVAILABLE,SIGNAL_UNAVAILABLE,,SIGNAL_UNAVAILABLE,100,PROVISIONAL_CURRENT_UNIVERSE,60,SIGNAL_UNAVAILABLE,,40,40.0,NORMAL,POPULARITY_SIGNAL_NOT_AVAILABLE,NONE_ACQUISITION_ORDER_ONLY
169,KBS:HOSE:TCL,TCL,HOSE,CURRENT_500,SIGNAL_UNAVAILABLE,SIGNAL_UNAVAILABLE,SIGNAL_UNAVAILABLE,,SIGNAL_UNAVAILABLE,100,PROVISIONAL_CURRENT_UNIVERSE,60,SIGNAL_UNAVAILABLE,,40,40.0,NORMAL,POPULARITY_SIGNAL_NOT_AVAILABLE,NONE_ACQUISITION_ORDER_ONLY
170,KBS:HOSE:TCR,TCR,HOSE,CURRENT_500,SIGNAL_UNAVAILABLE,SIGNAL_UNAVAILABLE,SIGNAL_UNAVAILABLE,,SIGNAL_UNAVAILABLE,100,PROVISIONAL_CURRENT_UNIVERSE,60,SIGNAL_UNAVAILABLE,,40,40.0,NORMAL,POPULARITY_SIGNAL_NOT_AVAILABLE,NONE_ACQUISITION_ORDER_ONLY
171,KBS:HOSE:TDP,TDP,HOSE,CURRENT_500,SIGNAL_UNAVAILABLE,SIGNAL_UNAVAILABLE,SIGNAL_UNAVAILABLE,,SIGNAL_UNAVAILABLE,100,PROVISIONAL_CURRENT_UNIVERSE,60,SIGNAL_UNAVAILABLE,,40,40.0,NORMAL,POPULARITY_SIGNAL_NOT_AVAILABLE,NONE_ACQUISITION_ORDER_ONLY
172,KBS:HOSE:THG,THG,HOSE,CURRENT_500,SIGNAL_UNAVAILABLE,SIGNAL_UNAVAILABLE,SIGNAL_UNAVAILABLE,,SIGNAL_UNAVAILABLE,100,PROVISIONAL_CURRENT_UNIVERSE,60,SIGNAL_UNAVAILABLE,,40,40.0,NORMAL,POPULARITY_SIGNAL_NOT_AVAILABLE,NONE_ACQUISITION_ORDER_ONLY
173,KBS:HOSE:TIX,TIX,HOSE,CURRENT_500,SIGNAL_UNAVAILABLE,SIGNAL_UNAVAILABLE,SIGNAL_UNAVAILABLE,,SIGNAL_UNAVAILABLE,100,PROVISIONAL_CURRENT_UNIVERSE,60,SIGNAL_UNAVAILABLE,,40,40.0,NORMAL,POPULARITY_SIGNAL_NOT_AVAILABLE,NONE_ACQUISITION_ORDER_ONLY
174,KBS:HOSE:TMT,TMT,HOSE,CURRENT_500,SIGNAL_UNAVAILABLE,SIGNAL_UNAVAILABLE,SIGNAL_UNAVAILABLE,,SIGNAL_UNAVAILABLE,100,PROVISIONAL_CURRENT_UNIVERSE,60,SIGNAL_UNAVAILABLE,,40,40.0,NORMAL,POPULARITY_SIGNAL_NOT_AVAILABLE,NONE_ACQUISITION_ORDER_ONLY
175,KBS:HOSE:TN1,TN1,HOSE,CURRENT_500,SIGNAL_UNAVAILABLE,SIGNAL_UNAVAILABLE,SIGNAL_UNAVAILABLE,,SIGNAL_UNAVAILABLE,100,PROVISIONAL_CURRENT_UNIVERSE,60,SIGNAL_UNAVAILABLE,,40,40.0,NORMAL,POPULARITY_SIGNAL_NOT_AVAILABLE,NONE_ACQUISITION_ORDER_ONLY
176,KBS:HOSE:TNH,TNH,HOSE,CURRENT_500,SIGNAL_UNAVAILABLE,SIGNAL_UNAVAILABLE,SIGNAL_UNAVAILABLE,,SIGNAL_UNAVAILABLE,100,PROVISIONAL_CURRENT_UNIVERSE,60,SIGNAL_UNAVAILABLE,,40,40.0,NORMAL,POPULARITY_SIGNAL_NOT_AVAILABLE,NONE_ACQUISITION_ORDER_ONLY
177,KBS:HOSE:TNI,TNI,HOSE,CURRENT_500,SIGNAL_UNAVAILABLE,SIGNAL_UNAVAILABLE,SIGNAL_UNAVAILABLE,,SIGNAL_UNAVAILABLE,100,PROVISIONAL_CURRENT_UNIVERSE,60,SIGNAL_UNAVAILABLE,,40,40.0,NORMAL,POPULARITY_SIGNAL_NOT_AVAILABLE,NONE_ACQUISITION_ORDER_ONLY
178,KBS:HOSE:TNT,TNT,HOSE,CURRENT_500,SIGNAL_UNAVAILABLE,SIGNAL_UNAVAILABLE,SIGNAL_UNAVAILABLE,,SIGNAL_UNAVAILABLE,100,PROVISIONAL_CURRENT_UNIVERSE,60,SIGNAL_UNAVAILABLE,,40,40.0,NORMAL,POPULARITY_SIGNAL_NOT_AVAILABLE,NONE_ACQUISITION_ORDER_ONLY
179,KBS:HOSE:TPB,TPB,HOSE,CURRENT_500,SIGNAL_UNAVAILABLE,SIGNAL_UNAVAILABLE,SIGNAL_UNAVAILABLE,,SIGNAL_UNAVAILABLE,100,PROVISIONAL_CURRENT_UNIVERSE,60,SIGNAL_UNAVAILABLE,,40,40.0,NORMAL,POPULARITY_SIGNAL_NOT_AVAILABLE,NONE_ACQUISITION_ORDER_ONLY
180,KBS:HOSE:TRC,TRC,HOSE,CURRENT_500,SIGNAL_UNAVAILABLE,SIGNAL_UNAVAILABLE,SIGNAL_UNAVAILABLE,,SIGNAL_UNAVAILABLE,100,PROVISIONAL_CURRENT_UNIVERSE,60,SIGNAL_UNAVAILABLE,,40,40.0,NORMAL,POPULARITY_SIGNAL_NOT_AVAILABLE,NONE_ACQUISITION_ORDER_ONLY
181,KBS:HOSE:TV2,TV2,HOSE,CURRENT_500,SIGNAL_UNAVAILABLE,SIGNAL_UNAVAILABLE,SIGNAL_UNAVAILABLE,,SIGNAL_UNAVAILABLE,100,PROVISIONAL_CURRENT_UNIVERSE,60,SIGNAL_UNAVAILABLE,,40,40.0,NORMAL,POPULARITY_SIGNAL_NOT_AVAILABLE,NONE_ACQUISITION_ORDER_ONLY
182,KBS:HOSE:TVS,TVS,HOSE,CURRENT_500,SIGNAL_UNAVAILABLE,SIGNAL_UNAVAILABLE,SIGNAL_UNAVAILABLE,,SIGNAL_UNAVAILABLE,100,PROVISIONAL_CURRENT_UNIVERSE,60,SIGNAL_UNAVAILABLE,,40,40.0,NORMAL,POPULARITY_SIGNAL_NOT_AVAILABLE,NONE_ACQUISITION_ORDER_ONLY
183,KBS:HOSE:TVT,TVT,HOSE,CURRENT_500,SIGNAL_UNAVAILABLE,SIGNAL_UNAVAILABLE,SIGNAL_UNAVAILABLE,,SIGNAL_UNAVAILABLE,100,PROVISIONAL_CURRENT_UNIVERSE,60,SIGNAL_UNAVAILABLE,,40,40.0,NORMAL,POPULARITY_SIGNAL_NOT_AVAILABLE,NONE_ACQUISITION_ORDER_ONLY
184,KBS:HOSE:UIC,UIC,HOSE,CURRENT_500,SIGNAL_UNAVAILABLE,SIGNAL_UNAVAILABLE,SIGNAL_UNAVAILABLE,,SIGNAL_UNAVAILABLE,100,PROVISIONAL_CURRENT_UNIVERSE,60,SIGNAL_UNAVAILABLE,,40,40.0,NORMAL,POPULARITY_SIGNAL_NOT_AVAILABLE,NONE_ACQUISITION_ORDER_ONLY
185,KBS:HOSE:VAB,VAB,HOSE,CURRENT_500,SIGNAL_UNAVAILABLE,SIGNAL_UNAVAILABLE,SIGNAL_UNAVAILABLE,,SIGNAL_UNAVAILABLE,100,PROVISIONAL_CURRENT_UNIVERSE,60,SIGNAL_UNAVAILABLE,,40,40.0,NORMAL,POPULARITY_SIGNAL_NOT_AVAILABLE,NONE_ACQUISITION_ORDER_ONLY
186,KBS:HOSE:VDS,VDS,HOSE,CURRENT_500,SIGNAL_UNAVAILABLE,SIGNAL_UNAVAILABLE,SIGNAL_UNAVAILABLE,,SIGNAL_UNAVAILABLE,100,PROVISIONAL_CURRENT_UNIVERSE,60,SIGNAL_UNAVAILABLE,,40,40.0,NORMAL,POPULARITY_SIGNAL_NOT_AVAILABLE,NONE_ACQUISITION_ORDER_ONLY
187,KBS:HOSE:VFG,VFG,HOSE,CURRENT_500,SIGNAL_UNAVAILABLE,SIGNAL_UNAVAILABLE,SIGNAL_UNAVAILABLE,,SIGNAL_UNAVAILABLE,100,PROVISIONAL_CURRENT_UNIVERSE,60,SIGNAL_UNAVAILABLE,,40,40.0,NORMAL,POPULARITY_SIGNAL_NOT_AVAILABLE,NONE_ACQUISITION_ORDER_ONLY
188,KBS:HOSE:VGC,VGC,HOSE,CURRENT_500,SIGNAL_UNAVAILABLE,SIGNAL_UNAVAILABLE,SIGNAL_UNAVAILABLE,,SIGNAL_UNAVAILABLE,100,PROVISIONAL_CURRENT_UNIVERSE,60,SIGNAL_UNAVAILABLE,,40,40.0,NORMAL,POPULARITY_SIGNAL_NOT_AVAILABLE,NONE_ACQUISITION_ORDER_ONLY
189,KBS:HOSE:VHM,VHM,HOSE,CURRENT_500,SIGNAL_UNAVAILABLE,SIGNAL_UNAVAILABLE,SIGNAL_UNAVAILABLE,,SIGNAL_UNAVAILABLE,100,PROVISIONAL_CURRENT_UNIVERSE,60,SIGNAL_UNAVAILABLE,,40,40.0,NORMAL,POPULARITY_SIGNAL_NOT_AVAILABLE,NONE_ACQUISITION_ORDER_ONLY
190,KBS:HOSE:VID,VID,HOSE,CURRENT_500,SIGNAL_UNAVAILABLE,SIGNAL_UNAVAILABLE,SIGNAL_UNAVAILABLE,,SIGNAL_UNAVAILABLE,100,PROVISIONAL_CURRENT_UNIVERSE,60,SIGNAL_UNAVAILABLE,,40,40.0,NORMAL,POPULARITY_SIGNAL_NOT_AVAILABLE,NONE_ACQUISITION_ORDER_ONLY
191,KBS:HOSE:VIX,VIX,HOSE,CURRENT_500,SIGNAL_UNAVAILABLE,SIGNAL_UNAVAILABLE,SIGNAL_UNAVAILABLE,,SIGNAL_UNAVAILABLE,100,PROVISIONAL_CURRENT_UNIVERSE,60,SIGNAL_UNAVAILABLE,,40,40.0,NORMAL,POPULARITY_SIGNAL_NOT_AVAILABLE,NONE_ACQUISITION_ORDER_ONLY
192,KBS:HOSE:VJC,VJC,HOSE,CURRENT_500,SIGNAL_UNAVAILABLE,SIGNAL_UNAVAILABLE,SIGNAL_UNAVAILABLE,,SIGNAL_UNAVAILABLE,100,PROVISIONAL_CURRENT_UNIVERSE,60,SIGNAL_UNAVAILABLE,,40,40.0,NORMAL,POPULARITY_SIGNAL_NOT_AVAILABLE,NONE_ACQUISITION_ORDER_ONLY
193,KBS:HOSE:VMD,VMD,HOSE,CURRENT_500,SIGNAL_UNAVAILABLE,SIGNAL_UNAVAILABLE,SIGNAL_UNAVAILABLE,,SIGNAL_UNAVAILABLE,100,PROVISIONAL_CURRENT_UNIVERSE,60,SIGNAL_UNAVAILABLE,,40,40.0,NORMAL,POPULARITY_SIGNAL_NOT_AVAILABLE,NONE_ACQUISITION_ORDER_ONLY
194,KBS:HOSE:VND,VND,HOSE,CURRENT_500,SIGNAL_UNAVAILABLE,SIGNAL_UNAVAILABLE,SIGNAL_UNAVAILABLE,,SIGNAL_UNAVAILABLE,100,PROVISIONAL_CURRENT_UNIVERSE,60,SIGNAL_UNAVAILABLE,,40,40.0,NORMAL,POPULARITY_SIGNAL_NOT_AVAILABLE,NONE_ACQUISITION_ORDER_ONLY
195,KBS:HOSE:VPG,VPG,HOSE,CURRENT_500,SIGNAL_UNAVAILABLE,SIGNAL_UNAVAILABLE,SIGNAL_UNAVAILABLE,,SIGNAL_UNAVAILABLE,100,PROVISIONAL_CURRENT_UNIVERSE,60,SIGNAL_UNAVAILABLE,,40,40.0,NORMAL,POPULARITY_SIGNAL_NOT_AVAILABLE,NONE_ACQUISITION_ORDER_ONLY
196,KBS:HOSE:VSI,VSI,HOSE,CURRENT_500,SIGNAL_UNAVAILABLE,SIGNAL_UNAVAILABLE,SIGNAL_UNAVAILABLE,,SIGNAL_UNAVAILABLE,100,PROVISIONAL_CURRENT_UNIVERSE,60,SIGNAL_UNAVAILABLE,,40,40.0,NORMAL,POPULARITY_SIGNAL_NOT_AVAILABLE,NONE_ACQUISITION_ORDER_ONLY
197,KBS:HOSE:VVS,VVS,HOSE,CURRENT_500,SIGNAL_UNAVAILABLE,SIGNAL_UNAVAILABLE,SIGNAL_UNAVAILABLE,,SIGNAL_UNAVAILABLE,100,PROVISIONAL_CURRENT_UNIVERSE,60,SIGNAL_UNAVAILABLE,,40,40.0,NORMAL,POPULARITY_SIGNAL_NOT_AVAILABLE,NONE_ACQUISITION_ORDER_ONLY
198,KBS:UPCOM:DDH,DDH,UPCOM,CURRENT_500,SIGNAL_UNAVAILABLE,SIGNAL_UNAVAILABLE,SIGNAL_UNAVAILABLE,,SIGNAL_UNAVAILABLE,20,PROVISIONAL_CURRENT_UNIVERSE,60,OFFLINE_PROJECT_OR_EDGE_EVIDENCE,100,40,32.5,NORMAL,POPULARITY_SIGNAL_NOT_AVAILABLE,NONE_ACQUISITION_ORDER_ONLY
199,KBS:UPCOM:HLS,HLS,UPCOM,CURRENT_500,SIGNAL_UNAVAILABLE,SIGNAL_UNAVAILABLE,SIGNAL_UNAVAILABLE,,SIGNAL_UNAVAILABLE,20,PROVISIONAL_CURRENT_UNIVERSE,60,OFFLINE_PROJECT_OR_EDGE_EVIDENCE,100,40,32.5,NORMAL,POPULARITY_SIGNAL_NOT_AVAILABLE,NONE_ACQUISITION_ORDER_ONLY
200,KBS:UPCOM:POM,POM,UPCOM,CURRENT_500,SIGNAL_UNAVAILABLE,SIGNAL_UNAVAILABLE,SIGNAL_UNAVAILABLE,,SIGNAL_UNAVAILABLE,20,PROVISIONAL_CURRENT_UNIVERSE,60,OFFLINE_PROJECT_OR_EDGE_EVIDENCE,100,40,32.5,NORMAL,POPULARITY_SIGNAL_NOT_AVAILABLE,NONE_ACQUISITION_ORDER_ONLY
201,KBS:UPCOM:SGB,SGB,UPCOM,CURRENT_500,SIGNAL_UNAVAILABLE,SIGNAL_UNAVAILABLE,SIGNAL_UNAVAILABLE,,SIGNAL_UNAVAILABLE,20,PROVISIONAL_CURRENT_UNIVERSE,60,OFFLINE_PROJECT_OR_EDGE_EVIDENCE,100,40,32.5,NORMAL,POPULARITY_SIGNAL_NOT_AVAILABLE,NONE_ACQUISITION_ORDER_ONLY
202,KBS:UPCOM:UDC,UDC,UPCOM,CURRENT_500,SIGNAL_UNAVAILABLE,SIGNAL_UNAVAILABLE,SIGNAL_UNAVAILABLE,,SIGNAL_UNAVAILABLE,20,PROVISIONAL_CURRENT_UNIVERSE,60,OFFLINE_PROJECT_OR_EDGE_EVIDENCE,100,40,32.5,NORMAL,POPULARITY_SIGNAL_NOT_AVAILABLE,NONE_ACQUISITION_ORDER_ONLY
203,KBS:UPCOM:VNZ,VNZ,UPCOM,CURRENT_500,SIGNAL_UNAVAILABLE,SIGNAL_UNAVAILABLE,SIGNAL_UNAVAILABLE,,SIGNAL_UNAVAILABLE,20,PROVISIONAL_CURRENT_UNIVERSE,60,OFFLINE_PROJECT_OR_EDGE_EVIDENCE,100,40,32.5,NORMAL,POPULARITY_SIGNAL_NOT_AVAILABLE,NONE_ACQUISITION_ORDER_ONLY
204,KBS:HNX:ADC,ADC,HNX,CURRENT_500,SIGNAL_UNAVAILABLE,SIGNAL_UNAVAILABLE,SIGNAL_UNAVAILABLE,,SIGNAL_UNAVAILABLE,60,PROVISIONAL_CURRENT_UNIVERSE,60,SIGNAL_UNAVAILABLE,,40,30.0,NORMAL,POPULARITY_SIGNAL_NOT_AVAILABLE,NONE_ACQUISITION_ORDER_ONLY
205,KBS:HNX:AMC,AMC,HNX,CURRENT_500,SIGNAL_UNAVAILABLE,SIGNAL_UNAVAILABLE,SIGNAL_UNAVAILABLE,,SIGNAL_UNAVAILABLE,60,PROVISIONAL_CURRENT_UNIVERSE,60,SIGNAL_UNAVAILABLE,,40,30.0,NORMAL,POPULARITY_SIGNAL_NOT_AVAILABLE,NONE_ACQUISITION_ORDER_ONLY
206,KBS:HNX:AME,AME,HNX,CURRENT_500,SIGNAL_UNAVAILABLE,SIGNAL_UNAVAILABLE,SIGNAL_UNAVAILABLE,,SIGNAL_UNAVAILABLE,60,PROVISIONAL_CURRENT_UNIVERSE,60,SIGNAL_UNAVAILABLE,,40,30.0,NORMAL,POPULARITY_SIGNAL_NOT_AVAILABLE,NONE_ACQUISITION_ORDER_ONLY
207,KBS:HNX:AMV,AMV,HNX,CURRENT_500,SIGNAL_UNAVAILABLE,SIGNAL_UNAVAILABLE,SIGNAL_UNAVAILABLE,,SIGNAL_UNAVAILABLE,60,PROVISIONAL_CURRENT_UNIVERSE,60,SIGNAL_UNAVAILABLE,,40,30.0,NORMAL,POPULARITY_SIGNAL_NOT_AVAILABLE,NONE_ACQUISITION_ORDER_ONLY
208,KBS:HNX:APS,APS,HNX,CURRENT_500,SIGNAL_UNAVAILABLE,SIGNAL_UNAVAILABLE,SIGNAL_UNAVAILABLE,,SIGNAL_UNAVAILABLE,60,PROVISIONAL_CURRENT_UNIVERSE,60,SIGNAL_UNAVAILABLE,,40,30.0,NORMAL,POPULARITY_SIGNAL_NOT_AVAILABLE,NONE_ACQUISITION_ORDER_ONLY
209,KBS:HNX:ATS,ATS,HNX,CURRENT_500,SIGNAL_UNAVAILABLE,SIGNAL_UNAVAILABLE,SIGNAL_UNAVAILABLE,,SIGNAL_UNAVAILABLE,60,PROVISIONAL_CURRENT_UNIVERSE,60,SIGNAL_UNAVAILABLE,,40,30.0,NORMAL,POPULARITY_SIGNAL_NOT_AVAILABLE,NONE_ACQUISITION_ORDER_ONLY
210,KBS:HNX:BAB,BAB,HNX,CURRENT_500,SIGNAL_UNAVAILABLE,SIGNAL_UNAVAILABLE,SIGNAL_UNAVAILABLE,,SIGNAL_UNAVAILABLE,60,PROVISIONAL_CURRENT_UNIVERSE,60,SIGNAL_UNAVAILABLE,,40,30.0,NORMAL,POPULARITY_SIGNAL_NOT_AVAILABLE,NONE_ACQUISITION_ORDER_ONLY
211,KBS:HNX:BAX,BAX,HNX,CURRENT_500,SIGNAL_UNAVAILABLE,SIGNAL_UNAVAILABLE,SIGNAL_UNAVAILABLE,,SIGNAL_UNAVAILABLE,60,PROVISIONAL_CURRENT_UNIVERSE,60,SIGNAL_UNAVAILABLE,,40,30.0,NORMAL,POPULARITY_SIGNAL_NOT_AVAILABLE,NONE_ACQUISITION_ORDER_ONLY
212,KBS:HNX:BBS,BBS,HNX,CURRENT_500,SIGNAL_UNAVAILABLE,SIGNAL_UNAVAILABLE,SIGNAL_UNAVAILABLE,,SIGNAL_UNAVAILABLE,60,PROVISIONAL_CURRENT_UNIVERSE,60,SIGNAL_UNAVAILABLE,,40,30.0,NORMAL,POPULARITY_SIGNAL_NOT_AVAILABLE,NONE_ACQUISITION_ORDER_ONLY
213,KBS:HNX:BCF,BCF,HNX,CURRENT_500,SIGNAL_UNAVAILABLE,SIGNAL_UNAVAILABLE,SIGNAL_UNAVAILABLE,,SIGNAL_UNAVAILABLE,60,PROVISIONAL_CURRENT_UNIVERSE,60,SIGNAL_UNAVAILABLE,,40,30.0,NORMAL,POPULARITY_SIGNAL_NOT_AVAILABLE,NONE_ACQUISITION_ORDER_ONLY
214,KBS:HNX:BPC,BPC,HNX,CURRENT_500,SIGNAL_UNAVAILABLE,SIGNAL_UNAVAILABLE,SIGNAL_UNAVAILABLE,,SIGNAL_UNAVAILABLE,60,PROVISIONAL_CURRENT_UNIVERSE,60,SIGNAL_UNAVAILABLE,,40,30.0,NORMAL,POPULARITY_SIGNAL_NOT_AVAILABLE,NONE_ACQUISITION_ORDER_ONLY
215,KBS:HNX:BTS,BTS,HNX,CURRENT_500,SIGNAL_UNAVAILABLE,SIGNAL_UNAVAILABLE,SIGNAL_UNAVAILABLE,,SIGNAL_UNAVAILABLE,60,PROVISIONAL_CURRENT_UNIVERSE,60,SIGNAL_UNAVAILABLE,,40,30.0,NORMAL,POPULARITY_SIGNAL_NOT_AVAILABLE,NONE_ACQUISITION_ORDER_ONLY
216,KBS:HNX:BTW,BTW,HNX,CURRENT_500,SIGNAL_UNAVAILABLE,SIGNAL_UNAVAILABLE,SIGNAL_UNAVAILABLE,,SIGNAL_UNAVAILABLE,60,PROVISIONAL_CURRENT_UNIVERSE,60,SIGNAL_UNAVAILABLE,,40,30.0,NORMAL,POPULARITY_SIGNAL_NOT_AVAILABLE,NONE_ACQUISITION_ORDER_ONLY
217,KBS:HNX:CAG,CAG,HNX,CURRENT_500,SIGNAL_UNAVAILABLE,SIGNAL_UNAVAILABLE,SIGNAL_UNAVAILABLE,,SIGNAL_UNAVAILABLE,60,PROVISIONAL_CURRENT_UNIVERSE,60,SIGNAL_UNAVAILABLE,,40,30.0,NORMAL,POPULARITY_SIGNAL_NOT_AVAILABLE,NONE_ACQUISITION_ORDER_ONLY
218,KBS:HNX:CAP,CAP,HNX,CURRENT_500,SIGNAL_UNAVAILABLE,SIGNAL_UNAVAILABLE,SIGNAL_UNAVAILABLE,,SIGNAL_UNAVAILABLE,60,PROVISIONAL_CURRENT_UNIVERSE,60,SIGNAL_UNAVAILABLE,,40,30.0,NORMAL,POPULARITY_SIGNAL_NOT_AVAILABLE,NONE_ACQUISITION_ORDER_ONLY
219,KBS:HNX:CAR,CAR,HNX,CURRENT_500,SIGNAL_UNAVAILABLE,SIGNAL_UNAVAILABLE,SIGNAL_UNAVAILABLE,,SIGNAL_UNAVAILABLE,60,PROVISIONAL_CURRENT_UNIVERSE,60,SIGNAL_UNAVAILABLE,,40,30.0,NORMAL,POPULARITY_SIGNAL_NOT_AVAILABLE,NONE_ACQUISITION_ORDER_ONLY
220,KBS:HNX:CDN,CDN,HNX,CURRENT_500,SIGNAL_UNAVAILABLE,SIGNAL_UNAVAILABLE,SIGNAL_UNAVAILABLE,,SIGNAL_UNAVAILABLE,60,PROVISIONAL_CURRENT_UNIVERSE,60,SIGNAL_UNAVAILABLE,,40,30.0,NORMAL,POPULARITY_SIGNAL_NOT_AVAILABLE,NONE_ACQUISITION_ORDER_ONLY
221,KBS:HNX:CEO,CEO,HNX,CURRENT_500,SIGNAL_UNAVAILABLE,SIGNAL_UNAVAILABLE,SIGNAL_UNAVAILABLE,,SIGNAL_UNAVAILABLE,60,PROVISIONAL_CURRENT_UNIVERSE,60,SIGNAL_UNAVAILABLE,,40,30.0,NORMAL,POPULARITY_SIGNAL_NOT_AVAILABLE,NONE_ACQUISITION_ORDER_ONLY
222,KBS:HNX:CET,CET,HNX,CURRENT_500,SIGNAL_UNAVAILABLE,SIGNAL_UNAVAILABLE,SIGNAL_UNAVAILABLE,,SIGNAL_UNAVAILABLE,60,PROVISIONAL_CURRENT_UNIVERSE,60,SIGNAL_UNAVAILABLE,,40,30.0,NORMAL,POPULARITY_SIGNAL_NOT_AVAILABLE,NONE_ACQUISITION_ORDER_ONLY
223,KBS:HNX:CLH,CLH,HNX,CURRENT_500,SIGNAL_UNAVAILABLE,SIGNAL_UNAVAILABLE,SIGNAL_UNAVAILABLE,,SIGNAL_UNAVAILABLE,60,PROVISIONAL_CURRENT_UNIVERSE,60,SIGNAL_UNAVAILABLE,,40,30.0,NORMAL,POPULARITY_SIGNAL_NOT_AVAILABLE,NONE_ACQUISITION_ORDER_ONLY
224,KBS:HNX:CMC,CMC,HNX,CURRENT_500,SIGNAL_UNAVAILABLE,SIGNAL_UNAVAILABLE,SIGNAL_UNAVAILABLE,,SIGNAL_UNAVAILABLE,60,PROVISIONAL_CURRENT_UNIVERSE,60,SIGNAL_UNAVAILABLE,,40,30.0,NORMAL,POPULARITY_SIGNAL_NOT_AVAILABLE,NONE_ACQUISITION_ORDER_ONLY
225,KBS:HNX:CTT,CTT,HNX,CURRENT_500,SIGNAL_UNAVAILABLE,SIGNAL_UNAVAILABLE,SIGNAL_UNAVAILABLE,,SIGNAL_UNAVAILABLE,60,PROVISIONAL_CURRENT_UNIVERSE,60,SIGNAL_UNAVAILABLE,,40,30.0,NORMAL,POPULARITY_SIGNAL_NOT_AVAILABLE,NONE_ACQUISITION_ORDER_ONLY
226,KBS:HNX:DC2,DC2,HNX,CURRENT_500,SIGNAL_UNAVAILABLE,SIGNAL_UNAVAILABLE,SIGNAL_UNAVAILABLE,,SIGNAL_UNAVAILABLE,60,PROVISIONAL_CURRENT_UNIVERSE,60,SIGNAL_UNAVAILABLE,,40,30.0,NORMAL,POPULARITY_SIGNAL_NOT_AVAILABLE,NONE_ACQUISITION_ORDER_ONLY
227,KBS:HNX:DNC,DNC,HNX,CURRENT_500,SIGNAL_UNAVAILABLE,SIGNAL_UNAVAILABLE,SIGNAL_UNAVAILABLE,,SIGNAL_UNAVAILABLE,60,PROVISIONAL_CURRENT_UNIVERSE,60,SIGNAL_UNAVAILABLE,,40,30.0,NORMAL,POPULARITY_SIGNAL_NOT_AVAILABLE,NONE_ACQUISITION_ORDER_ONLY
228,KBS:HNX:DS3,DS3,HNX,CURRENT_500,SIGNAL_UNAVAILABLE,SIGNAL_UNAVAILABLE,SIGNAL_UNAVAILABLE,,SIGNAL_UNAVAILABLE,60,PROVISIONAL_CURRENT_UNIVERSE,60,SIGNAL_UNAVAILABLE,,40,30.0,NORMAL,POPULARITY_SIGNAL_NOT_AVAILABLE,NONE_ACQUISITION_ORDER_ONLY
229,KBS:HNX:EBS,EBS,HNX,CURRENT_500,SIGNAL_UNAVAILABLE,SIGNAL_UNAVAILABLE,SIGNAL_UNAVAILABLE,,SIGNAL_UNAVAILABLE,60,PROVISIONAL_CURRENT_UNIVERSE,60,SIGNAL_UNAVAILABLE,,40,30.0,NORMAL,POPULARITY_SIGNAL_NOT_AVAILABLE,NONE_ACQUISITION_ORDER_ONLY
230,KBS:HNX:EVS,EVS,HNX,CURRENT_500,SIGNAL_UNAVAILABLE,SIGNAL_UNAVAILABLE,SIGNAL_UNAVAILABLE,,SIGNAL_UNAVAILABLE,60,PROVISIONAL_CURRENT_UNIVERSE,60,SIGNAL_UNAVAILABLE,,40,30.0,NORMAL,POPULARITY_SIGNAL_NOT_AVAILABLE,NONE_ACQUISITION_ORDER_ONLY
231,KBS:HNX:FID,FID,HNX,CURRENT_500,SIGNAL_UNAVAILABLE,SIGNAL_UNAVAILABLE,SIGNAL_UNAVAILABLE,,SIGNAL_UNAVAILABLE,60,PROVISIONAL_CURRENT_UNIVERSE,60,SIGNAL_UNAVAILABLE,,40,30.0,NORMAL,POPULARITY_SIGNAL_NOT_AVAILABLE,NONE_ACQUISITION_ORDER_ONLY
232,KBS:HNX:GDW,GDW,HNX,CURRENT_500,SIGNAL_UNAVAILABLE,SIGNAL_UNAVAILABLE,SIGNAL_UNAVAILABLE,,SIGNAL_UNAVAILABLE,60,PROVISIONAL_CURRENT_UNIVERSE,60,SIGNAL_UNAVAILABLE,,40,30.0,NORMAL,POPULARITY_SIGNAL_NOT_AVAILABLE,NONE_ACQUISITION_ORDER_ONLY
233,KBS:HNX:HAD,HAD,HNX,CURRENT_500,SIGNAL_UNAVAILABLE,SIGNAL_UNAVAILABLE,SIGNAL_UNAVAILABLE,,SIGNAL_UNAVAILABLE,60,PROVISIONAL_CURRENT_UNIVERSE,60,SIGNAL_UNAVAILABLE,,40,30.0,NORMAL,POPULARITY_SIGNAL_NOT_AVAILABLE,NONE_ACQUISITION_ORDER_ONLY
234,KBS:HNX:HDA,HDA,HNX,CURRENT_500,SIGNAL_UNAVAILABLE,SIGNAL_UNAVAILABLE,SIGNAL_UNAVAILABLE,,SIGNAL_UNAVAILABLE,60,PROVISIONAL_CURRENT_UNIVERSE,60,SIGNAL_UNAVAILABLE,,40,30.0,NORMAL,POPULARITY_SIGNAL_NOT_AVAILABLE,NONE_ACQUISITION_ORDER_ONLY
235,KBS:HNX:HJS,HJS,HNX,CURRENT_500,SIGNAL_UNAVAILABLE,SIGNAL_UNAVAILABLE,SIGNAL_UNAVAILABLE,,SIGNAL_UNAVAILABLE,60,PROVISIONAL_CURRENT_UNIVERSE,60,SIGNAL_UNAVAILABLE,,40,30.0,NORMAL,POPULARITY_SIGNAL_NOT_AVAILABLE,NONE_ACQUISITION_ORDER_ONLY
236,KBS:HNX:HLC,HLC,HNX,CURRENT_500,SIGNAL_UNAVAILABLE,SIGNAL_UNAVAILABLE,SIGNAL_UNAVAILABLE,,SIGNAL_UNAVAILABLE,60,PROVISIONAL_CURRENT_UNIVERSE,60,SIGNAL_UNAVAILABLE,,40,30.0,NORMAL,POPULARITY_SIGNAL_NOT_AVAILABLE,NONE_ACQUISITION_ORDER_ONLY
237,KBS:HNX:HLD,HLD,HNX,CURRENT_500,SIGNAL_UNAVAILABLE,SIGNAL_UNAVAILABLE,SIGNAL_UNAVAILABLE,,SIGNAL_UNAVAILABLE,60,PROVISIONAL_CURRENT_UNIVERSE,60,SIGNAL_UNAVAILABLE,,40,30.0,NORMAL,POPULARITY_SIGNAL_NOT_AVAILABLE,NONE_ACQUISITION_ORDER_ONLY
238,KBS:HNX:HMH,HMH,HNX,CURRENT_500,SIGNAL_UNAVAILABLE,SIGNAL_UNAVAILABLE,SIGNAL_UNAVAILABLE,,SIGNAL_UNAVAILABLE,60,PROVISIONAL_CURRENT_UNIVERSE,60,SIGNAL_UNAVAILABLE,,40,30.0,NORMAL,POPULARITY_SIGNAL_NOT_AVAILABLE,NONE_ACQUISITION_ORDER_ONLY
239,KBS:HNX:HMR,HMR,HNX,CURRENT_500,SIGNAL_UNAVAILABLE,SIGNAL_UNAVAILABLE,SIGNAL_UNAVAILABLE,,SIGNAL_UNAVAILABLE,60,PROVISIONAL_CURRENT_UNIVERSE,60,SIGNAL_UNAVAILABLE,,40,30.0,NORMAL,POPULARITY_SIGNAL_NOT_AVAILABLE,NONE_ACQUISITION_ORDER_ONLY
240,KBS:HNX:INN,INN,HNX,CURRENT_500,SIGNAL_UNAVAILABLE,SIGNAL_UNAVAILABLE,SIGNAL_UNAVAILABLE,,SIGNAL_UNAVAILABLE,60,PROVISIONAL_CURRENT_UNIVERSE,60,SIGNAL_UNAVAILABLE,,40,30.0,NORMAL,POPULARITY_SIGNAL_NOT_AVAILABLE,NONE_ACQUISITION_ORDER_ONLY
241,KBS:HNX:IPA,IPA,HNX,CURRENT_500,SIGNAL_UNAVAILABLE,SIGNAL_UNAVAILABLE,SIGNAL_UNAVAILABLE,,SIGNAL_UNAVAILABLE,60,PROVISIONAL_CURRENT_UNIVERSE,60,SIGNAL_UNAVAILABLE,,40,30.0,NORMAL,POPULARITY_SIGNAL_NOT_AVAILABLE,NONE_ACQUISITION_ORDER_ONLY
242,KBS:HNX:KHS,KHS,HNX,CURRENT_500,SIGNAL_UNAVAILABLE,SIGNAL_UNAVAILABLE,SIGNAL_UNAVAILABLE,,SIGNAL_UNAVAILABLE,60,PROVISIONAL_CURRENT_UNIVERSE,60,SIGNAL_UNAVAILABLE,,40,30.0,NORMAL,POPULARITY_SIGNAL_NOT_AVAILABLE,NONE_ACQUISITION_ORDER_ONLY
243,KBS:HNX:KKC,KKC,HNX,CURRENT_500,SIGNAL_UNAVAILABLE,SIGNAL_UNAVAILABLE,SIGNAL_UNAVAILABLE,,SIGNAL_UNAVAILABLE,60,PROVISIONAL_CURRENT_UNIVERSE,60,SIGNAL_UNAVAILABLE,,40,30.0,NORMAL,POPULARITY_SIGNAL_NOT_AVAILABLE,NONE_ACQUISITION_ORDER_ONLY
244,KBS:HNX:KSD,KSD,HNX,CURRENT_500,SIGNAL_UNAVAILABLE,SIGNAL_UNAVAILABLE,SIGNAL_UNAVAILABLE,,SIGNAL_UNAVAILABLE,60,PROVISIONAL_CURRENT_UNIVERSE,60,SIGNAL_UNAVAILABLE,,40,30.0,NORMAL,POPULARITY_SIGNAL_NOT_AVAILABLE,NONE_ACQUISITION_ORDER_ONLY
245,KBS:HNX:KST,KST,HNX,CURRENT_500,SIGNAL_UNAVAILABLE,SIGNAL_UNAVAILABLE,SIGNAL_UNAVAILABLE,,SIGNAL_UNAVAILABLE,60,PROVISIONAL_CURRENT_UNIVERSE,60,SIGNAL_UNAVAILABLE,,40,30.0,NORMAL,POPULARITY_SIGNAL_NOT_AVAILABLE,NONE_ACQUISITION_ORDER_ONLY
246,KBS:HNX:KTS,KTS,HNX,CURRENT_500,SIGNAL_UNAVAILABLE,SIGNAL_UNAVAILABLE,SIGNAL_UNAVAILABLE,,SIGNAL_UNAVAILABLE,60,PROVISIONAL_CURRENT_UNIVERSE,60,SIGNAL_UNAVAILABLE,,40,30.0,NORMAL,POPULARITY_SIGNAL_NOT_AVAILABLE,NONE_ACQUISITION_ORDER_ONLY
247,KBS:HNX:L18,L18,HNX,CURRENT_500,SIGNAL_UNAVAILABLE,SIGNAL_UNAVAILABLE,SIGNAL_UNAVAILABLE,,SIGNAL_UNAVAILABLE,60,PROVISIONAL_CURRENT_UNIVERSE,60,SIGNAL_UNAVAILABLE,,40,30.0,NORMAL,POPULARITY_SIGNAL_NOT_AVAILABLE,NONE_ACQUISITION_ORDER_ONLY
248,KBS:HNX:LDP,LDP,HNX,CURRENT_500,SIGNAL_UNAVAILABLE,SIGNAL_UNAVAILABLE,SIGNAL_UNAVAILABLE,,SIGNAL_UNAVAILABLE,60,PROVISIONAL_CURRENT_UNIVERSE,60,SIGNAL_UNAVAILABLE,,40,30.0,NORMAL,POPULARITY_SIGNAL_NOT_AVAILABLE,NONE_ACQUISITION_ORDER_ONLY
249,KBS:HNX:MAC,MAC,HNX,CURRENT_500,SIGNAL_UNAVAILABLE,SIGNAL_UNAVAILABLE,SIGNAL_UNAVAILABLE,,SIGNAL_UNAVAILABLE,60,PROVISIONAL_CURRENT_UNIVERSE,60,SIGNAL_UNAVAILABLE,,40,30.0,NORMAL,POPULARITY_SIGNAL_NOT_AVAILABLE,NONE_ACQUISITION_ORDER_ONLY
250,KBS:HNX:MAS,MAS,HNX,CURRENT_500,SIGNAL_UNAVAILABLE,SIGNAL_UNAVAILABLE,SIGNAL_UNAVAILABLE,,SIGNAL_UNAVAILABLE,60,PROVISIONAL_CURRENT_UNIVERSE,60,SIGNAL_UNAVAILABLE,,40,30.0,NORMAL,POPULARITY_SIGNAL_NOT_AVAILABLE,NONE_ACQUISITION_ORDER_ONLY
251,KBS:HNX:MCO,MCO,HNX,CURRENT_500,SIGNAL_UNAVAILABLE,SIGNAL_UNAVAILABLE,SIGNAL_UNAVAILABLE,,SIGNAL_UNAVAILABLE,60,PROVISIONAL_CURRENT_UNIVERSE,60,SIGNAL_UNAVAILABLE,,40,30.0,NORMAL,POPULARITY_SIGNAL_NOT_AVAILABLE,NONE_ACQUISITION_ORDER_ONLY
252,KBS:HNX:MDC,MDC,HNX,CURRENT_500,SIGNAL_UNAVAILABLE,SIGNAL_UNAVAILABLE,SIGNAL_UNAVAILABLE,,SIGNAL_UNAVAILABLE,60,PROVISIONAL_CURRENT_UNIVERSE,60,SIGNAL_UNAVAILABLE,,40,30.0,NORMAL,POPULARITY_SIGNAL_NOT_AVAILABLE,NONE_ACQUISITION_ORDER_ONLY
253,KBS:HNX:MIC,MIC,HNX,CURRENT_500,SIGNAL_UNAVAILABLE,SIGNAL_UNAVAILABLE,SIGNAL_UNAVAILABLE,,SIGNAL_UNAVAILABLE,60,PROVISIONAL_CURRENT_UNIVERSE,60,SIGNAL_UNAVAILABLE,,40,30.0,NORMAL,POPULARITY_SIGNAL_NOT_AVAILABLE,NONE_ACQUISITION_ORDER_ONLY
254,KBS:HNX:MKV,MKV,HNX,CURRENT_500,SIGNAL_UNAVAILABLE,SIGNAL_UNAVAILABLE,SIGNAL_UNAVAILABLE,,SIGNAL_UNAVAILABLE,60,PROVISIONAL_CURRENT_UNIVERSE,60,SIGNAL_UNAVAILABLE,,40,30.0,NORMAL,POPULARITY_SIGNAL_NOT_AVAILABLE,NONE_ACQUISITION_ORDER_ONLY
255,KBS:HNX:MVB,MVB,HNX,CURRENT_500,SIGNAL_UNAVAILABLE,SIGNAL_UNAVAILABLE,SIGNAL_UNAVAILABLE,,SIGNAL_UNAVAILABLE,60,PROVISIONAL_CURRENT_UNIVERSE,60,SIGNAL_UNAVAILABLE,,40,30.0,NORMAL,POPULARITY_SIGNAL_NOT_AVAILABLE,NONE_ACQUISITION_ORDER_ONLY
256,KBS:HNX:NSH,NSH,HNX,CURRENT_500,SIGNAL_UNAVAILABLE,SIGNAL_UNAVAILABLE,SIGNAL_UNAVAILABLE,,SIGNAL_UNAVAILABLE,60,PROVISIONAL_CURRENT_UNIVERSE,60,SIGNAL_UNAVAILABLE,,40,30.0,NORMAL,POPULARITY_SIGNAL_NOT_AVAILABLE,NONE_ACQUISITION_ORDER_ONLY
257,KBS:HNX:NST,NST,HNX,CURRENT_500,SIGNAL_UNAVAILABLE,SIGNAL_UNAVAILABLE,SIGNAL_UNAVAILABLE,,SIGNAL_UNAVAILABLE,60,PROVISIONAL_CURRENT_UNIVERSE,60,SIGNAL_UNAVAILABLE,,40,30.0,NORMAL,POPULARITY_SIGNAL_NOT_AVAILABLE,NONE_ACQUISITION_ORDER_ONLY
258,KBS:HNX:NTH,NTH,HNX,CURRENT_500,SIGNAL_UNAVAILABLE,SIGNAL_UNAVAILABLE,SIGNAL_UNAVAILABLE,,SIGNAL_UNAVAILABLE,60,PROVISIONAL_CURRENT_UNIVERSE,60,SIGNAL_UNAVAILABLE,,40,30.0,NORMAL,POPULARITY_SIGNAL_NOT_AVAILABLE,NONE_ACQUISITION_ORDER_ONLY
259,KBS:HNX:ONE,ONE,HNX,CURRENT_500,SIGNAL_UNAVAILABLE,SIGNAL_UNAVAILABLE,SIGNAL_UNAVAILABLE,,SIGNAL_UNAVAILABLE,60,PROVISIONAL_CURRENT_UNIVERSE,60,SIGNAL_UNAVAILABLE,,40,30.0,NORMAL,POPULARITY_SIGNAL_NOT_AVAILABLE,NONE_ACQUISITION_ORDER_ONLY
260,KBS:HNX:PBP,PBP,HNX,CURRENT_500,SIGNAL_UNAVAILABLE,SIGNAL_UNAVAILABLE,SIGNAL_UNAVAILABLE,,SIGNAL_UNAVAILABLE,60,PROVISIONAL_CURRENT_UNIVERSE,60,SIGNAL_UNAVAILABLE,,40,30.0,NORMAL,POPULARITY_SIGNAL_NOT_AVAILABLE,NONE_ACQUISITION_ORDER_ONLY
261,KBS:HNX:PCE,PCE,HNX,CURRENT_500,SIGNAL_UNAVAILABLE,SIGNAL_UNAVAILABLE,SIGNAL_UNAVAILABLE,,SIGNAL_UNAVAILABLE,60,PROVISIONAL_CURRENT_UNIVERSE,60,SIGNAL_UNAVAILABLE,,40,30.0,NORMAL,POPULARITY_SIGNAL_NOT_AVAILABLE,NONE_ACQUISITION_ORDER_ONLY
262,KBS:HNX:PCH,PCH,HNX,CURRENT_500,SIGNAL_UNAVAILABLE,SIGNAL_UNAVAILABLE,SIGNAL_UNAVAILABLE,,SIGNAL_UNAVAILABLE,60,PROVISIONAL_CURRENT_UNIVERSE,60,SIGNAL_UNAVAILABLE,,40,30.0,NORMAL,POPULARITY_SIGNAL_NOT_AVAILABLE,NONE_ACQUISITION_ORDER_ONLY
263,KBS:HNX:PGS,PGS,HNX,CURRENT_500,SIGNAL_UNAVAILABLE,SIGNAL_UNAVAILABLE,SIGNAL_UNAVAILABLE,,SIGNAL_UNAVAILABLE,60,PROVISIONAL_CURRENT_UNIVERSE,60,SIGNAL_UNAVAILABLE,,40,30.0,NORMAL,POPULARITY_SIGNAL_NOT_AVAILABLE,NONE_ACQUISITION_ORDER_ONLY
264,KBS:HNX:PHN,PHN,HNX,CURRENT_500,SIGNAL_UNAVAILABLE,SIGNAL_UNAVAILABLE,SIGNAL_UNAVAILABLE,,SIGNAL_UNAVAILABLE,60,PROVISIONAL_CURRENT_UNIVERSE,60,SIGNAL_UNAVAILABLE,,40,30.0,NORMAL,POPULARITY_SIGNAL_NOT_AVAILABLE,NONE_ACQUISITION_ORDER_ONLY
265,KBS:HNX:PIA,PIA,HNX,CURRENT_500,SIGNAL_UNAVAILABLE,SIGNAL_UNAVAILABLE,SIGNAL_UNAVAILABLE,,SIGNAL_UNAVAILABLE,60,PROVISIONAL_CURRENT_UNIVERSE,60,SIGNAL_UNAVAILABLE,,40,30.0,NORMAL,POPULARITY_SIGNAL_NOT_AVAILABLE,NONE_ACQUISITION_ORDER_ONLY
266,KBS:HNX:PIC,PIC,HNX,CURRENT_500,SIGNAL_UNAVAILABLE,SIGNAL_UNAVAILABLE,SIGNAL_UNAVAILABLE,,SIGNAL_UNAVAILABLE,60,PROVISIONAL_CURRENT_UNIVERSE,60,SIGNAL_UNAVAILABLE,,40,30.0,NORMAL,POPULARITY_SIGNAL_NOT_AVAILABLE,NONE_ACQUISITION_ORDER_ONLY
267,KBS:HNX:PMB,PMB,HNX,CURRENT_500,SIGNAL_UNAVAILABLE,SIGNAL_UNAVAILABLE,SIGNAL_UNAVAILABLE,,SIGNAL_UNAVAILABLE,60,PROVISIONAL_CURRENT_UNIVERSE,60,SIGNAL_UNAVAILABLE,,40,30.0,NORMAL,POPULARITY_SIGNAL_NOT_AVAILABLE,NONE_ACQUISITION_ORDER_ONLY
268,KBS:HNX:PPE,PPE,HNX,CURRENT_500,SIGNAL_UNAVAILABLE,SIGNAL_UNAVAILABLE,SIGNAL_UNAVAILABLE,,SIGNAL_UNAVAILABLE,60,PROVISIONAL_CURRENT_UNIVERSE,60,SIGNAL_UNAVAILABLE,,40,30.0,NORMAL,POPULARITY_SIGNAL_NOT_AVAILABLE,NONE_ACQUISITION_ORDER_ONLY
269,KBS:HNX:PPP,PPP,HNX,CURRENT_500,SIGNAL_UNAVAILABLE,SIGNAL_UNAVAILABLE,SIGNAL_UNAVAILABLE,,SIGNAL_UNAVAILABLE,60,PROVISIONAL_CURRENT_UNIVERSE,60,SIGNAL_UNAVAILABLE,,40,30.0,NORMAL,POPULARITY_SIGNAL_NOT_AVAILABLE,NONE_ACQUISITION_ORDER_ONLY
270,KBS:HNX:PRC,PRC,HNX,CURRENT_500,SIGNAL_UNAVAILABLE,SIGNAL_UNAVAILABLE,SIGNAL_UNAVAILABLE,,SIGNAL_UNAVAILABLE,60,PROVISIONAL_CURRENT_UNIVERSE,60,SIGNAL_UNAVAILABLE,,40,30.0,NORMAL,POPULARITY_SIGNAL_NOT_AVAILABLE,NONE_ACQUISITION_ORDER_ONLY
271,KBS:HNX:PSD,PSD,HNX,CURRENT_500,SIGNAL_UNAVAILABLE,SIGNAL_UNAVAILABLE,SIGNAL_UNAVAILABLE,,SIGNAL_UNAVAILABLE,60,PROVISIONAL_CURRENT_UNIVERSE,60,SIGNAL_UNAVAILABLE,,40,30.0,NORMAL,POPULARITY_SIGNAL_NOT_AVAILABLE,NONE_ACQUISITION_ORDER_ONLY
272,KBS:HNX:PSI,PSI,HNX,CURRENT_500,SIGNAL_UNAVAILABLE,SIGNAL_UNAVAILABLE,SIGNAL_UNAVAILABLE,,SIGNAL_UNAVAILABLE,60,PROVISIONAL_CURRENT_UNIVERSE,60,SIGNAL_UNAVAILABLE,,40,30.0,NORMAL,POPULARITY_SIGNAL_NOT_AVAILABLE,NONE_ACQUISITION_ORDER_ONLY
273,KBS:HNX:PTD,PTD,HNX,CURRENT_500,SIGNAL_UNAVAILABLE,SIGNAL_UNAVAILABLE,SIGNAL_UNAVAILABLE,,SIGNAL_UNAVAILABLE,60,PROVISIONAL_CURRENT_UNIVERSE,60,SIGNAL_UNAVAILABLE,,40,30.0,NORMAL,POPULARITY_SIGNAL_NOT_AVAILABLE,NONE_ACQUISITION_ORDER_ONLY
274,KBS:HNX:PV2,PV2,HNX,CURRENT_500,SIGNAL_UNAVAILABLE,SIGNAL_UNAVAILABLE,SIGNAL_UNAVAILABLE,,SIGNAL_UNAVAILABLE,60,PROVISIONAL_CURRENT_UNIVERSE,60,SIGNAL_UNAVAILABLE,,40,30.0,NORMAL,POPULARITY_SIGNAL_NOT_AVAILABLE,NONE_ACQUISITION_ORDER_ONLY
275,KBS:HNX:PVB,PVB,HNX,CURRENT_500,SIGNAL_UNAVAILABLE,SIGNAL_UNAVAILABLE,SIGNAL_UNAVAILABLE,,SIGNAL_UNAVAILABLE,60,PROVISIONAL_CURRENT_UNIVERSE,60,SIGNAL_UNAVAILABLE,,40,30.0,NORMAL,POPULARITY_SIGNAL_NOT_AVAILABLE,NONE_ACQUISITION_ORDER_ONLY
276,KBS:HNX:PVG,PVG,HNX,CURRENT_500,SIGNAL_UNAVAILABLE,SIGNAL_UNAVAILABLE,SIGNAL_UNAVAILABLE,,SIGNAL_UNAVAILABLE,60,PROVISIONAL_CURRENT_UNIVERSE,60,SIGNAL_UNAVAILABLE,,40,30.0,NORMAL,POPULARITY_SIGNAL_NOT_AVAILABLE,NONE_ACQUISITION_ORDER_ONLY
277,KBS:HNX:S55,S55,HNX,CURRENT_500,SIGNAL_UNAVAILABLE,SIGNAL_UNAVAILABLE,SIGNAL_UNAVAILABLE,,SIGNAL_UNAVAILABLE,60,PROVISIONAL_CURRENT_UNIVERSE,60,SIGNAL_UNAVAILABLE,,40,30.0,NORMAL,POPULARITY_SIGNAL_NOT_AVAILABLE,NONE_ACQUISITION_ORDER_ONLY
278,KBS:HNX:S99,S99,HNX,CURRENT_500,SIGNAL_UNAVAILABLE,SIGNAL_UNAVAILABLE,SIGNAL_UNAVAILABLE,,SIGNAL_UNAVAILABLE,60,PROVISIONAL_CURRENT_UNIVERSE,60,SIGNAL_UNAVAILABLE,,40,30.0,NORMAL,POPULARITY_SIGNAL_NOT_AVAILABLE,NONE_ACQUISITION_ORDER_ONLY
279,KBS:HNX:SAF,SAF,HNX,CURRENT_500,SIGNAL_UNAVAILABLE,SIGNAL_UNAVAILABLE,SIGNAL_UNAVAILABLE,,SIGNAL_UNAVAILABLE,60,PROVISIONAL_CURRENT_UNIVERSE,60,SIGNAL_UNAVAILABLE,,40,30.0,NORMAL,POPULARITY_SIGNAL_NOT_AVAILABLE,NONE_ACQUISITION_ORDER_ONLY
280,KBS:HNX:SD5,SD5,HNX,CURRENT_500,SIGNAL_UNAVAILABLE,SIGNAL_UNAVAILABLE,SIGNAL_UNAVAILABLE,,SIGNAL_UNAVAILABLE,60,PROVISIONAL_CURRENT_UNIVERSE,60,SIGNAL_UNAVAILABLE,,40,30.0,NORMAL,POPULARITY_SIGNAL_NOT_AVAILABLE,NONE_ACQUISITION_ORDER_ONLY
281,KBS:HNX:SEB,SEB,HNX,CURRENT_500,SIGNAL_UNAVAILABLE,SIGNAL_UNAVAILABLE,SIGNAL_UNAVAILABLE,,SIGNAL_UNAVAILABLE,60,PROVISIONAL_CURRENT_UNIVERSE,60,SIGNAL_UNAVAILABLE,,40,30.0,NORMAL,POPULARITY_SIGNAL_NOT_AVAILABLE,NONE_ACQUISITION_ORDER_ONLY
282,KBS:HNX:SED,SED,HNX,CURRENT_500,SIGNAL_UNAVAILABLE,SIGNAL_UNAVAILABLE,SIGNAL_UNAVAILABLE,,SIGNAL_UNAVAILABLE,60,PROVISIONAL_CURRENT_UNIVERSE,60,SIGNAL_UNAVAILABLE,,40,30.0,NORMAL,POPULARITY_SIGNAL_NOT_AVAILABLE,NONE_ACQUISITION_ORDER_ONLY
283,KBS:HNX:SGD,SGD,HNX,CURRENT_500,SIGNAL_UNAVAILABLE,SIGNAL_UNAVAILABLE,SIGNAL_UNAVAILABLE,,SIGNAL_UNAVAILABLE,60,PROVISIONAL_CURRENT_UNIVERSE,60,SIGNAL_UNAVAILABLE,,40,30.0,NORMAL,POPULARITY_SIGNAL_NOT_AVAILABLE,NONE_ACQUISITION_ORDER_ONLY
284,KBS:HNX:SJE,SJE,HNX,CURRENT_500,SIGNAL_UNAVAILABLE,SIGNAL_UNAVAILABLE,SIGNAL_UNAVAILABLE,,SIGNAL_UNAVAILABLE,60,PROVISIONAL_CURRENT_UNIVERSE,60,SIGNAL_UNAVAILABLE,,40,30.0,NORMAL,POPULARITY_SIGNAL_NOT_AVAILABLE,NONE_ACQUISITION_ORDER_ONLY
285,KBS:HNX:SLS,SLS,HNX,CURRENT_500,SIGNAL_UNAVAILABLE,SIGNAL_UNAVAILABLE,SIGNAL_UNAVAILABLE,,SIGNAL_UNAVAILABLE,60,PROVISIONAL_CURRENT_UNIVERSE,60,SIGNAL_UNAVAILABLE,,40,30.0,NORMAL,POPULARITY_SIGNAL_NOT_AVAILABLE,NONE_ACQUISITION_ORDER_ONLY
286,KBS:HNX:STP,STP,HNX,CURRENT_500,SIGNAL_UNAVAILABLE,SIGNAL_UNAVAILABLE,SIGNAL_UNAVAILABLE,,SIGNAL_UNAVAILABLE,60,PROVISIONAL_CURRENT_UNIVERSE,60,SIGNAL_UNAVAILABLE,,40,30.0,NORMAL,POPULARITY_SIGNAL_NOT_AVAILABLE,NONE_ACQUISITION_ORDER_ONLY
287,KBS:HNX:SVN,SVN,HNX,CURRENT_500,SIGNAL_UNAVAILABLE,SIGNAL_UNAVAILABLE,SIGNAL_UNAVAILABLE,,SIGNAL_UNAVAILABLE,60,PROVISIONAL_CURRENT_UNIVERSE,60,SIGNAL_UNAVAILABLE,,40,30.0,NORMAL,POPULARITY_SIGNAL_NOT_AVAILABLE,NONE_ACQUISITION_ORDER_ONLY
288,KBS:HNX:TDT,TDT,HNX,CURRENT_500,SIGNAL_UNAVAILABLE,SIGNAL_UNAVAILABLE,SIGNAL_UNAVAILABLE,,SIGNAL_UNAVAILABLE,60,PROVISIONAL_CURRENT_UNIVERSE,60,SIGNAL_UNAVAILABLE,,40,30.0,NORMAL,POPULARITY_SIGNAL_NOT_AVAILABLE,NONE_ACQUISITION_ORDER_ONLY
289,KBS:HNX:THT,THT,HNX,CURRENT_500,SIGNAL_UNAVAILABLE,SIGNAL_UNAVAILABLE,SIGNAL_UNAVAILABLE,,SIGNAL_UNAVAILABLE,60,PROVISIONAL_CURRENT_UNIVERSE,60,SIGNAL_UNAVAILABLE,,40,30.0,NORMAL,POPULARITY_SIGNAL_NOT_AVAILABLE,NONE_ACQUISITION_ORDER_ONLY
290,KBS:HNX:TIG,TIG,HNX,CURRENT_500,SIGNAL_UNAVAILABLE,SIGNAL_UNAVAILABLE,SIGNAL_UNAVAILABLE,,SIGNAL_UNAVAILABLE,60,PROVISIONAL_CURRENT_UNIVERSE,60,SIGNAL_UNAVAILABLE,,40,30.0,NORMAL,POPULARITY_SIGNAL_NOT_AVAILABLE,NONE_ACQUISITION_ORDER_ONLY
291,KBS:HNX:TKU,TKU,HNX,CURRENT_500,SIGNAL_UNAVAILABLE,SIGNAL_UNAVAILABLE,SIGNAL_UNAVAILABLE,,SIGNAL_UNAVAILABLE,60,PROVISIONAL_CURRENT_UNIVERSE,60,SIGNAL_UNAVAILABLE,,40,30.0,NORMAL,POPULARITY_SIGNAL_NOT_AVAILABLE,NONE_ACQUISITION_ORDER_ONLY
292,KBS:HNX:TMX,TMX,HNX,CURRENT_500,SIGNAL_UNAVAILABLE,SIGNAL_UNAVAILABLE,SIGNAL_UNAVAILABLE,,SIGNAL_UNAVAILABLE,60,PROVISIONAL_CURRENT_UNIVERSE,60,SIGNAL_UNAVAILABLE,,40,30.0,NORMAL,POPULARITY_SIGNAL_NOT_AVAILABLE,NONE_ACQUISITION_ORDER_ONLY
293,KBS:HNX:TTH,TTH,HNX,CURRENT_500,SIGNAL_UNAVAILABLE,SIGNAL_UNAVAILABLE,SIGNAL_UNAVAILABLE,,SIGNAL_UNAVAILABLE,60,PROVISIONAL_CURRENT_UNIVERSE,60,SIGNAL_UNAVAILABLE,,40,30.0,NORMAL,POPULARITY_SIGNAL_NOT_AVAILABLE,NONE_ACQUISITION_ORDER_ONLY
294,KBS:HNX:TTT,TTT,HNX,CURRENT_500,SIGNAL_UNAVAILABLE,SIGNAL_UNAVAILABLE,SIGNAL_UNAVAILABLE,,SIGNAL_UNAVAILABLE,60,PROVISIONAL_CURRENT_UNIVERSE,60,SIGNAL_UNAVAILABLE,,40,30.0,NORMAL,POPULARITY_SIGNAL_NOT_AVAILABLE,NONE_ACQUISITION_ORDER_ONLY
295,KBS:HNX:TV3,TV3,HNX,CURRENT_500,SIGNAL_UNAVAILABLE,SIGNAL_UNAVAILABLE,SIGNAL_UNAVAILABLE,,SIGNAL_UNAVAILABLE,60,PROVISIONAL_CURRENT_UNIVERSE,60,SIGNAL_UNAVAILABLE,,40,30.0,NORMAL,POPULARITY_SIGNAL_NOT_AVAILABLE,NONE_ACQUISITION_ORDER_ONLY
296,KBS:HNX:UNI,UNI,HNX,CURRENT_500,SIGNAL_UNAVAILABLE,SIGNAL_UNAVAILABLE,SIGNAL_UNAVAILABLE,,SIGNAL_UNAVAILABLE,60,PROVISIONAL_CURRENT_UNIVERSE,60,SIGNAL_UNAVAILABLE,,40,30.0,NORMAL,POPULARITY_SIGNAL_NOT_AVAILABLE,NONE_ACQUISITION_ORDER_ONLY
297,KBS:HNX:V12,V12,HNX,CURRENT_500,SIGNAL_UNAVAILABLE,SIGNAL_UNAVAILABLE,SIGNAL_UNAVAILABLE,,SIGNAL_UNAVAILABLE,60,PROVISIONAL_CURRENT_UNIVERSE,60,SIGNAL_UNAVAILABLE,,40,30.0,NORMAL,POPULARITY_SIGNAL_NOT_AVAILABLE,NONE_ACQUISITION_ORDER_ONLY
298,KBS:HNX:V21,V21,HNX,CURRENT_500,SIGNAL_UNAVAILABLE,SIGNAL_UNAVAILABLE,SIGNAL_UNAVAILABLE,,SIGNAL_UNAVAILABLE,60,PROVISIONAL_CURRENT_UNIVERSE,60,SIGNAL_UNAVAILABLE,,40,30.0,NORMAL,POPULARITY_SIGNAL_NOT_AVAILABLE,NONE_ACQUISITION_ORDER_ONLY
299,KBS:HNX:VC7,VC7,HNX,CURRENT_500,SIGNAL_UNAVAILABLE,SIGNAL_UNAVAILABLE,SIGNAL_UNAVAILABLE,,SIGNAL_UNAVAILABLE,60,PROVISIONAL_CURRENT_UNIVERSE,60,SIGNAL_UNAVAILABLE,,40,30.0,NORMAL,POPULARITY_SIGNAL_NOT_AVAILABLE,NONE_ACQUISITION_ORDER_ONLY
300,KBS:HNX:VC9,VC9,HNX,CURRENT_500,SIGNAL_UNAVAILABLE,SIGNAL_UNAVAILABLE,SIGNAL_UNAVAILABLE,,SIGNAL_UNAVAILABLE,60,PROVISIONAL_CURRENT_UNIVERSE,60,SIGNAL_UNAVAILABLE,,40,30.0,NORMAL,POPULARITY_SIGNAL_NOT_AVAILABLE,NONE_ACQUISITION_ORDER_ONLY
301,KBS:HNX:VE3,VE3,HNX,CURRENT_500,SIGNAL_UNAVAILABLE,SIGNAL_UNAVAILABLE,SIGNAL_UNAVAILABLE,,SIGNAL_UNAVAILABLE,60,PROVISIONAL_CURRENT_UNIVERSE,60,SIGNAL_UNAVAILABLE,,40,30.0,NORMAL,POPULARITY_SIGNAL_NOT_AVAILABLE,NONE_ACQUISITION_ORDER_ONLY
302,KBS:HNX:VFS,VFS,HNX,CURRENT_500,SIGNAL_UNAVAILABLE,SIGNAL_UNAVAILABLE,SIGNAL_UNAVAILABLE,,SIGNAL_UNAVAILABLE,60,PROVISIONAL_CURRENT_UNIVERSE,60,SIGNAL_UNAVAILABLE,,40,30.0,NORMAL,POPULARITY_SIGNAL_NOT_AVAILABLE,NONE_ACQUISITION_ORDER_ONLY
303,KBS:HNX:VGP,VGP,HNX,CURRENT_500,SIGNAL_UNAVAILABLE,SIGNAL_UNAVAILABLE,SIGNAL_UNAVAILABLE,,SIGNAL_UNAVAILABLE,60,PROVISIONAL_CURRENT_UNIVERSE,60,SIGNAL_UNAVAILABLE,,40,30.0,NORMAL,POPULARITY_SIGNAL_NOT_AVAILABLE,NONE_ACQUISITION_ORDER_ONLY
304,KBS:HNX:VHE,VHE,HNX,CURRENT_500,SIGNAL_UNAVAILABLE,SIGNAL_UNAVAILABLE,SIGNAL_UNAVAILABLE,,SIGNAL_UNAVAILABLE,60,PROVISIONAL_CURRENT_UNIVERSE,60,SIGNAL_UNAVAILABLE,,40,30.0,NORMAL,POPULARITY_SIGNAL_NOT_AVAILABLE,NONE_ACQUISITION_ORDER_ONLY
305,KBS:HNX:VIG,VIG,HNX,CURRENT_500,SIGNAL_UNAVAILABLE,SIGNAL_UNAVAILABLE,SIGNAL_UNAVAILABLE,,SIGNAL_UNAVAILABLE,60,PROVISIONAL_CURRENT_UNIVERSE,60,SIGNAL_UNAVAILABLE,,40,30.0,NORMAL,POPULARITY_SIGNAL_NOT_AVAILABLE,NONE_ACQUISITION_ORDER_ONLY
306,KBS:HNX:VMC,VMC,HNX,CURRENT_500,SIGNAL_UNAVAILABLE,SIGNAL_UNAVAILABLE,SIGNAL_UNAVAILABLE,,SIGNAL_UNAVAILABLE,60,PROVISIONAL_CURRENT_UNIVERSE,60,SIGNAL_UNAVAILABLE,,40,30.0,NORMAL,POPULARITY_SIGNAL_NOT_AVAILABLE,NONE_ACQUISITION_ORDER_ONLY
307,KBS:HNX:VNT,VNT,HNX,CURRENT_500,SIGNAL_UNAVAILABLE,SIGNAL_UNAVAILABLE,SIGNAL_UNAVAILABLE,,SIGNAL_UNAVAILABLE,60,PROVISIONAL_CURRENT_UNIVERSE,60,SIGNAL_UNAVAILABLE,,40,30.0,NORMAL,POPULARITY_SIGNAL_NOT_AVAILABLE,NONE_ACQUISITION_ORDER_ONLY
308,KBS:HNX:VSA,VSA,HNX,CURRENT_500,SIGNAL_UNAVAILABLE,SIGNAL_UNAVAILABLE,SIGNAL_UNAVAILABLE,,SIGNAL_UNAVAILABLE,60,PROVISIONAL_CURRENT_UNIVERSE,60,SIGNAL_UNAVAILABLE,,40,30.0,NORMAL,POPULARITY_SIGNAL_NOT_AVAILABLE,NONE_ACQUISITION_ORDER_ONLY
309,KBS:HNX:VTC,VTC,HNX,CURRENT_500,SIGNAL_UNAVAILABLE,SIGNAL_UNAVAILABLE,SIGNAL_UNAVAILABLE,,SIGNAL_UNAVAILABLE,60,PROVISIONAL_CURRENT_UNIVERSE,60,SIGNAL_UNAVAILABLE,,40,30.0,NORMAL,POPULARITY_SIGNAL_NOT_AVAILABLE,NONE_ACQUISITION_ORDER_ONLY
310,KBS:HNX:VTH,VTH,HNX,CURRENT_500,SIGNAL_UNAVAILABLE,SIGNAL_UNAVAILABLE,SIGNAL_UNAVAILABLE,,SIGNAL_UNAVAILABLE,60,PROVISIONAL_CURRENT_UNIVERSE,60,SIGNAL_UNAVAILABLE,,40,30.0,NORMAL,POPULARITY_SIGNAL_NOT_AVAILABLE,NONE_ACQUISITION_ORDER_ONLY
311,KBS:HNX:VTV,VTV,HNX,CURRENT_500,SIGNAL_UNAVAILABLE,SIGNAL_UNAVAILABLE,SIGNAL_UNAVAILABLE,,SIGNAL_UNAVAILABLE,60,PROVISIONAL_CURRENT_UNIVERSE,60,SIGNAL_UNAVAILABLE,,40,30.0,NORMAL,POPULARITY_SIGNAL_NOT_AVAILABLE,NONE_ACQUISITION_ORDER_ONLY
312,KBS:HNX:VTZ,VTZ,HNX,CURRENT_500,SIGNAL_UNAVAILABLE,SIGNAL_UNAVAILABLE,SIGNAL_UNAVAILABLE,,SIGNAL_UNAVAILABLE,60,PROVISIONAL_CURRENT_UNIVERSE,60,SIGNAL_UNAVAILABLE,,40,30.0,NORMAL,POPULARITY_SIGNAL_NOT_AVAILABLE,NONE_ACQUISITION_ORDER_ONLY
313,KBS:HNX:WSS,WSS,HNX,CURRENT_500,SIGNAL_UNAVAILABLE,SIGNAL_UNAVAILABLE,SIGNAL_UNAVAILABLE,,SIGNAL_UNAVAILABLE,60,PROVISIONAL_CURRENT_UNIVERSE,60,SIGNAL_UNAVAILABLE,,40,30.0,NORMAL,POPULARITY_SIGNAL_NOT_AVAILABLE,NONE_ACQUISITION_ORDER_ONLY
314,KBS:HNX:X20,X20,HNX,CURRENT_500,SIGNAL_UNAVAILABLE,SIGNAL_UNAVAILABLE,SIGNAL_UNAVAILABLE,,SIGNAL_UNAVAILABLE,60,PROVISIONAL_CURRENT_UNIVERSE,60,SIGNAL_UNAVAILABLE,,40,30.0,NORMAL,POPULARITY_SIGNAL_NOT_AVAILABLE,NONE_ACQUISITION_ORDER_ONLY
315,KBS:UPCOM:A32,A32,UPCOM,CURRENT_500,SIGNAL_UNAVAILABLE,SIGNAL_UNAVAILABLE,SIGNAL_UNAVAILABLE,,SIGNAL_UNAVAILABLE,20,PROVISIONAL_CURRENT_UNIVERSE,60,SIGNAL_UNAVAILABLE,,40,20.0,NORMAL,POPULARITY_SIGNAL_NOT_AVAILABLE,NONE_ACQUISITION_ORDER_ONLY
316,KBS:UPCOM:AAS,AAS,UPCOM,CURRENT_500,SIGNAL_UNAVAILABLE,SIGNAL_UNAVAILABLE,SIGNAL_UNAVAILABLE,,SIGNAL_UNAVAILABLE,20,PROVISIONAL_CURRENT_UNIVERSE,60,SIGNAL_UNAVAILABLE,,40,20.0,NORMAL,POPULARITY_SIGNAL_NOT_AVAILABLE,NONE_ACQUISITION_ORDER_ONLY
317,KBS:UPCOM:AAV,AAV,UPCOM,CURRENT_500,SIGNAL_UNAVAILABLE,SIGNAL_UNAVAILABLE,SIGNAL_UNAVAILABLE,,SIGNAL_UNAVAILABLE,20,PROVISIONAL_CURRENT_UNIVERSE,60,SIGNAL_UNAVAILABLE,,40,20.0,NORMAL,POPULARITY_SIGNAL_NOT_AVAILABLE,NONE_ACQUISITION_ORDER_ONLY
318,KBS:UPCOM:ABI,ABI,UPCOM,CURRENT_500,SIGNAL_UNAVAILABLE,SIGNAL_UNAVAILABLE,SIGNAL_UNAVAILABLE,,SIGNAL_UNAVAILABLE,20,PROVISIONAL_CURRENT_UNIVERSE,60,SIGNAL_UNAVAILABLE,,40,20.0,NORMAL,POPULARITY_SIGNAL_NOT_AVAILABLE,NONE_ACQUISITION_ORDER_ONLY
319,KBS:UPCOM:ABW,ABW,UPCOM,CURRENT_500,SIGNAL_UNAVAILABLE,SIGNAL_UNAVAILABLE,SIGNAL_UNAVAILABLE,,SIGNAL_UNAVAILABLE,20,PROVISIONAL_CURRENT_UNIVERSE,60,SIGNAL_UNAVAILABLE,,40,20.0,NORMAL,POPULARITY_SIGNAL_NOT_AVAILABLE,NONE_ACQUISITION_ORDER_ONLY
320,KBS:UPCOM:ACS,ACS,UPCOM,CURRENT_500,SIGNAL_UNAVAILABLE,SIGNAL_UNAVAILABLE,SIGNAL_UNAVAILABLE,,SIGNAL_UNAVAILABLE,20,PROVISIONAL_CURRENT_UNIVERSE,60,SIGNAL_UNAVAILABLE,,40,20.0,NORMAL,POPULARITY_SIGNAL_NOT_AVAILABLE,NONE_ACQUISITION_ORDER_ONLY
321,KBS:UPCOM:AG1,AG1,UPCOM,CURRENT_500,SIGNAL_UNAVAILABLE,SIGNAL_UNAVAILABLE,SIGNAL_UNAVAILABLE,,SIGNAL_UNAVAILABLE,20,PROVISIONAL_CURRENT_UNIVERSE,60,SIGNAL_UNAVAILABLE,,40,20.0,NORMAL,POPULARITY_SIGNAL_NOT_AVAILABLE,NONE_ACQUISITION_ORDER_ONLY
322,KBS:UPCOM:AGX,AGX,UPCOM,CURRENT_500,SIGNAL_UNAVAILABLE,SIGNAL_UNAVAILABLE,SIGNAL_UNAVAILABLE,,SIGNAL_UNAVAILABLE,20,PROVISIONAL_CURRENT_UNIVERSE,60,SIGNAL_UNAVAILABLE,,40,20.0,NORMAL,POPULARITY_SIGNAL_NOT_AVAILABLE,NONE_ACQUISITION_ORDER_ONLY
323,KBS:UPCOM:AIC,AIC,UPCOM,CURRENT_500,SIGNAL_UNAVAILABLE,SIGNAL_UNAVAILABLE,SIGNAL_UNAVAILABLE,,SIGNAL_UNAVAILABLE,20,PROVISIONAL_CURRENT_UNIVERSE,60,SIGNAL_UNAVAILABLE,,40,20.0,NORMAL,POPULARITY_SIGNAL_NOT_AVAILABLE,NONE_ACQUISITION_ORDER_ONLY
324,KBS:UPCOM:ALV,ALV,UPCOM,CURRENT_500,SIGNAL_UNAVAILABLE,SIGNAL_UNAVAILABLE,SIGNAL_UNAVAILABLE,,SIGNAL_UNAVAILABLE,20,PROVISIONAL_CURRENT_UNIVERSE,60,SIGNAL_UNAVAILABLE,,40,20.0,NORMAL,POPULARITY_SIGNAL_NOT_AVAILABLE,NONE_ACQUISITION_ORDER_ONLY
325,KBS:UPCOM:ATG,ATG,UPCOM,CURRENT_500,SIGNAL_UNAVAILABLE,SIGNAL_UNAVAILABLE,SIGNAL_UNAVAILABLE,,SIGNAL_UNAVAILABLE,20,PROVISIONAL_CURRENT_UNIVERSE,60,SIGNAL_UNAVAILABLE,,40,20.0,NORMAL,POPULARITY_SIGNAL_NOT_AVAILABLE,NONE_ACQUISITION_ORDER_ONLY
326,KBS:UPCOM:BHP,BHP,UPCOM,CURRENT_500,SIGNAL_UNAVAILABLE,SIGNAL_UNAVAILABLE,SIGNAL_UNAVAILABLE,,SIGNAL_UNAVAILABLE,20,PROVISIONAL_CURRENT_UNIVERSE,60,SIGNAL_UNAVAILABLE,,40,20.0,NORMAL,POPULARITY_SIGNAL_NOT_AVAILABLE,NONE_ACQUISITION_ORDER_ONLY
327,KBS:UPCOM:BIG,BIG,UPCOM,CURRENT_500,SIGNAL_UNAVAILABLE,SIGNAL_UNAVAILABLE,SIGNAL_UNAVAILABLE,,SIGNAL_UNAVAILABLE,20,PROVISIONAL_CURRENT_UNIVERSE,60,SIGNAL_UNAVAILABLE,,40,20.0,NORMAL,POPULARITY_SIGNAL_NOT_AVAILABLE,NONE_ACQUISITION_ORDER_ONLY
328,KBS:UPCOM:BIO,BIO,UPCOM,CURRENT_500,SIGNAL_UNAVAILABLE,SIGNAL_UNAVAILABLE,SIGNAL_UNAVAILABLE,,SIGNAL_UNAVAILABLE,20,PROVISIONAL_CURRENT_UNIVERSE,60,SIGNAL_UNAVAILABLE,,40,20.0,NORMAL,POPULARITY_SIGNAL_NOT_AVAILABLE,NONE_ACQUISITION_ORDER_ONLY
329,KBS:UPCOM:BLN,BLN,UPCOM,CURRENT_500,SIGNAL_UNAVAILABLE,SIGNAL_UNAVAILABLE,SIGNAL_UNAVAILABLE,,SIGNAL_UNAVAILABLE,20,PROVISIONAL_CURRENT_UNIVERSE,60,SIGNAL_UNAVAILABLE,,40,20.0,NORMAL,POPULARITY_SIGNAL_NOT_AVAILABLE,NONE_ACQUISITION_ORDER_ONLY
330,KBS:UPCOM:BMF,BMF,UPCOM,CURRENT_500,SIGNAL_UNAVAILABLE,SIGNAL_UNAVAILABLE,SIGNAL_UNAVAILABLE,,SIGNAL_UNAVAILABLE,20,PROVISIONAL_CURRENT_UNIVERSE,60,SIGNAL_UNAVAILABLE,,40,20.0,NORMAL,POPULARITY_SIGNAL_NOT_AVAILABLE,NONE_ACQUISITION_ORDER_ONLY
331,KBS:UPCOM:BMV,BMV,UPCOM,CURRENT_500,SIGNAL_UNAVAILABLE,SIGNAL_UNAVAILABLE,SIGNAL_UNAVAILABLE,,SIGNAL_UNAVAILABLE,20,PROVISIONAL_CURRENT_UNIVERSE,60,SIGNAL_UNAVAILABLE,,40,20.0,NORMAL,POPULARITY_SIGNAL_NOT_AVAILABLE,NONE_ACQUISITION_ORDER_ONLY
332,KBS:UPCOM:BRS,BRS,UPCOM,CURRENT_500,SIGNAL_UNAVAILABLE,SIGNAL_UNAVAILABLE,SIGNAL_UNAVAILABLE,,SIGNAL_UNAVAILABLE,20,PROVISIONAL_CURRENT_UNIVERSE,60,SIGNAL_UNAVAILABLE,,40,20.0,NORMAL,POPULARITY_SIGNAL_NOT_AVAILABLE,NONE_ACQUISITION_ORDER_ONLY
333,KBS:UPCOM:BSH,BSH,UPCOM,CURRENT_500,SIGNAL_UNAVAILABLE,SIGNAL_UNAVAILABLE,SIGNAL_UNAVAILABLE,,SIGNAL_UNAVAILABLE,20,PROVISIONAL_CURRENT_UNIVERSE,60,SIGNAL_UNAVAILABLE,,40,20.0,NORMAL,POPULARITY_SIGNAL_NOT_AVAILABLE,NONE_ACQUISITION_ORDER_ONLY
334,KBS:UPCOM:BSL,BSL,UPCOM,CURRENT_500,SIGNAL_UNAVAILABLE,SIGNAL_UNAVAILABLE,SIGNAL_UNAVAILABLE,,SIGNAL_UNAVAILABLE,20,PROVISIONAL_CURRENT_UNIVERSE,60,SIGNAL_UNAVAILABLE,,40,20.0,NORMAL,POPULARITY_SIGNAL_NOT_AVAILABLE,NONE_ACQUISITION_ORDER_ONLY
335,KBS:UPCOM:BSP,BSP,UPCOM,CURRENT_500,SIGNAL_UNAVAILABLE,SIGNAL_UNAVAILABLE,SIGNAL_UNAVAILABLE,,SIGNAL_UNAVAILABLE,20,PROVISIONAL_CURRENT_UNIVERSE,60,SIGNAL_UNAVAILABLE,,40,20.0,NORMAL,POPULARITY_SIGNAL_NOT_AVAILABLE,NONE_ACQUISITION_ORDER_ONLY
336,KBS:UPCOM:BSQ,BSQ,UPCOM,CURRENT_500,SIGNAL_UNAVAILABLE,SIGNAL_UNAVAILABLE,SIGNAL_UNAVAILABLE,,SIGNAL_UNAVAILABLE,20,PROVISIONAL_CURRENT_UNIVERSE,60,SIGNAL_UNAVAILABLE,,40,20.0,NORMAL,POPULARITY_SIGNAL_NOT_AVAILABLE,NONE_ACQUISITION_ORDER_ONLY
337,KBS:UPCOM:BTU,BTU,UPCOM,CURRENT_500,SIGNAL_UNAVAILABLE,SIGNAL_UNAVAILABLE,SIGNAL_UNAVAILABLE,,SIGNAL_UNAVAILABLE,20,PROVISIONAL_CURRENT_UNIVERSE,60,SIGNAL_UNAVAILABLE,,40,20.0,NORMAL,POPULARITY_SIGNAL_NOT_AVAILABLE,NONE_ACQUISITION_ORDER_ONLY
338,KBS:UPCOM:BVG,BVG,UPCOM,CURRENT_500,SIGNAL_UNAVAILABLE,SIGNAL_UNAVAILABLE,SIGNAL_UNAVAILABLE,,SIGNAL_UNAVAILABLE,20,PROVISIONAL_CURRENT_UNIVERSE,60,SIGNAL_UNAVAILABLE,,40,20.0,NORMAL,POPULARITY_SIGNAL_NOT_AVAILABLE,NONE_ACQUISITION_ORDER_ONLY
339,KBS:UPCOM:C4G,C4G,UPCOM,CURRENT_500,SIGNAL_UNAVAILABLE,SIGNAL_UNAVAILABLE,SIGNAL_UNAVAILABLE,,SIGNAL_UNAVAILABLE,20,PROVISIONAL_CURRENT_UNIVERSE,60,SIGNAL_UNAVAILABLE,,40,20.0,NORMAL,POPULARITY_SIGNAL_NOT_AVAILABLE,NONE_ACQUISITION_ORDER_ONLY
340,KBS:UPCOM:C92,C92,UPCOM,CURRENT_500,SIGNAL_UNAVAILABLE,SIGNAL_UNAVAILABLE,SIGNAL_UNAVAILABLE,,SIGNAL_UNAVAILABLE,20,PROVISIONAL_CURRENT_UNIVERSE,60,SIGNAL_UNAVAILABLE,,40,20.0,NORMAL,POPULARITY_SIGNAL_NOT_AVAILABLE,NONE_ACQUISITION_ORDER_ONLY
341,KBS:UPCOM:CAT,CAT,UPCOM,CURRENT_500,SIGNAL_UNAVAILABLE,SIGNAL_UNAVAILABLE,SIGNAL_UNAVAILABLE,,SIGNAL_UNAVAILABLE,20,PROVISIONAL_CURRENT_UNIVERSE,60,SIGNAL_UNAVAILABLE,,40,20.0,NORMAL,POPULARITY_SIGNAL_NOT_AVAILABLE,NONE_ACQUISITION_ORDER_ONLY
342,KBS:UPCOM:CBI,CBI,UPCOM,CURRENT_500,SIGNAL_UNAVAILABLE,SIGNAL_UNAVAILABLE,SIGNAL_UNAVAILABLE,,SIGNAL_UNAVAILABLE,20,PROVISIONAL_CURRENT_UNIVERSE,60,SIGNAL_UNAVAILABLE,,40,20.0,NORMAL,POPULARITY_SIGNAL_NOT_AVAILABLE,NONE_ACQUISITION_ORDER_ONLY
343,KBS:UPCOM:CBS,CBS,UPCOM,CURRENT_500,SIGNAL_UNAVAILABLE,SIGNAL_UNAVAILABLE,SIGNAL_UNAVAILABLE,,SIGNAL_UNAVAILABLE,20,PROVISIONAL_CURRENT_UNIVERSE,60,SIGNAL_UNAVAILABLE,,40,20.0,NORMAL,POPULARITY_SIGNAL_NOT_AVAILABLE,NONE_ACQUISITION_ORDER_ONLY
344,KBS:UPCOM:CC1,CC1,UPCOM,CURRENT_500,SIGNAL_UNAVAILABLE,SIGNAL_UNAVAILABLE,SIGNAL_UNAVAILABLE,,SIGNAL_UNAVAILABLE,20,PROVISIONAL_CURRENT_UNIVERSE,60,SIGNAL_UNAVAILABLE,,40,20.0,NORMAL,POPULARITY_SIGNAL_NOT_AVAILABLE,NONE_ACQUISITION_ORDER_ONLY
345,KBS:UPCOM:CDR,CDR,UPCOM,CURRENT_500,SIGNAL_UNAVAILABLE,SIGNAL_UNAVAILABLE,SIGNAL_UNAVAILABLE,,SIGNAL_UNAVAILABLE,20,PROVISIONAL_CURRENT_UNIVERSE,60,SIGNAL_UNAVAILABLE,,40,20.0,NORMAL,POPULARITY_SIGNAL_NOT_AVAILABLE,NONE_ACQUISITION_ORDER_ONLY
346,KBS:UPCOM:CHS,CHS,UPCOM,CURRENT_500,SIGNAL_UNAVAILABLE,SIGNAL_UNAVAILABLE,SIGNAL_UNAVAILABLE,,SIGNAL_UNAVAILABLE,20,PROVISIONAL_CURRENT_UNIVERSE,60,SIGNAL_UNAVAILABLE,,40,20.0,NORMAL,POPULARITY_SIGNAL_NOT_AVAILABLE,NONE_ACQUISITION_ORDER_ONLY
347,KBS:UPCOM:CI5,CI5,UPCOM,CURRENT_500,SIGNAL_UNAVAILABLE,SIGNAL_UNAVAILABLE,SIGNAL_UNAVAILABLE,,SIGNAL_UNAVAILABLE,20,PROVISIONAL_CURRENT_UNIVERSE,60,SIGNAL_UNAVAILABLE,,40,20.0,NORMAL,POPULARITY_SIGNAL_NOT_AVAILABLE,NONE_ACQUISITION_ORDER_ONLY
348,KBS:UPCOM:CID,CID,UPCOM,CURRENT_500,SIGNAL_UNAVAILABLE,SIGNAL_UNAVAILABLE,SIGNAL_UNAVAILABLE,,SIGNAL_UNAVAILABLE,20,PROVISIONAL_CURRENT_UNIVERSE,60,SIGNAL_UNAVAILABLE,,40,20.0,NORMAL,POPULARITY_SIGNAL_NOT_AVAILABLE,NONE_ACQUISITION_ORDER_ONLY
349,KBS:UPCOM:CKA,CKA,UPCOM,CURRENT_500,SIGNAL_UNAVAILABLE,SIGNAL_UNAVAILABLE,SIGNAL_UNAVAILABLE,,SIGNAL_UNAVAILABLE,20,PROVISIONAL_CURRENT_UNIVERSE,60,SIGNAL_UNAVAILABLE,,40,20.0,NORMAL,POPULARITY_SIGNAL_NOT_AVAILABLE,NONE_ACQUISITION_ORDER_ONLY
350,KBS:UPCOM:CKD,CKD,UPCOM,CURRENT_500,SIGNAL_UNAVAILABLE,SIGNAL_UNAVAILABLE,SIGNAL_UNAVAILABLE,,SIGNAL_UNAVAILABLE,20,PROVISIONAL_CURRENT_UNIVERSE,60,SIGNAL_UNAVAILABLE,,40,20.0,NORMAL,POPULARITY_SIGNAL_NOT_AVAILABLE,NONE_ACQUISITION_ORDER_ONLY
351,KBS:UPCOM:CLX,CLX,UPCOM,CURRENT_500,SIGNAL_UNAVAILABLE,SIGNAL_UNAVAILABLE,SIGNAL_UNAVAILABLE,,SIGNAL_UNAVAILABLE,20,PROVISIONAL_CURRENT_UNIVERSE,60,SIGNAL_UNAVAILABLE,,40,20.0,NORMAL,POPULARITY_SIGNAL_NOT_AVAILABLE,NONE_ACQUISITION_ORDER_ONLY
352,KBS:UPCOM:CMD,CMD,UPCOM,CURRENT_500,SIGNAL_UNAVAILABLE,SIGNAL_UNAVAILABLE,SIGNAL_UNAVAILABLE,,SIGNAL_UNAVAILABLE,20,PROVISIONAL_CURRENT_UNIVERSE,60,SIGNAL_UNAVAILABLE,,40,20.0,NORMAL,POPULARITY_SIGNAL_NOT_AVAILABLE,NONE_ACQUISITION_ORDER_ONLY
353,KBS:UPCOM:CMF,CMF,UPCOM,CURRENT_500,SIGNAL_UNAVAILABLE,SIGNAL_UNAVAILABLE,SIGNAL_UNAVAILABLE,,SIGNAL_UNAVAILABLE,20,PROVISIONAL_CURRENT_UNIVERSE,60,SIGNAL_UNAVAILABLE,,40,20.0,NORMAL,POPULARITY_SIGNAL_NOT_AVAILABLE,NONE_ACQUISITION_ORDER_ONLY
354,KBS:UPCOM:CMI,CMI,UPCOM,CURRENT_500,SIGNAL_UNAVAILABLE,SIGNAL_UNAVAILABLE,SIGNAL_UNAVAILABLE,,SIGNAL_UNAVAILABLE,20,PROVISIONAL_CURRENT_UNIVERSE,60,SIGNAL_UNAVAILABLE,,40,20.0,NORMAL,POPULARITY_SIGNAL_NOT_AVAILABLE,NONE_ACQUISITION_ORDER_ONLY
355,KBS:UPCOM:CNC,CNC,UPCOM,CURRENT_500,SIGNAL_UNAVAILABLE,SIGNAL_UNAVAILABLE,SIGNAL_UNAVAILABLE,,SIGNAL_UNAVAILABLE,20,PROVISIONAL_CURRENT_UNIVERSE,60,SIGNAL_UNAVAILABLE,,40,20.0,NORMAL,POPULARITY_SIGNAL_NOT_AVAILABLE,NONE_ACQUISITION_ORDER_ONLY
356,KBS:UPCOM:CNN,CNN,UPCOM,CURRENT_500,SIGNAL_UNAVAILABLE,SIGNAL_UNAVAILABLE,SIGNAL_UNAVAILABLE,,SIGNAL_UNAVAILABLE,20,PROVISIONAL_CURRENT_UNIVERSE,60,SIGNAL_UNAVAILABLE,,40,20.0,NORMAL,POPULARITY_SIGNAL_NOT_AVAILABLE,NONE_ACQUISITION_ORDER_ONLY
357,KBS:UPCOM:CNT,CNT,UPCOM,CURRENT_500,SIGNAL_UNAVAILABLE,SIGNAL_UNAVAILABLE,SIGNAL_UNAVAILABLE,,SIGNAL_UNAVAILABLE,20,PROVISIONAL_CURRENT_UNIVERSE,60,SIGNAL_UNAVAILABLE,,40,20.0,NORMAL,POPULARITY_SIGNAL_NOT_AVAILABLE,NONE_ACQUISITION_ORDER_ONLY
358,KBS:UPCOM:CPI,CPI,UPCOM,CURRENT_500,SIGNAL_UNAVAILABLE,SIGNAL_UNAVAILABLE,SIGNAL_UNAVAILABLE,,SIGNAL_UNAVAILABLE,20,PROVISIONAL_CURRENT_UNIVERSE,60,SIGNAL_UNAVAILABLE,,40,20.0,NORMAL,POPULARITY_SIGNAL_NOT_AVAILABLE,NONE_ACQUISITION_ORDER_ONLY
359,KBS:UPCOM:CQT,CQT,UPCOM,CURRENT_500,SIGNAL_UNAVAILABLE,SIGNAL_UNAVAILABLE,SIGNAL_UNAVAILABLE,,SIGNAL_UNAVAILABLE,20,PROVISIONAL_CURRENT_UNIVERSE,60,SIGNAL_UNAVAILABLE,,40,20.0,NORMAL,POPULARITY_SIGNAL_NOT_AVAILABLE,NONE_ACQUISITION_ORDER_ONLY
360,KBS:UPCOM:CTW,CTW,UPCOM,CURRENT_500,SIGNAL_UNAVAILABLE,SIGNAL_UNAVAILABLE,SIGNAL_UNAVAILABLE,,SIGNAL_UNAVAILABLE,20,PROVISIONAL_CURRENT_UNIVERSE,60,SIGNAL_UNAVAILABLE,,40,20.0,NORMAL,POPULARITY_SIGNAL_NOT_AVAILABLE,NONE_ACQUISITION_ORDER_ONLY
361,KBS:UPCOM:CVN,CVN,UPCOM,CURRENT_500,SIGNAL_UNAVAILABLE,SIGNAL_UNAVAILABLE,SIGNAL_UNAVAILABLE,,SIGNAL_UNAVAILABLE,20,PROVISIONAL_CURRENT_UNIVERSE,60,SIGNAL_UNAVAILABLE,,40,20.0,NORMAL,POPULARITY_SIGNAL_NOT_AVAILABLE,NONE_ACQUISITION_ORDER_ONLY
362,KBS:UPCOM:DC1,DC1,UPCOM,CURRENT_500,SIGNAL_UNAVAILABLE,SIGNAL_UNAVAILABLE,SIGNAL_UNAVAILABLE,,SIGNAL_UNAVAILABLE,20,PROVISIONAL_CURRENT_UNIVERSE,60,SIGNAL_UNAVAILABLE,,40,20.0,NORMAL,POPULARITY_SIGNAL_NOT_AVAILABLE,NONE_ACQUISITION_ORDER_ONLY
363,KBS:UPCOM:DCT,DCT,UPCOM,CURRENT_500,SIGNAL_UNAVAILABLE,SIGNAL_UNAVAILABLE,SIGNAL_UNAVAILABLE,,SIGNAL_UNAVAILABLE,20,PROVISIONAL_CURRENT_UNIVERSE,60,SIGNAL_UNAVAILABLE,,40,20.0,NORMAL,POPULARITY_SIGNAL_NOT_AVAILABLE,NONE_ACQUISITION_ORDER_ONLY
364,KBS:UPCOM:DDV,DDV,UPCOM,CURRENT_500,SIGNAL_UNAVAILABLE,SIGNAL_UNAVAILABLE,SIGNAL_UNAVAILABLE,,SIGNAL_UNAVAILABLE,20,PROVISIONAL_CURRENT_UNIVERSE,60,SIGNAL_UNAVAILABLE,,40,20.0,NORMAL,POPULARITY_SIGNAL_NOT_AVAILABLE,NONE_ACQUISITION_ORDER_ONLY
365,KBS:UPCOM:DHB,DHB,UPCOM,CURRENT_500,SIGNAL_UNAVAILABLE,SIGNAL_UNAVAILABLE,SIGNAL_UNAVAILABLE,,SIGNAL_UNAVAILABLE,20,PROVISIONAL_CURRENT_UNIVERSE,60,SIGNAL_UNAVAILABLE,,40,20.0,NORMAL,POPULARITY_SIGNAL_NOT_AVAILABLE,NONE_ACQUISITION_ORDER_ONLY
366,KBS:UPCOM:DID,DID,UPCOM,CURRENT_500,SIGNAL_UNAVAILABLE,SIGNAL_UNAVAILABLE,SIGNAL_UNAVAILABLE,,SIGNAL_UNAVAILABLE,20,PROVISIONAL_CURRENT_UNIVERSE,60,SIGNAL_UNAVAILABLE,,40,20.0,NORMAL,POPULARITY_SIGNAL_NOT_AVAILABLE,NONE_ACQUISITION_ORDER_ONLY
367,KBS:UPCOM:DNA,DNA,UPCOM,CURRENT_500,SIGNAL_UNAVAILABLE,SIGNAL_UNAVAILABLE,SIGNAL_UNAVAILABLE,,SIGNAL_UNAVAILABLE,20,PROVISIONAL_CURRENT_UNIVERSE,60,SIGNAL_UNAVAILABLE,,40,20.0,NORMAL,POPULARITY_SIGNAL_NOT_AVAILABLE,NONE_ACQUISITION_ORDER_ONLY
368,KBS:UPCOM:DNH,DNH,UPCOM,CURRENT_500,SIGNAL_UNAVAILABLE,SIGNAL_UNAVAILABLE,SIGNAL_UNAVAILABLE,,SIGNAL_UNAVAILABLE,20,PROVISIONAL_CURRENT_UNIVERSE,60,SIGNAL_UNAVAILABLE,,40,20.0,NORMAL,POPULARITY_SIGNAL_NOT_AVAILABLE,NONE_ACQUISITION_ORDER_ONLY
369,KBS:UPCOM:DNL,DNL,UPCOM,CURRENT_500,SIGNAL_UNAVAILABLE,SIGNAL_UNAVAILABLE,SIGNAL_UNAVAILABLE,,SIGNAL_UNAVAILABLE,20,PROVISIONAL_CURRENT_UNIVERSE,60,SIGNAL_UNAVAILABLE,,40,20.0,NORMAL,POPULARITY_SIGNAL_NOT_AVAILABLE,NONE_ACQUISITION_ORDER_ONLY
370,KBS:UPCOM:DNW,DNW,UPCOM,CURRENT_500,SIGNAL_UNAVAILABLE,SIGNAL_UNAVAILABLE,SIGNAL_UNAVAILABLE,,SIGNAL_UNAVAILABLE,20,PROVISIONAL_CURRENT_UNIVERSE,60,SIGNAL_UNAVAILABLE,,40,20.0,NORMAL,POPULARITY_SIGNAL_NOT_AVAILABLE,NONE_ACQUISITION_ORDER_ONLY
371,KBS:UPCOM:DP1,DP1,UPCOM,CURRENT_500,SIGNAL_UNAVAILABLE,SIGNAL_UNAVAILABLE,SIGNAL_UNAVAILABLE,,SIGNAL_UNAVAILABLE,20,PROVISIONAL_CURRENT_UNIVERSE,60,SIGNAL_UNAVAILABLE,,40,20.0,NORMAL,POPULARITY_SIGNAL_NOT_AVAILABLE,NONE_ACQUISITION_ORDER_ONLY
372,KBS:UPCOM:DPC,DPC,UPCOM,CURRENT_500,SIGNAL_UNAVAILABLE,SIGNAL_UNAVAILABLE,SIGNAL_UNAVAILABLE,,SIGNAL_UNAVAILABLE,20,PROVISIONAL_CURRENT_UNIVERSE,60,SIGNAL_UNAVAILABLE,,40,20.0,NORMAL,POPULARITY_SIGNAL_NOT_AVAILABLE,NONE_ACQUISITION_ORDER_ONLY
373,KBS:UPCOM:DRI,DRI,UPCOM,CURRENT_500,SIGNAL_UNAVAILABLE,SIGNAL_UNAVAILABLE,SIGNAL_UNAVAILABLE,,SIGNAL_UNAVAILABLE,20,PROVISIONAL_CURRENT_UNIVERSE,60,SIGNAL_UNAVAILABLE,,40,20.0,NORMAL,POPULARITY_SIGNAL_NOT_AVAILABLE,NONE_ACQUISITION_ORDER_ONLY
374,KBS:UPCOM:DTC,DTC,UPCOM,CURRENT_500,SIGNAL_UNAVAILABLE,SIGNAL_UNAVAILABLE,SIGNAL_UNAVAILABLE,,SIGNAL_UNAVAILABLE,20,PROVISIONAL_CURRENT_UNIVERSE,60,SIGNAL_UNAVAILABLE,,40,20.0,NORMAL,POPULARITY_SIGNAL_NOT_AVAILABLE,NONE_ACQUISITION_ORDER_ONLY
375,KBS:UPCOM:DTI,DTI,UPCOM,CURRENT_500,SIGNAL_UNAVAILABLE,SIGNAL_UNAVAILABLE,SIGNAL_UNAVAILABLE,,SIGNAL_UNAVAILABLE,20,PROVISIONAL_CURRENT_UNIVERSE,60,SIGNAL_UNAVAILABLE,,40,20.0,NORMAL,POPULARITY_SIGNAL_NOT_AVAILABLE,NONE_ACQUISITION_ORDER_ONLY
376,KBS:UPCOM:DWS,DWS,UPCOM,CURRENT_500,SIGNAL_UNAVAILABLE,SIGNAL_UNAVAILABLE,SIGNAL_UNAVAILABLE,,SIGNAL_UNAVAILABLE,20,PROVISIONAL_CURRENT_UNIVERSE,60,SIGNAL_UNAVAILABLE,,40,20.0,NORMAL,POPULARITY_SIGNAL_NOT_AVAILABLE,NONE_ACQUISITION_ORDER_ONLY
377,KBS:UPCOM:E12,E12,UPCOM,CURRENT_500,SIGNAL_UNAVAILABLE,SIGNAL_UNAVAILABLE,SIGNAL_UNAVAILABLE,,SIGNAL_UNAVAILABLE,20,PROVISIONAL_CURRENT_UNIVERSE,60,SIGNAL_UNAVAILABLE,,40,20.0,NORMAL,POPULARITY_SIGNAL_NOT_AVAILABLE,NONE_ACQUISITION_ORDER_ONLY
378,KBS:UPCOM:EIC,EIC,UPCOM,CURRENT_500,SIGNAL_UNAVAILABLE,SIGNAL_UNAVAILABLE,SIGNAL_UNAVAILABLE,,SIGNAL_UNAVAILABLE,20,PROVISIONAL_CURRENT_UNIVERSE,60,SIGNAL_UNAVAILABLE,,40,20.0,NORMAL,POPULARITY_SIGNAL_NOT_AVAILABLE,NONE_ACQUISITION_ORDER_ONLY
379,KBS:UPCOM:FIC,FIC,UPCOM,CURRENT_500,SIGNAL_UNAVAILABLE,SIGNAL_UNAVAILABLE,SIGNAL_UNAVAILABLE,,SIGNAL_UNAVAILABLE,20,PROVISIONAL_CURRENT_UNIVERSE,60,SIGNAL_UNAVAILABLE,,40,20.0,NORMAL,POPULARITY_SIGNAL_NOT_AVAILABLE,NONE_ACQUISITION_ORDER_ONLY
380,KBS:UPCOM:FOC,FOC,UPCOM,CURRENT_500,SIGNAL_UNAVAILABLE,SIGNAL_UNAVAILABLE,SIGNAL_UNAVAILABLE,,SIGNAL_UNAVAILABLE,20,PROVISIONAL_CURRENT_UNIVERSE,60,SIGNAL_UNAVAILABLE,,40,20.0,NORMAL,POPULARITY_SIGNAL_NOT_AVAILABLE,NONE_ACQUISITION_ORDER_ONLY
381,KBS:UPCOM:FOX,FOX,UPCOM,CURRENT_500,SIGNAL_UNAVAILABLE,SIGNAL_UNAVAILABLE,SIGNAL_UNAVAILABLE,,SIGNAL_UNAVAILABLE,20,PROVISIONAL_CURRENT_UNIVERSE,60,SIGNAL_UNAVAILABLE,,40,20.0,NORMAL,POPULARITY_SIGNAL_NOT_AVAILABLE,NONE_ACQUISITION_ORDER_ONLY
382,KBS:UPCOM:GGG,GGG,UPCOM,CURRENT_500,SIGNAL_UNAVAILABLE,SIGNAL_UNAVAILABLE,SIGNAL_UNAVAILABLE,,SIGNAL_UNAVAILABLE,20,PROVISIONAL_CURRENT_UNIVERSE,60,SIGNAL_UNAVAILABLE,,40,20.0,NORMAL,POPULARITY_SIGNAL_NOT_AVAILABLE,NONE_ACQUISITION_ORDER_ONLY
383,KBS:UPCOM:GPC,GPC,UPCOM,CURRENT_500,SIGNAL_UNAVAILABLE,SIGNAL_UNAVAILABLE,SIGNAL_UNAVAILABLE,,SIGNAL_UNAVAILABLE,20,PROVISIONAL_CURRENT_UNIVERSE,60,SIGNAL_UNAVAILABLE,,40,20.0,NORMAL,POPULARITY_SIGNAL_NOT_AVAILABLE,NONE_ACQUISITION_ORDER_ONLY
384,KBS:UPCOM:GSM,GSM,UPCOM,CURRENT_500,SIGNAL_UNAVAILABLE,SIGNAL_UNAVAILABLE,SIGNAL_UNAVAILABLE,,SIGNAL_UNAVAILABLE,20,PROVISIONAL_CURRENT_UNIVERSE,60,SIGNAL_UNAVAILABLE,,40,20.0,NORMAL,POPULARITY_SIGNAL_NOT_AVAILABLE,NONE_ACQUISITION_ORDER_ONLY
385,KBS:UPCOM:H11,H11,UPCOM,CURRENT_500,SIGNAL_UNAVAILABLE,SIGNAL_UNAVAILABLE,SIGNAL_UNAVAILABLE,,SIGNAL_UNAVAILABLE,20,PROVISIONAL_CURRENT_UNIVERSE,60,SIGNAL_UNAVAILABLE,,40,20.0,NORMAL,POPULARITY_SIGNAL_NOT_AVAILABLE,NONE_ACQUISITION_ORDER_ONLY
386,KBS:UPCOM:HAF,HAF,UPCOM,CURRENT_500,SIGNAL_UNAVAILABLE,SIGNAL_UNAVAILABLE,SIGNAL_UNAVAILABLE,,SIGNAL_UNAVAILABLE,20,PROVISIONAL_CURRENT_UNIVERSE,60,SIGNAL_UNAVAILABLE,,40,20.0,NORMAL,POPULARITY_SIGNAL_NOT_AVAILABLE,NONE_ACQUISITION_ORDER_ONLY
387,KBS:UPCOM:HAM,HAM,UPCOM,CURRENT_500,SIGNAL_UNAVAILABLE,SIGNAL_UNAVAILABLE,SIGNAL_UNAVAILABLE,,SIGNAL_UNAVAILABLE,20,PROVISIONAL_CURRENT_UNIVERSE,60,SIGNAL_UNAVAILABLE,,40,20.0,NORMAL,POPULARITY_SIGNAL_NOT_AVAILABLE,NONE_ACQUISITION_ORDER_ONLY
388,KBS:UPCOM:HAN,HAN,UPCOM,CURRENT_500,SIGNAL_UNAVAILABLE,SIGNAL_UNAVAILABLE,SIGNAL_UNAVAILABLE,,SIGNAL_UNAVAILABLE,20,PROVISIONAL_CURRENT_UNIVERSE,60,SIGNAL_UNAVAILABLE,,40,20.0,NORMAL,POPULARITY_SIGNAL_NOT_AVAILABLE,NONE_ACQUISITION_ORDER_ONLY
389,KBS:UPCOM:HBD,HBD,UPCOM,CURRENT_500,SIGNAL_UNAVAILABLE,SIGNAL_UNAVAILABLE,SIGNAL_UNAVAILABLE,,SIGNAL_UNAVAILABLE,20,PROVISIONAL_CURRENT_UNIVERSE,60,SIGNAL_UNAVAILABLE,,40,20.0,NORMAL,POPULARITY_SIGNAL_NOT_AVAILABLE,NONE_ACQUISITION_ORDER_ONLY
390,KBS:UPCOM:HBH,HBH,UPCOM,CURRENT_500,SIGNAL_UNAVAILABLE,SIGNAL_UNAVAILABLE,SIGNAL_UNAVAILABLE,,SIGNAL_UNAVAILABLE,20,PROVISIONAL_CURRENT_UNIVERSE,60,SIGNAL_UNAVAILABLE,,40,20.0,NORMAL,POPULARITY_SIGNAL_NOT_AVAILABLE,NONE_ACQUISITION_ORDER_ONLY
391,KBS:UPCOM:HD6,HD6,UPCOM,CURRENT_500,SIGNAL_UNAVAILABLE,SIGNAL_UNAVAILABLE,SIGNAL_UNAVAILABLE,,SIGNAL_UNAVAILABLE,20,PROVISIONAL_CURRENT_UNIVERSE,60,SIGNAL_UNAVAILABLE,,40,20.0,NORMAL,POPULARITY_SIGNAL_NOT_AVAILABLE,NONE_ACQUISITION_ORDER_ONLY
392,KBS:UPCOM:HDW,HDW,UPCOM,CURRENT_500,SIGNAL_UNAVAILABLE,SIGNAL_UNAVAILABLE,SIGNAL_UNAVAILABLE,,SIGNAL_UNAVAILABLE,20,PROVISIONAL_CURRENT_UNIVERSE,60,SIGNAL_UNAVAILABLE,,40,20.0,NORMAL,POPULARITY_SIGNAL_NOT_AVAILABLE,NONE_ACQUISITION_ORDER_ONLY
393,KBS:UPCOM:HEJ,HEJ,UPCOM,CURRENT_500,SIGNAL_UNAVAILABLE,SIGNAL_UNAVAILABLE,SIGNAL_UNAVAILABLE,,SIGNAL_UNAVAILABLE,20,PROVISIONAL_CURRENT_UNIVERSE,60,SIGNAL_UNAVAILABLE,,40,20.0,NORMAL,POPULARITY_SIGNAL_NOT_AVAILABLE,NONE_ACQUISITION_ORDER_ONLY
394,KBS:UPCOM:HEP,HEP,UPCOM,CURRENT_500,SIGNAL_UNAVAILABLE,SIGNAL_UNAVAILABLE,SIGNAL_UNAVAILABLE,,SIGNAL_UNAVAILABLE,20,PROVISIONAL_CURRENT_UNIVERSE,60,SIGNAL_UNAVAILABLE,,40,20.0,NORMAL,POPULARITY_SIGNAL_NOT_AVAILABLE,NONE_ACQUISITION_ORDER_ONLY
395,KBS:UPCOM:HES,HES,UPCOM,CURRENT_500,SIGNAL_UNAVAILABLE,SIGNAL_UNAVAILABLE,SIGNAL_UNAVAILABLE,,SIGNAL_UNAVAILABLE,20,PROVISIONAL_CURRENT_UNIVERSE,60,SIGNAL_UNAVAILABLE,,40,20.0,NORMAL,POPULARITY_SIGNAL_NOT_AVAILABLE,NONE_ACQUISITION_ORDER_ONLY
396,KBS:UPCOM:HHG,HHG,UPCOM,CURRENT_500,SIGNAL_UNAVAILABLE,SIGNAL_UNAVAILABLE,SIGNAL_UNAVAILABLE,,SIGNAL_UNAVAILABLE,20,PROVISIONAL_CURRENT_UNIVERSE,60,SIGNAL_UNAVAILABLE,,40,20.0,NORMAL,POPULARITY_SIGNAL_NOT_AVAILABLE,NONE_ACQUISITION_ORDER_ONLY
397,KBS:UPCOM:HLB,HLB,UPCOM,CURRENT_500,SIGNAL_UNAVAILABLE,SIGNAL_UNAVAILABLE,SIGNAL_UNAVAILABLE,,SIGNAL_UNAVAILABLE,20,PROVISIONAL_CURRENT_UNIVERSE,60,SIGNAL_UNAVAILABLE,,40,20.0,NORMAL,POPULARITY_SIGNAL_NOT_AVAILABLE,NONE_ACQUISITION_ORDER_ONLY
398,KBS:UPCOM:HNF,HNF,UPCOM,CURRENT_500,SIGNAL_UNAVAILABLE,SIGNAL_UNAVAILABLE,SIGNAL_UNAVAILABLE,,SIGNAL_UNAVAILABLE,20,PROVISIONAL_CURRENT_UNIVERSE,60,SIGNAL_UNAVAILABLE,,40,20.0,NORMAL,POPULARITY_SIGNAL_NOT_AVAILABLE,NONE_ACQUISITION_ORDER_ONLY
399,KBS:UPCOM:HNG,HNG,UPCOM,CURRENT_500,SIGNAL_UNAVAILABLE,SIGNAL_UNAVAILABLE,SIGNAL_UNAVAILABLE,,SIGNAL_UNAVAILABLE,20,PROVISIONAL_CURRENT_UNIVERSE,60,SIGNAL_UNAVAILABLE,,40,20.0,NORMAL,POPULARITY_SIGNAL_NOT_AVAILABLE,NONE_ACQUISITION_ORDER_ONLY
400,KBS:UPCOM:HNM,HNM,UPCOM,CURRENT_500,SIGNAL_UNAVAILABLE,SIGNAL_UNAVAILABLE,SIGNAL_UNAVAILABLE,,SIGNAL_UNAVAILABLE,20,PROVISIONAL_CURRENT_UNIVERSE,60,SIGNAL_UNAVAILABLE,,40,20.0,NORMAL,POPULARITY_SIGNAL_NOT_AVAILABLE,NONE_ACQUISITION_ORDER_ONLY
401,KBS:UPCOM:HPH,HPH,UPCOM,CURRENT_500,SIGNAL_UNAVAILABLE,SIGNAL_UNAVAILABLE,SIGNAL_UNAVAILABLE,,SIGNAL_UNAVAILABLE,20,PROVISIONAL_CURRENT_UNIVERSE,60,SIGNAL_UNAVAILABLE,,40,20.0,NORMAL,POPULARITY_SIGNAL_NOT_AVAILABLE,NONE_ACQUISITION_ORDER_ONLY
402,KBS:UPCOM:HPT,HPT,UPCOM,CURRENT_500,SIGNAL_UNAVAILABLE,SIGNAL_UNAVAILABLE,SIGNAL_UNAVAILABLE,,SIGNAL_UNAVAILABLE,20,PROVISIONAL_CURRENT_UNIVERSE,60,SIGNAL_UNAVAILABLE,,40,20.0,NORMAL,POPULARITY_SIGNAL_NOT_AVAILABLE,NONE_ACQUISITION_ORDER_ONLY
403,KBS:UPCOM:HTM,HTM,UPCOM,CURRENT_500,SIGNAL_UNAVAILABLE,SIGNAL_UNAVAILABLE,SIGNAL_UNAVAILABLE,,SIGNAL_UNAVAILABLE,20,PROVISIONAL_CURRENT_UNIVERSE,60,SIGNAL_UNAVAILABLE,,40,20.0,NORMAL,POPULARITY_SIGNAL_NOT_AVAILABLE,NONE_ACQUISITION_ORDER_ONLY
404,KBS:UPCOM:HWS,HWS,UPCOM,CURRENT_500,SIGNAL_UNAVAILABLE,SIGNAL_UNAVAILABLE,SIGNAL_UNAVAILABLE,,SIGNAL_UNAVAILABLE,20,PROVISIONAL_CURRENT_UNIVERSE,60,SIGNAL_UNAVAILABLE,,40,20.0,NORMAL,POPULARITY_SIGNAL_NOT_AVAILABLE,NONE_ACQUISITION_ORDER_ONLY
405,KBS:UPCOM:ICI,ICI,UPCOM,CURRENT_500,SIGNAL_UNAVAILABLE,SIGNAL_UNAVAILABLE,SIGNAL_UNAVAILABLE,,SIGNAL_UNAVAILABLE,20,PROVISIONAL_CURRENT_UNIVERSE,60,SIGNAL_UNAVAILABLE,,40,20.0,NORMAL,POPULARITY_SIGNAL_NOT_AVAILABLE,NONE_ACQUISITION_ORDER_ONLY
406,KBS:UPCOM:ICN,ICN,UPCOM,CURRENT_500,SIGNAL_UNAVAILABLE,SIGNAL_UNAVAILABLE,SIGNAL_UNAVAILABLE,,SIGNAL_UNAVAILABLE,20,PROVISIONAL_CURRENT_UNIVERSE,60,SIGNAL_UNAVAILABLE,,40,20.0,NORMAL,POPULARITY_SIGNAL_NOT_AVAILABLE,NONE_ACQUISITION_ORDER_ONLY
407,KBS:UPCOM:IFS,IFS,UPCOM,CURRENT_500,SIGNAL_UNAVAILABLE,SIGNAL_UNAVAILABLE,SIGNAL_UNAVAILABLE,,SIGNAL_UNAVAILABLE,20,PROVISIONAL_CURRENT_UNIVERSE,60,SIGNAL_UNAVAILABLE,,40,20.0,NORMAL,POPULARITY_SIGNAL_NOT_AVAILABLE,NONE_ACQUISITION_ORDER_ONLY
408,KBS:UPCOM:ILA,ILA,UPCOM,CURRENT_500,SIGNAL_UNAVAILABLE,SIGNAL_UNAVAILABLE,SIGNAL_UNAVAILABLE,,SIGNAL_UNAVAILABLE,20,PROVISIONAL_CURRENT_UNIVERSE,60,SIGNAL_UNAVAILABLE,,40,20.0,NORMAL,POPULARITY_SIGNAL_NOT_AVAILABLE,NONE_ACQUISITION_ORDER_ONLY
409,KBS:UPCOM:ILC,ILC,UPCOM,CURRENT_500,SIGNAL_UNAVAILABLE,SIGNAL_UNAVAILABLE,SIGNAL_UNAVAILABLE,,SIGNAL_UNAVAILABLE,20,PROVISIONAL_CURRENT_UNIVERSE,60,SIGNAL_UNAVAILABLE,,40,20.0,NORMAL,POPULARITY_SIGNAL_NOT_AVAILABLE,NONE_ACQUISITION_ORDER_ONLY
410,KBS:UPCOM:ILS,ILS,UPCOM,CURRENT_500,SIGNAL_UNAVAILABLE,SIGNAL_UNAVAILABLE,SIGNAL_UNAVAILABLE,,SIGNAL_UNAVAILABLE,20,PROVISIONAL_CURRENT_UNIVERSE,60,SIGNAL_UNAVAILABLE,,40,20.0,NORMAL,POPULARITY_SIGNAL_NOT_AVAILABLE,NONE_ACQUISITION_ORDER_ONLY
411,KBS:UPCOM:IST,IST,UPCOM,CURRENT_500,SIGNAL_UNAVAILABLE,SIGNAL_UNAVAILABLE,SIGNAL_UNAVAILABLE,,SIGNAL_UNAVAILABLE,20,PROVISIONAL_CURRENT_UNIVERSE,60,SIGNAL_UNAVAILABLE,,40,20.0,NORMAL,POPULARITY_SIGNAL_NOT_AVAILABLE,NONE_ACQUISITION_ORDER_ONLY
412,KBS:UPCOM:JOS,JOS,UPCOM,CURRENT_500,SIGNAL_UNAVAILABLE,SIGNAL_UNAVAILABLE,SIGNAL_UNAVAILABLE,,SIGNAL_UNAVAILABLE,20,PROVISIONAL_CURRENT_UNIVERSE,60,SIGNAL_UNAVAILABLE,,40,20.0,NORMAL,POPULARITY_SIGNAL_NOT_AVAILABLE,NONE_ACQUISITION_ORDER_ONLY
413,KBS:UPCOM:KHW,KHW,UPCOM,CURRENT_500,SIGNAL_UNAVAILABLE,SIGNAL_UNAVAILABLE,SIGNAL_UNAVAILABLE,,SIGNAL_UNAVAILABLE,20,PROVISIONAL_CURRENT_UNIVERSE,60,SIGNAL_UNAVAILABLE,,40,20.0,NORMAL,POPULARITY_SIGNAL_NOT_AVAILABLE,NONE_ACQUISITION_ORDER_ONLY
414,KBS:UPCOM:KIP,KIP,UPCOM,CURRENT_500,SIGNAL_UNAVAILABLE,SIGNAL_UNAVAILABLE,SIGNAL_UNAVAILABLE,,SIGNAL_UNAVAILABLE,20,PROVISIONAL_CURRENT_UNIVERSE,60,SIGNAL_UNAVAILABLE,,40,20.0,NORMAL,POPULARITY_SIGNAL_NOT_AVAILABLE,NONE_ACQUISITION_ORDER_ONLY
415,KBS:UPCOM:L43,L43,UPCOM,CURRENT_500,SIGNAL_UNAVAILABLE,SIGNAL_UNAVAILABLE,SIGNAL_UNAVAILABLE,,SIGNAL_UNAVAILABLE,20,PROVISIONAL_CURRENT_UNIVERSE,60,SIGNAL_UNAVAILABLE,,40,20.0,NORMAL,POPULARITY_SIGNAL_NOT_AVAILABLE,NONE_ACQUISITION_ORDER_ONLY
416,KBS:UPCOM:L62,L62,UPCOM,CURRENT_500,SIGNAL_UNAVAILABLE,SIGNAL_UNAVAILABLE,SIGNAL_UNAVAILABLE,,SIGNAL_UNAVAILABLE,20,PROVISIONAL_CURRENT_UNIVERSE,60,SIGNAL_UNAVAILABLE,,40,20.0,NORMAL,POPULARITY_SIGNAL_NOT_AVAILABLE,NONE_ACQUISITION_ORDER_ONLY
417,KBS:UPCOM:L63,L63,UPCOM,CURRENT_500,SIGNAL_UNAVAILABLE,SIGNAL_UNAVAILABLE,SIGNAL_UNAVAILABLE,,SIGNAL_UNAVAILABLE,20,PROVISIONAL_CURRENT_UNIVERSE,60,SIGNAL_UNAVAILABLE,,40,20.0,NORMAL,POPULARITY_SIGNAL_NOT_AVAILABLE,NONE_ACQUISITION_ORDER_ONLY
418,KBS:UPCOM:LAI,LAI,UPCOM,CURRENT_500,SIGNAL_UNAVAILABLE,SIGNAL_UNAVAILABLE,SIGNAL_UNAVAILABLE,,SIGNAL_UNAVAILABLE,20,PROVISIONAL_CURRENT_UNIVERSE,60,SIGNAL_UNAVAILABLE,,40,20.0,NORMAL,POPULARITY_SIGNAL_NOT_AVAILABLE,NONE_ACQUISITION_ORDER_ONLY
419,KBS:UPCOM:LIC,LIC,UPCOM,CURRENT_500,SIGNAL_UNAVAILABLE,SIGNAL_UNAVAILABLE,SIGNAL_UNAVAILABLE,,SIGNAL_UNAVAILABLE,20,PROVISIONAL_CURRENT_UNIVERSE,60,SIGNAL_UNAVAILABLE,,40,20.0,NORMAL,POPULARITY_SIGNAL_NOT_AVAILABLE,NONE_ACQUISITION_ORDER_ONLY
420,KBS:UPCOM:LLM,LLM,UPCOM,CURRENT_500,SIGNAL_UNAVAILABLE,SIGNAL_UNAVAILABLE,SIGNAL_UNAVAILABLE,,SIGNAL_UNAVAILABLE,20,PROVISIONAL_CURRENT_UNIVERSE,60,SIGNAL_UNAVAILABLE,,40,20.0,NORMAL,POPULARITY_SIGNAL_NOT_AVAILABLE,NONE_ACQUISITION_ORDER_ONLY
421,KBS:UPCOM:LMI,LMI,UPCOM,CURRENT_500,SIGNAL_UNAVAILABLE,SIGNAL_UNAVAILABLE,SIGNAL_UNAVAILABLE,,SIGNAL_UNAVAILABLE,20,PROVISIONAL_CURRENT_UNIVERSE,60,SIGNAL_UNAVAILABLE,,40,20.0,NORMAL,POPULARITY_SIGNAL_NOT_AVAILABLE,NONE_ACQUISITION_ORDER_ONLY
422,KBS:UPCOM:LTC,LTC,UPCOM,CURRENT_500,SIGNAL_UNAVAILABLE,SIGNAL_UNAVAILABLE,SIGNAL_UNAVAILABLE,,SIGNAL_UNAVAILABLE,20,PROVISIONAL_CURRENT_UNIVERSE,60,SIGNAL_UNAVAILABLE,,40,20.0,NORMAL,POPULARITY_SIGNAL_NOT_AVAILABLE,NONE_ACQUISITION_ORDER_ONLY
423,KBS:UPCOM:MDF,MDF,UPCOM,CURRENT_500,SIGNAL_UNAVAILABLE,SIGNAL_UNAVAILABLE,SIGNAL_UNAVAILABLE,,SIGNAL_UNAVAILABLE,20,PROVISIONAL_CURRENT_UNIVERSE,60,SIGNAL_UNAVAILABLE,,40,20.0,NORMAL,POPULARITY_SIGNAL_NOT_AVAILABLE,NONE_ACQUISITION_ORDER_ONLY
424,KBS:UPCOM:MEC,MEC,UPCOM,CURRENT_500,SIGNAL_UNAVAILABLE,SIGNAL_UNAVAILABLE,SIGNAL_UNAVAILABLE,,SIGNAL_UNAVAILABLE,20,PROVISIONAL_CURRENT_UNIVERSE,60,SIGNAL_UNAVAILABLE,,40,20.0,NORMAL,POPULARITY_SIGNAL_NOT_AVAILABLE,NONE_ACQUISITION_ORDER_ONLY
425,KBS:UPCOM:MFS,MFS,UPCOM,CURRENT_500,SIGNAL_UNAVAILABLE,SIGNAL_UNAVAILABLE,SIGNAL_UNAVAILABLE,,SIGNAL_UNAVAILABLE,20,PROVISIONAL_CURRENT_UNIVERSE,60,SIGNAL_UNAVAILABLE,,40,20.0,NORMAL,POPULARITY_SIGNAL_NOT_AVAILABLE,NONE_ACQUISITION_ORDER_ONLY
426,KBS:UPCOM:MGC,MGC,UPCOM,CURRENT_500,SIGNAL_UNAVAILABLE,SIGNAL_UNAVAILABLE,SIGNAL_UNAVAILABLE,,SIGNAL_UNAVAILABLE,20,PROVISIONAL_CURRENT_UNIVERSE,60,SIGNAL_UNAVAILABLE,,40,20.0,NORMAL,POPULARITY_SIGNAL_NOT_AVAILABLE,NONE_ACQUISITION_ORDER_ONLY
427,KBS:UPCOM:MGG,MGG,UPCOM,CURRENT_500,SIGNAL_UNAVAILABLE,SIGNAL_UNAVAILABLE,SIGNAL_UNAVAILABLE,,SIGNAL_UNAVAILABLE,20,PROVISIONAL_CURRENT_UNIVERSE,60,SIGNAL_UNAVAILABLE,,40,20.0,NORMAL,POPULARITY_SIGNAL_NOT_AVAILABLE,NONE_ACQUISITION_ORDER_ONLY
428,KBS:UPCOM:MSR,MSR,UPCOM,CURRENT_500,SIGNAL_UNAVAILABLE,SIGNAL_UNAVAILABLE,SIGNAL_UNAVAILABLE,,SIGNAL_UNAVAILABLE,20,PROVISIONAL_CURRENT_UNIVERSE,60,SIGNAL_UNAVAILABLE,,40,20.0,NORMAL,POPULARITY_SIGNAL_NOT_AVAILABLE,NONE_ACQUISITION_ORDER_ONLY
429,KBS:UPCOM:MVN,MVN,UPCOM,CURRENT_500,SIGNAL_UNAVAILABLE,SIGNAL_UNAVAILABLE,SIGNAL_UNAVAILABLE,,SIGNAL_UNAVAILABLE,20,PROVISIONAL_CURRENT_UNIVERSE,60,SIGNAL_UNAVAILABLE,,40,20.0,NORMAL,POPULARITY_SIGNAL_NOT_AVAILABLE,NONE_ACQUISITION_ORDER_ONLY
430,KBS:UPCOM:NAU,NAU,UPCOM,CURRENT_500,SIGNAL_UNAVAILABLE,SIGNAL_UNAVAILABLE,SIGNAL_UNAVAILABLE,,SIGNAL_UNAVAILABLE,20,PROVISIONAL_CURRENT_UNIVERSE,60,SIGNAL_UNAVAILABLE,,40,20.0,NORMAL,POPULARITY_SIGNAL_NOT_AVAILABLE,NONE_ACQUISITION_ORDER_ONLY
431,KBS:UPCOM:NBT,NBT,UPCOM,CURRENT_500,SIGNAL_UNAVAILABLE,SIGNAL_UNAVAILABLE,SIGNAL_UNAVAILABLE,,SIGNAL_UNAVAILABLE,20,PROVISIONAL_CURRENT_UNIVERSE,60,SIGNAL_UNAVAILABLE,,40,20.0,NORMAL,POPULARITY_SIGNAL_NOT_AVAILABLE,NONE_ACQUISITION_ORDER_ONLY
432,KBS:UPCOM:ND2,ND2,UPCOM,CURRENT_500,SIGNAL_UNAVAILABLE,SIGNAL_UNAVAILABLE,SIGNAL_UNAVAILABLE,,SIGNAL_UNAVAILABLE,20,PROVISIONAL_CURRENT_UNIVERSE,60,SIGNAL_UNAVAILABLE,,40,20.0,NORMAL,POPULARITY_SIGNAL_NOT_AVAILABLE,NONE_ACQUISITION_ORDER_ONLY
433,KBS:UPCOM:NOS,NOS,UPCOM,CURRENT_500,SIGNAL_UNAVAILABLE,SIGNAL_UNAVAILABLE,SIGNAL_UNAVAILABLE,,SIGNAL_UNAVAILABLE,20,PROVISIONAL_CURRENT_UNIVERSE,60,SIGNAL_UNAVAILABLE,,40,20.0,NORMAL,POPULARITY_SIGNAL_NOT_AVAILABLE,NONE_ACQUISITION_ORDER_ONLY
434,KBS:UPCOM:NQN,NQN,UPCOM,CURRENT_500,SIGNAL_UNAVAILABLE,SIGNAL_UNAVAILABLE,SIGNAL_UNAVAILABLE,,SIGNAL_UNAVAILABLE,20,PROVISIONAL_CURRENT_UNIVERSE,60,SIGNAL_UNAVAILABLE,,40,20.0,NORMAL,POPULARITY_SIGNAL_NOT_AVAILABLE,NONE_ACQUISITION_ORDER_ONLY
435,KBS:UPCOM:NTT,NTT,UPCOM,CURRENT_500,SIGNAL_UNAVAILABLE,SIGNAL_UNAVAILABLE,SIGNAL_UNAVAILABLE,,SIGNAL_UNAVAILABLE,20,PROVISIONAL_CURRENT_UNIVERSE,60,SIGNAL_UNAVAILABLE,,40,20.0,NORMAL,POPULARITY_SIGNAL_NOT_AVAILABLE,NONE_ACQUISITION_ORDER_ONLY
436,KBS:UPCOM:NTW,NTW,UPCOM,CURRENT_500,SIGNAL_UNAVAILABLE,SIGNAL_UNAVAILABLE,SIGNAL_UNAVAILABLE,,SIGNAL_UNAVAILABLE,20,PROVISIONAL_CURRENT_UNIVERSE,60,SIGNAL_UNAVAILABLE,,40,20.0,NORMAL,POPULARITY_SIGNAL_NOT_AVAILABLE,NONE_ACQUISITION_ORDER_ONLY
437,KBS:UPCOM:NUE,NUE,UPCOM,CURRENT_500,SIGNAL_UNAVAILABLE,SIGNAL_UNAVAILABLE,SIGNAL_UNAVAILABLE,,SIGNAL_UNAVAILABLE,20,PROVISIONAL_CURRENT_UNIVERSE,60,SIGNAL_UNAVAILABLE,,40,20.0,NORMAL,POPULARITY_SIGNAL_NOT_AVAILABLE,NONE_ACQUISITION_ORDER_ONLY
438,KBS:UPCOM:ODE,ODE,UPCOM,CURRENT_500,SIGNAL_UNAVAILABLE,SIGNAL_UNAVAILABLE,SIGNAL_UNAVAILABLE,,SIGNAL_UNAVAILABLE,20,PROVISIONAL_CURRENT_UNIVERSE,60,SIGNAL_UNAVAILABLE,,40,20.0,NORMAL,POPULARITY_SIGNAL_NOT_AVAILABLE,NONE_ACQUISITION_ORDER_ONLY
439,KBS:UPCOM:PCC,PCC,UPCOM,CURRENT_500,SIGNAL_UNAVAILABLE,SIGNAL_UNAVAILABLE,SIGNAL_UNAVAILABLE,,SIGNAL_UNAVAILABLE,20,PROVISIONAL_CURRENT_UNIVERSE,60,SIGNAL_UNAVAILABLE,,40,20.0,NORMAL,POPULARITY_SIGNAL_NOT_AVAILABLE,NONE_ACQUISITION_ORDER_ONLY
440,KBS:UPCOM:PCF,PCF,UPCOM,CURRENT_500,SIGNAL_UNAVAILABLE,SIGNAL_UNAVAILABLE,SIGNAL_UNAVAILABLE,,SIGNAL_UNAVAILABLE,20,PROVISIONAL_CURRENT_UNIVERSE,60,SIGNAL_UNAVAILABLE,,40,20.0,NORMAL,POPULARITY_SIGNAL_NOT_AVAILABLE,NONE_ACQUISITION_ORDER_ONLY
441,KBS:UPCOM:PCG,PCG,UPCOM,CURRENT_500,SIGNAL_UNAVAILABLE,SIGNAL_UNAVAILABLE,SIGNAL_UNAVAILABLE,,SIGNAL_UNAVAILABLE,20,PROVISIONAL_CURRENT_UNIVERSE,60,SIGNAL_UNAVAILABLE,,40,20.0,NORMAL,POPULARITY_SIGNAL_NOT_AVAILABLE,NONE_ACQUISITION_ORDER_ONLY
442,KBS:UPCOM:PFL,PFL,UPCOM,CURRENT_500,SIGNAL_UNAVAILABLE,SIGNAL_UNAVAILABLE,SIGNAL_UNAVAILABLE,,SIGNAL_UNAVAILABLE,20,PROVISIONAL_CURRENT_UNIVERSE,60,SIGNAL_UNAVAILABLE,,40,20.0,NORMAL,POPULARITY_SIGNAL_NOT_AVAILABLE,NONE_ACQUISITION_ORDER_ONLY
443,KBS:UPCOM:PHP,PHP,UPCOM,CURRENT_500,SIGNAL_UNAVAILABLE,SIGNAL_UNAVAILABLE,SIGNAL_UNAVAILABLE,,SIGNAL_UNAVAILABLE,20,PROVISIONAL_CURRENT_UNIVERSE,60,SIGNAL_UNAVAILABLE,,40,20.0,NORMAL,POPULARITY_SIGNAL_NOT_AVAILABLE,NONE_ACQUISITION_ORDER_ONLY
444,KBS:UPCOM:PHS,PHS,UPCOM,CURRENT_500,SIGNAL_UNAVAILABLE,SIGNAL_UNAVAILABLE,SIGNAL_UNAVAILABLE,,SIGNAL_UNAVAILABLE,20,PROVISIONAL_CURRENT_UNIVERSE,60,SIGNAL_UNAVAILABLE,,40,20.0,NORMAL,POPULARITY_SIGNAL_NOT_AVAILABLE,NONE_ACQUISITION_ORDER_ONLY
445,KBS:UPCOM:PVE,PVE,UPCOM,CURRENT_500,SIGNAL_UNAVAILABLE,SIGNAL_UNAVAILABLE,SIGNAL_UNAVAILABLE,,SIGNAL_UNAVAILABLE,20,PROVISIONAL_CURRENT_UNIVERSE,60,SIGNAL_UNAVAILABLE,,40,20.0,NORMAL,POPULARITY_SIGNAL_NOT_AVAILABLE,NONE_ACQUISITION_ORDER_ONLY
446,KBS:UPCOM:PVL,PVL,UPCOM,CURRENT_500,SIGNAL_UNAVAILABLE,SIGNAL_UNAVAILABLE,SIGNAL_UNAVAILABLE,,SIGNAL_UNAVAILABLE,20,PROVISIONAL_CURRENT_UNIVERSE,60,SIGNAL_UNAVAILABLE,,40,20.0,NORMAL,POPULARITY_SIGNAL_NOT_AVAILABLE,NONE_ACQUISITION_ORDER_ONLY
447,KBS:UPCOM:PVX,PVX,UPCOM,CURRENT_500,SIGNAL_UNAVAILABLE,SIGNAL_UNAVAILABLE,SIGNAL_UNAVAILABLE,,SIGNAL_UNAVAILABLE,20,PROVISIONAL_CURRENT_UNIVERSE,60,SIGNAL_UNAVAILABLE,,40,20.0,NORMAL,POPULARITY_SIGNAL_NOT_AVAILABLE,NONE_ACQUISITION_ORDER_ONLY
448,KBS:UPCOM:PWA,PWA,UPCOM,CURRENT_500,SIGNAL_UNAVAILABLE,SIGNAL_UNAVAILABLE,SIGNAL_UNAVAILABLE,,SIGNAL_UNAVAILABLE,20,PROVISIONAL_CURRENT_UNIVERSE,60,SIGNAL_UNAVAILABLE,,40,20.0,NORMAL,POPULARITY_SIGNAL_NOT_AVAILABLE,NONE_ACQUISITION_ORDER_ONLY
449,KBS:UPCOM:PWS,PWS,UPCOM,CURRENT_500,SIGNAL_UNAVAILABLE,SIGNAL_UNAVAILABLE,SIGNAL_UNAVAILABLE,,SIGNAL_UNAVAILABLE,20,PROVISIONAL_CURRENT_UNIVERSE,60,SIGNAL_UNAVAILABLE,,40,20.0,NORMAL,POPULARITY_SIGNAL_NOT_AVAILABLE,NONE_ACQUISITION_ORDER_ONLY
450,KBS:UPCOM:PXA,PXA,UPCOM,CURRENT_500,SIGNAL_UNAVAILABLE,SIGNAL_UNAVAILABLE,SIGNAL_UNAVAILABLE,,SIGNAL_UNAVAILABLE,20,PROVISIONAL_CURRENT_UNIVERSE,60,SIGNAL_UNAVAILABLE,,40,20.0,NORMAL,POPULARITY_SIGNAL_NOT_AVAILABLE,NONE_ACQUISITION_ORDER_ONLY
451,KBS:UPCOM:PXI,PXI,UPCOM,CURRENT_500,SIGNAL_UNAVAILABLE,SIGNAL_UNAVAILABLE,SIGNAL_UNAVAILABLE,,SIGNAL_UNAVAILABLE,20,PROVISIONAL_CURRENT_UNIVERSE,60,SIGNAL_UNAVAILABLE,,40,20.0,NORMAL,POPULARITY_SIGNAL_NOT_AVAILABLE,NONE_ACQUISITION_ORDER_ONLY
452,KBS:UPCOM:PXM,PXM,UPCOM,CURRENT_500,SIGNAL_UNAVAILABLE,SIGNAL_UNAVAILABLE,SIGNAL_UNAVAILABLE,,SIGNAL_UNAVAILABLE,20,PROVISIONAL_CURRENT_UNIVERSE,60,SIGNAL_UNAVAILABLE,,40,20.0,NORMAL,POPULARITY_SIGNAL_NOT_AVAILABLE,NONE_ACQUISITION_ORDER_ONLY
453,KBS:UPCOM:PXS,PXS,UPCOM,CURRENT_500,SIGNAL_UNAVAILABLE,SIGNAL_UNAVAILABLE,SIGNAL_UNAVAILABLE,,SIGNAL_UNAVAILABLE,20,PROVISIONAL_CURRENT_UNIVERSE,60,SIGNAL_UNAVAILABLE,,40,20.0,NORMAL,POPULARITY_SIGNAL_NOT_AVAILABLE,NONE_ACQUISITION_ORDER_ONLY
454,KBS:UPCOM:QBS,QBS,UPCOM,CURRENT_500,SIGNAL_UNAVAILABLE,SIGNAL_UNAVAILABLE,SIGNAL_UNAVAILABLE,,SIGNAL_UNAVAILABLE,20,PROVISIONAL_CURRENT_UNIVERSE,60,SIGNAL_UNAVAILABLE,,40,20.0,NORMAL,POPULARITY_SIGNAL_NOT_AVAILABLE,NONE_ACQUISITION_ORDER_ONLY
455,KBS:UPCOM:QCC,QCC,UPCOM,CURRENT_500,SIGNAL_UNAVAILABLE,SIGNAL_UNAVAILABLE,SIGNAL_UNAVAILABLE,,SIGNAL_UNAVAILABLE,20,PROVISIONAL_CURRENT_UNIVERSE,60,SIGNAL_UNAVAILABLE,,40,20.0,NORMAL,POPULARITY_SIGNAL_NOT_AVAILABLE,NONE_ACQUISITION_ORDER_ONLY
456,KBS:UPCOM:QHW,QHW,UPCOM,CURRENT_500,SIGNAL_UNAVAILABLE,SIGNAL_UNAVAILABLE,SIGNAL_UNAVAILABLE,,SIGNAL_UNAVAILABLE,20,PROVISIONAL_CURRENT_UNIVERSE,60,SIGNAL_UNAVAILABLE,,40,20.0,NORMAL,POPULARITY_SIGNAL_NOT_AVAILABLE,NONE_ACQUISITION_ORDER_ONLY
457,KBS:UPCOM:QNC,QNC,UPCOM,CURRENT_500,SIGNAL_UNAVAILABLE,SIGNAL_UNAVAILABLE,SIGNAL_UNAVAILABLE,,SIGNAL_UNAVAILABLE,20,PROVISIONAL_CURRENT_UNIVERSE,60,SIGNAL_UNAVAILABLE,,40,20.0,NORMAL,POPULARITY_SIGNAL_NOT_AVAILABLE,NONE_ACQUISITION_ORDER_ONLY
458,KBS:UPCOM:QNW,QNW,UPCOM,CURRENT_500,SIGNAL_UNAVAILABLE,SIGNAL_UNAVAILABLE,SIGNAL_UNAVAILABLE,,SIGNAL_UNAVAILABLE,20,PROVISIONAL_CURRENT_UNIVERSE,60,SIGNAL_UNAVAILABLE,,40,20.0,NORMAL,POPULARITY_SIGNAL_NOT_AVAILABLE,NONE_ACQUISITION_ORDER_ONLY
459,KBS:UPCOM:QPH,QPH,UPCOM,CURRENT_500,SIGNAL_UNAVAILABLE,SIGNAL_UNAVAILABLE,SIGNAL_UNAVAILABLE,,SIGNAL_UNAVAILABLE,20,PROVISIONAL_CURRENT_UNIVERSE,60,SIGNAL_UNAVAILABLE,,40,20.0,NORMAL,POPULARITY_SIGNAL_NOT_AVAILABLE,NONE_ACQUISITION_ORDER_ONLY
460,KBS:UPCOM:QSP,QSP,UPCOM,CURRENT_500,SIGNAL_UNAVAILABLE,SIGNAL_UNAVAILABLE,SIGNAL_UNAVAILABLE,,SIGNAL_UNAVAILABLE,20,PROVISIONAL_CURRENT_UNIVERSE,60,SIGNAL_UNAVAILABLE,,40,20.0,NORMAL,POPULARITY_SIGNAL_NOT_AVAILABLE,NONE_ACQUISITION_ORDER_ONLY
461,KBS:UPCOM:RIC,RIC,UPCOM,CURRENT_500,SIGNAL_UNAVAILABLE,SIGNAL_UNAVAILABLE,SIGNAL_UNAVAILABLE,,SIGNAL_UNAVAILABLE,20,PROVISIONAL_CURRENT_UNIVERSE,60,SIGNAL_UNAVAILABLE,,40,20.0,NORMAL,POPULARITY_SIGNAL_NOT_AVAILABLE,NONE_ACQUISITION_ORDER_ONLY
462,KBS:UPCOM:S74,S74,UPCOM,CURRENT_500,SIGNAL_UNAVAILABLE,SIGNAL_UNAVAILABLE,SIGNAL_UNAVAILABLE,,SIGNAL_UNAVAILABLE,20,PROVISIONAL_CURRENT_UNIVERSE,60,SIGNAL_UNAVAILABLE,,40,20.0,NORMAL,POPULARITY_SIGNAL_NOT_AVAILABLE,NONE_ACQUISITION_ORDER_ONLY
463,KBS:UPCOM:SBD,SBD,UPCOM,CURRENT_500,SIGNAL_UNAVAILABLE,SIGNAL_UNAVAILABLE,SIGNAL_UNAVAILABLE,,SIGNAL_UNAVAILABLE,20,PROVISIONAL_CURRENT_UNIVERSE,60,SIGNAL_UNAVAILABLE,,40,20.0,NORMAL,POPULARITY_SIGNAL_NOT_AVAILABLE,NONE_ACQUISITION_ORDER_ONLY
464,KBS:UPCOM:SBM,SBM,UPCOM,CURRENT_500,SIGNAL_UNAVAILABLE,SIGNAL_UNAVAILABLE,SIGNAL_UNAVAILABLE,,SIGNAL_UNAVAILABLE,20,PROVISIONAL_CURRENT_UNIVERSE,60,SIGNAL_UNAVAILABLE,,40,20.0,NORMAL,POPULARITY_SIGNAL_NOT_AVAILABLE,NONE_ACQUISITION_ORDER_ONLY
465,KBS:UPCOM:SCD,SCD,UPCOM,CURRENT_500,SIGNAL_UNAVAILABLE,SIGNAL_UNAVAILABLE,SIGNAL_UNAVAILABLE,,SIGNAL_UNAVAILABLE,20,PROVISIONAL_CURRENT_UNIVERSE,60,SIGNAL_UNAVAILABLE,,40,20.0,NORMAL,POPULARITY_SIGNAL_NOT_AVAILABLE,NONE_ACQUISITION_ORDER_ONLY
466,KBS:UPCOM:SCJ,SCJ,UPCOM,CURRENT_500,SIGNAL_UNAVAILABLE,SIGNAL_UNAVAILABLE,SIGNAL_UNAVAILABLE,,SIGNAL_UNAVAILABLE,20,PROVISIONAL_CURRENT_UNIVERSE,60,SIGNAL_UNAVAILABLE,,40,20.0,NORMAL,POPULARITY_SIGNAL_NOT_AVAILABLE,NONE_ACQUISITION_ORDER_ONLY
467,KBS:UPCOM:SCL,SCL,UPCOM,CURRENT_500,SIGNAL_UNAVAILABLE,SIGNAL_UNAVAILABLE,SIGNAL_UNAVAILABLE,,SIGNAL_UNAVAILABLE,20,PROVISIONAL_CURRENT_UNIVERSE,60,SIGNAL_UNAVAILABLE,,40,20.0,NORMAL,POPULARITY_SIGNAL_NOT_AVAILABLE,NONE_ACQUISITION_ORDER_ONLY
468,KBS:UPCOM:SD2,SD2,UPCOM,CURRENT_500,SIGNAL_UNAVAILABLE,SIGNAL_UNAVAILABLE,SIGNAL_UNAVAILABLE,,SIGNAL_UNAVAILABLE,20,PROVISIONAL_CURRENT_UNIVERSE,60,SIGNAL_UNAVAILABLE,,40,20.0,NORMAL,POPULARITY_SIGNAL_NOT_AVAILABLE,NONE_ACQUISITION_ORDER_ONLY
469,KBS:UPCOM:SD7,SD7,UPCOM,CURRENT_500,SIGNAL_UNAVAILABLE,SIGNAL_UNAVAILABLE,SIGNAL_UNAVAILABLE,,SIGNAL_UNAVAILABLE,20,PROVISIONAL_CURRENT_UNIVERSE,60,SIGNAL_UNAVAILABLE,,40,20.0,NORMAL,POPULARITY_SIGNAL_NOT_AVAILABLE,NONE_ACQUISITION_ORDER_ONLY
470,KBS:UPCOM:SDA,SDA,UPCOM,CURRENT_500,SIGNAL_UNAVAILABLE,SIGNAL_UNAVAILABLE,SIGNAL_UNAVAILABLE,,SIGNAL_UNAVAILABLE,20,PROVISIONAL_CURRENT_UNIVERSE,60,SIGNAL_UNAVAILABLE,,40,20.0,NORMAL,POPULARITY_SIGNAL_NOT_AVAILABLE,NONE_ACQUISITION_ORDER_ONLY
471,KBS:UPCOM:SDP,SDP,UPCOM,CURRENT_500,SIGNAL_UNAVAILABLE,SIGNAL_UNAVAILABLE,SIGNAL_UNAVAILABLE,,SIGNAL_UNAVAILABLE,20,PROVISIONAL_CURRENT_UNIVERSE,60,SIGNAL_UNAVAILABLE,,40,20.0,NORMAL,POPULARITY_SIGNAL_NOT_AVAILABLE,NONE_ACQUISITION_ORDER_ONLY
472,KBS:UPCOM:SEA,SEA,UPCOM,CURRENT_500,SIGNAL_UNAVAILABLE,SIGNAL_UNAVAILABLE,SIGNAL_UNAVAILABLE,,SIGNAL_UNAVAILABLE,20,PROVISIONAL_CURRENT_UNIVERSE,60,SIGNAL_UNAVAILABLE,,40,20.0,NORMAL,POPULARITY_SIGNAL_NOT_AVAILABLE,NONE_ACQUISITION_ORDER_ONLY
473,KBS:UPCOM:SGS,SGS,UPCOM,CURRENT_500,SIGNAL_UNAVAILABLE,SIGNAL_UNAVAILABLE,SIGNAL_UNAVAILABLE,,SIGNAL_UNAVAILABLE,20,PROVISIONAL_CURRENT_UNIVERSE,60,SIGNAL_UNAVAILABLE,,40,20.0,NORMAL,POPULARITY_SIGNAL_NOT_AVAILABLE,NONE_ACQUISITION_ORDER_ONLY
474,KBS:UPCOM:SID,SID,UPCOM,CURRENT_500,SIGNAL_UNAVAILABLE,SIGNAL_UNAVAILABLE,SIGNAL_UNAVAILABLE,,SIGNAL_UNAVAILABLE,20,PROVISIONAL_CURRENT_UNIVERSE,60,SIGNAL_UNAVAILABLE,,40,20.0,NORMAL,POPULARITY_SIGNAL_NOT_AVAILABLE,NONE_ACQUISITION_ORDER_ONLY
475,KBS:UPCOM:SJG,SJG,UPCOM,CURRENT_500,SIGNAL_UNAVAILABLE,SIGNAL_UNAVAILABLE,SIGNAL_UNAVAILABLE,,SIGNAL_UNAVAILABLE,20,PROVISIONAL_CURRENT_UNIVERSE,60,SIGNAL_UNAVAILABLE,,40,20.0,NORMAL,POPULARITY_SIGNAL_NOT_AVAILABLE,NONE_ACQUISITION_ORDER_ONLY
476,KBS:UPCOM:SKV,SKV,UPCOM,CURRENT_500,SIGNAL_UNAVAILABLE,SIGNAL_UNAVAILABLE,SIGNAL_UNAVAILABLE,,SIGNAL_UNAVAILABLE,20,PROVISIONAL_CURRENT_UNIVERSE,60,SIGNAL_UNAVAILABLE,,40,20.0,NORMAL,POPULARITY_SIGNAL_NOT_AVAILABLE,NONE_ACQUISITION_ORDER_ONLY
477,KBS:UPCOM:SRB,SRB,UPCOM,CURRENT_500,SIGNAL_UNAVAILABLE,SIGNAL_UNAVAILABLE,SIGNAL_UNAVAILABLE,,SIGNAL_UNAVAILABLE,20,PROVISIONAL_CURRENT_UNIVERSE,60,SIGNAL_UNAVAILABLE,,40,20.0,NORMAL,POPULARITY_SIGNAL_NOT_AVAILABLE,NONE_ACQUISITION_ORDER_ONLY
478,KBS:UPCOM:SSG,SSG,UPCOM,CURRENT_500,SIGNAL_UNAVAILABLE,SIGNAL_UNAVAILABLE,SIGNAL_UNAVAILABLE,,SIGNAL_UNAVAILABLE,20,PROVISIONAL_CURRENT_UNIVERSE,60,SIGNAL_UNAVAILABLE,,40,20.0,NORMAL,POPULARITY_SIGNAL_NOT_AVAILABLE,NONE_ACQUISITION_ORDER_ONLY
479,KBS:UPCOM:SSH,SSH,UPCOM,CURRENT_500,SIGNAL_UNAVAILABLE,SIGNAL_UNAVAILABLE,SIGNAL_UNAVAILABLE,,SIGNAL_UNAVAILABLE,20,PROVISIONAL_CURRENT_UNIVERSE,60,SIGNAL_UNAVAILABLE,,40,20.0,NORMAL,POPULARITY_SIGNAL_NOT_AVAILABLE,NONE_ACQUISITION_ORDER_ONLY
480,KBS:UPCOM:STT,STT,UPCOM,CURRENT_500,SIGNAL_UNAVAILABLE,SIGNAL_UNAVAILABLE,SIGNAL_UNAVAILABLE,,SIGNAL_UNAVAILABLE,20,PROVISIONAL_CURRENT_UNIVERSE,60,SIGNAL_UNAVAILABLE,,40,20.0,NORMAL,POPULARITY_SIGNAL_NOT_AVAILABLE,NONE_ACQUISITION_ORDER_ONLY
481,KBS:UPCOM:SWC,SWC,UPCOM,CURRENT_500,SIGNAL_UNAVAILABLE,SIGNAL_UNAVAILABLE,SIGNAL_UNAVAILABLE,,SIGNAL_UNAVAILABLE,20,PROVISIONAL_CURRENT_UNIVERSE,60,SIGNAL_UNAVAILABLE,,40,20.0,NORMAL,POPULARITY_SIGNAL_NOT_AVAILABLE,NONE_ACQUISITION_ORDER_ONLY
482,KBS:UPCOM:SZG,SZG,UPCOM,CURRENT_500,SIGNAL_UNAVAILABLE,SIGNAL_UNAVAILABLE,SIGNAL_UNAVAILABLE,,SIGNAL_UNAVAILABLE,20,PROVISIONAL_CURRENT_UNIVERSE,60,SIGNAL_UNAVAILABLE,,40,20.0,NORMAL,POPULARITY_SIGNAL_NOT_AVAILABLE,NONE_ACQUISITION_ORDER_ONLY
483,KBS:UPCOM:TAR,TAR,UPCOM,CURRENT_500,SIGNAL_UNAVAILABLE,SIGNAL_UNAVAILABLE,SIGNAL_UNAVAILABLE,,SIGNAL_UNAVAILABLE,20,PROVISIONAL_CURRENT_UNIVERSE,60,SIGNAL_UNAVAILABLE,,40,20.0,NORMAL,POPULARITY_SIGNAL_NOT_AVAILABLE,NONE_ACQUISITION_ORDER_ONLY
484,KBS:UPCOM:TCD,TCD,UPCOM,CURRENT_500,SIGNAL_UNAVAILABLE,SIGNAL_UNAVAILABLE,SIGNAL_UNAVAILABLE,,SIGNAL_UNAVAILABLE,20,PROVISIONAL_CURRENT_UNIVERSE,60,SIGNAL_UNAVAILABLE,,40,20.0,NORMAL,POPULARITY_SIGNAL_NOT_AVAILABLE,NONE_ACQUISITION_ORDER_ONLY
485,KBS:UPCOM:TDB,TDB,UPCOM,CURRENT_500,SIGNAL_UNAVAILABLE,SIGNAL_UNAVAILABLE,SIGNAL_UNAVAILABLE,,SIGNAL_UNAVAILABLE,20,PROVISIONAL_CURRENT_UNIVERSE,60,SIGNAL_UNAVAILABLE,,40,20.0,NORMAL,POPULARITY_SIGNAL_NOT_AVAILABLE,NONE_ACQUISITION_ORDER_ONLY
486,KBS:UPCOM:TDS,TDS,UPCOM,CURRENT_500,SIGNAL_UNAVAILABLE,SIGNAL_UNAVAILABLE,SIGNAL_UNAVAILABLE,,SIGNAL_UNAVAILABLE,20,PROVISIONAL_CURRENT_UNIVERSE,60,SIGNAL_UNAVAILABLE,,40,20.0,NORMAL,POPULARITY_SIGNAL_NOT_AVAILABLE,NONE_ACQUISITION_ORDER_ONLY
487,KBS:UPCOM:TED,TED,UPCOM,CURRENT_500,SIGNAL_UNAVAILABLE,SIGNAL_UNAVAILABLE,SIGNAL_UNAVAILABLE,,SIGNAL_UNAVAILABLE,20,PROVISIONAL_CURRENT_UNIVERSE,60,SIGNAL_UNAVAILABLE,,40,20.0,NORMAL,POPULARITY_SIGNAL_NOT_AVAILABLE,NONE_ACQUISITION_ORDER_ONLY
488,KBS:UPCOM:TGP,TGP,UPCOM,CURRENT_500,SIGNAL_UNAVAILABLE,SIGNAL_UNAVAILABLE,SIGNAL_UNAVAILABLE,,SIGNAL_UNAVAILABLE,20,PROVISIONAL_CURRENT_UNIVERSE,60,SIGNAL_UNAVAILABLE,,40,20.0,NORMAL,POPULARITY_SIGNAL_NOT_AVAILABLE,NONE_ACQUISITION_ORDER_ONLY
489,KBS:UPCOM:THW,THW,UPCOM,CURRENT_500,SIGNAL_UNAVAILABLE,SIGNAL_UNAVAILABLE,SIGNAL_UNAVAILABLE,,SIGNAL_UNAVAILABLE,20,PROVISIONAL_CURRENT_UNIVERSE,60,SIGNAL_UNAVAILABLE,,40,20.0,NORMAL,POPULARITY_SIGNAL_NOT_AVAILABLE,NONE_ACQUISITION_ORDER_ONLY
490,KBS:UPCOM:TIS,TIS,UPCOM,CURRENT_500,SIGNAL_UNAVAILABLE,SIGNAL_UNAVAILABLE,SIGNAL_UNAVAILABLE,,SIGNAL_UNAVAILABLE,20,PROVISIONAL_CURRENT_UNIVERSE,60,SIGNAL_UNAVAILABLE,,40,20.0,NORMAL,POPULARITY_SIGNAL_NOT_AVAILABLE,NONE_ACQUISITION_ORDER_ONLY
491,KBS:UPCOM:TLP,TLP,UPCOM,CURRENT_500,SIGNAL_UNAVAILABLE,SIGNAL_UNAVAILABLE,SIGNAL_UNAVAILABLE,,SIGNAL_UNAVAILABLE,20,PROVISIONAL_CURRENT_UNIVERSE,60,SIGNAL_UNAVAILABLE,,40,20.0,NORMAL,POPULARITY_SIGNAL_NOT_AVAILABLE,NONE_ACQUISITION_ORDER_ONLY
492,KBS:UPCOM:TNW,TNW,UPCOM,CURRENT_500,SIGNAL_UNAVAILABLE,SIGNAL_UNAVAILABLE,SIGNAL_UNAVAILABLE,,SIGNAL_UNAVAILABLE,20,PROVISIONAL_CURRENT_UNIVERSE,60,SIGNAL_UNAVAILABLE,,40,20.0,NORMAL,POPULARITY_SIGNAL_NOT_AVAILABLE,NONE_ACQUISITION_ORDER_ONLY
493,KBS:UPCOM:TOS,TOS,UPCOM,CURRENT_500,SIGNAL_UNAVAILABLE,SIGNAL_UNAVAILABLE,SIGNAL_UNAVAILABLE,,SIGNAL_UNAVAILABLE,20,PROVISIONAL_CURRENT_UNIVERSE,60,SIGNAL_UNAVAILABLE,,40,20.0,NORMAL,POPULARITY_SIGNAL_NOT_AVAILABLE,NONE_ACQUISITION_ORDER_ONLY
494,KBS:UPCOM:TOW,TOW,UPCOM,CURRENT_500,SIGNAL_UNAVAILABLE,SIGNAL_UNAVAILABLE,SIGNAL_UNAVAILABLE,,SIGNAL_UNAVAILABLE,20,PROVISIONAL_CURRENT_UNIVERSE,60,SIGNAL_UNAVAILABLE,,40,20.0,NORMAL,POPULARITY_SIGNAL_NOT_AVAILABLE,NONE_ACQUISITION_ORDER_ONLY
495,KBS:UPCOM:TSD,TSD,UPCOM,CURRENT_500,SIGNAL_UNAVAILABLE,SIGNAL_UNAVAILABLE,SIGNAL_UNAVAILABLE,,SIGNAL_UNAVAILABLE,20,PROVISIONAL_CURRENT_UNIVERSE,60,SIGNAL_UNAVAILABLE,,40,20.0,NORMAL,POPULARITY_SIGNAL_NOT_AVAILABLE,NONE_ACQUISITION_ORDER_ONLY
496,KBS:UPCOM:TST,TST,UPCOM,CURRENT_500,SIGNAL_UNAVAILABLE,SIGNAL_UNAVAILABLE,SIGNAL_UNAVAILABLE,,SIGNAL_UNAVAILABLE,20,PROVISIONAL_CURRENT_UNIVERSE,60,SIGNAL_UNAVAILABLE,,40,20.0,NORMAL,POPULARITY_SIGNAL_NOT_AVAILABLE,NONE_ACQUISITION_ORDER_ONLY
497,KBS:UPCOM:TTD,TTD,UPCOM,CURRENT_500,SIGNAL_UNAVAILABLE,SIGNAL_UNAVAILABLE,SIGNAL_UNAVAILABLE,,SIGNAL_UNAVAILABLE,20,PROVISIONAL_CURRENT_UNIVERSE,60,SIGNAL_UNAVAILABLE,,40,20.0,NORMAL,POPULARITY_SIGNAL_NOT_AVAILABLE,NONE_ACQUISITION_ORDER_ONLY
498,KBS:UPCOM:TTG,TTG,UPCOM,CURRENT_500,SIGNAL_UNAVAILABLE,SIGNAL_UNAVAILABLE,SIGNAL_UNAVAILABLE,,SIGNAL_UNAVAILABLE,20,PROVISIONAL_CURRENT_UNIVERSE,60,SIGNAL_UNAVAILABLE,,40,20.0,NORMAL,POPULARITY_SIGNAL_NOT_AVAILABLE,NONE_ACQUISITION_ORDER_ONLY
499,KBS:UPCOM:TTS,TTS,UPCOM,CURRENT_500,SIGNAL_UNAVAILABLE,SIGNAL_UNAVAILABLE,SIGNAL_UNAVAILABLE,,SIGNAL_UNAVAILABLE,20,PROVISIONAL_CURRENT_UNIVERSE,60,SIGNAL_UNAVAILABLE,,40,20.0,NORMAL,POPULARITY_SIGNAL_NOT_AVAILABLE,NONE_ACQUISITION_ORDER_ONLY
500,KBS:UPCOM:TUG,TUG,UPCOM,CURRENT_500,SIGNAL_UNAVAILABLE,SIGNAL_UNAVAILABLE,SIGNAL_UNAVAILABLE,,SIGNAL_UNAVAILABLE,20,PROVISIONAL_CURRENT_UNIVERSE,60,SIGNAL_UNAVAILABLE,,40,20.0,NORMAL,POPULARITY_SIGNAL_NOT_AVAILABLE,NONE_ACQUISITION_ORDER_ONLY
501,KBS:UPCOM:TV1,TV1,UPCOM,CURRENT_500,SIGNAL_UNAVAILABLE,SIGNAL_UNAVAILABLE,SIGNAL_UNAVAILABLE,,SIGNAL_UNAVAILABLE,20,PROVISIONAL_CURRENT_UNIVERSE,60,SIGNAL_UNAVAILABLE,,40,20.0,NORMAL,POPULARITY_SIGNAL_NOT_AVAILABLE,NONE_ACQUISITION_ORDER_ONLY
502,KBS:UPCOM:TVN,TVN,UPCOM,CURRENT_500,SIGNAL_UNAVAILABLE,SIGNAL_UNAVAILABLE,SIGNAL_UNAVAILABLE,,SIGNAL_UNAVAILABLE,20,PROVISIONAL_CURRENT_UNIVERSE,60,SIGNAL_UNAVAILABLE,,40,20.0,NORMAL,POPULARITY_SIGNAL_NOT_AVAILABLE,NONE_ACQUISITION_ORDER_ONLY
503,KBS:UPCOM:USC,USC,UPCOM,CURRENT_500,SIGNAL_UNAVAILABLE,SIGNAL_UNAVAILABLE,SIGNAL_UNAVAILABLE,,SIGNAL_UNAVAILABLE,20,PROVISIONAL_CURRENT_UNIVERSE,60,SIGNAL_UNAVAILABLE,,40,20.0,NORMAL,POPULARITY_SIGNAL_NOT_AVAILABLE,NONE_ACQUISITION_ORDER_ONLY
504,KBS:UPCOM:VAV,VAV,UPCOM,CURRENT_500,SIGNAL_UNAVAILABLE,SIGNAL_UNAVAILABLE,SIGNAL_UNAVAILABLE,,SIGNAL_UNAVAILABLE,20,PROVISIONAL_CURRENT_UNIVERSE,60,SIGNAL_UNAVAILABLE,,40,20.0,NORMAL,POPULARITY_SIGNAL_NOT_AVAILABLE,NONE_ACQUISITION_ORDER_ONLY
505,KBS:UPCOM:VCP,VCP,UPCOM,CURRENT_500,SIGNAL_UNAVAILABLE,SIGNAL_UNAVAILABLE,SIGNAL_UNAVAILABLE,,SIGNAL_UNAVAILABLE,20,PROVISIONAL_CURRENT_UNIVERSE,60,SIGNAL_UNAVAILABLE,,40,20.0,NORMAL,POPULARITY_SIGNAL_NOT_AVAILABLE,NONE_ACQUISITION_ORDER_ONLY
506,KBS:UPCOM:VCR,VCR,UPCOM,CURRENT_500,SIGNAL_UNAVAILABLE,SIGNAL_UNAVAILABLE,SIGNAL_UNAVAILABLE,,SIGNAL_UNAVAILABLE,20,PROVISIONAL_CURRENT_UNIVERSE,60,SIGNAL_UNAVAILABLE,,40,20.0,NORMAL,POPULARITY_SIGNAL_NOT_AVAILABLE,NONE_ACQUISITION_ORDER_ONLY
507,KBS:UPCOM:VDN,VDN,UPCOM,CURRENT_500,SIGNAL_UNAVAILABLE,SIGNAL_UNAVAILABLE,SIGNAL_UNAVAILABLE,,SIGNAL_UNAVAILABLE,20,PROVISIONAL_CURRENT_UNIVERSE,60,SIGNAL_UNAVAILABLE,,40,20.0,NORMAL,POPULARITY_SIGNAL_NOT_AVAILABLE,NONE_ACQUISITION_ORDER_ONLY
508,KBS:UPCOM:VGG,VGG,UPCOM,CURRENT_500,SIGNAL_UNAVAILABLE,SIGNAL_UNAVAILABLE,SIGNAL_UNAVAILABLE,,SIGNAL_UNAVAILABLE,20,PROVISIONAL_CURRENT_UNIVERSE,60,SIGNAL_UNAVAILABLE,,40,20.0,NORMAL,POPULARITY_SIGNAL_NOT_AVAILABLE,NONE_ACQUISITION_ORDER_ONLY
509,KBS:UPCOM:VGT,VGT,UPCOM,CURRENT_500,SIGNAL_UNAVAILABLE,SIGNAL_UNAVAILABLE,SIGNAL_UNAVAILABLE,,SIGNAL_UNAVAILABLE,20,PROVISIONAL_CURRENT_UNIVERSE,60,SIGNAL_UNAVAILABLE,,40,20.0,NORMAL,POPULARITY_SIGNAL_NOT_AVAILABLE,NONE_ACQUISITION_ORDER_ONLY
510,KBS:UPCOM:VHG,VHG,UPCOM,CURRENT_500,SIGNAL_UNAVAILABLE,SIGNAL_UNAVAILABLE,SIGNAL_UNAVAILABLE,,SIGNAL_UNAVAILABLE,20,PROVISIONAL_CURRENT_UNIVERSE,60,SIGNAL_UNAVAILABLE,,40,20.0,NORMAL,POPULARITY_SIGNAL_NOT_AVAILABLE,NONE_ACQUISITION_ORDER_ONLY
511,KBS:UPCOM:VIM,VIM,UPCOM,CURRENT_500,SIGNAL_UNAVAILABLE,SIGNAL_UNAVAILABLE,SIGNAL_UNAVAILABLE,,SIGNAL_UNAVAILABLE,20,PROVISIONAL_CURRENT_UNIVERSE,60,SIGNAL_UNAVAILABLE,,40,20.0,NORMAL,POPULARITY_SIGNAL_NOT_AVAILABLE,NONE_ACQUISITION_ORDER_ONLY
512,KBS:UPCOM:VIN,VIN,UPCOM,CURRENT_500,SIGNAL_UNAVAILABLE,SIGNAL_UNAVAILABLE,SIGNAL_UNAVAILABLE,,SIGNAL_UNAVAILABLE,20,PROVISIONAL_CURRENT_UNIVERSE,60,SIGNAL_UNAVAILABLE,,40,20.0,NORMAL,POPULARITY_SIGNAL_NOT_AVAILABLE,NONE_ACQUISITION_ORDER_ONLY
513,KBS:UPCOM:VIW,VIW,UPCOM,CURRENT_500,SIGNAL_UNAVAILABLE,SIGNAL_UNAVAILABLE,SIGNAL_UNAVAILABLE,,SIGNAL_UNAVAILABLE,20,PROVISIONAL_CURRENT_UNIVERSE,60,SIGNAL_UNAVAILABLE,,40,20.0,NORMAL,POPULARITY_SIGNAL_NOT_AVAILABLE,NONE_ACQUISITION_ORDER_ONLY
514,KBS:UPCOM:VKC,VKC,UPCOM,CURRENT_500,SIGNAL_UNAVAILABLE,SIGNAL_UNAVAILABLE,SIGNAL_UNAVAILABLE,,SIGNAL_UNAVAILABLE,20,PROVISIONAL_CURRENT_UNIVERSE,60,SIGNAL_UNAVAILABLE,,40,20.0,NORMAL,POPULARITY_SIGNAL_NOT_AVAILABLE,NONE_ACQUISITION_ORDER_ONLY
515,KBS:UPCOM:VLG,VLG,UPCOM,CURRENT_500,SIGNAL_UNAVAILABLE,SIGNAL_UNAVAILABLE,SIGNAL_UNAVAILABLE,,SIGNAL_UNAVAILABLE,20,PROVISIONAL_CURRENT_UNIVERSE,60,SIGNAL_UNAVAILABLE,,40,20.0,NORMAL,POPULARITY_SIGNAL_NOT_AVAILABLE,NONE_ACQUISITION_ORDER_ONLY
516,KBS:UPCOM:VLW,VLW,UPCOM,CURRENT_500,SIGNAL_UNAVAILABLE,SIGNAL_UNAVAILABLE,SIGNAL_UNAVAILABLE,,SIGNAL_UNAVAILABLE,20,PROVISIONAL_CURRENT_UNIVERSE,60,SIGNAL_UNAVAILABLE,,40,20.0,NORMAL,POPULARITY_SIGNAL_NOT_AVAILABLE,NONE_ACQUISITION_ORDER_ONLY
517,KBS:UPCOM:VNB,VNB,UPCOM,CURRENT_500,SIGNAL_UNAVAILABLE,SIGNAL_UNAVAILABLE,SIGNAL_UNAVAILABLE,,SIGNAL_UNAVAILABLE,20,PROVISIONAL_CURRENT_UNIVERSE,60,SIGNAL_UNAVAILABLE,,40,20.0,NORMAL,POPULARITY_SIGNAL_NOT_AVAILABLE,NONE_ACQUISITION_ORDER_ONLY
518,KBS:UPCOM:VNI,VNI,UPCOM,CURRENT_500,SIGNAL_UNAVAILABLE,SIGNAL_UNAVAILABLE,SIGNAL_UNAVAILABLE,,SIGNAL_UNAVAILABLE,20,PROVISIONAL_CURRENT_UNIVERSE,60,SIGNAL_UNAVAILABLE,,40,20.0,NORMAL,POPULARITY_SIGNAL_NOT_AVAILABLE,NONE_ACQUISITION_ORDER_ONLY
519,KBS:UPCOM:VPR,VPR,UPCOM,CURRENT_500,SIGNAL_UNAVAILABLE,SIGNAL_UNAVAILABLE,SIGNAL_UNAVAILABLE,,SIGNAL_UNAVAILABLE,20,PROVISIONAL_CURRENT_UNIVERSE,60,SIGNAL_UNAVAILABLE,,40,20.0,NORMAL,POPULARITY_SIGNAL_NOT_AVAILABLE,NONE_ACQUISITION_ORDER_ONLY
520,KBS:UPCOM:VSE,VSE,UPCOM,CURRENT_500,SIGNAL_UNAVAILABLE,SIGNAL_UNAVAILABLE,SIGNAL_UNAVAILABLE,,SIGNAL_UNAVAILABLE,20,PROVISIONAL_CURRENT_UNIVERSE,60,SIGNAL_UNAVAILABLE,,40,20.0,NORMAL,POPULARITY_SIGNAL_NOT_AVAILABLE,NONE_ACQUISITION_ORDER_ONLY
521,KBS:UPCOM:VST,VST,UPCOM,CURRENT_500,SIGNAL_UNAVAILABLE,SIGNAL_UNAVAILABLE,SIGNAL_UNAVAILABLE,,SIGNAL_UNAVAILABLE,20,PROVISIONAL_CURRENT_UNIVERSE,60,SIGNAL_UNAVAILABLE,,40,20.0,NORMAL,POPULARITY_SIGNAL_NOT_AVAILABLE,NONE_ACQUISITION_ORDER_ONLY
522,KBS:UPCOM:VTK,VTK,UPCOM,CURRENT_500,SIGNAL_UNAVAILABLE,SIGNAL_UNAVAILABLE,SIGNAL_UNAVAILABLE,,SIGNAL_UNAVAILABLE,20,PROVISIONAL_CURRENT_UNIVERSE,60,SIGNAL_UNAVAILABLE,,40,20.0,NORMAL,POPULARITY_SIGNAL_NOT_AVAILABLE,NONE_ACQUISITION_ORDER_ONLY
523,KBS:UPCOM:VW3,VW3,UPCOM,CURRENT_500,SIGNAL_UNAVAILABLE,SIGNAL_UNAVAILABLE,SIGNAL_UNAVAILABLE,,SIGNAL_UNAVAILABLE,20,PROVISIONAL_CURRENT_UNIVERSE,60,SIGNAL_UNAVAILABLE,,40,20.0,NORMAL,POPULARITY_SIGNAL_NOT_AVAILABLE,NONE_ACQUISITION_ORDER_ONLY
524,KBS:UPCOM:WSB,WSB,UPCOM,CURRENT_500,SIGNAL_UNAVAILABLE,SIGNAL_UNAVAILABLE,SIGNAL_UNAVAILABLE,,SIGNAL_UNAVAILABLE,20,PROVISIONAL_CURRENT_UNIVERSE,60,SIGNAL_UNAVAILABLE,,40,20.0,NORMAL,POPULARITY_SIGNAL_NOT_AVAILABLE,NONE_ACQUISITION_ORDER_ONLY
525,KBS:UPCOM:XMC,XMC,UPCOM,CURRENT_500,SIGNAL_UNAVAILABLE,SIGNAL_UNAVAILABLE,SIGNAL_UNAVAILABLE,,SIGNAL_UNAVAILABLE,20,PROVISIONAL_CURRENT_UNIVERSE,60,SIGNAL_UNAVAILABLE,,40,20.0,NORMAL,POPULARITY_SIGNAL_NOT_AVAILABLE,NONE_ACQUISITION_ORDER_ONLY
526,KBS:UPCOM:XMD,XMD,UPCOM,CURRENT_500,SIGNAL_UNAVAILABLE,SIGNAL_UNAVAILABLE,SIGNAL_UNAVAILABLE,,SIGNAL_UNAVAILABLE,20,PROVISIONAL_CURRENT_UNIVERSE,60,SIGNAL_UNAVAILABLE,,40,20.0,NORMAL,POPULARITY_SIGNAL_NOT_AVAILABLE,NONE_ACQUISITION_ORDER_ONLY
527,KBS:UPCOM:XMP,XMP,UPCOM,CURRENT_500,SIGNAL_UNAVAILABLE,SIGNAL_UNAVAILABLE,SIGNAL_UNAVAILABLE,,SIGNAL_UNAVAILABLE,20,PROVISIONAL_CURRENT_UNIVERSE,60,SIGNAL_UNAVAILABLE,,40,20.0,NORMAL,POPULARITY_SIGNAL_NOT_AVAILABLE,NONE_ACQUISITION_ORDER_ONLY
