priority_rank,security_id,ticker,exchange,company_name,instrument_type,selection_status,priority_tier,index_importance_signal,market_importance_signal,exchange_signal,history_signal,identity_signal,known_provider_evidence,duplicate_identity_status,selection_reason
1,KBS:HOSE:AAN,AAN,HOSE,CTCP Lương thực A An,stock,SELECTED_EXPANSION_600,HOSE,UNAVAILABLE,UNAVAILABLE,HOSE,UNAVAILABLE,CURRENT_LISTING_ONLY,KBS_CURRENT_LISTING,NO_KNOWN_MATCH,KBS current stock listing; exchange is deterministic pre-crawl priority signal
2,KBS:HOSE:AAT,AAT,HOSE,CTCP Tập Đoàn Tiên Sơn Thanh Hóa,stock,SELECTED_EXPANSION_600,HOSE,UNAVAILABLE,UNAVAILABLE,HOSE,UNAVAILABLE,CURRENT_LISTING_ONLY,KBS_CURRENT_LISTING,NO_KNOWN_MATCH,KBS current stock listing; exchange is deterministic pre-crawl priority signal
3,KBS:HOSE:ABR,ABR,HOSE,CTCP Đầu tư Nhãn hiệu Việt,stock,SELECTED_EXPANSION_600,HOSE,UNAVAILABLE,UNAVAILABLE,HOSE,UNAVAILABLE,CURRENT_LISTING_ONLY,KBS_CURRENT_LISTING,NO_KNOWN_MATCH,KBS current stock listing; exchange is deterministic pre-crawl priority signal
4,KBS:HOSE:ABS,ABS,HOSE,CTCP Dịch vụ Nông nghiệp Bình Thuận,stock,SELECTED_EXPANSION_600,HOSE,UNAVAILABLE,UNAVAILABLE,HOSE,UNAVAILABLE,CURRENT_LISTING_ONLY,KBS_CURRENT_LISTING,NO_KNOWN_MATCH,KBS current stock listing; exchange is deterministic pre-crawl priority signal
5,KBS:HOSE:ABT,ABT,HOSE,CTCP Xuất nhập khẩu Thủy sản Bến Tre,stock,SELECTED_EXPANSION_600,HOSE,UNAVAILABLE,UNAVAILABLE,HOSE,UNAVAILABLE,CURRENT_LISTING_ONLY,KBS_CURRENT_LISTING,NO_KNOWN_MATCH,KBS current stock listing; exchange is deterministic pre-crawl priority signal
6,KBS:HOSE:ACG,ACG,HOSE,CTCP Gỗ An Cường,stock,SELECTED_EXPANSION_600,HOSE,UNAVAILABLE,UNAVAILABLE,HOSE,UNAVAILABLE,CURRENT_LISTING_ONLY,KBS_CURRENT_LISTING,NO_KNOWN_MATCH,KBS current stock listing; exchange is deterministic pre-crawl priority signal
7,KBS:HOSE:ADG,ADG,HOSE,CTCP Clever Group,stock,SELECTED_EXPANSION_600,HOSE,UNAVAILABLE,UNAVAILABLE,HOSE,UNAVAILABLE,CURRENT_LISTING_ONLY,KBS_CURRENT_LISTING,NO_KNOWN_MATCH,KBS current stock listing; exchange is deterministic pre-crawl priority signal
8,KBS:HOSE:ADP,ADP,HOSE,CTCP Sơn Á Đông,stock,SELECTED_EXPANSION_600,HOSE,UNAVAILABLE,UNAVAILABLE,HOSE,UNAVAILABLE,CURRENT_LISTING_ONLY,KBS_CURRENT_LISTING,NO_KNOWN_MATCH,KBS current stock listing; exchange is deterministic pre-crawl priority signal
9,KBS:HOSE:AFX,AFX,HOSE,CTCP Xuất nhập khẩu Nông sản Thực phẩm An Giang,stock,SELECTED_EXPANSION_600,HOSE,UNAVAILABLE,UNAVAILABLE,HOSE,UNAVAILABLE,CURRENT_LISTING_ONLY,KBS_CURRENT_LISTING,NO_KNOWN_MATCH,KBS current stock listing; exchange is deterministic pre-crawl priority signal
10,KBS:HOSE:AGG,AGG,HOSE,CTCP Đầu tư và Phát triển Bất động sản An Gia,stock,SELECTED_EXPANSION_600,HOSE,UNAVAILABLE,UNAVAILABLE,HOSE,UNAVAILABLE,CURRENT_LISTING_ONLY,KBS_CURRENT_LISTING,NO_KNOWN_MATCH,KBS current stock listing; exchange is deterministic pre-crawl priority signal
11,KBS:HOSE:ANT,ANT,HOSE,CTCP Rau quả Thực phẩm An Giang,stock,SELECTED_EXPANSION_600,HOSE,UNAVAILABLE,UNAVAILABLE,HOSE,UNAVAILABLE,CURRENT_LISTING_ONLY,KBS_CURRENT_LISTING,NO_KNOWN_MATCH,KBS current stock listing; exchange is deterministic pre-crawl priority signal
12,KBS:HOSE:APG,APG,HOSE,CTCP Chứng khoán APG,stock,SELECTED_EXPANSION_600,HOSE,UNAVAILABLE,UNAVAILABLE,HOSE,UNAVAILABLE,CURRENT_LISTING_ONLY,KBS_CURRENT_LISTING,NO_KNOWN_MATCH,KBS current stock listing; exchange is deterministic pre-crawl priority signal
13,KBS:HOSE:APH,APH,HOSE,CTCP Tập đoàn An Phát Holdings,stock,SELECTED_EXPANSION_600,HOSE,UNAVAILABLE,UNAVAILABLE,HOSE,UNAVAILABLE,CURRENT_LISTING_ONLY,KBS_CURRENT_LISTING,NO_KNOWN_MATCH,KBS current stock listing; exchange is deterministic pre-crawl priority signal
14,KBS:HOSE:ASG,ASG,HOSE,CTCP Tập đoàn ASG,stock,SELECTED_EXPANSION_600,HOSE,UNAVAILABLE,UNAVAILABLE,HOSE,UNAVAILABLE,CURRENT_LISTING_ONLY,KBS_CURRENT_LISTING,NO_KNOWN_MATCH,KBS current stock listing; exchange is deterministic pre-crawl priority signal
15,KBS:HOSE:ASM,ASM,HOSE,CTCP Tập đoàn Sao Mai,stock,SELECTED_EXPANSION_600,HOSE,UNAVAILABLE,UNAVAILABLE,HOSE,UNAVAILABLE,CURRENT_LISTING_ONLY,KBS_CURRENT_LISTING,NO_KNOWN_MATCH,KBS current stock listing; exchange is deterministic pre-crawl priority signal
16,KBS:HOSE:ASP,ASP,HOSE,CTCP Tập đoàn Dầu khí An Pha,stock,SELECTED_EXPANSION_600,HOSE,UNAVAILABLE,UNAVAILABLE,HOSE,UNAVAILABLE,CURRENT_LISTING_ONLY,KBS_CURRENT_LISTING,NO_KNOWN_MATCH,KBS current stock listing; exchange is deterministic pre-crawl priority signal
17,KBS:HOSE:BAF,BAF,HOSE,CTCP Nông nghiệp BAF Việt Nam,stock,SELECTED_EXPANSION_600,HOSE,UNAVAILABLE,UNAVAILABLE,HOSE,UNAVAILABLE,CURRENT_LISTING_ONLY,KBS_CURRENT_LISTING,NO_KNOWN_MATCH,KBS current stock listing; exchange is deterministic pre-crawl priority signal
18,KBS:HOSE:BHN,BHN,HOSE,Tổng Công ty cổ phần Bia - Rượu - Nước giải khát Hà Nội,stock,SELECTED_EXPANSION_600,HOSE,UNAVAILABLE,UNAVAILABLE,HOSE,UNAVAILABLE,CURRENT_LISTING_ONLY,KBS_CURRENT_LISTING,NO_KNOWN_MATCH,KBS current stock listing; exchange is deterministic pre-crawl priority signal
19,KBS:HOSE:BIC,BIC,HOSE,Tổng Công ty cổ phần Bảo hiểm Ngân hàng Đầu tư và Phát triển Việt Nam,stock,SELECTED_EXPANSION_600,HOSE,UNAVAILABLE,UNAVAILABLE,HOSE,UNAVAILABLE,CURRENT_LISTING_ONLY,KBS_CURRENT_LISTING,NO_KNOWN_MATCH,KBS current stock listing; exchange is deterministic pre-crawl priority signal
20,KBS:HOSE:BMC,BMC,HOSE,CTCP Khoáng sản Bình Định,stock,SELECTED_EXPANSION_600,HOSE,UNAVAILABLE,UNAVAILABLE,HOSE,UNAVAILABLE,CURRENT_LISTING_ONLY,KBS_CURRENT_LISTING,NO_KNOWN_MATCH,KBS current stock listing; exchange is deterministic pre-crawl priority signal
21,KBS:HOSE:BMI,BMI,HOSE,Tổng Công ty cổ phần Bảo Minh,stock,SELECTED_EXPANSION_600,HOSE,UNAVAILABLE,UNAVAILABLE,HOSE,UNAVAILABLE,CURRENT_LISTING_ONLY,KBS_CURRENT_LISTING,NO_KNOWN_MATCH,KBS current stock listing; exchange is deterministic pre-crawl priority signal
22,KBS:HOSE:BRC,BRC,HOSE,CTCP Cao su Bến Thành,stock,SELECTED_EXPANSION_600,HOSE,UNAVAILABLE,UNAVAILABLE,HOSE,UNAVAILABLE,CURRENT_LISTING_ONLY,KBS_CURRENT_LISTING,NO_KNOWN_MATCH,KBS current stock listing; exchange is deterministic pre-crawl priority signal
23,KBS:HOSE:BSI,BSI,HOSE,CTCP Chứng khoán BIDV,stock,SELECTED_EXPANSION_600,HOSE,UNAVAILABLE,UNAVAILABLE,HOSE,UNAVAILABLE,CURRENT_LISTING_ONLY,KBS_CURRENT_LISTING,NO_KNOWN_MATCH,KBS current stock listing; exchange is deterministic pre-crawl priority signal
24,KBS:HOSE:BSR,BSR,HOSE,CTCP - Tổng Công ty Lọc hóa dầu Việt Nam,stock,SELECTED_EXPANSION_600,HOSE,UNAVAILABLE,UNAVAILABLE,HOSE,UNAVAILABLE,CURRENT_LISTING_ONLY,KBS_CURRENT_LISTING,NO_KNOWN_MATCH,KBS current stock listing; exchange is deterministic pre-crawl priority signal
25,KBS:HOSE:BTP,BTP,HOSE,CTCP Nhiệt điện Bà Rịa,stock,SELECTED_EXPANSION_600,HOSE,UNAVAILABLE,UNAVAILABLE,HOSE,UNAVAILABLE,CURRENT_LISTING_ONLY,KBS_CURRENT_LISTING,NO_KNOWN_MATCH,KBS current stock listing; exchange is deterministic pre-crawl priority signal
26,KBS:HOSE:BTT,BTT,HOSE,CTCP Thương mại Dịch vụ Bến Thành,stock,SELECTED_EXPANSION_600,HOSE,UNAVAILABLE,UNAVAILABLE,HOSE,UNAVAILABLE,CURRENT_LISTING_ONLY,KBS_CURRENT_LISTING,NO_KNOWN_MATCH,KBS current stock listing; exchange is deterministic pre-crawl priority signal
27,KBS:HOSE:BVB,BVB,HOSE,Ngân hàng TMCP Bản Việt,stock,SELECTED_EXPANSION_600,HOSE,UNAVAILABLE,UNAVAILABLE,HOSE,UNAVAILABLE,CURRENT_LISTING_ONLY,KBS_CURRENT_LISTING,NO_KNOWN_MATCH,KBS current stock listing; exchange is deterministic pre-crawl priority signal
28,KBS:HOSE:BWE,BWE,HOSE,CTCP - Tổng công ty nước - môi trường Bình Dương,stock,SELECTED_EXPANSION_600,HOSE,UNAVAILABLE,UNAVAILABLE,HOSE,UNAVAILABLE,CURRENT_LISTING_ONLY,KBS_CURRENT_LISTING,NO_KNOWN_MATCH,KBS current stock listing; exchange is deterministic pre-crawl priority signal
29,KBS:HOSE:C32,C32,HOSE,CTCP Đầu tư và Xây dựng 3-2,stock,SELECTED_EXPANSION_600,HOSE,UNAVAILABLE,UNAVAILABLE,HOSE,UNAVAILABLE,CURRENT_LISTING_ONLY,KBS_CURRENT_LISTING,NO_KNOWN_MATCH,KBS current stock listing; exchange is deterministic pre-crawl priority signal
30,KBS:HOSE:C47,C47,HOSE,CTCP Xây dựng 47,stock,SELECTED_EXPANSION_600,HOSE,UNAVAILABLE,UNAVAILABLE,HOSE,UNAVAILABLE,CURRENT_LISTING_ONLY,KBS_CURRENT_LISTING,NO_KNOWN_MATCH,KBS current stock listing; exchange is deterministic pre-crawl priority signal
31,KBS:HOSE:CCC,CCC,HOSE,CTCP Xây dựng CDC,stock,SELECTED_EXPANSION_600,HOSE,UNAVAILABLE,UNAVAILABLE,HOSE,UNAVAILABLE,CURRENT_LISTING_ONLY,KBS_CURRENT_LISTING,NO_KNOWN_MATCH,KBS current stock listing; exchange is deterministic pre-crawl priority signal
32,KBS:HOSE:CCI,CCI,HOSE,CTCP Đầu tư Phát triển Công nghiệp Thương mại Củ Chi,stock,SELECTED_EXPANSION_600,HOSE,UNAVAILABLE,UNAVAILABLE,HOSE,UNAVAILABLE,CURRENT_LISTING_ONLY,KBS_CURRENT_LISTING,NO_KNOWN_MATCH,KBS current stock listing; exchange is deterministic pre-crawl priority signal
33,KBS:HOSE:CDC,CDC,HOSE,CTCP Chương Dương,stock,SELECTED_EXPANSION_600,HOSE,UNAVAILABLE,UNAVAILABLE,HOSE,UNAVAILABLE,CURRENT_LISTING_ONLY,KBS_CURRENT_LISTING,NO_KNOWN_MATCH,KBS current stock listing; exchange is deterministic pre-crawl priority signal
34,KBS:HOSE:CIG,CIG,HOSE,CTCP COMA 18,stock,SELECTED_EXPANSION_600,HOSE,UNAVAILABLE,UNAVAILABLE,HOSE,UNAVAILABLE,CURRENT_LISTING_ONLY,KBS_CURRENT_LISTING,NO_KNOWN_MATCH,KBS current stock listing; exchange is deterministic pre-crawl priority signal
35,KBS:HOSE:CLL,CLL,HOSE,CTCP Cảng Cát Lái,stock,SELECTED_EXPANSION_600,HOSE,UNAVAILABLE,UNAVAILABLE,HOSE,UNAVAILABLE,CURRENT_LISTING_ONLY,KBS_CURRENT_LISTING,NO_KNOWN_MATCH,KBS current stock listing; exchange is deterministic pre-crawl priority signal
36,KBS:HOSE:CMV,CMV,HOSE,CTCP Thương nghiệp Cà Mau,stock,SELECTED_EXPANSION_600,HOSE,UNAVAILABLE,UNAVAILABLE,HOSE,UNAVAILABLE,CURRENT_LISTING_ONLY,KBS_CURRENT_LISTING,NO_KNOWN_MATCH,KBS current stock listing; exchange is deterministic pre-crawl priority signal
37,KBS:HOSE:CNG,CNG,HOSE,CTCP CNG Việt Nam,stock,SELECTED_EXPANSION_600,HOSE,UNAVAILABLE,UNAVAILABLE,HOSE,UNAVAILABLE,CURRENT_LISTING_ONLY,KBS_CURRENT_LISTING,NO_KNOWN_MATCH,KBS current stock listing; exchange is deterministic pre-crawl priority signal
38,KBS:HOSE:COM,COM,HOSE,CTCP Vật tư - Xăng Dầu,stock,SELECTED_EXPANSION_600,HOSE,UNAVAILABLE,UNAVAILABLE,HOSE,UNAVAILABLE,CURRENT_LISTING_ONLY,KBS_CURRENT_LISTING,NO_KNOWN_MATCH,KBS current stock listing; exchange is deterministic pre-crawl priority signal
39,KBS:HOSE:CRC,CRC,HOSE,CTCP Create Capital Việt Nam,stock,SELECTED_EXPANSION_600,HOSE,UNAVAILABLE,UNAVAILABLE,HOSE,UNAVAILABLE,CURRENT_LISTING_ONLY,KBS_CURRENT_LISTING,NO_KNOWN_MATCH,KBS current stock listing; exchange is deterministic pre-crawl priority signal
40,KBS:HOSE:CRV,CRV,HOSE,CTCP Tập đoàn Bất động sản CRV,stock,SELECTED_EXPANSION_600,HOSE,UNAVAILABLE,UNAVAILABLE,HOSE,UNAVAILABLE,CURRENT_LISTING_ONLY,KBS_CURRENT_LISTING,NO_KNOWN_MATCH,KBS current stock listing; exchange is deterministic pre-crawl priority signal
41,KBS:HOSE:CSM,CSM,HOSE,CTCP Công nghiệp Cao su Miền Nam,stock,SELECTED_EXPANSION_600,HOSE,UNAVAILABLE,UNAVAILABLE,HOSE,UNAVAILABLE,CURRENT_LISTING_ONLY,KBS_CURRENT_LISTING,NO_KNOWN_MATCH,KBS current stock listing; exchange is deterministic pre-crawl priority signal
42,KBS:HOSE:CSV,CSV,HOSE,CTCP Hóa chất Cơ bản Miền Nam,stock,SELECTED_EXPANSION_600,HOSE,UNAVAILABLE,UNAVAILABLE,HOSE,UNAVAILABLE,CURRENT_LISTING_ONLY,KBS_CURRENT_LISTING,NO_KNOWN_MATCH,KBS current stock listing; exchange is deterministic pre-crawl priority signal
43,KBS:HOSE:CTF,CTF,HOSE,CTCP City Auto,stock,SELECTED_EXPANSION_600,HOSE,UNAVAILABLE,UNAVAILABLE,HOSE,UNAVAILABLE,CURRENT_LISTING_ONLY,KBS_CURRENT_LISTING,NO_KNOWN_MATCH,KBS current stock listing; exchange is deterministic pre-crawl priority signal
44,KBS:HOSE:CTI,CTI,HOSE,CTCP Đầu tư Phát triển Cường Thuận IDICO,stock,SELECTED_EXPANSION_600,HOSE,UNAVAILABLE,UNAVAILABLE,HOSE,UNAVAILABLE,CURRENT_LISTING_ONLY,KBS_CURRENT_LISTING,NO_KNOWN_MATCH,KBS current stock listing; exchange is deterministic pre-crawl priority signal
45,KBS:HOSE:CVT,CVT,HOSE,CTCP CMC,stock,SELECTED_EXPANSION_600,HOSE,UNAVAILABLE,UNAVAILABLE,HOSE,UNAVAILABLE,CURRENT_LISTING_ONLY,KBS_CURRENT_LISTING,NO_KNOWN_MATCH,KBS current stock listing; exchange is deterministic pre-crawl priority signal
46,KBS:HOSE:D2D,D2D,HOSE,CTCP Phát triển Đô thị Công nghiệp số 2,stock,SELECTED_EXPANSION_600,HOSE,UNAVAILABLE,UNAVAILABLE,HOSE,UNAVAILABLE,CURRENT_LISTING_ONLY,KBS_CURRENT_LISTING,NO_KNOWN_MATCH,KBS current stock listing; exchange is deterministic pre-crawl priority signal
47,KBS:HOSE:DAT,DAT,HOSE,CTCP Đầu tư du lịch và Phát triển Thủy sản,stock,SELECTED_EXPANSION_600,HOSE,UNAVAILABLE,UNAVAILABLE,HOSE,UNAVAILABLE,CURRENT_LISTING_ONLY,KBS_CURRENT_LISTING,NO_KNOWN_MATCH,KBS current stock listing; exchange is deterministic pre-crawl priority signal
48,KBS:HOSE:DBD,DBD,HOSE,CTCP Dược - Trang thiết bị Y tế Bình Định (Bidiphar),stock,SELECTED_EXPANSION_600,HOSE,UNAVAILABLE,UNAVAILABLE,HOSE,UNAVAILABLE,CURRENT_LISTING_ONLY,KBS_CURRENT_LISTING,NO_KNOWN_MATCH,KBS current stock listing; exchange is deterministic pre-crawl priority signal
49,KBS:HOSE:DBT,DBT,HOSE,CTCP Dược phẩm Bến Tre,stock,SELECTED_EXPANSION_600,HOSE,UNAVAILABLE,UNAVAILABLE,HOSE,UNAVAILABLE,CURRENT_LISTING_ONLY,KBS_CURRENT_LISTING,NO_KNOWN_MATCH,KBS current stock listing; exchange is deterministic pre-crawl priority signal
50,KBS:HOSE:DHA,DHA,HOSE,CTCP Hóa An,stock,SELECTED_EXPANSION_600,HOSE,UNAVAILABLE,UNAVAILABLE,HOSE,UNAVAILABLE,CURRENT_LISTING_ONLY,KBS_CURRENT_LISTING,NO_KNOWN_MATCH,KBS current stock listing; exchange is deterministic pre-crawl priority signal
51,KBS:HOSE:DHC,DHC,HOSE,CTCP Đông Hải Bến Tre,stock,SELECTED_EXPANSION_600,HOSE,UNAVAILABLE,UNAVAILABLE,HOSE,UNAVAILABLE,CURRENT_LISTING_ONLY,KBS_CURRENT_LISTING,NO_KNOWN_MATCH,KBS current stock listing; exchange is deterministic pre-crawl priority signal
52,KBS:HOSE:DHM,DHM,HOSE,CTCP Đầu tư và Thương mại DHM,stock,SELECTED_EXPANSION_600,HOSE,UNAVAILABLE,UNAVAILABLE,HOSE,UNAVAILABLE,CURRENT_LISTING_ONLY,KBS_CURRENT_LISTING,NO_KNOWN_MATCH,KBS current stock listing; exchange is deterministic pre-crawl priority signal
53,KBS:HOSE:DIG,DIG,HOSE,Tổng Công ty cổ phần Đầu tư Phát triển Xây dựng,stock,SELECTED_EXPANSION_600,HOSE,UNAVAILABLE,UNAVAILABLE,HOSE,UNAVAILABLE,CURRENT_LISTING_ONLY,KBS_CURRENT_LISTING,NO_KNOWN_MATCH,KBS current stock listing; exchange is deterministic pre-crawl priority signal
54,KBS:HOSE:DLG,DLG,HOSE,CTCP Tập đoàn Đức Long Gia Lai,stock,SELECTED_EXPANSION_600,HOSE,UNAVAILABLE,UNAVAILABLE,HOSE,UNAVAILABLE,CURRENT_LISTING_ONLY,KBS_CURRENT_LISTING,NO_KNOWN_MATCH,KBS current stock listing; exchange is deterministic pre-crawl priority signal
55,KBS:HOSE:DMX,DMX,HOSE,CTCP Đầu tư Điện máy Xanh,stock,SELECTED_EXPANSION_600,HOSE,UNAVAILABLE,UNAVAILABLE,HOSE,UNAVAILABLE,CURRENT_LISTING_ONLY,KBS_CURRENT_LISTING,NO_KNOWN_MATCH,KBS current stock listing; exchange is deterministic pre-crawl priority signal
56,KBS:HOSE:DPG,DPG,HOSE,CTCP Tập đoàn Đạt Phương,stock,SELECTED_EXPANSION_600,HOSE,UNAVAILABLE,UNAVAILABLE,HOSE,UNAVAILABLE,CURRENT_LISTING_ONLY,KBS_CURRENT_LISTING,NO_KNOWN_MATCH,KBS current stock listing; exchange is deterministic pre-crawl priority signal
57,KBS:HOSE:DPR,DPR,HOSE,CTCP Cao su Đồng Phú,stock,SELECTED_EXPANSION_600,HOSE,UNAVAILABLE,UNAVAILABLE,HOSE,UNAVAILABLE,CURRENT_LISTING_ONLY,KBS_CURRENT_LISTING,NO_KNOWN_MATCH,KBS current stock listing; exchange is deterministic pre-crawl priority signal
58,KBS:HOSE:DQC,DQC,HOSE,CTCP Tập đoàn Điện Quang,stock,SELECTED_EXPANSION_600,HOSE,UNAVAILABLE,UNAVAILABLE,HOSE,UNAVAILABLE,CURRENT_LISTING_ONLY,KBS_CURRENT_LISTING,NO_KNOWN_MATCH,KBS current stock listing; exchange is deterministic pre-crawl priority signal
59,KBS:HOSE:DRC,DRC,HOSE,CTCP Cao su Đà Nẵng,stock,SELECTED_EXPANSION_600,HOSE,UNAVAILABLE,UNAVAILABLE,HOSE,UNAVAILABLE,CURRENT_LISTING_ONLY,KBS_CURRENT_LISTING,NO_KNOWN_MATCH,KBS current stock listing; exchange is deterministic pre-crawl priority signal
60,KBS:HOSE:DRH,DRH,HOSE,CTCP DRH Holdings,stock,SELECTED_EXPANSION_600,HOSE,UNAVAILABLE,UNAVAILABLE,HOSE,UNAVAILABLE,CURRENT_LISTING_ONLY,KBS_CURRENT_LISTING,NO_KNOWN_MATCH,KBS current stock listing; exchange is deterministic pre-crawl priority signal
61,KBS:HOSE:DRL,DRL,HOSE,CTCP Thủy điện - Điện Lực 3,stock,SELECTED_EXPANSION_600,HOSE,UNAVAILABLE,UNAVAILABLE,HOSE,UNAVAILABLE,CURRENT_LISTING_ONLY,KBS_CURRENT_LISTING,NO_KNOWN_MATCH,KBS current stock listing; exchange is deterministic pre-crawl priority signal
62,KBS:HOSE:DSC,DSC,HOSE,CTCP Chứng khoán DSC,stock,SELECTED_EXPANSION_600,HOSE,UNAVAILABLE,UNAVAILABLE,HOSE,UNAVAILABLE,CURRENT_LISTING_ONLY,KBS_CURRENT_LISTING,NO_KNOWN_MATCH,KBS current stock listing; exchange is deterministic pre-crawl priority signal
63,KBS:HOSE:DSE,DSE,HOSE,CTCP Chứng khoán DNSE,stock,SELECTED_EXPANSION_600,HOSE,UNAVAILABLE,UNAVAILABLE,HOSE,UNAVAILABLE,CURRENT_LISTING_ONLY,KBS_CURRENT_LISTING,NO_KNOWN_MATCH,KBS current stock listing; exchange is deterministic pre-crawl priority signal
64,KBS:HOSE:DSN,DSN,HOSE,CTCP Công viên nước Đầm Sen,stock,SELECTED_EXPANSION_600,HOSE,UNAVAILABLE,UNAVAILABLE,HOSE,UNAVAILABLE,CURRENT_LISTING_ONLY,KBS_CURRENT_LISTING,NO_KNOWN_MATCH,KBS current stock listing; exchange is deterministic pre-crawl priority signal
65,KBS:HOSE:DTL,DTL,HOSE,CTCP Đại Thiên Lộc,stock,SELECTED_EXPANSION_600,HOSE,UNAVAILABLE,UNAVAILABLE,HOSE,UNAVAILABLE,CURRENT_LISTING_ONLY,KBS_CURRENT_LISTING,NO_KNOWN_MATCH,KBS current stock listing; exchange is deterministic pre-crawl priority signal
66,KBS:HOSE:DXG,DXG,HOSE,CTCP Bluemarq Group,stock,SELECTED_EXPANSION_600,HOSE,UNAVAILABLE,UNAVAILABLE,HOSE,UNAVAILABLE,CURRENT_LISTING_ONLY,KBS_CURRENT_LISTING,NO_KNOWN_MATCH,KBS current stock listing; exchange is deterministic pre-crawl priority signal
67,KBS:HOSE:DXS,DXS,HOSE,CTCP Dịch vụ Bất động sản Đất Xanh,stock,SELECTED_EXPANSION_600,HOSE,UNAVAILABLE,UNAVAILABLE,HOSE,UNAVAILABLE,CURRENT_LISTING_ONLY,KBS_CURRENT_LISTING,NO_KNOWN_MATCH,KBS current stock listing; exchange is deterministic pre-crawl priority signal
68,KBS:HOSE:DXV,DXV,HOSE,CTCP VICEM Vật liệu Xây dựng Đà Nẵng,stock,SELECTED_EXPANSION_600,HOSE,UNAVAILABLE,UNAVAILABLE,HOSE,UNAVAILABLE,CURRENT_LISTING_ONLY,KBS_CURRENT_LISTING,NO_KNOWN_MATCH,KBS current stock listing; exchange is deterministic pre-crawl priority signal
69,KBS:HOSE:EIB,EIB,HOSE,Ngân hàng TMCP Xuất nhập khẩu Việt Nam,stock,SELECTED_EXPANSION_600,HOSE,UNAVAILABLE,UNAVAILABLE,HOSE,UNAVAILABLE,CURRENT_LISTING_ONLY,KBS_CURRENT_LISTING,NO_KNOWN_MATCH,KBS current stock listing; exchange is deterministic pre-crawl priority signal
70,KBS:HOSE:EVG,EVG,HOSE,CTCP Tập đoàn EverLand,stock,SELECTED_EXPANSION_600,HOSE,UNAVAILABLE,UNAVAILABLE,HOSE,UNAVAILABLE,CURRENT_LISTING_ONLY,KBS_CURRENT_LISTING,NO_KNOWN_MATCH,KBS current stock listing; exchange is deterministic pre-crawl priority signal
71,KBS:HOSE:FCM,FCM,HOSE,CTCP Bê tông Phan Vũ Hà Nam,stock,SELECTED_EXPANSION_600,HOSE,UNAVAILABLE,UNAVAILABLE,HOSE,UNAVAILABLE,CURRENT_LISTING_ONLY,KBS_CURRENT_LISTING,NO_KNOWN_MATCH,KBS current stock listing; exchange is deterministic pre-crawl priority signal
72,KBS:HOSE:FCN,FCN,HOSE,CTCP Tập đoàn FECON,stock,SELECTED_EXPANSION_600,HOSE,UNAVAILABLE,UNAVAILABLE,HOSE,UNAVAILABLE,CURRENT_LISTING_ONLY,KBS_CURRENT_LISTING,NO_KNOWN_MATCH,KBS current stock listing; exchange is deterministic pre-crawl priority signal
73,KBS:HOSE:FTS,FTS,HOSE,CTCP Chứng khoán FPT,stock,SELECTED_EXPANSION_600,HOSE,UNAVAILABLE,UNAVAILABLE,HOSE,UNAVAILABLE,CURRENT_LISTING_ONLY,KBS_CURRENT_LISTING,NO_KNOWN_MATCH,KBS current stock listing; exchange is deterministic pre-crawl priority signal
74,KBS:HOSE:GEE,GEE,HOSE,CTCP Điện lực Gelex,stock,SELECTED_EXPANSION_600,HOSE,UNAVAILABLE,UNAVAILABLE,HOSE,UNAVAILABLE,CURRENT_LISTING_ONLY,KBS_CURRENT_LISTING,NO_KNOWN_MATCH,KBS current stock listing; exchange is deterministic pre-crawl priority signal
75,KBS:HOSE:GEL,GEL,HOSE,CTCP Hạ tầng GELEX,stock,SELECTED_EXPANSION_600,HOSE,UNAVAILABLE,UNAVAILABLE,HOSE,UNAVAILABLE,CURRENT_LISTING_ONLY,KBS_CURRENT_LISTING,NO_KNOWN_MATCH,KBS current stock listing; exchange is deterministic pre-crawl priority signal
76,KBS:HOSE:GIL,GIL,HOSE,CTCP Sản xuất Kinh doanh và Xuất nhập khẩu Bình Thạnh,stock,SELECTED_EXPANSION_600,HOSE,UNAVAILABLE,UNAVAILABLE,HOSE,UNAVAILABLE,CURRENT_LISTING_ONLY,KBS_CURRENT_LISTING,NO_KNOWN_MATCH,KBS current stock listing; exchange is deterministic pre-crawl priority signal
77,KBS:HOSE:GSP,GSP,HOSE,CTCP Vận tải Sản Phẩm Khí Quốc tế,stock,SELECTED_EXPANSION_600,HOSE,UNAVAILABLE,UNAVAILABLE,HOSE,UNAVAILABLE,CURRENT_LISTING_ONLY,KBS_CURRENT_LISTING,NO_KNOWN_MATCH,KBS current stock listing; exchange is deterministic pre-crawl priority signal
78,KBS:HOSE:HAG,HAG,HOSE,CTCP Hoàng Anh Gia Lai,stock,SELECTED_EXPANSION_600,HOSE,UNAVAILABLE,UNAVAILABLE,HOSE,UNAVAILABLE,CURRENT_LISTING_ONLY,KBS_CURRENT_LISTING,NO_KNOWN_MATCH,KBS current stock listing; exchange is deterministic pre-crawl priority signal
79,KBS:HOSE:HAP,HAP,HOSE,CTCP Tập đoàn Hapaco,stock,SELECTED_EXPANSION_600,HOSE,UNAVAILABLE,UNAVAILABLE,HOSE,UNAVAILABLE,CURRENT_LISTING_ONLY,KBS_CURRENT_LISTING,NO_KNOWN_MATCH,KBS current stock listing; exchange is deterministic pre-crawl priority signal
80,KBS:HOSE:HCD,HCD,HOSE,CTCP Đầu tư Sản xuất và Thương mại HCD,stock,SELECTED_EXPANSION_600,HOSE,UNAVAILABLE,UNAVAILABLE,HOSE,UNAVAILABLE,CURRENT_LISTING_ONLY,KBS_CURRENT_LISTING,NO_KNOWN_MATCH,KBS current stock listing; exchange is deterministic pre-crawl priority signal
81,KBS:HOSE:HDG,HDG,HOSE,CTCP Tập đoàn Hà Đô,stock,SELECTED_EXPANSION_600,HOSE,UNAVAILABLE,UNAVAILABLE,HOSE,UNAVAILABLE,CURRENT_LISTING_ONLY,KBS_CURRENT_LISTING,NO_KNOWN_MATCH,KBS current stock listing; exchange is deterministic pre-crawl priority signal
82,KBS:HOSE:HHS,HHS,HOSE,CTCP Đầu tư Dịch vụ Hoàng Huy,stock,SELECTED_EXPANSION_600,HOSE,UNAVAILABLE,UNAVAILABLE,HOSE,UNAVAILABLE,CURRENT_LISTING_ONLY,KBS_CURRENT_LISTING,NO_KNOWN_MATCH,KBS current stock listing; exchange is deterministic pre-crawl priority signal
83,KBS:HOSE:HII,HII,HOSE,CTCP An Tiến Industries,stock,SELECTED_EXPANSION_600,HOSE,UNAVAILABLE,UNAVAILABLE,HOSE,UNAVAILABLE,CURRENT_LISTING_ONLY,KBS_CURRENT_LISTING,NO_KNOWN_MATCH,KBS current stock listing; exchange is deterministic pre-crawl priority signal
84,KBS:HOSE:HMC,HMC,HOSE,CTCP Kim khí Thành phố Hồ Chí Minh - VNSTEEL,stock,SELECTED_EXPANSION_600,HOSE,UNAVAILABLE,UNAVAILABLE,HOSE,UNAVAILABLE,CURRENT_LISTING_ONLY,KBS_CURRENT_LISTING,NO_KNOWN_MATCH,KBS current stock listing; exchange is deterministic pre-crawl priority signal
85,KBS:HOSE:HNA,HNA,HOSE,CTCP Thủy điện Hủa Na,stock,SELECTED_EXPANSION_600,HOSE,UNAVAILABLE,UNAVAILABLE,HOSE,UNAVAILABLE,CURRENT_LISTING_ONLY,KBS_CURRENT_LISTING,NO_KNOWN_MATCH,KBS current stock listing; exchange is deterministic pre-crawl priority signal
86,KBS:HOSE:HPA,HPA,HOSE,CTCP Phát triển Nông nghiệp Hòa Phát,stock,SELECTED_EXPANSION_600,HOSE,UNAVAILABLE,UNAVAILABLE,HOSE,UNAVAILABLE,CURRENT_LISTING_ONLY,KBS_CURRENT_LISTING,NO_KNOWN_MATCH,KBS current stock listing; exchange is deterministic pre-crawl priority signal
87,KBS:HOSE:HPX,HPX,HOSE,CTCP Đầu tư Hải Phát,stock,SELECTED_EXPANSION_600,HOSE,UNAVAILABLE,UNAVAILABLE,HOSE,UNAVAILABLE,CURRENT_LISTING_ONLY,KBS_CURRENT_LISTING,NO_KNOWN_MATCH,KBS current stock listing; exchange is deterministic pre-crawl priority signal
88,KBS:HOSE:HSG,HSG,HOSE,CTCP Tập đoàn Hoa Sen,stock,SELECTED_EXPANSION_600,HOSE,UNAVAILABLE,UNAVAILABLE,HOSE,UNAVAILABLE,CURRENT_LISTING_ONLY,KBS_CURRENT_LISTING,NO_KNOWN_MATCH,KBS current stock listing; exchange is deterministic pre-crawl priority signal
89,KBS:HOSE:HSL,HSL,HOSE,CTCP Đầu tư Phát triển Thực phẩm Hồng Hà,stock,SELECTED_EXPANSION_600,HOSE,UNAVAILABLE,UNAVAILABLE,HOSE,UNAVAILABLE,CURRENT_LISTING_ONLY,KBS_CURRENT_LISTING,NO_KNOWN_MATCH,KBS current stock listing; exchange is deterministic pre-crawl priority signal
90,KBS:HOSE:HT1,HT1,HOSE,CTCP Xi Măng Vicem Hà Tiên,stock,SELECTED_EXPANSION_600,HOSE,UNAVAILABLE,UNAVAILABLE,HOSE,UNAVAILABLE,CURRENT_LISTING_ONLY,KBS_CURRENT_LISTING,NO_KNOWN_MATCH,KBS current stock listing; exchange is deterministic pre-crawl priority signal
91,KBS:HOSE:HTI,HTI,HOSE,CTCP Đầu tư Phát triển Hạ tầng IDICO,stock,SELECTED_EXPANSION_600,HOSE,UNAVAILABLE,UNAVAILABLE,HOSE,UNAVAILABLE,CURRENT_LISTING_ONLY,KBS_CURRENT_LISTING,NO_KNOWN_MATCH,KBS current stock listing; exchange is deterministic pre-crawl priority signal
92,KBS:HOSE:HTL,HTL,HOSE,CTCP Kỹ thuật và Ô tô Trường Long,stock,SELECTED_EXPANSION_600,HOSE,UNAVAILABLE,UNAVAILABLE,HOSE,UNAVAILABLE,CURRENT_LISTING_ONLY,KBS_CURRENT_LISTING,NO_KNOWN_MATCH,KBS current stock listing; exchange is deterministic pre-crawl priority signal
93,KBS:HOSE:HVH,HVH,HOSE,CTCP Đầu tư và Công nghệ HVC,stock,SELECTED_EXPANSION_600,HOSE,UNAVAILABLE,UNAVAILABLE,HOSE,UNAVAILABLE,CURRENT_LISTING_ONLY,KBS_CURRENT_LISTING,NO_KNOWN_MATCH,KBS current stock listing; exchange is deterministic pre-crawl priority signal
94,KBS:HOSE:HVN,HVN,HOSE,Tổng Công ty Hàng không Việt Nam - CTCP,stock,SELECTED_EXPANSION_600,HOSE,UNAVAILABLE,UNAVAILABLE,HOSE,UNAVAILABLE,CURRENT_LISTING_ONLY,KBS_CURRENT_LISTING,NO_KNOWN_MATCH,KBS current stock listing; exchange is deterministic pre-crawl priority signal
95,KBS:HOSE:ICT,ICT,HOSE,CTCP Viễn thông - Tin học Bưu điện,stock,SELECTED_EXPANSION_600,HOSE,UNAVAILABLE,UNAVAILABLE,HOSE,UNAVAILABLE,CURRENT_LISTING_ONLY,KBS_CURRENT_LISTING,NO_KNOWN_MATCH,KBS current stock listing; exchange is deterministic pre-crawl priority signal
96,KBS:HOSE:IDI,IDI,HOSE,CTCP Đầu tư và Phát triển Đa Quốc Gia - IDI,stock,SELECTED_EXPANSION_600,HOSE,UNAVAILABLE,UNAVAILABLE,HOSE,UNAVAILABLE,CURRENT_LISTING_ONLY,KBS_CURRENT_LISTING,NO_KNOWN_MATCH,KBS current stock listing; exchange is deterministic pre-crawl priority signal
97,KBS:HOSE:IJC,IJC,HOSE,CTCP Phát triển Hạ tầng Kỹ thuật,stock,SELECTED_EXPANSION_600,HOSE,UNAVAILABLE,UNAVAILABLE,HOSE,UNAVAILABLE,CURRENT_LISTING_ONLY,KBS_CURRENT_LISTING,NO_KNOWN_MATCH,KBS current stock listing; exchange is deterministic pre-crawl priority signal
98,KBS:HOSE:ILB,ILB,HOSE,CTCP ICD Tân Cảng - Long Bình,stock,SELECTED_EXPANSION_600,HOSE,UNAVAILABLE,UNAVAILABLE,HOSE,UNAVAILABLE,CURRENT_LISTING_ONLY,KBS_CURRENT_LISTING,NO_KNOWN_MATCH,KBS current stock listing; exchange is deterministic pre-crawl priority signal
99,KBS:HOSE:KDC,KDC,HOSE,CTCP Tập đoàn KIDO,stock,SELECTED_EXPANSION_600,HOSE,UNAVAILABLE,UNAVAILABLE,HOSE,UNAVAILABLE,CURRENT_LISTING_ONLY,KBS_CURRENT_LISTING,NO_KNOWN_MATCH,KBS current stock listing; exchange is deterministic pre-crawl priority signal
100,KBS:HOSE:KHG,KHG,HOSE,CTCP Tập đoàn Khải Hoàn Land,stock,SELECTED_EXPANSION_600,HOSE,UNAVAILABLE,UNAVAILABLE,HOSE,UNAVAILABLE,CURRENT_LISTING_ONLY,KBS_CURRENT_LISTING,NO_KNOWN_MATCH,KBS current stock listing; exchange is deterministic pre-crawl priority signal
101,KBS:HOSE:KOS,KOS,HOSE,CTCP KOSY,stock,SELECTED_EXPANSION_600,HOSE,UNAVAILABLE,UNAVAILABLE,HOSE,UNAVAILABLE,CURRENT_LISTING_ONLY,KBS_CURRENT_LISTING,NO_KNOWN_MATCH,KBS current stock listing; exchange is deterministic pre-crawl priority signal
102,KBS:HOSE:LBM,LBM,HOSE,CTCP Khoáng sản và Vật liệu Xây dựng Lâm Đồng,stock,SELECTED_EXPANSION_600,HOSE,UNAVAILABLE,UNAVAILABLE,HOSE,UNAVAILABLE,CURRENT_LISTING_ONLY,KBS_CURRENT_LISTING,NO_KNOWN_MATCH,KBS current stock listing; exchange is deterministic pre-crawl priority signal
103,KBS:HOSE:LCG,LCG,HOSE,CTCP Lizen,stock,SELECTED_EXPANSION_600,HOSE,UNAVAILABLE,UNAVAILABLE,HOSE,UNAVAILABLE,CURRENT_LISTING_ONLY,KBS_CURRENT_LISTING,NO_KNOWN_MATCH,KBS current stock listing; exchange is deterministic pre-crawl priority signal
104,KBS:HOSE:LGC,LGC,HOSE,CTCP Đầu tư Cầu đường CII,stock,SELECTED_EXPANSION_600,HOSE,UNAVAILABLE,UNAVAILABLE,HOSE,UNAVAILABLE,CURRENT_LISTING_ONLY,KBS_CURRENT_LISTING,NO_KNOWN_MATCH,KBS current stock listing; exchange is deterministic pre-crawl priority signal
105,KBS:HOSE:LPS,LPS,HOSE,CTCP Chứng khoán LPS,stock,SELECTED_EXPANSION_600,HOSE,UNAVAILABLE,UNAVAILABLE,HOSE,UNAVAILABLE,CURRENT_LISTING_ONLY,KBS_CURRENT_LISTING,NO_KNOWN_MATCH,KBS current stock listing; exchange is deterministic pre-crawl priority signal
106,KBS:HOSE:MDG,MDG,HOSE,CTCP Miền Đông,stock,SELECTED_EXPANSION_600,HOSE,UNAVAILABLE,UNAVAILABLE,HOSE,UNAVAILABLE,CURRENT_LISTING_ONLY,KBS_CURRENT_LISTING,NO_KNOWN_MATCH,KBS current stock listing; exchange is deterministic pre-crawl priority signal
107,KBS:HOSE:MHC,MHC,HOSE,CTCP MHC,stock,SELECTED_EXPANSION_600,HOSE,UNAVAILABLE,UNAVAILABLE,HOSE,UNAVAILABLE,CURRENT_LISTING_ONLY,KBS_CURRENT_LISTING,NO_KNOWN_MATCH,KBS current stock listing; exchange is deterministic pre-crawl priority signal
108,KBS:HOSE:MIG,MIG,HOSE,Tổng Công ty cổ phần Bảo hiểm Quân Đội,stock,SELECTED_EXPANSION_600,HOSE,UNAVAILABLE,UNAVAILABLE,HOSE,UNAVAILABLE,CURRENT_LISTING_ONLY,KBS_CURRENT_LISTING,NO_KNOWN_MATCH,KBS current stock listing; exchange is deterministic pre-crawl priority signal
109,KBS:HOSE:MSB,MSB,HOSE,Ngân hàng TMCP Hàng hải Việt Nam,stock,SELECTED_EXPANSION_600,HOSE,UNAVAILABLE,UNAVAILABLE,HOSE,UNAVAILABLE,CURRENT_LISTING_ONLY,KBS_CURRENT_LISTING,NO_KNOWN_MATCH,KBS current stock listing; exchange is deterministic pre-crawl priority signal
110,KBS:HOSE:MZG,MZG,HOSE,CTCP Miza,stock,SELECTED_EXPANSION_600,HOSE,UNAVAILABLE,UNAVAILABLE,HOSE,UNAVAILABLE,CURRENT_LISTING_ONLY,KBS_CURRENT_LISTING,NO_KNOWN_MATCH,KBS current stock listing; exchange is deterministic pre-crawl priority signal
111,KBS:HOSE:NAB,NAB,HOSE,Ngân hàng TMCP Nam Á,stock,SELECTED_EXPANSION_600,HOSE,UNAVAILABLE,UNAVAILABLE,HOSE,UNAVAILABLE,CURRENT_LISTING_ONLY,KBS_CURRENT_LISTING,NO_KNOWN_MATCH,KBS current stock listing; exchange is deterministic pre-crawl priority signal
112,KBS:HOSE:NBB,NBB,HOSE,CTCP Đầu tư Năm Bảy Bảy,stock,SELECTED_EXPANSION_600,HOSE,UNAVAILABLE,UNAVAILABLE,HOSE,UNAVAILABLE,CURRENT_LISTING_ONLY,KBS_CURRENT_LISTING,NO_KNOWN_MATCH,KBS current stock listing; exchange is deterministic pre-crawl priority signal
113,KBS:HOSE:NCT,NCT,HOSE,CTCP Dịch vụ Hàng hóa Nội Bài,stock,SELECTED_EXPANSION_600,HOSE,UNAVAILABLE,UNAVAILABLE,HOSE,UNAVAILABLE,CURRENT_LISTING_ONLY,KBS_CURRENT_LISTING,NO_KNOWN_MATCH,KBS current stock listing; exchange is deterministic pre-crawl priority signal
114,KBS:HOSE:NHA,NHA,HOSE,Tổng Công ty Đầu tư Phát triển Nhà và Đô thị Nam Hà Nội,stock,SELECTED_EXPANSION_600,HOSE,UNAVAILABLE,UNAVAILABLE,HOSE,UNAVAILABLE,CURRENT_LISTING_ONLY,KBS_CURRENT_LISTING,NO_KNOWN_MATCH,KBS current stock listing; exchange is deterministic pre-crawl priority signal
115,KBS:HOSE:NHH,NHH,HOSE,CTCP Nhựa Hà Nội,stock,SELECTED_EXPANSION_600,HOSE,UNAVAILABLE,UNAVAILABLE,HOSE,UNAVAILABLE,CURRENT_LISTING_ONLY,KBS_CURRENT_LISTING,NO_KNOWN_MATCH,KBS current stock listing; exchange is deterministic pre-crawl priority signal
116,KBS:HOSE:NHT,NHT,HOSE,CTCP Sản xuất và Thương mại Nam Hoa,stock,SELECTED_EXPANSION_600,HOSE,UNAVAILABLE,UNAVAILABLE,HOSE,UNAVAILABLE,CURRENT_LISTING_ONLY,KBS_CURRENT_LISTING,NO_KNOWN_MATCH,KBS current stock listing; exchange is deterministic pre-crawl priority signal
117,KBS:HOSE:NKG,NKG,HOSE,CTCP Thép Nam Kim,stock,SELECTED_EXPANSION_600,HOSE,UNAVAILABLE,UNAVAILABLE,HOSE,UNAVAILABLE,CURRENT_LISTING_ONLY,KBS_CURRENT_LISTING,NO_KNOWN_MATCH,KBS current stock listing; exchange is deterministic pre-crawl priority signal
118,KBS:HOSE:NLG,NLG,HOSE,CTCP Đầu tư Nam Long,stock,SELECTED_EXPANSION_600,HOSE,UNAVAILABLE,UNAVAILABLE,HOSE,UNAVAILABLE,CURRENT_LISTING_ONLY,KBS_CURRENT_LISTING,NO_KNOWN_MATCH,KBS current stock listing; exchange is deterministic pre-crawl priority signal
119,KBS:HOSE:NSC,NSC,HOSE,CTCP Tập đoàn Giống cây trồng Việt Nam,stock,SELECTED_EXPANSION_600,HOSE,UNAVAILABLE,UNAVAILABLE,HOSE,UNAVAILABLE,CURRENT_LISTING_ONLY,KBS_CURRENT_LISTING,NO_KNOWN_MATCH,KBS current stock listing; exchange is deterministic pre-crawl priority signal
120,KBS:HOSE:NTL,NTL,HOSE,CTCP Phát triển Đô thị Từ Liêm,stock,SELECTED_EXPANSION_600,HOSE,UNAVAILABLE,UNAVAILABLE,HOSE,UNAVAILABLE,CURRENT_LISTING_ONLY,KBS_CURRENT_LISTING,NO_KNOWN_MATCH,KBS current stock listing; exchange is deterministic pre-crawl priority signal
121,KBS:HOSE:NVL,NVL,HOSE,CTCP Tập đoàn Đầu tư Địa ốc No Va,stock,SELECTED_EXPANSION_600,HOSE,UNAVAILABLE,UNAVAILABLE,HOSE,UNAVAILABLE,CURRENT_LISTING_ONLY,KBS_CURRENT_LISTING,NO_KNOWN_MATCH,KBS current stock listing; exchange is deterministic pre-crawl priority signal
122,KBS:HOSE:NVT,NVT,HOSE,CTCP Bất động sản Du lịch Ninh Vân Bay,stock,SELECTED_EXPANSION_600,HOSE,UNAVAILABLE,UNAVAILABLE,HOSE,UNAVAILABLE,CURRENT_LISTING_ONLY,KBS_CURRENT_LISTING,NO_KNOWN_MATCH,KBS current stock listing; exchange is deterministic pre-crawl priority signal
123,KBS:HOSE:OGC,OGC,HOSE,CTCP Tập đoàn Đại Dương,stock,SELECTED_EXPANSION_600,HOSE,UNAVAILABLE,UNAVAILABLE,HOSE,UNAVAILABLE,CURRENT_LISTING_ONLY,KBS_CURRENT_LISTING,NO_KNOWN_MATCH,KBS current stock listing; exchange is deterministic pre-crawl priority signal
124,KBS:HOSE:OPC,OPC,HOSE,CTCP Dược phẩm OPC,stock,SELECTED_EXPANSION_600,HOSE,UNAVAILABLE,UNAVAILABLE,HOSE,UNAVAILABLE,CURRENT_LISTING_ONLY,KBS_CURRENT_LISTING,NO_KNOWN_MATCH,KBS current stock listing; exchange is deterministic pre-crawl priority signal
125,KBS:HOSE:ORS,ORS,HOSE,CTCP Chứng khoán Tiên Phong,stock,SELECTED_EXPANSION_600,HOSE,UNAVAILABLE,UNAVAILABLE,HOSE,UNAVAILABLE,CURRENT_LISTING_ONLY,KBS_CURRENT_LISTING,NO_KNOWN_MATCH,KBS current stock listing; exchange is deterministic pre-crawl priority signal
126,KBS:HOSE:PAN,PAN,HOSE,CTCP Tập đoàn PAN,stock,SELECTED_EXPANSION_600,HOSE,UNAVAILABLE,UNAVAILABLE,HOSE,UNAVAILABLE,CURRENT_LISTING_ONLY,KBS_CURRENT_LISTING,NO_KNOWN_MATCH,KBS current stock listing; exchange is deterministic pre-crawl priority signal
127,KBS:HOSE:PC1,PC1,HOSE,CTCP Tập Đoàn PC1,stock,SELECTED_EXPANSION_600,HOSE,UNAVAILABLE,UNAVAILABLE,HOSE,UNAVAILABLE,CURRENT_LISTING_ONLY,KBS_CURRENT_LISTING,NO_KNOWN_MATCH,KBS current stock listing; exchange is deterministic pre-crawl priority signal
128,KBS:HOSE:PDR,PDR,HOSE,CTCP Phát triển Bất động sản Phát Đạt,stock,SELECTED_EXPANSION_600,HOSE,UNAVAILABLE,UNAVAILABLE,HOSE,UNAVAILABLE,CURRENT_LISTING_ONLY,KBS_CURRENT_LISTING,NO_KNOWN_MATCH,KBS current stock listing; exchange is deterministic pre-crawl priority signal
129,KBS:HOSE:PET,PET,HOSE,Tổng Công ty cổ phần Dịch vụ Tổng hợp Dầu khí,stock,SELECTED_EXPANSION_600,HOSE,UNAVAILABLE,UNAVAILABLE,HOSE,UNAVAILABLE,CURRENT_LISTING_ONLY,KBS_CURRENT_LISTING,NO_KNOWN_MATCH,KBS current stock listing; exchange is deterministic pre-crawl priority signal
130,KBS:HOSE:PGC,PGC,HOSE,Tổng Công ty Gas Petrolimex - CTCP,stock,SELECTED_EXPANSION_600,HOSE,UNAVAILABLE,UNAVAILABLE,HOSE,UNAVAILABLE,CURRENT_LISTING_ONLY,KBS_CURRENT_LISTING,NO_KNOWN_MATCH,KBS current stock listing; exchange is deterministic pre-crawl priority signal
131,KBS:HOSE:PGD,PGD,HOSE,CTCP Phân phối khí thấp áp Dầu khí Việt Nam,stock,SELECTED_EXPANSION_600,HOSE,UNAVAILABLE,UNAVAILABLE,HOSE,UNAVAILABLE,CURRENT_LISTING_ONLY,KBS_CURRENT_LISTING,NO_KNOWN_MATCH,KBS current stock listing; exchange is deterministic pre-crawl priority signal
132,KBS:HOSE:PHC,PHC,HOSE,CTCP Xây dựng Phục Hưng Holdings,stock,SELECTED_EXPANSION_600,HOSE,UNAVAILABLE,UNAVAILABLE,HOSE,UNAVAILABLE,CURRENT_LISTING_ONLY,KBS_CURRENT_LISTING,NO_KNOWN_MATCH,KBS current stock listing; exchange is deterministic pre-crawl priority signal
133,KBS:HOSE:PJT,PJT,HOSE,CTCP Vận tải Xăng dầu Đường Thủy Petrolimex,stock,SELECTED_EXPANSION_600,HOSE,UNAVAILABLE,UNAVAILABLE,HOSE,UNAVAILABLE,CURRENT_LISTING_ONLY,KBS_CURRENT_LISTING,NO_KNOWN_MATCH,KBS current stock listing; exchange is deterministic pre-crawl priority signal
134,KBS:HOSE:PMG,PMG,HOSE,CTCP Đầu tư và Sản xuất Petro Miền Trung,stock,SELECTED_EXPANSION_600,HOSE,UNAVAILABLE,UNAVAILABLE,HOSE,UNAVAILABLE,CURRENT_LISTING_ONLY,KBS_CURRENT_LISTING,NO_KNOWN_MATCH,KBS current stock listing; exchange is deterministic pre-crawl priority signal
135,KBS:HOSE:PNC,PNC,HOSE,CTCP Văn hóa Phương Nam,stock,SELECTED_EXPANSION_600,HOSE,UNAVAILABLE,UNAVAILABLE,HOSE,UNAVAILABLE,CURRENT_LISTING_ONLY,KBS_CURRENT_LISTING,NO_KNOWN_MATCH,KBS current stock listing; exchange is deterministic pre-crawl priority signal
136,KBS:HOSE:PPC,PPC,HOSE,CTCP Nhiệt điện Phả Lại,stock,SELECTED_EXPANSION_600,HOSE,UNAVAILABLE,UNAVAILABLE,HOSE,UNAVAILABLE,CURRENT_LISTING_ONLY,KBS_CURRENT_LISTING,NO_KNOWN_MATCH,KBS current stock listing; exchange is deterministic pre-crawl priority signal
137,KBS:HOSE:PTB,PTB,HOSE,CTCP Phú Tài,stock,SELECTED_EXPANSION_600,HOSE,UNAVAILABLE,UNAVAILABLE,HOSE,UNAVAILABLE,CURRENT_LISTING_ONLY,KBS_CURRENT_LISTING,NO_KNOWN_MATCH,KBS current stock listing; exchange is deterministic pre-crawl priority signal
138,KBS:HOSE:PTC,PTC,HOSE,CTCP Đầu Tư Icapital,stock,SELECTED_EXPANSION_600,HOSE,UNAVAILABLE,UNAVAILABLE,HOSE,UNAVAILABLE,CURRENT_LISTING_ONLY,KBS_CURRENT_LISTING,NO_KNOWN_MATCH,KBS current stock listing; exchange is deterministic pre-crawl priority signal
139,KBS:HOSE:PVT,PVT,HOSE,Tổng Công ty cổ phần Vận tải Dầu khí,stock,SELECTED_EXPANSION_600,HOSE,UNAVAILABLE,UNAVAILABLE,HOSE,UNAVAILABLE,CURRENT_LISTING_ONLY,KBS_CURRENT_LISTING,NO_KNOWN_MATCH,KBS current stock listing; exchange is deterministic pre-crawl priority signal
140,KBS:HOSE:QNP,QNP,HOSE,CTCP Cảng Quy Nhơn,stock,SELECTED_EXPANSION_600,HOSE,UNAVAILABLE,UNAVAILABLE,HOSE,UNAVAILABLE,CURRENT_LISTING_ONLY,KBS_CURRENT_LISTING,NO_KNOWN_MATCH,KBS current stock listing; exchange is deterministic pre-crawl priority signal
141,KBS:HOSE:RAL,RAL,HOSE,CTCP Bóng đèn Phích nước Rạng Đông,stock,SELECTED_EXPANSION_600,HOSE,UNAVAILABLE,UNAVAILABLE,HOSE,UNAVAILABLE,CURRENT_LISTING_ONLY,KBS_CURRENT_LISTING,NO_KNOWN_MATCH,KBS current stock listing; exchange is deterministic pre-crawl priority signal
142,KBS:HOSE:RYG,RYG,HOSE,CTCP Sản xuất và Đầu tư Hoàng Gia,stock,SELECTED_EXPANSION_600,HOSE,UNAVAILABLE,UNAVAILABLE,HOSE,UNAVAILABLE,CURRENT_LISTING_ONLY,KBS_CURRENT_LISTING,NO_KNOWN_MATCH,KBS current stock listing; exchange is deterministic pre-crawl priority signal
143,KBS:HOSE:SAM,SAM,HOSE,CTCP SAM Holdings,stock,SELECTED_EXPANSION_600,HOSE,UNAVAILABLE,UNAVAILABLE,HOSE,UNAVAILABLE,CURRENT_LISTING_ONLY,KBS_CURRENT_LISTING,NO_KNOWN_MATCH,KBS current stock listing; exchange is deterministic pre-crawl priority signal
144,KBS:HOSE:SBA,SBA,HOSE,CTCP Sông Ba,stock,SELECTED_EXPANSION_600,HOSE,UNAVAILABLE,UNAVAILABLE,HOSE,UNAVAILABLE,CURRENT_LISTING_ONLY,KBS_CURRENT_LISTING,NO_KNOWN_MATCH,KBS current stock listing; exchange is deterministic pre-crawl priority signal
145,KBS:HOSE:SBG,SBG,HOSE,CTCP Tập đoàn Cơ khí Công nghệ cao Siba,stock,SELECTED_EXPANSION_600,HOSE,UNAVAILABLE,UNAVAILABLE,HOSE,UNAVAILABLE,CURRENT_LISTING_ONLY,KBS_CURRENT_LISTING,NO_KNOWN_MATCH,KBS current stock listing; exchange is deterministic pre-crawl priority signal
146,KBS:HOSE:SBT,SBT,HOSE,CTCP Thành Thành Công - Biên Hòa,stock,SELECTED_EXPANSION_600,HOSE,UNAVAILABLE,UNAVAILABLE,HOSE,UNAVAILABLE,CURRENT_LISTING_ONLY,KBS_CURRENT_LISTING,NO_KNOWN_MATCH,KBS current stock listing; exchange is deterministic pre-crawl priority signal
147,KBS:HOSE:SCR,SCR,HOSE,CTCP Địa ốc Sài Gòn Thương Tín,stock,SELECTED_EXPANSION_600,HOSE,UNAVAILABLE,UNAVAILABLE,HOSE,UNAVAILABLE,CURRENT_LISTING_ONLY,KBS_CURRENT_LISTING,NO_KNOWN_MATCH,KBS current stock listing; exchange is deterministic pre-crawl priority signal
148,KBS:HOSE:SFC,SFC,HOSE,CTCP Nhiên liệu Sài Gòn,stock,SELECTED_EXPANSION_600,HOSE,UNAVAILABLE,UNAVAILABLE,HOSE,UNAVAILABLE,CURRENT_LISTING_ONLY,KBS_CURRENT_LISTING,NO_KNOWN_MATCH,KBS current stock listing; exchange is deterministic pre-crawl priority signal
149,KBS:HOSE:SFG,SFG,HOSE,CTCP Phân Bón Miền Nam,stock,SELECTED_EXPANSION_600,HOSE,UNAVAILABLE,UNAVAILABLE,HOSE,UNAVAILABLE,CURRENT_LISTING_ONLY,KBS_CURRENT_LISTING,NO_KNOWN_MATCH,KBS current stock listing; exchange is deterministic pre-crawl priority signal
150,KBS:HOSE:SFI,SFI,HOSE,CTCP Đại lý Vận tải SAFI,stock,SELECTED_EXPANSION_600,HOSE,UNAVAILABLE,UNAVAILABLE,HOSE,UNAVAILABLE,CURRENT_LISTING_ONLY,KBS_CURRENT_LISTING,NO_KNOWN_MATCH,KBS current stock listing; exchange is deterministic pre-crawl priority signal
151,KBS:HOSE:SGN,SGN,HOSE,CTCP Phục vụ Mặt đất Sài Gòn,stock,SELECTED_EXPANSION_600,HOSE,UNAVAILABLE,UNAVAILABLE,HOSE,UNAVAILABLE,CURRENT_LISTING_ONLY,KBS_CURRENT_LISTING,NO_KNOWN_MATCH,KBS current stock listing; exchange is deterministic pre-crawl priority signal
152,KBS:HOSE:SGR,SGR,HOSE,CTCP Tổng CTCP Địa ốc Sài Gòn,stock,SELECTED_EXPANSION_600,HOSE,UNAVAILABLE,UNAVAILABLE,HOSE,UNAVAILABLE,CURRENT_LISTING_ONLY,KBS_CURRENT_LISTING,NO_KNOWN_MATCH,KBS current stock listing; exchange is deterministic pre-crawl priority signal
153,KBS:HOSE:SGT,SGT,HOSE,CTCP Công nghệ Viễn Thông Sài Gòn,stock,SELECTED_EXPANSION_600,HOSE,UNAVAILABLE,UNAVAILABLE,HOSE,UNAVAILABLE,CURRENT_LISTING_ONLY,KBS_CURRENT_LISTING,NO_KNOWN_MATCH,KBS current stock listing; exchange is deterministic pre-crawl priority signal
154,KBS:HOSE:SHA,SHA,HOSE,CTCP Sơn Hà Sài Gòn,stock,SELECTED_EXPANSION_600,HOSE,UNAVAILABLE,UNAVAILABLE,HOSE,UNAVAILABLE,CURRENT_LISTING_ONLY,KBS_CURRENT_LISTING,NO_KNOWN_MATCH,KBS current stock listing; exchange is deterministic pre-crawl priority signal
155,KBS:HOSE:SJD,SJD,HOSE,CTCP Thủy điện Cần Đơn,stock,SELECTED_EXPANSION_600,HOSE,UNAVAILABLE,UNAVAILABLE,HOSE,UNAVAILABLE,CURRENT_LISTING_ONLY,KBS_CURRENT_LISTING,NO_KNOWN_MATCH,KBS current stock listing; exchange is deterministic pre-crawl priority signal
156,KBS:HOSE:SJS,SJS,HOSE,CTCP SJ Group,stock,SELECTED_EXPANSION_600,HOSE,UNAVAILABLE,UNAVAILABLE,HOSE,UNAVAILABLE,CURRENT_LISTING_ONLY,KBS_CURRENT_LISTING,NO_KNOWN_MATCH,KBS current stock listing; exchange is deterministic pre-crawl priority signal
157,KBS:HOSE:SKG,SKG,HOSE,CTCP Tàu cao tốc Superdong - Kiên Giang,stock,SELECTED_EXPANSION_600,HOSE,UNAVAILABLE,UNAVAILABLE,HOSE,UNAVAILABLE,CURRENT_LISTING_ONLY,KBS_CURRENT_LISTING,NO_KNOWN_MATCH,KBS current stock listing; exchange is deterministic pre-crawl priority signal
158,KBS:HOSE:SMA,SMA,HOSE,CTCP Thiết bị Phụ tùng Sài Gòn,stock,SELECTED_EXPANSION_600,HOSE,UNAVAILABLE,UNAVAILABLE,HOSE,UNAVAILABLE,CURRENT_LISTING_ONLY,KBS_CURRENT_LISTING,NO_KNOWN_MATCH,KBS current stock listing; exchange is deterministic pre-crawl priority signal
159,KBS:HOSE:SMB,SMB,HOSE,CTCP Bia Sài Gòn - Miền Trung,stock,SELECTED_EXPANSION_600,HOSE,UNAVAILABLE,UNAVAILABLE,HOSE,UNAVAILABLE,CURRENT_LISTING_ONLY,KBS_CURRENT_LISTING,NO_KNOWN_MATCH,KBS current stock listing; exchange is deterministic pre-crawl priority signal
160,KBS:HOSE:SMC,SMC,HOSE,CTCP Đầu tư Thương mại SMC,stock,SELECTED_EXPANSION_600,HOSE,UNAVAILABLE,UNAVAILABLE,HOSE,UNAVAILABLE,CURRENT_LISTING_ONLY,KBS_CURRENT_LISTING,NO_KNOWN_MATCH,KBS current stock listing; exchange is deterministic pre-crawl priority signal
161,KBS:HOSE:SPM,SPM,HOSE,CTCP SPM,stock,SELECTED_EXPANSION_600,HOSE,UNAVAILABLE,UNAVAILABLE,HOSE,UNAVAILABLE,CURRENT_LISTING_ONLY,KBS_CURRENT_LISTING,NO_KNOWN_MATCH,KBS current stock listing; exchange is deterministic pre-crawl priority signal
162,KBS:HOSE:SRF,SRF,HOSE,CTCP SEAREFICO,stock,SELECTED_EXPANSION_600,HOSE,UNAVAILABLE,UNAVAILABLE,HOSE,UNAVAILABLE,CURRENT_LISTING_ONLY,KBS_CURRENT_LISTING,NO_KNOWN_MATCH,KBS current stock listing; exchange is deterministic pre-crawl priority signal
163,KBS:HOSE:ST8,ST8,HOSE,CTCP Tập đoàn ST8,stock,SELECTED_EXPANSION_600,HOSE,UNAVAILABLE,UNAVAILABLE,HOSE,UNAVAILABLE,CURRENT_LISTING_ONLY,KBS_CURRENT_LISTING,NO_KNOWN_MATCH,KBS current stock listing; exchange is deterministic pre-crawl priority signal
164,KBS:HOSE:STB,STB,HOSE,Ngân hàng TMCP Sài Gòn Tài Lộc,stock,SELECTED_EXPANSION_600,HOSE,UNAVAILABLE,UNAVAILABLE,HOSE,UNAVAILABLE,CURRENT_LISTING_ONLY,KBS_CURRENT_LISTING,NO_KNOWN_MATCH,KBS current stock listing; exchange is deterministic pre-crawl priority signal
165,KBS:HOSE:STG,STG,HOSE,CTCP Kho vận Miền Nam,stock,SELECTED_EXPANSION_600,HOSE,UNAVAILABLE,UNAVAILABLE,HOSE,UNAVAILABLE,CURRENT_LISTING_ONLY,KBS_CURRENT_LISTING,NO_KNOWN_MATCH,KBS current stock listing; exchange is deterministic pre-crawl priority signal
166,KBS:HOSE:SVD,SVD,HOSE,CTCP Đầu tư & Thương mại Vũ Đăng,stock,SELECTED_EXPANSION_600,HOSE,UNAVAILABLE,UNAVAILABLE,HOSE,UNAVAILABLE,CURRENT_LISTING_ONLY,KBS_CURRENT_LISTING,NO_KNOWN_MATCH,KBS current stock listing; exchange is deterministic pre-crawl priority signal
167,KBS:HOSE:SZL,SZL,HOSE,CTCP Sonadezi Long Thành,stock,SELECTED_EXPANSION_600,HOSE,UNAVAILABLE,UNAVAILABLE,HOSE,UNAVAILABLE,CURRENT_LISTING_ONLY,KBS_CURRENT_LISTING,NO_KNOWN_MATCH,KBS current stock listing; exchange is deterministic pre-crawl priority signal
168,KBS:HOSE:TAL,TAL,HOSE,CTCP Đầu tư Bất động sản Taseco,stock,SELECTED_EXPANSION_600,HOSE,UNAVAILABLE,UNAVAILABLE,HOSE,UNAVAILABLE,CURRENT_LISTING_ONLY,KBS_CURRENT_LISTING,NO_KNOWN_MATCH,KBS current stock listing; exchange is deterministic pre-crawl priority signal
169,KBS:HOSE:TBC,TBC,HOSE,CTCP Thủy điện Thác Bà,stock,SELECTED_EXPANSION_600,HOSE,UNAVAILABLE,UNAVAILABLE,HOSE,UNAVAILABLE,CURRENT_LISTING_ONLY,KBS_CURRENT_LISTING,NO_KNOWN_MATCH,KBS current stock listing; exchange is deterministic pre-crawl priority signal
170,KBS:HOSE:TCH,TCH,HOSE,CTCP Đầu tư Dịch vụ Tài chính Hoàng Huy,stock,SELECTED_EXPANSION_600,HOSE,UNAVAILABLE,UNAVAILABLE,HOSE,UNAVAILABLE,CURRENT_LISTING_ONLY,KBS_CURRENT_LISTING,NO_KNOWN_MATCH,KBS current stock listing; exchange is deterministic pre-crawl priority signal
171,KBS:HOSE:TCI,TCI,HOSE,CTCP Chứng khoán Thành Công,stock,SELECTED_EXPANSION_600,HOSE,UNAVAILABLE,UNAVAILABLE,HOSE,UNAVAILABLE,CURRENT_LISTING_ONLY,KBS_CURRENT_LISTING,NO_KNOWN_MATCH,KBS current stock listing; exchange is deterministic pre-crawl priority signal
172,KBS:HOSE:TCM,TCM,HOSE,CTCP Dệt may - Đầu tư - Thương mại Thành Công,stock,SELECTED_EXPANSION_600,HOSE,UNAVAILABLE,UNAVAILABLE,HOSE,UNAVAILABLE,CURRENT_LISTING_ONLY,KBS_CURRENT_LISTING,NO_KNOWN_MATCH,KBS current stock listing; exchange is deterministic pre-crawl priority signal
173,KBS:HOSE:TCO,TCO,HOSE,CTCP Janus Group,stock,SELECTED_EXPANSION_600,HOSE,UNAVAILABLE,UNAVAILABLE,HOSE,UNAVAILABLE,CURRENT_LISTING_ONLY,KBS_CURRENT_LISTING,NO_KNOWN_MATCH,KBS current stock listing; exchange is deterministic pre-crawl priority signal
174,KBS:HOSE:TCT,TCT,HOSE,CTCP Cáp treo Núi Bà Tây Ninh,stock,SELECTED_EXPANSION_600,HOSE,UNAVAILABLE,UNAVAILABLE,HOSE,UNAVAILABLE,CURRENT_LISTING_ONLY,KBS_CURRENT_LISTING,NO_KNOWN_MATCH,KBS current stock listing; exchange is deterministic pre-crawl priority signal
175,KBS:HOSE:TCX,TCX,HOSE,CTCP Chứng khoán Kỹ Thương,stock,SELECTED_EXPANSION_600,HOSE,UNAVAILABLE,UNAVAILABLE,HOSE,UNAVAILABLE,CURRENT_LISTING_ONLY,KBS_CURRENT_LISTING,NO_KNOWN_MATCH,KBS current stock listing; exchange is deterministic pre-crawl priority signal
176,KBS:HOSE:TDC,TDC,HOSE,CTCP Kinh doanh và Phát triển Bình Dương,stock,SELECTED_EXPANSION_600,HOSE,UNAVAILABLE,UNAVAILABLE,HOSE,UNAVAILABLE,CURRENT_LISTING_ONLY,KBS_CURRENT_LISTING,NO_KNOWN_MATCH,KBS current stock listing; exchange is deterministic pre-crawl priority signal
177,KBS:HOSE:TDG,TDG,HOSE,CTCP Đầu tư TDG Global,stock,SELECTED_EXPANSION_600,HOSE,UNAVAILABLE,UNAVAILABLE,HOSE,UNAVAILABLE,CURRENT_LISTING_ONLY,KBS_CURRENT_LISTING,NO_KNOWN_MATCH,KBS current stock listing; exchange is deterministic pre-crawl priority signal
178,KBS:HOSE:TDH,TDH,HOSE,CTCP Phát triển Nhà Thủ Đức,stock,SELECTED_EXPANSION_600,HOSE,UNAVAILABLE,UNAVAILABLE,HOSE,UNAVAILABLE,CURRENT_LISTING_ONLY,KBS_CURRENT_LISTING,NO_KNOWN_MATCH,KBS current stock listing; exchange is deterministic pre-crawl priority signal
179,KBS:HOSE:TDM,TDM,HOSE,CTCP Nước Thủ Dầu Một,stock,SELECTED_EXPANSION_600,HOSE,UNAVAILABLE,UNAVAILABLE,HOSE,UNAVAILABLE,CURRENT_LISTING_ONLY,KBS_CURRENT_LISTING,NO_KNOWN_MATCH,KBS current stock listing; exchange is deterministic pre-crawl priority signal
180,KBS:HOSE:TDW,TDW,HOSE,CTCP Cấp nước Thủ Đức,stock,SELECTED_EXPANSION_600,HOSE,UNAVAILABLE,UNAVAILABLE,HOSE,UNAVAILABLE,CURRENT_LISTING_ONLY,KBS_CURRENT_LISTING,NO_KNOWN_MATCH,KBS current stock listing; exchange is deterministic pre-crawl priority signal
181,KBS:HOSE:TEG,TEG,HOSE,CTCP Trường Thành Energy Group,stock,SELECTED_EXPANSION_600,HOSE,UNAVAILABLE,UNAVAILABLE,HOSE,UNAVAILABLE,CURRENT_LISTING_ONLY,KBS_CURRENT_LISTING,NO_KNOWN_MATCH,KBS current stock listing; exchange is deterministic pre-crawl priority signal
182,KBS:HOSE:TIP,TIP,HOSE,CTCP Phát triển Khu Công nghiệp Tín Nghĩa,stock,SELECTED_EXPANSION_600,HOSE,UNAVAILABLE,UNAVAILABLE,HOSE,UNAVAILABLE,CURRENT_LISTING_ONLY,KBS_CURRENT_LISTING,NO_KNOWN_MATCH,KBS current stock listing; exchange is deterministic pre-crawl priority signal
183,KBS:HOSE:TLD,TLD,HOSE,CTCP Đầu tư Xây dựng và Phát triển Đô thị Thăng Long,stock,SELECTED_EXPANSION_600,HOSE,UNAVAILABLE,UNAVAILABLE,HOSE,UNAVAILABLE,CURRENT_LISTING_ONLY,KBS_CURRENT_LISTING,NO_KNOWN_MATCH,KBS current stock listing; exchange is deterministic pre-crawl priority signal
184,KBS:HOSE:TLG,TLG,HOSE,CTCP Tập đoàn Thiên Long,stock,SELECTED_EXPANSION_600,HOSE,UNAVAILABLE,UNAVAILABLE,HOSE,UNAVAILABLE,CURRENT_LISTING_ONLY,KBS_CURRENT_LISTING,NO_KNOWN_MATCH,KBS current stock listing; exchange is deterministic pre-crawl priority signal
185,KBS:HOSE:TLH,TLH,HOSE,CTCP Tập đoàn Thép Tiến Lên,stock,SELECTED_EXPANSION_600,HOSE,UNAVAILABLE,UNAVAILABLE,HOSE,UNAVAILABLE,CURRENT_LISTING_ONLY,KBS_CURRENT_LISTING,NO_KNOWN_MATCH,KBS current stock listing; exchange is deterministic pre-crawl priority signal
186,KBS:HOSE:TMP,TMP,HOSE,CTCP Thủy điện Thác Mơ,stock,SELECTED_EXPANSION_600,HOSE,UNAVAILABLE,UNAVAILABLE,HOSE,UNAVAILABLE,CURRENT_LISTING_ONLY,KBS_CURRENT_LISTING,NO_KNOWN_MATCH,KBS current stock listing; exchange is deterministic pre-crawl priority signal
187,KBS:HOSE:TMS,TMS,HOSE,CTCP Transimex,stock,SELECTED_EXPANSION_600,HOSE,UNAVAILABLE,UNAVAILABLE,HOSE,UNAVAILABLE,CURRENT_LISTING_ONLY,KBS_CURRENT_LISTING,NO_KNOWN_MATCH,KBS current stock listing; exchange is deterministic pre-crawl priority signal
188,KBS:HOSE:TNC,TNC,HOSE,CTCP Cao su Thống Nhất,stock,SELECTED_EXPANSION_600,HOSE,UNAVAILABLE,UNAVAILABLE,HOSE,UNAVAILABLE,CURRENT_LISTING_ONLY,KBS_CURRENT_LISTING,NO_KNOWN_MATCH,KBS current stock listing; exchange is deterministic pre-crawl priority signal
189,KBS:HOSE:TPC,TPC,HOSE,CTCP Nhựa Tân Đại Hưng,stock,SELECTED_EXPANSION_600,HOSE,UNAVAILABLE,UNAVAILABLE,HOSE,UNAVAILABLE,CURRENT_LISTING_ONLY,KBS_CURRENT_LISTING,NO_KNOWN_MATCH,KBS current stock listing; exchange is deterministic pre-crawl priority signal
190,KBS:HOSE:TRA,TRA,HOSE,CTCP Traphaco,stock,SELECTED_EXPANSION_600,HOSE,UNAVAILABLE,UNAVAILABLE,HOSE,UNAVAILABLE,CURRENT_LISTING_ONLY,KBS_CURRENT_LISTING,NO_KNOWN_MATCH,KBS current stock listing; exchange is deterministic pre-crawl priority signal
191,KBS:HOSE:TSA,TSA,HOSE,CTCP Đầu tư và Xây lắp Trường Sơn,stock,SELECTED_EXPANSION_600,HOSE,UNAVAILABLE,UNAVAILABLE,HOSE,UNAVAILABLE,CURRENT_LISTING_ONLY,KBS_CURRENT_LISTING,NO_KNOWN_MATCH,KBS current stock listing; exchange is deterministic pre-crawl priority signal
192,KBS:HOSE:TSC,TSC,HOSE,CTCP Vật tư Kỹ thuật nông nghiệp Cần Thơ,stock,SELECTED_EXPANSION_600,HOSE,UNAVAILABLE,UNAVAILABLE,HOSE,UNAVAILABLE,CURRENT_LISTING_ONLY,KBS_CURRENT_LISTING,NO_KNOWN_MATCH,KBS current stock listing; exchange is deterministic pre-crawl priority signal
193,KBS:HOSE:TTA,TTA,HOSE,CTCP Đầu tư Xây dựng và Phát triển Trường Thành,stock,SELECTED_EXPANSION_600,HOSE,UNAVAILABLE,UNAVAILABLE,HOSE,UNAVAILABLE,CURRENT_LISTING_ONLY,KBS_CURRENT_LISTING,NO_KNOWN_MATCH,KBS current stock listing; exchange is deterministic pre-crawl priority signal
194,KBS:HOSE:TTE,TTE,HOSE,CTCP Đầu tư Năng lượng Trường Thịnh,stock,SELECTED_EXPANSION_600,HOSE,UNAVAILABLE,UNAVAILABLE,HOSE,UNAVAILABLE,CURRENT_LISTING_ONLY,KBS_CURRENT_LISTING,NO_KNOWN_MATCH,KBS current stock listing; exchange is deterministic pre-crawl priority signal
195,KBS:HOSE:TTF,TTF,HOSE,CTCP Tập đoàn Kỹ nghệ gỗ Trường Thành,stock,SELECTED_EXPANSION_600,HOSE,UNAVAILABLE,UNAVAILABLE,HOSE,UNAVAILABLE,CURRENT_LISTING_ONLY,KBS_CURRENT_LISTING,NO_KNOWN_MATCH,KBS current stock listing; exchange is deterministic pre-crawl priority signal
196,KBS:HOSE:TYA,TYA,HOSE,CTCP Dây và Cáp Điện Taya Việt Nam,stock,SELECTED_EXPANSION_600,HOSE,UNAVAILABLE,UNAVAILABLE,HOSE,UNAVAILABLE,CURRENT_LISTING_ONLY,KBS_CURRENT_LISTING,NO_KNOWN_MATCH,KBS current stock listing; exchange is deterministic pre-crawl priority signal
197,KBS:HOSE:VBB,VBB,HOSE,Ngân hàng TMCP Việt Nam Thương Tín,stock,SELECTED_EXPANSION_600,HOSE,UNAVAILABLE,UNAVAILABLE,HOSE,UNAVAILABLE,CURRENT_LISTING_ONLY,KBS_CURRENT_LISTING,NO_KNOWN_MATCH,KBS current stock listing; exchange is deterministic pre-crawl priority signal
198,KBS:HOSE:VCA,VCA,HOSE,CTCP Thép VICASA,stock,SELECTED_EXPANSION_600,HOSE,UNAVAILABLE,UNAVAILABLE,HOSE,UNAVAILABLE,CURRENT_LISTING_ONLY,KBS_CURRENT_LISTING,NO_KNOWN_MATCH,KBS current stock listing; exchange is deterministic pre-crawl priority signal
199,KBS:HOSE:VCF,VCF,HOSE,CTCP Vinacafé Biên Hòa,stock,SELECTED_EXPANSION_600,HOSE,UNAVAILABLE,UNAVAILABLE,HOSE,UNAVAILABLE,CURRENT_LISTING_ONLY,KBS_CURRENT_LISTING,NO_KNOWN_MATCH,KBS current stock listing; exchange is deterministic pre-crawl priority signal
200,KBS:HOSE:VCI,VCI,HOSE,CTCP Chứng khoán Vietcap,stock,SELECTED_EXPANSION_600,HOSE,UNAVAILABLE,UNAVAILABLE,HOSE,UNAVAILABLE,CURRENT_LISTING_ONLY,KBS_CURRENT_LISTING,NO_KNOWN_MATCH,KBS current stock listing; exchange is deterministic pre-crawl priority signal
201,KBS:HOSE:VCK,VCK,HOSE,CTCP Chứng khoán VPS,stock,SELECTED_EXPANSION_600,HOSE,UNAVAILABLE,UNAVAILABLE,HOSE,UNAVAILABLE,CURRENT_LISTING_ONLY,KBS_CURRENT_LISTING,NO_KNOWN_MATCH,KBS current stock listing; exchange is deterministic pre-crawl priority signal
202,KBS:HOSE:VDP,VDP,HOSE,CTCP Dược phẩm Trung ương VIDIPHA,stock,SELECTED_EXPANSION_600,HOSE,UNAVAILABLE,UNAVAILABLE,HOSE,UNAVAILABLE,CURRENT_LISTING_ONLY,KBS_CURRENT_LISTING,NO_KNOWN_MATCH,KBS current stock listing; exchange is deterministic pre-crawl priority signal
203,KBS:HOSE:VIB,VIB,HOSE,Ngân hàng TMCP Quốc tế Việt Nam,stock,SELECTED_EXPANSION_600,HOSE,UNAVAILABLE,UNAVAILABLE,HOSE,UNAVAILABLE,CURRENT_LISTING_ONLY,KBS_CURRENT_LISTING,NO_KNOWN_MATCH,KBS current stock listing; exchange is deterministic pre-crawl priority signal
204,KBS:HOSE:VIC,VIC,HOSE,Tập đoàn VINGROUP - CTCP,stock,SELECTED_EXPANSION_600,HOSE,UNAVAILABLE,UNAVAILABLE,HOSE,UNAVAILABLE,CURRENT_LISTING_ONLY,KBS_CURRENT_LISTING,NO_KNOWN_MATCH,KBS current stock listing; exchange is deterministic pre-crawl priority signal
205,KBS:HOSE:VIP,VIP,HOSE,CTCP Vận tải Xăng dầu VIPCO,stock,SELECTED_EXPANSION_600,HOSE,UNAVAILABLE,UNAVAILABLE,HOSE,UNAVAILABLE,CURRENT_LISTING_ONLY,KBS_CURRENT_LISTING,NO_KNOWN_MATCH,KBS current stock listing; exchange is deterministic pre-crawl priority signal
206,KBS:HOSE:VNG,VNG,HOSE,CTCP Du lịch Thành Thành Công,stock,SELECTED_EXPANSION_600,HOSE,UNAVAILABLE,UNAVAILABLE,HOSE,UNAVAILABLE,CURRENT_LISTING_ONLY,KBS_CURRENT_LISTING,NO_KNOWN_MATCH,KBS current stock listing; exchange is deterministic pre-crawl priority signal
207,KBS:HOSE:VNL,VNL,HOSE,CTCP Logistics Vinalink,stock,SELECTED_EXPANSION_600,HOSE,UNAVAILABLE,UNAVAILABLE,HOSE,UNAVAILABLE,CURRENT_LISTING_ONLY,KBS_CURRENT_LISTING,NO_KNOWN_MATCH,KBS current stock listing; exchange is deterministic pre-crawl priority signal
208,KBS:HOSE:VNS,VNS,HOSE,CTCP Ánh Dương Việt Nam,stock,SELECTED_EXPANSION_600,HOSE,UNAVAILABLE,UNAVAILABLE,HOSE,UNAVAILABLE,CURRENT_LISTING_ONLY,KBS_CURRENT_LISTING,NO_KNOWN_MATCH,KBS current stock listing; exchange is deterministic pre-crawl priority signal
209,KBS:HOSE:VOS,VOS,HOSE,CTCP Vận tải Biển Việt Nam,stock,SELECTED_EXPANSION_600,HOSE,UNAVAILABLE,UNAVAILABLE,HOSE,UNAVAILABLE,CURRENT_LISTING_ONLY,KBS_CURRENT_LISTING,NO_KNOWN_MATCH,KBS current stock listing; exchange is deterministic pre-crawl priority signal
210,KBS:HOSE:VPB,VPB,HOSE,Ngân hàng TMCP Việt Nam Thịnh Vượng,stock,SELECTED_EXPANSION_600,HOSE,UNAVAILABLE,UNAVAILABLE,HOSE,UNAVAILABLE,CURRENT_LISTING_ONLY,KBS_CURRENT_LISTING,NO_KNOWN_MATCH,KBS current stock listing; exchange is deterministic pre-crawl priority signal
211,KBS:HOSE:VPD,VPD,HOSE,CTCP Phát triển Điện lực Việt Nam,stock,SELECTED_EXPANSION_600,HOSE,UNAVAILABLE,UNAVAILABLE,HOSE,UNAVAILABLE,CURRENT_LISTING_ONLY,KBS_CURRENT_LISTING,NO_KNOWN_MATCH,KBS current stock listing; exchange is deterministic pre-crawl priority signal
212,KBS:HOSE:VPH,VPH,HOSE,CTCP Vạn Phát Hưng,stock,SELECTED_EXPANSION_600,HOSE,UNAVAILABLE,UNAVAILABLE,HOSE,UNAVAILABLE,CURRENT_LISTING_ONLY,KBS_CURRENT_LISTING,NO_KNOWN_MATCH,KBS current stock listing; exchange is deterministic pre-crawl priority signal
213,KBS:HOSE:VPI,VPI,HOSE,CTCP Phát triển Bất động sản Văn Phú,stock,SELECTED_EXPANSION_600,HOSE,UNAVAILABLE,UNAVAILABLE,HOSE,UNAVAILABLE,CURRENT_LISTING_ONLY,KBS_CURRENT_LISTING,NO_KNOWN_MATCH,KBS current stock listing; exchange is deterministic pre-crawl priority signal
214,KBS:HOSE:VPL,VPL,HOSE,CTCP Vinpearl,stock,SELECTED_EXPANSION_600,HOSE,UNAVAILABLE,UNAVAILABLE,HOSE,UNAVAILABLE,CURRENT_LISTING_ONLY,KBS_CURRENT_LISTING,NO_KNOWN_MATCH,KBS current stock listing; exchange is deterministic pre-crawl priority signal
215,KBS:HOSE:VPS,VPS,HOSE,CTCP Thuốc sát trùng Việt Nam,stock,SELECTED_EXPANSION_600,HOSE,UNAVAILABLE,UNAVAILABLE,HOSE,UNAVAILABLE,CURRENT_LISTING_ONLY,KBS_CURRENT_LISTING,NO_KNOWN_MATCH,KBS current stock listing; exchange is deterministic pre-crawl priority signal
216,KBS:HOSE:VPX,VPX,HOSE,CTCP Chứng khoán VPBank,stock,SELECTED_EXPANSION_600,HOSE,UNAVAILABLE,UNAVAILABLE,HOSE,UNAVAILABLE,CURRENT_LISTING_ONLY,KBS_CURRENT_LISTING,NO_KNOWN_MATCH,KBS current stock listing; exchange is deterministic pre-crawl priority signal
217,KBS:HOSE:VRC,VRC,HOSE,CTCP Bất động sản và Đầu tư VRC,stock,SELECTED_EXPANSION_600,HOSE,UNAVAILABLE,UNAVAILABLE,HOSE,UNAVAILABLE,CURRENT_LISTING_ONLY,KBS_CURRENT_LISTING,NO_KNOWN_MATCH,KBS current stock listing; exchange is deterministic pre-crawl priority signal
218,KBS:HOSE:VRE,VRE,HOSE,CTCP Vincom Retail,stock,SELECTED_EXPANSION_600,HOSE,UNAVAILABLE,UNAVAILABLE,HOSE,UNAVAILABLE,CURRENT_LISTING_ONLY,KBS_CURRENT_LISTING,NO_KNOWN_MATCH,KBS current stock listing; exchange is deterministic pre-crawl priority signal
219,KBS:HOSE:VSC,VSC,HOSE,CTCP Container Việt Nam,stock,SELECTED_EXPANSION_600,HOSE,UNAVAILABLE,UNAVAILABLE,HOSE,UNAVAILABLE,CURRENT_LISTING_ONLY,KBS_CURRENT_LISTING,NO_KNOWN_MATCH,KBS current stock listing; exchange is deterministic pre-crawl priority signal
220,KBS:HOSE:VSH,VSH,HOSE,CTCP Thủy điện Vĩnh Sơn - Sông Hinh,stock,SELECTED_EXPANSION_600,HOSE,UNAVAILABLE,UNAVAILABLE,HOSE,UNAVAILABLE,CURRENT_LISTING_ONLY,KBS_CURRENT_LISTING,NO_KNOWN_MATCH,KBS current stock listing; exchange is deterministic pre-crawl priority signal
221,KBS:HOSE:VTB,VTB,HOSE,CTCP Viettronics Tân Bình,stock,SELECTED_EXPANSION_600,HOSE,UNAVAILABLE,UNAVAILABLE,HOSE,UNAVAILABLE,CURRENT_LISTING_ONLY,KBS_CURRENT_LISTING,NO_KNOWN_MATCH,KBS current stock listing; exchange is deterministic pre-crawl priority signal
222,KBS:HOSE:VTO,VTO,HOSE,CTCP Vận tải Xăng dầu Vitaco,stock,SELECTED_EXPANSION_600,HOSE,UNAVAILABLE,UNAVAILABLE,HOSE,UNAVAILABLE,CURRENT_LISTING_ONLY,KBS_CURRENT_LISTING,NO_KNOWN_MATCH,KBS current stock listing; exchange is deterministic pre-crawl priority signal
223,KBS:HOSE:VTP,VTP,HOSE,Tổng Công ty cổ phần Bưu chính Viettel,stock,SELECTED_EXPANSION_600,HOSE,UNAVAILABLE,UNAVAILABLE,HOSE,UNAVAILABLE,CURRENT_LISTING_ONLY,KBS_CURRENT_LISTING,NO_KNOWN_MATCH,KBS current stock listing; exchange is deterministic pre-crawl priority signal
224,KBS:HOSE:YBM,YBM,HOSE,CTCP YBM,stock,SELECTED_EXPANSION_600,HOSE,UNAVAILABLE,UNAVAILABLE,HOSE,UNAVAILABLE,CURRENT_LISTING_ONLY,KBS_CURRENT_LISTING,NO_KNOWN_MATCH,KBS current stock listing; exchange is deterministic pre-crawl priority signal
225,KBS:HOSE:YEG,YEG,HOSE,CTCP Tập đoàn Yeah1,stock,SELECTED_EXPANSION_600,HOSE,UNAVAILABLE,UNAVAILABLE,HOSE,UNAVAILABLE,CURRENT_LISTING_ONLY,KBS_CURRENT_LISTING,NO_KNOWN_MATCH,KBS current stock listing; exchange is deterministic pre-crawl priority signal
226,KBS:HNX:ALT,ALT,HNX,CTCP Văn hóa Tân Bình,stock,SELECTED_EXPANSION_600,HNX,UNAVAILABLE,UNAVAILABLE,HNX,UNAVAILABLE,CURRENT_LISTING_ONLY,KBS_CURRENT_LISTING,NO_KNOWN_MATCH,KBS current stock listing; exchange is deterministic pre-crawl priority signal
227,KBS:HNX:API,API,HNX,CTCP Đầu tư Châu Á - Thái Bình Dương,stock,SELECTED_EXPANSION_600,HNX,UNAVAILABLE,UNAVAILABLE,HNX,UNAVAILABLE,CURRENT_LISTING_ONLY,KBS_CURRENT_LISTING,NO_KNOWN_MATCH,KBS current stock listing; exchange is deterministic pre-crawl priority signal
228,KBS:HNX:ARM,ARM,HNX,CTCP Xuất nhập khẩu Hàng không,stock,SELECTED_EXPANSION_600,HNX,UNAVAILABLE,UNAVAILABLE,HNX,UNAVAILABLE,CURRENT_LISTING_ONLY,KBS_CURRENT_LISTING,NO_KNOWN_MATCH,KBS current stock listing; exchange is deterministic pre-crawl priority signal
229,KBS:HNX:BED,BED,HNX,CTCP Sách và Thiết bị Trường học Đà Nẵng,stock,SELECTED_EXPANSION_600,HNX,UNAVAILABLE,UNAVAILABLE,HNX,UNAVAILABLE,CURRENT_LISTING_ONLY,KBS_CURRENT_LISTING,NO_KNOWN_MATCH,KBS current stock listing; exchange is deterministic pre-crawl priority signal
230,KBS:HNX:BKC,BKC,HNX,CTCP Khoáng sản Bắc Kạn,stock,SELECTED_EXPANSION_600,HNX,UNAVAILABLE,UNAVAILABLE,HNX,UNAVAILABLE,CURRENT_LISTING_ONLY,KBS_CURRENT_LISTING,NO_KNOWN_MATCH,KBS current stock listing; exchange is deterministic pre-crawl priority signal
231,KBS:HNX:BNA,BNA,HNX,CTCP Tập đoàn Đầu tư Bảo Ngọc,stock,SELECTED_EXPANSION_600,HNX,UNAVAILABLE,UNAVAILABLE,HNX,UNAVAILABLE,CURRENT_LISTING_ONLY,KBS_CURRENT_LISTING,NO_KNOWN_MATCH,KBS current stock listing; exchange is deterministic pre-crawl priority signal
232,KBS:HNX:BVS,BVS,HNX,CTCP Chứng khoán Bảo Việt,stock,SELECTED_EXPANSION_600,HNX,UNAVAILABLE,UNAVAILABLE,HNX,UNAVAILABLE,CURRENT_LISTING_ONLY,KBS_CURRENT_LISTING,NO_KNOWN_MATCH,KBS current stock listing; exchange is deterministic pre-crawl priority signal
233,KBS:HNX:BXH,BXH,HNX,CTCP VICEM Bao bì Hải Phòng,stock,SELECTED_EXPANSION_600,HNX,UNAVAILABLE,UNAVAILABLE,HNX,UNAVAILABLE,CURRENT_LISTING_ONLY,KBS_CURRENT_LISTING,NO_KNOWN_MATCH,KBS current stock listing; exchange is deterministic pre-crawl priority signal
234,KBS:HNX:C69,C69,HNX,CTCP Xây dựng 1369,stock,SELECTED_EXPANSION_600,HNX,UNAVAILABLE,UNAVAILABLE,HNX,UNAVAILABLE,CURRENT_LISTING_ONLY,KBS_CURRENT_LISTING,NO_KNOWN_MATCH,KBS current stock listing; exchange is deterministic pre-crawl priority signal
235,KBS:HNX:CAN,CAN,HNX,CTCP Đồ hộp Hạ Long,stock,SELECTED_EXPANSION_600,HNX,UNAVAILABLE,UNAVAILABLE,HNX,UNAVAILABLE,CURRENT_LISTING_ONLY,KBS_CURRENT_LISTING,NO_KNOWN_MATCH,KBS current stock listing; exchange is deterministic pre-crawl priority signal
236,KBS:HNX:CCR,CCR,HNX,CTCP Cảng Cam Ranh,stock,SELECTED_EXPANSION_600,HNX,UNAVAILABLE,UNAVAILABLE,HNX,UNAVAILABLE,CURRENT_LISTING_ONLY,KBS_CURRENT_LISTING,NO_KNOWN_MATCH,KBS current stock listing; exchange is deterministic pre-crawl priority signal
237,KBS:HNX:CIA,CIA,HNX,CTCP Dịch vụ Sân bay Quốc tế Cam Ranh,stock,SELECTED_EXPANSION_600,HNX,UNAVAILABLE,UNAVAILABLE,HNX,UNAVAILABLE,CURRENT_LISTING_ONLY,KBS_CURRENT_LISTING,NO_KNOWN_MATCH,KBS current stock listing; exchange is deterministic pre-crawl priority signal
238,KBS:HNX:CJC,CJC,HNX,CTCP Cơ điện Miền Trung,stock,SELECTED_EXPANSION_600,HNX,UNAVAILABLE,UNAVAILABLE,HNX,UNAVAILABLE,CURRENT_LISTING_ONLY,KBS_CURRENT_LISTING,NO_KNOWN_MATCH,KBS current stock listing; exchange is deterministic pre-crawl priority signal
239,KBS:HNX:CKV,CKV,HNX,CTCP COKYVINA,stock,SELECTED_EXPANSION_600,HNX,UNAVAILABLE,UNAVAILABLE,HNX,UNAVAILABLE,CURRENT_LISTING_ONLY,KBS_CURRENT_LISTING,NO_KNOWN_MATCH,KBS current stock listing; exchange is deterministic pre-crawl priority signal
240,KBS:HNX:CLM,CLM,HNX,CTCP Xuất nhập khẩu Than - Vinacomin,stock,SELECTED_EXPANSION_600,HNX,UNAVAILABLE,UNAVAILABLE,HNX,UNAVAILABLE,CURRENT_LISTING_ONLY,KBS_CURRENT_LISTING,NO_KNOWN_MATCH,KBS current stock listing; exchange is deterministic pre-crawl priority signal
241,KBS:HNX:CMS,CMS,HNX,CTCP Tập Đoàn CMH Việt Nam,stock,SELECTED_EXPANSION_600,HNX,UNAVAILABLE,UNAVAILABLE,HNX,UNAVAILABLE,CURRENT_LISTING_ONLY,KBS_CURRENT_LISTING,NO_KNOWN_MATCH,KBS current stock listing; exchange is deterministic pre-crawl priority signal
242,KBS:HNX:CPC,CPC,HNX,CTCP Thuốc sát trùng Cần Thơ,stock,SELECTED_EXPANSION_600,HNX,UNAVAILABLE,UNAVAILABLE,HNX,UNAVAILABLE,CURRENT_LISTING_ONLY,KBS_CURRENT_LISTING,NO_KNOWN_MATCH,KBS current stock listing; exchange is deterministic pre-crawl priority signal
243,KBS:HNX:CSC,CSC,HNX,CTCP Tập đoàn Cotana,stock,SELECTED_EXPANSION_600,HNX,UNAVAILABLE,UNAVAILABLE,HNX,UNAVAILABLE,CURRENT_LISTING_ONLY,KBS_CURRENT_LISTING,NO_KNOWN_MATCH,KBS current stock listing; exchange is deterministic pre-crawl priority signal
244,KBS:HNX:CST,CST,HNX,CTCP Than Cao Sơn - TKV,stock,SELECTED_EXPANSION_600,HNX,UNAVAILABLE,UNAVAILABLE,HNX,UNAVAILABLE,CURRENT_LISTING_ONLY,KBS_CURRENT_LISTING,NO_KNOWN_MATCH,KBS current stock listing; exchange is deterministic pre-crawl priority signal
245,KBS:HNX:CTB,CTB,HNX,CTCP Chế tạo Bơm Hải Dương,stock,SELECTED_EXPANSION_600,HNX,UNAVAILABLE,UNAVAILABLE,HNX,UNAVAILABLE,CURRENT_LISTING_ONLY,KBS_CURRENT_LISTING,NO_KNOWN_MATCH,KBS current stock listing; exchange is deterministic pre-crawl priority signal
246,KBS:HNX:CTP,CTP,HNX,CTCP Tập đoàn CTP Group,stock,SELECTED_EXPANSION_600,HNX,UNAVAILABLE,UNAVAILABLE,HNX,UNAVAILABLE,CURRENT_LISTING_ONLY,KBS_CURRENT_LISTING,NO_KNOWN_MATCH,KBS current stock listing; exchange is deterministic pre-crawl priority signal
247,KBS:HNX:CX8,CX8,HNX,CTCP Đầu tư và Xây lắp Constrexim Số 8,stock,SELECTED_EXPANSION_600,HNX,UNAVAILABLE,UNAVAILABLE,HNX,UNAVAILABLE,CURRENT_LISTING_ONLY,KBS_CURRENT_LISTING,NO_KNOWN_MATCH,KBS current stock listing; exchange is deterministic pre-crawl priority signal
248,KBS:HNX:D11,D11,HNX,CTCP Địa ốc 11,stock,SELECTED_EXPANSION_600,HNX,UNAVAILABLE,UNAVAILABLE,HNX,UNAVAILABLE,CURRENT_LISTING_ONLY,KBS_CURRENT_LISTING,NO_KNOWN_MATCH,KBS current stock listing; exchange is deterministic pre-crawl priority signal
249,KBS:HNX:DAD,DAD,HNX,CTCP Đầu tư và Phát triển Giáo dục Đà Nẵng,stock,SELECTED_EXPANSION_600,HNX,UNAVAILABLE,UNAVAILABLE,HNX,UNAVAILABLE,CURRENT_LISTING_ONLY,KBS_CURRENT_LISTING,NO_KNOWN_MATCH,KBS current stock listing; exchange is deterministic pre-crawl priority signal
250,KBS:HNX:DAE,DAE,HNX,CTCP Sách Giáo dục tại Thành phố Đà Nẵng,stock,SELECTED_EXPANSION_600,HNX,UNAVAILABLE,UNAVAILABLE,HNX,UNAVAILABLE,CURRENT_LISTING_ONLY,KBS_CURRENT_LISTING,NO_KNOWN_MATCH,KBS current stock listing; exchange is deterministic pre-crawl priority signal
251,KBS:HNX:DHP,DHP,HNX,CTCP Điện cơ Hải Phòng,stock,SELECTED_EXPANSION_600,HNX,UNAVAILABLE,UNAVAILABLE,HNX,UNAVAILABLE,CURRENT_LISTING_ONLY,KBS_CURRENT_LISTING,NO_KNOWN_MATCH,KBS current stock listing; exchange is deterministic pre-crawl priority signal
252,KBS:HNX:DHT,DHT,HNX,CTCP Dược phẩm Hà Tây,stock,SELECTED_EXPANSION_600,HNX,UNAVAILABLE,UNAVAILABLE,HNX,UNAVAILABLE,CURRENT_LISTING_ONLY,KBS_CURRENT_LISTING,NO_KNOWN_MATCH,KBS current stock listing; exchange is deterministic pre-crawl priority signal
253,KBS:HNX:DIH,DIH,HNX,CTCP Đầu tư Phát triển Xây dựng - Hội An,stock,SELECTED_EXPANSION_600,HNX,UNAVAILABLE,UNAVAILABLE,HNX,UNAVAILABLE,CURRENT_LISTING_ONLY,KBS_CURRENT_LISTING,NO_KNOWN_MATCH,KBS current stock listing; exchange is deterministic pre-crawl priority signal
254,KBS:HNX:DL1,DL1,HNX,CTCP Tập đoàn Alpha Seven,stock,SELECTED_EXPANSION_600,HNX,UNAVAILABLE,UNAVAILABLE,HNX,UNAVAILABLE,CURRENT_LISTING_ONLY,KBS_CURRENT_LISTING,NO_KNOWN_MATCH,KBS current stock listing; exchange is deterministic pre-crawl priority signal
255,KBS:HNX:DNP,DNP,HNX,CTCP DNP Holding,stock,SELECTED_EXPANSION_600,HNX,UNAVAILABLE,UNAVAILABLE,HNX,UNAVAILABLE,CURRENT_LISTING_ONLY,KBS_CURRENT_LISTING,NO_KNOWN_MATCH,KBS current stock listing; exchange is deterministic pre-crawl priority signal
256,KBS:HNX:DP3,DP3,HNX,CTCP Dược phẩm Trung ương 3,stock,SELECTED_EXPANSION_600,HNX,UNAVAILABLE,UNAVAILABLE,HNX,UNAVAILABLE,CURRENT_LISTING_ONLY,KBS_CURRENT_LISTING,NO_KNOWN_MATCH,KBS current stock listing; exchange is deterministic pre-crawl priority signal
257,KBS:HNX:DST,DST,HNX,CTCP Đầu tư Sao Thăng Long,stock,SELECTED_EXPANSION_600,HNX,UNAVAILABLE,UNAVAILABLE,HNX,UNAVAILABLE,CURRENT_LISTING_ONLY,KBS_CURRENT_LISTING,NO_KNOWN_MATCH,KBS current stock listing; exchange is deterministic pre-crawl priority signal
258,KBS:HNX:DTD,DTD,HNX,CTCP Đầu tư Phát triển Thành Đạt,stock,SELECTED_EXPANSION_600,HNX,UNAVAILABLE,UNAVAILABLE,HNX,UNAVAILABLE,CURRENT_LISTING_ONLY,KBS_CURRENT_LISTING,NO_KNOWN_MATCH,KBS current stock listing; exchange is deterministic pre-crawl priority signal
259,KBS:HNX:DTG,DTG,HNX,CTCP Dược phẩm Tipharco,stock,SELECTED_EXPANSION_600,HNX,UNAVAILABLE,UNAVAILABLE,HNX,UNAVAILABLE,CURRENT_LISTING_ONLY,KBS_CURRENT_LISTING,NO_KNOWN_MATCH,KBS current stock listing; exchange is deterministic pre-crawl priority signal
260,KBS:HNX:DTK,DTK,HNX,Tổng Công ty Điện lực TKV - CTCP,stock,SELECTED_EXPANSION_600,HNX,UNAVAILABLE,UNAVAILABLE,HNX,UNAVAILABLE,CURRENT_LISTING_ONLY,KBS_CURRENT_LISTING,NO_KNOWN_MATCH,KBS current stock listing; exchange is deterministic pre-crawl priority signal
261,KBS:HNX:DVM,DVM,HNX,CTCP Dược liệu Việt Nam,stock,SELECTED_EXPANSION_600,HNX,UNAVAILABLE,UNAVAILABLE,HNX,UNAVAILABLE,CURRENT_LISTING_ONLY,KBS_CURRENT_LISTING,NO_KNOWN_MATCH,KBS current stock listing; exchange is deterministic pre-crawl priority signal
262,KBS:HNX:DXP,DXP,HNX,CTCP Cảng Đoạn Xá,stock,SELECTED_EXPANSION_600,HNX,UNAVAILABLE,UNAVAILABLE,HNX,UNAVAILABLE,CURRENT_LISTING_ONLY,KBS_CURRENT_LISTING,NO_KNOWN_MATCH,KBS current stock listing; exchange is deterministic pre-crawl priority signal
263,KBS:HNX:ECI,ECI,HNX,CTCP Tập Đoàn ECI,stock,SELECTED_EXPANSION_600,HNX,UNAVAILABLE,UNAVAILABLE,HNX,UNAVAILABLE,CURRENT_LISTING_ONLY,KBS_CURRENT_LISTING,NO_KNOWN_MATCH,KBS current stock listing; exchange is deterministic pre-crawl priority signal
264,KBS:HNX:EID,EID,HNX,CTCP Đầu tư và Phát triển Giáo dục Hà Nội,stock,SELECTED_EXPANSION_600,HNX,UNAVAILABLE,UNAVAILABLE,HNX,UNAVAILABLE,CURRENT_LISTING_ONLY,KBS_CURRENT_LISTING,NO_KNOWN_MATCH,KBS current stock listing; exchange is deterministic pre-crawl priority signal
265,KBS:HNX:GIC,GIC,HNX,CTCP VSC Green Logistics,stock,SELECTED_EXPANSION_600,HNX,UNAVAILABLE,UNAVAILABLE,HNX,UNAVAILABLE,CURRENT_LISTING_ONLY,KBS_CURRENT_LISTING,NO_KNOWN_MATCH,KBS current stock listing; exchange is deterministic pre-crawl priority signal
266,KBS:HNX:GKM,GKM,HNX,CTCP GKM Holdings,stock,SELECTED_EXPANSION_600,HNX,UNAVAILABLE,UNAVAILABLE,HNX,UNAVAILABLE,CURRENT_LISTING_ONLY,KBS_CURRENT_LISTING,NO_KNOWN_MATCH,KBS current stock listing; exchange is deterministic pre-crawl priority signal
267,KBS:HNX:GLT,GLT,HNX,CTCP Kỹ thuật Điện Toàn cầu,stock,SELECTED_EXPANSION_600,HNX,UNAVAILABLE,UNAVAILABLE,HNX,UNAVAILABLE,CURRENT_LISTING_ONLY,KBS_CURRENT_LISTING,NO_KNOWN_MATCH,KBS current stock listing; exchange is deterministic pre-crawl priority signal
268,KBS:HNX:GMA,GMA,HNX,CTCP G-Automobile,stock,SELECTED_EXPANSION_600,HNX,UNAVAILABLE,UNAVAILABLE,HNX,UNAVAILABLE,CURRENT_LISTING_ONLY,KBS_CURRENT_LISTING,NO_KNOWN_MATCH,KBS current stock listing; exchange is deterministic pre-crawl priority signal
269,KBS:HNX:GMX,GMX,HNX,CTCP Gạch ngói Gốm Xây dựng Mỹ Xuân,stock,SELECTED_EXPANSION_600,HNX,UNAVAILABLE,UNAVAILABLE,HNX,UNAVAILABLE,CURRENT_LISTING_ONLY,KBS_CURRENT_LISTING,NO_KNOWN_MATCH,KBS current stock listing; exchange is deterministic pre-crawl priority signal
270,KBS:HNX:HAT,HAT,HNX,CTCP Thương mại Bia Hà Nội,stock,SELECTED_EXPANSION_600,HNX,UNAVAILABLE,UNAVAILABLE,HNX,UNAVAILABLE,CURRENT_LISTING_ONLY,KBS_CURRENT_LISTING,NO_KNOWN_MATCH,KBS current stock listing; exchange is deterministic pre-crawl priority signal
271,KBS:HNX:HBS,HBS,HNX,CTCP Chứng khoán Hòa Bình,stock,SELECTED_EXPANSION_600,HNX,UNAVAILABLE,UNAVAILABLE,HNX,UNAVAILABLE,CURRENT_LISTING_ONLY,KBS_CURRENT_LISTING,NO_KNOWN_MATCH,KBS current stock listing; exchange is deterministic pre-crawl priority signal
272,KBS:HNX:HCC,HCC,HNX,CTCP Bê tông Hòa Cầm - Intimex,stock,SELECTED_EXPANSION_600,HNX,UNAVAILABLE,UNAVAILABLE,HNX,UNAVAILABLE,CURRENT_LISTING_ONLY,KBS_CURRENT_LISTING,NO_KNOWN_MATCH,KBS current stock listing; exchange is deterministic pre-crawl priority signal
273,KBS:HNX:HCT,HCT,HNX,CTCP Thương mại Dịch vụ Vận tải Xi măng Hải Phòng,stock,SELECTED_EXPANSION_600,HNX,UNAVAILABLE,UNAVAILABLE,HNX,UNAVAILABLE,CURRENT_LISTING_ONLY,KBS_CURRENT_LISTING,NO_KNOWN_MATCH,KBS current stock listing; exchange is deterministic pre-crawl priority signal
274,KBS:HNX:HEV,HEV,HNX,CTCP Sách Đại học - Dạy nghề,stock,SELECTED_EXPANSION_600,HNX,UNAVAILABLE,UNAVAILABLE,HNX,UNAVAILABLE,CURRENT_LISTING_ONLY,KBS_CURRENT_LISTING,NO_KNOWN_MATCH,KBS current stock listing; exchange is deterministic pre-crawl priority signal
275,KBS:HNX:HGM,HGM,HNX,CTCP Cơ khí và Khoáng sản Hà Giang,stock,SELECTED_EXPANSION_600,HNX,UNAVAILABLE,UNAVAILABLE,HNX,UNAVAILABLE,CURRENT_LISTING_ONLY,KBS_CURRENT_LISTING,NO_KNOWN_MATCH,KBS current stock listing; exchange is deterministic pre-crawl priority signal
276,KBS:HNX:HHC,HHC,HNX,CTCP Bánh kẹo Hải Hà,stock,SELECTED_EXPANSION_600,HNX,UNAVAILABLE,UNAVAILABLE,HNX,UNAVAILABLE,CURRENT_LISTING_ONLY,KBS_CURRENT_LISTING,NO_KNOWN_MATCH,KBS current stock listing; exchange is deterministic pre-crawl priority signal
277,KBS:HNX:HKT,HKT,HNX,CTCP QP Holdings,stock,SELECTED_EXPANSION_600,HNX,UNAVAILABLE,UNAVAILABLE,HNX,UNAVAILABLE,CURRENT_LISTING_ONLY,KBS_CURRENT_LISTING,NO_KNOWN_MATCH,KBS current stock listing; exchange is deterministic pre-crawl priority signal
278,KBS:HNX:HOM,HOM,HNX,CTCP Xi măng VICEM Hoàng Mai,stock,SELECTED_EXPANSION_600,HNX,UNAVAILABLE,UNAVAILABLE,HNX,UNAVAILABLE,CURRENT_LISTING_ONLY,KBS_CURRENT_LISTING,NO_KNOWN_MATCH,KBS current stock listing; exchange is deterministic pre-crawl priority signal
279,KBS:HNX:HTC,HTC,HNX,CTCP Thương mại Hóc Môn,stock,SELECTED_EXPANSION_600,HNX,UNAVAILABLE,UNAVAILABLE,HNX,UNAVAILABLE,CURRENT_LISTING_ONLY,KBS_CURRENT_LISTING,NO_KNOWN_MATCH,KBS current stock listing; exchange is deterministic pre-crawl priority signal
280,KBS:HNX:HUT,HUT,HNX,CTCP Tasco,stock,SELECTED_EXPANSION_600,HNX,UNAVAILABLE,UNAVAILABLE,HNX,UNAVAILABLE,CURRENT_LISTING_ONLY,KBS_CURRENT_LISTING,NO_KNOWN_MATCH,KBS current stock listing; exchange is deterministic pre-crawl priority signal
281,KBS:HNX:HVT,HVT,HNX,CTCP Hóa chất Việt Trì,stock,SELECTED_EXPANSION_600,HNX,UNAVAILABLE,UNAVAILABLE,HNX,UNAVAILABLE,CURRENT_LISTING_ONLY,KBS_CURRENT_LISTING,NO_KNOWN_MATCH,KBS current stock listing; exchange is deterministic pre-crawl priority signal
282,KBS:HNX:ICG,ICG,HNX,CTCP Xây dựng Sông Hồng,stock,SELECTED_EXPANSION_600,HNX,UNAVAILABLE,UNAVAILABLE,HNX,UNAVAILABLE,CURRENT_LISTING_ONLY,KBS_CURRENT_LISTING,NO_KNOWN_MATCH,KBS current stock listing; exchange is deterministic pre-crawl priority signal
283,KBS:HNX:IDJ,IDJ,HNX,CTCP Đầu tư IDJ Việt Nam,stock,SELECTED_EXPANSION_600,HNX,UNAVAILABLE,UNAVAILABLE,HNX,UNAVAILABLE,CURRENT_LISTING_ONLY,KBS_CURRENT_LISTING,NO_KNOWN_MATCH,KBS current stock listing; exchange is deterministic pre-crawl priority signal
284,KBS:HNX:INC,INC,HNX,CTCP Tư vấn Đầu tư IDICO,stock,SELECTED_EXPANSION_600,HNX,UNAVAILABLE,UNAVAILABLE,HNX,UNAVAILABLE,CURRENT_LISTING_ONLY,KBS_CURRENT_LISTING,NO_KNOWN_MATCH,KBS current stock listing; exchange is deterministic pre-crawl priority signal
285,KBS:HNX:ITQ,ITQ,HNX,CTCP Tập đoàn Thiên Quang,stock,SELECTED_EXPANSION_600,HNX,UNAVAILABLE,UNAVAILABLE,HNX,UNAVAILABLE,CURRENT_LISTING_ONLY,KBS_CURRENT_LISTING,NO_KNOWN_MATCH,KBS current stock listing; exchange is deterministic pre-crawl priority signal
286,KBS:HNX:IVS,IVS,HNX,CTCP Chứng khoán Guotai Haitong (Việt Nam),stock,SELECTED_EXPANSION_600,HNX,UNAVAILABLE,UNAVAILABLE,HNX,UNAVAILABLE,CURRENT_LISTING_ONLY,KBS_CURRENT_LISTING,NO_KNOWN_MATCH,KBS current stock listing; exchange is deterministic pre-crawl priority signal
287,KBS:HNX:KDM,KDM,HNX,CTCP Tập Đoàn GCL,stock,SELECTED_EXPANSION_600,HNX,UNAVAILABLE,UNAVAILABLE,HNX,UNAVAILABLE,CURRENT_LISTING_ONLY,KBS_CURRENT_LISTING,NO_KNOWN_MATCH,KBS current stock listing; exchange is deterministic pre-crawl priority signal
288,KBS:HNX:KMT,KMT,HNX,CTCP Kim khí Miền Trung,stock,SELECTED_EXPANSION_600,HNX,UNAVAILABLE,UNAVAILABLE,HNX,UNAVAILABLE,CURRENT_LISTING_ONLY,KBS_CURRENT_LISTING,NO_KNOWN_MATCH,KBS current stock listing; exchange is deterministic pre-crawl priority signal
289,KBS:HNX:KSF,KSF,HNX,CTCP Tập đoàn Sunshine,stock,SELECTED_EXPANSION_600,HNX,UNAVAILABLE,UNAVAILABLE,HNX,UNAVAILABLE,CURRENT_LISTING_ONLY,KBS_CURRENT_LISTING,NO_KNOWN_MATCH,KBS current stock listing; exchange is deterministic pre-crawl priority signal
290,KBS:HNX:KSV,KSV,HNX,Tổng Công ty Khoáng sản TKV - CTCP,stock,SELECTED_EXPANSION_600,HNX,UNAVAILABLE,UNAVAILABLE,HNX,UNAVAILABLE,CURRENT_LISTING_ONLY,KBS_CURRENT_LISTING,NO_KNOWN_MATCH,KBS current stock listing; exchange is deterministic pre-crawl priority signal
291,KBS:HNX:L14,L14,HNX,CTCP Licogi 14,stock,SELECTED_EXPANSION_600,HNX,UNAVAILABLE,UNAVAILABLE,HNX,UNAVAILABLE,CURRENT_LISTING_ONLY,KBS_CURRENT_LISTING,NO_KNOWN_MATCH,KBS current stock listing; exchange is deterministic pre-crawl priority signal
292,KBS:HNX:L40,L40,HNX,CTCP Đầu Tư và Xây dựng 40,stock,SELECTED_EXPANSION_600,HNX,UNAVAILABLE,UNAVAILABLE,HNX,UNAVAILABLE,CURRENT_LISTING_ONLY,KBS_CURRENT_LISTING,NO_KNOWN_MATCH,KBS current stock listing; exchange is deterministic pre-crawl priority signal
293,KBS:HNX:LBE,LBE,HNX,CTCP Thương mại và Dịch vụ LVA,stock,SELECTED_EXPANSION_600,HNX,UNAVAILABLE,UNAVAILABLE,HNX,UNAVAILABLE,CURRENT_LISTING_ONLY,KBS_CURRENT_LISTING,NO_KNOWN_MATCH,KBS current stock listing; exchange is deterministic pre-crawl priority signal
294,KBS:HNX:LCD,LCD,HNX,CTCP Lắp máy - Thí nghiệm Cơ điện,stock,SELECTED_EXPANSION_600,HNX,UNAVAILABLE,UNAVAILABLE,HNX,UNAVAILABLE,CURRENT_LISTING_ONLY,KBS_CURRENT_LISTING,NO_KNOWN_MATCH,KBS current stock listing; exchange is deterministic pre-crawl priority signal
295,KBS:HNX:LHC,LHC,HNX,CTCP Đầu tư và Xây dựng Thủy lợi Lâm Đồng,stock,SELECTED_EXPANSION_600,HNX,UNAVAILABLE,UNAVAILABLE,HNX,UNAVAILABLE,CURRENT_LISTING_ONLY,KBS_CURRENT_LISTING,NO_KNOWN_MATCH,KBS current stock listing; exchange is deterministic pre-crawl priority signal
296,KBS:HNX:LIG,LIG,HNX,CTCP Licogi 13,stock,SELECTED_EXPANSION_600,HNX,UNAVAILABLE,UNAVAILABLE,HNX,UNAVAILABLE,CURRENT_LISTING_ONLY,KBS_CURRENT_LISTING,NO_KNOWN_MATCH,KBS current stock listing; exchange is deterministic pre-crawl priority signal
297,KBS:HNX:MBG,MBG,HNX,CTCP Tập đoàn MBG,stock,SELECTED_EXPANSION_600,HNX,UNAVAILABLE,UNAVAILABLE,HNX,UNAVAILABLE,CURRENT_LISTING_ONLY,KBS_CURRENT_LISTING,NO_KNOWN_MATCH,KBS current stock listing; exchange is deterministic pre-crawl priority signal
298,KBS:HNX:MBS,MBS,HNX,CTCP Chứng khoán MB,stock,SELECTED_EXPANSION_600,HNX,UNAVAILABLE,UNAVAILABLE,HNX,UNAVAILABLE,CURRENT_LISTING_ONLY,KBS_CURRENT_LISTING,NO_KNOWN_MATCH,KBS current stock listing; exchange is deterministic pre-crawl priority signal
299,KBS:HNX:MCC,MCC,HNX,CTCP Gạch ngói Cao cấp,stock,SELECTED_EXPANSION_600,HNX,UNAVAILABLE,UNAVAILABLE,HNX,UNAVAILABLE,CURRENT_LISTING_ONLY,KBS_CURRENT_LISTING,NO_KNOWN_MATCH,KBS current stock listing; exchange is deterministic pre-crawl priority signal
300,KBS:HNX:MCF,MCF,HNX,CTCP Xây lắp Cơ khí và Lương thực Thực phẩm,stock,SELECTED_EXPANSION_600,HNX,UNAVAILABLE,UNAVAILABLE,HNX,UNAVAILABLE,CURRENT_LISTING_ONLY,KBS_CURRENT_LISTING,NO_KNOWN_MATCH,KBS current stock listing; exchange is deterministic pre-crawl priority signal
301,KBS:HNX:MED,MED,HNX,CTCP Dược Trung ương Mediplantex,stock,SELECTED_EXPANSION_600,HNX,UNAVAILABLE,UNAVAILABLE,HNX,UNAVAILABLE,CURRENT_LISTING_ONLY,KBS_CURRENT_LISTING,NO_KNOWN_MATCH,KBS current stock listing; exchange is deterministic pre-crawl priority signal
302,KBS:HNX:MEL,MEL,HNX,CTCP Thép Mê Lin,stock,SELECTED_EXPANSION_600,HNX,UNAVAILABLE,UNAVAILABLE,HNX,UNAVAILABLE,CURRENT_LISTING_ONLY,KBS_CURRENT_LISTING,NO_KNOWN_MATCH,KBS current stock listing; exchange is deterministic pre-crawl priority signal
303,KBS:HNX:MST,MST,HNX,CTCP Đầu tư MST,stock,SELECTED_EXPANSION_600,HNX,UNAVAILABLE,UNAVAILABLE,HNX,UNAVAILABLE,CURRENT_LISTING_ONLY,KBS_CURRENT_LISTING,NO_KNOWN_MATCH,KBS current stock listing; exchange is deterministic pre-crawl priority signal
304,KBS:HNX:NAG,NAG,HNX,CTCP Tập đoàn Nagakawa,stock,SELECTED_EXPANSION_600,HNX,UNAVAILABLE,UNAVAILABLE,HNX,UNAVAILABLE,CURRENT_LISTING_ONLY,KBS_CURRENT_LISTING,NO_KNOWN_MATCH,KBS current stock listing; exchange is deterministic pre-crawl priority signal
305,KBS:HNX:NAP,NAP,HNX,CTCP Cảng Nghệ Tĩnh,stock,SELECTED_EXPANSION_600,HNX,UNAVAILABLE,UNAVAILABLE,HNX,UNAVAILABLE,CURRENT_LISTING_ONLY,KBS_CURRENT_LISTING,NO_KNOWN_MATCH,KBS current stock listing; exchange is deterministic pre-crawl priority signal
306,KBS:HNX:NBC,NBC,HNX,CTCP Than Núi Béo - Vinacomin,stock,SELECTED_EXPANSION_600,HNX,UNAVAILABLE,UNAVAILABLE,HNX,UNAVAILABLE,CURRENT_LISTING_ONLY,KBS_CURRENT_LISTING,NO_KNOWN_MATCH,KBS current stock listing; exchange is deterministic pre-crawl priority signal
307,KBS:HNX:NBP,NBP,HNX,CTCP Nhiệt điện Ninh Bình,stock,SELECTED_EXPANSION_600,HNX,UNAVAILABLE,UNAVAILABLE,HNX,UNAVAILABLE,CURRENT_LISTING_ONLY,KBS_CURRENT_LISTING,NO_KNOWN_MATCH,KBS current stock listing; exchange is deterministic pre-crawl priority signal
308,KBS:HNX:NBW,NBW,HNX,CTCP Cấp nước Nhà Bè,stock,SELECTED_EXPANSION_600,HNX,UNAVAILABLE,UNAVAILABLE,HNX,UNAVAILABLE,CURRENT_LISTING_ONLY,KBS_CURRENT_LISTING,NO_KNOWN_MATCH,KBS current stock listing; exchange is deterministic pre-crawl priority signal
309,KBS:HNX:NDN,NDN,HNX,CTCP Đầu tư Phát triển Nhà Đà Nẵng,stock,SELECTED_EXPANSION_600,HNX,UNAVAILABLE,UNAVAILABLE,HNX,UNAVAILABLE,CURRENT_LISTING_ONLY,KBS_CURRENT_LISTING,NO_KNOWN_MATCH,KBS current stock listing; exchange is deterministic pre-crawl priority signal
310,KBS:HNX:NDX,NDX,HNX,CTCP Xây lắp Phát triển Nhà Đà Nẵng,stock,SELECTED_EXPANSION_600,HNX,UNAVAILABLE,UNAVAILABLE,HNX,UNAVAILABLE,CURRENT_LISTING_ONLY,KBS_CURRENT_LISTING,NO_KNOWN_MATCH,KBS current stock listing; exchange is deterministic pre-crawl priority signal
311,KBS:HNX:NET,NET,HNX,CTCP Bột giặt NET,stock,SELECTED_EXPANSION_600,HNX,UNAVAILABLE,UNAVAILABLE,HNX,UNAVAILABLE,CURRENT_LISTING_ONLY,KBS_CURRENT_LISTING,NO_KNOWN_MATCH,KBS current stock listing; exchange is deterministic pre-crawl priority signal
312,KBS:HNX:NFC,NFC,HNX,CTCP Phân lân Ninh Bình,stock,SELECTED_EXPANSION_600,HNX,UNAVAILABLE,UNAVAILABLE,HNX,UNAVAILABLE,CURRENT_LISTING_ONLY,KBS_CURRENT_LISTING,NO_KNOWN_MATCH,KBS current stock listing; exchange is deterministic pre-crawl priority signal
313,KBS:HNX:NHC,NHC,HNX,CTCP Gạch ngói Nhị Hiệp,stock,SELECTED_EXPANSION_600,HNX,UNAVAILABLE,UNAVAILABLE,HNX,UNAVAILABLE,CURRENT_LISTING_ONLY,KBS_CURRENT_LISTING,NO_KNOWN_MATCH,KBS current stock listing; exchange is deterministic pre-crawl priority signal
314,KBS:HNX:NRC,NRC,HNX,CTCP Tập đoàn Bất động sản Quốc gia,stock,SELECTED_EXPANSION_600,HNX,UNAVAILABLE,UNAVAILABLE,HNX,UNAVAILABLE,CURRENT_LISTING_ONLY,KBS_CURRENT_LISTING,NO_KNOWN_MATCH,KBS current stock listing; exchange is deterministic pre-crawl priority signal
315,KBS:HNX:NVB,NVB,HNX,Ngân hàng TMCP Quốc Dân,stock,SELECTED_EXPANSION_600,HNX,UNAVAILABLE,UNAVAILABLE,HNX,UNAVAILABLE,CURRENT_LISTING_ONLY,KBS_CURRENT_LISTING,NO_KNOWN_MATCH,KBS current stock listing; exchange is deterministic pre-crawl priority signal
316,KBS:HNX:OCH,OCH,HNX,CTCP One Capital Hospitality,stock,SELECTED_EXPANSION_600,HNX,UNAVAILABLE,UNAVAILABLE,HNX,UNAVAILABLE,CURRENT_LISTING_ONLY,KBS_CURRENT_LISTING,NO_KNOWN_MATCH,KBS current stock listing; exchange is deterministic pre-crawl priority signal
317,KBS:HNX:PCT,PCT,HNX,CTCP Vận tải biển Global Pacific,stock,SELECTED_EXPANSION_600,HNX,UNAVAILABLE,UNAVAILABLE,HNX,UNAVAILABLE,CURRENT_LISTING_ONLY,KBS_CURRENT_LISTING,NO_KNOWN_MATCH,KBS current stock listing; exchange is deterministic pre-crawl priority signal
318,KBS:HNX:PDB,PDB,HNX,CTCP Tập đoàn Đầu tư Din Capital,stock,SELECTED_EXPANSION_600,HNX,UNAVAILABLE,UNAVAILABLE,HNX,UNAVAILABLE,CURRENT_LISTING_ONLY,KBS_CURRENT_LISTING,NO_KNOWN_MATCH,KBS current stock listing; exchange is deterministic pre-crawl priority signal
319,KBS:HNX:PEN,PEN,HNX,CTCP Xây lắp III Petrolimex,stock,SELECTED_EXPANSION_600,HNX,UNAVAILABLE,UNAVAILABLE,HNX,UNAVAILABLE,CURRENT_LISTING_ONLY,KBS_CURRENT_LISTING,NO_KNOWN_MATCH,KBS current stock listing; exchange is deterministic pre-crawl priority signal
320,KBS:HNX:PGN,PGN,HNX,CTCP Phụ Gia Nhựa,stock,SELECTED_EXPANSION_600,HNX,UNAVAILABLE,UNAVAILABLE,HNX,UNAVAILABLE,CURRENT_LISTING_ONLY,KBS_CURRENT_LISTING,NO_KNOWN_MATCH,KBS current stock listing; exchange is deterministic pre-crawl priority signal
321,KBS:HNX:PGT,PGT,HNX,CTCP PGT Holdings,stock,SELECTED_EXPANSION_600,HNX,UNAVAILABLE,UNAVAILABLE,HNX,UNAVAILABLE,CURRENT_LISTING_ONLY,KBS_CURRENT_LISTING,NO_KNOWN_MATCH,KBS current stock listing; exchange is deterministic pre-crawl priority signal
322,KBS:HNX:PJC,PJC,HNX,CTCP Thương mại và Vận tải Petrolimex Hà Nội,stock,SELECTED_EXPANSION_600,HNX,UNAVAILABLE,UNAVAILABLE,HNX,UNAVAILABLE,CURRENT_LISTING_ONLY,KBS_CURRENT_LISTING,NO_KNOWN_MATCH,KBS current stock listing; exchange is deterministic pre-crawl priority signal
323,KBS:HNX:PLC,PLC,HNX,Tổng Công ty Hóa dầu Petrolimex - CTCP,stock,SELECTED_EXPANSION_600,HNX,UNAVAILABLE,UNAVAILABLE,HNX,UNAVAILABLE,CURRENT_LISTING_ONLY,KBS_CURRENT_LISTING,NO_KNOWN_MATCH,KBS current stock listing; exchange is deterministic pre-crawl priority signal
324,KBS:HNX:PMC,PMC,HNX,CTCP Dược phẩm Dược liệu Pharmedic,stock,SELECTED_EXPANSION_600,HNX,UNAVAILABLE,UNAVAILABLE,HNX,UNAVAILABLE,CURRENT_LISTING_ONLY,KBS_CURRENT_LISTING,NO_KNOWN_MATCH,KBS current stock listing; exchange is deterministic pre-crawl priority signal
325,KBS:HNX:PMP,PMP,HNX,CTCP Bao bì đạm Phú Mỹ,stock,SELECTED_EXPANSION_600,HNX,UNAVAILABLE,UNAVAILABLE,HNX,UNAVAILABLE,CURRENT_LISTING_ONLY,KBS_CURRENT_LISTING,NO_KNOWN_MATCH,KBS current stock listing; exchange is deterministic pre-crawl priority signal
326,KBS:HNX:PMS,PMS,HNX,CTCP Cơ khí Xăng dầu,stock,SELECTED_EXPANSION_600,HNX,UNAVAILABLE,UNAVAILABLE,HNX,UNAVAILABLE,CURRENT_LISTING_ONLY,KBS_CURRENT_LISTING,NO_KNOWN_MATCH,KBS current stock listing; exchange is deterministic pre-crawl priority signal
327,KBS:HNX:POT,POT,HNX,CTCP Thiết bị Bưu điện,stock,SELECTED_EXPANSION_600,HNX,UNAVAILABLE,UNAVAILABLE,HNX,UNAVAILABLE,CURRENT_LISTING_ONLY,KBS_CURRENT_LISTING,NO_KNOWN_MATCH,KBS current stock listing; exchange is deterministic pre-crawl priority signal
328,KBS:HNX:PPS,PPS,HNX,CTCP Dịch vụ Kỹ thuật Điện lực Dầu khí Việt Nam,stock,SELECTED_EXPANSION_600,HNX,UNAVAILABLE,UNAVAILABLE,HNX,UNAVAILABLE,CURRENT_LISTING_ONLY,KBS_CURRENT_LISTING,NO_KNOWN_MATCH,KBS current stock listing; exchange is deterministic pre-crawl priority signal
329,KBS:HNX:PPT,PPT,HNX,CTCP Petro Times,stock,SELECTED_EXPANSION_600,HNX,UNAVAILABLE,UNAVAILABLE,HNX,UNAVAILABLE,CURRENT_LISTING_ONLY,KBS_CURRENT_LISTING,NO_KNOWN_MATCH,KBS current stock listing; exchange is deterministic pre-crawl priority signal
330,KBS:HNX:PPY,PPY,HNX,CTCP Xăng dầu Dầu khí Phú Yên,stock,SELECTED_EXPANSION_600,HNX,UNAVAILABLE,UNAVAILABLE,HNX,UNAVAILABLE,CURRENT_LISTING_ONLY,KBS_CURRENT_LISTING,NO_KNOWN_MATCH,KBS current stock listing; exchange is deterministic pre-crawl priority signal
331,KBS:HNX:PRE,PRE,HNX,Tổng Công ty cổ phần Tái bảo hiểm Hà Nội,stock,SELECTED_EXPANSION_600,HNX,UNAVAILABLE,UNAVAILABLE,HNX,UNAVAILABLE,CURRENT_LISTING_ONLY,KBS_CURRENT_LISTING,NO_KNOWN_MATCH,KBS current stock listing; exchange is deterministic pre-crawl priority signal
332,KBS:HNX:PSC,PSC,HNX,CTCP Vận tải và Dịch vụ Petrolimex Sài Gòn,stock,SELECTED_EXPANSION_600,HNX,UNAVAILABLE,UNAVAILABLE,HNX,UNAVAILABLE,CURRENT_LISTING_ONLY,KBS_CURRENT_LISTING,NO_KNOWN_MATCH,KBS current stock listing; exchange is deterministic pre-crawl priority signal
333,KBS:HNX:PSE,PSE,HNX,CTCP Phân Bón và Hóa Chất Dầu khí Đông Nam Bộ,stock,SELECTED_EXPANSION_600,HNX,UNAVAILABLE,UNAVAILABLE,HNX,UNAVAILABLE,CURRENT_LISTING_ONLY,KBS_CURRENT_LISTING,NO_KNOWN_MATCH,KBS current stock listing; exchange is deterministic pre-crawl priority signal
334,KBS:HNX:PSW,PSW,HNX,CTCP Phân bón và Hóa chất Dầu khí Tây Nam Bộ,stock,SELECTED_EXPANSION_600,HNX,UNAVAILABLE,UNAVAILABLE,HNX,UNAVAILABLE,CURRENT_LISTING_ONLY,KBS_CURRENT_LISTING,NO_KNOWN_MATCH,KBS current stock listing; exchange is deterministic pre-crawl priority signal
335,KBS:HNX:PTI,PTI,HNX,Tổng Công ty cổ phần Bảo hiểm Bưu điện,stock,SELECTED_EXPANSION_600,HNX,UNAVAILABLE,UNAVAILABLE,HNX,UNAVAILABLE,CURRENT_LISTING_ONLY,KBS_CURRENT_LISTING,NO_KNOWN_MATCH,KBS current stock listing; exchange is deterministic pre-crawl priority signal
336,KBS:HNX:PTS,PTS,HNX,CTCP Vận tải và Dịch vụ Petrolimex Hải Phòng,stock,SELECTED_EXPANSION_600,HNX,UNAVAILABLE,UNAVAILABLE,HNX,UNAVAILABLE,CURRENT_LISTING_ONLY,KBS_CURRENT_LISTING,NO_KNOWN_MATCH,KBS current stock listing; exchange is deterministic pre-crawl priority signal
337,KBS:HNX:PTX,PTX,HNX,CTCP Vận tải và Dịch vụ Petrolimex Nghệ Tĩnh,stock,SELECTED_EXPANSION_600,HNX,UNAVAILABLE,UNAVAILABLE,HNX,UNAVAILABLE,CURRENT_LISTING_ONLY,KBS_CURRENT_LISTING,NO_KNOWN_MATCH,KBS current stock listing; exchange is deterministic pre-crawl priority signal
338,KBS:HNX:PVC,PVC,HNX,Tổng Công ty Hóa chất và Dịch vụ Dầu khí - CTCP,stock,SELECTED_EXPANSION_600,HNX,UNAVAILABLE,UNAVAILABLE,HNX,UNAVAILABLE,CURRENT_LISTING_ONLY,KBS_CURRENT_LISTING,NO_KNOWN_MATCH,KBS current stock listing; exchange is deterministic pre-crawl priority signal
339,KBS:HNX:QHD,QHD,HNX,CTCP Que hàn điện Việt Đức,stock,SELECTED_EXPANSION_600,HNX,UNAVAILABLE,UNAVAILABLE,HNX,UNAVAILABLE,CURRENT_LISTING_ONLY,KBS_CURRENT_LISTING,NO_KNOWN_MATCH,KBS current stock listing; exchange is deterministic pre-crawl priority signal
340,KBS:HNX:QST,QST,HNX,CTCP Sách và Thiết bị Trường học Quảng Ninh,stock,SELECTED_EXPANSION_600,HNX,UNAVAILABLE,UNAVAILABLE,HNX,UNAVAILABLE,CURRENT_LISTING_ONLY,KBS_CURRENT_LISTING,NO_KNOWN_MATCH,KBS current stock listing; exchange is deterministic pre-crawl priority signal
341,KBS:HNX:QTC,QTC,HNX,CTCP Công trình Giao thông Vận tải Quảng Nam,stock,SELECTED_EXPANSION_600,HNX,UNAVAILABLE,UNAVAILABLE,HNX,UNAVAILABLE,CURRENT_LISTING_ONLY,KBS_CURRENT_LISTING,NO_KNOWN_MATCH,KBS current stock listing; exchange is deterministic pre-crawl priority signal
342,KBS:HNX:RCL,RCL,HNX,CTCP Địa ốc Chợ Lớn,stock,SELECTED_EXPANSION_600,HNX,UNAVAILABLE,UNAVAILABLE,HNX,UNAVAILABLE,CURRENT_LISTING_ONLY,KBS_CURRENT_LISTING,NO_KNOWN_MATCH,KBS current stock listing; exchange is deterministic pre-crawl priority signal
343,KBS:HNX:SCG,SCG,HNX,CTCP Tập đoàn Xây dựng SCG,stock,SELECTED_EXPANSION_600,HNX,UNAVAILABLE,UNAVAILABLE,HNX,UNAVAILABLE,CURRENT_LISTING_ONLY,KBS_CURRENT_LISTING,NO_KNOWN_MATCH,KBS current stock listing; exchange is deterministic pre-crawl priority signal
344,KBS:HNX:SCI,SCI,HNX,CTCP SCI E&C,stock,SELECTED_EXPANSION_600,HNX,UNAVAILABLE,UNAVAILABLE,HNX,UNAVAILABLE,CURRENT_LISTING_ONLY,KBS_CURRENT_LISTING,NO_KNOWN_MATCH,KBS current stock listing; exchange is deterministic pre-crawl priority signal
345,KBS:HNX:SD9,SD9,HNX,CTCP Sông Đà 9,stock,SELECTED_EXPANSION_600,HNX,UNAVAILABLE,UNAVAILABLE,HNX,UNAVAILABLE,CURRENT_LISTING_ONLY,KBS_CURRENT_LISTING,NO_KNOWN_MATCH,KBS current stock listing; exchange is deterministic pre-crawl priority signal
346,KBS:HNX:SDC,SDC,HNX,CTCP Tư vấn Sông Đà,stock,SELECTED_EXPANSION_600,HNX,UNAVAILABLE,UNAVAILABLE,HNX,UNAVAILABLE,CURRENT_LISTING_ONLY,KBS_CURRENT_LISTING,NO_KNOWN_MATCH,KBS current stock listing; exchange is deterministic pre-crawl priority signal
347,KBS:HNX:SDG,SDG,HNX,CTCP Sadico Cần Thơ,stock,SELECTED_EXPANSION_600,HNX,UNAVAILABLE,UNAVAILABLE,HNX,UNAVAILABLE,CURRENT_LISTING_ONLY,KBS_CURRENT_LISTING,NO_KNOWN_MATCH,KBS current stock listing; exchange is deterministic pre-crawl priority signal
348,KBS:HNX:SDN,SDN,HNX,CTCP Sơn Đồng Nai,stock,SELECTED_EXPANSION_600,HNX,UNAVAILABLE,UNAVAILABLE,HNX,UNAVAILABLE,CURRENT_LISTING_ONLY,KBS_CURRENT_LISTING,NO_KNOWN_MATCH,KBS current stock listing; exchange is deterministic pre-crawl priority signal
349,KBS:HNX:SDU,SDU,HNX,CTCP Đầu tư Xây dựng và Phát triển Đô thị Sông Đà,stock,SELECTED_EXPANSION_600,HNX,UNAVAILABLE,UNAVAILABLE,HNX,UNAVAILABLE,CURRENT_LISTING_ONLY,KBS_CURRENT_LISTING,NO_KNOWN_MATCH,KBS current stock listing; exchange is deterministic pre-crawl priority signal
350,KBS:HNX:SFN,SFN,HNX,CTCP Dệt lưới Sài Gòn,stock,SELECTED_EXPANSION_600,HNX,UNAVAILABLE,UNAVAILABLE,HNX,UNAVAILABLE,CURRENT_LISTING_ONLY,KBS_CURRENT_LISTING,NO_KNOWN_MATCH,KBS current stock listing; exchange is deterministic pre-crawl priority signal
351,KBS:HNX:SGC,SGC,HNX,CTCP Xuất nhập khẩu Sa Giang,stock,SELECTED_EXPANSION_600,HNX,UNAVAILABLE,UNAVAILABLE,HNX,UNAVAILABLE,CURRENT_LISTING_ONLY,KBS_CURRENT_LISTING,NO_KNOWN_MATCH,KBS current stock listing; exchange is deterministic pre-crawl priority signal
352,KBS:HNX:SGH,SGH,HNX,CTCP Khách sạn Sài Gòn,stock,SELECTED_EXPANSION_600,HNX,UNAVAILABLE,UNAVAILABLE,HNX,UNAVAILABLE,CURRENT_LISTING_ONLY,KBS_CURRENT_LISTING,NO_KNOWN_MATCH,KBS current stock listing; exchange is deterministic pre-crawl priority signal
353,KBS:HNX:SHE,SHE,HNX,CTCP Phát triển Năng lượng Sơn Hà,stock,SELECTED_EXPANSION_600,HNX,UNAVAILABLE,UNAVAILABLE,HNX,UNAVAILABLE,CURRENT_LISTING_ONLY,KBS_CURRENT_LISTING,NO_KNOWN_MATCH,KBS current stock listing; exchange is deterministic pre-crawl priority signal
354,KBS:HNX:SHN,SHN,HNX,CTCP Đầu tư Tổng hợp Hà Nội,stock,SELECTED_EXPANSION_600,HNX,UNAVAILABLE,UNAVAILABLE,HNX,UNAVAILABLE,CURRENT_LISTING_ONLY,KBS_CURRENT_LISTING,NO_KNOWN_MATCH,KBS current stock listing; exchange is deterministic pre-crawl priority signal
355,KBS:HNX:SHS,SHS,HNX,CTCP Chứng khoán Sài Gòn - Hà Nội,stock,SELECTED_EXPANSION_600,HNX,UNAVAILABLE,UNAVAILABLE,HNX,UNAVAILABLE,CURRENT_LISTING_ONLY,KBS_CURRENT_LISTING,NO_KNOWN_MATCH,KBS current stock listing; exchange is deterministic pre-crawl priority signal
356,KBS:HNX:SJ1,SJ1,HNX,CTCP Nông nghiệp Hùng Hậu,stock,SELECTED_EXPANSION_600,HNX,UNAVAILABLE,UNAVAILABLE,HNX,UNAVAILABLE,CURRENT_LISTING_ONLY,KBS_CURRENT_LISTING,NO_KNOWN_MATCH,KBS current stock listing; exchange is deterministic pre-crawl priority signal
357,KBS:HNX:SMN,SMN,HNX,CTCP Sách và Thiết bị Giáo dục Miền Nam,stock,SELECTED_EXPANSION_600,HNX,UNAVAILABLE,UNAVAILABLE,HNX,UNAVAILABLE,CURRENT_LISTING_ONLY,KBS_CURRENT_LISTING,NO_KNOWN_MATCH,KBS current stock listing; exchange is deterministic pre-crawl priority signal
358,KBS:HNX:SMT,SMT,HNX,CTCP Sametel,stock,SELECTED_EXPANSION_600,HNX,UNAVAILABLE,UNAVAILABLE,HNX,UNAVAILABLE,CURRENT_LISTING_ONLY,KBS_CURRENT_LISTING,NO_KNOWN_MATCH,KBS current stock listing; exchange is deterministic pre-crawl priority signal
359,KBS:HNX:SPC,SPC,HNX,CTCP Bảo vệ Thực vật Sài Gòn,stock,SELECTED_EXPANSION_600,HNX,UNAVAILABLE,UNAVAILABLE,HNX,UNAVAILABLE,CURRENT_LISTING_ONLY,KBS_CURRENT_LISTING,NO_KNOWN_MATCH,KBS current stock listing; exchange is deterministic pre-crawl priority signal
360,KBS:HNX:SRA,SRA,HNX,CTCP Sara Việt Nam,stock,SELECTED_EXPANSION_600,HNX,UNAVAILABLE,UNAVAILABLE,HNX,UNAVAILABLE,CURRENT_LISTING_ONLY,KBS_CURRENT_LISTING,NO_KNOWN_MATCH,KBS current stock listing; exchange is deterministic pre-crawl priority signal
361,KBS:HNX:SSM,SSM,HNX,CTCP Chế tạo kết cấu Thép Vneco.SSM,stock,SELECTED_EXPANSION_600,HNX,UNAVAILABLE,UNAVAILABLE,HNX,UNAVAILABLE,CURRENT_LISTING_ONLY,KBS_CURRENT_LISTING,NO_KNOWN_MATCH,KBS current stock listing; exchange is deterministic pre-crawl priority signal
362,KBS:HNX:STC,STC,HNX,CTCP Sách và Thiết bị Trường học Thành phố Hồ Chí Minh,stock,SELECTED_EXPANSION_600,HNX,UNAVAILABLE,UNAVAILABLE,HNX,UNAVAILABLE,CURRENT_LISTING_ONLY,KBS_CURRENT_LISTING,NO_KNOWN_MATCH,KBS current stock listing; exchange is deterministic pre-crawl priority signal
363,KBS:HNX:SZB,SZB,HNX,CTCP Sonadezi Long Bình,stock,SELECTED_EXPANSION_600,HNX,UNAVAILABLE,UNAVAILABLE,HNX,UNAVAILABLE,CURRENT_LISTING_ONLY,KBS_CURRENT_LISTING,NO_KNOWN_MATCH,KBS current stock listing; exchange is deterministic pre-crawl priority signal
364,KBS:HNX:TA9,TA9,HNX,CTCP Xây lắp Thành An 96,stock,SELECTED_EXPANSION_600,HNX,UNAVAILABLE,UNAVAILABLE,HNX,UNAVAILABLE,CURRENT_LISTING_ONLY,KBS_CURRENT_LISTING,NO_KNOWN_MATCH,KBS current stock listing; exchange is deterministic pre-crawl priority signal
365,KBS:HNX:TD6,TD6,HNX,CTCP Than Đèo Nai - Cọc Sáu - TKV,stock,SELECTED_EXPANSION_600,HNX,UNAVAILABLE,UNAVAILABLE,HNX,UNAVAILABLE,CURRENT_LISTING_ONLY,KBS_CURRENT_LISTING,NO_KNOWN_MATCH,KBS current stock listing; exchange is deterministic pre-crawl priority signal
366,KBS:HNX:TET,TET,HNX,CTCP Bất động sản Pristie,stock,SELECTED_EXPANSION_600,HNX,UNAVAILABLE,UNAVAILABLE,HNX,UNAVAILABLE,CURRENT_LISTING_ONLY,KBS_CURRENT_LISTING,NO_KNOWN_MATCH,KBS current stock listing; exchange is deterministic pre-crawl priority signal
367,KBS:HNX:TFC,TFC,HNX,CTCP Trang,stock,SELECTED_EXPANSION_600,HNX,UNAVAILABLE,UNAVAILABLE,HNX,UNAVAILABLE,CURRENT_LISTING_ONLY,KBS_CURRENT_LISTING,NO_KNOWN_MATCH,KBS current stock listing; exchange is deterministic pre-crawl priority signal
368,KBS:HNX:THB,THB,HNX,CTCP Bia Hà Nội - Thanh Hóa,stock,SELECTED_EXPANSION_600,HNX,UNAVAILABLE,UNAVAILABLE,HNX,UNAVAILABLE,CURRENT_LISTING_ONLY,KBS_CURRENT_LISTING,NO_KNOWN_MATCH,KBS current stock listing; exchange is deterministic pre-crawl priority signal
369,KBS:HNX:THD,THD,HNX,CTCP Thaiholdings,stock,SELECTED_EXPANSION_600,HNX,UNAVAILABLE,UNAVAILABLE,HNX,UNAVAILABLE,CURRENT_LISTING_ONLY,KBS_CURRENT_LISTING,NO_KNOWN_MATCH,KBS current stock listing; exchange is deterministic pre-crawl priority signal
370,KBS:HNX:THS,THS,HNX,CTCP Thanh Hoa - Sông Đà,stock,SELECTED_EXPANSION_600,HNX,UNAVAILABLE,UNAVAILABLE,HNX,UNAVAILABLE,CURRENT_LISTING_ONLY,KBS_CURRENT_LISTING,NO_KNOWN_MATCH,KBS current stock listing; exchange is deterministic pre-crawl priority signal
371,KBS:HNX:TJC,TJC,HNX,CTCP Dịch vụ Vận tải và Thương mại,stock,SELECTED_EXPANSION_600,HNX,UNAVAILABLE,UNAVAILABLE,HNX,UNAVAILABLE,CURRENT_LISTING_ONLY,KBS_CURRENT_LISTING,NO_KNOWN_MATCH,KBS current stock listing; exchange is deterministic pre-crawl priority signal
372,KBS:HNX:TMB,TMB,HNX,CTCP Kinh doanh Than Miền Bắc - Vinacomin,stock,SELECTED_EXPANSION_600,HNX,UNAVAILABLE,UNAVAILABLE,HNX,UNAVAILABLE,CURRENT_LISTING_ONLY,KBS_CURRENT_LISTING,NO_KNOWN_MATCH,KBS current stock listing; exchange is deterministic pre-crawl priority signal
373,KBS:HNX:TMC,TMC,HNX,CTCP Thương mại Xuất nhập khẩu Thủ Đức,stock,SELECTED_EXPANSION_600,HNX,UNAVAILABLE,UNAVAILABLE,HNX,UNAVAILABLE,CURRENT_LISTING_ONLY,KBS_CURRENT_LISTING,NO_KNOWN_MATCH,KBS current stock listing; exchange is deterministic pre-crawl priority signal
374,KBS:HNX:TOT,TOT,HNX,CTCP Transimex Logistics,stock,SELECTED_EXPANSION_600,HNX,UNAVAILABLE,UNAVAILABLE,HNX,UNAVAILABLE,CURRENT_LISTING_ONLY,KBS_CURRENT_LISTING,NO_KNOWN_MATCH,KBS current stock listing; exchange is deterministic pre-crawl priority signal
375,KBS:HNX:TPP,TPP,HNX,CTCP Tân Phú Việt Nam,stock,SELECTED_EXPANSION_600,HNX,UNAVAILABLE,UNAVAILABLE,HNX,UNAVAILABLE,CURRENT_LISTING_ONLY,KBS_CURRENT_LISTING,NO_KNOWN_MATCH,KBS current stock listing; exchange is deterministic pre-crawl priority signal
376,KBS:HNX:TSB,TSB,HNX,CTCP Ắc quy Tia Sáng,stock,SELECTED_EXPANSION_600,HNX,UNAVAILABLE,UNAVAILABLE,HNX,UNAVAILABLE,CURRENT_LISTING_ONLY,KBS_CURRENT_LISTING,NO_KNOWN_MATCH,KBS current stock listing; exchange is deterministic pre-crawl priority signal
377,KBS:HNX:TTC,TTC,HNX,CTCP Gạch men Thanh Thanh,stock,SELECTED_EXPANSION_600,HNX,UNAVAILABLE,UNAVAILABLE,HNX,UNAVAILABLE,CURRENT_LISTING_ONLY,KBS_CURRENT_LISTING,NO_KNOWN_MATCH,KBS current stock listing; exchange is deterministic pre-crawl priority signal
378,KBS:HNX:TTL,TTL,HNX,Tổng Công ty Thăng Long - CTCP,stock,SELECTED_EXPANSION_600,HNX,UNAVAILABLE,UNAVAILABLE,HNX,UNAVAILABLE,CURRENT_LISTING_ONLY,KBS_CURRENT_LISTING,NO_KNOWN_MATCH,KBS current stock listing; exchange is deterministic pre-crawl priority signal
379,KBS:HNX:TV4,TV4,HNX,CTCP Tư vấn Xây dựng Điện 4,stock,SELECTED_EXPANSION_600,HNX,UNAVAILABLE,UNAVAILABLE,HNX,UNAVAILABLE,CURRENT_LISTING_ONLY,KBS_CURRENT_LISTING,NO_KNOWN_MATCH,KBS current stock listing; exchange is deterministic pre-crawl priority signal
380,KBS:HNX:TVC,TVC,HNX,CTCP Tập đoàn Quản lý tài sản T-Corp,stock,SELECTED_EXPANSION_600,HNX,UNAVAILABLE,UNAVAILABLE,HNX,UNAVAILABLE,CURRENT_LISTING_ONLY,KBS_CURRENT_LISTING,NO_KNOWN_MATCH,KBS current stock listing; exchange is deterministic pre-crawl priority signal
381,KBS:HNX:TVD,TVD,HNX,CTCP Than Vàng Danh - Vinacomin,stock,SELECTED_EXPANSION_600,HNX,UNAVAILABLE,UNAVAILABLE,HNX,UNAVAILABLE,CURRENT_LISTING_ONLY,KBS_CURRENT_LISTING,NO_KNOWN_MATCH,KBS current stock listing; exchange is deterministic pre-crawl priority signal
382,KBS:HNX:TXM,TXM,HNX,CTCP VICEM Thạch cao Xi măng,stock,SELECTED_EXPANSION_600,HNX,UNAVAILABLE,UNAVAILABLE,HNX,UNAVAILABLE,CURRENT_LISTING_ONLY,KBS_CURRENT_LISTING,NO_KNOWN_MATCH,KBS current stock listing; exchange is deterministic pre-crawl priority signal
383,KBS:HNX:VBC,VBC,HNX,CTCP Nhựa - Bao bì Vinh,stock,SELECTED_EXPANSION_600,HNX,UNAVAILABLE,UNAVAILABLE,HNX,UNAVAILABLE,CURRENT_LISTING_ONLY,KBS_CURRENT_LISTING,NO_KNOWN_MATCH,KBS current stock listing; exchange is deterministic pre-crawl priority signal
384,KBS:HNX:VC1,VC1,HNX,CTCP Xây dựng Số 1,stock,SELECTED_EXPANSION_600,HNX,UNAVAILABLE,UNAVAILABLE,HNX,UNAVAILABLE,CURRENT_LISTING_ONLY,KBS_CURRENT_LISTING,NO_KNOWN_MATCH,KBS current stock listing; exchange is deterministic pre-crawl priority signal
385,KBS:HNX:VC2,VC2,HNX,CTCP Đầu tư và Xây dựng Vina2,stock,SELECTED_EXPANSION_600,HNX,UNAVAILABLE,UNAVAILABLE,HNX,UNAVAILABLE,CURRENT_LISTING_ONLY,KBS_CURRENT_LISTING,NO_KNOWN_MATCH,KBS current stock listing; exchange is deterministic pre-crawl priority signal
386,KBS:HNX:VC3,VC3,HNX,CTCP Tập đoàn Nam Mê Kông,stock,SELECTED_EXPANSION_600,HNX,UNAVAILABLE,UNAVAILABLE,HNX,UNAVAILABLE,CURRENT_LISTING_ONLY,KBS_CURRENT_LISTING,NO_KNOWN_MATCH,KBS current stock listing; exchange is deterministic pre-crawl priority signal
387,KBS:HNX:VC6,VC6,HNX,CTCP Xây dựng và Đầu tư Visicons,stock,SELECTED_EXPANSION_600,HNX,UNAVAILABLE,UNAVAILABLE,HNX,UNAVAILABLE,CURRENT_LISTING_ONLY,KBS_CURRENT_LISTING,NO_KNOWN_MATCH,KBS current stock listing; exchange is deterministic pre-crawl priority signal
388,KBS:HNX:VCC,VCC,HNX,CTCP Vinaconex 25,stock,SELECTED_EXPANSION_600,HNX,UNAVAILABLE,UNAVAILABLE,HNX,UNAVAILABLE,CURRENT_LISTING_ONLY,KBS_CURRENT_LISTING,NO_KNOWN_MATCH,KBS current stock listing; exchange is deterministic pre-crawl priority signal
389,KBS:HNX:VCM,VCM,HNX,CTCP BV Life,stock,SELECTED_EXPANSION_600,HNX,UNAVAILABLE,UNAVAILABLE,HNX,UNAVAILABLE,CURRENT_LISTING_ONLY,KBS_CURRENT_LISTING,NO_KNOWN_MATCH,KBS current stock listing; exchange is deterministic pre-crawl priority signal
390,KBS:HNX:VDL,VDL,HNX,CTCP Thực phẩm Lâm Đồng,stock,SELECTED_EXPANSION_600,HNX,UNAVAILABLE,UNAVAILABLE,HNX,UNAVAILABLE,CURRENT_LISTING_ONLY,KBS_CURRENT_LISTING,NO_KNOWN_MATCH,KBS current stock listing; exchange is deterministic pre-crawl priority signal
391,KBS:HNX:VE1,VE1,HNX,CTCP Xây dựng Điện VNECO 1,stock,SELECTED_EXPANSION_600,HNX,UNAVAILABLE,UNAVAILABLE,HNX,UNAVAILABLE,CURRENT_LISTING_ONLY,KBS_CURRENT_LISTING,NO_KNOWN_MATCH,KBS current stock listing; exchange is deterministic pre-crawl priority signal
392,KBS:HNX:VE4,VE4,HNX,CTCP Xây dựng Điện VNECO4,stock,SELECTED_EXPANSION_600,HNX,UNAVAILABLE,UNAVAILABLE,HNX,UNAVAILABLE,CURRENT_LISTING_ONLY,KBS_CURRENT_LISTING,NO_KNOWN_MATCH,KBS current stock listing; exchange is deterministic pre-crawl priority signal
393,KBS:HNX:VGS,VGS,HNX,CTCP Ống thép Việt - Đức VG PIPE,stock,SELECTED_EXPANSION_600,HNX,UNAVAILABLE,UNAVAILABLE,HNX,UNAVAILABLE,CURRENT_LISTING_ONLY,KBS_CURRENT_LISTING,NO_KNOWN_MATCH,KBS current stock listing; exchange is deterministic pre-crawl priority signal
394,KBS:HNX:VHL,VHL,HNX,CTCP Viglacera Hạ Long,stock,SELECTED_EXPANSION_600,HNX,UNAVAILABLE,UNAVAILABLE,HNX,UNAVAILABLE,CURRENT_LISTING_ONLY,KBS_CURRENT_LISTING,NO_KNOWN_MATCH,KBS current stock listing; exchange is deterministic pre-crawl priority signal
395,KBS:HNX:VIF,VIF,HNX,Tổng Công ty Lâm nghiệp Việt Nam - CTCP,stock,SELECTED_EXPANSION_600,HNX,UNAVAILABLE,UNAVAILABLE,HNX,UNAVAILABLE,CURRENT_LISTING_ONLY,KBS_CURRENT_LISTING,NO_KNOWN_MATCH,KBS current stock listing; exchange is deterministic pre-crawl priority signal
396,KBS:HNX:VIT,VIT,HNX,CTCP Viglacera Tiên Sơn,stock,SELECTED_EXPANSION_600,HNX,UNAVAILABLE,UNAVAILABLE,HNX,UNAVAILABLE,CURRENT_LISTING_ONLY,KBS_CURRENT_LISTING,NO_KNOWN_MATCH,KBS current stock listing; exchange is deterministic pre-crawl priority signal
397,KBS:HNX:VLA,VLA,HNX,CTCP Đầu tư và Phát triển Công nghệ Văn Lang,stock,SELECTED_EXPANSION_600,HNX,UNAVAILABLE,UNAVAILABLE,HNX,UNAVAILABLE,CURRENT_LISTING_ONLY,KBS_CURRENT_LISTING,NO_KNOWN_MATCH,KBS current stock listing; exchange is deterministic pre-crawl priority signal
398,KBS:HNX:VMS,VMS,HNX,CTCP Phát triển Hàng Hải,stock,SELECTED_EXPANSION_600,HNX,UNAVAILABLE,UNAVAILABLE,HNX,UNAVAILABLE,CURRENT_LISTING_ONLY,KBS_CURRENT_LISTING,NO_KNOWN_MATCH,KBS current stock listing; exchange is deterministic pre-crawl priority signal
399,KBS:HNX:VNC,VNC,HNX,CTCP Tập đoàn Vinacontrol,stock,SELECTED_EXPANSION_600,HNX,UNAVAILABLE,UNAVAILABLE,HNX,UNAVAILABLE,CURRENT_LISTING_ONLY,KBS_CURRENT_LISTING,NO_KNOWN_MATCH,KBS current stock listing; exchange is deterministic pre-crawl priority signal
400,KBS:HNX:VNF,VNF,HNX,CTCP Vinafreight,stock,SELECTED_EXPANSION_600,HNX,UNAVAILABLE,UNAVAILABLE,HNX,UNAVAILABLE,CURRENT_LISTING_ONLY,KBS_CURRENT_LISTING,NO_KNOWN_MATCH,KBS current stock listing; exchange is deterministic pre-crawl priority signal
401,KBS:HNX:VNR,VNR,HNX,Tổng Công ty cổ phần Tái Bảo hiểm Quốc gia Việt Nam,stock,SELECTED_EXPANSION_600,HNX,UNAVAILABLE,UNAVAILABLE,HNX,UNAVAILABLE,CURRENT_LISTING_ONLY,KBS_CURRENT_LISTING,NO_KNOWN_MATCH,KBS current stock listing; exchange is deterministic pre-crawl priority signal
402,KBS:HNX:VSM,VSM,HNX,CTCP Container Miền Trung,stock,SELECTED_EXPANSION_600,HNX,UNAVAILABLE,UNAVAILABLE,HNX,UNAVAILABLE,CURRENT_LISTING_ONLY,KBS_CURRENT_LISTING,NO_KNOWN_MATCH,KBS current stock listing; exchange is deterministic pre-crawl priority signal
403,KBS:HNX:VTJ,VTJ,HNX,CTCP Thương mại và Đầu tư VI NA TA BA,stock,SELECTED_EXPANSION_600,HNX,UNAVAILABLE,UNAVAILABLE,HNX,UNAVAILABLE,CURRENT_LISTING_ONLY,KBS_CURRENT_LISTING,NO_KNOWN_MATCH,KBS current stock listing; exchange is deterministic pre-crawl priority signal
404,KBS:HNX:WCS,WCS,HNX,CTCP Bến xe Miền Tây,stock,SELECTED_EXPANSION_600,HNX,UNAVAILABLE,UNAVAILABLE,HNX,UNAVAILABLE,CURRENT_LISTING_ONLY,KBS_CURRENT_LISTING,NO_KNOWN_MATCH,KBS current stock listing; exchange is deterministic pre-crawl priority signal
405,KBS:UPCOM:AAH,AAH,UPCOM,CTCP Hợp Nhất,stock,SELECTED_EXPANSION_600,UPCOM,UNAVAILABLE,UNAVAILABLE,UPCOM,UNAVAILABLE,CURRENT_LISTING_ONLY,KBS_CURRENT_LISTING,NO_KNOWN_MATCH,KBS current stock listing; exchange is deterministic pre-crawl priority signal
406,KBS:UPCOM:ABB,ABB,UPCOM,Ngân hàng TMCP An Bình,stock,SELECTED_EXPANSION_600,UPCOM,UNAVAILABLE,UNAVAILABLE,UPCOM,UNAVAILABLE,CURRENT_LISTING_ONLY,KBS_CURRENT_LISTING,NO_KNOWN_MATCH,KBS current stock listing; exchange is deterministic pre-crawl priority signal
407,KBS:UPCOM:ABC,ABC,UPCOM,CTCP Truyền thông VMG,stock,SELECTED_EXPANSION_600,UPCOM,UNAVAILABLE,UNAVAILABLE,UPCOM,UNAVAILABLE,CURRENT_LISTING_ONLY,KBS_CURRENT_LISTING,NO_KNOWN_MATCH,KBS current stock listing; exchange is deterministic pre-crawl priority signal
408,KBS:UPCOM:ACE,ACE,UPCOM,CTCP Bê tông Ly tâm An Giang,stock,SELECTED_EXPANSION_600,UPCOM,UNAVAILABLE,UNAVAILABLE,UPCOM,UNAVAILABLE,CURRENT_LISTING_ONLY,KBS_CURRENT_LISTING,NO_KNOWN_MATCH,KBS current stock listing; exchange is deterministic pre-crawl priority signal
409,KBS:UPCOM:ACM,ACM,UPCOM,CTCP Tập đoàn Khoáng sản Á Cường,stock,SELECTED_EXPANSION_600,UPCOM,UNAVAILABLE,UNAVAILABLE,UPCOM,UNAVAILABLE,CURRENT_LISTING_ONLY,KBS_CURRENT_LISTING,NO_KNOWN_MATCH,KBS current stock listing; exchange is deterministic pre-crawl priority signal
410,KBS:UPCOM:AGF,AGF,UPCOM,CTCP Xuất nhập khẩu Thủy sản An Giang,stock,SELECTED_EXPANSION_600,UPCOM,UNAVAILABLE,UNAVAILABLE,UPCOM,UNAVAILABLE,CURRENT_LISTING_ONLY,KBS_CURRENT_LISTING,NO_KNOWN_MATCH,KBS current stock listing; exchange is deterministic pre-crawl priority signal
411,KBS:UPCOM:AGM,AGM,UPCOM,CTCP Xuất Nhập khẩu An Giang,stock,SELECTED_EXPANSION_600,UPCOM,UNAVAILABLE,UNAVAILABLE,UPCOM,UNAVAILABLE,CURRENT_LISTING_ONLY,KBS_CURRENT_LISTING,NO_KNOWN_MATCH,KBS current stock listing; exchange is deterministic pre-crawl priority signal
412,KBS:UPCOM:AGP,AGP,UPCOM,CTCP Dược phẩm Agimexpharm,stock,SELECTED_EXPANSION_600,UPCOM,UNAVAILABLE,UNAVAILABLE,UPCOM,UNAVAILABLE,CURRENT_LISTING_ONLY,KBS_CURRENT_LISTING,NO_KNOWN_MATCH,KBS current stock listing; exchange is deterministic pre-crawl priority signal
413,KBS:UPCOM:AIG,AIG,UPCOM,CTCP Nguyên liệu Á Châu AIG,stock,SELECTED_EXPANSION_600,UPCOM,UNAVAILABLE,UNAVAILABLE,UPCOM,UNAVAILABLE,CURRENT_LISTING_ONLY,KBS_CURRENT_LISTING,NO_KNOWN_MATCH,KBS current stock listing; exchange is deterministic pre-crawl priority signal
414,KBS:UPCOM:ALC,ALC,UPCOM,CTCP Âu Lạc,stock,SELECTED_EXPANSION_600,UPCOM,UNAVAILABLE,UNAVAILABLE,UPCOM,UNAVAILABLE,CURRENT_LISTING_ONLY,KBS_CURRENT_LISTING,NO_KNOWN_MATCH,KBS current stock listing; exchange is deterministic pre-crawl priority signal
415,KBS:UPCOM:AMP,AMP,UPCOM,CTCP Armephaco,stock,SELECTED_EXPANSION_600,UPCOM,UNAVAILABLE,UNAVAILABLE,UPCOM,UNAVAILABLE,CURRENT_LISTING_ONLY,KBS_CURRENT_LISTING,NO_KNOWN_MATCH,KBS current stock listing; exchange is deterministic pre-crawl priority signal
416,KBS:UPCOM:AMS,AMS,UPCOM,CTCP Cơ khí Xây dựng AMECC,stock,SELECTED_EXPANSION_600,UPCOM,UNAVAILABLE,UNAVAILABLE,UPCOM,UNAVAILABLE,CURRENT_LISTING_ONLY,KBS_CURRENT_LISTING,NO_KNOWN_MATCH,KBS current stock listing; exchange is deterministic pre-crawl priority signal
417,KBS:UPCOM:ANI,ANI,UPCOM,CTCP ANI,stock,SELECTED_EXPANSION_600,UPCOM,UNAVAILABLE,UNAVAILABLE,UPCOM,UNAVAILABLE,CURRENT_LISTING_ONLY,KBS_CURRENT_LISTING,NO_KNOWN_MATCH,KBS current stock listing; exchange is deterministic pre-crawl priority signal
418,KBS:UPCOM:APC,APC,UPCOM,CTCP Chiếu xạ An Phú,stock,SELECTED_EXPANSION_600,UPCOM,UNAVAILABLE,UNAVAILABLE,UPCOM,UNAVAILABLE,CURRENT_LISTING_ONLY,KBS_CURRENT_LISTING,NO_KNOWN_MATCH,KBS current stock listing; exchange is deterministic pre-crawl priority signal
419,KBS:UPCOM:APF,APF,UPCOM,CTCP Nông sản Thực phẩm Quảng Ngãi,stock,SELECTED_EXPANSION_600,UPCOM,UNAVAILABLE,UNAVAILABLE,UPCOM,UNAVAILABLE,CURRENT_LISTING_ONLY,KBS_CURRENT_LISTING,NO_KNOWN_MATCH,KBS current stock listing; exchange is deterministic pre-crawl priority signal
420,KBS:UPCOM:APL,APL,UPCOM,CTCP Cơ khí và Thiết bị áp lực - VVMI,stock,SELECTED_EXPANSION_600,UPCOM,UNAVAILABLE,UNAVAILABLE,UPCOM,UNAVAILABLE,CURRENT_LISTING_ONLY,KBS_CURRENT_LISTING,NO_KNOWN_MATCH,KBS current stock listing; exchange is deterministic pre-crawl priority signal
421,KBS:UPCOM:APP,APP,UPCOM,CTCP Phát triển Phụ gia và Sản phẩm Dầu Mỏ,stock,SELECTED_EXPANSION_600,UPCOM,UNAVAILABLE,UNAVAILABLE,UPCOM,UNAVAILABLE,CURRENT_LISTING_ONLY,KBS_CURRENT_LISTING,NO_KNOWN_MATCH,KBS current stock listing; exchange is deterministic pre-crawl priority signal
422,KBS:UPCOM:APT,APT,UPCOM,CTCP Kinh doanh Thủy Hải Sản Sài Gòn,stock,SELECTED_EXPANSION_600,UPCOM,UNAVAILABLE,UNAVAILABLE,UPCOM,UNAVAILABLE,CURRENT_LISTING_ONLY,KBS_CURRENT_LISTING,NO_KNOWN_MATCH,KBS current stock listing; exchange is deterministic pre-crawl priority signal
423,KBS:UPCOM:ART,ART,UPCOM,CTCP Chứng khoán ARTEX,stock,SELECTED_EXPANSION_600,UPCOM,UNAVAILABLE,UNAVAILABLE,UPCOM,UNAVAILABLE,CURRENT_LISTING_ONLY,KBS_CURRENT_LISTING,NO_KNOWN_MATCH,KBS current stock listing; exchange is deterministic pre-crawl priority signal
424,KBS:UPCOM:ATA,ATA,UPCOM,CTCP Ntaco,stock,SELECTED_EXPANSION_600,UPCOM,UNAVAILABLE,UNAVAILABLE,UPCOM,UNAVAILABLE,CURRENT_LISTING_ONLY,KBS_CURRENT_LISTING,NO_KNOWN_MATCH,KBS current stock listing; exchange is deterministic pre-crawl priority signal
425,KBS:UPCOM:AVC,AVC,UPCOM,CTCP Thủy điện A Vương,stock,SELECTED_EXPANSION_600,UPCOM,UNAVAILABLE,UNAVAILABLE,UPCOM,UNAVAILABLE,CURRENT_LISTING_ONLY,KBS_CURRENT_LISTING,NO_KNOWN_MATCH,KBS current stock listing; exchange is deterministic pre-crawl priority signal
426,KBS:UPCOM:AVG,AVG,UPCOM,CTCP Phân bón Quốc tế Âu Việt,stock,SELECTED_EXPANSION_600,UPCOM,UNAVAILABLE,UNAVAILABLE,UPCOM,UNAVAILABLE,CURRENT_LISTING_ONLY,KBS_CURRENT_LISTING,NO_KNOWN_MATCH,KBS current stock listing; exchange is deterministic pre-crawl priority signal
427,KBS:UPCOM:BAL,BAL,UPCOM,CTCP Bao bì Bia - Rượu - Nước giải khát,stock,SELECTED_EXPANSION_600,UPCOM,UNAVAILABLE,UNAVAILABLE,UPCOM,UNAVAILABLE,CURRENT_LISTING_ONLY,KBS_CURRENT_LISTING,NO_KNOWN_MATCH,KBS current stock listing; exchange is deterministic pre-crawl priority signal
428,KBS:UPCOM:BBH,BBH,UPCOM,CTCP Bao bì Hoàng Thạch,stock,SELECTED_EXPANSION_600,UPCOM,UNAVAILABLE,UNAVAILABLE,UPCOM,UNAVAILABLE,CURRENT_LISTING_ONLY,KBS_CURRENT_LISTING,NO_KNOWN_MATCH,KBS current stock listing; exchange is deterministic pre-crawl priority signal
429,KBS:UPCOM:BBM,BBM,UPCOM,CTCP Bia Hà Nội - Nam Định,stock,SELECTED_EXPANSION_600,UPCOM,UNAVAILABLE,UNAVAILABLE,UPCOM,UNAVAILABLE,CURRENT_LISTING_ONLY,KBS_CURRENT_LISTING,NO_KNOWN_MATCH,KBS current stock listing; exchange is deterministic pre-crawl priority signal
430,KBS:UPCOM:BBT,BBT,UPCOM,CTCP Bông Bạch Tuyết,stock,SELECTED_EXPANSION_600,UPCOM,UNAVAILABLE,UNAVAILABLE,UPCOM,UNAVAILABLE,CURRENT_LISTING_ONLY,KBS_CURRENT_LISTING,NO_KNOWN_MATCH,KBS current stock listing; exchange is deterministic pre-crawl priority signal
431,KBS:UPCOM:BCA,BCA,UPCOM,CTCP B.C.H,stock,SELECTED_EXPANSION_600,UPCOM,UNAVAILABLE,UNAVAILABLE,UPCOM,UNAVAILABLE,CURRENT_LISTING_ONLY,KBS_CURRENT_LISTING,NO_KNOWN_MATCH,KBS current stock listing; exchange is deterministic pre-crawl priority signal
432,KBS:UPCOM:BCB,BCB,UPCOM,CTCP 397,stock,SELECTED_EXPANSION_600,UPCOM,UNAVAILABLE,UNAVAILABLE,UPCOM,UNAVAILABLE,CURRENT_LISTING_ONLY,KBS_CURRENT_LISTING,NO_KNOWN_MATCH,KBS current stock listing; exchange is deterministic pre-crawl priority signal
433,KBS:UPCOM:BCP,BCP,UPCOM,CTCP Dược ENLIE,stock,SELECTED_EXPANSION_600,UPCOM,UNAVAILABLE,UNAVAILABLE,UPCOM,UNAVAILABLE,CURRENT_LISTING_ONLY,KBS_CURRENT_LISTING,NO_KNOWN_MATCH,KBS current stock listing; exchange is deterministic pre-crawl priority signal
434,KBS:UPCOM:BCV,BCV,UPCOM,CTCP Du lịch và Thương mại Bằng Giang Cao Bằng - Vimico,stock,SELECTED_EXPANSION_600,UPCOM,UNAVAILABLE,UNAVAILABLE,UPCOM,UNAVAILABLE,CURRENT_LISTING_ONLY,KBS_CURRENT_LISTING,NO_KNOWN_MATCH,KBS current stock listing; exchange is deterministic pre-crawl priority signal
435,KBS:UPCOM:BDG,BDG,UPCOM,CTCP May mặc Bình Dương,stock,SELECTED_EXPANSION_600,UPCOM,UNAVAILABLE,UNAVAILABLE,UPCOM,UNAVAILABLE,CURRENT_LISTING_ONLY,KBS_CURRENT_LISTING,NO_KNOWN_MATCH,KBS current stock listing; exchange is deterministic pre-crawl priority signal
436,KBS:UPCOM:BDT,BDT,UPCOM,CTCP Xây lắp và Vật liệu Xây dựng Đồng Tháp,stock,SELECTED_EXPANSION_600,UPCOM,UNAVAILABLE,UNAVAILABLE,UPCOM,UNAVAILABLE,CURRENT_LISTING_ONLY,KBS_CURRENT_LISTING,NO_KNOWN_MATCH,KBS current stock listing; exchange is deterministic pre-crawl priority signal
437,KBS:UPCOM:BDW,BDW,UPCOM,CTCP Cấp thoát nước Bình Định,stock,SELECTED_EXPANSION_600,UPCOM,UNAVAILABLE,UNAVAILABLE,UPCOM,UNAVAILABLE,CURRENT_LISTING_ONLY,KBS_CURRENT_LISTING,NO_KNOWN_MATCH,KBS current stock listing; exchange is deterministic pre-crawl priority signal
438,KBS:UPCOM:BEL,BEL,UPCOM,CTCP Điện tử Biên Hòa,stock,SELECTED_EXPANSION_600,UPCOM,UNAVAILABLE,UNAVAILABLE,UPCOM,UNAVAILABLE,CURRENT_LISTING_ONLY,KBS_CURRENT_LISTING,NO_KNOWN_MATCH,KBS current stock listing; exchange is deterministic pre-crawl priority signal
439,KBS:UPCOM:BGE,BGE,UPCOM,CTCP BCG Energy,stock,SELECTED_EXPANSION_600,UPCOM,UNAVAILABLE,UNAVAILABLE,UPCOM,UNAVAILABLE,CURRENT_LISTING_ONLY,KBS_CURRENT_LISTING,NO_KNOWN_MATCH,KBS current stock listing; exchange is deterministic pre-crawl priority signal
440,KBS:UPCOM:BGW,BGW,UPCOM,CTCP Nước sạch Bắc Giang,stock,SELECTED_EXPANSION_600,UPCOM,UNAVAILABLE,UNAVAILABLE,UPCOM,UNAVAILABLE,CURRENT_LISTING_ONLY,KBS_CURRENT_LISTING,NO_KNOWN_MATCH,KBS current stock listing; exchange is deterministic pre-crawl priority signal
441,KBS:UPCOM:BHA,BHA,UPCOM,CTCP Thủy điện Bắc Hà,stock,SELECTED_EXPANSION_600,UPCOM,UNAVAILABLE,UNAVAILABLE,UPCOM,UNAVAILABLE,CURRENT_LISTING_ONLY,KBS_CURRENT_LISTING,NO_KNOWN_MATCH,KBS current stock listing; exchange is deterministic pre-crawl priority signal
442,KBS:UPCOM:BHC,BHC,UPCOM,CTCP Bê tông Biên Hòa,stock,SELECTED_EXPANSION_600,UPCOM,UNAVAILABLE,UNAVAILABLE,UPCOM,UNAVAILABLE,CURRENT_LISTING_ONLY,KBS_CURRENT_LISTING,NO_KNOWN_MATCH,KBS current stock listing; exchange is deterministic pre-crawl priority signal
443,KBS:UPCOM:BHG,BHG,UPCOM,CTCP Chè Biển Hồ,stock,SELECTED_EXPANSION_600,UPCOM,UNAVAILABLE,UNAVAILABLE,UPCOM,UNAVAILABLE,CURRENT_LISTING_ONLY,KBS_CURRENT_LISTING,NO_KNOWN_MATCH,KBS current stock listing; exchange is deterministic pre-crawl priority signal
444,KBS:UPCOM:BHH,BHH,UPCOM,CTCP Bia Hà Nội - Hưng Yên 89,stock,SELECTED_EXPANSION_600,UPCOM,UNAVAILABLE,UNAVAILABLE,UPCOM,UNAVAILABLE,CURRENT_LISTING_ONLY,KBS_CURRENT_LISTING,NO_KNOWN_MATCH,KBS current stock listing; exchange is deterministic pre-crawl priority signal
445,KBS:UPCOM:BHI,BHI,UPCOM,Tổng Công ty cổ phần Bảo hiểm Sài Gòn - Hà Nội,stock,SELECTED_EXPANSION_600,UPCOM,UNAVAILABLE,UNAVAILABLE,UPCOM,UNAVAILABLE,CURRENT_LISTING_ONLY,KBS_CURRENT_LISTING,NO_KNOWN_MATCH,KBS current stock listing; exchange is deterministic pre-crawl priority signal
446,KBS:UPCOM:BHK,BHK,UPCOM,CTCP Bia Hà Nội - Kim Bài,stock,SELECTED_EXPANSION_600,UPCOM,UNAVAILABLE,UNAVAILABLE,UPCOM,UNAVAILABLE,CURRENT_LISTING_ONLY,KBS_CURRENT_LISTING,NO_KNOWN_MATCH,KBS current stock listing; exchange is deterministic pre-crawl priority signal
447,KBS:UPCOM:BLF,BLF,UPCOM,CTCP Thủy sản Bạc Liêu,stock,SELECTED_EXPANSION_600,UPCOM,UNAVAILABLE,UNAVAILABLE,UPCOM,UNAVAILABLE,CURRENT_LISTING_ONLY,KBS_CURRENT_LISTING,NO_KNOWN_MATCH,KBS current stock listing; exchange is deterministic pre-crawl priority signal
448,KBS:UPCOM:BLI,BLI,UPCOM,Tổng Công ty cổ phần Bảo hiểm Bảo Long,stock,SELECTED_EXPANSION_600,UPCOM,UNAVAILABLE,UNAVAILABLE,UPCOM,UNAVAILABLE,CURRENT_LISTING_ONLY,KBS_CURRENT_LISTING,NO_KNOWN_MATCH,KBS current stock listing; exchange is deterministic pre-crawl priority signal
449,KBS:UPCOM:BLT,BLT,UPCOM,CTCP Lương thực Bình Định,stock,SELECTED_EXPANSION_600,UPCOM,UNAVAILABLE,UNAVAILABLE,UPCOM,UNAVAILABLE,CURRENT_LISTING_ONLY,KBS_CURRENT_LISTING,NO_KNOWN_MATCH,KBS current stock listing; exchange is deterministic pre-crawl priority signal
450,KBS:UPCOM:BMD,BMD,UPCOM,CTCP Môi trường và Dịch vụ Đô thị Bình Thuận,stock,SELECTED_EXPANSION_600,UPCOM,UNAVAILABLE,UNAVAILABLE,UPCOM,UNAVAILABLE,CURRENT_LISTING_ONLY,KBS_CURRENT_LISTING,NO_KNOWN_MATCH,KBS current stock listing; exchange is deterministic pre-crawl priority signal
451,KBS:UPCOM:BMG,BMG,UPCOM,CTCP May Bình Minh,stock,SELECTED_EXPANSION_600,UPCOM,UNAVAILABLE,UNAVAILABLE,UPCOM,UNAVAILABLE,CURRENT_LISTING_ONLY,KBS_CURRENT_LISTING,NO_KNOWN_MATCH,KBS current stock listing; exchange is deterministic pre-crawl priority signal
452,KBS:UPCOM:BMJ,BMJ,UPCOM,CTCP Khoáng sản Miền Đông AHP,stock,SELECTED_EXPANSION_600,UPCOM,UNAVAILABLE,UNAVAILABLE,UPCOM,UNAVAILABLE,CURRENT_LISTING_ONLY,KBS_CURRENT_LISTING,NO_KNOWN_MATCH,KBS current stock listing; exchange is deterministic pre-crawl priority signal
453,KBS:UPCOM:BMK,BMK,UPCOM,CTCP Kỹ thuật nhiệt Mèo Đen,stock,SELECTED_EXPANSION_600,UPCOM,UNAVAILABLE,UNAVAILABLE,UPCOM,UNAVAILABLE,CURRENT_LISTING_ONLY,KBS_CURRENT_LISTING,NO_KNOWN_MATCH,KBS current stock listing; exchange is deterministic pre-crawl priority signal
454,KBS:UPCOM:BMS,BMS,UPCOM,CTCP Chứng khoán Bảo Minh,stock,SELECTED_EXPANSION_600,UPCOM,UNAVAILABLE,UNAVAILABLE,UPCOM,UNAVAILABLE,CURRENT_LISTING_ONLY,KBS_CURRENT_LISTING,NO_KNOWN_MATCH,KBS current stock listing; exchange is deterministic pre-crawl priority signal
455,KBS:UPCOM:BNW,BNW,UPCOM,CTCP Nước sạch Bắc Ninh,stock,SELECTED_EXPANSION_600,UPCOM,UNAVAILABLE,UNAVAILABLE,UPCOM,UNAVAILABLE,CURRENT_LISTING_ONLY,KBS_CURRENT_LISTING,NO_KNOWN_MATCH,KBS current stock listing; exchange is deterministic pre-crawl priority signal
456,KBS:UPCOM:BOT,BOT,UPCOM,CTCP BOT Cầu Thái Hà,stock,SELECTED_EXPANSION_600,UPCOM,UNAVAILABLE,UNAVAILABLE,UPCOM,UNAVAILABLE,CURRENT_LISTING_ONLY,KBS_CURRENT_LISTING,NO_KNOWN_MATCH,KBS current stock listing; exchange is deterministic pre-crawl priority signal
457,KBS:UPCOM:BQB,BQB,UPCOM,CTCP Bia Hà Nội - Quảng Bình,stock,SELECTED_EXPANSION_600,UPCOM,UNAVAILABLE,UNAVAILABLE,UPCOM,UNAVAILABLE,CURRENT_LISTING_ONLY,KBS_CURRENT_LISTING,NO_KNOWN_MATCH,KBS current stock listing; exchange is deterministic pre-crawl priority signal
458,KBS:UPCOM:BQP,BQP,UPCOM,CTCP Nhựa Chất lượng cao Bình Thuận,stock,SELECTED_EXPANSION_600,UPCOM,UNAVAILABLE,UNAVAILABLE,UPCOM,UNAVAILABLE,CURRENT_LISTING_ONLY,KBS_CURRENT_LISTING,NO_KNOWN_MATCH,KBS current stock listing; exchange is deterministic pre-crawl priority signal
459,KBS:UPCOM:BRR,BRR,UPCOM,CTCP Cao su Bà Rịa,stock,SELECTED_EXPANSION_600,UPCOM,UNAVAILABLE,UNAVAILABLE,UPCOM,UNAVAILABLE,CURRENT_LISTING_ONLY,KBS_CURRENT_LISTING,NO_KNOWN_MATCH,KBS current stock listing; exchange is deterministic pre-crawl priority signal
460,KBS:UPCOM:BSA,BSA,UPCOM,CTCP Thủy điện Buôn Đôn,stock,SELECTED_EXPANSION_600,UPCOM,UNAVAILABLE,UNAVAILABLE,UPCOM,UNAVAILABLE,CURRENT_LISTING_ONLY,KBS_CURRENT_LISTING,NO_KNOWN_MATCH,KBS current stock listing; exchange is deterministic pre-crawl priority signal
461,KBS:UPCOM:BSD,BSD,UPCOM,"CTCP Bia, Rượu Sài Gòn - Đồng Xuân",stock,SELECTED_EXPANSION_600,UPCOM,UNAVAILABLE,UNAVAILABLE,UPCOM,UNAVAILABLE,CURRENT_LISTING_ONLY,KBS_CURRENT_LISTING,NO_KNOWN_MATCH,KBS current stock listing; exchange is deterministic pre-crawl priority signal
462,KBS:UPCOM:BSG,BSG,UPCOM,CTCP Xe khách Sài Gòn,stock,SELECTED_EXPANSION_600,UPCOM,UNAVAILABLE,UNAVAILABLE,UPCOM,UNAVAILABLE,CURRENT_LISTING_ONLY,KBS_CURRENT_LISTING,NO_KNOWN_MATCH,KBS current stock listing; exchange is deterministic pre-crawl priority signal
463,KBS:UPCOM:BT1,BT1,UPCOM,CTCP Bảo vệ Thực vật 1 Trung Ương,stock,SELECTED_EXPANSION_600,UPCOM,UNAVAILABLE,UNAVAILABLE,UPCOM,UNAVAILABLE,CURRENT_LISTING_ONLY,KBS_CURRENT_LISTING,NO_KNOWN_MATCH,KBS current stock listing; exchange is deterministic pre-crawl priority signal
464,KBS:UPCOM:BT6,BT6,UPCOM,CTCP Beton 6,stock,SELECTED_EXPANSION_600,UPCOM,UNAVAILABLE,UNAVAILABLE,UPCOM,UNAVAILABLE,CURRENT_LISTING_ONLY,KBS_CURRENT_LISTING,NO_KNOWN_MATCH,KBS current stock listing; exchange is deterministic pre-crawl priority signal
465,KBS:UPCOM:BTB,BTB,UPCOM,CTCP Bia Hà Nội - Thái Bình,stock,SELECTED_EXPANSION_600,UPCOM,UNAVAILABLE,UNAVAILABLE,UPCOM,UNAVAILABLE,CURRENT_LISTING_ONLY,KBS_CURRENT_LISTING,NO_KNOWN_MATCH,KBS current stock listing; exchange is deterministic pre-crawl priority signal
466,KBS:UPCOM:BTD,BTD,UPCOM,CTCP Bê tông Ly tâm Thủ Đức,stock,SELECTED_EXPANSION_600,UPCOM,UNAVAILABLE,UNAVAILABLE,UPCOM,UNAVAILABLE,CURRENT_LISTING_ONLY,KBS_CURRENT_LISTING,NO_KNOWN_MATCH,KBS current stock listing; exchange is deterministic pre-crawl priority signal
467,KBS:UPCOM:BTG,BTG,UPCOM,CTCP Bao bì Tiền Giang,stock,SELECTED_EXPANSION_600,UPCOM,UNAVAILABLE,UNAVAILABLE,UPCOM,UNAVAILABLE,CURRENT_LISTING_ONLY,KBS_CURRENT_LISTING,NO_KNOWN_MATCH,KBS current stock listing; exchange is deterministic pre-crawl priority signal
468,KBS:UPCOM:BTH,BTH,UPCOM,CTCP Chế tạo Biến thế và Vật liệu Điện Hà Nội,stock,SELECTED_EXPANSION_600,UPCOM,UNAVAILABLE,UNAVAILABLE,UPCOM,UNAVAILABLE,CURRENT_LISTING_ONLY,KBS_CURRENT_LISTING,NO_KNOWN_MATCH,KBS current stock listing; exchange is deterministic pre-crawl priority signal
469,KBS:UPCOM:BTN,BTN,UPCOM,CTCP Đầu tư Bitco Bình Định,stock,SELECTED_EXPANSION_600,UPCOM,UNAVAILABLE,UNAVAILABLE,UPCOM,UNAVAILABLE,CURRENT_LISTING_ONLY,KBS_CURRENT_LISTING,NO_KNOWN_MATCH,KBS current stock listing; exchange is deterministic pre-crawl priority signal
470,KBS:UPCOM:BTV,BTV,UPCOM,CTCP Dịch vụ Du lịch Bến Thành,stock,SELECTED_EXPANSION_600,UPCOM,UNAVAILABLE,UNAVAILABLE,UPCOM,UNAVAILABLE,CURRENT_LISTING_ONLY,KBS_CURRENT_LISTING,NO_KNOWN_MATCH,KBS current stock listing; exchange is deterministic pre-crawl priority signal
471,KBS:UPCOM:BVL,BVL,UPCOM,CTCP BV Land,stock,SELECTED_EXPANSION_600,UPCOM,UNAVAILABLE,UNAVAILABLE,UPCOM,UNAVAILABLE,CURRENT_LISTING_ONLY,KBS_CURRENT_LISTING,NO_KNOWN_MATCH,KBS current stock listing; exchange is deterministic pre-crawl priority signal
472,KBS:UPCOM:BVN,BVN,UPCOM,CTCP Bông Việt Nam,stock,SELECTED_EXPANSION_600,UPCOM,UNAVAILABLE,UNAVAILABLE,UPCOM,UNAVAILABLE,CURRENT_LISTING_ONLY,KBS_CURRENT_LISTING,NO_KNOWN_MATCH,KBS current stock listing; exchange is deterministic pre-crawl priority signal
473,KBS:UPCOM:BWA,BWA,UPCOM,CTCP Cấp thoát nước và Xây dựng Bảo Lộc,stock,SELECTED_EXPANSION_600,UPCOM,UNAVAILABLE,UNAVAILABLE,UPCOM,UNAVAILABLE,CURRENT_LISTING_ONLY,KBS_CURRENT_LISTING,NO_KNOWN_MATCH,KBS current stock listing; exchange is deterministic pre-crawl priority signal
474,KBS:UPCOM:BWS,BWS,UPCOM,CTCP Cấp nước Bà Rịa - Vũng Tàu,stock,SELECTED_EXPANSION_600,UPCOM,UNAVAILABLE,UNAVAILABLE,UPCOM,UNAVAILABLE,CURRENT_LISTING_ONLY,KBS_CURRENT_LISTING,NO_KNOWN_MATCH,KBS current stock listing; exchange is deterministic pre-crawl priority signal
475,KBS:UPCOM:C22,C22,UPCOM,CTCP 22,stock,SELECTED_EXPANSION_600,UPCOM,UNAVAILABLE,UNAVAILABLE,UPCOM,UNAVAILABLE,CURRENT_LISTING_ONLY,KBS_CURRENT_LISTING,NO_KNOWN_MATCH,KBS current stock listing; exchange is deterministic pre-crawl priority signal
476,KBS:UPCOM:CAD,CAD,UPCOM,CTCP Chế biến và Xuất nhập khẩu Thủy sản Cadovimex,stock,SELECTED_EXPANSION_600,UPCOM,UNAVAILABLE,UNAVAILABLE,UPCOM,UNAVAILABLE,CURRENT_LISTING_ONLY,KBS_CURRENT_LISTING,NO_KNOWN_MATCH,KBS current stock listing; exchange is deterministic pre-crawl priority signal
477,KBS:UPCOM:CCA,CCA,UPCOM,CTCP Xuất nhập khẩu Thuỷ sản Cần Thơ,stock,SELECTED_EXPANSION_600,UPCOM,UNAVAILABLE,UNAVAILABLE,UPCOM,UNAVAILABLE,CURRENT_LISTING_ONLY,KBS_CURRENT_LISTING,NO_KNOWN_MATCH,KBS current stock listing; exchange is deterministic pre-crawl priority signal
478,KBS:UPCOM:CCM,CCM,UPCOM,CTCP khoáng sản và Xi măng Cần Thơ,stock,SELECTED_EXPANSION_600,UPCOM,UNAVAILABLE,UNAVAILABLE,UPCOM,UNAVAILABLE,CURRENT_LISTING_ONLY,KBS_CURRENT_LISTING,NO_KNOWN_MATCH,KBS current stock listing; exchange is deterministic pre-crawl priority signal
479,KBS:UPCOM:CCP,CCP,UPCOM,CTCP Cảng Cửa Cấm Hải Phòng,stock,SELECTED_EXPANSION_600,UPCOM,UNAVAILABLE,UNAVAILABLE,UPCOM,UNAVAILABLE,CURRENT_LISTING_ONLY,KBS_CURRENT_LISTING,NO_KNOWN_MATCH,KBS current stock listing; exchange is deterministic pre-crawl priority signal
480,KBS:UPCOM:CCS,CCS,UPCOM,CTCP Chíp Sáng,stock,SELECTED_EXPANSION_600,UPCOM,UNAVAILABLE,UNAVAILABLE,UPCOM,UNAVAILABLE,CURRENT_LISTING_ONLY,KBS_CURRENT_LISTING,NO_KNOWN_MATCH,KBS current stock listing; exchange is deterministic pre-crawl priority signal
481,KBS:UPCOM:CCT,CCT,UPCOM,CTCP Cảng Cần Thơ,stock,SELECTED_EXPANSION_600,UPCOM,UNAVAILABLE,UNAVAILABLE,UPCOM,UNAVAILABLE,CURRENT_LISTING_ONLY,KBS_CURRENT_LISTING,NO_KNOWN_MATCH,KBS current stock listing; exchange is deterministic pre-crawl priority signal
482,KBS:UPCOM:CCV,CCV,UPCOM,CTCP Tư vấn Xây dựng Công nghiệp và Đô thị Việt Nam,stock,SELECTED_EXPANSION_600,UPCOM,UNAVAILABLE,UNAVAILABLE,UPCOM,UNAVAILABLE,CURRENT_LISTING_ONLY,KBS_CURRENT_LISTING,NO_KNOWN_MATCH,KBS current stock listing; exchange is deterministic pre-crawl priority signal
483,KBS:UPCOM:CDG,CDG,UPCOM,CTCP Cầu Đuống,stock,SELECTED_EXPANSION_600,UPCOM,UNAVAILABLE,UNAVAILABLE,UPCOM,UNAVAILABLE,CURRENT_LISTING_ONLY,KBS_CURRENT_LISTING,NO_KNOWN_MATCH,KBS current stock listing; exchange is deterministic pre-crawl priority signal
484,KBS:UPCOM:CDO,CDO,UPCOM,CTCP Tư vấn Thiết kế và Phát triển Đô thị,stock,SELECTED_EXPANSION_600,UPCOM,UNAVAILABLE,UNAVAILABLE,UPCOM,UNAVAILABLE,CURRENT_LISTING_ONLY,KBS_CURRENT_LISTING,NO_KNOWN_MATCH,KBS current stock listing; exchange is deterministic pre-crawl priority signal
485,KBS:UPCOM:CDP,CDP,UPCOM,CTCP Dược phẩm Trung ương Codupha,stock,SELECTED_EXPANSION_600,UPCOM,UNAVAILABLE,UNAVAILABLE,UPCOM,UNAVAILABLE,CURRENT_LISTING_ONLY,KBS_CURRENT_LISTING,NO_KNOWN_MATCH,KBS current stock listing; exchange is deterministic pre-crawl priority signal
486,KBS:UPCOM:CEN,CEN,UPCOM,CTCP CENCON Việt Nam,stock,SELECTED_EXPANSION_600,UPCOM,UNAVAILABLE,UNAVAILABLE,UPCOM,UNAVAILABLE,CURRENT_LISTING_ONLY,KBS_CURRENT_LISTING,NO_KNOWN_MATCH,KBS current stock listing; exchange is deterministic pre-crawl priority signal
487,KBS:UPCOM:CFM,CFM,UPCOM,CTCP CFM Private Equity,stock,SELECTED_EXPANSION_600,UPCOM,UNAVAILABLE,UNAVAILABLE,UPCOM,UNAVAILABLE,CURRENT_LISTING_ONLY,KBS_CURRENT_LISTING,NO_KNOWN_MATCH,KBS current stock listing; exchange is deterministic pre-crawl priority signal
488,KBS:UPCOM:CFV,CFV,UPCOM,CTCP Cà phê Thắng Lợi,stock,SELECTED_EXPANSION_600,UPCOM,UNAVAILABLE,UNAVAILABLE,UPCOM,UNAVAILABLE,CURRENT_LISTING_ONLY,KBS_CURRENT_LISTING,NO_KNOWN_MATCH,KBS current stock listing; exchange is deterministic pre-crawl priority signal
489,KBS:UPCOM:CGV,CGV,UPCOM,CTCP Vinaceglass,stock,SELECTED_EXPANSION_600,UPCOM,UNAVAILABLE,UNAVAILABLE,UPCOM,UNAVAILABLE,CURRENT_LISTING_ONLY,KBS_CURRENT_LISTING,NO_KNOWN_MATCH,KBS current stock listing; exchange is deterministic pre-crawl priority signal
490,KBS:UPCOM:CH5,CH5,UPCOM,CTCP Xây dựng Số 5 Hà Nội,stock,SELECTED_EXPANSION_600,UPCOM,UNAVAILABLE,UNAVAILABLE,UPCOM,UNAVAILABLE,CURRENT_LISTING_ONLY,KBS_CURRENT_LISTING,NO_KNOWN_MATCH,KBS current stock listing; exchange is deterministic pre-crawl priority signal
491,KBS:UPCOM:CHC,CHC,UPCOM,CTCP Cẩm Hà,stock,SELECTED_EXPANSION_600,UPCOM,UNAVAILABLE,UNAVAILABLE,UPCOM,UNAVAILABLE,CURRENT_LISTING_ONLY,KBS_CURRENT_LISTING,NO_KNOWN_MATCH,KBS current stock listing; exchange is deterministic pre-crawl priority signal
492,KBS:UPCOM:CIP,CIP,UPCOM,CTCP Xây lắp và Sản xuất Công nghiệp,stock,SELECTED_EXPANSION_600,UPCOM,UNAVAILABLE,UNAVAILABLE,UPCOM,UNAVAILABLE,CURRENT_LISTING_ONLY,KBS_CURRENT_LISTING,NO_KNOWN_MATCH,KBS current stock listing; exchange is deterministic pre-crawl priority signal
493,KBS:UPCOM:CK8,CK8,UPCOM,CTCP Cơ khí 120,stock,SELECTED_EXPANSION_600,UPCOM,UNAVAILABLE,UNAVAILABLE,UPCOM,UNAVAILABLE,CURRENT_LISTING_ONLY,KBS_CURRENT_LISTING,NO_KNOWN_MATCH,KBS current stock listing; exchange is deterministic pre-crawl priority signal
494,KBS:UPCOM:CLI,CLI,UPCOM,CTCP Tập đoàn CNCTech,stock,SELECTED_EXPANSION_600,UPCOM,UNAVAILABLE,UNAVAILABLE,UPCOM,UNAVAILABLE,CURRENT_LISTING_ONLY,KBS_CURRENT_LISTING,NO_KNOWN_MATCH,KBS current stock listing; exchange is deterministic pre-crawl priority signal
495,KBS:UPCOM:CMK,CMK,UPCOM,CTCP Cơ khí Mạo Khê - Vinacomin,stock,SELECTED_EXPANSION_600,UPCOM,UNAVAILABLE,UNAVAILABLE,UPCOM,UNAVAILABLE,CURRENT_LISTING_ONLY,KBS_CURRENT_LISTING,NO_KNOWN_MATCH,KBS current stock listing; exchange is deterministic pre-crawl priority signal
496,KBS:UPCOM:CMM,CMM,UPCOM,CTCP Camimex,stock,SELECTED_EXPANSION_600,UPCOM,UNAVAILABLE,UNAVAILABLE,UPCOM,UNAVAILABLE,CURRENT_LISTING_ONLY,KBS_CURRENT_LISTING,NO_KNOWN_MATCH,KBS current stock listing; exchange is deterministic pre-crawl priority signal
497,KBS:UPCOM:CMN,CMN,UPCOM,CTCP Lương thực Thực phẩm Colusa - Miliket,stock,SELECTED_EXPANSION_600,UPCOM,UNAVAILABLE,UNAVAILABLE,UPCOM,UNAVAILABLE,CURRENT_LISTING_ONLY,KBS_CURRENT_LISTING,NO_KNOWN_MATCH,KBS current stock listing; exchange is deterministic pre-crawl priority signal
498,KBS:UPCOM:CMP,CMP,UPCOM,CTCP Cảng Chân Mây,stock,SELECTED_EXPANSION_600,UPCOM,UNAVAILABLE,UNAVAILABLE,UPCOM,UNAVAILABLE,CURRENT_LISTING_ONLY,KBS_CURRENT_LISTING,NO_KNOWN_MATCH,KBS current stock listing; exchange is deterministic pre-crawl priority signal
499,KBS:UPCOM:CMT,CMT,UPCOM,CTCP Công nghệ Mạng và Truyền thông,stock,SELECTED_EXPANSION_600,UPCOM,UNAVAILABLE,UNAVAILABLE,UPCOM,UNAVAILABLE,CURRENT_LISTING_ONLY,KBS_CURRENT_LISTING,NO_KNOWN_MATCH,KBS current stock listing; exchange is deterministic pre-crawl priority signal
500,KBS:UPCOM:CMW,CMW,UPCOM,CTCP Cấp nước Cà Mau,stock,SELECTED_EXPANSION_600,UPCOM,UNAVAILABLE,UNAVAILABLE,UPCOM,UNAVAILABLE,CURRENT_LISTING_ONLY,KBS_CURRENT_LISTING,NO_KNOWN_MATCH,KBS current stock listing; exchange is deterministic pre-crawl priority signal
501,KBS:UPCOM:CNA,CNA,UPCOM,CTCP Tổng Công ty Chè Nghệ An,stock,SELECTED_EXPANSION_600,UPCOM,UNAVAILABLE,UNAVAILABLE,UPCOM,UNAVAILABLE,CURRENT_LISTING_ONLY,KBS_CURRENT_LISTING,NO_KNOWN_MATCH,KBS current stock listing; exchange is deterministic pre-crawl priority signal
502,KBS:UPCOM:CPA,CPA,UPCOM,CTCP Cà phê Phước An,stock,SELECTED_EXPANSION_600,UPCOM,UNAVAILABLE,UNAVAILABLE,UPCOM,UNAVAILABLE,CURRENT_LISTING_ONLY,KBS_CURRENT_LISTING,NO_KNOWN_MATCH,KBS current stock listing; exchange is deterministic pre-crawl priority signal
503,KBS:UPCOM:CPH,CPH,UPCOM,CTCP Phục vụ Mai táng Hải Phòng,stock,SELECTED_EXPANSION_600,UPCOM,UNAVAILABLE,UNAVAILABLE,UPCOM,UNAVAILABLE,CURRENT_LISTING_ONLY,KBS_CURRENT_LISTING,NO_KNOWN_MATCH,KBS current stock listing; exchange is deterministic pre-crawl priority signal
504,KBS:UPCOM:CQN,CQN,UPCOM,CTCP Cảng Quảng Ninh,stock,SELECTED_EXPANSION_600,UPCOM,UNAVAILABLE,UNAVAILABLE,UPCOM,UNAVAILABLE,CURRENT_LISTING_ONLY,KBS_CURRENT_LISTING,NO_KNOWN_MATCH,KBS current stock listing; exchange is deterministic pre-crawl priority signal
505,KBS:UPCOM:CSI,CSI,UPCOM,CTCP Chứng khoán Kirin,stock,SELECTED_EXPANSION_600,UPCOM,UNAVAILABLE,UNAVAILABLE,UPCOM,UNAVAILABLE,CURRENT_LISTING_ONLY,KBS_CURRENT_LISTING,NO_KNOWN_MATCH,KBS current stock listing; exchange is deterministic pre-crawl priority signal
506,KBS:UPCOM:CT3,CT3,UPCOM,CTCP Đầu tư và Xây dựng Công trình 3,stock,SELECTED_EXPANSION_600,UPCOM,UNAVAILABLE,UNAVAILABLE,UPCOM,UNAVAILABLE,CURRENT_LISTING_ONLY,KBS_CURRENT_LISTING,NO_KNOWN_MATCH,KBS current stock listing; exchange is deterministic pre-crawl priority signal
507,KBS:UPCOM:CT6,CT6,UPCOM,CTCP Công trình 6,stock,SELECTED_EXPANSION_600,UPCOM,UNAVAILABLE,UNAVAILABLE,UPCOM,UNAVAILABLE,CURRENT_LISTING_ONLY,KBS_CURRENT_LISTING,NO_KNOWN_MATCH,KBS current stock listing; exchange is deterministic pre-crawl priority signal
508,KBS:UPCOM:CTX,CTX,UPCOM,Tổng Công ty cổ phần Đầu tư Xây dựng và Thương mại Việt Nam,stock,SELECTED_EXPANSION_600,UPCOM,UNAVAILABLE,UNAVAILABLE,UPCOM,UNAVAILABLE,CURRENT_LISTING_ONLY,KBS_CURRENT_LISTING,NO_KNOWN_MATCH,KBS current stock listing; exchange is deterministic pre-crawl priority signal
509,KBS:UPCOM:DAC,DAC,UPCOM,CTCP 382 Đông Anh,stock,SELECTED_EXPANSION_600,UPCOM,UNAVAILABLE,UNAVAILABLE,UPCOM,UNAVAILABLE,CURRENT_LISTING_ONLY,KBS_CURRENT_LISTING,NO_KNOWN_MATCH,KBS current stock listing; exchange is deterministic pre-crawl priority signal
510,KBS:UPCOM:DAG,DAG,UPCOM,CTCP Tập đoàn Nhựa Đông Á,stock,SELECTED_EXPANSION_600,UPCOM,UNAVAILABLE,UNAVAILABLE,UPCOM,UNAVAILABLE,CURRENT_LISTING_ONLY,KBS_CURRENT_LISTING,NO_KNOWN_MATCH,KBS current stock listing; exchange is deterministic pre-crawl priority signal
511,KBS:UPCOM:DAS,DAS,UPCOM,CTCP Máy - Thiết bị Dầu khí Đà Nẵng,stock,SELECTED_EXPANSION_600,UPCOM,UNAVAILABLE,UNAVAILABLE,UPCOM,UNAVAILABLE,CURRENT_LISTING_ONLY,KBS_CURRENT_LISTING,NO_KNOWN_MATCH,KBS current stock listing; exchange is deterministic pre-crawl priority signal
512,KBS:UPCOM:DBM,DBM,UPCOM,CTCP Dược - Vật tư Y Tế Đăk Lăk,stock,SELECTED_EXPANSION_600,UPCOM,UNAVAILABLE,UNAVAILABLE,UPCOM,UNAVAILABLE,CURRENT_LISTING_ONLY,KBS_CURRENT_LISTING,NO_KNOWN_MATCH,KBS current stock listing; exchange is deterministic pre-crawl priority signal
513,KBS:UPCOM:DCF,DCF,UPCOM,CTCP Xây dựng và Thiết kế Số 1,stock,SELECTED_EXPANSION_600,UPCOM,UNAVAILABLE,UNAVAILABLE,UPCOM,UNAVAILABLE,CURRENT_LISTING_ONLY,KBS_CURRENT_LISTING,NO_KNOWN_MATCH,KBS current stock listing; exchange is deterministic pre-crawl priority signal
514,KBS:UPCOM:DCG,DCG,UPCOM,CTCP Tổng Công ty May Đáp Cầu,stock,SELECTED_EXPANSION_600,UPCOM,UNAVAILABLE,UNAVAILABLE,UPCOM,UNAVAILABLE,CURRENT_LISTING_ONLY,KBS_CURRENT_LISTING,NO_KNOWN_MATCH,KBS current stock listing; exchange is deterministic pre-crawl priority signal
515,KBS:UPCOM:DCH,DCH,UPCOM,CTCP Địa chính Hà Nội,stock,SELECTED_EXPANSION_600,UPCOM,UNAVAILABLE,UNAVAILABLE,UPCOM,UNAVAILABLE,CURRENT_LISTING_ONLY,KBS_CURRENT_LISTING,NO_KNOWN_MATCH,KBS current stock listing; exchange is deterministic pre-crawl priority signal
516,KBS:UPCOM:DCR,DCR,UPCOM,CTCP Gạch men Cosevco,stock,SELECTED_EXPANSION_600,UPCOM,UNAVAILABLE,UNAVAILABLE,UPCOM,UNAVAILABLE,CURRENT_LISTING_ONLY,KBS_CURRENT_LISTING,NO_KNOWN_MATCH,KBS current stock listing; exchange is deterministic pre-crawl priority signal
517,KBS:UPCOM:DCS,DCS,UPCOM,CTCP Tập đoàn EDX,stock,SELECTED_EXPANSION_600,UPCOM,UNAVAILABLE,UNAVAILABLE,UPCOM,UNAVAILABLE,CURRENT_LISTING_ONLY,KBS_CURRENT_LISTING,NO_KNOWN_MATCH,KBS current stock listing; exchange is deterministic pre-crawl priority signal
518,KBS:UPCOM:DCV,DCV,UPCOM,CTCP Quản lý Quỹ Đầu tư Dragon Capital Việt Nam,stock,SELECTED_EXPANSION_600,UPCOM,UNAVAILABLE,UNAVAILABLE,UPCOM,UNAVAILABLE,CURRENT_LISTING_ONLY,KBS_CURRENT_LISTING,NO_KNOWN_MATCH,KBS current stock listing; exchange is deterministic pre-crawl priority signal
519,KBS:UPCOM:DDB,DDB,UPCOM,CTCP Thương mại và Xây dựng Đông Dương,stock,SELECTED_EXPANSION_600,UPCOM,UNAVAILABLE,UNAVAILABLE,UPCOM,UNAVAILABLE,CURRENT_LISTING_ONLY,KBS_CURRENT_LISTING,NO_KNOWN_MATCH,KBS current stock listing; exchange is deterministic pre-crawl priority signal
520,KBS:UPCOM:DDG,DDG,UPCOM,CTCP Đầu tư Công nghiệp Xuất nhập khẩu Đông Dương,stock,SELECTED_EXPANSION_600,UPCOM,UNAVAILABLE,UNAVAILABLE,UPCOM,UNAVAILABLE,CURRENT_LISTING_ONLY,KBS_CURRENT_LISTING,NO_KNOWN_MATCH,KBS current stock listing; exchange is deterministic pre-crawl priority signal
521,KBS:UPCOM:DDM,DDM,UPCOM,CTCP Hàng Hải Đông Đô,stock,SELECTED_EXPANSION_600,UPCOM,UNAVAILABLE,UNAVAILABLE,UPCOM,UNAVAILABLE,CURRENT_LISTING_ONLY,KBS_CURRENT_LISTING,NO_KNOWN_MATCH,KBS current stock listing; exchange is deterministic pre-crawl priority signal
522,KBS:UPCOM:DDN,DDN,UPCOM,CTCP Dược và Thiết bị Y tế Đà Nẵng,stock,SELECTED_EXPANSION_600,UPCOM,UNAVAILABLE,UNAVAILABLE,UPCOM,UNAVAILABLE,CURRENT_LISTING_ONLY,KBS_CURRENT_LISTING,NO_KNOWN_MATCH,KBS current stock listing; exchange is deterministic pre-crawl priority signal
523,KBS:UPCOM:DFC,DFC,UPCOM,CTCP Xích líp Đông Anh,stock,SELECTED_EXPANSION_600,UPCOM,UNAVAILABLE,UNAVAILABLE,UPCOM,UNAVAILABLE,CURRENT_LISTING_ONLY,KBS_CURRENT_LISTING,NO_KNOWN_MATCH,KBS current stock listing; exchange is deterministic pre-crawl priority signal
524,KBS:UPCOM:DFF,DFF,UPCOM,CTCP Tập đoàn Đua Fat,stock,SELECTED_EXPANSION_600,UPCOM,UNAVAILABLE,UNAVAILABLE,UPCOM,UNAVAILABLE,CURRENT_LISTING_ONLY,KBS_CURRENT_LISTING,NO_KNOWN_MATCH,KBS current stock listing; exchange is deterministic pre-crawl priority signal
525,KBS:UPCOM:DGT,DGT,UPCOM,CTCP Công trình Giao thông Đồng Nai,stock,SELECTED_EXPANSION_600,UPCOM,UNAVAILABLE,UNAVAILABLE,UPCOM,UNAVAILABLE,CURRENT_LISTING_ONLY,KBS_CURRENT_LISTING,NO_KNOWN_MATCH,KBS current stock listing; exchange is deterministic pre-crawl priority signal
526,KBS:UPCOM:DHD,DHD,UPCOM,CTCP Dược Vật tư Y tế Hải Dương,stock,SELECTED_EXPANSION_600,UPCOM,UNAVAILABLE,UNAVAILABLE,UPCOM,UNAVAILABLE,CURRENT_LISTING_ONLY,KBS_CURRENT_LISTING,NO_KNOWN_MATCH,KBS current stock listing; exchange is deterministic pre-crawl priority signal
527,KBS:UPCOM:DHN,DHN,UPCOM,CTCP Dược phẩm Hà Nội,stock,SELECTED_EXPANSION_600,UPCOM,UNAVAILABLE,UNAVAILABLE,UPCOM,UNAVAILABLE,CURRENT_LISTING_ONLY,KBS_CURRENT_LISTING,NO_KNOWN_MATCH,KBS current stock listing; exchange is deterministic pre-crawl priority signal
528,KBS:UPCOM:DIC,DIC,UPCOM,CTCP Đầu tư và Thương mại DIC,stock,SELECTED_EXPANSION_600,UPCOM,UNAVAILABLE,UNAVAILABLE,UPCOM,UNAVAILABLE,CURRENT_LISTING_ONLY,KBS_CURRENT_LISTING,NO_KNOWN_MATCH,KBS current stock listing; exchange is deterministic pre-crawl priority signal
529,KBS:UPCOM:DKC,DKC,UPCOM,CTCP Chợ Lạng Sơn,stock,SELECTED_EXPANSION_600,UPCOM,UNAVAILABLE,UNAVAILABLE,UPCOM,UNAVAILABLE,CURRENT_LISTING_ONLY,KBS_CURRENT_LISTING,NO_KNOWN_MATCH,KBS current stock listing; exchange is deterministic pre-crawl priority signal
530,KBS:UPCOM:DKG,DKG,UPCOM,CTCP Tập đoàn Damik,stock,SELECTED_EXPANSION_600,UPCOM,UNAVAILABLE,UNAVAILABLE,UPCOM,UNAVAILABLE,CURRENT_LISTING_ONLY,KBS_CURRENT_LISTING,NO_KNOWN_MATCH,KBS current stock listing; exchange is deterministic pre-crawl priority signal
531,KBS:UPCOM:DLD,DLD,UPCOM,CTCP Du lịch Đắk Lắk,stock,SELECTED_EXPANSION_600,UPCOM,UNAVAILABLE,UNAVAILABLE,UPCOM,UNAVAILABLE,CURRENT_LISTING_ONLY,KBS_CURRENT_LISTING,NO_KNOWN_MATCH,KBS current stock listing; exchange is deterministic pre-crawl priority signal
532,KBS:UPCOM:DLR,DLR,UPCOM,CTCP Địa ốc Đà Lạt,stock,SELECTED_EXPANSION_600,UPCOM,UNAVAILABLE,UNAVAILABLE,UPCOM,UNAVAILABLE,CURRENT_LISTING_ONLY,KBS_CURRENT_LISTING,NO_KNOWN_MATCH,KBS current stock listing; exchange is deterministic pre-crawl priority signal
533,KBS:UPCOM:DLT,DLT,UPCOM,CTCP Du lịch và Thương mại - Vinacomin,stock,SELECTED_EXPANSION_600,UPCOM,UNAVAILABLE,UNAVAILABLE,UPCOM,UNAVAILABLE,CURRENT_LISTING_ONLY,KBS_CURRENT_LISTING,NO_KNOWN_MATCH,KBS current stock listing; exchange is deterministic pre-crawl priority signal
534,KBS:UPCOM:DM7,DM7,UPCOM,CTCP Dệt May 7,stock,SELECTED_EXPANSION_600,UPCOM,UNAVAILABLE,UNAVAILABLE,UPCOM,UNAVAILABLE,CURRENT_LISTING_ONLY,KBS_CURRENT_LISTING,NO_KNOWN_MATCH,KBS current stock listing; exchange is deterministic pre-crawl priority signal
535,KBS:UPCOM:DMN,DMN,UPCOM,CTCP Domenal,stock,SELECTED_EXPANSION_600,UPCOM,UNAVAILABLE,UNAVAILABLE,UPCOM,UNAVAILABLE,CURRENT_LISTING_ONLY,KBS_CURRENT_LISTING,NO_KNOWN_MATCH,KBS current stock listing; exchange is deterministic pre-crawl priority signal
536,KBS:UPCOM:DND,DND,UPCOM,CTCP Đầu tư Xây dựng và Vật liệu Đồng Nai,stock,SELECTED_EXPANSION_600,UPCOM,UNAVAILABLE,UNAVAILABLE,UPCOM,UNAVAILABLE,CURRENT_LISTING_ONLY,KBS_CURRENT_LISTING,NO_KNOWN_MATCH,KBS current stock listing; exchange is deterministic pre-crawl priority signal
537,KBS:UPCOM:DNE,DNE,UPCOM,CTCP Môi trường Đô thị Đà Nẵng,stock,SELECTED_EXPANSION_600,UPCOM,UNAVAILABLE,UNAVAILABLE,UPCOM,UNAVAILABLE,CURRENT_LISTING_ONLY,KBS_CURRENT_LISTING,NO_KNOWN_MATCH,KBS current stock listing; exchange is deterministic pre-crawl priority signal
538,KBS:UPCOM:DNM,DNM,UPCOM,Tổng Công ty cổ phần Y tế DANAMECO,stock,SELECTED_EXPANSION_600,UPCOM,UNAVAILABLE,UNAVAILABLE,UPCOM,UNAVAILABLE,CURRENT_LISTING_ONLY,KBS_CURRENT_LISTING,NO_KNOWN_MATCH,KBS current stock listing; exchange is deterministic pre-crawl priority signal
539,KBS:UPCOM:DNN,DNN,UPCOM,CTCP Cấp nước Đà Nẵng,stock,SELECTED_EXPANSION_600,UPCOM,UNAVAILABLE,UNAVAILABLE,UPCOM,UNAVAILABLE,CURRENT_LISTING_ONLY,KBS_CURRENT_LISTING,NO_KNOWN_MATCH,KBS current stock listing; exchange is deterministic pre-crawl priority signal
540,KBS:UPCOM:DNT,DNT,UPCOM,CTCP Du lịch Đồng Nai,stock,SELECTED_EXPANSION_600,UPCOM,UNAVAILABLE,UNAVAILABLE,UPCOM,UNAVAILABLE,CURRENT_LISTING_ONLY,KBS_CURRENT_LISTING,NO_KNOWN_MATCH,KBS current stock listing; exchange is deterministic pre-crawl priority signal
541,KBS:UPCOM:DOC,DOC,UPCOM,CTCP Vật tư Nông Nghiệp Đồng Nai,stock,SELECTED_EXPANSION_600,UPCOM,UNAVAILABLE,UNAVAILABLE,UPCOM,UNAVAILABLE,CURRENT_LISTING_ONLY,KBS_CURRENT_LISTING,NO_KNOWN_MATCH,KBS current stock listing; exchange is deterministic pre-crawl priority signal
542,KBS:UPCOM:DOP,DOP,UPCOM,CTCP Vận tải Xăng dầu Đồng Tháp,stock,SELECTED_EXPANSION_600,UPCOM,UNAVAILABLE,UNAVAILABLE,UPCOM,UNAVAILABLE,CURRENT_LISTING_ONLY,KBS_CURRENT_LISTING,NO_KNOWN_MATCH,KBS current stock listing; exchange is deterministic pre-crawl priority signal
543,KBS:UPCOM:DP2,DP2,UPCOM,CTCP Dược phẩm Trung ương 2,stock,SELECTED_EXPANSION_600,UPCOM,UNAVAILABLE,UNAVAILABLE,UPCOM,UNAVAILABLE,CURRENT_LISTING_ONLY,KBS_CURRENT_LISTING,NO_KNOWN_MATCH,KBS current stock listing; exchange is deterministic pre-crawl priority signal
544,KBS:UPCOM:DPH,DPH,UPCOM,CTCP Dược phẩm Hải Phòng,stock,SELECTED_EXPANSION_600,UPCOM,UNAVAILABLE,UNAVAILABLE,UPCOM,UNAVAILABLE,CURRENT_LISTING_ONLY,KBS_CURRENT_LISTING,NO_KNOWN_MATCH,KBS current stock listing; exchange is deterministic pre-crawl priority signal
545,KBS:UPCOM:DPP,DPP,UPCOM,CTCP Dược Đồng Nai,stock,SELECTED_EXPANSION_600,UPCOM,UNAVAILABLE,UNAVAILABLE,UPCOM,UNAVAILABLE,CURRENT_LISTING_ONLY,KBS_CURRENT_LISTING,NO_KNOWN_MATCH,KBS current stock listing; exchange is deterministic pre-crawl priority signal
546,KBS:UPCOM:DRG,DRG,UPCOM,CTCP Cao su Đắk Lắk,stock,SELECTED_EXPANSION_600,UPCOM,UNAVAILABLE,UNAVAILABLE,UPCOM,UNAVAILABLE,CURRENT_LISTING_ONLY,KBS_CURRENT_LISTING,NO_KNOWN_MATCH,KBS current stock listing; exchange is deterministic pre-crawl priority signal
547,KBS:UPCOM:DSD,DSD,UPCOM,CTCP DHC Suối Đôi,stock,SELECTED_EXPANSION_600,UPCOM,UNAVAILABLE,UNAVAILABLE,UPCOM,UNAVAILABLE,CURRENT_LISTING_ONLY,KBS_CURRENT_LISTING,NO_KNOWN_MATCH,KBS current stock listing; exchange is deterministic pre-crawl priority signal
548,KBS:UPCOM:DSG,DSG,UPCOM,CTCP Kính Đáp Cầu,stock,SELECTED_EXPANSION_600,UPCOM,UNAVAILABLE,UNAVAILABLE,UPCOM,UNAVAILABLE,CURRENT_LISTING_ONLY,KBS_CURRENT_LISTING,NO_KNOWN_MATCH,KBS current stock listing; exchange is deterministic pre-crawl priority signal
549,KBS:UPCOM:DSH,DSH,UPCOM,CTCP Đông Sơn Holding,stock,SELECTED_EXPANSION_600,UPCOM,UNAVAILABLE,UNAVAILABLE,UPCOM,UNAVAILABLE,CURRENT_LISTING_ONLY,KBS_CURRENT_LISTING,NO_KNOWN_MATCH,KBS current stock listing; exchange is deterministic pre-crawl priority signal
550,KBS:UPCOM:DSP,DSP,UPCOM,CTCP Dịch vụ Du lịch Phú Thọ,stock,SELECTED_EXPANSION_600,UPCOM,UNAVAILABLE,UNAVAILABLE,UPCOM,UNAVAILABLE,CURRENT_LISTING_ONLY,KBS_CURRENT_LISTING,NO_KNOWN_MATCH,KBS current stock listing; exchange is deterministic pre-crawl priority signal
551,KBS:UPCOM:DTH,DTH,UPCOM,CTCP Dược - Vật tư Y Tế Thanh Hóa,stock,SELECTED_EXPANSION_600,UPCOM,UNAVAILABLE,UNAVAILABLE,UPCOM,UNAVAILABLE,CURRENT_LISTING_ONLY,KBS_CURRENT_LISTING,NO_KNOWN_MATCH,KBS current stock listing; exchange is deterministic pre-crawl priority signal
552,KBS:UPCOM:DTP,DTP,UPCOM,CTCP Dược phẩm CPC1 Hà Nội,stock,SELECTED_EXPANSION_600,UPCOM,UNAVAILABLE,UNAVAILABLE,UPCOM,UNAVAILABLE,CURRENT_LISTING_ONLY,KBS_CURRENT_LISTING,NO_KNOWN_MATCH,KBS current stock listing; exchange is deterministic pre-crawl priority signal
553,KBS:UPCOM:DTR,DTR,UPCOM,CTCP Đông Tây Land,stock,SELECTED_EXPANSION_600,UPCOM,UNAVAILABLE,UNAVAILABLE,UPCOM,UNAVAILABLE,CURRENT_LISTING_ONLY,KBS_CURRENT_LISTING,NO_KNOWN_MATCH,KBS current stock listing; exchange is deterministic pre-crawl priority signal
554,KBS:UPCOM:DUS,DUS,UPCOM,CTCP Dịch vụ Đô thị Đà Lạt,stock,SELECTED_EXPANSION_600,UPCOM,UNAVAILABLE,UNAVAILABLE,UPCOM,UNAVAILABLE,CURRENT_LISTING_ONLY,KBS_CURRENT_LISTING,NO_KNOWN_MATCH,KBS current stock listing; exchange is deterministic pre-crawl priority signal
555,KBS:UPCOM:DVC,DVC,UPCOM,CTCP Thương mại Dịch vụ Tổng hợp Cảng Hải Phòng,stock,SELECTED_EXPANSION_600,UPCOM,UNAVAILABLE,UNAVAILABLE,UPCOM,UNAVAILABLE,CURRENT_LISTING_ONLY,KBS_CURRENT_LISTING,NO_KNOWN_MATCH,KBS current stock listing; exchange is deterministic pre-crawl priority signal
556,KBS:UPCOM:DVG,DVG,UPCOM,CTCP Đại Việt Group DVG,stock,SELECTED_EXPANSION_600,UPCOM,UNAVAILABLE,UNAVAILABLE,UPCOM,UNAVAILABLE,CURRENT_LISTING_ONLY,KBS_CURRENT_LISTING,NO_KNOWN_MATCH,KBS current stock listing; exchange is deterministic pre-crawl priority signal
557,KBS:UPCOM:DVN,DVN,UPCOM,Tổng Công ty Dược Việt Nam - CTCP,stock,SELECTED_EXPANSION_600,UPCOM,UNAVAILABLE,UNAVAILABLE,UPCOM,UNAVAILABLE,CURRENT_LISTING_ONLY,KBS_CURRENT_LISTING,NO_KNOWN_MATCH,KBS current stock listing; exchange is deterministic pre-crawl priority signal
558,KBS:UPCOM:DVW,DVW,UPCOM,CTCP Dịch vụ và Xây dựng Cấp nước Đồng Nai,stock,SELECTED_EXPANSION_600,UPCOM,UNAVAILABLE,UNAVAILABLE,UPCOM,UNAVAILABLE,CURRENT_LISTING_ONLY,KBS_CURRENT_LISTING,NO_KNOWN_MATCH,KBS current stock listing; exchange is deterministic pre-crawl priority signal
559,KBS:UPCOM:DWC,DWC,UPCOM,CTCP Cấp nước Đắk Lắk,stock,SELECTED_EXPANSION_600,UPCOM,UNAVAILABLE,UNAVAILABLE,UPCOM,UNAVAILABLE,CURRENT_LISTING_ONLY,KBS_CURRENT_LISTING,NO_KNOWN_MATCH,KBS current stock listing; exchange is deterministic pre-crawl priority signal
560,KBS:UPCOM:DXL,DXL,UPCOM,CTCP Du Lịch và Xuất nhập khẩu Lạng Sơn,stock,SELECTED_EXPANSION_600,UPCOM,UNAVAILABLE,UNAVAILABLE,UPCOM,UNAVAILABLE,CURRENT_LISTING_ONLY,KBS_CURRENT_LISTING,NO_KNOWN_MATCH,KBS current stock listing; exchange is deterministic pre-crawl priority signal
561,KBS:UPCOM:E29,E29,UPCOM,CTCP Đầu tư Xây dựng và Kỹ thuật 29,stock,SELECTED_EXPANSION_600,UPCOM,UNAVAILABLE,UNAVAILABLE,UPCOM,UNAVAILABLE,CURRENT_LISTING_ONLY,KBS_CURRENT_LISTING,NO_KNOWN_MATCH,KBS current stock listing; exchange is deterministic pre-crawl priority signal
562,KBS:UPCOM:EFI,EFI,UPCOM,CTCP Đầu tư Tài chính Giáo dục,stock,SELECTED_EXPANSION_600,UPCOM,UNAVAILABLE,UNAVAILABLE,UPCOM,UNAVAILABLE,CURRENT_LISTING_ONLY,KBS_CURRENT_LISTING,NO_KNOWN_MATCH,KBS current stock listing; exchange is deterministic pre-crawl priority signal
563,KBS:UPCOM:EGL,EGL,UPCOM,CTCP Môi trường Đô thị Gia Lâm,stock,SELECTED_EXPANSION_600,UPCOM,UNAVAILABLE,UNAVAILABLE,UPCOM,UNAVAILABLE,CURRENT_LISTING_ONLY,KBS_CURRENT_LISTING,NO_KNOWN_MATCH,KBS current stock listing; exchange is deterministic pre-crawl priority signal
564,KBS:UPCOM:EIN,EIN,UPCOM,CTCP Đầu tư - Thương mại - Dịch vụ Điện Lực,stock,SELECTED_EXPANSION_600,UPCOM,UNAVAILABLE,UNAVAILABLE,UPCOM,UNAVAILABLE,CURRENT_LISTING_ONLY,KBS_CURRENT_LISTING,NO_KNOWN_MATCH,KBS current stock listing; exchange is deterministic pre-crawl priority signal
565,KBS:UPCOM:EME,EME,UPCOM,CTCP Điện cơ,stock,SELECTED_EXPANSION_600,UPCOM,UNAVAILABLE,UNAVAILABLE,UPCOM,UNAVAILABLE,CURRENT_LISTING_ONLY,KBS_CURRENT_LISTING,NO_KNOWN_MATCH,KBS current stock listing; exchange is deterministic pre-crawl priority signal
566,KBS:UPCOM:EMG,EMG,UPCOM,CTCP Thiết bị Phụ tùng Cơ điện,stock,SELECTED_EXPANSION_600,UPCOM,UNAVAILABLE,UNAVAILABLE,UPCOM,UNAVAILABLE,CURRENT_LISTING_ONLY,KBS_CURRENT_LISTING,NO_KNOWN_MATCH,KBS current stock listing; exchange is deterministic pre-crawl priority signal
567,KBS:UPCOM:EMS,EMS,UPCOM,Tổng Công ty Chuyển phát nhanh Bưu Điện - CTCP,stock,SELECTED_EXPANSION_600,UPCOM,UNAVAILABLE,UNAVAILABLE,UPCOM,UNAVAILABLE,CURRENT_LISTING_ONLY,KBS_CURRENT_LISTING,NO_KNOWN_MATCH,KBS current stock listing; exchange is deterministic pre-crawl priority signal
568,KBS:UPCOM:F88,F88,UPCOM,CTCP Đầu tư F88,stock,SELECTED_EXPANSION_600,UPCOM,UNAVAILABLE,UNAVAILABLE,UPCOM,UNAVAILABLE,CURRENT_LISTING_ONLY,KBS_CURRENT_LISTING,NO_KNOWN_MATCH,KBS current stock listing; exchange is deterministic pre-crawl priority signal
569,KBS:UPCOM:FBC,FBC,UPCOM,CTCP Cơ khí Phổ Yên,stock,SELECTED_EXPANSION_600,UPCOM,UNAVAILABLE,UNAVAILABLE,UPCOM,UNAVAILABLE,CURRENT_LISTING_ONLY,KBS_CURRENT_LISTING,NO_KNOWN_MATCH,KBS current stock listing; exchange is deterministic pre-crawl priority signal
570,KBS:UPCOM:FCC,FCC,UPCOM,CTCP Bất động sản Ramond,stock,SELECTED_EXPANSION_600,UPCOM,UNAVAILABLE,UNAVAILABLE,UPCOM,UNAVAILABLE,CURRENT_LISTING_ONLY,KBS_CURRENT_LISTING,NO_KNOWN_MATCH,KBS current stock listing; exchange is deterministic pre-crawl priority signal
571,KBS:UPCOM:FCS,FCS,UPCOM,CTCP Lương thực Thành phố Hồ Chí Minh,stock,SELECTED_EXPANSION_600,UPCOM,UNAVAILABLE,UNAVAILABLE,UPCOM,UNAVAILABLE,CURRENT_LISTING_ONLY,KBS_CURRENT_LISTING,NO_KNOWN_MATCH,KBS current stock listing; exchange is deterministic pre-crawl priority signal
572,KBS:UPCOM:FGL,FGL,UPCOM,CTCP Cà phê Gia Lai,stock,SELECTED_EXPANSION_600,UPCOM,UNAVAILABLE,UNAVAILABLE,UPCOM,UNAVAILABLE,CURRENT_LISTING_ONLY,KBS_CURRENT_LISTING,NO_KNOWN_MATCH,KBS current stock listing; exchange is deterministic pre-crawl priority signal
573,KBS:UPCOM:FHN,FHN,UPCOM,CTCP Xuất nhập khẩu Lương thực - Thực phẩm Hà Nội,stock,SELECTED_EXPANSION_600,UPCOM,UNAVAILABLE,UNAVAILABLE,UPCOM,UNAVAILABLE,CURRENT_LISTING_ONLY,KBS_CURRENT_LISTING,NO_KNOWN_MATCH,KBS current stock listing; exchange is deterministic pre-crawl priority signal
574,KBS:UPCOM:FHS,FHS,UPCOM,CTCP Phát hành Sách Thành phố Hồ Chí Minh,stock,SELECTED_EXPANSION_600,UPCOM,UNAVAILABLE,UNAVAILABLE,UPCOM,UNAVAILABLE,CURRENT_LISTING_ONLY,KBS_CURRENT_LISTING,NO_KNOWN_MATCH,KBS current stock listing; exchange is deterministic pre-crawl priority signal
575,KBS:UPCOM:FRC,FRC,UPCOM,CTCP Lâm đặc sản Xuất khẩu Quảng Nam,stock,SELECTED_EXPANSION_600,UPCOM,UNAVAILABLE,UNAVAILABLE,UPCOM,UNAVAILABLE,CURRENT_LISTING_ONLY,KBS_CURRENT_LISTING,NO_KNOWN_MATCH,KBS current stock listing; exchange is deterministic pre-crawl priority signal
576,KBS:UPCOM:FRM,FRM,UPCOM,CTCP Lâm Nghiệp Sài Gòn,stock,SELECTED_EXPANSION_600,UPCOM,UNAVAILABLE,UNAVAILABLE,UPCOM,UNAVAILABLE,CURRENT_LISTING_ONLY,KBS_CURRENT_LISTING,NO_KNOWN_MATCH,KBS current stock listing; exchange is deterministic pre-crawl priority signal
577,KBS:UPCOM:FSO,FSO,UPCOM,CTCP Cơ khí đóng tàu Thủy sản Việt Nam,stock,SELECTED_EXPANSION_600,UPCOM,UNAVAILABLE,UNAVAILABLE,UPCOM,UNAVAILABLE,CURRENT_LISTING_ONLY,KBS_CURRENT_LISTING,NO_KNOWN_MATCH,KBS current stock listing; exchange is deterministic pre-crawl priority signal
578,KBS:UPCOM:FT1,FT1,UPCOM,CTCP Phụ tùng Máy số 1,stock,SELECTED_EXPANSION_600,UPCOM,UNAVAILABLE,UNAVAILABLE,UPCOM,UNAVAILABLE,CURRENT_LISTING_ONLY,KBS_CURRENT_LISTING,NO_KNOWN_MATCH,KBS current stock listing; exchange is deterministic pre-crawl priority signal
579,KBS:UPCOM:FTI,FTI,UPCOM,CTCP Công nghiệp - Thương mại Hữu Nghị,stock,SELECTED_EXPANSION_600,UPCOM,UNAVAILABLE,UNAVAILABLE,UPCOM,UNAVAILABLE,CURRENT_LISTING_ONLY,KBS_CURRENT_LISTING,NO_KNOWN_MATCH,KBS current stock listing; exchange is deterministic pre-crawl priority signal
580,KBS:UPCOM:FTM,FTM,UPCOM,CTCP Đầu tư và Phát triển Đức Quân,stock,SELECTED_EXPANSION_600,UPCOM,UNAVAILABLE,UNAVAILABLE,UPCOM,UNAVAILABLE,CURRENT_LISTING_ONLY,KBS_CURRENT_LISTING,NO_KNOWN_MATCH,KBS current stock listing; exchange is deterministic pre-crawl priority signal
581,KBS:UPCOM:G20,G20,UPCOM,CTCP Đầu tư Dệt may Vĩnh Phúc,stock,SELECTED_EXPANSION_600,UPCOM,UNAVAILABLE,UNAVAILABLE,UPCOM,UNAVAILABLE,CURRENT_LISTING_ONLY,KBS_CURRENT_LISTING,NO_KNOWN_MATCH,KBS current stock listing; exchange is deterministic pre-crawl priority signal
582,KBS:UPCOM:G36,G36,UPCOM,Tổng Công ty 36 - CTCP,stock,SELECTED_EXPANSION_600,UPCOM,UNAVAILABLE,UNAVAILABLE,UPCOM,UNAVAILABLE,CURRENT_LISTING_ONLY,KBS_CURRENT_LISTING,NO_KNOWN_MATCH,KBS current stock listing; exchange is deterministic pre-crawl priority signal
583,KBS:UPCOM:GCB,GCB,UPCOM,CTCP Petec Bình Định,stock,SELECTED_EXPANSION_600,UPCOM,UNAVAILABLE,UNAVAILABLE,UPCOM,UNAVAILABLE,CURRENT_LISTING_ONLY,KBS_CURRENT_LISTING,NO_KNOWN_MATCH,KBS current stock listing; exchange is deterministic pre-crawl priority signal
584,KBS:UPCOM:GCF,GCF,UPCOM,CTCP Thực phẩm G.C,stock,SELECTED_EXPANSION_600,UPCOM,UNAVAILABLE,UNAVAILABLE,UPCOM,UNAVAILABLE,CURRENT_LISTING_ONLY,KBS_CURRENT_LISTING,NO_KNOWN_MATCH,KBS current stock listing; exchange is deterministic pre-crawl priority signal
585,KBS:UPCOM:GDA,GDA,UPCOM,CTCP Tôn Đông Á,stock,SELECTED_EXPANSION_600,UPCOM,UNAVAILABLE,UNAVAILABLE,UPCOM,UNAVAILABLE,CURRENT_LISTING_ONLY,KBS_CURRENT_LISTING,NO_KNOWN_MATCH,KBS current stock listing; exchange is deterministic pre-crawl priority signal
586,KBS:UPCOM:GDH,GDH,UPCOM,CTCP Tập đoàn GDC,stock,SELECTED_EXPANSION_600,UPCOM,UNAVAILABLE,UNAVAILABLE,UPCOM,UNAVAILABLE,CURRENT_LISTING_ONLY,KBS_CURRENT_LISTING,NO_KNOWN_MATCH,KBS current stock listing; exchange is deterministic pre-crawl priority signal
587,KBS:UPCOM:GER,GER,UPCOM,CTCP Thể thao Ngôi sao Geru,stock,SELECTED_EXPANSION_600,UPCOM,UNAVAILABLE,UNAVAILABLE,UPCOM,UNAVAILABLE,CURRENT_LISTING_ONLY,KBS_CURRENT_LISTING,NO_KNOWN_MATCH,KBS current stock listing; exchange is deterministic pre-crawl priority signal
588,KBS:UPCOM:GH3,GH3,UPCOM,CTCP Công trình Giao thông Hà Nội,stock,SELECTED_EXPANSION_600,UPCOM,UNAVAILABLE,UNAVAILABLE,UPCOM,UNAVAILABLE,CURRENT_LISTING_ONLY,KBS_CURRENT_LISTING,NO_KNOWN_MATCH,KBS current stock listing; exchange is deterministic pre-crawl priority signal
589,KBS:UPCOM:GLC,GLC,UPCOM,CTCP Vàng Lào Cai,stock,SELECTED_EXPANSION_600,UPCOM,UNAVAILABLE,UNAVAILABLE,UPCOM,UNAVAILABLE,CURRENT_LISTING_ONLY,KBS_CURRENT_LISTING,NO_KNOWN_MATCH,KBS current stock listing; exchange is deterministic pre-crawl priority signal
590,KBS:UPCOM:GLW,GLW,UPCOM,CTCP Cấp thoát nước Gia Lai,stock,SELECTED_EXPANSION_600,UPCOM,UNAVAILABLE,UNAVAILABLE,UPCOM,UNAVAILABLE,CURRENT_LISTING_ONLY,KBS_CURRENT_LISTING,NO_KNOWN_MATCH,KBS current stock listing; exchange is deterministic pre-crawl priority signal
591,KBS:UPCOM:GMC,GMC,UPCOM,CTCP Garmex Sài Gòn,stock,SELECTED_EXPANSION_600,UPCOM,UNAVAILABLE,UNAVAILABLE,UPCOM,UNAVAILABLE,CURRENT_LISTING_ONLY,KBS_CURRENT_LISTING,NO_KNOWN_MATCH,KBS current stock listing; exchange is deterministic pre-crawl priority signal
592,KBS:UPCOM:GND,GND,UPCOM,CTCP Gạch ngói Đồng Nai,stock,SELECTED_EXPANSION_600,UPCOM,UNAVAILABLE,UNAVAILABLE,UPCOM,UNAVAILABLE,CURRENT_LISTING_ONLY,KBS_CURRENT_LISTING,NO_KNOWN_MATCH,KBS current stock listing; exchange is deterministic pre-crawl priority signal
593,KBS:UPCOM:GTD,GTD,UPCOM,CTCP Giầy Thượng Đình,stock,SELECTED_EXPANSION_600,UPCOM,UNAVAILABLE,UNAVAILABLE,UPCOM,UNAVAILABLE,CURRENT_LISTING_ONLY,KBS_CURRENT_LISTING,NO_KNOWN_MATCH,KBS current stock listing; exchange is deterministic pre-crawl priority signal
594,KBS:UPCOM:GTS,GTS,UPCOM,CTCP Công trình Giao thông Sài Gòn,stock,SELECTED_EXPANSION_600,UPCOM,UNAVAILABLE,UNAVAILABLE,UPCOM,UNAVAILABLE,CURRENT_LISTING_ONLY,KBS_CURRENT_LISTING,NO_KNOWN_MATCH,KBS current stock listing; exchange is deterministic pre-crawl priority signal
595,KBS:UPCOM:GTT,GTT,UPCOM,CTCP Thuận Thảo,stock,SELECTED_EXPANSION_600,UPCOM,UNAVAILABLE,UNAVAILABLE,UPCOM,UNAVAILABLE,CURRENT_LISTING_ONLY,KBS_CURRENT_LISTING,NO_KNOWN_MATCH,KBS current stock listing; exchange is deterministic pre-crawl priority signal
596,KBS:UPCOM:GTX,GTX,UPCOM,CTCP Global Tanker,stock,SELECTED_EXPANSION_600,UPCOM,UNAVAILABLE,UNAVAILABLE,UPCOM,UNAVAILABLE,CURRENT_LISTING_ONLY,KBS_CURRENT_LISTING,NO_KNOWN_MATCH,KBS current stock listing; exchange is deterministic pre-crawl priority signal
597,KBS:UPCOM:GVT,GVT,UPCOM,CTCP Giấy Việt Trì,stock,SELECTED_EXPANSION_600,UPCOM,UNAVAILABLE,UNAVAILABLE,UPCOM,UNAVAILABLE,CURRENT_LISTING_ONLY,KBS_CURRENT_LISTING,NO_KNOWN_MATCH,KBS current stock listing; exchange is deterministic pre-crawl priority signal
598,KBS:UPCOM:HAC,HAC,UPCOM,CTCP Chứng khoán Hải Phòng,stock,SELECTED_EXPANSION_600,UPCOM,UNAVAILABLE,UNAVAILABLE,UPCOM,UNAVAILABLE,CURRENT_LISTING_ONLY,KBS_CURRENT_LISTING,NO_KNOWN_MATCH,KBS current stock listing; exchange is deterministic pre-crawl priority signal
599,KBS:UPCOM:HAV,HAV,UPCOM,CTCP Rượu Hapro,stock,SELECTED_EXPANSION_600,UPCOM,UNAVAILABLE,UNAVAILABLE,UPCOM,UNAVAILABLE,CURRENT_LISTING_ONLY,KBS_CURRENT_LISTING,NO_KNOWN_MATCH,KBS current stock listing; exchange is deterministic pre-crawl priority signal
600,KBS:UPCOM:HBC,HBC,UPCOM,CTCP Tập đoàn Xây dựng Hòa Bình,stock,SELECTED_EXPANSION_600,UPCOM,UNAVAILABLE,UNAVAILABLE,UPCOM,UNAVAILABLE,CURRENT_LISTING_ONLY,KBS_CURRENT_LISTING,NO_KNOWN_MATCH,KBS current stock listing; exchange is deterministic pre-crawl priority signal
601,KBS:UPCOM:HC1,HC1,UPCOM,CTCP Xây dựng Số 1 Hà Nội,stock,RESERVE,UPCOM,UNAVAILABLE,UNAVAILABLE,UPCOM,UNAVAILABLE,CURRENT_LISTING_ONLY,KBS_CURRENT_LISTING,NO_KNOWN_MATCH,KBS current stock listing; exchange is deterministic pre-crawl priority signal
602,KBS:UPCOM:HC3,HC3,UPCOM,CTCP Xây dựng Số 3 Hải Phòng,stock,RESERVE,UPCOM,UNAVAILABLE,UNAVAILABLE,UPCOM,UNAVAILABLE,CURRENT_LISTING_ONLY,KBS_CURRENT_LISTING,NO_KNOWN_MATCH,KBS current stock listing; exchange is deterministic pre-crawl priority signal
603,KBS:UPCOM:HCI,HCI,UPCOM,CTCP Đầu tư Xây dựng Hà Nội,stock,RESERVE,UPCOM,UNAVAILABLE,UNAVAILABLE,UPCOM,UNAVAILABLE,CURRENT_LISTING_ONLY,KBS_CURRENT_LISTING,NO_KNOWN_MATCH,KBS current stock listing; exchange is deterministic pre-crawl priority signal
604,KBS:UPCOM:HD2,HD2,UPCOM,CTCP Đầu tư Phát triển Nhà HUD2,stock,RESERVE,UPCOM,UNAVAILABLE,UNAVAILABLE,UPCOM,UNAVAILABLE,CURRENT_LISTING_ONLY,KBS_CURRENT_LISTING,NO_KNOWN_MATCH,KBS current stock listing; exchange is deterministic pre-crawl priority signal
605,KBS:UPCOM:HD8,HD8,UPCOM,CTCP Đầu tư Phát triển Nhà và Đô thị HUD8,stock,RESERVE,UPCOM,UNAVAILABLE,UNAVAILABLE,UPCOM,UNAVAILABLE,CURRENT_LISTING_ONLY,KBS_CURRENT_LISTING,NO_KNOWN_MATCH,KBS current stock listing; exchange is deterministic pre-crawl priority signal
606,KBS:UPCOM:HDM,HDM,UPCOM,CTCP Dệt may Huế,stock,RESERVE,UPCOM,UNAVAILABLE,UNAVAILABLE,UPCOM,UNAVAILABLE,CURRENT_LISTING_ONLY,KBS_CURRENT_LISTING,NO_KNOWN_MATCH,KBS current stock listing; exchange is deterministic pre-crawl priority signal
607,KBS:UPCOM:HDP,HDP,UPCOM,CTCP Dược Hà Tĩnh,stock,RESERVE,UPCOM,UNAVAILABLE,UNAVAILABLE,UPCOM,UNAVAILABLE,CURRENT_LISTING_ONLY,KBS_CURRENT_LISTING,NO_KNOWN_MATCH,KBS current stock listing; exchange is deterministic pre-crawl priority signal
608,KBS:UPCOM:HEC,HEC,UPCOM,CTCP Tư vấn Xây dựng Thủy Lợi II,stock,RESERVE,UPCOM,UNAVAILABLE,UNAVAILABLE,UPCOM,UNAVAILABLE,CURRENT_LISTING_ONLY,KBS_CURRENT_LISTING,NO_KNOWN_MATCH,KBS current stock listing; exchange is deterministic pre-crawl priority signal
609,KBS:UPCOM:HFB,HFB,UPCOM,CTCP Công trình Cầu phà Thành phố Hồ Chí Minh,stock,RESERVE,UPCOM,UNAVAILABLE,UNAVAILABLE,UPCOM,UNAVAILABLE,CURRENT_LISTING_ONLY,KBS_CURRENT_LISTING,NO_KNOWN_MATCH,KBS current stock listing; exchange is deterministic pre-crawl priority signal
610,KBS:UPCOM:HFC,HFC,UPCOM,CTCP Xăng dầu HFC,stock,RESERVE,UPCOM,UNAVAILABLE,UNAVAILABLE,UPCOM,UNAVAILABLE,CURRENT_LISTING_ONLY,KBS_CURRENT_LISTING,NO_KNOWN_MATCH,KBS current stock listing; exchange is deterministic pre-crawl priority signal
611,KBS:UPCOM:HFX,HFX,UPCOM,CTCP Sản xuất - Xuất nhập khẩu Thanh Hà,stock,RESERVE,UPCOM,UNAVAILABLE,UNAVAILABLE,UPCOM,UNAVAILABLE,CURRENT_LISTING_ONLY,KBS_CURRENT_LISTING,NO_KNOWN_MATCH,KBS current stock listing; exchange is deterministic pre-crawl priority signal
612,KBS:UPCOM:HGT,HGT,UPCOM,CTCP Du lịch Hương Giang,stock,RESERVE,UPCOM,UNAVAILABLE,UNAVAILABLE,UPCOM,UNAVAILABLE,CURRENT_LISTING_ONLY,KBS_CURRENT_LISTING,NO_KNOWN_MATCH,KBS current stock listing; exchange is deterministic pre-crawl priority signal
613,KBS:UPCOM:HHB,HHB,UPCOM,CTCP Bia Hà Nội - Hồng Hà,stock,RESERVE,UPCOM,UNAVAILABLE,UNAVAILABLE,UPCOM,UNAVAILABLE,CURRENT_LISTING_ONLY,KBS_CURRENT_LISTING,NO_KNOWN_MATCH,KBS current stock listing; exchange is deterministic pre-crawl priority signal
614,KBS:UPCOM:HHN,HHN,UPCOM,CTCP Vận tải và Dịch vụ Hàng hóa Hà Nội,stock,RESERVE,UPCOM,UNAVAILABLE,UNAVAILABLE,UPCOM,UNAVAILABLE,CURRENT_LISTING_ONLY,KBS_CURRENT_LISTING,NO_KNOWN_MATCH,KBS current stock listing; exchange is deterministic pre-crawl priority signal
615,KBS:UPCOM:HIO,HIO,UPCOM,CTCP Helio Energy,stock,RESERVE,UPCOM,UNAVAILABLE,UNAVAILABLE,UPCOM,UNAVAILABLE,CURRENT_LISTING_ONLY,KBS_CURRENT_LISTING,NO_KNOWN_MATCH,KBS current stock listing; exchange is deterministic pre-crawl priority signal
616,KBS:UPCOM:HJC,HJC,UPCOM,CTCP Hòa Việt,stock,RESERVE,UPCOM,UNAVAILABLE,UNAVAILABLE,UPCOM,UNAVAILABLE,CURRENT_LISTING_ONLY,KBS_CURRENT_LISTING,NO_KNOWN_MATCH,KBS current stock listing; exchange is deterministic pre-crawl priority signal
617,KBS:UPCOM:HKB,HKB,UPCOM,CTCP Nông nghiệp và Thực phẩm Hà Nội - Kinh Bắc,stock,RESERVE,UPCOM,UNAVAILABLE,UNAVAILABLE,UPCOM,UNAVAILABLE,CURRENT_LISTING_ONLY,KBS_CURRENT_LISTING,NO_KNOWN_MATCH,KBS current stock listing; exchange is deterministic pre-crawl priority signal
618,KBS:UPCOM:HLA,HLA,UPCOM,CTCP Hữu Liên Á Châu,stock,RESERVE,UPCOM,UNAVAILABLE,UNAVAILABLE,UPCOM,UNAVAILABLE,CURRENT_LISTING_ONLY,KBS_CURRENT_LISTING,NO_KNOWN_MATCH,KBS current stock listing; exchange is deterministic pre-crawl priority signal
619,KBS:UPCOM:HLO,HLO,UPCOM,CTCP Công nghệ Ha Lô,stock,RESERVE,UPCOM,UNAVAILABLE,UNAVAILABLE,UPCOM,UNAVAILABLE,CURRENT_LISTING_ONLY,KBS_CURRENT_LISTING,NO_KNOWN_MATCH,KBS current stock listing; exchange is deterministic pre-crawl priority signal
620,KBS:UPCOM:HLT,HLT,UPCOM,CTCP Dệt may Hoàng Thị Loan,stock,RESERVE,UPCOM,UNAVAILABLE,UNAVAILABLE,UPCOM,UNAVAILABLE,CURRENT_LISTING_ONLY,KBS_CURRENT_LISTING,NO_KNOWN_MATCH,KBS current stock listing; exchange is deterministic pre-crawl priority signal
621,KBS:UPCOM:HLY,HLY,UPCOM,CTCP Gốm Xây Dựng Yên Hưng,stock,RESERVE,UPCOM,UNAVAILABLE,UNAVAILABLE,UPCOM,UNAVAILABLE,CURRENT_LISTING_ONLY,KBS_CURRENT_LISTING,NO_KNOWN_MATCH,KBS current stock listing; exchange is deterministic pre-crawl priority signal
622,KBS:UPCOM:HMD,HMD,UPCOM,CTCP Hóa chất Minh Đức,stock,RESERVE,UPCOM,UNAVAILABLE,UNAVAILABLE,UPCOM,UNAVAILABLE,CURRENT_LISTING_ONLY,KBS_CURRENT_LISTING,NO_KNOWN_MATCH,KBS current stock listing; exchange is deterministic pre-crawl priority signal
623,KBS:UPCOM:HMG,HMG,UPCOM,CTCP Kim khí Hà Nội - VNSTEEL,stock,RESERVE,UPCOM,UNAVAILABLE,UNAVAILABLE,UPCOM,UNAVAILABLE,CURRENT_LISTING_ONLY,KBS_CURRENT_LISTING,NO_KNOWN_MATCH,KBS current stock listing; exchange is deterministic pre-crawl priority signal
624,KBS:UPCOM:HMS,HMS,UPCOM,CTCP Xây dựng Bảo tàng Hồ Chí Minh,stock,RESERVE,UPCOM,UNAVAILABLE,UNAVAILABLE,UPCOM,UNAVAILABLE,CURRENT_LISTING_ONLY,KBS_CURRENT_LISTING,NO_KNOWN_MATCH,KBS current stock listing; exchange is deterministic pre-crawl priority signal
625,KBS:UPCOM:HNB,HNB,UPCOM,CTCP Bến xe Hà Nội,stock,RESERVE,UPCOM,UNAVAILABLE,UNAVAILABLE,UPCOM,UNAVAILABLE,CURRENT_LISTING_ONLY,KBS_CURRENT_LISTING,NO_KNOWN_MATCH,KBS current stock listing; exchange is deterministic pre-crawl priority signal
626,KBS:UPCOM:HNI,HNI,UPCOM,CTCP May Hữu Nghị,stock,RESERVE,UPCOM,UNAVAILABLE,UNAVAILABLE,UPCOM,UNAVAILABLE,CURRENT_LISTING_ONLY,KBS_CURRENT_LISTING,NO_KNOWN_MATCH,KBS current stock listing; exchange is deterministic pre-crawl priority signal
627,KBS:UPCOM:HNP,HNP,UPCOM,CTCP Hanel Xốp nhựa,stock,RESERVE,UPCOM,UNAVAILABLE,UNAVAILABLE,UPCOM,UNAVAILABLE,CURRENT_LISTING_ONLY,KBS_CURRENT_LISTING,NO_KNOWN_MATCH,KBS current stock listing; exchange is deterministic pre-crawl priority signal
628,KBS:UPCOM:HNR,HNR,UPCOM,CTCP Rượu và Nước giải khát Hà Nội,stock,RESERVE,UPCOM,UNAVAILABLE,UNAVAILABLE,UPCOM,UNAVAILABLE,CURRENT_LISTING_ONLY,KBS_CURRENT_LISTING,NO_KNOWN_MATCH,KBS current stock listing; exchange is deterministic pre-crawl priority signal
629,KBS:UPCOM:HOT,HOT,UPCOM,CTCP Du lịch - Dịch vụ Hội An,stock,RESERVE,UPCOM,UNAVAILABLE,UNAVAILABLE,UPCOM,UNAVAILABLE,CURRENT_LISTING_ONLY,KBS_CURRENT_LISTING,NO_KNOWN_MATCH,KBS current stock listing; exchange is deterministic pre-crawl priority signal
630,KBS:UPCOM:HPB,HPB,UPCOM,CTCP Bao bì PP,stock,RESERVE,UPCOM,UNAVAILABLE,UNAVAILABLE,UPCOM,UNAVAILABLE,CURRENT_LISTING_ONLY,KBS_CURRENT_LISTING,NO_KNOWN_MATCH,KBS current stock listing; exchange is deterministic pre-crawl priority signal
631,KBS:UPCOM:HPD,HPD,UPCOM,CTCP Thủy điện ĐăK Đoa,stock,RESERVE,UPCOM,UNAVAILABLE,UNAVAILABLE,UPCOM,UNAVAILABLE,CURRENT_LISTING_ONLY,KBS_CURRENT_LISTING,NO_KNOWN_MATCH,KBS current stock listing; exchange is deterministic pre-crawl priority signal
632,KBS:UPCOM:HPI,HPI,UPCOM,CTCP Khu công nghiệp Hiệp Phước,stock,RESERVE,UPCOM,UNAVAILABLE,UNAVAILABLE,UPCOM,UNAVAILABLE,CURRENT_LISTING_ONLY,KBS_CURRENT_LISTING,NO_KNOWN_MATCH,KBS current stock listing; exchange is deterministic pre-crawl priority signal
633,KBS:UPCOM:HPO,HPO,UPCOM,CTCP Công nghiệp Hapulico,stock,RESERVE,UPCOM,UNAVAILABLE,UNAVAILABLE,UPCOM,UNAVAILABLE,CURRENT_LISTING_ONLY,KBS_CURRENT_LISTING,NO_KNOWN_MATCH,KBS current stock listing; exchange is deterministic pre-crawl priority signal
634,KBS:UPCOM:HPP,HPP,UPCOM,CTCP Sơn Hải Phòng,stock,RESERVE,UPCOM,UNAVAILABLE,UNAVAILABLE,UPCOM,UNAVAILABLE,CURRENT_LISTING_ONLY,KBS_CURRENT_LISTING,NO_KNOWN_MATCH,KBS current stock listing; exchange is deterministic pre-crawl priority signal
635,KBS:UPCOM:HPW,HPW,UPCOM,CTCP Cấp nước Hải Phòng,stock,RESERVE,UPCOM,UNAVAILABLE,UNAVAILABLE,UPCOM,UNAVAILABLE,CURRENT_LISTING_ONLY,KBS_CURRENT_LISTING,NO_KNOWN_MATCH,KBS current stock listing; exchange is deterministic pre-crawl priority signal
636,KBS:UPCOM:HRB,HRB,UPCOM,CTCP Harec Đầu tư và Thương mại,stock,RESERVE,UPCOM,UNAVAILABLE,UNAVAILABLE,UPCOM,UNAVAILABLE,CURRENT_LISTING_ONLY,KBS_CURRENT_LISTING,NO_KNOWN_MATCH,KBS current stock listing; exchange is deterministic pre-crawl priority signal
637,KBS:UPCOM:HSA,HSA,UPCOM,CTCP Hestia,stock,RESERVE,UPCOM,UNAVAILABLE,UNAVAILABLE,UPCOM,UNAVAILABLE,CURRENT_LISTING_ONLY,KBS_CURRENT_LISTING,NO_KNOWN_MATCH,KBS current stock listing; exchange is deterministic pre-crawl priority signal
638,KBS:UPCOM:HSM,HSM,UPCOM,Tổng Công ty cổ phần Dệt may Hà Nội,stock,RESERVE,UPCOM,UNAVAILABLE,UNAVAILABLE,UPCOM,UNAVAILABLE,CURRENT_LISTING_ONLY,KBS_CURRENT_LISTING,NO_KNOWN_MATCH,KBS current stock listing; exchange is deterministic pre-crawl priority signal
639,KBS:UPCOM:HSP,HSP,UPCOM,CTCP Sơn Tổng hợp Hà Nội,stock,RESERVE,UPCOM,UNAVAILABLE,UNAVAILABLE,UPCOM,UNAVAILABLE,CURRENT_LISTING_ONLY,KBS_CURRENT_LISTING,NO_KNOWN_MATCH,KBS current stock listing; exchange is deterministic pre-crawl priority signal
640,KBS:UPCOM:HSV,HSV,UPCOM,CTCP Tập đoàn HSV Việt Nam,stock,RESERVE,UPCOM,UNAVAILABLE,UNAVAILABLE,UPCOM,UNAVAILABLE,CURRENT_LISTING_ONLY,KBS_CURRENT_LISTING,NO_KNOWN_MATCH,KBS current stock listing; exchange is deterministic pre-crawl priority signal
641,KBS:UPCOM:HTE,HTE,UPCOM,CTCP Đầu tư Kinh doanh Điện lực Thành phố Hồ Chí Minh,stock,RESERVE,UPCOM,UNAVAILABLE,UNAVAILABLE,UPCOM,UNAVAILABLE,CURRENT_LISTING_ONLY,KBS_CURRENT_LISTING,NO_KNOWN_MATCH,KBS current stock listing; exchange is deterministic pre-crawl priority signal
642,KBS:UPCOM:HTP,HTP,UPCOM,CTCP In Sách Giáo khoa Hòa Phát,stock,RESERVE,UPCOM,UNAVAILABLE,UNAVAILABLE,UPCOM,UNAVAILABLE,CURRENT_LISTING_ONLY,KBS_CURRENT_LISTING,NO_KNOWN_MATCH,KBS current stock listing; exchange is deterministic pre-crawl priority signal
643,KBS:UPCOM:HTT,HTT,UPCOM,CTCP Thương mại Hà Tây,stock,RESERVE,UPCOM,UNAVAILABLE,UNAVAILABLE,UPCOM,UNAVAILABLE,CURRENT_LISTING_ONLY,KBS_CURRENT_LISTING,NO_KNOWN_MATCH,KBS current stock listing; exchange is deterministic pre-crawl priority signal
644,KBS:UPCOM:HU3,HU3,UPCOM,CTCP Đầu tư và Xây dựng HUD3,stock,RESERVE,UPCOM,UNAVAILABLE,UNAVAILABLE,UPCOM,UNAVAILABLE,CURRENT_LISTING_ONLY,KBS_CURRENT_LISTING,NO_KNOWN_MATCH,KBS current stock listing; exchange is deterministic pre-crawl priority signal
645,KBS:UPCOM:HU4,HU4,UPCOM,CTCP Đầu tư và Xây dựng HUD4,stock,RESERVE,UPCOM,UNAVAILABLE,UNAVAILABLE,UPCOM,UNAVAILABLE,CURRENT_LISTING_ONLY,KBS_CURRENT_LISTING,NO_KNOWN_MATCH,KBS current stock listing; exchange is deterministic pre-crawl priority signal
646,KBS:UPCOM:HU6,HU6,UPCOM,CTCP Đầu tư Phát triển Nhà và Đô thị HUD6,stock,RESERVE,UPCOM,UNAVAILABLE,UNAVAILABLE,UPCOM,UNAVAILABLE,CURRENT_LISTING_ONLY,KBS_CURRENT_LISTING,NO_KNOWN_MATCH,KBS current stock listing; exchange is deterministic pre-crawl priority signal
647,KBS:UPCOM:HUG,HUG,UPCOM,Tổng Công ty May Hưng Yên - CTCP,stock,RESERVE,UPCOM,UNAVAILABLE,UNAVAILABLE,UPCOM,UNAVAILABLE,CURRENT_LISTING_ONLY,KBS_CURRENT_LISTING,NO_KNOWN_MATCH,KBS current stock listing; exchange is deterministic pre-crawl priority signal
648,KBS:UPCOM:HVA,HVA,UPCOM,CTCP Đầu tư HVA,stock,RESERVE,UPCOM,UNAVAILABLE,UNAVAILABLE,UPCOM,UNAVAILABLE,CURRENT_LISTING_ONLY,KBS_CURRENT_LISTING,NO_KNOWN_MATCH,KBS current stock listing; exchange is deterministic pre-crawl priority signal
649,KBS:UPCOM:HVX,HVX,UPCOM,CTCP Xi măng VICEM Hải Vân,stock,RESERVE,UPCOM,UNAVAILABLE,UNAVAILABLE,UPCOM,UNAVAILABLE,CURRENT_LISTING_ONLY,KBS_CURRENT_LISTING,NO_KNOWN_MATCH,KBS current stock listing; exchange is deterministic pre-crawl priority signal
650,KBS:UPCOM:IBD,IBD,UPCOM,CTCP In Tổng hợp Bình Dương,stock,RESERVE,UPCOM,UNAVAILABLE,UNAVAILABLE,UPCOM,UNAVAILABLE,CURRENT_LISTING_ONLY,KBS_CURRENT_LISTING,NO_KNOWN_MATCH,KBS current stock listing; exchange is deterministic pre-crawl priority signal
651,KBS:UPCOM:ICC,ICC,UPCOM,CTCP Xây dựng Công nghiệp (ICC),stock,RESERVE,UPCOM,UNAVAILABLE,UNAVAILABLE,UPCOM,UNAVAILABLE,CURRENT_LISTING_ONLY,KBS_CURRENT_LISTING,NO_KNOWN_MATCH,KBS current stock listing; exchange is deterministic pre-crawl priority signal
652,KBS:UPCOM:ICF,ICF,UPCOM,CTCP Đầu tư Thương mại Thủy sản,stock,RESERVE,UPCOM,UNAVAILABLE,UNAVAILABLE,UPCOM,UNAVAILABLE,CURRENT_LISTING_ONLY,KBS_CURRENT_LISTING,NO_KNOWN_MATCH,KBS current stock listing; exchange is deterministic pre-crawl priority signal
653,KBS:UPCOM:IDP,IDP,UPCOM,CTCP Sữa Quốc tế Lof,stock,RESERVE,UPCOM,UNAVAILABLE,UNAVAILABLE,UPCOM,UNAVAILABLE,CURRENT_LISTING_ONLY,KBS_CURRENT_LISTING,NO_KNOWN_MATCH,KBS current stock listing; exchange is deterministic pre-crawl priority signal
654,KBS:UPCOM:IME,IME,UPCOM,CTCP Cơ khí và Xây lắp Công nghiệp,stock,RESERVE,UPCOM,UNAVAILABLE,UNAVAILABLE,UPCOM,UNAVAILABLE,CURRENT_LISTING_ONLY,KBS_CURRENT_LISTING,NO_KNOWN_MATCH,KBS current stock listing; exchange is deterministic pre-crawl priority signal
655,KBS:UPCOM:IN4,IN4,UPCOM,CTCP In Số 4,stock,RESERVE,UPCOM,UNAVAILABLE,UNAVAILABLE,UPCOM,UNAVAILABLE,CURRENT_LISTING_ONLY,KBS_CURRENT_LISTING,NO_KNOWN_MATCH,KBS current stock listing; exchange is deterministic pre-crawl priority signal
656,KBS:UPCOM:IRC,IRC,UPCOM,CTCP Cao su Công nghiệp,stock,RESERVE,UPCOM,UNAVAILABLE,UNAVAILABLE,UPCOM,UNAVAILABLE,CURRENT_LISTING_ONLY,KBS_CURRENT_LISTING,NO_KNOWN_MATCH,KBS current stock listing; exchange is deterministic pre-crawl priority signal
657,KBS:UPCOM:ISG,ISG,UPCOM,CTCP Vận tải biển và Hợp tác Lao động Quốc tế,stock,RESERVE,UPCOM,UNAVAILABLE,UNAVAILABLE,UPCOM,UNAVAILABLE,CURRENT_LISTING_ONLY,KBS_CURRENT_LISTING,NO_KNOWN_MATCH,KBS current stock listing; exchange is deterministic pre-crawl priority signal
658,KBS:UPCOM:ISH,ISH,UPCOM,CTCP Thủy điện Srok Phu Miêng IDICO,stock,RESERVE,UPCOM,UNAVAILABLE,UNAVAILABLE,UPCOM,UNAVAILABLE,CURRENT_LISTING_ONLY,KBS_CURRENT_LISTING,NO_KNOWN_MATCH,KBS current stock listing; exchange is deterministic pre-crawl priority signal
659,KBS:UPCOM:ITA,ITA,UPCOM,CTCP Đầu tư và Công nghiệp Tân Tạo,stock,RESERVE,UPCOM,UNAVAILABLE,UNAVAILABLE,UPCOM,UNAVAILABLE,CURRENT_LISTING_ONLY,KBS_CURRENT_LISTING,NO_KNOWN_MATCH,KBS current stock listing; exchange is deterministic pre-crawl priority signal
660,KBS:UPCOM:ITS,ITS,UPCOM,CTCP Đầu tư Thương mại và Dịch vụ - Vinacomin,stock,RESERVE,UPCOM,UNAVAILABLE,UNAVAILABLE,UPCOM,UNAVAILABLE,CURRENT_LISTING_ONLY,KBS_CURRENT_LISTING,NO_KNOWN_MATCH,KBS current stock listing; exchange is deterministic pre-crawl priority signal
661,KBS:UPCOM:KAI,KAI,UPCOM,CTCP Chứng khoán KAFI,stock,RESERVE,UPCOM,UNAVAILABLE,UNAVAILABLE,UPCOM,UNAVAILABLE,CURRENT_LISTING_ONLY,KBS_CURRENT_LISTING,NO_KNOWN_MATCH,KBS current stock listing; exchange is deterministic pre-crawl priority signal
662,KBS:UPCOM:KCB,KCB,UPCOM,CTCP Khoáng sản và Luyện kim Cao Bằng - Vimico,stock,RESERVE,UPCOM,UNAVAILABLE,UNAVAILABLE,UPCOM,UNAVAILABLE,CURRENT_LISTING_ONLY,KBS_CURRENT_LISTING,NO_KNOWN_MATCH,KBS current stock listing; exchange is deterministic pre-crawl priority signal
663,KBS:UPCOM:KGM,KGM,UPCOM,CTCP Xuất nhập khẩu Kiên Giang,stock,RESERVE,UPCOM,UNAVAILABLE,UNAVAILABLE,UPCOM,UNAVAILABLE,CURRENT_LISTING_ONLY,KBS_CURRENT_LISTING,NO_KNOWN_MATCH,KBS current stock listing; exchange is deterministic pre-crawl priority signal
664,KBS:UPCOM:KHD,KHD,UPCOM,CTCP Khai thác Chế biến Khoáng sản Hải Dương,stock,RESERVE,UPCOM,UNAVAILABLE,UNAVAILABLE,UPCOM,UNAVAILABLE,CURRENT_LISTING_ONLY,KBS_CURRENT_LISTING,NO_KNOWN_MATCH,KBS current stock listing; exchange is deterministic pre-crawl priority signal
665,KBS:UPCOM:KHX,KHX,UPCOM,CTCP Phát hành sách Khánh Hòa,stock,RESERVE,UPCOM,UNAVAILABLE,UNAVAILABLE,UPCOM,UNAVAILABLE,CURRENT_LISTING_ONLY,KBS_CURRENT_LISTING,NO_KNOWN_MATCH,KBS current stock listing; exchange is deterministic pre-crawl priority signal
666,KBS:UPCOM:KPF,KPF,UPCOM,CTCP Đầu tư tài sản Koji,stock,RESERVE,UPCOM,UNAVAILABLE,UNAVAILABLE,UPCOM,UNAVAILABLE,CURRENT_LISTING_ONLY,KBS_CURRENT_LISTING,NO_KNOWN_MATCH,KBS current stock listing; exchange is deterministic pre-crawl priority signal
667,KBS:UPCOM:KSQ,KSQ,UPCOM,CTCP CNC Capital Việt Nam,stock,RESERVE,UPCOM,UNAVAILABLE,UNAVAILABLE,UPCOM,UNAVAILABLE,CURRENT_LISTING_ONLY,KBS_CURRENT_LISTING,NO_KNOWN_MATCH,KBS current stock listing; exchange is deterministic pre-crawl priority signal
668,KBS:UPCOM:KTC,KTC,UPCOM,CTCP Thương mại Kiên Giang,stock,RESERVE,UPCOM,UNAVAILABLE,UNAVAILABLE,UPCOM,UNAVAILABLE,CURRENT_LISTING_ONLY,KBS_CURRENT_LISTING,NO_KNOWN_MATCH,KBS current stock listing; exchange is deterministic pre-crawl priority signal
669,KBS:UPCOM:KTL,KTL,UPCOM,CTCP Kim Khí Thăng Long,stock,RESERVE,UPCOM,UNAVAILABLE,UNAVAILABLE,UPCOM,UNAVAILABLE,CURRENT_LISTING_ONLY,KBS_CURRENT_LISTING,NO_KNOWN_MATCH,KBS current stock listing; exchange is deterministic pre-crawl priority signal
670,KBS:UPCOM:KTT,KTT,UPCOM,CTCP Tập đoàn Đầu tư KTT,stock,RESERVE,UPCOM,UNAVAILABLE,UNAVAILABLE,UPCOM,UNAVAILABLE,CURRENT_LISTING_ONLY,KBS_CURRENT_LISTING,NO_KNOWN_MATCH,KBS current stock listing; exchange is deterministic pre-crawl priority signal
671,KBS:UPCOM:KVC,KVC,UPCOM,CTCP Sản xuất Xuất nhập khẩu Inox Kim Vĩ,stock,RESERVE,UPCOM,UNAVAILABLE,UNAVAILABLE,UPCOM,UNAVAILABLE,CURRENT_LISTING_ONLY,KBS_CURRENT_LISTING,NO_KNOWN_MATCH,KBS current stock listing; exchange is deterministic pre-crawl priority signal
672,KBS:UPCOM:L12,L12,UPCOM,CTCP Licogi 12,stock,RESERVE,UPCOM,UNAVAILABLE,UNAVAILABLE,UPCOM,UNAVAILABLE,CURRENT_LISTING_ONLY,KBS_CURRENT_LISTING,NO_KNOWN_MATCH,KBS current stock listing; exchange is deterministic pre-crawl priority signal
673,KBS:UPCOM:L35,L35,UPCOM,CTCP Cơ khí Lắp máy Lilama,stock,RESERVE,UPCOM,UNAVAILABLE,UNAVAILABLE,UPCOM,UNAVAILABLE,CURRENT_LISTING_ONLY,KBS_CURRENT_LISTING,NO_KNOWN_MATCH,KBS current stock listing; exchange is deterministic pre-crawl priority signal
674,KBS:UPCOM:L45,L45,UPCOM,CTCP Lilama 45.1,stock,RESERVE,UPCOM,UNAVAILABLE,UNAVAILABLE,UPCOM,UNAVAILABLE,CURRENT_LISTING_ONLY,KBS_CURRENT_LISTING,NO_KNOWN_MATCH,KBS current stock listing; exchange is deterministic pre-crawl priority signal
675,KBS:UPCOM:L61,L61,UPCOM,CTCP Lilama 69-1,stock,RESERVE,UPCOM,UNAVAILABLE,UNAVAILABLE,UPCOM,UNAVAILABLE,CURRENT_LISTING_ONLY,KBS_CURRENT_LISTING,NO_KNOWN_MATCH,KBS current stock listing; exchange is deterministic pre-crawl priority signal
676,KBS:UPCOM:LAW,LAW,UPCOM,CTCP Cấp thoát nước Long An,stock,RESERVE,UPCOM,UNAVAILABLE,UNAVAILABLE,UPCOM,UNAVAILABLE,CURRENT_LISTING_ONLY,KBS_CURRENT_LISTING,NO_KNOWN_MATCH,KBS current stock listing; exchange is deterministic pre-crawl priority signal
677,KBS:UPCOM:LCM,LCM,UPCOM,CTCP Khai thác và Chế biến khoáng sản Lào Cai,stock,RESERVE,UPCOM,UNAVAILABLE,UNAVAILABLE,UPCOM,UNAVAILABLE,CURRENT_LISTING_ONLY,KBS_CURRENT_LISTING,NO_KNOWN_MATCH,KBS current stock listing; exchange is deterministic pre-crawl priority signal
678,KBS:UPCOM:LDW,LDW,UPCOM,CTCP Cấp thoát nước Lâm Đồng,stock,RESERVE,UPCOM,UNAVAILABLE,UNAVAILABLE,UPCOM,UNAVAILABLE,CURRENT_LISTING_ONLY,KBS_CURRENT_LISTING,NO_KNOWN_MATCH,KBS current stock listing; exchange is deterministic pre-crawl priority signal
679,KBS:UPCOM:LEC,LEC,UPCOM,CTCP Bất động sản Điện lực Miền Trung,stock,RESERVE,UPCOM,UNAVAILABLE,UNAVAILABLE,UPCOM,UNAVAILABLE,CURRENT_LISTING_ONLY,KBS_CURRENT_LISTING,NO_KNOWN_MATCH,KBS current stock listing; exchange is deterministic pre-crawl priority signal
680,KBS:UPCOM:LG9,LG9,UPCOM,CTCP Cơ giới và Xây lắp Số 9,stock,RESERVE,UPCOM,UNAVAILABLE,UNAVAILABLE,UPCOM,UNAVAILABLE,CURRENT_LISTING_ONLY,KBS_CURRENT_LISTING,NO_KNOWN_MATCH,KBS current stock listing; exchange is deterministic pre-crawl priority signal
681,KBS:UPCOM:LKW,LKW,UPCOM,CTCP Cấp nước Long Khánh,stock,RESERVE,UPCOM,UNAVAILABLE,UNAVAILABLE,UPCOM,UNAVAILABLE,CURRENT_LISTING_ONLY,KBS_CURRENT_LISTING,NO_KNOWN_MATCH,KBS current stock listing; exchange is deterministic pre-crawl priority signal
682,KBS:UPCOM:LM3,LM3,UPCOM,CTCP Lilama 3,stock,RESERVE,UPCOM,UNAVAILABLE,UNAVAILABLE,UPCOM,UNAVAILABLE,CURRENT_LISTING_ONLY,KBS_CURRENT_LISTING,NO_KNOWN_MATCH,KBS current stock listing; exchange is deterministic pre-crawl priority signal
683,KBS:UPCOM:LM7,LM7,UPCOM,CTCP Lilama 7,stock,RESERVE,UPCOM,UNAVAILABLE,UNAVAILABLE,UPCOM,UNAVAILABLE,CURRENT_LISTING_ONLY,KBS_CURRENT_LISTING,NO_KNOWN_MATCH,KBS current stock listing; exchange is deterministic pre-crawl priority signal
684,KBS:UPCOM:LMC,LMC,UPCOM,CTCP LUMI Holdings,stock,RESERVE,UPCOM,UNAVAILABLE,UNAVAILABLE,UPCOM,UNAVAILABLE,CURRENT_LISTING_ONLY,KBS_CURRENT_LISTING,NO_KNOWN_MATCH,KBS current stock listing; exchange is deterministic pre-crawl priority signal
685,KBS:UPCOM:LMH,LMH,UPCOM,CTCP Quốc Tế Holding,stock,RESERVE,UPCOM,UNAVAILABLE,UNAVAILABLE,UPCOM,UNAVAILABLE,CURRENT_LISTING_ONLY,KBS_CURRENT_LISTING,NO_KNOWN_MATCH,KBS current stock listing; exchange is deterministic pre-crawl priority signal
686,KBS:UPCOM:LNC,LNC,UPCOM,CTCP Lệ Ninh,stock,RESERVE,UPCOM,UNAVAILABLE,UNAVAILABLE,UPCOM,UNAVAILABLE,CURRENT_LISTING_ONLY,KBS_CURRENT_LISTING,NO_KNOWN_MATCH,KBS current stock listing; exchange is deterministic pre-crawl priority signal
687,KBS:UPCOM:LO5,LO5,UPCOM,CTCP Lilama 5,stock,RESERVE,UPCOM,UNAVAILABLE,UNAVAILABLE,UPCOM,UNAVAILABLE,CURRENT_LISTING_ONLY,KBS_CURRENT_LISTING,NO_KNOWN_MATCH,KBS current stock listing; exchange is deterministic pre-crawl priority signal
688,KBS:UPCOM:LPT,LPT,UPCOM,CTCP Thương mại và Sản xuất Lập Phương Thành,stock,RESERVE,UPCOM,UNAVAILABLE,UNAVAILABLE,UPCOM,UNAVAILABLE,CURRENT_LISTING_ONLY,KBS_CURRENT_LISTING,NO_KNOWN_MATCH,KBS current stock listing; exchange is deterministic pre-crawl priority signal
689,KBS:UPCOM:LQN,LQN,UPCOM,CTCP Licogi Quảng Ngãi,stock,RESERVE,UPCOM,UNAVAILABLE,UNAVAILABLE,UPCOM,UNAVAILABLE,CURRENT_LISTING_ONLY,KBS_CURRENT_LISTING,NO_KNOWN_MATCH,KBS current stock listing; exchange is deterministic pre-crawl priority signal
690,KBS:UPCOM:LSG,LSG,UPCOM,CTCP Bất động sản Sài Gòn Vina,stock,RESERVE,UPCOM,UNAVAILABLE,UNAVAILABLE,UPCOM,UNAVAILABLE,CURRENT_LISTING_ONLY,KBS_CURRENT_LISTING,NO_KNOWN_MATCH,KBS current stock listing; exchange is deterministic pre-crawl priority signal
691,KBS:UPCOM:LUT,LUT,UPCOM,CTCP Đầu tư Xây dựng Lương Tài,stock,RESERVE,UPCOM,UNAVAILABLE,UNAVAILABLE,UPCOM,UNAVAILABLE,CURRENT_LISTING_ONLY,KBS_CURRENT_LISTING,NO_KNOWN_MATCH,KBS current stock listing; exchange is deterministic pre-crawl priority signal
692,KBS:UPCOM:M10,M10,UPCOM,Tổng Công ty May 10 - CTCP,stock,RESERVE,UPCOM,UNAVAILABLE,UNAVAILABLE,UPCOM,UNAVAILABLE,CURRENT_LISTING_ONLY,KBS_CURRENT_LISTING,NO_KNOWN_MATCH,KBS current stock listing; exchange is deterministic pre-crawl priority signal
693,KBS:UPCOM:MA1,MA1,UPCOM,CTCP Thiết bị,stock,RESERVE,UPCOM,UNAVAILABLE,UNAVAILABLE,UPCOM,UNAVAILABLE,CURRENT_LISTING_ONLY,KBS_CURRENT_LISTING,NO_KNOWN_MATCH,KBS current stock listing; exchange is deterministic pre-crawl priority signal
694,KBS:UPCOM:MBN,MBN,UPCOM,CTCP Môi trường và Công trình đô thị Bắc Ninh,stock,RESERVE,UPCOM,UNAVAILABLE,UNAVAILABLE,UPCOM,UNAVAILABLE,CURRENT_LISTING_ONLY,KBS_CURRENT_LISTING,NO_KNOWN_MATCH,KBS current stock listing; exchange is deterministic pre-crawl priority signal
695,KBS:UPCOM:MBT,MBT,UPCOM,CTCP Bất động sản cho thuê Minh Bảo Tín,stock,RESERVE,UPCOM,UNAVAILABLE,UNAVAILABLE,UPCOM,UNAVAILABLE,CURRENT_LISTING_ONLY,KBS_CURRENT_LISTING,NO_KNOWN_MATCH,KBS current stock listing; exchange is deterministic pre-crawl priority signal
696,KBS:UPCOM:MCG,MCG,UPCOM,CTCP Năng lượng và Bất động sản MCG,stock,RESERVE,UPCOM,UNAVAILABLE,UNAVAILABLE,UPCOM,UNAVAILABLE,CURRENT_LISTING_ONLY,KBS_CURRENT_LISTING,NO_KNOWN_MATCH,KBS current stock listing; exchange is deterministic pre-crawl priority signal
697,KBS:UPCOM:MDA,MDA,UPCOM,CTCP Môi trường Đô thị Đông Anh,stock,RESERVE,UPCOM,UNAVAILABLE,UNAVAILABLE,UPCOM,UNAVAILABLE,CURRENT_LISTING_ONLY,KBS_CURRENT_LISTING,NO_KNOWN_MATCH,KBS current stock listing; exchange is deterministic pre-crawl priority signal
698,KBS:UPCOM:MEF,MEF,UPCOM,CTCP MEINFA,stock,RESERVE,UPCOM,UNAVAILABLE,UNAVAILABLE,UPCOM,UNAVAILABLE,CURRENT_LISTING_ONLY,KBS_CURRENT_LISTING,NO_KNOWN_MATCH,KBS current stock listing; exchange is deterministic pre-crawl priority signal
699,KBS:UPCOM:MES,MES,UPCOM,CTCP Cơ điện Công trình,stock,RESERVE,UPCOM,UNAVAILABLE,UNAVAILABLE,UPCOM,UNAVAILABLE,CURRENT_LISTING_ONLY,KBS_CURRENT_LISTING,NO_KNOWN_MATCH,KBS current stock listing; exchange is deterministic pre-crawl priority signal
700,KBS:UPCOM:MGR,MGR,UPCOM,CTCP Tập đoàn MGROUP,stock,RESERVE,UPCOM,UNAVAILABLE,UNAVAILABLE,UPCOM,UNAVAILABLE,CURRENT_LISTING_ONLY,KBS_CURRENT_LISTING,NO_KNOWN_MATCH,KBS current stock listing; exchange is deterministic pre-crawl priority signal
701,KBS:UPCOM:MH3,MH3,UPCOM,CTCP Khu Công nghiệp Cao su Bình Long,stock,OTHER_EXCLUDED,UPCOM,UNAVAILABLE,UNAVAILABLE,UPCOM,UNAVAILABLE,CURRENT_LISTING_ONLY,KBS_CURRENT_LISTING,NO_KNOWN_MATCH,KBS current stock listing; exchange is deterministic pre-crawl priority signal
702,KBS:UPCOM:MHL,MHL,UPCOM,CTCP Minh Hữu Liên,stock,OTHER_EXCLUDED,UPCOM,UNAVAILABLE,UNAVAILABLE,UPCOM,UNAVAILABLE,CURRENT_LISTING_ONLY,KBS_CURRENT_LISTING,NO_KNOWN_MATCH,KBS current stock listing; exchange is deterministic pre-crawl priority signal
703,KBS:UPCOM:MIE,MIE,UPCOM,Tổng Công ty Máy và Thiết bị Công nghiệp - CTCP,stock,OTHER_EXCLUDED,UPCOM,UNAVAILABLE,UNAVAILABLE,UPCOM,UNAVAILABLE,CURRENT_LISTING_ONLY,KBS_CURRENT_LISTING,NO_KNOWN_MATCH,KBS current stock listing; exchange is deterministic pre-crawl priority signal
704,KBS:UPCOM:MKP,MKP,UPCOM,CTCP Hoá - Dược phẩm Mekophar,stock,OTHER_EXCLUDED,UPCOM,UNAVAILABLE,UNAVAILABLE,UPCOM,UNAVAILABLE,CURRENT_LISTING_ONLY,KBS_CURRENT_LISTING,NO_KNOWN_MATCH,KBS current stock listing; exchange is deterministic pre-crawl priority signal
705,KBS:UPCOM:MLC,MLC,UPCOM,CTCP Môi trường Đô thị Tỉnh Lào Cai,stock,OTHER_EXCLUDED,UPCOM,UNAVAILABLE,UNAVAILABLE,UPCOM,UNAVAILABLE,CURRENT_LISTING_ONLY,KBS_CURRENT_LISTING,NO_KNOWN_MATCH,KBS current stock listing; exchange is deterministic pre-crawl priority signal
706,KBS:UPCOM:MLS,MLS,UPCOM,CTCP Chăn nuôi - Mitraco,stock,OTHER_EXCLUDED,UPCOM,UNAVAILABLE,UNAVAILABLE,UPCOM,UNAVAILABLE,CURRENT_LISTING_ONLY,KBS_CURRENT_LISTING,NO_KNOWN_MATCH,KBS current stock listing; exchange is deterministic pre-crawl priority signal
707,KBS:UPCOM:MML,MML,UPCOM,CTCP Masan MeatLife,stock,OTHER_EXCLUDED,UPCOM,UNAVAILABLE,UNAVAILABLE,UPCOM,UNAVAILABLE,CURRENT_LISTING_ONLY,KBS_CURRENT_LISTING,NO_KNOWN_MATCH,KBS current stock listing; exchange is deterministic pre-crawl priority signal
708,KBS:UPCOM:MNB,MNB,UPCOM,Tổng Công ty May Nhà Bè - CTCP,stock,OTHER_EXCLUDED,UPCOM,UNAVAILABLE,UNAVAILABLE,UPCOM,UNAVAILABLE,CURRENT_LISTING_ONLY,KBS_CURRENT_LISTING,NO_KNOWN_MATCH,KBS current stock listing; exchange is deterministic pre-crawl priority signal
709,KBS:UPCOM:MND,MND,UPCOM,CTCP Môi trường Nam Định,stock,OTHER_EXCLUDED,UPCOM,UNAVAILABLE,UNAVAILABLE,UPCOM,UNAVAILABLE,CURRENT_LISTING_ONLY,KBS_CURRENT_LISTING,NO_KNOWN_MATCH,KBS current stock listing; exchange is deterministic pre-crawl priority signal
710,KBS:UPCOM:MPT,MPT,UPCOM,CTCP Tập đoàn MPT,stock,OTHER_EXCLUDED,UPCOM,UNAVAILABLE,UNAVAILABLE,UPCOM,UNAVAILABLE,CURRENT_LISTING_ONLY,KBS_CURRENT_LISTING,NO_KNOWN_MATCH,KBS current stock listing; exchange is deterministic pre-crawl priority signal
711,KBS:UPCOM:MPY,MPY,UPCOM,CTCP Môi trường Đô thị Phú Yên,stock,OTHER_EXCLUDED,UPCOM,UNAVAILABLE,UNAVAILABLE,UPCOM,UNAVAILABLE,CURRENT_LISTING_ONLY,KBS_CURRENT_LISTING,NO_KNOWN_MATCH,KBS current stock listing; exchange is deterministic pre-crawl priority signal
712,KBS:UPCOM:MQB,MQB,UPCOM,CTCP Môi trường và Phát triển Đô thị Quảng Bình,stock,OTHER_EXCLUDED,UPCOM,UNAVAILABLE,UNAVAILABLE,UPCOM,UNAVAILABLE,CURRENT_LISTING_ONLY,KBS_CURRENT_LISTING,NO_KNOWN_MATCH,KBS current stock listing; exchange is deterministic pre-crawl priority signal
713,KBS:UPCOM:MQN,MQN,UPCOM,CTCP Môi trường đô thị Quảng Ngãi,stock,OTHER_EXCLUDED,UPCOM,UNAVAILABLE,UNAVAILABLE,UPCOM,UNAVAILABLE,CURRENT_LISTING_ONLY,KBS_CURRENT_LISTING,NO_KNOWN_MATCH,KBS current stock listing; exchange is deterministic pre-crawl priority signal
714,KBS:UPCOM:MRF,MRF,UPCOM,CTCP Merufa,stock,OTHER_EXCLUDED,UPCOM,UNAVAILABLE,UNAVAILABLE,UPCOM,UNAVAILABLE,CURRENT_LISTING_ONLY,KBS_CURRENT_LISTING,NO_KNOWN_MATCH,KBS current stock listing; exchange is deterministic pre-crawl priority signal
715,KBS:UPCOM:MTA,MTA,UPCOM,Tổng Công ty Khoáng sản và Thương mại Hà Tĩnh - CTCP,stock,OTHER_EXCLUDED,UPCOM,UNAVAILABLE,UNAVAILABLE,UPCOM,UNAVAILABLE,CURRENT_LISTING_ONLY,KBS_CURRENT_LISTING,NO_KNOWN_MATCH,KBS current stock listing; exchange is deterministic pre-crawl priority signal
716,KBS:UPCOM:MTB,MTB,UPCOM,CTCP Môi trường và Công trình Đô thị Thái Bình,stock,OTHER_EXCLUDED,UPCOM,UNAVAILABLE,UNAVAILABLE,UPCOM,UNAVAILABLE,CURRENT_LISTING_ONLY,KBS_CURRENT_LISTING,NO_KNOWN_MATCH,KBS current stock listing; exchange is deterministic pre-crawl priority signal
717,KBS:UPCOM:MTG,MTG,UPCOM,CTCP MT Gas,stock,OTHER_EXCLUDED,UPCOM,UNAVAILABLE,UNAVAILABLE,UPCOM,UNAVAILABLE,CURRENT_LISTING_ONLY,KBS_CURRENT_LISTING,NO_KNOWN_MATCH,KBS current stock listing; exchange is deterministic pre-crawl priority signal
718,KBS:UPCOM:MTH,MTH,UPCOM,CTCP Môi trường Đô thị Hà Đông,stock,OTHER_EXCLUDED,UPCOM,UNAVAILABLE,UNAVAILABLE,UPCOM,UNAVAILABLE,CURRENT_LISTING_ONLY,KBS_CURRENT_LISTING,NO_KNOWN_MATCH,KBS current stock listing; exchange is deterministic pre-crawl priority signal
719,KBS:UPCOM:MTL,MTL,UPCOM,CTCP Dịch vụ Môi trường Đô thị Từ Liêm,stock,OTHER_EXCLUDED,UPCOM,UNAVAILABLE,UNAVAILABLE,UPCOM,UNAVAILABLE,CURRENT_LISTING_ONLY,KBS_CURRENT_LISTING,NO_KNOWN_MATCH,KBS current stock listing; exchange is deterministic pre-crawl priority signal
720,KBS:UPCOM:MTP,MTP,UPCOM,CTCP Dược Medipharco,stock,OTHER_EXCLUDED,UPCOM,UNAVAILABLE,UNAVAILABLE,UPCOM,UNAVAILABLE,CURRENT_LISTING_ONLY,KBS_CURRENT_LISTING,NO_KNOWN_MATCH,KBS current stock listing; exchange is deterministic pre-crawl priority signal
721,KBS:UPCOM:MTS,MTS,UPCOM,CTCP Vật tư - TKV,stock,OTHER_EXCLUDED,UPCOM,UNAVAILABLE,UNAVAILABLE,UPCOM,UNAVAILABLE,CURRENT_LISTING_ONLY,KBS_CURRENT_LISTING,NO_KNOWN_MATCH,KBS current stock listing; exchange is deterministic pre-crawl priority signal
722,KBS:UPCOM:MTV,MTV,UPCOM,CTCP Dịch vụ Môi trường và Công trình Đô thị Vũng Tàu,stock,OTHER_EXCLUDED,UPCOM,UNAVAILABLE,UNAVAILABLE,UPCOM,UNAVAILABLE,CURRENT_LISTING_ONLY,KBS_CURRENT_LISTING,NO_KNOWN_MATCH,KBS current stock listing; exchange is deterministic pre-crawl priority signal
723,KBS:UPCOM:MVC,MVC,UPCOM,CTCP Vật liệu và Xây dựng Bình Dương,stock,OTHER_EXCLUDED,UPCOM,UNAVAILABLE,UNAVAILABLE,UPCOM,UNAVAILABLE,CURRENT_LISTING_ONLY,KBS_CURRENT_LISTING,NO_KNOWN_MATCH,KBS current stock listing; exchange is deterministic pre-crawl priority signal
724,KBS:UPCOM:NAC,NAC,UPCOM,CTCP Tư vấn Xây dựng Tổng hợp,stock,OTHER_EXCLUDED,UPCOM,UNAVAILABLE,UNAVAILABLE,UPCOM,UNAVAILABLE,CURRENT_LISTING_ONLY,KBS_CURRENT_LISTING,NO_KNOWN_MATCH,KBS current stock listing; exchange is deterministic pre-crawl priority signal
725,KBS:UPCOM:NAS,NAS,UPCOM,CTCP Dịch vụ Hàng không Sân bay Việt Nam,stock,OTHER_EXCLUDED,UPCOM,UNAVAILABLE,UNAVAILABLE,UPCOM,UNAVAILABLE,CURRENT_LISTING_ONLY,KBS_CURRENT_LISTING,NO_KNOWN_MATCH,KBS current stock listing; exchange is deterministic pre-crawl priority signal
726,KBS:UPCOM:NAW,NAW,UPCOM,CTCP Cấp nước Nghệ An,stock,OTHER_EXCLUDED,UPCOM,UNAVAILABLE,UNAVAILABLE,UPCOM,UNAVAILABLE,CURRENT_LISTING_ONLY,KBS_CURRENT_LISTING,NO_KNOWN_MATCH,KBS current stock listing; exchange is deterministic pre-crawl priority signal
727,KBS:UPCOM:NBE,NBE,UPCOM,CTCP Sách và Thiết bị Giáo dục Miền Bắc,stock,OTHER_EXCLUDED,UPCOM,UNAVAILABLE,UNAVAILABLE,UPCOM,UNAVAILABLE,CURRENT_LISTING_ONLY,KBS_CURRENT_LISTING,NO_KNOWN_MATCH,KBS current stock listing; exchange is deterministic pre-crawl priority signal
728,KBS:UPCOM:NCG,NCG,UPCOM,CTCP Đầu tư Anova Agri,stock,OTHER_EXCLUDED,UPCOM,UNAVAILABLE,UNAVAILABLE,UPCOM,UNAVAILABLE,CURRENT_LISTING_ONLY,KBS_CURRENT_LISTING,NO_KNOWN_MATCH,KBS current stock listing; exchange is deterministic pre-crawl priority signal
729,KBS:UPCOM:NCS,NCS,UPCOM,CTCP Suất ăn Hàng không Nội Bài,stock,OTHER_EXCLUDED,UPCOM,UNAVAILABLE,UNAVAILABLE,UPCOM,UNAVAILABLE,CURRENT_LISTING_ONLY,KBS_CURRENT_LISTING,NO_KNOWN_MATCH,KBS current stock listing; exchange is deterministic pre-crawl priority signal
730,KBS:UPCOM:NDC,NDC,UPCOM,CTCP Nam Dược,stock,OTHER_EXCLUDED,UPCOM,UNAVAILABLE,UNAVAILABLE,UPCOM,UNAVAILABLE,CURRENT_LISTING_ONLY,KBS_CURRENT_LISTING,NO_KNOWN_MATCH,KBS current stock listing; exchange is deterministic pre-crawl priority signal
731,KBS:UPCOM:NDF,NDF,UPCOM,CTCP Chế biến Thực phẩm Nông sản xuất khẩu Nam Định,stock,OTHER_EXCLUDED,UPCOM,UNAVAILABLE,UNAVAILABLE,UPCOM,UNAVAILABLE,CURRENT_LISTING_ONLY,KBS_CURRENT_LISTING,NO_KNOWN_MATCH,KBS current stock listing; exchange is deterministic pre-crawl priority signal
732,KBS:UPCOM:NDP,NDP,UPCOM,CTCP Dược phẩm 2/9,stock,OTHER_EXCLUDED,UPCOM,UNAVAILABLE,UNAVAILABLE,UPCOM,UNAVAILABLE,CURRENT_LISTING_ONLY,KBS_CURRENT_LISTING,NO_KNOWN_MATCH,KBS current stock listing; exchange is deterministic pre-crawl priority signal
733,KBS:UPCOM:NDT,NDT,UPCOM,Tổng Công ty cổ phần Dệt May Nam Định,stock,OTHER_EXCLUDED,UPCOM,UNAVAILABLE,UNAVAILABLE,UPCOM,UNAVAILABLE,CURRENT_LISTING_ONLY,KBS_CURRENT_LISTING,NO_KNOWN_MATCH,KBS current stock listing; exchange is deterministic pre-crawl priority signal
734,KBS:UPCOM:NDW,NDW,UPCOM,CTCP Cấp nước Nam Định,stock,OTHER_EXCLUDED,UPCOM,UNAVAILABLE,UNAVAILABLE,UPCOM,UNAVAILABLE,CURRENT_LISTING_ONLY,KBS_CURRENT_LISTING,NO_KNOWN_MATCH,KBS current stock listing; exchange is deterministic pre-crawl priority signal
735,KBS:UPCOM:NED,NED,UPCOM,CTCP Đầu tư và Phát triển Điện Tây Bắc,stock,OTHER_EXCLUDED,UPCOM,UNAVAILABLE,UNAVAILABLE,UPCOM,UNAVAILABLE,CURRENT_LISTING_ONLY,KBS_CURRENT_LISTING,NO_KNOWN_MATCH,KBS current stock listing; exchange is deterministic pre-crawl priority signal
736,KBS:UPCOM:NGC,NGC,UPCOM,CTCP Chế biến Thủy sản xuất khẩu Ngô Quyền,stock,OTHER_EXCLUDED,UPCOM,UNAVAILABLE,UNAVAILABLE,UPCOM,UNAVAILABLE,CURRENT_LISTING_ONLY,KBS_CURRENT_LISTING,NO_KNOWN_MATCH,KBS current stock listing; exchange is deterministic pre-crawl priority signal
737,KBS:UPCOM:NHD,NHD,UPCOM,CTCP Dược phẩm Nam Hà,stock,OTHER_EXCLUDED,UPCOM,UNAVAILABLE,UNAVAILABLE,UPCOM,UNAVAILABLE,CURRENT_LISTING_ONLY,KBS_CURRENT_LISTING,NO_KNOWN_MATCH,KBS current stock listing; exchange is deterministic pre-crawl priority signal
738,KBS:UPCOM:NHV,NHV,UPCOM,CTCP Sức Khỏe Hồi Sinh Việt Nam,stock,OTHER_EXCLUDED,UPCOM,UNAVAILABLE,UNAVAILABLE,UPCOM,UNAVAILABLE,CURRENT_LISTING_ONLY,KBS_CURRENT_LISTING,NO_KNOWN_MATCH,KBS current stock listing; exchange is deterministic pre-crawl priority signal
739,KBS:UPCOM:NJC,NJC,UPCOM,CTCP May Nam Định,stock,OTHER_EXCLUDED,UPCOM,UNAVAILABLE,UNAVAILABLE,UPCOM,UNAVAILABLE,CURRENT_LISTING_ONLY,KBS_CURRENT_LISTING,NO_KNOWN_MATCH,KBS current stock listing; exchange is deterministic pre-crawl priority signal
740,KBS:UPCOM:NLS,NLS,UPCOM,CTCP Cấp thoát nước Lạng Sơn,stock,OTHER_EXCLUDED,UPCOM,UNAVAILABLE,UNAVAILABLE,UPCOM,UNAVAILABLE,CURRENT_LISTING_ONLY,KBS_CURRENT_LISTING,NO_KNOWN_MATCH,KBS current stock listing; exchange is deterministic pre-crawl priority signal
741,KBS:UPCOM:NNT,NNT,UPCOM,CTCP Cấp nước Ninh Thuận,stock,OTHER_EXCLUDED,UPCOM,UNAVAILABLE,UNAVAILABLE,UPCOM,UNAVAILABLE,CURRENT_LISTING_ONLY,KBS_CURRENT_LISTING,NO_KNOWN_MATCH,KBS current stock listing; exchange is deterministic pre-crawl priority signal
742,KBS:UPCOM:NQB,NQB,UPCOM,CTCP Cấp nước Quảng Bình,stock,OTHER_EXCLUDED,UPCOM,UNAVAILABLE,UNAVAILABLE,UPCOM,UNAVAILABLE,CURRENT_LISTING_ONLY,KBS_CURRENT_LISTING,NO_KNOWN_MATCH,KBS current stock listing; exchange is deterministic pre-crawl priority signal
743,KBS:UPCOM:NSG,NSG,UPCOM,CTCP Nhựa Sài Gòn,stock,OTHER_EXCLUDED,UPCOM,UNAVAILABLE,UNAVAILABLE,UPCOM,UNAVAILABLE,CURRENT_LISTING_ONLY,KBS_CURRENT_LISTING,NO_KNOWN_MATCH,KBS current stock listing; exchange is deterministic pre-crawl priority signal
744,KBS:UPCOM:NSL,NSL,UPCOM,CTCP Cấp nước Sơn La,stock,OTHER_EXCLUDED,UPCOM,UNAVAILABLE,UNAVAILABLE,UPCOM,UNAVAILABLE,CURRENT_LISTING_ONLY,KBS_CURRENT_LISTING,NO_KNOWN_MATCH,KBS current stock listing; exchange is deterministic pre-crawl priority signal
745,KBS:UPCOM:NSS,NSS,UPCOM,CTCP Nông Súc Sản Đồng Nai,stock,OTHER_EXCLUDED,UPCOM,UNAVAILABLE,UNAVAILABLE,UPCOM,UNAVAILABLE,CURRENT_LISTING_ONLY,KBS_CURRENT_LISTING,NO_KNOWN_MATCH,KBS current stock listing; exchange is deterministic pre-crawl priority signal
746,KBS:UPCOM:NTF,NTF,UPCOM,CTCP Dược - Vật tư Y tế Nghệ An,stock,OTHER_EXCLUDED,UPCOM,UNAVAILABLE,UNAVAILABLE,UPCOM,UNAVAILABLE,CURRENT_LISTING_ONLY,KBS_CURRENT_LISTING,NO_KNOWN_MATCH,KBS current stock listing; exchange is deterministic pre-crawl priority signal
747,KBS:UPCOM:NVP,NVP,UPCOM,CTCP Nước sạch Vĩnh Phúc,stock,OTHER_EXCLUDED,UPCOM,UNAVAILABLE,UNAVAILABLE,UPCOM,UNAVAILABLE,CURRENT_LISTING_ONLY,KBS_CURRENT_LISTING,NO_KNOWN_MATCH,KBS current stock listing; exchange is deterministic pre-crawl priority signal
748,KBS:UPCOM:NWT,NWT,UPCOM,CTCP Vận tải Newway,stock,OTHER_EXCLUDED,UPCOM,UNAVAILABLE,UNAVAILABLE,UPCOM,UNAVAILABLE,CURRENT_LISTING_ONLY,KBS_CURRENT_LISTING,NO_KNOWN_MATCH,KBS current stock listing; exchange is deterministic pre-crawl priority signal
749,KBS:UPCOM:NXT,NXT,UPCOM,CTCP NextraCorp,stock,OTHER_EXCLUDED,UPCOM,UNAVAILABLE,UNAVAILABLE,UPCOM,UNAVAILABLE,CURRENT_LISTING_ONLY,KBS_CURRENT_LISTING,NO_KNOWN_MATCH,KBS current stock listing; exchange is deterministic pre-crawl priority signal
750,KBS:UPCOM:ONW,ONW,UPCOM,CTCP Tập đoàn ONW,stock,OTHER_EXCLUDED,UPCOM,UNAVAILABLE,UNAVAILABLE,UPCOM,UNAVAILABLE,CURRENT_LISTING_ONLY,KBS_CURRENT_LISTING,NO_KNOWN_MATCH,KBS current stock listing; exchange is deterministic pre-crawl priority signal
751,KBS:UPCOM:PAI,PAI,UPCOM,CTCP Công nghệ thông tin Viễn thông và Tự động hóa Dầu Khí,stock,OTHER_EXCLUDED,UPCOM,UNAVAILABLE,UNAVAILABLE,UPCOM,UNAVAILABLE,CURRENT_LISTING_ONLY,KBS_CURRENT_LISTING,NO_KNOWN_MATCH,KBS current stock listing; exchange is deterministic pre-crawl priority signal
752,KBS:UPCOM:PAP,PAP,UPCOM,CTCP Dầu khí Đầu tư Khai thác Cảng Phước An,stock,OTHER_EXCLUDED,UPCOM,UNAVAILABLE,UNAVAILABLE,UPCOM,UNAVAILABLE,CURRENT_LISTING_ONLY,KBS_CURRENT_LISTING,NO_KNOWN_MATCH,KBS current stock listing; exchange is deterministic pre-crawl priority signal
753,KBS:UPCOM:PAS,PAS,UPCOM,CTCP Quốc tế Phương Anh,stock,OTHER_EXCLUDED,UPCOM,UNAVAILABLE,UNAVAILABLE,UPCOM,UNAVAILABLE,CURRENT_LISTING_ONLY,KBS_CURRENT_LISTING,NO_KNOWN_MATCH,KBS current stock listing; exchange is deterministic pre-crawl priority signal
754,KBS:UPCOM:PAT,PAT,UPCOM,CTCP Phốt Pho Apatit Việt Nam,stock,OTHER_EXCLUDED,UPCOM,UNAVAILABLE,UNAVAILABLE,UPCOM,UNAVAILABLE,CURRENT_LISTING_ONLY,KBS_CURRENT_LISTING,NO_KNOWN_MATCH,KBS current stock listing; exchange is deterministic pre-crawl priority signal
755,KBS:UPCOM:PBC,PBC,UPCOM,CTCP Dược phẩm Trung ương I - Pharbaco,stock,OTHER_EXCLUDED,UPCOM,UNAVAILABLE,UNAVAILABLE,UPCOM,UNAVAILABLE,CURRENT_LISTING_ONLY,KBS_CURRENT_LISTING,NO_KNOWN_MATCH,KBS current stock listing; exchange is deterministic pre-crawl priority signal
756,KBS:UPCOM:PBT,PBT,UPCOM,CTCP Bao bì và Thương mại dầu khí Bình Sơn,stock,OTHER_EXCLUDED,UPCOM,UNAVAILABLE,UNAVAILABLE,UPCOM,UNAVAILABLE,CURRENT_LISTING_ONLY,KBS_CURRENT_LISTING,NO_KNOWN_MATCH,KBS current stock listing; exchange is deterministic pre-crawl priority signal
757,KBS:UPCOM:PCB,PCB,UPCOM,Ngân hàng TMCP Đại chúng Việt Nam,stock,OTHER_EXCLUDED,UPCOM,UNAVAILABLE,UNAVAILABLE,UPCOM,UNAVAILABLE,CURRENT_LISTING_ONLY,KBS_CURRENT_LISTING,NO_KNOWN_MATCH,KBS current stock listing; exchange is deterministic pre-crawl priority signal
758,KBS:UPCOM:PCM,PCM,UPCOM,CTCP Vật liệu Xây dựng Bưu điện,stock,OTHER_EXCLUDED,UPCOM,UNAVAILABLE,UNAVAILABLE,UPCOM,UNAVAILABLE,CURRENT_LISTING_ONLY,KBS_CURRENT_LISTING,NO_KNOWN_MATCH,KBS current stock listing; exchange is deterministic pre-crawl priority signal
759,KBS:UPCOM:PDC,PDC,UPCOM,CTCP Du lịch Dầu khí Phương Đông,stock,OTHER_EXCLUDED,UPCOM,UNAVAILABLE,UNAVAILABLE,UPCOM,UNAVAILABLE,CURRENT_LISTING_ONLY,KBS_CURRENT_LISTING,NO_KNOWN_MATCH,KBS current stock listing; exchange is deterministic pre-crawl priority signal
760,KBS:UPCOM:PEG,PEG,UPCOM,Tổng Công ty Thương mại Kỹ thuật và Đầu tư - CTCP,stock,OTHER_EXCLUDED,UPCOM,UNAVAILABLE,UNAVAILABLE,UPCOM,UNAVAILABLE,CURRENT_LISTING_ONLY,KBS_CURRENT_LISTING,NO_KNOWN_MATCH,KBS current stock listing; exchange is deterministic pre-crawl priority signal
761,KBS:UPCOM:PEQ,PEQ,UPCOM,CTCP Thiết bị Xăng dầu Petrolimex,stock,OTHER_EXCLUDED,UPCOM,UNAVAILABLE,UNAVAILABLE,UPCOM,UNAVAILABLE,CURRENT_LISTING_ONLY,KBS_CURRENT_LISTING,NO_KNOWN_MATCH,KBS current stock listing; exchange is deterministic pre-crawl priority signal
762,KBS:UPCOM:PGB,PGB,UPCOM,Ngân hàng TMCP Thịnh vượng và Phát triển,stock,OTHER_EXCLUDED,UPCOM,UNAVAILABLE,UNAVAILABLE,UPCOM,UNAVAILABLE,CURRENT_LISTING_ONLY,KBS_CURRENT_LISTING,NO_KNOWN_MATCH,KBS current stock listing; exchange is deterministic pre-crawl priority signal
763,KBS:UPCOM:PHH,PHH,UPCOM,CTCP Hồng Hà Việt Nam,stock,OTHER_EXCLUDED,UPCOM,UNAVAILABLE,UNAVAILABLE,UPCOM,UNAVAILABLE,CURRENT_LISTING_ONLY,KBS_CURRENT_LISTING,NO_KNOWN_MATCH,KBS current stock listing; exchange is deterministic pre-crawl priority signal
764,KBS:UPCOM:PID,PID,UPCOM,CTCP Trang Trí Nội Thất Dầu khí,stock,OTHER_EXCLUDED,UPCOM,UNAVAILABLE,UNAVAILABLE,UPCOM,UNAVAILABLE,CURRENT_LISTING_ONLY,KBS_CURRENT_LISTING,NO_KNOWN_MATCH,KBS current stock listing; exchange is deterministic pre-crawl priority signal
765,KBS:UPCOM:PIS,PIS,UPCOM,Tổng Công ty Pisico Bình Định - CTCP,stock,OTHER_EXCLUDED,UPCOM,UNAVAILABLE,UNAVAILABLE,UPCOM,UNAVAILABLE,CURRENT_LISTING_ONLY,KBS_CURRENT_LISTING,NO_KNOWN_MATCH,KBS current stock listing; exchange is deterministic pre-crawl priority signal
766,KBS:UPCOM:PIV,PIV,UPCOM,CTCP PIV,stock,OTHER_EXCLUDED,UPCOM,UNAVAILABLE,UNAVAILABLE,UPCOM,UNAVAILABLE,CURRENT_LISTING_ONLY,KBS_CURRENT_LISTING,NO_KNOWN_MATCH,KBS current stock listing; exchange is deterministic pre-crawl priority signal
767,KBS:UPCOM:PJS,PJS,UPCOM,CTCP Cấp nước Phú Hòa Tân,stock,OTHER_EXCLUDED,UPCOM,UNAVAILABLE,UNAVAILABLE,UPCOM,UNAVAILABLE,CURRENT_LISTING_ONLY,KBS_CURRENT_LISTING,NO_KNOWN_MATCH,KBS current stock listing; exchange is deterministic pre-crawl priority signal
768,KBS:UPCOM:PLA,PLA,UPCOM,CTCP Đầu tư và Dịch vụ Hạ tầng Xăng dầu,stock,OTHER_EXCLUDED,UPCOM,UNAVAILABLE,UNAVAILABLE,UPCOM,UNAVAILABLE,CURRENT_LISTING_ONLY,KBS_CURRENT_LISTING,NO_KNOWN_MATCH,KBS current stock listing; exchange is deterministic pre-crawl priority signal
769,KBS:UPCOM:PLE,PLE,UPCOM,CTCP Tư vấn Xây dựng Petrolimex,stock,OTHER_EXCLUDED,UPCOM,UNAVAILABLE,UNAVAILABLE,UPCOM,UNAVAILABLE,CURRENT_LISTING_ONLY,KBS_CURRENT_LISTING,NO_KNOWN_MATCH,KBS current stock listing; exchange is deterministic pre-crawl priority signal
770,KBS:UPCOM:PLO,PLO,UPCOM,CTCP Kho Vận Petec,stock,OTHER_EXCLUDED,UPCOM,UNAVAILABLE,UNAVAILABLE,UPCOM,UNAVAILABLE,CURRENT_LISTING_ONLY,KBS_CURRENT_LISTING,NO_KNOWN_MATCH,KBS current stock listing; exchange is deterministic pre-crawl priority signal
771,KBS:UPCOM:PMJ,PMJ,UPCOM,CTCP Vật tư Bưu Điện,stock,OTHER_EXCLUDED,UPCOM,UNAVAILABLE,UNAVAILABLE,UPCOM,UNAVAILABLE,CURRENT_LISTING_ONLY,KBS_CURRENT_LISTING,NO_KNOWN_MATCH,KBS current stock listing; exchange is deterministic pre-crawl priority signal
772,KBS:UPCOM:PMT,PMT,UPCOM,CTCP Viễn thông TELVINA Việt Nam,stock,OTHER_EXCLUDED,UPCOM,UNAVAILABLE,UNAVAILABLE,UPCOM,UNAVAILABLE,CURRENT_LISTING_ONLY,KBS_CURRENT_LISTING,NO_KNOWN_MATCH,KBS current stock listing; exchange is deterministic pre-crawl priority signal
773,KBS:UPCOM:PMW,PMW,UPCOM,CTCP Cấp nước Phú Mỹ,stock,OTHER_EXCLUDED,UPCOM,UNAVAILABLE,UNAVAILABLE,UPCOM,UNAVAILABLE,CURRENT_LISTING_ONLY,KBS_CURRENT_LISTING,NO_KNOWN_MATCH,KBS current stock listing; exchange is deterministic pre-crawl priority signal
774,KBS:UPCOM:PND,PND,UPCOM,CTCP Xăng dầu Dầu khí Nam Định,stock,OTHER_EXCLUDED,UPCOM,UNAVAILABLE,UNAVAILABLE,UPCOM,UNAVAILABLE,CURRENT_LISTING_ONLY,KBS_CURRENT_LISTING,NO_KNOWN_MATCH,KBS current stock listing; exchange is deterministic pre-crawl priority signal
775,KBS:UPCOM:PNG,PNG,UPCOM,CTCP Thương mại Phú Nhuận,stock,OTHER_EXCLUDED,UPCOM,UNAVAILABLE,UNAVAILABLE,UPCOM,UNAVAILABLE,CURRENT_LISTING_ONLY,KBS_CURRENT_LISTING,NO_KNOWN_MATCH,KBS current stock listing; exchange is deterministic pre-crawl priority signal
776,KBS:UPCOM:PNP,PNP,UPCOM,CTCP Tân Cảng - Phú Hữu,stock,OTHER_EXCLUDED,UPCOM,UNAVAILABLE,UNAVAILABLE,UPCOM,UNAVAILABLE,CURRENT_LISTING_ONLY,KBS_CURRENT_LISTING,NO_KNOWN_MATCH,KBS current stock listing; exchange is deterministic pre-crawl priority signal
777,KBS:UPCOM:PNT,PNT,UPCOM,CTCP Kỹ thuật Xây dựng Phú Nhuận,stock,OTHER_EXCLUDED,UPCOM,UNAVAILABLE,UNAVAILABLE,UPCOM,UNAVAILABLE,CURRENT_LISTING_ONLY,KBS_CURRENT_LISTING,NO_KNOWN_MATCH,KBS current stock listing; exchange is deterministic pre-crawl priority signal
778,KBS:UPCOM:POB,POB,UPCOM,CTCP Xăng dầu Dầu khí Hưng Yên,stock,OTHER_EXCLUDED,UPCOM,UNAVAILABLE,UNAVAILABLE,UPCOM,UNAVAILABLE,CURRENT_LISTING_ONLY,KBS_CURRENT_LISTING,NO_KNOWN_MATCH,KBS current stock listing; exchange is deterministic pre-crawl priority signal
779,KBS:UPCOM:POS,POS,UPCOM,CTCP Vận hành và Xây lắp PTSC,stock,OTHER_EXCLUDED,UPCOM,UNAVAILABLE,UNAVAILABLE,UPCOM,UNAVAILABLE,CURRENT_LISTING_ONLY,KBS_CURRENT_LISTING,NO_KNOWN_MATCH,KBS current stock listing; exchange is deterministic pre-crawl priority signal
780,KBS:UPCOM:POV,POV,UPCOM,CTCP Xăng dầu Dầu khí Vũng Áng,stock,OTHER_EXCLUDED,UPCOM,UNAVAILABLE,UNAVAILABLE,UPCOM,UNAVAILABLE,CURRENT_LISTING_ONLY,KBS_CURRENT_LISTING,NO_KNOWN_MATCH,KBS current stock listing; exchange is deterministic pre-crawl priority signal
781,KBS:UPCOM:PPH,PPH,UPCOM,Tổng Công ty cổ phần Phong Phú,stock,OTHER_EXCLUDED,UPCOM,UNAVAILABLE,UNAVAILABLE,UPCOM,UNAVAILABLE,CURRENT_LISTING_ONLY,KBS_CURRENT_LISTING,NO_KNOWN_MATCH,KBS current stock listing; exchange is deterministic pre-crawl priority signal
782,KBS:UPCOM:PPI,PPI,UPCOM,CTCP Đầu tư và Phát triển Dự án Hạ tầng Thái Bình Dương,stock,OTHER_EXCLUDED,UPCOM,UNAVAILABLE,UNAVAILABLE,UPCOM,UNAVAILABLE,CURRENT_LISTING_ONLY,KBS_CURRENT_LISTING,NO_KNOWN_MATCH,KBS current stock listing; exchange is deterministic pre-crawl priority signal
783,KBS:UPCOM:PQN,PQN,UPCOM,CTCP Dịch vụ Dầu khí Quảng Ngãi PTSC,stock,OTHER_EXCLUDED,UPCOM,UNAVAILABLE,UNAVAILABLE,UPCOM,UNAVAILABLE,CURRENT_LISTING_ONLY,KBS_CURRENT_LISTING,NO_KNOWN_MATCH,KBS current stock listing; exchange is deterministic pre-crawl priority signal
784,KBS:UPCOM:PRO,PRO,UPCOM,CTCP Procimex Việt Nam,stock,OTHER_EXCLUDED,UPCOM,UNAVAILABLE,UNAVAILABLE,UPCOM,UNAVAILABLE,CURRENT_LISTING_ONLY,KBS_CURRENT_LISTING,NO_KNOWN_MATCH,KBS current stock listing; exchange is deterministic pre-crawl priority signal
785,KBS:UPCOM:PRT,PRT,UPCOM,Tổng Công ty Sản xuất - Xuất nhập khẩu Bình Dương - CTCP,stock,OTHER_EXCLUDED,UPCOM,UNAVAILABLE,UNAVAILABLE,UPCOM,UNAVAILABLE,CURRENT_LISTING_ONLY,KBS_CURRENT_LISTING,NO_KNOWN_MATCH,KBS current stock listing; exchange is deterministic pre-crawl priority signal
786,KBS:UPCOM:PSB,PSB,UPCOM,CTCP Cảng Kỹ thuật PTSC Sao Mai,stock,OTHER_EXCLUDED,UPCOM,UNAVAILABLE,UNAVAILABLE,UPCOM,UNAVAILABLE,CURRENT_LISTING_ONLY,KBS_CURRENT_LISTING,NO_KNOWN_MATCH,KBS current stock listing; exchange is deterministic pre-crawl priority signal
787,KBS:UPCOM:PSH,PSH,UPCOM,CTCP Thương mại Đầu tư Dầu khí Nam Sông Hậu,stock,OTHER_EXCLUDED,UPCOM,UNAVAILABLE,UNAVAILABLE,UPCOM,UNAVAILABLE,CURRENT_LISTING_ONLY,KBS_CURRENT_LISTING,NO_KNOWN_MATCH,KBS current stock listing; exchange is deterministic pre-crawl priority signal
788,KBS:UPCOM:PSL,PSL,UPCOM,CTCP Chăn nuôi Phú Sơn,stock,OTHER_EXCLUDED,UPCOM,UNAVAILABLE,UNAVAILABLE,UPCOM,UNAVAILABLE,CURRENT_LISTING_ONLY,KBS_CURRENT_LISTING,NO_KNOWN_MATCH,KBS current stock listing; exchange is deterministic pre-crawl priority signal
789,KBS:UPCOM:PSN,PSN,UPCOM,CTCP Dịch Vụ Kỹ Thuật PTSC Thanh Hóa,stock,OTHER_EXCLUDED,UPCOM,UNAVAILABLE,UNAVAILABLE,UPCOM,UNAVAILABLE,CURRENT_LISTING_ONLY,KBS_CURRENT_LISTING,NO_KNOWN_MATCH,KBS current stock listing; exchange is deterministic pre-crawl priority signal
790,KBS:UPCOM:PSP,PSP,UPCOM,CTCP Cảng Dịch vụ Dầu khí Đình Vũ,stock,OTHER_EXCLUDED,UPCOM,UNAVAILABLE,UNAVAILABLE,UPCOM,UNAVAILABLE,CURRENT_LISTING_ONLY,KBS_CURRENT_LISTING,NO_KNOWN_MATCH,KBS current stock listing; exchange is deterministic pre-crawl priority signal
791,KBS:UPCOM:PTE,PTE,UPCOM,CTCP Xi măng Phú Thọ,stock,OTHER_EXCLUDED,UPCOM,UNAVAILABLE,UNAVAILABLE,UPCOM,UNAVAILABLE,CURRENT_LISTING_ONLY,KBS_CURRENT_LISTING,NO_KNOWN_MATCH,KBS current stock listing; exchange is deterministic pre-crawl priority signal
792,KBS:UPCOM:PTG,PTG,UPCOM,CTCP May Xuất khẩu Phan Thiết,stock,OTHER_EXCLUDED,UPCOM,UNAVAILABLE,UNAVAILABLE,UPCOM,UNAVAILABLE,CURRENT_LISTING_ONLY,KBS_CURRENT_LISTING,NO_KNOWN_MATCH,KBS current stock listing; exchange is deterministic pre-crawl priority signal
793,KBS:UPCOM:PTH,PTH,UPCOM,CTCP Vận tải và Dịch vụ Petrolimex Hà Tây,stock,OTHER_EXCLUDED,UPCOM,UNAVAILABLE,UNAVAILABLE,UPCOM,UNAVAILABLE,CURRENT_LISTING_ONLY,KBS_CURRENT_LISTING,NO_KNOWN_MATCH,KBS current stock listing; exchange is deterministic pre-crawl priority signal
794,KBS:UPCOM:PTM,PTM,UPCOM,CTCP Sản xuất Thương mại và Dịch vụ Ô tô PTM,stock,OTHER_EXCLUDED,UPCOM,UNAVAILABLE,UNAVAILABLE,UPCOM,UNAVAILABLE,CURRENT_LISTING_ONLY,KBS_CURRENT_LISTING,NO_KNOWN_MATCH,KBS current stock listing; exchange is deterministic pre-crawl priority signal
795,KBS:UPCOM:PTO,PTO,UPCOM,CTCP Dịch vụ - Xây dựng Công trình Bưu Điện,stock,OTHER_EXCLUDED,UPCOM,UNAVAILABLE,UNAVAILABLE,UPCOM,UNAVAILABLE,CURRENT_LISTING_ONLY,KBS_CURRENT_LISTING,NO_KNOWN_MATCH,KBS current stock listing; exchange is deterministic pre-crawl priority signal
796,KBS:UPCOM:PTP,PTP,UPCOM,CTCP PTP,stock,OTHER_EXCLUDED,UPCOM,UNAVAILABLE,UNAVAILABLE,UPCOM,UNAVAILABLE,CURRENT_LISTING_ONLY,KBS_CURRENT_LISTING,NO_KNOWN_MATCH,KBS current stock listing; exchange is deterministic pre-crawl priority signal
797,KBS:UPCOM:PTT,PTT,UPCOM,CTCP Vận tải Dầu khí Đông Dương,stock,OTHER_EXCLUDED,UPCOM,UNAVAILABLE,UNAVAILABLE,UPCOM,UNAVAILABLE,CURRENT_LISTING_ONLY,KBS_CURRENT_LISTING,NO_KNOWN_MATCH,KBS current stock listing; exchange is deterministic pre-crawl priority signal
798,KBS:UPCOM:PTV,PTV,UPCOM,CTCP Thương mại Dầu khí,stock,OTHER_EXCLUDED,UPCOM,UNAVAILABLE,UNAVAILABLE,UPCOM,UNAVAILABLE,CURRENT_LISTING_ONLY,KBS_CURRENT_LISTING,NO_KNOWN_MATCH,KBS current stock listing; exchange is deterministic pre-crawl priority signal
799,KBS:UPCOM:PVH,PVH,UPCOM,CTCP Xây lắp Dầu khí Thanh Hóa,stock,OTHER_EXCLUDED,UPCOM,UNAVAILABLE,UNAVAILABLE,UPCOM,UNAVAILABLE,CURRENT_LISTING_ONLY,KBS_CURRENT_LISTING,NO_KNOWN_MATCH,KBS current stock listing; exchange is deterministic pre-crawl priority signal
800,KBS:UPCOM:PVM,PVM,UPCOM,CTCP Máy - Thiết bị Dầu khí,stock,OTHER_EXCLUDED,UPCOM,UNAVAILABLE,UNAVAILABLE,UPCOM,UNAVAILABLE,CURRENT_LISTING_ONLY,KBS_CURRENT_LISTING,NO_KNOWN_MATCH,KBS current stock listing; exchange is deterministic pre-crawl priority signal
801,KBS:UPCOM:PVO,PVO,UPCOM,CTCP Dầu nhờn PV Oil,stock,OTHER_EXCLUDED,UPCOM,UNAVAILABLE,UNAVAILABLE,UPCOM,UNAVAILABLE,CURRENT_LISTING_ONLY,KBS_CURRENT_LISTING,NO_KNOWN_MATCH,KBS current stock listing; exchange is deterministic pre-crawl priority signal
802,KBS:UPCOM:PVR,PVR,UPCOM,CTCP Đầu tư PVR Hà Nội,stock,OTHER_EXCLUDED,UPCOM,UNAVAILABLE,UNAVAILABLE,UPCOM,UNAVAILABLE,CURRENT_LISTING_ONLY,KBS_CURRENT_LISTING,NO_KNOWN_MATCH,KBS current stock listing; exchange is deterministic pre-crawl priority signal
803,KBS:UPCOM:PVV,PVV,UPCOM,CTCP Vinaconex 39,stock,OTHER_EXCLUDED,UPCOM,UNAVAILABLE,UNAVAILABLE,UPCOM,UNAVAILABLE,CURRENT_LISTING_ONLY,KBS_CURRENT_LISTING,NO_KNOWN_MATCH,KBS current stock listing; exchange is deterministic pre-crawl priority signal
804,KBS:UPCOM:PVY,PVY,UPCOM,CTCP Chế tạo Giàn khoan Dầu khí,stock,OTHER_EXCLUDED,UPCOM,UNAVAILABLE,UNAVAILABLE,UPCOM,UNAVAILABLE,CURRENT_LISTING_ONLY,KBS_CURRENT_LISTING,NO_KNOWN_MATCH,KBS current stock listing; exchange is deterministic pre-crawl priority signal
805,KBS:UPCOM:PXL,PXL,UPCOM,CTCP Đầu tư Khu Công nghiệp Dầu khí Long Sơn,stock,OTHER_EXCLUDED,UPCOM,UNAVAILABLE,UNAVAILABLE,UPCOM,UNAVAILABLE,CURRENT_LISTING_ONLY,KBS_CURRENT_LISTING,NO_KNOWN_MATCH,KBS current stock listing; exchange is deterministic pre-crawl priority signal
806,KBS:UPCOM:PXT,PXT,UPCOM,CTCP Xây lắp Đường ống Bể chứa Dầu khí,stock,OTHER_EXCLUDED,UPCOM,UNAVAILABLE,UNAVAILABLE,UPCOM,UNAVAILABLE,CURRENT_LISTING_ONLY,KBS_CURRENT_LISTING,NO_KNOWN_MATCH,KBS current stock listing; exchange is deterministic pre-crawl priority signal
807,KBS:UPCOM:QNT,QNT,UPCOM,CTCP Tư vấn và Đầu tư Phát triển Quảng Nam,stock,OTHER_EXCLUDED,UPCOM,UNAVAILABLE,UNAVAILABLE,UPCOM,UNAVAILABLE,CURRENT_LISTING_ONLY,KBS_CURRENT_LISTING,NO_KNOWN_MATCH,KBS current stock listing; exchange is deterministic pre-crawl priority signal
808,KBS:UPCOM:QNU,QNU,UPCOM,CTCP Môi trường Đô thị Quảng Nam,stock,OTHER_EXCLUDED,UPCOM,UNAVAILABLE,UNAVAILABLE,UPCOM,UNAVAILABLE,CURRENT_LISTING_ONLY,KBS_CURRENT_LISTING,NO_KNOWN_MATCH,KBS current stock listing; exchange is deterministic pre-crawl priority signal
809,KBS:UPCOM:QTP,QTP,UPCOM,CTCP Nhiệt điện Quảng Ninh,stock,OTHER_EXCLUDED,UPCOM,UNAVAILABLE,UNAVAILABLE,UPCOM,UNAVAILABLE,CURRENT_LISTING_ONLY,KBS_CURRENT_LISTING,NO_KNOWN_MATCH,KBS current stock listing; exchange is deterministic pre-crawl priority signal
810,KBS:UPCOM:RAT,RAT,UPCOM,CTCP Vận tải và Thương mại Đường sắt,stock,OTHER_EXCLUDED,UPCOM,UNAVAILABLE,UNAVAILABLE,UPCOM,UNAVAILABLE,CURRENT_LISTING_ONLY,KBS_CURRENT_LISTING,NO_KNOWN_MATCH,KBS current stock listing; exchange is deterministic pre-crawl priority signal
811,KBS:UPCOM:RBC,RBC,UPCOM,CTCP Công nghiệp và Xuất nhập khẩu Cao su,stock,OTHER_EXCLUDED,UPCOM,UNAVAILABLE,UNAVAILABLE,UPCOM,UNAVAILABLE,CURRENT_LISTING_ONLY,KBS_CURRENT_LISTING,NO_KNOWN_MATCH,KBS current stock listing; exchange is deterministic pre-crawl priority signal
812,KBS:UPCOM:RCC,RCC,UPCOM,CTCP Tổng Công ty Công trình Đường sắt Việt Nam,stock,OTHER_EXCLUDED,UPCOM,UNAVAILABLE,UNAVAILABLE,UPCOM,UNAVAILABLE,CURRENT_LISTING_ONLY,KBS_CURRENT_LISTING,NO_KNOWN_MATCH,KBS current stock listing; exchange is deterministic pre-crawl priority signal
813,KBS:UPCOM:RGG,RGG,UPCOM,CTCP Regal Group,stock,OTHER_EXCLUDED,UPCOM,UNAVAILABLE,UNAVAILABLE,UPCOM,UNAVAILABLE,CURRENT_LISTING_ONLY,KBS_CURRENT_LISTING,NO_KNOWN_MATCH,KBS current stock listing; exchange is deterministic pre-crawl priority signal
814,KBS:UPCOM:RTB,RTB,UPCOM,CTCP Cao su Tân Biên,stock,OTHER_EXCLUDED,UPCOM,UNAVAILABLE,UNAVAILABLE,UPCOM,UNAVAILABLE,CURRENT_LISTING_ONLY,KBS_CURRENT_LISTING,NO_KNOWN_MATCH,KBS current stock listing; exchange is deterministic pre-crawl priority signal
815,KBS:UPCOM:S12,S12,UPCOM,CTCP Sông Đà 12,stock,OTHER_EXCLUDED,UPCOM,UNAVAILABLE,UNAVAILABLE,UPCOM,UNAVAILABLE,CURRENT_LISTING_ONLY,KBS_CURRENT_LISTING,NO_KNOWN_MATCH,KBS current stock listing; exchange is deterministic pre-crawl priority signal
816,KBS:UPCOM:S72,S72,UPCOM,CTCP Sông Đà 7.02,stock,OTHER_EXCLUDED,UPCOM,UNAVAILABLE,UNAVAILABLE,UPCOM,UNAVAILABLE,CURRENT_LISTING_ONLY,KBS_CURRENT_LISTING,NO_KNOWN_MATCH,KBS current stock listing; exchange is deterministic pre-crawl priority signal
817,KBS:UPCOM:SAC,SAC,UPCOM,CTCP Xếp dỡ và Dịch vụ Cảng Sài Gòn,stock,OTHER_EXCLUDED,UPCOM,UNAVAILABLE,UNAVAILABLE,UPCOM,UNAVAILABLE,CURRENT_LISTING_ONLY,KBS_CURRENT_LISTING,NO_KNOWN_MATCH,KBS current stock listing; exchange is deterministic pre-crawl priority signal
818,KBS:UPCOM:SAL,SAL,UPCOM,CTCP Trục vớt Cứu hộ Việt Nam,stock,OTHER_EXCLUDED,UPCOM,UNAVAILABLE,UNAVAILABLE,UPCOM,UNAVAILABLE,CURRENT_LISTING_ONLY,KBS_CURRENT_LISTING,NO_KNOWN_MATCH,KBS current stock listing; exchange is deterministic pre-crawl priority signal
819,KBS:UPCOM:SB1,SB1,UPCOM,CTCP Bia Sài Gòn - Nghệ Tĩnh,stock,OTHER_EXCLUDED,UPCOM,UNAVAILABLE,UNAVAILABLE,UPCOM,UNAVAILABLE,CURRENT_LISTING_ONLY,KBS_CURRENT_LISTING,NO_KNOWN_MATCH,KBS current stock listing; exchange is deterministic pre-crawl priority signal
820,KBS:UPCOM:SBB,SBB,UPCOM,CTCP Tập đoàn Bia Sài Gòn - Bình Tây,stock,OTHER_EXCLUDED,UPCOM,UNAVAILABLE,UNAVAILABLE,UPCOM,UNAVAILABLE,CURRENT_LISTING_ONLY,KBS_CURRENT_LISTING,NO_KNOWN_MATCH,KBS current stock listing; exchange is deterministic pre-crawl priority signal
821,KBS:UPCOM:SBH,SBH,UPCOM,CTCP Thủy điện Sông Ba Hạ,stock,OTHER_EXCLUDED,UPCOM,UNAVAILABLE,UNAVAILABLE,UPCOM,UNAVAILABLE,CURRENT_LISTING_ONLY,KBS_CURRENT_LISTING,NO_KNOWN_MATCH,KBS current stock listing; exchange is deterministic pre-crawl priority signal
822,KBS:UPCOM:SBL,SBL,UPCOM,CTCP Bia Sài Gòn - Bạc Liêu,stock,OTHER_EXCLUDED,UPCOM,UNAVAILABLE,UNAVAILABLE,UPCOM,UNAVAILABLE,CURRENT_LISTING_ONLY,KBS_CURRENT_LISTING,NO_KNOWN_MATCH,KBS current stock listing; exchange is deterministic pre-crawl priority signal
823,KBS:UPCOM:SBR,SBR,UPCOM,CTCP Cao su Sông Bé,stock,OTHER_EXCLUDED,UPCOM,UNAVAILABLE,UNAVAILABLE,UPCOM,UNAVAILABLE,CURRENT_LISTING_ONLY,KBS_CURRENT_LISTING,NO_KNOWN_MATCH,KBS current stock listing; exchange is deterministic pre-crawl priority signal
824,KBS:UPCOM:SBS,SBS,UPCOM,CTCP Chứng khoán SBS,stock,OTHER_EXCLUDED,UPCOM,UNAVAILABLE,UNAVAILABLE,UPCOM,UNAVAILABLE,CURRENT_LISTING_ONLY,KBS_CURRENT_LISTING,NO_KNOWN_MATCH,KBS current stock listing; exchange is deterministic pre-crawl priority signal
825,KBS:UPCOM:SCC,SCC,UPCOM,CTCP Thương mại Đầu tư SHB,stock,OTHER_EXCLUDED,UPCOM,UNAVAILABLE,UNAVAILABLE,UPCOM,UNAVAILABLE,CURRENT_LISTING_ONLY,KBS_CURRENT_LISTING,NO_KNOWN_MATCH,KBS current stock listing; exchange is deterministic pre-crawl priority signal
826,KBS:UPCOM:SCO,SCO,UPCOM,CTCP Công nghiệp Thủy sản,stock,OTHER_EXCLUDED,UPCOM,UNAVAILABLE,UNAVAILABLE,UPCOM,UNAVAILABLE,CURRENT_LISTING_ONLY,KBS_CURRENT_LISTING,NO_KNOWN_MATCH,KBS current stock listing; exchange is deterministic pre-crawl priority signal
827,KBS:UPCOM:SD3,SD3,UPCOM,CTCP Sông Đà 3,stock,OTHER_EXCLUDED,UPCOM,UNAVAILABLE,UNAVAILABLE,UPCOM,UNAVAILABLE,CURRENT_LISTING_ONLY,KBS_CURRENT_LISTING,NO_KNOWN_MATCH,KBS current stock listing; exchange is deterministic pre-crawl priority signal
828,KBS:UPCOM:SD4,SD4,UPCOM,CTCP Sông Đà 4,stock,OTHER_EXCLUDED,UPCOM,UNAVAILABLE,UNAVAILABLE,UPCOM,UNAVAILABLE,CURRENT_LISTING_ONLY,KBS_CURRENT_LISTING,NO_KNOWN_MATCH,KBS current stock listing; exchange is deterministic pre-crawl priority signal
829,KBS:UPCOM:SD6,SD6,UPCOM,CTCP Sông Đà 6,stock,OTHER_EXCLUDED,UPCOM,UNAVAILABLE,UNAVAILABLE,UPCOM,UNAVAILABLE,CURRENT_LISTING_ONLY,KBS_CURRENT_LISTING,NO_KNOWN_MATCH,KBS current stock listing; exchange is deterministic pre-crawl priority signal
830,KBS:UPCOM:SD8,SD8,UPCOM,CTCP Sông Đà 8,stock,OTHER_EXCLUDED,UPCOM,UNAVAILABLE,UNAVAILABLE,UPCOM,UNAVAILABLE,CURRENT_LISTING_ONLY,KBS_CURRENT_LISTING,NO_KNOWN_MATCH,KBS current stock listing; exchange is deterministic pre-crawl priority signal
831,KBS:UPCOM:SDD,SDD,UPCOM,CTCP Đầu tư và Xây lắp Sông Đà,stock,OTHER_EXCLUDED,UPCOM,UNAVAILABLE,UNAVAILABLE,UPCOM,UNAVAILABLE,CURRENT_LISTING_ONLY,KBS_CURRENT_LISTING,NO_KNOWN_MATCH,KBS current stock listing; exchange is deterministic pre-crawl priority signal
832,KBS:UPCOM:SDK,SDK,UPCOM,CTCP Cơ khí Luyện kim,stock,OTHER_EXCLUDED,UPCOM,UNAVAILABLE,UNAVAILABLE,UPCOM,UNAVAILABLE,CURRENT_LISTING_ONLY,KBS_CURRENT_LISTING,NO_KNOWN_MATCH,KBS current stock listing; exchange is deterministic pre-crawl priority signal
833,KBS:UPCOM:SDT,SDT,UPCOM,CTCP Sông Đà 10,stock,OTHER_EXCLUDED,UPCOM,UNAVAILABLE,UNAVAILABLE,UPCOM,UNAVAILABLE,CURRENT_LISTING_ONLY,KBS_CURRENT_LISTING,NO_KNOWN_MATCH,KBS current stock listing; exchange is deterministic pre-crawl priority signal
834,KBS:UPCOM:SDV,SDV,UPCOM,CTCP Dịch vụ Sonadezi,stock,OTHER_EXCLUDED,UPCOM,UNAVAILABLE,UNAVAILABLE,UPCOM,UNAVAILABLE,CURRENT_LISTING_ONLY,KBS_CURRENT_LISTING,NO_KNOWN_MATCH,KBS current stock listing; exchange is deterministic pre-crawl priority signal
835,KBS:UPCOM:SDY,SDY,UPCOM,CTCP Xi măng Sông Đà Yaly,stock,OTHER_EXCLUDED,UPCOM,UNAVAILABLE,UNAVAILABLE,UPCOM,UNAVAILABLE,CURRENT_LISTING_ONLY,KBS_CURRENT_LISTING,NO_KNOWN_MATCH,KBS current stock listing; exchange is deterministic pre-crawl priority signal
836,KBS:UPCOM:SEP,SEP,UPCOM,CTCP Tổng Công ty Thương mại Quảng Trị,stock,OTHER_EXCLUDED,UPCOM,UNAVAILABLE,UNAVAILABLE,UPCOM,UNAVAILABLE,CURRENT_LISTING_ONLY,KBS_CURRENT_LISTING,NO_KNOWN_MATCH,KBS current stock listing; exchange is deterministic pre-crawl priority signal
837,KBS:UPCOM:SGI,SGI,UPCOM,CTCP Đầu tư SGI Holdings,stock,OTHER_EXCLUDED,UPCOM,UNAVAILABLE,UNAVAILABLE,UPCOM,UNAVAILABLE,CURRENT_LISTING_ONLY,KBS_CURRENT_LISTING,NO_KNOWN_MATCH,KBS current stock listing; exchange is deterministic pre-crawl priority signal
838,KBS:UPCOM:SGP,SGP,UPCOM,CTCP Cảng Sài Gòn,stock,OTHER_EXCLUDED,UPCOM,UNAVAILABLE,UNAVAILABLE,UPCOM,UNAVAILABLE,CURRENT_LISTING_ONLY,KBS_CURRENT_LISTING,NO_KNOWN_MATCH,KBS current stock listing; exchange is deterministic pre-crawl priority signal
839,KBS:UPCOM:SHC,SHC,UPCOM,CTCP Hàng hải Sài Gòn,stock,OTHER_EXCLUDED,UPCOM,UNAVAILABLE,UNAVAILABLE,UPCOM,UNAVAILABLE,CURRENT_LISTING_ONLY,KBS_CURRENT_LISTING,NO_KNOWN_MATCH,KBS current stock listing; exchange is deterministic pre-crawl priority signal
840,KBS:UPCOM:SIG,SIG,UPCOM,CTCP Đầu tư và Thương mại Sông Đà,stock,OTHER_EXCLUDED,UPCOM,UNAVAILABLE,UNAVAILABLE,UPCOM,UNAVAILABLE,CURRENT_LISTING_ONLY,KBS_CURRENT_LISTING,NO_KNOWN_MATCH,KBS current stock listing; exchange is deterministic pre-crawl priority signal
841,KBS:UPCOM:SII,SII,UPCOM,CTCP Hạ tầng Nước Sài Gòn,stock,OTHER_EXCLUDED,UPCOM,UNAVAILABLE,UNAVAILABLE,UPCOM,UNAVAILABLE,CURRENT_LISTING_ONLY,KBS_CURRENT_LISTING,NO_KNOWN_MATCH,KBS current stock listing; exchange is deterministic pre-crawl priority signal
842,KBS:UPCOM:SIV,SIV,UPCOM,CTCP SIVICO,stock,OTHER_EXCLUDED,UPCOM,UNAVAILABLE,UNAVAILABLE,UPCOM,UNAVAILABLE,CURRENT_LISTING_ONLY,KBS_CURRENT_LISTING,NO_KNOWN_MATCH,KBS current stock listing; exchange is deterministic pre-crawl priority signal
843,KBS:UPCOM:SJF,SJF,UPCOM,CTCP Đầu tư Sao Thái Dương,stock,OTHER_EXCLUDED,UPCOM,UNAVAILABLE,UNAVAILABLE,UPCOM,UNAVAILABLE,CURRENT_LISTING_ONLY,KBS_CURRENT_LISTING,NO_KNOWN_MATCH,KBS current stock listing; exchange is deterministic pre-crawl priority signal
844,KBS:UPCOM:SJM,SJM,UPCOM,CTCP Sunspace Holdings,stock,OTHER_EXCLUDED,UPCOM,UNAVAILABLE,UNAVAILABLE,UPCOM,UNAVAILABLE,CURRENT_LISTING_ONLY,KBS_CURRENT_LISTING,NO_KNOWN_MATCH,KBS current stock listing; exchange is deterministic pre-crawl priority signal
845,KBS:UPCOM:SKH,SKH,UPCOM,CTCP Nước giải khát Sanest Khánh Hòa,stock,OTHER_EXCLUDED,UPCOM,UNAVAILABLE,UNAVAILABLE,UPCOM,UNAVAILABLE,CURRENT_LISTING_ONLY,KBS_CURRENT_LISTING,NO_KNOWN_MATCH,KBS current stock listing; exchange is deterministic pre-crawl priority signal
846,KBS:UPCOM:SKN,SKN,UPCOM,CTCP Nước giải khát Sanna Khánh Hòa,stock,OTHER_EXCLUDED,UPCOM,UNAVAILABLE,UNAVAILABLE,UPCOM,UNAVAILABLE,CURRENT_LISTING_ONLY,KBS_CURRENT_LISTING,NO_KNOWN_MATCH,KBS current stock listing; exchange is deterministic pre-crawl priority signal
847,KBS:UPCOM:SLD,SLD,UPCOM,CTCP Địa ốc Sacom,stock,OTHER_EXCLUDED,UPCOM,UNAVAILABLE,UNAVAILABLE,UPCOM,UNAVAILABLE,CURRENT_LISTING_ONLY,KBS_CURRENT_LISTING,NO_KNOWN_MATCH,KBS current stock listing; exchange is deterministic pre-crawl priority signal
848,KBS:UPCOM:SNC,SNC,UPCOM,CTCP Xuất nhập khẩu Thủy sản Năm Căn,stock,OTHER_EXCLUDED,UPCOM,UNAVAILABLE,UNAVAILABLE,UPCOM,UNAVAILABLE,CURRENT_LISTING_ONLY,KBS_CURRENT_LISTING,NO_KNOWN_MATCH,KBS current stock listing; exchange is deterministic pre-crawl priority signal
849,KBS:UPCOM:SNZ,SNZ,UPCOM,Tổng Công ty cổ phần Phát triển Khu Công nghiệp,stock,OTHER_EXCLUDED,UPCOM,UNAVAILABLE,UNAVAILABLE,UPCOM,UNAVAILABLE,CURRENT_LISTING_ONLY,KBS_CURRENT_LISTING,NO_KNOWN_MATCH,KBS current stock listing; exchange is deterministic pre-crawl priority signal
850,KBS:UPCOM:SP2,SP2,UPCOM,CTCP Thủy điện Sử Pán 2,stock,OTHER_EXCLUDED,UPCOM,UNAVAILABLE,UNAVAILABLE,UPCOM,UNAVAILABLE,CURRENT_LISTING_ONLY,KBS_CURRENT_LISTING,NO_KNOWN_MATCH,KBS current stock listing; exchange is deterministic pre-crawl priority signal
851,KBS:UPCOM:SPB,SPB,UPCOM,CTCP Sợi Phú Bài,stock,OTHER_EXCLUDED,UPCOM,UNAVAILABLE,UNAVAILABLE,UPCOM,UNAVAILABLE,CURRENT_LISTING_ONLY,KBS_CURRENT_LISTING,NO_KNOWN_MATCH,KBS current stock listing; exchange is deterministic pre-crawl priority signal
852,KBS:UPCOM:SPD,SPD,UPCOM,CTCP Xuất nhập khẩu Thủy sản Miền Trung,stock,OTHER_EXCLUDED,UPCOM,UNAVAILABLE,UNAVAILABLE,UPCOM,UNAVAILABLE,CURRENT_LISTING_ONLY,KBS_CURRENT_LISTING,NO_KNOWN_MATCH,KBS current stock listing; exchange is deterministic pre-crawl priority signal
853,KBS:UPCOM:SPH,SPH,UPCOM,CTCP Xuất nhập khẩu Thủy sản Hà Nội,stock,OTHER_EXCLUDED,UPCOM,UNAVAILABLE,UNAVAILABLE,UPCOM,UNAVAILABLE,CURRENT_LISTING_ONLY,KBS_CURRENT_LISTING,NO_KNOWN_MATCH,KBS current stock listing; exchange is deterministic pre-crawl priority signal
854,KBS:UPCOM:SPI,SPI,UPCOM,CTCP Spiral Galaxy,stock,OTHER_EXCLUDED,UPCOM,UNAVAILABLE,UNAVAILABLE,UPCOM,UNAVAILABLE,CURRENT_LISTING_ONLY,KBS_CURRENT_LISTING,NO_KNOWN_MATCH,KBS current stock listing; exchange is deterministic pre-crawl priority signal
855,KBS:UPCOM:SPV,SPV,UPCOM,CTCP Thủy Đặc sản,stock,OTHER_EXCLUDED,UPCOM,UNAVAILABLE,UNAVAILABLE,UPCOM,UNAVAILABLE,CURRENT_LISTING_ONLY,KBS_CURRENT_LISTING,NO_KNOWN_MATCH,KBS current stock listing; exchange is deterministic pre-crawl priority signal
856,KBS:UPCOM:STD,STD,UPCOM,CTCP Bia - Nước giải khát Sài Gòn - Tây Đô,stock,OTHER_EXCLUDED,UPCOM,UNAVAILABLE,UNAVAILABLE,UPCOM,UNAVAILABLE,CURRENT_LISTING_ONLY,KBS_CURRENT_LISTING,NO_KNOWN_MATCH,KBS current stock listing; exchange is deterministic pre-crawl priority signal
857,KBS:UPCOM:STH,STH,UPCOM,CTCP STH Holdings,stock,OTHER_EXCLUDED,UPCOM,UNAVAILABLE,UNAVAILABLE,UPCOM,UNAVAILABLE,CURRENT_LISTING_ONLY,KBS_CURRENT_LISTING,NO_KNOWN_MATCH,KBS current stock listing; exchange is deterministic pre-crawl priority signal
858,KBS:UPCOM:STS,STS,UPCOM,CTCP Dịch vụ Vận tải Sài Gòn,stock,OTHER_EXCLUDED,UPCOM,UNAVAILABLE,UNAVAILABLE,UPCOM,UNAVAILABLE,CURRENT_LISTING_ONLY,KBS_CURRENT_LISTING,NO_KNOWN_MATCH,KBS current stock listing; exchange is deterministic pre-crawl priority signal
859,KBS:UPCOM:STW,STW,UPCOM,CTCP Cấp nước Sóc Trăng,stock,OTHER_EXCLUDED,UPCOM,UNAVAILABLE,UNAVAILABLE,UPCOM,UNAVAILABLE,CURRENT_LISTING_ONLY,KBS_CURRENT_LISTING,NO_KNOWN_MATCH,KBS current stock listing; exchange is deterministic pre-crawl priority signal
860,KBS:UPCOM:SVG,SVG,UPCOM,CTCP Hơi Kỹ nghệ Que hàn,stock,OTHER_EXCLUDED,UPCOM,UNAVAILABLE,UNAVAILABLE,UPCOM,UNAVAILABLE,CURRENT_LISTING_ONLY,KBS_CURRENT_LISTING,NO_KNOWN_MATCH,KBS current stock listing; exchange is deterministic pre-crawl priority signal
861,KBS:UPCOM:SVH,SVH,UPCOM,CTCP Thủy điện Sông Vàng,stock,OTHER_EXCLUDED,UPCOM,UNAVAILABLE,UNAVAILABLE,UPCOM,UNAVAILABLE,CURRENT_LISTING_ONLY,KBS_CURRENT_LISTING,NO_KNOWN_MATCH,KBS current stock listing; exchange is deterministic pre-crawl priority signal
862,KBS:UPCOM:SZE,SZE,UPCOM,CTCP Môi trường Sonadezi,stock,OTHER_EXCLUDED,UPCOM,UNAVAILABLE,UNAVAILABLE,UPCOM,UNAVAILABLE,CURRENT_LISTING_ONLY,KBS_CURRENT_LISTING,NO_KNOWN_MATCH,KBS current stock listing; exchange is deterministic pre-crawl priority signal
863,KBS:UPCOM:TA6,TA6,UPCOM,CTCP Đầu tư và Xây lắp Thành An 665,stock,OTHER_EXCLUDED,UPCOM,UNAVAILABLE,UNAVAILABLE,UPCOM,UNAVAILABLE,CURRENT_LISTING_ONLY,KBS_CURRENT_LISTING,NO_KNOWN_MATCH,KBS current stock listing; exchange is deterministic pre-crawl priority signal
864,KBS:UPCOM:TAB,TAB,UPCOM,CTCP Freco Việt Nam,stock,OTHER_EXCLUDED,UPCOM,UNAVAILABLE,UNAVAILABLE,UPCOM,UNAVAILABLE,CURRENT_LISTING_ONLY,KBS_CURRENT_LISTING,NO_KNOWN_MATCH,KBS current stock listing; exchange is deterministic pre-crawl priority signal
865,KBS:UPCOM:TAH,TAH,UPCOM,CTCP Thương mại Dịch vụ Giấy Thuận An,stock,OTHER_EXCLUDED,UPCOM,UNAVAILABLE,UNAVAILABLE,UPCOM,UNAVAILABLE,CURRENT_LISTING_ONLY,KBS_CURRENT_LISTING,NO_KNOWN_MATCH,KBS current stock listing; exchange is deterministic pre-crawl priority signal
866,KBS:UPCOM:TAW,TAW,UPCOM,CTCP Cấp nước Trung An,stock,OTHER_EXCLUDED,UPCOM,UNAVAILABLE,UNAVAILABLE,UPCOM,UNAVAILABLE,CURRENT_LISTING_ONLY,KBS_CURRENT_LISTING,NO_KNOWN_MATCH,KBS current stock listing; exchange is deterministic pre-crawl priority signal
867,KBS:UPCOM:TBD,TBD,UPCOM,Tổng Công ty Thiết bị Điện Đông Anh - CTCP,stock,OTHER_EXCLUDED,UPCOM,UNAVAILABLE,UNAVAILABLE,UPCOM,UNAVAILABLE,CURRENT_LISTING_ONLY,KBS_CURRENT_LISTING,NO_KNOWN_MATCH,KBS current stock listing; exchange is deterministic pre-crawl priority signal
868,KBS:UPCOM:TBR,TBR,UPCOM,CTCP Địa ốc Tân Bình,stock,OTHER_EXCLUDED,UPCOM,UNAVAILABLE,UNAVAILABLE,UPCOM,UNAVAILABLE,CURRENT_LISTING_ONLY,KBS_CURRENT_LISTING,NO_KNOWN_MATCH,KBS current stock listing; exchange is deterministic pre-crawl priority signal
869,KBS:UPCOM:TBW,TBW,UPCOM,CTCP Nước sạch Thái Bình,stock,OTHER_EXCLUDED,UPCOM,UNAVAILABLE,UNAVAILABLE,UPCOM,UNAVAILABLE,CURRENT_LISTING_ONLY,KBS_CURRENT_LISTING,NO_KNOWN_MATCH,KBS current stock listing; exchange is deterministic pre-crawl priority signal
870,KBS:UPCOM:TCJ,TCJ,UPCOM,CTCP Tô Châu,stock,OTHER_EXCLUDED,UPCOM,UNAVAILABLE,UNAVAILABLE,UPCOM,UNAVAILABLE,CURRENT_LISTING_ONLY,KBS_CURRENT_LISTING,NO_KNOWN_MATCH,KBS current stock listing; exchange is deterministic pre-crawl priority signal
871,KBS:UPCOM:TCK,TCK,UPCOM,Tổng Công ty Cơ khí Xây dựng - CTCP,stock,OTHER_EXCLUDED,UPCOM,UNAVAILABLE,UNAVAILABLE,UPCOM,UNAVAILABLE,CURRENT_LISTING_ONLY,KBS_CURRENT_LISTING,NO_KNOWN_MATCH,KBS current stock listing; exchange is deterministic pre-crawl priority signal
872,KBS:UPCOM:TCW,TCW,UPCOM,CTCP Kho Vận Tân Cảng,stock,OTHER_EXCLUDED,UPCOM,UNAVAILABLE,UNAVAILABLE,UPCOM,UNAVAILABLE,CURRENT_LISTING_ONLY,KBS_CURRENT_LISTING,NO_KNOWN_MATCH,KBS current stock listing; exchange is deterministic pre-crawl priority signal
873,KBS:UPCOM:TDF,TDF,UPCOM,CTCP Trung Đô,stock,OTHER_EXCLUDED,UPCOM,UNAVAILABLE,UNAVAILABLE,UPCOM,UNAVAILABLE,CURRENT_LISTING_ONLY,KBS_CURRENT_LISTING,NO_KNOWN_MATCH,KBS current stock listing; exchange is deterministic pre-crawl priority signal
874,KBS:UPCOM:TGG,TGG,UPCOM,CTCP The Golden Group,stock,OTHER_EXCLUDED,UPCOM,UNAVAILABLE,UNAVAILABLE,UPCOM,UNAVAILABLE,CURRENT_LISTING_ONLY,KBS_CURRENT_LISTING,NO_KNOWN_MATCH,KBS current stock listing; exchange is deterministic pre-crawl priority signal
875,KBS:UPCOM:TH1,TH1,UPCOM,CTCP Xuất nhập khẩu Tổng hợp I Việt Nam,stock,OTHER_EXCLUDED,UPCOM,UNAVAILABLE,UNAVAILABLE,UPCOM,UNAVAILABLE,CURRENT_LISTING_ONLY,KBS_CURRENT_LISTING,NO_KNOWN_MATCH,KBS current stock listing; exchange is deterministic pre-crawl priority signal
876,KBS:UPCOM:THM,THM,UPCOM,CTCP Tứ Hải Hà Nam,stock,OTHER_EXCLUDED,UPCOM,UNAVAILABLE,UNAVAILABLE,UPCOM,UNAVAILABLE,CURRENT_LISTING_ONLY,KBS_CURRENT_LISTING,NO_KNOWN_MATCH,KBS current stock listing; exchange is deterministic pre-crawl priority signal
877,KBS:UPCOM:THN,THN,UPCOM,CTCP Cấp nước Thanh Hóa,stock,OTHER_EXCLUDED,UPCOM,UNAVAILABLE,UNAVAILABLE,UPCOM,UNAVAILABLE,CURRENT_LISTING_ONLY,KBS_CURRENT_LISTING,NO_KNOWN_MATCH,KBS current stock listing; exchange is deterministic pre-crawl priority signal
878,KBS:UPCOM:THP,THP,UPCOM,CTCP Thủy sản và Thương mại Thuận Phước,stock,OTHER_EXCLUDED,UPCOM,UNAVAILABLE,UNAVAILABLE,UPCOM,UNAVAILABLE,CURRENT_LISTING_ONLY,KBS_CURRENT_LISTING,NO_KNOWN_MATCH,KBS current stock listing; exchange is deterministic pre-crawl priority signal
879,KBS:UPCOM:THU,THU,UPCOM,CTCP Môi trường và Công trình Đô thị Thanh Hóa,stock,OTHER_EXCLUDED,UPCOM,UNAVAILABLE,UNAVAILABLE,UPCOM,UNAVAILABLE,CURRENT_LISTING_ONLY,KBS_CURRENT_LISTING,NO_KNOWN_MATCH,KBS current stock listing; exchange is deterministic pre-crawl priority signal
880,KBS:UPCOM:TID,TID,UPCOM,CTCP Tổng Công ty Tín Nghĩa,stock,OTHER_EXCLUDED,UPCOM,UNAVAILABLE,UNAVAILABLE,UPCOM,UNAVAILABLE,CURRENT_LISTING_ONLY,KBS_CURRENT_LISTING,NO_KNOWN_MATCH,KBS current stock listing; exchange is deterministic pre-crawl priority signal
881,KBS:UPCOM:TIE,TIE,UPCOM,CTCP TIE,stock,OTHER_EXCLUDED,UPCOM,UNAVAILABLE,UNAVAILABLE,UPCOM,UNAVAILABLE,CURRENT_LISTING_ONLY,KBS_CURRENT_LISTING,NO_KNOWN_MATCH,KBS current stock listing; exchange is deterministic pre-crawl priority signal
882,KBS:UPCOM:TIN,TIN,UPCOM,Công Ty Tài chính tổng hợp cổ phần Tín Việt,stock,OTHER_EXCLUDED,UPCOM,UNAVAILABLE,UNAVAILABLE,UPCOM,UNAVAILABLE,CURRENT_LISTING_ONLY,KBS_CURRENT_LISTING,NO_KNOWN_MATCH,KBS current stock listing; exchange is deterministic pre-crawl priority signal
883,KBS:UPCOM:TKA,TKA,UPCOM,CTCP Bao bì Tân Khánh An,stock,OTHER_EXCLUDED,UPCOM,UNAVAILABLE,UNAVAILABLE,UPCOM,UNAVAILABLE,CURRENT_LISTING_ONLY,KBS_CURRENT_LISTING,NO_KNOWN_MATCH,KBS current stock listing; exchange is deterministic pre-crawl priority signal
884,KBS:UPCOM:TL4,TL4,UPCOM,Tổng Công ty cổ phần Xây dựng Thủy Lợi 4 - CTCP,stock,OTHER_EXCLUDED,UPCOM,UNAVAILABLE,UNAVAILABLE,UPCOM,UNAVAILABLE,CURRENT_LISTING_ONLY,KBS_CURRENT_LISTING,NO_KNOWN_MATCH,KBS current stock listing; exchange is deterministic pre-crawl priority signal
885,KBS:UPCOM:TMG,TMG,UPCOM,CTCP Kim loại màu Thái Nguyên - Vimico,stock,OTHER_EXCLUDED,UPCOM,UNAVAILABLE,UNAVAILABLE,UPCOM,UNAVAILABLE,CURRENT_LISTING_ONLY,KBS_CURRENT_LISTING,NO_KNOWN_MATCH,KBS current stock listing; exchange is deterministic pre-crawl priority signal
886,KBS:UPCOM:TMW,TMW,UPCOM,CTCP Tổng hợp Gỗ Tân Mai,stock,OTHER_EXCLUDED,UPCOM,UNAVAILABLE,UNAVAILABLE,UPCOM,UNAVAILABLE,CURRENT_LISTING_ONLY,KBS_CURRENT_LISTING,NO_KNOWN_MATCH,KBS current stock listing; exchange is deterministic pre-crawl priority signal
887,KBS:UPCOM:TNA,TNA,UPCOM,CTCP Thương mại Xuất nhập khẩu Thiên Nam,stock,OTHER_EXCLUDED,UPCOM,UNAVAILABLE,UNAVAILABLE,UPCOM,UNAVAILABLE,CURRENT_LISTING_ONLY,KBS_CURRENT_LISTING,NO_KNOWN_MATCH,KBS current stock listing; exchange is deterministic pre-crawl priority signal
888,KBS:UPCOM:TNB,TNB,UPCOM,CTCP Thép Nhà Bè - VNSTEEL,stock,OTHER_EXCLUDED,UPCOM,UNAVAILABLE,UNAVAILABLE,UPCOM,UNAVAILABLE,CURRENT_LISTING_ONLY,KBS_CURRENT_LISTING,NO_KNOWN_MATCH,KBS current stock listing; exchange is deterministic pre-crawl priority signal
889,KBS:UPCOM:TNP,TNP,UPCOM,CTCP Cảng Thị Nại,stock,OTHER_EXCLUDED,UPCOM,UNAVAILABLE,UNAVAILABLE,UPCOM,UNAVAILABLE,CURRENT_LISTING_ONLY,KBS_CURRENT_LISTING,NO_KNOWN_MATCH,KBS current stock listing; exchange is deterministic pre-crawl priority signal
890,KBS:UPCOM:TNS,TNS,UPCOM,CTCP Thép tấm lá Thống Nhất,stock,OTHER_EXCLUDED,UPCOM,UNAVAILABLE,UNAVAILABLE,UPCOM,UNAVAILABLE,CURRENT_LISTING_ONLY,KBS_CURRENT_LISTING,NO_KNOWN_MATCH,KBS current stock listing; exchange is deterministic pre-crawl priority signal
891,KBS:UPCOM:TOP,TOP,UPCOM,CTCP Phân phối Top One,stock,OTHER_EXCLUDED,UPCOM,UNAVAILABLE,UNAVAILABLE,UPCOM,UNAVAILABLE,CURRENT_LISTING_ONLY,KBS_CURRENT_LISTING,NO_KNOWN_MATCH,KBS current stock listing; exchange is deterministic pre-crawl priority signal
892,KBS:UPCOM:TPS,TPS,UPCOM,CTCP Bến Bãi Vận tải Sài Gòn,stock,OTHER_EXCLUDED,UPCOM,UNAVAILABLE,UNAVAILABLE,UPCOM,UNAVAILABLE,CURRENT_LISTING_ONLY,KBS_CURRENT_LISTING,NO_KNOWN_MATCH,KBS current stock listing; exchange is deterministic pre-crawl priority signal
893,KBS:UPCOM:TQW,TQW,UPCOM,CTCP Cấp thoát nước Tuyên Quang,stock,OTHER_EXCLUDED,UPCOM,UNAVAILABLE,UNAVAILABLE,UPCOM,UNAVAILABLE,CURRENT_LISTING_ONLY,KBS_CURRENT_LISTING,NO_KNOWN_MATCH,KBS current stock listing; exchange is deterministic pre-crawl priority signal
894,KBS:UPCOM:TR1,TR1,UPCOM,CTCP Vận Tải 1 Traco,stock,OTHER_EXCLUDED,UPCOM,UNAVAILABLE,UNAVAILABLE,UPCOM,UNAVAILABLE,CURRENT_LISTING_ONLY,KBS_CURRENT_LISTING,NO_KNOWN_MATCH,KBS current stock listing; exchange is deterministic pre-crawl priority signal
895,KBS:UPCOM:TRS,TRS,UPCOM,CTCP Vận tải và Dịch vụ Hàng hải,stock,OTHER_EXCLUDED,UPCOM,UNAVAILABLE,UNAVAILABLE,UPCOM,UNAVAILABLE,CURRENT_LISTING_ONLY,KBS_CURRENT_LISTING,NO_KNOWN_MATCH,KBS current stock listing; exchange is deterministic pre-crawl priority signal
896,KBS:UPCOM:TRT,TRT,UPCOM,CTCP RedstarCera,stock,OTHER_EXCLUDED,UPCOM,UNAVAILABLE,UNAVAILABLE,UPCOM,UNAVAILABLE,CURRENT_LISTING_ONLY,KBS_CURRENT_LISTING,NO_KNOWN_MATCH,KBS current stock listing; exchange is deterministic pre-crawl priority signal
897,KBS:UPCOM:TRV,TRV,UPCOM,CTCP Vận tải Đường sắt,stock,OTHER_EXCLUDED,UPCOM,UNAVAILABLE,UNAVAILABLE,UPCOM,UNAVAILABLE,CURRENT_LISTING_ONLY,KBS_CURRENT_LISTING,NO_KNOWN_MATCH,KBS current stock listing; exchange is deterministic pre-crawl priority signal
898,KBS:UPCOM:TS3,TS3,UPCOM,CTCP Trường Sơn 532,stock,OTHER_EXCLUDED,UPCOM,UNAVAILABLE,UNAVAILABLE,UPCOM,UNAVAILABLE,CURRENT_LISTING_ONLY,KBS_CURRENT_LISTING,NO_KNOWN_MATCH,KBS current stock listing; exchange is deterministic pre-crawl priority signal
899,KBS:UPCOM:TSG,TSG,UPCOM,CTCP Thông tin Tín hiệu Đường sắt Sài Gòn,stock,OTHER_EXCLUDED,UPCOM,UNAVAILABLE,UNAVAILABLE,UPCOM,UNAVAILABLE,CURRENT_LISTING_ONLY,KBS_CURRENT_LISTING,NO_KNOWN_MATCH,KBS current stock listing; exchange is deterministic pre-crawl priority signal
900,KBS:UPCOM:TSJ,TSJ,UPCOM,CTCP Du lịch Dịch vụ Hà Nội,stock,OTHER_EXCLUDED,UPCOM,UNAVAILABLE,UNAVAILABLE,UPCOM,UNAVAILABLE,CURRENT_LISTING_ONLY,KBS_CURRENT_LISTING,NO_KNOWN_MATCH,KBS current stock listing; exchange is deterministic pre-crawl priority signal
901,KBS:UPCOM:TT6,TT6,UPCOM,CTCP Tập đoàn Tiến Thịnh,stock,OTHER_EXCLUDED,UPCOM,UNAVAILABLE,UNAVAILABLE,UPCOM,UNAVAILABLE,CURRENT_LISTING_ONLY,KBS_CURRENT_LISTING,NO_KNOWN_MATCH,KBS current stock listing; exchange is deterministic pre-crawl priority signal
902,KBS:UPCOM:TTB,TTB,UPCOM,CTCP TTBGroup,stock,OTHER_EXCLUDED,UPCOM,UNAVAILABLE,UNAVAILABLE,UPCOM,UNAVAILABLE,CURRENT_LISTING_ONLY,KBS_CURRENT_LISTING,NO_KNOWN_MATCH,KBS current stock listing; exchange is deterministic pre-crawl priority signal
903,KBS:UPCOM:TTN,TTN,UPCOM,CTCP Công nghệ và Truyền thông Việt Nam,stock,OTHER_EXCLUDED,UPCOM,UNAVAILABLE,UNAVAILABLE,UPCOM,UNAVAILABLE,CURRENT_LISTING_ONLY,KBS_CURRENT_LISTING,NO_KNOWN_MATCH,KBS current stock listing; exchange is deterministic pre-crawl priority signal
904,KBS:UPCOM:TTZ,TTZ,UPCOM,CTCP Đầu tư Xây dựng và Công nghệ Tiến Trung,stock,OTHER_EXCLUDED,UPCOM,UNAVAILABLE,UNAVAILABLE,UPCOM,UNAVAILABLE,CURRENT_LISTING_ONLY,KBS_CURRENT_LISTING,NO_KNOWN_MATCH,KBS current stock listing; exchange is deterministic pre-crawl priority signal
905,KBS:UPCOM:TV6,TV6,UPCOM,CTCP Tập đoàn EMA Land,stock,OTHER_EXCLUDED,UPCOM,UNAVAILABLE,UNAVAILABLE,UPCOM,UNAVAILABLE,CURRENT_LISTING_ONLY,KBS_CURRENT_LISTING,NO_KNOWN_MATCH,KBS current stock listing; exchange is deterministic pre-crawl priority signal
906,KBS:UPCOM:TVA,TVA,UPCOM,CTCP Sứ Viglacera Thanh Trì,stock,OTHER_EXCLUDED,UPCOM,UNAVAILABLE,UNAVAILABLE,UPCOM,UNAVAILABLE,CURRENT_LISTING_ONLY,KBS_CURRENT_LISTING,NO_KNOWN_MATCH,KBS current stock listing; exchange is deterministic pre-crawl priority signal
907,KBS:UPCOM:TVG,TVG,UPCOM,CTCP Tư vấn Đầu tư và Xây dựng Giao thông Vận tải,stock,OTHER_EXCLUDED,UPCOM,UNAVAILABLE,UNAVAILABLE,UPCOM,UNAVAILABLE,CURRENT_LISTING_ONLY,KBS_CURRENT_LISTING,NO_KNOWN_MATCH,KBS current stock listing; exchange is deterministic pre-crawl priority signal
908,KBS:UPCOM:TVH,TVH,UPCOM,CTCP Tư vấn Xây dựng công trình Hàng hải,stock,OTHER_EXCLUDED,UPCOM,UNAVAILABLE,UNAVAILABLE,UPCOM,UNAVAILABLE,CURRENT_LISTING_ONLY,KBS_CURRENT_LISTING,NO_KNOWN_MATCH,KBS current stock listing; exchange is deterministic pre-crawl priority signal
909,KBS:UPCOM:TVM,TVM,UPCOM,CTCP Tư vấn Đầu tư mỏ và Công Nghiệp - Vinacomin,stock,OTHER_EXCLUDED,UPCOM,UNAVAILABLE,UNAVAILABLE,UPCOM,UNAVAILABLE,CURRENT_LISTING_ONLY,KBS_CURRENT_LISTING,NO_KNOWN_MATCH,KBS current stock listing; exchange is deterministic pre-crawl priority signal
910,KBS:UPCOM:TW3,TW3,UPCOM,CTCP Dược Trung ương 3,stock,OTHER_EXCLUDED,UPCOM,UNAVAILABLE,UNAVAILABLE,UPCOM,UNAVAILABLE,CURRENT_LISTING_ONLY,KBS_CURRENT_LISTING,NO_KNOWN_MATCH,KBS current stock listing; exchange is deterministic pre-crawl priority signal
911,KBS:UPCOM:UCT,UCT,UPCOM,CTCP Đô thị Cần Thơ,stock,OTHER_EXCLUDED,UPCOM,UNAVAILABLE,UNAVAILABLE,UPCOM,UNAVAILABLE,CURRENT_LISTING_ONLY,KBS_CURRENT_LISTING,NO_KNOWN_MATCH,KBS current stock listing; exchange is deterministic pre-crawl priority signal
912,KBS:UPCOM:UDJ,UDJ,UPCOM,CTCP Phát triển Đô thị,stock,OTHER_EXCLUDED,UPCOM,UNAVAILABLE,UNAVAILABLE,UPCOM,UNAVAILABLE,CURRENT_LISTING_ONLY,KBS_CURRENT_LISTING,NO_KNOWN_MATCH,KBS current stock listing; exchange is deterministic pre-crawl priority signal
913,KBS:UPCOM:UDL,UDL,UPCOM,CTCP Đô thị và Môi trường Đắk Lắk,stock,OTHER_EXCLUDED,UPCOM,UNAVAILABLE,UNAVAILABLE,UPCOM,UNAVAILABLE,CURRENT_LISTING_ONLY,KBS_CURRENT_LISTING,NO_KNOWN_MATCH,KBS current stock listing; exchange is deterministic pre-crawl priority signal
914,KBS:UPCOM:UEM,UEM,UPCOM,CTCP Cơ điện Uông Bí - Vinacomin,stock,OTHER_EXCLUDED,UPCOM,UNAVAILABLE,UNAVAILABLE,UPCOM,UNAVAILABLE,CURRENT_LISTING_ONLY,KBS_CURRENT_LISTING,NO_KNOWN_MATCH,KBS current stock listing; exchange is deterministic pre-crawl priority signal
915,KBS:UPCOM:ULG,ULG,UPCOM,CTCP Logistics U&I,stock,OTHER_EXCLUDED,UPCOM,UNAVAILABLE,UNAVAILABLE,UPCOM,UNAVAILABLE,CURRENT_LISTING_ONLY,KBS_CURRENT_LISTING,NO_KNOWN_MATCH,KBS current stock listing; exchange is deterministic pre-crawl priority signal
916,KBS:UPCOM:UMC,UMC,UPCOM,CTCP Công trình Đô thị Nam Định,stock,OTHER_EXCLUDED,UPCOM,UNAVAILABLE,UNAVAILABLE,UPCOM,UNAVAILABLE,CURRENT_LISTING_ONLY,KBS_CURRENT_LISTING,NO_KNOWN_MATCH,KBS current stock listing; exchange is deterministic pre-crawl priority signal
917,KBS:UPCOM:UPC,UPC,UPCOM,CTCP Phát triển Công viên Cây xanh và Đô thị Vũng Tàu,stock,OTHER_EXCLUDED,UPCOM,UNAVAILABLE,UNAVAILABLE,UPCOM,UNAVAILABLE,CURRENT_LISTING_ONLY,KBS_CURRENT_LISTING,NO_KNOWN_MATCH,KBS current stock listing; exchange is deterministic pre-crawl priority signal
918,KBS:UPCOM:UPH,UPH,UPCOM,CTCP Dược phẩm TW 25,stock,OTHER_EXCLUDED,UPCOM,UNAVAILABLE,UNAVAILABLE,UPCOM,UNAVAILABLE,CURRENT_LISTING_ONLY,KBS_CURRENT_LISTING,NO_KNOWN_MATCH,KBS current stock listing; exchange is deterministic pre-crawl priority signal
919,KBS:UPCOM:UPS,UPS,UPCOM,CTCP Chứng khoán UP,stock,OTHER_EXCLUDED,UPCOM,UNAVAILABLE,UNAVAILABLE,UPCOM,UNAVAILABLE,CURRENT_LISTING_ONLY,KBS_CURRENT_LISTING,NO_KNOWN_MATCH,KBS current stock listing; exchange is deterministic pre-crawl priority signal
920,KBS:UPCOM:USD,USD,UPCOM,CTCP Công trình Đô thị Sóc Trăng,stock,OTHER_EXCLUDED,UPCOM,UNAVAILABLE,UNAVAILABLE,UPCOM,UNAVAILABLE,CURRENT_LISTING_ONLY,KBS_CURRENT_LISTING,NO_KNOWN_MATCH,KBS current stock listing; exchange is deterministic pre-crawl priority signal
921,KBS:UPCOM:UTT,UTT,UPCOM,CTCP Môi trường Nam Thành,stock,OTHER_EXCLUDED,UPCOM,UNAVAILABLE,UNAVAILABLE,UPCOM,UNAVAILABLE,CURRENT_LISTING_ONLY,KBS_CURRENT_LISTING,NO_KNOWN_MATCH,KBS current stock listing; exchange is deterministic pre-crawl priority signal
922,KBS:UPCOM:UXC,UXC,UPCOM,CTCP Chế biến Thủy sản Út Xi,stock,OTHER_EXCLUDED,UPCOM,UNAVAILABLE,UNAVAILABLE,UPCOM,UNAVAILABLE,CURRENT_LISTING_ONLY,KBS_CURRENT_LISTING,NO_KNOWN_MATCH,KBS current stock listing; exchange is deterministic pre-crawl priority signal
923,KBS:UPCOM:V68,V68,UPCOM,CTCP Đầu tư Sản xuất và Thương mại Tuấn Anh,stock,OTHER_EXCLUDED,UPCOM,UNAVAILABLE,UNAVAILABLE,UPCOM,UNAVAILABLE,CURRENT_LISTING_ONLY,KBS_CURRENT_LISTING,NO_KNOWN_MATCH,KBS current stock listing; exchange is deterministic pre-crawl priority signal
924,KBS:UPCOM:VAF,VAF,UPCOM,CTCP Phân lân Nung chảy Văn Điển,stock,OTHER_EXCLUDED,UPCOM,UNAVAILABLE,UNAVAILABLE,UPCOM,UNAVAILABLE,CURRENT_LISTING_ONLY,KBS_CURRENT_LISTING,NO_KNOWN_MATCH,KBS current stock listing; exchange is deterministic pre-crawl priority signal
925,KBS:UPCOM:VBG,VBG,UPCOM,CTCP Địa chất Việt Bắc - TKV,stock,OTHER_EXCLUDED,UPCOM,UNAVAILABLE,UNAVAILABLE,UPCOM,UNAVAILABLE,CURRENT_LISTING_ONLY,KBS_CURRENT_LISTING,NO_KNOWN_MATCH,KBS current stock listing; exchange is deterministic pre-crawl priority signal
926,KBS:UPCOM:VBH,VBH,UPCOM,CTCP Điện tử Bình Hòa,stock,OTHER_EXCLUDED,UPCOM,UNAVAILABLE,UNAVAILABLE,UPCOM,UNAVAILABLE,CURRENT_LISTING_ONLY,KBS_CURRENT_LISTING,NO_KNOWN_MATCH,KBS current stock listing; exchange is deterministic pre-crawl priority signal
927,KBS:UPCOM:VBT,VBT,UPCOM,CTCP Vận tải Bảo Thắng,stock,OTHER_EXCLUDED,UPCOM,UNAVAILABLE,UNAVAILABLE,UPCOM,UNAVAILABLE,CURRENT_LISTING_ONLY,KBS_CURRENT_LISTING,NO_KNOWN_MATCH,KBS current stock listing; exchange is deterministic pre-crawl priority signal
928,KBS:UPCOM:VCE,VCE,UPCOM,CTCP Xây lắp Môi trường,stock,OTHER_EXCLUDED,UPCOM,UNAVAILABLE,UNAVAILABLE,UPCOM,UNAVAILABLE,CURRENT_LISTING_ONLY,KBS_CURRENT_LISTING,NO_KNOWN_MATCH,KBS current stock listing; exchange is deterministic pre-crawl priority signal
929,KBS:UPCOM:VCT,VCT,UPCOM,CTCP Tư vấn Xây dựng Vinaconex,stock,OTHER_EXCLUDED,UPCOM,UNAVAILABLE,UNAVAILABLE,UPCOM,UNAVAILABLE,CURRENT_LISTING_ONLY,KBS_CURRENT_LISTING,NO_KNOWN_MATCH,KBS current stock listing; exchange is deterministic pre-crawl priority signal
930,KBS:UPCOM:VCX,VCX,UPCOM,CTCP Xi măng Yên Bình,stock,OTHER_EXCLUDED,UPCOM,UNAVAILABLE,UNAVAILABLE,UPCOM,UNAVAILABLE,CURRENT_LISTING_ONLY,KBS_CURRENT_LISTING,NO_KNOWN_MATCH,KBS current stock listing; exchange is deterministic pre-crawl priority signal
931,KBS:UPCOM:VDB,VDB,UPCOM,CTCP Vận tải và Chế biến Than Đông Bắc,stock,OTHER_EXCLUDED,UPCOM,UNAVAILABLE,UNAVAILABLE,UPCOM,UNAVAILABLE,CURRENT_LISTING_ONLY,KBS_CURRENT_LISTING,NO_KNOWN_MATCH,KBS current stock listing; exchange is deterministic pre-crawl priority signal
932,KBS:UPCOM:VDG,VDG,UPCOM,CTCP Vạn Đạt Group,stock,OTHER_EXCLUDED,UPCOM,UNAVAILABLE,UNAVAILABLE,UPCOM,UNAVAILABLE,CURRENT_LISTING_ONLY,KBS_CURRENT_LISTING,NO_KNOWN_MATCH,KBS current stock listing; exchange is deterministic pre-crawl priority signal
933,KBS:UPCOM:VDT,VDT,UPCOM,CTCP Lưới thép Bình Tây,stock,OTHER_EXCLUDED,UPCOM,UNAVAILABLE,UNAVAILABLE,UPCOM,UNAVAILABLE,CURRENT_LISTING_ONLY,KBS_CURRENT_LISTING,NO_KNOWN_MATCH,KBS current stock listing; exchange is deterministic pre-crawl priority signal
934,KBS:UPCOM:VE8,VE8,UPCOM,CTCP Xây dựng Điện VNECO 8,stock,OTHER_EXCLUDED,UPCOM,UNAVAILABLE,UNAVAILABLE,UPCOM,UNAVAILABLE,CURRENT_LISTING_ONLY,KBS_CURRENT_LISTING,NO_KNOWN_MATCH,KBS current stock listing; exchange is deterministic pre-crawl priority signal
935,KBS:UPCOM:VE9,VE9,UPCOM,CTCP Đầu tư và Xây dựng VNECO 9,stock,OTHER_EXCLUDED,UPCOM,UNAVAILABLE,UNAVAILABLE,UPCOM,UNAVAILABLE,CURRENT_LISTING_ONLY,KBS_CURRENT_LISTING,NO_KNOWN_MATCH,KBS current stock listing; exchange is deterministic pre-crawl priority signal
936,KBS:UPCOM:VEC,VEC,UPCOM,Tổng Công ty cổ phần Điện tử và Tin học Việt Nam,stock,OTHER_EXCLUDED,UPCOM,UNAVAILABLE,UNAVAILABLE,UPCOM,UNAVAILABLE,CURRENT_LISTING_ONLY,KBS_CURRENT_LISTING,NO_KNOWN_MATCH,KBS current stock listing; exchange is deterministic pre-crawl priority signal
937,KBS:UPCOM:VEF,VEF,UPCOM,CTCP Trung tâm Hội chợ Triển lãm Việt Nam,stock,OTHER_EXCLUDED,UPCOM,UNAVAILABLE,UNAVAILABLE,UPCOM,UNAVAILABLE,CURRENT_LISTING_ONLY,KBS_CURRENT_LISTING,NO_KNOWN_MATCH,KBS current stock listing; exchange is deterministic pre-crawl priority signal
938,KBS:UPCOM:VES,VES,UPCOM,CTCP Tập đoàn VinaLiving,stock,OTHER_EXCLUDED,UPCOM,UNAVAILABLE,UNAVAILABLE,UPCOM,UNAVAILABLE,CURRENT_LISTING_ONLY,KBS_CURRENT_LISTING,NO_KNOWN_MATCH,KBS current stock listing; exchange is deterministic pre-crawl priority signal
939,KBS:UPCOM:VET,VET,UPCOM,CTCP Thuốc thú y Trung ương Navetco,stock,OTHER_EXCLUDED,UPCOM,UNAVAILABLE,UNAVAILABLE,UPCOM,UNAVAILABLE,CURRENT_LISTING_ONLY,KBS_CURRENT_LISTING,NO_KNOWN_MATCH,KBS current stock listing; exchange is deterministic pre-crawl priority signal
940,KBS:UPCOM:VFC,VFC,UPCOM,CTCP Vinafco,stock,OTHER_EXCLUDED,UPCOM,UNAVAILABLE,UNAVAILABLE,UPCOM,UNAVAILABLE,CURRENT_LISTING_ONLY,KBS_CURRENT_LISTING,NO_KNOWN_MATCH,KBS current stock listing; exchange is deterministic pre-crawl priority signal
941,KBS:UPCOM:VFR,VFR,UPCOM,CTCP Vận tải và Thuê tàu,stock,OTHER_EXCLUDED,UPCOM,UNAVAILABLE,UNAVAILABLE,UPCOM,UNAVAILABLE,CURRENT_LISTING_ONLY,KBS_CURRENT_LISTING,NO_KNOWN_MATCH,KBS current stock listing; exchange is deterministic pre-crawl priority signal
942,KBS:UPCOM:VGL,VGL,UPCOM,CTCP Mạ Kẽm Công Nghiệp Vingal - Vnsteel,stock,OTHER_EXCLUDED,UPCOM,UNAVAILABLE,UNAVAILABLE,UPCOM,UNAVAILABLE,CURRENT_LISTING_ONLY,KBS_CURRENT_LISTING,NO_KNOWN_MATCH,KBS current stock listing; exchange is deterministic pre-crawl priority signal
943,KBS:UPCOM:VGR,VGR,UPCOM,CTCP Cảng Xanh Vip,stock,OTHER_EXCLUDED,UPCOM,UNAVAILABLE,UNAVAILABLE,UPCOM,UNAVAILABLE,CURRENT_LISTING_ONLY,KBS_CURRENT_LISTING,NO_KNOWN_MATCH,KBS current stock listing; exchange is deterministic pre-crawl priority signal
944,KBS:UPCOM:VGV,VGV,UPCOM,Tổng Công ty Tư vấn Xây dựng Việt Nam - CTCP,stock,OTHER_EXCLUDED,UPCOM,UNAVAILABLE,UNAVAILABLE,UPCOM,UNAVAILABLE,CURRENT_LISTING_ONLY,KBS_CURRENT_LISTING,NO_KNOWN_MATCH,KBS current stock listing; exchange is deterministic pre-crawl priority signal
945,KBS:UPCOM:VHD,VHD,UPCOM,CTCP Đầu tư Phát triển Nhà và Đô Thị VINAHUD,stock,OTHER_EXCLUDED,UPCOM,UNAVAILABLE,UNAVAILABLE,UPCOM,UNAVAILABLE,CURRENT_LISTING_ONLY,KBS_CURRENT_LISTING,NO_KNOWN_MATCH,KBS current stock listing; exchange is deterministic pre-crawl priority signal
946,KBS:UPCOM:VHF,VHF,UPCOM,CTCP Xây dựng và Chế biến Lương thực Vĩnh Hà,stock,OTHER_EXCLUDED,UPCOM,UNAVAILABLE,UNAVAILABLE,UPCOM,UNAVAILABLE,CURRENT_LISTING_ONLY,KBS_CURRENT_LISTING,NO_KNOWN_MATCH,KBS current stock listing; exchange is deterministic pre-crawl priority signal
947,KBS:UPCOM:VHH,VHH,UPCOM,CTCP Đầu tư Kinh doanh Nhà Thành Đạt,stock,OTHER_EXCLUDED,UPCOM,UNAVAILABLE,UNAVAILABLE,UPCOM,UNAVAILABLE,CURRENT_LISTING_ONLY,KBS_CURRENT_LISTING,NO_KNOWN_MATCH,KBS current stock listing; exchange is deterministic pre-crawl priority signal
948,KBS:UPCOM:VIE,VIE,UPCOM,CTCP Công nghệ Viễn thông VITECO,stock,OTHER_EXCLUDED,UPCOM,UNAVAILABLE,UNAVAILABLE,UPCOM,UNAVAILABLE,CURRENT_LISTING_ONLY,KBS_CURRENT_LISTING,NO_KNOWN_MATCH,KBS current stock listing; exchange is deterministic pre-crawl priority signal
949,KBS:UPCOM:VIR,VIR,UPCOM,CTCP Du lịch Quốc tế Vũng Tàu,stock,OTHER_EXCLUDED,UPCOM,UNAVAILABLE,UNAVAILABLE,UPCOM,UNAVAILABLE,CURRENT_LISTING_ONLY,KBS_CURRENT_LISTING,NO_KNOWN_MATCH,KBS current stock listing; exchange is deterministic pre-crawl priority signal
950,KBS:UPCOM:VLB,VLB,UPCOM,CTCP Xây dựng và Sản xuất Vật liệu xây dựng Biên Hòa,stock,OTHER_EXCLUDED,UPCOM,UNAVAILABLE,UNAVAILABLE,UPCOM,UNAVAILABLE,CURRENT_LISTING_ONLY,KBS_CURRENT_LISTING,NO_KNOWN_MATCH,KBS current stock listing; exchange is deterministic pre-crawl priority signal
951,KBS:UPCOM:VLC,VLC,UPCOM,Tổng Công ty Chăn Nuôi Việt Nam - CTCP,stock,OTHER_EXCLUDED,UPCOM,UNAVAILABLE,UNAVAILABLE,UPCOM,UNAVAILABLE,CURRENT_LISTING_ONLY,KBS_CURRENT_LISTING,NO_KNOWN_MATCH,KBS current stock listing; exchange is deterministic pre-crawl priority signal
952,KBS:UPCOM:VLP,VLP,UPCOM,CTCP Công trình Công cộng Vĩnh Long,stock,OTHER_EXCLUDED,UPCOM,UNAVAILABLE,UNAVAILABLE,UPCOM,UNAVAILABLE,CURRENT_LISTING_ONLY,KBS_CURRENT_LISTING,NO_KNOWN_MATCH,KBS current stock listing; exchange is deterministic pre-crawl priority signal
953,KBS:UPCOM:VLS,VLS,UPCOM,CTCP Sản xuất Thép Việt Long,stock,OTHER_EXCLUDED,UPCOM,UNAVAILABLE,UNAVAILABLE,UPCOM,UNAVAILABLE,CURRENT_LISTING_ONLY,KBS_CURRENT_LISTING,NO_KNOWN_MATCH,KBS current stock listing; exchange is deterministic pre-crawl priority signal
954,KBS:UPCOM:VMA,VMA,UPCOM,CTCP Công nghiệp Ô tô - Vinacomin,stock,OTHER_EXCLUDED,UPCOM,UNAVAILABLE,UNAVAILABLE,UPCOM,UNAVAILABLE,CURRENT_LISTING_ONLY,KBS_CURRENT_LISTING,NO_KNOWN_MATCH,KBS current stock listing; exchange is deterministic pre-crawl priority signal
955,KBS:UPCOM:VMG,VMG,UPCOM,CTCP Thương mại và Dịch vụ Dầu khí Vũng Tàu,stock,OTHER_EXCLUDED,UPCOM,UNAVAILABLE,UNAVAILABLE,UPCOM,UNAVAILABLE,CURRENT_LISTING_ONLY,KBS_CURRENT_LISTING,NO_KNOWN_MATCH,KBS current stock listing; exchange is deterministic pre-crawl priority signal
956,KBS:UPCOM:VMK,VMK,UPCOM,CTCP Vimarko,stock,OTHER_EXCLUDED,UPCOM,UNAVAILABLE,UNAVAILABLE,UPCOM,UNAVAILABLE,CURRENT_LISTING_ONLY,KBS_CURRENT_LISTING,NO_KNOWN_MATCH,KBS current stock listing; exchange is deterministic pre-crawl priority signal
957,KBS:UPCOM:VMT,VMT,UPCOM,CTCP Giao nhận Vận tải miền Trung,stock,OTHER_EXCLUDED,UPCOM,UNAVAILABLE,UNAVAILABLE,UPCOM,UNAVAILABLE,CURRENT_LISTING_ONLY,KBS_CURRENT_LISTING,NO_KNOWN_MATCH,KBS current stock listing; exchange is deterministic pre-crawl priority signal
958,KBS:UPCOM:VNA,VNA,UPCOM,CTCP Vận tải Biển Vinaship,stock,OTHER_EXCLUDED,UPCOM,UNAVAILABLE,UNAVAILABLE,UPCOM,UNAVAILABLE,CURRENT_LISTING_ONLY,KBS_CURRENT_LISTING,NO_KNOWN_MATCH,KBS current stock listing; exchange is deterministic pre-crawl priority signal
959,KBS:UPCOM:VNE,VNE,UPCOM,Tổng Công ty cổ phần Xây dựng Điện Việt Nam,stock,OTHER_EXCLUDED,UPCOM,UNAVAILABLE,UNAVAILABLE,UPCOM,UNAVAILABLE,CURRENT_LISTING_ONLY,KBS_CURRENT_LISTING,NO_KNOWN_MATCH,KBS current stock listing; exchange is deterministic pre-crawl priority signal
960,KBS:UPCOM:VNH,VNH,UPCOM,CTCP Đầu tư Việt Việt Nhật,stock,OTHER_EXCLUDED,UPCOM,UNAVAILABLE,UNAVAILABLE,UPCOM,UNAVAILABLE,CURRENT_LISTING_ONLY,KBS_CURRENT_LISTING,NO_KNOWN_MATCH,KBS current stock listing; exchange is deterministic pre-crawl priority signal
961,KBS:UPCOM:VNP,VNP,UPCOM,CTCP Nhựa Việt Nam,stock,OTHER_EXCLUDED,UPCOM,UNAVAILABLE,UNAVAILABLE,UPCOM,UNAVAILABLE,CURRENT_LISTING_ONLY,KBS_CURRENT_LISTING,NO_KNOWN_MATCH,KBS current stock listing; exchange is deterministic pre-crawl priority signal
962,KBS:UPCOM:VNX,VNX,UPCOM,CTCP Quảng cáo và Hội chợ Thương mại,stock,OTHER_EXCLUDED,UPCOM,UNAVAILABLE,UNAVAILABLE,UPCOM,UNAVAILABLE,CURRENT_LISTING_ONLY,KBS_CURRENT_LISTING,NO_KNOWN_MATCH,KBS current stock listing; exchange is deterministic pre-crawl priority signal
963,KBS:UPCOM:VNY,VNY,UPCOM,CTCP Thuốc thú y Trung ương I,stock,OTHER_EXCLUDED,UPCOM,UNAVAILABLE,UNAVAILABLE,UPCOM,UNAVAILABLE,CURRENT_LISTING_ONLY,KBS_CURRENT_LISTING,NO_KNOWN_MATCH,KBS current stock listing; exchange is deterministic pre-crawl priority signal
964,KBS:UPCOM:VPA,VPA,UPCOM,CTCP Vận tải Hoá Dầu VP,stock,OTHER_EXCLUDED,UPCOM,UNAVAILABLE,UNAVAILABLE,UPCOM,UNAVAILABLE,CURRENT_LISTING_ONLY,KBS_CURRENT_LISTING,NO_KNOWN_MATCH,KBS current stock listing; exchange is deterministic pre-crawl priority signal
965,KBS:UPCOM:VPC,VPC,UPCOM,CTCP Đầu tư và Phát triển Năng lượng Việt Nam,stock,OTHER_EXCLUDED,UPCOM,UNAVAILABLE,UNAVAILABLE,UPCOM,UNAVAILABLE,CURRENT_LISTING_ONLY,KBS_CURRENT_LISTING,NO_KNOWN_MATCH,KBS current stock listing; exchange is deterministic pre-crawl priority signal
966,KBS:UPCOM:VPW,VPW,UPCOM,CTCP Cấp thoát nước Số 1 Vĩnh Phúc,stock,OTHER_EXCLUDED,UPCOM,UNAVAILABLE,UNAVAILABLE,UPCOM,UNAVAILABLE,CURRENT_LISTING_ONLY,KBS_CURRENT_LISTING,NO_KNOWN_MATCH,KBS current stock listing; exchange is deterministic pre-crawl priority signal
967,KBS:UPCOM:VQC,VQC,UPCOM,CTCP Giám định - Vinacomin,stock,OTHER_EXCLUDED,UPCOM,UNAVAILABLE,UNAVAILABLE,UPCOM,UNAVAILABLE,CURRENT_LISTING_ONLY,KBS_CURRENT_LISTING,NO_KNOWN_MATCH,KBS current stock listing; exchange is deterministic pre-crawl priority signal
968,KBS:UPCOM:VRG,VRG,UPCOM,CTCP Phát triển Đô thị và Khu công nghiệp Cao su Việt Nam,stock,OTHER_EXCLUDED,UPCOM,UNAVAILABLE,UNAVAILABLE,UPCOM,UNAVAILABLE,CURRENT_LISTING_ONLY,KBS_CURRENT_LISTING,NO_KNOWN_MATCH,KBS current stock listing; exchange is deterministic pre-crawl priority signal
969,KBS:UPCOM:VSF,VSF,UPCOM,Tổng Công ty Lương thực Miền Nam - CTCP,stock,OTHER_EXCLUDED,UPCOM,UNAVAILABLE,UNAVAILABLE,UPCOM,UNAVAILABLE,CURRENT_LISTING_ONLY,KBS_CURRENT_LISTING,NO_KNOWN_MATCH,KBS current stock listing; exchange is deterministic pre-crawl priority signal
970,KBS:UPCOM:VSG,VSG,UPCOM,CTCP Container Phía Nam,stock,OTHER_EXCLUDED,UPCOM,UNAVAILABLE,UNAVAILABLE,UPCOM,UNAVAILABLE,CURRENT_LISTING_ONLY,KBS_CURRENT_LISTING,NO_KNOWN_MATCH,KBS current stock listing; exchange is deterministic pre-crawl priority signal
971,KBS:UPCOM:VSN,VSN,UPCOM,CTCP Việt Nam Kỹ nghệ Súc sản,stock,OTHER_EXCLUDED,UPCOM,UNAVAILABLE,UNAVAILABLE,UPCOM,UNAVAILABLE,CURRENT_LISTING_ONLY,KBS_CURRENT_LISTING,NO_KNOWN_MATCH,KBS current stock listing; exchange is deterministic pre-crawl priority signal
972,KBS:UPCOM:VTA,VTA,UPCOM,CTCP Vitaly,stock,OTHER_EXCLUDED,UPCOM,UNAVAILABLE,UNAVAILABLE,UPCOM,UNAVAILABLE,CURRENT_LISTING_ONLY,KBS_CURRENT_LISTING,NO_KNOWN_MATCH,KBS current stock listing; exchange is deterministic pre-crawl priority signal
973,KBS:UPCOM:VTD,VTD,UPCOM,CTCP Vietourist Holdings,stock,OTHER_EXCLUDED,UPCOM,UNAVAILABLE,UNAVAILABLE,UPCOM,UNAVAILABLE,CURRENT_LISTING_ONLY,KBS_CURRENT_LISTING,NO_KNOWN_MATCH,KBS current stock listing; exchange is deterministic pre-crawl priority signal
974,KBS:UPCOM:VTE,VTE,UPCOM,CTCP VINACAP Kim Long,stock,OTHER_EXCLUDED,UPCOM,UNAVAILABLE,UNAVAILABLE,UPCOM,UNAVAILABLE,CURRENT_LISTING_ONLY,KBS_CURRENT_LISTING,NO_KNOWN_MATCH,KBS current stock listing; exchange is deterministic pre-crawl priority signal
975,KBS:UPCOM:VTG,VTG,UPCOM,CTCP Du lịch Tỉnh Bà Rịa - Vũng Tàu,stock,OTHER_EXCLUDED,UPCOM,UNAVAILABLE,UNAVAILABLE,UPCOM,UNAVAILABLE,CURRENT_LISTING_ONLY,KBS_CURRENT_LISTING,NO_KNOWN_MATCH,KBS current stock listing; exchange is deterministic pre-crawl priority signal
976,KBS:UPCOM:VTI,VTI,UPCOM,CTCP Sản xuất - Xuất nhập khẩu Dệt may,stock,OTHER_EXCLUDED,UPCOM,UNAVAILABLE,UNAVAILABLE,UPCOM,UNAVAILABLE,CURRENT_LISTING_ONLY,KBS_CURRENT_LISTING,NO_KNOWN_MATCH,KBS current stock listing; exchange is deterministic pre-crawl priority signal
977,KBS:UPCOM:VTM,VTM,UPCOM,CTCP Vận tải và Đưa đón thợ mỏ - VINACOMIN,stock,OTHER_EXCLUDED,UPCOM,UNAVAILABLE,UNAVAILABLE,UPCOM,UNAVAILABLE,CURRENT_LISTING_ONLY,KBS_CURRENT_LISTING,NO_KNOWN_MATCH,KBS current stock listing; exchange is deterministic pre-crawl priority signal
978,KBS:UPCOM:VTQ,VTQ,UPCOM,CTCP Việt Trung Quảng Bình,stock,OTHER_EXCLUDED,UPCOM,UNAVAILABLE,UNAVAILABLE,UPCOM,UNAVAILABLE,CURRENT_LISTING_ONLY,KBS_CURRENT_LISTING,NO_KNOWN_MATCH,KBS current stock listing; exchange is deterministic pre-crawl priority signal
979,KBS:UPCOM:VTR,VTR,UPCOM,CTCP Du lịch Vietravel,stock,OTHER_EXCLUDED,UPCOM,UNAVAILABLE,UNAVAILABLE,UPCOM,UNAVAILABLE,CURRENT_LISTING_ONLY,KBS_CURRENT_LISTING,NO_KNOWN_MATCH,KBS current stock listing; exchange is deterministic pre-crawl priority signal
980,KBS:UPCOM:VTX,VTX,UPCOM,CTCP Vận tải Đa Phương Thức Vietranstimex,stock,OTHER_EXCLUDED,UPCOM,UNAVAILABLE,UNAVAILABLE,UPCOM,UNAVAILABLE,CURRENT_LISTING_ONLY,KBS_CURRENT_LISTING,NO_KNOWN_MATCH,KBS current stock listing; exchange is deterministic pre-crawl priority signal
981,KBS:UPCOM:VUA,VUA,UPCOM,CTCP Chứng khoán Stanley Brothers,stock,OTHER_EXCLUDED,UPCOM,UNAVAILABLE,UNAVAILABLE,UPCOM,UNAVAILABLE,CURRENT_LISTING_ONLY,KBS_CURRENT_LISTING,NO_KNOWN_MATCH,KBS current stock listing; exchange is deterministic pre-crawl priority signal
982,KBS:UPCOM:VVN,VVN,UPCOM,Tổng Công ty cổ phần Xây dựng Công nghiệp Việt Nam,stock,OTHER_EXCLUDED,UPCOM,UNAVAILABLE,UNAVAILABLE,UPCOM,UNAVAILABLE,CURRENT_LISTING_ONLY,KBS_CURRENT_LISTING,NO_KNOWN_MATCH,KBS current stock listing; exchange is deterministic pre-crawl priority signal
983,KBS:UPCOM:VWS,VWS,UPCOM,CTCP Nước và Môi Trường Việt Nam,stock,OTHER_EXCLUDED,UPCOM,UNAVAILABLE,UNAVAILABLE,UPCOM,UNAVAILABLE,CURRENT_LISTING_ONLY,KBS_CURRENT_LISTING,NO_KNOWN_MATCH,KBS current stock listing; exchange is deterministic pre-crawl priority signal
984,KBS:UPCOM:VXB,VXB,UPCOM,CTCP Vật liệu Xây dựng Bến Tre,stock,OTHER_EXCLUDED,UPCOM,UNAVAILABLE,UNAVAILABLE,UPCOM,UNAVAILABLE,CURRENT_LISTING_ONLY,KBS_CURRENT_LISTING,NO_KNOWN_MATCH,KBS current stock listing; exchange is deterministic pre-crawl priority signal
985,KBS:UPCOM:VXP,VXP,UPCOM,CTCP Thuốc Thú y Trung ương VETVACO,stock,OTHER_EXCLUDED,UPCOM,UNAVAILABLE,UNAVAILABLE,UPCOM,UNAVAILABLE,CURRENT_LISTING_ONLY,KBS_CURRENT_LISTING,NO_KNOWN_MATCH,KBS current stock listing; exchange is deterministic pre-crawl priority signal
986,KBS:UPCOM:VXT,VXT,UPCOM,CTCP Kho vận và Dịch vụ Thương mại,stock,OTHER_EXCLUDED,UPCOM,UNAVAILABLE,UNAVAILABLE,UPCOM,UNAVAILABLE,CURRENT_LISTING_ONLY,KBS_CURRENT_LISTING,NO_KNOWN_MATCH,KBS current stock listing; exchange is deterministic pre-crawl priority signal
987,KBS:UPCOM:WTC,WTC,UPCOM,CTCP Vận tải Thủy - Vinacomin,stock,OTHER_EXCLUDED,UPCOM,UNAVAILABLE,UNAVAILABLE,UPCOM,UNAVAILABLE,CURRENT_LISTING_ONLY,KBS_CURRENT_LISTING,NO_KNOWN_MATCH,KBS current stock listing; exchange is deterministic pre-crawl priority signal
988,KBS:UPCOM:X26,X26,UPCOM,CTCP 26,stock,OTHER_EXCLUDED,UPCOM,UNAVAILABLE,UNAVAILABLE,UPCOM,UNAVAILABLE,CURRENT_LISTING_ONLY,KBS_CURRENT_LISTING,NO_KNOWN_MATCH,KBS current stock listing; exchange is deterministic pre-crawl priority signal
989,KBS:UPCOM:X77,X77,UPCOM,CTCP Thành An 77,stock,OTHER_EXCLUDED,UPCOM,UNAVAILABLE,UNAVAILABLE,UPCOM,UNAVAILABLE,CURRENT_LISTING_ONLY,KBS_CURRENT_LISTING,NO_KNOWN_MATCH,KBS current stock listing; exchange is deterministic pre-crawl priority signal
990,KBS:UPCOM:XDH,XDH,UPCOM,CTCP Đầu tư Xây dựng Dân dụng Hà Nội,stock,OTHER_EXCLUDED,UPCOM,UNAVAILABLE,UNAVAILABLE,UPCOM,UNAVAILABLE,CURRENT_LISTING_ONLY,KBS_CURRENT_LISTING,NO_KNOWN_MATCH,KBS current stock listing; exchange is deterministic pre-crawl priority signal
991,KBS:UPCOM:XHC,XHC,UPCOM,CTCP Xuân Hòa Việt Nam,stock,OTHER_EXCLUDED,UPCOM,UNAVAILABLE,UNAVAILABLE,UPCOM,UNAVAILABLE,CURRENT_LISTING_ONLY,KBS_CURRENT_LISTING,NO_KNOWN_MATCH,KBS current stock listing; exchange is deterministic pre-crawl priority signal
992,KBS:UPCOM:XLV,XLV,UPCOM,CTCP Xây Lắp và Dịch vụ Sông Đà,stock,OTHER_EXCLUDED,UPCOM,UNAVAILABLE,UNAVAILABLE,UPCOM,UNAVAILABLE,CURRENT_LISTING_ONLY,KBS_CURRENT_LISTING,NO_KNOWN_MATCH,KBS current stock listing; exchange is deterministic pre-crawl priority signal
993,KBS:UPCOM:XPH,XPH,UPCOM,CTCP Xà phòng Hà Nội,stock,OTHER_EXCLUDED,UPCOM,UNAVAILABLE,UNAVAILABLE,UPCOM,UNAVAILABLE,CURRENT_LISTING_ONLY,KBS_CURRENT_LISTING,NO_KNOWN_MATCH,KBS current stock listing; exchange is deterministic pre-crawl priority signal
994,KBS:UPCOM:YBC,YBC,UPCOM,CTCP Xi măng và Khoáng sản Yên Bái,stock,OTHER_EXCLUDED,UPCOM,UNAVAILABLE,UNAVAILABLE,UPCOM,UNAVAILABLE,CURRENT_LISTING_ONLY,KBS_CURRENT_LISTING,NO_KNOWN_MATCH,KBS current stock listing; exchange is deterministic pre-crawl priority signal
995,KBS:UPCOM:YTC,YTC,UPCOM,CTCP Xuất nhập khẩu Y tế Thành phố Hồ Chí Minh,stock,OTHER_EXCLUDED,UPCOM,UNAVAILABLE,UNAVAILABLE,UPCOM,UNAVAILABLE,CURRENT_LISTING_ONLY,KBS_CURRENT_LISTING,NO_KNOWN_MATCH,KBS current stock listing; exchange is deterministic pre-crawl priority signal
996,KBS:HOSE:AAA,AAA,HOSE,CTCP Nhựa An Phát Xanh,stock,IDENTITY_DUPLICATE_EXCLUDED,HOSE,UNAVAILABLE,UNAVAILABLE,HOSE,UNAVAILABLE,CURRENT_LISTING_ONLY,KBS_CURRENT_LISTING,REVIEWED_ALIAS_MATCH,reviewed historical identity interval matches frozen current 500
997,KBS:HOSE:AAM,AAM,HOSE,CTCP Thủy sản MeKong,stock,CURRENT_500_EXCLUDED,HOSE,UNAVAILABLE,UNAVAILABLE,HOSE,UNAVAILABLE,CURRENT_LISTING_ONLY,KBS_CURRENT_LISTING,CURRENT_500_MATCH,current ticker or security_id matches frozen current 500
998,KBS:HOSE:ACB,ACB,HOSE,Ngân hàng TMCP Á Châu,stock,IDENTITY_DUPLICATE_EXCLUDED,HOSE,UNAVAILABLE,UNAVAILABLE,HOSE,UNAVAILABLE,CURRENT_LISTING_ONLY,KBS_CURRENT_LISTING,REVIEWED_ALIAS_MATCH,reviewed historical identity interval matches frozen current 500
999,KBS:HOSE:ACC,ACC,HOSE,CTCP Đầu tư và Xây dựng Bình Dương ACC,stock,CURRENT_500_EXCLUDED,HOSE,UNAVAILABLE,UNAVAILABLE,HOSE,UNAVAILABLE,CURRENT_LISTING_ONLY,KBS_CURRENT_LISTING,CURRENT_500_MATCH,current ticker or security_id matches frozen current 500
1000,KBS:HOSE:ACL,ACL,HOSE,CTCP Xuất nhập khẩu Thủy sản Cửu Long An Giang,stock,CURRENT_500_EXCLUDED,HOSE,UNAVAILABLE,UNAVAILABLE,HOSE,UNAVAILABLE,CURRENT_LISTING_ONLY,KBS_CURRENT_LISTING,CURRENT_500_MATCH,current ticker or security_id matches frozen current 500
1001,KBS:HOSE:ADS,ADS,HOSE,CTCP Damsan,stock,CURRENT_500_EXCLUDED,HOSE,UNAVAILABLE,UNAVAILABLE,HOSE,UNAVAILABLE,CURRENT_LISTING_ONLY,KBS_CURRENT_LISTING,CURRENT_500_MATCH,current ticker or security_id matches frozen current 500
1002,KBS:HOSE:AGR,AGR,HOSE,CTCP Chứng khoán Agribank,stock,CURRENT_500_EXCLUDED,HOSE,UNAVAILABLE,UNAVAILABLE,HOSE,UNAVAILABLE,CURRENT_LISTING_ONLY,KBS_CURRENT_LISTING,CURRENT_500_MATCH,current ticker or security_id matches frozen current 500
1003,KBS:HOSE:ANV,ANV,HOSE,CTCP Nam Việt,stock,CURRENT_500_EXCLUDED,HOSE,UNAVAILABLE,UNAVAILABLE,HOSE,UNAVAILABLE,CURRENT_LISTING_ONLY,KBS_CURRENT_LISTING,CURRENT_500_MATCH,current ticker or security_id matches frozen current 500
1004,KBS:HOSE:AST,AST,HOSE,CTCP Dịch vụ Hàng không Taseco,stock,CURRENT_500_EXCLUDED,HOSE,UNAVAILABLE,UNAVAILABLE,HOSE,UNAVAILABLE,CURRENT_LISTING_ONLY,KBS_CURRENT_LISTING,CURRENT_500_MATCH,current ticker or security_id matches frozen current 500
1005,KBS:HOSE:BCE,BCE,HOSE,CTCP Xây dựng và Giao thông Bình Dương,stock,CURRENT_500_EXCLUDED,HOSE,UNAVAILABLE,UNAVAILABLE,HOSE,UNAVAILABLE,CURRENT_LISTING_ONLY,KBS_CURRENT_LISTING,CURRENT_500_MATCH,current ticker or security_id matches frozen current 500
1006,KBS:HOSE:BCM,BCM,HOSE,Tập đoàn Đầu tư và Phát triển Công nghiệp Becamex - CTCP,stock,CURRENT_500_EXCLUDED,HOSE,UNAVAILABLE,UNAVAILABLE,HOSE,UNAVAILABLE,CURRENT_LISTING_ONLY,KBS_CURRENT_LISTING,CURRENT_500_MATCH,current ticker or security_id matches frozen current 500
1007,KBS:HOSE:BFC,BFC,HOSE,CTCP Phân bón Bình Điền,stock,CURRENT_500_EXCLUDED,HOSE,UNAVAILABLE,UNAVAILABLE,HOSE,UNAVAILABLE,CURRENT_LISTING_ONLY,KBS_CURRENT_LISTING,CURRENT_500_MATCH,current ticker or security_id matches frozen current 500
1008,KBS:HOSE:BID,BID,HOSE,Ngân hàng TMCP Đầu tư và Phát triển Việt Nam,stock,IDENTITY_DUPLICATE_EXCLUDED,HOSE,UNAVAILABLE,UNAVAILABLE,HOSE,UNAVAILABLE,CURRENT_LISTING_ONLY,KBS_CURRENT_LISTING,REVIEWED_ALIAS_MATCH,reviewed historical identity interval matches frozen current 500
1009,KBS:HOSE:BKG,BKG,HOSE,CTCP Đầu tư BKG Việt Nam,stock,CURRENT_500_EXCLUDED,HOSE,UNAVAILABLE,UNAVAILABLE,HOSE,UNAVAILABLE,CURRENT_LISTING_ONLY,KBS_CURRENT_LISTING,CURRENT_500_MATCH,current ticker or security_id matches frozen current 500
1010,KBS:HOSE:BMP,BMP,HOSE,CTCP Nhựa Bình Minh,stock,IDENTITY_DUPLICATE_EXCLUDED,HOSE,UNAVAILABLE,UNAVAILABLE,HOSE,UNAVAILABLE,CURRENT_LISTING_ONLY,KBS_CURRENT_LISTING,REVIEWED_ALIAS_MATCH,reviewed historical identity interval matches frozen current 500
1011,KBS:HOSE:BVH,BVH,HOSE,Tập đoàn Bảo Việt,stock,CURRENT_500_EXCLUDED,HOSE,UNAVAILABLE,UNAVAILABLE,HOSE,UNAVAILABLE,CURRENT_LISTING_ONLY,KBS_CURRENT_LISTING,CURRENT_500_MATCH,current ticker or security_id matches frozen current 500
1012,KBS:HOSE:CCL,CCL,HOSE,CTCP Đầu tư và Phát triển Đô thị Dầu khí Cửu Long,stock,CURRENT_500_EXCLUDED,HOSE,UNAVAILABLE,UNAVAILABLE,HOSE,UNAVAILABLE,CURRENT_LISTING_ONLY,KBS_CURRENT_LISTING,CURRENT_500_MATCH,current ticker or security_id matches frozen current 500
1013,KBS:HOSE:CHP,CHP,HOSE,CTCP Thủy điện Miền Trung,stock,CURRENT_500_EXCLUDED,HOSE,UNAVAILABLE,UNAVAILABLE,HOSE,UNAVAILABLE,CURRENT_LISTING_ONLY,KBS_CURRENT_LISTING,CURRENT_500_MATCH,current ticker or security_id matches frozen current 500
1014,KBS:HOSE:CII,CII,HOSE,CTCP Đầu tư Hạ tầng Kỹ thuật Thành phố Hồ Chí Minh,stock,CURRENT_500_EXCLUDED,HOSE,UNAVAILABLE,UNAVAILABLE,HOSE,UNAVAILABLE,CURRENT_LISTING_ONLY,KBS_CURRENT_LISTING,CURRENT_500_MATCH,current ticker or security_id matches frozen current 500
1015,KBS:HOSE:CKG,CKG,HOSE,CTCP Tập đoàn CIC,stock,CURRENT_500_EXCLUDED,HOSE,UNAVAILABLE,UNAVAILABLE,HOSE,UNAVAILABLE,CURRENT_LISTING_ONLY,KBS_CURRENT_LISTING,CURRENT_500_MATCH,current ticker or security_id matches frozen current 500
1016,KBS:HOSE:CLC,CLC,HOSE,CTCP Cát Lợi,stock,CURRENT_500_EXCLUDED,HOSE,UNAVAILABLE,UNAVAILABLE,HOSE,UNAVAILABLE,CURRENT_LISTING_ONLY,KBS_CURRENT_LISTING,CURRENT_500_MATCH,current ticker or security_id matches frozen current 500
1017,KBS:HOSE:CLW,CLW,HOSE,CTCP Cấp nước Chợ Lớn,stock,CURRENT_500_EXCLUDED,HOSE,UNAVAILABLE,UNAVAILABLE,HOSE,UNAVAILABLE,CURRENT_LISTING_ONLY,KBS_CURRENT_LISTING,CURRENT_500_MATCH,current ticker or security_id matches frozen current 500
1018,KBS:HOSE:CMG,CMG,HOSE,CTCP Tập đoàn Công nghệ CMC,stock,IDENTITY_DUPLICATE_EXCLUDED,HOSE,UNAVAILABLE,UNAVAILABLE,HOSE,UNAVAILABLE,CURRENT_LISTING_ONLY,KBS_CURRENT_LISTING,REVIEWED_ALIAS_MATCH,reviewed historical identity interval matches frozen current 500
1019,KBS:HOSE:CMX,CMX,HOSE,CTCP Camimex Group,stock,CURRENT_500_EXCLUDED,HOSE,UNAVAILABLE,UNAVAILABLE,HOSE,UNAVAILABLE,CURRENT_LISTING_ONLY,KBS_CURRENT_LISTING,CURRENT_500_MATCH,current ticker or security_id matches frozen current 500
1020,KBS:HOSE:CRE,CRE,HOSE,CTCP Bất động sản Thế Kỷ,stock,CURRENT_500_EXCLUDED,HOSE,UNAVAILABLE,UNAVAILABLE,HOSE,UNAVAILABLE,CURRENT_LISTING_ONLY,KBS_CURRENT_LISTING,CURRENT_500_MATCH,current ticker or security_id matches frozen current 500
1021,KBS:HOSE:CTD,CTD,HOSE,CTCP Xây dựng Coteccons,stock,CURRENT_500_EXCLUDED,HOSE,UNAVAILABLE,UNAVAILABLE,HOSE,UNAVAILABLE,CURRENT_LISTING_ONLY,KBS_CURRENT_LISTING,CURRENT_500_MATCH,current ticker or security_id matches frozen current 500
1022,KBS:HOSE:CTG,CTG,HOSE,Ngân hàng TMCP Công Thương Việt Nam,stock,IDENTITY_DUPLICATE_EXCLUDED,HOSE,UNAVAILABLE,UNAVAILABLE,HOSE,UNAVAILABLE,CURRENT_LISTING_ONLY,KBS_CURRENT_LISTING,REVIEWED_ALIAS_MATCH,reviewed historical identity interval matches frozen current 500
1023,KBS:HOSE:CTR,CTR,HOSE,Tổng Công ty cổ phần Công trình Viettel,stock,CURRENT_500_EXCLUDED,HOSE,UNAVAILABLE,UNAVAILABLE,HOSE,UNAVAILABLE,CURRENT_LISTING_ONLY,KBS_CURRENT_LISTING,CURRENT_500_MATCH,current ticker or security_id matches frozen current 500
1024,KBS:HOSE:CTS,CTS,HOSE,CTCP Chứng khoán VietinBank,stock,CURRENT_500_EXCLUDED,HOSE,UNAVAILABLE,UNAVAILABLE,HOSE,UNAVAILABLE,CURRENT_LISTING_ONLY,KBS_CURRENT_LISTING,CURRENT_500_MATCH,current ticker or security_id matches frozen current 500
1025,KBS:HOSE:DAH,DAH,HOSE,CTCP Tập đoàn Khách sạn Đông Á,stock,CURRENT_500_EXCLUDED,HOSE,UNAVAILABLE,UNAVAILABLE,HOSE,UNAVAILABLE,CURRENT_LISTING_ONLY,KBS_CURRENT_LISTING,CURRENT_500_MATCH,current ticker or security_id matches frozen current 500
1026,KBS:HOSE:DBC,DBC,HOSE,CTCP Tập đoàn Dabaco Việt Nam,stock,CURRENT_500_EXCLUDED,HOSE,UNAVAILABLE,UNAVAILABLE,HOSE,UNAVAILABLE,CURRENT_LISTING_ONLY,KBS_CURRENT_LISTING,CURRENT_500_MATCH,current ticker or security_id matches frozen current 500
1027,KBS:HOSE:DC4,DC4,HOSE,CTCP DICERA Holdings,stock,CURRENT_500_EXCLUDED,HOSE,UNAVAILABLE,UNAVAILABLE,HOSE,UNAVAILABLE,CURRENT_LISTING_ONLY,KBS_CURRENT_LISTING,CURRENT_500_MATCH,current ticker or security_id matches frozen current 500
1028,KBS:HOSE:DCL,DCL,HOSE,CTCP Dược phẩm Cửu Long,stock,CURRENT_500_EXCLUDED,HOSE,UNAVAILABLE,UNAVAILABLE,HOSE,UNAVAILABLE,CURRENT_LISTING_ONLY,KBS_CURRENT_LISTING,CURRENT_500_MATCH,current ticker or security_id matches frozen current 500
1029,KBS:HOSE:DCM,DCM,HOSE,CTCP - Tổng công ty Phân bón Dầu khí Cà Mau,stock,CURRENT_500_EXCLUDED,HOSE,UNAVAILABLE,UNAVAILABLE,HOSE,UNAVAILABLE,CURRENT_LISTING_ONLY,KBS_CURRENT_LISTING,CURRENT_500_MATCH,current ticker or security_id matches frozen current 500
1030,KBS:HOSE:DGC,DGC,HOSE,CTCP Tập đoàn Hóa chất Đức Giang,stock,CURRENT_500_EXCLUDED,HOSE,UNAVAILABLE,UNAVAILABLE,HOSE,UNAVAILABLE,CURRENT_LISTING_ONLY,KBS_CURRENT_LISTING,CURRENT_500_MATCH,current ticker or security_id matches frozen current 500
1031,KBS:HOSE:DGW,DGW,HOSE,CTCP Thế Giới Số,stock,CURRENT_500_EXCLUDED,HOSE,UNAVAILABLE,UNAVAILABLE,HOSE,UNAVAILABLE,CURRENT_LISTING_ONLY,KBS_CURRENT_LISTING,CURRENT_500_MATCH,current ticker or security_id matches frozen current 500
1032,KBS:HOSE:DHG,DHG,HOSE,CTCP Dược Hậu Giang,stock,IDENTITY_DUPLICATE_EXCLUDED,HOSE,UNAVAILABLE,UNAVAILABLE,HOSE,UNAVAILABLE,CURRENT_LISTING_ONLY,KBS_CURRENT_LISTING,REVIEWED_ALIAS_MATCH,reviewed historical identity interval matches frozen current 500
1033,KBS:HOSE:DMC,DMC,HOSE,CTCP Xuất nhập khẩu Y Tế DOMESCO,stock,CURRENT_500_EXCLUDED,HOSE,UNAVAILABLE,UNAVAILABLE,HOSE,UNAVAILABLE,CURRENT_LISTING_ONLY,KBS_CURRENT_LISTING,CURRENT_500_MATCH,current ticker or security_id matches frozen current 500
1034,KBS:HOSE:DPM,DPM,HOSE,Tổng công ty Phân bón và Hóa chất Dầu khí - CTCP,stock,IDENTITY_DUPLICATE_EXCLUDED,HOSE,UNAVAILABLE,UNAVAILABLE,HOSE,UNAVAILABLE,CURRENT_LISTING_ONLY,KBS_CURRENT_LISTING,REVIEWED_ALIAS_MATCH,reviewed historical identity interval matches frozen current 500
1035,KBS:HOSE:DTA,DTA,HOSE,CTCP Đệ Tam,stock,CURRENT_500_EXCLUDED,HOSE,UNAVAILABLE,UNAVAILABLE,HOSE,UNAVAILABLE,CURRENT_LISTING_ONLY,KBS_CURRENT_LISTING,CURRENT_500_MATCH,current ticker or security_id matches frozen current 500
1036,KBS:HOSE:DTT,DTT,HOSE,CTCP Kỹ nghệ Đô Thành,stock,CURRENT_500_EXCLUDED,HOSE,UNAVAILABLE,UNAVAILABLE,HOSE,UNAVAILABLE,CURRENT_LISTING_ONLY,KBS_CURRENT_LISTING,CURRENT_500_MATCH,current ticker or security_id matches frozen current 500
1037,KBS:HOSE:DVP,DVP,HOSE,CTCP Đầu tư và Phát triển Cảng Đình Vũ,stock,CURRENT_500_EXCLUDED,HOSE,UNAVAILABLE,UNAVAILABLE,HOSE,UNAVAILABLE,CURRENT_LISTING_ONLY,KBS_CURRENT_LISTING,CURRENT_500_MATCH,current ticker or security_id matches frozen current 500
1038,KBS:HOSE:ELC,ELC,HOSE,CTCP Công Nghệ - Viễn Thông Elcom,stock,CURRENT_500_EXCLUDED,HOSE,UNAVAILABLE,UNAVAILABLE,HOSE,UNAVAILABLE,CURRENT_LISTING_ONLY,KBS_CURRENT_LISTING,CURRENT_500_MATCH,current ticker or security_id matches frozen current 500
1039,KBS:HOSE:EVE,EVE,HOSE,CTCP Everpia,stock,CURRENT_500_EXCLUDED,HOSE,UNAVAILABLE,UNAVAILABLE,HOSE,UNAVAILABLE,CURRENT_LISTING_ONLY,KBS_CURRENT_LISTING,CURRENT_500_MATCH,current ticker or security_id matches frozen current 500
1040,KBS:HOSE:EVF,EVF,HOSE,Công ty Tài chính Tổng hợp Cổ phần Điện lực,stock,CURRENT_500_EXCLUDED,HOSE,UNAVAILABLE,UNAVAILABLE,HOSE,UNAVAILABLE,CURRENT_LISTING_ONLY,KBS_CURRENT_LISTING,CURRENT_500_MATCH,current ticker or security_id matches frozen current 500
1041,KBS:HOSE:FDC,FDC,HOSE,CTCP Ngoại thương và Phát triển Đầu tư Thành phố Hồ Chí Minh,stock,CURRENT_500_EXCLUDED,HOSE,UNAVAILABLE,UNAVAILABLE,HOSE,UNAVAILABLE,CURRENT_LISTING_ONLY,KBS_CURRENT_LISTING,CURRENT_500_MATCH,current ticker or security_id matches frozen current 500
1042,KBS:HOSE:FIR,FIR,HOSE,CTCP Địa ốc First Real,stock,CURRENT_500_EXCLUDED,HOSE,UNAVAILABLE,UNAVAILABLE,HOSE,UNAVAILABLE,CURRENT_LISTING_ONLY,KBS_CURRENT_LISTING,CURRENT_500_MATCH,current ticker or security_id matches frozen current 500
1043,KBS:HOSE:FIT,FIT,HOSE,CTCP Tập đoàn F.I.T,stock,CURRENT_500_EXCLUDED,HOSE,UNAVAILABLE,UNAVAILABLE,HOSE,UNAVAILABLE,CURRENT_LISTING_ONLY,KBS_CURRENT_LISTING,CURRENT_500_MATCH,current ticker or security_id matches frozen current 500
1044,KBS:HOSE:FMC,FMC,HOSE,CTCP Thực phẩm Sao Ta,stock,CURRENT_500_EXCLUDED,HOSE,UNAVAILABLE,UNAVAILABLE,HOSE,UNAVAILABLE,CURRENT_LISTING_ONLY,KBS_CURRENT_LISTING,CURRENT_500_MATCH,current ticker or security_id matches frozen current 500
1045,KBS:HOSE:FPT,FPT,HOSE,CTCP FPT,stock,CURRENT_500_EXCLUDED,HOSE,UNAVAILABLE,UNAVAILABLE,HOSE,UNAVAILABLE,CURRENT_LISTING_ONLY,KBS_CURRENT_LISTING,CURRENT_500_MATCH,current ticker or security_id matches frozen current 500
1046,KBS:HOSE:FRT,FRT,HOSE,CTCP Bán lẻ Kỹ thuật số FPT,stock,CURRENT_500_EXCLUDED,HOSE,UNAVAILABLE,UNAVAILABLE,HOSE,UNAVAILABLE,CURRENT_LISTING_ONLY,KBS_CURRENT_LISTING,CURRENT_500_MATCH,current ticker or security_id matches frozen current 500
1047,KBS:HOSE:GAS,GAS,HOSE,Tổng Công ty Khí Việt Nam - CTCP,stock,CURRENT_500_EXCLUDED,HOSE,UNAVAILABLE,UNAVAILABLE,HOSE,UNAVAILABLE,CURRENT_LISTING_ONLY,KBS_CURRENT_LISTING,CURRENT_500_MATCH,current ticker or security_id matches frozen current 500
1048,KBS:HOSE:GDT,GDT,HOSE,CTCP Chế biến Gỗ Đức Thành,stock,CURRENT_500_EXCLUDED,HOSE,UNAVAILABLE,UNAVAILABLE,HOSE,UNAVAILABLE,CURRENT_LISTING_ONLY,KBS_CURRENT_LISTING,CURRENT_500_MATCH,current ticker or security_id matches frozen current 500
1049,KBS:HOSE:GEG,GEG,HOSE,CTCP Điện Gia Lai,stock,CURRENT_500_EXCLUDED,HOSE,UNAVAILABLE,UNAVAILABLE,HOSE,UNAVAILABLE,CURRENT_LISTING_ONLY,KBS_CURRENT_LISTING,CURRENT_500_MATCH,current ticker or security_id matches frozen current 500
1050,KBS:HOSE:GEX,GEX,HOSE,CTCP Tập đoàn GELEX,stock,IDENTITY_DUPLICATE_EXCLUDED,HOSE,UNAVAILABLE,UNAVAILABLE,HOSE,UNAVAILABLE,CURRENT_LISTING_ONLY,KBS_CURRENT_LISTING,REVIEWED_ALIAS_MATCH,reviewed historical identity interval matches frozen current 500
1051,KBS:HOSE:GHC,GHC,HOSE,CTCP Thủy điện Gia Lai,stock,CURRENT_500_EXCLUDED,HOSE,UNAVAILABLE,UNAVAILABLE,HOSE,UNAVAILABLE,CURRENT_LISTING_ONLY,KBS_CURRENT_LISTING,CURRENT_500_MATCH,current ticker or security_id matches frozen current 500
1052,KBS:HOSE:GMD,GMD,HOSE,CTCP Tập đoàn Gemadept,stock,CURRENT_500_EXCLUDED,HOSE,UNAVAILABLE,UNAVAILABLE,HOSE,UNAVAILABLE,CURRENT_LISTING_ONLY,KBS_CURRENT_LISTING,CURRENT_500_MATCH,current ticker or security_id matches frozen current 500
1053,KBS:HOSE:GMH,GMH,HOSE,CTCP Minh Hưng Quảng Trị,stock,CURRENT_500_EXCLUDED,HOSE,UNAVAILABLE,UNAVAILABLE,HOSE,UNAVAILABLE,CURRENT_LISTING_ONLY,KBS_CURRENT_LISTING,CURRENT_500_MATCH,current ticker or security_id matches frozen current 500
1054,KBS:HOSE:GTA,GTA,HOSE,CTCP Chế biến gỗ Thuận An,stock,CURRENT_500_EXCLUDED,HOSE,UNAVAILABLE,UNAVAILABLE,HOSE,UNAVAILABLE,CURRENT_LISTING_ONLY,KBS_CURRENT_LISTING,CURRENT_500_MATCH,current ticker or security_id matches frozen current 500
1055,KBS:HOSE:GVR,GVR,HOSE,Tập đoàn Công nghiệp Cao su Việt Nam - CTCP,stock,IDENTITY_DUPLICATE_EXCLUDED,HOSE,UNAVAILABLE,UNAVAILABLE,HOSE,UNAVAILABLE,CURRENT_LISTING_ONLY,KBS_CURRENT_LISTING,REVIEWED_ALIAS_MATCH,reviewed historical identity interval matches frozen current 500
1056,KBS:HOSE:HAH,HAH,HOSE,CTCP Vận tải và Xếp dỡ Hải An,stock,IDENTITY_DUPLICATE_EXCLUDED,HOSE,UNAVAILABLE,UNAVAILABLE,HOSE,UNAVAILABLE,CURRENT_LISTING_ONLY,KBS_CURRENT_LISTING,REVIEWED_ALIAS_MATCH,reviewed historical identity interval matches frozen current 500
1057,KBS:HOSE:HAR,HAR,HOSE,CTCP Đầu tư Thương mại Bất động sản An Dương Thảo Điền,stock,CURRENT_500_EXCLUDED,HOSE,UNAVAILABLE,UNAVAILABLE,HOSE,UNAVAILABLE,CURRENT_LISTING_ONLY,KBS_CURRENT_LISTING,CURRENT_500_MATCH,current ticker or security_id matches frozen current 500
1058,KBS:HOSE:HAS,HAS,HOSE,CTCP Hacisco,stock,CURRENT_500_EXCLUDED,HOSE,UNAVAILABLE,UNAVAILABLE,HOSE,UNAVAILABLE,CURRENT_LISTING_ONLY,KBS_CURRENT_LISTING,CURRENT_500_MATCH,current ticker or security_id matches frozen current 500
1059,KBS:HOSE:HAX,HAX,HOSE,CTCP Dịch vụ Ô tô Hàng Xanh,stock,CURRENT_500_EXCLUDED,HOSE,UNAVAILABLE,UNAVAILABLE,HOSE,UNAVAILABLE,CURRENT_LISTING_ONLY,KBS_CURRENT_LISTING,CURRENT_500_MATCH,current ticker or security_id matches frozen current 500
1060,KBS:HOSE:HCM,HCM,HOSE,CTCP Chứng khoán Thành phố Hồ Chí Minh,stock,CURRENT_500_EXCLUDED,HOSE,UNAVAILABLE,UNAVAILABLE,HOSE,UNAVAILABLE,CURRENT_LISTING_ONLY,KBS_CURRENT_LISTING,CURRENT_500_MATCH,current ticker or security_id matches frozen current 500
1061,KBS:HOSE:HDB,HDB,HOSE,Ngân hàng TMCP Phát triển Thành phố Hồ Chí Minh,stock,IDENTITY_DUPLICATE_EXCLUDED,HOSE,UNAVAILABLE,UNAVAILABLE,HOSE,UNAVAILABLE,CURRENT_LISTING_ONLY,KBS_CURRENT_LISTING,REVIEWED_ALIAS_MATCH,reviewed historical identity interval matches frozen current 500
1062,KBS:HOSE:HDC,HDC,HOSE,CTCP Phát triển Nhà Bà Rịa - Vũng Tàu,stock,CURRENT_500_EXCLUDED,HOSE,UNAVAILABLE,UNAVAILABLE,HOSE,UNAVAILABLE,CURRENT_LISTING_ONLY,KBS_CURRENT_LISTING,CURRENT_500_MATCH,current ticker or security_id matches frozen current 500
1063,KBS:HOSE:HHP,HHP,HOSE,CTCP HHP Global,stock,CURRENT_500_EXCLUDED,HOSE,UNAVAILABLE,UNAVAILABLE,HOSE,UNAVAILABLE,CURRENT_LISTING_ONLY,KBS_CURRENT_LISTING,CURRENT_500_MATCH,current ticker or security_id matches frozen current 500
1064,KBS:HOSE:HHV,HHV,HOSE,CTCP Đầu tư Hạ tầng Giao thông Đèo Cả,stock,CURRENT_500_EXCLUDED,HOSE,UNAVAILABLE,UNAVAILABLE,HOSE,UNAVAILABLE,CURRENT_LISTING_ONLY,KBS_CURRENT_LISTING,CURRENT_500_MATCH,current ticker or security_id matches frozen current 500
1065,KBS:HOSE:HID,HID,HOSE,CTCP Halcom Việt Nam,stock,CURRENT_500_EXCLUDED,HOSE,UNAVAILABLE,UNAVAILABLE,HOSE,UNAVAILABLE,CURRENT_LISTING_ONLY,KBS_CURRENT_LISTING,CURRENT_500_MATCH,current ticker or security_id matches frozen current 500
1066,KBS:HOSE:HPG,HPG,HOSE,CTCP Tập đoàn Hòa Phát,stock,IDENTITY_DUPLICATE_EXCLUDED,HOSE,UNAVAILABLE,UNAVAILABLE,HOSE,UNAVAILABLE,CURRENT_LISTING_ONLY,KBS_CURRENT_LISTING,REVIEWED_ALIAS_MATCH,reviewed historical identity interval matches frozen current 500
1067,KBS:HOSE:HQC,HQC,HOSE,CTCP Tư vấn Thương mại Dịch vụ Địa Ốc Hoàng Quân,stock,CURRENT_500_EXCLUDED,HOSE,UNAVAILABLE,UNAVAILABLE,HOSE,UNAVAILABLE,CURRENT_LISTING_ONLY,KBS_CURRENT_LISTING,CURRENT_500_MATCH,current ticker or security_id matches frozen current 500
1068,KBS:HOSE:HRC,HRC,HOSE,CTCP Cao su Hòa Bình,stock,CURRENT_500_EXCLUDED,HOSE,UNAVAILABLE,UNAVAILABLE,HOSE,UNAVAILABLE,CURRENT_LISTING_ONLY,KBS_CURRENT_LISTING,CURRENT_500_MATCH,current ticker or security_id matches frozen current 500
1069,KBS:HOSE:HTG,HTG,HOSE,Tổng Công ty cổ phần Dệt may Hòa Thọ,stock,CURRENT_500_EXCLUDED,HOSE,UNAVAILABLE,UNAVAILABLE,HOSE,UNAVAILABLE,CURRENT_LISTING_ONLY,KBS_CURRENT_LISTING,CURRENT_500_MATCH,current ticker or security_id matches frozen current 500
1070,KBS:HOSE:HTN,HTN,HOSE,CTCP Hưng Thịnh Incons,stock,CURRENT_500_EXCLUDED,HOSE,UNAVAILABLE,UNAVAILABLE,HOSE,UNAVAILABLE,CURRENT_LISTING_ONLY,KBS_CURRENT_LISTING,CURRENT_500_MATCH,current ticker or security_id matches frozen current 500
1071,KBS:HOSE:HTV,HTV,HOSE,CTCP Logistics Vicem,stock,CURRENT_500_EXCLUDED,HOSE,UNAVAILABLE,UNAVAILABLE,HOSE,UNAVAILABLE,CURRENT_LISTING_ONLY,KBS_CURRENT_LISTING,CURRENT_500_MATCH,current ticker or security_id matches frozen current 500
1072,KBS:HOSE:HU1,HU1,HOSE,CTCP Đầu tư và Xây dựng HUD1,stock,CURRENT_500_EXCLUDED,HOSE,UNAVAILABLE,UNAVAILABLE,HOSE,UNAVAILABLE,CURRENT_LISTING_ONLY,KBS_CURRENT_LISTING,CURRENT_500_MATCH,current ticker or security_id matches frozen current 500
1073,KBS:HOSE:HUB,HUB,HOSE,CTCP Xây lắp Thừa Thiên Huế,stock,CURRENT_500_EXCLUDED,HOSE,UNAVAILABLE,UNAVAILABLE,HOSE,UNAVAILABLE,CURRENT_LISTING_ONLY,KBS_CURRENT_LISTING,CURRENT_500_MATCH,current ticker or security_id matches frozen current 500
1074,KBS:HOSE:IMP,IMP,HOSE,CTCP Dược phẩm Imexpharm,stock,IDENTITY_DUPLICATE_EXCLUDED,HOSE,UNAVAILABLE,UNAVAILABLE,HOSE,UNAVAILABLE,CURRENT_LISTING_ONLY,KBS_CURRENT_LISTING,REVIEWED_ALIAS_MATCH,reviewed historical identity interval matches frozen current 500
1075,KBS:HOSE:ITC,ITC,HOSE,CTCP Đầu tư và Kinh doanh Nhà,stock,CURRENT_500_EXCLUDED,HOSE,UNAVAILABLE,UNAVAILABLE,HOSE,UNAVAILABLE,CURRENT_LISTING_ONLY,KBS_CURRENT_LISTING,CURRENT_500_MATCH,current ticker or security_id matches frozen current 500
1076,KBS:HOSE:ITD,ITD,HOSE,CTCP Công nghệ ITD,stock,CURRENT_500_EXCLUDED,HOSE,UNAVAILABLE,UNAVAILABLE,HOSE,UNAVAILABLE,CURRENT_LISTING_ONLY,KBS_CURRENT_LISTING,CURRENT_500_MATCH,current ticker or security_id matches frozen current 500
1077,KBS:HOSE:JVC,JVC,HOSE,CTCP Đầu tư và Phát triển Y tế Việt Nhật,stock,CURRENT_500_EXCLUDED,HOSE,UNAVAILABLE,UNAVAILABLE,HOSE,UNAVAILABLE,CURRENT_LISTING_ONLY,KBS_CURRENT_LISTING,CURRENT_500_MATCH,current ticker or security_id matches frozen current 500
1078,KBS:HOSE:KBC,KBC,HOSE,Tổng Công ty Phát triển Đô thị Kinh Bắc - CTCP,stock,CURRENT_500_EXCLUDED,HOSE,UNAVAILABLE,UNAVAILABLE,HOSE,UNAVAILABLE,CURRENT_LISTING_ONLY,KBS_CURRENT_LISTING,CURRENT_500_MATCH,current ticker or security_id matches frozen current 500
1079,KBS:HOSE:KDH,KDH,HOSE,CTCP Đầu tư và Kinh doanh Nhà Khang Điền,stock,CURRENT_500_EXCLUDED,HOSE,UNAVAILABLE,UNAVAILABLE,HOSE,UNAVAILABLE,CURRENT_LISTING_ONLY,KBS_CURRENT_LISTING,CURRENT_500_MATCH,current ticker or security_id matches frozen current 500
1080,KBS:HOSE:KHP,KHP,HOSE,CTCP Điện lực Khánh Hòa,stock,CURRENT_500_EXCLUDED,HOSE,UNAVAILABLE,UNAVAILABLE,HOSE,UNAVAILABLE,CURRENT_LISTING_ONLY,KBS_CURRENT_LISTING,CURRENT_500_MATCH,current ticker or security_id matches frozen current 500
1081,KBS:HOSE:KLB,KLB,HOSE,Ngân hàng TMCP Kiên Long,stock,CURRENT_500_EXCLUDED,HOSE,UNAVAILABLE,UNAVAILABLE,HOSE,UNAVAILABLE,CURRENT_LISTING_ONLY,KBS_CURRENT_LISTING,CURRENT_500_MATCH,current ticker or security_id matches frozen current 500
1082,KBS:HOSE:KMR,KMR,HOSE,CTCP Mirae,stock,CURRENT_500_EXCLUDED,HOSE,UNAVAILABLE,UNAVAILABLE,HOSE,UNAVAILABLE,CURRENT_LISTING_ONLY,KBS_CURRENT_LISTING,CURRENT_500_MATCH,current ticker or security_id matches frozen current 500
1083,KBS:HOSE:KSB,KSB,HOSE,CTCP Khoáng sản và Xây dựng Bình Dương,stock,CURRENT_500_EXCLUDED,HOSE,UNAVAILABLE,UNAVAILABLE,HOSE,UNAVAILABLE,CURRENT_LISTING_ONLY,KBS_CURRENT_LISTING,CURRENT_500_MATCH,current ticker or security_id matches frozen current 500
1084,KBS:HOSE:L10,L10,HOSE,CTCP Lilama 10,stock,CURRENT_500_EXCLUDED,HOSE,UNAVAILABLE,UNAVAILABLE,HOSE,UNAVAILABLE,CURRENT_LISTING_ONLY,KBS_CURRENT_LISTING,CURRENT_500_MATCH,current ticker or security_id matches frozen current 500
1085,KBS:HOSE:LAF,LAF,HOSE,CTCP Chế biến hàng Xuất khẩu Long An,stock,CURRENT_500_EXCLUDED,HOSE,UNAVAILABLE,UNAVAILABLE,HOSE,UNAVAILABLE,CURRENT_LISTING_ONLY,KBS_CURRENT_LISTING,CURRENT_500_MATCH,current ticker or security_id matches frozen current 500
1086,KBS:HOSE:LDG,LDG,HOSE,CTCP Đầu tư LDG,stock,CURRENT_500_EXCLUDED,HOSE,UNAVAILABLE,UNAVAILABLE,HOSE,UNAVAILABLE,CURRENT_LISTING_ONLY,KBS_CURRENT_LISTING,CURRENT_500_MATCH,current ticker or security_id matches frozen current 500
1087,KBS:HOSE:LGL,LGL,HOSE,CTCP Đầu tư và Phát triển Đô thị Long Giang,stock,CURRENT_500_EXCLUDED,HOSE,UNAVAILABLE,UNAVAILABLE,HOSE,UNAVAILABLE,CURRENT_LISTING_ONLY,KBS_CURRENT_LISTING,CURRENT_500_MATCH,current ticker or security_id matches frozen current 500
1088,KBS:HOSE:LHG,LHG,HOSE,CTCP Long Hậu,stock,CURRENT_500_EXCLUDED,HOSE,UNAVAILABLE,UNAVAILABLE,HOSE,UNAVAILABLE,CURRENT_LISTING_ONLY,KBS_CURRENT_LISTING,CURRENT_500_MATCH,current ticker or security_id matches frozen current 500
1089,KBS:HOSE:LIX,LIX,HOSE,CTCP Bột Giặt Lix,stock,CURRENT_500_EXCLUDED,HOSE,UNAVAILABLE,UNAVAILABLE,HOSE,UNAVAILABLE,CURRENT_LISTING_ONLY,KBS_CURRENT_LISTING,CURRENT_500_MATCH,current ticker or security_id matches frozen current 500
1090,KBS:HOSE:LM8,LM8,HOSE,CTCP Lilama 18,stock,CURRENT_500_EXCLUDED,HOSE,UNAVAILABLE,UNAVAILABLE,HOSE,UNAVAILABLE,CURRENT_LISTING_ONLY,KBS_CURRENT_LISTING,CURRENT_500_MATCH,current ticker or security_id matches frozen current 500
1091,KBS:HOSE:LPB,LPB,HOSE,Ngân hàng TMCP Lộc Phát Việt Nam,stock,CURRENT_500_EXCLUDED,HOSE,UNAVAILABLE,UNAVAILABLE,HOSE,UNAVAILABLE,CURRENT_LISTING_ONLY,KBS_CURRENT_LISTING,CURRENT_500_MATCH,current ticker or security_id matches frozen current 500
1092,KBS:HOSE:LSS,LSS,HOSE,CTCP Mía Đường Lam Sơn,stock,CURRENT_500_EXCLUDED,HOSE,UNAVAILABLE,UNAVAILABLE,HOSE,UNAVAILABLE,CURRENT_LISTING_ONLY,KBS_CURRENT_LISTING,CURRENT_500_MATCH,current ticker or security_id matches frozen current 500
1093,KBS:HOSE:MBB,MBB,HOSE,Ngân hàng TMCP Quân đội,stock,CURRENT_500_EXCLUDED,HOSE,UNAVAILABLE,UNAVAILABLE,HOSE,UNAVAILABLE,CURRENT_LISTING_ONLY,KBS_CURRENT_LISTING,CURRENT_500_MATCH,current ticker or security_id matches frozen current 500
1094,KBS:HOSE:MCH,MCH,HOSE,CTCP Hàng tiêu dùng Masan,stock,CURRENT_500_EXCLUDED,HOSE,UNAVAILABLE,UNAVAILABLE,HOSE,UNAVAILABLE,CURRENT_LISTING_ONLY,KBS_CURRENT_LISTING,CURRENT_500_MATCH,current ticker or security_id matches frozen current 500
1095,KBS:HOSE:MCM,MCM,HOSE,CTCP Giống Bò sữa Mộc Châu,stock,CURRENT_500_EXCLUDED,HOSE,UNAVAILABLE,UNAVAILABLE,HOSE,UNAVAILABLE,CURRENT_LISTING_ONLY,KBS_CURRENT_LISTING,CURRENT_500_MATCH,current ticker or security_id matches frozen current 500
1096,KBS:HOSE:MCP,MCP,HOSE,CTCP In và Bao bì Mỹ Châu,stock,CURRENT_500_EXCLUDED,HOSE,UNAVAILABLE,UNAVAILABLE,HOSE,UNAVAILABLE,CURRENT_LISTING_ONLY,KBS_CURRENT_LISTING,CURRENT_500_MATCH,current ticker or security_id matches frozen current 500
1097,KBS:HOSE:MSH,MSH,HOSE,CTCP May Sông Hồng,stock,CURRENT_500_EXCLUDED,HOSE,UNAVAILABLE,UNAVAILABLE,HOSE,UNAVAILABLE,CURRENT_LISTING_ONLY,KBS_CURRENT_LISTING,CURRENT_500_MATCH,current ticker or security_id matches frozen current 500
1098,KBS:HOSE:MSN,MSN,HOSE,CTCP Tập đoàn Masan,stock,IDENTITY_DUPLICATE_EXCLUDED,HOSE,UNAVAILABLE,UNAVAILABLE,HOSE,UNAVAILABLE,CURRENT_LISTING_ONLY,KBS_CURRENT_LISTING,REVIEWED_ALIAS_MATCH,reviewed historical identity interval matches frozen current 500
1099,KBS:HOSE:MWG,MWG,HOSE,CTCP Đầu tư Thế giới Di động,stock,CURRENT_500_EXCLUDED,HOSE,UNAVAILABLE,UNAVAILABLE,HOSE,UNAVAILABLE,CURRENT_LISTING_ONLY,KBS_CURRENT_LISTING,CURRENT_500_MATCH,current ticker or security_id matches frozen current 500
1100,KBS:HOSE:NAF,NAF,HOSE,CTCP Nafoods Group,stock,CURRENT_500_EXCLUDED,HOSE,UNAVAILABLE,UNAVAILABLE,HOSE,UNAVAILABLE,CURRENT_LISTING_ONLY,KBS_CURRENT_LISTING,CURRENT_500_MATCH,current ticker or security_id matches frozen current 500
1101,KBS:HOSE:NAV,NAV,HOSE,CTCP Nam Việt,stock,CURRENT_500_EXCLUDED,HOSE,UNAVAILABLE,UNAVAILABLE,HOSE,UNAVAILABLE,CURRENT_LISTING_ONLY,KBS_CURRENT_LISTING,CURRENT_500_MATCH,current ticker or security_id matches frozen current 500
1102,KBS:HOSE:NNC,NNC,HOSE,CTCP Đá Núi Nhỏ,stock,CURRENT_500_EXCLUDED,HOSE,UNAVAILABLE,UNAVAILABLE,HOSE,UNAVAILABLE,CURRENT_LISTING_ONLY,KBS_CURRENT_LISTING,CURRENT_500_MATCH,current ticker or security_id matches frozen current 500
1103,KBS:HOSE:NO1,NO1,HOSE,CTCP Tập đoàn 911,stock,CURRENT_500_EXCLUDED,HOSE,UNAVAILABLE,UNAVAILABLE,HOSE,UNAVAILABLE,CURRENT_LISTING_ONLY,KBS_CURRENT_LISTING,CURRENT_500_MATCH,current ticker or security_id matches frozen current 500
1104,KBS:HOSE:NT2,NT2,HOSE,CTCP Điện lực Dầu khí Nhơn Trạch 2,stock,IDENTITY_DUPLICATE_EXCLUDED,HOSE,UNAVAILABLE,UNAVAILABLE,HOSE,UNAVAILABLE,CURRENT_LISTING_ONLY,KBS_CURRENT_LISTING,REVIEWED_ALIAS_MATCH,reviewed historical identity interval matches frozen current 500
1105,KBS:HOSE:NTC,NTC,HOSE,CTCP Khu Công nghiệp Nam Tân Uyên,stock,CURRENT_500_EXCLUDED,HOSE,UNAVAILABLE,UNAVAILABLE,HOSE,UNAVAILABLE,CURRENT_LISTING_ONLY,KBS_CURRENT_LISTING,CURRENT_500_MATCH,current ticker or security_id matches frozen current 500
1106,KBS:HOSE:OCB,OCB,HOSE,Ngân hàng TMCP Phương Đông,stock,CURRENT_500_EXCLUDED,HOSE,UNAVAILABLE,UNAVAILABLE,HOSE,UNAVAILABLE,CURRENT_LISTING_ONLY,KBS_CURRENT_LISTING,CURRENT_500_MATCH,current ticker or security_id matches frozen current 500
1107,KBS:HOSE:PAC,PAC,HOSE,CTCP Pin Ắc quy Miền Nam,stock,CURRENT_500_EXCLUDED,HOSE,UNAVAILABLE,UNAVAILABLE,HOSE,UNAVAILABLE,CURRENT_LISTING_ONLY,KBS_CURRENT_LISTING,CURRENT_500_MATCH,current ticker or security_id matches frozen current 500
1108,KBS:HOSE:PDN,PDN,HOSE,CTCP Cảng Đồng Nai,stock,CURRENT_500_EXCLUDED,HOSE,UNAVAILABLE,UNAVAILABLE,HOSE,UNAVAILABLE,CURRENT_LISTING_ONLY,KBS_CURRENT_LISTING,CURRENT_500_MATCH,current ticker or security_id matches frozen current 500
1109,KBS:HOSE:PDV,PDV,HOSE,CTCP Vận Tải Và Tiếp Vận Phương Đông Việt,stock,CURRENT_500_EXCLUDED,HOSE,UNAVAILABLE,UNAVAILABLE,HOSE,UNAVAILABLE,CURRENT_LISTING_ONLY,KBS_CURRENT_LISTING,CURRENT_500_MATCH,current ticker or security_id matches frozen current 500
1110,KBS:HOSE:PGI,PGI,HOSE,Tổng Công ty cổ phần Bảo hiểm Petrolimex,stock,CURRENT_500_EXCLUDED,HOSE,UNAVAILABLE,UNAVAILABLE,HOSE,UNAVAILABLE,CURRENT_LISTING_ONLY,KBS_CURRENT_LISTING,CURRENT_500_MATCH,current ticker or security_id matches frozen current 500
1111,KBS:HOSE:PGV,PGV,HOSE,Tổng Công ty Phát điện 3 - CTCP,stock,CURRENT_500_EXCLUDED,HOSE,UNAVAILABLE,UNAVAILABLE,HOSE,UNAVAILABLE,CURRENT_LISTING_ONLY,KBS_CURRENT_LISTING,CURRENT_500_MATCH,current ticker or security_id matches frozen current 500
1112,KBS:HOSE:PHR,PHR,HOSE,CTCP Cao su Phước Hòa,stock,CURRENT_500_EXCLUDED,HOSE,UNAVAILABLE,UNAVAILABLE,HOSE,UNAVAILABLE,CURRENT_LISTING_ONLY,KBS_CURRENT_LISTING,CURRENT_500_MATCH,current ticker or security_id matches frozen current 500
1113,KBS:HOSE:PIT,PIT,HOSE,CTCP Xuất nhập khẩu Petrolimex,stock,CURRENT_500_EXCLUDED,HOSE,UNAVAILABLE,UNAVAILABLE,HOSE,UNAVAILABLE,CURRENT_LISTING_ONLY,KBS_CURRENT_LISTING,CURRENT_500_MATCH,current ticker or security_id matches frozen current 500
1114,KBS:HOSE:PLP,PLP,HOSE,CTCP Sản xuất và Công nghệ Nhựa Pha Lê,stock,CURRENT_500_EXCLUDED,HOSE,UNAVAILABLE,UNAVAILABLE,HOSE,UNAVAILABLE,CURRENT_LISTING_ONLY,KBS_CURRENT_LISTING,CURRENT_500_MATCH,current ticker or security_id matches frozen current 500
1115,KBS:HOSE:PLX,PLX,HOSE,Tập đoàn Xăng Dầu Việt Nam,stock,CURRENT_500_EXCLUDED,HOSE,UNAVAILABLE,UNAVAILABLE,HOSE,UNAVAILABLE,CURRENT_LISTING_ONLY,KBS_CURRENT_LISTING,CURRENT_500_MATCH,current ticker or security_id matches frozen current 500
1116,KBS:HOSE:PNJ,PNJ,HOSE,CTCP Vàng bạc Đá quý Phú Nhuận,stock,CURRENT_500_EXCLUDED,HOSE,UNAVAILABLE,UNAVAILABLE,HOSE,UNAVAILABLE,CURRENT_LISTING_ONLY,KBS_CURRENT_LISTING,CURRENT_500_MATCH,current ticker or security_id matches frozen current 500
1117,KBS:HOSE:POW,POW,HOSE,Tổng Công ty Điện lực Dầu khí Việt Nam - CTCP,stock,IDENTITY_DUPLICATE_EXCLUDED,HOSE,UNAVAILABLE,UNAVAILABLE,HOSE,UNAVAILABLE,CURRENT_LISTING_ONLY,KBS_CURRENT_LISTING,REVIEWED_ALIAS_MATCH,reviewed historical identity interval matches frozen current 500
1118,KBS:HOSE:PTL,PTL,HOSE,CTCP Victory Group,stock,CURRENT_500_EXCLUDED,HOSE,UNAVAILABLE,UNAVAILABLE,HOSE,UNAVAILABLE,CURRENT_LISTING_ONLY,KBS_CURRENT_LISTING,CURRENT_500_MATCH,current ticker or security_id matches frozen current 500
1119,KBS:HOSE:PVD,PVD,HOSE,Tổng Công ty cổ phần Khoan và Dịch vụ khoan Dầu khí,stock,IDENTITY_DUPLICATE_EXCLUDED,HOSE,UNAVAILABLE,UNAVAILABLE,HOSE,UNAVAILABLE,CURRENT_LISTING_ONLY,KBS_CURRENT_LISTING,REVIEWED_ALIAS_MATCH,reviewed historical identity interval matches frozen current 500
1120,KBS:HOSE:PVP,PVP,HOSE,CTCP Vận tải Dầu khí Thái Bình Dương,stock,CURRENT_500_EXCLUDED,HOSE,UNAVAILABLE,UNAVAILABLE,HOSE,UNAVAILABLE,CURRENT_LISTING_ONLY,KBS_CURRENT_LISTING,CURRENT_500_MATCH,current ticker or security_id matches frozen current 500
1121,KBS:HOSE:QCG,QCG,HOSE,CTCP Quốc Cường Gia Lai,stock,CURRENT_500_EXCLUDED,HOSE,UNAVAILABLE,UNAVAILABLE,HOSE,UNAVAILABLE,CURRENT_LISTING_ONLY,KBS_CURRENT_LISTING,CURRENT_500_MATCH,current ticker or security_id matches frozen current 500
1122,KBS:HOSE:REE,REE,HOSE,CTCP Cơ Điện Lạnh,stock,IDENTITY_DUPLICATE_EXCLUDED,HOSE,UNAVAILABLE,UNAVAILABLE,HOSE,UNAVAILABLE,CURRENT_LISTING_ONLY,KBS_CURRENT_LISTING,REVIEWED_ALIAS_MATCH,reviewed historical identity interval matches frozen current 500
1123,KBS:HOSE:S4A,S4A,HOSE,CTCP Thủy điện Sê San 4A,stock,CURRENT_500_EXCLUDED,HOSE,UNAVAILABLE,UNAVAILABLE,HOSE,UNAVAILABLE,CURRENT_LISTING_ONLY,KBS_CURRENT_LISTING,CURRENT_500_MATCH,current ticker or security_id matches frozen current 500
1124,KBS:HOSE:SAB,SAB,HOSE,Tổng Công ty cổ phần Bia - Rượu - Nước giải khát Sài Gòn,stock,CURRENT_500_EXCLUDED,HOSE,UNAVAILABLE,UNAVAILABLE,HOSE,UNAVAILABLE,CURRENT_LISTING_ONLY,KBS_CURRENT_LISTING,CURRENT_500_MATCH,current ticker or security_id matches frozen current 500
1125,KBS:HOSE:SAV,SAV,HOSE,CTCP Hợp tác Kinh tế và Xuất nhập khẩu Savimex,stock,CURRENT_500_EXCLUDED,HOSE,UNAVAILABLE,UNAVAILABLE,HOSE,UNAVAILABLE,CURRENT_LISTING_ONLY,KBS_CURRENT_LISTING,CURRENT_500_MATCH,current ticker or security_id matches frozen current 500
1126,KBS:HOSE:SBV,SBV,HOSE,CTCP Siam Brothers Việt Nam,stock,CURRENT_500_EXCLUDED,HOSE,UNAVAILABLE,UNAVAILABLE,HOSE,UNAVAILABLE,CURRENT_LISTING_ONLY,KBS_CURRENT_LISTING,CURRENT_500_MATCH,current ticker or security_id matches frozen current 500
1127,KBS:HOSE:SC5,SC5,HOSE,CTCP Xây dựng Số 5,stock,CURRENT_500_EXCLUDED,HOSE,UNAVAILABLE,UNAVAILABLE,HOSE,UNAVAILABLE,CURRENT_LISTING_ONLY,KBS_CURRENT_LISTING,CURRENT_500_MATCH,current ticker or security_id matches frozen current 500
1128,KBS:HOSE:SCS,SCS,HOSE,CTCP Dịch vụ Hàng hóa Sài Gòn,stock,CURRENT_500_EXCLUDED,HOSE,UNAVAILABLE,UNAVAILABLE,HOSE,UNAVAILABLE,CURRENT_LISTING_ONLY,KBS_CURRENT_LISTING,CURRENT_500_MATCH,current ticker or security_id matches frozen current 500
1129,KBS:HOSE:SHB,SHB,HOSE,Ngân hàng TMCP Sài Gòn - Hà Nội,stock,CURRENT_500_EXCLUDED,HOSE,UNAVAILABLE,UNAVAILABLE,HOSE,UNAVAILABLE,CURRENT_LISTING_ONLY,KBS_CURRENT_LISTING,CURRENT_500_MATCH,current ticker or security_id matches frozen current 500
1130,KBS:HOSE:SHI,SHI,HOSE,CTCP Quốc tế Sơn Hà,stock,CURRENT_500_EXCLUDED,HOSE,UNAVAILABLE,UNAVAILABLE,HOSE,UNAVAILABLE,CURRENT_LISTING_ONLY,KBS_CURRENT_LISTING,CURRENT_500_MATCH,current ticker or security_id matches frozen current 500
1131,KBS:HOSE:SHP,SHP,HOSE,CTCP Thủy điện Miền Nam,stock,CURRENT_500_EXCLUDED,HOSE,UNAVAILABLE,UNAVAILABLE,HOSE,UNAVAILABLE,CURRENT_LISTING_ONLY,KBS_CURRENT_LISTING,CURRENT_500_MATCH,current ticker or security_id matches frozen current 500
1132,KBS:HOSE:SIP,SIP,HOSE,CTCP Đầu tư Sài Gòn VRG,stock,CURRENT_500_EXCLUDED,HOSE,UNAVAILABLE,UNAVAILABLE,HOSE,UNAVAILABLE,CURRENT_LISTING_ONLY,KBS_CURRENT_LISTING,CURRENT_500_MATCH,current ticker or security_id matches frozen current 500
1133,KBS:HOSE:SRC,SRC,HOSE,CTCP Cao su Sao Vàng,stock,CURRENT_500_EXCLUDED,HOSE,UNAVAILABLE,UNAVAILABLE,HOSE,UNAVAILABLE,CURRENT_LISTING_ONLY,KBS_CURRENT_LISTING,CURRENT_500_MATCH,current ticker or security_id matches frozen current 500
1134,KBS:HOSE:SSB,SSB,HOSE,Ngân hàng TMCP Đông Nam Á,stock,CURRENT_500_EXCLUDED,HOSE,UNAVAILABLE,UNAVAILABLE,HOSE,UNAVAILABLE,CURRENT_LISTING_ONLY,KBS_CURRENT_LISTING,CURRENT_500_MATCH,current ticker or security_id matches frozen current 500
1135,KBS:HOSE:SSC,SSC,HOSE,CTCP Giống cây trồng Miền Nam,stock,CURRENT_500_EXCLUDED,HOSE,UNAVAILABLE,UNAVAILABLE,HOSE,UNAVAILABLE,CURRENT_LISTING_ONLY,KBS_CURRENT_LISTING,CURRENT_500_MATCH,current ticker or security_id matches frozen current 500
1136,KBS:HOSE:SSI,SSI,HOSE,CTCP Chứng khoán SSI,stock,IDENTITY_DUPLICATE_EXCLUDED,HOSE,UNAVAILABLE,UNAVAILABLE,HOSE,UNAVAILABLE,CURRENT_LISTING_ONLY,KBS_CURRENT_LISTING,REVIEWED_ALIAS_MATCH,reviewed historical identity interval matches frozen current 500
1137,KBS:HOSE:STK,STK,HOSE,CTCP Sợi Thế Kỷ,stock,CURRENT_500_EXCLUDED,HOSE,UNAVAILABLE,UNAVAILABLE,HOSE,UNAVAILABLE,CURRENT_LISTING_ONLY,KBS_CURRENT_LISTING,CURRENT_500_MATCH,current ticker or security_id matches frozen current 500
1138,KBS:HOSE:SVC,SVC,HOSE,CTCP Dịch vụ Tổng hợp Sài Gòn,stock,CURRENT_500_EXCLUDED,HOSE,UNAVAILABLE,UNAVAILABLE,HOSE,UNAVAILABLE,CURRENT_LISTING_ONLY,KBS_CURRENT_LISTING,CURRENT_500_MATCH,current ticker or security_id matches frozen current 500
1139,KBS:HOSE:SVT,SVT,HOSE,CTCP Công nghệ Sài Gòn Viễn Đông,stock,CURRENT_500_EXCLUDED,HOSE,UNAVAILABLE,UNAVAILABLE,HOSE,UNAVAILABLE,CURRENT_LISTING_ONLY,KBS_CURRENT_LISTING,CURRENT_500_MATCH,current ticker or security_id matches frozen current 500
1140,KBS:HOSE:SZC,SZC,HOSE,CTCP Sonadezi Châu Đức,stock,CURRENT_500_EXCLUDED,HOSE,UNAVAILABLE,UNAVAILABLE,HOSE,UNAVAILABLE,CURRENT_LISTING_ONLY,KBS_CURRENT_LISTING,CURRENT_500_MATCH,current ticker or security_id matches frozen current 500
1141,KBS:HOSE:TCB,TCB,HOSE,Ngân hàng TMCP Kỹ thương Việt Nam,stock,CURRENT_500_EXCLUDED,HOSE,UNAVAILABLE,UNAVAILABLE,HOSE,UNAVAILABLE,CURRENT_LISTING_ONLY,KBS_CURRENT_LISTING,CURRENT_500_MATCH,current ticker or security_id matches frozen current 500
1142,KBS:HOSE:TCL,TCL,HOSE,CTCP Đại lý Giao nhận Vận tải Xếp dỡ Tân Cảng,stock,CURRENT_500_EXCLUDED,HOSE,UNAVAILABLE,UNAVAILABLE,HOSE,UNAVAILABLE,CURRENT_LISTING_ONLY,KBS_CURRENT_LISTING,CURRENT_500_MATCH,current ticker or security_id matches frozen current 500
1143,KBS:HOSE:TCR,TCR,HOSE,CTCP Công nghiệp Gốm sứ Taicera,stock,CURRENT_500_EXCLUDED,HOSE,UNAVAILABLE,UNAVAILABLE,HOSE,UNAVAILABLE,CURRENT_LISTING_ONLY,KBS_CURRENT_LISTING,CURRENT_500_MATCH,current ticker or security_id matches frozen current 500
1144,KBS:HOSE:TDP,TDP,HOSE,CTCP Thuận Đức,stock,CURRENT_500_EXCLUDED,HOSE,UNAVAILABLE,UNAVAILABLE,HOSE,UNAVAILABLE,CURRENT_LISTING_ONLY,KBS_CURRENT_LISTING,CURRENT_500_MATCH,current ticker or security_id matches frozen current 500
1145,KBS:HOSE:THG,THG,HOSE,CTCP Đầu tư và Xây dựng Tiền Giang,stock,CURRENT_500_EXCLUDED,HOSE,UNAVAILABLE,UNAVAILABLE,HOSE,UNAVAILABLE,CURRENT_LISTING_ONLY,KBS_CURRENT_LISTING,CURRENT_500_MATCH,current ticker or security_id matches frozen current 500
1146,KBS:HOSE:TIX,TIX,HOSE,CTCP Sản xuất Kinh doanh Xuất nhập khẩu Dịch vụ và Đầu tư Tân Bình,stock,CURRENT_500_EXCLUDED,HOSE,UNAVAILABLE,UNAVAILABLE,HOSE,UNAVAILABLE,CURRENT_LISTING_ONLY,KBS_CURRENT_LISTING,CURRENT_500_MATCH,current ticker or security_id matches frozen current 500
1147,KBS:HOSE:TMT,TMT,HOSE,CTCP Ô tô TMT,stock,CURRENT_500_EXCLUDED,HOSE,UNAVAILABLE,UNAVAILABLE,HOSE,UNAVAILABLE,CURRENT_LISTING_ONLY,KBS_CURRENT_LISTING,CURRENT_500_MATCH,current ticker or security_id matches frozen current 500
1148,KBS:HOSE:TN1,TN1,HOSE,CTCP Rox Key Holdings,stock,CURRENT_500_EXCLUDED,HOSE,UNAVAILABLE,UNAVAILABLE,HOSE,UNAVAILABLE,CURRENT_LISTING_ONLY,KBS_CURRENT_LISTING,CURRENT_500_MATCH,current ticker or security_id matches frozen current 500
1149,KBS:HOSE:TNH,TNH,HOSE,CTCP Tập đoàn Bệnh viện TNH,stock,CURRENT_500_EXCLUDED,HOSE,UNAVAILABLE,UNAVAILABLE,HOSE,UNAVAILABLE,CURRENT_LISTING_ONLY,KBS_CURRENT_LISTING,CURRENT_500_MATCH,current ticker or security_id matches frozen current 500
1150,KBS:HOSE:TNI,TNI,HOSE,CTCP Tập đoàn Thành Nam,stock,CURRENT_500_EXCLUDED,HOSE,UNAVAILABLE,UNAVAILABLE,HOSE,UNAVAILABLE,CURRENT_LISTING_ONLY,KBS_CURRENT_LISTING,CURRENT_500_MATCH,current ticker or security_id matches frozen current 500
1151,KBS:HOSE:TNT,TNT,HOSE,CTCP Tập đoàn TNT,stock,CURRENT_500_EXCLUDED,HOSE,UNAVAILABLE,UNAVAILABLE,HOSE,UNAVAILABLE,CURRENT_LISTING_ONLY,KBS_CURRENT_LISTING,CURRENT_500_MATCH,current ticker or security_id matches frozen current 500
1152,KBS:HOSE:TPB,TPB,HOSE,Ngân hàng TMCP Tiên Phong,stock,CURRENT_500_EXCLUDED,HOSE,UNAVAILABLE,UNAVAILABLE,HOSE,UNAVAILABLE,CURRENT_LISTING_ONLY,KBS_CURRENT_LISTING,CURRENT_500_MATCH,current ticker or security_id matches frozen current 500
1153,KBS:HOSE:TRC,TRC,HOSE,CTCP Cao su Tây Ninh,stock,CURRENT_500_EXCLUDED,HOSE,UNAVAILABLE,UNAVAILABLE,HOSE,UNAVAILABLE,CURRENT_LISTING_ONLY,KBS_CURRENT_LISTING,CURRENT_500_MATCH,current ticker or security_id matches frozen current 500
1154,KBS:HOSE:TV2,TV2,HOSE,CTCP Tư vấn Xây dựng Điện 2,stock,CURRENT_500_EXCLUDED,HOSE,UNAVAILABLE,UNAVAILABLE,HOSE,UNAVAILABLE,CURRENT_LISTING_ONLY,KBS_CURRENT_LISTING,CURRENT_500_MATCH,current ticker or security_id matches frozen current 500
1155,KBS:HOSE:TVB,TVB,HOSE,CTCP Chứng khoán T-Cap,stock,CURRENT_500_EXCLUDED,HOSE,UNAVAILABLE,UNAVAILABLE,HOSE,UNAVAILABLE,CURRENT_LISTING_ONLY,KBS_CURRENT_LISTING,CURRENT_500_MATCH,current ticker or security_id matches frozen current 500
1156,KBS:HOSE:TVS,TVS,HOSE,CTCP Chứng khoán Thiên Việt,stock,CURRENT_500_EXCLUDED,HOSE,UNAVAILABLE,UNAVAILABLE,HOSE,UNAVAILABLE,CURRENT_LISTING_ONLY,KBS_CURRENT_LISTING,CURRENT_500_MATCH,current ticker or security_id matches frozen current 500
1157,KBS:HOSE:TVT,TVT,HOSE,Tổng Công ty Việt Thắng - CTCP,stock,CURRENT_500_EXCLUDED,HOSE,UNAVAILABLE,UNAVAILABLE,HOSE,UNAVAILABLE,CURRENT_LISTING_ONLY,KBS_CURRENT_LISTING,CURRENT_500_MATCH,current ticker or security_id matches frozen current 500
1158,KBS:HOSE:UIC,UIC,HOSE,CTCP Đầu tư Phát triển Nhà và Đô thị IDICO,stock,CURRENT_500_EXCLUDED,HOSE,UNAVAILABLE,UNAVAILABLE,HOSE,UNAVAILABLE,CURRENT_LISTING_ONLY,KBS_CURRENT_LISTING,CURRENT_500_MATCH,current ticker or security_id matches frozen current 500
1159,KBS:HOSE:VAB,VAB,HOSE,Ngân hàng TMCP Việt Á,stock,CURRENT_500_EXCLUDED,HOSE,UNAVAILABLE,UNAVAILABLE,HOSE,UNAVAILABLE,CURRENT_LISTING_ONLY,KBS_CURRENT_LISTING,CURRENT_500_MATCH,current ticker or security_id matches frozen current 500
1160,KBS:HOSE:VCB,VCB,HOSE,Ngân hàng TMCP Ngoại thương Việt Nam,stock,IDENTITY_DUPLICATE_EXCLUDED,HOSE,UNAVAILABLE,UNAVAILABLE,HOSE,UNAVAILABLE,CURRENT_LISTING_ONLY,KBS_CURRENT_LISTING,REVIEWED_ALIAS_MATCH,reviewed historical identity interval matches frozen current 500
1161,KBS:HOSE:VCG,VCG,HOSE,Tổng Công ty cổ phần Xuất nhập khẩu và Xây dựng Việt Nam,stock,CURRENT_500_EXCLUDED,HOSE,UNAVAILABLE,UNAVAILABLE,HOSE,UNAVAILABLE,CURRENT_LISTING_ONLY,KBS_CURRENT_LISTING,CURRENT_500_MATCH,current ticker or security_id matches frozen current 500
1162,KBS:HOSE:VDS,VDS,HOSE,CTCP Chứng khoán Rồng Việt,stock,CURRENT_500_EXCLUDED,HOSE,UNAVAILABLE,UNAVAILABLE,HOSE,UNAVAILABLE,CURRENT_LISTING_ONLY,KBS_CURRENT_LISTING,CURRENT_500_MATCH,current ticker or security_id matches frozen current 500
1163,KBS:HOSE:VFG,VFG,HOSE,CTCP Khử trùng Việt Nam,stock,CURRENT_500_EXCLUDED,HOSE,UNAVAILABLE,UNAVAILABLE,HOSE,UNAVAILABLE,CURRENT_LISTING_ONLY,KBS_CURRENT_LISTING,CURRENT_500_MATCH,current ticker or security_id matches frozen current 500
1164,KBS:HOSE:VGC,VGC,HOSE,Tổng Công ty Viglacera - CTCP,stock,CURRENT_500_EXCLUDED,HOSE,UNAVAILABLE,UNAVAILABLE,HOSE,UNAVAILABLE,CURRENT_LISTING_ONLY,KBS_CURRENT_LISTING,CURRENT_500_MATCH,current ticker or security_id matches frozen current 500
1165,KBS:HOSE:VHC,VHC,HOSE,CTCP Vĩnh Hoàn,stock,CURRENT_500_EXCLUDED,HOSE,UNAVAILABLE,UNAVAILABLE,HOSE,UNAVAILABLE,CURRENT_LISTING_ONLY,KBS_CURRENT_LISTING,CURRENT_500_MATCH,current ticker or security_id matches frozen current 500
1166,KBS:HOSE:VHM,VHM,HOSE,CTCP Vinhomes,stock,CURRENT_500_EXCLUDED,HOSE,UNAVAILABLE,UNAVAILABLE,HOSE,UNAVAILABLE,CURRENT_LISTING_ONLY,KBS_CURRENT_LISTING,CURRENT_500_MATCH,current ticker or security_id matches frozen current 500
1167,KBS:HOSE:VID,VID,HOSE,CTCP Đầu tư Phát triển Thương mại Viễn Đông,stock,CURRENT_500_EXCLUDED,HOSE,UNAVAILABLE,UNAVAILABLE,HOSE,UNAVAILABLE,CURRENT_LISTING_ONLY,KBS_CURRENT_LISTING,CURRENT_500_MATCH,current ticker or security_id matches frozen current 500
1168,KBS:HOSE:VIX,VIX,HOSE,CTCP Chứng khoán VIX,stock,CURRENT_500_EXCLUDED,HOSE,UNAVAILABLE,UNAVAILABLE,HOSE,UNAVAILABLE,CURRENT_LISTING_ONLY,KBS_CURRENT_LISTING,CURRENT_500_MATCH,current ticker or security_id matches frozen current 500
1169,KBS:HOSE:VJC,VJC,HOSE,CTCP Hàng không Vietjet,stock,CURRENT_500_EXCLUDED,HOSE,UNAVAILABLE,UNAVAILABLE,HOSE,UNAVAILABLE,CURRENT_LISTING_ONLY,KBS_CURRENT_LISTING,CURRENT_500_MATCH,current ticker or security_id matches frozen current 500
1170,KBS:HOSE:VMD,VMD,HOSE,CTCP Y Dược phẩm Vimedimex,stock,CURRENT_500_EXCLUDED,HOSE,UNAVAILABLE,UNAVAILABLE,HOSE,UNAVAILABLE,CURRENT_LISTING_ONLY,KBS_CURRENT_LISTING,CURRENT_500_MATCH,current ticker or security_id matches frozen current 500
1171,KBS:HOSE:VND,VND,HOSE,CTCP Chứng khoán VNDIRECT,stock,CURRENT_500_EXCLUDED,HOSE,UNAVAILABLE,UNAVAILABLE,HOSE,UNAVAILABLE,CURRENT_LISTING_ONLY,KBS_CURRENT_LISTING,CURRENT_500_MATCH,current ticker or security_id matches frozen current 500
1172,KBS:HOSE:VNM,VNM,HOSE,CTCP Sữa Việt Nam,stock,IDENTITY_DUPLICATE_EXCLUDED,HOSE,UNAVAILABLE,UNAVAILABLE,HOSE,UNAVAILABLE,CURRENT_LISTING_ONLY,KBS_CURRENT_LISTING,REVIEWED_ALIAS_MATCH,reviewed historical identity interval matches frozen current 500
1173,KBS:HOSE:VPG,VPG,HOSE,CTCP Đầu tư Thương mại Xuất nhập khẩu Việt Phát,stock,CURRENT_500_EXCLUDED,HOSE,UNAVAILABLE,UNAVAILABLE,HOSE,UNAVAILABLE,CURRENT_LISTING_ONLY,KBS_CURRENT_LISTING,CURRENT_500_MATCH,current ticker or security_id matches frozen current 500
1174,KBS:HOSE:VSI,VSI,HOSE,CTCP Đầu tư và Xây dựng Cấp thoát nước,stock,CURRENT_500_EXCLUDED,HOSE,UNAVAILABLE,UNAVAILABLE,HOSE,UNAVAILABLE,CURRENT_LISTING_ONLY,KBS_CURRENT_LISTING,CURRENT_500_MATCH,current ticker or security_id matches frozen current 500
1175,KBS:HOSE:VVS,VVS,HOSE,CTCP Đầu tư phát triển máy Việt Nam,stock,CURRENT_500_EXCLUDED,HOSE,UNAVAILABLE,UNAVAILABLE,HOSE,UNAVAILABLE,CURRENT_LISTING_ONLY,KBS_CURRENT_LISTING,CURRENT_500_MATCH,current ticker or security_id matches frozen current 500
1176,KBS:HNX:ADC,ADC,HNX,CTCP Mỹ thuật và Truyền thông,stock,CURRENT_500_EXCLUDED,HNX,UNAVAILABLE,UNAVAILABLE,HNX,UNAVAILABLE,CURRENT_LISTING_ONLY,KBS_CURRENT_LISTING,CURRENT_500_MATCH,current ticker or security_id matches frozen current 500
1177,KBS:HNX:AMC,AMC,HNX,CTCP Khoáng sản Á Châu,stock,CURRENT_500_EXCLUDED,HNX,UNAVAILABLE,UNAVAILABLE,HNX,UNAVAILABLE,CURRENT_LISTING_ONLY,KBS_CURRENT_LISTING,CURRENT_500_MATCH,current ticker or security_id matches frozen current 500
1178,KBS:HNX:AME,AME,HNX,CTCP Alphanam E&C,stock,CURRENT_500_EXCLUDED,HNX,UNAVAILABLE,UNAVAILABLE,HNX,UNAVAILABLE,CURRENT_LISTING_ONLY,KBS_CURRENT_LISTING,CURRENT_500_MATCH,current ticker or security_id matches frozen current 500
1179,KBS:HNX:AMV,AMV,HNX,CTCP Sản xuất Kinh doanh Dược và Trang thiết bị Y tế Việt Mỹ,stock,CURRENT_500_EXCLUDED,HNX,UNAVAILABLE,UNAVAILABLE,HNX,UNAVAILABLE,CURRENT_LISTING_ONLY,KBS_CURRENT_LISTING,CURRENT_500_MATCH,current ticker or security_id matches frozen current 500
1180,KBS:HNX:APS,APS,HNX,CTCP Chứng khoán Châu Á Thái Bình Dương,stock,CURRENT_500_EXCLUDED,HNX,UNAVAILABLE,UNAVAILABLE,HNX,UNAVAILABLE,CURRENT_LISTING_ONLY,KBS_CURRENT_LISTING,CURRENT_500_MATCH,current ticker or security_id matches frozen current 500
1181,KBS:HNX:ATS,ATS,HNX,CTCP Tập đoàn Đầu tư ATS,stock,CURRENT_500_EXCLUDED,HNX,UNAVAILABLE,UNAVAILABLE,HNX,UNAVAILABLE,CURRENT_LISTING_ONLY,KBS_CURRENT_LISTING,CURRENT_500_MATCH,current ticker or security_id matches frozen current 500
1182,KBS:HNX:BAB,BAB,HNX,Ngân hàng TMCP Bắc Á,stock,CURRENT_500_EXCLUDED,HNX,UNAVAILABLE,UNAVAILABLE,HNX,UNAVAILABLE,CURRENT_LISTING_ONLY,KBS_CURRENT_LISTING,CURRENT_500_MATCH,current ticker or security_id matches frozen current 500
1183,KBS:HNX:BAX,BAX,HNX,CTCP Thống Nhất,stock,CURRENT_500_EXCLUDED,HNX,UNAVAILABLE,UNAVAILABLE,HNX,UNAVAILABLE,CURRENT_LISTING_ONLY,KBS_CURRENT_LISTING,CURRENT_500_MATCH,current ticker or security_id matches frozen current 500
1184,KBS:HNX:BBS,BBS,HNX,CTCP VICEM Bao bì Bút Sơn,stock,CURRENT_500_EXCLUDED,HNX,UNAVAILABLE,UNAVAILABLE,HNX,UNAVAILABLE,CURRENT_LISTING_ONLY,KBS_CURRENT_LISTING,CURRENT_500_MATCH,current ticker or security_id matches frozen current 500
1185,KBS:HNX:BCC,BCC,HNX,CTCP Xi măng Bỉm Sơn,stock,IDENTITY_DUPLICATE_EXCLUDED,HNX,UNAVAILABLE,UNAVAILABLE,HNX,UNAVAILABLE,CURRENT_LISTING_ONLY,KBS_CURRENT_LISTING,REVIEWED_ALIAS_MATCH,reviewed historical identity interval matches frozen current 500
1186,KBS:HNX:BCF,BCF,HNX,CTCP Thực phẩm Bích Chi,stock,CURRENT_500_EXCLUDED,HNX,UNAVAILABLE,UNAVAILABLE,HNX,UNAVAILABLE,CURRENT_LISTING_ONLY,KBS_CURRENT_LISTING,CURRENT_500_MATCH,current ticker or security_id matches frozen current 500
1187,KBS:HNX:BPC,BPC,HNX,CTCP VICEM Bao bì Bỉm Sơn,stock,CURRENT_500_EXCLUDED,HNX,UNAVAILABLE,UNAVAILABLE,HNX,UNAVAILABLE,CURRENT_LISTING_ONLY,KBS_CURRENT_LISTING,CURRENT_500_MATCH,current ticker or security_id matches frozen current 500
1188,KBS:HNX:BTS,BTS,HNX,CTCP Xi măng VICEM Bút Sơn,stock,CURRENT_500_EXCLUDED,HNX,UNAVAILABLE,UNAVAILABLE,HNX,UNAVAILABLE,CURRENT_LISTING_ONLY,KBS_CURRENT_LISTING,CURRENT_500_MATCH,current ticker or security_id matches frozen current 500
1189,KBS:HNX:BTW,BTW,HNX,CTCP Cấp nước Bến Thành,stock,CURRENT_500_EXCLUDED,HNX,UNAVAILABLE,UNAVAILABLE,HNX,UNAVAILABLE,CURRENT_LISTING_ONLY,KBS_CURRENT_LISTING,CURRENT_500_MATCH,current ticker or security_id matches frozen current 500
1190,KBS:HNX:CAG,CAG,HNX,CTCP Cảng An Giang,stock,CURRENT_500_EXCLUDED,HNX,UNAVAILABLE,UNAVAILABLE,HNX,UNAVAILABLE,CURRENT_LISTING_ONLY,KBS_CURRENT_LISTING,CURRENT_500_MATCH,current ticker or security_id matches frozen current 500
1191,KBS:HNX:CAP,CAP,HNX,CTCP Lâm Nông sản Thực phẩm Yên Bái,stock,CURRENT_500_EXCLUDED,HNX,UNAVAILABLE,UNAVAILABLE,HNX,UNAVAILABLE,CURRENT_LISTING_ONLY,KBS_CURRENT_LISTING,CURRENT_500_MATCH,current ticker or security_id matches frozen current 500
1192,KBS:HNX:CAR,CAR,HNX,CTCP Tập đoàn Giáo dục Trí Việt,stock,CURRENT_500_EXCLUDED,HNX,UNAVAILABLE,UNAVAILABLE,HNX,UNAVAILABLE,CURRENT_LISTING_ONLY,KBS_CURRENT_LISTING,CURRENT_500_MATCH,current ticker or security_id matches frozen current 500
1193,KBS:HNX:CDN,CDN,HNX,CTCP Cảng Đà Nẵng,stock,CURRENT_500_EXCLUDED,HNX,UNAVAILABLE,UNAVAILABLE,HNX,UNAVAILABLE,CURRENT_LISTING_ONLY,KBS_CURRENT_LISTING,CURRENT_500_MATCH,current ticker or security_id matches frozen current 500
1194,KBS:HNX:CEO,CEO,HNX,CTCP Tập đoàn C.E.O,stock,CURRENT_500_EXCLUDED,HNX,UNAVAILABLE,UNAVAILABLE,HNX,UNAVAILABLE,CURRENT_LISTING_ONLY,KBS_CURRENT_LISTING,CURRENT_500_MATCH,current ticker or security_id matches frozen current 500
1195,KBS:HNX:CET,CET,HNX,CTCP HTC Holding,stock,CURRENT_500_EXCLUDED,HNX,UNAVAILABLE,UNAVAILABLE,HNX,UNAVAILABLE,CURRENT_LISTING_ONLY,KBS_CURRENT_LISTING,CURRENT_500_MATCH,current ticker or security_id matches frozen current 500
1196,KBS:HNX:CLH,CLH,HNX,CTCP Xi măng La Hiên VVMI,stock,CURRENT_500_EXCLUDED,HNX,UNAVAILABLE,UNAVAILABLE,HNX,UNAVAILABLE,CURRENT_LISTING_ONLY,KBS_CURRENT_LISTING,CURRENT_500_MATCH,current ticker or security_id matches frozen current 500
1197,KBS:HNX:CMC,CMC,HNX,CTCP Đầu tư CMC,stock,CURRENT_500_EXCLUDED,HNX,UNAVAILABLE,UNAVAILABLE,HNX,UNAVAILABLE,CURRENT_LISTING_ONLY,KBS_CURRENT_LISTING,CURRENT_500_MATCH,current ticker or security_id matches frozen current 500
1198,KBS:HNX:CTT,CTT,HNX,CTCP Chế tạo Máy - Vinacomin,stock,CURRENT_500_EXCLUDED,HNX,UNAVAILABLE,UNAVAILABLE,HNX,UNAVAILABLE,CURRENT_LISTING_ONLY,KBS_CURRENT_LISTING,CURRENT_500_MATCH,current ticker or security_id matches frozen current 500
1199,KBS:HNX:DC2,DC2,HNX,CTCP Đầu tư Phát triển - Xây dựng (DIC) số 2,stock,CURRENT_500_EXCLUDED,HNX,UNAVAILABLE,UNAVAILABLE,HNX,UNAVAILABLE,CURRENT_LISTING_ONLY,KBS_CURRENT_LISTING,CURRENT_500_MATCH,current ticker or security_id matches frozen current 500
1200,KBS:HNX:DNC,DNC,HNX,CTCP Điện Nước Lắp máy Hải Phòng,stock,CURRENT_500_EXCLUDED,HNX,UNAVAILABLE,UNAVAILABLE,HNX,UNAVAILABLE,CURRENT_LISTING_ONLY,KBS_CURRENT_LISTING,CURRENT_500_MATCH,current ticker or security_id matches frozen current 500
1201,KBS:HNX:DS3,DS3,HNX,CTCP DS3,stock,CURRENT_500_EXCLUDED,HNX,UNAVAILABLE,UNAVAILABLE,HNX,UNAVAILABLE,CURRENT_LISTING_ONLY,KBS_CURRENT_LISTING,CURRENT_500_MATCH,current ticker or security_id matches frozen current 500
1202,KBS:HNX:EBS,EBS,HNX,CTCP Sách Giáo dục tại Thành phố Hà Nội,stock,CURRENT_500_EXCLUDED,HNX,UNAVAILABLE,UNAVAILABLE,HNX,UNAVAILABLE,CURRENT_LISTING_ONLY,KBS_CURRENT_LISTING,CURRENT_500_MATCH,current ticker or security_id matches frozen current 500
1203,KBS:HNX:EVS,EVS,HNX,CTCP Chứng khoán EVS,stock,CURRENT_500_EXCLUDED,HNX,UNAVAILABLE,UNAVAILABLE,HNX,UNAVAILABLE,CURRENT_LISTING_ONLY,KBS_CURRENT_LISTING,CURRENT_500_MATCH,current ticker or security_id matches frozen current 500
1204,KBS:HNX:FID,FID,HNX,CTCP Đầu tư và Phát triển Doanh nghiệp Việt Nam,stock,CURRENT_500_EXCLUDED,HNX,UNAVAILABLE,UNAVAILABLE,HNX,UNAVAILABLE,CURRENT_LISTING_ONLY,KBS_CURRENT_LISTING,CURRENT_500_MATCH,current ticker or security_id matches frozen current 500
1205,KBS:HNX:GDW,GDW,HNX,CTCP Cấp nước Gia Định,stock,CURRENT_500_EXCLUDED,HNX,UNAVAILABLE,UNAVAILABLE,HNX,UNAVAILABLE,CURRENT_LISTING_ONLY,KBS_CURRENT_LISTING,CURRENT_500_MATCH,current ticker or security_id matches frozen current 500
1206,KBS:HNX:HAD,HAD,HNX,CTCP Bia Hà Nội - Hải Dương,stock,CURRENT_500_EXCLUDED,HNX,UNAVAILABLE,UNAVAILABLE,HNX,UNAVAILABLE,CURRENT_LISTING_ONLY,KBS_CURRENT_LISTING,CURRENT_500_MATCH,current ticker or security_id matches frozen current 500
1207,KBS:HNX:HDA,HDA,HNX,CTCP Hãng sơn Đông Á,stock,CURRENT_500_EXCLUDED,HNX,UNAVAILABLE,UNAVAILABLE,HNX,UNAVAILABLE,CURRENT_LISTING_ONLY,KBS_CURRENT_LISTING,CURRENT_500_MATCH,current ticker or security_id matches frozen current 500
1208,KBS:HNX:HJS,HJS,HNX,CTCP Thủy điện Nậm Mu,stock,CURRENT_500_EXCLUDED,HNX,UNAVAILABLE,UNAVAILABLE,HNX,UNAVAILABLE,CURRENT_LISTING_ONLY,KBS_CURRENT_LISTING,CURRENT_500_MATCH,current ticker or security_id matches frozen current 500
1209,KBS:HNX:HLC,HLC,HNX,CTCP Than Hà Lầm - Vinacomin,stock,CURRENT_500_EXCLUDED,HNX,UNAVAILABLE,UNAVAILABLE,HNX,UNAVAILABLE,CURRENT_LISTING_ONLY,KBS_CURRENT_LISTING,CURRENT_500_MATCH,current ticker or security_id matches frozen current 500
1210,KBS:HNX:HLD,HLD,HNX,CTCP Đầu tư và Phát triển Bất động sản Hudland,stock,CURRENT_500_EXCLUDED,HNX,UNAVAILABLE,UNAVAILABLE,HNX,UNAVAILABLE,CURRENT_LISTING_ONLY,KBS_CURRENT_LISTING,CURRENT_500_MATCH,current ticker or security_id matches frozen current 500
1211,KBS:HNX:HMH,HMH,HNX,CTCP Hải Minh,stock,CURRENT_500_EXCLUDED,HNX,UNAVAILABLE,UNAVAILABLE,HNX,UNAVAILABLE,CURRENT_LISTING_ONLY,KBS_CURRENT_LISTING,CURRENT_500_MATCH,current ticker or security_id matches frozen current 500
1212,KBS:HNX:HMR,HMR,HNX,CTCP Đá Hoàng Mai,stock,CURRENT_500_EXCLUDED,HNX,UNAVAILABLE,UNAVAILABLE,HNX,UNAVAILABLE,CURRENT_LISTING_ONLY,KBS_CURRENT_LISTING,CURRENT_500_MATCH,current ticker or security_id matches frozen current 500
1213,KBS:HNX:IDC,IDC,HNX,Tổng Công ty IDICO - CTCP,stock,CURRENT_500_EXCLUDED,HNX,UNAVAILABLE,UNAVAILABLE,HNX,UNAVAILABLE,CURRENT_LISTING_ONLY,KBS_CURRENT_LISTING,CURRENT_500_MATCH,current ticker or security_id matches frozen current 500
1214,KBS:HNX:IDV,IDV,HNX,CTCP Phát triển Hạ tầng Vĩnh Phúc,stock,CURRENT_500_EXCLUDED,HNX,UNAVAILABLE,UNAVAILABLE,HNX,UNAVAILABLE,CURRENT_LISTING_ONLY,KBS_CURRENT_LISTING,CURRENT_500_MATCH,current ticker or security_id matches frozen current 500
1215,KBS:HNX:INN,INN,HNX,CTCP Bao bì và In Nông nghiệp,stock,CURRENT_500_EXCLUDED,HNX,UNAVAILABLE,UNAVAILABLE,HNX,UNAVAILABLE,CURRENT_LISTING_ONLY,KBS_CURRENT_LISTING,CURRENT_500_MATCH,current ticker or security_id matches frozen current 500
1216,KBS:HNX:IPA,IPA,HNX,CTCP Tập đoàn Đầu tư I.P.A,stock,CURRENT_500_EXCLUDED,HNX,UNAVAILABLE,UNAVAILABLE,HNX,UNAVAILABLE,CURRENT_LISTING_ONLY,KBS_CURRENT_LISTING,CURRENT_500_MATCH,current ticker or security_id matches frozen current 500
1217,KBS:HNX:KHS,KHS,HNX,CTCP Kiên Hùng,stock,CURRENT_500_EXCLUDED,HNX,UNAVAILABLE,UNAVAILABLE,HNX,UNAVAILABLE,CURRENT_LISTING_ONLY,KBS_CURRENT_LISTING,CURRENT_500_MATCH,current ticker or security_id matches frozen current 500
1218,KBS:HNX:KKC,KKC,HNX,CTCP Tập Đoàn Thành Thái,stock,CURRENT_500_EXCLUDED,HNX,UNAVAILABLE,UNAVAILABLE,HNX,UNAVAILABLE,CURRENT_LISTING_ONLY,KBS_CURRENT_LISTING,CURRENT_500_MATCH,current ticker or security_id matches frozen current 500
1219,KBS:HNX:KSD,KSD,HNX,CTCP Đầu tư DNA,stock,CURRENT_500_EXCLUDED,HNX,UNAVAILABLE,UNAVAILABLE,HNX,UNAVAILABLE,CURRENT_LISTING_ONLY,KBS_CURRENT_LISTING,CURRENT_500_MATCH,current ticker or security_id matches frozen current 500
1220,KBS:HNX:KST,KST,HNX,CTCP KASATI,stock,CURRENT_500_EXCLUDED,HNX,UNAVAILABLE,UNAVAILABLE,HNX,UNAVAILABLE,CURRENT_LISTING_ONLY,KBS_CURRENT_LISTING,CURRENT_500_MATCH,current ticker or security_id matches frozen current 500
1221,KBS:HNX:KTS,KTS,HNX,CTCP Đường Kon Tum,stock,CURRENT_500_EXCLUDED,HNX,UNAVAILABLE,UNAVAILABLE,HNX,UNAVAILABLE,CURRENT_LISTING_ONLY,KBS_CURRENT_LISTING,CURRENT_500_MATCH,current ticker or security_id matches frozen current 500
1222,KBS:HNX:L18,L18,HNX,CTCP Đầu tư và Xây dựng Số 18,stock,CURRENT_500_EXCLUDED,HNX,UNAVAILABLE,UNAVAILABLE,HNX,UNAVAILABLE,CURRENT_LISTING_ONLY,KBS_CURRENT_LISTING,CURRENT_500_MATCH,current ticker or security_id matches frozen current 500
1223,KBS:HNX:LAS,LAS,HNX,CTCP Supe Phốt phát và Hóa chất Lâm Thao,stock,IDENTITY_DUPLICATE_EXCLUDED,HNX,UNAVAILABLE,UNAVAILABLE,HNX,UNAVAILABLE,CURRENT_LISTING_ONLY,KBS_CURRENT_LISTING,REVIEWED_ALIAS_MATCH,reviewed historical identity interval matches frozen current 500
1224,KBS:HNX:LDP,LDP,HNX,CTCP Dược Lâm Đồng (Ladophar),stock,CURRENT_500_EXCLUDED,HNX,UNAVAILABLE,UNAVAILABLE,HNX,UNAVAILABLE,CURRENT_LISTING_ONLY,KBS_CURRENT_LISTING,CURRENT_500_MATCH,current ticker or security_id matches frozen current 500
1225,KBS:HNX:MAC,MAC,HNX,CTCP Tập đoàn Macstar,stock,CURRENT_500_EXCLUDED,HNX,UNAVAILABLE,UNAVAILABLE,HNX,UNAVAILABLE,CURRENT_LISTING_ONLY,KBS_CURRENT_LISTING,CURRENT_500_MATCH,current ticker or security_id matches frozen current 500
1226,KBS:HNX:MAS,MAS,HNX,CTCP Dịch vụ Hàng không Sân bay Đà Nẵng,stock,CURRENT_500_EXCLUDED,HNX,UNAVAILABLE,UNAVAILABLE,HNX,UNAVAILABLE,CURRENT_LISTING_ONLY,KBS_CURRENT_LISTING,CURRENT_500_MATCH,current ticker or security_id matches frozen current 500
1227,KBS:HNX:MCO,MCO,HNX,CTCP Đầu tư và Xây dựng BDC Việt Nam,stock,CURRENT_500_EXCLUDED,HNX,UNAVAILABLE,UNAVAILABLE,HNX,UNAVAILABLE,CURRENT_LISTING_ONLY,KBS_CURRENT_LISTING,CURRENT_500_MATCH,current ticker or security_id matches frozen current 500
1228,KBS:HNX:MDC,MDC,HNX,CTCP Than Mông Dương - Vinacomin,stock,CURRENT_500_EXCLUDED,HNX,UNAVAILABLE,UNAVAILABLE,HNX,UNAVAILABLE,CURRENT_LISTING_ONLY,KBS_CURRENT_LISTING,CURRENT_500_MATCH,current ticker or security_id matches frozen current 500
1229,KBS:HNX:MIC,MIC,HNX,CTCP Kỹ nghệ Khoáng sản Quảng Nam,stock,CURRENT_500_EXCLUDED,HNX,UNAVAILABLE,UNAVAILABLE,HNX,UNAVAILABLE,CURRENT_LISTING_ONLY,KBS_CURRENT_LISTING,CURRENT_500_MATCH,current ticker or security_id matches frozen current 500
1230,KBS:HNX:MKV,MKV,HNX,CTCP Dược thú Y Cai Lậy,stock,CURRENT_500_EXCLUDED,HNX,UNAVAILABLE,UNAVAILABLE,HNX,UNAVAILABLE,CURRENT_LISTING_ONLY,KBS_CURRENT_LISTING,CURRENT_500_MATCH,current ticker or security_id matches frozen current 500
1231,KBS:HNX:MVB,MVB,HNX,Tổng Công ty Công nghiệp mỏ Việt Bắc TKV - CTCP,stock,CURRENT_500_EXCLUDED,HNX,UNAVAILABLE,UNAVAILABLE,HNX,UNAVAILABLE,CURRENT_LISTING_ONLY,KBS_CURRENT_LISTING,CURRENT_500_MATCH,current ticker or security_id matches frozen current 500
1232,KBS:HNX:NSH,NSH,HNX,CTCP Tập Đoàn Nhôm Sông Hồng Shalumi,stock,CURRENT_500_EXCLUDED,HNX,UNAVAILABLE,UNAVAILABLE,HNX,UNAVAILABLE,CURRENT_LISTING_ONLY,KBS_CURRENT_LISTING,CURRENT_500_MATCH,current ticker or security_id matches frozen current 500
1233,KBS:HNX:NST,NST,HNX,CTCP Ngân Sơn,stock,CURRENT_500_EXCLUDED,HNX,UNAVAILABLE,UNAVAILABLE,HNX,UNAVAILABLE,CURRENT_LISTING_ONLY,KBS_CURRENT_LISTING,CURRENT_500_MATCH,current ticker or security_id matches frozen current 500
1234,KBS:HNX:NTH,NTH,HNX,CTCP Thủy điện Nước Trong,stock,CURRENT_500_EXCLUDED,HNX,UNAVAILABLE,UNAVAILABLE,HNX,UNAVAILABLE,CURRENT_LISTING_ONLY,KBS_CURRENT_LISTING,CURRENT_500_MATCH,current ticker or security_id matches frozen current 500
1235,KBS:HNX:NTP,NTP,HNX,CTCP Nhựa Thiếu niên Tiền Phong,stock,CURRENT_500_EXCLUDED,HNX,UNAVAILABLE,UNAVAILABLE,HNX,UNAVAILABLE,CURRENT_LISTING_ONLY,KBS_CURRENT_LISTING,CURRENT_500_MATCH,current ticker or security_id matches frozen current 500
1236,KBS:HNX:ONE,ONE,HNX,CTCP Công nghệ One,stock,CURRENT_500_EXCLUDED,HNX,UNAVAILABLE,UNAVAILABLE,HNX,UNAVAILABLE,CURRENT_LISTING_ONLY,KBS_CURRENT_LISTING,CURRENT_500_MATCH,current ticker or security_id matches frozen current 500
1237,KBS:HNX:PBP,PBP,HNX,CTCP Bao bì Dầu khí Việt Nam,stock,CURRENT_500_EXCLUDED,HNX,UNAVAILABLE,UNAVAILABLE,HNX,UNAVAILABLE,CURRENT_LISTING_ONLY,KBS_CURRENT_LISTING,CURRENT_500_MATCH,current ticker or security_id matches frozen current 500
1238,KBS:HNX:PCE,PCE,HNX,CTCP Phân bón và Hóa chất Dầu khí Miền Trung,stock,CURRENT_500_EXCLUDED,HNX,UNAVAILABLE,UNAVAILABLE,HNX,UNAVAILABLE,CURRENT_LISTING_ONLY,KBS_CURRENT_LISTING,CURRENT_500_MATCH,current ticker or security_id matches frozen current 500
1239,KBS:HNX:PCH,PCH,HNX,CTCP Picomat Holding,stock,CURRENT_500_EXCLUDED,HNX,UNAVAILABLE,UNAVAILABLE,HNX,UNAVAILABLE,CURRENT_LISTING_ONLY,KBS_CURRENT_LISTING,CURRENT_500_MATCH,current ticker or security_id matches frozen current 500
1240,KBS:HNX:PGS,PGS,HNX,CTCP Kinh doanh Khí Miền Nam,stock,CURRENT_500_EXCLUDED,HNX,UNAVAILABLE,UNAVAILABLE,HNX,UNAVAILABLE,CURRENT_LISTING_ONLY,KBS_CURRENT_LISTING,CURRENT_500_MATCH,current ticker or security_id matches frozen current 500
1241,KBS:HNX:PHN,PHN,HNX,CTCP Pin Hà Nội,stock,CURRENT_500_EXCLUDED,HNX,UNAVAILABLE,UNAVAILABLE,HNX,UNAVAILABLE,CURRENT_LISTING_ONLY,KBS_CURRENT_LISTING,CURRENT_500_MATCH,current ticker or security_id matches frozen current 500
1242,KBS:HNX:PIA,PIA,HNX,CTCP Tin học Viễn thông Petrolimex,stock,CURRENT_500_EXCLUDED,HNX,UNAVAILABLE,UNAVAILABLE,HNX,UNAVAILABLE,CURRENT_LISTING_ONLY,KBS_CURRENT_LISTING,CURRENT_500_MATCH,current ticker or security_id matches frozen current 500
1243,KBS:HNX:PIC,PIC,HNX,CTCP Đầu tư Điện lực 3,stock,CURRENT_500_EXCLUDED,HNX,UNAVAILABLE,UNAVAILABLE,HNX,UNAVAILABLE,CURRENT_LISTING_ONLY,KBS_CURRENT_LISTING,CURRENT_500_MATCH,current ticker or security_id matches frozen current 500
1244,KBS:HNX:PMB,PMB,HNX,CTCP Phân bón và Hóa chất Dầu khí Miền Bắc,stock,CURRENT_500_EXCLUDED,HNX,UNAVAILABLE,UNAVAILABLE,HNX,UNAVAILABLE,CURRENT_LISTING_ONLY,KBS_CURRENT_LISTING,CURRENT_500_MATCH,current ticker or security_id matches frozen current 500
1245,KBS:HNX:PPE,PPE,HNX,CTCP Tư vấn đầu tư PP Enterprise,stock,CURRENT_500_EXCLUDED,HNX,UNAVAILABLE,UNAVAILABLE,HNX,UNAVAILABLE,CURRENT_LISTING_ONLY,KBS_CURRENT_LISTING,CURRENT_500_MATCH,current ticker or security_id matches frozen current 500
1246,KBS:HNX:PPP,PPP,HNX,CTCP Dược phẩm Phong Phú,stock,CURRENT_500_EXCLUDED,HNX,UNAVAILABLE,UNAVAILABLE,HNX,UNAVAILABLE,CURRENT_LISTING_ONLY,KBS_CURRENT_LISTING,CURRENT_500_MATCH,current ticker or security_id matches frozen current 500
1247,KBS:HNX:PRC,PRC,HNX,CTCP Logistics Portserco,stock,CURRENT_500_EXCLUDED,HNX,UNAVAILABLE,UNAVAILABLE,HNX,UNAVAILABLE,CURRENT_LISTING_ONLY,KBS_CURRENT_LISTING,CURRENT_500_MATCH,current ticker or security_id matches frozen current 500
1248,KBS:HNX:PSD,PSD,HNX,CTCP Dịch vụ Phân phối Tổng hợp Dầu khí,stock,CURRENT_500_EXCLUDED,HNX,UNAVAILABLE,UNAVAILABLE,HNX,UNAVAILABLE,CURRENT_LISTING_ONLY,KBS_CURRENT_LISTING,CURRENT_500_MATCH,current ticker or security_id matches frozen current 500
1249,KBS:HNX:PSI,PSI,HNX,CTCP Chứng khoán Dầu khí,stock,CURRENT_500_EXCLUDED,HNX,UNAVAILABLE,UNAVAILABLE,HNX,UNAVAILABLE,CURRENT_LISTING_ONLY,KBS_CURRENT_LISTING,CURRENT_500_MATCH,current ticker or security_id matches frozen current 500
1250,KBS:HNX:PTD,PTD,HNX,CTCP Thiết kế Xây dựng Thương mại Phúc Thịnh,stock,CURRENT_500_EXCLUDED,HNX,UNAVAILABLE,UNAVAILABLE,HNX,UNAVAILABLE,CURRENT_LISTING_ONLY,KBS_CURRENT_LISTING,CURRENT_500_MATCH,current ticker or security_id matches frozen current 500
1251,KBS:HNX:PV2,PV2,HNX,CTCP Genea Capital,stock,CURRENT_500_EXCLUDED,HNX,UNAVAILABLE,UNAVAILABLE,HNX,UNAVAILABLE,CURRENT_LISTING_ONLY,KBS_CURRENT_LISTING,CURRENT_500_MATCH,current ticker or security_id matches frozen current 500
1252,KBS:HNX:PVB,PVB,HNX,CTCP Bọc ống Dầu khí Việt Nam,stock,CURRENT_500_EXCLUDED,HNX,UNAVAILABLE,UNAVAILABLE,HNX,UNAVAILABLE,CURRENT_LISTING_ONLY,KBS_CURRENT_LISTING,CURRENT_500_MATCH,current ticker or security_id matches frozen current 500
1253,KBS:HNX:PVG,PVG,HNX,CTCP Kinh doanh LPG Việt Nam,stock,CURRENT_500_EXCLUDED,HNX,UNAVAILABLE,UNAVAILABLE,HNX,UNAVAILABLE,CURRENT_LISTING_ONLY,KBS_CURRENT_LISTING,CURRENT_500_MATCH,current ticker or security_id matches frozen current 500
1254,KBS:HNX:PVI,PVI,HNX,CTCP PVI,stock,CURRENT_500_EXCLUDED,HNX,UNAVAILABLE,UNAVAILABLE,HNX,UNAVAILABLE,CURRENT_LISTING_ONLY,KBS_CURRENT_LISTING,CURRENT_500_MATCH,current ticker or security_id matches frozen current 500
1255,KBS:HNX:PVS,PVS,HNX,Tổng Công ty cổ phần Dịch vụ Kỹ thuật Dầu khí Việt Nam,stock,IDENTITY_DUPLICATE_EXCLUDED,HNX,UNAVAILABLE,UNAVAILABLE,HNX,UNAVAILABLE,CURRENT_LISTING_ONLY,KBS_CURRENT_LISTING,REVIEWED_ALIAS_MATCH,reviewed historical identity interval matches frozen current 500
1256,KBS:HNX:S55,S55,HNX,CTCP Sông Đà 505,stock,CURRENT_500_EXCLUDED,HNX,UNAVAILABLE,UNAVAILABLE,HNX,UNAVAILABLE,CURRENT_LISTING_ONLY,KBS_CURRENT_LISTING,CURRENT_500_MATCH,current ticker or security_id matches frozen current 500
1257,KBS:HNX:S99,S99,HNX,CTCP SCI,stock,CURRENT_500_EXCLUDED,HNX,UNAVAILABLE,UNAVAILABLE,HNX,UNAVAILABLE,CURRENT_LISTING_ONLY,KBS_CURRENT_LISTING,CURRENT_500_MATCH,current ticker or security_id matches frozen current 500
1258,KBS:HNX:SAF,SAF,HNX,CTCP Lương thực Thực phẩm Safoco,stock,CURRENT_500_EXCLUDED,HNX,UNAVAILABLE,UNAVAILABLE,HNX,UNAVAILABLE,CURRENT_LISTING_ONLY,KBS_CURRENT_LISTING,CURRENT_500_MATCH,current ticker or security_id matches frozen current 500
1259,KBS:HNX:SD5,SD5,HNX,CTCP Sông Đà 5,stock,CURRENT_500_EXCLUDED,HNX,UNAVAILABLE,UNAVAILABLE,HNX,UNAVAILABLE,CURRENT_LISTING_ONLY,KBS_CURRENT_LISTING,CURRENT_500_MATCH,current ticker or security_id matches frozen current 500
1260,KBS:HNX:SEB,SEB,HNX,CTCP Đầu tư và Phát triển Điện Miền Trung,stock,CURRENT_500_EXCLUDED,HNX,UNAVAILABLE,UNAVAILABLE,HNX,UNAVAILABLE,CURRENT_LISTING_ONLY,KBS_CURRENT_LISTING,CURRENT_500_MATCH,current ticker or security_id matches frozen current 500
1261,KBS:HNX:SED,SED,HNX,CTCP Đầu tư và Phát triển Giáo dục Phương Nam,stock,CURRENT_500_EXCLUDED,HNX,UNAVAILABLE,UNAVAILABLE,HNX,UNAVAILABLE,CURRENT_LISTING_ONLY,KBS_CURRENT_LISTING,CURRENT_500_MATCH,current ticker or security_id matches frozen current 500
1262,KBS:HNX:SGD,SGD,HNX,CTCP Sách Giáo dục tại Thành phố Hồ Chí Minh,stock,CURRENT_500_EXCLUDED,HNX,UNAVAILABLE,UNAVAILABLE,HNX,UNAVAILABLE,CURRENT_LISTING_ONLY,KBS_CURRENT_LISTING,CURRENT_500_MATCH,current ticker or security_id matches frozen current 500
1263,KBS:HNX:SJE,SJE,HNX,CTCP Sông Đà 11,stock,CURRENT_500_EXCLUDED,HNX,UNAVAILABLE,UNAVAILABLE,HNX,UNAVAILABLE,CURRENT_LISTING_ONLY,KBS_CURRENT_LISTING,CURRENT_500_MATCH,current ticker or security_id matches frozen current 500
1264,KBS:HNX:SLS,SLS,HNX,CTCP Mía Đường Sơn La,stock,CURRENT_500_EXCLUDED,HNX,UNAVAILABLE,UNAVAILABLE,HNX,UNAVAILABLE,CURRENT_LISTING_ONLY,KBS_CURRENT_LISTING,CURRENT_500_MATCH,current ticker or security_id matches frozen current 500
1265,KBS:HNX:STP,STP,HNX,CTCP Công nghiệp Thương mại Sông Đà,stock,CURRENT_500_EXCLUDED,HNX,UNAVAILABLE,UNAVAILABLE,HNX,UNAVAILABLE,CURRENT_LISTING_ONLY,KBS_CURRENT_LISTING,CURRENT_500_MATCH,current ticker or security_id matches frozen current 500
1266,KBS:HNX:SVN,SVN,HNX,CTCP Tập đoàn Vexilla Việt Nam,stock,CURRENT_500_EXCLUDED,HNX,UNAVAILABLE,UNAVAILABLE,HNX,UNAVAILABLE,CURRENT_LISTING_ONLY,KBS_CURRENT_LISTING,CURRENT_500_MATCH,current ticker or security_id matches frozen current 500
1267,KBS:HNX:TDT,TDT,HNX,CTCP Đầu tư và Phát triển TDT,stock,CURRENT_500_EXCLUDED,HNX,UNAVAILABLE,UNAVAILABLE,HNX,UNAVAILABLE,CURRENT_LISTING_ONLY,KBS_CURRENT_LISTING,CURRENT_500_MATCH,current ticker or security_id matches frozen current 500
1268,KBS:HNX:THT,THT,HNX,CTCP Than Hà Tu - Vinacomin,stock,CURRENT_500_EXCLUDED,HNX,UNAVAILABLE,UNAVAILABLE,HNX,UNAVAILABLE,CURRENT_LISTING_ONLY,KBS_CURRENT_LISTING,CURRENT_500_MATCH,current ticker or security_id matches frozen current 500
1269,KBS:HNX:TIG,TIG,HNX,CTCP Tập đoàn Đầu tư Thăng Long,stock,CURRENT_500_EXCLUDED,HNX,UNAVAILABLE,UNAVAILABLE,HNX,UNAVAILABLE,CURRENT_LISTING_ONLY,KBS_CURRENT_LISTING,CURRENT_500_MATCH,current ticker or security_id matches frozen current 500
1270,KBS:HNX:TKU,TKU,HNX,CTCP Công nghiệp Tung Kuang,stock,CURRENT_500_EXCLUDED,HNX,UNAVAILABLE,UNAVAILABLE,HNX,UNAVAILABLE,CURRENT_LISTING_ONLY,KBS_CURRENT_LISTING,CURRENT_500_MATCH,current ticker or security_id matches frozen current 500
1271,KBS:HNX:TMX,TMX,HNX,CTCP VICEM Thương mại Xi măng,stock,CURRENT_500_EXCLUDED,HNX,UNAVAILABLE,UNAVAILABLE,HNX,UNAVAILABLE,CURRENT_LISTING_ONLY,KBS_CURRENT_LISTING,CURRENT_500_MATCH,current ticker or security_id matches frozen current 500
1272,KBS:HNX:TNG,TNG,HNX,CTCP Đầu tư và Thương mại TNG,stock,IDENTITY_DUPLICATE_EXCLUDED,HNX,UNAVAILABLE,UNAVAILABLE,HNX,UNAVAILABLE,CURRENT_LISTING_ONLY,KBS_CURRENT_LISTING,REVIEWED_ALIAS_MATCH,reviewed historical identity interval matches frozen current 500
1273,KBS:HNX:TTH,TTH,HNX,CTCP Thương mại và Dịch vụ Tiến Thành,stock,CURRENT_500_EXCLUDED,HNX,UNAVAILABLE,UNAVAILABLE,HNX,UNAVAILABLE,CURRENT_LISTING_ONLY,KBS_CURRENT_LISTING,CURRENT_500_MATCH,current ticker or security_id matches frozen current 500
1274,KBS:HNX:TTT,TTT,HNX,CTCP Du lịch - Thương mại Tây Ninh,stock,CURRENT_500_EXCLUDED,HNX,UNAVAILABLE,UNAVAILABLE,HNX,UNAVAILABLE,CURRENT_LISTING_ONLY,KBS_CURRENT_LISTING,CURRENT_500_MATCH,current ticker or security_id matches frozen current 500
1275,KBS:HNX:TV3,TV3,HNX,CTCP Tư vấn Xây dựng Điện 3,stock,CURRENT_500_EXCLUDED,HNX,UNAVAILABLE,UNAVAILABLE,HNX,UNAVAILABLE,CURRENT_LISTING_ONLY,KBS_CURRENT_LISTING,CURRENT_500_MATCH,current ticker or security_id matches frozen current 500
1276,KBS:HNX:UNI,UNI,HNX,CTCP Đầu Tư Và Phát Triển Sao Mai Việt,stock,CURRENT_500_EXCLUDED,HNX,UNAVAILABLE,UNAVAILABLE,HNX,UNAVAILABLE,CURRENT_LISTING_ONLY,KBS_CURRENT_LISTING,CURRENT_500_MATCH,current ticker or security_id matches frozen current 500
1277,KBS:HNX:V12,V12,HNX,CTCP Xây dựng Số 12,stock,CURRENT_500_EXCLUDED,HNX,UNAVAILABLE,UNAVAILABLE,HNX,UNAVAILABLE,CURRENT_LISTING_ONLY,KBS_CURRENT_LISTING,CURRENT_500_MATCH,current ticker or security_id matches frozen current 500
1278,KBS:HNX:V21,V21,HNX,CTCP Vinaconex 21,stock,CURRENT_500_EXCLUDED,HNX,UNAVAILABLE,UNAVAILABLE,HNX,UNAVAILABLE,CURRENT_LISTING_ONLY,KBS_CURRENT_LISTING,CURRENT_500_MATCH,current ticker or security_id matches frozen current 500
1279,KBS:HNX:VC7,VC7,HNX,CTCP Tập đoàn BGI,stock,CURRENT_500_EXCLUDED,HNX,UNAVAILABLE,UNAVAILABLE,HNX,UNAVAILABLE,CURRENT_LISTING_ONLY,KBS_CURRENT_LISTING,CURRENT_500_MATCH,current ticker or security_id matches frozen current 500
1280,KBS:HNX:VC9,VC9,HNX,CTCP Xây dựng số 9 - VC9,stock,CURRENT_500_EXCLUDED,HNX,UNAVAILABLE,UNAVAILABLE,HNX,UNAVAILABLE,CURRENT_LISTING_ONLY,KBS_CURRENT_LISTING,CURRENT_500_MATCH,current ticker or security_id matches frozen current 500
1281,KBS:HNX:VCS,VCS,HNX,CTCP Vicostone,stock,CURRENT_500_EXCLUDED,HNX,UNAVAILABLE,UNAVAILABLE,HNX,UNAVAILABLE,CURRENT_LISTING_ONLY,KBS_CURRENT_LISTING,CURRENT_500_MATCH,current ticker or security_id matches frozen current 500
1282,KBS:HNX:VE3,VE3,HNX,CTCP Xây dựng Điện VNECO 3,stock,CURRENT_500_EXCLUDED,HNX,UNAVAILABLE,UNAVAILABLE,HNX,UNAVAILABLE,CURRENT_LISTING_ONLY,KBS_CURRENT_LISTING,CURRENT_500_MATCH,current ticker or security_id matches frozen current 500
1283,KBS:HNX:VFS,VFS,HNX,CTCP Chứng khoán Nhất Việt,stock,CURRENT_500_EXCLUDED,HNX,UNAVAILABLE,UNAVAILABLE,HNX,UNAVAILABLE,CURRENT_LISTING_ONLY,KBS_CURRENT_LISTING,CURRENT_500_MATCH,current ticker or security_id matches frozen current 500
1284,KBS:HNX:VGP,VGP,HNX,CTCP Cảng Rau Quả,stock,CURRENT_500_EXCLUDED,HNX,UNAVAILABLE,UNAVAILABLE,HNX,UNAVAILABLE,CURRENT_LISTING_ONLY,KBS_CURRENT_LISTING,CURRENT_500_MATCH,current ticker or security_id matches frozen current 500
1285,KBS:HNX:VHE,VHE,HNX,CTCP Dược liệu và Thực phẩm Việt Nam,stock,CURRENT_500_EXCLUDED,HNX,UNAVAILABLE,UNAVAILABLE,HNX,UNAVAILABLE,CURRENT_LISTING_ONLY,KBS_CURRENT_LISTING,CURRENT_500_MATCH,current ticker or security_id matches frozen current 500
1286,KBS:HNX:VIG,VIG,HNX,CTCP Chứng khoán Đầu tư tài chính Việt Nam,stock,CURRENT_500_EXCLUDED,HNX,UNAVAILABLE,UNAVAILABLE,HNX,UNAVAILABLE,CURRENT_LISTING_ONLY,KBS_CURRENT_LISTING,CURRENT_500_MATCH,current ticker or security_id matches frozen current 500
1287,KBS:HNX:VMC,VMC,HNX,CTCP Vimeco,stock,CURRENT_500_EXCLUDED,HNX,UNAVAILABLE,UNAVAILABLE,HNX,UNAVAILABLE,CURRENT_LISTING_ONLY,KBS_CURRENT_LISTING,CURRENT_500_MATCH,current ticker or security_id matches frozen current 500
1288,KBS:HNX:VNT,VNT,HNX,CTCP Giao nhận Vận tải Ngoại thương,stock,CURRENT_500_EXCLUDED,HNX,UNAVAILABLE,UNAVAILABLE,HNX,UNAVAILABLE,CURRENT_LISTING_ONLY,KBS_CURRENT_LISTING,CURRENT_500_MATCH,current ticker or security_id matches frozen current 500
1289,KBS:HNX:VSA,VSA,HNX,CTCP Đại lý Hàng hải Việt Nam,stock,CURRENT_500_EXCLUDED,HNX,UNAVAILABLE,UNAVAILABLE,HNX,UNAVAILABLE,CURRENT_LISTING_ONLY,KBS_CURRENT_LISTING,CURRENT_500_MATCH,current ticker or security_id matches frozen current 500
1290,KBS:HNX:VTC,VTC,HNX,CTCP Viễn thông VTC,stock,CURRENT_500_EXCLUDED,HNX,UNAVAILABLE,UNAVAILABLE,HNX,UNAVAILABLE,CURRENT_LISTING_ONLY,KBS_CURRENT_LISTING,CURRENT_500_MATCH,current ticker or security_id matches frozen current 500
1291,KBS:HNX:VTH,VTH,HNX,CTCP Dây cáp Điện Việt Thái,stock,CURRENT_500_EXCLUDED,HNX,UNAVAILABLE,UNAVAILABLE,HNX,UNAVAILABLE,CURRENT_LISTING_ONLY,KBS_CURRENT_LISTING,CURRENT_500_MATCH,current ticker or security_id matches frozen current 500
1292,KBS:HNX:VTV,VTV,HNX,CTCP Năng lượng và Môi trường VICEM,stock,CURRENT_500_EXCLUDED,HNX,UNAVAILABLE,UNAVAILABLE,HNX,UNAVAILABLE,CURRENT_LISTING_ONLY,KBS_CURRENT_LISTING,CURRENT_500_MATCH,current ticker or security_id matches frozen current 500
1293,KBS:HNX:VTZ,VTZ,HNX,CTCP Sản xuất và Thương mại Nhựa Việt Thành,stock,CURRENT_500_EXCLUDED,HNX,UNAVAILABLE,UNAVAILABLE,HNX,UNAVAILABLE,CURRENT_LISTING_ONLY,KBS_CURRENT_LISTING,CURRENT_500_MATCH,current ticker or security_id matches frozen current 500
1294,KBS:HNX:WSS,WSS,HNX,CTCP Chứng khoán Phố Wall,stock,CURRENT_500_EXCLUDED,HNX,UNAVAILABLE,UNAVAILABLE,HNX,UNAVAILABLE,CURRENT_LISTING_ONLY,KBS_CURRENT_LISTING,CURRENT_500_MATCH,current ticker or security_id matches frozen current 500
1295,KBS:HNX:X20,X20,HNX,CTCP X20,stock,CURRENT_500_EXCLUDED,HNX,UNAVAILABLE,UNAVAILABLE,HNX,UNAVAILABLE,CURRENT_LISTING_ONLY,KBS_CURRENT_LISTING,CURRENT_500_MATCH,current ticker or security_id matches frozen current 500
1296,KBS:UPCOM:A32,A32,UPCOM,CTCP 32,stock,CURRENT_500_EXCLUDED,UPCOM,UNAVAILABLE,UNAVAILABLE,UPCOM,UNAVAILABLE,CURRENT_LISTING_ONLY,KBS_CURRENT_LISTING,CURRENT_500_MATCH,current ticker or security_id matches frozen current 500
1297,KBS:UPCOM:AAS,AAS,UPCOM,CTCP Chứng khoán SmartInvest,stock,CURRENT_500_EXCLUDED,UPCOM,UNAVAILABLE,UNAVAILABLE,UPCOM,UNAVAILABLE,CURRENT_LISTING_ONLY,KBS_CURRENT_LISTING,CURRENT_500_MATCH,current ticker or security_id matches frozen current 500
1298,KBS:UPCOM:AAV,AAV,UPCOM,CTCP AAV Group,stock,CURRENT_500_EXCLUDED,UPCOM,UNAVAILABLE,UNAVAILABLE,UPCOM,UNAVAILABLE,CURRENT_LISTING_ONLY,KBS_CURRENT_LISTING,CURRENT_500_MATCH,current ticker or security_id matches frozen current 500
1299,KBS:UPCOM:ABI,ABI,UPCOM,CTCP Bảo hiểm Ngân hàng Nông nghiệp Việt Nam,stock,CURRENT_500_EXCLUDED,UPCOM,UNAVAILABLE,UNAVAILABLE,UPCOM,UNAVAILABLE,CURRENT_LISTING_ONLY,KBS_CURRENT_LISTING,CURRENT_500_MATCH,current ticker or security_id matches frozen current 500
1300,KBS:UPCOM:ABW,ABW,UPCOM,CTCP Chứng khoán An Bình,stock,CURRENT_500_EXCLUDED,UPCOM,UNAVAILABLE,UNAVAILABLE,UPCOM,UNAVAILABLE,CURRENT_LISTING_ONLY,KBS_CURRENT_LISTING,CURRENT_500_MATCH,current ticker or security_id matches frozen current 500
1301,KBS:UPCOM:ACS,ACS,UPCOM,CTCP Xây lắp Thương mại 2,stock,CURRENT_500_EXCLUDED,UPCOM,UNAVAILABLE,UNAVAILABLE,UPCOM,UNAVAILABLE,CURRENT_LISTING_ONLY,KBS_CURRENT_LISTING,CURRENT_500_MATCH,current ticker or security_id matches frozen current 500
1302,KBS:UPCOM:ACV,ACV,UPCOM,Tổng Công ty Cảng Hàng không Việt Nam - CTCP,stock,CURRENT_500_EXCLUDED,UPCOM,UNAVAILABLE,UNAVAILABLE,UPCOM,UNAVAILABLE,CURRENT_LISTING_ONLY,KBS_CURRENT_LISTING,CURRENT_500_MATCH,current ticker or security_id matches frozen current 500
1303,KBS:UPCOM:AG1,AG1,UPCOM,CTCP 28.1,stock,CURRENT_500_EXCLUDED,UPCOM,UNAVAILABLE,UNAVAILABLE,UPCOM,UNAVAILABLE,CURRENT_LISTING_ONLY,KBS_CURRENT_LISTING,CURRENT_500_MATCH,current ticker or security_id matches frozen current 500
1304,KBS:UPCOM:AGX,AGX,UPCOM,CTCP Thực phẩm Nông Sản xuất khẩu Sài Gòn,stock,CURRENT_500_EXCLUDED,UPCOM,UNAVAILABLE,UNAVAILABLE,UPCOM,UNAVAILABLE,CURRENT_LISTING_ONLY,KBS_CURRENT_LISTING,CURRENT_500_MATCH,current ticker or security_id matches frozen current 500
1305,KBS:UPCOM:AIC,AIC,UPCOM,Tổng Công ty Cổ phần Bảo hiểm DBV,stock,CURRENT_500_EXCLUDED,UPCOM,UNAVAILABLE,UNAVAILABLE,UPCOM,UNAVAILABLE,CURRENT_LISTING_ONLY,KBS_CURRENT_LISTING,CURRENT_500_MATCH,current ticker or security_id matches frozen current 500
1306,KBS:UPCOM:ALV,ALV,UPCOM,CTCP Tập đoàn MCST,stock,CURRENT_500_EXCLUDED,UPCOM,UNAVAILABLE,UNAVAILABLE,UPCOM,UNAVAILABLE,CURRENT_LISTING_ONLY,KBS_CURRENT_LISTING,CURRENT_500_MATCH,current ticker or security_id matches frozen current 500
1307,KBS:UPCOM:ATG,ATG,UPCOM,CTCP ATG Planet,stock,CURRENT_500_EXCLUDED,UPCOM,UNAVAILABLE,UNAVAILABLE,UPCOM,UNAVAILABLE,CURRENT_LISTING_ONLY,KBS_CURRENT_LISTING,CURRENT_500_MATCH,current ticker or security_id matches frozen current 500
1308,KBS:UPCOM:BHP,BHP,UPCOM,CTCP Bia Hà Nội - Hải Phòng,stock,CURRENT_500_EXCLUDED,UPCOM,UNAVAILABLE,UNAVAILABLE,UPCOM,UNAVAILABLE,CURRENT_LISTING_ONLY,KBS_CURRENT_LISTING,CURRENT_500_MATCH,current ticker or security_id matches frozen current 500
1309,KBS:UPCOM:BIG,BIG,UPCOM,CTCP Tập đoàn Đầu tư Big,stock,CURRENT_500_EXCLUDED,UPCOM,UNAVAILABLE,UNAVAILABLE,UPCOM,UNAVAILABLE,CURRENT_LISTING_ONLY,KBS_CURRENT_LISTING,CURRENT_500_MATCH,current ticker or security_id matches frozen current 500
1310,KBS:UPCOM:BIO,BIO,UPCOM,CTCP Vắc xin và Sinh phẩm Nha Trang,stock,CURRENT_500_EXCLUDED,UPCOM,UNAVAILABLE,UNAVAILABLE,UPCOM,UNAVAILABLE,CURRENT_LISTING_ONLY,KBS_CURRENT_LISTING,CURRENT_500_MATCH,current ticker or security_id matches frozen current 500
1311,KBS:UPCOM:BLN,BLN,UPCOM,CTCP Vận tải và Dịch vụ Liên Ninh,stock,CURRENT_500_EXCLUDED,UPCOM,UNAVAILABLE,UNAVAILABLE,UPCOM,UNAVAILABLE,CURRENT_LISTING_ONLY,KBS_CURRENT_LISTING,CURRENT_500_MATCH,current ticker or security_id matches frozen current 500
1312,KBS:UPCOM:BMF,BMF,UPCOM,CTCP Vật liệu Xây dựng và Chất đốt Đồng Nai,stock,CURRENT_500_EXCLUDED,UPCOM,UNAVAILABLE,UNAVAILABLE,UPCOM,UNAVAILABLE,CURRENT_LISTING_ONLY,KBS_CURRENT_LISTING,CURRENT_500_MATCH,current ticker or security_id matches frozen current 500
1313,KBS:UPCOM:BMV,BMV,UPCOM,CTCP Bột mỳ Vinafood 1,stock,CURRENT_500_EXCLUDED,UPCOM,UNAVAILABLE,UNAVAILABLE,UPCOM,UNAVAILABLE,CURRENT_LISTING_ONLY,KBS_CURRENT_LISTING,CURRENT_500_MATCH,current ticker or security_id matches frozen current 500
1314,KBS:UPCOM:BRS,BRS,UPCOM,CTCP Dịch vụ Đô thị Bà Rịa,stock,CURRENT_500_EXCLUDED,UPCOM,UNAVAILABLE,UNAVAILABLE,UPCOM,UNAVAILABLE,CURRENT_LISTING_ONLY,KBS_CURRENT_LISTING,CURRENT_500_MATCH,current ticker or security_id matches frozen current 500
1315,KBS:UPCOM:BSH,BSH,UPCOM,CTCP Bia Sài Gòn - Hà Nội,stock,CURRENT_500_EXCLUDED,UPCOM,UNAVAILABLE,UNAVAILABLE,UPCOM,UNAVAILABLE,CURRENT_LISTING_ONLY,KBS_CURRENT_LISTING,CURRENT_500_MATCH,current ticker or security_id matches frozen current 500
1316,KBS:UPCOM:BSL,BSL,UPCOM,CTCP Bia Sài Gòn - Sông Lam,stock,CURRENT_500_EXCLUDED,UPCOM,UNAVAILABLE,UNAVAILABLE,UPCOM,UNAVAILABLE,CURRENT_LISTING_ONLY,KBS_CURRENT_LISTING,CURRENT_500_MATCH,current ticker or security_id matches frozen current 500
1317,KBS:UPCOM:BSP,BSP,UPCOM,CTCP Bia Sài Gòn - Phú Thọ,stock,CURRENT_500_EXCLUDED,UPCOM,UNAVAILABLE,UNAVAILABLE,UPCOM,UNAVAILABLE,CURRENT_LISTING_ONLY,KBS_CURRENT_LISTING,CURRENT_500_MATCH,current ticker or security_id matches frozen current 500
1318,KBS:UPCOM:BSQ,BSQ,UPCOM,CTCP Bia Sài Gòn - Quảng Ngãi,stock,CURRENT_500_EXCLUDED,UPCOM,UNAVAILABLE,UNAVAILABLE,UPCOM,UNAVAILABLE,CURRENT_LISTING_ONLY,KBS_CURRENT_LISTING,CURRENT_500_MATCH,current ticker or security_id matches frozen current 500
1319,KBS:UPCOM:BTU,BTU,UPCOM,CTCP Công trình Đô thị Bến Tre,stock,CURRENT_500_EXCLUDED,UPCOM,UNAVAILABLE,UNAVAILABLE,UPCOM,UNAVAILABLE,CURRENT_LISTING_ONLY,KBS_CURRENT_LISTING,CURRENT_500_MATCH,current ticker or security_id matches frozen current 500
1320,KBS:UPCOM:BVG,BVG,UPCOM,CTCP Group Bắc Việt,stock,CURRENT_500_EXCLUDED,UPCOM,UNAVAILABLE,UNAVAILABLE,UPCOM,UNAVAILABLE,CURRENT_LISTING_ONLY,KBS_CURRENT_LISTING,CURRENT_500_MATCH,current ticker or security_id matches frozen current 500
1321,KBS:UPCOM:C4G,C4G,UPCOM,CTCP Tập đoàn CIENCO4,stock,CURRENT_500_EXCLUDED,UPCOM,UNAVAILABLE,UNAVAILABLE,UPCOM,UNAVAILABLE,CURRENT_LISTING_ONLY,KBS_CURRENT_LISTING,CURRENT_500_MATCH,current ticker or security_id matches frozen current 500
1322,KBS:UPCOM:C92,C92,UPCOM,CTCP Xây dựng và Đầu tư 492,stock,CURRENT_500_EXCLUDED,UPCOM,UNAVAILABLE,UNAVAILABLE,UPCOM,UNAVAILABLE,CURRENT_LISTING_ONLY,KBS_CURRENT_LISTING,CURRENT_500_MATCH,current ticker or security_id matches frozen current 500
1323,KBS:UPCOM:CAT,CAT,UPCOM,CTCP Thủy sản Cà Mau,stock,CURRENT_500_EXCLUDED,UPCOM,UNAVAILABLE,UNAVAILABLE,UPCOM,UNAVAILABLE,CURRENT_LISTING_ONLY,KBS_CURRENT_LISTING,CURRENT_500_MATCH,current ticker or security_id matches frozen current 500
1324,KBS:UPCOM:CBI,CBI,UPCOM,CTCP Gang thép Cao Bằng,stock,CURRENT_500_EXCLUDED,UPCOM,UNAVAILABLE,UNAVAILABLE,UPCOM,UNAVAILABLE,CURRENT_LISTING_ONLY,KBS_CURRENT_LISTING,CURRENT_500_MATCH,current ticker or security_id matches frozen current 500
1325,KBS:UPCOM:CBS,CBS,UPCOM,CTCP Mía Đường Cao Bằng,stock,CURRENT_500_EXCLUDED,UPCOM,UNAVAILABLE,UNAVAILABLE,UPCOM,UNAVAILABLE,CURRENT_LISTING_ONLY,KBS_CURRENT_LISTING,CURRENT_500_MATCH,current ticker or security_id matches frozen current 500
1326,KBS:UPCOM:CC1,CC1,UPCOM,Tổng Công ty Xây dựng Số 1 - CTCP,stock,CURRENT_500_EXCLUDED,UPCOM,UNAVAILABLE,UNAVAILABLE,UPCOM,UNAVAILABLE,CURRENT_LISTING_ONLY,KBS_CURRENT_LISTING,CURRENT_500_MATCH,current ticker or security_id matches frozen current 500
1327,KBS:UPCOM:CDR,CDR,UPCOM,CTCP Xây dựng Cao su Đồng Nai,stock,CURRENT_500_EXCLUDED,UPCOM,UNAVAILABLE,UNAVAILABLE,UPCOM,UNAVAILABLE,CURRENT_LISTING_ONLY,KBS_CURRENT_LISTING,CURRENT_500_MATCH,current ticker or security_id matches frozen current 500
1328,KBS:UPCOM:CHS,CHS,UPCOM,CTCP Chiếu sáng Công cộng Thành phố Hồ Chí Minh,stock,CURRENT_500_EXCLUDED,UPCOM,UNAVAILABLE,UNAVAILABLE,UPCOM,UNAVAILABLE,CURRENT_LISTING_ONLY,KBS_CURRENT_LISTING,CURRENT_500_MATCH,current ticker or security_id matches frozen current 500
1329,KBS:UPCOM:CI5,CI5,UPCOM,CTCP Đầu Tư Xây dựng Số 5,stock,CURRENT_500_EXCLUDED,UPCOM,UNAVAILABLE,UNAVAILABLE,UPCOM,UNAVAILABLE,CURRENT_LISTING_ONLY,KBS_CURRENT_LISTING,CURRENT_500_MATCH,current ticker or security_id matches frozen current 500
1330,KBS:UPCOM:CID,CID,UPCOM,CTCP Xây dựng và Phát triển Cơ sở Hạ tầng,stock,CURRENT_500_EXCLUDED,UPCOM,UNAVAILABLE,UNAVAILABLE,UPCOM,UNAVAILABLE,CURRENT_LISTING_ONLY,KBS_CURRENT_LISTING,CURRENT_500_MATCH,current ticker or security_id matches frozen current 500
1331,KBS:UPCOM:CKA,CKA,UPCOM,CTCP Cơ Khí An Giang,stock,CURRENT_500_EXCLUDED,UPCOM,UNAVAILABLE,UNAVAILABLE,UPCOM,UNAVAILABLE,CURRENT_LISTING_ONLY,KBS_CURRENT_LISTING,CURRENT_500_MATCH,current ticker or security_id matches frozen current 500
1332,KBS:UPCOM:CKD,CKD,UPCOM,CTCP Cơ khí Đông Anh LICOGI,stock,CURRENT_500_EXCLUDED,UPCOM,UNAVAILABLE,UNAVAILABLE,UPCOM,UNAVAILABLE,CURRENT_LISTING_ONLY,KBS_CURRENT_LISTING,CURRENT_500_MATCH,current ticker or security_id matches frozen current 500
1333,KBS:UPCOM:CLX,CLX,UPCOM,CTCP Xuất nhập khẩu và Đầu tư Chợ Lớn (CHOLIMEX),stock,CURRENT_500_EXCLUDED,UPCOM,UNAVAILABLE,UNAVAILABLE,UPCOM,UNAVAILABLE,CURRENT_LISTING_ONLY,KBS_CURRENT_LISTING,CURRENT_500_MATCH,current ticker or security_id matches frozen current 500
1334,KBS:UPCOM:CMD,CMD,UPCOM,CTCP Vật liệu Xây dựng và Trang trí nội thất Thành phố Hồ Chí Minh,stock,CURRENT_500_EXCLUDED,UPCOM,UNAVAILABLE,UNAVAILABLE,UPCOM,UNAVAILABLE,CURRENT_LISTING_ONLY,KBS_CURRENT_LISTING,CURRENT_500_MATCH,current ticker or security_id matches frozen current 500
1335,KBS:UPCOM:CMF,CMF,UPCOM,CTCP Thực phẩm Cholimex,stock,CURRENT_500_EXCLUDED,UPCOM,UNAVAILABLE,UNAVAILABLE,UPCOM,UNAVAILABLE,CURRENT_LISTING_ONLY,KBS_CURRENT_LISTING,CURRENT_500_MATCH,current ticker or security_id matches frozen current 500
1336,KBS:UPCOM:CMI,CMI,UPCOM,CTCP CMISTONE Việt Nam,stock,CURRENT_500_EXCLUDED,UPCOM,UNAVAILABLE,UNAVAILABLE,UPCOM,UNAVAILABLE,CURRENT_LISTING_ONLY,KBS_CURRENT_LISTING,CURRENT_500_MATCH,current ticker or security_id matches frozen current 500
1337,KBS:UPCOM:CNC,CNC,UPCOM,CTCP Công nghệ Cao Traphaco,stock,CURRENT_500_EXCLUDED,UPCOM,UNAVAILABLE,UNAVAILABLE,UPCOM,UNAVAILABLE,CURRENT_LISTING_ONLY,KBS_CURRENT_LISTING,CURRENT_500_MATCH,current ticker or security_id matches frozen current 500
1338,KBS:UPCOM:CNN,CNN,UPCOM,"CTCP Tư vấn Công nghệ, Thiết bị và Kiểm Định Xây dựng - Coninco",stock,CURRENT_500_EXCLUDED,UPCOM,UNAVAILABLE,UNAVAILABLE,UPCOM,UNAVAILABLE,CURRENT_LISTING_ONLY,KBS_CURRENT_LISTING,CURRENT_500_MATCH,current ticker or security_id matches frozen current 500
1339,KBS:UPCOM:CNT,CNT,UPCOM,CTCP Tập đoàn CNT,stock,CURRENT_500_EXCLUDED,UPCOM,UNAVAILABLE,UNAVAILABLE,UPCOM,UNAVAILABLE,CURRENT_LISTING_ONLY,KBS_CURRENT_LISTING,CURRENT_500_MATCH,current ticker or security_id matches frozen current 500
1340,KBS:UPCOM:CPI,CPI,UPCOM,CTCP Đầu tư Cảng Cái Lân,stock,CURRENT_500_EXCLUDED,UPCOM,UNAVAILABLE,UNAVAILABLE,UPCOM,UNAVAILABLE,CURRENT_LISTING_ONLY,KBS_CURRENT_LISTING,CURRENT_500_MATCH,current ticker or security_id matches frozen current 500
1341,KBS:UPCOM:CQT,CQT,UPCOM,CTCP Xi măng Quán Triều VVMI,stock,CURRENT_500_EXCLUDED,UPCOM,UNAVAILABLE,UNAVAILABLE,UPCOM,UNAVAILABLE,CURRENT_LISTING_ONLY,KBS_CURRENT_LISTING,CURRENT_500_MATCH,current ticker or security_id matches frozen current 500
1342,KBS:UPCOM:CTW,CTW,UPCOM,CTCP Cấp thoát nước Cần Thơ,stock,CURRENT_500_EXCLUDED,UPCOM,UNAVAILABLE,UNAVAILABLE,UPCOM,UNAVAILABLE,CURRENT_LISTING_ONLY,KBS_CURRENT_LISTING,CURRENT_500_MATCH,current ticker or security_id matches frozen current 500
1343,KBS:UPCOM:CVN,CVN,UPCOM,CTCP Vinam,stock,CURRENT_500_EXCLUDED,UPCOM,UNAVAILABLE,UNAVAILABLE,UPCOM,UNAVAILABLE,CURRENT_LISTING_ONLY,KBS_CURRENT_LISTING,CURRENT_500_MATCH,current ticker or security_id matches frozen current 500
1344,KBS:UPCOM:DC1,DC1,UPCOM,CTCP Đầu tư Phát triển Xây dựng Số 1,stock,CURRENT_500_EXCLUDED,UPCOM,UNAVAILABLE,UNAVAILABLE,UPCOM,UNAVAILABLE,CURRENT_LISTING_ONLY,KBS_CURRENT_LISTING,CURRENT_500_MATCH,current ticker or security_id matches frozen current 500
1345,KBS:UPCOM:DCT,DCT,UPCOM,CTCP Tấm lợp Vật liệu Xây dựng Đồng Nai,stock,CURRENT_500_EXCLUDED,UPCOM,UNAVAILABLE,UNAVAILABLE,UPCOM,UNAVAILABLE,CURRENT_LISTING_ONLY,KBS_CURRENT_LISTING,CURRENT_500_MATCH,current ticker or security_id matches frozen current 500
1346,KBS:UPCOM:DDH,DDH,UPCOM,CTCP Đảm bảo Giao thông Đường thủy Hải Phòng,stock,CURRENT_500_EXCLUDED,UPCOM,UNAVAILABLE,UNAVAILABLE,UPCOM,UNAVAILABLE,CURRENT_LISTING_ONLY,KBS_CURRENT_LISTING,CURRENT_500_MATCH,current ticker or security_id matches frozen current 500
1347,KBS:UPCOM:DDV,DDV,UPCOM,CTCP DAP - VINACHEM,stock,CURRENT_500_EXCLUDED,UPCOM,UNAVAILABLE,UNAVAILABLE,UPCOM,UNAVAILABLE,CURRENT_LISTING_ONLY,KBS_CURRENT_LISTING,CURRENT_500_MATCH,current ticker or security_id matches frozen current 500
1348,KBS:UPCOM:DHB,DHB,UPCOM,CTCP Phân đạm và Hóa chất Hà Bắc,stock,CURRENT_500_EXCLUDED,UPCOM,UNAVAILABLE,UNAVAILABLE,UPCOM,UNAVAILABLE,CURRENT_LISTING_ONLY,KBS_CURRENT_LISTING,CURRENT_500_MATCH,current ticker or security_id matches frozen current 500
1349,KBS:UPCOM:DID,DID,UPCOM,CTCP DIC - Đồng Tiến,stock,CURRENT_500_EXCLUDED,UPCOM,UNAVAILABLE,UNAVAILABLE,UPCOM,UNAVAILABLE,CURRENT_LISTING_ONLY,KBS_CURRENT_LISTING,CURRENT_500_MATCH,current ticker or security_id matches frozen current 500
1350,KBS:UPCOM:DNA,DNA,UPCOM,CTCP Điện Nước An Giang,stock,CURRENT_500_EXCLUDED,UPCOM,UNAVAILABLE,UNAVAILABLE,UPCOM,UNAVAILABLE,CURRENT_LISTING_ONLY,KBS_CURRENT_LISTING,CURRENT_500_MATCH,current ticker or security_id matches frozen current 500
1351,KBS:UPCOM:DNH,DNH,UPCOM,CTCP Thủy điện Đa Nhim - Hàm Thuận - Đa Mi,stock,CURRENT_500_EXCLUDED,UPCOM,UNAVAILABLE,UNAVAILABLE,UPCOM,UNAVAILABLE,CURRENT_LISTING_ONLY,KBS_CURRENT_LISTING,CURRENT_500_MATCH,current ticker or security_id matches frozen current 500
1352,KBS:UPCOM:DNL,DNL,UPCOM,CTCP Logistics Cảng Đà Nẵng,stock,CURRENT_500_EXCLUDED,UPCOM,UNAVAILABLE,UNAVAILABLE,UPCOM,UNAVAILABLE,CURRENT_LISTING_ONLY,KBS_CURRENT_LISTING,CURRENT_500_MATCH,current ticker or security_id matches frozen current 500
1353,KBS:UPCOM:DNW,DNW,UPCOM,CTCP Cấp nước Đồng Nai,stock,CURRENT_500_EXCLUDED,UPCOM,UNAVAILABLE,UNAVAILABLE,UPCOM,UNAVAILABLE,CURRENT_LISTING_ONLY,KBS_CURRENT_LISTING,CURRENT_500_MATCH,current ticker or security_id matches frozen current 500
1354,KBS:UPCOM:DP1,DP1,UPCOM,CTCP Dược phẩm Trung ương CPC1,stock,CURRENT_500_EXCLUDED,UPCOM,UNAVAILABLE,UNAVAILABLE,UPCOM,UNAVAILABLE,CURRENT_LISTING_ONLY,KBS_CURRENT_LISTING,CURRENT_500_MATCH,current ticker or security_id matches frozen current 500
1355,KBS:UPCOM:DPC,DPC,UPCOM,CTCP Nhựa Đà Nẵng,stock,CURRENT_500_EXCLUDED,UPCOM,UNAVAILABLE,UNAVAILABLE,UPCOM,UNAVAILABLE,CURRENT_LISTING_ONLY,KBS_CURRENT_LISTING,CURRENT_500_MATCH,current ticker or security_id matches frozen current 500
1356,KBS:UPCOM:DRI,DRI,UPCOM,CTCP Đầu tư Cao su Đắk Lắk,stock,CURRENT_500_EXCLUDED,UPCOM,UNAVAILABLE,UNAVAILABLE,UPCOM,UNAVAILABLE,CURRENT_LISTING_ONLY,KBS_CURRENT_LISTING,CURRENT_500_MATCH,current ticker or security_id matches frozen current 500
1357,KBS:UPCOM:DTC,DTC,UPCOM,CTCP Viglacera Đông Triều,stock,CURRENT_500_EXCLUDED,UPCOM,UNAVAILABLE,UNAVAILABLE,UPCOM,UNAVAILABLE,CURRENT_LISTING_ONLY,KBS_CURRENT_LISTING,CURRENT_500_MATCH,current ticker or security_id matches frozen current 500
1358,KBS:UPCOM:DTI,DTI,UPCOM,CTCP Đầu tư Đức Trung,stock,CURRENT_500_EXCLUDED,UPCOM,UNAVAILABLE,UNAVAILABLE,UPCOM,UNAVAILABLE,CURRENT_LISTING_ONLY,KBS_CURRENT_LISTING,CURRENT_500_MATCH,current ticker or security_id matches frozen current 500
1359,KBS:UPCOM:DWS,DWS,UPCOM,CTCP Cấp nước và Môi trường đô thị Đồng Tháp,stock,CURRENT_500_EXCLUDED,UPCOM,UNAVAILABLE,UNAVAILABLE,UPCOM,UNAVAILABLE,CURRENT_LISTING_ONLY,KBS_CURRENT_LISTING,CURRENT_500_MATCH,current ticker or security_id matches frozen current 500
1360,KBS:UPCOM:E12,E12,UPCOM,CTCP Xây dựng Điện VNECO12,stock,CURRENT_500_EXCLUDED,UPCOM,UNAVAILABLE,UNAVAILABLE,UPCOM,UNAVAILABLE,CURRENT_LISTING_ONLY,KBS_CURRENT_LISTING,CURRENT_500_MATCH,current ticker or security_id matches frozen current 500
1361,KBS:UPCOM:EIC,EIC,UPCOM,CTCP EVN Quốc tế,stock,CURRENT_500_EXCLUDED,UPCOM,UNAVAILABLE,UNAVAILABLE,UPCOM,UNAVAILABLE,CURRENT_LISTING_ONLY,KBS_CURRENT_LISTING,CURRENT_500_MATCH,current ticker or security_id matches frozen current 500
1362,KBS:UPCOM:FIC,FIC,UPCOM,Tổng Công ty Vật liệu Xây dựng số 1 - CTCP,stock,CURRENT_500_EXCLUDED,UPCOM,UNAVAILABLE,UNAVAILABLE,UPCOM,UNAVAILABLE,CURRENT_LISTING_ONLY,KBS_CURRENT_LISTING,CURRENT_500_MATCH,current ticker or security_id matches frozen current 500
1363,KBS:UPCOM:FOC,FOC,UPCOM,CTCP Dịch vụ Trực tuyến FPT,stock,CURRENT_500_EXCLUDED,UPCOM,UNAVAILABLE,UNAVAILABLE,UPCOM,UNAVAILABLE,CURRENT_LISTING_ONLY,KBS_CURRENT_LISTING,CURRENT_500_MATCH,current ticker or security_id matches frozen current 500
1364,KBS:UPCOM:FOX,FOX,UPCOM,CTCP Viễn thông FPT,stock,CURRENT_500_EXCLUDED,UPCOM,UNAVAILABLE,UNAVAILABLE,UPCOM,UNAVAILABLE,CURRENT_LISTING_ONLY,KBS_CURRENT_LISTING,CURRENT_500_MATCH,current ticker or security_id matches frozen current 500
1365,KBS:UPCOM:GGG,GGG,UPCOM,CTCP Ô tô Giải Phóng,stock,CURRENT_500_EXCLUDED,UPCOM,UNAVAILABLE,UNAVAILABLE,UPCOM,UNAVAILABLE,CURRENT_LISTING_ONLY,KBS_CURRENT_LISTING,CURRENT_500_MATCH,current ticker or security_id matches frozen current 500
1366,KBS:UPCOM:GPC,GPC,UPCOM,CTCP Tập đoàn Green+,stock,CURRENT_500_EXCLUDED,UPCOM,UNAVAILABLE,UNAVAILABLE,UPCOM,UNAVAILABLE,CURRENT_LISTING_ONLY,KBS_CURRENT_LISTING,CURRENT_500_MATCH,current ticker or security_id matches frozen current 500
1367,KBS:UPCOM:GSM,GSM,UPCOM,CTCP Thủy điện Hương Sơn,stock,CURRENT_500_EXCLUDED,UPCOM,UNAVAILABLE,UNAVAILABLE,UPCOM,UNAVAILABLE,CURRENT_LISTING_ONLY,KBS_CURRENT_LISTING,CURRENT_500_MATCH,current ticker or security_id matches frozen current 500
1368,KBS:UPCOM:H11,H11,UPCOM,CTCP Xây dựng HUD101,stock,CURRENT_500_EXCLUDED,UPCOM,UNAVAILABLE,UNAVAILABLE,UPCOM,UNAVAILABLE,CURRENT_LISTING_ONLY,KBS_CURRENT_LISTING,CURRENT_500_MATCH,current ticker or security_id matches frozen current 500
1369,KBS:UPCOM:HAF,HAF,UPCOM,CTCP Thực phẩm Hà Nội,stock,CURRENT_500_EXCLUDED,UPCOM,UNAVAILABLE,UNAVAILABLE,UPCOM,UNAVAILABLE,CURRENT_LISTING_ONLY,KBS_CURRENT_LISTING,CURRENT_500_MATCH,current ticker or security_id matches frozen current 500
1370,KBS:UPCOM:HAM,HAM,UPCOM,CTCP Vật tư Hậu Giang,stock,CURRENT_500_EXCLUDED,UPCOM,UNAVAILABLE,UNAVAILABLE,UPCOM,UNAVAILABLE,CURRENT_LISTING_ONLY,KBS_CURRENT_LISTING,CURRENT_500_MATCH,current ticker or security_id matches frozen current 500
1371,KBS:UPCOM:HAN,HAN,UPCOM,Tổng Công ty Xây dựng Hà Nội - CTCP,stock,CURRENT_500_EXCLUDED,UPCOM,UNAVAILABLE,UNAVAILABLE,UPCOM,UNAVAILABLE,CURRENT_LISTING_ONLY,KBS_CURRENT_LISTING,CURRENT_500_MATCH,current ticker or security_id matches frozen current 500
1372,KBS:UPCOM:HBD,HBD,UPCOM,CTCP Bao Bì PP Bình Dương,stock,CURRENT_500_EXCLUDED,UPCOM,UNAVAILABLE,UNAVAILABLE,UPCOM,UNAVAILABLE,CURRENT_LISTING_ONLY,KBS_CURRENT_LISTING,CURRENT_500_MATCH,current ticker or security_id matches frozen current 500
1373,KBS:UPCOM:HBH,HBH,UPCOM,CTCP Habeco - Hải Phòng,stock,CURRENT_500_EXCLUDED,UPCOM,UNAVAILABLE,UNAVAILABLE,UPCOM,UNAVAILABLE,CURRENT_LISTING_ONLY,KBS_CURRENT_LISTING,CURRENT_500_MATCH,current ticker or security_id matches frozen current 500
1374,KBS:UPCOM:HD6,HD6,UPCOM,CTCP Đầu tư và Phát triển Nhà Số 6 Hà Nội,stock,CURRENT_500_EXCLUDED,UPCOM,UNAVAILABLE,UNAVAILABLE,UPCOM,UNAVAILABLE,CURRENT_LISTING_ONLY,KBS_CURRENT_LISTING,CURRENT_500_MATCH,current ticker or security_id matches frozen current 500
1375,KBS:UPCOM:HDW,HDW,UPCOM,CTCP Kinh doanh Nước sạch Hải Dương,stock,CURRENT_500_EXCLUDED,UPCOM,UNAVAILABLE,UNAVAILABLE,UPCOM,UNAVAILABLE,CURRENT_LISTING_ONLY,KBS_CURRENT_LISTING,CURRENT_500_MATCH,current ticker or security_id matches frozen current 500
1376,KBS:UPCOM:HEJ,HEJ,UPCOM,Tổng Công ty Tư vấn Xây dựng Thủy lợi Việt Nam - CTCP,stock,CURRENT_500_EXCLUDED,UPCOM,UNAVAILABLE,UNAVAILABLE,UPCOM,UNAVAILABLE,CURRENT_LISTING_ONLY,KBS_CURRENT_LISTING,CURRENT_500_MATCH,current ticker or security_id matches frozen current 500
1377,KBS:UPCOM:HEP,HEP,UPCOM,CTCP Môi trường và Công trình Đô thị Huế,stock,CURRENT_500_EXCLUDED,UPCOM,UNAVAILABLE,UNAVAILABLE,UPCOM,UNAVAILABLE,CURRENT_LISTING_ONLY,KBS_CURRENT_LISTING,CURRENT_500_MATCH,current ticker or security_id matches frozen current 500
1378,KBS:UPCOM:HES,HES,UPCOM,CTCP Dịch vụ Giải trí Hà Nội,stock,CURRENT_500_EXCLUDED,UPCOM,UNAVAILABLE,UNAVAILABLE,UPCOM,UNAVAILABLE,CURRENT_LISTING_ONLY,KBS_CURRENT_LISTING,CURRENT_500_MATCH,current ticker or security_id matches frozen current 500
1379,KBS:UPCOM:HHG,HHG,UPCOM,CTCP Hoàng Hà,stock,CURRENT_500_EXCLUDED,UPCOM,UNAVAILABLE,UNAVAILABLE,UPCOM,UNAVAILABLE,CURRENT_LISTING_ONLY,KBS_CURRENT_LISTING,CURRENT_500_MATCH,current ticker or security_id matches frozen current 500
1380,KBS:UPCOM:HLB,HLB,UPCOM,CTCP Bia và Nước giải khát Hạ Long,stock,CURRENT_500_EXCLUDED,UPCOM,UNAVAILABLE,UNAVAILABLE,UPCOM,UNAVAILABLE,CURRENT_LISTING_ONLY,KBS_CURRENT_LISTING,CURRENT_500_MATCH,current ticker or security_id matches frozen current 500
1381,KBS:UPCOM:HLS,HLS,UPCOM,CTCP Sứ Kỹ thuật Hoàng Liên Sơn,stock,CURRENT_500_EXCLUDED,UPCOM,UNAVAILABLE,UNAVAILABLE,UPCOM,UNAVAILABLE,CURRENT_LISTING_ONLY,KBS_CURRENT_LISTING,CURRENT_500_MATCH,current ticker or security_id matches frozen current 500
1382,KBS:UPCOM:HND,HND,UPCOM,CTCP Nhiệt điện Hải Phòng,stock,CURRENT_500_EXCLUDED,UPCOM,UNAVAILABLE,UNAVAILABLE,UPCOM,UNAVAILABLE,CURRENT_LISTING_ONLY,KBS_CURRENT_LISTING,CURRENT_500_MATCH,current ticker or security_id matches frozen current 500
1383,KBS:UPCOM:HNF,HNF,UPCOM,CTCP Thực phẩm Hữu Nghị,stock,CURRENT_500_EXCLUDED,UPCOM,UNAVAILABLE,UNAVAILABLE,UPCOM,UNAVAILABLE,CURRENT_LISTING_ONLY,KBS_CURRENT_LISTING,CURRENT_500_MATCH,current ticker or security_id matches frozen current 500
1384,KBS:UPCOM:HNG,HNG,UPCOM,CTCP Nông nghiệp Quốc tế Hoàng Anh Gia Lai,stock,CURRENT_500_EXCLUDED,UPCOM,UNAVAILABLE,UNAVAILABLE,UPCOM,UNAVAILABLE,CURRENT_LISTING_ONLY,KBS_CURRENT_LISTING,CURRENT_500_MATCH,current ticker or security_id matches frozen current 500
1385,KBS:UPCOM:HNM,HNM,UPCOM,CTCP Sữa Hà Nội,stock,CURRENT_500_EXCLUDED,UPCOM,UNAVAILABLE,UNAVAILABLE,UPCOM,UNAVAILABLE,CURRENT_LISTING_ONLY,KBS_CURRENT_LISTING,CURRENT_500_MATCH,current ticker or security_id matches frozen current 500
1386,KBS:UPCOM:HPH,HPH,UPCOM,CTCP Hóa Chất Hưng Phát Hà Bắc,stock,CURRENT_500_EXCLUDED,UPCOM,UNAVAILABLE,UNAVAILABLE,UPCOM,UNAVAILABLE,CURRENT_LISTING_ONLY,KBS_CURRENT_LISTING,CURRENT_500_MATCH,current ticker or security_id matches frozen current 500
1387,KBS:UPCOM:HPT,HPT,UPCOM,CTCP Dịch vụ Công nghệ Tin học HPT,stock,CURRENT_500_EXCLUDED,UPCOM,UNAVAILABLE,UNAVAILABLE,UPCOM,UNAVAILABLE,CURRENT_LISTING_ONLY,KBS_CURRENT_LISTING,CURRENT_500_MATCH,current ticker or security_id matches frozen current 500
1388,KBS:UPCOM:HTM,HTM,UPCOM,Tổng Công ty Thương mại Hà Nội - CTCP,stock,CURRENT_500_EXCLUDED,UPCOM,UNAVAILABLE,UNAVAILABLE,UPCOM,UNAVAILABLE,CURRENT_LISTING_ONLY,KBS_CURRENT_LISTING,CURRENT_500_MATCH,current ticker or security_id matches frozen current 500
1389,KBS:UPCOM:HWS,HWS,UPCOM,CTCP Cấp nước Huế,stock,CURRENT_500_EXCLUDED,UPCOM,UNAVAILABLE,UNAVAILABLE,UPCOM,UNAVAILABLE,CURRENT_LISTING_ONLY,KBS_CURRENT_LISTING,CURRENT_500_MATCH,current ticker or security_id matches frozen current 500
1390,KBS:UPCOM:ICI,ICI,UPCOM,CTCP Đầu tư và Xây dựng Công nghiệp,stock,CURRENT_500_EXCLUDED,UPCOM,UNAVAILABLE,UNAVAILABLE,UPCOM,UNAVAILABLE,CURRENT_LISTING_ONLY,KBS_CURRENT_LISTING,CURRENT_500_MATCH,current ticker or security_id matches frozen current 500
1391,KBS:UPCOM:ICN,ICN,UPCOM,CTCP Đầu tư Xây dựng Dầu khí IDICO,stock,CURRENT_500_EXCLUDED,UPCOM,UNAVAILABLE,UNAVAILABLE,UPCOM,UNAVAILABLE,CURRENT_LISTING_ONLY,KBS_CURRENT_LISTING,CURRENT_500_MATCH,current ticker or security_id matches frozen current 500
1392,KBS:UPCOM:IFS,IFS,UPCOM,CTCP Thực phẩm Quốc tế,stock,CURRENT_500_EXCLUDED,UPCOM,UNAVAILABLE,UNAVAILABLE,UPCOM,UNAVAILABLE,CURRENT_LISTING_ONLY,KBS_CURRENT_LISTING,CURRENT_500_MATCH,current ticker or security_id matches frozen current 500
1393,KBS:UPCOM:ILA,ILA,UPCOM,CTCP ILA,stock,CURRENT_500_EXCLUDED,UPCOM,UNAVAILABLE,UNAVAILABLE,UPCOM,UNAVAILABLE,CURRENT_LISTING_ONLY,KBS_CURRENT_LISTING,CURRENT_500_MATCH,current ticker or security_id matches frozen current 500
1394,KBS:UPCOM:ILC,ILC,UPCOM,CTCP Hợp tác Lao động với nước ngoài,stock,CURRENT_500_EXCLUDED,UPCOM,UNAVAILABLE,UNAVAILABLE,UPCOM,UNAVAILABLE,CURRENT_LISTING_ONLY,KBS_CURRENT_LISTING,CURRENT_500_MATCH,current ticker or security_id matches frozen current 500
1395,KBS:UPCOM:ILS,ILS,UPCOM,CTCP Đầu tư Thương mại và Dịch vụ Quốc tế,stock,CURRENT_500_EXCLUDED,UPCOM,UNAVAILABLE,UNAVAILABLE,UPCOM,UNAVAILABLE,CURRENT_LISTING_ONLY,KBS_CURRENT_LISTING,CURRENT_500_MATCH,current ticker or security_id matches frozen current 500
1396,KBS:UPCOM:IST,IST,UPCOM,CTCP ICD Tân Cảng Sóng Thần,stock,CURRENT_500_EXCLUDED,UPCOM,UNAVAILABLE,UNAVAILABLE,UPCOM,UNAVAILABLE,CURRENT_LISTING_ONLY,KBS_CURRENT_LISTING,CURRENT_500_MATCH,current ticker or security_id matches frozen current 500
1397,KBS:UPCOM:JOS,JOS,UPCOM,CTCP Chế biến Thủy sản xuất khẩu Minh Hải,stock,CURRENT_500_EXCLUDED,UPCOM,UNAVAILABLE,UNAVAILABLE,UPCOM,UNAVAILABLE,CURRENT_LISTING_ONLY,KBS_CURRENT_LISTING,CURRENT_500_MATCH,current ticker or security_id matches frozen current 500
1398,KBS:UPCOM:KHW,KHW,UPCOM,CTCP Cấp thoát nước Khánh Hòa,stock,CURRENT_500_EXCLUDED,UPCOM,UNAVAILABLE,UNAVAILABLE,UPCOM,UNAVAILABLE,CURRENT_LISTING_ONLY,KBS_CURRENT_LISTING,CURRENT_500_MATCH,current ticker or security_id matches frozen current 500
1399,KBS:UPCOM:KIP,KIP,UPCOM,CTCP K.I.P Việt Nam,stock,CURRENT_500_EXCLUDED,UPCOM,UNAVAILABLE,UNAVAILABLE,UPCOM,UNAVAILABLE,CURRENT_LISTING_ONLY,KBS_CURRENT_LISTING,CURRENT_500_MATCH,current ticker or security_id matches frozen current 500
1400,KBS:UPCOM:L43,L43,UPCOM,CTCP Lilama 45.3,stock,CURRENT_500_EXCLUDED,UPCOM,UNAVAILABLE,UNAVAILABLE,UPCOM,UNAVAILABLE,CURRENT_LISTING_ONLY,KBS_CURRENT_LISTING,CURRENT_500_MATCH,current ticker or security_id matches frozen current 500
1401,KBS:UPCOM:L62,L62,UPCOM,CTCP Lilama 69-2,stock,CURRENT_500_EXCLUDED,UPCOM,UNAVAILABLE,UNAVAILABLE,UPCOM,UNAVAILABLE,CURRENT_LISTING_ONLY,KBS_CURRENT_LISTING,CURRENT_500_MATCH,current ticker or security_id matches frozen current 500
1402,KBS:UPCOM:L63,L63,UPCOM,CTCP Lilama 69-3,stock,CURRENT_500_EXCLUDED,UPCOM,UNAVAILABLE,UNAVAILABLE,UPCOM,UNAVAILABLE,CURRENT_LISTING_ONLY,KBS_CURRENT_LISTING,CURRENT_500_MATCH,current ticker or security_id matches frozen current 500
1403,KBS:UPCOM:LAI,LAI,UPCOM,CTCP Đầu Tư Xây dựng Long An-IDICO,stock,CURRENT_500_EXCLUDED,UPCOM,UNAVAILABLE,UNAVAILABLE,UPCOM,UNAVAILABLE,CURRENT_LISTING_ONLY,KBS_CURRENT_LISTING,CURRENT_500_MATCH,current ticker or security_id matches frozen current 500
1404,KBS:UPCOM:LIC,LIC,UPCOM,Tổng Công ty LICOGI - CTCP,stock,CURRENT_500_EXCLUDED,UPCOM,UNAVAILABLE,UNAVAILABLE,UPCOM,UNAVAILABLE,CURRENT_LISTING_ONLY,KBS_CURRENT_LISTING,CURRENT_500_MATCH,current ticker or security_id matches frozen current 500
1405,KBS:UPCOM:LLM,LLM,UPCOM,Tổng Công ty Lắp máy Việt Nam - CTCP,stock,CURRENT_500_EXCLUDED,UPCOM,UNAVAILABLE,UNAVAILABLE,UPCOM,UNAVAILABLE,CURRENT_LISTING_ONLY,KBS_CURRENT_LISTING,CURRENT_500_MATCH,current ticker or security_id matches frozen current 500
1406,KBS:UPCOM:LMI,LMI,UPCOM,CTCP Đầu tư Xây dựng Lắp máy IDICO,stock,CURRENT_500_EXCLUDED,UPCOM,UNAVAILABLE,UNAVAILABLE,UPCOM,UNAVAILABLE,CURRENT_LISTING_ONLY,KBS_CURRENT_LISTING,CURRENT_500_MATCH,current ticker or security_id matches frozen current 500
1407,KBS:UPCOM:LTC,LTC,UPCOM,CTCP Điện nhẹ Viễn Thông,stock,CURRENT_500_EXCLUDED,UPCOM,UNAVAILABLE,UNAVAILABLE,UPCOM,UNAVAILABLE,CURRENT_LISTING_ONLY,KBS_CURRENT_LISTING,CURRENT_500_MATCH,current ticker or security_id matches frozen current 500
1408,KBS:UPCOM:MDF,MDF,UPCOM,CTCP Gỗ MDF VRG - Quảng Trị,stock,CURRENT_500_EXCLUDED,UPCOM,UNAVAILABLE,UNAVAILABLE,UPCOM,UNAVAILABLE,CURRENT_LISTING_ONLY,KBS_CURRENT_LISTING,CURRENT_500_MATCH,current ticker or security_id matches frozen current 500
1409,KBS:UPCOM:MEC,MEC,UPCOM,CTCP Cơ khí - Lắp máy Sông Đà,stock,CURRENT_500_EXCLUDED,UPCOM,UNAVAILABLE,UNAVAILABLE,UPCOM,UNAVAILABLE,CURRENT_LISTING_ONLY,KBS_CURRENT_LISTING,CURRENT_500_MATCH,current ticker or security_id matches frozen current 500
1410,KBS:UPCOM:MFS,MFS,UPCOM,CTCP Dịch vụ Kỹ thuật Mobifone,stock,CURRENT_500_EXCLUDED,UPCOM,UNAVAILABLE,UNAVAILABLE,UPCOM,UNAVAILABLE,CURRENT_LISTING_ONLY,KBS_CURRENT_LISTING,CURRENT_500_MATCH,current ticker or security_id matches frozen current 500
1411,KBS:UPCOM:MGC,MGC,UPCOM,CTCP Địa chất mỏ - TKV,stock,CURRENT_500_EXCLUDED,UPCOM,UNAVAILABLE,UNAVAILABLE,UPCOM,UNAVAILABLE,CURRENT_LISTING_ONLY,KBS_CURRENT_LISTING,CURRENT_500_MATCH,current ticker or security_id matches frozen current 500
1412,KBS:UPCOM:MGG,MGG,UPCOM,Tổng Công ty Đức Giang - CTCP,stock,CURRENT_500_EXCLUDED,UPCOM,UNAVAILABLE,UNAVAILABLE,UPCOM,UNAVAILABLE,CURRENT_LISTING_ONLY,KBS_CURRENT_LISTING,CURRENT_500_MATCH,current ticker or security_id matches frozen current 500
1413,KBS:UPCOM:MPC,MPC,UPCOM,CTCP Tập đoàn Thủy sản Minh Phú,stock,CURRENT_500_EXCLUDED,UPCOM,UNAVAILABLE,UNAVAILABLE,UPCOM,UNAVAILABLE,CURRENT_LISTING_ONLY,KBS_CURRENT_LISTING,CURRENT_500_MATCH,current ticker or security_id matches frozen current 500
1414,KBS:UPCOM:MSR,MSR,UPCOM,CTCP Masan High-Tech Materials,stock,CURRENT_500_EXCLUDED,UPCOM,UNAVAILABLE,UNAVAILABLE,UPCOM,UNAVAILABLE,CURRENT_LISTING_ONLY,KBS_CURRENT_LISTING,CURRENT_500_MATCH,current ticker or security_id matches frozen current 500
1415,KBS:UPCOM:MVN,MVN,UPCOM,Tổng Công ty Hàng hải Việt Nam - CTCP,stock,CURRENT_500_EXCLUDED,UPCOM,UNAVAILABLE,UNAVAILABLE,UPCOM,UNAVAILABLE,CURRENT_LISTING_ONLY,KBS_CURRENT_LISTING,CURRENT_500_MATCH,current ticker or security_id matches frozen current 500
1416,KBS:UPCOM:NAU,NAU,UPCOM,CTCP Môi trường và Công trình Đô thị Nghệ An,stock,CURRENT_500_EXCLUDED,UPCOM,UNAVAILABLE,UNAVAILABLE,UPCOM,UNAVAILABLE,CURRENT_LISTING_ONLY,KBS_CURRENT_LISTING,CURRENT_500_MATCH,current ticker or security_id matches frozen current 500
1417,KBS:UPCOM:NBT,NBT,UPCOM,CTCP Cấp thoát nước Bến Tre,stock,CURRENT_500_EXCLUDED,UPCOM,UNAVAILABLE,UNAVAILABLE,UPCOM,UNAVAILABLE,CURRENT_LISTING_ONLY,KBS_CURRENT_LISTING,CURRENT_500_MATCH,current ticker or security_id matches frozen current 500
1418,KBS:UPCOM:ND2,ND2,UPCOM,CTCP Đầu tư và Phát triển Điện Miền Bắc 2,stock,CURRENT_500_EXCLUDED,UPCOM,UNAVAILABLE,UNAVAILABLE,UPCOM,UNAVAILABLE,CURRENT_LISTING_ONLY,KBS_CURRENT_LISTING,CURRENT_500_MATCH,current ticker or security_id matches frozen current 500
1419,KBS:UPCOM:NOS,NOS,UPCOM,CTCP Vận tải biển và Thương mại Phương Đông,stock,CURRENT_500_EXCLUDED,UPCOM,UNAVAILABLE,UNAVAILABLE,UPCOM,UNAVAILABLE,CURRENT_LISTING_ONLY,KBS_CURRENT_LISTING,CURRENT_500_MATCH,current ticker or security_id matches frozen current 500
1420,KBS:UPCOM:NQN,NQN,UPCOM,CTCP Nước sạch Quảng Ninh,stock,CURRENT_500_EXCLUDED,UPCOM,UNAVAILABLE,UNAVAILABLE,UPCOM,UNAVAILABLE,CURRENT_LISTING_ONLY,KBS_CURRENT_LISTING,CURRENT_500_MATCH,current ticker or security_id matches frozen current 500
1421,KBS:UPCOM:NTT,NTT,UPCOM,CTCP Dệt - May Nha Trang,stock,CURRENT_500_EXCLUDED,UPCOM,UNAVAILABLE,UNAVAILABLE,UPCOM,UNAVAILABLE,CURRENT_LISTING_ONLY,KBS_CURRENT_LISTING,CURRENT_500_MATCH,current ticker or security_id matches frozen current 500
1422,KBS:UPCOM:NTW,NTW,UPCOM,CTCP Cấp nước Nhơn Trạch,stock,CURRENT_500_EXCLUDED,UPCOM,UNAVAILABLE,UNAVAILABLE,UPCOM,UNAVAILABLE,CURRENT_LISTING_ONLY,KBS_CURRENT_LISTING,CURRENT_500_MATCH,current ticker or security_id matches frozen current 500
1423,KBS:UPCOM:NUE,NUE,UPCOM,CTCP Môi trường Đô thị Nha Trang,stock,CURRENT_500_EXCLUDED,UPCOM,UNAVAILABLE,UNAVAILABLE,UPCOM,UNAVAILABLE,CURRENT_LISTING_ONLY,KBS_CURRENT_LISTING,CURRENT_500_MATCH,current ticker or security_id matches frozen current 500
1424,KBS:UPCOM:ODE,ODE,UPCOM,CTCP Tập đoàn Truyền thông và Giải trí ODE,stock,CURRENT_500_EXCLUDED,UPCOM,UNAVAILABLE,UNAVAILABLE,UPCOM,UNAVAILABLE,CURRENT_LISTING_ONLY,KBS_CURRENT_LISTING,CURRENT_500_MATCH,current ticker or security_id matches frozen current 500
1425,KBS:UPCOM:OIL,OIL,UPCOM,Tổng Công ty Dầu Việt Nam - CTCP,stock,CURRENT_500_EXCLUDED,UPCOM,UNAVAILABLE,UNAVAILABLE,UPCOM,UNAVAILABLE,CURRENT_LISTING_ONLY,KBS_CURRENT_LISTING,CURRENT_500_MATCH,current ticker or security_id matches frozen current 500
1426,KBS:UPCOM:PCC,PCC,UPCOM,CTCP Tập đoàn Xây lắp 1 - Petrolimex,stock,CURRENT_500_EXCLUDED,UPCOM,UNAVAILABLE,UNAVAILABLE,UPCOM,UNAVAILABLE,CURRENT_LISTING_ONLY,KBS_CURRENT_LISTING,CURRENT_500_MATCH,current ticker or security_id matches frozen current 500
1427,KBS:UPCOM:PCF,PCF,UPCOM,CTCP Cà phê PETEC,stock,CURRENT_500_EXCLUDED,UPCOM,UNAVAILABLE,UNAVAILABLE,UPCOM,UNAVAILABLE,CURRENT_LISTING_ONLY,KBS_CURRENT_LISTING,CURRENT_500_MATCH,current ticker or security_id matches frozen current 500
1428,KBS:UPCOM:PCG,PCG,UPCOM,CTCP Đầu tư Phát triển Gas Đô thị,stock,CURRENT_500_EXCLUDED,UPCOM,UNAVAILABLE,UNAVAILABLE,UPCOM,UNAVAILABLE,CURRENT_LISTING_ONLY,KBS_CURRENT_LISTING,CURRENT_500_MATCH,current ticker or security_id matches frozen current 500
1429,KBS:UPCOM:PFL,PFL,UPCOM,CTCP Dầu khí Đông Đô,stock,CURRENT_500_EXCLUDED,UPCOM,UNAVAILABLE,UNAVAILABLE,UPCOM,UNAVAILABLE,CURRENT_LISTING_ONLY,KBS_CURRENT_LISTING,CURRENT_500_MATCH,current ticker or security_id matches frozen current 500
1430,KBS:UPCOM:PHP,PHP,UPCOM,CTCP Cảng Hải Phòng,stock,CURRENT_500_EXCLUDED,UPCOM,UNAVAILABLE,UNAVAILABLE,UPCOM,UNAVAILABLE,CURRENT_LISTING_ONLY,KBS_CURRENT_LISTING,CURRENT_500_MATCH,current ticker or security_id matches frozen current 500
1431,KBS:UPCOM:PHS,PHS,UPCOM,CTCP Chứng khoán Phú Hưng,stock,CURRENT_500_EXCLUDED,UPCOM,UNAVAILABLE,UNAVAILABLE,UPCOM,UNAVAILABLE,CURRENT_LISTING_ONLY,KBS_CURRENT_LISTING,CURRENT_500_MATCH,current ticker or security_id matches frozen current 500
1432,KBS:UPCOM:POM,POM,UPCOM,CTCP Thép Pomina,stock,CURRENT_500_EXCLUDED,UPCOM,UNAVAILABLE,UNAVAILABLE,UPCOM,UNAVAILABLE,CURRENT_LISTING_ONLY,KBS_CURRENT_LISTING,CURRENT_500_MATCH,current ticker or security_id matches frozen current 500
1433,KBS:UPCOM:PVE,PVE,UPCOM,Tổng Công ty Tư vấn thiết kế Dầu khí - CTCP,stock,CURRENT_500_EXCLUDED,UPCOM,UNAVAILABLE,UNAVAILABLE,UPCOM,UNAVAILABLE,CURRENT_LISTING_ONLY,KBS_CURRENT_LISTING,CURRENT_500_MATCH,current ticker or security_id matches frozen current 500
1434,KBS:UPCOM:PVL,PVL,UPCOM,CTCP Địa ốc Dầu khí,stock,CURRENT_500_EXCLUDED,UPCOM,UNAVAILABLE,UNAVAILABLE,UPCOM,UNAVAILABLE,CURRENT_LISTING_ONLY,KBS_CURRENT_LISTING,CURRENT_500_MATCH,current ticker or security_id matches frozen current 500
1435,KBS:UPCOM:PVX,PVX,UPCOM,Tổng Công ty cổ phần Xây lắp Dầu khí Việt Nam,stock,CURRENT_500_EXCLUDED,UPCOM,UNAVAILABLE,UNAVAILABLE,UPCOM,UNAVAILABLE,CURRENT_LISTING_ONLY,KBS_CURRENT_LISTING,CURRENT_500_MATCH,current ticker or security_id matches frozen current 500
1436,KBS:UPCOM:PWA,PWA,UPCOM,CTCP Bất động sản Dầu khí,stock,CURRENT_500_EXCLUDED,UPCOM,UNAVAILABLE,UNAVAILABLE,UPCOM,UNAVAILABLE,CURRENT_LISTING_ONLY,KBS_CURRENT_LISTING,CURRENT_500_MATCH,current ticker or security_id matches frozen current 500
1437,KBS:UPCOM:PWS,PWS,UPCOM,CTCP Cấp thoát nước Phú Yên,stock,CURRENT_500_EXCLUDED,UPCOM,UNAVAILABLE,UNAVAILABLE,UPCOM,UNAVAILABLE,CURRENT_LISTING_ONLY,KBS_CURRENT_LISTING,CURRENT_500_MATCH,current ticker or security_id matches frozen current 500
1438,KBS:UPCOM:PXA,PXA,UPCOM,CTCP Đầu tư và Thương mại Dầu khí Nghệ An,stock,CURRENT_500_EXCLUDED,UPCOM,UNAVAILABLE,UNAVAILABLE,UPCOM,UNAVAILABLE,CURRENT_LISTING_ONLY,KBS_CURRENT_LISTING,CURRENT_500_MATCH,current ticker or security_id matches frozen current 500
1439,KBS:UPCOM:PXI,PXI,UPCOM,CTCP Xây dựng Công nghiệp và Dân dụng Dầu khí,stock,CURRENT_500_EXCLUDED,UPCOM,UNAVAILABLE,UNAVAILABLE,UPCOM,UNAVAILABLE,CURRENT_LISTING_ONLY,KBS_CURRENT_LISTING,CURRENT_500_MATCH,current ticker or security_id matches frozen current 500
1440,KBS:UPCOM:PXM,PXM,UPCOM,CTCP Xây lắp Dầu khí Miền Trung,stock,CURRENT_500_EXCLUDED,UPCOM,UNAVAILABLE,UNAVAILABLE,UPCOM,UNAVAILABLE,CURRENT_LISTING_ONLY,KBS_CURRENT_LISTING,CURRENT_500_MATCH,current ticker or security_id matches frozen current 500
1441,KBS:UPCOM:PXS,PXS,UPCOM,CTCP Kết cấu Kim loại và Lắp máy Dầu khí,stock,CURRENT_500_EXCLUDED,UPCOM,UNAVAILABLE,UNAVAILABLE,UPCOM,UNAVAILABLE,CURRENT_LISTING_ONLY,KBS_CURRENT_LISTING,CURRENT_500_MATCH,current ticker or security_id matches frozen current 500
1442,KBS:UPCOM:QBS,QBS,UPCOM,CTCP Xuất nhập khẩu Quảng Bình,stock,CURRENT_500_EXCLUDED,UPCOM,UNAVAILABLE,UNAVAILABLE,UPCOM,UNAVAILABLE,CURRENT_LISTING_ONLY,KBS_CURRENT_LISTING,CURRENT_500_MATCH,current ticker or security_id matches frozen current 500
1443,KBS:UPCOM:QCC,QCC,UPCOM,CTCP Đầu tư Xây dựng và Phát triển Hạ tầng Viễn thông,stock,CURRENT_500_EXCLUDED,UPCOM,UNAVAILABLE,UNAVAILABLE,UPCOM,UNAVAILABLE,CURRENT_LISTING_ONLY,KBS_CURRENT_LISTING,CURRENT_500_MATCH,current ticker or security_id matches frozen current 500
1444,KBS:UPCOM:QHW,QHW,UPCOM,CTCP Nước khoáng Quảng Ninh,stock,CURRENT_500_EXCLUDED,UPCOM,UNAVAILABLE,UNAVAILABLE,UPCOM,UNAVAILABLE,CURRENT_LISTING_ONLY,KBS_CURRENT_LISTING,CURRENT_500_MATCH,current ticker or security_id matches frozen current 500
1445,KBS:UPCOM:QNC,QNC,UPCOM,CTCP Xi măng và Xây dựng Quảng Ninh,stock,CURRENT_500_EXCLUDED,UPCOM,UNAVAILABLE,UNAVAILABLE,UPCOM,UNAVAILABLE,CURRENT_LISTING_ONLY,KBS_CURRENT_LISTING,CURRENT_500_MATCH,current ticker or security_id matches frozen current 500
1446,KBS:UPCOM:QNS,QNS,UPCOM,CTCP Đường Quảng Ngãi,stock,CURRENT_500_EXCLUDED,UPCOM,UNAVAILABLE,UNAVAILABLE,UPCOM,UNAVAILABLE,CURRENT_LISTING_ONLY,KBS_CURRENT_LISTING,CURRENT_500_MATCH,current ticker or security_id matches frozen current 500
1447,KBS:UPCOM:QNW,QNW,UPCOM,CTCP Cấp thoát nước và Xây dựng Quảng Ngãi,stock,CURRENT_500_EXCLUDED,UPCOM,UNAVAILABLE,UNAVAILABLE,UPCOM,UNAVAILABLE,CURRENT_LISTING_ONLY,KBS_CURRENT_LISTING,CURRENT_500_MATCH,current ticker or security_id matches frozen current 500
1448,KBS:UPCOM:QPH,QPH,UPCOM,CTCP Thủy điện Quế Phong,stock,CURRENT_500_EXCLUDED,UPCOM,UNAVAILABLE,UNAVAILABLE,UPCOM,UNAVAILABLE,CURRENT_LISTING_ONLY,KBS_CURRENT_LISTING,CURRENT_500_MATCH,current ticker or security_id matches frozen current 500
1449,KBS:UPCOM:QSP,QSP,UPCOM,CTCP Tân Cảng Quy Nhơn,stock,CURRENT_500_EXCLUDED,UPCOM,UNAVAILABLE,UNAVAILABLE,UPCOM,UNAVAILABLE,CURRENT_LISTING_ONLY,KBS_CURRENT_LISTING,CURRENT_500_MATCH,current ticker or security_id matches frozen current 500
1450,KBS:UPCOM:RIC,RIC,UPCOM,CTCP Quốc tế Hoàng Gia,stock,CURRENT_500_EXCLUDED,UPCOM,UNAVAILABLE,UNAVAILABLE,UPCOM,UNAVAILABLE,CURRENT_LISTING_ONLY,KBS_CURRENT_LISTING,CURRENT_500_MATCH,current ticker or security_id matches frozen current 500
1451,KBS:UPCOM:S74,S74,UPCOM,CTCP Sông Đà 7.04,stock,CURRENT_500_EXCLUDED,UPCOM,UNAVAILABLE,UNAVAILABLE,UPCOM,UNAVAILABLE,CURRENT_LISTING_ONLY,KBS_CURRENT_LISTING,CURRENT_500_MATCH,current ticker or security_id matches frozen current 500
1452,KBS:UPCOM:SAS,SAS,UPCOM,CTCP Dịch vụ Hàng không Sân bay Tân Sơn Nhất,stock,IDENTITY_DUPLICATE_EXCLUDED,UPCOM,UNAVAILABLE,UNAVAILABLE,UPCOM,UNAVAILABLE,CURRENT_LISTING_ONLY,KBS_CURRENT_LISTING,REVIEWED_ALIAS_MATCH,reviewed historical identity interval matches frozen current 500
1453,KBS:UPCOM:SBD,SBD,UPCOM,CTCP Công nghệ Sao Bắc Đẩu,stock,CURRENT_500_EXCLUDED,UPCOM,UNAVAILABLE,UNAVAILABLE,UPCOM,UNAVAILABLE,CURRENT_LISTING_ONLY,KBS_CURRENT_LISTING,CURRENT_500_MATCH,current ticker or security_id matches frozen current 500
1454,KBS:UPCOM:SBM,SBM,UPCOM,CTCP Đầu tư Phát triển Bắc Minh,stock,CURRENT_500_EXCLUDED,UPCOM,UNAVAILABLE,UNAVAILABLE,UPCOM,UNAVAILABLE,CURRENT_LISTING_ONLY,KBS_CURRENT_LISTING,CURRENT_500_MATCH,current ticker or security_id matches frozen current 500
1455,KBS:UPCOM:SCD,SCD,UPCOM,CTCP Nước giải khát Chương Dương,stock,CURRENT_500_EXCLUDED,UPCOM,UNAVAILABLE,UNAVAILABLE,UPCOM,UNAVAILABLE,CURRENT_LISTING_ONLY,KBS_CURRENT_LISTING,CURRENT_500_MATCH,current ticker or security_id matches frozen current 500
1456,KBS:UPCOM:SCJ,SCJ,UPCOM,CTCP Xi măng Sài Sơn,stock,CURRENT_500_EXCLUDED,UPCOM,UNAVAILABLE,UNAVAILABLE,UPCOM,UNAVAILABLE,CURRENT_LISTING_ONLY,KBS_CURRENT_LISTING,CURRENT_500_MATCH,current ticker or security_id matches frozen current 500
1457,KBS:UPCOM:SCL,SCL,UPCOM,CTCP Sông Đà Cao Cường,stock,CURRENT_500_EXCLUDED,UPCOM,UNAVAILABLE,UNAVAILABLE,UPCOM,UNAVAILABLE,CURRENT_LISTING_ONLY,KBS_CURRENT_LISTING,CURRENT_500_MATCH,current ticker or security_id matches frozen current 500
1458,KBS:UPCOM:SD2,SD2,UPCOM,CTCP Sông Đà 2,stock,CURRENT_500_EXCLUDED,UPCOM,UNAVAILABLE,UNAVAILABLE,UPCOM,UNAVAILABLE,CURRENT_LISTING_ONLY,KBS_CURRENT_LISTING,CURRENT_500_MATCH,current ticker or security_id matches frozen current 500
1459,KBS:UPCOM:SD7,SD7,UPCOM,CTCP Sông Đà 7,stock,CURRENT_500_EXCLUDED,UPCOM,UNAVAILABLE,UNAVAILABLE,UPCOM,UNAVAILABLE,CURRENT_LISTING_ONLY,KBS_CURRENT_LISTING,CURRENT_500_MATCH,current ticker or security_id matches frozen current 500
1460,KBS:UPCOM:SDA,SDA,UPCOM,CTCP Simco Sông Đà,stock,CURRENT_500_EXCLUDED,UPCOM,UNAVAILABLE,UNAVAILABLE,UPCOM,UNAVAILABLE,CURRENT_LISTING_ONLY,KBS_CURRENT_LISTING,CURRENT_500_MATCH,current ticker or security_id matches frozen current 500
1461,KBS:UPCOM:SDP,SDP,UPCOM,CTCP SDP,stock,CURRENT_500_EXCLUDED,UPCOM,UNAVAILABLE,UNAVAILABLE,UPCOM,UNAVAILABLE,CURRENT_LISTING_ONLY,KBS_CURRENT_LISTING,CURRENT_500_MATCH,current ticker or security_id matches frozen current 500
1462,KBS:UPCOM:SEA,SEA,UPCOM,Tổng Công ty Thủy sản Việt Nam - CTCP,stock,CURRENT_500_EXCLUDED,UPCOM,UNAVAILABLE,UNAVAILABLE,UPCOM,UNAVAILABLE,CURRENT_LISTING_ONLY,KBS_CURRENT_LISTING,CURRENT_500_MATCH,current ticker or security_id matches frozen current 500
1463,KBS:UPCOM:SGB,SGB,UPCOM,Ngân hàng TMCP Sài Gòn Công Thương,stock,CURRENT_500_EXCLUDED,UPCOM,UNAVAILABLE,UNAVAILABLE,UPCOM,UNAVAILABLE,CURRENT_LISTING_ONLY,KBS_CURRENT_LISTING,CURRENT_500_MATCH,current ticker or security_id matches frozen current 500
1464,KBS:UPCOM:SGS,SGS,UPCOM,CTCP Vận tải biển Sài Gòn,stock,CURRENT_500_EXCLUDED,UPCOM,UNAVAILABLE,UNAVAILABLE,UPCOM,UNAVAILABLE,CURRENT_LISTING_ONLY,KBS_CURRENT_LISTING,CURRENT_500_MATCH,current ticker or security_id matches frozen current 500
1465,KBS:UPCOM:SID,SID,UPCOM,CTCP Đầu tư Phát triển Sài Gòn Co.op,stock,CURRENT_500_EXCLUDED,UPCOM,UNAVAILABLE,UNAVAILABLE,UPCOM,UNAVAILABLE,CURRENT_LISTING_ONLY,KBS_CURRENT_LISTING,CURRENT_500_MATCH,current ticker or security_id matches frozen current 500
1466,KBS:UPCOM:SJG,SJG,UPCOM,Tổng Công ty Sông Đà - CTCP,stock,CURRENT_500_EXCLUDED,UPCOM,UNAVAILABLE,UNAVAILABLE,UPCOM,UNAVAILABLE,CURRENT_LISTING_ONLY,KBS_CURRENT_LISTING,CURRENT_500_MATCH,current ticker or security_id matches frozen current 500
1467,KBS:UPCOM:SKV,SKV,UPCOM,CTCP Nước giải khát Yến sào Khánh Hòa,stock,CURRENT_500_EXCLUDED,UPCOM,UNAVAILABLE,UNAVAILABLE,UPCOM,UNAVAILABLE,CURRENT_LISTING_ONLY,KBS_CURRENT_LISTING,CURRENT_500_MATCH,current ticker or security_id matches frozen current 500
1468,KBS:UPCOM:SRB,SRB,UPCOM,CTCP Tập đoàn Sara,stock,CURRENT_500_EXCLUDED,UPCOM,UNAVAILABLE,UNAVAILABLE,UPCOM,UNAVAILABLE,CURRENT_LISTING_ONLY,KBS_CURRENT_LISTING,CURRENT_500_MATCH,current ticker or security_id matches frozen current 500
1469,KBS:UPCOM:SSG,SSG,UPCOM,CTCP Vận tải biển Hải Âu,stock,CURRENT_500_EXCLUDED,UPCOM,UNAVAILABLE,UNAVAILABLE,UPCOM,UNAVAILABLE,CURRENT_LISTING_ONLY,KBS_CURRENT_LISTING,CURRENT_500_MATCH,current ticker or security_id matches frozen current 500
1470,KBS:UPCOM:SSH,SSH,UPCOM,CTCP Phát triển Sunshine Homes,stock,CURRENT_500_EXCLUDED,UPCOM,UNAVAILABLE,UNAVAILABLE,UPCOM,UNAVAILABLE,CURRENT_LISTING_ONLY,KBS_CURRENT_LISTING,CURRENT_500_MATCH,current ticker or security_id matches frozen current 500
1471,KBS:UPCOM:STT,STT,UPCOM,CTCP Vận chuyển Sài Gòn Tourist,stock,CURRENT_500_EXCLUDED,UPCOM,UNAVAILABLE,UNAVAILABLE,UPCOM,UNAVAILABLE,CURRENT_LISTING_ONLY,KBS_CURRENT_LISTING,CURRENT_500_MATCH,current ticker or security_id matches frozen current 500
1472,KBS:UPCOM:SWC,SWC,UPCOM,Tổng Công ty cổ phần Đường sông Miền Nam,stock,CURRENT_500_EXCLUDED,UPCOM,UNAVAILABLE,UNAVAILABLE,UPCOM,UNAVAILABLE,CURRENT_LISTING_ONLY,KBS_CURRENT_LISTING,CURRENT_500_MATCH,current ticker or security_id matches frozen current 500
1473,KBS:UPCOM:SZG,SZG,UPCOM,CTCP Sonadezi Giang Điền,stock,CURRENT_500_EXCLUDED,UPCOM,UNAVAILABLE,UNAVAILABLE,UPCOM,UNAVAILABLE,CURRENT_LISTING_ONLY,KBS_CURRENT_LISTING,CURRENT_500_MATCH,current ticker or security_id matches frozen current 500
1474,KBS:UPCOM:TAR,TAR,UPCOM,CTCP Nông nghiệp Công nghệ cao Trung An,stock,CURRENT_500_EXCLUDED,UPCOM,UNAVAILABLE,UNAVAILABLE,UPCOM,UNAVAILABLE,CURRENT_LISTING_ONLY,KBS_CURRENT_LISTING,CURRENT_500_MATCH,current ticker or security_id matches frozen current 500
1475,KBS:UPCOM:TCD,TCD,UPCOM,CTCP Tập đoàn Xây dựng TRACODI,stock,CURRENT_500_EXCLUDED,UPCOM,UNAVAILABLE,UNAVAILABLE,UPCOM,UNAVAILABLE,CURRENT_LISTING_ONLY,KBS_CURRENT_LISTING,CURRENT_500_MATCH,current ticker or security_id matches frozen current 500
1476,KBS:UPCOM:TDB,TDB,UPCOM,CTCP Thủy điện Định Bình,stock,CURRENT_500_EXCLUDED,UPCOM,UNAVAILABLE,UNAVAILABLE,UPCOM,UNAVAILABLE,CURRENT_LISTING_ONLY,KBS_CURRENT_LISTING,CURRENT_500_MATCH,current ticker or security_id matches frozen current 500
1477,KBS:UPCOM:TDS,TDS,UPCOM,CTCP Thép Thủ Đức - VNSTEEL,stock,CURRENT_500_EXCLUDED,UPCOM,UNAVAILABLE,UNAVAILABLE,UPCOM,UNAVAILABLE,CURRENT_LISTING_ONLY,KBS_CURRENT_LISTING,CURRENT_500_MATCH,current ticker or security_id matches frozen current 500
1478,KBS:UPCOM:TED,TED,UPCOM,Tổng công ty Tư vấn thiết kế Giao thông vận tải - CTCP,stock,CURRENT_500_EXCLUDED,UPCOM,UNAVAILABLE,UNAVAILABLE,UPCOM,UNAVAILABLE,CURRENT_LISTING_ONLY,KBS_CURRENT_LISTING,CURRENT_500_MATCH,current ticker or security_id matches frozen current 500
1479,KBS:UPCOM:TGP,TGP,UPCOM,CTCP Trường Phú,stock,CURRENT_500_EXCLUDED,UPCOM,UNAVAILABLE,UNAVAILABLE,UPCOM,UNAVAILABLE,CURRENT_LISTING_ONLY,KBS_CURRENT_LISTING,CURRENT_500_MATCH,current ticker or security_id matches frozen current 500
1480,KBS:UPCOM:THW,THW,UPCOM,CTCP Cấp nước Tân Hòa,stock,CURRENT_500_EXCLUDED,UPCOM,UNAVAILABLE,UNAVAILABLE,UPCOM,UNAVAILABLE,CURRENT_LISTING_ONLY,KBS_CURRENT_LISTING,CURRENT_500_MATCH,current ticker or security_id matches frozen current 500
1481,KBS:UPCOM:TIS,TIS,UPCOM,CTCP Gang thép Thái Nguyên,stock,CURRENT_500_EXCLUDED,UPCOM,UNAVAILABLE,UNAVAILABLE,UPCOM,UNAVAILABLE,CURRENT_LISTING_ONLY,KBS_CURRENT_LISTING,CURRENT_500_MATCH,current ticker or security_id matches frozen current 500
1482,KBS:UPCOM:TLP,TLP,UPCOM,Tổng Công ty Thương mại Xuất nhập khẩu Thanh Lễ - CTCP,stock,CURRENT_500_EXCLUDED,UPCOM,UNAVAILABLE,UNAVAILABLE,UPCOM,UNAVAILABLE,CURRENT_LISTING_ONLY,KBS_CURRENT_LISTING,CURRENT_500_MATCH,current ticker or security_id matches frozen current 500
1483,KBS:UPCOM:TNW,TNW,UPCOM,CTCP Nước sạch Thái Nguyên,stock,CURRENT_500_EXCLUDED,UPCOM,UNAVAILABLE,UNAVAILABLE,UPCOM,UNAVAILABLE,CURRENT_LISTING_ONLY,KBS_CURRENT_LISTING,CURRENT_500_MATCH,current ticker or security_id matches frozen current 500
1484,KBS:UPCOM:TOS,TOS,UPCOM,CTCP Dịch vụ biển Tân Cảng,stock,CURRENT_500_EXCLUDED,UPCOM,UNAVAILABLE,UNAVAILABLE,UPCOM,UNAVAILABLE,CURRENT_LISTING_ONLY,KBS_CURRENT_LISTING,CURRENT_500_MATCH,current ticker or security_id matches frozen current 500
1485,KBS:UPCOM:TOW,TOW,UPCOM,CTCP Cấp nước Trà Nóc - Ô Môn,stock,CURRENT_500_EXCLUDED,UPCOM,UNAVAILABLE,UNAVAILABLE,UPCOM,UNAVAILABLE,CURRENT_LISTING_ONLY,KBS_CURRENT_LISTING,CURRENT_500_MATCH,current ticker or security_id matches frozen current 500
1486,KBS:UPCOM:TSD,TSD,UPCOM,CTCP Du lịch Trường Sơn COECCO,stock,CURRENT_500_EXCLUDED,UPCOM,UNAVAILABLE,UNAVAILABLE,UPCOM,UNAVAILABLE,CURRENT_LISTING_ONLY,KBS_CURRENT_LISTING,CURRENT_500_MATCH,current ticker or security_id matches frozen current 500
1487,KBS:UPCOM:TST,TST,UPCOM,CTCP Dịch vụ Kỹ Thuật Viễn thông,stock,CURRENT_500_EXCLUDED,UPCOM,UNAVAILABLE,UNAVAILABLE,UPCOM,UNAVAILABLE,CURRENT_LISTING_ONLY,KBS_CURRENT_LISTING,CURRENT_500_MATCH,current ticker or security_id matches frozen current 500
1488,KBS:UPCOM:TTD,TTD,UPCOM,CTCP Bệnh viện tim Tâm Đức,stock,CURRENT_500_EXCLUDED,UPCOM,UNAVAILABLE,UNAVAILABLE,UPCOM,UNAVAILABLE,CURRENT_LISTING_ONLY,KBS_CURRENT_LISTING,CURRENT_500_MATCH,current ticker or security_id matches frozen current 500
1489,KBS:UPCOM:TTG,TTG,UPCOM,CTCP Royal Healthtech TTG,stock,CURRENT_500_EXCLUDED,UPCOM,UNAVAILABLE,UNAVAILABLE,UPCOM,UNAVAILABLE,CURRENT_LISTING_ONLY,KBS_CURRENT_LISTING,CURRENT_500_MATCH,current ticker or security_id matches frozen current 500
1490,KBS:UPCOM:TTS,TTS,UPCOM,CTCP Cán Thép Thái Trung,stock,CURRENT_500_EXCLUDED,UPCOM,UNAVAILABLE,UNAVAILABLE,UPCOM,UNAVAILABLE,CURRENT_LISTING_ONLY,KBS_CURRENT_LISTING,CURRENT_500_MATCH,current ticker or security_id matches frozen current 500
1491,KBS:UPCOM:TUG,TUG,UPCOM,CTCP Lai Dắt và Vận tải Cảng Hải Phòng,stock,CURRENT_500_EXCLUDED,UPCOM,UNAVAILABLE,UNAVAILABLE,UPCOM,UNAVAILABLE,CURRENT_LISTING_ONLY,KBS_CURRENT_LISTING,CURRENT_500_MATCH,current ticker or security_id matches frozen current 500
1492,KBS:UPCOM:TV1,TV1,UPCOM,CTCP Tư vấn Xây dựng Điện 1,stock,CURRENT_500_EXCLUDED,UPCOM,UNAVAILABLE,UNAVAILABLE,UPCOM,UNAVAILABLE,CURRENT_LISTING_ONLY,KBS_CURRENT_LISTING,CURRENT_500_MATCH,current ticker or security_id matches frozen current 500
1493,KBS:UPCOM:TVN,TVN,UPCOM,Tổng Công ty Thép Việt Nam - CTCP,stock,CURRENT_500_EXCLUDED,UPCOM,UNAVAILABLE,UNAVAILABLE,UPCOM,UNAVAILABLE,CURRENT_LISTING_ONLY,KBS_CURRENT_LISTING,CURRENT_500_MATCH,current ticker or security_id matches frozen current 500
1494,KBS:UPCOM:UDC,UDC,UPCOM,CTCP Đầu tư Xây dựng UDCons,stock,CURRENT_500_EXCLUDED,UPCOM,UNAVAILABLE,UNAVAILABLE,UPCOM,UNAVAILABLE,CURRENT_LISTING_ONLY,KBS_CURRENT_LISTING,CURRENT_500_MATCH,current ticker or security_id matches frozen current 500
1495,KBS:UPCOM:USC,USC,UPCOM,CTCP Khảo sát và Xây dựng -USCO,stock,CURRENT_500_EXCLUDED,UPCOM,UNAVAILABLE,UNAVAILABLE,UPCOM,UNAVAILABLE,CURRENT_LISTING_ONLY,KBS_CURRENT_LISTING,CURRENT_500_MATCH,current ticker or security_id matches frozen current 500
1496,KBS:UPCOM:VAV,VAV,UPCOM,CTCP VIWACO,stock,CURRENT_500_EXCLUDED,UPCOM,UNAVAILABLE,UNAVAILABLE,UPCOM,UNAVAILABLE,CURRENT_LISTING_ONLY,KBS_CURRENT_LISTING,CURRENT_500_MATCH,current ticker or security_id matches frozen current 500
1497,KBS:UPCOM:VCP,VCP,UPCOM,CTCP Xây Dựng Và Năng Lượng VCP,stock,CURRENT_500_EXCLUDED,UPCOM,UNAVAILABLE,UNAVAILABLE,UPCOM,UNAVAILABLE,CURRENT_LISTING_ONLY,KBS_CURRENT_LISTING,CURRENT_500_MATCH,current ticker or security_id matches frozen current 500
1498,KBS:UPCOM:VCR,VCR,UPCOM,CTCP Đầu tư và Phát triển Du lịch ITC,stock,CURRENT_500_EXCLUDED,UPCOM,UNAVAILABLE,UNAVAILABLE,UPCOM,UNAVAILABLE,CURRENT_LISTING_ONLY,KBS_CURRENT_LISTING,CURRENT_500_MATCH,current ticker or security_id matches frozen current 500
1499,KBS:UPCOM:VDN,VDN,UPCOM,CTCP Vinatex Đà Nẵng,stock,CURRENT_500_EXCLUDED,UPCOM,UNAVAILABLE,UNAVAILABLE,UPCOM,UNAVAILABLE,CURRENT_LISTING_ONLY,KBS_CURRENT_LISTING,CURRENT_500_MATCH,current ticker or security_id matches frozen current 500
1500,KBS:UPCOM:VEA,VEA,UPCOM,Tổng Công ty Máy động lực và Máy nông nghiệp Việt Nam – CTCP,stock,CURRENT_500_EXCLUDED,UPCOM,UNAVAILABLE,UNAVAILABLE,UPCOM,UNAVAILABLE,CURRENT_LISTING_ONLY,KBS_CURRENT_LISTING,CURRENT_500_MATCH,current ticker or security_id matches frozen current 500
1501,KBS:UPCOM:VGG,VGG,UPCOM,Tổng Công ty cổ phần May Việt Tiến,stock,CURRENT_500_EXCLUDED,UPCOM,UNAVAILABLE,UNAVAILABLE,UPCOM,UNAVAILABLE,CURRENT_LISTING_ONLY,KBS_CURRENT_LISTING,CURRENT_500_MATCH,current ticker or security_id matches frozen current 500
1502,KBS:UPCOM:VGI,VGI,UPCOM,Tổng Công ty cổ phần Đầu tư Quốc tế Viettel,stock,CURRENT_500_EXCLUDED,UPCOM,UNAVAILABLE,UNAVAILABLE,UPCOM,UNAVAILABLE,CURRENT_LISTING_ONLY,KBS_CURRENT_LISTING,CURRENT_500_MATCH,current ticker or security_id matches frozen current 500
1503,KBS:UPCOM:VGT,VGT,UPCOM,Tập đoàn Dệt May Việt Nam,stock,CURRENT_500_EXCLUDED,UPCOM,UNAVAILABLE,UNAVAILABLE,UPCOM,UNAVAILABLE,CURRENT_LISTING_ONLY,KBS_CURRENT_LISTING,CURRENT_500_MATCH,current ticker or security_id matches frozen current 500
1504,KBS:UPCOM:VHG,VHG,UPCOM,CTCP Đầu tư Phát triển Việt Trung Nam,stock,CURRENT_500_EXCLUDED,UPCOM,UNAVAILABLE,UNAVAILABLE,UPCOM,UNAVAILABLE,CURRENT_LISTING_ONLY,KBS_CURRENT_LISTING,CURRENT_500_MATCH,current ticker or security_id matches frozen current 500
1505,KBS:UPCOM:VIM,VIM,UPCOM,CTCP Khoáng sản Viglacera,stock,CURRENT_500_EXCLUDED,UPCOM,UNAVAILABLE,UNAVAILABLE,UPCOM,UNAVAILABLE,CURRENT_LISTING_ONLY,KBS_CURRENT_LISTING,CURRENT_500_MATCH,current ticker or security_id matches frozen current 500
1506,KBS:UPCOM:VIN,VIN,UPCOM,CTCP Giao nhận Kho vận Ngoại Thương Việt Nam,stock,CURRENT_500_EXCLUDED,UPCOM,UNAVAILABLE,UNAVAILABLE,UPCOM,UNAVAILABLE,CURRENT_LISTING_ONLY,KBS_CURRENT_LISTING,CURRENT_500_MATCH,current ticker or security_id matches frozen current 500
1507,KBS:UPCOM:VIW,VIW,UPCOM,Tổng Công ty Đầu tư Nước và Môi trường Việt Nam,stock,CURRENT_500_EXCLUDED,UPCOM,UNAVAILABLE,UNAVAILABLE,UPCOM,UNAVAILABLE,CURRENT_LISTING_ONLY,KBS_CURRENT_LISTING,CURRENT_500_MATCH,current ticker or security_id matches frozen current 500
1508,KBS:UPCOM:VKC,VKC,UPCOM,CTCP VKC Holdings,stock,CURRENT_500_EXCLUDED,UPCOM,UNAVAILABLE,UNAVAILABLE,UPCOM,UNAVAILABLE,CURRENT_LISTING_ONLY,KBS_CURRENT_LISTING,CURRENT_500_MATCH,current ticker or security_id matches frozen current 500
1509,KBS:UPCOM:VLG,VLG,UPCOM,CTCP VIMC Logistics,stock,CURRENT_500_EXCLUDED,UPCOM,UNAVAILABLE,UNAVAILABLE,UPCOM,UNAVAILABLE,CURRENT_LISTING_ONLY,KBS_CURRENT_LISTING,CURRENT_500_MATCH,current ticker or security_id matches frozen current 500
1510,KBS:UPCOM:VLW,VLW,UPCOM,CTCP Cấp nước Vĩnh Long,stock,CURRENT_500_EXCLUDED,UPCOM,UNAVAILABLE,UNAVAILABLE,UPCOM,UNAVAILABLE,CURRENT_LISTING_ONLY,KBS_CURRENT_LISTING,CURRENT_500_MATCH,current ticker or security_id matches frozen current 500
1511,KBS:UPCOM:VNB,VNB,UPCOM,CTCP Sách Việt Nam,stock,CURRENT_500_EXCLUDED,UPCOM,UNAVAILABLE,UNAVAILABLE,UPCOM,UNAVAILABLE,CURRENT_LISTING_ONLY,KBS_CURRENT_LISTING,CURRENT_500_MATCH,current ticker or security_id matches frozen current 500
1512,KBS:UPCOM:VNI,VNI,UPCOM,CTCP Đầu tư Bất động sản Việt Nam,stock,CURRENT_500_EXCLUDED,UPCOM,UNAVAILABLE,UNAVAILABLE,UPCOM,UNAVAILABLE,CURRENT_LISTING_ONLY,KBS_CURRENT_LISTING,CURRENT_500_MATCH,current ticker or security_id matches frozen current 500
1513,KBS:UPCOM:VNZ,VNZ,UPCOM,CTCP Tập đoàn VNG,stock,CURRENT_500_EXCLUDED,UPCOM,UNAVAILABLE,UNAVAILABLE,UPCOM,UNAVAILABLE,CURRENT_LISTING_ONLY,KBS_CURRENT_LISTING,CURRENT_500_MATCH,current ticker or security_id matches frozen current 500
1514,KBS:UPCOM:VPR,VPR,UPCOM,CTCP VinaPrint,stock,CURRENT_500_EXCLUDED,UPCOM,UNAVAILABLE,UNAVAILABLE,UPCOM,UNAVAILABLE,CURRENT_LISTING_ONLY,KBS_CURRENT_LISTING,CURRENT_500_MATCH,current ticker or security_id matches frozen current 500
1515,KBS:UPCOM:VSE,VSE,UPCOM,CTCP Dịch vụ Đường cao tốc Việt Nam,stock,CURRENT_500_EXCLUDED,UPCOM,UNAVAILABLE,UNAVAILABLE,UPCOM,UNAVAILABLE,CURRENT_LISTING_ONLY,KBS_CURRENT_LISTING,CURRENT_500_MATCH,current ticker or security_id matches frozen current 500
1516,KBS:UPCOM:VST,VST,UPCOM,CTCP Vận tải và Thuê tàu biển Việt Nam,stock,CURRENT_500_EXCLUDED,UPCOM,UNAVAILABLE,UNAVAILABLE,UPCOM,UNAVAILABLE,CURRENT_LISTING_ONLY,KBS_CURRENT_LISTING,CURRENT_500_MATCH,current ticker or security_id matches frozen current 500
1517,KBS:UPCOM:VTK,VTK,UPCOM,CTCP Tư Vấn Và Dịch Vụ Viettel,stock,CURRENT_500_EXCLUDED,UPCOM,UNAVAILABLE,UNAVAILABLE,UPCOM,UNAVAILABLE,CURRENT_LISTING_ONLY,KBS_CURRENT_LISTING,CURRENT_500_MATCH,current ticker or security_id matches frozen current 500
1518,KBS:UPCOM:VW3,VW3,UPCOM,CTCP Viwaseen3,stock,CURRENT_500_EXCLUDED,UPCOM,UNAVAILABLE,UNAVAILABLE,UPCOM,UNAVAILABLE,CURRENT_LISTING_ONLY,KBS_CURRENT_LISTING,CURRENT_500_MATCH,current ticker or security_id matches frozen current 500
1519,KBS:UPCOM:WSB,WSB,UPCOM,CTCP Bia Sài Gòn - Miền Tây,stock,CURRENT_500_EXCLUDED,UPCOM,UNAVAILABLE,UNAVAILABLE,UPCOM,UNAVAILABLE,CURRENT_LISTING_ONLY,KBS_CURRENT_LISTING,CURRENT_500_MATCH,current ticker or security_id matches frozen current 500
1520,KBS:UPCOM:XMC,XMC,UPCOM,CTCP Đầu tư và Xây dựng Xuân Mai,stock,CURRENT_500_EXCLUDED,UPCOM,UNAVAILABLE,UNAVAILABLE,UPCOM,UNAVAILABLE,CURRENT_LISTING_ONLY,KBS_CURRENT_LISTING,CURRENT_500_MATCH,current ticker or security_id matches frozen current 500
1521,KBS:UPCOM:XMD,XMD,UPCOM,CTCP Xuân Mai - Đạo Tú,stock,CURRENT_500_EXCLUDED,UPCOM,UNAVAILABLE,UNAVAILABLE,UPCOM,UNAVAILABLE,CURRENT_LISTING_ONLY,KBS_CURRENT_LISTING,CURRENT_500_MATCH,current ticker or security_id matches frozen current 500
1522,KBS:UPCOM:XMP,XMP,UPCOM,CTCP Thủy điện Xuân Minh,stock,CURRENT_500_EXCLUDED,UPCOM,UNAVAILABLE,UNAVAILABLE,UPCOM,UNAVAILABLE,CURRENT_LISTING_ONLY,KBS_CURRENT_LISTING,CURRENT_500_MATCH,current ticker or security_id matches frozen current 500
1523,,CFPT2613,HOSE,None,cw,INSTRUMENT_TYPE_EXCLUDED,EXCLUDED,UNAVAILABLE,UNAVAILABLE,HOSE,UNAVAILABLE,INSUFFICIENT,KBS_CURRENT_LISTING,INSTRUMENT_TYPE_EXCLUDED,listing evidence exclusion
1524,,CFPT2616,HOSE,None,cw,INSTRUMENT_TYPE_EXCLUDED,EXCLUDED,UNAVAILABLE,UNAVAILABLE,HOSE,UNAVAILABLE,INSUFFICIENT,KBS_CURRENT_LISTING,INSTRUMENT_TYPE_EXCLUDED,listing evidence exclusion
1525,,CTCB2619,HOSE,None,cw,INSTRUMENT_TYPE_EXCLUDED,EXCLUDED,UNAVAILABLE,UNAVAILABLE,HOSE,UNAVAILABLE,INSUFFICIENT,KBS_CURRENT_LISTING,INSTRUMENT_TYPE_EXCLUDED,listing evidence exclusion
1526,,CVNM2619,HOSE,None,cw,INSTRUMENT_TYPE_EXCLUDED,EXCLUDED,UNAVAILABLE,UNAVAILABLE,HOSE,UNAVAILABLE,INSUFFICIENT,KBS_CURRENT_LISTING,INSTRUMENT_TYPE_EXCLUDED,listing evidence exclusion
1527,,CFPT2628,HOSE,None,cw,INSTRUMENT_TYPE_EXCLUDED,EXCLUDED,UNAVAILABLE,UNAVAILABLE,HOSE,UNAVAILABLE,INSUFFICIENT,KBS_CURRENT_LISTING,INSTRUMENT_TYPE_EXCLUDED,listing evidence exclusion
1528,,CFPT2603,HOSE,None,cw,INSTRUMENT_TYPE_EXCLUDED,EXCLUDED,UNAVAILABLE,UNAVAILABLE,HOSE,UNAVAILABLE,INSUFFICIENT,KBS_CURRENT_LISTING,INSTRUMENT_TYPE_EXCLUDED,listing evidence exclusion
1529,,CHPG2634,HOSE,None,cw,INSTRUMENT_TYPE_EXCLUDED,EXCLUDED,UNAVAILABLE,UNAVAILABLE,HOSE,UNAVAILABLE,INSUFFICIENT,KBS_CURRENT_LISTING,INSTRUMENT_TYPE_EXCLUDED,listing evidence exclusion
1530,,CHPG2607,HOSE,None,cw,INSTRUMENT_TYPE_EXCLUDED,EXCLUDED,UNAVAILABLE,UNAVAILABLE,HOSE,UNAVAILABLE,INSUFFICIENT,KBS_CURRENT_LISTING,INSTRUMENT_TYPE_EXCLUDED,listing evidence exclusion
1531,,CVIB2610,HOSE,None,cw,INSTRUMENT_TYPE_EXCLUDED,EXCLUDED,UNAVAILABLE,UNAVAILABLE,HOSE,UNAVAILABLE,INSUFFICIENT,KBS_CURRENT_LISTING,INSTRUMENT_TYPE_EXCLUDED,listing evidence exclusion
1532,,CVPB2620,HOSE,None,cw,INSTRUMENT_TYPE_EXCLUDED,EXCLUDED,UNAVAILABLE,UNAVAILABLE,HOSE,UNAVAILABLE,INSUFFICIENT,KBS_CURRENT_LISTING,INSTRUMENT_TYPE_EXCLUDED,listing evidence exclusion
1533,,CACB2609,HOSE,None,cw,INSTRUMENT_TYPE_EXCLUDED,EXCLUDED,UNAVAILABLE,UNAVAILABLE,HOSE,UNAVAILABLE,INSUFFICIENT,KBS_CURRENT_LISTING,INSTRUMENT_TYPE_EXCLUDED,listing evidence exclusion
1534,,CVJC2604,HOSE,None,cw,INSTRUMENT_TYPE_EXCLUDED,EXCLUDED,UNAVAILABLE,UNAVAILABLE,HOSE,UNAVAILABLE,INSUFFICIENT,KBS_CURRENT_LISTING,INSTRUMENT_TYPE_EXCLUDED,listing evidence exclusion
1535,,CVPB2624,HOSE,None,cw,INSTRUMENT_TYPE_EXCLUDED,EXCLUDED,UNAVAILABLE,UNAVAILABLE,HOSE,UNAVAILABLE,INSUFFICIENT,KBS_CURRENT_LISTING,INSTRUMENT_TYPE_EXCLUDED,listing evidence exclusion
1536,,CMSN2619,HOSE,None,cw,INSTRUMENT_TYPE_EXCLUDED,EXCLUDED,UNAVAILABLE,UNAVAILABLE,HOSE,UNAVAILABLE,INSUFFICIENT,KBS_CURRENT_LISTING,INSTRUMENT_TYPE_EXCLUDED,listing evidence exclusion
1537,,CTPB2610,HOSE,None,cw,INSTRUMENT_TYPE_EXCLUDED,EXCLUDED,UNAVAILABLE,UNAVAILABLE,HOSE,UNAVAILABLE,INSUFFICIENT,KBS_CURRENT_LISTING,INSTRUMENT_TYPE_EXCLUDED,listing evidence exclusion
1538,,CVIB2604,HOSE,None,cw,INSTRUMENT_TYPE_EXCLUDED,EXCLUDED,UNAVAILABLE,UNAVAILABLE,HOSE,UNAVAILABLE,INSUFFICIENT,KBS_CURRENT_LISTING,INSTRUMENT_TYPE_EXCLUDED,listing evidence exclusion
1539,,CVHM2620,HOSE,None,cw,INSTRUMENT_TYPE_EXCLUDED,EXCLUDED,UNAVAILABLE,UNAVAILABLE,HOSE,UNAVAILABLE,INSUFFICIENT,KBS_CURRENT_LISTING,INSTRUMENT_TYPE_EXCLUDED,listing evidence exclusion
1540,,CTCB2606,HOSE,None,cw,INSTRUMENT_TYPE_EXCLUDED,EXCLUDED,UNAVAILABLE,UNAVAILABLE,HOSE,UNAVAILABLE,INSUFFICIENT,KBS_CURRENT_LISTING,INSTRUMENT_TYPE_EXCLUDED,listing evidence exclusion
1541,,CVIC2611,HOSE,None,cw,INSTRUMENT_TYPE_EXCLUDED,EXCLUDED,UNAVAILABLE,UNAVAILABLE,HOSE,UNAVAILABLE,INSUFFICIENT,KBS_CURRENT_LISTING,INSTRUMENT_TYPE_EXCLUDED,listing evidence exclusion
1542,,CMSN2621,HOSE,None,cw,INSTRUMENT_TYPE_EXCLUDED,EXCLUDED,UNAVAILABLE,UNAVAILABLE,HOSE,UNAVAILABLE,INSUFFICIENT,KBS_CURRENT_LISTING,INSTRUMENT_TYPE_EXCLUDED,listing evidence exclusion
1543,,CSTB2603,HOSE,None,cw,INSTRUMENT_TYPE_EXCLUDED,EXCLUDED,UNAVAILABLE,UNAVAILABLE,HOSE,UNAVAILABLE,INSUFFICIENT,KBS_CURRENT_LISTING,INSTRUMENT_TYPE_EXCLUDED,listing evidence exclusion
1544,,CVJC2606,HOSE,None,cw,INSTRUMENT_TYPE_EXCLUDED,EXCLUDED,UNAVAILABLE,UNAVAILABLE,HOSE,UNAVAILABLE,INSUFFICIENT,KBS_CURRENT_LISTING,INSTRUMENT_TYPE_EXCLUDED,listing evidence exclusion
1545,,CVNM2615,HOSE,None,cw,INSTRUMENT_TYPE_EXCLUDED,EXCLUDED,UNAVAILABLE,UNAVAILABLE,HOSE,UNAVAILABLE,INSUFFICIENT,KBS_CURRENT_LISTING,INSTRUMENT_TYPE_EXCLUDED,listing evidence exclusion
1546,,CVIB2611,HOSE,None,cw,INSTRUMENT_TYPE_EXCLUDED,EXCLUDED,UNAVAILABLE,UNAVAILABLE,HOSE,UNAVAILABLE,INSUFFICIENT,KBS_CURRENT_LISTING,INSTRUMENT_TYPE_EXCLUDED,listing evidence exclusion
1547,,CMBB2620,HOSE,None,cw,INSTRUMENT_TYPE_EXCLUDED,EXCLUDED,UNAVAILABLE,UNAVAILABLE,HOSE,UNAVAILABLE,INSUFFICIENT,KBS_CURRENT_LISTING,INSTRUMENT_TYPE_EXCLUDED,listing evidence exclusion
1548,,CMWG2622,HOSE,None,cw,INSTRUMENT_TYPE_EXCLUDED,EXCLUDED,UNAVAILABLE,UNAVAILABLE,HOSE,UNAVAILABLE,INSUFFICIENT,KBS_CURRENT_LISTING,INSTRUMENT_TYPE_EXCLUDED,listing evidence exclusion
1549,,CACB2619,HOSE,None,cw,INSTRUMENT_TYPE_EXCLUDED,EXCLUDED,UNAVAILABLE,UNAVAILABLE,HOSE,UNAVAILABLE,INSUFFICIENT,KBS_CURRENT_LISTING,INSTRUMENT_TYPE_EXCLUDED,listing evidence exclusion
1550,,CVHM2603,HOSE,None,cw,INSTRUMENT_TYPE_EXCLUDED,EXCLUDED,UNAVAILABLE,UNAVAILABLE,HOSE,UNAVAILABLE,INSUFFICIENT,KBS_CURRENT_LISTING,INSTRUMENT_TYPE_EXCLUDED,listing evidence exclusion
1551,,CHDB2612,HOSE,None,cw,INSTRUMENT_TYPE_EXCLUDED,EXCLUDED,UNAVAILABLE,UNAVAILABLE,HOSE,UNAVAILABLE,INSUFFICIENT,KBS_CURRENT_LISTING,INSTRUMENT_TYPE_EXCLUDED,listing evidence exclusion
1552,,CMBB2614,HOSE,None,cw,INSTRUMENT_TYPE_EXCLUDED,EXCLUDED,UNAVAILABLE,UNAVAILABLE,HOSE,UNAVAILABLE,INSUFFICIENT,KBS_CURRENT_LISTING,INSTRUMENT_TYPE_EXCLUDED,listing evidence exclusion
1553,,CSHB2617,HOSE,None,cw,INSTRUMENT_TYPE_EXCLUDED,EXCLUDED,UNAVAILABLE,UNAVAILABLE,HOSE,UNAVAILABLE,INSUFFICIENT,KBS_CURRENT_LISTING,INSTRUMENT_TYPE_EXCLUDED,listing evidence exclusion
1554,,CMBB2604,HOSE,None,cw,INSTRUMENT_TYPE_EXCLUDED,EXCLUDED,UNAVAILABLE,UNAVAILABLE,HOSE,UNAVAILABLE,INSUFFICIENT,KBS_CURRENT_LISTING,INSTRUMENT_TYPE_EXCLUDED,listing evidence exclusion
1555,,CFPT2529,HOSE,None,cw,INSTRUMENT_TYPE_EXCLUDED,EXCLUDED,UNAVAILABLE,UNAVAILABLE,HOSE,UNAVAILABLE,INSUFFICIENT,KBS_CURRENT_LISTING,INSTRUMENT_TYPE_EXCLUDED,listing evidence exclusion
1556,,CMWG2603,HOSE,None,cw,INSTRUMENT_TYPE_EXCLUDED,EXCLUDED,UNAVAILABLE,UNAVAILABLE,HOSE,UNAVAILABLE,INSUFFICIENT,KBS_CURRENT_LISTING,INSTRUMENT_TYPE_EXCLUDED,listing evidence exclusion
1557,,CVHM2616,HOSE,None,cw,INSTRUMENT_TYPE_EXCLUDED,EXCLUDED,UNAVAILABLE,UNAVAILABLE,HOSE,UNAVAILABLE,INSUFFICIENT,KBS_CURRENT_LISTING,INSTRUMENT_TYPE_EXCLUDED,listing evidence exclusion
1558,,CTCB2615,HOSE,None,cw,INSTRUMENT_TYPE_EXCLUDED,EXCLUDED,UNAVAILABLE,UNAVAILABLE,HOSE,UNAVAILABLE,INSUFFICIENT,KBS_CURRENT_LISTING,INSTRUMENT_TYPE_EXCLUDED,listing evidence exclusion
1559,,CMSN2605,HOSE,None,cw,INSTRUMENT_TYPE_EXCLUDED,EXCLUDED,UNAVAILABLE,UNAVAILABLE,HOSE,UNAVAILABLE,INSUFFICIENT,KBS_CURRENT_LISTING,INSTRUMENT_TYPE_EXCLUDED,listing evidence exclusion
1560,,CVPB2609,HOSE,None,cw,INSTRUMENT_TYPE_EXCLUDED,EXCLUDED,UNAVAILABLE,UNAVAILABLE,HOSE,UNAVAILABLE,INSUFFICIENT,KBS_CURRENT_LISTING,INSTRUMENT_TYPE_EXCLUDED,listing evidence exclusion
1561,,CMWG2604,HOSE,None,cw,INSTRUMENT_TYPE_EXCLUDED,EXCLUDED,UNAVAILABLE,UNAVAILABLE,HOSE,UNAVAILABLE,INSUFFICIENT,KBS_CURRENT_LISTING,INSTRUMENT_TYPE_EXCLUDED,listing evidence exclusion
1562,,CSTB2610,HOSE,None,cw,INSTRUMENT_TYPE_EXCLUDED,EXCLUDED,UNAVAILABLE,UNAVAILABLE,HOSE,UNAVAILABLE,INSUFFICIENT,KBS_CURRENT_LISTING,INSTRUMENT_TYPE_EXCLUDED,listing evidence exclusion
1563,,CSTB2604,HOSE,None,cw,INSTRUMENT_TYPE_EXCLUDED,EXCLUDED,UNAVAILABLE,UNAVAILABLE,HOSE,UNAVAILABLE,INSUFFICIENT,KBS_CURRENT_LISTING,INSTRUMENT_TYPE_EXCLUDED,listing evidence exclusion
1564,,CMBB2522,HOSE,None,cw,INSTRUMENT_TYPE_EXCLUDED,EXCLUDED,UNAVAILABLE,UNAVAILABLE,HOSE,UNAVAILABLE,INSUFFICIENT,KBS_CURRENT_LISTING,INSTRUMENT_TYPE_EXCLUDED,listing evidence exclusion
1565,,CFPT2629,HOSE,None,cw,INSTRUMENT_TYPE_EXCLUDED,EXCLUDED,UNAVAILABLE,UNAVAILABLE,HOSE,UNAVAILABLE,INSUFFICIENT,KBS_CURRENT_LISTING,INSTRUMENT_TYPE_EXCLUDED,listing evidence exclusion
1566,,CHPG2610,HOSE,None,cw,INSTRUMENT_TYPE_EXCLUDED,EXCLUDED,UNAVAILABLE,UNAVAILABLE,HOSE,UNAVAILABLE,INSUFFICIENT,KBS_CURRENT_LISTING,INSTRUMENT_TYPE_EXCLUDED,listing evidence exclusion
1567,,CHPG2632,HOSE,None,cw,INSTRUMENT_TYPE_EXCLUDED,EXCLUDED,UNAVAILABLE,UNAVAILABLE,HOSE,UNAVAILABLE,INSUFFICIENT,KBS_CURRENT_LISTING,INSTRUMENT_TYPE_EXCLUDED,listing evidence exclusion
1568,,CSTB2625,HOSE,None,cw,INSTRUMENT_TYPE_EXCLUDED,EXCLUDED,UNAVAILABLE,UNAVAILABLE,HOSE,UNAVAILABLE,INSUFFICIENT,KBS_CURRENT_LISTING,INSTRUMENT_TYPE_EXCLUDED,listing evidence exclusion
1569,,CVNM2617,HOSE,None,cw,INSTRUMENT_TYPE_EXCLUDED,EXCLUDED,UNAVAILABLE,UNAVAILABLE,HOSE,UNAVAILABLE,INSUFFICIENT,KBS_CURRENT_LISTING,INSTRUMENT_TYPE_EXCLUDED,listing evidence exclusion
1570,,CFPT2532,HOSE,None,cw,INSTRUMENT_TYPE_EXCLUDED,EXCLUDED,UNAVAILABLE,UNAVAILABLE,HOSE,UNAVAILABLE,INSUFFICIENT,KBS_CURRENT_LISTING,INSTRUMENT_TYPE_EXCLUDED,listing evidence exclusion
1571,,CMSN2522,HOSE,None,cw,INSTRUMENT_TYPE_EXCLUDED,EXCLUDED,UNAVAILABLE,UNAVAILABLE,HOSE,UNAVAILABLE,INSUFFICIENT,KBS_CURRENT_LISTING,INSTRUMENT_TYPE_EXCLUDED,listing evidence exclusion
1572,,CVHM2610,HOSE,None,cw,INSTRUMENT_TYPE_EXCLUDED,EXCLUDED,UNAVAILABLE,UNAVAILABLE,HOSE,UNAVAILABLE,INSUFFICIENT,KBS_CURRENT_LISTING,INSTRUMENT_TYPE_EXCLUDED,listing evidence exclusion
1573,,CHPG2540,HOSE,None,cw,INSTRUMENT_TYPE_EXCLUDED,EXCLUDED,UNAVAILABLE,UNAVAILABLE,HOSE,UNAVAILABLE,INSUFFICIENT,KBS_CURRENT_LISTING,INSTRUMENT_TYPE_EXCLUDED,listing evidence exclusion
1574,,CTPB2611,HOSE,None,cw,INSTRUMENT_TYPE_EXCLUDED,EXCLUDED,UNAVAILABLE,UNAVAILABLE,HOSE,UNAVAILABLE,INSUFFICIENT,KBS_CURRENT_LISTING,INSTRUMENT_TYPE_EXCLUDED,listing evidence exclusion
1575,,CSHB2612,HOSE,None,cw,INSTRUMENT_TYPE_EXCLUDED,EXCLUDED,UNAVAILABLE,UNAVAILABLE,HOSE,UNAVAILABLE,INSUFFICIENT,KBS_CURRENT_LISTING,INSTRUMENT_TYPE_EXCLUDED,listing evidence exclusion
1576,,CTCB2521,HOSE,None,cw,INSTRUMENT_TYPE_EXCLUDED,EXCLUDED,UNAVAILABLE,UNAVAILABLE,HOSE,UNAVAILABLE,INSUFFICIENT,KBS_CURRENT_LISTING,INSTRUMENT_TYPE_EXCLUDED,listing evidence exclusion
1577,,CMWG2616,HOSE,None,cw,INSTRUMENT_TYPE_EXCLUDED,EXCLUDED,UNAVAILABLE,UNAVAILABLE,HOSE,UNAVAILABLE,INSUFFICIENT,KBS_CURRENT_LISTING,INSTRUMENT_TYPE_EXCLUDED,listing evidence exclusion
1578,,CVIC2608,HOSE,None,cw,INSTRUMENT_TYPE_EXCLUDED,EXCLUDED,UNAVAILABLE,UNAVAILABLE,HOSE,UNAVAILABLE,INSUFFICIENT,KBS_CURRENT_LISTING,INSTRUMENT_TYPE_EXCLUDED,listing evidence exclusion
1579,,CSTB2627,HOSE,None,cw,INSTRUMENT_TYPE_EXCLUDED,EXCLUDED,UNAVAILABLE,UNAVAILABLE,HOSE,UNAVAILABLE,INSUFFICIENT,KBS_CURRENT_LISTING,INSTRUMENT_TYPE_EXCLUDED,listing evidence exclusion
1580,,CFPT2631,HOSE,None,cw,INSTRUMENT_TYPE_EXCLUDED,EXCLUDED,UNAVAILABLE,UNAVAILABLE,HOSE,UNAVAILABLE,INSUFFICIENT,KBS_CURRENT_LISTING,INSTRUMENT_TYPE_EXCLUDED,listing evidence exclusion
1581,,CHPG2621,HOSE,None,cw,INSTRUMENT_TYPE_EXCLUDED,EXCLUDED,UNAVAILABLE,UNAVAILABLE,HOSE,UNAVAILABLE,INSUFFICIENT,KBS_CURRENT_LISTING,INSTRUMENT_TYPE_EXCLUDED,listing evidence exclusion
1582,,CTCB2616,HOSE,None,cw,INSTRUMENT_TYPE_EXCLUDED,EXCLUDED,UNAVAILABLE,UNAVAILABLE,HOSE,UNAVAILABLE,INSUFFICIENT,KBS_CURRENT_LISTING,INSTRUMENT_TYPE_EXCLUDED,listing evidence exclusion
1583,,CMBB2622,HOSE,None,cw,INSTRUMENT_TYPE_EXCLUDED,EXCLUDED,UNAVAILABLE,UNAVAILABLE,HOSE,UNAVAILABLE,INSUFFICIENT,KBS_CURRENT_LISTING,INSTRUMENT_TYPE_EXCLUDED,listing evidence exclusion
1584,,CSTB2533,HOSE,None,cw,INSTRUMENT_TYPE_EXCLUDED,EXCLUDED,UNAVAILABLE,UNAVAILABLE,HOSE,UNAVAILABLE,INSUFFICIENT,KBS_CURRENT_LISTING,INSTRUMENT_TYPE_EXCLUDED,listing evidence exclusion
1585,,CMWG2612,HOSE,None,cw,INSTRUMENT_TYPE_EXCLUDED,EXCLUDED,UNAVAILABLE,UNAVAILABLE,HOSE,UNAVAILABLE,INSUFFICIENT,KBS_CURRENT_LISTING,INSTRUMENT_TYPE_EXCLUDED,listing evidence exclusion
1586,,CLPB2603,HOSE,None,cw,INSTRUMENT_TYPE_EXCLUDED,EXCLUDED,UNAVAILABLE,UNAVAILABLE,HOSE,UNAVAILABLE,INSUFFICIENT,KBS_CURRENT_LISTING,INSTRUMENT_TYPE_EXCLUDED,listing evidence exclusion
1587,,CVNM2609,HOSE,None,cw,INSTRUMENT_TYPE_EXCLUDED,EXCLUDED,UNAVAILABLE,UNAVAILABLE,HOSE,UNAVAILABLE,INSUFFICIENT,KBS_CURRENT_LISTING,INSTRUMENT_TYPE_EXCLUDED,listing evidence exclusion
1588,,CMWG2621,HOSE,None,cw,INSTRUMENT_TYPE_EXCLUDED,EXCLUDED,UNAVAILABLE,UNAVAILABLE,HOSE,UNAVAILABLE,INSUFFICIENT,KBS_CURRENT_LISTING,INSTRUMENT_TYPE_EXCLUDED,listing evidence exclusion
1589,,CVJC2602,HOSE,None,cw,INSTRUMENT_TYPE_EXCLUDED,EXCLUDED,UNAVAILABLE,UNAVAILABLE,HOSE,UNAVAILABLE,INSUFFICIENT,KBS_CURRENT_LISTING,INSTRUMENT_TYPE_EXCLUDED,listing evidence exclusion
1590,,CVPB2606,HOSE,None,cw,INSTRUMENT_TYPE_EXCLUDED,EXCLUDED,UNAVAILABLE,UNAVAILABLE,HOSE,UNAVAILABLE,INSUFFICIENT,KBS_CURRENT_LISTING,INSTRUMENT_TYPE_EXCLUDED,listing evidence exclusion
1591,,CLPB2608,HOSE,None,cw,INSTRUMENT_TYPE_EXCLUDED,EXCLUDED,UNAVAILABLE,UNAVAILABLE,HOSE,UNAVAILABLE,INSUFFICIENT,KBS_CURRENT_LISTING,INSTRUMENT_TYPE_EXCLUDED,listing evidence exclusion
1592,,CTCB2605,HOSE,None,cw,INSTRUMENT_TYPE_EXCLUDED,EXCLUDED,UNAVAILABLE,UNAVAILABLE,HOSE,UNAVAILABLE,INSUFFICIENT,KBS_CURRENT_LISTING,INSTRUMENT_TYPE_EXCLUDED,listing evidence exclusion
1593,,CACB2617,HOSE,None,cw,INSTRUMENT_TYPE_EXCLUDED,EXCLUDED,UNAVAILABLE,UNAVAILABLE,HOSE,UNAVAILABLE,INSUFFICIENT,KBS_CURRENT_LISTING,INSTRUMENT_TYPE_EXCLUDED,listing evidence exclusion
1594,,CSHB2608,HOSE,None,cw,INSTRUMENT_TYPE_EXCLUDED,EXCLUDED,UNAVAILABLE,UNAVAILABLE,HOSE,UNAVAILABLE,INSUFFICIENT,KBS_CURRENT_LISTING,INSTRUMENT_TYPE_EXCLUDED,listing evidence exclusion
1595,,CHPG2605,HOSE,None,cw,INSTRUMENT_TYPE_EXCLUDED,EXCLUDED,UNAVAILABLE,UNAVAILABLE,HOSE,UNAVAILABLE,INSUFFICIENT,KBS_CURRENT_LISTING,INSTRUMENT_TYPE_EXCLUDED,listing evidence exclusion
1596,,CVHM2609,HOSE,None,cw,INSTRUMENT_TYPE_EXCLUDED,EXCLUDED,UNAVAILABLE,UNAVAILABLE,HOSE,UNAVAILABLE,INSUFFICIENT,KBS_CURRENT_LISTING,INSTRUMENT_TYPE_EXCLUDED,listing evidence exclusion
1597,,CSTB2536,HOSE,None,cw,INSTRUMENT_TYPE_EXCLUDED,EXCLUDED,UNAVAILABLE,UNAVAILABLE,HOSE,UNAVAILABLE,INSUFFICIENT,KBS_CURRENT_LISTING,INSTRUMENT_TYPE_EXCLUDED,listing evidence exclusion
1598,,CVNM2603,HOSE,None,cw,INSTRUMENT_TYPE_EXCLUDED,EXCLUDED,UNAVAILABLE,UNAVAILABLE,HOSE,UNAVAILABLE,INSUFFICIENT,KBS_CURRENT_LISTING,INSTRUMENT_TYPE_EXCLUDED,listing evidence exclusion
1599,,CVNM2607,HOSE,None,cw,INSTRUMENT_TYPE_EXCLUDED,EXCLUDED,UNAVAILABLE,UNAVAILABLE,HOSE,UNAVAILABLE,INSUFFICIENT,KBS_CURRENT_LISTING,INSTRUMENT_TYPE_EXCLUDED,listing evidence exclusion
1600,,CTCB2618,HOSE,None,cw,INSTRUMENT_TYPE_EXCLUDED,EXCLUDED,UNAVAILABLE,UNAVAILABLE,HOSE,UNAVAILABLE,INSUFFICIENT,KBS_CURRENT_LISTING,INSTRUMENT_TYPE_EXCLUDED,listing evidence exclusion
1601,,CMBB2607,HOSE,None,cw,INSTRUMENT_TYPE_EXCLUDED,EXCLUDED,UNAVAILABLE,UNAVAILABLE,HOSE,UNAVAILABLE,INSUFFICIENT,KBS_CURRENT_LISTING,INSTRUMENT_TYPE_EXCLUDED,listing evidence exclusion
1602,,CVIB2607,HOSE,None,cw,INSTRUMENT_TYPE_EXCLUDED,EXCLUDED,UNAVAILABLE,UNAVAILABLE,HOSE,UNAVAILABLE,INSUFFICIENT,KBS_CURRENT_LISTING,INSTRUMENT_TYPE_EXCLUDED,listing evidence exclusion
1603,,CFPT2608,HOSE,None,cw,INSTRUMENT_TYPE_EXCLUDED,EXCLUDED,UNAVAILABLE,UNAVAILABLE,HOSE,UNAVAILABLE,INSUFFICIENT,KBS_CURRENT_LISTING,INSTRUMENT_TYPE_EXCLUDED,listing evidence exclusion
1604,,CVNM2613,HOSE,None,cw,INSTRUMENT_TYPE_EXCLUDED,EXCLUDED,UNAVAILABLE,UNAVAILABLE,HOSE,UNAVAILABLE,INSUFFICIENT,KBS_CURRENT_LISTING,INSTRUMENT_TYPE_EXCLUDED,listing evidence exclusion
1605,,CMBB2603,HOSE,None,cw,INSTRUMENT_TYPE_EXCLUDED,EXCLUDED,UNAVAILABLE,UNAVAILABLE,HOSE,UNAVAILABLE,INSUFFICIENT,KBS_CURRENT_LISTING,INSTRUMENT_TYPE_EXCLUDED,listing evidence exclusion
1606,,CMWG2625,HOSE,None,cw,INSTRUMENT_TYPE_EXCLUDED,EXCLUDED,UNAVAILABLE,UNAVAILABLE,HOSE,UNAVAILABLE,INSUFFICIENT,KBS_CURRENT_LISTING,INSTRUMENT_TYPE_EXCLUDED,listing evidence exclusion
1607,,CVPB2617,HOSE,None,cw,INSTRUMENT_TYPE_EXCLUDED,EXCLUDED,UNAVAILABLE,UNAVAILABLE,HOSE,UNAVAILABLE,INSUFFICIENT,KBS_CURRENT_LISTING,INSTRUMENT_TYPE_EXCLUDED,listing evidence exclusion
1608,,CLPB2606,HOSE,None,cw,INSTRUMENT_TYPE_EXCLUDED,EXCLUDED,UNAVAILABLE,UNAVAILABLE,HOSE,UNAVAILABLE,INSUFFICIENT,KBS_CURRENT_LISTING,INSTRUMENT_TYPE_EXCLUDED,listing evidence exclusion
1609,,CMWG2620,HOSE,None,cw,INSTRUMENT_TYPE_EXCLUDED,EXCLUDED,UNAVAILABLE,UNAVAILABLE,HOSE,UNAVAILABLE,INSUFFICIENT,KBS_CURRENT_LISTING,INSTRUMENT_TYPE_EXCLUDED,listing evidence exclusion
1610,,CMSN2612,HOSE,None,cw,INSTRUMENT_TYPE_EXCLUDED,EXCLUDED,UNAVAILABLE,UNAVAILABLE,HOSE,UNAVAILABLE,INSUFFICIENT,KBS_CURRENT_LISTING,INSTRUMENT_TYPE_EXCLUDED,listing evidence exclusion
1611,,CVPB2618,HOSE,None,cw,INSTRUMENT_TYPE_EXCLUDED,EXCLUDED,UNAVAILABLE,UNAVAILABLE,HOSE,UNAVAILABLE,INSUFFICIENT,KBS_CURRENT_LISTING,INSTRUMENT_TYPE_EXCLUDED,listing evidence exclusion
1612,,CMSN2614,HOSE,None,cw,INSTRUMENT_TYPE_EXCLUDED,EXCLUDED,UNAVAILABLE,UNAVAILABLE,HOSE,UNAVAILABLE,INSUFFICIENT,KBS_CURRENT_LISTING,INSTRUMENT_TYPE_EXCLUDED,listing evidence exclusion
1613,,CVHM2607,HOSE,None,cw,INSTRUMENT_TYPE_EXCLUDED,EXCLUDED,UNAVAILABLE,UNAVAILABLE,HOSE,UNAVAILABLE,INSUFFICIENT,KBS_CURRENT_LISTING,INSTRUMENT_TYPE_EXCLUDED,listing evidence exclusion
1614,,CACB2604,HOSE,None,cw,INSTRUMENT_TYPE_EXCLUDED,EXCLUDED,UNAVAILABLE,UNAVAILABLE,HOSE,UNAVAILABLE,INSUFFICIENT,KBS_CURRENT_LISTING,INSTRUMENT_TYPE_EXCLUDED,listing evidence exclusion
1615,,CVIC2515,HOSE,None,cw,INSTRUMENT_TYPE_EXCLUDED,EXCLUDED,UNAVAILABLE,UNAVAILABLE,HOSE,UNAVAILABLE,INSUFFICIENT,KBS_CURRENT_LISTING,INSTRUMENT_TYPE_EXCLUDED,listing evidence exclusion
1616,,CHPG2630,HOSE,None,cw,INSTRUMENT_TYPE_EXCLUDED,EXCLUDED,UNAVAILABLE,UNAVAILABLE,HOSE,UNAVAILABLE,INSUFFICIENT,KBS_CURRENT_LISTING,INSTRUMENT_TYPE_EXCLUDED,listing evidence exclusion
1617,,CSHB2613,HOSE,None,cw,INSTRUMENT_TYPE_EXCLUDED,EXCLUDED,UNAVAILABLE,UNAVAILABLE,HOSE,UNAVAILABLE,INSUFFICIENT,KBS_CURRENT_LISTING,INSTRUMENT_TYPE_EXCLUDED,listing evidence exclusion
1618,,CFPT2612,HOSE,None,cw,INSTRUMENT_TYPE_EXCLUDED,EXCLUDED,UNAVAILABLE,UNAVAILABLE,HOSE,UNAVAILABLE,INSUFFICIENT,KBS_CURRENT_LISTING,INSTRUMENT_TYPE_EXCLUDED,listing evidence exclusion
1619,,CHDB2610,HOSE,None,cw,INSTRUMENT_TYPE_EXCLUDED,EXCLUDED,UNAVAILABLE,UNAVAILABLE,HOSE,UNAVAILABLE,INSUFFICIENT,KBS_CURRENT_LISTING,INSTRUMENT_TYPE_EXCLUDED,listing evidence exclusion
1620,,CVIB2513,HOSE,None,cw,INSTRUMENT_TYPE_EXCLUDED,EXCLUDED,UNAVAILABLE,UNAVAILABLE,HOSE,UNAVAILABLE,INSUFFICIENT,KBS_CURRENT_LISTING,INSTRUMENT_TYPE_EXCLUDED,listing evidence exclusion
1621,,CVIB2609,HOSE,None,cw,INSTRUMENT_TYPE_EXCLUDED,EXCLUDED,UNAVAILABLE,UNAVAILABLE,HOSE,UNAVAILABLE,INSUFFICIENT,KBS_CURRENT_LISTING,INSTRUMENT_TYPE_EXCLUDED,listing evidence exclusion
1622,,CACB2515,HOSE,None,cw,INSTRUMENT_TYPE_EXCLUDED,EXCLUDED,UNAVAILABLE,UNAVAILABLE,HOSE,UNAVAILABLE,INSUFFICIENT,KBS_CURRENT_LISTING,INSTRUMENT_TYPE_EXCLUDED,listing evidence exclusion
1623,,CHPG2628,HOSE,None,cw,INSTRUMENT_TYPE_EXCLUDED,EXCLUDED,UNAVAILABLE,UNAVAILABLE,HOSE,UNAVAILABLE,INSUFFICIENT,KBS_CURRENT_LISTING,INSTRUMENT_TYPE_EXCLUDED,listing evidence exclusion
1624,,CSTB2626,HOSE,None,cw,INSTRUMENT_TYPE_EXCLUDED,EXCLUDED,UNAVAILABLE,UNAVAILABLE,HOSE,UNAVAILABLE,INSUFFICIENT,KBS_CURRENT_LISTING,INSTRUMENT_TYPE_EXCLUDED,listing evidence exclusion
1625,,CSTB2624,HOSE,None,cw,INSTRUMENT_TYPE_EXCLUDED,EXCLUDED,UNAVAILABLE,UNAVAILABLE,HOSE,UNAVAILABLE,INSUFFICIENT,KBS_CURRENT_LISTING,INSTRUMENT_TYPE_EXCLUDED,listing evidence exclusion
1626,,CVPB2619,HOSE,None,cw,INSTRUMENT_TYPE_EXCLUDED,EXCLUDED,UNAVAILABLE,UNAVAILABLE,HOSE,UNAVAILABLE,INSUFFICIENT,KBS_CURRENT_LISTING,INSTRUMENT_TYPE_EXCLUDED,listing evidence exclusion
1627,,CHDB2602,HOSE,None,cw,INSTRUMENT_TYPE_EXCLUDED,EXCLUDED,UNAVAILABLE,UNAVAILABLE,HOSE,UNAVAILABLE,INSUFFICIENT,KBS_CURRENT_LISTING,INSTRUMENT_TYPE_EXCLUDED,listing evidence exclusion
1628,,CHPG2604,HOSE,None,cw,INSTRUMENT_TYPE_EXCLUDED,EXCLUDED,UNAVAILABLE,UNAVAILABLE,HOSE,UNAVAILABLE,INSUFFICIENT,KBS_CURRENT_LISTING,INSTRUMENT_TYPE_EXCLUDED,listing evidence exclusion
1629,,CLPB2604,HOSE,None,cw,INSTRUMENT_TYPE_EXCLUDED,EXCLUDED,UNAVAILABLE,UNAVAILABLE,HOSE,UNAVAILABLE,INSUFFICIENT,KBS_CURRENT_LISTING,INSTRUMENT_TYPE_EXCLUDED,listing evidence exclusion
1630,,CMWG2610,HOSE,None,cw,INSTRUMENT_TYPE_EXCLUDED,EXCLUDED,UNAVAILABLE,UNAVAILABLE,HOSE,UNAVAILABLE,INSUFFICIENT,KBS_CURRENT_LISTING,INSTRUMENT_TYPE_EXCLUDED,listing evidence exclusion
1631,,CTPB2605,HOSE,None,cw,INSTRUMENT_TYPE_EXCLUDED,EXCLUDED,UNAVAILABLE,UNAVAILABLE,HOSE,UNAVAILABLE,INSUFFICIENT,KBS_CURRENT_LISTING,INSTRUMENT_TYPE_EXCLUDED,listing evidence exclusion
1632,,CVHM2524,HOSE,None,cw,INSTRUMENT_TYPE_EXCLUDED,EXCLUDED,UNAVAILABLE,UNAVAILABLE,HOSE,UNAVAILABLE,INSUFFICIENT,KBS_CURRENT_LISTING,INSTRUMENT_TYPE_EXCLUDED,listing evidence exclusion
1633,,CVPB2615,HOSE,None,cw,INSTRUMENT_TYPE_EXCLUDED,EXCLUDED,UNAVAILABLE,UNAVAILABLE,HOSE,UNAVAILABLE,INSUFFICIENT,KBS_CURRENT_LISTING,INSTRUMENT_TYPE_EXCLUDED,listing evidence exclusion
1634,,CMWG2619,HOSE,None,cw,INSTRUMENT_TYPE_EXCLUDED,EXCLUDED,UNAVAILABLE,UNAVAILABLE,HOSE,UNAVAILABLE,INSUFFICIENT,KBS_CURRENT_LISTING,INSTRUMENT_TYPE_EXCLUDED,listing evidence exclusion
1635,,CVIC2604,HOSE,None,cw,INSTRUMENT_TYPE_EXCLUDED,EXCLUDED,UNAVAILABLE,UNAVAILABLE,HOSE,UNAVAILABLE,INSUFFICIENT,KBS_CURRENT_LISTING,INSTRUMENT_TYPE_EXCLUDED,listing evidence exclusion
1636,,CMSN2625,HOSE,None,cw,INSTRUMENT_TYPE_EXCLUDED,EXCLUDED,UNAVAILABLE,UNAVAILABLE,HOSE,UNAVAILABLE,INSUFFICIENT,KBS_CURRENT_LISTING,INSTRUMENT_TYPE_EXCLUDED,listing evidence exclusion
1637,,CVPB2625,HOSE,None,cw,INSTRUMENT_TYPE_EXCLUDED,EXCLUDED,UNAVAILABLE,UNAVAILABLE,HOSE,UNAVAILABLE,INSUFFICIENT,KBS_CURRENT_LISTING,INSTRUMENT_TYPE_EXCLUDED,listing evidence exclusion
1638,,CHPG2603,HOSE,None,cw,INSTRUMENT_TYPE_EXCLUDED,EXCLUDED,UNAVAILABLE,UNAVAILABLE,HOSE,UNAVAILABLE,INSUFFICIENT,KBS_CURRENT_LISTING,INSTRUMENT_TYPE_EXCLUDED,listing evidence exclusion
1639,,CVNM2605,HOSE,None,cw,INSTRUMENT_TYPE_EXCLUDED,EXCLUDED,UNAVAILABLE,UNAVAILABLE,HOSE,UNAVAILABLE,INSUFFICIENT,KBS_CURRENT_LISTING,INSTRUMENT_TYPE_EXCLUDED,listing evidence exclusion
1640,,CTCB2522,HOSE,None,cw,INSTRUMENT_TYPE_EXCLUDED,EXCLUDED,UNAVAILABLE,UNAVAILABLE,HOSE,UNAVAILABLE,INSUFFICIENT,KBS_CURRENT_LISTING,INSTRUMENT_TYPE_EXCLUDED,listing evidence exclusion
1641,,CFPT2624,HOSE,None,cw,INSTRUMENT_TYPE_EXCLUDED,EXCLUDED,UNAVAILABLE,UNAVAILABLE,HOSE,UNAVAILABLE,INSUFFICIENT,KBS_CURRENT_LISTING,INSTRUMENT_TYPE_EXCLUDED,listing evidence exclusion
1642,,CMSN2609,HOSE,None,cw,INSTRUMENT_TYPE_EXCLUDED,EXCLUDED,UNAVAILABLE,UNAVAILABLE,HOSE,UNAVAILABLE,INSUFFICIENT,KBS_CURRENT_LISTING,INSTRUMENT_TYPE_EXCLUDED,listing evidence exclusion
1643,,CTCB2614,HOSE,None,cw,INSTRUMENT_TYPE_EXCLUDED,EXCLUDED,UNAVAILABLE,UNAVAILABLE,HOSE,UNAVAILABLE,INSUFFICIENT,KBS_CURRENT_LISTING,INSTRUMENT_TYPE_EXCLUDED,listing evidence exclusion
1644,,CTCB2611,HOSE,None,cw,INSTRUMENT_TYPE_EXCLUDED,EXCLUDED,UNAVAILABLE,UNAVAILABLE,HOSE,UNAVAILABLE,INSUFFICIENT,KBS_CURRENT_LISTING,INSTRUMENT_TYPE_EXCLUDED,listing evidence exclusion
1645,,CVJC2603,HOSE,None,cw,INSTRUMENT_TYPE_EXCLUDED,EXCLUDED,UNAVAILABLE,UNAVAILABLE,HOSE,UNAVAILABLE,INSUFFICIENT,KBS_CURRENT_LISTING,INSTRUMENT_TYPE_EXCLUDED,listing evidence exclusion
1646,,CMSN2624,HOSE,None,cw,INSTRUMENT_TYPE_EXCLUDED,EXCLUDED,UNAVAILABLE,UNAVAILABLE,HOSE,UNAVAILABLE,INSUFFICIENT,KBS_CURRENT_LISTING,INSTRUMENT_TYPE_EXCLUDED,listing evidence exclusion
1647,,CMWG2618,HOSE,None,cw,INSTRUMENT_TYPE_EXCLUDED,EXCLUDED,UNAVAILABLE,UNAVAILABLE,HOSE,UNAVAILABLE,INSUFFICIENT,KBS_CURRENT_LISTING,INSTRUMENT_TYPE_EXCLUDED,listing evidence exclusion
1648,,CTPB2608,HOSE,None,cw,INSTRUMENT_TYPE_EXCLUDED,EXCLUDED,UNAVAILABLE,UNAVAILABLE,HOSE,UNAVAILABLE,INSUFFICIENT,KBS_CURRENT_LISTING,INSTRUMENT_TYPE_EXCLUDED,listing evidence exclusion
1649,,CMWG2527,HOSE,None,cw,INSTRUMENT_TYPE_EXCLUDED,EXCLUDED,UNAVAILABLE,UNAVAILABLE,HOSE,UNAVAILABLE,INSUFFICIENT,KBS_CURRENT_LISTING,INSTRUMENT_TYPE_EXCLUDED,listing evidence exclusion
1650,,CMBB2618,HOSE,None,cw,INSTRUMENT_TYPE_EXCLUDED,EXCLUDED,UNAVAILABLE,UNAVAILABLE,HOSE,UNAVAILABLE,INSUFFICIENT,KBS_CURRENT_LISTING,INSTRUMENT_TYPE_EXCLUDED,listing evidence exclusion
1651,,CHPG2626,HOSE,None,cw,INSTRUMENT_TYPE_EXCLUDED,EXCLUDED,UNAVAILABLE,UNAVAILABLE,HOSE,UNAVAILABLE,INSUFFICIENT,KBS_CURRENT_LISTING,INSTRUMENT_TYPE_EXCLUDED,listing evidence exclusion
1652,,CHPG2614,HOSE,None,cw,INSTRUMENT_TYPE_EXCLUDED,EXCLUDED,UNAVAILABLE,UNAVAILABLE,HOSE,UNAVAILABLE,INSUFFICIENT,KBS_CURRENT_LISTING,INSTRUMENT_TYPE_EXCLUDED,listing evidence exclusion
1653,,CMBB2619,HOSE,None,cw,INSTRUMENT_TYPE_EXCLUDED,EXCLUDED,UNAVAILABLE,UNAVAILABLE,HOSE,UNAVAILABLE,INSUFFICIENT,KBS_CURRENT_LISTING,INSTRUMENT_TYPE_EXCLUDED,listing evidence exclusion
1654,,CSTB2629,HOSE,None,cw,INSTRUMENT_TYPE_EXCLUDED,EXCLUDED,UNAVAILABLE,UNAVAILABLE,HOSE,UNAVAILABLE,INSUFFICIENT,KBS_CURRENT_LISTING,INSTRUMENT_TYPE_EXCLUDED,listing evidence exclusion
1655,,CTCB2612,HOSE,None,cw,INSTRUMENT_TYPE_EXCLUDED,EXCLUDED,UNAVAILABLE,UNAVAILABLE,HOSE,UNAVAILABLE,INSUFFICIENT,KBS_CURRENT_LISTING,INSTRUMENT_TYPE_EXCLUDED,listing evidence exclusion
1656,,CVIC2607,HOSE,None,cw,INSTRUMENT_TYPE_EXCLUDED,EXCLUDED,UNAVAILABLE,UNAVAILABLE,HOSE,UNAVAILABLE,INSUFFICIENT,KBS_CURRENT_LISTING,INSTRUMENT_TYPE_EXCLUDED,listing evidence exclusion
1657,,CVPB2616,HOSE,None,cw,INSTRUMENT_TYPE_EXCLUDED,EXCLUDED,UNAVAILABLE,UNAVAILABLE,HOSE,UNAVAILABLE,INSUFFICIENT,KBS_CURRENT_LISTING,INSTRUMENT_TYPE_EXCLUDED,listing evidence exclusion
1658,,CFPT2615,HOSE,None,cw,INSTRUMENT_TYPE_EXCLUDED,EXCLUDED,UNAVAILABLE,UNAVAILABLE,HOSE,UNAVAILABLE,INSUFFICIENT,KBS_CURRENT_LISTING,INSTRUMENT_TYPE_EXCLUDED,listing evidence exclusion
1659,,CFPT2604,HOSE,None,cw,INSTRUMENT_TYPE_EXCLUDED,EXCLUDED,UNAVAILABLE,UNAVAILABLE,HOSE,UNAVAILABLE,INSUFFICIENT,KBS_CURRENT_LISTING,INSTRUMENT_TYPE_EXCLUDED,listing evidence exclusion
1660,,CTCB2601,HOSE,None,cw,INSTRUMENT_TYPE_EXCLUDED,EXCLUDED,UNAVAILABLE,UNAVAILABLE,HOSE,UNAVAILABLE,INSUFFICIENT,KBS_CURRENT_LISTING,INSTRUMENT_TYPE_EXCLUDED,listing evidence exclusion
1661,,CSHB2615,HOSE,None,cw,INSTRUMENT_TYPE_EXCLUDED,EXCLUDED,UNAVAILABLE,UNAVAILABLE,HOSE,UNAVAILABLE,INSUFFICIENT,KBS_CURRENT_LISTING,INSTRUMENT_TYPE_EXCLUDED,listing evidence exclusion
1662,,CMBB2617,HOSE,None,cw,INSTRUMENT_TYPE_EXCLUDED,EXCLUDED,UNAVAILABLE,UNAVAILABLE,HOSE,UNAVAILABLE,INSUFFICIENT,KBS_CURRENT_LISTING,INSTRUMENT_TYPE_EXCLUDED,listing evidence exclusion
1663,,CSSB2607,HOSE,None,cw,INSTRUMENT_TYPE_EXCLUDED,EXCLUDED,UNAVAILABLE,UNAVAILABLE,HOSE,UNAVAILABLE,INSUFFICIENT,KBS_CURRENT_LISTING,INSTRUMENT_TYPE_EXCLUDED,listing evidence exclusion
1664,,CHPG2541,HOSE,None,cw,INSTRUMENT_TYPE_EXCLUDED,EXCLUDED,UNAVAILABLE,UNAVAILABLE,HOSE,UNAVAILABLE,INSUFFICIENT,KBS_CURRENT_LISTING,INSTRUMENT_TYPE_EXCLUDED,listing evidence exclusion
1665,,CVRE2608,HOSE,None,cw,INSTRUMENT_TYPE_EXCLUDED,EXCLUDED,UNAVAILABLE,UNAVAILABLE,HOSE,UNAVAILABLE,INSUFFICIENT,KBS_CURRENT_LISTING,INSTRUMENT_TYPE_EXCLUDED,listing evidence exclusion
1666,,CSTB2614,HOSE,None,cw,INSTRUMENT_TYPE_EXCLUDED,EXCLUDED,UNAVAILABLE,UNAVAILABLE,HOSE,UNAVAILABLE,INSUFFICIENT,KBS_CURRENT_LISTING,INSTRUMENT_TYPE_EXCLUDED,listing evidence exclusion
1667,,CHDB2509,HOSE,None,cw,INSTRUMENT_TYPE_EXCLUDED,EXCLUDED,UNAVAILABLE,UNAVAILABLE,HOSE,UNAVAILABLE,INSUFFICIENT,KBS_CURRENT_LISTING,INSTRUMENT_TYPE_EXCLUDED,listing evidence exclusion
1668,,CHPG2631,HOSE,None,cw,INSTRUMENT_TYPE_EXCLUDED,EXCLUDED,UNAVAILABLE,UNAVAILABLE,HOSE,UNAVAILABLE,INSUFFICIENT,KBS_CURRENT_LISTING,INSTRUMENT_TYPE_EXCLUDED,listing evidence exclusion
1669,,CVIB2606,HOSE,None,cw,INSTRUMENT_TYPE_EXCLUDED,EXCLUDED,UNAVAILABLE,UNAVAILABLE,HOSE,UNAVAILABLE,INSUFFICIENT,KBS_CURRENT_LISTING,INSTRUMENT_TYPE_EXCLUDED,listing evidence exclusion
1670,,CVPB2622,HOSE,None,cw,INSTRUMENT_TYPE_EXCLUDED,EXCLUDED,UNAVAILABLE,UNAVAILABLE,HOSE,UNAVAILABLE,INSUFFICIENT,KBS_CURRENT_LISTING,INSTRUMENT_TYPE_EXCLUDED,listing evidence exclusion
1671,,CSHB2620,HOSE,None,cw,INSTRUMENT_TYPE_EXCLUDED,EXCLUDED,UNAVAILABLE,UNAVAILABLE,HOSE,UNAVAILABLE,INSUFFICIENT,KBS_CURRENT_LISTING,INSTRUMENT_TYPE_EXCLUDED,listing evidence exclusion
1672,,CVIC2606,HOSE,None,cw,INSTRUMENT_TYPE_EXCLUDED,EXCLUDED,UNAVAILABLE,UNAVAILABLE,HOSE,UNAVAILABLE,INSUFFICIENT,KBS_CURRENT_LISTING,INSTRUMENT_TYPE_EXCLUDED,listing evidence exclusion
1673,,CVPB2611,HOSE,None,cw,INSTRUMENT_TYPE_EXCLUDED,EXCLUDED,UNAVAILABLE,UNAVAILABLE,HOSE,UNAVAILABLE,INSUFFICIENT,KBS_CURRENT_LISTING,INSTRUMENT_TYPE_EXCLUDED,listing evidence exclusion
1674,,CSSB2604,HOSE,None,cw,INSTRUMENT_TYPE_EXCLUDED,EXCLUDED,UNAVAILABLE,UNAVAILABLE,HOSE,UNAVAILABLE,INSUFFICIENT,KBS_CURRENT_LISTING,INSTRUMENT_TYPE_EXCLUDED,listing evidence exclusion
1675,,CHDB2611,HOSE,None,cw,INSTRUMENT_TYPE_EXCLUDED,EXCLUDED,UNAVAILABLE,UNAVAILABLE,HOSE,UNAVAILABLE,INSUFFICIENT,KBS_CURRENT_LISTING,INSTRUMENT_TYPE_EXCLUDED,listing evidence exclusion
1676,,CTPB2612,HOSE,None,cw,INSTRUMENT_TYPE_EXCLUDED,EXCLUDED,UNAVAILABLE,UNAVAILABLE,HOSE,UNAVAILABLE,INSUFFICIENT,KBS_CURRENT_LISTING,INSTRUMENT_TYPE_EXCLUDED,listing evidence exclusion
1677,,CVHM2618,HOSE,None,cw,INSTRUMENT_TYPE_EXCLUDED,EXCLUDED,UNAVAILABLE,UNAVAILABLE,HOSE,UNAVAILABLE,INSUFFICIENT,KBS_CURRENT_LISTING,INSTRUMENT_TYPE_EXCLUDED,listing evidence exclusion
1678,,CHDB2606,HOSE,None,cw,INSTRUMENT_TYPE_EXCLUDED,EXCLUDED,UNAVAILABLE,UNAVAILABLE,HOSE,UNAVAILABLE,INSUFFICIENT,KBS_CURRENT_LISTING,INSTRUMENT_TYPE_EXCLUDED,listing evidence exclusion
1679,,CHPG2627,HOSE,None,cw,INSTRUMENT_TYPE_EXCLUDED,EXCLUDED,UNAVAILABLE,UNAVAILABLE,HOSE,UNAVAILABLE,INSUFFICIENT,KBS_CURRENT_LISTING,INSTRUMENT_TYPE_EXCLUDED,listing evidence exclusion
1680,,CSTB2609,HOSE,None,cw,INSTRUMENT_TYPE_EXCLUDED,EXCLUDED,UNAVAILABLE,UNAVAILABLE,HOSE,UNAVAILABLE,INSUFFICIENT,KBS_CURRENT_LISTING,INSTRUMENT_TYPE_EXCLUDED,listing evidence exclusion
1681,,CHDB2614,HOSE,None,cw,INSTRUMENT_TYPE_EXCLUDED,EXCLUDED,UNAVAILABLE,UNAVAILABLE,HOSE,UNAVAILABLE,INSUFFICIENT,KBS_CURRENT_LISTING,INSTRUMENT_TYPE_EXCLUDED,listing evidence exclusion
1682,,CMBB2621,HOSE,None,cw,INSTRUMENT_TYPE_EXCLUDED,EXCLUDED,UNAVAILABLE,UNAVAILABLE,HOSE,UNAVAILABLE,INSUFFICIENT,KBS_CURRENT_LISTING,INSTRUMENT_TYPE_EXCLUDED,listing evidence exclusion
1683,,CFPT2630,HOSE,None,cw,INSTRUMENT_TYPE_EXCLUDED,EXCLUDED,UNAVAILABLE,UNAVAILABLE,HOSE,UNAVAILABLE,INSUFFICIENT,KBS_CURRENT_LISTING,INSTRUMENT_TYPE_EXCLUDED,listing evidence exclusion
1684,,CVPB2610,HOSE,None,cw,INSTRUMENT_TYPE_EXCLUDED,EXCLUDED,UNAVAILABLE,UNAVAILABLE,HOSE,UNAVAILABLE,INSUFFICIENT,KBS_CURRENT_LISTING,INSTRUMENT_TYPE_EXCLUDED,listing evidence exclusion
1685,,CHDB2604,HOSE,None,cw,INSTRUMENT_TYPE_EXCLUDED,EXCLUDED,UNAVAILABLE,UNAVAILABLE,HOSE,UNAVAILABLE,INSUFFICIENT,KBS_CURRENT_LISTING,INSTRUMENT_TYPE_EXCLUDED,listing evidence exclusion
1686,,CMWG2611,HOSE,None,cw,INSTRUMENT_TYPE_EXCLUDED,EXCLUDED,UNAVAILABLE,UNAVAILABLE,HOSE,UNAVAILABLE,INSUFFICIENT,KBS_CURRENT_LISTING,INSTRUMENT_TYPE_EXCLUDED,listing evidence exclusion
1687,,CVRE2607,HOSE,None,cw,INSTRUMENT_TYPE_EXCLUDED,EXCLUDED,UNAVAILABLE,UNAVAILABLE,HOSE,UNAVAILABLE,INSUFFICIENT,KBS_CURRENT_LISTING,INSTRUMENT_TYPE_EXCLUDED,listing evidence exclusion
1688,,CSTB2612,HOSE,None,cw,INSTRUMENT_TYPE_EXCLUDED,EXCLUDED,UNAVAILABLE,UNAVAILABLE,HOSE,UNAVAILABLE,INSUFFICIENT,KBS_CURRENT_LISTING,INSTRUMENT_TYPE_EXCLUDED,listing evidence exclusion
1689,,CACB2610,HOSE,None,cw,INSTRUMENT_TYPE_EXCLUDED,EXCLUDED,UNAVAILABLE,UNAVAILABLE,HOSE,UNAVAILABLE,INSUFFICIENT,KBS_CURRENT_LISTING,INSTRUMENT_TYPE_EXCLUDED,listing evidence exclusion
1690,,CVHM2611,HOSE,None,cw,INSTRUMENT_TYPE_EXCLUDED,EXCLUDED,UNAVAILABLE,UNAVAILABLE,HOSE,UNAVAILABLE,INSUFFICIENT,KBS_CURRENT_LISTING,INSTRUMENT_TYPE_EXCLUDED,listing evidence exclusion
1691,,CSSB2605,HOSE,None,cw,INSTRUMENT_TYPE_EXCLUDED,EXCLUDED,UNAVAILABLE,UNAVAILABLE,HOSE,UNAVAILABLE,INSUFFICIENT,KBS_CURRENT_LISTING,INSTRUMENT_TYPE_EXCLUDED,listing evidence exclusion
1692,,CACB2616,HOSE,None,cw,INSTRUMENT_TYPE_EXCLUDED,EXCLUDED,UNAVAILABLE,UNAVAILABLE,HOSE,UNAVAILABLE,INSUFFICIENT,KBS_CURRENT_LISTING,INSTRUMENT_TYPE_EXCLUDED,listing evidence exclusion
1693,,CHPG2613,HOSE,None,cw,INSTRUMENT_TYPE_EXCLUDED,EXCLUDED,UNAVAILABLE,UNAVAILABLE,HOSE,UNAVAILABLE,INSUFFICIENT,KBS_CURRENT_LISTING,INSTRUMENT_TYPE_EXCLUDED,listing evidence exclusion
1694,,CHDB2615,HOSE,None,cw,INSTRUMENT_TYPE_EXCLUDED,EXCLUDED,UNAVAILABLE,UNAVAILABLE,HOSE,UNAVAILABLE,INSUFFICIENT,KBS_CURRENT_LISTING,INSTRUMENT_TYPE_EXCLUDED,listing evidence exclusion
1695,,CVNM2616,HOSE,None,cw,INSTRUMENT_TYPE_EXCLUDED,EXCLUDED,UNAVAILABLE,UNAVAILABLE,HOSE,UNAVAILABLE,INSUFFICIENT,KBS_CURRENT_LISTING,INSTRUMENT_TYPE_EXCLUDED,listing evidence exclusion
1696,,CMSN2620,HOSE,None,cw,INSTRUMENT_TYPE_EXCLUDED,EXCLUDED,UNAVAILABLE,UNAVAILABLE,HOSE,UNAVAILABLE,INSUFFICIENT,KBS_CURRENT_LISTING,INSTRUMENT_TYPE_EXCLUDED,listing evidence exclusion
1697,,CSHB2610,HOSE,None,cw,INSTRUMENT_TYPE_EXCLUDED,EXCLUDED,UNAVAILABLE,UNAVAILABLE,HOSE,UNAVAILABLE,INSUFFICIENT,KBS_CURRENT_LISTING,INSTRUMENT_TYPE_EXCLUDED,listing evidence exclusion
1698,,CVPB2613,HOSE,None,cw,INSTRUMENT_TYPE_EXCLUDED,EXCLUDED,UNAVAILABLE,UNAVAILABLE,HOSE,UNAVAILABLE,INSUFFICIENT,KBS_CURRENT_LISTING,INSTRUMENT_TYPE_EXCLUDED,listing evidence exclusion
1699,,CHDB2607,HOSE,None,cw,INSTRUMENT_TYPE_EXCLUDED,EXCLUDED,UNAVAILABLE,UNAVAILABLE,HOSE,UNAVAILABLE,INSUFFICIENT,KBS_CURRENT_LISTING,INSTRUMENT_TYPE_EXCLUDED,listing evidence exclusion
1700,,CLPB2607,HOSE,None,cw,INSTRUMENT_TYPE_EXCLUDED,EXCLUDED,UNAVAILABLE,UNAVAILABLE,HOSE,UNAVAILABLE,INSUFFICIENT,KBS_CURRENT_LISTING,INSTRUMENT_TYPE_EXCLUDED,listing evidence exclusion
1701,,CFPT2614,HOSE,None,cw,INSTRUMENT_TYPE_EXCLUDED,EXCLUDED,UNAVAILABLE,UNAVAILABLE,HOSE,UNAVAILABLE,INSUFFICIENT,KBS_CURRENT_LISTING,INSTRUMENT_TYPE_EXCLUDED,listing evidence exclusion
1702,,CMBB2606,HOSE,None,cw,INSTRUMENT_TYPE_EXCLUDED,EXCLUDED,UNAVAILABLE,UNAVAILABLE,HOSE,UNAVAILABLE,INSUFFICIENT,KBS_CURRENT_LISTING,INSTRUMENT_TYPE_EXCLUDED,listing evidence exclusion
1703,,CVPB2623,HOSE,None,cw,INSTRUMENT_TYPE_EXCLUDED,EXCLUDED,UNAVAILABLE,UNAVAILABLE,HOSE,UNAVAILABLE,INSUFFICIENT,KBS_CURRENT_LISTING,INSTRUMENT_TYPE_EXCLUDED,listing evidence exclusion
1704,,CSHB2614,HOSE,None,cw,INSTRUMENT_TYPE_EXCLUDED,EXCLUDED,UNAVAILABLE,UNAVAILABLE,HOSE,UNAVAILABLE,INSUFFICIENT,KBS_CURRENT_LISTING,INSTRUMENT_TYPE_EXCLUDED,listing evidence exclusion
1705,,CVPB2528,HOSE,None,cw,INSTRUMENT_TYPE_EXCLUDED,EXCLUDED,UNAVAILABLE,UNAVAILABLE,HOSE,UNAVAILABLE,INSUFFICIENT,KBS_CURRENT_LISTING,INSTRUMENT_TYPE_EXCLUDED,listing evidence exclusion
1706,,CSTB2620,HOSE,None,cw,INSTRUMENT_TYPE_EXCLUDED,EXCLUDED,UNAVAILABLE,UNAVAILABLE,HOSE,UNAVAILABLE,INSUFFICIENT,KBS_CURRENT_LISTING,INSTRUMENT_TYPE_EXCLUDED,listing evidence exclusion
1707,,CVHM2523,HOSE,None,cw,INSTRUMENT_TYPE_EXCLUDED,EXCLUDED,UNAVAILABLE,UNAVAILABLE,HOSE,UNAVAILABLE,INSUFFICIENT,KBS_CURRENT_LISTING,INSTRUMENT_TYPE_EXCLUDED,listing evidence exclusion
1708,,CMSN2601,HOSE,None,cw,INSTRUMENT_TYPE_EXCLUDED,EXCLUDED,UNAVAILABLE,UNAVAILABLE,HOSE,UNAVAILABLE,INSUFFICIENT,KBS_CURRENT_LISTING,INSTRUMENT_TYPE_EXCLUDED,listing evidence exclusion
1709,,CVPB2621,HOSE,None,cw,INSTRUMENT_TYPE_EXCLUDED,EXCLUDED,UNAVAILABLE,UNAVAILABLE,HOSE,UNAVAILABLE,INSUFFICIENT,KBS_CURRENT_LISTING,INSTRUMENT_TYPE_EXCLUDED,listing evidence exclusion
1710,,CHPG2606,HOSE,None,cw,INSTRUMENT_TYPE_EXCLUDED,EXCLUDED,UNAVAILABLE,UNAVAILABLE,HOSE,UNAVAILABLE,INSUFFICIENT,KBS_CURRENT_LISTING,INSTRUMENT_TYPE_EXCLUDED,listing evidence exclusion
1711,,CVJC2605,HOSE,None,cw,INSTRUMENT_TYPE_EXCLUDED,EXCLUDED,UNAVAILABLE,UNAVAILABLE,HOSE,UNAVAILABLE,INSUFFICIENT,KBS_CURRENT_LISTING,INSTRUMENT_TYPE_EXCLUDED,listing evidence exclusion
1712,,CHDB2613,HOSE,None,cw,INSTRUMENT_TYPE_EXCLUDED,EXCLUDED,UNAVAILABLE,UNAVAILABLE,HOSE,UNAVAILABLE,INSUFFICIENT,KBS_CURRENT_LISTING,INSTRUMENT_TYPE_EXCLUDED,listing evidence exclusion
1713,,CSSB2603,HOSE,None,cw,INSTRUMENT_TYPE_EXCLUDED,EXCLUDED,UNAVAILABLE,UNAVAILABLE,HOSE,UNAVAILABLE,INSUFFICIENT,KBS_CURRENT_LISTING,INSTRUMENT_TYPE_EXCLUDED,listing evidence exclusion
1714,,CACB2615,HOSE,None,cw,INSTRUMENT_TYPE_EXCLUDED,EXCLUDED,UNAVAILABLE,UNAVAILABLE,HOSE,UNAVAILABLE,INSUFFICIENT,KBS_CURRENT_LISTING,INSTRUMENT_TYPE_EXCLUDED,listing evidence exclusion
1715,,CVHM2617,HOSE,None,cw,INSTRUMENT_TYPE_EXCLUDED,EXCLUDED,UNAVAILABLE,UNAVAILABLE,HOSE,UNAVAILABLE,INSUFFICIENT,KBS_CURRENT_LISTING,INSTRUMENT_TYPE_EXCLUDED,listing evidence exclusion
1716,,CMBB2609,HOSE,None,cw,INSTRUMENT_TYPE_EXCLUDED,EXCLUDED,UNAVAILABLE,UNAVAILABLE,HOSE,UNAVAILABLE,INSUFFICIENT,KBS_CURRENT_LISTING,INSTRUMENT_TYPE_EXCLUDED,listing evidence exclusion
1717,,CFPT2621,HOSE,None,cw,INSTRUMENT_TYPE_EXCLUDED,EXCLUDED,UNAVAILABLE,UNAVAILABLE,HOSE,UNAVAILABLE,INSUFFICIENT,KBS_CURRENT_LISTING,INSTRUMENT_TYPE_EXCLUDED,listing evidence exclusion
1718,,CTPB2607,HOSE,None,cw,INSTRUMENT_TYPE_EXCLUDED,EXCLUDED,UNAVAILABLE,UNAVAILABLE,HOSE,UNAVAILABLE,INSUFFICIENT,KBS_CURRENT_LISTING,INSTRUMENT_TYPE_EXCLUDED,listing evidence exclusion
1719,,CVNM2618,HOSE,None,cw,INSTRUMENT_TYPE_EXCLUDED,EXCLUDED,UNAVAILABLE,UNAVAILABLE,HOSE,UNAVAILABLE,INSUFFICIENT,KBS_CURRENT_LISTING,INSTRUMENT_TYPE_EXCLUDED,listing evidence exclusion
1720,,CVNM2601,HOSE,None,cw,INSTRUMENT_TYPE_EXCLUDED,EXCLUDED,UNAVAILABLE,UNAVAILABLE,HOSE,UNAVAILABLE,INSUFFICIENT,KBS_CURRENT_LISTING,INSTRUMENT_TYPE_EXCLUDED,listing evidence exclusion
1721,,CVPB2531,HOSE,None,cw,INSTRUMENT_TYPE_EXCLUDED,EXCLUDED,UNAVAILABLE,UNAVAILABLE,HOSE,UNAVAILABLE,INSUFFICIENT,KBS_CURRENT_LISTING,INSTRUMENT_TYPE_EXCLUDED,listing evidence exclusion
1722,,CVPB2608,HOSE,None,cw,INSTRUMENT_TYPE_EXCLUDED,EXCLUDED,UNAVAILABLE,UNAVAILABLE,HOSE,UNAVAILABLE,INSUFFICIENT,KBS_CURRENT_LISTING,INSTRUMENT_TYPE_EXCLUDED,listing evidence exclusion
1723,,CTCB2613,HOSE,None,cw,INSTRUMENT_TYPE_EXCLUDED,EXCLUDED,UNAVAILABLE,UNAVAILABLE,HOSE,UNAVAILABLE,INSUFFICIENT,KBS_CURRENT_LISTING,INSTRUMENT_TYPE_EXCLUDED,listing evidence exclusion
1724,,CFPT2622,HOSE,None,cw,INSTRUMENT_TYPE_EXCLUDED,EXCLUDED,UNAVAILABLE,UNAVAILABLE,HOSE,UNAVAILABLE,INSUFFICIENT,KBS_CURRENT_LISTING,INSTRUMENT_TYPE_EXCLUDED,listing evidence exclusion
1725,,CFPT2626,HOSE,None,cw,INSTRUMENT_TYPE_EXCLUDED,EXCLUDED,UNAVAILABLE,UNAVAILABLE,HOSE,UNAVAILABLE,INSUFFICIENT,KBS_CURRENT_LISTING,INSTRUMENT_TYPE_EXCLUDED,listing evidence exclusion
1726,,CMBB2521,HOSE,None,cw,INSTRUMENT_TYPE_EXCLUDED,EXCLUDED,UNAVAILABLE,UNAVAILABLE,HOSE,UNAVAILABLE,INSUFFICIENT,KBS_CURRENT_LISTING,INSTRUMENT_TYPE_EXCLUDED,listing evidence exclusion
1727,,CFPT2611,HOSE,None,cw,INSTRUMENT_TYPE_EXCLUDED,EXCLUDED,UNAVAILABLE,UNAVAILABLE,HOSE,UNAVAILABLE,INSUFFICIENT,KBS_CURRENT_LISTING,INSTRUMENT_TYPE_EXCLUDED,listing evidence exclusion
1728,,CLPB2609,HOSE,None,cw,INSTRUMENT_TYPE_EXCLUDED,EXCLUDED,UNAVAILABLE,UNAVAILABLE,HOSE,UNAVAILABLE,INSUFFICIENT,KBS_CURRENT_LISTING,INSTRUMENT_TYPE_EXCLUDED,listing evidence exclusion
1729,,CMWG2525,HOSE,None,cw,INSTRUMENT_TYPE_EXCLUDED,EXCLUDED,UNAVAILABLE,UNAVAILABLE,HOSE,UNAVAILABLE,INSUFFICIENT,KBS_CURRENT_LISTING,INSTRUMENT_TYPE_EXCLUDED,listing evidence exclusion
1730,,CSTB2608,HOSE,None,cw,INSTRUMENT_TYPE_EXCLUDED,EXCLUDED,UNAVAILABLE,UNAVAILABLE,HOSE,UNAVAILABLE,INSUFFICIENT,KBS_CURRENT_LISTING,INSTRUMENT_TYPE_EXCLUDED,listing evidence exclusion
1731,,CFPT2617,HOSE,None,cw,INSTRUMENT_TYPE_EXCLUDED,EXCLUDED,UNAVAILABLE,UNAVAILABLE,HOSE,UNAVAILABLE,INSUFFICIENT,KBS_CURRENT_LISTING,INSTRUMENT_TYPE_EXCLUDED,listing evidence exclusion
1732,,CHPG2625,HOSE,None,cw,INSTRUMENT_TYPE_EXCLUDED,EXCLUDED,UNAVAILABLE,UNAVAILABLE,HOSE,UNAVAILABLE,INSUFFICIENT,KBS_CURRENT_LISTING,INSTRUMENT_TYPE_EXCLUDED,listing evidence exclusion
1733,,CACB2614,HOSE,None,cw,INSTRUMENT_TYPE_EXCLUDED,EXCLUDED,UNAVAILABLE,UNAVAILABLE,HOSE,UNAVAILABLE,INSUFFICIENT,KBS_CURRENT_LISTING,INSTRUMENT_TYPE_EXCLUDED,listing evidence exclusion
1734,,CVIB2601,HOSE,None,cw,INSTRUMENT_TYPE_EXCLUDED,EXCLUDED,UNAVAILABLE,UNAVAILABLE,HOSE,UNAVAILABLE,INSUFFICIENT,KBS_CURRENT_LISTING,INSTRUMENT_TYPE_EXCLUDED,listing evidence exclusion
1735,,CVIB2608,HOSE,None,cw,INSTRUMENT_TYPE_EXCLUDED,EXCLUDED,UNAVAILABLE,UNAVAILABLE,HOSE,UNAVAILABLE,INSUFFICIENT,KBS_CURRENT_LISTING,INSTRUMENT_TYPE_EXCLUDED,listing evidence exclusion
1736,,CTCB2523,HOSE,None,cw,INSTRUMENT_TYPE_EXCLUDED,EXCLUDED,UNAVAILABLE,UNAVAILABLE,HOSE,UNAVAILABLE,INSUFFICIENT,KBS_CURRENT_LISTING,INSTRUMENT_TYPE_EXCLUDED,listing evidence exclusion
1737,,CMSN2615,HOSE,None,cw,INSTRUMENT_TYPE_EXCLUDED,EXCLUDED,UNAVAILABLE,UNAVAILABLE,HOSE,UNAVAILABLE,INSUFFICIENT,KBS_CURRENT_LISTING,INSTRUMENT_TYPE_EXCLUDED,listing evidence exclusion
1738,,CSTB2622,HOSE,None,cw,INSTRUMENT_TYPE_EXCLUDED,EXCLUDED,UNAVAILABLE,UNAVAILABLE,HOSE,UNAVAILABLE,INSUFFICIENT,KBS_CURRENT_LISTING,INSTRUMENT_TYPE_EXCLUDED,listing evidence exclusion
1739,,CVRE2604,HOSE,None,cw,INSTRUMENT_TYPE_EXCLUDED,EXCLUDED,UNAVAILABLE,UNAVAILABLE,HOSE,UNAVAILABLE,INSUFFICIENT,KBS_CURRENT_LISTING,INSTRUMENT_TYPE_EXCLUDED,listing evidence exclusion
1740,,CHPG2629,HOSE,None,cw,INSTRUMENT_TYPE_EXCLUDED,EXCLUDED,UNAVAILABLE,UNAVAILABLE,HOSE,UNAVAILABLE,INSUFFICIENT,KBS_CURRENT_LISTING,INSTRUMENT_TYPE_EXCLUDED,listing evidence exclusion
1741,,CACB2618,HOSE,None,cw,INSTRUMENT_TYPE_EXCLUDED,EXCLUDED,UNAVAILABLE,UNAVAILABLE,HOSE,UNAVAILABLE,INSUFFICIENT,KBS_CURRENT_LISTING,INSTRUMENT_TYPE_EXCLUDED,listing evidence exclusion
1742,,CHPG2616,HOSE,None,cw,INSTRUMENT_TYPE_EXCLUDED,EXCLUDED,UNAVAILABLE,UNAVAILABLE,HOSE,UNAVAILABLE,INSUFFICIENT,KBS_CURRENT_LISTING,INSTRUMENT_TYPE_EXCLUDED,listing evidence exclusion
1743,,CMBB2615,HOSE,None,cw,INSTRUMENT_TYPE_EXCLUDED,EXCLUDED,UNAVAILABLE,UNAVAILABLE,HOSE,UNAVAILABLE,INSUFFICIENT,KBS_CURRENT_LISTING,INSTRUMENT_TYPE_EXCLUDED,listing evidence exclusion
1744,,CVHM2619,HOSE,None,cw,INSTRUMENT_TYPE_EXCLUDED,EXCLUDED,UNAVAILABLE,UNAVAILABLE,HOSE,UNAVAILABLE,INSUFFICIENT,KBS_CURRENT_LISTING,INSTRUMENT_TYPE_EXCLUDED,listing evidence exclusion
1745,,CHDB2609,HOSE,None,cw,INSTRUMENT_TYPE_EXCLUDED,EXCLUDED,UNAVAILABLE,UNAVAILABLE,HOSE,UNAVAILABLE,INSUFFICIENT,KBS_CURRENT_LISTING,INSTRUMENT_TYPE_EXCLUDED,listing evidence exclusion
1746,,CMWG2623,HOSE,None,cw,INSTRUMENT_TYPE_EXCLUDED,EXCLUDED,UNAVAILABLE,UNAVAILABLE,HOSE,UNAVAILABLE,INSUFFICIENT,KBS_CURRENT_LISTING,INSTRUMENT_TYPE_EXCLUDED,listing evidence exclusion
1747,,CVHM2615,HOSE,None,cw,INSTRUMENT_TYPE_EXCLUDED,EXCLUDED,UNAVAILABLE,UNAVAILABLE,HOSE,UNAVAILABLE,INSUFFICIENT,KBS_CURRENT_LISTING,INSTRUMENT_TYPE_EXCLUDED,listing evidence exclusion
1748,,CFPT2609,HOSE,None,cw,INSTRUMENT_TYPE_EXCLUDED,EXCLUDED,UNAVAILABLE,UNAVAILABLE,HOSE,UNAVAILABLE,INSUFFICIENT,KBS_CURRENT_LISTING,INSTRUMENT_TYPE_EXCLUDED,listing evidence exclusion
1749,,CVRE2605,HOSE,None,cw,INSTRUMENT_TYPE_EXCLUDED,EXCLUDED,UNAVAILABLE,UNAVAILABLE,HOSE,UNAVAILABLE,INSUFFICIENT,KBS_CURRENT_LISTING,INSTRUMENT_TYPE_EXCLUDED,listing evidence exclusion
1750,,CHPG2633,HOSE,None,cw,INSTRUMENT_TYPE_EXCLUDED,EXCLUDED,UNAVAILABLE,UNAVAILABLE,HOSE,UNAVAILABLE,INSUFFICIENT,KBS_CURRENT_LISTING,INSTRUMENT_TYPE_EXCLUDED,listing evidence exclusion
1751,,CMSN2626,HOSE,None,cw,INSTRUMENT_TYPE_EXCLUDED,EXCLUDED,UNAVAILABLE,UNAVAILABLE,HOSE,UNAVAILABLE,INSUFFICIENT,KBS_CURRENT_LISTING,INSTRUMENT_TYPE_EXCLUDED,listing evidence exclusion
1752,,CVRE2603,HOSE,None,cw,INSTRUMENT_TYPE_EXCLUDED,EXCLUDED,UNAVAILABLE,UNAVAILABLE,HOSE,UNAVAILABLE,INSUFFICIENT,KBS_CURRENT_LISTING,INSTRUMENT_TYPE_EXCLUDED,listing evidence exclusion
1753,,CVPB2603,HOSE,None,cw,INSTRUMENT_TYPE_EXCLUDED,EXCLUDED,UNAVAILABLE,UNAVAILABLE,HOSE,UNAVAILABLE,INSUFFICIENT,KBS_CURRENT_LISTING,INSTRUMENT_TYPE_EXCLUDED,listing evidence exclusion
1754,,CLPB2605,HOSE,None,cw,INSTRUMENT_TYPE_EXCLUDED,EXCLUDED,UNAVAILABLE,UNAVAILABLE,HOSE,UNAVAILABLE,INSUFFICIENT,KBS_CURRENT_LISTING,INSTRUMENT_TYPE_EXCLUDED,listing evidence exclusion
1755,,CHPG2539,HOSE,None,cw,INSTRUMENT_TYPE_EXCLUDED,EXCLUDED,UNAVAILABLE,UNAVAILABLE,HOSE,UNAVAILABLE,INSUFFICIENT,KBS_CURRENT_LISTING,INSTRUMENT_TYPE_EXCLUDED,listing evidence exclusion
1756,,CMBB2616,HOSE,None,cw,INSTRUMENT_TYPE_EXCLUDED,EXCLUDED,UNAVAILABLE,UNAVAILABLE,HOSE,UNAVAILABLE,INSUFFICIENT,KBS_CURRENT_LISTING,INSTRUMENT_TYPE_EXCLUDED,listing evidence exclusion
1757,,CSHB2618,HOSE,None,cw,INSTRUMENT_TYPE_EXCLUDED,EXCLUDED,UNAVAILABLE,UNAVAILABLE,HOSE,UNAVAILABLE,INSUFFICIENT,KBS_CURRENT_LISTING,INSTRUMENT_TYPE_EXCLUDED,listing evidence exclusion
1758,,CSTB2537,HOSE,None,cw,INSTRUMENT_TYPE_EXCLUDED,EXCLUDED,UNAVAILABLE,UNAVAILABLE,HOSE,UNAVAILABLE,INSUFFICIENT,KBS_CURRENT_LISTING,INSTRUMENT_TYPE_EXCLUDED,listing evidence exclusion
1759,,CVIC2610,HOSE,None,cw,INSTRUMENT_TYPE_EXCLUDED,EXCLUDED,UNAVAILABLE,UNAVAILABLE,HOSE,UNAVAILABLE,INSUFFICIENT,KBS_CURRENT_LISTING,INSTRUMENT_TYPE_EXCLUDED,listing evidence exclusion
1760,,CHPG2609,HOSE,None,cw,INSTRUMENT_TYPE_EXCLUDED,EXCLUDED,UNAVAILABLE,UNAVAILABLE,HOSE,UNAVAILABLE,INSUFFICIENT,KBS_CURRENT_LISTING,INSTRUMENT_TYPE_EXCLUDED,listing evidence exclusion
1761,,CMWG2526,HOSE,None,cw,INSTRUMENT_TYPE_EXCLUDED,EXCLUDED,UNAVAILABLE,UNAVAILABLE,HOSE,UNAVAILABLE,INSUFFICIENT,KBS_CURRENT_LISTING,INSTRUMENT_TYPE_EXCLUDED,listing evidence exclusion
1762,,CVRE2525,HOSE,None,cw,INSTRUMENT_TYPE_EXCLUDED,EXCLUDED,UNAVAILABLE,UNAVAILABLE,HOSE,UNAVAILABLE,INSUFFICIENT,KBS_CURRENT_LISTING,INSTRUMENT_TYPE_EXCLUDED,listing evidence exclusion
1763,,CVHM2614,HOSE,None,cw,INSTRUMENT_TYPE_EXCLUDED,EXCLUDED,UNAVAILABLE,UNAVAILABLE,HOSE,UNAVAILABLE,INSUFFICIENT,KBS_CURRENT_LISTING,INSTRUMENT_TYPE_EXCLUDED,listing evidence exclusion
1764,,CSTB2611,HOSE,None,cw,INSTRUMENT_TYPE_EXCLUDED,EXCLUDED,UNAVAILABLE,UNAVAILABLE,HOSE,UNAVAILABLE,INSUFFICIENT,KBS_CURRENT_LISTING,INSTRUMENT_TYPE_EXCLUDED,listing evidence exclusion
1765,,CFPT2533,HOSE,None,cw,INSTRUMENT_TYPE_EXCLUDED,EXCLUDED,UNAVAILABLE,UNAVAILABLE,HOSE,UNAVAILABLE,INSUFFICIENT,KBS_CURRENT_LISTING,INSTRUMENT_TYPE_EXCLUDED,listing evidence exclusion
1766,,CSHB2609,HOSE,None,cw,INSTRUMENT_TYPE_EXCLUDED,EXCLUDED,UNAVAILABLE,UNAVAILABLE,HOSE,UNAVAILABLE,INSUFFICIENT,KBS_CURRENT_LISTING,INSTRUMENT_TYPE_EXCLUDED,listing evidence exclusion
1767,,CVNM2606,HOSE,None,cw,INSTRUMENT_TYPE_EXCLUDED,EXCLUDED,UNAVAILABLE,UNAVAILABLE,HOSE,UNAVAILABLE,INSUFFICIENT,KBS_CURRENT_LISTING,INSTRUMENT_TYPE_EXCLUDED,listing evidence exclusion
1768,,CVIB2605,HOSE,None,cw,INSTRUMENT_TYPE_EXCLUDED,EXCLUDED,UNAVAILABLE,UNAVAILABLE,HOSE,UNAVAILABLE,INSUFFICIENT,KBS_CURRENT_LISTING,INSTRUMENT_TYPE_EXCLUDED,listing evidence exclusion
1769,,CHPG2615,HOSE,None,cw,INSTRUMENT_TYPE_EXCLUDED,EXCLUDED,UNAVAILABLE,UNAVAILABLE,HOSE,UNAVAILABLE,INSUFFICIENT,KBS_CURRENT_LISTING,INSTRUMENT_TYPE_EXCLUDED,listing evidence exclusion
1770,,CFPT2610,HOSE,None,cw,INSTRUMENT_TYPE_EXCLUDED,EXCLUDED,UNAVAILABLE,UNAVAILABLE,HOSE,UNAVAILABLE,INSUFFICIENT,KBS_CURRENT_LISTING,INSTRUMENT_TYPE_EXCLUDED,listing evidence exclusion
1771,,CVRE2526,HOSE,None,cw,INSTRUMENT_TYPE_EXCLUDED,EXCLUDED,UNAVAILABLE,UNAVAILABLE,HOSE,UNAVAILABLE,INSUFFICIENT,KBS_CURRENT_LISTING,INSTRUMENT_TYPE_EXCLUDED,listing evidence exclusion
1772,,CVHM2604,HOSE,None,cw,INSTRUMENT_TYPE_EXCLUDED,EXCLUDED,UNAVAILABLE,UNAVAILABLE,HOSE,UNAVAILABLE,INSUFFICIENT,KBS_CURRENT_LISTING,INSTRUMENT_TYPE_EXCLUDED,listing evidence exclusion
1773,,CMWG2624,HOSE,None,cw,INSTRUMENT_TYPE_EXCLUDED,EXCLUDED,UNAVAILABLE,UNAVAILABLE,HOSE,UNAVAILABLE,INSUFFICIENT,KBS_CURRENT_LISTING,INSTRUMENT_TYPE_EXCLUDED,listing evidence exclusion
1774,,CACB2606,HOSE,None,cw,INSTRUMENT_TYPE_EXCLUDED,EXCLUDED,UNAVAILABLE,UNAVAILABLE,HOSE,UNAVAILABLE,INSUFFICIENT,KBS_CURRENT_LISTING,INSTRUMENT_TYPE_EXCLUDED,listing evidence exclusion
1775,,CVIC2609,HOSE,None,cw,INSTRUMENT_TYPE_EXCLUDED,EXCLUDED,UNAVAILABLE,UNAVAILABLE,HOSE,UNAVAILABLE,INSUFFICIENT,KBS_CURRENT_LISTING,INSTRUMENT_TYPE_EXCLUDED,listing evidence exclusion
1776,,CVPB2532,HOSE,None,cw,INSTRUMENT_TYPE_EXCLUDED,EXCLUDED,UNAVAILABLE,UNAVAILABLE,HOSE,UNAVAILABLE,INSUFFICIENT,KBS_CURRENT_LISTING,INSTRUMENT_TYPE_EXCLUDED,listing evidence exclusion
1777,,CMBB2610,HOSE,None,cw,INSTRUMENT_TYPE_EXCLUDED,EXCLUDED,UNAVAILABLE,UNAVAILABLE,HOSE,UNAVAILABLE,INSUFFICIENT,KBS_CURRENT_LISTING,INSTRUMENT_TYPE_EXCLUDED,listing evidence exclusion
1778,,CACB2516,HOSE,None,cw,INSTRUMENT_TYPE_EXCLUDED,EXCLUDED,UNAVAILABLE,UNAVAILABLE,HOSE,UNAVAILABLE,INSUFFICIENT,KBS_CURRENT_LISTING,INSTRUMENT_TYPE_EXCLUDED,listing evidence exclusion
1779,,CSTB2615,HOSE,None,cw,INSTRUMENT_TYPE_EXCLUDED,EXCLUDED,UNAVAILABLE,UNAVAILABLE,HOSE,UNAVAILABLE,INSUFFICIENT,KBS_CURRENT_LISTING,INSTRUMENT_TYPE_EXCLUDED,listing evidence exclusion
1780,,CVHM2613,HOSE,None,cw,INSTRUMENT_TYPE_EXCLUDED,EXCLUDED,UNAVAILABLE,UNAVAILABLE,HOSE,UNAVAILABLE,INSUFFICIENT,KBS_CURRENT_LISTING,INSTRUMENT_TYPE_EXCLUDED,listing evidence exclusion
1781,,CFPT2623,HOSE,None,cw,INSTRUMENT_TYPE_EXCLUDED,EXCLUDED,UNAVAILABLE,UNAVAILABLE,HOSE,UNAVAILABLE,INSUFFICIENT,KBS_CURRENT_LISTING,INSTRUMENT_TYPE_EXCLUDED,listing evidence exclusion
1782,,CSTB2606,HOSE,None,cw,INSTRUMENT_TYPE_EXCLUDED,EXCLUDED,UNAVAILABLE,UNAVAILABLE,HOSE,UNAVAILABLE,INSUFFICIENT,KBS_CURRENT_LISTING,INSTRUMENT_TYPE_EXCLUDED,listing evidence exclusion
1783,,CSTB2619,HOSE,None,cw,INSTRUMENT_TYPE_EXCLUDED,EXCLUDED,UNAVAILABLE,UNAVAILABLE,HOSE,UNAVAILABLE,INSUFFICIENT,KBS_CURRENT_LISTING,INSTRUMENT_TYPE_EXCLUDED,listing evidence exclusion
1784,,CFPT2627,HOSE,None,cw,INSTRUMENT_TYPE_EXCLUDED,EXCLUDED,UNAVAILABLE,UNAVAILABLE,HOSE,UNAVAILABLE,INSUFFICIENT,KBS_CURRENT_LISTING,INSTRUMENT_TYPE_EXCLUDED,listing evidence exclusion
1785,,CSTB2621,HOSE,None,cw,INSTRUMENT_TYPE_EXCLUDED,EXCLUDED,UNAVAILABLE,UNAVAILABLE,HOSE,UNAVAILABLE,INSUFFICIENT,KBS_CURRENT_LISTING,INSTRUMENT_TYPE_EXCLUDED,listing evidence exclusion
1786,,CSTB2628,HOSE,None,cw,INSTRUMENT_TYPE_EXCLUDED,EXCLUDED,UNAVAILABLE,UNAVAILABLE,HOSE,UNAVAILABLE,INSUFFICIENT,KBS_CURRENT_LISTING,INSTRUMENT_TYPE_EXCLUDED,listing evidence exclusion
1787,,CVPB2614,HOSE,None,cw,INSTRUMENT_TYPE_EXCLUDED,EXCLUDED,UNAVAILABLE,UNAVAILABLE,HOSE,UNAVAILABLE,INSUFFICIENT,KBS_CURRENT_LISTING,INSTRUMENT_TYPE_EXCLUDED,listing evidence exclusion
1788,,CACB2603,HOSE,None,cw,INSTRUMENT_TYPE_EXCLUDED,EXCLUDED,UNAVAILABLE,UNAVAILABLE,HOSE,UNAVAILABLE,INSUFFICIENT,KBS_CURRENT_LISTING,INSTRUMENT_TYPE_EXCLUDED,listing evidence exclusion
1789,,CMWG2617,HOSE,None,cw,INSTRUMENT_TYPE_EXCLUDED,EXCLUDED,UNAVAILABLE,UNAVAILABLE,HOSE,UNAVAILABLE,INSUFFICIENT,KBS_CURRENT_LISTING,INSTRUMENT_TYPE_EXCLUDED,listing evidence exclusion
1790,,CVRE2609,HOSE,None,cw,INSTRUMENT_TYPE_EXCLUDED,EXCLUDED,UNAVAILABLE,UNAVAILABLE,HOSE,UNAVAILABLE,INSUFFICIENT,KBS_CURRENT_LISTING,INSTRUMENT_TYPE_EXCLUDED,listing evidence exclusion
1791,,CVIC2603,HOSE,None,cw,INSTRUMENT_TYPE_EXCLUDED,EXCLUDED,UNAVAILABLE,UNAVAILABLE,HOSE,UNAVAILABLE,INSUFFICIENT,KBS_CURRENT_LISTING,INSTRUMENT_TYPE_EXCLUDED,listing evidence exclusion
1792,,CLPB2610,HOSE,None,cw,INSTRUMENT_TYPE_EXCLUDED,EXCLUDED,UNAVAILABLE,UNAVAILABLE,HOSE,UNAVAILABLE,INSUFFICIENT,KBS_CURRENT_LISTING,INSTRUMENT_TYPE_EXCLUDED,listing evidence exclusion
1793,,CMBB2605,HOSE,None,cw,INSTRUMENT_TYPE_EXCLUDED,EXCLUDED,UNAVAILABLE,UNAVAILABLE,HOSE,UNAVAILABLE,INSUFFICIENT,KBS_CURRENT_LISTING,INSTRUMENT_TYPE_EXCLUDED,listing evidence exclusion
1794,,CTPB2606,HOSE,None,cw,INSTRUMENT_TYPE_EXCLUDED,EXCLUDED,UNAVAILABLE,UNAVAILABLE,HOSE,UNAVAILABLE,INSUFFICIENT,KBS_CURRENT_LISTING,INSTRUMENT_TYPE_EXCLUDED,listing evidence exclusion
1795,,CHPG2618,HOSE,None,cw,INSTRUMENT_TYPE_EXCLUDED,EXCLUDED,UNAVAILABLE,UNAVAILABLE,HOSE,UNAVAILABLE,INSUFFICIENT,KBS_CURRENT_LISTING,INSTRUMENT_TYPE_EXCLUDED,listing evidence exclusion
1796,,CACB2620,HOSE,None,cw,INSTRUMENT_TYPE_EXCLUDED,EXCLUDED,UNAVAILABLE,UNAVAILABLE,HOSE,UNAVAILABLE,INSUFFICIENT,KBS_CURRENT_LISTING,INSTRUMENT_TYPE_EXCLUDED,listing evidence exclusion
1797,,CMSN2610,HOSE,None,cw,INSTRUMENT_TYPE_EXCLUDED,EXCLUDED,UNAVAILABLE,UNAVAILABLE,HOSE,UNAVAILABLE,INSUFFICIENT,KBS_CURRENT_LISTING,INSTRUMENT_TYPE_EXCLUDED,listing evidence exclusion
1798,,CMSN2622,HOSE,None,cw,INSTRUMENT_TYPE_EXCLUDED,EXCLUDED,UNAVAILABLE,UNAVAILABLE,HOSE,UNAVAILABLE,INSUFFICIENT,KBS_CURRENT_LISTING,INSTRUMENT_TYPE_EXCLUDED,listing evidence exclusion
1799,,CHDB2608,HOSE,None,cw,INSTRUMENT_TYPE_EXCLUDED,EXCLUDED,UNAVAILABLE,UNAVAILABLE,HOSE,UNAVAILABLE,INSUFFICIENT,KBS_CURRENT_LISTING,INSTRUMENT_TYPE_EXCLUDED,listing evidence exclusion
1800,,CVIC2602,HOSE,None,cw,INSTRUMENT_TYPE_EXCLUDED,EXCLUDED,UNAVAILABLE,UNAVAILABLE,HOSE,UNAVAILABLE,INSUFFICIENT,KBS_CURRENT_LISTING,INSTRUMENT_TYPE_EXCLUDED,listing evidence exclusion
1801,,CMSN2623,HOSE,None,cw,INSTRUMENT_TYPE_EXCLUDED,EXCLUDED,UNAVAILABLE,UNAVAILABLE,HOSE,UNAVAILABLE,INSUFFICIENT,KBS_CURRENT_LISTING,INSTRUMENT_TYPE_EXCLUDED,listing evidence exclusion
1802,,CHDB2603,HOSE,None,cw,INSTRUMENT_TYPE_EXCLUDED,EXCLUDED,UNAVAILABLE,UNAVAILABLE,HOSE,UNAVAILABLE,INSUFFICIENT,KBS_CURRENT_LISTING,INSTRUMENT_TYPE_EXCLUDED,listing evidence exclusion
1803,,CFPT2606,HOSE,None,cw,INSTRUMENT_TYPE_EXCLUDED,EXCLUDED,UNAVAILABLE,UNAVAILABLE,HOSE,UNAVAILABLE,INSUFFICIENT,KBS_CURRENT_LISTING,INSTRUMENT_TYPE_EXCLUDED,listing evidence exclusion
1804,,CTCB2603,HOSE,None,cw,INSTRUMENT_TYPE_EXCLUDED,EXCLUDED,UNAVAILABLE,UNAVAILABLE,HOSE,UNAVAILABLE,INSUFFICIENT,KBS_CURRENT_LISTING,INSTRUMENT_TYPE_EXCLUDED,listing evidence exclusion
1805,,CFPT2625,HOSE,None,cw,INSTRUMENT_TYPE_EXCLUDED,EXCLUDED,UNAVAILABLE,UNAVAILABLE,HOSE,UNAVAILABLE,INSUFFICIENT,KBS_CURRENT_LISTING,INSTRUMENT_TYPE_EXCLUDED,listing evidence exclusion
1806,,CVRE2610,HOSE,None,cw,INSTRUMENT_TYPE_EXCLUDED,EXCLUDED,UNAVAILABLE,UNAVAILABLE,HOSE,UNAVAILABLE,INSUFFICIENT,KBS_CURRENT_LISTING,INSTRUMENT_TYPE_EXCLUDED,listing evidence exclusion
1807,,CVNM2614,HOSE,None,cw,INSTRUMENT_TYPE_EXCLUDED,EXCLUDED,UNAVAILABLE,UNAVAILABLE,HOSE,UNAVAILABLE,INSUFFICIENT,KBS_CURRENT_LISTING,INSTRUMENT_TYPE_EXCLUDED,listing evidence exclusion
1808,,CSHB2619,HOSE,None,cw,INSTRUMENT_TYPE_EXCLUDED,EXCLUDED,UNAVAILABLE,UNAVAILABLE,HOSE,UNAVAILABLE,INSUFFICIENT,KBS_CURRENT_LISTING,INSTRUMENT_TYPE_EXCLUDED,listing evidence exclusion
1809,,CMSN2611,HOSE,None,cw,INSTRUMENT_TYPE_EXCLUDED,EXCLUDED,UNAVAILABLE,UNAVAILABLE,HOSE,UNAVAILABLE,INSUFFICIENT,KBS_CURRENT_LISTING,INSTRUMENT_TYPE_EXCLUDED,listing evidence exclusion
1810,,CSHB2607,HOSE,None,cw,INSTRUMENT_TYPE_EXCLUDED,EXCLUDED,UNAVAILABLE,UNAVAILABLE,HOSE,UNAVAILABLE,INSUFFICIENT,KBS_CURRENT_LISTING,INSTRUMENT_TYPE_EXCLUDED,listing evidence exclusion
1811,,CSHB2606,HOSE,None,cw,INSTRUMENT_TYPE_EXCLUDED,EXCLUDED,UNAVAILABLE,UNAVAILABLE,HOSE,UNAVAILABLE,INSUFFICIENT,KBS_CURRENT_LISTING,INSTRUMENT_TYPE_EXCLUDED,listing evidence exclusion
1812,,CHDB2605,HOSE,None,cw,INSTRUMENT_TYPE_EXCLUDED,EXCLUDED,UNAVAILABLE,UNAVAILABLE,HOSE,UNAVAILABLE,INSUFFICIENT,KBS_CURRENT_LISTING,INSTRUMENT_TYPE_EXCLUDED,listing evidence exclusion
1813,,CACB2607,HOSE,None,cw,INSTRUMENT_TYPE_EXCLUDED,EXCLUDED,UNAVAILABLE,UNAVAILABLE,HOSE,UNAVAILABLE,INSUFFICIENT,KBS_CURRENT_LISTING,INSTRUMENT_TYPE_EXCLUDED,listing evidence exclusion
1814,,CTPB2609,HOSE,None,cw,INSTRUMENT_TYPE_EXCLUDED,EXCLUDED,UNAVAILABLE,UNAVAILABLE,HOSE,UNAVAILABLE,INSUFFICIENT,KBS_CURRENT_LISTING,INSTRUMENT_TYPE_EXCLUDED,listing evidence exclusion
1815,,CHPG2619,HOSE,None,cw,INSTRUMENT_TYPE_EXCLUDED,EXCLUDED,UNAVAILABLE,UNAVAILABLE,HOSE,UNAVAILABLE,INSUFFICIENT,KBS_CURRENT_LISTING,INSTRUMENT_TYPE_EXCLUDED,listing evidence exclusion
1816,,CTCB2607,HOSE,None,cw,INSTRUMENT_TYPE_EXCLUDED,EXCLUDED,UNAVAILABLE,UNAVAILABLE,HOSE,UNAVAILABLE,INSUFFICIENT,KBS_CURRENT_LISTING,INSTRUMENT_TYPE_EXCLUDED,listing evidence exclusion
1817,,CVIC2516,HOSE,None,cw,INSTRUMENT_TYPE_EXCLUDED,EXCLUDED,UNAVAILABLE,UNAVAILABLE,HOSE,UNAVAILABLE,INSUFFICIENT,KBS_CURRENT_LISTING,INSTRUMENT_TYPE_EXCLUDED,listing evidence exclusion
1818,,CMBB2523,HOSE,None,cw,INSTRUMENT_TYPE_EXCLUDED,EXCLUDED,UNAVAILABLE,UNAVAILABLE,HOSE,UNAVAILABLE,INSUFFICIENT,KBS_CURRENT_LISTING,INSTRUMENT_TYPE_EXCLUDED,listing evidence exclusion
1819,,CHPG2617,HOSE,None,cw,INSTRUMENT_TYPE_EXCLUDED,EXCLUDED,UNAVAILABLE,UNAVAILABLE,HOSE,UNAVAILABLE,INSUFFICIENT,KBS_CURRENT_LISTING,INSTRUMENT_TYPE_EXCLUDED,listing evidence exclusion
1820,,CVNM2523,HOSE,None,cw,INSTRUMENT_TYPE_EXCLUDED,EXCLUDED,UNAVAILABLE,UNAVAILABLE,HOSE,UNAVAILABLE,INSUFFICIENT,KBS_CURRENT_LISTING,INSTRUMENT_TYPE_EXCLUDED,listing evidence exclusion
1821,,CVRE2606,HOSE,None,cw,INSTRUMENT_TYPE_EXCLUDED,EXCLUDED,UNAVAILABLE,UNAVAILABLE,HOSE,UNAVAILABLE,INSUFFICIENT,KBS_CURRENT_LISTING,INSTRUMENT_TYPE_EXCLUDED,listing evidence exclusion
1822,,CACB2608,HOSE,None,cw,INSTRUMENT_TYPE_EXCLUDED,EXCLUDED,UNAVAILABLE,UNAVAILABLE,HOSE,UNAVAILABLE,INSUFFICIENT,KBS_CURRENT_LISTING,INSTRUMENT_TYPE_EXCLUDED,listing evidence exclusion
1823,,CSHB2616,HOSE,None,cw,INSTRUMENT_TYPE_EXCLUDED,EXCLUDED,UNAVAILABLE,UNAVAILABLE,HOSE,UNAVAILABLE,INSUFFICIENT,KBS_CURRENT_LISTING,INSTRUMENT_TYPE_EXCLUDED,listing evidence exclusion
1824,,CTCB2617,HOSE,None,cw,INSTRUMENT_TYPE_EXCLUDED,EXCLUDED,UNAVAILABLE,UNAVAILABLE,HOSE,UNAVAILABLE,INSUFFICIENT,KBS_CURRENT_LISTING,INSTRUMENT_TYPE_EXCLUDED,listing evidence exclusion
1825,,CACB2517,HOSE,None,cw,INSTRUMENT_TYPE_EXCLUDED,EXCLUDED,UNAVAILABLE,UNAVAILABLE,HOSE,UNAVAILABLE,INSUFFICIENT,KBS_CURRENT_LISTING,INSTRUMENT_TYPE_EXCLUDED,listing evidence exclusion
1826,,CMWG2609,HOSE,None,cw,INSTRUMENT_TYPE_EXCLUDED,EXCLUDED,UNAVAILABLE,UNAVAILABLE,HOSE,UNAVAILABLE,INSUFFICIENT,KBS_CURRENT_LISTING,INSTRUMENT_TYPE_EXCLUDED,listing evidence exclusion
1827,,CSTB2623,HOSE,None,cw,INSTRUMENT_TYPE_EXCLUDED,EXCLUDED,UNAVAILABLE,UNAVAILABLE,HOSE,UNAVAILABLE,INSUFFICIENT,KBS_CURRENT_LISTING,INSTRUMENT_TYPE_EXCLUDED,listing evidence exclusion
1828,,FUEBFVND,HOSE,Chứng chỉ Quỹ ETF BVFVN DIAMOND,fund,INSTRUMENT_TYPE_EXCLUDED,EXCLUDED,UNAVAILABLE,UNAVAILABLE,HOSE,UNAVAILABLE,INSUFFICIENT,KBS_CURRENT_LISTING,INSTRUMENT_TYPE_EXCLUDED,listing evidence exclusion
1829,,FUEKIVFS,HOSE,Chứng chỉ Quỹ ETF Kim Growth VNFINSELECT,fund,INSTRUMENT_TYPE_EXCLUDED,EXCLUDED,UNAVAILABLE,UNAVAILABLE,HOSE,UNAVAILABLE,INSUFFICIENT,KBS_CURRENT_LISTING,INSTRUMENT_TYPE_EXCLUDED,listing evidence exclusion
1830,,FUEABVND,HOSE,Chứng chỉ Quỹ ETF ABFVN DIAMOND,fund,INSTRUMENT_TYPE_EXCLUDED,EXCLUDED,UNAVAILABLE,UNAVAILABLE,HOSE,UNAVAILABLE,INSUFFICIENT,KBS_CURRENT_LISTING,INSTRUMENT_TYPE_EXCLUDED,listing evidence exclusion
1831,,FUESSV50,HOSE,Quỹ ETF SSIAM VNX50,fund,INSTRUMENT_TYPE_EXCLUDED,EXCLUDED,UNAVAILABLE,UNAVAILABLE,HOSE,UNAVAILABLE,INSUFFICIENT,KBS_CURRENT_LISTING,INSTRUMENT_TYPE_EXCLUDED,listing evidence exclusion
1832,,FUESSVFL,HOSE,Quỹ ETF SSIAM VNFIN LEAD,fund,INSTRUMENT_TYPE_EXCLUDED,EXCLUDED,UNAVAILABLE,UNAVAILABLE,HOSE,UNAVAILABLE,INSUFFICIENT,KBS_CURRENT_LISTING,INSTRUMENT_TYPE_EXCLUDED,listing evidence exclusion
1833,,FUCTVGF4,HOSE,Quỹ Đầu tư Tăng trưởng Thiên Việt 4,fund,INSTRUMENT_TYPE_EXCLUDED,EXCLUDED,UNAVAILABLE,UNAVAILABLE,HOSE,UNAVAILABLE,INSUFFICIENT,KBS_CURRENT_LISTING,INSTRUMENT_TYPE_EXCLUDED,listing evidence exclusion
1834,,FUEMITEC,HOSE,Quỹ ETF VINACAPITAL VNMITECH,fund,INSTRUMENT_TYPE_EXCLUDED,EXCLUDED,UNAVAILABLE,UNAVAILABLE,HOSE,UNAVAILABLE,INSUFFICIENT,KBS_CURRENT_LISTING,INSTRUMENT_TYPE_EXCLUDED,listing evidence exclusion
1835,,FUEKIV30,HOSE,Chứng chỉ Quỹ ETF KIM GROWTH VN30,fund,INSTRUMENT_TYPE_EXCLUDED,EXCLUDED,UNAVAILABLE,UNAVAILABLE,HOSE,UNAVAILABLE,INSUFFICIENT,KBS_CURRENT_LISTING,INSTRUMENT_TYPE_EXCLUDED,listing evidence exclusion
1836,,FUEVFVND,HOSE,Quỹ ETF DCVFMVN DIAMOND,fund,INSTRUMENT_TYPE_EXCLUDED,EXCLUDED,UNAVAILABLE,UNAVAILABLE,HOSE,UNAVAILABLE,INSUFFICIENT,KBS_CURRENT_LISTING,INSTRUMENT_TYPE_EXCLUDED,listing evidence exclusion
1837,,FUEVN50G,HOSE,Quỹ ETF VINACAPITAL VN50 GROWTH,fund,INSTRUMENT_TYPE_EXCLUDED,EXCLUDED,UNAVAILABLE,UNAVAILABLE,HOSE,UNAVAILABLE,INSUFFICIENT,KBS_CURRENT_LISTING,INSTRUMENT_TYPE_EXCLUDED,listing evidence exclusion
1838,,FUEVN100,HOSE,Quỹ ETF VINACAPITAL VN100,fund,INSTRUMENT_TYPE_EXCLUDED,EXCLUDED,UNAVAILABLE,UNAVAILABLE,HOSE,UNAVAILABLE,INSUFFICIENT,KBS_CURRENT_LISTING,INSTRUMENT_TYPE_EXCLUDED,listing evidence exclusion
1839,,FUCVREIT,HOSE,Quỹ đầu tư Bất động sản Techcom Việt Nam,fund,INSTRUMENT_TYPE_EXCLUDED,EXCLUDED,UNAVAILABLE,UNAVAILABLE,HOSE,UNAVAILABLE,INSUFFICIENT,KBS_CURRENT_LISTING,INSTRUMENT_TYPE_EXCLUDED,listing evidence exclusion
1840,,FUESSV30,HOSE,Quỹ ETF SSIAM VN30,fund,INSTRUMENT_TYPE_EXCLUDED,EXCLUDED,UNAVAILABLE,UNAVAILABLE,HOSE,UNAVAILABLE,INSUFFICIENT,KBS_CURRENT_LISTING,INSTRUMENT_TYPE_EXCLUDED,listing evidence exclusion
1841,,FUEDCMID,HOSE,Chứng chỉ Quỹ ETF DCVFMVNMIDCAP,fund,INSTRUMENT_TYPE_EXCLUDED,EXCLUDED,UNAVAILABLE,UNAVAILABLE,HOSE,UNAVAILABLE,INSUFFICIENT,KBS_CURRENT_LISTING,INSTRUMENT_TYPE_EXCLUDED,listing evidence exclusion
1842,,FUEKIVND,HOSE,Chứng chỉ Quỹ ETF KIM GROWTH VN DIAMOND,fund,INSTRUMENT_TYPE_EXCLUDED,EXCLUDED,UNAVAILABLE,UNAVAILABLE,HOSE,UNAVAILABLE,INSUFFICIENT,KBS_CURRENT_LISTING,INSTRUMENT_TYPE_EXCLUDED,listing evidence exclusion
1843,,FUETCC50,HOSE,Chứng chỉ Quỹ ETF TECHCOM CAPITAL VNX50,fund,INSTRUMENT_TYPE_EXCLUDED,EXCLUDED,UNAVAILABLE,UNAVAILABLE,HOSE,UNAVAILABLE,INSUFFICIENT,KBS_CURRENT_LISTING,INSTRUMENT_TYPE_EXCLUDED,listing evidence exclusion
1844,,FUEFCV50,HOSE,Chứng chỉ Quỹ ETF FPT CAPITAL VNX50,fund,INSTRUMENT_TYPE_EXCLUDED,EXCLUDED,UNAVAILABLE,UNAVAILABLE,HOSE,UNAVAILABLE,INSUFFICIENT,KBS_CURRENT_LISTING,INSTRUMENT_TYPE_EXCLUDED,listing evidence exclusion
1845,,FUEIP100,HOSE,Chứng chỉ Quỹ ETF IPAAM VN100,fund,INSTRUMENT_TYPE_EXCLUDED,EXCLUDED,UNAVAILABLE,UNAVAILABLE,HOSE,UNAVAILABLE,INSUFFICIENT,KBS_CURRENT_LISTING,INSTRUMENT_TYPE_EXCLUDED,listing evidence exclusion
1846,,FUEMAVND,HOSE,Chứng chỉ Quỹ ETF MAFM VNDIAMOND,fund,INSTRUMENT_TYPE_EXCLUDED,EXCLUDED,UNAVAILABLE,UNAVAILABLE,HOSE,UNAVAILABLE,INSUFFICIENT,KBS_CURRENT_LISTING,INSTRUMENT_TYPE_EXCLUDED,listing evidence exclusion
1847,,FUEMAV30,HOSE,Quỹ ETF MAFM VN30,fund,INSTRUMENT_TYPE_EXCLUDED,EXCLUDED,UNAVAILABLE,UNAVAILABLE,HOSE,UNAVAILABLE,INSUFFICIENT,KBS_CURRENT_LISTING,INSTRUMENT_TYPE_EXCLUDED,listing evidence exclusion
1848,,FUEPHVNS,HOSE,Quỹ ETF PHFM VNSHINE,fund,INSTRUMENT_TYPE_EXCLUDED,EXCLUDED,UNAVAILABLE,UNAVAILABLE,HOSE,UNAVAILABLE,INSUFFICIENT,KBS_CURRENT_LISTING,INSTRUMENT_TYPE_EXCLUDED,listing evidence exclusion
1849,,E1VFVN30,HOSE,Quỹ ETF DCVFMVN30,fund,INSTRUMENT_TYPE_EXCLUDED,EXCLUDED,UNAVAILABLE,UNAVAILABLE,HOSE,UNAVAILABLE,INSUFFICIENT,KBS_CURRENT_LISTING,INSTRUMENT_TYPE_EXCLUDED,listing evidence exclusion
1850,,FUCTVGF5,HOSE,Quỹ đầu tư tăng trưởng Thiên Việt 5,fund,INSTRUMENT_TYPE_EXCLUDED,EXCLUDED,UNAVAILABLE,UNAVAILABLE,HOSE,UNAVAILABLE,INSUFFICIENT,KBS_CURRENT_LISTING,INSTRUMENT_TYPE_EXCLUDED,listing evidence exclusion
1851,,FUETPVND,HOSE,Chứng chỉ quỹ ETF VFCVN DIAMOND,fund,INSTRUMENT_TYPE_EXCLUDED,EXCLUDED,UNAVAILABLE,UNAVAILABLE,HOSE,UNAVAILABLE,INSUFFICIENT,KBS_CURRENT_LISTING,INSTRUMENT_TYPE_EXCLUDED,listing evidence exclusion
1852,,41BAG9000,XHNF,,future,INSUFFICIENT_DISCOVERY_EVIDENCE,EXCLUDED,UNAVAILABLE,UNAVAILABLE,XHNF,UNAVAILABLE,INSUFFICIENT,KBS_CURRENT_LISTING,INSUFFICIENT_DISCOVERY_EVIDENCE,listing evidence exclusion
1853,,41BAH3000,XHNF,,future,INSUFFICIENT_DISCOVERY_EVIDENCE,EXCLUDED,UNAVAILABLE,UNAVAILABLE,XHNF,UNAVAILABLE,INSUFFICIENT,KBS_CURRENT_LISTING,INSUFFICIENT_DISCOVERY_EVIDENCE,listing evidence exclusion
1854,,41B5H3000,XHNF,,future,INSUFFICIENT_DISCOVERY_EVIDENCE,EXCLUDED,UNAVAILABLE,UNAVAILABLE,XHNF,UNAVAILABLE,INSUFFICIENT,KBS_CURRENT_LISTING,INSUFFICIENT_DISCOVERY_EVIDENCE,listing evidence exclusion
1855,,41I2H3000,XHNF,,future,INSUFFICIENT_DISCOVERY_EVIDENCE,EXCLUDED,UNAVAILABLE,UNAVAILABLE,XHNF,UNAVAILABLE,INSUFFICIENT,KBS_CURRENT_LISTING,INSUFFICIENT_DISCOVERY_EVIDENCE,listing evidence exclusion
1856,,41I1H3000,XHNF,,future,INSUFFICIENT_DISCOVERY_EVIDENCE,EXCLUDED,UNAVAILABLE,UNAVAILABLE,XHNF,UNAVAILABLE,INSUFFICIENT,KBS_CURRENT_LISTING,INSUFFICIENT_DISCOVERY_EVIDENCE,listing evidence exclusion
1857,,41I1GC000,XHNF,,future,INSUFFICIENT_DISCOVERY_EVIDENCE,EXCLUDED,UNAVAILABLE,UNAVAILABLE,XHNF,UNAVAILABLE,INSUFFICIENT,KBS_CURRENT_LISTING,INSUFFICIENT_DISCOVERY_EVIDENCE,listing evidence exclusion
1858,,41B5H6000,XHNF,,future,INSUFFICIENT_DISCOVERY_EVIDENCE,EXCLUDED,UNAVAILABLE,UNAVAILABLE,XHNF,UNAVAILABLE,INSUFFICIENT,KBS_CURRENT_LISTING,INSUFFICIENT_DISCOVERY_EVIDENCE,listing evidence exclusion
1859,,41I2GA000,XHNF,,future,INSUFFICIENT_DISCOVERY_EVIDENCE,EXCLUDED,UNAVAILABLE,UNAVAILABLE,XHNF,UNAVAILABLE,INSUFFICIENT,KBS_CURRENT_LISTING,INSUFFICIENT_DISCOVERY_EVIDENCE,listing evidence exclusion
1860,,41I2GC000,XHNF,,future,INSUFFICIENT_DISCOVERY_EVIDENCE,EXCLUDED,UNAVAILABLE,UNAVAILABLE,XHNF,UNAVAILABLE,INSUFFICIENT,KBS_CURRENT_LISTING,INSUFFICIENT_DISCOVERY_EVIDENCE,listing evidence exclusion
1861,,41I1GA000,XHNF,,future,INSUFFICIENT_DISCOVERY_EVIDENCE,EXCLUDED,UNAVAILABLE,UNAVAILABLE,XHNF,UNAVAILABLE,INSUFFICIENT,KBS_CURRENT_LISTING,INSUFFICIENT_DISCOVERY_EVIDENCE,listing evidence exclusion
1862,,41B5GC000,XHNF,,future,INSUFFICIENT_DISCOVERY_EVIDENCE,EXCLUDED,UNAVAILABLE,UNAVAILABLE,XHNF,UNAVAILABLE,INSUFFICIENT,KBS_CURRENT_LISTING,INSUFFICIENT_DISCOVERY_EVIDENCE,listing evidence exclusion
1863,,41I1GB000,XHNF,,future,INSUFFICIENT_DISCOVERY_EVIDENCE,EXCLUDED,UNAVAILABLE,UNAVAILABLE,XHNF,UNAVAILABLE,INSUFFICIENT,KBS_CURRENT_LISTING,INSUFFICIENT_DISCOVERY_EVIDENCE,listing evidence exclusion
1864,,41BAGC000,XHNF,,future,INSUFFICIENT_DISCOVERY_EVIDENCE,EXCLUDED,UNAVAILABLE,UNAVAILABLE,XHNF,UNAVAILABLE,INSUFFICIENT,KBS_CURRENT_LISTING,INSUFFICIENT_DISCOVERY_EVIDENCE,listing evidence exclusion
1865,,41I2GB000,XHNF,,future,INSUFFICIENT_DISCOVERY_EVIDENCE,EXCLUDED,UNAVAILABLE,UNAVAILABLE,XHNF,UNAVAILABLE,INSUFFICIENT,KBS_CURRENT_LISTING,INSUFFICIENT_DISCOVERY_EVIDENCE,listing evidence exclusion
1866,,BID126024,HNX,,bond,INSUFFICIENT_DISCOVERY_EVIDENCE,EXCLUDED,UNAVAILABLE,UNAVAILABLE,HNX,UNAVAILABLE,INSUFFICIENT,KBS_CURRENT_LISTING,INSUFFICIENT_DISCOVERY_EVIDENCE,listing evidence exclusion
1867,,NPM123022,HNX,,bond,INSUFFICIENT_DISCOVERY_EVIDENCE,EXCLUDED,UNAVAILABLE,UNAVAILABLE,HNX,UNAVAILABLE,INSUFFICIENT,KBS_CURRENT_LISTING,INSUFFICIENT_DISCOVERY_EVIDENCE,listing evidence exclusion
1868,,F88126015,HNX,,bond,INSUFFICIENT_DISCOVERY_EVIDENCE,EXCLUDED,UNAVAILABLE,UNAVAILABLE,HNX,UNAVAILABLE,INSUFFICIENT,KBS_CURRENT_LISTING,INSUFFICIENT_DISCOVERY_EVIDENCE,listing evidence exclusion
1869,,LPB125028,HNX,,bond,INSUFFICIENT_DISCOVERY_EVIDENCE,EXCLUDED,UNAVAILABLE,UNAVAILABLE,HNX,UNAVAILABLE,INSUFFICIENT,KBS_CURRENT_LISTING,INSUFFICIENT_DISCOVERY_EVIDENCE,listing evidence exclusion
1870,,MSN123010,HNX,,bond,INSUFFICIENT_DISCOVERY_EVIDENCE,EXCLUDED,UNAVAILABLE,UNAVAILABLE,HNX,UNAVAILABLE,INSUFFICIENT,KBS_CURRENT_LISTING,INSUFFICIENT_DISCOVERY_EVIDENCE,listing evidence exclusion
1871,,HDC425001,HNX,,bond,INSUFFICIENT_DISCOVERY_EVIDENCE,EXCLUDED,UNAVAILABLE,UNAVAILABLE,HNX,UNAVAILABLE,INSUFFICIENT,KBS_CURRENT_LISTING,INSUFFICIENT_DISCOVERY_EVIDENCE,listing evidence exclusion
1872,,TCX126011,HNX,,bond,INSUFFICIENT_DISCOVERY_EVIDENCE,EXCLUDED,UNAVAILABLE,UNAVAILABLE,HNX,UNAVAILABLE,INSUFFICIENT,KBS_CURRENT_LISTING,INSUFFICIENT_DISCOVERY_EVIDENCE,listing evidence exclusion
1873,,HDB126034,HNX,,bond,INSUFFICIENT_DISCOVERY_EVIDENCE,EXCLUDED,UNAVAILABLE,UNAVAILABLE,HNX,UNAVAILABLE,INSUFFICIENT,KBS_CURRENT_LISTING,INSUFFICIENT_DISCOVERY_EVIDENCE,listing evidence exclusion
1874,,VBB124007,HNX,,bond,INSUFFICIENT_DISCOVERY_EVIDENCE,EXCLUDED,UNAVAILABLE,UNAVAILABLE,HNX,UNAVAILABLE,INSUFFICIENT,KBS_CURRENT_LISTING,INSUFFICIENT_DISCOVERY_EVIDENCE,listing evidence exclusion
1875,,BID126022,HNX,,bond,INSUFFICIENT_DISCOVERY_EVIDENCE,EXCLUDED,UNAVAILABLE,UNAVAILABLE,HNX,UNAVAILABLE,INSUFFICIENT,KBS_CURRENT_LISTING,INSUFFICIENT_DISCOVERY_EVIDENCE,listing evidence exclusion
1876,,BCG122006,HNX,,bond,INSUFFICIENT_DISCOVERY_EVIDENCE,EXCLUDED,UNAVAILABLE,UNAVAILABLE,HNX,UNAVAILABLE,INSUFFICIENT,KBS_CURRENT_LISTING,INSUFFICIENT_DISCOVERY_EVIDENCE,listing evidence exclusion
1877,,CTG123033,HNX,,bond,INSUFFICIENT_DISCOVERY_EVIDENCE,EXCLUDED,UNAVAILABLE,UNAVAILABLE,HNX,UNAVAILABLE,INSUFFICIENT,KBS_CURRENT_LISTING,INSUFFICIENT_DISCOVERY_EVIDENCE,listing evidence exclusion
1878,,CMX123035,HNX,,bond,INSUFFICIENT_DISCOVERY_EVIDENCE,EXCLUDED,UNAVAILABLE,UNAVAILABLE,HNX,UNAVAILABLE,INSUFFICIENT,KBS_CURRENT_LISTING,INSUFFICIENT_DISCOVERY_EVIDENCE,listing evidence exclusion
1879,,BID126009,HNX,,bond,INSUFFICIENT_DISCOVERY_EVIDENCE,EXCLUDED,UNAVAILABLE,UNAVAILABLE,HNX,UNAVAILABLE,INSUFFICIENT,KBS_CURRENT_LISTING,INSUFFICIENT_DISCOVERY_EVIDENCE,listing evidence exclusion
1880,,VND125033,HNX,,bond,INSUFFICIENT_DISCOVERY_EVIDENCE,EXCLUDED,UNAVAILABLE,UNAVAILABLE,HNX,UNAVAILABLE,INSUFFICIENT,KBS_CURRENT_LISTING,INSUFFICIENT_DISCOVERY_EVIDENCE,listing evidence exclusion
1881,,HDB125012,HNX,,bond,INSUFFICIENT_DISCOVERY_EVIDENCE,EXCLUDED,UNAVAILABLE,UNAVAILABLE,HNX,UNAVAILABLE,INSUFFICIENT,KBS_CURRENT_LISTING,INSUFFICIENT_DISCOVERY_EVIDENCE,listing evidence exclusion
1882,,LPB126018,HNX,,bond,INSUFFICIENT_DISCOVERY_EVIDENCE,EXCLUDED,UNAVAILABLE,UNAVAILABLE,HNX,UNAVAILABLE,INSUFFICIENT,KBS_CURRENT_LISTING,INSUFFICIENT_DISCOVERY_EVIDENCE,listing evidence exclusion
1883,,LPB125027,HNX,,bond,INSUFFICIENT_DISCOVERY_EVIDENCE,EXCLUDED,UNAVAILABLE,UNAVAILABLE,HNX,UNAVAILABLE,INSUFFICIENT,KBS_CURRENT_LISTING,INSUFFICIENT_DISCOVERY_EVIDENCE,listing evidence exclusion
1884,,MNB425035,HNX,,bond,INSUFFICIENT_DISCOVERY_EVIDENCE,EXCLUDED,UNAVAILABLE,UNAVAILABLE,HNX,UNAVAILABLE,INSUFFICIENT,KBS_CURRENT_LISTING,INSUFFICIENT_DISCOVERY_EVIDENCE,listing evidence exclusion
1885,,VBA123036,HNX,,bond,INSUFFICIENT_DISCOVERY_EVIDENCE,EXCLUDED,UNAVAILABLE,UNAVAILABLE,HNX,UNAVAILABLE,INSUFFICIENT,KBS_CURRENT_LISTING,INSUFFICIENT_DISCOVERY_EVIDENCE,listing evidence exclusion
1886,,TMS426010,HNX,,bond,INSUFFICIENT_DISCOVERY_EVIDENCE,EXCLUDED,UNAVAILABLE,UNAVAILABLE,HNX,UNAVAILABLE,INSUFFICIENT,KBS_CURRENT_LISTING,INSUFFICIENT_DISCOVERY_EVIDENCE,listing evidence exclusion
1887,,LPB126020,HNX,,bond,INSUFFICIENT_DISCOVERY_EVIDENCE,EXCLUDED,UNAVAILABLE,UNAVAILABLE,HNX,UNAVAILABLE,INSUFFICIENT,KBS_CURRENT_LISTING,INSUFFICIENT_DISCOVERY_EVIDENCE,listing evidence exclusion
1888,,VND125032,HNX,,bond,INSUFFICIENT_DISCOVERY_EVIDENCE,EXCLUDED,UNAVAILABLE,UNAVAILABLE,HNX,UNAVAILABLE,INSUFFICIENT,KBS_CURRENT_LISTING,INSUFFICIENT_DISCOVERY_EVIDENCE,listing evidence exclusion
1889,,DSE125018,HNX,,bond,INSUFFICIENT_DISCOVERY_EVIDENCE,EXCLUDED,UNAVAILABLE,UNAVAILABLE,HNX,UNAVAILABLE,INSUFFICIENT,KBS_CURRENT_LISTING,INSUFFICIENT_DISCOVERY_EVIDENCE,listing evidence exclusion
1890,,SHB125010,HNX,,bond,INSUFFICIENT_DISCOVERY_EVIDENCE,EXCLUDED,UNAVAILABLE,UNAVAILABLE,HNX,UNAVAILABLE,INSUFFICIENT,KBS_CURRENT_LISTING,INSUFFICIENT_DISCOVERY_EVIDENCE,listing evidence exclusion
1891,,NAB126025,HNX,,bond,INSUFFICIENT_DISCOVERY_EVIDENCE,EXCLUDED,UNAVAILABLE,UNAVAILABLE,HNX,UNAVAILABLE,INSUFFICIENT,KBS_CURRENT_LISTING,INSUFFICIENT_DISCOVERY_EVIDENCE,listing evidence exclusion
1892,,BAF126003,HNX,,bond,INSUFFICIENT_DISCOVERY_EVIDENCE,EXCLUDED,UNAVAILABLE,UNAVAILABLE,HNX,UNAVAILABLE,INSUFFICIENT,KBS_CURRENT_LISTING,INSUFFICIENT_DISCOVERY_EVIDENCE,listing evidence exclusion
1893,,HDB124023,HNX,,bond,INSUFFICIENT_DISCOVERY_EVIDENCE,EXCLUDED,UNAVAILABLE,UNAVAILABLE,HNX,UNAVAILABLE,INSUFFICIENT,KBS_CURRENT_LISTING,INSUFFICIENT_DISCOVERY_EVIDENCE,listing evidence exclusion
1894,,F88126002,HNX,,bond,INSUFFICIENT_DISCOVERY_EVIDENCE,EXCLUDED,UNAVAILABLE,UNAVAILABLE,HNX,UNAVAILABLE,INSUFFICIENT,KBS_CURRENT_LISTING,INSUFFICIENT_DISCOVERY_EVIDENCE,listing evidence exclusion
1895,,MSN123014,HNX,,bond,INSUFFICIENT_DISCOVERY_EVIDENCE,EXCLUDED,UNAVAILABLE,UNAVAILABLE,HNX,UNAVAILABLE,INSUFFICIENT,KBS_CURRENT_LISTING,INSUFFICIENT_DISCOVERY_EVIDENCE,listing evidence exclusion
1896,,CII425021,HNX,,bond,INSUFFICIENT_DISCOVERY_EVIDENCE,EXCLUDED,UNAVAILABLE,UNAVAILABLE,HNX,UNAVAILABLE,INSUFFICIENT,KBS_CURRENT_LISTING,INSUFFICIENT_DISCOVERY_EVIDENCE,listing evidence exclusion
1897,,KLB126021,HNX,,bond,INSUFFICIENT_DISCOVERY_EVIDENCE,EXCLUDED,UNAVAILABLE,UNAVAILABLE,HNX,UNAVAILABLE,INSUFFICIENT,KBS_CURRENT_LISTING,INSUFFICIENT_DISCOVERY_EVIDENCE,listing evidence exclusion
1898,,BID123004,HNX,,bond,INSUFFICIENT_DISCOVERY_EVIDENCE,EXCLUDED,UNAVAILABLE,UNAVAILABLE,HNX,UNAVAILABLE,INSUFFICIENT,KBS_CURRENT_LISTING,INSUFFICIENT_DISCOVERY_EVIDENCE,listing evidence exclusion
1899,,VBA124019,HNX,,bond,INSUFFICIENT_DISCOVERY_EVIDENCE,EXCLUDED,UNAVAILABLE,UNAVAILABLE,HNX,UNAVAILABLE,INSUFFICIENT,KBS_CURRENT_LISTING,INSUFFICIENT_DISCOVERY_EVIDENCE,listing evidence exclusion
1900,,CVT122009,HNX,,bond,INSUFFICIENT_DISCOVERY_EVIDENCE,EXCLUDED,UNAVAILABLE,UNAVAILABLE,HNX,UNAVAILABLE,INSUFFICIENT,KBS_CURRENT_LISTING,INSUFFICIENT_DISCOVERY_EVIDENCE,listing evidence exclusion
1901,,BAB124025,HNX,,bond,INSUFFICIENT_DISCOVERY_EVIDENCE,EXCLUDED,UNAVAILABLE,UNAVAILABLE,HNX,UNAVAILABLE,INSUFFICIENT,KBS_CURRENT_LISTING,INSUFFICIENT_DISCOVERY_EVIDENCE,listing evidence exclusion
1902,,CII124021,HNX,,bond,INSUFFICIENT_DISCOVERY_EVIDENCE,EXCLUDED,UNAVAILABLE,UNAVAILABLE,HNX,UNAVAILABLE,INSUFFICIENT,KBS_CURRENT_LISTING,INSUFFICIENT_DISCOVERY_EVIDENCE,listing evidence exclusion
1903,,SHB125017,HNX,,bond,INSUFFICIENT_DISCOVERY_EVIDENCE,EXCLUDED,UNAVAILABLE,UNAVAILABLE,HNX,UNAVAILABLE,INSUFFICIENT,KBS_CURRENT_LISTING,INSUFFICIENT_DISCOVERY_EVIDENCE,listing evidence exclusion
1904,,SBT426026,HNX,,bond,INSUFFICIENT_DISCOVERY_EVIDENCE,EXCLUDED,UNAVAILABLE,UNAVAILABLE,HNX,UNAVAILABLE,INSUFFICIENT,KBS_CURRENT_LISTING,INSUFFICIENT_DISCOVERY_EVIDENCE,listing evidence exclusion
1905,,MSN123008,HNX,,bond,INSUFFICIENT_DISCOVERY_EVIDENCE,EXCLUDED,UNAVAILABLE,UNAVAILABLE,HNX,UNAVAILABLE,INSUFFICIENT,KBS_CURRENT_LISTING,INSUFFICIENT_DISCOVERY_EVIDENCE,listing evidence exclusion
1906,,LPB125006,HNX,,bond,INSUFFICIENT_DISCOVERY_EVIDENCE,EXCLUDED,UNAVAILABLE,UNAVAILABLE,HNX,UNAVAILABLE,INSUFFICIENT,KBS_CURRENT_LISTING,INSUFFICIENT_DISCOVERY_EVIDENCE,listing evidence exclusion
1907,,HDB126016,HNX,,bond,INSUFFICIENT_DISCOVERY_EVIDENCE,EXCLUDED,UNAVAILABLE,UNAVAILABLE,HNX,UNAVAILABLE,INSUFFICIENT,KBS_CURRENT_LISTING,INSUFFICIENT_DISCOVERY_EVIDENCE,listing evidence exclusion
1908,,NPM123024,HNX,,bond,INSUFFICIENT_DISCOVERY_EVIDENCE,EXCLUDED,UNAVAILABLE,UNAVAILABLE,HNX,UNAVAILABLE,INSUFFICIENT,KBS_CURRENT_LISTING,INSUFFICIENT_DISCOVERY_EVIDENCE,listing evidence exclusion
1909,,CTG126005,HNX,,bond,INSUFFICIENT_DISCOVERY_EVIDENCE,EXCLUDED,UNAVAILABLE,UNAVAILABLE,HNX,UNAVAILABLE,INSUFFICIENT,KBS_CURRENT_LISTING,INSUFFICIENT_DISCOVERY_EVIDENCE,listing evidence exclusion
1910,,VIC124005,HNX,,bond,INSUFFICIENT_DISCOVERY_EVIDENCE,EXCLUDED,UNAVAILABLE,UNAVAILABLE,HNX,UNAVAILABLE,INSUFFICIENT,KBS_CURRENT_LISTING,INSUFFICIENT_DISCOVERY_EVIDENCE,listing evidence exclusion
1911,,KLB125015,HNX,,bond,INSUFFICIENT_DISCOVERY_EVIDENCE,EXCLUDED,UNAVAILABLE,UNAVAILABLE,HNX,UNAVAILABLE,INSUFFICIENT,KBS_CURRENT_LISTING,INSUFFICIENT_DISCOVERY_EVIDENCE,listing evidence exclusion
1912,,BVB125003,HNX,,bond,INSUFFICIENT_DISCOVERY_EVIDENCE,EXCLUDED,UNAVAILABLE,UNAVAILABLE,HNX,UNAVAILABLE,INSUFFICIENT,KBS_CURRENT_LISTING,INSUFFICIENT_DISCOVERY_EVIDENCE,listing evidence exclusion
1913,,CTG125013,HNX,,bond,INSUFFICIENT_DISCOVERY_EVIDENCE,EXCLUDED,UNAVAILABLE,UNAVAILABLE,HNX,UNAVAILABLE,INSUFFICIENT,KBS_CURRENT_LISTING,INSUFFICIENT_DISCOVERY_EVIDENCE,listing evidence exclusion
1914,,LPB122011,HNX,,bond,INSUFFICIENT_DISCOVERY_EVIDENCE,EXCLUDED,UNAVAILABLE,UNAVAILABLE,HNX,UNAVAILABLE,INSUFFICIENT,KBS_CURRENT_LISTING,INSUFFICIENT_DISCOVERY_EVIDENCE,listing evidence exclusion
1915,,NVL122001,HNX,,bond,INSUFFICIENT_DISCOVERY_EVIDENCE,EXCLUDED,UNAVAILABLE,UNAVAILABLE,HNX,UNAVAILABLE,INSUFFICIENT,KBS_CURRENT_LISTING,INSUFFICIENT_DISCOVERY_EVIDENCE,listing evidence exclusion
1916,,TNG124027,HNX,,bond,INSUFFICIENT_DISCOVERY_EVIDENCE,EXCLUDED,UNAVAILABLE,UNAVAILABLE,HNX,UNAVAILABLE,INSUFFICIENT,KBS_CURRENT_LISTING,INSUFFICIENT_DISCOVERY_EVIDENCE,listing evidence exclusion
1917,,VBA125019,HNX,,bond,INSUFFICIENT_DISCOVERY_EVIDENCE,EXCLUDED,UNAVAILABLE,UNAVAILABLE,HNX,UNAVAILABLE,INSUFFICIENT,KBS_CURRENT_LISTING,INSUFFICIENT_DISCOVERY_EVIDENCE,listing evidence exclusion
1918,,HDB125025,HNX,,bond,INSUFFICIENT_DISCOVERY_EVIDENCE,EXCLUDED,UNAVAILABLE,UNAVAILABLE,HNX,UNAVAILABLE,INSUFFICIENT,KBS_CURRENT_LISTING,INSUFFICIENT_DISCOVERY_EVIDENCE,listing evidence exclusion
1919,,BAB124016,HNX,,bond,INSUFFICIENT_DISCOVERY_EVIDENCE,EXCLUDED,UNAVAILABLE,UNAVAILABLE,HNX,UNAVAILABLE,INSUFFICIENT,KBS_CURRENT_LISTING,INSUFFICIENT_DISCOVERY_EVIDENCE,listing evidence exclusion
1920,,BID122005,HNX,,bond,INSUFFICIENT_DISCOVERY_EVIDENCE,EXCLUDED,UNAVAILABLE,UNAVAILABLE,HNX,UNAVAILABLE,INSUFFICIENT,KBS_CURRENT_LISTING,INSUFFICIENT_DISCOVERY_EVIDENCE,listing evidence exclusion
1921,,VBA121033,HNX,,bond,INSUFFICIENT_DISCOVERY_EVIDENCE,EXCLUDED,UNAVAILABLE,UNAVAILABLE,HNX,UNAVAILABLE,INSUFFICIENT,KBS_CURRENT_LISTING,INSUFFICIENT_DISCOVERY_EVIDENCE,listing evidence exclusion
1922,,LPB123009,HNX,,bond,INSUFFICIENT_DISCOVERY_EVIDENCE,EXCLUDED,UNAVAILABLE,UNAVAILABLE,HNX,UNAVAILABLE,INSUFFICIENT,KBS_CURRENT_LISTING,INSUFFICIENT_DISCOVERY_EVIDENCE,listing evidence exclusion
1923,,HDB126033,HNX,,bond,INSUFFICIENT_DISCOVERY_EVIDENCE,EXCLUDED,UNAVAILABLE,UNAVAILABLE,HNX,UNAVAILABLE,INSUFFICIENT,KBS_CURRENT_LISTING,INSUFFICIENT_DISCOVERY_EVIDENCE,listing evidence exclusion
1924,,MSN123009,HNX,,bond,INSUFFICIENT_DISCOVERY_EVIDENCE,EXCLUDED,UNAVAILABLE,UNAVAILABLE,HNX,UNAVAILABLE,INSUFFICIENT,KBS_CURRENT_LISTING,INSUFFICIENT_DISCOVERY_EVIDENCE,listing evidence exclusion
1925,,VHM121025,HNX,,bond,INSUFFICIENT_DISCOVERY_EVIDENCE,EXCLUDED,UNAVAILABLE,UNAVAILABLE,HNX,UNAVAILABLE,INSUFFICIENT,KBS_CURRENT_LISTING,INSUFFICIENT_DISCOVERY_EVIDENCE,listing evidence exclusion
1926,,HDB125011,HNX,,bond,INSUFFICIENT_DISCOVERY_EVIDENCE,EXCLUDED,UNAVAILABLE,UNAVAILABLE,HNX,UNAVAILABLE,INSUFFICIENT,KBS_CURRENT_LISTING,INSUFFICIENT_DISCOVERY_EVIDENCE,listing evidence exclusion
1927,,BID126007,HNX,,bond,INSUFFICIENT_DISCOVERY_EVIDENCE,EXCLUDED,UNAVAILABLE,UNAVAILABLE,HNX,UNAVAILABLE,INSUFFICIENT,KBS_CURRENT_LISTING,INSUFFICIENT_DISCOVERY_EVIDENCE,listing evidence exclusion
1928,,CTG123034,HNX,,bond,INSUFFICIENT_DISCOVERY_EVIDENCE,EXCLUDED,UNAVAILABLE,UNAVAILABLE,HNX,UNAVAILABLE,INSUFFICIENT,KBS_CURRENT_LISTING,INSUFFICIENT_DISCOVERY_EVIDENCE,listing evidence exclusion
1929,,NPM123021,HNX,,bond,INSUFFICIENT_DISCOVERY_EVIDENCE,EXCLUDED,UNAVAILABLE,UNAVAILABLE,HNX,UNAVAILABLE,INSUFFICIENT,KBS_CURRENT_LISTING,INSUFFICIENT_DISCOVERY_EVIDENCE,listing evidence exclusion
1930,,BID126023,HNX,,bond,INSUFFICIENT_DISCOVERY_EVIDENCE,EXCLUDED,UNAVAILABLE,UNAVAILABLE,HNX,UNAVAILABLE,INSUFFICIENT,KBS_CURRENT_LISTING,INSUFFICIENT_DISCOVERY_EVIDENCE,listing evidence exclusion
1931,,LPB122013,HNX,,bond,INSUFFICIENT_DISCOVERY_EVIDENCE,EXCLUDED,UNAVAILABLE,UNAVAILABLE,HNX,UNAVAILABLE,INSUFFICIENT,KBS_CURRENT_LISTING,INSUFFICIENT_DISCOVERY_EVIDENCE,listing evidence exclusion
1932,,CTG125014,HNX,,bond,INSUFFICIENT_DISCOVERY_EVIDENCE,EXCLUDED,UNAVAILABLE,UNAVAILABLE,HNX,UNAVAILABLE,INSUFFICIENT,KBS_CURRENT_LISTING,INSUFFICIENT_DISCOVERY_EVIDENCE,listing evidence exclusion
1933,,CTG125002,HNX,,bond,INSUFFICIENT_DISCOVERY_EVIDENCE,EXCLUDED,UNAVAILABLE,UNAVAILABLE,HNX,UNAVAILABLE,INSUFFICIENT,KBS_CURRENT_LISTING,INSUFFICIENT_DISCOVERY_EVIDENCE,listing evidence exclusion
1934,,VAB125034,HNX,,bond,INSUFFICIENT_DISCOVERY_EVIDENCE,EXCLUDED,UNAVAILABLE,UNAVAILABLE,HNX,UNAVAILABLE,INSUFFICIENT,KBS_CURRENT_LISTING,INSUFFICIENT_DISCOVERY_EVIDENCE,listing evidence exclusion
1935,,NPM123023,HNX,,bond,INSUFFICIENT_DISCOVERY_EVIDENCE,EXCLUDED,UNAVAILABLE,UNAVAILABLE,HNX,UNAVAILABLE,INSUFFICIENT,KBS_CURRENT_LISTING,INSUFFICIENT_DISCOVERY_EVIDENCE,listing evidence exclusion
1936,,KLB125031,HNX,,bond,INSUFFICIENT_DISCOVERY_EVIDENCE,EXCLUDED,UNAVAILABLE,UNAVAILABLE,HNX,UNAVAILABLE,INSUFFICIENT,KBS_CURRENT_LISTING,INSUFFICIENT_DISCOVERY_EVIDENCE,listing evidence exclusion
1937,,TDP124010,HNX,,bond,INSUFFICIENT_DISCOVERY_EVIDENCE,EXCLUDED,UNAVAILABLE,UNAVAILABLE,HNX,UNAVAILABLE,INSUFFICIENT,KBS_CURRENT_LISTING,INSUFFICIENT_DISCOVERY_EVIDENCE,listing evidence exclusion
1938,,CTG123019,HNX,,bond,INSUFFICIENT_DISCOVERY_EVIDENCE,EXCLUDED,UNAVAILABLE,UNAVAILABLE,HNX,UNAVAILABLE,INSUFFICIENT,KBS_CURRENT_LISTING,INSUFFICIENT_DISCOVERY_EVIDENCE,listing evidence exclusion
1939,,LPB121036,HNX,,bond,INSUFFICIENT_DISCOVERY_EVIDENCE,EXCLUDED,UNAVAILABLE,UNAVAILABLE,HNX,UNAVAILABLE,INSUFFICIENT,KBS_CURRENT_LISTING,INSUFFICIENT_DISCOVERY_EVIDENCE,listing evidence exclusion
1940,,KLB125016,HNX,,bond,INSUFFICIENT_DISCOVERY_EVIDENCE,EXCLUDED,UNAVAILABLE,UNAVAILABLE,HNX,UNAVAILABLE,INSUFFICIENT,KBS_CURRENT_LISTING,INSUFFICIENT_DISCOVERY_EVIDENCE,listing evidence exclusion
1941,,LPB123016,HNX,,bond,INSUFFICIENT_DISCOVERY_EVIDENCE,EXCLUDED,UNAVAILABLE,UNAVAILABLE,HNX,UNAVAILABLE,INSUFFICIENT,KBS_CURRENT_LISTING,INSUFFICIENT_DISCOVERY_EVIDENCE,listing evidence exclusion
1942,,LPB126019,HNX,,bond,INSUFFICIENT_DISCOVERY_EVIDENCE,EXCLUDED,UNAVAILABLE,UNAVAILABLE,HNX,UNAVAILABLE,INSUFFICIENT,KBS_CURRENT_LISTING,INSUFFICIENT_DISCOVERY_EVIDENCE,listing evidence exclusion
1943,,BAB124026,HNX,,bond,INSUFFICIENT_DISCOVERY_EVIDENCE,EXCLUDED,UNAVAILABLE,UNAVAILABLE,HNX,UNAVAILABLE,INSUFFICIENT,KBS_CURRENT_LISTING,INSUFFICIENT_DISCOVERY_EVIDENCE,listing evidence exclusion
1944,,BAB125023,HNX,,bond,INSUFFICIENT_DISCOVERY_EVIDENCE,EXCLUDED,UNAVAILABLE,UNAVAILABLE,HNX,UNAVAILABLE,INSUFFICIENT,KBS_CURRENT_LISTING,INSUFFICIENT_DISCOVERY_EVIDENCE,listing evidence exclusion
1945,,LPB125007,HNX,,bond,INSUFFICIENT_DISCOVERY_EVIDENCE,EXCLUDED,UNAVAILABLE,UNAVAILABLE,HNX,UNAVAILABLE,INSUFFICIENT,KBS_CURRENT_LISTING,INSUFFICIENT_DISCOVERY_EVIDENCE,listing evidence exclusion
1946,,VAB125020,HNX,,bond,INSUFFICIENT_DISCOVERY_EVIDENCE,EXCLUDED,UNAVAILABLE,UNAVAILABLE,HNX,UNAVAILABLE,INSUFFICIENT,KBS_CURRENT_LISTING,INSUFFICIENT_DISCOVERY_EVIDENCE,listing evidence exclusion
1947,,VCK125005,HNX,,bond,INSUFFICIENT_DISCOVERY_EVIDENCE,EXCLUDED,UNAVAILABLE,UNAVAILABLE,HNX,UNAVAILABLE,INSUFFICIENT,KBS_CURRENT_LISTING,INSUFFICIENT_DISCOVERY_EVIDENCE,listing evidence exclusion
1948,,CTG125001,HNX,,bond,INSUFFICIENT_DISCOVERY_EVIDENCE,EXCLUDED,UNAVAILABLE,UNAVAILABLE,HNX,UNAVAILABLE,INSUFFICIENT,KBS_CURRENT_LISTING,INSUFFICIENT_DISCOVERY_EVIDENCE,listing evidence exclusion
1949,,HDB125024,HNX,,bond,INSUFFICIENT_DISCOVERY_EVIDENCE,EXCLUDED,UNAVAILABLE,UNAVAILABLE,HNX,UNAVAILABLE,INSUFFICIENT,KBS_CURRENT_LISTING,INSUFFICIENT_DISCOVERY_EVIDENCE,listing evidence exclusion
1950,,CII426028,HNX,,bond,INSUFFICIENT_DISCOVERY_EVIDENCE,EXCLUDED,UNAVAILABLE,UNAVAILABLE,HNX,UNAVAILABLE,INSUFFICIENT,KBS_CURRENT_LISTING,INSUFFICIENT_DISCOVERY_EVIDENCE,listing evidence exclusion
1951,,KLB124009,HNX,,bond,INSUFFICIENT_DISCOVERY_EVIDENCE,EXCLUDED,UNAVAILABLE,UNAVAILABLE,HNX,UNAVAILABLE,INSUFFICIENT,KBS_CURRENT_LISTING,INSUFFICIENT_DISCOVERY_EVIDENCE,listing evidence exclusion
1952,,BAB123032,HNX,,bond,INSUFFICIENT_DISCOVERY_EVIDENCE,EXCLUDED,UNAVAILABLE,UNAVAILABLE,HNX,UNAVAILABLE,INSUFFICIENT,KBS_CURRENT_LISTING,INSUFFICIENT_DISCOVERY_EVIDENCE,listing evidence exclusion
1953,,VPI124001,HNX,,bond,INSUFFICIENT_DISCOVERY_EVIDENCE,EXCLUDED,UNAVAILABLE,UNAVAILABLE,HNX,UNAVAILABLE,INSUFFICIENT,KBS_CURRENT_LISTING,INSUFFICIENT_DISCOVERY_EVIDENCE,listing evidence exclusion
1954,,VAB125029,HNX,,bond,INSUFFICIENT_DISCOVERY_EVIDENCE,EXCLUDED,UNAVAILABLE,UNAVAILABLE,HNX,UNAVAILABLE,INSUFFICIENT,KBS_CURRENT_LISTING,INSUFFICIENT_DISCOVERY_EVIDENCE,listing evidence exclusion
1955,,BAB125022,HNX,,bond,INSUFFICIENT_DISCOVERY_EVIDENCE,EXCLUDED,UNAVAILABLE,UNAVAILABLE,HNX,UNAVAILABLE,INSUFFICIENT,KBS_CURRENT_LISTING,INSUFFICIENT_DISCOVERY_EVIDENCE,listing evidence exclusion
1956,,CTD126006,HNX,,bond,INSUFFICIENT_DISCOVERY_EVIDENCE,EXCLUDED,UNAVAILABLE,UNAVAILABLE,HNX,UNAVAILABLE,INSUFFICIENT,KBS_CURRENT_LISTING,INSUFFICIENT_DISCOVERY_EVIDENCE,listing evidence exclusion
1957,,CTG121031,HNX,,bond,INSUFFICIENT_DISCOVERY_EVIDENCE,EXCLUDED,UNAVAILABLE,UNAVAILABLE,HNX,UNAVAILABLE,INSUFFICIENT,KBS_CURRENT_LISTING,INSUFFICIENT_DISCOVERY_EVIDENCE,listing evidence exclusion
1958,,HDB126017,HNX,,bond,INSUFFICIENT_DISCOVERY_EVIDENCE,EXCLUDED,UNAVAILABLE,UNAVAILABLE,HNX,UNAVAILABLE,INSUFFICIENT,KBS_CURRENT_LISTING,INSUFFICIENT_DISCOVERY_EVIDENCE,listing evidence exclusion
1959,,VIC124003,HNX,,bond,INSUFFICIENT_DISCOVERY_EVIDENCE,EXCLUDED,UNAVAILABLE,UNAVAILABLE,HNX,UNAVAILABLE,INSUFFICIENT,KBS_CURRENT_LISTING,INSUFFICIENT_DISCOVERY_EVIDENCE,listing evidence exclusion
1960,,CII424002,HNX,,bond,INSUFFICIENT_DISCOVERY_EVIDENCE,EXCLUDED,UNAVAILABLE,UNAVAILABLE,HNX,UNAVAILABLE,INSUFFICIENT,KBS_CURRENT_LISTING,INSUFFICIENT_DISCOVERY_EVIDENCE,listing evidence exclusion
1961,,DSE125004,HNX,,bond,INSUFFICIENT_DISCOVERY_EVIDENCE,EXCLUDED,UNAVAILABLE,UNAVAILABLE,HNX,UNAVAILABLE,INSUFFICIENT,KBS_CURRENT_LISTING,INSUFFICIENT_DISCOVERY_EVIDENCE,listing evidence exclusion
1962,,NAB125004,HNX,,bond,INSUFFICIENT_DISCOVERY_EVIDENCE,EXCLUDED,UNAVAILABLE,UNAVAILABLE,HNX,UNAVAILABLE,INSUFFICIENT,KBS_CURRENT_LISTING,INSUFFICIENT_DISCOVERY_EVIDENCE,listing evidence exclusion
1963,,BID126008,HNX,,bond,INSUFFICIENT_DISCOVERY_EVIDENCE,EXCLUDED,UNAVAILABLE,UNAVAILABLE,HNX,UNAVAILABLE,INSUFFICIENT,KBS_CURRENT_LISTING,INSUFFICIENT_DISCOVERY_EVIDENCE,listing evidence exclusion
1964,,SHB12507,,,corpbond,INSUFFICIENT_DISCOVERY_EVIDENCE,EXCLUDED,UNAVAILABLE,UNAVAILABLE,,UNAVAILABLE,INSUFFICIENT,KBS_CURRENT_LISTING,INSUFFICIENT_DISCOVERY_EVIDENCE,listing evidence exclusion
1965,,VHM12401,,,corpbond,INSUFFICIENT_DISCOVERY_EVIDENCE,EXCLUDED,UNAVAILABLE,UNAVAILABLE,,UNAVAILABLE,INSUFFICIENT,KBS_CURRENT_LISTING,INSUFFICIENT_DISCOVERY_EVIDENCE,listing evidence exclusion
1966,,VCB12604,,,corpbond,INSUFFICIENT_DISCOVERY_EVIDENCE,EXCLUDED,UNAVAILABLE,UNAVAILABLE,,UNAVAILABLE,INSUFFICIENT,KBS_CURRENT_LISTING,INSUFFICIENT_DISCOVERY_EVIDENCE,listing evidence exclusion
1967,,DPQ12205,,,corpbond,INSUFFICIENT_DISCOVERY_EVIDENCE,EXCLUDED,UNAVAILABLE,UNAVAILABLE,,UNAVAILABLE,INSUFFICIENT,KBS_CURRENT_LISTING,INSUFFICIENT_DISCOVERY_EVIDENCE,listing evidence exclusion
1968,,CTG12131,,,corpbond,INSUFFICIENT_DISCOVERY_EVIDENCE,EXCLUDED,UNAVAILABLE,UNAVAILABLE,,UNAVAILABLE,INSUFFICIENT,KBS_CURRENT_LISTING,INSUFFICIENT_DISCOVERY_EVIDENCE,listing evidence exclusion
1969,,OCB12425,,,corpbond,INSUFFICIENT_DISCOVERY_EVIDENCE,EXCLUDED,UNAVAILABLE,UNAVAILABLE,,UNAVAILABLE,INSUFFICIENT,KBS_CURRENT_LISTING,INSUFFICIENT_DISCOVERY_EVIDENCE,listing evidence exclusion
1970,,CPL12302,,,corpbond,INSUFFICIENT_DISCOVERY_EVIDENCE,EXCLUDED,UNAVAILABLE,UNAVAILABLE,,UNAVAILABLE,INSUFFICIENT,KBS_CURRENT_LISTING,INSUFFICIENT_DISCOVERY_EVIDENCE,listing evidence exclusion
1971,,TPB12422,,,corpbond,INSUFFICIENT_DISCOVERY_EVIDENCE,EXCLUDED,UNAVAILABLE,UNAVAILABLE,,UNAVAILABLE,INSUFFICIENT,KBS_CURRENT_LISTING,INSUFFICIENT_DISCOVERY_EVIDENCE,listing evidence exclusion
1972,,CPL12303,,,corpbond,INSUFFICIENT_DISCOVERY_EVIDENCE,EXCLUDED,UNAVAILABLE,UNAVAILABLE,,UNAVAILABLE,INSUFFICIENT,KBS_CURRENT_LISTING,INSUFFICIENT_DISCOVERY_EVIDENCE,listing evidence exclusion
1973,,MBB12406,,,corpbond,INSUFFICIENT_DISCOVERY_EVIDENCE,EXCLUDED,UNAVAILABLE,UNAVAILABLE,,UNAVAILABLE,INSUFFICIENT,KBS_CURRENT_LISTING,INSUFFICIENT_DISCOVERY_EVIDENCE,listing evidence exclusion
1974,,TDR12101,,,corpbond,INSUFFICIENT_DISCOVERY_EVIDENCE,EXCLUDED,UNAVAILABLE,UNAVAILABLE,,UNAVAILABLE,INSUFFICIENT,KBS_CURRENT_LISTING,INSUFFICIENT_DISCOVERY_EVIDENCE,listing evidence exclusion
1975,,BNT12401,,,corpbond,INSUFFICIENT_DISCOVERY_EVIDENCE,EXCLUDED,UNAVAILABLE,UNAVAILABLE,,UNAVAILABLE,INSUFFICIENT,KBS_CURRENT_LISTING,INSUFFICIENT_DISCOVERY_EVIDENCE,listing evidence exclusion
1976,,BIDL12617,,,corpbond,INSUFFICIENT_DISCOVERY_EVIDENCE,EXCLUDED,UNAVAILABLE,UNAVAILABLE,,UNAVAILABLE,INSUFFICIENT,KBS_CURRENT_LISTING,INSUFFICIENT_DISCOVERY_EVIDENCE,listing evidence exclusion
1977,,AHB12402,,,corpbond,INSUFFICIENT_DISCOVERY_EVIDENCE,EXCLUDED,UNAVAILABLE,UNAVAILABLE,,UNAVAILABLE,INSUFFICIENT,KBS_CURRENT_LISTING,INSUFFICIENT_DISCOVERY_EVIDENCE,listing evidence exclusion
1978,,ACB12506,,,corpbond,INSUFFICIENT_DISCOVERY_EVIDENCE,EXCLUDED,UNAVAILABLE,UNAVAILABLE,,UNAVAILABLE,INSUFFICIENT,KBS_CURRENT_LISTING,INSUFFICIENT_DISCOVERY_EVIDENCE,listing evidence exclusion
1979,,BID12420,,,corpbond,INSUFFICIENT_DISCOVERY_EVIDENCE,EXCLUDED,UNAVAILABLE,UNAVAILABLE,,UNAVAILABLE,INSUFFICIENT,KBS_CURRENT_LISTING,INSUFFICIENT_DISCOVERY_EVIDENCE,listing evidence exclusion
1980,,ACB12516,,,corpbond,INSUFFICIENT_DISCOVERY_EVIDENCE,EXCLUDED,UNAVAILABLE,UNAVAILABLE,,UNAVAILABLE,INSUFFICIENT,KBS_CURRENT_LISTING,INSUFFICIENT_DISCOVERY_EVIDENCE,listing evidence exclusion
1981,,ACB12404,,,corpbond,INSUFFICIENT_DISCOVERY_EVIDENCE,EXCLUDED,UNAVAILABLE,UNAVAILABLE,,UNAVAILABLE,INSUFFICIENT,KBS_CURRENT_LISTING,INSUFFICIENT_DISCOVERY_EVIDENCE,listing evidence exclusion
1982,,TPB12320,,,corpbond,INSUFFICIENT_DISCOVERY_EVIDENCE,EXCLUDED,UNAVAILABLE,UNAVAILABLE,,UNAVAILABLE,INSUFFICIENT,KBS_CURRENT_LISTING,INSUFFICIENT_DISCOVERY_EVIDENCE,listing evidence exclusion
1983,,BID12535,,,corpbond,INSUFFICIENT_DISCOVERY_EVIDENCE,EXCLUDED,UNAVAILABLE,UNAVAILABLE,,UNAVAILABLE,INSUFFICIENT,KBS_CURRENT_LISTING,INSUFFICIENT_DISCOVERY_EVIDENCE,listing evidence exclusion
1984,,BID12508,,,corpbond,INSUFFICIENT_DISCOVERY_EVIDENCE,EXCLUDED,UNAVAILABLE,UNAVAILABLE,,UNAVAILABLE,INSUFFICIENT,KBS_CURRENT_LISTING,INSUFFICIENT_DISCOVERY_EVIDENCE,listing evidence exclusion
1985,,LVC12601,,,corpbond,INSUFFICIENT_DISCOVERY_EVIDENCE,EXCLUDED,UNAVAILABLE,UNAVAILABLE,,UNAVAILABLE,INSUFFICIENT,KBS_CURRENT_LISTING,INSUFFICIENT_DISCOVERY_EVIDENCE,listing evidence exclusion
1986,,TSO12502,,,corpbond,INSUFFICIENT_DISCOVERY_EVIDENCE,EXCLUDED,UNAVAILABLE,UNAVAILABLE,,UNAVAILABLE,INSUFFICIENT,KBS_CURRENT_LISTING,INSUFFICIENT_DISCOVERY_EVIDENCE,listing evidence exclusion
1987,,CTG12403,,,corpbond,INSUFFICIENT_DISCOVERY_EVIDENCE,EXCLUDED,UNAVAILABLE,UNAVAILABLE,,UNAVAILABLE,INSUFFICIENT,KBS_CURRENT_LISTING,INSUFFICIENT_DISCOVERY_EVIDENCE,listing evidence exclusion
1988,,CII12503,,,corpbond,INSUFFICIENT_DISCOVERY_EVIDENCE,EXCLUDED,UNAVAILABLE,UNAVAILABLE,,UNAVAILABLE,INSUFFICIENT,KBS_CURRENT_LISTING,INSUFFICIENT_DISCOVERY_EVIDENCE,listing evidence exclusion
1989,,SHB12508,,,corpbond,INSUFFICIENT_DISCOVERY_EVIDENCE,EXCLUDED,UNAVAILABLE,UNAVAILABLE,,UNAVAILABLE,INSUFFICIENT,KBS_CURRENT_LISTING,INSUFFICIENT_DISCOVERY_EVIDENCE,listing evidence exclusion
1990,,CIC12601,,,corpbond,INSUFFICIENT_DISCOVERY_EVIDENCE,EXCLUDED,UNAVAILABLE,UNAVAILABLE,,UNAVAILABLE,INSUFFICIENT,KBS_CURRENT_LISTING,INSUFFICIENT_DISCOVERY_EVIDENCE,listing evidence exclusion
1991,,SHL12504,,,corpbond,INSUFFICIENT_DISCOVERY_EVIDENCE,EXCLUDED,UNAVAILABLE,UNAVAILABLE,,UNAVAILABLE,INSUFFICIENT,KBS_CURRENT_LISTING,INSUFFICIENT_DISCOVERY_EVIDENCE,listing evidence exclusion
1992,,BID12548,,,corpbond,INSUFFICIENT_DISCOVERY_EVIDENCE,EXCLUDED,UNAVAILABLE,UNAVAILABLE,,UNAVAILABLE,INSUFFICIENT,KBS_CURRENT_LISTING,INSUFFICIENT_DISCOVERY_EVIDENCE,listing evidence exclusion
1993,,HDB12501,,,corpbond,INSUFFICIENT_DISCOVERY_EVIDENCE,EXCLUDED,UNAVAILABLE,UNAVAILABLE,,UNAVAILABLE,INSUFFICIENT,KBS_CURRENT_LISTING,INSUFFICIENT_DISCOVERY_EVIDENCE,listing evidence exclusion
1994,,HDB12424,,,corpbond,INSUFFICIENT_DISCOVERY_EVIDENCE,EXCLUDED,UNAVAILABLE,UNAVAILABLE,,UNAVAILABLE,INSUFFICIENT,KBS_CURRENT_LISTING,INSUFFICIENT_DISCOVERY_EVIDENCE,listing evidence exclusion
1995,,VCB12606,,,corpbond,INSUFFICIENT_DISCOVERY_EVIDENCE,EXCLUDED,UNAVAILABLE,UNAVAILABLE,,UNAVAILABLE,INSUFFICIENT,KBS_CURRENT_LISTING,INSUFFICIENT_DISCOVERY_EVIDENCE,listing evidence exclusion
1996,,VPB12401,,,corpbond,INSUFFICIENT_DISCOVERY_EVIDENCE,EXCLUDED,UNAVAILABLE,UNAVAILABLE,,UNAVAILABLE,INSUFFICIENT,KBS_CURRENT_LISTING,INSUFFICIENT_DISCOVERY_EVIDENCE,listing evidence exclusion
1997,,HCV12601,,,corpbond,INSUFFICIENT_DISCOVERY_EVIDENCE,EXCLUDED,UNAVAILABLE,UNAVAILABLE,,UNAVAILABLE,INSUFFICIENT,KBS_CURRENT_LISTING,INSUFFICIENT_DISCOVERY_EVIDENCE,listing evidence exclusion
1998,,BAB12509,,,corpbond,INSUFFICIENT_DISCOVERY_EVIDENCE,EXCLUDED,UNAVAILABLE,UNAVAILABLE,,UNAVAILABLE,INSUFFICIENT,KBS_CURRENT_LISTING,INSUFFICIENT_DISCOVERY_EVIDENCE,listing evidence exclusion
1999,,CTG12218,,,corpbond,INSUFFICIENT_DISCOVERY_EVIDENCE,EXCLUDED,UNAVAILABLE,UNAVAILABLE,,UNAVAILABLE,INSUFFICIENT,KBS_CURRENT_LISTING,INSUFFICIENT_DISCOVERY_EVIDENCE,listing evidence exclusion
2000,,STB12606,,,corpbond,INSUFFICIENT_DISCOVERY_EVIDENCE,EXCLUDED,UNAVAILABLE,UNAVAILABLE,,UNAVAILABLE,INSUFFICIENT,KBS_CURRENT_LISTING,INSUFFICIENT_DISCOVERY_EVIDENCE,listing evidence exclusion
2001,,TPB12532,,,corpbond,INSUFFICIENT_DISCOVERY_EVIDENCE,EXCLUDED,UNAVAILABLE,UNAVAILABLE,,UNAVAILABLE,INSUFFICIENT,KBS_CURRENT_LISTING,INSUFFICIENT_DISCOVERY_EVIDENCE,listing evidence exclusion
2002,,HTA12402,,,corpbond,INSUFFICIENT_DISCOVERY_EVIDENCE,EXCLUDED,UNAVAILABLE,UNAVAILABLE,,UNAVAILABLE,INSUFFICIENT,KBS_CURRENT_LISTING,INSUFFICIENT_DISCOVERY_EVIDENCE,listing evidence exclusion
2003,,SSA12104,,,corpbond,INSUFFICIENT_DISCOVERY_EVIDENCE,EXCLUDED,UNAVAILABLE,UNAVAILABLE,,UNAVAILABLE,INSUFFICIENT,KBS_CURRENT_LISTING,INSUFFICIENT_DISCOVERY_EVIDENCE,listing evidence exclusion
2004,,SGA12301,,,corpbond,INSUFFICIENT_DISCOVERY_EVIDENCE,EXCLUDED,UNAVAILABLE,UNAVAILABLE,,UNAVAILABLE,INSUFFICIENT,KBS_CURRENT_LISTING,INSUFFICIENT_DISCOVERY_EVIDENCE,listing evidence exclusion
2005,,VPM12401,,,corpbond,INSUFFICIENT_DISCOVERY_EVIDENCE,EXCLUDED,UNAVAILABLE,UNAVAILABLE,,UNAVAILABLE,INSUFFICIENT,KBS_CURRENT_LISTING,INSUFFICIENT_DISCOVERY_EVIDENCE,listing evidence exclusion
2006,,TXC12301,,,corpbond,INSUFFICIENT_DISCOVERY_EVIDENCE,EXCLUDED,UNAVAILABLE,UNAVAILABLE,,UNAVAILABLE,INSUFFICIENT,KBS_CURRENT_LISTING,INSUFFICIENT_DISCOVERY_EVIDENCE,listing evidence exclusion
2007,,FSP12401,,,corpbond,INSUFFICIENT_DISCOVERY_EVIDENCE,EXCLUDED,UNAVAILABLE,UNAVAILABLE,,UNAVAILABLE,INSUFFICIENT,KBS_CURRENT_LISTING,INSUFFICIENT_DISCOVERY_EVIDENCE,listing evidence exclusion
2008,,BCM12504,,,corpbond,INSUFFICIENT_DISCOVERY_EVIDENCE,EXCLUDED,UNAVAILABLE,UNAVAILABLE,,UNAVAILABLE,INSUFFICIENT,KBS_CURRENT_LISTING,INSUFFICIENT_DISCOVERY_EVIDENCE,listing evidence exclusion
2009,,HDL12107,,,corpbond,INSUFFICIENT_DISCOVERY_EVIDENCE,EXCLUDED,UNAVAILABLE,UNAVAILABLE,,UNAVAILABLE,INSUFFICIENT,KBS_CURRENT_LISTING,INSUFFICIENT_DISCOVERY_EVIDENCE,listing evidence exclusion
2010,,AGH12601,,,corpbond,INSUFFICIENT_DISCOVERY_EVIDENCE,EXCLUDED,UNAVAILABLE,UNAVAILABLE,,UNAVAILABLE,INSUFFICIENT,KBS_CURRENT_LISTING,INSUFFICIENT_DISCOVERY_EVIDENCE,listing evidence exclusion
2011,,TPB12547,,,corpbond,INSUFFICIENT_DISCOVERY_EVIDENCE,EXCLUDED,UNAVAILABLE,UNAVAILABLE,,UNAVAILABLE,INSUFFICIENT,KBS_CURRENT_LISTING,INSUFFICIENT_DISCOVERY_EVIDENCE,listing evidence exclusion
2012,,GPH12601,,,corpbond,INSUFFICIENT_DISCOVERY_EVIDENCE,EXCLUDED,UNAVAILABLE,UNAVAILABLE,,UNAVAILABLE,INSUFFICIENT,KBS_CURRENT_LISTING,INSUFFICIENT_DISCOVERY_EVIDENCE,listing evidence exclusion
2013,,TPA12101,,,corpbond,INSUFFICIENT_DISCOVERY_EVIDENCE,EXCLUDED,UNAVAILABLE,UNAVAILABLE,,UNAVAILABLE,INSUFFICIENT,KBS_CURRENT_LISTING,INSUFFICIENT_DISCOVERY_EVIDENCE,listing evidence exclusion
2014,,VIBL12604,,,corpbond,INSUFFICIENT_DISCOVERY_EVIDENCE,EXCLUDED,UNAVAILABLE,UNAVAILABLE,,UNAVAILABLE,INSUFFICIENT,KBS_CURRENT_LISTING,INSUFFICIENT_DISCOVERY_EVIDENCE,listing evidence exclusion
2015,,ECF12501,,,corpbond,INSUFFICIENT_DISCOVERY_EVIDENCE,EXCLUDED,UNAVAILABLE,UNAVAILABLE,,UNAVAILABLE,INSUFFICIENT,KBS_CURRENT_LISTING,INSUFFICIENT_DISCOVERY_EVIDENCE,listing evidence exclusion
2016,,F8812503,,,corpbond,INSUFFICIENT_DISCOVERY_EVIDENCE,EXCLUDED,UNAVAILABLE,UNAVAILABLE,,UNAVAILABLE,INSUFFICIENT,KBS_CURRENT_LISTING,INSUFFICIENT_DISCOVERY_EVIDENCE,listing evidence exclusion
2017,,LPB12401,,,corpbond,INSUFFICIENT_DISCOVERY_EVIDENCE,EXCLUDED,UNAVAILABLE,UNAVAILABLE,,UNAVAILABLE,INSUFFICIENT,KBS_CURRENT_LISTING,INSUFFICIENT_DISCOVERY_EVIDENCE,listing evidence exclusion
2018,,MBB12226,,,corpbond,INSUFFICIENT_DISCOVERY_EVIDENCE,EXCLUDED,UNAVAILABLE,UNAVAILABLE,,UNAVAILABLE,INSUFFICIENT,KBS_CURRENT_LISTING,INSUFFICIENT_DISCOVERY_EVIDENCE,listing evidence exclusion
2019,,MSG32508,,,corpbond,INSUFFICIENT_DISCOVERY_EVIDENCE,EXCLUDED,UNAVAILABLE,UNAVAILABLE,,UNAVAILABLE,INSUFFICIENT,KBS_CURRENT_LISTING,INSUFFICIENT_DISCOVERY_EVIDENCE,listing evidence exclusion
2020,,TMI12301,,,corpbond,INSUFFICIENT_DISCOVERY_EVIDENCE,EXCLUDED,UNAVAILABLE,UNAVAILABLE,,UNAVAILABLE,INSUFFICIENT,KBS_CURRENT_LISTING,INSUFFICIENT_DISCOVERY_EVIDENCE,listing evidence exclusion
2021,,EIB12403,,,corpbond,INSUFFICIENT_DISCOVERY_EVIDENCE,EXCLUDED,UNAVAILABLE,UNAVAILABLE,,UNAVAILABLE,INSUFFICIENT,KBS_CURRENT_LISTING,INSUFFICIENT_DISCOVERY_EVIDENCE,listing evidence exclusion
2022,,ABB12514,,,corpbond,INSUFFICIENT_DISCOVERY_EVIDENCE,EXCLUDED,UNAVAILABLE,UNAVAILABLE,,UNAVAILABLE,INSUFFICIENT,KBS_CURRENT_LISTING,INSUFFICIENT_DISCOVERY_EVIDENCE,listing evidence exclusion
2023,,VJC12505,,,corpbond,INSUFFICIENT_DISCOVERY_EVIDENCE,EXCLUDED,UNAVAILABLE,UNAVAILABLE,,UNAVAILABLE,INSUFFICIENT,KBS_CURRENT_LISTING,INSUFFICIENT_DISCOVERY_EVIDENCE,listing evidence exclusion
2024,,TPB12540,,,corpbond,INSUFFICIENT_DISCOVERY_EVIDENCE,EXCLUDED,UNAVAILABLE,UNAVAILABLE,,UNAVAILABLE,INSUFFICIENT,KBS_CURRENT_LISTING,INSUFFICIENT_DISCOVERY_EVIDENCE,listing evidence exclusion
2025,,MSB12505,,,corpbond,INSUFFICIENT_DISCOVERY_EVIDENCE,EXCLUDED,UNAVAILABLE,UNAVAILABLE,,UNAVAILABLE,INSUFFICIENT,KBS_CURRENT_LISTING,INSUFFICIENT_DISCOVERY_EVIDENCE,listing evidence exclusion
2026,,MBB12225,,,corpbond,INSUFFICIENT_DISCOVERY_EVIDENCE,EXCLUDED,UNAVAILABLE,UNAVAILABLE,,UNAVAILABLE,INSUFFICIENT,KBS_CURRENT_LISTING,INSUFFICIENT_DISCOVERY_EVIDENCE,listing evidence exclusion
2027,,CTG12501,,,corpbond,INSUFFICIENT_DISCOVERY_EVIDENCE,EXCLUDED,UNAVAILABLE,UNAVAILABLE,,UNAVAILABLE,INSUFFICIENT,KBS_CURRENT_LISTING,INSUFFICIENT_DISCOVERY_EVIDENCE,listing evidence exclusion
2028,,MBB12524,,,corpbond,INSUFFICIENT_DISCOVERY_EVIDENCE,EXCLUDED,UNAVAILABLE,UNAVAILABLE,,UNAVAILABLE,INSUFFICIENT,KBS_CURRENT_LISTING,INSUFFICIENT_DISCOVERY_EVIDENCE,listing evidence exclusion
2029,,TPQ12205,,,corpbond,INSUFFICIENT_DISCOVERY_EVIDENCE,EXCLUDED,UNAVAILABLE,UNAVAILABLE,,UNAVAILABLE,INSUFFICIENT,KBS_CURRENT_LISTING,INSUFFICIENT_DISCOVERY_EVIDENCE,listing evidence exclusion
2030,,KHG12601,,,corpbond,INSUFFICIENT_DISCOVERY_EVIDENCE,EXCLUDED,UNAVAILABLE,UNAVAILABLE,,UNAVAILABLE,INSUFFICIENT,KBS_CURRENT_LISTING,INSUFFICIENT_DISCOVERY_EVIDENCE,listing evidence exclusion
2031,,SHB12403,,,corpbond,INSUFFICIENT_DISCOVERY_EVIDENCE,EXCLUDED,UNAVAILABLE,UNAVAILABLE,,UNAVAILABLE,INSUFFICIENT,KBS_CURRENT_LISTING,INSUFFICIENT_DISCOVERY_EVIDENCE,listing evidence exclusion
2032,,TCB12523,,,corpbond,INSUFFICIENT_DISCOVERY_EVIDENCE,EXCLUDED,UNAVAILABLE,UNAVAILABLE,,UNAVAILABLE,INSUFFICIENT,KBS_CURRENT_LISTING,INSUFFICIENT_DISCOVERY_EVIDENCE,listing evidence exclusion
2033,,BID12437,,,corpbond,INSUFFICIENT_DISCOVERY_EVIDENCE,EXCLUDED,UNAVAILABLE,UNAVAILABLE,,UNAVAILABLE,INSUFFICIENT,KBS_CURRENT_LISTING,INSUFFICIENT_DISCOVERY_EVIDENCE,listing evidence exclusion
2034,,OCB12317,,,corpbond,INSUFFICIENT_DISCOVERY_EVIDENCE,EXCLUDED,UNAVAILABLE,UNAVAILABLE,,UNAVAILABLE,INSUFFICIENT,KBS_CURRENT_LISTING,INSUFFICIENT_DISCOVERY_EVIDENCE,listing evidence exclusion
2035,,VHML12617,,,corpbond,INSUFFICIENT_DISCOVERY_EVIDENCE,EXCLUDED,UNAVAILABLE,UNAVAILABLE,,UNAVAILABLE,INSUFFICIENT,KBS_CURRENT_LISTING,INSUFFICIENT_DISCOVERY_EVIDENCE,listing evidence exclusion
2036,,BID12372,,,corpbond,INSUFFICIENT_DISCOVERY_EVIDENCE,EXCLUDED,UNAVAILABLE,UNAVAILABLE,,UNAVAILABLE,INSUFFICIENT,KBS_CURRENT_LISTING,INSUFFICIENT_DISCOVERY_EVIDENCE,listing evidence exclusion
2037,,VHM12611,,,corpbond,INSUFFICIENT_DISCOVERY_EVIDENCE,EXCLUDED,UNAVAILABLE,UNAVAILABLE,,UNAVAILABLE,INSUFFICIENT,KBS_CURRENT_LISTING,INSUFFICIENT_DISCOVERY_EVIDENCE,listing evidence exclusion
2038,,CII12404,,,corpbond,INSUFFICIENT_DISCOVERY_EVIDENCE,EXCLUDED,UNAVAILABLE,UNAVAILABLE,,UNAVAILABLE,INSUFFICIENT,KBS_CURRENT_LISTING,INSUFFICIENT_DISCOVERY_EVIDENCE,listing evidence exclusion
2039,,VCP12501,,,corpbond,INSUFFICIENT_DISCOVERY_EVIDENCE,EXCLUDED,UNAVAILABLE,UNAVAILABLE,,UNAVAILABLE,INSUFFICIENT,KBS_CURRENT_LISTING,INSUFFICIENT_DISCOVERY_EVIDENCE,listing evidence exclusion
2040,,BID12557,,,corpbond,INSUFFICIENT_DISCOVERY_EVIDENCE,EXCLUDED,UNAVAILABLE,UNAVAILABLE,,UNAVAILABLE,INSUFFICIENT,KBS_CURRENT_LISTING,INSUFFICIENT_DISCOVERY_EVIDENCE,listing evidence exclusion
2041,,OCB12501,,,corpbond,INSUFFICIENT_DISCOVERY_EVIDENCE,EXCLUDED,UNAVAILABLE,UNAVAILABLE,,UNAVAILABLE,INSUFFICIENT,KBS_CURRENT_LISTING,INSUFFICIENT_DISCOVERY_EVIDENCE,listing evidence exclusion
2042,,MSB12503,,,corpbond,INSUFFICIENT_DISCOVERY_EVIDENCE,EXCLUDED,UNAVAILABLE,UNAVAILABLE,,UNAVAILABLE,INSUFFICIENT,KBS_CURRENT_LISTING,INSUFFICIENT_DISCOVERY_EVIDENCE,listing evidence exclusion
2043,,HDB12421,,,corpbond,INSUFFICIENT_DISCOVERY_EVIDENCE,EXCLUDED,UNAVAILABLE,UNAVAILABLE,,UNAVAILABLE,INSUFFICIENT,KBS_CURRENT_LISTING,INSUFFICIENT_DISCOVERY_EVIDENCE,listing evidence exclusion
2044,,BID12527,,,corpbond,INSUFFICIENT_DISCOVERY_EVIDENCE,EXCLUDED,UNAVAILABLE,UNAVAILABLE,,UNAVAILABLE,INSUFFICIENT,KBS_CURRENT_LISTING,INSUFFICIENT_DISCOVERY_EVIDENCE,listing evidence exclusion
2045,,ABB12509,,,corpbond,INSUFFICIENT_DISCOVERY_EVIDENCE,EXCLUDED,UNAVAILABLE,UNAVAILABLE,,UNAVAILABLE,INSUFFICIENT,KBS_CURRENT_LISTING,INSUFFICIENT_DISCOVERY_EVIDENCE,listing evidence exclusion
2046,,BID12406,,,corpbond,INSUFFICIENT_DISCOVERY_EVIDENCE,EXCLUDED,UNAVAILABLE,UNAVAILABLE,,UNAVAILABLE,INSUFFICIENT,KBS_CURRENT_LISTING,INSUFFICIENT_DISCOVERY_EVIDENCE,listing evidence exclusion
2047,,TCD12202,,,corpbond,INSUFFICIENT_DISCOVERY_EVIDENCE,EXCLUDED,UNAVAILABLE,UNAVAILABLE,,UNAVAILABLE,INSUFFICIENT,KBS_CURRENT_LISTING,INSUFFICIENT_DISCOVERY_EVIDENCE,listing evidence exclusion
2048,,VIF12502,,,corpbond,INSUFFICIENT_DISCOVERY_EVIDENCE,EXCLUDED,UNAVAILABLE,UNAVAILABLE,,UNAVAILABLE,INSUFFICIENT,KBS_CURRENT_LISTING,INSUFFICIENT_DISCOVERY_EVIDENCE,listing evidence exclusion
2049,,VIF12401,,,corpbond,INSUFFICIENT_DISCOVERY_EVIDENCE,EXCLUDED,UNAVAILABLE,UNAVAILABLE,,UNAVAILABLE,INSUFFICIENT,KBS_CURRENT_LISTING,INSUFFICIENT_DISCOVERY_EVIDENCE,listing evidence exclusion
2050,,MSG32503,,,corpbond,INSUFFICIENT_DISCOVERY_EVIDENCE,EXCLUDED,UNAVAILABLE,UNAVAILABLE,,UNAVAILABLE,INSUFFICIENT,KBS_CURRENT_LISTING,INSUFFICIENT_DISCOVERY_EVIDENCE,listing evidence exclusion
2051,,LPB12603,,,corpbond,INSUFFICIENT_DISCOVERY_EVIDENCE,EXCLUDED,UNAVAILABLE,UNAVAILABLE,,UNAVAILABLE,INSUFFICIENT,KBS_CURRENT_LISTING,INSUFFICIENT_DISCOVERY_EVIDENCE,listing evidence exclusion
2052,,TSL12101,,,corpbond,INSUFFICIENT_DISCOVERY_EVIDENCE,EXCLUDED,UNAVAILABLE,UNAVAILABLE,,UNAVAILABLE,INSUFFICIENT,KBS_CURRENT_LISTING,INSUFFICIENT_DISCOVERY_EVIDENCE,listing evidence exclusion
2053,,TBB12102,,,corpbond,INSUFFICIENT_DISCOVERY_EVIDENCE,EXCLUDED,UNAVAILABLE,UNAVAILABLE,,UNAVAILABLE,INSUFFICIENT,KBS_CURRENT_LISTING,INSUFFICIENT_DISCOVERY_EVIDENCE,listing evidence exclusion
2054,,TCB12517,,,corpbond,INSUFFICIENT_DISCOVERY_EVIDENCE,EXCLUDED,UNAVAILABLE,UNAVAILABLE,,UNAVAILABLE,INSUFFICIENT,KBS_CURRENT_LISTING,INSUFFICIENT_DISCOVERY_EVIDENCE,listing evidence exclusion
2055,,VHA32108,,,corpbond,INSUFFICIENT_DISCOVERY_EVIDENCE,EXCLUDED,UNAVAILABLE,UNAVAILABLE,,UNAVAILABLE,INSUFFICIENT,KBS_CURRENT_LISTING,INSUFFICIENT_DISCOVERY_EVIDENCE,listing evidence exclusion
2056,,ACB12409,,,corpbond,INSUFFICIENT_DISCOVERY_EVIDENCE,EXCLUDED,UNAVAILABLE,UNAVAILABLE,,UNAVAILABLE,INSUFFICIENT,KBS_CURRENT_LISTING,INSUFFICIENT_DISCOVERY_EVIDENCE,listing evidence exclusion
2057,,BID12549,,,corpbond,INSUFFICIENT_DISCOVERY_EVIDENCE,EXCLUDED,UNAVAILABLE,UNAVAILABLE,,UNAVAILABLE,INSUFFICIENT,KBS_CURRENT_LISTING,INSUFFICIENT_DISCOVERY_EVIDENCE,listing evidence exclusion
2058,,TNQ32503,,,corpbond,INSUFFICIENT_DISCOVERY_EVIDENCE,EXCLUDED,UNAVAILABLE,UNAVAILABLE,,UNAVAILABLE,INSUFFICIENT,KBS_CURRENT_LISTING,INSUFFICIENT_DISCOVERY_EVIDENCE,listing evidence exclusion
2059,,HDB12412,,,corpbond,INSUFFICIENT_DISCOVERY_EVIDENCE,EXCLUDED,UNAVAILABLE,UNAVAILABLE,,UNAVAILABLE,INSUFFICIENT,KBS_CURRENT_LISTING,INSUFFICIENT_DISCOVERY_EVIDENCE,listing evidence exclusion
2060,,TNR32102,,,corpbond,INSUFFICIENT_DISCOVERY_EVIDENCE,EXCLUDED,UNAVAILABLE,UNAVAILABLE,,UNAVAILABLE,INSUFFICIENT,KBS_CURRENT_LISTING,INSUFFICIENT_DISCOVERY_EVIDENCE,listing evidence exclusion
2061,,BHB12501,,,corpbond,INSUFFICIENT_DISCOVERY_EVIDENCE,EXCLUDED,UNAVAILABLE,UNAVAILABLE,,UNAVAILABLE,INSUFFICIENT,KBS_CURRENT_LISTING,INSUFFICIENT_DISCOVERY_EVIDENCE,listing evidence exclusion
2062,,LPB12515,,,corpbond,INSUFFICIENT_DISCOVERY_EVIDENCE,EXCLUDED,UNAVAILABLE,UNAVAILABLE,,UNAVAILABLE,INSUFFICIENT,KBS_CURRENT_LISTING,INSUFFICIENT_DISCOVERY_EVIDENCE,listing evidence exclusion
2063,,LHT12404,,,corpbond,INSUFFICIENT_DISCOVERY_EVIDENCE,EXCLUDED,UNAVAILABLE,UNAVAILABLE,,UNAVAILABLE,INSUFFICIENT,KBS_CURRENT_LISTING,INSUFFICIENT_DISCOVERY_EVIDENCE,listing evidence exclusion
2064,,LPB12504,,,corpbond,INSUFFICIENT_DISCOVERY_EVIDENCE,EXCLUDED,UNAVAILABLE,UNAVAILABLE,,UNAVAILABLE,INSUFFICIENT,KBS_CURRENT_LISTING,INSUFFICIENT_DISCOVERY_EVIDENCE,listing evidence exclusion
2065,,TPB12438,,,corpbond,INSUFFICIENT_DISCOVERY_EVIDENCE,EXCLUDED,UNAVAILABLE,UNAVAILABLE,,UNAVAILABLE,INSUFFICIENT,KBS_CURRENT_LISTING,INSUFFICIENT_DISCOVERY_EVIDENCE,listing evidence exclusion
2066,,F8812506,,,corpbond,INSUFFICIENT_DISCOVERY_EVIDENCE,EXCLUDED,UNAVAILABLE,UNAVAILABLE,,UNAVAILABLE,INSUFFICIENT,KBS_CURRENT_LISTING,INSUFFICIENT_DISCOVERY_EVIDENCE,listing evidence exclusion
2067,,CTG12221,,,corpbond,INSUFFICIENT_DISCOVERY_EVIDENCE,EXCLUDED,UNAVAILABLE,UNAVAILABLE,,UNAVAILABLE,INSUFFICIENT,KBS_CURRENT_LISTING,INSUFFICIENT_DISCOVERY_EVIDENCE,listing evidence exclusion
2068,,CTG12337,,,corpbond,INSUFFICIENT_DISCOVERY_EVIDENCE,EXCLUDED,UNAVAILABLE,UNAVAILABLE,,UNAVAILABLE,INSUFFICIENT,KBS_CURRENT_LISTING,INSUFFICIENT_DISCOVERY_EVIDENCE,listing evidence exclusion
2069,,VBB12602,,,corpbond,INSUFFICIENT_DISCOVERY_EVIDENCE,EXCLUDED,UNAVAILABLE,UNAVAILABLE,,UNAVAILABLE,INSUFFICIENT,KBS_CURRENT_LISTING,INSUFFICIENT_DISCOVERY_EVIDENCE,listing evidence exclusion
2070,,NAB12305,,,corpbond,INSUFFICIENT_DISCOVERY_EVIDENCE,EXCLUDED,UNAVAILABLE,UNAVAILABLE,,UNAVAILABLE,INSUFFICIENT,KBS_CURRENT_LISTING,INSUFFICIENT_DISCOVERY_EVIDENCE,listing evidence exclusion
2071,,ACB12411,,,corpbond,INSUFFICIENT_DISCOVERY_EVIDENCE,EXCLUDED,UNAVAILABLE,UNAVAILABLE,,UNAVAILABLE,INSUFFICIENT,KBS_CURRENT_LISTING,INSUFFICIENT_DISCOVERY_EVIDENCE,listing evidence exclusion
2072,,MBB12108,,,corpbond,INSUFFICIENT_DISCOVERY_EVIDENCE,EXCLUDED,UNAVAILABLE,UNAVAILABLE,,UNAVAILABLE,INSUFFICIENT,KBS_CURRENT_LISTING,INSUFFICIENT_DISCOVERY_EVIDENCE,listing evidence exclusion
2073,,TPB12513,,,corpbond,INSUFFICIENT_DISCOVERY_EVIDENCE,EXCLUDED,UNAVAILABLE,UNAVAILABLE,,UNAVAILABLE,INSUFFICIENT,KBS_CURRENT_LISTING,INSUFFICIENT_DISCOVERY_EVIDENCE,listing evidence exclusion
2074,,TGI12404,,,corpbond,INSUFFICIENT_DISCOVERY_EVIDENCE,EXCLUDED,UNAVAILABLE,UNAVAILABLE,,UNAVAILABLE,INSUFFICIENT,KBS_CURRENT_LISTING,INSUFFICIENT_DISCOVERY_EVIDENCE,listing evidence exclusion
2075,,STA12601,,,corpbond,INSUFFICIENT_DISCOVERY_EVIDENCE,EXCLUDED,UNAVAILABLE,UNAVAILABLE,,UNAVAILABLE,INSUFFICIENT,KBS_CURRENT_LISTING,INSUFFICIENT_DISCOVERY_EVIDENCE,listing evidence exclusion
2076,,BCM12408,,,corpbond,INSUFFICIENT_DISCOVERY_EVIDENCE,EXCLUDED,UNAVAILABLE,UNAVAILABLE,,UNAVAILABLE,INSUFFICIENT,KBS_CURRENT_LISTING,INSUFFICIENT_DISCOVERY_EVIDENCE,listing evidence exclusion
2077,,AVT12402,,,corpbond,INSUFFICIENT_DISCOVERY_EVIDENCE,EXCLUDED,UNAVAILABLE,UNAVAILABLE,,UNAVAILABLE,INSUFFICIENT,KBS_CURRENT_LISTING,INSUFFICIENT_DISCOVERY_EVIDENCE,listing evidence exclusion
2078,,VPB12502,,,corpbond,INSUFFICIENT_DISCOVERY_EVIDENCE,EXCLUDED,UNAVAILABLE,UNAVAILABLE,,UNAVAILABLE,INSUFFICIENT,KBS_CURRENT_LISTING,INSUFFICIENT_DISCOVERY_EVIDENCE,listing evidence exclusion
2079,,LTB12101,,,corpbond,INSUFFICIENT_DISCOVERY_EVIDENCE,EXCLUDED,UNAVAILABLE,UNAVAILABLE,,UNAVAILABLE,INSUFFICIENT,KBS_CURRENT_LISTING,INSUFFICIENT_DISCOVERY_EVIDENCE,listing evidence exclusion
2080,,MBB12346,,,corpbond,INSUFFICIENT_DISCOVERY_EVIDENCE,EXCLUDED,UNAVAILABLE,UNAVAILABLE,,UNAVAILABLE,INSUFFICIENT,KBS_CURRENT_LISTING,INSUFFICIENT_DISCOVERY_EVIDENCE,listing evidence exclusion
2081,,DKD12201,,,corpbond,INSUFFICIENT_DISCOVERY_EVIDENCE,EXCLUDED,UNAVAILABLE,UNAVAILABLE,,UNAVAILABLE,INSUFFICIENT,KBS_CURRENT_LISTING,INSUFFICIENT_DISCOVERY_EVIDENCE,listing evidence exclusion
2082,,ABB12502,,,corpbond,INSUFFICIENT_DISCOVERY_EVIDENCE,EXCLUDED,UNAVAILABLE,UNAVAILABLE,,UNAVAILABLE,INSUFFICIENT,KBS_CURRENT_LISTING,INSUFFICIENT_DISCOVERY_EVIDENCE,listing evidence exclusion
2083,,MSN12201,,,corpbond,INSUFFICIENT_DISCOVERY_EVIDENCE,EXCLUDED,UNAVAILABLE,UNAVAILABLE,,UNAVAILABLE,INSUFFICIENT,KBS_CURRENT_LISTING,INSUFFICIENT_DISCOVERY_EVIDENCE,listing evidence exclusion
2084,,BID12502,,,corpbond,INSUFFICIENT_DISCOVERY_EVIDENCE,EXCLUDED,UNAVAILABLE,UNAVAILABLE,,UNAVAILABLE,INSUFFICIENT,KBS_CURRENT_LISTING,INSUFFICIENT_DISCOVERY_EVIDENCE,listing evidence exclusion
2085,,TPB12538,,,corpbond,INSUFFICIENT_DISCOVERY_EVIDENCE,EXCLUDED,UNAVAILABLE,UNAVAILABLE,,UNAVAILABLE,INSUFFICIENT,KBS_CURRENT_LISTING,INSUFFICIENT_DISCOVERY_EVIDENCE,listing evidence exclusion
2086,,ACB12405,,,corpbond,INSUFFICIENT_DISCOVERY_EVIDENCE,EXCLUDED,UNAVAILABLE,UNAVAILABLE,,UNAVAILABLE,INSUFFICIENT,KBS_CURRENT_LISTING,INSUFFICIENT_DISCOVERY_EVIDENCE,listing evidence exclusion
2087,,VPI12502,,,corpbond,INSUFFICIENT_DISCOVERY_EVIDENCE,EXCLUDED,UNAVAILABLE,UNAVAILABLE,,UNAVAILABLE,INSUFFICIENT,KBS_CURRENT_LISTING,INSUFFICIENT_DISCOVERY_EVIDENCE,listing evidence exclusion
2088,,CTG12111,,,corpbond,INSUFFICIENT_DISCOVERY_EVIDENCE,EXCLUDED,UNAVAILABLE,UNAVAILABLE,,UNAVAILABLE,INSUFFICIENT,KBS_CURRENT_LISTING,INSUFFICIENT_DISCOVERY_EVIDENCE,listing evidence exclusion
2089,,DRT12501,,,corpbond,INSUFFICIENT_DISCOVERY_EVIDENCE,EXCLUDED,UNAVAILABLE,UNAVAILABLE,,UNAVAILABLE,INSUFFICIENT,KBS_CURRENT_LISTING,INSUFFICIENT_DISCOVERY_EVIDENCE,listing evidence exclusion
2090,,AVT12401,,,corpbond,INSUFFICIENT_DISCOVERY_EVIDENCE,EXCLUDED,UNAVAILABLE,UNAVAILABLE,,UNAVAILABLE,INSUFFICIENT,KBS_CURRENT_LISTING,INSUFFICIENT_DISCOVERY_EVIDENCE,listing evidence exclusion
2091,,MBB12342,,,corpbond,INSUFFICIENT_DISCOVERY_EVIDENCE,EXCLUDED,UNAVAILABLE,UNAVAILABLE,,UNAVAILABLE,INSUFFICIENT,KBS_CURRENT_LISTING,INSUFFICIENT_DISCOVERY_EVIDENCE,listing evidence exclusion
2092,,SHD12301,,,corpbond,INSUFFICIENT_DISCOVERY_EVIDENCE,EXCLUDED,UNAVAILABLE,UNAVAILABLE,,UNAVAILABLE,INSUFFICIENT,KBS_CURRENT_LISTING,INSUFFICIENT_DISCOVERY_EVIDENCE,listing evidence exclusion
2093,,XD312301,,,corpbond,INSUFFICIENT_DISCOVERY_EVIDENCE,EXCLUDED,UNAVAILABLE,UNAVAILABLE,,UNAVAILABLE,INSUFFICIENT,KBS_CURRENT_LISTING,INSUFFICIENT_DISCOVERY_EVIDENCE,listing evidence exclusion
2094,,MAR12601,,,corpbond,INSUFFICIENT_DISCOVERY_EVIDENCE,EXCLUDED,UNAVAILABLE,UNAVAILABLE,,UNAVAILABLE,INSUFFICIENT,KBS_CURRENT_LISTING,INSUFFICIENT_DISCOVERY_EVIDENCE,listing evidence exclusion
2095,,TPQ12104,,,corpbond,INSUFFICIENT_DISCOVERY_EVIDENCE,EXCLUDED,UNAVAILABLE,UNAVAILABLE,,UNAVAILABLE,INSUFFICIENT,KBS_CURRENT_LISTING,INSUFFICIENT_DISCOVERY_EVIDENCE,listing evidence exclusion
2096,,TPB12602,,,corpbond,INSUFFICIENT_DISCOVERY_EVIDENCE,EXCLUDED,UNAVAILABLE,UNAVAILABLE,,UNAVAILABLE,INSUFFICIENT,KBS_CURRENT_LISTING,INSUFFICIENT_DISCOVERY_EVIDENCE,listing evidence exclusion
2097,,VPB12503,,,corpbond,INSUFFICIENT_DISCOVERY_EVIDENCE,EXCLUDED,UNAVAILABLE,UNAVAILABLE,,UNAVAILABLE,INSUFFICIENT,KBS_CURRENT_LISTING,INSUFFICIENT_DISCOVERY_EVIDENCE,listing evidence exclusion
2098,,VJV12302,,,corpbond,INSUFFICIENT_DISCOVERY_EVIDENCE,EXCLUDED,UNAVAILABLE,UNAVAILABLE,,UNAVAILABLE,INSUFFICIENT,KBS_CURRENT_LISTING,INSUFFICIENT_DISCOVERY_EVIDENCE,listing evidence exclusion
2099,,BID12329,,,corpbond,INSUFFICIENT_DISCOVERY_EVIDENCE,EXCLUDED,UNAVAILABLE,UNAVAILABLE,,UNAVAILABLE,INSUFFICIENT,KBS_CURRENT_LISTING,INSUFFICIENT_DISCOVERY_EVIDENCE,listing evidence exclusion
2100,,BID12430,,,corpbond,INSUFFICIENT_DISCOVERY_EVIDENCE,EXCLUDED,UNAVAILABLE,UNAVAILABLE,,UNAVAILABLE,INSUFFICIENT,KBS_CURRENT_LISTING,INSUFFICIENT_DISCOVERY_EVIDENCE,listing evidence exclusion
2101,,IDT12402,,,corpbond,INSUFFICIENT_DISCOVERY_EVIDENCE,EXCLUDED,UNAVAILABLE,UNAVAILABLE,,UNAVAILABLE,INSUFFICIENT,KBS_CURRENT_LISTING,INSUFFICIENT_DISCOVERY_EVIDENCE,listing evidence exclusion
2102,,MKH12301,,,corpbond,INSUFFICIENT_DISCOVERY_EVIDENCE,EXCLUDED,UNAVAILABLE,UNAVAILABLE,,UNAVAILABLE,INSUFFICIENT,KBS_CURRENT_LISTING,INSUFFICIENT_DISCOVERY_EVIDENCE,listing evidence exclusion
2103,,BCM12303,,,corpbond,INSUFFICIENT_DISCOVERY_EVIDENCE,EXCLUDED,UNAVAILABLE,UNAVAILABLE,,UNAVAILABLE,INSUFFICIENT,KBS_CURRENT_LISTING,INSUFFICIENT_DISCOVERY_EVIDENCE,listing evidence exclusion
2104,,OLC32501,,,corpbond,INSUFFICIENT_DISCOVERY_EVIDENCE,EXCLUDED,UNAVAILABLE,UNAVAILABLE,,UNAVAILABLE,INSUFFICIENT,KBS_CURRENT_LISTING,INSUFFICIENT_DISCOVERY_EVIDENCE,listing evidence exclusion
2105,,SBP12204,,,corpbond,INSUFFICIENT_DISCOVERY_EVIDENCE,EXCLUDED,UNAVAILABLE,UNAVAILABLE,,UNAVAILABLE,INSUFFICIENT,KBS_CURRENT_LISTING,INSUFFICIENT_DISCOVERY_EVIDENCE,listing evidence exclusion
2106,,HCH12402,,,corpbond,INSUFFICIENT_DISCOVERY_EVIDENCE,EXCLUDED,UNAVAILABLE,UNAVAILABLE,,UNAVAILABLE,INSUFFICIENT,KBS_CURRENT_LISTING,INSUFFICIENT_DISCOVERY_EVIDENCE,listing evidence exclusion
2107,,BID12328,,,corpbond,INSUFFICIENT_DISCOVERY_EVIDENCE,EXCLUDED,UNAVAILABLE,UNAVAILABLE,,UNAVAILABLE,INSUFFICIENT,KBS_CURRENT_LISTING,INSUFFICIENT_DISCOVERY_EVIDENCE,listing evidence exclusion
2108,,BID12364,,,corpbond,INSUFFICIENT_DISCOVERY_EVIDENCE,EXCLUDED,UNAVAILABLE,UNAVAILABLE,,UNAVAILABLE,INSUFFICIENT,KBS_CURRENT_LISTING,INSUFFICIENT_DISCOVERY_EVIDENCE,listing evidence exclusion
2109,,VJC12335,,,corpbond,INSUFFICIENT_DISCOVERY_EVIDENCE,EXCLUDED,UNAVAILABLE,UNAVAILABLE,,UNAVAILABLE,INSUFFICIENT,KBS_CURRENT_LISTING,INSUFFICIENT_DISCOVERY_EVIDENCE,listing evidence exclusion
2110,,XDD12102,,,corpbond,INSUFFICIENT_DISCOVERY_EVIDENCE,EXCLUDED,UNAVAILABLE,UNAVAILABLE,,UNAVAILABLE,INSUFFICIENT,KBS_CURRENT_LISTING,INSUFFICIENT_DISCOVERY_EVIDENCE,listing evidence exclusion
2111,,VCB12211,,,corpbond,INSUFFICIENT_DISCOVERY_EVIDENCE,EXCLUDED,UNAVAILABLE,UNAVAILABLE,,UNAVAILABLE,INSUFFICIENT,KBS_CURRENT_LISTING,INSUFFICIENT_DISCOVERY_EVIDENCE,listing evidence exclusion
2112,,AVN32503,,,corpbond,INSUFFICIENT_DISCOVERY_EVIDENCE,EXCLUDED,UNAVAILABLE,UNAVAILABLE,,UNAVAILABLE,INSUFFICIENT,KBS_CURRENT_LISTING,INSUFFICIENT_DISCOVERY_EVIDENCE,listing evidence exclusion
2113,,TPB12335,,,corpbond,INSUFFICIENT_DISCOVERY_EVIDENCE,EXCLUDED,UNAVAILABLE,UNAVAILABLE,,UNAVAILABLE,INSUFFICIENT,KBS_CURRENT_LISTING,INSUFFICIENT_DISCOVERY_EVIDENCE,listing evidence exclusion
2114,,HCV12602,,,corpbond,INSUFFICIENT_DISCOVERY_EVIDENCE,EXCLUDED,UNAVAILABLE,UNAVAILABLE,,UNAVAILABLE,INSUFFICIENT,KBS_CURRENT_LISTING,INSUFFICIENT_DISCOVERY_EVIDENCE,listing evidence exclusion
2115,,MBB12601,,,corpbond,INSUFFICIENT_DISCOVERY_EVIDENCE,EXCLUDED,UNAVAILABLE,UNAVAILABLE,,UNAVAILABLE,INSUFFICIENT,KBS_CURRENT_LISTING,INSUFFICIENT_DISCOVERY_EVIDENCE,listing evidence exclusion
2116,,CTG12132,,,corpbond,INSUFFICIENT_DISCOVERY_EVIDENCE,EXCLUDED,UNAVAILABLE,UNAVAILABLE,,UNAVAILABLE,INSUFFICIENT,KBS_CURRENT_LISTING,INSUFFICIENT_DISCOVERY_EVIDENCE,listing evidence exclusion
2117,,TPBL12610,,,corpbond,INSUFFICIENT_DISCOVERY_EVIDENCE,EXCLUDED,UNAVAILABLE,UNAVAILABLE,,UNAVAILABLE,INSUFFICIENT,KBS_CURRENT_LISTING,INSUFFICIENT_DISCOVERY_EVIDENCE,listing evidence exclusion
2118,,TSO12501,,,corpbond,INSUFFICIENT_DISCOVERY_EVIDENCE,EXCLUDED,UNAVAILABLE,UNAVAILABLE,,UNAVAILABLE,INSUFFICIENT,KBS_CURRENT_LISTING,INSUFFICIENT_DISCOVERY_EVIDENCE,listing evidence exclusion
2119,,THC12401,,,corpbond,INSUFFICIENT_DISCOVERY_EVIDENCE,EXCLUDED,UNAVAILABLE,UNAVAILABLE,,UNAVAILABLE,INSUFFICIENT,KBS_CURRENT_LISTING,INSUFFICIENT_DISCOVERY_EVIDENCE,listing evidence exclusion
2120,,TPB12604,,,corpbond,INSUFFICIENT_DISCOVERY_EVIDENCE,EXCLUDED,UNAVAILABLE,UNAVAILABLE,,UNAVAILABLE,INSUFFICIENT,KBS_CURRENT_LISTING,INSUFFICIENT_DISCOVERY_EVIDENCE,listing evidence exclusion
2121,,BID12416,,,corpbond,INSUFFICIENT_DISCOVERY_EVIDENCE,EXCLUDED,UNAVAILABLE,UNAVAILABLE,,UNAVAILABLE,INSUFFICIENT,KBS_CURRENT_LISTING,INSUFFICIENT_DISCOVERY_EVIDENCE,listing evidence exclusion
2122,,TLE12101,,,corpbond,INSUFFICIENT_DISCOVERY_EVIDENCE,EXCLUDED,UNAVAILABLE,UNAVAILABLE,,UNAVAILABLE,INSUFFICIENT,KBS_CURRENT_LISTING,INSUFFICIENT_DISCOVERY_EVIDENCE,listing evidence exclusion
2123,,NAB12501,,,corpbond,INSUFFICIENT_DISCOVERY_EVIDENCE,EXCLUDED,UNAVAILABLE,UNAVAILABLE,,UNAVAILABLE,INSUFFICIENT,KBS_CURRENT_LISTING,INSUFFICIENT_DISCOVERY_EVIDENCE,listing evidence exclusion
2124,,BCM12305,,,corpbond,INSUFFICIENT_DISCOVERY_EVIDENCE,EXCLUDED,UNAVAILABLE,UNAVAILABLE,,UNAVAILABLE,INSUFFICIENT,KBS_CURRENT_LISTING,INSUFFICIENT_DISCOVERY_EVIDENCE,listing evidence exclusion
2125,,MSR12303,,,corpbond,INSUFFICIENT_DISCOVERY_EVIDENCE,EXCLUDED,UNAVAILABLE,UNAVAILABLE,,UNAVAILABLE,INSUFFICIENT,KBS_CURRENT_LISTING,INSUFFICIENT_DISCOVERY_EVIDENCE,listing evidence exclusion
2126,,VHM12602,,,corpbond,INSUFFICIENT_DISCOVERY_EVIDENCE,EXCLUDED,UNAVAILABLE,UNAVAILABLE,,UNAVAILABLE,INSUFFICIENT,KBS_CURRENT_LISTING,INSUFFICIENT_DISCOVERY_EVIDENCE,listing evidence exclusion
2127,,BAB12508,,,corpbond,INSUFFICIENT_DISCOVERY_EVIDENCE,EXCLUDED,UNAVAILABLE,UNAVAILABLE,,UNAVAILABLE,INSUFFICIENT,KBS_CURRENT_LISTING,INSUFFICIENT_DISCOVERY_EVIDENCE,listing evidence exclusion
2128,,BID12440,,,corpbond,INSUFFICIENT_DISCOVERY_EVIDENCE,EXCLUDED,UNAVAILABLE,UNAVAILABLE,,UNAVAILABLE,INSUFFICIENT,KBS_CURRENT_LISTING,INSUFFICIENT_DISCOVERY_EVIDENCE,listing evidence exclusion
2129,,MBB12302,,,corpbond,INSUFFICIENT_DISCOVERY_EVIDENCE,EXCLUDED,UNAVAILABLE,UNAVAILABLE,,UNAVAILABLE,INSUFFICIENT,KBS_CURRENT_LISTING,INSUFFICIENT_DISCOVERY_EVIDENCE,listing evidence exclusion
2130,,DPQ12207,,,corpbond,INSUFFICIENT_DISCOVERY_EVIDENCE,EXCLUDED,UNAVAILABLE,UNAVAILABLE,,UNAVAILABLE,INSUFFICIENT,KBS_CURRENT_LISTING,INSUFFICIENT_DISCOVERY_EVIDENCE,listing evidence exclusion
2131,,VIC12509,,,corpbond,INSUFFICIENT_DISCOVERY_EVIDENCE,EXCLUDED,UNAVAILABLE,UNAVAILABLE,,UNAVAILABLE,INSUFFICIENT,KBS_CURRENT_LISTING,INSUFFICIENT_DISCOVERY_EVIDENCE,listing evidence exclusion
2132,,TCB12503,,,corpbond,INSUFFICIENT_DISCOVERY_EVIDENCE,EXCLUDED,UNAVAILABLE,UNAVAILABLE,,UNAVAILABLE,INSUFFICIENT,KBS_CURRENT_LISTING,INSUFFICIENT_DISCOVERY_EVIDENCE,listing evidence exclusion
2133,,THH12101,,,corpbond,INSUFFICIENT_DISCOVERY_EVIDENCE,EXCLUDED,UNAVAILABLE,UNAVAILABLE,,UNAVAILABLE,INSUFFICIENT,KBS_CURRENT_LISTING,INSUFFICIENT_DISCOVERY_EVIDENCE,listing evidence exclusion
2134,,TAT32501,,,corpbond,INSUFFICIENT_DISCOVERY_EVIDENCE,EXCLUDED,UNAVAILABLE,UNAVAILABLE,,UNAVAILABLE,INSUFFICIENT,KBS_CURRENT_LISTING,INSUFFICIENT_DISCOVERY_EVIDENCE,listing evidence exclusion
2135,,DPQ12201,,,corpbond,INSUFFICIENT_DISCOVERY_EVIDENCE,EXCLUDED,UNAVAILABLE,UNAVAILABLE,,UNAVAILABLE,INSUFFICIENT,KBS_CURRENT_LISTING,INSUFFICIENT_DISCOVERY_EVIDENCE,listing evidence exclusion
2136,,ACB12507,,,corpbond,INSUFFICIENT_DISCOVERY_EVIDENCE,EXCLUDED,UNAVAILABLE,UNAVAILABLE,,UNAVAILABLE,INSUFFICIENT,KBS_CURRENT_LISTING,INSUFFICIENT_DISCOVERY_EVIDENCE,listing evidence exclusion
2137,,VJC12406,,,corpbond,INSUFFICIENT_DISCOVERY_EVIDENCE,EXCLUDED,UNAVAILABLE,UNAVAILABLE,,UNAVAILABLE,INSUFFICIENT,KBS_CURRENT_LISTING,INSUFFICIENT_DISCOVERY_EVIDENCE,listing evidence exclusion
2138,,WTO12101,,,corpbond,INSUFFICIENT_DISCOVERY_EVIDENCE,EXCLUDED,UNAVAILABLE,UNAVAILABLE,,UNAVAILABLE,INSUFFICIENT,KBS_CURRENT_LISTING,INSUFFICIENT_DISCOVERY_EVIDENCE,listing evidence exclusion
2139,,CTG12404,,,corpbond,INSUFFICIENT_DISCOVERY_EVIDENCE,EXCLUDED,UNAVAILABLE,UNAVAILABLE,,UNAVAILABLE,INSUFFICIENT,KBS_CURRENT_LISTING,INSUFFICIENT_DISCOVERY_EVIDENCE,listing evidence exclusion
2140,,HDB12516,,,corpbond,INSUFFICIENT_DISCOVERY_EVIDENCE,EXCLUDED,UNAVAILABLE,UNAVAILABLE,,UNAVAILABLE,INSUFFICIENT,KBS_CURRENT_LISTING,INSUFFICIENT_DISCOVERY_EVIDENCE,listing evidence exclusion
2141,,LOC32601,,,corpbond,INSUFFICIENT_DISCOVERY_EVIDENCE,EXCLUDED,UNAVAILABLE,UNAVAILABLE,,UNAVAILABLE,INSUFFICIENT,KBS_CURRENT_LISTING,INSUFFICIENT_DISCOVERY_EVIDENCE,listing evidence exclusion
2142,,BAB12505,,,corpbond,INSUFFICIENT_DISCOVERY_EVIDENCE,EXCLUDED,UNAVAILABLE,UNAVAILABLE,,UNAVAILABLE,INSUFFICIENT,KBS_CURRENT_LISTING,INSUFFICIENT_DISCOVERY_EVIDENCE,listing evidence exclusion
2143,,TTE12101,,,corpbond,INSUFFICIENT_DISCOVERY_EVIDENCE,EXCLUDED,UNAVAILABLE,UNAVAILABLE,,UNAVAILABLE,INSUFFICIENT,KBS_CURRENT_LISTING,INSUFFICIENT_DISCOVERY_EVIDENCE,listing evidence exclusion
2144,,VJC12329,,,corpbond,INSUFFICIENT_DISCOVERY_EVIDENCE,EXCLUDED,UNAVAILABLE,UNAVAILABLE,,UNAVAILABLE,INSUFFICIENT,KBS_CURRENT_LISTING,INSUFFICIENT_DISCOVERY_EVIDENCE,listing evidence exclusion
2145,,PD912101,,,corpbond,INSUFFICIENT_DISCOVERY_EVIDENCE,EXCLUDED,UNAVAILABLE,UNAVAILABLE,,UNAVAILABLE,INSUFFICIENT,KBS_CURRENT_LISTING,INSUFFICIENT_DISCOVERY_EVIDENCE,listing evidence exclusion
2146,,TPB12417,,,corpbond,INSUFFICIENT_DISCOVERY_EVIDENCE,EXCLUDED,UNAVAILABLE,UNAVAILABLE,,UNAVAILABLE,INSUFFICIENT,KBS_CURRENT_LISTING,INSUFFICIENT_DISCOVERY_EVIDENCE,listing evidence exclusion
2147,,BID12555,,,corpbond,INSUFFICIENT_DISCOVERY_EVIDENCE,EXCLUDED,UNAVAILABLE,UNAVAILABLE,,UNAVAILABLE,INSUFFICIENT,KBS_CURRENT_LISTING,INSUFFICIENT_DISCOVERY_EVIDENCE,listing evidence exclusion
2148,,TCB12612,,,corpbond,INSUFFICIENT_DISCOVERY_EVIDENCE,EXCLUDED,UNAVAILABLE,UNAVAILABLE,,UNAVAILABLE,INSUFFICIENT,KBS_CURRENT_LISTING,INSUFFICIENT_DISCOVERY_EVIDENCE,listing evidence exclusion
2149,,TPB12539,,,corpbond,INSUFFICIENT_DISCOVERY_EVIDENCE,EXCLUDED,UNAVAILABLE,UNAVAILABLE,,UNAVAILABLE,INSUFFICIENT,KBS_CURRENT_LISTING,INSUFFICIENT_DISCOVERY_EVIDENCE,listing evidence exclusion
2150,,TPB12536,,,corpbond,INSUFFICIENT_DISCOVERY_EVIDENCE,EXCLUDED,UNAVAILABLE,UNAVAILABLE,,UNAVAILABLE,INSUFFICIENT,KBS_CURRENT_LISTING,INSUFFICIENT_DISCOVERY_EVIDENCE,listing evidence exclusion
2151,,MBB12603,,,corpbond,INSUFFICIENT_DISCOVERY_EVIDENCE,EXCLUDED,UNAVAILABLE,UNAVAILABLE,,UNAVAILABLE,INSUFFICIENT,KBS_CURRENT_LISTING,INSUFFICIENT_DISCOVERY_EVIDENCE,listing evidence exclusion
2152,,LPB12303,,,corpbond,INSUFFICIENT_DISCOVERY_EVIDENCE,EXCLUDED,UNAVAILABLE,UNAVAILABLE,,UNAVAILABLE,INSUFFICIENT,KBS_CURRENT_LISTING,INSUFFICIENT_DISCOVERY_EVIDENCE,listing evidence exclusion
2153,,MBB12510,,,corpbond,INSUFFICIENT_DISCOVERY_EVIDENCE,EXCLUDED,UNAVAILABLE,UNAVAILABLE,,UNAVAILABLE,INSUFFICIENT,KBS_CURRENT_LISTING,INSUFFICIENT_DISCOVERY_EVIDENCE,listing evidence exclusion
2154,,HDB12511,,,corpbond,INSUFFICIENT_DISCOVERY_EVIDENCE,EXCLUDED,UNAVAILABLE,UNAVAILABLE,,UNAVAILABLE,INSUFFICIENT,KBS_CURRENT_LISTING,INSUFFICIENT_DISCOVERY_EVIDENCE,listing evidence exclusion
2155,,MBB12340,,,corpbond,INSUFFICIENT_DISCOVERY_EVIDENCE,EXCLUDED,UNAVAILABLE,UNAVAILABLE,,UNAVAILABLE,INSUFFICIENT,KBS_CURRENT_LISTING,INSUFFICIENT_DISCOVERY_EVIDENCE,listing evidence exclusion
2156,,MBB12427,,,corpbond,INSUFFICIENT_DISCOVERY_EVIDENCE,EXCLUDED,UNAVAILABLE,UNAVAILABLE,,UNAVAILABLE,INSUFFICIENT,KBS_CURRENT_LISTING,INSUFFICIENT_DISCOVERY_EVIDENCE,listing evidence exclusion
2157,,TPB12531,,,corpbond,INSUFFICIENT_DISCOVERY_EVIDENCE,EXCLUDED,UNAVAILABLE,UNAVAILABLE,,UNAVAILABLE,INSUFFICIENT,KBS_CURRENT_LISTING,INSUFFICIENT_DISCOVERY_EVIDENCE,listing evidence exclusion
2158,,TCB12520,,,corpbond,INSUFFICIENT_DISCOVERY_EVIDENCE,EXCLUDED,UNAVAILABLE,UNAVAILABLE,,UNAVAILABLE,INSUFFICIENT,KBS_CURRENT_LISTING,INSUFFICIENT_DISCOVERY_EVIDENCE,listing evidence exclusion
2159,,VIF12402,,,corpbond,INSUFFICIENT_DISCOVERY_EVIDENCE,EXCLUDED,UNAVAILABLE,UNAVAILABLE,,UNAVAILABLE,INSUFFICIENT,KBS_CURRENT_LISTING,INSUFFICIENT_DISCOVERY_EVIDENCE,listing evidence exclusion
2160,,LPB12601,,,corpbond,INSUFFICIENT_DISCOVERY_EVIDENCE,EXCLUDED,UNAVAILABLE,UNAVAILABLE,,UNAVAILABLE,INSUFFICIENT,KBS_CURRENT_LISTING,INSUFFICIENT_DISCOVERY_EVIDENCE,listing evidence exclusion
2161,,VHM12613,,,corpbond,INSUFFICIENT_DISCOVERY_EVIDENCE,EXCLUDED,UNAVAILABLE,UNAVAILABLE,,UNAVAILABLE,INSUFFICIENT,KBS_CURRENT_LISTING,INSUFFICIENT_DISCOVERY_EVIDENCE,listing evidence exclusion
2162,,TPB12504,,,corpbond,INSUFFICIENT_DISCOVERY_EVIDENCE,EXCLUDED,UNAVAILABLE,UNAVAILABLE,,UNAVAILABLE,INSUFFICIENT,KBS_CURRENT_LISTING,INSUFFICIENT_DISCOVERY_EVIDENCE,listing evidence exclusion
2163,,VPB12508,,,corpbond,INSUFFICIENT_DISCOVERY_EVIDENCE,EXCLUDED,UNAVAILABLE,UNAVAILABLE,,UNAVAILABLE,INSUFFICIENT,KBS_CURRENT_LISTING,INSUFFICIENT_DISCOVERY_EVIDENCE,listing evidence exclusion
2164,,TLE12401,,,corpbond,INSUFFICIENT_DISCOVERY_EVIDENCE,EXCLUDED,UNAVAILABLE,UNAVAILABLE,,UNAVAILABLE,INSUFFICIENT,KBS_CURRENT_LISTING,INSUFFICIENT_DISCOVERY_EVIDENCE,listing evidence exclusion
2165,,HDB12303,,,corpbond,INSUFFICIENT_DISCOVERY_EVIDENCE,EXCLUDED,UNAVAILABLE,UNAVAILABLE,,UNAVAILABLE,INSUFFICIENT,KBS_CURRENT_LISTING,INSUFFICIENT_DISCOVERY_EVIDENCE,listing evidence exclusion
2166,,MIV12101,,,corpbond,INSUFFICIENT_DISCOVERY_EVIDENCE,EXCLUDED,UNAVAILABLE,UNAVAILABLE,,UNAVAILABLE,INSUFFICIENT,KBS_CURRENT_LISTING,INSUFFICIENT_DISCOVERY_EVIDENCE,listing evidence exclusion
2167,,TPB12423,,,corpbond,INSUFFICIENT_DISCOVERY_EVIDENCE,EXCLUDED,UNAVAILABLE,UNAVAILABLE,,UNAVAILABLE,INSUFFICIENT,KBS_CURRENT_LISTING,INSUFFICIENT_DISCOVERY_EVIDENCE,listing evidence exclusion
2168,,MBB12404,,,corpbond,INSUFFICIENT_DISCOVERY_EVIDENCE,EXCLUDED,UNAVAILABLE,UNAVAILABLE,,UNAVAILABLE,INSUFFICIENT,KBS_CURRENT_LISTING,INSUFFICIENT_DISCOVERY_EVIDENCE,listing evidence exclusion
2169,,TPB12404,,,corpbond,INSUFFICIENT_DISCOVERY_EVIDENCE,EXCLUDED,UNAVAILABLE,UNAVAILABLE,,UNAVAILABLE,INSUFFICIENT,KBS_CURRENT_LISTING,INSUFFICIENT_DISCOVERY_EVIDENCE,listing evidence exclusion
2170,,TPB12510,,,corpbond,INSUFFICIENT_DISCOVERY_EVIDENCE,EXCLUDED,UNAVAILABLE,UNAVAILABLE,,UNAVAILABLE,INSUFFICIENT,KBS_CURRENT_LISTING,INSUFFICIENT_DISCOVERY_EVIDENCE,listing evidence exclusion
2171,,SPJ12102,,,corpbond,INSUFFICIENT_DISCOVERY_EVIDENCE,EXCLUDED,UNAVAILABLE,UNAVAILABLE,,UNAVAILABLE,INSUFFICIENT,KBS_CURRENT_LISTING,INSUFFICIENT_DISCOVERY_EVIDENCE,listing evidence exclusion
2172,,VBA12502,,,corpbond,INSUFFICIENT_DISCOVERY_EVIDENCE,EXCLUDED,UNAVAILABLE,UNAVAILABLE,,UNAVAILABLE,INSUFFICIENT,KBS_CURRENT_LISTING,INSUFFICIENT_DISCOVERY_EVIDENCE,listing evidence exclusion
2173,,CIV12101,,,corpbond,INSUFFICIENT_DISCOVERY_EVIDENCE,EXCLUDED,UNAVAILABLE,UNAVAILABLE,,UNAVAILABLE,INSUFFICIENT,KBS_CURRENT_LISTING,INSUFFICIENT_DISCOVERY_EVIDENCE,listing evidence exclusion
2174,,TCX12506,,,corpbond,INSUFFICIENT_DISCOVERY_EVIDENCE,EXCLUDED,UNAVAILABLE,UNAVAILABLE,,UNAVAILABLE,INSUFFICIENT,KBS_CURRENT_LISTING,INSUFFICIENT_DISCOVERY_EVIDENCE,listing evidence exclusion
2175,,VHA32106,,,corpbond,INSUFFICIENT_DISCOVERY_EVIDENCE,EXCLUDED,UNAVAILABLE,UNAVAILABLE,,UNAVAILABLE,INSUFFICIENT,KBS_CURRENT_LISTING,INSUFFICIENT_DISCOVERY_EVIDENCE,listing evidence exclusion
2176,,VCB12603,,,corpbond,INSUFFICIENT_DISCOVERY_EVIDENCE,EXCLUDED,UNAVAILABLE,UNAVAILABLE,,UNAVAILABLE,INSUFFICIENT,KBS_CURRENT_LISTING,INSUFFICIENT_DISCOVERY_EVIDENCE,listing evidence exclusion
2177,,VCB12601,,,corpbond,INSUFFICIENT_DISCOVERY_EVIDENCE,EXCLUDED,UNAVAILABLE,UNAVAILABLE,,UNAVAILABLE,INSUFFICIENT,KBS_CURRENT_LISTING,INSUFFICIENT_DISCOVERY_EVIDENCE,listing evidence exclusion
2178,,MRE32106,,,corpbond,INSUFFICIENT_DISCOVERY_EVIDENCE,EXCLUDED,UNAVAILABLE,UNAVAILABLE,,UNAVAILABLE,INSUFFICIENT,KBS_CURRENT_LISTING,INSUFFICIENT_DISCOVERY_EVIDENCE,listing evidence exclusion
2179,,DPQ12202,,,corpbond,INSUFFICIENT_DISCOVERY_EVIDENCE,EXCLUDED,UNAVAILABLE,UNAVAILABLE,,UNAVAILABLE,INSUFFICIENT,KBS_CURRENT_LISTING,INSUFFICIENT_DISCOVERY_EVIDENCE,listing evidence exclusion
2180,,BID12418,,,corpbond,INSUFFICIENT_DISCOVERY_EVIDENCE,EXCLUDED,UNAVAILABLE,UNAVAILABLE,,UNAVAILABLE,INSUFFICIENT,KBS_CURRENT_LISTING,INSUFFICIENT_DISCOVERY_EVIDENCE,listing evidence exclusion
2181,,HDB12407,,,corpbond,INSUFFICIENT_DISCOVERY_EVIDENCE,EXCLUDED,UNAVAILABLE,UNAVAILABLE,,UNAVAILABLE,INSUFFICIENT,KBS_CURRENT_LISTING,INSUFFICIENT_DISCOVERY_EVIDENCE,listing evidence exclusion
2182,,MSG32507,,,corpbond,INSUFFICIENT_DISCOVERY_EVIDENCE,EXCLUDED,UNAVAILABLE,UNAVAILABLE,,UNAVAILABLE,INSUFFICIENT,KBS_CURRENT_LISTING,INSUFFICIENT_DISCOVERY_EVIDENCE,listing evidence exclusion
2183,,TDR12602,,,corpbond,INSUFFICIENT_DISCOVERY_EVIDENCE,EXCLUDED,UNAVAILABLE,UNAVAILABLE,,UNAVAILABLE,INSUFFICIENT,KBS_CURRENT_LISTING,INSUFFICIENT_DISCOVERY_EVIDENCE,listing evidence exclusion
2184,,BID12117,,,corpbond,INSUFFICIENT_DISCOVERY_EVIDENCE,EXCLUDED,UNAVAILABLE,UNAVAILABLE,,UNAVAILABLE,INSUFFICIENT,KBS_CURRENT_LISTING,INSUFFICIENT_DISCOVERY_EVIDENCE,listing evidence exclusion
2185,,DRT12404,,,corpbond,INSUFFICIENT_DISCOVERY_EVIDENCE,EXCLUDED,UNAVAILABLE,UNAVAILABLE,,UNAVAILABLE,INSUFFICIENT,KBS_CURRENT_LISTING,INSUFFICIENT_DISCOVERY_EVIDENCE,listing evidence exclusion
2186,,CTG12133,,,corpbond,INSUFFICIENT_DISCOVERY_EVIDENCE,EXCLUDED,UNAVAILABLE,UNAVAILABLE,,UNAVAILABLE,INSUFFICIENT,KBS_CURRENT_LISTING,INSUFFICIENT_DISCOVERY_EVIDENCE,listing evidence exclusion
2187,,HCV12509,,,corpbond,INSUFFICIENT_DISCOVERY_EVIDENCE,EXCLUDED,UNAVAILABLE,UNAVAILABLE,,UNAVAILABLE,INSUFFICIENT,KBS_CURRENT_LISTING,INSUFFICIENT_DISCOVERY_EVIDENCE,listing evidence exclusion
2188,,AQ112501,,,corpbond,INSUFFICIENT_DISCOVERY_EVIDENCE,EXCLUDED,UNAVAILABLE,UNAVAILABLE,,UNAVAILABLE,INSUFFICIENT,KBS_CURRENT_LISTING,INSUFFICIENT_DISCOVERY_EVIDENCE,listing evidence exclusion
2189,,UPS12501,,,corpbond,INSUFFICIENT_DISCOVERY_EVIDENCE,EXCLUDED,UNAVAILABLE,UNAVAILABLE,,UNAVAILABLE,INSUFFICIENT,KBS_CURRENT_LISTING,INSUFFICIENT_DISCOVERY_EVIDENCE,listing evidence exclusion
2190,,CTG12301,,,corpbond,INSUFFICIENT_DISCOVERY_EVIDENCE,EXCLUDED,UNAVAILABLE,UNAVAILABLE,,UNAVAILABLE,INSUFFICIENT,KBS_CURRENT_LISTING,INSUFFICIENT_DISCOVERY_EVIDENCE,listing evidence exclusion
2191,,VBA12208,,,corpbond,INSUFFICIENT_DISCOVERY_EVIDENCE,EXCLUDED,UNAVAILABLE,UNAVAILABLE,,UNAVAILABLE,INSUFFICIENT,KBS_CURRENT_LISTING,INSUFFICIENT_DISCOVERY_EVIDENCE,listing evidence exclusion
2192,,EVF12501,,,corpbond,INSUFFICIENT_DISCOVERY_EVIDENCE,EXCLUDED,UNAVAILABLE,UNAVAILABLE,,UNAVAILABLE,INSUFFICIENT,KBS_CURRENT_LISTING,INSUFFICIENT_DISCOVERY_EVIDENCE,listing evidence exclusion
2193,,CMG12501,,,corpbond,INSUFFICIENT_DISCOVERY_EVIDENCE,EXCLUDED,UNAVAILABLE,UNAVAILABLE,,UNAVAILABLE,INSUFFICIENT,KBS_CURRENT_LISTING,INSUFFICIENT_DISCOVERY_EVIDENCE,listing evidence exclusion
2194,,ACB12514,,,corpbond,INSUFFICIENT_DISCOVERY_EVIDENCE,EXCLUDED,UNAVAILABLE,UNAVAILABLE,,UNAVAILABLE,INSUFFICIENT,KBS_CURRENT_LISTING,INSUFFICIENT_DISCOVERY_EVIDENCE,listing evidence exclusion
2195,,TPB12520,,,corpbond,INSUFFICIENT_DISCOVERY_EVIDENCE,EXCLUDED,UNAVAILABLE,UNAVAILABLE,,UNAVAILABLE,INSUFFICIENT,KBS_CURRENT_LISTING,INSUFFICIENT_DISCOVERY_EVIDENCE,listing evidence exclusion
2196,,EVF12503,,,corpbond,INSUFFICIENT_DISCOVERY_EVIDENCE,EXCLUDED,UNAVAILABLE,UNAVAILABLE,,UNAVAILABLE,INSUFFICIENT,KBS_CURRENT_LISTING,INSUFFICIENT_DISCOVERY_EVIDENCE,listing evidence exclusion
2197,,BAB12604,,,corpbond,INSUFFICIENT_DISCOVERY_EVIDENCE,EXCLUDED,UNAVAILABLE,UNAVAILABLE,,UNAVAILABLE,INSUFFICIENT,KBS_CURRENT_LISTING,INSUFFICIENT_DISCOVERY_EVIDENCE,listing evidence exclusion
2198,,MSB12502,,,corpbond,INSUFFICIENT_DISCOVERY_EVIDENCE,EXCLUDED,UNAVAILABLE,UNAVAILABLE,,UNAVAILABLE,INSUFFICIENT,KBS_CURRENT_LISTING,INSUFFICIENT_DISCOVERY_EVIDENCE,listing evidence exclusion
2199,,TVR32501,,,corpbond,INSUFFICIENT_DISCOVERY_EVIDENCE,EXCLUDED,UNAVAILABLE,UNAVAILABLE,,UNAVAILABLE,INSUFFICIENT,KBS_CURRENT_LISTING,INSUFFICIENT_DISCOVERY_EVIDENCE,listing evidence exclusion
2200,,VPL12601,,,corpbond,INSUFFICIENT_DISCOVERY_EVIDENCE,EXCLUDED,UNAVAILABLE,UNAVAILABLE,,UNAVAILABLE,INSUFFICIENT,KBS_CURRENT_LISTING,INSUFFICIENT_DISCOVERY_EVIDENCE,listing evidence exclusion
2201,,HDL12103,,,corpbond,INSUFFICIENT_DISCOVERY_EVIDENCE,EXCLUDED,UNAVAILABLE,UNAVAILABLE,,UNAVAILABLE,INSUFFICIENT,KBS_CURRENT_LISTING,INSUFFICIENT_DISCOVERY_EVIDENCE,listing evidence exclusion
2202,,BAB12404,,,corpbond,INSUFFICIENT_DISCOVERY_EVIDENCE,EXCLUDED,UNAVAILABLE,UNAVAILABLE,,UNAVAILABLE,INSUFFICIENT,KBS_CURRENT_LISTING,INSUFFICIENT_DISCOVERY_EVIDENCE,listing evidence exclusion
2203,,MBBL12622,,,corpbond,INSUFFICIENT_DISCOVERY_EVIDENCE,EXCLUDED,UNAVAILABLE,UNAVAILABLE,,UNAVAILABLE,INSUFFICIENT,KBS_CURRENT_LISTING,INSUFFICIENT_DISCOVERY_EVIDENCE,listing evidence exclusion
2204,,TPQ12102,,,corpbond,INSUFFICIENT_DISCOVERY_EVIDENCE,EXCLUDED,UNAVAILABLE,UNAVAILABLE,,UNAVAILABLE,INSUFFICIENT,KBS_CURRENT_LISTING,INSUFFICIENT_DISCOVERY_EVIDENCE,listing evidence exclusion
2205,,IHP12501,,,corpbond,INSUFFICIENT_DISCOVERY_EVIDENCE,EXCLUDED,UNAVAILABLE,UNAVAILABLE,,UNAVAILABLE,INSUFFICIENT,KBS_CURRENT_LISTING,INSUFFICIENT_DISCOVERY_EVIDENCE,listing evidence exclusion
2206,,PDA12501,,,corpbond,INSUFFICIENT_DISCOVERY_EVIDENCE,EXCLUDED,UNAVAILABLE,UNAVAILABLE,,UNAVAILABLE,INSUFFICIENT,KBS_CURRENT_LISTING,INSUFFICIENT_DISCOVERY_EVIDENCE,listing evidence exclusion
2207,,HTA12301,,,corpbond,INSUFFICIENT_DISCOVERY_EVIDENCE,EXCLUDED,UNAVAILABLE,UNAVAILABLE,,UNAVAILABLE,INSUFFICIENT,KBS_CURRENT_LISTING,INSUFFICIENT_DISCOVERY_EVIDENCE,listing evidence exclusion
2208,,STB12605,,,corpbond,INSUFFICIENT_DISCOVERY_EVIDENCE,EXCLUDED,UNAVAILABLE,UNAVAILABLE,,UNAVAILABLE,INSUFFICIENT,KBS_CURRENT_LISTING,INSUFFICIENT_DISCOVERY_EVIDENCE,listing evidence exclusion
2209,,TNR32104,,,corpbond,INSUFFICIENT_DISCOVERY_EVIDENCE,EXCLUDED,UNAVAILABLE,UNAVAILABLE,,UNAVAILABLE,INSUFFICIENT,KBS_CURRENT_LISTING,INSUFFICIENT_DISCOVERY_EVIDENCE,listing evidence exclusion
2210,,WTO12103,,,corpbond,INSUFFICIENT_DISCOVERY_EVIDENCE,EXCLUDED,UNAVAILABLE,UNAVAILABLE,,UNAVAILABLE,INSUFFICIENT,KBS_CURRENT_LISTING,INSUFFICIENT_DISCOVERY_EVIDENCE,listing evidence exclusion
2211,,VJC12337,,,corpbond,INSUFFICIENT_DISCOVERY_EVIDENCE,EXCLUDED,UNAVAILABLE,UNAVAILABLE,,UNAVAILABLE,INSUFFICIENT,KBS_CURRENT_LISTING,INSUFFICIENT_DISCOVERY_EVIDENCE,listing evidence exclusion
2212,,VIC12507,,,corpbond,INSUFFICIENT_DISCOVERY_EVIDENCE,EXCLUDED,UNAVAILABLE,UNAVAILABLE,,UNAVAILABLE,INSUFFICIENT,KBS_CURRENT_LISTING,INSUFFICIENT_DISCOVERY_EVIDENCE,listing evidence exclusion
2213,,KHG12303,,,corpbond,INSUFFICIENT_DISCOVERY_EVIDENCE,EXCLUDED,UNAVAILABLE,UNAVAILABLE,,UNAVAILABLE,INSUFFICIENT,KBS_CURRENT_LISTING,INSUFFICIENT_DISCOVERY_EVIDENCE,listing evidence exclusion
2214,,LHT12403,,,corpbond,INSUFFICIENT_DISCOVERY_EVIDENCE,EXCLUDED,UNAVAILABLE,UNAVAILABLE,,UNAVAILABLE,INSUFFICIENT,KBS_CURRENT_LISTING,INSUFFICIENT_DISCOVERY_EVIDENCE,listing evidence exclusion
2215,,VJC12317,,,corpbond,INSUFFICIENT_DISCOVERY_EVIDENCE,EXCLUDED,UNAVAILABLE,UNAVAILABLE,,UNAVAILABLE,INSUFFICIENT,KBS_CURRENT_LISTING,INSUFFICIENT_DISCOVERY_EVIDENCE,listing evidence exclusion
2216,,BID12606,,,corpbond,INSUFFICIENT_DISCOVERY_EVIDENCE,EXCLUDED,UNAVAILABLE,UNAVAILABLE,,UNAVAILABLE,INSUFFICIENT,KBS_CURRENT_LISTING,INSUFFICIENT_DISCOVERY_EVIDENCE,listing evidence exclusion
2217,,YTW12104,,,corpbond,INSUFFICIENT_DISCOVERY_EVIDENCE,EXCLUDED,UNAVAILABLE,UNAVAILABLE,,UNAVAILABLE,INSUFFICIENT,KBS_CURRENT_LISTING,INSUFFICIENT_DISCOVERY_EVIDENCE,listing evidence exclusion
2218,,LPB12406,,,corpbond,INSUFFICIENT_DISCOVERY_EVIDENCE,EXCLUDED,UNAVAILABLE,UNAVAILABLE,,UNAVAILABLE,INSUFFICIENT,KBS_CURRENT_LISTING,INSUFFICIENT_DISCOVERY_EVIDENCE,listing evidence exclusion
2219,,BID12426,,,corpbond,INSUFFICIENT_DISCOVERY_EVIDENCE,EXCLUDED,UNAVAILABLE,UNAVAILABLE,,UNAVAILABLE,INSUFFICIENT,KBS_CURRENT_LISTING,INSUFFICIENT_DISCOVERY_EVIDENCE,listing evidence exclusion
2220,,MBS12601,,,corpbond,INSUFFICIENT_DISCOVERY_EVIDENCE,EXCLUDED,UNAVAILABLE,UNAVAILABLE,,UNAVAILABLE,INSUFFICIENT,KBS_CURRENT_LISTING,INSUFFICIENT_DISCOVERY_EVIDENCE,listing evidence exclusion
2221,,CTG12408,,,corpbond,INSUFFICIENT_DISCOVERY_EVIDENCE,EXCLUDED,UNAVAILABLE,UNAVAILABLE,,UNAVAILABLE,INSUFFICIENT,KBS_CURRENT_LISTING,INSUFFICIENT_DISCOVERY_EVIDENCE,listing evidence exclusion
2222,,TPB12503,,,corpbond,INSUFFICIENT_DISCOVERY_EVIDENCE,EXCLUDED,UNAVAILABLE,UNAVAILABLE,,UNAVAILABLE,INSUFFICIENT,KBS_CURRENT_LISTING,INSUFFICIENT_DISCOVERY_EVIDENCE,listing evidence exclusion
2223,,NLG12205,,,corpbond,INSUFFICIENT_DISCOVERY_EVIDENCE,EXCLUDED,UNAVAILABLE,UNAVAILABLE,,UNAVAILABLE,INSUFFICIENT,KBS_CURRENT_LISTING,INSUFFICIENT_DISCOVERY_EVIDENCE,listing evidence exclusion
2224,,SHS12601,,,corpbond,INSUFFICIENT_DISCOVERY_EVIDENCE,EXCLUDED,UNAVAILABLE,UNAVAILABLE,,UNAVAILABLE,INSUFFICIENT,KBS_CURRENT_LISTING,INSUFFICIENT_DISCOVERY_EVIDENCE,listing evidence exclusion
2225,,KRF12301,,,corpbond,INSUFFICIENT_DISCOVERY_EVIDENCE,EXCLUDED,UNAVAILABLE,UNAVAILABLE,,UNAVAILABLE,INSUFFICIENT,KBS_CURRENT_LISTING,INSUFFICIENT_DISCOVERY_EVIDENCE,listing evidence exclusion
2226,,MBB12614,,,corpbond,INSUFFICIENT_DISCOVERY_EVIDENCE,EXCLUDED,UNAVAILABLE,UNAVAILABLE,,UNAVAILABLE,INSUFFICIENT,KBS_CURRENT_LISTING,INSUFFICIENT_DISCOVERY_EVIDENCE,listing evidence exclusion
2227,,CTG12505,,,corpbond,INSUFFICIENT_DISCOVERY_EVIDENCE,EXCLUDED,UNAVAILABLE,UNAVAILABLE,,UNAVAILABLE,INSUFFICIENT,KBS_CURRENT_LISTING,INSUFFICIENT_DISCOVERY_EVIDENCE,listing evidence exclusion
2228,,VJC12312,,,corpbond,INSUFFICIENT_DISCOVERY_EVIDENCE,EXCLUDED,UNAVAILABLE,UNAVAILABLE,,UNAVAILABLE,INSUFFICIENT,KBS_CURRENT_LISTING,INSUFFICIENT_DISCOVERY_EVIDENCE,listing evidence exclusion
2229,,BMS12501,,,corpbond,INSUFFICIENT_DISCOVERY_EVIDENCE,EXCLUDED,UNAVAILABLE,UNAVAILABLE,,UNAVAILABLE,INSUFFICIENT,KBS_CURRENT_LISTING,INSUFFICIENT_DISCOVERY_EVIDENCE,listing evidence exclusion
2230,,BAB12503,,,corpbond,INSUFFICIENT_DISCOVERY_EVIDENCE,EXCLUDED,UNAVAILABLE,UNAVAILABLE,,UNAVAILABLE,INSUFFICIENT,KBS_CURRENT_LISTING,INSUFFICIENT_DISCOVERY_EVIDENCE,listing evidence exclusion
2231,,MSG32509,,,corpbond,INSUFFICIENT_DISCOVERY_EVIDENCE,EXCLUDED,UNAVAILABLE,UNAVAILABLE,,UNAVAILABLE,INSUFFICIENT,KBS_CURRENT_LISTING,INSUFFICIENT_DISCOVERY_EVIDENCE,listing evidence exclusion
2232,,SHL12501,,,corpbond,INSUFFICIENT_DISCOVERY_EVIDENCE,EXCLUDED,UNAVAILABLE,UNAVAILABLE,,UNAVAILABLE,INSUFFICIENT,KBS_CURRENT_LISTING,INSUFFICIENT_DISCOVERY_EVIDENCE,listing evidence exclusion
2233,,VIC12511,,,corpbond,INSUFFICIENT_DISCOVERY_EVIDENCE,EXCLUDED,UNAVAILABLE,UNAVAILABLE,,UNAVAILABLE,INSUFFICIENT,KBS_CURRENT_LISTING,INSUFFICIENT_DISCOVERY_EVIDENCE,listing evidence exclusion
2234,,HDB12406,,,corpbond,INSUFFICIENT_DISCOVERY_EVIDENCE,EXCLUDED,UNAVAILABLE,UNAVAILABLE,,UNAVAILABLE,INSUFFICIENT,KBS_CURRENT_LISTING,INSUFFICIENT_DISCOVERY_EVIDENCE,listing evidence exclusion
2235,,TNF32102,,,corpbond,INSUFFICIENT_DISCOVERY_EVIDENCE,EXCLUDED,UNAVAILABLE,UNAVAILABLE,,UNAVAILABLE,INSUFFICIENT,KBS_CURRENT_LISTING,INSUFFICIENT_DISCOVERY_EVIDENCE,listing evidence exclusion
2236,,OCB12401,,,corpbond,INSUFFICIENT_DISCOVERY_EVIDENCE,EXCLUDED,UNAVAILABLE,UNAVAILABLE,,UNAVAILABLE,INSUFFICIENT,KBS_CURRENT_LISTING,INSUFFICIENT_DISCOVERY_EVIDENCE,listing evidence exclusion
2237,,SBT12501,,,corpbond,INSUFFICIENT_DISCOVERY_EVIDENCE,EXCLUDED,UNAVAILABLE,UNAVAILABLE,,UNAVAILABLE,INSUFFICIENT,KBS_CURRENT_LISTING,INSUFFICIENT_DISCOVERY_EVIDENCE,listing evidence exclusion
2238,,BID12531,,,corpbond,INSUFFICIENT_DISCOVERY_EVIDENCE,EXCLUDED,UNAVAILABLE,UNAVAILABLE,,UNAVAILABLE,INSUFFICIENT,KBS_CURRENT_LISTING,INSUFFICIENT_DISCOVERY_EVIDENCE,listing evidence exclusion
2239,,MBBL12624,,,corpbond,INSUFFICIENT_DISCOVERY_EVIDENCE,EXCLUDED,UNAVAILABLE,UNAVAILABLE,,UNAVAILABLE,INSUFFICIENT,KBS_CURRENT_LISTING,INSUFFICIENT_DISCOVERY_EVIDENCE,listing evidence exclusion
2240,,SBT12301,,,corpbond,INSUFFICIENT_DISCOVERY_EVIDENCE,EXCLUDED,UNAVAILABLE,UNAVAILABLE,,UNAVAILABLE,INSUFFICIENT,KBS_CURRENT_LISTING,INSUFFICIENT_DISCOVERY_EVIDENCE,listing evidence exclusion
2241,,VJC12324,,,corpbond,INSUFFICIENT_DISCOVERY_EVIDENCE,EXCLUDED,UNAVAILABLE,UNAVAILABLE,,UNAVAILABLE,INSUFFICIENT,KBS_CURRENT_LISTING,INSUFFICIENT_DISCOVERY_EVIDENCE,listing evidence exclusion
2242,,TVR32505,,,corpbond,INSUFFICIENT_DISCOVERY_EVIDENCE,EXCLUDED,UNAVAILABLE,UNAVAILABLE,,UNAVAILABLE,INSUFFICIENT,KBS_CURRENT_LISTING,INSUFFICIENT_DISCOVERY_EVIDENCE,listing evidence exclusion
2243,,LPB12405,,,corpbond,INSUFFICIENT_DISCOVERY_EVIDENCE,EXCLUDED,UNAVAILABLE,UNAVAILABLE,,UNAVAILABLE,INSUFFICIENT,KBS_CURRENT_LISTING,INSUFFICIENT_DISCOVERY_EVIDENCE,listing evidence exclusion
2244,,DRT12401,,,corpbond,INSUFFICIENT_DISCOVERY_EVIDENCE,EXCLUDED,UNAVAILABLE,UNAVAILABLE,,UNAVAILABLE,INSUFFICIENT,KBS_CURRENT_LISTING,INSUFFICIENT_DISCOVERY_EVIDENCE,listing evidence exclusion
2245,,ASG12501,,,corpbond,INSUFFICIENT_DISCOVERY_EVIDENCE,EXCLUDED,UNAVAILABLE,UNAVAILABLE,,UNAVAILABLE,INSUFFICIENT,KBS_CURRENT_LISTING,INSUFFICIENT_DISCOVERY_EVIDENCE,listing evidence exclusion
2246,,HDQ12302,,,corpbond,INSUFFICIENT_DISCOVERY_EVIDENCE,EXCLUDED,UNAVAILABLE,UNAVAILABLE,,UNAVAILABLE,INSUFFICIENT,KBS_CURRENT_LISTING,INSUFFICIENT_DISCOVERY_EVIDENCE,listing evidence exclusion
2247,,TDR12601,,,corpbond,INSUFFICIENT_DISCOVERY_EVIDENCE,EXCLUDED,UNAVAILABLE,UNAVAILABLE,,UNAVAILABLE,INSUFFICIENT,KBS_CURRENT_LISTING,INSUFFICIENT_DISCOVERY_EVIDENCE,listing evidence exclusion
2248,,BVC12601,,,corpbond,INSUFFICIENT_DISCOVERY_EVIDENCE,EXCLUDED,UNAVAILABLE,UNAVAILABLE,,UNAVAILABLE,INSUFFICIENT,KBS_CURRENT_LISTING,INSUFFICIENT_DISCOVERY_EVIDENCE,listing evidence exclusion
2249,,HDB12507,,,corpbond,INSUFFICIENT_DISCOVERY_EVIDENCE,EXCLUDED,UNAVAILABLE,UNAVAILABLE,,UNAVAILABLE,INSUFFICIENT,KBS_CURRENT_LISTING,INSUFFICIENT_DISCOVERY_EVIDENCE,listing evidence exclusion
2250,,SGG12102,,,corpbond,INSUFFICIENT_DISCOVERY_EVIDENCE,EXCLUDED,UNAVAILABLE,UNAVAILABLE,,UNAVAILABLE,INSUFFICIENT,KBS_CURRENT_LISTING,INSUFFICIENT_DISCOVERY_EVIDENCE,listing evidence exclusion
2251,,MBB12109,,,corpbond,INSUFFICIENT_DISCOVERY_EVIDENCE,EXCLUDED,UNAVAILABLE,UNAVAILABLE,,UNAVAILABLE,INSUFFICIENT,KBS_CURRENT_LISTING,INSUFFICIENT_DISCOVERY_EVIDENCE,listing evidence exclusion
2252,,HDB12301,,,corpbond,INSUFFICIENT_DISCOVERY_EVIDENCE,EXCLUDED,UNAVAILABLE,UNAVAILABLE,,UNAVAILABLE,INSUFFICIENT,KBS_CURRENT_LISTING,INSUFFICIENT_DISCOVERY_EVIDENCE,listing evidence exclusion
2253,,MBB12239,,,corpbond,INSUFFICIENT_DISCOVERY_EVIDENCE,EXCLUDED,UNAVAILABLE,UNAVAILABLE,,UNAVAILABLE,INSUFFICIENT,KBS_CURRENT_LISTING,INSUFFICIENT_DISCOVERY_EVIDENCE,listing evidence exclusion
2254,,TPB12534,,,corpbond,INSUFFICIENT_DISCOVERY_EVIDENCE,EXCLUDED,UNAVAILABLE,UNAVAILABLE,,UNAVAILABLE,INSUFFICIENT,KBS_CURRENT_LISTING,INSUFFICIENT_DISCOVERY_EVIDENCE,listing evidence exclusion
2255,,ACB12515,,,corpbond,INSUFFICIENT_DISCOVERY_EVIDENCE,EXCLUDED,UNAVAILABLE,UNAVAILABLE,,UNAVAILABLE,INSUFFICIENT,KBS_CURRENT_LISTING,INSUFFICIENT_DISCOVERY_EVIDENCE,listing evidence exclusion
2256,,BID12512,,,corpbond,INSUFFICIENT_DISCOVERY_EVIDENCE,EXCLUDED,UNAVAILABLE,UNAVAILABLE,,UNAVAILABLE,INSUFFICIENT,KBS_CURRENT_LISTING,INSUFFICIENT_DISCOVERY_EVIDENCE,listing evidence exclusion
2257,,SBT12302,,,corpbond,INSUFFICIENT_DISCOVERY_EVIDENCE,EXCLUDED,UNAVAILABLE,UNAVAILABLE,,UNAVAILABLE,INSUFFICIENT,KBS_CURRENT_LISTING,INSUFFICIENT_DISCOVERY_EVIDENCE,listing evidence exclusion
2258,,STB12604,,,corpbond,INSUFFICIENT_DISCOVERY_EVIDENCE,EXCLUDED,UNAVAILABLE,UNAVAILABLE,,UNAVAILABLE,INSUFFICIENT,KBS_CURRENT_LISTING,INSUFFICIENT_DISCOVERY_EVIDENCE,listing evidence exclusion
2259,,VPB12511,,,corpbond,INSUFFICIENT_DISCOVERY_EVIDENCE,EXCLUDED,UNAVAILABLE,UNAVAILABLE,,UNAVAILABLE,INSUFFICIENT,KBS_CURRENT_LISTING,INSUFFICIENT_DISCOVERY_EVIDENCE,listing evidence exclusion
2260,,TBB12101,,,corpbond,INSUFFICIENT_DISCOVERY_EVIDENCE,EXCLUDED,UNAVAILABLE,UNAVAILABLE,,UNAVAILABLE,INSUFFICIENT,KBS_CURRENT_LISTING,INSUFFICIENT_DISCOVERY_EVIDENCE,listing evidence exclusion
2261,,TCB12608,,,corpbond,INSUFFICIENT_DISCOVERY_EVIDENCE,EXCLUDED,UNAVAILABLE,UNAVAILABLE,,UNAVAILABLE,INSUFFICIENT,KBS_CURRENT_LISTING,INSUFFICIENT_DISCOVERY_EVIDENCE,listing evidence exclusion
2262,,TCB12516,,,corpbond,INSUFFICIENT_DISCOVERY_EVIDENCE,EXCLUDED,UNAVAILABLE,UNAVAILABLE,,UNAVAILABLE,INSUFFICIENT,KBS_CURRENT_LISTING,INSUFFICIENT_DISCOVERY_EVIDENCE,listing evidence exclusion
2263,,BID12609,,,corpbond,INSUFFICIENT_DISCOVERY_EVIDENCE,EXCLUDED,UNAVAILABLE,UNAVAILABLE,,UNAVAILABLE,INSUFFICIENT,KBS_CURRENT_LISTING,INSUFFICIENT_DISCOVERY_EVIDENCE,listing evidence exclusion
2264,,VJC12327,,,corpbond,INSUFFICIENT_DISCOVERY_EVIDENCE,EXCLUDED,UNAVAILABLE,UNAVAILABLE,,UNAVAILABLE,INSUFFICIENT,KBS_CURRENT_LISTING,INSUFFICIENT_DISCOVERY_EVIDENCE,listing evidence exclusion
2265,,LPB12602,,,corpbond,INSUFFICIENT_DISCOVERY_EVIDENCE,EXCLUDED,UNAVAILABLE,UNAVAILABLE,,UNAVAILABLE,INSUFFICIENT,KBS_CURRENT_LISTING,INSUFFICIENT_DISCOVERY_EVIDENCE,listing evidence exclusion
2266,,HDB12609,,,corpbond,INSUFFICIENT_DISCOVERY_EVIDENCE,EXCLUDED,UNAVAILABLE,UNAVAILABLE,,UNAVAILABLE,INSUFFICIENT,KBS_CURRENT_LISTING,INSUFFICIENT_DISCOVERY_EVIDENCE,listing evidence exclusion
2267,,NAB12602,,,corpbond,INSUFFICIENT_DISCOVERY_EVIDENCE,EXCLUDED,UNAVAILABLE,UNAVAILABLE,,UNAVAILABLE,INSUFFICIENT,KBS_CURRENT_LISTING,INSUFFICIENT_DISCOVERY_EVIDENCE,listing evidence exclusion
2268,,VPB12604,,,corpbond,INSUFFICIENT_DISCOVERY_EVIDENCE,EXCLUDED,UNAVAILABLE,UNAVAILABLE,,UNAVAILABLE,INSUFFICIENT,KBS_CURRENT_LISTING,INSUFFICIENT_DISCOVERY_EVIDENCE,listing evidence exclusion
2269,,OCB12506,,,corpbond,INSUFFICIENT_DISCOVERY_EVIDENCE,EXCLUDED,UNAVAILABLE,UNAVAILABLE,,UNAVAILABLE,INSUFFICIENT,KBS_CURRENT_LISTING,INSUFFICIENT_DISCOVERY_EVIDENCE,listing evidence exclusion
2270,,BID12509,,,corpbond,INSUFFICIENT_DISCOVERY_EVIDENCE,EXCLUDED,UNAVAILABLE,UNAVAILABLE,,UNAVAILABLE,INSUFFICIENT,KBS_CURRENT_LISTING,INSUFFICIENT_DISCOVERY_EVIDENCE,listing evidence exclusion
2271,,OCB12517,,,corpbond,INSUFFICIENT_DISCOVERY_EVIDENCE,EXCLUDED,UNAVAILABLE,UNAVAILABLE,,UNAVAILABLE,INSUFFICIENT,KBS_CURRENT_LISTING,INSUFFICIENT_DISCOVERY_EVIDENCE,listing evidence exclusion
2272,,TPB12546,,,corpbond,INSUFFICIENT_DISCOVERY_EVIDENCE,EXCLUDED,UNAVAILABLE,UNAVAILABLE,,UNAVAILABLE,INSUFFICIENT,KBS_CURRENT_LISTING,INSUFFICIENT_DISCOVERY_EVIDENCE,listing evidence exclusion
2273,,VHM12503,,,corpbond,INSUFFICIENT_DISCOVERY_EVIDENCE,EXCLUDED,UNAVAILABLE,UNAVAILABLE,,UNAVAILABLE,INSUFFICIENT,KBS_CURRENT_LISTING,INSUFFICIENT_DISCOVERY_EVIDENCE,listing evidence exclusion
2274,,MBB12604,,,corpbond,INSUFFICIENT_DISCOVERY_EVIDENCE,EXCLUDED,UNAVAILABLE,UNAVAILABLE,,UNAVAILABLE,INSUFFICIENT,KBS_CURRENT_LISTING,INSUFFICIENT_DISCOVERY_EVIDENCE,listing evidence exclusion
2275,,MBB12504,,,corpbond,INSUFFICIENT_DISCOVERY_EVIDENCE,EXCLUDED,UNAVAILABLE,UNAVAILABLE,,UNAVAILABLE,INSUFFICIENT,KBS_CURRENT_LISTING,INSUFFICIENT_DISCOVERY_EVIDENCE,listing evidence exclusion
2276,,SBP12205,,,corpbond,INSUFFICIENT_DISCOVERY_EVIDENCE,EXCLUDED,UNAVAILABLE,UNAVAILABLE,,UNAVAILABLE,INSUFFICIENT,KBS_CURRENT_LISTING,INSUFFICIENT_DISCOVERY_EVIDENCE,listing evidence exclusion
2277,,HDB12503,,,corpbond,INSUFFICIENT_DISCOVERY_EVIDENCE,EXCLUDED,UNAVAILABLE,UNAVAILABLE,,UNAVAILABLE,INSUFFICIENT,KBS_CURRENT_LISTING,INSUFFICIENT_DISCOVERY_EVIDENCE,listing evidence exclusion
2278,,SBT12402,,,corpbond,INSUFFICIENT_DISCOVERY_EVIDENCE,EXCLUDED,UNAVAILABLE,UNAVAILABLE,,UNAVAILABLE,INSUFFICIENT,KBS_CURRENT_LISTING,INSUFFICIENT_DISCOVERY_EVIDENCE,listing evidence exclusion
2279,,TPB12533,,,corpbond,INSUFFICIENT_DISCOVERY_EVIDENCE,EXCLUDED,UNAVAILABLE,UNAVAILABLE,,UNAVAILABLE,INSUFFICIENT,KBS_CURRENT_LISTING,INSUFFICIENT_DISCOVERY_EVIDENCE,listing evidence exclusion
2280,,BID12124,,,corpbond,INSUFFICIENT_DISCOVERY_EVIDENCE,EXCLUDED,UNAVAILABLE,UNAVAILABLE,,UNAVAILABLE,INSUFFICIENT,KBS_CURRENT_LISTING,INSUFFICIENT_DISCOVERY_EVIDENCE,listing evidence exclusion
2281,,MBB12507,,,corpbond,INSUFFICIENT_DISCOVERY_EVIDENCE,EXCLUDED,UNAVAILABLE,UNAVAILABLE,,UNAVAILABLE,INSUFFICIENT,KBS_CURRENT_LISTING,INSUFFICIENT_DISCOVERY_EVIDENCE,listing evidence exclusion
2282,,VPB12515,,,corpbond,INSUFFICIENT_DISCOVERY_EVIDENCE,EXCLUDED,UNAVAILABLE,UNAVAILABLE,,UNAVAILABLE,INSUFFICIENT,KBS_CURRENT_LISTING,INSUFFICIENT_DISCOVERY_EVIDENCE,listing evidence exclusion
2283,,HDB12506,,,corpbond,INSUFFICIENT_DISCOVERY_EVIDENCE,EXCLUDED,UNAVAILABLE,UNAVAILABLE,,UNAVAILABLE,INSUFFICIENT,KBS_CURRENT_LISTING,INSUFFICIENT_DISCOVERY_EVIDENCE,listing evidence exclusion
2284,,IMG12102,,,corpbond,INSUFFICIENT_DISCOVERY_EVIDENCE,EXCLUDED,UNAVAILABLE,UNAVAILABLE,,UNAVAILABLE,INSUFFICIENT,KBS_CURRENT_LISTING,INSUFFICIENT_DISCOVERY_EVIDENCE,listing evidence exclusion
2285,,CTG12402,,,corpbond,INSUFFICIENT_DISCOVERY_EVIDENCE,EXCLUDED,UNAVAILABLE,UNAVAILABLE,,UNAVAILABLE,INSUFFICIENT,KBS_CURRENT_LISTING,INSUFFICIENT_DISCOVERY_EVIDENCE,listing evidence exclusion
2286,,LPB12505,,,corpbond,INSUFFICIENT_DISCOVERY_EVIDENCE,EXCLUDED,UNAVAILABLE,UNAVAILABLE,,UNAVAILABLE,INSUFFICIENT,KBS_CURRENT_LISTING,INSUFFICIENT_DISCOVERY_EVIDENCE,listing evidence exclusion
2287,,NPM12209,,,corpbond,INSUFFICIENT_DISCOVERY_EVIDENCE,EXCLUDED,UNAVAILABLE,UNAVAILABLE,,UNAVAILABLE,INSUFFICIENT,KBS_CURRENT_LISTING,INSUFFICIENT_DISCOVERY_EVIDENCE,listing evidence exclusion
2288,,VLH12501,,,corpbond,INSUFFICIENT_DISCOVERY_EVIDENCE,EXCLUDED,UNAVAILABLE,UNAVAILABLE,,UNAVAILABLE,INSUFFICIENT,KBS_CURRENT_LISTING,INSUFFICIENT_DISCOVERY_EVIDENCE,listing evidence exclusion
2289,,VBA12102,,,corpbond,INSUFFICIENT_DISCOVERY_EVIDENCE,EXCLUDED,UNAVAILABLE,UNAVAILABLE,,UNAVAILABLE,INSUFFICIENT,KBS_CURRENT_LISTING,INSUFFICIENT_DISCOVERY_EVIDENCE,listing evidence exclusion
2290,,MBB12619,,,corpbond,INSUFFICIENT_DISCOVERY_EVIDENCE,EXCLUDED,UNAVAILABLE,UNAVAILABLE,,UNAVAILABLE,INSUFFICIENT,KBS_CURRENT_LISTING,INSUFFICIENT_DISCOVERY_EVIDENCE,listing evidence exclusion
2291,,VCB12401,,,corpbond,INSUFFICIENT_DISCOVERY_EVIDENCE,EXCLUDED,UNAVAILABLE,UNAVAILABLE,,UNAVAILABLE,INSUFFICIENT,KBS_CURRENT_LISTING,INSUFFICIENT_DISCOVERY_EVIDENCE,listing evidence exclusion
2292,,CTG12107,,,corpbond,INSUFFICIENT_DISCOVERY_EVIDENCE,EXCLUDED,UNAVAILABLE,UNAVAILABLE,,UNAVAILABLE,INSUFFICIENT,KBS_CURRENT_LISTING,INSUFFICIENT_DISCOVERY_EVIDENCE,listing evidence exclusion
2293,,MBB12101,,,corpbond,INSUFFICIENT_DISCOVERY_EVIDENCE,EXCLUDED,UNAVAILABLE,UNAVAILABLE,,UNAVAILABLE,INSUFFICIENT,KBS_CURRENT_LISTING,INSUFFICIENT_DISCOVERY_EVIDENCE,listing evidence exclusion
2294,,TCB12509,,,corpbond,INSUFFICIENT_DISCOVERY_EVIDENCE,EXCLUDED,UNAVAILABLE,UNAVAILABLE,,UNAVAILABLE,INSUFFICIENT,KBS_CURRENT_LISTING,INSUFFICIENT_DISCOVERY_EVIDENCE,listing evidence exclusion
2295,,TPB12522,,,corpbond,INSUFFICIENT_DISCOVERY_EVIDENCE,EXCLUDED,UNAVAILABLE,UNAVAILABLE,,UNAVAILABLE,INSUFFICIENT,KBS_CURRENT_LISTING,INSUFFICIENT_DISCOVERY_EVIDENCE,listing evidence exclusion
2296,,BP112501,,,corpbond,INSUFFICIENT_DISCOVERY_EVIDENCE,EXCLUDED,UNAVAILABLE,UNAVAILABLE,,UNAVAILABLE,INSUFFICIENT,KBS_CURRENT_LISTING,INSUFFICIENT_DISCOVERY_EVIDENCE,listing evidence exclusion
2297,,TCB12519,,,corpbond,INSUFFICIENT_DISCOVERY_EVIDENCE,EXCLUDED,UNAVAILABLE,UNAVAILABLE,,UNAVAILABLE,INSUFFICIENT,KBS_CURRENT_LISTING,INSUFFICIENT_DISCOVERY_EVIDENCE,listing evidence exclusion
2298,,MBB12609,,,corpbond,INSUFFICIENT_DISCOVERY_EVIDENCE,EXCLUDED,UNAVAILABLE,UNAVAILABLE,,UNAVAILABLE,INSUFFICIENT,KBS_CURRENT_LISTING,INSUFFICIENT_DISCOVERY_EVIDENCE,listing evidence exclusion
2299,,MBB12530,,,corpbond,INSUFFICIENT_DISCOVERY_EVIDENCE,EXCLUDED,UNAVAILABLE,UNAVAILABLE,,UNAVAILABLE,INSUFFICIENT,KBS_CURRENT_LISTING,INSUFFICIENT_DISCOVERY_EVIDENCE,listing evidence exclusion
2300,,VIC12504,,,corpbond,INSUFFICIENT_DISCOVERY_EVIDENCE,EXCLUDED,UNAVAILABLE,UNAVAILABLE,,UNAVAILABLE,INSUFFICIENT,KBS_CURRENT_LISTING,INSUFFICIENT_DISCOVERY_EVIDENCE,listing evidence exclusion
2301,,TCB12515,,,corpbond,INSUFFICIENT_DISCOVERY_EVIDENCE,EXCLUDED,UNAVAILABLE,UNAVAILABLE,,UNAVAILABLE,INSUFFICIENT,KBS_CURRENT_LISTING,INSUFFICIENT_DISCOVERY_EVIDENCE,listing evidence exclusion
2302,,VPB12507,,,corpbond,INSUFFICIENT_DISCOVERY_EVIDENCE,EXCLUDED,UNAVAILABLE,UNAVAILABLE,,UNAVAILABLE,INSUFFICIENT,KBS_CURRENT_LISTING,INSUFFICIENT_DISCOVERY_EVIDENCE,listing evidence exclusion
2303,,BID12513,,,corpbond,INSUFFICIENT_DISCOVERY_EVIDENCE,EXCLUDED,UNAVAILABLE,UNAVAILABLE,,UNAVAILABLE,INSUFFICIENT,KBS_CURRENT_LISTING,INSUFFICIENT_DISCOVERY_EVIDENCE,listing evidence exclusion
2304,,DRT12502,,,corpbond,INSUFFICIENT_DISCOVERY_EVIDENCE,EXCLUDED,UNAVAILABLE,UNAVAILABLE,,UNAVAILABLE,INSUFFICIENT,KBS_CURRENT_LISTING,INSUFFICIENT_DISCOVERY_EVIDENCE,listing evidence exclusion
2305,,VJV12303,,,corpbond,INSUFFICIENT_DISCOVERY_EVIDENCE,EXCLUDED,UNAVAILABLE,UNAVAILABLE,,UNAVAILABLE,INSUFFICIENT,KBS_CURRENT_LISTING,INSUFFICIENT_DISCOVERY_EVIDENCE,listing evidence exclusion
2306,,HDB12304,,,corpbond,INSUFFICIENT_DISCOVERY_EVIDENCE,EXCLUDED,UNAVAILABLE,UNAVAILABLE,,UNAVAILABLE,INSUFFICIENT,KBS_CURRENT_LISTING,INSUFFICIENT_DISCOVERY_EVIDENCE,listing evidence exclusion
2307,,NPM12202,,,corpbond,INSUFFICIENT_DISCOVERY_EVIDENCE,EXCLUDED,UNAVAILABLE,UNAVAILABLE,,UNAVAILABLE,INSUFFICIENT,KBS_CURRENT_LISTING,INSUFFICIENT_DISCOVERY_EVIDENCE,listing evidence exclusion
2308,,HOS12601,,,corpbond,INSUFFICIENT_DISCOVERY_EVIDENCE,EXCLUDED,UNAVAILABLE,UNAVAILABLE,,UNAVAILABLE,INSUFFICIENT,KBS_CURRENT_LISTING,INSUFFICIENT_DISCOVERY_EVIDENCE,listing evidence exclusion
2309,,HDB12502,,,corpbond,INSUFFICIENT_DISCOVERY_EVIDENCE,EXCLUDED,UNAVAILABLE,UNAVAILABLE,,UNAVAILABLE,INSUFFICIENT,KBS_CURRENT_LISTING,INSUFFICIENT_DISCOVERY_EVIDENCE,listing evidence exclusion
2310,,XTC12101,,,corpbond,INSUFFICIENT_DISCOVERY_EVIDENCE,EXCLUDED,UNAVAILABLE,UNAVAILABLE,,UNAVAILABLE,INSUFFICIENT,KBS_CURRENT_LISTING,INSUFFICIENT_DISCOVERY_EVIDENCE,listing evidence exclusion
2311,,VPB12602,,,corpbond,INSUFFICIENT_DISCOVERY_EVIDENCE,EXCLUDED,UNAVAILABLE,UNAVAILABLE,,UNAVAILABLE,INSUFFICIENT,KBS_CURRENT_LISTING,INSUFFICIENT_DISCOVERY_EVIDENCE,listing evidence exclusion
2312,,NAB12605,,,corpbond,INSUFFICIENT_DISCOVERY_EVIDENCE,EXCLUDED,UNAVAILABLE,UNAVAILABLE,,UNAVAILABLE,INSUFFICIENT,KBS_CURRENT_LISTING,INSUFFICIENT_DISCOVERY_EVIDENCE,listing evidence exclusion
2313,,SGG12101,,,corpbond,INSUFFICIENT_DISCOVERY_EVIDENCE,EXCLUDED,UNAVAILABLE,UNAVAILABLE,,UNAVAILABLE,INSUFFICIENT,KBS_CURRENT_LISTING,INSUFFICIENT_DISCOVERY_EVIDENCE,listing evidence exclusion
2314,,TPB12549,,,corpbond,INSUFFICIENT_DISCOVERY_EVIDENCE,EXCLUDED,UNAVAILABLE,UNAVAILABLE,,UNAVAILABLE,INSUFFICIENT,KBS_CURRENT_LISTING,INSUFFICIENT_DISCOVERY_EVIDENCE,listing evidence exclusion
2315,,CTG12338,,,corpbond,INSUFFICIENT_DISCOVERY_EVIDENCE,EXCLUDED,UNAVAILABLE,UNAVAILABLE,,UNAVAILABLE,INSUFFICIENT,KBS_CURRENT_LISTING,INSUFFICIENT_DISCOVERY_EVIDENCE,listing evidence exclusion
2316,,MBB12301,,,corpbond,INSUFFICIENT_DISCOVERY_EVIDENCE,EXCLUDED,UNAVAILABLE,UNAVAILABLE,,UNAVAILABLE,INSUFFICIENT,KBS_CURRENT_LISTING,INSUFFICIENT_DISCOVERY_EVIDENCE,listing evidence exclusion
2317,,BAF42301,,,corpbond,INSUFFICIENT_DISCOVERY_EVIDENCE,EXCLUDED,UNAVAILABLE,UNAVAILABLE,,UNAVAILABLE,INSUFFICIENT,KBS_CURRENT_LISTING,INSUFFICIENT_DISCOVERY_EVIDENCE,listing evidence exclusion
2318,,BID12520,,,corpbond,INSUFFICIENT_DISCOVERY_EVIDENCE,EXCLUDED,UNAVAILABLE,UNAVAILABLE,,UNAVAILABLE,INSUFFICIENT,KBS_CURRENT_LISTING,INSUFFICIENT_DISCOVERY_EVIDENCE,listing evidence exclusion
2319,,MBB12516,,,corpbond,INSUFFICIENT_DISCOVERY_EVIDENCE,EXCLUDED,UNAVAILABLE,UNAVAILABLE,,UNAVAILABLE,INSUFFICIENT,KBS_CURRENT_LISTING,INSUFFICIENT_DISCOVERY_EVIDENCE,listing evidence exclusion
2320,,VPB12605,,,corpbond,INSUFFICIENT_DISCOVERY_EVIDENCE,EXCLUDED,UNAVAILABLE,UNAVAILABLE,,UNAVAILABLE,INSUFFICIENT,KBS_CURRENT_LISTING,INSUFFICIENT_DISCOVERY_EVIDENCE,listing evidence exclusion
2321,,VHM12610,,,corpbond,INSUFFICIENT_DISCOVERY_EVIDENCE,EXCLUDED,UNAVAILABLE,UNAVAILABLE,,UNAVAILABLE,INSUFFICIENT,KBS_CURRENT_LISTING,INSUFFICIENT_DISCOVERY_EVIDENCE,listing evidence exclusion
2322,,HDB12428,,,corpbond,INSUFFICIENT_DISCOVERY_EVIDENCE,EXCLUDED,UNAVAILABLE,UNAVAILABLE,,UNAVAILABLE,INSUFFICIENT,KBS_CURRENT_LISTING,INSUFFICIENT_DISCOVERY_EVIDENCE,listing evidence exclusion
2323,,BID12423,,,corpbond,INSUFFICIENT_DISCOVERY_EVIDENCE,EXCLUDED,UNAVAILABLE,UNAVAILABLE,,UNAVAILABLE,INSUFFICIENT,KBS_CURRENT_LISTING,INSUFFICIENT_DISCOVERY_EVIDENCE,listing evidence exclusion
2324,,F8812507,,,corpbond,INSUFFICIENT_DISCOVERY_EVIDENCE,EXCLUDED,UNAVAILABLE,UNAVAILABLE,,UNAVAILABLE,INSUFFICIENT,KBS_CURRENT_LISTING,INSUFFICIENT_DISCOVERY_EVIDENCE,listing evidence exclusion
2325,,MBB12114,,,corpbond,INSUFFICIENT_DISCOVERY_EVIDENCE,EXCLUDED,UNAVAILABLE,UNAVAILABLE,,UNAVAILABLE,INSUFFICIENT,KBS_CURRENT_LISTING,INSUFFICIENT_DISCOVERY_EVIDENCE,listing evidence exclusion
2326,,CTG12410,,,corpbond,INSUFFICIENT_DISCOVERY_EVIDENCE,EXCLUDED,UNAVAILABLE,UNAVAILABLE,,UNAVAILABLE,INSUFFICIENT,KBS_CURRENT_LISTING,INSUFFICIENT_DISCOVERY_EVIDENCE,listing evidence exclusion
2327,,ACB12512,,,corpbond,INSUFFICIENT_DISCOVERY_EVIDENCE,EXCLUDED,UNAVAILABLE,UNAVAILABLE,,UNAVAILABLE,INSUFFICIENT,KBS_CURRENT_LISTING,INSUFFICIENT_DISCOVERY_EVIDENCE,listing evidence exclusion
2328,,TCB12506,,,corpbond,INSUFFICIENT_DISCOVERY_EVIDENCE,EXCLUDED,UNAVAILABLE,UNAVAILABLE,,UNAVAILABLE,INSUFFICIENT,KBS_CURRENT_LISTING,INSUFFICIENT_DISCOVERY_EVIDENCE,listing evidence exclusion
2329,,HDB12606,,,corpbond,INSUFFICIENT_DISCOVERY_EVIDENCE,EXCLUDED,UNAVAILABLE,UNAVAILABLE,,UNAVAILABLE,INSUFFICIENT,KBS_CURRENT_LISTING,INSUFFICIENT_DISCOVERY_EVIDENCE,listing evidence exclusion
2330,,NPM12306,,,corpbond,INSUFFICIENT_DISCOVERY_EVIDENCE,EXCLUDED,UNAVAILABLE,UNAVAILABLE,,UNAVAILABLE,INSUFFICIENT,KBS_CURRENT_LISTING,INSUFFICIENT_DISCOVERY_EVIDENCE,listing evidence exclusion
2331,,HNV32201,,,corpbond,INSUFFICIENT_DISCOVERY_EVIDENCE,EXCLUDED,UNAVAILABLE,UNAVAILABLE,,UNAVAILABLE,INSUFFICIENT,KBS_CURRENT_LISTING,INSUFFICIENT_DISCOVERY_EVIDENCE,listing evidence exclusion
2332,,VPI12602,,,corpbond,INSUFFICIENT_DISCOVERY_EVIDENCE,EXCLUDED,UNAVAILABLE,UNAVAILABLE,,UNAVAILABLE,INSUFFICIENT,KBS_CURRENT_LISTING,INSUFFICIENT_DISCOVERY_EVIDENCE,listing evidence exclusion
2333,,ETC42501,,,corpbond,INSUFFICIENT_DISCOVERY_EVIDENCE,EXCLUDED,UNAVAILABLE,UNAVAILABLE,,UNAVAILABLE,INSUFFICIENT,KBS_CURRENT_LISTING,INSUFFICIENT_DISCOVERY_EVIDENCE,listing evidence exclusion
2334,,MBS12301,,,corpbond,INSUFFICIENT_DISCOVERY_EVIDENCE,EXCLUDED,UNAVAILABLE,UNAVAILABLE,,UNAVAILABLE,INSUFFICIENT,KBS_CURRENT_LISTING,INSUFFICIENT_DISCOVERY_EVIDENCE,listing evidence exclusion
2335,,HDE12301,,,corpbond,INSUFFICIENT_DISCOVERY_EVIDENCE,EXCLUDED,UNAVAILABLE,UNAVAILABLE,,UNAVAILABLE,INSUFFICIENT,KBS_CURRENT_LISTING,INSUFFICIENT_DISCOVERY_EVIDENCE,listing evidence exclusion
2336,,TPB12509,,,corpbond,INSUFFICIENT_DISCOVERY_EVIDENCE,EXCLUDED,UNAVAILABLE,UNAVAILABLE,,UNAVAILABLE,INSUFFICIENT,KBS_CURRENT_LISTING,INSUFFICIENT_DISCOVERY_EVIDENCE,listing evidence exclusion
2337,,VCBL12607,,,corpbond,INSUFFICIENT_DISCOVERY_EVIDENCE,EXCLUDED,UNAVAILABLE,UNAVAILABLE,,UNAVAILABLE,INSUFFICIENT,KBS_CURRENT_LISTING,INSUFFICIENT_DISCOVERY_EVIDENCE,listing evidence exclusion
2338,,VIB12321,,,corpbond,INSUFFICIENT_DISCOVERY_EVIDENCE,EXCLUDED,UNAVAILABLE,UNAVAILABLE,,UNAVAILABLE,INSUFFICIENT,KBS_CURRENT_LISTING,INSUFFICIENT_DISCOVERY_EVIDENCE,listing evidence exclusion
2339,,VHA32109,,,corpbond,INSUFFICIENT_DISCOVERY_EVIDENCE,EXCLUDED,UNAVAILABLE,UNAVAILABLE,,UNAVAILABLE,INSUFFICIENT,KBS_CURRENT_LISTING,INSUFFICIENT_DISCOVERY_EVIDENCE,listing evidence exclusion
2340,,TPB12515,,,corpbond,INSUFFICIENT_DISCOVERY_EVIDENCE,EXCLUDED,UNAVAILABLE,UNAVAILABLE,,UNAVAILABLE,INSUFFICIENT,KBS_CURRENT_LISTING,INSUFFICIENT_DISCOVERY_EVIDENCE,listing evidence exclusion
2341,,SGX12501,,,corpbond,INSUFFICIENT_DISCOVERY_EVIDENCE,EXCLUDED,UNAVAILABLE,UNAVAILABLE,,UNAVAILABLE,INSUFFICIENT,KBS_CURRENT_LISTING,INSUFFICIENT_DISCOVERY_EVIDENCE,listing evidence exclusion
2342,,EDI12301,,,corpbond,INSUFFICIENT_DISCOVERY_EVIDENCE,EXCLUDED,UNAVAILABLE,UNAVAILABLE,,UNAVAILABLE,INSUFFICIENT,KBS_CURRENT_LISTING,INSUFFICIENT_DISCOVERY_EVIDENCE,listing evidence exclusion
2343,,ACB12509,,,corpbond,INSUFFICIENT_DISCOVERY_EVIDENCE,EXCLUDED,UNAVAILABLE,UNAVAILABLE,,UNAVAILABLE,INSUFFICIENT,KBS_CURRENT_LISTING,INSUFFICIENT_DISCOVERY_EVIDENCE,listing evidence exclusion
2344,,BID12407,,,corpbond,INSUFFICIENT_DISCOVERY_EVIDENCE,EXCLUDED,UNAVAILABLE,UNAVAILABLE,,UNAVAILABLE,INSUFFICIENT,KBS_CURRENT_LISTING,INSUFFICIENT_DISCOVERY_EVIDENCE,listing evidence exclusion
2345,,VIC12506,,,corpbond,INSUFFICIENT_DISCOVERY_EVIDENCE,EXCLUDED,UNAVAILABLE,UNAVAILABLE,,UNAVAILABLE,INSUFFICIENT,KBS_CURRENT_LISTING,INSUFFICIENT_DISCOVERY_EVIDENCE,listing evidence exclusion
2346,,MBB12528,,,corpbond,INSUFFICIENT_DISCOVERY_EVIDENCE,EXCLUDED,UNAVAILABLE,UNAVAILABLE,,UNAVAILABLE,INSUFFICIENT,KBS_CURRENT_LISTING,INSUFFICIENT_DISCOVERY_EVIDENCE,listing evidence exclusion
2347,,BID12528,,,corpbond,INSUFFICIENT_DISCOVERY_EVIDENCE,EXCLUDED,UNAVAILABLE,UNAVAILABLE,,UNAVAILABLE,INSUFFICIENT,KBS_CURRENT_LISTING,INSUFFICIENT_DISCOVERY_EVIDENCE,listing evidence exclusion
2348,,THL12602,,,corpbond,INSUFFICIENT_DISCOVERY_EVIDENCE,EXCLUDED,UNAVAILABLE,UNAVAILABLE,,UNAVAILABLE,INSUFFICIENT,KBS_CURRENT_LISTING,INSUFFICIENT_DISCOVERY_EVIDENCE,listing evidence exclusion
2349,,BID12612,,,corpbond,INSUFFICIENT_DISCOVERY_EVIDENCE,EXCLUDED,UNAVAILABLE,UNAVAILABLE,,UNAVAILABLE,INSUFFICIENT,KBS_CURRENT_LISTING,INSUFFICIENT_DISCOVERY_EVIDENCE,listing evidence exclusion
2350,,DIT22401,,,corpbond,INSUFFICIENT_DISCOVERY_EVIDENCE,EXCLUDED,UNAVAILABLE,UNAVAILABLE,,UNAVAILABLE,INSUFFICIENT,KBS_CURRENT_LISTING,INSUFFICIENT_DISCOVERY_EVIDENCE,listing evidence exclusion
2351,,LPB12507,,,corpbond,INSUFFICIENT_DISCOVERY_EVIDENCE,EXCLUDED,UNAVAILABLE,UNAVAILABLE,,UNAVAILABLE,INSUFFICIENT,KBS_CURRENT_LISTING,INSUFFICIENT_DISCOVERY_EVIDENCE,listing evidence exclusion
2352,,WDL12101,,,corpbond,INSUFFICIENT_DISCOVERY_EVIDENCE,EXCLUDED,UNAVAILABLE,UNAVAILABLE,,UNAVAILABLE,INSUFFICIENT,KBS_CURRENT_LISTING,INSUFFICIENT_DISCOVERY_EVIDENCE,listing evidence exclusion
2353,,TCB12510,,,corpbond,INSUFFICIENT_DISCOVERY_EVIDENCE,EXCLUDED,UNAVAILABLE,UNAVAILABLE,,UNAVAILABLE,INSUFFICIENT,KBS_CURRENT_LISTING,INSUFFICIENT_DISCOVERY_EVIDENCE,listing evidence exclusion
2354,,VHM12502,,,corpbond,INSUFFICIENT_DISCOVERY_EVIDENCE,EXCLUDED,UNAVAILABLE,UNAVAILABLE,,UNAVAILABLE,INSUFFICIENT,KBS_CURRENT_LISTING,INSUFFICIENT_DISCOVERY_EVIDENCE,listing evidence exclusion
2355,,MBB12347,,,corpbond,INSUFFICIENT_DISCOVERY_EVIDENCE,EXCLUDED,UNAVAILABLE,UNAVAILABLE,,UNAVAILABLE,INSUFFICIENT,KBS_CURRENT_LISTING,INSUFFICIENT_DISCOVERY_EVIDENCE,listing evidence exclusion
2356,,ABB12512,,,corpbond,INSUFFICIENT_DISCOVERY_EVIDENCE,EXCLUDED,UNAVAILABLE,UNAVAILABLE,,UNAVAILABLE,INSUFFICIENT,KBS_CURRENT_LISTING,INSUFFICIENT_DISCOVERY_EVIDENCE,listing evidence exclusion
2357,,BPS12602,,,corpbond,INSUFFICIENT_DISCOVERY_EVIDENCE,EXCLUDED,UNAVAILABLE,UNAVAILABLE,,UNAVAILABLE,INSUFFICIENT,KBS_CURRENT_LISTING,INSUFFICIENT_DISCOVERY_EVIDENCE,listing evidence exclusion
2358,,TPB12514,,,corpbond,INSUFFICIENT_DISCOVERY_EVIDENCE,EXCLUDED,UNAVAILABLE,UNAVAILABLE,,UNAVAILABLE,INSUFFICIENT,KBS_CURRENT_LISTING,INSUFFICIENT_DISCOVERY_EVIDENCE,listing evidence exclusion
2359,,TGI12301,,,corpbond,INSUFFICIENT_DISCOVERY_EVIDENCE,EXCLUDED,UNAVAILABLE,UNAVAILABLE,,UNAVAILABLE,INSUFFICIENT,KBS_CURRENT_LISTING,INSUFFICIENT_DISCOVERY_EVIDENCE,listing evidence exclusion
2360,,MBS12404,,,corpbond,INSUFFICIENT_DISCOVERY_EVIDENCE,EXCLUDED,UNAVAILABLE,UNAVAILABLE,,UNAVAILABLE,INSUFFICIENT,KBS_CURRENT_LISTING,INSUFFICIENT_DISCOVERY_EVIDENCE,listing evidence exclusion
2361,,TVR32503,,,corpbond,INSUFFICIENT_DISCOVERY_EVIDENCE,EXCLUDED,UNAVAILABLE,UNAVAILABLE,,UNAVAILABLE,INSUFFICIENT,KBS_CURRENT_LISTING,INSUFFICIENT_DISCOVERY_EVIDENCE,listing evidence exclusion
2362,,VHML12616,,,corpbond,INSUFFICIENT_DISCOVERY_EVIDENCE,EXCLUDED,UNAVAILABLE,UNAVAILABLE,,UNAVAILABLE,INSUFFICIENT,KBS_CURRENT_LISTING,INSUFFICIENT_DISCOVERY_EVIDENCE,listing evidence exclusion
2363,,TCB12606,,,corpbond,INSUFFICIENT_DISCOVERY_EVIDENCE,EXCLUDED,UNAVAILABLE,UNAVAILABLE,,UNAVAILABLE,INSUFFICIENT,KBS_CURRENT_LISTING,INSUFFICIENT_DISCOVERY_EVIDENCE,listing evidence exclusion
2364,,BID12533,,,corpbond,INSUFFICIENT_DISCOVERY_EVIDENCE,EXCLUDED,UNAVAILABLE,UNAVAILABLE,,UNAVAILABLE,INSUFFICIENT,KBS_CURRENT_LISTING,INSUFFICIENT_DISCOVERY_EVIDENCE,listing evidence exclusion
2365,,MBB12407,,,corpbond,INSUFFICIENT_DISCOVERY_EVIDENCE,EXCLUDED,UNAVAILABLE,UNAVAILABLE,,UNAVAILABLE,INSUFFICIENT,KBS_CURRENT_LISTING,INSUFFICIENT_DISCOVERY_EVIDENCE,listing evidence exclusion
2366,,TRE32601,,,corpbond,INSUFFICIENT_DISCOVERY_EVIDENCE,EXCLUDED,UNAVAILABLE,UNAVAILABLE,,UNAVAILABLE,INSUFFICIENT,KBS_CURRENT_LISTING,INSUFFICIENT_DISCOVERY_EVIDENCE,listing evidence exclusion
2367,,VJC12334,,,corpbond,INSUFFICIENT_DISCOVERY_EVIDENCE,EXCLUDED,UNAVAILABLE,UNAVAILABLE,,UNAVAILABLE,INSUFFICIENT,KBS_CURRENT_LISTING,INSUFFICIENT_DISCOVERY_EVIDENCE,listing evidence exclusion
2368,,TCB12417,,,corpbond,INSUFFICIENT_DISCOVERY_EVIDENCE,EXCLUDED,UNAVAILABLE,UNAVAILABLE,,UNAVAILABLE,INSUFFICIENT,KBS_CURRENT_LISTING,INSUFFICIENT_DISCOVERY_EVIDENCE,listing evidence exclusion
2369,,MSB12504,,,corpbond,INSUFFICIENT_DISCOVERY_EVIDENCE,EXCLUDED,UNAVAILABLE,UNAVAILABLE,,UNAVAILABLE,INSUFFICIENT,KBS_CURRENT_LISTING,INSUFFICIENT_DISCOVERY_EVIDENCE,listing evidence exclusion
2370,,VJC12311,,,corpbond,INSUFFICIENT_DISCOVERY_EVIDENCE,EXCLUDED,UNAVAILABLE,UNAVAILABLE,,UNAVAILABLE,INSUFFICIENT,KBS_CURRENT_LISTING,INSUFFICIENT_DISCOVERY_EVIDENCE,listing evidence exclusion
2371,,VJC12323,,,corpbond,INSUFFICIENT_DISCOVERY_EVIDENCE,EXCLUDED,UNAVAILABLE,UNAVAILABLE,,UNAVAILABLE,INSUFFICIENT,KBS_CURRENT_LISTING,INSUFFICIENT_DISCOVERY_EVIDENCE,listing evidence exclusion
2372,,BCM12407,,,corpbond,INSUFFICIENT_DISCOVERY_EVIDENCE,EXCLUDED,UNAVAILABLE,UNAVAILABLE,,UNAVAILABLE,INSUFFICIENT,KBS_CURRENT_LISTING,INSUFFICIENT_DISCOVERY_EVIDENCE,listing evidence exclusion
2373,,BID12243,,,corpbond,INSUFFICIENT_DISCOVERY_EVIDENCE,EXCLUDED,UNAVAILABLE,UNAVAILABLE,,UNAVAILABLE,INSUFFICIENT,KBS_CURRENT_LISTING,INSUFFICIENT_DISCOVERY_EVIDENCE,listing evidence exclusion
2374,,PCB12601,,,corpbond,INSUFFICIENT_DISCOVERY_EVIDENCE,EXCLUDED,UNAVAILABLE,UNAVAILABLE,,UNAVAILABLE,INSUFFICIENT,KBS_CURRENT_LISTING,INSUFFICIENT_DISCOVERY_EVIDENCE,listing evidence exclusion
2375,,VBB12102,,,corpbond,INSUFFICIENT_DISCOVERY_EVIDENCE,EXCLUDED,UNAVAILABLE,UNAVAILABLE,,UNAVAILABLE,INSUFFICIENT,KBS_CURRENT_LISTING,INSUFFICIENT_DISCOVERY_EVIDENCE,listing evidence exclusion
2376,,BID12516,,,corpbond,INSUFFICIENT_DISCOVERY_EVIDENCE,EXCLUDED,UNAVAILABLE,UNAVAILABLE,,UNAVAILABLE,INSUFFICIENT,KBS_CURRENT_LISTING,INSUFFICIENT_DISCOVERY_EVIDENCE,listing evidence exclusion
2377,,TCB12522,,,corpbond,INSUFFICIENT_DISCOVERY_EVIDENCE,EXCLUDED,UNAVAILABLE,UNAVAILABLE,,UNAVAILABLE,INSUFFICIENT,KBS_CURRENT_LISTING,INSUFFICIENT_DISCOVERY_EVIDENCE,listing evidence exclusion
2378,,VIB12505,,,corpbond,INSUFFICIENT_DISCOVERY_EVIDENCE,EXCLUDED,UNAVAILABLE,UNAVAILABLE,,UNAVAILABLE,INSUFFICIENT,KBS_CURRENT_LISTING,INSUFFICIENT_DISCOVERY_EVIDENCE,listing evidence exclusion
2379,,HDB12409,,,corpbond,INSUFFICIENT_DISCOVERY_EVIDENCE,EXCLUDED,UNAVAILABLE,UNAVAILABLE,,UNAVAILABLE,INSUFFICIENT,KBS_CURRENT_LISTING,INSUFFICIENT_DISCOVERY_EVIDENCE,listing evidence exclusion
2380,,TLE12402,,,corpbond,INSUFFICIENT_DISCOVERY_EVIDENCE,EXCLUDED,UNAVAILABLE,UNAVAILABLE,,UNAVAILABLE,INSUFFICIENT,KBS_CURRENT_LISTING,INSUFFICIENT_DISCOVERY_EVIDENCE,listing evidence exclusion
2381,,OCB12504,,,corpbond,INSUFFICIENT_DISCOVERY_EVIDENCE,EXCLUDED,UNAVAILABLE,UNAVAILABLE,,UNAVAILABLE,INSUFFICIENT,KBS_CURRENT_LISTING,INSUFFICIENT_DISCOVERY_EVIDENCE,listing evidence exclusion
2382,,SMC12102,,,corpbond,INSUFFICIENT_DISCOVERY_EVIDENCE,EXCLUDED,UNAVAILABLE,UNAVAILABLE,,UNAVAILABLE,INSUFFICIENT,KBS_CURRENT_LISTING,INSUFFICIENT_DISCOVERY_EVIDENCE,listing evidence exclusion
2383,,CII12501,,,corpbond,INSUFFICIENT_DISCOVERY_EVIDENCE,EXCLUDED,UNAVAILABLE,UNAVAILABLE,,UNAVAILABLE,INSUFFICIENT,KBS_CURRENT_LISTING,INSUFFICIENT_DISCOVERY_EVIDENCE,listing evidence exclusion
2384,,TPB12545,,,corpbond,INSUFFICIENT_DISCOVERY_EVIDENCE,EXCLUDED,UNAVAILABLE,UNAVAILABLE,,UNAVAILABLE,INSUFFICIENT,KBS_CURRENT_LISTING,INSUFFICIENT_DISCOVERY_EVIDENCE,listing evidence exclusion
2385,,EVF12502,,,corpbond,INSUFFICIENT_DISCOVERY_EVIDENCE,EXCLUDED,UNAVAILABLE,UNAVAILABLE,,UNAVAILABLE,INSUFFICIENT,KBS_CURRENT_LISTING,INSUFFICIENT_DISCOVERY_EVIDENCE,listing evidence exclusion
2386,,TPB12511,,,corpbond,INSUFFICIENT_DISCOVERY_EVIDENCE,EXCLUDED,UNAVAILABLE,UNAVAILABLE,,UNAVAILABLE,INSUFFICIENT,KBS_CURRENT_LISTING,INSUFFICIENT_DISCOVERY_EVIDENCE,listing evidence exclusion
2387,,MBB12512,,,corpbond,INSUFFICIENT_DISCOVERY_EVIDENCE,EXCLUDED,UNAVAILABLE,UNAVAILABLE,,UNAVAILABLE,INSUFFICIENT,KBS_CURRENT_LISTING,INSUFFICIENT_DISCOVERY_EVIDENCE,listing evidence exclusion
2388,,TPQ12103,,,corpbond,INSUFFICIENT_DISCOVERY_EVIDENCE,EXCLUDED,UNAVAILABLE,UNAVAILABLE,,UNAVAILABLE,INSUFFICIENT,KBS_CURRENT_LISTING,INSUFFICIENT_DISCOVERY_EVIDENCE,listing evidence exclusion
2389,,VIO32503,,,corpbond,INSUFFICIENT_DISCOVERY_EVIDENCE,EXCLUDED,UNAVAILABLE,UNAVAILABLE,,UNAVAILABLE,INSUFFICIENT,KBS_CURRENT_LISTING,INSUFFICIENT_DISCOVERY_EVIDENCE,listing evidence exclusion
2390,,VIF12403,,,corpbond,INSUFFICIENT_DISCOVERY_EVIDENCE,EXCLUDED,UNAVAILABLE,UNAVAILABLE,,UNAVAILABLE,INSUFFICIENT,KBS_CURRENT_LISTING,INSUFFICIENT_DISCOVERY_EVIDENCE,listing evidence exclusion
2391,,VBB12101,,,corpbond,INSUFFICIENT_DISCOVERY_EVIDENCE,EXCLUDED,UNAVAILABLE,UNAVAILABLE,,UNAVAILABLE,INSUFFICIENT,KBS_CURRENT_LISTING,INSUFFICIENT_DISCOVERY_EVIDENCE,listing evidence exclusion
2392,,HCV12507,,,corpbond,INSUFFICIENT_DISCOVERY_EVIDENCE,EXCLUDED,UNAVAILABLE,UNAVAILABLE,,UNAVAILABLE,INSUFFICIENT,KBS_CURRENT_LISTING,INSUFFICIENT_DISCOVERY_EVIDENCE,listing evidence exclusion
2393,,UNT12101,,,corpbond,INSUFFICIENT_DISCOVERY_EVIDENCE,EXCLUDED,UNAVAILABLE,UNAVAILABLE,,UNAVAILABLE,INSUFFICIENT,KBS_CURRENT_LISTING,INSUFFICIENT_DISCOVERY_EVIDENCE,listing evidence exclusion
2394,,HDL12102,,,corpbond,INSUFFICIENT_DISCOVERY_EVIDENCE,EXCLUDED,UNAVAILABLE,UNAVAILABLE,,UNAVAILABLE,INSUFFICIENT,KBS_CURRENT_LISTING,INSUFFICIENT_DISCOVERY_EVIDENCE,listing evidence exclusion
2395,,BID12614,,,corpbond,INSUFFICIENT_DISCOVERY_EVIDENCE,EXCLUDED,UNAVAILABLE,UNAVAILABLE,,UNAVAILABLE,INSUFFICIENT,KBS_CURRENT_LISTING,INSUFFICIENT_DISCOVERY_EVIDENCE,listing evidence exclusion
2396,,ORS12304,,,corpbond,INSUFFICIENT_DISCOVERY_EVIDENCE,EXCLUDED,UNAVAILABLE,UNAVAILABLE,,UNAVAILABLE,INSUFFICIENT,KBS_CURRENT_LISTING,INSUFFICIENT_DISCOVERY_EVIDENCE,listing evidence exclusion
2397,,BAF12501,,,corpbond,INSUFFICIENT_DISCOVERY_EVIDENCE,EXCLUDED,UNAVAILABLE,UNAVAILABLE,,UNAVAILABLE,INSUFFICIENT,KBS_CURRENT_LISTING,INSUFFICIENT_DISCOVERY_EVIDENCE,listing evidence exclusion
2398,,TCX12504,,,corpbond,INSUFFICIENT_DISCOVERY_EVIDENCE,EXCLUDED,UNAVAILABLE,UNAVAILABLE,,UNAVAILABLE,INSUFFICIENT,KBS_CURRENT_LISTING,INSUFFICIENT_DISCOVERY_EVIDENCE,listing evidence exclusion
2399,,BID12434,,,corpbond,INSUFFICIENT_DISCOVERY_EVIDENCE,EXCLUDED,UNAVAILABLE,UNAVAILABLE,,UNAVAILABLE,INSUFFICIENT,KBS_CURRENT_LISTING,INSUFFICIENT_DISCOVERY_EVIDENCE,listing evidence exclusion
2400,,ORS12202,,,corpbond,INSUFFICIENT_DISCOVERY_EVIDENCE,EXCLUDED,UNAVAILABLE,UNAVAILABLE,,UNAVAILABLE,INSUFFICIENT,KBS_CURRENT_LISTING,INSUFFICIENT_DISCOVERY_EVIDENCE,listing evidence exclusion
2401,,BID12122,,,corpbond,INSUFFICIENT_DISCOVERY_EVIDENCE,EXCLUDED,UNAVAILABLE,UNAVAILABLE,,UNAVAILABLE,INSUFFICIENT,KBS_CURRENT_LISTING,INSUFFICIENT_DISCOVERY_EVIDENCE,listing evidence exclusion
2402,,TPB12506,,,corpbond,INSUFFICIENT_DISCOVERY_EVIDENCE,EXCLUDED,UNAVAILABLE,UNAVAILABLE,,UNAVAILABLE,INSUFFICIENT,KBS_CURRENT_LISTING,INSUFFICIENT_DISCOVERY_EVIDENCE,listing evidence exclusion
2403,,VPI12504,,,corpbond,INSUFFICIENT_DISCOVERY_EVIDENCE,EXCLUDED,UNAVAILABLE,UNAVAILABLE,,UNAVAILABLE,INSUFFICIENT,KBS_CURRENT_LISTING,INSUFFICIENT_DISCOVERY_EVIDENCE,listing evidence exclusion
2404,,STI12501,,,corpbond,INSUFFICIENT_DISCOVERY_EVIDENCE,EXCLUDED,UNAVAILABLE,UNAVAILABLE,,UNAVAILABLE,INSUFFICIENT,KBS_CURRENT_LISTING,INSUFFICIENT_DISCOVERY_EVIDENCE,listing evidence exclusion
2405,,NWT12501,,,corpbond,INSUFFICIENT_DISCOVERY_EVIDENCE,EXCLUDED,UNAVAILABLE,UNAVAILABLE,,UNAVAILABLE,INSUFFICIENT,KBS_CURRENT_LISTING,INSUFFICIENT_DISCOVERY_EVIDENCE,listing evidence exclusion
2406,,PDA12601,,,corpbond,INSUFFICIENT_DISCOVERY_EVIDENCE,EXCLUDED,UNAVAILABLE,UNAVAILABLE,,UNAVAILABLE,INSUFFICIENT,KBS_CURRENT_LISTING,INSUFFICIENT_DISCOVERY_EVIDENCE,listing evidence exclusion
2407,,HDB12513,,,corpbond,INSUFFICIENT_DISCOVERY_EVIDENCE,EXCLUDED,UNAVAILABLE,UNAVAILABLE,,UNAVAILABLE,INSUFFICIENT,KBS_CURRENT_LISTING,INSUFFICIENT_DISCOVERY_EVIDENCE,listing evidence exclusion
2408,,TPB12448,,,corpbond,INSUFFICIENT_DISCOVERY_EVIDENCE,EXCLUDED,UNAVAILABLE,UNAVAILABLE,,UNAVAILABLE,INSUFFICIENT,KBS_CURRENT_LISTING,INSUFFICIENT_DISCOVERY_EVIDENCE,listing evidence exclusion
2409,,TPB12439,,,corpbond,INSUFFICIENT_DISCOVERY_EVIDENCE,EXCLUDED,UNAVAILABLE,UNAVAILABLE,,UNAVAILABLE,INSUFFICIENT,KBS_CURRENT_LISTING,INSUFFICIENT_DISCOVERY_EVIDENCE,listing evidence exclusion
2410,,LPB12411,,,corpbond,INSUFFICIENT_DISCOVERY_EVIDENCE,EXCLUDED,UNAVAILABLE,UNAVAILABLE,,UNAVAILABLE,INSUFFICIENT,KBS_CURRENT_LISTING,INSUFFICIENT_DISCOVERY_EVIDENCE,listing evidence exclusion
2411,,NPM12307,,,corpbond,INSUFFICIENT_DISCOVERY_EVIDENCE,EXCLUDED,UNAVAILABLE,UNAVAILABLE,,UNAVAILABLE,INSUFFICIENT,KBS_CURRENT_LISTING,INSUFFICIENT_DISCOVERY_EVIDENCE,listing evidence exclusion
2412,,CSP12401,,,corpbond,INSUFFICIENT_DISCOVERY_EVIDENCE,EXCLUDED,UNAVAILABLE,UNAVAILABLE,,UNAVAILABLE,INSUFFICIENT,KBS_CURRENT_LISTING,INSUFFICIENT_DISCOVERY_EVIDENCE,listing evidence exclusion
2413,,SSB12219,,,corpbond,INSUFFICIENT_DISCOVERY_EVIDENCE,EXCLUDED,UNAVAILABLE,UNAVAILABLE,,UNAVAILABLE,INSUFFICIENT,KBS_CURRENT_LISTING,INSUFFICIENT_DISCOVERY_EVIDENCE,listing evidence exclusion
2414,,TPB12516,,,corpbond,INSUFFICIENT_DISCOVERY_EVIDENCE,EXCLUDED,UNAVAILABLE,UNAVAILABLE,,UNAVAILABLE,INSUFFICIENT,KBS_CURRENT_LISTING,INSUFFICIENT_DISCOVERY_EVIDENCE,listing evidence exclusion
2415,,BID12152,,,corpbond,INSUFFICIENT_DISCOVERY_EVIDENCE,EXCLUDED,UNAVAILABLE,UNAVAILABLE,,UNAVAILABLE,INSUFFICIENT,KBS_CURRENT_LISTING,INSUFFICIENT_DISCOVERY_EVIDENCE,listing evidence exclusion
2416,,BID12542,,,corpbond,INSUFFICIENT_DISCOVERY_EVIDENCE,EXCLUDED,UNAVAILABLE,UNAVAILABLE,,UNAVAILABLE,INSUFFICIENT,KBS_CURRENT_LISTING,INSUFFICIENT_DISCOVERY_EVIDENCE,listing evidence exclusion
2417,,BCM12502,,,corpbond,INSUFFICIENT_DISCOVERY_EVIDENCE,EXCLUDED,UNAVAILABLE,UNAVAILABLE,,UNAVAILABLE,INSUFFICIENT,KBS_CURRENT_LISTING,INSUFFICIENT_DISCOVERY_EVIDENCE,listing evidence exclusion
2418,,CLV12301,,,corpbond,INSUFFICIENT_DISCOVERY_EVIDENCE,EXCLUDED,UNAVAILABLE,UNAVAILABLE,,UNAVAILABLE,INSUFFICIENT,KBS_CURRENT_LISTING,INSUFFICIENT_DISCOVERY_EVIDENCE,listing evidence exclusion
2419,,VHM12408,,,corpbond,INSUFFICIENT_DISCOVERY_EVIDENCE,EXCLUDED,UNAVAILABLE,UNAVAILABLE,,UNAVAILABLE,INSUFFICIENT,KBS_CURRENT_LISTING,INSUFFICIENT_DISCOVERY_EVIDENCE,listing evidence exclusion
2420,,HCV12506,,,corpbond,INSUFFICIENT_DISCOVERY_EVIDENCE,EXCLUDED,UNAVAILABLE,UNAVAILABLE,,UNAVAILABLE,INSUFFICIENT,KBS_CURRENT_LISTING,INSUFFICIENT_DISCOVERY_EVIDENCE,listing evidence exclusion
2421,,TCB12609,,,corpbond,INSUFFICIENT_DISCOVERY_EVIDENCE,EXCLUDED,UNAVAILABLE,UNAVAILABLE,,UNAVAILABLE,INSUFFICIENT,KBS_CURRENT_LISTING,INSUFFICIENT_DISCOVERY_EVIDENCE,listing evidence exclusion
2422,,HAH42401,,,corpbond,INSUFFICIENT_DISCOVERY_EVIDENCE,EXCLUDED,UNAVAILABLE,UNAVAILABLE,,UNAVAILABLE,INSUFFICIENT,KBS_CURRENT_LISTING,INSUFFICIENT_DISCOVERY_EVIDENCE,listing evidence exclusion
2423,,TPB12529,,,corpbond,INSUFFICIENT_DISCOVERY_EVIDENCE,EXCLUDED,UNAVAILABLE,UNAVAILABLE,,UNAVAILABLE,INSUFFICIENT,KBS_CURRENT_LISTING,INSUFFICIENT_DISCOVERY_EVIDENCE,listing evidence exclusion
2424,,TDK12105,,,corpbond,INSUFFICIENT_DISCOVERY_EVIDENCE,EXCLUDED,UNAVAILABLE,UNAVAILABLE,,UNAVAILABLE,INSUFFICIENT,KBS_CURRENT_LISTING,INSUFFICIENT_DISCOVERY_EVIDENCE,listing evidence exclusion
2425,,TPB12450,,,corpbond,INSUFFICIENT_DISCOVERY_EVIDENCE,EXCLUDED,UNAVAILABLE,UNAVAILABLE,,UNAVAILABLE,INSUFFICIENT,KBS_CURRENT_LISTING,INSUFFICIENT_DISCOVERY_EVIDENCE,listing evidence exclusion
2426,,TCX12502,,,corpbond,INSUFFICIENT_DISCOVERY_EVIDENCE,EXCLUDED,UNAVAILABLE,UNAVAILABLE,,UNAVAILABLE,INSUFFICIENT,KBS_CURRENT_LISTING,INSUFFICIENT_DISCOVERY_EVIDENCE,listing evidence exclusion
2427,,MBB12414,,,corpbond,INSUFFICIENT_DISCOVERY_EVIDENCE,EXCLUDED,UNAVAILABLE,UNAVAILABLE,,UNAVAILABLE,INSUFFICIENT,KBS_CURRENT_LISTING,INSUFFICIENT_DISCOVERY_EVIDENCE,listing evidence exclusion
2428,,KSB12401,,,corpbond,INSUFFICIENT_DISCOVERY_EVIDENCE,EXCLUDED,UNAVAILABLE,UNAVAILABLE,,UNAVAILABLE,INSUFFICIENT,KBS_CURRENT_LISTING,INSUFFICIENT_DISCOVERY_EVIDENCE,listing evidence exclusion
2429,,SGJ12304,,,corpbond,INSUFFICIENT_DISCOVERY_EVIDENCE,EXCLUDED,UNAVAILABLE,UNAVAILABLE,,UNAVAILABLE,INSUFFICIENT,KBS_CURRENT_LISTING,INSUFFICIENT_DISCOVERY_EVIDENCE,listing evidence exclusion
2430,,TPB12548,,,corpbond,INSUFFICIENT_DISCOVERY_EVIDENCE,EXCLUDED,UNAVAILABLE,UNAVAILABLE,,UNAVAILABLE,INSUFFICIENT,KBS_CURRENT_LISTING,INSUFFICIENT_DISCOVERY_EVIDENCE,listing evidence exclusion
2431,,NAB12503,,,corpbond,INSUFFICIENT_DISCOVERY_EVIDENCE,EXCLUDED,UNAVAILABLE,UNAVAILABLE,,UNAVAILABLE,INSUFFICIENT,KBS_CURRENT_LISTING,INSUFFICIENT_DISCOVERY_EVIDENCE,listing evidence exclusion
2432,,OCB12524,,,corpbond,INSUFFICIENT_DISCOVERY_EVIDENCE,EXCLUDED,UNAVAILABLE,UNAVAILABLE,,UNAVAILABLE,INSUFFICIENT,KBS_CURRENT_LISTING,INSUFFICIENT_DISCOVERY_EVIDENCE,listing evidence exclusion
2433,,VCB12108,,,corpbond,INSUFFICIENT_DISCOVERY_EVIDENCE,EXCLUDED,UNAVAILABLE,UNAVAILABLE,,UNAVAILABLE,INSUFFICIENT,KBS_CURRENT_LISTING,INSUFFICIENT_DISCOVERY_EVIDENCE,listing evidence exclusion
2434,,HCV12502,,,corpbond,INSUFFICIENT_DISCOVERY_EVIDENCE,EXCLUDED,UNAVAILABLE,UNAVAILABLE,,UNAVAILABLE,INSUFFICIENT,KBS_CURRENT_LISTING,INSUFFICIENT_DISCOVERY_EVIDENCE,listing evidence exclusion
2435,,SHB12301,,,corpbond,INSUFFICIENT_DISCOVERY_EVIDENCE,EXCLUDED,UNAVAILABLE,UNAVAILABLE,,UNAVAILABLE,INSUFFICIENT,KBS_CURRENT_LISTING,INSUFFICIENT_DISCOVERY_EVIDENCE,listing evidence exclusion
2436,,CTG12419,,,corpbond,INSUFFICIENT_DISCOVERY_EVIDENCE,EXCLUDED,UNAVAILABLE,UNAVAILABLE,,UNAVAILABLE,INSUFFICIENT,KBS_CURRENT_LISTING,INSUFFICIENT_DISCOVERY_EVIDENCE,listing evidence exclusion
2437,,NXH12301,,,corpbond,INSUFFICIENT_DISCOVERY_EVIDENCE,EXCLUDED,UNAVAILABLE,UNAVAILABLE,,UNAVAILABLE,INSUFFICIENT,KBS_CURRENT_LISTING,INSUFFICIENT_DISCOVERY_EVIDENCE,listing evidence exclusion
2438,,BCM12503,,,corpbond,INSUFFICIENT_DISCOVERY_EVIDENCE,EXCLUDED,UNAVAILABLE,UNAVAILABLE,,UNAVAILABLE,INSUFFICIENT,KBS_CURRENT_LISTING,INSUFFICIENT_DISCOVERY_EVIDENCE,listing evidence exclusion
2439,,ACB12413,,,corpbond,INSUFFICIENT_DISCOVERY_EVIDENCE,EXCLUDED,UNAVAILABLE,UNAVAILABLE,,UNAVAILABLE,INSUFFICIENT,KBS_CURRENT_LISTING,INSUFFICIENT_DISCOVERY_EVIDENCE,listing evidence exclusion
2440,,BID12552,,,corpbond,INSUFFICIENT_DISCOVERY_EVIDENCE,EXCLUDED,UNAVAILABLE,UNAVAILABLE,,UNAVAILABLE,INSUFFICIENT,KBS_CURRENT_LISTING,INSUFFICIENT_DISCOVERY_EVIDENCE,listing evidence exclusion
2441,,PSI12501,,,corpbond,INSUFFICIENT_DISCOVERY_EVIDENCE,EXCLUDED,UNAVAILABLE,UNAVAILABLE,,UNAVAILABLE,INSUFFICIENT,KBS_CURRENT_LISTING,INSUFFICIENT_DISCOVERY_EVIDENCE,listing evidence exclusion
2442,,ACB12518,,,corpbond,INSUFFICIENT_DISCOVERY_EVIDENCE,EXCLUDED,UNAVAILABLE,UNAVAILABLE,,UNAVAILABLE,INSUFFICIENT,KBS_CURRENT_LISTING,INSUFFICIENT_DISCOVERY_EVIDENCE,listing evidence exclusion
2443,,KHG12502,,,corpbond,INSUFFICIENT_DISCOVERY_EVIDENCE,EXCLUDED,UNAVAILABLE,UNAVAILABLE,,UNAVAILABLE,INSUFFICIENT,KBS_CURRENT_LISTING,INSUFFICIENT_DISCOVERY_EVIDENCE,listing evidence exclusion
2444,,HDC12502,,,corpbond,INSUFFICIENT_DISCOVERY_EVIDENCE,EXCLUDED,UNAVAILABLE,UNAVAILABLE,,UNAVAILABLE,INSUFFICIENT,KBS_CURRENT_LISTING,INSUFFICIENT_DISCOVERY_EVIDENCE,listing evidence exclusion
2445,,MSR12302,,,corpbond,INSUFFICIENT_DISCOVERY_EVIDENCE,EXCLUDED,UNAVAILABLE,UNAVAILABLE,,UNAVAILABLE,INSUFFICIENT,KBS_CURRENT_LISTING,INSUFFICIENT_DISCOVERY_EVIDENCE,listing evidence exclusion
2446,,VPB12514,,,corpbond,INSUFFICIENT_DISCOVERY_EVIDENCE,EXCLUDED,UNAVAILABLE,UNAVAILABLE,,UNAVAILABLE,INSUFFICIENT,KBS_CURRENT_LISTING,INSUFFICIENT_DISCOVERY_EVIDENCE,listing evidence exclusion
2447,,MSF12601,,,corpbond,INSUFFICIENT_DISCOVERY_EVIDENCE,EXCLUDED,UNAVAILABLE,UNAVAILABLE,,UNAVAILABLE,INSUFFICIENT,KBS_CURRENT_LISTING,INSUFFICIENT_DISCOVERY_EVIDENCE,listing evidence exclusion
2448,,CII12402,,,corpbond,INSUFFICIENT_DISCOVERY_EVIDENCE,EXCLUDED,UNAVAILABLE,UNAVAILABLE,,UNAVAILABLE,INSUFFICIENT,KBS_CURRENT_LISTING,INSUFFICIENT_DISCOVERY_EVIDENCE,listing evidence exclusion
2449,,VDS12602,,,corpbond,INSUFFICIENT_DISCOVERY_EVIDENCE,EXCLUDED,UNAVAILABLE,UNAVAILABLE,,UNAVAILABLE,INSUFFICIENT,KBS_CURRENT_LISTING,INSUFFICIENT_DISCOVERY_EVIDENCE,listing evidence exclusion
2450,,MBB12620,,,corpbond,INSUFFICIENT_DISCOVERY_EVIDENCE,EXCLUDED,UNAVAILABLE,UNAVAILABLE,,UNAVAILABLE,INSUFFICIENT,KBS_CURRENT_LISTING,INSUFFICIENT_DISCOVERY_EVIDENCE,listing evidence exclusion
2451,,DIG12403,,,corpbond,INSUFFICIENT_DISCOVERY_EVIDENCE,EXCLUDED,UNAVAILABLE,UNAVAILABLE,,UNAVAILABLE,INSUFFICIENT,KBS_CURRENT_LISTING,INSUFFICIENT_DISCOVERY_EVIDENCE,listing evidence exclusion
2452,,MBB12525,,,corpbond,INSUFFICIENT_DISCOVERY_EVIDENCE,EXCLUDED,UNAVAILABLE,UNAVAILABLE,,UNAVAILABLE,INSUFFICIENT,KBS_CURRENT_LISTING,INSUFFICIENT_DISCOVERY_EVIDENCE,listing evidence exclusion
2453,,VCB12105,,,corpbond,INSUFFICIENT_DISCOVERY_EVIDENCE,EXCLUDED,UNAVAILABLE,UNAVAILABLE,,UNAVAILABLE,INSUFFICIENT,KBS_CURRENT_LISTING,INSUFFICIENT_DISCOVERY_EVIDENCE,listing evidence exclusion
2454,,BID12432,,,corpbond,INSUFFICIENT_DISCOVERY_EVIDENCE,EXCLUDED,UNAVAILABLE,UNAVAILABLE,,UNAVAILABLE,INSUFFICIENT,KBS_CURRENT_LISTING,INSUFFICIENT_DISCOVERY_EVIDENCE,listing evidence exclusion
2455,,VJV12101,,,corpbond,INSUFFICIENT_DISCOVERY_EVIDENCE,EXCLUDED,UNAVAILABLE,UNAVAILABLE,,UNAVAILABLE,INSUFFICIENT,KBS_CURRENT_LISTING,INSUFFICIENT_DISCOVERY_EVIDENCE,listing evidence exclusion
2456,,STB12603,,,corpbond,INSUFFICIENT_DISCOVERY_EVIDENCE,EXCLUDED,UNAVAILABLE,UNAVAILABLE,,UNAVAILABLE,INSUFFICIENT,KBS_CURRENT_LISTING,INSUFFICIENT_DISCOVERY_EVIDENCE,listing evidence exclusion
2457,,VJC12319,,,corpbond,INSUFFICIENT_DISCOVERY_EVIDENCE,EXCLUDED,UNAVAILABLE,UNAVAILABLE,,UNAVAILABLE,INSUFFICIENT,KBS_CURRENT_LISTING,INSUFFICIENT_DISCOVERY_EVIDENCE,listing evidence exclusion
2458,,TVS12501,,,corpbond,INSUFFICIENT_DISCOVERY_EVIDENCE,EXCLUDED,UNAVAILABLE,UNAVAILABLE,,UNAVAILABLE,INSUFFICIENT,KBS_CURRENT_LISTING,INSUFFICIENT_DISCOVERY_EVIDENCE,listing evidence exclusion
2459,,XKS12401,,,corpbond,INSUFFICIENT_DISCOVERY_EVIDENCE,EXCLUDED,UNAVAILABLE,UNAVAILABLE,,UNAVAILABLE,INSUFFICIENT,KBS_CURRENT_LISTING,INSUFFICIENT_DISCOVERY_EVIDENCE,listing evidence exclusion
2460,,BID12371,,,corpbond,INSUFFICIENT_DISCOVERY_EVIDENCE,EXCLUDED,UNAVAILABLE,UNAVAILABLE,,UNAVAILABLE,INSUFFICIENT,KBS_CURRENT_LISTING,INSUFFICIENT_DISCOVERY_EVIDENCE,listing evidence exclusion
2461,,CTG12418,,,corpbond,INSUFFICIENT_DISCOVERY_EVIDENCE,EXCLUDED,UNAVAILABLE,UNAVAILABLE,,UNAVAILABLE,INSUFFICIENT,KBS_CURRENT_LISTING,INSUFFICIENT_DISCOVERY_EVIDENCE,listing evidence exclusion
2462,,BID12545,,,corpbond,INSUFFICIENT_DISCOVERY_EVIDENCE,EXCLUDED,UNAVAILABLE,UNAVAILABLE,,UNAVAILABLE,INSUFFICIENT,KBS_CURRENT_LISTING,INSUFFICIENT_DISCOVERY_EVIDENCE,listing evidence exclusion
2463,,BID12414,,,corpbond,INSUFFICIENT_DISCOVERY_EVIDENCE,EXCLUDED,UNAVAILABLE,UNAVAILABLE,,UNAVAILABLE,INSUFFICIENT,KBS_CURRENT_LISTING,INSUFFICIENT_DISCOVERY_EVIDENCE,listing evidence exclusion
2464,,NPM12308,,,corpbond,INSUFFICIENT_DISCOVERY_EVIDENCE,EXCLUDED,UNAVAILABLE,UNAVAILABLE,,UNAVAILABLE,INSUFFICIENT,KBS_CURRENT_LISTING,INSUFFICIENT_DISCOVERY_EVIDENCE,listing evidence exclusion
2465,,VJC12403,,,corpbond,INSUFFICIENT_DISCOVERY_EVIDENCE,EXCLUDED,UNAVAILABLE,UNAVAILABLE,,UNAVAILABLE,INSUFFICIENT,KBS_CURRENT_LISTING,INSUFFICIENT_DISCOVERY_EVIDENCE,listing evidence exclusion
2466,,LPB12510,,,corpbond,INSUFFICIENT_DISCOVERY_EVIDENCE,EXCLUDED,UNAVAILABLE,UNAVAILABLE,,UNAVAILABLE,INSUFFICIENT,KBS_CURRENT_LISTING,INSUFFICIENT_DISCOVERY_EVIDENCE,listing evidence exclusion
2467,,VJC12333,,,corpbond,INSUFFICIENT_DISCOVERY_EVIDENCE,EXCLUDED,UNAVAILABLE,UNAVAILABLE,,UNAVAILABLE,INSUFFICIENT,KBS_CURRENT_LISTING,INSUFFICIENT_DISCOVERY_EVIDENCE,listing evidence exclusion
2468,,BID12419,,,corpbond,INSUFFICIENT_DISCOVERY_EVIDENCE,EXCLUDED,UNAVAILABLE,UNAVAILABLE,,UNAVAILABLE,INSUFFICIENT,KBS_CURRENT_LISTING,INSUFFICIENT_DISCOVERY_EVIDENCE,listing evidence exclusion
2469,,ORS12501,,,corpbond,INSUFFICIENT_DISCOVERY_EVIDENCE,EXCLUDED,UNAVAILABLE,UNAVAILABLE,,UNAVAILABLE,INSUFFICIENT,KBS_CURRENT_LISTING,INSUFFICIENT_DISCOVERY_EVIDENCE,listing evidence exclusion
2470,,HDB12302,,,corpbond,INSUFFICIENT_DISCOVERY_EVIDENCE,EXCLUDED,UNAVAILABLE,UNAVAILABLE,,UNAVAILABLE,INSUFFICIENT,KBS_CURRENT_LISTING,INSUFFICIENT_DISCOVERY_EVIDENCE,listing evidence exclusion
2471,,MFF12301,,,corpbond,INSUFFICIENT_DISCOVERY_EVIDENCE,EXCLUDED,UNAVAILABLE,UNAVAILABLE,,UNAVAILABLE,INSUFFICIENT,KBS_CURRENT_LISTING,INSUFFICIENT_DISCOVERY_EVIDENCE,listing evidence exclusion
2472,,MBB12608,,,corpbond,INSUFFICIENT_DISCOVERY_EVIDENCE,EXCLUDED,UNAVAILABLE,UNAVAILABLE,,UNAVAILABLE,INSUFFICIENT,KBS_CURRENT_LISTING,INSUFFICIENT_DISCOVERY_EVIDENCE,listing evidence exclusion
2473,,TSO12603,,,corpbond,INSUFFICIENT_DISCOVERY_EVIDENCE,EXCLUDED,UNAVAILABLE,UNAVAILABLE,,UNAVAILABLE,INSUFFICIENT,KBS_CURRENT_LISTING,INSUFFICIENT_DISCOVERY_EVIDENCE,listing evidence exclusion
2474,,NLG12403,,,corpbond,INSUFFICIENT_DISCOVERY_EVIDENCE,EXCLUDED,UNAVAILABLE,UNAVAILABLE,,UNAVAILABLE,INSUFFICIENT,KBS_CURRENT_LISTING,INSUFFICIENT_DISCOVERY_EVIDENCE,listing evidence exclusion
2475,,PC112201,,,corpbond,INSUFFICIENT_DISCOVERY_EVIDENCE,EXCLUDED,UNAVAILABLE,UNAVAILABLE,,UNAVAILABLE,INSUFFICIENT,KBS_CURRENT_LISTING,INSUFFICIENT_DISCOVERY_EVIDENCE,listing evidence exclusion
2476,,TPB12315,,,corpbond,INSUFFICIENT_DISCOVERY_EVIDENCE,EXCLUDED,UNAVAILABLE,UNAVAILABLE,,UNAVAILABLE,INSUFFICIENT,KBS_CURRENT_LISTING,INSUFFICIENT_DISCOVERY_EVIDENCE,listing evidence exclusion
2477,,CTG12106,,,corpbond,INSUFFICIENT_DISCOVERY_EVIDENCE,EXCLUDED,UNAVAILABLE,UNAVAILABLE,,UNAVAILABLE,INSUFFICIENT,KBS_CURRENT_LISTING,INSUFFICIENT_DISCOVERY_EVIDENCE,listing evidence exclusion
2478,,TPB12317,,,corpbond,INSUFFICIENT_DISCOVERY_EVIDENCE,EXCLUDED,UNAVAILABLE,UNAVAILABLE,,UNAVAILABLE,INSUFFICIENT,KBS_CURRENT_LISTING,INSUFFICIENT_DISCOVERY_EVIDENCE,listing evidence exclusion
2479,,VPB12516,,,corpbond,INSUFFICIENT_DISCOVERY_EVIDENCE,EXCLUDED,UNAVAILABLE,UNAVAILABLE,,UNAVAILABLE,INSUFFICIENT,KBS_CURRENT_LISTING,INSUFFICIENT_DISCOVERY_EVIDENCE,listing evidence exclusion
2480,,VBA12103,,,corpbond,INSUFFICIENT_DISCOVERY_EVIDENCE,EXCLUDED,UNAVAILABLE,UNAVAILABLE,,UNAVAILABLE,INSUFFICIENT,KBS_CURRENT_LISTING,INSUFFICIENT_DISCOVERY_EVIDENCE,listing evidence exclusion
2481,,LPB12606,,,corpbond,INSUFFICIENT_DISCOVERY_EVIDENCE,EXCLUDED,UNAVAILABLE,UNAVAILABLE,,UNAVAILABLE,INSUFFICIENT,KBS_CURRENT_LISTING,INSUFFICIENT_DISCOVERY_EVIDENCE,listing evidence exclusion
2482,,HCV12505,,,corpbond,INSUFFICIENT_DISCOVERY_EVIDENCE,EXCLUDED,UNAVAILABLE,UNAVAILABLE,,UNAVAILABLE,INSUFFICIENT,KBS_CURRENT_LISTING,INSUFFICIENT_DISCOVERY_EVIDENCE,listing evidence exclusion
2483,,VJC12336,,,corpbond,INSUFFICIENT_DISCOVERY_EVIDENCE,EXCLUDED,UNAVAILABLE,UNAVAILABLE,,UNAVAILABLE,INSUFFICIENT,KBS_CURRENT_LISTING,INSUFFICIENT_DISCOVERY_EVIDENCE,listing evidence exclusion
2484,,MBB12426,,,corpbond,INSUFFICIENT_DISCOVERY_EVIDENCE,EXCLUDED,UNAVAILABLE,UNAVAILABLE,,UNAVAILABLE,INSUFFICIENT,KBS_CURRENT_LISTING,INSUFFICIENT_DISCOVERY_EVIDENCE,listing evidence exclusion
2485,,VLH12502,,,corpbond,INSUFFICIENT_DISCOVERY_EVIDENCE,EXCLUDED,UNAVAILABLE,UNAVAILABLE,,UNAVAILABLE,INSUFFICIENT,KBS_CURRENT_LISTING,INSUFFICIENT_DISCOVERY_EVIDENCE,listing evidence exclusion
2486,,TPB12413,,,corpbond,INSUFFICIENT_DISCOVERY_EVIDENCE,EXCLUDED,UNAVAILABLE,UNAVAILABLE,,UNAVAILABLE,INSUFFICIENT,KBS_CURRENT_LISTING,INSUFFICIENT_DISCOVERY_EVIDENCE,listing evidence exclusion
2487,,BID12504,,,corpbond,INSUFFICIENT_DISCOVERY_EVIDENCE,EXCLUDED,UNAVAILABLE,UNAVAILABLE,,UNAVAILABLE,INSUFFICIENT,KBS_CURRENT_LISTING,INSUFFICIENT_DISCOVERY_EVIDENCE,listing evidence exclusion
2488,,BGG12104,,,corpbond,INSUFFICIENT_DISCOVERY_EVIDENCE,EXCLUDED,UNAVAILABLE,UNAVAILABLE,,UNAVAILABLE,INSUFFICIENT,KBS_CURRENT_LISTING,INSUFFICIENT_DISCOVERY_EVIDENCE,listing evidence exclusion
2489,,TNR32105,,,corpbond,INSUFFICIENT_DISCOVERY_EVIDENCE,EXCLUDED,UNAVAILABLE,UNAVAILABLE,,UNAVAILABLE,INSUFFICIENT,KBS_CURRENT_LISTING,INSUFFICIENT_DISCOVERY_EVIDENCE,listing evidence exclusion
2490,,GFV12101,,,corpbond,INSUFFICIENT_DISCOVERY_EVIDENCE,EXCLUDED,UNAVAILABLE,UNAVAILABLE,,UNAVAILABLE,INSUFFICIENT,KBS_CURRENT_LISTING,INSUFFICIENT_DISCOVERY_EVIDENCE,listing evidence exclusion
2491,,TPB12442,,,corpbond,INSUFFICIENT_DISCOVERY_EVIDENCE,EXCLUDED,UNAVAILABLE,UNAVAILABLE,,UNAVAILABLE,INSUFFICIENT,KBS_CURRENT_LISTING,INSUFFICIENT_DISCOVERY_EVIDENCE,listing evidence exclusion
2492,,HDB12604,,,corpbond,INSUFFICIENT_DISCOVERY_EVIDENCE,EXCLUDED,UNAVAILABLE,UNAVAILABLE,,UNAVAILABLE,INSUFFICIENT,KBS_CURRENT_LISTING,INSUFFICIENT_DISCOVERY_EVIDENCE,listing evidence exclusion
2493,,BAB12506,,,corpbond,INSUFFICIENT_DISCOVERY_EVIDENCE,EXCLUDED,UNAVAILABLE,UNAVAILABLE,,UNAVAILABLE,INSUFFICIENT,KBS_CURRENT_LISTING,INSUFFICIENT_DISCOVERY_EVIDENCE,listing evidence exclusion
2494,,ACB12415,,,corpbond,INSUFFICIENT_DISCOVERY_EVIDENCE,EXCLUDED,UNAVAILABLE,UNAVAILABLE,,UNAVAILABLE,INSUFFICIENT,KBS_CURRENT_LISTING,INSUFFICIENT_DISCOVERY_EVIDENCE,listing evidence exclusion
2495,,ATI12401,,,corpbond,INSUFFICIENT_DISCOVERY_EVIDENCE,EXCLUDED,UNAVAILABLE,UNAVAILABLE,,UNAVAILABLE,INSUFFICIENT,KBS_CURRENT_LISTING,INSUFFICIENT_DISCOVERY_EVIDENCE,listing evidence exclusion
2496,,MBB12508,,,corpbond,INSUFFICIENT_DISCOVERY_EVIDENCE,EXCLUDED,UNAVAILABLE,UNAVAILABLE,,UNAVAILABLE,INSUFFICIENT,KBS_CURRENT_LISTING,INSUFFICIENT_DISCOVERY_EVIDENCE,listing evidence exclusion
2497,,VJC12404,,,corpbond,INSUFFICIENT_DISCOVERY_EVIDENCE,EXCLUDED,UNAVAILABLE,UNAVAILABLE,,UNAVAILABLE,INSUFFICIENT,KBS_CURRENT_LISTING,INSUFFICIENT_DISCOVERY_EVIDENCE,listing evidence exclusion
2498,,VIF12501,,,corpbond,INSUFFICIENT_DISCOVERY_EVIDENCE,EXCLUDED,UNAVAILABLE,UNAVAILABLE,,UNAVAILABLE,INSUFFICIENT,KBS_CURRENT_LISTING,INSUFFICIENT_DISCOVERY_EVIDENCE,listing evidence exclusion
2499,,TPB12319,,,corpbond,INSUFFICIENT_DISCOVERY_EVIDENCE,EXCLUDED,UNAVAILABLE,UNAVAILABLE,,UNAVAILABLE,INSUFFICIENT,KBS_CURRENT_LISTING,INSUFFICIENT_DISCOVERY_EVIDENCE,listing evidence exclusion
2500,,WTO12108,,,corpbond,INSUFFICIENT_DISCOVERY_EVIDENCE,EXCLUDED,UNAVAILABLE,UNAVAILABLE,,UNAVAILABLE,INSUFFICIENT,KBS_CURRENT_LISTING,INSUFFICIENT_DISCOVERY_EVIDENCE,listing evidence exclusion
2501,,LPB12514,,,corpbond,INSUFFICIENT_DISCOVERY_EVIDENCE,EXCLUDED,UNAVAILABLE,UNAVAILABLE,,UNAVAILABLE,INSUFFICIENT,KBS_CURRENT_LISTING,INSUFFICIENT_DISCOVERY_EVIDENCE,listing evidence exclusion
2502,,ACB12414,,,corpbond,INSUFFICIENT_DISCOVERY_EVIDENCE,EXCLUDED,UNAVAILABLE,UNAVAILABLE,,UNAVAILABLE,INSUFFICIENT,KBS_CURRENT_LISTING,INSUFFICIENT_DISCOVERY_EVIDENCE,listing evidence exclusion
2503,,TNQ32505,,,corpbond,INSUFFICIENT_DISCOVERY_EVIDENCE,EXCLUDED,UNAVAILABLE,UNAVAILABLE,,UNAVAILABLE,INSUFFICIENT,KBS_CURRENT_LISTING,INSUFFICIENT_DISCOVERY_EVIDENCE,listing evidence exclusion
2504,,TBA12301,,,corpbond,INSUFFICIENT_DISCOVERY_EVIDENCE,EXCLUDED,UNAVAILABLE,UNAVAILABLE,,UNAVAILABLE,INSUFFICIENT,KBS_CURRENT_LISTING,INSUFFICIENT_DISCOVERY_EVIDENCE,listing evidence exclusion
2505,,LLP12301,,,corpbond,INSUFFICIENT_DISCOVERY_EVIDENCE,EXCLUDED,UNAVAILABLE,UNAVAILABLE,,UNAVAILABLE,INSUFFICIENT,KBS_CURRENT_LISTING,INSUFFICIENT_DISCOVERY_EVIDENCE,listing evidence exclusion
2506,,SSA12105,,,corpbond,INSUFFICIENT_DISCOVERY_EVIDENCE,EXCLUDED,UNAVAILABLE,UNAVAILABLE,,UNAVAILABLE,INSUFFICIENT,KBS_CURRENT_LISTING,INSUFFICIENT_DISCOVERY_EVIDENCE,listing evidence exclusion
2507,,TPB12318,,,corpbond,INSUFFICIENT_DISCOVERY_EVIDENCE,EXCLUDED,UNAVAILABLE,UNAVAILABLE,,UNAVAILABLE,INSUFFICIENT,KBS_CURRENT_LISTING,INSUFFICIENT_DISCOVERY_EVIDENCE,listing evidence exclusion
2508,,VKT12101,,,corpbond,INSUFFICIENT_DISCOVERY_EVIDENCE,EXCLUDED,UNAVAILABLE,UNAVAILABLE,,UNAVAILABLE,INSUFFICIENT,KBS_CURRENT_LISTING,INSUFFICIENT_DISCOVERY_EVIDENCE,listing evidence exclusion
2509,,VBA12127,,,corpbond,INSUFFICIENT_DISCOVERY_EVIDENCE,EXCLUDED,UNAVAILABLE,UNAVAILABLE,,UNAVAILABLE,INSUFFICIENT,KBS_CURRENT_LISTING,INSUFFICIENT_DISCOVERY_EVIDENCE,listing evidence exclusion
2510,,OCB12529,,,corpbond,INSUFFICIENT_DISCOVERY_EVIDENCE,EXCLUDED,UNAVAILABLE,UNAVAILABLE,,UNAVAILABLE,INSUFFICIENT,KBS_CURRENT_LISTING,INSUFFICIENT_DISCOVERY_EVIDENCE,listing evidence exclusion
2511,,CTG12413,,,corpbond,INSUFFICIENT_DISCOVERY_EVIDENCE,EXCLUDED,UNAVAILABLE,UNAVAILABLE,,UNAVAILABLE,INSUFFICIENT,KBS_CURRENT_LISTING,INSUFFICIENT_DISCOVERY_EVIDENCE,listing evidence exclusion
2512,,MBB12506,,,corpbond,INSUFFICIENT_DISCOVERY_EVIDENCE,EXCLUDED,UNAVAILABLE,UNAVAILABLE,,UNAVAILABLE,INSUFFICIENT,KBS_CURRENT_LISTING,INSUFFICIENT_DISCOVERY_EVIDENCE,listing evidence exclusion
2513,,UNT12102,,,corpbond,INSUFFICIENT_DISCOVERY_EVIDENCE,EXCLUDED,UNAVAILABLE,UNAVAILABLE,,UNAVAILABLE,INSUFFICIENT,KBS_CURRENT_LISTING,INSUFFICIENT_DISCOVERY_EVIDENCE,listing evidence exclusion
2514,,ABB12515,,,corpbond,INSUFFICIENT_DISCOVERY_EVIDENCE,EXCLUDED,UNAVAILABLE,UNAVAILABLE,,UNAVAILABLE,INSUFFICIENT,KBS_CURRENT_LISTING,INSUFFICIENT_DISCOVERY_EVIDENCE,listing evidence exclusion
2515,,LPB12408,,,corpbond,INSUFFICIENT_DISCOVERY_EVIDENCE,EXCLUDED,UNAVAILABLE,UNAVAILABLE,,UNAVAILABLE,INSUFFICIENT,KBS_CURRENT_LISTING,INSUFFICIENT_DISCOVERY_EVIDENCE,listing evidence exclusion
2516,,VHM12614,,,corpbond,INSUFFICIENT_DISCOVERY_EVIDENCE,EXCLUDED,UNAVAILABLE,UNAVAILABLE,,UNAVAILABLE,INSUFFICIENT,KBS_CURRENT_LISTING,INSUFFICIENT_DISCOVERY_EVIDENCE,listing evidence exclusion
2517,,ABB12513,,,corpbond,INSUFFICIENT_DISCOVERY_EVIDENCE,EXCLUDED,UNAVAILABLE,UNAVAILABLE,,UNAVAILABLE,INSUFFICIENT,KBS_CURRENT_LISTING,INSUFFICIENT_DISCOVERY_EVIDENCE,listing evidence exclusion
2518,,BID12427,,,corpbond,INSUFFICIENT_DISCOVERY_EVIDENCE,EXCLUDED,UNAVAILABLE,UNAVAILABLE,,UNAVAILABLE,INSUFFICIENT,KBS_CURRENT_LISTING,INSUFFICIENT_DISCOVERY_EVIDENCE,listing evidence exclusion
2519,,CTG12336,,,corpbond,INSUFFICIENT_DISCOVERY_EVIDENCE,EXCLUDED,UNAVAILABLE,UNAVAILABLE,,UNAVAILABLE,INSUFFICIENT,KBS_CURRENT_LISTING,INSUFFICIENT_DISCOVERY_EVIDENCE,listing evidence exclusion
2520,,BID12421,,,corpbond,INSUFFICIENT_DISCOVERY_EVIDENCE,EXCLUDED,UNAVAILABLE,UNAVAILABLE,,UNAVAILABLE,INSUFFICIENT,KBS_CURRENT_LISTING,INSUFFICIENT_DISCOVERY_EVIDENCE,listing evidence exclusion
2521,,MBB12610,,,corpbond,INSUFFICIENT_DISCOVERY_EVIDENCE,EXCLUDED,UNAVAILABLE,UNAVAILABLE,,UNAVAILABLE,INSUFFICIENT,KBS_CURRENT_LISTING,INSUFFICIENT_DISCOVERY_EVIDENCE,listing evidence exclusion
2522,,TVR32502,,,corpbond,INSUFFICIENT_DISCOVERY_EVIDENCE,EXCLUDED,UNAVAILABLE,UNAVAILABLE,,UNAVAILABLE,INSUFFICIENT,KBS_CURRENT_LISTING,INSUFFICIENT_DISCOVERY_EVIDENCE,listing evidence exclusion
2523,,BID12525,,,corpbond,INSUFFICIENT_DISCOVERY_EVIDENCE,EXCLUDED,UNAVAILABLE,UNAVAILABLE,,UNAVAILABLE,INSUFFICIENT,KBS_CURRENT_LISTING,INSUFFICIENT_DISCOVERY_EVIDENCE,listing evidence exclusion
2524,,SHB12502,,,corpbond,INSUFFICIENT_DISCOVERY_EVIDENCE,EXCLUDED,UNAVAILABLE,UNAVAILABLE,,UNAVAILABLE,INSUFFICIENT,KBS_CURRENT_LISTING,INSUFFICIENT_DISCOVERY_EVIDENCE,listing evidence exclusion
2525,,ACB12412,,,corpbond,INSUFFICIENT_DISCOVERY_EVIDENCE,EXCLUDED,UNAVAILABLE,UNAVAILABLE,,UNAVAILABLE,INSUFFICIENT,KBS_CURRENT_LISTING,INSUFFICIENT_DISCOVERY_EVIDENCE,listing evidence exclusion
2526,,LPB12512,,,corpbond,INSUFFICIENT_DISCOVERY_EVIDENCE,EXCLUDED,UNAVAILABLE,UNAVAILABLE,,UNAVAILABLE,INSUFFICIENT,KBS_CURRENT_LISTING,INSUFFICIENT_DISCOVERY_EVIDENCE,listing evidence exclusion
2527,,TPB12336,,,corpbond,INSUFFICIENT_DISCOVERY_EVIDENCE,EXCLUDED,UNAVAILABLE,UNAVAILABLE,,UNAVAILABLE,INSUFFICIENT,KBS_CURRENT_LISTING,INSUFFICIENT_DISCOVERY_EVIDENCE,listing evidence exclusion
2528,,BNC12601,,,corpbond,INSUFFICIENT_DISCOVERY_EVIDENCE,EXCLUDED,UNAVAILABLE,UNAVAILABLE,,UNAVAILABLE,INSUFFICIENT,KBS_CURRENT_LISTING,INSUFFICIENT_DISCOVERY_EVIDENCE,listing evidence exclusion
2529,,DQM12501,,,corpbond,INSUFFICIENT_DISCOVERY_EVIDENCE,EXCLUDED,UNAVAILABLE,UNAVAILABLE,,UNAVAILABLE,INSUFFICIENT,KBS_CURRENT_LISTING,INSUFFICIENT_DISCOVERY_EVIDENCE,listing evidence exclusion
2530,,MBB12105,,,corpbond,INSUFFICIENT_DISCOVERY_EVIDENCE,EXCLUDED,UNAVAILABLE,UNAVAILABLE,,UNAVAILABLE,INSUFFICIENT,KBS_CURRENT_LISTING,INSUFFICIENT_DISCOVERY_EVIDENCE,listing evidence exclusion
2531,,TPB12406,,,corpbond,INSUFFICIENT_DISCOVERY_EVIDENCE,EXCLUDED,UNAVAILABLE,UNAVAILABLE,,UNAVAILABLE,INSUFFICIENT,KBS_CURRENT_LISTING,INSUFFICIENT_DISCOVERY_EVIDENCE,listing evidence exclusion
2532,,BID12131,,,corpbond,INSUFFICIENT_DISCOVERY_EVIDENCE,EXCLUDED,UNAVAILABLE,UNAVAILABLE,,UNAVAILABLE,INSUFFICIENT,KBS_CURRENT_LISTING,INSUFFICIENT_DISCOVERY_EVIDENCE,listing evidence exclusion
2533,,BID12438,,,corpbond,INSUFFICIENT_DISCOVERY_EVIDENCE,EXCLUDED,UNAVAILABLE,UNAVAILABLE,,UNAVAILABLE,INSUFFICIENT,KBS_CURRENT_LISTING,INSUFFICIENT_DISCOVERY_EVIDENCE,listing evidence exclusion
2534,,LPB12604,,,corpbond,INSUFFICIENT_DISCOVERY_EVIDENCE,EXCLUDED,UNAVAILABLE,UNAVAILABLE,,UNAVAILABLE,INSUFFICIENT,KBS_CURRENT_LISTING,INSUFFICIENT_DISCOVERY_EVIDENCE,listing evidence exclusion
2535,,TPB12501,,,corpbond,INSUFFICIENT_DISCOVERY_EVIDENCE,EXCLUDED,UNAVAILABLE,UNAVAILABLE,,UNAVAILABLE,INSUFFICIENT,KBS_CURRENT_LISTING,INSUFFICIENT_DISCOVERY_EVIDENCE,listing evidence exclusion
2536,,PDA12602,,,corpbond,INSUFFICIENT_DISCOVERY_EVIDENCE,EXCLUDED,UNAVAILABLE,UNAVAILABLE,,UNAVAILABLE,INSUFFICIENT,KBS_CURRENT_LISTING,INSUFFICIENT_DISCOVERY_EVIDENCE,listing evidence exclusion
2537,,BID12412,,,corpbond,INSUFFICIENT_DISCOVERY_EVIDENCE,EXCLUDED,UNAVAILABLE,UNAVAILABLE,,UNAVAILABLE,INSUFFICIENT,KBS_CURRENT_LISTING,INSUFFICIENT_DISCOVERY_EVIDENCE,listing evidence exclusion
2538,,VHM12604,,,corpbond,INSUFFICIENT_DISCOVERY_EVIDENCE,EXCLUDED,UNAVAILABLE,UNAVAILABLE,,UNAVAILABLE,INSUFFICIENT,KBS_CURRENT_LISTING,INSUFFICIENT_DISCOVERY_EVIDENCE,listing evidence exclusion
2539,,IPD12201,,,corpbond,INSUFFICIENT_DISCOVERY_EVIDENCE,EXCLUDED,UNAVAILABLE,UNAVAILABLE,,UNAVAILABLE,INSUFFICIENT,KBS_CURRENT_LISTING,INSUFFICIENT_DISCOVERY_EVIDENCE,listing evidence exclusion
2540,,MBB12501,,,corpbond,INSUFFICIENT_DISCOVERY_EVIDENCE,EXCLUDED,UNAVAILABLE,UNAVAILABLE,,UNAVAILABLE,INSUFFICIENT,KBS_CURRENT_LISTING,INSUFFICIENT_DISCOVERY_EVIDENCE,listing evidence exclusion
2541,,BID12543,,,corpbond,INSUFFICIENT_DISCOVERY_EVIDENCE,EXCLUDED,UNAVAILABLE,UNAVAILABLE,,UNAVAILABLE,INSUFFICIENT,KBS_CURRENT_LISTING,INSUFFICIENT_DISCOVERY_EVIDENCE,listing evidence exclusion
2542,,MBB12411,,,corpbond,INSUFFICIENT_DISCOVERY_EVIDENCE,EXCLUDED,UNAVAILABLE,UNAVAILABLE,,UNAVAILABLE,INSUFFICIENT,KBS_CURRENT_LISTING,INSUFFICIENT_DISCOVERY_EVIDENCE,listing evidence exclusion
2543,,TPB12605,,,corpbond,INSUFFICIENT_DISCOVERY_EVIDENCE,EXCLUDED,UNAVAILABLE,UNAVAILABLE,,UNAVAILABLE,INSUFFICIENT,KBS_CURRENT_LISTING,INSUFFICIENT_DISCOVERY_EVIDENCE,listing evidence exclusion
2544,,CTG12416,,,corpbond,INSUFFICIENT_DISCOVERY_EVIDENCE,EXCLUDED,UNAVAILABLE,UNAVAILABLE,,UNAVAILABLE,INSUFFICIENT,KBS_CURRENT_LISTING,INSUFFICIENT_DISCOVERY_EVIDENCE,listing evidence exclusion
2545,,BAB12409,,,corpbond,INSUFFICIENT_DISCOVERY_EVIDENCE,EXCLUDED,UNAVAILABLE,UNAVAILABLE,,UNAVAILABLE,INSUFFICIENT,KBS_CURRENT_LISTING,INSUFFICIENT_DISCOVERY_EVIDENCE,listing evidence exclusion
2546,,BID12417,,,corpbond,INSUFFICIENT_DISCOVERY_EVIDENCE,EXCLUDED,UNAVAILABLE,UNAVAILABLE,,UNAVAILABLE,INSUFFICIENT,KBS_CURRENT_LISTING,INSUFFICIENT_DISCOVERY_EVIDENCE,listing evidence exclusion
2547,,ACB12513,,,corpbond,INSUFFICIENT_DISCOVERY_EVIDENCE,EXCLUDED,UNAVAILABLE,UNAVAILABLE,,UNAVAILABLE,INSUFFICIENT,KBS_CURRENT_LISTING,INSUFFICIENT_DISCOVERY_EVIDENCE,listing evidence exclusion
2548,,BID12541,,,corpbond,INSUFFICIENT_DISCOVERY_EVIDENCE,EXCLUDED,UNAVAILABLE,UNAVAILABLE,,UNAVAILABLE,INSUFFICIENT,KBS_CURRENT_LISTING,INSUFFICIENT_DISCOVERY_EVIDENCE,listing evidence exclusion
2549,,GD112101,,,corpbond,INSUFFICIENT_DISCOVERY_EVIDENCE,EXCLUDED,UNAVAILABLE,UNAVAILABLE,,UNAVAILABLE,INSUFFICIENT,KBS_CURRENT_LISTING,INSUFFICIENT_DISCOVERY_EVIDENCE,listing evidence exclusion
2550,,CTG12414,,,corpbond,INSUFFICIENT_DISCOVERY_EVIDENCE,EXCLUDED,UNAVAILABLE,UNAVAILABLE,,UNAVAILABLE,INSUFFICIENT,KBS_CURRENT_LISTING,INSUFFICIENT_DISCOVERY_EVIDENCE,listing evidence exclusion
2551,,CRB12501,,,corpbond,INSUFFICIENT_DISCOVERY_EVIDENCE,EXCLUDED,UNAVAILABLE,UNAVAILABLE,,UNAVAILABLE,INSUFFICIENT,KBS_CURRENT_LISTING,INSUFFICIENT_DISCOVERY_EVIDENCE,listing evidence exclusion
2552,,ABB12508,,,corpbond,INSUFFICIENT_DISCOVERY_EVIDENCE,EXCLUDED,UNAVAILABLE,UNAVAILABLE,,UNAVAILABLE,INSUFFICIENT,KBS_CURRENT_LISTING,INSUFFICIENT_DISCOVERY_EVIDENCE,listing evidence exclusion
2553,,OCB12515,,,corpbond,INSUFFICIENT_DISCOVERY_EVIDENCE,EXCLUDED,UNAVAILABLE,UNAVAILABLE,,UNAVAILABLE,INSUFFICIENT,KBS_CURRENT_LISTING,INSUFFICIENT_DISCOVERY_EVIDENCE,listing evidence exclusion
2554,,IPA12403,,,corpbond,INSUFFICIENT_DISCOVERY_EVIDENCE,EXCLUDED,UNAVAILABLE,UNAVAILABLE,,UNAVAILABLE,INSUFFICIENT,KBS_CURRENT_LISTING,INSUFFICIENT_DISCOVERY_EVIDENCE,listing evidence exclusion
2555,,TPB12437,,,corpbond,INSUFFICIENT_DISCOVERY_EVIDENCE,EXCLUDED,UNAVAILABLE,UNAVAILABLE,,UNAVAILABLE,INSUFFICIENT,KBS_CURRENT_LISTING,INSUFFICIENT_DISCOVERY_EVIDENCE,listing evidence exclusion
2556,,TNF32103,,,corpbond,INSUFFICIENT_DISCOVERY_EVIDENCE,EXCLUDED,UNAVAILABLE,UNAVAILABLE,,UNAVAILABLE,INSUFFICIENT,KBS_CURRENT_LISTING,INSUFFICIENT_DISCOVERY_EVIDENCE,listing evidence exclusion
2557,,BID12550,,,corpbond,INSUFFICIENT_DISCOVERY_EVIDENCE,EXCLUDED,UNAVAILABLE,UNAVAILABLE,,UNAVAILABLE,INSUFFICIENT,KBS_CURRENT_LISTING,INSUFFICIENT_DISCOVERY_EVIDENCE,listing evidence exclusion
2558,,CTG12412,,,corpbond,INSUFFICIENT_DISCOVERY_EVIDENCE,EXCLUDED,UNAVAILABLE,UNAVAILABLE,,UNAVAILABLE,INSUFFICIENT,KBS_CURRENT_LISTING,INSUFFICIENT_DISCOVERY_EVIDENCE,listing evidence exclusion
2559,,CDC12101,,,corpbond,INSUFFICIENT_DISCOVERY_EVIDENCE,EXCLUDED,UNAVAILABLE,UNAVAILABLE,,UNAVAILABLE,INSUFFICIENT,KBS_CURRENT_LISTING,INSUFFICIENT_DISCOVERY_EVIDENCE,listing evidence exclusion
2560,,CPL12304,,,corpbond,INSUFFICIENT_DISCOVERY_EVIDENCE,EXCLUDED,UNAVAILABLE,UNAVAILABLE,,UNAVAILABLE,INSUFFICIENT,KBS_CURRENT_LISTING,INSUFFICIENT_DISCOVERY_EVIDENCE,listing evidence exclusion
2561,,BID12613,,,corpbond,INSUFFICIENT_DISCOVERY_EVIDENCE,EXCLUDED,UNAVAILABLE,UNAVAILABLE,,UNAVAILABLE,INSUFFICIENT,KBS_CURRENT_LISTING,INSUFFICIENT_DISCOVERY_EVIDENCE,listing evidence exclusion
2562,,HDB12202,,,corpbond,INSUFFICIENT_DISCOVERY_EVIDENCE,EXCLUDED,UNAVAILABLE,UNAVAILABLE,,UNAVAILABLE,INSUFFICIENT,KBS_CURRENT_LISTING,INSUFFICIENT_DISCOVERY_EVIDENCE,listing evidence exclusion
2563,,BID12607,,,corpbond,INSUFFICIENT_DISCOVERY_EVIDENCE,EXCLUDED,UNAVAILABLE,UNAVAILABLE,,UNAVAILABLE,INSUFFICIENT,KBS_CURRENT_LISTING,INSUFFICIENT_DISCOVERY_EVIDENCE,listing evidence exclusion
2564,,HDB12426,,,corpbond,INSUFFICIENT_DISCOVERY_EVIDENCE,EXCLUDED,UNAVAILABLE,UNAVAILABLE,,UNAVAILABLE,INSUFFICIENT,KBS_CURRENT_LISTING,INSUFFICIENT_DISCOVERY_EVIDENCE,listing evidence exclusion
2565,,VPI12402,,,corpbond,INSUFFICIENT_DISCOVERY_EVIDENCE,EXCLUDED,UNAVAILABLE,UNAVAILABLE,,UNAVAILABLE,INSUFFICIENT,KBS_CURRENT_LISTING,INSUFFICIENT_DISCOVERY_EVIDENCE,listing evidence exclusion
2566,,OCB12521,,,corpbond,INSUFFICIENT_DISCOVERY_EVIDENCE,EXCLUDED,UNAVAILABLE,UNAVAILABLE,,UNAVAILABLE,INSUFFICIENT,KBS_CURRENT_LISTING,INSUFFICIENT_DISCOVERY_EVIDENCE,listing evidence exclusion
2567,,OCB12429,,,corpbond,INSUFFICIENT_DISCOVERY_EVIDENCE,EXCLUDED,UNAVAILABLE,UNAVAILABLE,,UNAVAILABLE,INSUFFICIENT,KBS_CURRENT_LISTING,INSUFFICIENT_DISCOVERY_EVIDENCE,listing evidence exclusion
2568,,HDB12605,,,corpbond,INSUFFICIENT_DISCOVERY_EVIDENCE,EXCLUDED,UNAVAILABLE,UNAVAILABLE,,UNAVAILABLE,INSUFFICIENT,KBS_CURRENT_LISTING,INSUFFICIENT_DISCOVERY_EVIDENCE,listing evidence exclusion
2569,,ACB12406,,,corpbond,INSUFFICIENT_DISCOVERY_EVIDENCE,EXCLUDED,UNAVAILABLE,UNAVAILABLE,,UNAVAILABLE,INSUFFICIENT,KBS_CURRENT_LISTING,INSUFFICIENT_DISCOVERY_EVIDENCE,listing evidence exclusion
2570,,BID12547,,,corpbond,INSUFFICIENT_DISCOVERY_EVIDENCE,EXCLUDED,UNAVAILABLE,UNAVAILABLE,,UNAVAILABLE,INSUFFICIENT,KBS_CURRENT_LISTING,INSUFFICIENT_DISCOVERY_EVIDENCE,listing evidence exclusion
2571,,BID12532,,,corpbond,INSUFFICIENT_DISCOVERY_EVIDENCE,EXCLUDED,UNAVAILABLE,UNAVAILABLE,,UNAVAILABLE,INSUFFICIENT,KBS_CURRENT_LISTING,INSUFFICIENT_DISCOVERY_EVIDENCE,listing evidence exclusion
2572,,TGI12403,,,corpbond,INSUFFICIENT_DISCOVERY_EVIDENCE,EXCLUDED,UNAVAILABLE,UNAVAILABLE,,UNAVAILABLE,INSUFFICIENT,KBS_CURRENT_LISTING,INSUFFICIENT_DISCOVERY_EVIDENCE,listing evidence exclusion
2573,,TCX12505,,,corpbond,INSUFFICIENT_DISCOVERY_EVIDENCE,EXCLUDED,UNAVAILABLE,UNAVAILABLE,,UNAVAILABLE,INSUFFICIENT,KBS_CURRENT_LISTING,INSUFFICIENT_DISCOVERY_EVIDENCE,listing evidence exclusion
2574,,BID12425,,,corpbond,INSUFFICIENT_DISCOVERY_EVIDENCE,EXCLUDED,UNAVAILABLE,UNAVAILABLE,,UNAVAILABLE,INSUFFICIENT,KBS_CURRENT_LISTING,INSUFFICIENT_DISCOVERY_EVIDENCE,listing evidence exclusion
2575,,WTO12106,,,corpbond,INSUFFICIENT_DISCOVERY_EVIDENCE,EXCLUDED,UNAVAILABLE,UNAVAILABLE,,UNAVAILABLE,INSUFFICIENT,KBS_CURRENT_LISTING,INSUFFICIENT_DISCOVERY_EVIDENCE,listing evidence exclusion
2576,,MSB12510,,,corpbond,INSUFFICIENT_DISCOVERY_EVIDENCE,EXCLUDED,UNAVAILABLE,UNAVAILABLE,,UNAVAILABLE,INSUFFICIENT,KBS_CURRENT_LISTING,INSUFFICIENT_DISCOVERY_EVIDENCE,listing evidence exclusion
2577,,NVL42203,,,corpbond,INSUFFICIENT_DISCOVERY_EVIDENCE,EXCLUDED,UNAVAILABLE,UNAVAILABLE,,UNAVAILABLE,INSUFFICIENT,KBS_CURRENT_LISTING,INSUFFICIENT_DISCOVERY_EVIDENCE,listing evidence exclusion
2578,,OCB12605,,,corpbond,INSUFFICIENT_DISCOVERY_EVIDENCE,EXCLUDED,UNAVAILABLE,UNAVAILABLE,,UNAVAILABLE,INSUFFICIENT,KBS_CURRENT_LISTING,INSUFFICIENT_DISCOVERY_EVIDENCE,listing evidence exclusion
2579,,VIC12508,,,corpbond,INSUFFICIENT_DISCOVERY_EVIDENCE,EXCLUDED,UNAVAILABLE,UNAVAILABLE,,UNAVAILABLE,INSUFFICIENT,KBS_CURRENT_LISTING,INSUFFICIENT_DISCOVERY_EVIDENCE,listing evidence exclusion
2580,,VCBL12609,,,corpbond,INSUFFICIENT_DISCOVERY_EVIDENCE,EXCLUDED,UNAVAILABLE,UNAVAILABLE,,UNAVAILABLE,INSUFFICIENT,KBS_CURRENT_LISTING,INSUFFICIENT_DISCOVERY_EVIDENCE,listing evidence exclusion
2581,,TCB12601,,,corpbond,INSUFFICIENT_DISCOVERY_EVIDENCE,EXCLUDED,UNAVAILABLE,UNAVAILABLE,,UNAVAILABLE,INSUFFICIENT,KBS_CURRENT_LISTING,INSUFFICIENT_DISCOVERY_EVIDENCE,listing evidence exclusion
2582,,VJC12506,,,corpbond,INSUFFICIENT_DISCOVERY_EVIDENCE,EXCLUDED,UNAVAILABLE,UNAVAILABLE,,UNAVAILABLE,INSUFFICIENT,KBS_CURRENT_LISTING,INSUFFICIENT_DISCOVERY_EVIDENCE,listing evidence exclusion
2583,,VBB12501,,,corpbond,INSUFFICIENT_DISCOVERY_EVIDENCE,EXCLUDED,UNAVAILABLE,UNAVAILABLE,,UNAVAILABLE,INSUFFICIENT,KBS_CURRENT_LISTING,INSUFFICIENT_DISCOVERY_EVIDENCE,listing evidence exclusion
2584,,VHM12407,,,corpbond,INSUFFICIENT_DISCOVERY_EVIDENCE,EXCLUDED,UNAVAILABLE,UNAVAILABLE,,UNAVAILABLE,INSUFFICIENT,KBS_CURRENT_LISTING,INSUFFICIENT_DISCOVERY_EVIDENCE,listing evidence exclusion
2585,,PKA12301,,,corpbond,INSUFFICIENT_DISCOVERY_EVIDENCE,EXCLUDED,UNAVAILABLE,UNAVAILABLE,,UNAVAILABLE,INSUFFICIENT,KBS_CURRENT_LISTING,INSUFFICIENT_DISCOVERY_EVIDENCE,listing evidence exclusion
2586,,TPB12537,,,corpbond,INSUFFICIENT_DISCOVERY_EVIDENCE,EXCLUDED,UNAVAILABLE,UNAVAILABLE,,UNAVAILABLE,INSUFFICIENT,KBS_CURRENT_LISTING,INSUFFICIENT_DISCOVERY_EVIDENCE,listing evidence exclusion
2587,,TCB12610,,,corpbond,INSUFFICIENT_DISCOVERY_EVIDENCE,EXCLUDED,UNAVAILABLE,UNAVAILABLE,,UNAVAILABLE,INSUFFICIENT,KBS_CURRENT_LISTING,INSUFFICIENT_DISCOVERY_EVIDENCE,listing evidence exclusion
2588,,TPB12329,,,corpbond,INSUFFICIENT_DISCOVERY_EVIDENCE,EXCLUDED,UNAVAILABLE,UNAVAILABLE,,UNAVAILABLE,INSUFFICIENT,KBS_CURRENT_LISTING,INSUFFICIENT_DISCOVERY_EVIDENCE,listing evidence exclusion
2589,,BID12368,,,corpbond,INSUFFICIENT_DISCOVERY_EVIDENCE,EXCLUDED,UNAVAILABLE,UNAVAILABLE,,UNAVAILABLE,INSUFFICIENT,KBS_CURRENT_LISTING,INSUFFICIENT_DISCOVERY_EVIDENCE,listing evidence exclusion
2590,,BID12441,,,corpbond,INSUFFICIENT_DISCOVERY_EVIDENCE,EXCLUDED,UNAVAILABLE,UNAVAILABLE,,UNAVAILABLE,INSUFFICIENT,KBS_CURRENT_LISTING,INSUFFICIENT_DISCOVERY_EVIDENCE,listing evidence exclusion
2591,,INF12101,,,corpbond,INSUFFICIENT_DISCOVERY_EVIDENCE,EXCLUDED,UNAVAILABLE,UNAVAILABLE,,UNAVAILABLE,INSUFFICIENT,KBS_CURRENT_LISTING,INSUFFICIENT_DISCOVERY_EVIDENCE,listing evidence exclusion
2592,,TPB12508,,,corpbond,INSUFFICIENT_DISCOVERY_EVIDENCE,EXCLUDED,UNAVAILABLE,UNAVAILABLE,,UNAVAILABLE,INSUFFICIENT,KBS_CURRENT_LISTING,INSUFFICIENT_DISCOVERY_EVIDENCE,listing evidence exclusion
2593,,VPI12603,,,corpbond,INSUFFICIENT_DISCOVERY_EVIDENCE,EXCLUDED,UNAVAILABLE,UNAVAILABLE,,UNAVAILABLE,INSUFFICIENT,KBS_CURRENT_LISTING,INSUFFICIENT_DISCOVERY_EVIDENCE,listing evidence exclusion
2594,,OCB12507,,,corpbond,INSUFFICIENT_DISCOVERY_EVIDENCE,EXCLUDED,UNAVAILABLE,UNAVAILABLE,,UNAVAILABLE,INSUFFICIENT,KBS_CURRENT_LISTING,INSUFFICIENT_DISCOVERY_EVIDENCE,listing evidence exclusion
2595,,TPB12321,,,corpbond,INSUFFICIENT_DISCOVERY_EVIDENCE,EXCLUDED,UNAVAILABLE,UNAVAILABLE,,UNAVAILABLE,INSUFFICIENT,KBS_CURRENT_LISTING,INSUFFICIENT_DISCOVERY_EVIDENCE,listing evidence exclusion
2596,,QTA12301,,,corpbond,INSUFFICIENT_DISCOVERY_EVIDENCE,EXCLUDED,UNAVAILABLE,UNAVAILABLE,,UNAVAILABLE,INSUFFICIENT,KBS_CURRENT_LISTING,INSUFFICIENT_DISCOVERY_EVIDENCE,listing evidence exclusion
2597,,TCB12514,,,corpbond,INSUFFICIENT_DISCOVERY_EVIDENCE,EXCLUDED,UNAVAILABLE,UNAVAILABLE,,UNAVAILABLE,INSUFFICIENT,KBS_CURRENT_LISTING,INSUFFICIENT_DISCOVERY_EVIDENCE,listing evidence exclusion
2598,,VHM12409,,,corpbond,INSUFFICIENT_DISCOVERY_EVIDENCE,EXCLUDED,UNAVAILABLE,UNAVAILABLE,,UNAVAILABLE,INSUFFICIENT,KBS_CURRENT_LISTING,INSUFFICIENT_DISCOVERY_EVIDENCE,listing evidence exclusion
2599,,TNQ32504,,,corpbond,INSUFFICIENT_DISCOVERY_EVIDENCE,EXCLUDED,UNAVAILABLE,UNAVAILABLE,,UNAVAILABLE,INSUFFICIENT,KBS_CURRENT_LISTING,INSUFFICIENT_DISCOVERY_EVIDENCE,listing evidence exclusion
2600,,ACB12521,,,corpbond,INSUFFICIENT_DISCOVERY_EVIDENCE,EXCLUDED,UNAVAILABLE,UNAVAILABLE,,UNAVAILABLE,INSUFFICIENT,KBS_CURRENT_LISTING,INSUFFICIENT_DISCOVERY_EVIDENCE,listing evidence exclusion
2601,,VBA12207,,,corpbond,INSUFFICIENT_DISCOVERY_EVIDENCE,EXCLUDED,UNAVAILABLE,UNAVAILABLE,,UNAVAILABLE,INSUFFICIENT,KBS_CURRENT_LISTING,INSUFFICIENT_DISCOVERY_EVIDENCE,listing evidence exclusion
2602,,VPB12510,,,corpbond,INSUFFICIENT_DISCOVERY_EVIDENCE,EXCLUDED,UNAVAILABLE,UNAVAILABLE,,UNAVAILABLE,INSUFFICIENT,KBS_CURRENT_LISTING,INSUFFICIENT_DISCOVERY_EVIDENCE,listing evidence exclusion
2603,,VJC12309,,,corpbond,INSUFFICIENT_DISCOVERY_EVIDENCE,EXCLUDED,UNAVAILABLE,UNAVAILABLE,,UNAVAILABLE,INSUFFICIENT,KBS_CURRENT_LISTING,INSUFFICIENT_DISCOVERY_EVIDENCE,listing evidence exclusion
2604,,MSB12506,,,corpbond,INSUFFICIENT_DISCOVERY_EVIDENCE,EXCLUDED,UNAVAILABLE,UNAVAILABLE,,UNAVAILABLE,INSUFFICIENT,KBS_CURRENT_LISTING,INSUFFICIENT_DISCOVERY_EVIDENCE,listing evidence exclusion
2605,,DPQ12206,,,corpbond,INSUFFICIENT_DISCOVERY_EVIDENCE,EXCLUDED,UNAVAILABLE,UNAVAILABLE,,UNAVAILABLE,INSUFFICIENT,KBS_CURRENT_LISTING,INSUFFICIENT_DISCOVERY_EVIDENCE,listing evidence exclusion
2606,,MBB12428,,,corpbond,INSUFFICIENT_DISCOVERY_EVIDENCE,EXCLUDED,UNAVAILABLE,UNAVAILABLE,,UNAVAILABLE,INSUFFICIENT,KBS_CURRENT_LISTING,INSUFFICIENT_DISCOVERY_EVIDENCE,listing evidence exclusion
2607,,VMH12501,,,corpbond,INSUFFICIENT_DISCOVERY_EVIDENCE,EXCLUDED,UNAVAILABLE,UNAVAILABLE,,UNAVAILABLE,INSUFFICIENT,KBS_CURRENT_LISTING,INSUFFICIENT_DISCOVERY_EVIDENCE,listing evidence exclusion
2608,,VBA12104,,,corpbond,INSUFFICIENT_DISCOVERY_EVIDENCE,EXCLUDED,UNAVAILABLE,UNAVAILABLE,,UNAVAILABLE,INSUFFICIENT,KBS_CURRENT_LISTING,INSUFFICIENT_DISCOVERY_EVIDENCE,listing evidence exclusion
2609,,TNQ32506,,,corpbond,INSUFFICIENT_DISCOVERY_EVIDENCE,EXCLUDED,UNAVAILABLE,UNAVAILABLE,,UNAVAILABLE,INSUFFICIENT,KBS_CURRENT_LISTING,INSUFFICIENT_DISCOVERY_EVIDENCE,listing evidence exclusion
2610,,GSG12501,,,corpbond,INSUFFICIENT_DISCOVERY_EVIDENCE,EXCLUDED,UNAVAILABLE,UNAVAILABLE,,UNAVAILABLE,INSUFFICIENT,KBS_CURRENT_LISTING,INSUFFICIENT_DISCOVERY_EVIDENCE,listing evidence exclusion
2611,,TNQ32502,,,corpbond,INSUFFICIENT_DISCOVERY_EVIDENCE,EXCLUDED,UNAVAILABLE,UNAVAILABLE,,UNAVAILABLE,INSUFFICIENT,KBS_CURRENT_LISTING,INSUFFICIENT_DISCOVERY_EVIDENCE,listing evidence exclusion
2612,,BID12551,,,corpbond,INSUFFICIENT_DISCOVERY_EVIDENCE,EXCLUDED,UNAVAILABLE,UNAVAILABLE,,UNAVAILABLE,INSUFFICIENT,KBS_CURRENT_LISTING,INSUFFICIENT_DISCOVERY_EVIDENCE,listing evidence exclusion
2613,,AKP42401,,,corpbond,INSUFFICIENT_DISCOVERY_EVIDENCE,EXCLUDED,UNAVAILABLE,UNAVAILABLE,,UNAVAILABLE,INSUFFICIENT,KBS_CURRENT_LISTING,INSUFFICIENT_DISCOVERY_EVIDENCE,listing evidence exclusion
2614,,MSF12404,,,corpbond,INSUFFICIENT_DISCOVERY_EVIDENCE,EXCLUDED,UNAVAILABLE,UNAVAILABLE,,UNAVAILABLE,INSUFFICIENT,KBS_CURRENT_LISTING,INSUFFICIENT_DISCOVERY_EVIDENCE,listing evidence exclusion
2615,,TSO12601,,,corpbond,INSUFFICIENT_DISCOVERY_EVIDENCE,EXCLUDED,UNAVAILABLE,UNAVAILABLE,,UNAVAILABLE,INSUFFICIENT,KBS_CURRENT_LISTING,INSUFFICIENT_DISCOVERY_EVIDENCE,listing evidence exclusion
2616,,ABB12402,,,corpbond,INSUFFICIENT_DISCOVERY_EVIDENCE,EXCLUDED,UNAVAILABLE,UNAVAILABLE,,UNAVAILABLE,INSUFFICIENT,KBS_CURRENT_LISTING,INSUFFICIENT_DISCOVERY_EVIDENCE,listing evidence exclusion
2617,,LLF12301,,,corpbond,INSUFFICIENT_DISCOVERY_EVIDENCE,EXCLUDED,UNAVAILABLE,UNAVAILABLE,,UNAVAILABLE,INSUFFICIENT,KBS_CURRENT_LISTING,INSUFFICIENT_DISCOVERY_EVIDENCE,listing evidence exclusion
2618,,VPI12501,,,corpbond,INSUFFICIENT_DISCOVERY_EVIDENCE,EXCLUDED,UNAVAILABLE,UNAVAILABLE,,UNAVAILABLE,INSUFFICIENT,KBS_CURRENT_LISTING,INSUFFICIENT_DISCOVERY_EVIDENCE,listing evidence exclusion
2619,,DPW12303,,,corpbond,INSUFFICIENT_DISCOVERY_EVIDENCE,EXCLUDED,UNAVAILABLE,UNAVAILABLE,,UNAVAILABLE,INSUFFICIENT,KBS_CURRENT_LISTING,INSUFFICIENT_DISCOVERY_EVIDENCE,listing evidence exclusion
2620,,MBB12228,,,corpbond,INSUFFICIENT_DISCOVERY_EVIDENCE,EXCLUDED,UNAVAILABLE,UNAVAILABLE,,UNAVAILABLE,INSUFFICIENT,KBS_CURRENT_LISTING,INSUFFICIENT_DISCOVERY_EVIDENCE,listing evidence exclusion
2621,,VAB12601,,,corpbond,INSUFFICIENT_DISCOVERY_EVIDENCE,EXCLUDED,UNAVAILABLE,UNAVAILABLE,,UNAVAILABLE,INSUFFICIENT,KBS_CURRENT_LISTING,INSUFFICIENT_DISCOVERY_EVIDENCE,listing evidence exclusion
2622,,BID12121,,,corpbond,INSUFFICIENT_DISCOVERY_EVIDENCE,EXCLUDED,UNAVAILABLE,UNAVAILABLE,,UNAVAILABLE,INSUFFICIENT,KBS_CURRENT_LISTING,INSUFFICIENT_DISCOVERY_EVIDENCE,listing evidence exclusion
2623,,IHP12601,,,corpbond,INSUFFICIENT_DISCOVERY_EVIDENCE,EXCLUDED,UNAVAILABLE,UNAVAILABLE,,UNAVAILABLE,INSUFFICIENT,KBS_CURRENT_LISTING,INSUFFICIENT_DISCOVERY_EVIDENCE,listing evidence exclusion
2624,,TPB12603,,,corpbond,INSUFFICIENT_DISCOVERY_EVIDENCE,EXCLUDED,UNAVAILABLE,UNAVAILABLE,,UNAVAILABLE,INSUFFICIENT,KBS_CURRENT_LISTING,INSUFFICIENT_DISCOVERY_EVIDENCE,listing evidence exclusion
2625,,CTG12303,,,corpbond,INSUFFICIENT_DISCOVERY_EVIDENCE,EXCLUDED,UNAVAILABLE,UNAVAILABLE,,UNAVAILABLE,INSUFFICIENT,KBS_CURRENT_LISTING,INSUFFICIENT_DISCOVERY_EVIDENCE,listing evidence exclusion
2626,,TOT12601,,,corpbond,INSUFFICIENT_DISCOVERY_EVIDENCE,EXCLUDED,UNAVAILABLE,UNAVAILABLE,,UNAVAILABLE,INSUFFICIENT,KBS_CURRENT_LISTING,INSUFFICIENT_DISCOVERY_EVIDENCE,listing evidence exclusion
2627,,IPA12402,,,corpbond,INSUFFICIENT_DISCOVERY_EVIDENCE,EXCLUDED,UNAVAILABLE,UNAVAILABLE,,UNAVAILABLE,INSUFFICIENT,KBS_CURRENT_LISTING,INSUFFICIENT_DISCOVERY_EVIDENCE,listing evidence exclusion
2628,,IDT12501,,,corpbond,INSUFFICIENT_DISCOVERY_EVIDENCE,EXCLUDED,UNAVAILABLE,UNAVAILABLE,,UNAVAILABLE,INSUFFICIENT,KBS_CURRENT_LISTING,INSUFFICIENT_DISCOVERY_EVIDENCE,listing evidence exclusion
2629,,SHSL12602,,,corpbond,INSUFFICIENT_DISCOVERY_EVIDENCE,EXCLUDED,UNAVAILABLE,UNAVAILABLE,,UNAVAILABLE,INSUFFICIENT,KBS_CURRENT_LISTING,INSUFFICIENT_DISCOVERY_EVIDENCE,listing evidence exclusion
2630,,OCB12513,,,corpbond,INSUFFICIENT_DISCOVERY_EVIDENCE,EXCLUDED,UNAVAILABLE,UNAVAILABLE,,UNAVAILABLE,INSUFFICIENT,KBS_CURRENT_LISTING,INSUFFICIENT_DISCOVERY_EVIDENCE,listing evidence exclusion
2631,,TCB12603,,,corpbond,INSUFFICIENT_DISCOVERY_EVIDENCE,EXCLUDED,UNAVAILABLE,UNAVAILABLE,,UNAVAILABLE,INSUFFICIENT,KBS_CURRENT_LISTING,INSUFFICIENT_DISCOVERY_EVIDENCE,listing evidence exclusion
2632,,DPQ12501,,,corpbond,INSUFFICIENT_DISCOVERY_EVIDENCE,EXCLUDED,UNAVAILABLE,UNAVAILABLE,,UNAVAILABLE,INSUFFICIENT,KBS_CURRENT_LISTING,INSUFFICIENT_DISCOVERY_EVIDENCE,listing evidence exclusion
2633,,CTG12415,,,corpbond,INSUFFICIENT_DISCOVERY_EVIDENCE,EXCLUDED,UNAVAILABLE,UNAVAILABLE,,UNAVAILABLE,INSUFFICIENT,KBS_CURRENT_LISTING,INSUFFICIENT_DISCOVERY_EVIDENCE,listing evidence exclusion
2634,,MBB12612,,,corpbond,INSUFFICIENT_DISCOVERY_EVIDENCE,EXCLUDED,UNAVAILABLE,UNAVAILABLE,,UNAVAILABLE,INSUFFICIENT,KBS_CURRENT_LISTING,INSUFFICIENT_DISCOVERY_EVIDENCE,listing evidence exclusion
2635,,TPB12408,,,corpbond,INSUFFICIENT_DISCOVERY_EVIDENCE,EXCLUDED,UNAVAILABLE,UNAVAILABLE,,UNAVAILABLE,INSUFFICIENT,KBS_CURRENT_LISTING,INSUFFICIENT_DISCOVERY_EVIDENCE,listing evidence exclusion
2636,,MRE32102,,,corpbond,INSUFFICIENT_DISCOVERY_EVIDENCE,EXCLUDED,UNAVAILABLE,UNAVAILABLE,,UNAVAILABLE,INSUFFICIENT,KBS_CURRENT_LISTING,INSUFFICIENT_DISCOVERY_EVIDENCE,listing evidence exclusion
2637,,MTD12502,,,corpbond,INSUFFICIENT_DISCOVERY_EVIDENCE,EXCLUDED,UNAVAILABLE,UNAVAILABLE,,UNAVAILABLE,INSUFFICIENT,KBS_CURRENT_LISTING,INSUFFICIENT_DISCOVERY_EVIDENCE,listing evidence exclusion
2638,,MSF12403,,,corpbond,INSUFFICIENT_DISCOVERY_EVIDENCE,EXCLUDED,UNAVAILABLE,UNAVAILABLE,,UNAVAILABLE,INSUFFICIENT,KBS_CURRENT_LISTING,INSUFFICIENT_DISCOVERY_EVIDENCE,listing evidence exclusion
2639,,TPB12527,,,corpbond,INSUFFICIENT_DISCOVERY_EVIDENCE,EXCLUDED,UNAVAILABLE,UNAVAILABLE,,UNAVAILABLE,INSUFFICIENT,KBS_CURRENT_LISTING,INSUFFICIENT_DISCOVERY_EVIDENCE,listing evidence exclusion
2640,,CTG12223,,,corpbond,INSUFFICIENT_DISCOVERY_EVIDENCE,EXCLUDED,UNAVAILABLE,UNAVAILABLE,,UNAVAILABLE,INSUFFICIENT,KBS_CURRENT_LISTING,INSUFFICIENT_DISCOVERY_EVIDENCE,listing evidence exclusion
2641,,ACB12403,,,corpbond,INSUFFICIENT_DISCOVERY_EVIDENCE,EXCLUDED,UNAVAILABLE,UNAVAILABLE,,UNAVAILABLE,INSUFFICIENT,KBS_CURRENT_LISTING,INSUFFICIENT_DISCOVERY_EVIDENCE,listing evidence exclusion
2642,,STB12607,,,corpbond,INSUFFICIENT_DISCOVERY_EVIDENCE,EXCLUDED,UNAVAILABLE,UNAVAILABLE,,UNAVAILABLE,INSUFFICIENT,KBS_CURRENT_LISTING,INSUFFICIENT_DISCOVERY_EVIDENCE,listing evidence exclusion
2643,,TNQ32501,,,corpbond,INSUFFICIENT_DISCOVERY_EVIDENCE,EXCLUDED,UNAVAILABLE,UNAVAILABLE,,UNAVAILABLE,INSUFFICIENT,KBS_CURRENT_LISTING,INSUFFICIENT_DISCOVERY_EVIDENCE,listing evidence exclusion
2644,,WTO12111,,,corpbond,INSUFFICIENT_DISCOVERY_EVIDENCE,EXCLUDED,UNAVAILABLE,UNAVAILABLE,,UNAVAILABLE,INSUFFICIENT,KBS_CURRENT_LISTING,INSUFFICIENT_DISCOVERY_EVIDENCE,listing evidence exclusion
2645,,TQS12201,,,corpbond,INSUFFICIENT_DISCOVERY_EVIDENCE,EXCLUDED,UNAVAILABLE,UNAVAILABLE,,UNAVAILABLE,INSUFFICIENT,KBS_CURRENT_LISTING,INSUFFICIENT_DISCOVERY_EVIDENCE,listing evidence exclusion
2646,,MSB12413,,,corpbond,INSUFFICIENT_DISCOVERY_EVIDENCE,EXCLUDED,UNAVAILABLE,UNAVAILABLE,,UNAVAILABLE,INSUFFICIENT,KBS_CURRENT_LISTING,INSUFFICIENT_DISCOVERY_EVIDENCE,listing evidence exclusion
2647,,MBB12615,,,corpbond,INSUFFICIENT_DISCOVERY_EVIDENCE,EXCLUDED,UNAVAILABLE,UNAVAILABLE,,UNAVAILABLE,INSUFFICIENT,KBS_CURRENT_LISTING,INSUFFICIENT_DISCOVERY_EVIDENCE,listing evidence exclusion
2648,,BID12415,,,corpbond,INSUFFICIENT_DISCOVERY_EVIDENCE,EXCLUDED,UNAVAILABLE,UNAVAILABLE,,UNAVAILABLE,INSUFFICIENT,KBS_CURRENT_LISTING,INSUFFICIENT_DISCOVERY_EVIDENCE,listing evidence exclusion
2649,,TPB12544,,,corpbond,INSUFFICIENT_DISCOVERY_EVIDENCE,EXCLUDED,UNAVAILABLE,UNAVAILABLE,,UNAVAILABLE,INSUFFICIENT,KBS_CURRENT_LISTING,INSUFFICIENT_DISCOVERY_EVIDENCE,listing evidence exclusion
2650,,OCB12602,,,corpbond,INSUFFICIENT_DISCOVERY_EVIDENCE,EXCLUDED,UNAVAILABLE,UNAVAILABLE,,UNAVAILABLE,INSUFFICIENT,KBS_CURRENT_LISTING,INSUFFICIENT_DISCOVERY_EVIDENCE,listing evidence exclusion
2651,,MBB12616,,,corpbond,INSUFFICIENT_DISCOVERY_EVIDENCE,EXCLUDED,UNAVAILABLE,UNAVAILABLE,,UNAVAILABLE,INSUFFICIENT,KBS_CURRENT_LISTING,INSUFFICIENT_DISCOVERY_EVIDENCE,listing evidence exclusion
2652,,TMI12401,,,corpbond,INSUFFICIENT_DISCOVERY_EVIDENCE,EXCLUDED,UNAVAILABLE,UNAVAILABLE,,UNAVAILABLE,INSUFFICIENT,KBS_CURRENT_LISTING,INSUFFICIENT_DISCOVERY_EVIDENCE,listing evidence exclusion
2653,,CTG12220,,,corpbond,INSUFFICIENT_DISCOVERY_EVIDENCE,EXCLUDED,UNAVAILABLE,UNAVAILABLE,,UNAVAILABLE,INSUFFICIENT,KBS_CURRENT_LISTING,INSUFFICIENT_DISCOVERY_EVIDENCE,listing evidence exclusion
2654,,MBB12107,,,corpbond,INSUFFICIENT_DISCOVERY_EVIDENCE,EXCLUDED,UNAVAILABLE,UNAVAILABLE,,UNAVAILABLE,INSUFFICIENT,KBS_CURRENT_LISTING,INSUFFICIENT_DISCOVERY_EVIDENCE,listing evidence exclusion
2655,,BVC12402,,,corpbond,INSUFFICIENT_DISCOVERY_EVIDENCE,EXCLUDED,UNAVAILABLE,UNAVAILABLE,,UNAVAILABLE,INSUFFICIENT,KBS_CURRENT_LISTING,INSUFFICIENT_DISCOVERY_EVIDENCE,listing evidence exclusion
2656,,BID12521,,,corpbond,INSUFFICIENT_DISCOVERY_EVIDENCE,EXCLUDED,UNAVAILABLE,UNAVAILABLE,,UNAVAILABLE,INSUFFICIENT,KBS_CURRENT_LISTING,INSUFFICIENT_DISCOVERY_EVIDENCE,listing evidence exclusion
2657,,PKA12302,,,corpbond,INSUFFICIENT_DISCOVERY_EVIDENCE,EXCLUDED,UNAVAILABLE,UNAVAILABLE,,UNAVAILABLE,INSUFFICIENT,KBS_CURRENT_LISTING,INSUFFICIENT_DISCOVERY_EVIDENCE,listing evidence exclusion
2658,,CTG12334,,,corpbond,INSUFFICIENT_DISCOVERY_EVIDENCE,EXCLUDED,UNAVAILABLE,UNAVAILABLE,,UNAVAILABLE,INSUFFICIENT,KBS_CURRENT_LISTING,INSUFFICIENT_DISCOVERY_EVIDENCE,listing evidence exclusion
2659,,APM12501,,,corpbond,INSUFFICIENT_DISCOVERY_EVIDENCE,EXCLUDED,UNAVAILABLE,UNAVAILABLE,,UNAVAILABLE,INSUFFICIENT,KBS_CURRENT_LISTING,INSUFFICIENT_DISCOVERY_EVIDENCE,listing evidence exclusion
2660,,MBB12410,,,corpbond,INSUFFICIENT_DISCOVERY_EVIDENCE,EXCLUDED,UNAVAILABLE,UNAVAILABLE,,UNAVAILABLE,INSUFFICIENT,KBS_CURRENT_LISTING,INSUFFICIENT_DISCOVERY_EVIDENCE,listing evidence exclusion
2661,,SHD12404,,,corpbond,INSUFFICIENT_DISCOVERY_EVIDENCE,EXCLUDED,UNAVAILABLE,UNAVAILABLE,,UNAVAILABLE,INSUFFICIENT,KBS_CURRENT_LISTING,INSUFFICIENT_DISCOVERY_EVIDENCE,listing evidence exclusion
2662,,VBA12501,,,corpbond,INSUFFICIENT_DISCOVERY_EVIDENCE,EXCLUDED,UNAVAILABLE,UNAVAILABLE,,UNAVAILABLE,INSUFFICIENT,KBS_CURRENT_LISTING,INSUFFICIENT_DISCOVERY_EVIDENCE,listing evidence exclusion
2663,,THC12501,,,corpbond,INSUFFICIENT_DISCOVERY_EVIDENCE,EXCLUDED,UNAVAILABLE,UNAVAILABLE,,UNAVAILABLE,INSUFFICIENT,KBS_CURRENT_LISTING,INSUFFICIENT_DISCOVERY_EVIDENCE,listing evidence exclusion
2664,,ACB12602,,,corpbond,INSUFFICIENT_DISCOVERY_EVIDENCE,EXCLUDED,UNAVAILABLE,UNAVAILABLE,,UNAVAILABLE,INSUFFICIENT,KBS_CURRENT_LISTING,INSUFFICIENT_DISCOVERY_EVIDENCE,listing evidence exclusion
2665,,VJC12502,,,corpbond,INSUFFICIENT_DISCOVERY_EVIDENCE,EXCLUDED,UNAVAILABLE,UNAVAILABLE,,UNAVAILABLE,INSUFFICIENT,KBS_CURRENT_LISTING,INSUFFICIENT_DISCOVERY_EVIDENCE,listing evidence exclusion
2666,,OCB12530,,,corpbond,INSUFFICIENT_DISCOVERY_EVIDENCE,EXCLUDED,UNAVAILABLE,UNAVAILABLE,,UNAVAILABLE,INSUFFICIENT,KBS_CURRENT_LISTING,INSUFFICIENT_DISCOVERY_EVIDENCE,listing evidence exclusion
2667,,BSI32501,,,corpbond,INSUFFICIENT_DISCOVERY_EVIDENCE,EXCLUDED,UNAVAILABLE,UNAVAILABLE,,UNAVAILABLE,INSUFFICIENT,KBS_CURRENT_LISTING,INSUFFICIENT_DISCOVERY_EVIDENCE,listing evidence exclusion
2668,,BID12601,,,corpbond,INSUFFICIENT_DISCOVERY_EVIDENCE,EXCLUDED,UNAVAILABLE,UNAVAILABLE,,UNAVAILABLE,INSUFFICIENT,KBS_CURRENT_LISTING,INSUFFICIENT_DISCOVERY_EVIDENCE,listing evidence exclusion
2669,,VHM12609,,,corpbond,INSUFFICIENT_DISCOVERY_EVIDENCE,EXCLUDED,UNAVAILABLE,UNAVAILABLE,,UNAVAILABLE,INSUFFICIENT,KBS_CURRENT_LISTING,INSUFFICIENT_DISCOVERY_EVIDENCE,listing evidence exclusion
2670,,TRM12503,,,corpbond,INSUFFICIENT_DISCOVERY_EVIDENCE,EXCLUDED,UNAVAILABLE,UNAVAILABLE,,UNAVAILABLE,INSUFFICIENT,KBS_CURRENT_LISTING,INSUFFICIENT_DISCOVERY_EVIDENCE,listing evidence exclusion
2671,,SBP12102,,,corpbond,INSUFFICIENT_DISCOVERY_EVIDENCE,EXCLUDED,UNAVAILABLE,UNAVAILABLE,,UNAVAILABLE,INSUFFICIENT,KBS_CURRENT_LISTING,INSUFFICIENT_DISCOVERY_EVIDENCE,listing evidence exclusion
2672,,BID12538,,,corpbond,INSUFFICIENT_DISCOVERY_EVIDENCE,EXCLUDED,UNAVAILABLE,UNAVAILABLE,,UNAVAILABLE,INSUFFICIENT,KBS_CURRENT_LISTING,INSUFFICIENT_DISCOVERY_EVIDENCE,listing evidence exclusion
2673,,OCB12522,,,corpbond,INSUFFICIENT_DISCOVERY_EVIDENCE,EXCLUDED,UNAVAILABLE,UNAVAILABLE,,UNAVAILABLE,INSUFFICIENT,KBS_CURRENT_LISTING,INSUFFICIENT_DISCOVERY_EVIDENCE,listing evidence exclusion
2674,,ABB12517,,,corpbond,INSUFFICIENT_DISCOVERY_EVIDENCE,EXCLUDED,UNAVAILABLE,UNAVAILABLE,,UNAVAILABLE,INSUFFICIENT,KBS_CURRENT_LISTING,INSUFFICIENT_DISCOVERY_EVIDENCE,listing evidence exclusion
2675,,BID12510,,,corpbond,INSUFFICIENT_DISCOVERY_EVIDENCE,EXCLUDED,UNAVAILABLE,UNAVAILABLE,,UNAVAILABLE,INSUFFICIENT,KBS_CURRENT_LISTING,INSUFFICIENT_DISCOVERY_EVIDENCE,listing evidence exclusion
2676,,AAS12201,,,corpbond,INSUFFICIENT_DISCOVERY_EVIDENCE,EXCLUDED,UNAVAILABLE,UNAVAILABLE,,UNAVAILABLE,INSUFFICIENT,KBS_CURRENT_LISTING,INSUFFICIENT_DISCOVERY_EVIDENCE,listing evidence exclusion
2677,,NAB12604,,,corpbond,INSUFFICIENT_DISCOVERY_EVIDENCE,EXCLUDED,UNAVAILABLE,UNAVAILABLE,,UNAVAILABLE,INSUFFICIENT,KBS_CURRENT_LISTING,INSUFFICIENT_DISCOVERY_EVIDENCE,listing evidence exclusion
2678,,VCB12215,,,corpbond,INSUFFICIENT_DISCOVERY_EVIDENCE,EXCLUDED,UNAVAILABLE,UNAVAILABLE,,UNAVAILABLE,INSUFFICIENT,KBS_CURRENT_LISTING,INSUFFICIENT_DISCOVERY_EVIDENCE,listing evidence exclusion
2679,,BID12150,,,corpbond,INSUFFICIENT_DISCOVERY_EVIDENCE,EXCLUDED,UNAVAILABLE,UNAVAILABLE,,UNAVAILABLE,INSUFFICIENT,KBS_CURRENT_LISTING,INSUFFICIENT_DISCOVERY_EVIDENCE,listing evidence exclusion
2680,,MBB12519,,,corpbond,INSUFFICIENT_DISCOVERY_EVIDENCE,EXCLUDED,UNAVAILABLE,UNAVAILABLE,,UNAVAILABLE,INSUFFICIENT,KBS_CURRENT_LISTING,INSUFFICIENT_DISCOVERY_EVIDENCE,listing evidence exclusion
2681,,TPB12446,,,corpbond,INSUFFICIENT_DISCOVERY_EVIDENCE,EXCLUDED,UNAVAILABLE,UNAVAILABLE,,UNAVAILABLE,INSUFFICIENT,KBS_CURRENT_LISTING,INSUFFICIENT_DISCOVERY_EVIDENCE,listing evidence exclusion
2682,,BID12116,,,corpbond,INSUFFICIENT_DISCOVERY_EVIDENCE,EXCLUDED,UNAVAILABLE,UNAVAILABLE,,UNAVAILABLE,INSUFFICIENT,KBS_CURRENT_LISTING,INSUFFICIENT_DISCOVERY_EVIDENCE,listing evidence exclusion
2683,,VJC12322,,,corpbond,INSUFFICIENT_DISCOVERY_EVIDENCE,EXCLUDED,UNAVAILABLE,UNAVAILABLE,,UNAVAILABLE,INSUFFICIENT,KBS_CURRENT_LISTING,INSUFFICIENT_DISCOVERY_EVIDENCE,listing evidence exclusion
2684,,TNF32101,,,corpbond,INSUFFICIENT_DISCOVERY_EVIDENCE,EXCLUDED,UNAVAILABLE,UNAVAILABLE,,UNAVAILABLE,INSUFFICIENT,KBS_CURRENT_LISTING,INSUFFICIENT_DISCOVERY_EVIDENCE,listing evidence exclusion
2685,,BID12301,,,corpbond,INSUFFICIENT_DISCOVERY_EVIDENCE,EXCLUDED,UNAVAILABLE,UNAVAILABLE,,UNAVAILABLE,INSUFFICIENT,KBS_CURRENT_LISTING,INSUFFICIENT_DISCOVERY_EVIDENCE,listing evidence exclusion
2686,,TAU12502,,,corpbond,INSUFFICIENT_DISCOVERY_EVIDENCE,EXCLUDED,UNAVAILABLE,UNAVAILABLE,,UNAVAILABLE,INSUFFICIENT,KBS_CURRENT_LISTING,INSUFFICIENT_DISCOVERY_EVIDENCE,listing evidence exclusion
2687,,TDR12102,,,corpbond,INSUFFICIENT_DISCOVERY_EVIDENCE,EXCLUDED,UNAVAILABLE,UNAVAILABLE,,UNAVAILABLE,INSUFFICIENT,KBS_CURRENT_LISTING,INSUFFICIENT_DISCOVERY_EVIDENCE,listing evidence exclusion
2688,,WTO12102,,,corpbond,INSUFFICIENT_DISCOVERY_EVIDENCE,EXCLUDED,UNAVAILABLE,UNAVAILABLE,,UNAVAILABLE,INSUFFICIENT,KBS_CURRENT_LISTING,INSUFFICIENT_DISCOVERY_EVIDENCE,listing evidence exclusion
2689,,THC42302,,,corpbond,INSUFFICIENT_DISCOVERY_EVIDENCE,EXCLUDED,UNAVAILABLE,UNAVAILABLE,,UNAVAILABLE,INSUFFICIENT,KBS_CURRENT_LISTING,INSUFFICIENT_DISCOVERY_EVIDENCE,listing evidence exclusion
2690,,VJC12509,,,corpbond,INSUFFICIENT_DISCOVERY_EVIDENCE,EXCLUDED,UNAVAILABLE,UNAVAILABLE,,UNAVAILABLE,INSUFFICIENT,KBS_CURRENT_LISTING,INSUFFICIENT_DISCOVERY_EVIDENCE,listing evidence exclusion
2691,,MSB12412,,,corpbond,INSUFFICIENT_DISCOVERY_EVIDENCE,EXCLUDED,UNAVAILABLE,UNAVAILABLE,,UNAVAILABLE,INSUFFICIENT,KBS_CURRENT_LISTING,INSUFFICIENT_DISCOVERY_EVIDENCE,listing evidence exclusion
2692,,VPB12505,,,corpbond,INSUFFICIENT_DISCOVERY_EVIDENCE,EXCLUDED,UNAVAILABLE,UNAVAILABLE,,UNAVAILABLE,INSUFFICIENT,KBS_CURRENT_LISTING,INSUFFICIENT_DISCOVERY_EVIDENCE,listing evidence exclusion
2693,,HDB12332,,,corpbond,INSUFFICIENT_DISCOVERY_EVIDENCE,EXCLUDED,UNAVAILABLE,UNAVAILABLE,,UNAVAILABLE,INSUFFICIENT,KBS_CURRENT_LISTING,INSUFFICIENT_DISCOVERY_EVIDENCE,listing evidence exclusion
2694,,SHD12403,,,corpbond,INSUFFICIENT_DISCOVERY_EVIDENCE,EXCLUDED,UNAVAILABLE,UNAVAILABLE,,UNAVAILABLE,INSUFFICIENT,KBS_CURRENT_LISTING,INSUFFICIENT_DISCOVERY_EVIDENCE,listing evidence exclusion
2695,,MSB12509,,,corpbond,INSUFFICIENT_DISCOVERY_EVIDENCE,EXCLUDED,UNAVAILABLE,UNAVAILABLE,,UNAVAILABLE,INSUFFICIENT,KBS_CURRENT_LISTING,INSUFFICIENT_DISCOVERY_EVIDENCE,listing evidence exclusion
2696,,TMI12302,,,corpbond,INSUFFICIENT_DISCOVERY_EVIDENCE,EXCLUDED,UNAVAILABLE,UNAVAILABLE,,UNAVAILABLE,INSUFFICIENT,KBS_CURRENT_LISTING,INSUFFICIENT_DISCOVERY_EVIDENCE,listing evidence exclusion
2697,,OCB12606,,,corpbond,INSUFFICIENT_DISCOVERY_EVIDENCE,EXCLUDED,UNAVAILABLE,UNAVAILABLE,,UNAVAILABLE,INSUFFICIENT,KBS_CURRENT_LISTING,INSUFFICIENT_DISCOVERY_EVIDENCE,listing evidence exclusion
2698,,HDB12514,,,corpbond,INSUFFICIENT_DISCOVERY_EVIDENCE,EXCLUDED,UNAVAILABLE,UNAVAILABLE,,UNAVAILABLE,INSUFFICIENT,KBS_CURRENT_LISTING,INSUFFICIENT_DISCOVERY_EVIDENCE,listing evidence exclusion
2699,,OCB12527,,,corpbond,INSUFFICIENT_DISCOVERY_EVIDENCE,EXCLUDED,UNAVAILABLE,UNAVAILABLE,,UNAVAILABLE,INSUFFICIENT,KBS_CURRENT_LISTING,INSUFFICIENT_DISCOVERY_EVIDENCE,listing evidence exclusion
2700,,DRT12403,,,corpbond,INSUFFICIENT_DISCOVERY_EVIDENCE,EXCLUDED,UNAVAILABLE,UNAVAILABLE,,UNAVAILABLE,INSUFFICIENT,KBS_CURRENT_LISTING,INSUFFICIENT_DISCOVERY_EVIDENCE,listing evidence exclusion
2701,,BAB12510,,,corpbond,INSUFFICIENT_DISCOVERY_EVIDENCE,EXCLUDED,UNAVAILABLE,UNAVAILABLE,,UNAVAILABLE,INSUFFICIENT,KBS_CURRENT_LISTING,INSUFFICIENT_DISCOVERY_EVIDENCE,listing evidence exclusion
2702,,BID12413,,,corpbond,INSUFFICIENT_DISCOVERY_EVIDENCE,EXCLUDED,UNAVAILABLE,UNAVAILABLE,,UNAVAILABLE,INSUFFICIENT,KBS_CURRENT_LISTING,INSUFFICIENT_DISCOVERY_EVIDENCE,listing evidence exclusion
2703,,OCB12505,,,corpbond,INSUFFICIENT_DISCOVERY_EVIDENCE,EXCLUDED,UNAVAILABLE,UNAVAILABLE,,UNAVAILABLE,INSUFFICIENT,KBS_CURRENT_LISTING,INSUFFICIENT_DISCOVERY_EVIDENCE,listing evidence exclusion
2704,,BID12257,,,corpbond,INSUFFICIENT_DISCOVERY_EVIDENCE,EXCLUDED,UNAVAILABLE,UNAVAILABLE,,UNAVAILABLE,INSUFFICIENT,KBS_CURRENT_LISTING,INSUFFICIENT_DISCOVERY_EVIDENCE,listing evidence exclusion
2705,,TCB12524,,,corpbond,INSUFFICIENT_DISCOVERY_EVIDENCE,EXCLUDED,UNAVAILABLE,UNAVAILABLE,,UNAVAILABLE,INSUFFICIENT,KBS_CURRENT_LISTING,INSUFFICIENT_DISCOVERY_EVIDENCE,listing evidence exclusion
2706,,TPB12332,,,corpbond,INSUFFICIENT_DISCOVERY_EVIDENCE,EXCLUDED,UNAVAILABLE,UNAVAILABLE,,UNAVAILABLE,INSUFFICIENT,KBS_CURRENT_LISTING,INSUFFICIENT_DISCOVERY_EVIDENCE,listing evidence exclusion
2707,,BVC12401,,,corpbond,INSUFFICIENT_DISCOVERY_EVIDENCE,EXCLUDED,UNAVAILABLE,UNAVAILABLE,,UNAVAILABLE,INSUFFICIENT,KBS_CURRENT_LISTING,INSUFFICIENT_DISCOVERY_EVIDENCE,listing evidence exclusion
2708,,HDC12501,,,corpbond,INSUFFICIENT_DISCOVERY_EVIDENCE,EXCLUDED,UNAVAILABLE,UNAVAILABLE,,UNAVAILABLE,INSUFFICIENT,KBS_CURRENT_LISTING,INSUFFICIENT_DISCOVERY_EVIDENCE,listing evidence exclusion
2709,,HDB12411,,,corpbond,INSUFFICIENT_DISCOVERY_EVIDENCE,EXCLUDED,UNAVAILABLE,UNAVAILABLE,,UNAVAILABLE,INSUFFICIENT,KBS_CURRENT_LISTING,INSUFFICIENT_DISCOVERY_EVIDENCE,listing evidence exclusion
2710,,BID12442,,,corpbond,INSUFFICIENT_DISCOVERY_EVIDENCE,EXCLUDED,UNAVAILABLE,UNAVAILABLE,,UNAVAILABLE,INSUFFICIENT,KBS_CURRENT_LISTING,INSUFFICIENT_DISCOVERY_EVIDENCE,listing evidence exclusion
2711,,MBB12408,,,corpbond,INSUFFICIENT_DISCOVERY_EVIDENCE,EXCLUDED,UNAVAILABLE,UNAVAILABLE,,UNAVAILABLE,INSUFFICIENT,KBS_CURRENT_LISTING,INSUFFICIENT_DISCOVERY_EVIDENCE,listing evidence exclusion
2712,,OCB12601,,,corpbond,INSUFFICIENT_DISCOVERY_EVIDENCE,EXCLUDED,UNAVAILABLE,UNAVAILABLE,,UNAVAILABLE,INSUFFICIENT,KBS_CURRENT_LISTING,INSUFFICIENT_DISCOVERY_EVIDENCE,listing evidence exclusion
2713,,KRF12501,,,corpbond,INSUFFICIENT_DISCOVERY_EVIDENCE,EXCLUDED,UNAVAILABLE,UNAVAILABLE,,UNAVAILABLE,INSUFFICIENT,KBS_CURRENT_LISTING,INSUFFICIENT_DISCOVERY_EVIDENCE,listing evidence exclusion
2714,,LPB12607,,,corpbond,INSUFFICIENT_DISCOVERY_EVIDENCE,EXCLUDED,UNAVAILABLE,UNAVAILABLE,,UNAVAILABLE,INSUFFICIENT,KBS_CURRENT_LISTING,INSUFFICIENT_DISCOVERY_EVIDENCE,listing evidence exclusion
2715,,BID12404,,,corpbond,INSUFFICIENT_DISCOVERY_EVIDENCE,EXCLUDED,UNAVAILABLE,UNAVAILABLE,,UNAVAILABLE,INSUFFICIENT,KBS_CURRENT_LISTING,INSUFFICIENT_DISCOVERY_EVIDENCE,listing evidence exclusion
2716,,DIT32601,,,corpbond,INSUFFICIENT_DISCOVERY_EVIDENCE,EXCLUDED,UNAVAILABLE,UNAVAILABLE,,UNAVAILABLE,INSUFFICIENT,KBS_CURRENT_LISTING,INSUFFICIENT_DISCOVERY_EVIDENCE,listing evidence exclusion
2717,,BID12422,,,corpbond,INSUFFICIENT_DISCOVERY_EVIDENCE,EXCLUDED,UNAVAILABLE,UNAVAILABLE,,UNAVAILABLE,INSUFFICIENT,KBS_CURRENT_LISTING,INSUFFICIENT_DISCOVERY_EVIDENCE,listing evidence exclusion
2718,,MBB12413,,,corpbond,INSUFFICIENT_DISCOVERY_EVIDENCE,EXCLUDED,UNAVAILABLE,UNAVAILABLE,,UNAVAILABLE,INSUFFICIENT,KBS_CURRENT_LISTING,INSUFFICIENT_DISCOVERY_EVIDENCE,listing evidence exclusion
2719,,TPB12530,,,corpbond,INSUFFICIENT_DISCOVERY_EVIDENCE,EXCLUDED,UNAVAILABLE,UNAVAILABLE,,UNAVAILABLE,INSUFFICIENT,KBS_CURRENT_LISTING,INSUFFICIENT_DISCOVERY_EVIDENCE,listing evidence exclusion
2720,,BID12562,,,corpbond,INSUFFICIENT_DISCOVERY_EVIDENCE,EXCLUDED,UNAVAILABLE,UNAVAILABLE,,UNAVAILABLE,INSUFFICIENT,KBS_CURRENT_LISTING,INSUFFICIENT_DISCOVERY_EVIDENCE,listing evidence exclusion
2721,,SRE12201,,,corpbond,INSUFFICIENT_DISCOVERY_EVIDENCE,EXCLUDED,UNAVAILABLE,UNAVAILABLE,,UNAVAILABLE,INSUFFICIENT,KBS_CURRENT_LISTING,INSUFFICIENT_DISCOVERY_EVIDENCE,listing evidence exclusion
2722,,TPB12521,,,corpbond,INSUFFICIENT_DISCOVERY_EVIDENCE,EXCLUDED,UNAVAILABLE,UNAVAILABLE,,UNAVAILABLE,INSUFFICIENT,KBS_CURRENT_LISTING,INSUFFICIENT_DISCOVERY_EVIDENCE,listing evidence exclusion
2723,,CTG12305,,,corpbond,INSUFFICIENT_DISCOVERY_EVIDENCE,EXCLUDED,UNAVAILABLE,UNAVAILABLE,,UNAVAILABLE,INSUFFICIENT,KBS_CURRENT_LISTING,INSUFFICIENT_DISCOVERY_EVIDENCE,listing evidence exclusion
2724,,HDB12515,,,corpbond,INSUFFICIENT_DISCOVERY_EVIDENCE,EXCLUDED,UNAVAILABLE,UNAVAILABLE,,UNAVAILABLE,INSUFFICIENT,KBS_CURRENT_LISTING,INSUFFICIENT_DISCOVERY_EVIDENCE,listing evidence exclusion
2725,,CTG12339,,,corpbond,INSUFFICIENT_DISCOVERY_EVIDENCE,EXCLUDED,UNAVAILABLE,UNAVAILABLE,,UNAVAILABLE,INSUFFICIENT,KBS_CURRENT_LISTING,INSUFFICIENT_DISCOVERY_EVIDENCE,listing evidence exclusion
2726,,CTG12504,,,corpbond,INSUFFICIENT_DISCOVERY_EVIDENCE,EXCLUDED,UNAVAILABLE,UNAVAILABLE,,UNAVAILABLE,INSUFFICIENT,KBS_CURRENT_LISTING,INSUFFICIENT_DISCOVERY_EVIDENCE,listing evidence exclusion
2727,,PKA12501,,,corpbond,INSUFFICIENT_DISCOVERY_EVIDENCE,EXCLUDED,UNAVAILABLE,UNAVAILABLE,,UNAVAILABLE,INSUFFICIENT,KBS_CURRENT_LISTING,INSUFFICIENT_DISCOVERY_EVIDENCE,listing evidence exclusion
2728,,TND12501,,,corpbond,INSUFFICIENT_DISCOVERY_EVIDENCE,EXCLUDED,UNAVAILABLE,UNAVAILABLE,,UNAVAILABLE,INSUFFICIENT,KBS_CURRENT_LISTING,INSUFFICIENT_DISCOVERY_EVIDENCE,listing evidence exclusion
2729,,BID12523,,,corpbond,INSUFFICIENT_DISCOVERY_EVIDENCE,EXCLUDED,UNAVAILABLE,UNAVAILABLE,,UNAVAILABLE,INSUFFICIENT,KBS_CURRENT_LISTING,INSUFFICIENT_DISCOVERY_EVIDENCE,listing evidence exclusion
2730,,HCV12406,,,corpbond,INSUFFICIENT_DISCOVERY_EVIDENCE,EXCLUDED,UNAVAILABLE,UNAVAILABLE,,UNAVAILABLE,INSUFFICIENT,KBS_CURRENT_LISTING,INSUFFICIENT_DISCOVERY_EVIDENCE,listing evidence exclusion
2731,,MBB12509,,,corpbond,INSUFFICIENT_DISCOVERY_EVIDENCE,EXCLUDED,UNAVAILABLE,UNAVAILABLE,,UNAVAILABLE,INSUFFICIENT,KBS_CURRENT_LISTING,INSUFFICIENT_DISCOVERY_EVIDENCE,listing evidence exclusion
2732,,TBA12402,,,corpbond,INSUFFICIENT_DISCOVERY_EVIDENCE,EXCLUDED,UNAVAILABLE,UNAVAILABLE,,UNAVAILABLE,INSUFFICIENT,KBS_CURRENT_LISTING,INSUFFICIENT_DISCOVERY_EVIDENCE,listing evidence exclusion
2733,,VIB12509,,,corpbond,INSUFFICIENT_DISCOVERY_EVIDENCE,EXCLUDED,UNAVAILABLE,UNAVAILABLE,,UNAVAILABLE,INSUFFICIENT,KBS_CURRENT_LISTING,INSUFFICIENT_DISCOVERY_EVIDENCE,listing evidence exclusion
2734,,TPB12411,,,corpbond,INSUFFICIENT_DISCOVERY_EVIDENCE,EXCLUDED,UNAVAILABLE,UNAVAILABLE,,UNAVAILABLE,INSUFFICIENT,KBS_CURRENT_LISTING,INSUFFICIENT_DISCOVERY_EVIDENCE,listing evidence exclusion
2735,,MBB12529,,,corpbond,INSUFFICIENT_DISCOVERY_EVIDENCE,EXCLUDED,UNAVAILABLE,UNAVAILABLE,,UNAVAILABLE,INSUFFICIENT,KBS_CURRENT_LISTING,INSUFFICIENT_DISCOVERY_EVIDENCE,listing evidence exclusion
2736,,BLA12301,,,corpbond,INSUFFICIENT_DISCOVERY_EVIDENCE,EXCLUDED,UNAVAILABLE,UNAVAILABLE,,UNAVAILABLE,INSUFFICIENT,KBS_CURRENT_LISTING,INSUFFICIENT_DISCOVERY_EVIDENCE,listing evidence exclusion
2737,,HDB12415,,,corpbond,INSUFFICIENT_DISCOVERY_EVIDENCE,EXCLUDED,UNAVAILABLE,UNAVAILABLE,,UNAVAILABLE,INSUFFICIENT,KBS_CURRENT_LISTING,INSUFFICIENT_DISCOVERY_EVIDENCE,listing evidence exclusion
2738,,MBB12227,,,corpbond,INSUFFICIENT_DISCOVERY_EVIDENCE,EXCLUDED,UNAVAILABLE,UNAVAILABLE,,UNAVAILABLE,INSUFFICIENT,KBS_CURRENT_LISTING,INSUFFICIENT_DISCOVERY_EVIDENCE,listing evidence exclusion
2739,,VJC12508,,,corpbond,INSUFFICIENT_DISCOVERY_EVIDENCE,EXCLUDED,UNAVAILABLE,UNAVAILABLE,,UNAVAILABLE,INSUFFICIENT,KBS_CURRENT_LISTING,INSUFFICIENT_DISCOVERY_EVIDENCE,listing evidence exclusion
2740,,TCB12518,,,corpbond,INSUFFICIENT_DISCOVERY_EVIDENCE,EXCLUDED,UNAVAILABLE,UNAVAILABLE,,UNAVAILABLE,INSUFFICIENT,KBS_CURRENT_LISTING,INSUFFICIENT_DISCOVERY_EVIDENCE,listing evidence exclusion
2741,,BID12302,,,corpbond,INSUFFICIENT_DISCOVERY_EVIDENCE,EXCLUDED,UNAVAILABLE,UNAVAILABLE,,UNAVAILABLE,INSUFFICIENT,KBS_CURRENT_LISTING,INSUFFICIENT_DISCOVERY_EVIDENCE,listing evidence exclusion
2742,,WTO12109,,,corpbond,INSUFFICIENT_DISCOVERY_EVIDENCE,EXCLUDED,UNAVAILABLE,UNAVAILABLE,,UNAVAILABLE,INSUFFICIENT,KBS_CURRENT_LISTING,INSUFFICIENT_DISCOVERY_EVIDENCE,listing evidence exclusion
2743,,BAB12504,,,corpbond,INSUFFICIENT_DISCOVERY_EVIDENCE,EXCLUDED,UNAVAILABLE,UNAVAILABLE,,UNAVAILABLE,INSUFFICIENT,KBS_CURRENT_LISTING,INSUFFICIENT_DISCOVERY_EVIDENCE,listing evidence exclusion
2744,,HDB12602,,,corpbond,INSUFFICIENT_DISCOVERY_EVIDENCE,EXCLUDED,UNAVAILABLE,UNAVAILABLE,,UNAVAILABLE,INSUFFICIENT,KBS_CURRENT_LISTING,INSUFFICIENT_DISCOVERY_EVIDENCE,listing evidence exclusion
2745,,BID12433,,,corpbond,INSUFFICIENT_DISCOVERY_EVIDENCE,EXCLUDED,UNAVAILABLE,UNAVAILABLE,,UNAVAILABLE,INSUFFICIENT,KBS_CURRENT_LISTING,INSUFFICIENT_DISCOVERY_EVIDENCE,listing evidence exclusion
2746,,BID12603,,,corpbond,INSUFFICIENT_DISCOVERY_EVIDENCE,EXCLUDED,UNAVAILABLE,UNAVAILABLE,,UNAVAILABLE,INSUFFICIENT,KBS_CURRENT_LISTING,INSUFFICIENT_DISCOVERY_EVIDENCE,listing evidence exclusion
2747,,OCB12510,,,corpbond,INSUFFICIENT_DISCOVERY_EVIDENCE,EXCLUDED,UNAVAILABLE,UNAVAILABLE,,UNAVAILABLE,INSUFFICIENT,KBS_CURRENT_LISTING,INSUFFICIENT_DISCOVERY_EVIDENCE,listing evidence exclusion
2748,,FHT12401,,,corpbond,INSUFFICIENT_DISCOVERY_EVIDENCE,EXCLUDED,UNAVAILABLE,UNAVAILABLE,,UNAVAILABLE,INSUFFICIENT,KBS_CURRENT_LISTING,INSUFFICIENT_DISCOVERY_EVIDENCE,listing evidence exclusion
2749,,HDR12402,,,corpbond,INSUFFICIENT_DISCOVERY_EVIDENCE,EXCLUDED,UNAVAILABLE,UNAVAILABLE,,UNAVAILABLE,INSUFFICIENT,KBS_CURRENT_LISTING,INSUFFICIENT_DISCOVERY_EVIDENCE,listing evidence exclusion
2750,,TPB12606,,,corpbond,INSUFFICIENT_DISCOVERY_EVIDENCE,EXCLUDED,UNAVAILABLE,UNAVAILABLE,,UNAVAILABLE,INSUFFICIENT,KBS_CURRENT_LISTING,INSUFFICIENT_DISCOVERY_EVIDENCE,listing evidence exclusion
2751,,TPB12328,,,corpbond,INSUFFICIENT_DISCOVERY_EVIDENCE,EXCLUDED,UNAVAILABLE,UNAVAILABLE,,UNAVAILABLE,INSUFFICIENT,KBS_CURRENT_LISTING,INSUFFICIENT_DISCOVERY_EVIDENCE,listing evidence exclusion
2752,,HDL12104,,,corpbond,INSUFFICIENT_DISCOVERY_EVIDENCE,EXCLUDED,UNAVAILABLE,UNAVAILABLE,,UNAVAILABLE,INSUFFICIENT,KBS_CURRENT_LISTING,INSUFFICIENT_DISCOVERY_EVIDENCE,listing evidence exclusion
2753,,VPI12503,,,corpbond,INSUFFICIENT_DISCOVERY_EVIDENCE,EXCLUDED,UNAVAILABLE,UNAVAILABLE,,UNAVAILABLE,INSUFFICIENT,KBS_CURRENT_LISTING,INSUFFICIENT_DISCOVERY_EVIDENCE,listing evidence exclusion
2754,,MBB12117,,,corpbond,INSUFFICIENT_DISCOVERY_EVIDENCE,EXCLUDED,UNAVAILABLE,UNAVAILABLE,,UNAVAILABLE,INSUFFICIENT,KBS_CURRENT_LISTING,INSUFFICIENT_DISCOVERY_EVIDENCE,listing evidence exclusion
2755,,SHB12501,,,corpbond,INSUFFICIENT_DISCOVERY_EVIDENCE,EXCLUDED,UNAVAILABLE,UNAVAILABLE,,UNAVAILABLE,INSUFFICIENT,KBS_CURRENT_LISTING,INSUFFICIENT_DISCOVERY_EVIDENCE,listing evidence exclusion
2756,,VIC12510,,,corpbond,INSUFFICIENT_DISCOVERY_EVIDENCE,EXCLUDED,UNAVAILABLE,UNAVAILABLE,,UNAVAILABLE,INSUFFICIENT,KBS_CURRENT_LISTING,INSUFFICIENT_DISCOVERY_EVIDENCE,listing evidence exclusion
2757,,MBB12531,,,corpbond,INSUFFICIENT_DISCOVERY_EVIDENCE,EXCLUDED,UNAVAILABLE,UNAVAILABLE,,UNAVAILABLE,INSUFFICIENT,KBS_CURRENT_LISTING,INSUFFICIENT_DISCOVERY_EVIDENCE,listing evidence exclusion
2758,,TPB12418,,,corpbond,INSUFFICIENT_DISCOVERY_EVIDENCE,EXCLUDED,UNAVAILABLE,UNAVAILABLE,,UNAVAILABLE,INSUFFICIENT,KBS_CURRENT_LISTING,INSUFFICIENT_DISCOVERY_EVIDENCE,listing evidence exclusion
2759,,BAB12601,,,corpbond,INSUFFICIENT_DISCOVERY_EVIDENCE,EXCLUDED,UNAVAILABLE,UNAVAILABLE,,UNAVAILABLE,INSUFFICIENT,KBS_CURRENT_LISTING,INSUFFICIENT_DISCOVERY_EVIDENCE,listing evidence exclusion
2760,,WCL12103,,,corpbond,INSUFFICIENT_DISCOVERY_EVIDENCE,EXCLUDED,UNAVAILABLE,UNAVAILABLE,,UNAVAILABLE,INSUFFICIENT,KBS_CURRENT_LISTING,INSUFFICIENT_DISCOVERY_EVIDENCE,listing evidence exclusion
2761,,VHA32105,,,corpbond,INSUFFICIENT_DISCOVERY_EVIDENCE,EXCLUDED,UNAVAILABLE,UNAVAILABLE,,UNAVAILABLE,INSUFFICIENT,KBS_CURRENT_LISTING,INSUFFICIENT_DISCOVERY_EVIDENCE,listing evidence exclusion
2762,,MRE32103,,,corpbond,INSUFFICIENT_DISCOVERY_EVIDENCE,EXCLUDED,UNAVAILABLE,UNAVAILABLE,,UNAVAILABLE,INSUFFICIENT,KBS_CURRENT_LISTING,INSUFFICIENT_DISCOVERY_EVIDENCE,listing evidence exclusion
2763,,VIO32502,,,corpbond,INSUFFICIENT_DISCOVERY_EVIDENCE,EXCLUDED,UNAVAILABLE,UNAVAILABLE,,UNAVAILABLE,INSUFFICIENT,KBS_CURRENT_LISTING,INSUFFICIENT_DISCOVERY_EVIDENCE,listing evidence exclusion
2764,,VCB12605,,,corpbond,INSUFFICIENT_DISCOVERY_EVIDENCE,EXCLUDED,UNAVAILABLE,UNAVAILABLE,,UNAVAILABLE,INSUFFICIENT,KBS_CURRENT_LISTING,INSUFFICIENT_DISCOVERY_EVIDENCE,listing evidence exclusion
2765,,NTJ12601,,,corpbond,INSUFFICIENT_DISCOVERY_EVIDENCE,EXCLUDED,UNAVAILABLE,UNAVAILABLE,,UNAVAILABLE,INSUFFICIENT,KBS_CURRENT_LISTING,INSUFFICIENT_DISCOVERY_EVIDENCE,listing evidence exclusion
2766,,TPX12601,,,corpbond,INSUFFICIENT_DISCOVERY_EVIDENCE,EXCLUDED,UNAVAILABLE,UNAVAILABLE,,UNAVAILABLE,INSUFFICIENT,KBS_CURRENT_LISTING,INSUFFICIENT_DISCOVERY_EVIDENCE,listing evidence exclusion
2767,,HDB12408,,,corpbond,INSUFFICIENT_DISCOVERY_EVIDENCE,EXCLUDED,UNAVAILABLE,UNAVAILABLE,,UNAVAILABLE,INSUFFICIENT,KBS_CURRENT_LISTING,INSUFFICIENT_DISCOVERY_EVIDENCE,listing evidence exclusion
2768,,MBB12115,,,corpbond,INSUFFICIENT_DISCOVERY_EVIDENCE,EXCLUDED,UNAVAILABLE,UNAVAILABLE,,UNAVAILABLE,INSUFFICIENT,KBS_CURRENT_LISTING,INSUFFICIENT_DISCOVERY_EVIDENCE,listing evidence exclusion
2769,,MSB12501,,,corpbond,INSUFFICIENT_DISCOVERY_EVIDENCE,EXCLUDED,UNAVAILABLE,UNAVAILABLE,,UNAVAILABLE,INSUFFICIENT,KBS_CURRENT_LISTING,INSUFFICIENT_DISCOVERY_EVIDENCE,listing evidence exclusion
2770,,TMI12402,,,corpbond,INSUFFICIENT_DISCOVERY_EVIDENCE,EXCLUDED,UNAVAILABLE,UNAVAILABLE,,UNAVAILABLE,INSUFFICIENT,KBS_CURRENT_LISTING,INSUFFICIENT_DISCOVERY_EVIDENCE,listing evidence exclusion
2771,,TPB12327,,,corpbond,INSUFFICIENT_DISCOVERY_EVIDENCE,EXCLUDED,UNAVAILABLE,UNAVAILABLE,,UNAVAILABLE,INSUFFICIENT,KBS_CURRENT_LISTING,INSUFFICIENT_DISCOVERY_EVIDENCE,listing evidence exclusion
2772,,KHG12501,,,corpbond,INSUFFICIENT_DISCOVERY_EVIDENCE,EXCLUDED,UNAVAILABLE,UNAVAILABLE,,UNAVAILABLE,INSUFFICIENT,KBS_CURRENT_LISTING,INSUFFICIENT_DISCOVERY_EVIDENCE,listing evidence exclusion
2773,,LPB12513,,,corpbond,INSUFFICIENT_DISCOVERY_EVIDENCE,EXCLUDED,UNAVAILABLE,UNAVAILABLE,,UNAVAILABLE,INSUFFICIENT,KBS_CURRENT_LISTING,INSUFFICIENT_DISCOVERY_EVIDENCE,listing evidence exclusion
2774,,LPB12304,,,corpbond,INSUFFICIENT_DISCOVERY_EVIDENCE,EXCLUDED,UNAVAILABLE,UNAVAILABLE,,UNAVAILABLE,INSUFFICIENT,KBS_CURRENT_LISTING,INSUFFICIENT_DISCOVERY_EVIDENCE,listing evidence exclusion
2775,,HAA12401,,,corpbond,INSUFFICIENT_DISCOVERY_EVIDENCE,EXCLUDED,UNAVAILABLE,UNAVAILABLE,,UNAVAILABLE,INSUFFICIENT,KBS_CURRENT_LISTING,INSUFFICIENT_DISCOVERY_EVIDENCE,listing evidence exclusion
2776,,NEW12402,,,corpbond,INSUFFICIENT_DISCOVERY_EVIDENCE,EXCLUDED,UNAVAILABLE,UNAVAILABLE,,UNAVAILABLE,INSUFFICIENT,KBS_CURRENT_LISTING,INSUFFICIENT_DISCOVERY_EVIDENCE,listing evidence exclusion
2777,,VCB12101,,,corpbond,INSUFFICIENT_DISCOVERY_EVIDENCE,EXCLUDED,UNAVAILABLE,UNAVAILABLE,,UNAVAILABLE,INSUFFICIENT,KBS_CURRENT_LISTING,INSUFFICIENT_DISCOVERY_EVIDENCE,listing evidence exclusion
2778,,HAG12601,,,corpbond,INSUFFICIENT_DISCOVERY_EVIDENCE,EXCLUDED,UNAVAILABLE,UNAVAILABLE,,UNAVAILABLE,INSUFFICIENT,KBS_CURRENT_LISTING,INSUFFICIENT_DISCOVERY_EVIDENCE,listing evidence exclusion
2779,,SUH12501,,,corpbond,INSUFFICIENT_DISCOVERY_EVIDENCE,EXCLUDED,UNAVAILABLE,UNAVAILABLE,,UNAVAILABLE,INSUFFICIENT,KBS_CURRENT_LISTING,INSUFFICIENT_DISCOVERY_EVIDENCE,listing evidence exclusion
2780,,TPB12416,,,corpbond,INSUFFICIENT_DISCOVERY_EVIDENCE,EXCLUDED,UNAVAILABLE,UNAVAILABLE,,UNAVAILABLE,INSUFFICIENT,KBS_CURRENT_LISTING,INSUFFICIENT_DISCOVERY_EVIDENCE,listing evidence exclusion
2781,,TCB12525,,,corpbond,INSUFFICIENT_DISCOVERY_EVIDENCE,EXCLUDED,UNAVAILABLE,UNAVAILABLE,,UNAVAILABLE,INSUFFICIENT,KBS_CURRENT_LISTING,INSUFFICIENT_DISCOVERY_EVIDENCE,listing evidence exclusion
2782,,VIB12507,,,corpbond,INSUFFICIENT_DISCOVERY_EVIDENCE,EXCLUDED,UNAVAILABLE,UNAVAILABLE,,UNAVAILABLE,INSUFFICIENT,KBS_CURRENT_LISTING,INSUFFICIENT_DISCOVERY_EVIDENCE,listing evidence exclusion
2783,,TSO12604,,,corpbond,INSUFFICIENT_DISCOVERY_EVIDENCE,EXCLUDED,UNAVAILABLE,UNAVAILABLE,,UNAVAILABLE,INSUFFICIENT,KBS_CURRENT_LISTING,INSUFFICIENT_DISCOVERY_EVIDENCE,listing evidence exclusion
2784,,MSB12411,,,corpbond,INSUFFICIENT_DISCOVERY_EVIDENCE,EXCLUDED,UNAVAILABLE,UNAVAILABLE,,UNAVAILABLE,INSUFFICIENT,KBS_CURRENT_LISTING,INSUFFICIENT_DISCOVERY_EVIDENCE,listing evidence exclusion
2785,,MRE32104,,,corpbond,INSUFFICIENT_DISCOVERY_EVIDENCE,EXCLUDED,UNAVAILABLE,UNAVAILABLE,,UNAVAILABLE,INSUFFICIENT,KBS_CURRENT_LISTING,INSUFFICIENT_DISCOVERY_EVIDENCE,listing evidence exclusion
2786,,VJC12328,,,corpbond,INSUFFICIENT_DISCOVERY_EVIDENCE,EXCLUDED,UNAVAILABLE,UNAVAILABLE,,UNAVAILABLE,INSUFFICIENT,KBS_CURRENT_LISTING,INSUFFICIENT_DISCOVERY_EVIDENCE,listing evidence exclusion
2787,,HDB12425,,,corpbond,INSUFFICIENT_DISCOVERY_EVIDENCE,EXCLUDED,UNAVAILABLE,UNAVAILABLE,,UNAVAILABLE,INSUFFICIENT,KBS_CURRENT_LISTING,INSUFFICIENT_DISCOVERY_EVIDENCE,listing evidence exclusion
2788,,MBB12416,,,corpbond,INSUFFICIENT_DISCOVERY_EVIDENCE,EXCLUDED,UNAVAILABLE,UNAVAILABLE,,UNAVAILABLE,INSUFFICIENT,KBS_CURRENT_LISTING,INSUFFICIENT_DISCOVERY_EVIDENCE,listing evidence exclusion
2789,,MBB12606,,,corpbond,INSUFFICIENT_DISCOVERY_EVIDENCE,EXCLUDED,UNAVAILABLE,UNAVAILABLE,,UNAVAILABLE,INSUFFICIENT,KBS_CURRENT_LISTING,INSUFFICIENT_DISCOVERY_EVIDENCE,listing evidence exclusion
2790,,CPT12201,,,corpbond,INSUFFICIENT_DISCOVERY_EVIDENCE,EXCLUDED,UNAVAILABLE,UNAVAILABLE,,UNAVAILABLE,INSUFFICIENT,KBS_CURRENT_LISTING,INSUFFICIENT_DISCOVERY_EVIDENCE,listing evidence exclusion
2791,,IPA12401,,,corpbond,INSUFFICIENT_DISCOVERY_EVIDENCE,EXCLUDED,UNAVAILABLE,UNAVAILABLE,,UNAVAILABLE,INSUFFICIENT,KBS_CURRENT_LISTING,INSUFFICIENT_DISCOVERY_EVIDENCE,listing evidence exclusion
2792,,MBB12514,,,corpbond,INSUFFICIENT_DISCOVERY_EVIDENCE,EXCLUDED,UNAVAILABLE,UNAVAILABLE,,UNAVAILABLE,INSUFFICIENT,KBS_CURRENT_LISTING,INSUFFICIENT_DISCOVERY_EVIDENCE,listing evidence exclusion
2793,,NAB12502,,,corpbond,INSUFFICIENT_DISCOVERY_EVIDENCE,EXCLUDED,UNAVAILABLE,UNAVAILABLE,,UNAVAILABLE,INSUFFICIENT,KBS_CURRENT_LISTING,INSUFFICIENT_DISCOVERY_EVIDENCE,listing evidence exclusion
2794,,AVN32502,,,corpbond,INSUFFICIENT_DISCOVERY_EVIDENCE,EXCLUDED,UNAVAILABLE,UNAVAILABLE,,UNAVAILABLE,INSUFFICIENT,KBS_CURRENT_LISTING,INSUFFICIENT_DISCOVERY_EVIDENCE,listing evidence exclusion
2795,,BNC12301,,,corpbond,INSUFFICIENT_DISCOVERY_EVIDENCE,EXCLUDED,UNAVAILABLE,UNAVAILABLE,,UNAVAILABLE,INSUFFICIENT,KBS_CURRENT_LISTING,INSUFFICIENT_DISCOVERY_EVIDENCE,listing evidence exclusion
2796,,VPB12501,,,corpbond,INSUFFICIENT_DISCOVERY_EVIDENCE,EXCLUDED,UNAVAILABLE,UNAVAILABLE,,UNAVAILABLE,INSUFFICIENT,KBS_CURRENT_LISTING,INSUFFICIENT_DISCOVERY_EVIDENCE,listing evidence exclusion
2797,,SHD12401,,,corpbond,INSUFFICIENT_DISCOVERY_EVIDENCE,EXCLUDED,UNAVAILABLE,UNAVAILABLE,,UNAVAILABLE,INSUFFICIENT,KBS_CURRENT_LISTING,INSUFFICIENT_DISCOVERY_EVIDENCE,listing evidence exclusion
2798,,TPB12445,,,corpbond,INSUFFICIENT_DISCOVERY_EVIDENCE,EXCLUDED,UNAVAILABLE,UNAVAILABLE,,UNAVAILABLE,INSUFFICIENT,KBS_CURRENT_LISTING,INSUFFICIENT_DISCOVERY_EVIDENCE,listing evidence exclusion
2799,,MBB12111,,,corpbond,INSUFFICIENT_DISCOVERY_EVIDENCE,EXCLUDED,UNAVAILABLE,UNAVAILABLE,,UNAVAILABLE,INSUFFICIENT,KBS_CURRENT_LISTING,INSUFFICIENT_DISCOVERY_EVIDENCE,listing evidence exclusion
2800,,MBBL12627,,,corpbond,INSUFFICIENT_DISCOVERY_EVIDENCE,EXCLUDED,UNAVAILABLE,UNAVAILABLE,,UNAVAILABLE,INSUFFICIENT,KBS_CURRENT_LISTING,INSUFFICIENT_DISCOVERY_EVIDENCE,listing evidence exclusion
2801,,VBA12503,,,corpbond,INSUFFICIENT_DISCOVERY_EVIDENCE,EXCLUDED,UNAVAILABLE,UNAVAILABLE,,UNAVAILABLE,INSUFFICIENT,KBS_CURRENT_LISTING,INSUFFICIENT_DISCOVERY_EVIDENCE,listing evidence exclusion
2802,,TNU12101,,,corpbond,INSUFFICIENT_DISCOVERY_EVIDENCE,EXCLUDED,UNAVAILABLE,UNAVAILABLE,,UNAVAILABLE,INSUFFICIENT,KBS_CURRENT_LISTING,INSUFFICIENT_DISCOVERY_EVIDENCE,listing evidence exclusion
2803,,MBB12527,,,corpbond,INSUFFICIENT_DISCOVERY_EVIDENCE,EXCLUDED,UNAVAILABLE,UNAVAILABLE,,UNAVAILABLE,INSUFFICIENT,KBS_CURRENT_LISTING,INSUFFICIENT_DISCOVERY_EVIDENCE,listing evidence exclusion
2804,,VIB12601,,,corpbond,INSUFFICIENT_DISCOVERY_EVIDENCE,EXCLUDED,UNAVAILABLE,UNAVAILABLE,,UNAVAILABLE,INSUFFICIENT,KBS_CURRENT_LISTING,INSUFFICIENT_DISCOVERY_EVIDENCE,listing evidence exclusion
2805,,SHB12503,,,corpbond,INSUFFICIENT_DISCOVERY_EVIDENCE,EXCLUDED,UNAVAILABLE,UNAVAILABLE,,UNAVAILABLE,INSUFFICIENT,KBS_CURRENT_LISTING,INSUFFICIENT_DISCOVERY_EVIDENCE,listing evidence exclusion
2806,,LTR12101,,,corpbond,INSUFFICIENT_DISCOVERY_EVIDENCE,EXCLUDED,UNAVAILABLE,UNAVAILABLE,,UNAVAILABLE,INSUFFICIENT,KBS_CURRENT_LISTING,INSUFFICIENT_DISCOVERY_EVIDENCE,listing evidence exclusion
2807,,DNP12401,,,corpbond,INSUFFICIENT_DISCOVERY_EVIDENCE,EXCLUDED,UNAVAILABLE,UNAVAILABLE,,UNAVAILABLE,INSUFFICIENT,KBS_CURRENT_LISTING,INSUFFICIENT_DISCOVERY_EVIDENCE,listing evidence exclusion
2808,,MBB12104,,,corpbond,INSUFFICIENT_DISCOVERY_EVIDENCE,EXCLUDED,UNAVAILABLE,UNAVAILABLE,,UNAVAILABLE,INSUFFICIENT,KBS_CURRENT_LISTING,INSUFFICIENT_DISCOVERY_EVIDENCE,listing evidence exclusion
2809,,MBB12503,,,corpbond,INSUFFICIENT_DISCOVERY_EVIDENCE,EXCLUDED,UNAVAILABLE,UNAVAILABLE,,UNAVAILABLE,INSUFFICIENT,KBS_CURRENT_LISTING,INSUFFICIENT_DISCOVERY_EVIDENCE,listing evidence exclusion
2810,,ABB12403,,,corpbond,INSUFFICIENT_DISCOVERY_EVIDENCE,EXCLUDED,UNAVAILABLE,UNAVAILABLE,,UNAVAILABLE,INSUFFICIENT,KBS_CURRENT_LISTING,INSUFFICIENT_DISCOVERY_EVIDENCE,listing evidence exclusion
2811,,APG12501,,,corpbond,INSUFFICIENT_DISCOVERY_EVIDENCE,EXCLUDED,UNAVAILABLE,UNAVAILABLE,,UNAVAILABLE,INSUFFICIENT,KBS_CURRENT_LISTING,INSUFFICIENT_DISCOVERY_EVIDENCE,listing evidence exclusion
2812,,BID12534,,,corpbond,INSUFFICIENT_DISCOVERY_EVIDENCE,EXCLUDED,UNAVAILABLE,UNAVAILABLE,,UNAVAILABLE,INSUFFICIENT,KBS_CURRENT_LISTING,INSUFFICIENT_DISCOVERY_EVIDENCE,listing evidence exclusion
2813,,VAB12501,,,corpbond,INSUFFICIENT_DISCOVERY_EVIDENCE,EXCLUDED,UNAVAILABLE,UNAVAILABLE,,UNAVAILABLE,INSUFFICIENT,KBS_CURRENT_LISTING,INSUFFICIENT_DISCOVERY_EVIDENCE,listing evidence exclusion
2814,,HUL32601,,,corpbond,INSUFFICIENT_DISCOVERY_EVIDENCE,EXCLUDED,UNAVAILABLE,UNAVAILABLE,,UNAVAILABLE,INSUFFICIENT,KBS_CURRENT_LISTING,INSUFFICIENT_DISCOVERY_EVIDENCE,listing evidence exclusion
2815,,KBCL12601,,,corpbond,INSUFFICIENT_DISCOVERY_EVIDENCE,EXCLUDED,UNAVAILABLE,UNAVAILABLE,,UNAVAILABLE,INSUFFICIENT,KBS_CURRENT_LISTING,INSUFFICIENT_DISCOVERY_EVIDENCE,listing evidence exclusion
2816,,ACB12501,,,corpbond,INSUFFICIENT_DISCOVERY_EVIDENCE,EXCLUDED,UNAVAILABLE,UNAVAILABLE,,UNAVAILABLE,INSUFFICIENT,KBS_CURRENT_LISTING,INSUFFICIENT_DISCOVERY_EVIDENCE,listing evidence exclusion
2817,,HBC12101,,,corpbond,INSUFFICIENT_DISCOVERY_EVIDENCE,EXCLUDED,UNAVAILABLE,UNAVAILABLE,,UNAVAILABLE,INSUFFICIENT,KBS_CURRENT_LISTING,INSUFFICIENT_DISCOVERY_EVIDENCE,listing evidence exclusion
2818,,NAB12601,,,corpbond,INSUFFICIENT_DISCOVERY_EVIDENCE,EXCLUDED,UNAVAILABLE,UNAVAILABLE,,UNAVAILABLE,INSUFFICIENT,KBS_CURRENT_LISTING,INSUFFICIENT_DISCOVERY_EVIDENCE,listing evidence exclusion
2819,,HDL12108,,,corpbond,INSUFFICIENT_DISCOVERY_EVIDENCE,EXCLUDED,UNAVAILABLE,UNAVAILABLE,,UNAVAILABLE,INSUFFICIENT,KBS_CURRENT_LISTING,INSUFFICIENT_DISCOVERY_EVIDENCE,listing evidence exclusion
2820,,TAT32502,,,corpbond,INSUFFICIENT_DISCOVERY_EVIDENCE,EXCLUDED,UNAVAILABLE,UNAVAILABLE,,UNAVAILABLE,INSUFFICIENT,KBS_CURRENT_LISTING,INSUFFICIENT_DISCOVERY_EVIDENCE,listing evidence exclusion
2821,,HBX12401,,,corpbond,INSUFFICIENT_DISCOVERY_EVIDENCE,EXCLUDED,UNAVAILABLE,UNAVAILABLE,,UNAVAILABLE,INSUFFICIENT,KBS_CURRENT_LISTING,INSUFFICIENT_DISCOVERY_EVIDENCE,listing evidence exclusion
2822,,HDB12330,,,corpbond,INSUFFICIENT_DISCOVERY_EVIDENCE,EXCLUDED,UNAVAILABLE,UNAVAILABLE,,UNAVAILABLE,INSUFFICIENT,KBS_CURRENT_LISTING,INSUFFICIENT_DISCOVERY_EVIDENCE,listing evidence exclusion
2823,,TVR32504,,,corpbond,INSUFFICIENT_DISCOVERY_EVIDENCE,EXCLUDED,UNAVAILABLE,UNAVAILABLE,,UNAVAILABLE,INSUFFICIENT,KBS_CURRENT_LISTING,INSUFFICIENT_DISCOVERY_EVIDENCE,listing evidence exclusion
2824,,HDL12101,,,corpbond,INSUFFICIENT_DISCOVERY_EVIDENCE,EXCLUDED,UNAVAILABLE,UNAVAILABLE,,UNAVAILABLE,INSUFFICIENT,KBS_CURRENT_LISTING,INSUFFICIENT_DISCOVERY_EVIDENCE,listing evidence exclusion
2825,,OCB12503,,,corpbond,INSUFFICIENT_DISCOVERY_EVIDENCE,EXCLUDED,UNAVAILABLE,UNAVAILABLE,,UNAVAILABLE,INSUFFICIENT,KBS_CURRENT_LISTING,INSUFFICIENT_DISCOVERY_EVIDENCE,listing evidence exclusion
2826,,BCM12301,,,corpbond,INSUFFICIENT_DISCOVERY_EVIDENCE,EXCLUDED,UNAVAILABLE,UNAVAILABLE,,UNAVAILABLE,INSUFFICIENT,KBS_CURRENT_LISTING,INSUFFICIENT_DISCOVERY_EVIDENCE,listing evidence exclusion
2827,,CTG12507,,,corpbond,INSUFFICIENT_DISCOVERY_EVIDENCE,EXCLUDED,UNAVAILABLE,UNAVAILABLE,,UNAVAILABLE,INSUFFICIENT,KBS_CURRENT_LISTING,INSUFFICIENT_DISCOVERY_EVIDENCE,listing evidence exclusion
2828,,CTG12307,,,corpbond,INSUFFICIENT_DISCOVERY_EVIDENCE,EXCLUDED,UNAVAILABLE,UNAVAILABLE,,UNAVAILABLE,INSUFFICIENT,KBS_CURRENT_LISTING,INSUFFICIENT_DISCOVERY_EVIDENCE,listing evidence exclusion
2829,,MBB12341,,,corpbond,INSUFFICIENT_DISCOVERY_EVIDENCE,EXCLUDED,UNAVAILABLE,UNAVAILABLE,,UNAVAILABLE,INSUFFICIENT,KBS_CURRENT_LISTING,INSUFFICIENT_DISCOVERY_EVIDENCE,listing evidence exclusion
2830,,CTG12109,,,corpbond,INSUFFICIENT_DISCOVERY_EVIDENCE,EXCLUDED,UNAVAILABLE,UNAVAILABLE,,UNAVAILABLE,INSUFFICIENT,KBS_CURRENT_LISTING,INSUFFICIENT_DISCOVERY_EVIDENCE,listing evidence exclusion
2831,,TPB12525,,,corpbond,INSUFFICIENT_DISCOVERY_EVIDENCE,EXCLUDED,UNAVAILABLE,UNAVAILABLE,,UNAVAILABLE,INSUFFICIENT,KBS_CURRENT_LISTING,INSUFFICIENT_DISCOVERY_EVIDENCE,listing evidence exclusion
2832,,HDB12227,,,corpbond,INSUFFICIENT_DISCOVERY_EVIDENCE,EXCLUDED,UNAVAILABLE,UNAVAILABLE,,UNAVAILABLE,INSUFFICIENT,KBS_CURRENT_LISTING,INSUFFICIENT_DISCOVERY_EVIDENCE,listing evidence exclusion
2833,,MSF12501,,,corpbond,INSUFFICIENT_DISCOVERY_EVIDENCE,EXCLUDED,UNAVAILABLE,UNAVAILABLE,,UNAVAILABLE,INSUFFICIENT,KBS_CURRENT_LISTING,INSUFFICIENT_DISCOVERY_EVIDENCE,listing evidence exclusion
2834,,NPM12201,,,corpbond,INSUFFICIENT_DISCOVERY_EVIDENCE,EXCLUDED,UNAVAILABLE,UNAVAILABLE,,UNAVAILABLE,INSUFFICIENT,KBS_CURRENT_LISTING,INSUFFICIENT_DISCOVERY_EVIDENCE,listing evidence exclusion
2835,,VJC12301,,,corpbond,INSUFFICIENT_DISCOVERY_EVIDENCE,EXCLUDED,UNAVAILABLE,UNAVAILABLE,,UNAVAILABLE,INSUFFICIENT,KBS_CURRENT_LISTING,INSUFFICIENT_DISCOVERY_EVIDENCE,listing evidence exclusion
2836,,BAB12603,,,corpbond,INSUFFICIENT_DISCOVERY_EVIDENCE,EXCLUDED,UNAVAILABLE,UNAVAILABLE,,UNAVAILABLE,INSUFFICIENT,KBS_CURRENT_LISTING,INSUFFICIENT_DISCOVERY_EVIDENCE,listing evidence exclusion
2837,,PVI42301,,,corpbond,INSUFFICIENT_DISCOVERY_EVIDENCE,EXCLUDED,UNAVAILABLE,UNAVAILABLE,,UNAVAILABLE,INSUFFICIENT,KBS_CURRENT_LISTING,INSUFFICIENT_DISCOVERY_EVIDENCE,listing evidence exclusion
2838,,BID12435,,,corpbond,INSUFFICIENT_DISCOVERY_EVIDENCE,EXCLUDED,UNAVAILABLE,UNAVAILABLE,,UNAVAILABLE,INSUFFICIENT,KBS_CURRENT_LISTING,INSUFFICIENT_DISCOVERY_EVIDENCE,listing evidence exclusion
2839,,MVT12601,,,corpbond,INSUFFICIENT_DISCOVERY_EVIDENCE,EXCLUDED,UNAVAILABLE,UNAVAILABLE,,UNAVAILABLE,INSUFFICIENT,KBS_CURRENT_LISTING,INSUFFICIENT_DISCOVERY_EVIDENCE,listing evidence exclusion
2840,,TCX12501,,,corpbond,INSUFFICIENT_DISCOVERY_EVIDENCE,EXCLUDED,UNAVAILABLE,UNAVAILABLE,,UNAVAILABLE,INSUFFICIENT,KBS_CURRENT_LISTING,INSUFFICIENT_DISCOVERY_EVIDENCE,listing evidence exclusion
2841,,VPB12517,,,corpbond,INSUFFICIENT_DISCOVERY_EVIDENCE,EXCLUDED,UNAVAILABLE,UNAVAILABLE,,UNAVAILABLE,INSUFFICIENT,KBS_CURRENT_LISTING,INSUFFICIENT_DISCOVERY_EVIDENCE,listing evidence exclusion
2842,,TPBL12608,,,corpbond,INSUFFICIENT_DISCOVERY_EVIDENCE,EXCLUDED,UNAVAILABLE,UNAVAILABLE,,UNAVAILABLE,INSUFFICIENT,KBS_CURRENT_LISTING,INSUFFICIENT_DISCOVERY_EVIDENCE,listing evidence exclusion
2843,,EVF12201,,,corpbond,INSUFFICIENT_DISCOVERY_EVIDENCE,EXCLUDED,UNAVAILABLE,UNAVAILABLE,,UNAVAILABLE,INSUFFICIENT,KBS_CURRENT_LISTING,INSUFFICIENT_DISCOVERY_EVIDENCE,listing evidence exclusion
2844,,SLT12301,,,corpbond,INSUFFICIENT_DISCOVERY_EVIDENCE,EXCLUDED,UNAVAILABLE,UNAVAILABLE,,UNAVAILABLE,INSUFFICIENT,KBS_CURRENT_LISTING,INSUFFICIENT_DISCOVERY_EVIDENCE,listing evidence exclusion
2845,,ENC12401,,,corpbond,INSUFFICIENT_DISCOVERY_EVIDENCE,EXCLUDED,UNAVAILABLE,UNAVAILABLE,,UNAVAILABLE,INSUFFICIENT,KBS_CURRENT_LISTING,INSUFFICIENT_DISCOVERY_EVIDENCE,listing evidence exclusion
2846,,NLG12401,,,corpbond,INSUFFICIENT_DISCOVERY_EVIDENCE,EXCLUDED,UNAVAILABLE,UNAVAILABLE,,UNAVAILABLE,INSUFFICIENT,KBS_CURRENT_LISTING,INSUFFICIENT_DISCOVERY_EVIDENCE,listing evidence exclusion
2847,,TPB12440,,,corpbond,INSUFFICIENT_DISCOVERY_EVIDENCE,EXCLUDED,UNAVAILABLE,UNAVAILABLE,,UNAVAILABLE,INSUFFICIENT,KBS_CURRENT_LISTING,INSUFFICIENT_DISCOVERY_EVIDENCE,listing evidence exclusion
2848,,HDBL12611,,,corpbond,INSUFFICIENT_DISCOVERY_EVIDENCE,EXCLUDED,UNAVAILABLE,UNAVAILABLE,,UNAVAILABLE,INSUFFICIENT,KBS_CURRENT_LISTING,INSUFFICIENT_DISCOVERY_EVIDENCE,listing evidence exclusion
2849,,TCB12602,,,corpbond,INSUFFICIENT_DISCOVERY_EVIDENCE,EXCLUDED,UNAVAILABLE,UNAVAILABLE,,UNAVAILABLE,INSUFFICIENT,KBS_CURRENT_LISTING,INSUFFICIENT_DISCOVERY_EVIDENCE,listing evidence exclusion
2850,,MBB12611,,,corpbond,INSUFFICIENT_DISCOVERY_EVIDENCE,EXCLUDED,UNAVAILABLE,UNAVAILABLE,,UNAVAILABLE,INSUFFICIENT,KBS_CURRENT_LISTING,INSUFFICIENT_DISCOVERY_EVIDENCE,listing evidence exclusion
2851,,CTG12409,,,corpbond,INSUFFICIENT_DISCOVERY_EVIDENCE,EXCLUDED,UNAVAILABLE,UNAVAILABLE,,UNAVAILABLE,INSUFFICIENT,KBS_CURRENT_LISTING,INSUFFICIENT_DISCOVERY_EVIDENCE,listing evidence exclusion
2852,,BAB12511,,,corpbond,INSUFFICIENT_DISCOVERY_EVIDENCE,EXCLUDED,UNAVAILABLE,UNAVAILABLE,,UNAVAILABLE,INSUFFICIENT,KBS_CURRENT_LISTING,INSUFFICIENT_DISCOVERY_EVIDENCE,listing evidence exclusion
2853,,ECF12502,,,corpbond,INSUFFICIENT_DISCOVERY_EVIDENCE,EXCLUDED,UNAVAILABLE,UNAVAILABLE,,UNAVAILABLE,INSUFFICIENT,KBS_CURRENT_LISTING,INSUFFICIENT_DISCOVERY_EVIDENCE,listing evidence exclusion
2854,,BNC12504,,,corpbond,INSUFFICIENT_DISCOVERY_EVIDENCE,EXCLUDED,UNAVAILABLE,UNAVAILABLE,,UNAVAILABLE,INSUFFICIENT,KBS_CURRENT_LISTING,INSUFFICIENT_DISCOVERY_EVIDENCE,listing evidence exclusion
2855,,GSG12203,,,corpbond,INSUFFICIENT_DISCOVERY_EVIDENCE,EXCLUDED,UNAVAILABLE,UNAVAILABLE,,UNAVAILABLE,INSUFFICIENT,KBS_CURRENT_LISTING,INSUFFICIENT_DISCOVERY_EVIDENCE,listing evidence exclusion
2856,,VAB12401,,,corpbond,INSUFFICIENT_DISCOVERY_EVIDENCE,EXCLUDED,UNAVAILABLE,UNAVAILABLE,,UNAVAILABLE,INSUFFICIENT,KBS_CURRENT_LISTING,INSUFFICIENT_DISCOVERY_EVIDENCE,listing evidence exclusion
2857,,QTA12302,,,corpbond,INSUFFICIENT_DISCOVERY_EVIDENCE,EXCLUDED,UNAVAILABLE,UNAVAILABLE,,UNAVAILABLE,INSUFFICIENT,KBS_CURRENT_LISTING,INSUFFICIENT_DISCOVERY_EVIDENCE,listing evidence exclusion
2858,,TCB12502,,,corpbond,INSUFFICIENT_DISCOVERY_EVIDENCE,EXCLUDED,UNAVAILABLE,UNAVAILABLE,,UNAVAILABLE,INSUFFICIENT,KBS_CURRENT_LISTING,INSUFFICIENT_DISCOVERY_EVIDENCE,listing evidence exclusion
2859,,VCB12210,,,corpbond,INSUFFICIENT_DISCOVERY_EVIDENCE,EXCLUDED,UNAVAILABLE,UNAVAILABLE,,UNAVAILABLE,INSUFFICIENT,KBS_CURRENT_LISTING,INSUFFICIENT_DISCOVERY_EVIDENCE,listing evidence exclusion
2860,,ACB12505,,,corpbond,INSUFFICIENT_DISCOVERY_EVIDENCE,EXCLUDED,UNAVAILABLE,UNAVAILABLE,,UNAVAILABLE,INSUFFICIENT,KBS_CURRENT_LISTING,INSUFFICIENT_DISCOVERY_EVIDENCE,listing evidence exclusion
2861,,HDQ12303,,,corpbond,INSUFFICIENT_DISCOVERY_EVIDENCE,EXCLUDED,UNAVAILABLE,UNAVAILABLE,,UNAVAILABLE,INSUFFICIENT,KBS_CURRENT_LISTING,INSUFFICIENT_DISCOVERY_EVIDENCE,listing evidence exclusion
2862,,SCR12401,,,corpbond,INSUFFICIENT_DISCOVERY_EVIDENCE,EXCLUDED,UNAVAILABLE,UNAVAILABLE,,UNAVAILABLE,INSUFFICIENT,KBS_CURRENT_LISTING,INSUFFICIENT_DISCOVERY_EVIDENCE,listing evidence exclusion
2863,,VHM12402,,,corpbond,INSUFFICIENT_DISCOVERY_EVIDENCE,EXCLUDED,UNAVAILABLE,UNAVAILABLE,,UNAVAILABLE,INSUFFICIENT,KBS_CURRENT_LISTING,INSUFFICIENT_DISCOVERY_EVIDENCE,listing evidence exclusion
2864,,SGJ12302,,,corpbond,INSUFFICIENT_DISCOVERY_EVIDENCE,EXCLUDED,UNAVAILABLE,UNAVAILABLE,,UNAVAILABLE,INSUFFICIENT,KBS_CURRENT_LISTING,INSUFFICIENT_DISCOVERY_EVIDENCE,listing evidence exclusion
2865,,CTG12217,,,corpbond,INSUFFICIENT_DISCOVERY_EVIDENCE,EXCLUDED,UNAVAILABLE,UNAVAILABLE,,UNAVAILABLE,INSUFFICIENT,KBS_CURRENT_LISTING,INSUFFICIENT_DISCOVERY_EVIDENCE,listing evidence exclusion
2866,,IDI12401,,,corpbond,INSUFFICIENT_DISCOVERY_EVIDENCE,EXCLUDED,UNAVAILABLE,UNAVAILABLE,,UNAVAILABLE,INSUFFICIENT,KBS_CURRENT_LISTING,INSUFFICIENT_DISCOVERY_EVIDENCE,listing evidence exclusion
2867,,HDB12404,,,corpbond,INSUFFICIENT_DISCOVERY_EVIDENCE,EXCLUDED,UNAVAILABLE,UNAVAILABLE,,UNAVAILABLE,INSUFFICIENT,KBS_CURRENT_LISTING,INSUFFICIENT_DISCOVERY_EVIDENCE,listing evidence exclusion
2868,,MSB12508,,,corpbond,INSUFFICIENT_DISCOVERY_EVIDENCE,EXCLUDED,UNAVAILABLE,UNAVAILABLE,,UNAVAILABLE,INSUFFICIENT,KBS_CURRENT_LISTING,INSUFFICIENT_DISCOVERY_EVIDENCE,listing evidence exclusion
2869,,MSB12601,,,corpbond,INSUFFICIENT_DISCOVERY_EVIDENCE,EXCLUDED,UNAVAILABLE,UNAVAILABLE,,UNAVAILABLE,INSUFFICIENT,KBS_CURRENT_LISTING,INSUFFICIENT_DISCOVERY_EVIDENCE,listing evidence exclusion
2870,,HDQ12401,,,corpbond,INSUFFICIENT_DISCOVERY_EVIDENCE,EXCLUDED,UNAVAILABLE,UNAVAILABLE,,UNAVAILABLE,INSUFFICIENT,KBS_CURRENT_LISTING,INSUFFICIENT_DISCOVERY_EVIDENCE,listing evidence exclusion
2871,,CTG12506,,,corpbond,INSUFFICIENT_DISCOVERY_EVIDENCE,EXCLUDED,UNAVAILABLE,UNAVAILABLE,,UNAVAILABLE,INSUFFICIENT,KBS_CURRENT_LISTING,INSUFFICIENT_DISCOVERY_EVIDENCE,listing evidence exclusion
2872,,CTG12302,,,corpbond,INSUFFICIENT_DISCOVERY_EVIDENCE,EXCLUDED,UNAVAILABLE,UNAVAILABLE,,UNAVAILABLE,INSUFFICIENT,KBS_CURRENT_LISTING,INSUFFICIENT_DISCOVERY_EVIDENCE,listing evidence exclusion
2873,,ACB12502,,,corpbond,INSUFFICIENT_DISCOVERY_EVIDENCE,EXCLUDED,UNAVAILABLE,UNAVAILABLE,,UNAVAILABLE,INSUFFICIENT,KBS_CURRENT_LISTING,INSUFFICIENT_DISCOVERY_EVIDENCE,listing evidence exclusion
2874,,BID12553,,,corpbond,INSUFFICIENT_DISCOVERY_EVIDENCE,EXCLUDED,UNAVAILABLE,UNAVAILABLE,,UNAVAILABLE,INSUFFICIENT,KBS_CURRENT_LISTING,INSUFFICIENT_DISCOVERY_EVIDENCE,listing evidence exclusion
2875,,VIB12501,,,corpbond,INSUFFICIENT_DISCOVERY_EVIDENCE,EXCLUDED,UNAVAILABLE,UNAVAILABLE,,UNAVAILABLE,INSUFFICIENT,KBS_CURRENT_LISTING,INSUFFICIENT_DISCOVERY_EVIDENCE,listing evidence exclusion
2876,,CTG12224,,,corpbond,INSUFFICIENT_DISCOVERY_EVIDENCE,EXCLUDED,UNAVAILABLE,UNAVAILABLE,,UNAVAILABLE,INSUFFICIENT,KBS_CURRENT_LISTING,INSUFFICIENT_DISCOVERY_EVIDENCE,listing evidence exclusion
2877,,LHT12402,,,corpbond,INSUFFICIENT_DISCOVERY_EVIDENCE,EXCLUDED,UNAVAILABLE,UNAVAILABLE,,UNAVAILABLE,INSUFFICIENT,KBS_CURRENT_LISTING,INSUFFICIENT_DISCOVERY_EVIDENCE,listing evidence exclusion
2878,,DAW12201,,,corpbond,INSUFFICIENT_DISCOVERY_EVIDENCE,EXCLUDED,UNAVAILABLE,UNAVAILABLE,,UNAVAILABLE,INSUFFICIENT,KBS_CURRENT_LISTING,INSUFFICIENT_DISCOVERY_EVIDENCE,listing evidence exclusion
2879,,BID12501,,,corpbond,INSUFFICIENT_DISCOVERY_EVIDENCE,EXCLUDED,UNAVAILABLE,UNAVAILABLE,,UNAVAILABLE,INSUFFICIENT,KBS_CURRENT_LISTING,INSUFFICIENT_DISCOVERY_EVIDENCE,listing evidence exclusion
2880,,VIB12508,,,corpbond,INSUFFICIENT_DISCOVERY_EVIDENCE,EXCLUDED,UNAVAILABLE,UNAVAILABLE,,UNAVAILABLE,INSUFFICIENT,KBS_CURRENT_LISTING,INSUFFICIENT_DISCOVERY_EVIDENCE,listing evidence exclusion
2881,,MSB12507,,,corpbond,INSUFFICIENT_DISCOVERY_EVIDENCE,EXCLUDED,UNAVAILABLE,UNAVAILABLE,,UNAVAILABLE,INSUFFICIENT,KBS_CURRENT_LISTING,INSUFFICIENT_DISCOVERY_EVIDENCE,listing evidence exclusion
2882,,BPS12601,,,corpbond,INSUFFICIENT_DISCOVERY_EVIDENCE,EXCLUDED,UNAVAILABLE,UNAVAILABLE,,UNAVAILABLE,INSUFFICIENT,KBS_CURRENT_LISTING,INSUFFICIENT_DISCOVERY_EVIDENCE,listing evidence exclusion
2883,,TSO12503,,,corpbond,INSUFFICIENT_DISCOVERY_EVIDENCE,EXCLUDED,UNAVAILABLE,UNAVAILABLE,,UNAVAILABLE,INSUFFICIENT,KBS_CURRENT_LISTING,INSUFFICIENT_DISCOVERY_EVIDENCE,listing evidence exclusion
2884,,CTG12110,,,corpbond,INSUFFICIENT_DISCOVERY_EVIDENCE,EXCLUDED,UNAVAILABLE,UNAVAILABLE,,UNAVAILABLE,INSUFFICIENT,KBS_CURRENT_LISTING,INSUFFICIENT_DISCOVERY_EVIDENCE,listing evidence exclusion
2885,,NLG12304,,,corpbond,INSUFFICIENT_DISCOVERY_EVIDENCE,EXCLUDED,UNAVAILABLE,UNAVAILABLE,,UNAVAILABLE,INSUFFICIENT,KBS_CURRENT_LISTING,INSUFFICIENT_DISCOVERY_EVIDENCE,listing evidence exclusion
2886,,BCM12505,,,corpbond,INSUFFICIENT_DISCOVERY_EVIDENCE,EXCLUDED,UNAVAILABLE,UNAVAILABLE,,UNAVAILABLE,INSUFFICIENT,KBS_CURRENT_LISTING,INSUFFICIENT_DISCOVERY_EVIDENCE,listing evidence exclusion
2887,,LPSL12601,,,corpbond,INSUFFICIENT_DISCOVERY_EVIDENCE,EXCLUDED,UNAVAILABLE,UNAVAILABLE,,UNAVAILABLE,INSUFFICIENT,KBS_CURRENT_LISTING,INSUFFICIENT_DISCOVERY_EVIDENCE,listing evidence exclusion
2888,,BID12544,,,corpbond,INSUFFICIENT_DISCOVERY_EVIDENCE,EXCLUDED,UNAVAILABLE,UNAVAILABLE,,UNAVAILABLE,INSUFFICIENT,KBS_CURRENT_LISTING,INSUFFICIENT_DISCOVERY_EVIDENCE,listing evidence exclusion
2889,,TNE12201,,,corpbond,INSUFFICIENT_DISCOVERY_EVIDENCE,EXCLUDED,UNAVAILABLE,UNAVAILABLE,,UNAVAILABLE,INSUFFICIENT,KBS_CURRENT_LISTING,INSUFFICIENT_DISCOVERY_EVIDENCE,listing evidence exclusion
2890,,HQB12301,,,corpbond,INSUFFICIENT_DISCOVERY_EVIDENCE,EXCLUDED,UNAVAILABLE,UNAVAILABLE,,UNAVAILABLE,INSUFFICIENT,KBS_CURRENT_LISTING,INSUFFICIENT_DISCOVERY_EVIDENCE,listing evidence exclusion
2891,,BID12556,,,corpbond,INSUFFICIENT_DISCOVERY_EVIDENCE,EXCLUDED,UNAVAILABLE,UNAVAILABLE,,UNAVAILABLE,INSUFFICIENT,KBS_CURRENT_LISTING,INSUFFICIENT_DISCOVERY_EVIDENCE,listing evidence exclusion
2892,,MBB12348,,,corpbond,INSUFFICIENT_DISCOVERY_EVIDENCE,EXCLUDED,UNAVAILABLE,UNAVAILABLE,,UNAVAILABLE,INSUFFICIENT,KBS_CURRENT_LISTING,INSUFFICIENT_DISCOVERY_EVIDENCE,listing evidence exclusion
2893,,HDB12423,,,corpbond,INSUFFICIENT_DISCOVERY_EVIDENCE,EXCLUDED,UNAVAILABLE,UNAVAILABLE,,UNAVAILABLE,INSUFFICIENT,KBS_CURRENT_LISTING,INSUFFICIENT_DISCOVERY_EVIDENCE,listing evidence exclusion
2894,,BAB12401,,,corpbond,INSUFFICIENT_DISCOVERY_EVIDENCE,EXCLUDED,UNAVAILABLE,UNAVAILABLE,,UNAVAILABLE,INSUFFICIENT,KBS_CURRENT_LISTING,INSUFFICIENT_DISCOVERY_EVIDENCE,listing evidence exclusion
2895,,BID12424,,,corpbond,INSUFFICIENT_DISCOVERY_EVIDENCE,EXCLUDED,UNAVAILABLE,UNAVAILABLE,,UNAVAILABLE,INSUFFICIENT,KBS_CURRENT_LISTING,INSUFFICIENT_DISCOVERY_EVIDENCE,listing evidence exclusion
2896,,VBA12105,,,corpbond,INSUFFICIENT_DISCOVERY_EVIDENCE,EXCLUDED,UNAVAILABLE,UNAVAILABLE,,UNAVAILABLE,INSUFFICIENT,KBS_CURRENT_LISTING,INSUFFICIENT_DISCOVERY_EVIDENCE,listing evidence exclusion
2897,,HCV12401,,,corpbond,INSUFFICIENT_DISCOVERY_EVIDENCE,EXCLUDED,UNAVAILABLE,UNAVAILABLE,,UNAVAILABLE,INSUFFICIENT,KBS_CURRENT_LISTING,INSUFFICIENT_DISCOVERY_EVIDENCE,listing evidence exclusion
2898,,BAB12606,,,corpbond,INSUFFICIENT_DISCOVERY_EVIDENCE,EXCLUDED,UNAVAILABLE,UNAVAILABLE,,UNAVAILABLE,INSUFFICIENT,KBS_CURRENT_LISTING,INSUFFICIENT_DISCOVERY_EVIDENCE,listing evidence exclusion
2899,,VIB12502,,,corpbond,INSUFFICIENT_DISCOVERY_EVIDENCE,EXCLUDED,UNAVAILABLE,UNAVAILABLE,,UNAVAILABLE,INSUFFICIENT,KBS_CURRENT_LISTING,INSUFFICIENT_DISCOVERY_EVIDENCE,listing evidence exclusion
2900,,TN112401,,,corpbond,INSUFFICIENT_DISCOVERY_EVIDENCE,EXCLUDED,UNAVAILABLE,UNAVAILABLE,,UNAVAILABLE,INSUFFICIENT,KBS_CURRENT_LISTING,INSUFFICIENT_DISCOVERY_EVIDENCE,listing evidence exclusion
2901,,BGG12103,,,corpbond,INSUFFICIENT_DISCOVERY_EVIDENCE,EXCLUDED,UNAVAILABLE,UNAVAILABLE,,UNAVAILABLE,INSUFFICIENT,KBS_CURRENT_LISTING,INSUFFICIENT_DISCOVERY_EVIDENCE,listing evidence exclusion
2902,,BCM12406,,,corpbond,INSUFFICIENT_DISCOVERY_EVIDENCE,EXCLUDED,UNAVAILABLE,UNAVAILABLE,,UNAVAILABLE,INSUFFICIENT,KBS_CURRENT_LISTING,INSUFFICIENT_DISCOVERY_EVIDENCE,listing evidence exclusion
2903,,TMI12305,,,corpbond,INSUFFICIENT_DISCOVERY_EVIDENCE,EXCLUDED,UNAVAILABLE,UNAVAILABLE,,UNAVAILABLE,INSUFFICIENT,KBS_CURRENT_LISTING,INSUFFICIENT_DISCOVERY_EVIDENCE,listing evidence exclusion
2904,,MBB12113,,,corpbond,INSUFFICIENT_DISCOVERY_EVIDENCE,EXCLUDED,UNAVAILABLE,UNAVAILABLE,,UNAVAILABLE,INSUFFICIENT,KBS_CURRENT_LISTING,INSUFFICIENT_DISCOVERY_EVIDENCE,listing evidence exclusion
2905,,MSG32502,,,corpbond,INSUFFICIENT_DISCOVERY_EVIDENCE,EXCLUDED,UNAVAILABLE,UNAVAILABLE,,UNAVAILABLE,INSUFFICIENT,KBS_CURRENT_LISTING,INSUFFICIENT_DISCOVERY_EVIDENCE,listing evidence exclusion
2906,,MBB12102,,,corpbond,INSUFFICIENT_DISCOVERY_EVIDENCE,EXCLUDED,UNAVAILABLE,UNAVAILABLE,,UNAVAILABLE,INSUFFICIENT,KBS_CURRENT_LISTING,INSUFFICIENT_DISCOVERY_EVIDENCE,listing evidence exclusion
2907,,BID12408,,,corpbond,INSUFFICIENT_DISCOVERY_EVIDENCE,EXCLUDED,UNAVAILABLE,UNAVAILABLE,,UNAVAILABLE,INSUFFICIENT,KBS_CURRENT_LISTING,INSUFFICIENT_DISCOVERY_EVIDENCE,listing evidence exclusion
2908,,BID12537,,,corpbond,INSUFFICIENT_DISCOVERY_EVIDENCE,EXCLUDED,UNAVAILABLE,UNAVAILABLE,,UNAVAILABLE,INSUFFICIENT,KBS_CURRENT_LISTING,INSUFFICIENT_DISCOVERY_EVIDENCE,listing evidence exclusion
2909,,VHM12410,,,corpbond,INSUFFICIENT_DISCOVERY_EVIDENCE,EXCLUDED,UNAVAILABLE,UNAVAILABLE,,UNAVAILABLE,INSUFFICIENT,KBS_CURRENT_LISTING,INSUFFICIENT_DISCOVERY_EVIDENCE,listing evidence exclusion
2910,,IMG12101,,,corpbond,INSUFFICIENT_DISCOVERY_EVIDENCE,EXCLUDED,UNAVAILABLE,UNAVAILABLE,,UNAVAILABLE,INSUFFICIENT,KBS_CURRENT_LISTING,INSUFFICIENT_DISCOVERY_EVIDENCE,listing evidence exclusion
2911,,CTG12411,,,corpbond,INSUFFICIENT_DISCOVERY_EVIDENCE,EXCLUDED,UNAVAILABLE,UNAVAILABLE,,UNAVAILABLE,INSUFFICIENT,KBS_CURRENT_LISTING,INSUFFICIENT_DISCOVERY_EVIDENCE,listing evidence exclusion
2912,,BID12605,,,corpbond,INSUFFICIENT_DISCOVERY_EVIDENCE,EXCLUDED,UNAVAILABLE,UNAVAILABLE,,UNAVAILABLE,INSUFFICIENT,KBS_CURRENT_LISTING,INSUFFICIENT_DISCOVERY_EVIDENCE,listing evidence exclusion
2913,,MBB12618,,,corpbond,INSUFFICIENT_DISCOVERY_EVIDENCE,EXCLUDED,UNAVAILABLE,UNAVAILABLE,,UNAVAILABLE,INSUFFICIENT,KBS_CURRENT_LISTING,INSUFFICIENT_DISCOVERY_EVIDENCE,listing evidence exclusion
2914,,TPB12441,,,corpbond,INSUFFICIENT_DISCOVERY_EVIDENCE,EXCLUDED,UNAVAILABLE,UNAVAILABLE,,UNAVAILABLE,INSUFFICIENT,KBS_CURRENT_LISTING,INSUFFICIENT_DISCOVERY_EVIDENCE,listing evidence exclusion
2915,,CTG12129,,,corpbond,INSUFFICIENT_DISCOVERY_EVIDENCE,EXCLUDED,UNAVAILABLE,UNAVAILABLE,,UNAVAILABLE,INSUFFICIENT,KBS_CURRENT_LISTING,INSUFFICIENT_DISCOVERY_EVIDENCE,listing evidence exclusion
2916,,HDBL12612,,,corpbond,INSUFFICIENT_DISCOVERY_EVIDENCE,EXCLUDED,UNAVAILABLE,UNAVAILABLE,,UNAVAILABLE,INSUFFICIENT,KBS_CURRENT_LISTING,INSUFFICIENT_DISCOVERY_EVIDENCE,listing evidence exclusion
2917,,VJC12325,,,corpbond,INSUFFICIENT_DISCOVERY_EVIDENCE,EXCLUDED,UNAVAILABLE,UNAVAILABLE,,UNAVAILABLE,INSUFFICIENT,KBS_CURRENT_LISTING,INSUFFICIENT_DISCOVERY_EVIDENCE,listing evidence exclusion
2918,,TMR12301,,,corpbond,INSUFFICIENT_DISCOVERY_EVIDENCE,EXCLUDED,UNAVAILABLE,UNAVAILABLE,,UNAVAILABLE,INSUFFICIENT,KBS_CURRENT_LISTING,INSUFFICIENT_DISCOVERY_EVIDENCE,listing evidence exclusion
2919,,BID12411,,,corpbond,INSUFFICIENT_DISCOVERY_EVIDENCE,EXCLUDED,UNAVAILABLE,UNAVAILABLE,,UNAVAILABLE,INSUFFICIENT,KBS_CURRENT_LISTING,INSUFFICIENT_DISCOVERY_EVIDENCE,listing evidence exclusion
2920,,MBB12103,,,corpbond,INSUFFICIENT_DISCOVERY_EVIDENCE,EXCLUDED,UNAVAILABLE,UNAVAILABLE,,UNAVAILABLE,INSUFFICIENT,KBS_CURRENT_LISTING,INSUFFICIENT_DISCOVERY_EVIDENCE,listing evidence exclusion
2921,,IHP32602,,,corpbond,INSUFFICIENT_DISCOVERY_EVIDENCE,EXCLUDED,UNAVAILABLE,UNAVAILABLE,,UNAVAILABLE,INSUFFICIENT,KBS_CURRENT_LISTING,INSUFFICIENT_DISCOVERY_EVIDENCE,listing evidence exclusion
2922,,SUJ12101,,,corpbond,INSUFFICIENT_DISCOVERY_EVIDENCE,EXCLUDED,UNAVAILABLE,UNAVAILABLE,,UNAVAILABLE,INSUFFICIENT,KBS_CURRENT_LISTING,INSUFFICIENT_DISCOVERY_EVIDENCE,listing evidence exclusion
2923,,PC112202,,,corpbond,INSUFFICIENT_DISCOVERY_EVIDENCE,EXCLUDED,UNAVAILABLE,UNAVAILABLE,,UNAVAILABLE,INSUFFICIENT,KBS_CURRENT_LISTING,INSUFFICIENT_DISCOVERY_EVIDENCE,listing evidence exclusion
2924,,DVI12103,,,corpbond,INSUFFICIENT_DISCOVERY_EVIDENCE,EXCLUDED,UNAVAILABLE,UNAVAILABLE,,UNAVAILABLE,INSUFFICIENT,KBS_CURRENT_LISTING,INSUFFICIENT_DISCOVERY_EVIDENCE,listing evidence exclusion
2925,,TCB12611,,,corpbond,INSUFFICIENT_DISCOVERY_EVIDENCE,EXCLUDED,UNAVAILABLE,UNAVAILABLE,,UNAVAILABLE,INSUFFICIENT,KBS_CURRENT_LISTING,INSUFFICIENT_DISCOVERY_EVIDENCE,listing evidence exclusion
2926,,EIB12404,,,corpbond,INSUFFICIENT_DISCOVERY_EVIDENCE,EXCLUDED,UNAVAILABLE,UNAVAILABLE,,UNAVAILABLE,INSUFFICIENT,KBS_CURRENT_LISTING,INSUFFICIENT_DISCOVERY_EVIDENCE,listing evidence exclusion
2927,,NVT12101,,,corpbond,INSUFFICIENT_DISCOVERY_EVIDENCE,EXCLUDED,UNAVAILABLE,UNAVAILABLE,,UNAVAILABLE,INSUFFICIENT,KBS_CURRENT_LISTING,INSUFFICIENT_DISCOVERY_EVIDENCE,listing evidence exclusion
2928,,VHA32103,,,corpbond,INSUFFICIENT_DISCOVERY_EVIDENCE,EXCLUDED,UNAVAILABLE,UNAVAILABLE,,UNAVAILABLE,INSUFFICIENT,KBS_CURRENT_LISTING,INSUFFICIENT_DISCOVERY_EVIDENCE,listing evidence exclusion
2929,,GEG12401,,,corpbond,INSUFFICIENT_DISCOVERY_EVIDENCE,EXCLUDED,UNAVAILABLE,UNAVAILABLE,,UNAVAILABLE,INSUFFICIENT,KBS_CURRENT_LISTING,INSUFFICIENT_DISCOVERY_EVIDENCE,listing evidence exclusion
2930,,CTG12306,,,corpbond,INSUFFICIENT_DISCOVERY_EVIDENCE,EXCLUDED,UNAVAILABLE,UNAVAILABLE,,UNAVAILABLE,INSUFFICIENT,KBS_CURRENT_LISTING,INSUFFICIENT_DISCOVERY_EVIDENCE,listing evidence exclusion
2931,,MBB12613,,,corpbond,INSUFFICIENT_DISCOVERY_EVIDENCE,EXCLUDED,UNAVAILABLE,UNAVAILABLE,,UNAVAILABLE,INSUFFICIENT,KBS_CURRENT_LISTING,INSUFFICIENT_DISCOVERY_EVIDENCE,listing evidence exclusion
2932,,BID12559,,,corpbond,INSUFFICIENT_DISCOVERY_EVIDENCE,EXCLUDED,UNAVAILABLE,UNAVAILABLE,,UNAVAILABLE,INSUFFICIENT,KBS_CURRENT_LISTING,INSUFFICIENT_DISCOVERY_EVIDENCE,listing evidence exclusion
2933,,VJC12501,,,corpbond,INSUFFICIENT_DISCOVERY_EVIDENCE,EXCLUDED,UNAVAILABLE,UNAVAILABLE,,UNAVAILABLE,INSUFFICIENT,KBS_CURRENT_LISTING,INSUFFICIENT_DISCOVERY_EVIDENCE,listing evidence exclusion
2934,,BID12524,,,corpbond,INSUFFICIENT_DISCOVERY_EVIDENCE,EXCLUDED,UNAVAILABLE,UNAVAILABLE,,UNAVAILABLE,INSUFFICIENT,KBS_CURRENT_LISTING,INSUFFICIENT_DISCOVERY_EVIDENCE,listing evidence exclusion
2935,,BAB12605,,,corpbond,INSUFFICIENT_DISCOVERY_EVIDENCE,EXCLUDED,UNAVAILABLE,UNAVAILABLE,,UNAVAILABLE,INSUFFICIENT,KBS_CURRENT_LISTING,INSUFFICIENT_DISCOVERY_EVIDENCE,listing evidence exclusion
2936,,BID12255,,,corpbond,INSUFFICIENT_DISCOVERY_EVIDENCE,EXCLUDED,UNAVAILABLE,UNAVAILABLE,,UNAVAILABLE,INSUFFICIENT,KBS_CURRENT_LISTING,INSUFFICIENT_DISCOVERY_EVIDENCE,listing evidence exclusion
2937,,IPA12501,,,corpbond,INSUFFICIENT_DISCOVERY_EVIDENCE,EXCLUDED,UNAVAILABLE,UNAVAILABLE,,UNAVAILABLE,INSUFFICIENT,KBS_CURRENT_LISTING,INSUFFICIENT_DISCOVERY_EVIDENCE,listing evidence exclusion
2938,,GEG12402,,,corpbond,INSUFFICIENT_DISCOVERY_EVIDENCE,EXCLUDED,UNAVAILABLE,UNAVAILABLE,,UNAVAILABLE,INSUFFICIENT,KBS_CURRENT_LISTING,INSUFFICIENT_DISCOVERY_EVIDENCE,listing evidence exclusion
2939,,VJC12318,,,corpbond,INSUFFICIENT_DISCOVERY_EVIDENCE,EXCLUDED,UNAVAILABLE,UNAVAILABLE,,UNAVAILABLE,INSUFFICIENT,KBS_CURRENT_LISTING,INSUFFICIENT_DISCOVERY_EVIDENCE,listing evidence exclusion
2940,,DBG12501,,,corpbond,INSUFFICIENT_DISCOVERY_EVIDENCE,EXCLUDED,UNAVAILABLE,UNAVAILABLE,,UNAVAILABLE,INSUFFICIENT,KBS_CURRENT_LISTING,INSUFFICIENT_DISCOVERY_EVIDENCE,listing evidence exclusion
2941,,LPB12506,,,corpbond,INSUFFICIENT_DISCOVERY_EVIDENCE,EXCLUDED,UNAVAILABLE,UNAVAILABLE,,UNAVAILABLE,INSUFFICIENT,KBS_CURRENT_LISTING,INSUFFICIENT_DISCOVERY_EVIDENCE,listing evidence exclusion
2942,,TAU12501,,,corpbond,INSUFFICIENT_DISCOVERY_EVIDENCE,EXCLUDED,UNAVAILABLE,UNAVAILABLE,,UNAVAILABLE,INSUFFICIENT,KBS_CURRENT_LISTING,INSUFFICIENT_DISCOVERY_EVIDENCE,listing evidence exclusion
2943,,ACB12508,,,corpbond,INSUFFICIENT_DISCOVERY_EVIDENCE,EXCLUDED,UNAVAILABLE,UNAVAILABLE,,UNAVAILABLE,INSUFFICIENT,KBS_CURRENT_LISTING,INSUFFICIENT_DISCOVERY_EVIDENCE,listing evidence exclusion
2944,,TPB12518,,,corpbond,INSUFFICIENT_DISCOVERY_EVIDENCE,EXCLUDED,UNAVAILABLE,UNAVAILABLE,,UNAVAILABLE,INSUFFICIENT,KBS_CURRENT_LISTING,INSUFFICIENT_DISCOVERY_EVIDENCE,listing evidence exclusion
2945,,BID12125,,,corpbond,INSUFFICIENT_DISCOVERY_EVIDENCE,EXCLUDED,UNAVAILABLE,UNAVAILABLE,,UNAVAILABLE,INSUFFICIENT,KBS_CURRENT_LISTING,INSUFFICIENT_DISCOVERY_EVIDENCE,listing evidence exclusion
2946,,VHM12603,,,corpbond,INSUFFICIENT_DISCOVERY_EVIDENCE,EXCLUDED,UNAVAILABLE,UNAVAILABLE,,UNAVAILABLE,INSUFFICIENT,KBS_CURRENT_LISTING,INSUFFICIENT_DISCOVERY_EVIDENCE,listing evidence exclusion
2947,,MBB12602,,,corpbond,INSUFFICIENT_DISCOVERY_EVIDENCE,EXCLUDED,UNAVAILABLE,UNAVAILABLE,,UNAVAILABLE,INSUFFICIENT,KBS_CURRENT_LISTING,INSUFFICIENT_DISCOVERY_EVIDENCE,listing evidence exclusion
2948,,BID12238,,,corpbond,INSUFFICIENT_DISCOVERY_EVIDENCE,EXCLUDED,UNAVAILABLE,UNAVAILABLE,,UNAVAILABLE,INSUFFICIENT,KBS_CURRENT_LISTING,INSUFFICIENT_DISCOVERY_EVIDENCE,listing evidence exclusion
2949,,VJC12330,,,corpbond,INSUFFICIENT_DISCOVERY_EVIDENCE,EXCLUDED,UNAVAILABLE,UNAVAILABLE,,UNAVAILABLE,INSUFFICIENT,KBS_CURRENT_LISTING,INSUFFICIENT_DISCOVERY_EVIDENCE,listing evidence exclusion
2950,,OCB12604,,,corpbond,INSUFFICIENT_DISCOVERY_EVIDENCE,EXCLUDED,UNAVAILABLE,UNAVAILABLE,,UNAVAILABLE,INSUFFICIENT,KBS_CURRENT_LISTING,INSUFFICIENT_DISCOVERY_EVIDENCE,listing evidence exclusion
2951,,TCB12416,,,corpbond,INSUFFICIENT_DISCOVERY_EVIDENCE,EXCLUDED,UNAVAILABLE,UNAVAILABLE,,UNAVAILABLE,INSUFFICIENT,KBS_CURRENT_LISTING,INSUFFICIENT_DISCOVERY_EVIDENCE,listing evidence exclusion
2952,,TSL12102,,,corpbond,INSUFFICIENT_DISCOVERY_EVIDENCE,EXCLUDED,UNAVAILABLE,UNAVAILABLE,,UNAVAILABLE,INSUFFICIENT,KBS_CURRENT_LISTING,INSUFFICIENT_DISCOVERY_EVIDENCE,listing evidence exclusion
2953,,HCV12503,,,corpbond,INSUFFICIENT_DISCOVERY_EVIDENCE,EXCLUDED,UNAVAILABLE,UNAVAILABLE,,UNAVAILABLE,INSUFFICIENT,KBS_CURRENT_LISTING,INSUFFICIENT_DISCOVERY_EVIDENCE,listing evidence exclusion
2954,,OCB12603,,,corpbond,INSUFFICIENT_DISCOVERY_EVIDENCE,EXCLUDED,UNAVAILABLE,UNAVAILABLE,,UNAVAILABLE,INSUFFICIENT,KBS_CURRENT_LISTING,INSUFFICIENT_DISCOVERY_EVIDENCE,listing evidence exclusion
2955,,AP132202,,,corpbond,INSUFFICIENT_DISCOVERY_EVIDENCE,EXCLUDED,UNAVAILABLE,UNAVAILABLE,,UNAVAILABLE,INSUFFICIENT,KBS_CURRENT_LISTING,INSUFFICIENT_DISCOVERY_EVIDENCE,listing evidence exclusion
2956,,TCB12526,,,corpbond,INSUFFICIENT_DISCOVERY_EVIDENCE,EXCLUDED,UNAVAILABLE,UNAVAILABLE,,UNAVAILABLE,INSUFFICIENT,KBS_CURRENT_LISTING,INSUFFICIENT_DISCOVERY_EVIDENCE,listing evidence exclusion
2957,,TPB12333,,,corpbond,INSUFFICIENT_DISCOVERY_EVIDENCE,EXCLUDED,UNAVAILABLE,UNAVAILABLE,,UNAVAILABLE,INSUFFICIENT,KBS_CURRENT_LISTING,INSUFFICIENT_DISCOVERY_EVIDENCE,listing evidence exclusion
2958,,LPB12503,,,corpbond,INSUFFICIENT_DISCOVERY_EVIDENCE,EXCLUDED,UNAVAILABLE,UNAVAILABLE,,UNAVAILABLE,INSUFFICIENT,KBS_CURRENT_LISTING,INSUFFICIENT_DISCOVERY_EVIDENCE,listing evidence exclusion
2959,,ACB12407,,,corpbond,INSUFFICIENT_DISCOVERY_EVIDENCE,EXCLUDED,UNAVAILABLE,UNAVAILABLE,,UNAVAILABLE,INSUFFICIENT,KBS_CURRENT_LISTING,INSUFFICIENT_DISCOVERY_EVIDENCE,listing evidence exclusion
2960,,OCB12516,,,corpbond,INSUFFICIENT_DISCOVERY_EVIDENCE,EXCLUDED,UNAVAILABLE,UNAVAILABLE,,UNAVAILABLE,INSUFFICIENT,KBS_CURRENT_LISTING,INSUFFICIENT_DISCOVERY_EVIDENCE,listing evidence exclusion
2961,,XTC12102,,,corpbond,INSUFFICIENT_DISCOVERY_EVIDENCE,EXCLUDED,UNAVAILABLE,UNAVAILABLE,,UNAVAILABLE,INSUFFICIENT,KBS_CURRENT_LISTING,INSUFFICIENT_DISCOVERY_EVIDENCE,listing evidence exclusion
2962,,BID12366,,,corpbond,INSUFFICIENT_DISCOVERY_EVIDENCE,EXCLUDED,UNAVAILABLE,UNAVAILABLE,,UNAVAILABLE,INSUFFICIENT,KBS_CURRENT_LISTING,INSUFFICIENT_DISCOVERY_EVIDENCE,listing evidence exclusion
2963,,TGI12302,,,corpbond,INSUFFICIENT_DISCOVERY_EVIDENCE,EXCLUDED,UNAVAILABLE,UNAVAILABLE,,UNAVAILABLE,INSUFFICIENT,KBS_CURRENT_LISTING,INSUFFICIENT_DISCOVERY_EVIDENCE,listing evidence exclusion
2964,,VBB12106,,,corpbond,INSUFFICIENT_DISCOVERY_EVIDENCE,EXCLUDED,UNAVAILABLE,UNAVAILABLE,,UNAVAILABLE,INSUFFICIENT,KBS_CURRENT_LISTING,INSUFFICIENT_DISCOVERY_EVIDENCE,listing evidence exclusion
2965,,MSN12202,,,corpbond,INSUFFICIENT_DISCOVERY_EVIDENCE,EXCLUDED,UNAVAILABLE,UNAVAILABLE,,UNAVAILABLE,INSUFFICIENT,KBS_CURRENT_LISTING,INSUFFICIENT_DISCOVERY_EVIDENCE,listing evidence exclusion
2966,,BID12530,,,corpbond,INSUFFICIENT_DISCOVERY_EVIDENCE,EXCLUDED,UNAVAILABLE,UNAVAILABLE,,UNAVAILABLE,INSUFFICIENT,KBS_CURRENT_LISTING,INSUFFICIENT_DISCOVERY_EVIDENCE,listing evidence exclusion
2967,,ORS12502,,,corpbond,INSUFFICIENT_DISCOVERY_EVIDENCE,EXCLUDED,UNAVAILABLE,UNAVAILABLE,,UNAVAILABLE,INSUFFICIENT,KBS_CURRENT_LISTING,INSUFFICIENT_DISCOVERY_EVIDENCE,listing evidence exclusion
2968,,VDS12504,,,corpbond,INSUFFICIENT_DISCOVERY_EVIDENCE,EXCLUDED,UNAVAILABLE,UNAVAILABLE,,UNAVAILABLE,INSUFFICIENT,KBS_CURRENT_LISTING,INSUFFICIENT_DISCOVERY_EVIDENCE,listing evidence exclusion
2969,,VCB12103,,,corpbond,INSUFFICIENT_DISCOVERY_EVIDENCE,EXCLUDED,UNAVAILABLE,UNAVAILABLE,,UNAVAILABLE,INSUFFICIENT,KBS_CURRENT_LISTING,INSUFFICIENT_DISCOVERY_EVIDENCE,listing evidence exclusion
2970,,VBA12206,,,corpbond,INSUFFICIENT_DISCOVERY_EVIDENCE,EXCLUDED,UNAVAILABLE,UNAVAILABLE,,UNAVAILABLE,INSUFFICIENT,KBS_CURRENT_LISTING,INSUFFICIENT_DISCOVERY_EVIDENCE,listing evidence exclusion
2971,,VIO32501,,,corpbond,INSUFFICIENT_DISCOVERY_EVIDENCE,EXCLUDED,UNAVAILABLE,UNAVAILABLE,,UNAVAILABLE,INSUFFICIENT,KBS_CURRENT_LISTING,INSUFFICIENT_DISCOVERY_EVIDENCE,listing evidence exclusion
2972,,BID12511,,,corpbond,INSUFFICIENT_DISCOVERY_EVIDENCE,EXCLUDED,UNAVAILABLE,UNAVAILABLE,,UNAVAILABLE,INSUFFICIENT,KBS_CURRENT_LISTING,INSUFFICIENT_DISCOVERY_EVIDENCE,listing evidence exclusion
2973,,OCB12520,,,corpbond,INSUFFICIENT_DISCOVERY_EVIDENCE,EXCLUDED,UNAVAILABLE,UNAVAILABLE,,UNAVAILABLE,INSUFFICIENT,KBS_CURRENT_LISTING,INSUFFICIENT_DISCOVERY_EVIDENCE,listing evidence exclusion
2974,,BID12526,,,corpbond,INSUFFICIENT_DISCOVERY_EVIDENCE,EXCLUDED,UNAVAILABLE,UNAVAILABLE,,UNAVAILABLE,INSUFFICIENT,KBS_CURRENT_LISTING,INSUFFICIENT_DISCOVERY_EVIDENCE,listing evidence exclusion
2975,,VCB12501,,,corpbond,INSUFFICIENT_DISCOVERY_EVIDENCE,EXCLUDED,UNAVAILABLE,UNAVAILABLE,,UNAVAILABLE,INSUFFICIENT,KBS_CURRENT_LISTING,INSUFFICIENT_DISCOVERY_EVIDENCE,listing evidence exclusion
2976,,IDT12401,,,corpbond,INSUFFICIENT_DISCOVERY_EVIDENCE,EXCLUDED,UNAVAILABLE,UNAVAILABLE,,UNAVAILABLE,INSUFFICIENT,KBS_CURRENT_LISTING,INSUFFICIENT_DISCOVERY_EVIDENCE,listing evidence exclusion
2977,,CII12502,,,corpbond,INSUFFICIENT_DISCOVERY_EVIDENCE,EXCLUDED,UNAVAILABLE,UNAVAILABLE,,UNAVAILABLE,INSUFFICIENT,KBS_CURRENT_LISTING,INSUFFICIENT_DISCOVERY_EVIDENCE,listing evidence exclusion
2978,,BID12604,,,corpbond,INSUFFICIENT_DISCOVERY_EVIDENCE,EXCLUDED,UNAVAILABLE,UNAVAILABLE,,UNAVAILABLE,INSUFFICIENT,KBS_CURRENT_LISTING,INSUFFICIENT_DISCOVERY_EVIDENCE,listing evidence exclusion
2979,,THL12601,,,corpbond,INSUFFICIENT_DISCOVERY_EVIDENCE,EXCLUDED,UNAVAILABLE,UNAVAILABLE,,UNAVAILABLE,INSUFFICIENT,KBS_CURRENT_LISTING,INSUFFICIENT_DISCOVERY_EVIDENCE,listing evidence exclusion
2980,,MBB12532,,,corpbond,INSUFFICIENT_DISCOVERY_EVIDENCE,EXCLUDED,UNAVAILABLE,UNAVAILABLE,,UNAVAILABLE,INSUFFICIENT,KBS_CURRENT_LISTING,INSUFFICIENT_DISCOVERY_EVIDENCE,listing evidence exclusion
2981,,HCV12501,,,corpbond,INSUFFICIENT_DISCOVERY_EVIDENCE,EXCLUDED,UNAVAILABLE,UNAVAILABLE,,UNAVAILABLE,INSUFFICIENT,KBS_CURRENT_LISTING,INSUFFICIENT_DISCOVERY_EVIDENCE,listing evidence exclusion
2982,,BID12102,,,corpbond,INSUFFICIENT_DISCOVERY_EVIDENCE,EXCLUDED,UNAVAILABLE,UNAVAILABLE,,UNAVAILABLE,INSUFFICIENT,KBS_CURRENT_LISTING,INSUFFICIENT_DISCOVERY_EVIDENCE,listing evidence exclusion
2983,,VCBL12608,,,corpbond,INSUFFICIENT_DISCOVERY_EVIDENCE,EXCLUDED,UNAVAILABLE,UNAVAILABLE,,UNAVAILABLE,INSUFFICIENT,KBS_CURRENT_LISTING,INSUFFICIENT_DISCOVERY_EVIDENCE,listing evidence exclusion
2984,,SHB12404,,,corpbond,INSUFFICIENT_DISCOVERY_EVIDENCE,EXCLUDED,UNAVAILABLE,UNAVAILABLE,,UNAVAILABLE,INSUFFICIENT,KBS_CURRENT_LISTING,INSUFFICIENT_DISCOVERY_EVIDENCE,listing evidence exclusion
2985,,MBB12515,,,corpbond,INSUFFICIENT_DISCOVERY_EVIDENCE,EXCLUDED,UNAVAILABLE,UNAVAILABLE,,UNAVAILABLE,INSUFFICIENT,KBS_CURRENT_LISTING,INSUFFICIENT_DISCOVERY_EVIDENCE,listing evidence exclusion
2986,,HDB12504,,,corpbond,INSUFFICIENT_DISCOVERY_EVIDENCE,EXCLUDED,UNAVAILABLE,UNAVAILABLE,,UNAVAILABLE,INSUFFICIENT,KBS_CURRENT_LISTING,INSUFFICIENT_DISCOVERY_EVIDENCE,listing evidence exclusion
2987,,ACB12511,,,corpbond,INSUFFICIENT_DISCOVERY_EVIDENCE,EXCLUDED,UNAVAILABLE,UNAVAILABLE,,UNAVAILABLE,INSUFFICIENT,KBS_CURRENT_LISTING,INSUFFICIENT_DISCOVERY_EVIDENCE,listing evidence exclusion
2988,,AHB12301,,,corpbond,INSUFFICIENT_DISCOVERY_EVIDENCE,EXCLUDED,UNAVAILABLE,UNAVAILABLE,,UNAVAILABLE,INSUFFICIENT,KBS_CURRENT_LISTING,INSUFFICIENT_DISCOVERY_EVIDENCE,listing evidence exclusion
2989,,TDK12104,,,corpbond,INSUFFICIENT_DISCOVERY_EVIDENCE,EXCLUDED,UNAVAILABLE,UNAVAILABLE,,UNAVAILABLE,INSUFFICIENT,KBS_CURRENT_LISTING,INSUFFICIENT_DISCOVERY_EVIDENCE,listing evidence exclusion
2990,,BID12602,,,corpbond,INSUFFICIENT_DISCOVERY_EVIDENCE,EXCLUDED,UNAVAILABLE,UNAVAILABLE,,UNAVAILABLE,INSUFFICIENT,KBS_CURRENT_LISTING,INSUFFICIENT_DISCOVERY_EVIDENCE,listing evidence exclusion
2991,,TSO12602,,,corpbond,INSUFFICIENT_DISCOVERY_EVIDENCE,EXCLUDED,UNAVAILABLE,UNAVAILABLE,,UNAVAILABLE,INSUFFICIENT,KBS_CURRENT_LISTING,INSUFFICIENT_DISCOVERY_EVIDENCE,listing evidence exclusion
2992,,TPB12444,,,corpbond,INSUFFICIENT_DISCOVERY_EVIDENCE,EXCLUDED,UNAVAILABLE,UNAVAILABLE,,UNAVAILABLE,INSUFFICIENT,KBS_CURRENT_LISTING,INSUFFICIENT_DISCOVERY_EVIDENCE,listing evidence exclusion
2993,,VPB12606,,,corpbond,INSUFFICIENT_DISCOVERY_EVIDENCE,EXCLUDED,UNAVAILABLE,UNAVAILABLE,,UNAVAILABLE,INSUFFICIENT,KBS_CURRENT_LISTING,INSUFFICIENT_DISCOVERY_EVIDENCE,listing evidence exclusion
2994,,OCB12518,,,corpbond,INSUFFICIENT_DISCOVERY_EVIDENCE,EXCLUDED,UNAVAILABLE,UNAVAILABLE,,UNAVAILABLE,INSUFFICIENT,KBS_CURRENT_LISTING,INSUFFICIENT_DISCOVERY_EVIDENCE,listing evidence exclusion
2995,,VJC12401,,,corpbond,INSUFFICIENT_DISCOVERY_EVIDENCE,EXCLUDED,UNAVAILABLE,UNAVAILABLE,,UNAVAILABLE,INSUFFICIENT,KBS_CURRENT_LISTING,INSUFFICIENT_DISCOVERY_EVIDENCE,listing evidence exclusion
2996,,TCB12508,,,corpbond,INSUFFICIENT_DISCOVERY_EVIDENCE,EXCLUDED,UNAVAILABLE,UNAVAILABLE,,UNAVAILABLE,INSUFFICIENT,KBS_CURRENT_LISTING,INSUFFICIENT_DISCOVERY_EVIDENCE,listing evidence exclusion
2997,,MBB12505,,,corpbond,INSUFFICIENT_DISCOVERY_EVIDENCE,EXCLUDED,UNAVAILABLE,UNAVAILABLE,,UNAVAILABLE,INSUFFICIENT,KBS_CURRENT_LISTING,INSUFFICIENT_DISCOVERY_EVIDENCE,listing evidence exclusion
2998,,STB12602,,,corpbond,INSUFFICIENT_DISCOVERY_EVIDENCE,EXCLUDED,UNAVAILABLE,UNAVAILABLE,,UNAVAILABLE,INSUFFICIENT,KBS_CURRENT_LISTING,INSUFFICIENT_DISCOVERY_EVIDENCE,listing evidence exclusion
2999,,TCB12315,,,corpbond,INSUFFICIENT_DISCOVERY_EVIDENCE,EXCLUDED,UNAVAILABLE,UNAVAILABLE,,UNAVAILABLE,INSUFFICIENT,KBS_CURRENT_LISTING,INSUFFICIENT_DISCOVERY_EVIDENCE,listing evidence exclusion
3000,,MBB12520,,,corpbond,INSUFFICIENT_DISCOVERY_EVIDENCE,EXCLUDED,UNAVAILABLE,UNAVAILABLE,,UNAVAILABLE,INSUFFICIENT,KBS_CURRENT_LISTING,INSUFFICIENT_DISCOVERY_EVIDENCE,listing evidence exclusion
3001,,VIC12505,,,corpbond,INSUFFICIENT_DISCOVERY_EVIDENCE,EXCLUDED,UNAVAILABLE,UNAVAILABLE,,UNAVAILABLE,INSUFFICIENT,KBS_CURRENT_LISTING,INSUFFICIENT_DISCOVERY_EVIDENCE,listing evidence exclusion
3002,,MBB12617,,,corpbond,INSUFFICIENT_DISCOVERY_EVIDENCE,EXCLUDED,UNAVAILABLE,UNAVAILABLE,,UNAVAILABLE,INSUFFICIENT,KBS_CURRENT_LISTING,INSUFFICIENT_DISCOVERY_EVIDENCE,listing evidence exclusion
3003,,SHB12506,,,corpbond,INSUFFICIENT_DISCOVERY_EVIDENCE,EXCLUDED,UNAVAILABLE,UNAVAILABLE,,UNAVAILABLE,INSUFFICIENT,KBS_CURRENT_LISTING,INSUFFICIENT_DISCOVERY_EVIDENCE,listing evidence exclusion
3004,,CLV12302,,,corpbond,INSUFFICIENT_DISCOVERY_EVIDENCE,EXCLUDED,UNAVAILABLE,UNAVAILABLE,,UNAVAILABLE,INSUFFICIENT,KBS_CURRENT_LISTING,INSUFFICIENT_DISCOVERY_EVIDENCE,listing evidence exclusion
3005,,KHG12401,,,corpbond,INSUFFICIENT_DISCOVERY_EVIDENCE,EXCLUDED,UNAVAILABLE,UNAVAILABLE,,UNAVAILABLE,INSUFFICIENT,KBS_CURRENT_LISTING,INSUFFICIENT_DISCOVERY_EVIDENCE,listing evidence exclusion
3006,,VPB12509,,,corpbond,INSUFFICIENT_DISCOVERY_EVIDENCE,EXCLUDED,UNAVAILABLE,UNAVAILABLE,,UNAVAILABLE,INSUFFICIENT,KBS_CURRENT_LISTING,INSUFFICIENT_DISCOVERY_EVIDENCE,listing evidence exclusion
3007,,SBT12401,,,corpbond,INSUFFICIENT_DISCOVERY_EVIDENCE,EXCLUDED,UNAVAILABLE,UNAVAILABLE,,UNAVAILABLE,INSUFFICIENT,KBS_CURRENT_LISTING,INSUFFICIENT_DISCOVERY_EVIDENCE,listing evidence exclusion
3008,,MAD12602,,,corpbond,INSUFFICIENT_DISCOVERY_EVIDENCE,EXCLUDED,UNAVAILABLE,UNAVAILABLE,,UNAVAILABLE,INSUFFICIENT,KBS_CURRENT_LISTING,INSUFFICIENT_DISCOVERY_EVIDENCE,listing evidence exclusion
3009,,TPB12322,,,corpbond,INSUFFICIENT_DISCOVERY_EVIDENCE,EXCLUDED,UNAVAILABLE,UNAVAILABLE,,UNAVAILABLE,INSUFFICIENT,KBS_CURRENT_LISTING,INSUFFICIENT_DISCOVERY_EVIDENCE,listing evidence exclusion
3010,,LHT12401,,,corpbond,INSUFFICIENT_DISCOVERY_EVIDENCE,EXCLUDED,UNAVAILABLE,UNAVAILABLE,,UNAVAILABLE,INSUFFICIENT,KBS_CURRENT_LISTING,INSUFFICIENT_DISCOVERY_EVIDENCE,listing evidence exclusion
3011,,HDB12420,,,corpbond,INSUFFICIENT_DISCOVERY_EVIDENCE,EXCLUDED,UNAVAILABLE,UNAVAILABLE,,UNAVAILABLE,INSUFFICIENT,KBS_CURRENT_LISTING,INSUFFICIENT_DISCOVERY_EVIDENCE,listing evidence exclusion
3012,,CTG12401,,,corpbond,INSUFFICIENT_DISCOVERY_EVIDENCE,EXCLUDED,UNAVAILABLE,UNAVAILABLE,,UNAVAILABLE,INSUFFICIENT,KBS_CURRENT_LISTING,INSUFFICIENT_DISCOVERY_EVIDENCE,listing evidence exclusion
3013,,VJC12320,,,corpbond,INSUFFICIENT_DISCOVERY_EVIDENCE,EXCLUDED,UNAVAILABLE,UNAVAILABLE,,UNAVAILABLE,INSUFFICIENT,KBS_CURRENT_LISTING,INSUFFICIENT_DISCOVERY_EVIDENCE,listing evidence exclusion
3014,,VIL12301,,,corpbond,INSUFFICIENT_DISCOVERY_EVIDENCE,EXCLUDED,UNAVAILABLE,UNAVAILABLE,,UNAVAILABLE,INSUFFICIENT,KBS_CURRENT_LISTING,INSUFFICIENT_DISCOVERY_EVIDENCE,listing evidence exclusion
3015,,HDB12430,,,corpbond,INSUFFICIENT_DISCOVERY_EVIDENCE,EXCLUDED,UNAVAILABLE,UNAVAILABLE,,UNAVAILABLE,INSUFFICIENT,KBS_CURRENT_LISTING,INSUFFICIENT_DISCOVERY_EVIDENCE,listing evidence exclusion
3016,,NVL52204,,,corpbond,INSUFFICIENT_DISCOVERY_EVIDENCE,EXCLUDED,UNAVAILABLE,UNAVAILABLE,,UNAVAILABLE,INSUFFICIENT,KBS_CURRENT_LISTING,INSUFFICIENT_DISCOVERY_EVIDENCE,listing evidence exclusion
3017,,BID12212,,,corpbond,INSUFFICIENT_DISCOVERY_EVIDENCE,EXCLUDED,UNAVAILABLE,UNAVAILABLE,,UNAVAILABLE,INSUFFICIENT,KBS_CURRENT_LISTING,INSUFFICIENT_DISCOVERY_EVIDENCE,listing evidence exclusion
3018,,RHG12102,,,corpbond,INSUFFICIENT_DISCOVERY_EVIDENCE,EXCLUDED,UNAVAILABLE,UNAVAILABLE,,UNAVAILABLE,INSUFFICIENT,KBS_CURRENT_LISTING,INSUFFICIENT_DISCOVERY_EVIDENCE,listing evidence exclusion
3019,,BID12539,,,corpbond,INSUFFICIENT_DISCOVERY_EVIDENCE,EXCLUDED,UNAVAILABLE,UNAVAILABLE,,UNAVAILABLE,INSUFFICIENT,KBS_CURRENT_LISTING,INSUFFICIENT_DISCOVERY_EVIDENCE,listing evidence exclusion
3020,,CTG12417,,,corpbond,INSUFFICIENT_DISCOVERY_EVIDENCE,EXCLUDED,UNAVAILABLE,UNAVAILABLE,,UNAVAILABLE,INSUFFICIENT,KBS_CURRENT_LISTING,INSUFFICIENT_DISCOVERY_EVIDENCE,listing evidence exclusion
3021,,PKA12403,,,corpbond,INSUFFICIENT_DISCOVERY_EVIDENCE,EXCLUDED,UNAVAILABLE,UNAVAILABLE,,UNAVAILABLE,INSUFFICIENT,KBS_CURRENT_LISTING,INSUFFICIENT_DISCOVERY_EVIDENCE,listing evidence exclusion
3022,,FCN12601,,,corpbond,INSUFFICIENT_DISCOVERY_EVIDENCE,EXCLUDED,UNAVAILABLE,UNAVAILABLE,,UNAVAILABLE,INSUFFICIENT,KBS_CURRENT_LISTING,INSUFFICIENT_DISCOVERY_EVIDENCE,listing evidence exclusion
3023,,VHM12601,,,corpbond,INSUFFICIENT_DISCOVERY_EVIDENCE,EXCLUDED,UNAVAILABLE,UNAVAILABLE,,UNAVAILABLE,INSUFFICIENT,KBS_CURRENT_LISTING,INSUFFICIENT_DISCOVERY_EVIDENCE,listing evidence exclusion
3024,,TPB12542,,,corpbond,INSUFFICIENT_DISCOVERY_EVIDENCE,EXCLUDED,UNAVAILABLE,UNAVAILABLE,,UNAVAILABLE,INSUFFICIENT,KBS_CURRENT_LISTING,INSUFFICIENT_DISCOVERY_EVIDENCE,listing evidence exclusion
3025,,VBA12209,,,corpbond,INSUFFICIENT_DISCOVERY_EVIDENCE,EXCLUDED,UNAVAILABLE,UNAVAILABLE,,UNAVAILABLE,INSUFFICIENT,KBS_CURRENT_LISTING,INSUFFICIENT_DISCOVERY_EVIDENCE,listing evidence exclusion
3026,,TPB12526,,,corpbond,INSUFFICIENT_DISCOVERY_EVIDENCE,EXCLUDED,UNAVAILABLE,UNAVAILABLE,,UNAVAILABLE,INSUFFICIENT,KBS_CURRENT_LISTING,INSUFFICIENT_DISCOVERY_EVIDENCE,listing evidence exclusion
3027,,WTO12105,,,corpbond,INSUFFICIENT_DISCOVERY_EVIDENCE,EXCLUDED,UNAVAILABLE,UNAVAILABLE,,UNAVAILABLE,INSUFFICIENT,KBS_CURRENT_LISTING,INSUFFICIENT_DISCOVERY_EVIDENCE,listing evidence exclusion
3028,,BID12211,,,corpbond,INSUFFICIENT_DISCOVERY_EVIDENCE,EXCLUDED,UNAVAILABLE,UNAVAILABLE,,UNAVAILABLE,INSUFFICIENT,KBS_CURRENT_LISTING,INSUFFICIENT_DISCOVERY_EVIDENCE,listing evidence exclusion
3029,,VIBL12602,,,corpbond,INSUFFICIENT_DISCOVERY_EVIDENCE,EXCLUDED,UNAVAILABLE,UNAVAILABLE,,UNAVAILABLE,INSUFFICIENT,KBS_CURRENT_LISTING,INSUFFICIENT_DISCOVERY_EVIDENCE,listing evidence exclusion
3030,,VCB12102,,,corpbond,INSUFFICIENT_DISCOVERY_EVIDENCE,EXCLUDED,UNAVAILABLE,UNAVAILABLE,,UNAVAILABLE,INSUFFICIENT,KBS_CURRENT_LISTING,INSUFFICIENT_DISCOVERY_EVIDENCE,listing evidence exclusion
3031,,TPB12601,,,corpbond,INSUFFICIENT_DISCOVERY_EVIDENCE,EXCLUDED,UNAVAILABLE,UNAVAILABLE,,UNAVAILABLE,INSUFFICIENT,KBS_CURRENT_LISTING,INSUFFICIENT_DISCOVERY_EVIDENCE,listing evidence exclusion
3032,,BPB12101,,,corpbond,INSUFFICIENT_DISCOVERY_EVIDENCE,EXCLUDED,UNAVAILABLE,UNAVAILABLE,,UNAVAILABLE,INSUFFICIENT,KBS_CURRENT_LISTING,INSUFFICIENT_DISCOVERY_EVIDENCE,listing evidence exclusion
3033,,MSB12602,,,corpbond,INSUFFICIENT_DISCOVERY_EVIDENCE,EXCLUDED,UNAVAILABLE,UNAVAILABLE,,UNAVAILABLE,INSUFFICIENT,KBS_CURRENT_LISTING,INSUFFICIENT_DISCOVERY_EVIDENCE,listing evidence exclusion
3034,,BID12529,,,corpbond,INSUFFICIENT_DISCOVERY_EVIDENCE,EXCLUDED,UNAVAILABLE,UNAVAILABLE,,UNAVAILABLE,INSUFFICIENT,KBS_CURRENT_LISTING,INSUFFICIENT_DISCOVERY_EVIDENCE,listing evidence exclusion
3035,,BID12517,,,corpbond,INSUFFICIENT_DISCOVERY_EVIDENCE,EXCLUDED,UNAVAILABLE,UNAVAILABLE,,UNAVAILABLE,INSUFFICIENT,KBS_CURRENT_LISTING,INSUFFICIENT_DISCOVERY_EVIDENCE,listing evidence exclusion
3036,,MBB12523,,,corpbond,INSUFFICIENT_DISCOVERY_EVIDENCE,EXCLUDED,UNAVAILABLE,UNAVAILABLE,,UNAVAILABLE,INSUFFICIENT,KBS_CURRENT_LISTING,INSUFFICIENT_DISCOVERY_EVIDENCE,listing evidence exclusion
3037,,EVF12602,,,corpbond,INSUFFICIENT_DISCOVERY_EVIDENCE,EXCLUDED,UNAVAILABLE,UNAVAILABLE,,UNAVAILABLE,INSUFFICIENT,KBS_CURRENT_LISTING,INSUFFICIENT_DISCOVERY_EVIDENCE,listing evidence exclusion
3038,,BID12431,,,corpbond,INSUFFICIENT_DISCOVERY_EVIDENCE,EXCLUDED,UNAVAILABLE,UNAVAILABLE,,UNAVAILABLE,INSUFFICIENT,KBS_CURRENT_LISTING,INSUFFICIENT_DISCOVERY_EVIDENCE,listing evidence exclusion
3039,,TPB12523,,,corpbond,INSUFFICIENT_DISCOVERY_EVIDENCE,EXCLUDED,UNAVAILABLE,UNAVAILABLE,,UNAVAILABLE,INSUFFICIENT,KBS_CURRENT_LISTING,INSUFFICIENT_DISCOVERY_EVIDENCE,listing evidence exclusion
3040,,BID12519,,,corpbond,INSUFFICIENT_DISCOVERY_EVIDENCE,EXCLUDED,UNAVAILABLE,UNAVAILABLE,,UNAVAILABLE,INSUFFICIENT,KBS_CURRENT_LISTING,INSUFFICIENT_DISCOVERY_EVIDENCE,listing evidence exclusion
3041,,SGJ12301,,,corpbond,INSUFFICIENT_DISCOVERY_EVIDENCE,EXCLUDED,UNAVAILABLE,UNAVAILABLE,,UNAVAILABLE,INSUFFICIENT,KBS_CURRENT_LISTING,INSUFFICIENT_DISCOVERY_EVIDENCE,listing evidence exclusion
3042,,BID12546,,,corpbond,INSUFFICIENT_DISCOVERY_EVIDENCE,EXCLUDED,UNAVAILABLE,UNAVAILABLE,,UNAVAILABLE,INSUFFICIENT,KBS_CURRENT_LISTING,INSUFFICIENT_DISCOVERY_EVIDENCE,listing evidence exclusion
3043,,SIN12401,,,corpbond,INSUFFICIENT_DISCOVERY_EVIDENCE,EXCLUDED,UNAVAILABLE,UNAVAILABLE,,UNAVAILABLE,INSUFFICIENT,KBS_CURRENT_LISTING,INSUFFICIENT_DISCOVERY_EVIDENCE,listing evidence exclusion
3044,,VIB12410,,,corpbond,INSUFFICIENT_DISCOVERY_EVIDENCE,EXCLUDED,UNAVAILABLE,UNAVAILABLE,,UNAVAILABLE,INSUFFICIENT,KBS_CURRENT_LISTING,INSUFFICIENT_DISCOVERY_EVIDENCE,listing evidence exclusion
3045,,HEB12101,,,corpbond,INSUFFICIENT_DISCOVERY_EVIDENCE,EXCLUDED,UNAVAILABLE,UNAVAILABLE,,UNAVAILABLE,INSUFFICIENT,KBS_CURRENT_LISTING,INSUFFICIENT_DISCOVERY_EVIDENCE,listing evidence exclusion
3046,,VJC12331,,,corpbond,INSUFFICIENT_DISCOVERY_EVIDENCE,EXCLUDED,UNAVAILABLE,UNAVAILABLE,,UNAVAILABLE,INSUFFICIENT,KBS_CURRENT_LISTING,INSUFFICIENT_DISCOVERY_EVIDENCE,listing evidence exclusion
3047,,TPB12524,,,corpbond,INSUFFICIENT_DISCOVERY_EVIDENCE,EXCLUDED,UNAVAILABLE,UNAVAILABLE,,UNAVAILABLE,INSUFFICIENT,KBS_CURRENT_LISTING,INSUFFICIENT_DISCOVERY_EVIDENCE,listing evidence exclusion
3048,,ABB12510,,,corpbond,INSUFFICIENT_DISCOVERY_EVIDENCE,EXCLUDED,UNAVAILABLE,UNAVAILABLE,,UNAVAILABLE,INSUFFICIENT,KBS_CURRENT_LISTING,INSUFFICIENT_DISCOVERY_EVIDENCE,listing evidence exclusion
3049,,VHM12606,,,corpbond,INSUFFICIENT_DISCOVERY_EVIDENCE,EXCLUDED,UNAVAILABLE,UNAVAILABLE,,UNAVAILABLE,INSUFFICIENT,KBS_CURRENT_LISTING,INSUFFICIENT_DISCOVERY_EVIDENCE,listing evidence exclusion
3050,,CTG12503,,,corpbond,INSUFFICIENT_DISCOVERY_EVIDENCE,EXCLUDED,UNAVAILABLE,UNAVAILABLE,,UNAVAILABLE,INSUFFICIENT,KBS_CURRENT_LISTING,INSUFFICIENT_DISCOVERY_EVIDENCE,listing evidence exclusion
3051,,TPB12326,,,corpbond,INSUFFICIENT_DISCOVERY_EVIDENCE,EXCLUDED,UNAVAILABLE,UNAVAILABLE,,UNAVAILABLE,INSUFFICIENT,KBS_CURRENT_LISTING,INSUFFICIENT_DISCOVERY_EVIDENCE,listing evidence exclusion
3052,,BNC12303,,,corpbond,INSUFFICIENT_DISCOVERY_EVIDENCE,EXCLUDED,UNAVAILABLE,UNAVAILABLE,,UNAVAILABLE,INSUFFICIENT,KBS_CURRENT_LISTING,INSUFFICIENT_DISCOVERY_EVIDENCE,listing evidence exclusion
3053,,TDR12203,,,corpbond,INSUFFICIENT_DISCOVERY_EVIDENCE,EXCLUDED,UNAVAILABLE,UNAVAILABLE,,UNAVAILABLE,INSUFFICIENT,KBS_CURRENT_LISTING,INSUFFICIENT_DISCOVERY_EVIDENCE,listing evidence exclusion
3054,,DPQ12203,,,corpbond,INSUFFICIENT_DISCOVERY_EVIDENCE,EXCLUDED,UNAVAILABLE,UNAVAILABLE,,UNAVAILABLE,INSUFFICIENT,KBS_CURRENT_LISTING,INSUFFICIENT_DISCOVERY_EVIDENCE,listing evidence exclusion
3055,,MSN12203,,,corpbond,INSUFFICIENT_DISCOVERY_EVIDENCE,EXCLUDED,UNAVAILABLE,UNAVAILABLE,,UNAVAILABLE,INSUFFICIENT,KBS_CURRENT_LISTING,INSUFFICIENT_DISCOVERY_EVIDENCE,listing evidence exclusion
3056,,OCB12525,,,corpbond,INSUFFICIENT_DISCOVERY_EVIDENCE,EXCLUDED,UNAVAILABLE,UNAVAILABLE,,UNAVAILABLE,INSUFFICIENT,KBS_CURRENT_LISTING,INSUFFICIENT_DISCOVERY_EVIDENCE,listing evidence exclusion
3057,,ES112601,,,corpbond,INSUFFICIENT_DISCOVERY_EVIDENCE,EXCLUDED,UNAVAILABLE,UNAVAILABLE,,UNAVAILABLE,INSUFFICIENT,KBS_CURRENT_LISTING,INSUFFICIENT_DISCOVERY_EVIDENCE,listing evidence exclusion
3058,,TCB12507,,,corpbond,INSUFFICIENT_DISCOVERY_EVIDENCE,EXCLUDED,UNAVAILABLE,UNAVAILABLE,,UNAVAILABLE,INSUFFICIENT,KBS_CURRENT_LISTING,INSUFFICIENT_DISCOVERY_EVIDENCE,listing evidence exclusion
3059,,MBB12110,,,corpbond,INSUFFICIENT_DISCOVERY_EVIDENCE,EXCLUDED,UNAVAILABLE,UNAVAILABLE,,UNAVAILABLE,INSUFFICIENT,KBS_CURRENT_LISTING,INSUFFICIENT_DISCOVERY_EVIDENCE,listing evidence exclusion
3060,,MBS12403,,,corpbond,INSUFFICIENT_DISCOVERY_EVIDENCE,EXCLUDED,UNAVAILABLE,UNAVAILABLE,,UNAVAILABLE,INSUFFICIENT,KBS_CURRENT_LISTING,INSUFFICIENT_DISCOVERY_EVIDENCE,listing evidence exclusion
3061,,MSG32506,,,corpbond,INSUFFICIENT_DISCOVERY_EVIDENCE,EXCLUDED,UNAVAILABLE,UNAVAILABLE,,UNAVAILABLE,INSUFFICIENT,KBS_CURRENT_LISTING,INSUFFICIENT_DISCOVERY_EVIDENCE,listing evidence exclusion
3062,,BID12515,,,corpbond,INSUFFICIENT_DISCOVERY_EVIDENCE,EXCLUDED,UNAVAILABLE,UNAVAILABLE,,UNAVAILABLE,INSUFFICIENT,KBS_CURRENT_LISTING,INSUFFICIENT_DISCOVERY_EVIDENCE,listing evidence exclusion
3063,,NEW12403,,,corpbond,INSUFFICIENT_DISCOVERY_EVIDENCE,EXCLUDED,UNAVAILABLE,UNAVAILABLE,,UNAVAILABLE,INSUFFICIENT,KBS_CURRENT_LISTING,INSUFFICIENT_DISCOVERY_EVIDENCE,listing evidence exclusion
3064,,SHL12502,,,corpbond,INSUFFICIENT_DISCOVERY_EVIDENCE,EXCLUDED,UNAVAILABLE,UNAVAILABLE,,UNAVAILABLE,INSUFFICIENT,KBS_CURRENT_LISTING,INSUFFICIENT_DISCOVERY_EVIDENCE,listing evidence exclusion
3065,,VCB12602,,,corpbond,INSUFFICIENT_DISCOVERY_EVIDENCE,EXCLUDED,UNAVAILABLE,UNAVAILABLE,,UNAVAILABLE,INSUFFICIENT,KBS_CURRENT_LISTING,INSUFFICIENT_DISCOVERY_EVIDENCE,listing evidence exclusion
3066,,MBB12430,,,corpbond,INSUFFICIENT_DISCOVERY_EVIDENCE,EXCLUDED,UNAVAILABLE,UNAVAILABLE,,UNAVAILABLE,INSUFFICIENT,KBS_CURRENT_LISTING,INSUFFICIENT_DISCOVERY_EVIDENCE,listing evidence exclusion
3067,,OCB12531,,,corpbond,INSUFFICIENT_DISCOVERY_EVIDENCE,EXCLUDED,UNAVAILABLE,UNAVAILABLE,,UNAVAILABLE,INSUFFICIENT,KBS_CURRENT_LISTING,INSUFFICIENT_DISCOVERY_EVIDENCE,listing evidence exclusion
3068,,VJC12338,,,corpbond,INSUFFICIENT_DISCOVERY_EVIDENCE,EXCLUDED,UNAVAILABLE,UNAVAILABLE,,UNAVAILABLE,INSUFFICIENT,KBS_CURRENT_LISTING,INSUFFICIENT_DISCOVERY_EVIDENCE,listing evidence exclusion
3069,,SIN12402,,,corpbond,INSUFFICIENT_DISCOVERY_EVIDENCE,EXCLUDED,UNAVAILABLE,UNAVAILABLE,,UNAVAILABLE,INSUFFICIENT,KBS_CURRENT_LISTING,INSUFFICIENT_DISCOVERY_EVIDENCE,listing evidence exclusion
3070,,NLG12203,,,corpbond,INSUFFICIENT_DISCOVERY_EVIDENCE,EXCLUDED,UNAVAILABLE,UNAVAILABLE,,UNAVAILABLE,INSUFFICIENT,KBS_CURRENT_LISTING,INSUFFICIENT_DISCOVERY_EVIDENCE,listing evidence exclusion
3071,,BCM12403,,,corpbond,INSUFFICIENT_DISCOVERY_EVIDENCE,EXCLUDED,UNAVAILABLE,UNAVAILABLE,,UNAVAILABLE,INSUFFICIENT,KBS_CURRENT_LISTING,INSUFFICIENT_DISCOVERY_EVIDENCE,listing evidence exclusion
3072,,CII12504,,,corpbond,INSUFFICIENT_DISCOVERY_EVIDENCE,EXCLUDED,UNAVAILABLE,UNAVAILABLE,,UNAVAILABLE,INSUFFICIENT,KBS_CURRENT_LISTING,INSUFFICIENT_DISCOVERY_EVIDENCE,listing evidence exclusion
3073,,HDB12603,,,corpbond,INSUFFICIENT_DISCOVERY_EVIDENCE,EXCLUDED,UNAVAILABLE,UNAVAILABLE,,UNAVAILABLE,INSUFFICIENT,KBS_CURRENT_LISTING,INSUFFICIENT_DISCOVERY_EVIDENCE,listing evidence exclusion
3074,,TBG12501,,,corpbond,INSUFFICIENT_DISCOVERY_EVIDENCE,EXCLUDED,UNAVAILABLE,UNAVAILABLE,,UNAVAILABLE,INSUFFICIENT,KBS_CURRENT_LISTING,INSUFFICIENT_DISCOVERY_EVIDENCE,listing evidence exclusion
3075,,BCM12404,,,corpbond,INSUFFICIENT_DISCOVERY_EVIDENCE,EXCLUDED,UNAVAILABLE,UNAVAILABLE,,UNAVAILABLE,INSUFFICIENT,KBS_CURRENT_LISTING,INSUFFICIENT_DISCOVERY_EVIDENCE,listing evidence exclusion
3076,,MRE32105,,,corpbond,INSUFFICIENT_DISCOVERY_EVIDENCE,EXCLUDED,UNAVAILABLE,UNAVAILABLE,,UNAVAILABLE,INSUFFICIENT,KBS_CURRENT_LISTING,INSUFFICIENT_DISCOVERY_EVIDENCE,listing evidence exclusion
3077,,VPB12601,,,corpbond,INSUFFICIENT_DISCOVERY_EVIDENCE,EXCLUDED,UNAVAILABLE,UNAVAILABLE,,UNAVAILABLE,INSUFFICIENT,KBS_CURRENT_LISTING,INSUFFICIENT_DISCOVERY_EVIDENCE,listing evidence exclusion
3078,,TPB12449,,,corpbond,INSUFFICIENT_DISCOVERY_EVIDENCE,EXCLUDED,UNAVAILABLE,UNAVAILABLE,,UNAVAILABLE,INSUFFICIENT,KBS_CURRENT_LISTING,INSUFFICIENT_DISCOVERY_EVIDENCE,listing evidence exclusion
3079,,VIB12408,,,corpbond,INSUFFICIENT_DISCOVERY_EVIDENCE,EXCLUDED,UNAVAILABLE,UNAVAILABLE,,UNAVAILABLE,INSUFFICIENT,KBS_CURRENT_LISTING,INSUFFICIENT_DISCOVERY_EVIDENCE,listing evidence exclusion
3080,,SGX12401,,,corpbond,INSUFFICIENT_DISCOVERY_EVIDENCE,EXCLUDED,UNAVAILABLE,UNAVAILABLE,,UNAVAILABLE,INSUFFICIENT,KBS_CURRENT_LISTING,INSUFFICIENT_DISCOVERY_EVIDENCE,listing evidence exclusion
3081,,VJC12326,,,corpbond,INSUFFICIENT_DISCOVERY_EVIDENCE,EXCLUDED,UNAVAILABLE,UNAVAILABLE,,UNAVAILABLE,INSUFFICIENT,KBS_CURRENT_LISTING,INSUFFICIENT_DISCOVERY_EVIDENCE,listing evidence exclusion
3082,,CGT12601,,,corpbond,INSUFFICIENT_DISCOVERY_EVIDENCE,EXCLUDED,UNAVAILABLE,UNAVAILABLE,,UNAVAILABLE,INSUFFICIENT,KBS_CURRENT_LISTING,INSUFFICIENT_DISCOVERY_EVIDENCE,listing evidence exclusion
3083,,AQC12301,,,corpbond,INSUFFICIENT_DISCOVERY_EVIDENCE,EXCLUDED,UNAVAILABLE,UNAVAILABLE,,UNAVAILABLE,INSUFFICIENT,KBS_CURRENT_LISTING,INSUFFICIENT_DISCOVERY_EVIDENCE,listing evidence exclusion
3084,,TCB12513,,,corpbond,INSUFFICIENT_DISCOVERY_EVIDENCE,EXCLUDED,UNAVAILABLE,UNAVAILABLE,,UNAVAILABLE,INSUFFICIENT,KBS_CURRENT_LISTING,INSUFFICIENT_DISCOVERY_EVIDENCE,listing evidence exclusion
3085,,LPB12508,,,corpbond,INSUFFICIENT_DISCOVERY_EVIDENCE,EXCLUDED,UNAVAILABLE,UNAVAILABLE,,UNAVAILABLE,INSUFFICIENT,KBS_CURRENT_LISTING,INSUFFICIENT_DISCOVERY_EVIDENCE,listing evidence exclusion
3086,,BHD12401,,,corpbond,INSUFFICIENT_DISCOVERY_EVIDENCE,EXCLUDED,UNAVAILABLE,UNAVAILABLE,,UNAVAILABLE,INSUFFICIENT,KBS_CURRENT_LISTING,INSUFFICIENT_DISCOVERY_EVIDENCE,listing evidence exclusion
3087,,BID12439,,,corpbond,INSUFFICIENT_DISCOVERY_EVIDENCE,EXCLUDED,UNAVAILABLE,UNAVAILABLE,,UNAVAILABLE,INSUFFICIENT,KBS_CURRENT_LISTING,INSUFFICIENT_DISCOVERY_EVIDENCE,listing evidence exclusion
3088,,BAB12507,,,corpbond,INSUFFICIENT_DISCOVERY_EVIDENCE,EXCLUDED,UNAVAILABLE,UNAVAILABLE,,UNAVAILABLE,INSUFFICIENT,KBS_CURRENT_LISTING,INSUFFICIENT_DISCOVERY_EVIDENCE,listing evidence exclusion
3089,,VNG12401,,,corpbond,INSUFFICIENT_DISCOVERY_EVIDENCE,EXCLUDED,UNAVAILABLE,UNAVAILABLE,,UNAVAILABLE,INSUFFICIENT,KBS_CURRENT_LISTING,INSUFFICIENT_DISCOVERY_EVIDENCE,listing evidence exclusion
3090,,VHA32107,,,corpbond,INSUFFICIENT_DISCOVERY_EVIDENCE,EXCLUDED,UNAVAILABLE,UNAVAILABLE,,UNAVAILABLE,INSUFFICIENT,KBS_CURRENT_LISTING,INSUFFICIENT_DISCOVERY_EVIDENCE,listing evidence exclusion
3091,,BID12237,,,corpbond,INSUFFICIENT_DISCOVERY_EVIDENCE,EXCLUDED,UNAVAILABLE,UNAVAILABLE,,UNAVAILABLE,INSUFFICIENT,KBS_CURRENT_LISTING,INSUFFICIENT_DISCOVERY_EVIDENCE,listing evidence exclusion
3092,,TPB12316,,,corpbond,INSUFFICIENT_DISCOVERY_EVIDENCE,EXCLUDED,UNAVAILABLE,UNAVAILABLE,,UNAVAILABLE,INSUFFICIENT,KBS_CURRENT_LISTING,INSUFFICIENT_DISCOVERY_EVIDENCE,listing evidence exclusion
3093,,MSG32501,,,corpbond,INSUFFICIENT_DISCOVERY_EVIDENCE,EXCLUDED,UNAVAILABLE,UNAVAILABLE,,UNAVAILABLE,INSUFFICIENT,KBS_CURRENT_LISTING,INSUFFICIENT_DISCOVERY_EVIDENCE,listing evidence exclusion
3094,,TPB12507,,,corpbond,INSUFFICIENT_DISCOVERY_EVIDENCE,EXCLUDED,UNAVAILABLE,UNAVAILABLE,,UNAVAILABLE,INSUFFICIENT,KBS_CURRENT_LISTING,INSUFFICIENT_DISCOVERY_EVIDENCE,listing evidence exclusion
3095,,MBB12412,,,corpbond,INSUFFICIENT_DISCOVERY_EVIDENCE,EXCLUDED,UNAVAILABLE,UNAVAILABLE,,UNAVAILABLE,INSUFFICIENT,KBS_CURRENT_LISTING,INSUFFICIENT_DISCOVERY_EVIDENCE,listing evidence exclusion
3096,,TDE12301,,,corpbond,INSUFFICIENT_DISCOVERY_EVIDENCE,EXCLUDED,UNAVAILABLE,UNAVAILABLE,,UNAVAILABLE,INSUFFICIENT,KBS_CURRENT_LISTING,INSUFFICIENT_DISCOVERY_EVIDENCE,listing evidence exclusion
3097,,VJC12503,,,corpbond,INSUFFICIENT_DISCOVERY_EVIDENCE,EXCLUDED,UNAVAILABLE,UNAVAILABLE,,UNAVAILABLE,INSUFFICIENT,KBS_CURRENT_LISTING,INSUFFICIENT_DISCOVERY_EVIDENCE,listing evidence exclusion
3098,,TCB12604,,,corpbond,INSUFFICIENT_DISCOVERY_EVIDENCE,EXCLUDED,UNAVAILABLE,UNAVAILABLE,,UNAVAILABLE,INSUFFICIENT,KBS_CURRENT_LISTING,INSUFFICIENT_DISCOVERY_EVIDENCE,listing evidence exclusion
3099,,WTO12110,,,corpbond,INSUFFICIENT_DISCOVERY_EVIDENCE,EXCLUDED,UNAVAILABLE,UNAVAILABLE,,UNAVAILABLE,INSUFFICIENT,KBS_CURRENT_LISTING,INSUFFICIENT_DISCOVERY_EVIDENCE,listing evidence exclusion
3100,,OCB12607,,,corpbond,INSUFFICIENT_DISCOVERY_EVIDENCE,EXCLUDED,UNAVAILABLE,UNAVAILABLE,,UNAVAILABLE,INSUFFICIENT,KBS_CURRENT_LISTING,INSUFFICIENT_DISCOVERY_EVIDENCE,listing evidence exclusion
3101,,BWL12401,,,corpbond,INSUFFICIENT_DISCOVERY_EVIDENCE,EXCLUDED,UNAVAILABLE,UNAVAILABLE,,UNAVAILABLE,INSUFFICIENT,KBS_CURRENT_LISTING,INSUFFICIENT_DISCOVERY_EVIDENCE,listing evidence exclusion
3102,,HDL12105,,,corpbond,INSUFFICIENT_DISCOVERY_EVIDENCE,EXCLUDED,UNAVAILABLE,UNAVAILABLE,,UNAVAILABLE,INSUFFICIENT,KBS_CURRENT_LISTING,INSUFFICIENT_DISCOVERY_EVIDENCE,listing evidence exclusion
3103,,TRD52401,,,corpbond,INSUFFICIENT_DISCOVERY_EVIDENCE,EXCLUDED,UNAVAILABLE,UNAVAILABLE,,UNAVAILABLE,INSUFFICIENT,KBS_CURRENT_LISTING,INSUFFICIENT_DISCOVERY_EVIDENCE,listing evidence exclusion
3104,,SGJ12303,,,corpbond,INSUFFICIENT_DISCOVERY_EVIDENCE,EXCLUDED,UNAVAILABLE,UNAVAILABLE,,UNAVAILABLE,INSUFFICIENT,KBS_CURRENT_LISTING,INSUFFICIENT_DISCOVERY_EVIDENCE,listing evidence exclusion
3105,,VPB12506,,,corpbond,INSUFFICIENT_DISCOVERY_EVIDENCE,EXCLUDED,UNAVAILABLE,UNAVAILABLE,,UNAVAILABLE,INSUFFICIENT,KBS_CURRENT_LISTING,INSUFFICIENT_DISCOVERY_EVIDENCE,listing evidence exclusion
3106,,VIB12503,,,corpbond,INSUFFICIENT_DISCOVERY_EVIDENCE,EXCLUDED,UNAVAILABLE,UNAVAILABLE,,UNAVAILABLE,INSUFFICIENT,KBS_CURRENT_LISTING,INSUFFICIENT_DISCOVERY_EVIDENCE,listing evidence exclusion
3107,,STB12601,,,corpbond,INSUFFICIENT_DISCOVERY_EVIDENCE,EXCLUDED,UNAVAILABLE,UNAVAILABLE,,UNAVAILABLE,INSUFFICIENT,KBS_CURRENT_LISTING,INSUFFICIENT_DISCOVERY_EVIDENCE,listing evidence exclusion
3108,,HCV12405,,,corpbond,INSUFFICIENT_DISCOVERY_EVIDENCE,EXCLUDED,UNAVAILABLE,UNAVAILABLE,,UNAVAILABLE,INSUFFICIENT,KBS_CURRENT_LISTING,INSUFFICIENT_DISCOVERY_EVIDENCE,listing evidence exclusion
3109,,MBB12533,,,corpbond,INSUFFICIENT_DISCOVERY_EVIDENCE,EXCLUDED,UNAVAILABLE,UNAVAILABLE,,UNAVAILABLE,INSUFFICIENT,KBS_CURRENT_LISTING,INSUFFICIENT_DISCOVERY_EVIDENCE,listing evidence exclusion
3110,,TBA12401,,,corpbond,INSUFFICIENT_DISCOVERY_EVIDENCE,EXCLUDED,UNAVAILABLE,UNAVAILABLE,,UNAVAILABLE,INSUFFICIENT,KBS_CURRENT_LISTING,INSUFFICIENT_DISCOVERY_EVIDENCE,listing evidence exclusion
3111,,TCB12607,,,corpbond,INSUFFICIENT_DISCOVERY_EVIDENCE,EXCLUDED,UNAVAILABLE,UNAVAILABLE,,UNAVAILABLE,INSUFFICIENT,KBS_CURRENT_LISTING,INSUFFICIENT_DISCOVERY_EVIDENCE,listing evidence exclusion
3112,,BID12370,,,corpbond,INSUFFICIENT_DISCOVERY_EVIDENCE,EXCLUDED,UNAVAILABLE,UNAVAILABLE,,UNAVAILABLE,INSUFFICIENT,KBS_CURRENT_LISTING,INSUFFICIENT_DISCOVERY_EVIDENCE,listing evidence exclusion
3113,,BID12611,,,corpbond,INSUFFICIENT_DISCOVERY_EVIDENCE,EXCLUDED,UNAVAILABLE,UNAVAILABLE,,UNAVAILABLE,INSUFFICIENT,KBS_CURRENT_LISTING,INSUFFICIENT_DISCOVERY_EVIDENCE,listing evidence exclusion
3114,,TCB12511,,,corpbond,INSUFFICIENT_DISCOVERY_EVIDENCE,EXCLUDED,UNAVAILABLE,UNAVAILABLE,,UNAVAILABLE,INSUFFICIENT,KBS_CURRENT_LISTING,INSUFFICIENT_DISCOVERY_EVIDENCE,listing evidence exclusion
3115,,TPBL12609,,,corpbond,INSUFFICIENT_DISCOVERY_EVIDENCE,EXCLUDED,UNAVAILABLE,UNAVAILABLE,,UNAVAILABLE,INSUFFICIENT,KBS_CURRENT_LISTING,INSUFFICIENT_DISCOVERY_EVIDENCE,listing evidence exclusion
3116,,TPB12407,,,corpbond,INSUFFICIENT_DISCOVERY_EVIDENCE,EXCLUDED,UNAVAILABLE,UNAVAILABLE,,UNAVAILABLE,INSUFFICIENT,KBS_CURRENT_LISTING,INSUFFICIENT_DISCOVERY_EVIDENCE,listing evidence exclusion
3117,,BID12376,,,corpbond,INSUFFICIENT_DISCOVERY_EVIDENCE,EXCLUDED,UNAVAILABLE,UNAVAILABLE,,UNAVAILABLE,INSUFFICIENT,KBS_CURRENT_LISTING,INSUFFICIENT_DISCOVERY_EVIDENCE,listing evidence exclusion
3118,,MBB12621,,,corpbond,INSUFFICIENT_DISCOVERY_EVIDENCE,EXCLUDED,UNAVAILABLE,UNAVAILABLE,,UNAVAILABLE,INSUFFICIENT,KBS_CURRENT_LISTING,INSUFFICIENT_DISCOVERY_EVIDENCE,listing evidence exclusion
3119,,PGB12501,,,corpbond,INSUFFICIENT_DISCOVERY_EVIDENCE,EXCLUDED,UNAVAILABLE,UNAVAILABLE,,UNAVAILABLE,INSUFFICIENT,KBS_CURRENT_LISTING,INSUFFICIENT_DISCOVERY_EVIDENCE,listing evidence exclusion
3120,,EVF12601,,,corpbond,INSUFFICIENT_DISCOVERY_EVIDENCE,EXCLUDED,UNAVAILABLE,UNAVAILABLE,,UNAVAILABLE,INSUFFICIENT,KBS_CURRENT_LISTING,INSUFFICIENT_DISCOVERY_EVIDENCE,listing evidence exclusion
3121,,VCB12214,,,corpbond,INSUFFICIENT_DISCOVERY_EVIDENCE,EXCLUDED,UNAVAILABLE,UNAVAILABLE,,UNAVAILABLE,INSUFFICIENT,KBS_CURRENT_LISTING,INSUFFICIENT_DISCOVERY_EVIDENCE,listing evidence exclusion
3122,,TPB12512,,,corpbond,INSUFFICIENT_DISCOVERY_EVIDENCE,EXCLUDED,UNAVAILABLE,UNAVAILABLE,,UNAVAILABLE,INSUFFICIENT,KBS_CURRENT_LISTING,INSUFFICIENT_DISCOVERY_EVIDENCE,listing evidence exclusion
3123,,HDQ12301,,,corpbond,INSUFFICIENT_DISCOVERY_EVIDENCE,EXCLUDED,UNAVAILABLE,UNAVAILABLE,,UNAVAILABLE,INSUFFICIENT,KBS_CURRENT_LISTING,INSUFFICIENT_DISCOVERY_EVIDENCE,listing evidence exclusion
3124,,TPB12324,,,corpbond,INSUFFICIENT_DISCOVERY_EVIDENCE,EXCLUDED,UNAVAILABLE,UNAVAILABLE,,UNAVAILABLE,INSUFFICIENT,KBS_CURRENT_LISTING,INSUFFICIENT_DISCOVERY_EVIDENCE,listing evidence exclusion
3125,,ECF32601,,,corpbond,INSUFFICIENT_DISCOVERY_EVIDENCE,EXCLUDED,UNAVAILABLE,UNAVAILABLE,,UNAVAILABLE,INSUFFICIENT,KBS_CURRENT_LISTING,INSUFFICIENT_DISCOVERY_EVIDENCE,listing evidence exclusion
3126,,NAB12505,,,corpbond,INSUFFICIENT_DISCOVERY_EVIDENCE,EXCLUDED,UNAVAILABLE,UNAVAILABLE,,UNAVAILABLE,INSUFFICIENT,KBS_CURRENT_LISTING,INSUFFICIENT_DISCOVERY_EVIDENCE,listing evidence exclusion
3127,,OCB12509,,,corpbond,INSUFFICIENT_DISCOVERY_EVIDENCE,EXCLUDED,UNAVAILABLE,UNAVAILABLE,,UNAVAILABLE,INSUFFICIENT,KBS_CURRENT_LISTING,INSUFFICIENT_DISCOVERY_EVIDENCE,listing evidence exclusion
3128,,VJC12310,,,corpbond,INSUFFICIENT_DISCOVERY_EVIDENCE,EXCLUDED,UNAVAILABLE,UNAVAILABLE,,UNAVAILABLE,INSUFFICIENT,KBS_CURRENT_LISTING,INSUFFICIENT_DISCOVERY_EVIDENCE,listing evidence exclusion
3129,,LPB12511,,,corpbond,INSUFFICIENT_DISCOVERY_EVIDENCE,EXCLUDED,UNAVAILABLE,UNAVAILABLE,,UNAVAILABLE,INSUFFICIENT,KBS_CURRENT_LISTING,INSUFFICIENT_DISCOVERY_EVIDENCE,listing evidence exclusion
3130,,AVN32501,,,corpbond,INSUFFICIENT_DISCOVERY_EVIDENCE,EXCLUDED,UNAVAILABLE,UNAVAILABLE,,UNAVAILABLE,INSUFFICIENT,KBS_CURRENT_LISTING,INSUFFICIENT_DISCOVERY_EVIDENCE,listing evidence exclusion
3131,,SHJ12102,,,corpbond,INSUFFICIENT_DISCOVERY_EVIDENCE,EXCLUDED,UNAVAILABLE,UNAVAILABLE,,UNAVAILABLE,INSUFFICIENT,KBS_CURRENT_LISTING,INSUFFICIENT_DISCOVERY_EVIDENCE,listing evidence exclusion
3132,,VIBL12603,,,corpbond,INSUFFICIENT_DISCOVERY_EVIDENCE,EXCLUDED,UNAVAILABLE,UNAVAILABLE,,UNAVAILABLE,INSUFFICIENT,KBS_CURRENT_LISTING,INSUFFICIENT_DISCOVERY_EVIDENCE,listing evidence exclusion
3133,,MBB12233,,,corpbond,INSUFFICIENT_DISCOVERY_EVIDENCE,EXCLUDED,UNAVAILABLE,UNAVAILABLE,,UNAVAILABLE,INSUFFICIENT,KBS_CURRENT_LISTING,INSUFFICIENT_DISCOVERY_EVIDENCE,listing evidence exclusion
3134,,TPB12414,,,corpbond,INSUFFICIENT_DISCOVERY_EVIDENCE,EXCLUDED,UNAVAILABLE,UNAVAILABLE,,UNAVAILABLE,INSUFFICIENT,KBS_CURRENT_LISTING,INSUFFICIENT_DISCOVERY_EVIDENCE,listing evidence exclusion
3135,,BNC12101,,,corpbond,INSUFFICIENT_DISCOVERY_EVIDENCE,EXCLUDED,UNAVAILABLE,UNAVAILABLE,,UNAVAILABLE,INSUFFICIENT,KBS_CURRENT_LISTING,INSUFFICIENT_DISCOVERY_EVIDENCE,listing evidence exclusion
3136,,TPB12403,,,corpbond,INSUFFICIENT_DISCOVERY_EVIDENCE,EXCLUDED,UNAVAILABLE,UNAVAILABLE,,UNAVAILABLE,INSUFFICIENT,KBS_CURRENT_LISTING,INSUFFICIENT_DISCOVERY_EVIDENCE,listing evidence exclusion
3137,,SGR12501,,,corpbond,INSUFFICIENT_DISCOVERY_EVIDENCE,EXCLUDED,UNAVAILABLE,UNAVAILABLE,,UNAVAILABLE,INSUFFICIENT,KBS_CURRENT_LISTING,INSUFFICIENT_DISCOVERY_EVIDENCE,listing evidence exclusion
3138,,MBB12513,,,corpbond,INSUFFICIENT_DISCOVERY_EVIDENCE,EXCLUDED,UNAVAILABLE,UNAVAILABLE,,UNAVAILABLE,INSUFFICIENT,KBS_CURRENT_LISTING,INSUFFICIENT_DISCOVERY_EVIDENCE,listing evidence exclusion
3139,,BPG12101,,,corpbond,INSUFFICIENT_DISCOVERY_EVIDENCE,EXCLUDED,UNAVAILABLE,UNAVAILABLE,,UNAVAILABLE,INSUFFICIENT,KBS_CURRENT_LISTING,INSUFFICIENT_DISCOVERY_EVIDENCE,listing evidence exclusion
3140,,VIB12510,,,corpbond,INSUFFICIENT_DISCOVERY_EVIDENCE,EXCLUDED,UNAVAILABLE,UNAVAILABLE,,UNAVAILABLE,INSUFFICIENT,KBS_CURRENT_LISTING,INSUFFICIENT_DISCOVERY_EVIDENCE,listing evidence exclusion
3141,,TPB12519,,,corpbond,INSUFFICIENT_DISCOVERY_EVIDENCE,EXCLUDED,UNAVAILABLE,UNAVAILABLE,,UNAVAILABLE,INSUFFICIENT,KBS_CURRENT_LISTING,INSUFFICIENT_DISCOVERY_EVIDENCE,listing evidence exclusion
3142,,VIB12409,,,corpbond,INSUFFICIENT_DISCOVERY_EVIDENCE,EXCLUDED,UNAVAILABLE,UNAVAILABLE,,UNAVAILABLE,INSUFFICIENT,KBS_CURRENT_LISTING,INSUFFICIENT_DISCOVERY_EVIDENCE,listing evidence exclusion
3143,,NAB12306,,,corpbond,INSUFFICIENT_DISCOVERY_EVIDENCE,EXCLUDED,UNAVAILABLE,UNAVAILABLE,,UNAVAILABLE,INSUFFICIENT,KBS_CURRENT_LISTING,INSUFFICIENT_DISCOVERY_EVIDENCE,listing evidence exclusion
3144,,HDB12432,,,corpbond,INSUFFICIENT_DISCOVERY_EVIDENCE,EXCLUDED,UNAVAILABLE,UNAVAILABLE,,UNAVAILABLE,INSUFFICIENT,KBS_CURRENT_LISTING,INSUFFICIENT_DISCOVERY_EVIDENCE,listing evidence exclusion
3145,,NSB12101,,,corpbond,INSUFFICIENT_DISCOVERY_EVIDENCE,EXCLUDED,UNAVAILABLE,UNAVAILABLE,,UNAVAILABLE,INSUFFICIENT,KBS_CURRENT_LISTING,INSUFFICIENT_DISCOVERY_EVIDENCE,listing evidence exclusion
3146,,OCB12526,,,corpbond,INSUFFICIENT_DISCOVERY_EVIDENCE,EXCLUDED,UNAVAILABLE,UNAVAILABLE,,UNAVAILABLE,INSUFFICIENT,KBS_CURRENT_LISTING,INSUFFICIENT_DISCOVERY_EVIDENCE,listing evidence exclusion
3147,,VJC12504,,,corpbond,INSUFFICIENT_DISCOVERY_EVIDENCE,EXCLUDED,UNAVAILABLE,UNAVAILABLE,,UNAVAILABLE,INSUFFICIENT,KBS_CURRENT_LISTING,INSUFFICIENT_DISCOVERY_EVIDENCE,listing evidence exclusion
3148,,MBB12521,,,corpbond,INSUFFICIENT_DISCOVERY_EVIDENCE,EXCLUDED,UNAVAILABLE,UNAVAILABLE,,UNAVAILABLE,INSUFFICIENT,KBS_CURRENT_LISTING,INSUFFICIENT_DISCOVERY_EVIDENCE,listing evidence exclusion
3149,,HDB12403,,,corpbond,INSUFFICIENT_DISCOVERY_EVIDENCE,EXCLUDED,UNAVAILABLE,UNAVAILABLE,,UNAVAILABLE,INSUFFICIENT,KBS_CURRENT_LISTING,INSUFFICIENT_DISCOVERY_EVIDENCE,listing evidence exclusion
3150,,VHM12501,,,corpbond,INSUFFICIENT_DISCOVERY_EVIDENCE,EXCLUDED,UNAVAILABLE,UNAVAILABLE,,UNAVAILABLE,INSUFFICIENT,KBS_CURRENT_LISTING,INSUFFICIENT_DISCOVERY_EVIDENCE,listing evidence exclusion
3151,,MBB12116,,,corpbond,INSUFFICIENT_DISCOVERY_EVIDENCE,EXCLUDED,UNAVAILABLE,UNAVAILABLE,,UNAVAILABLE,INSUFFICIENT,KBS_CURRENT_LISTING,INSUFFICIENT_DISCOVERY_EVIDENCE,listing evidence exclusion
3152,,HUT32401,,,corpbond,INSUFFICIENT_DISCOVERY_EVIDENCE,EXCLUDED,UNAVAILABLE,UNAVAILABLE,,UNAVAILABLE,INSUFFICIENT,KBS_CURRENT_LISTING,INSUFFICIENT_DISCOVERY_EVIDENCE,listing evidence exclusion
3153,,NPM12304,,,corpbond,INSUFFICIENT_DISCOVERY_EVIDENCE,EXCLUDED,UNAVAILABLE,UNAVAILABLE,,UNAVAILABLE,INSUFFICIENT,KBS_CURRENT_LISTING,INSUFFICIENT_DISCOVERY_EVIDENCE,listing evidence exclusion
3154,,HDB12509,,,corpbond,INSUFFICIENT_DISCOVERY_EVIDENCE,EXCLUDED,UNAVAILABLE,UNAVAILABLE,,UNAVAILABLE,INSUFFICIENT,KBS_CURRENT_LISTING,INSUFFICIENT_DISCOVERY_EVIDENCE,listing evidence exclusion
3155,,HQM12301,,,corpbond,INSUFFICIENT_DISCOVERY_EVIDENCE,EXCLUDED,UNAVAILABLE,UNAVAILABLE,,UNAVAILABLE,INSUFFICIENT,KBS_CURRENT_LISTING,INSUFFICIENT_DISCOVERY_EVIDENCE,listing evidence exclusion
3156,,YTW12103,,,corpbond,INSUFFICIENT_DISCOVERY_EVIDENCE,EXCLUDED,UNAVAILABLE,UNAVAILABLE,,UNAVAILABLE,INSUFFICIENT,KBS_CURRENT_LISTING,INSUFFICIENT_DISCOVERY_EVIDENCE,listing evidence exclusion
3157,,KNCL12602,,,corpbond,INSUFFICIENT_DISCOVERY_EVIDENCE,EXCLUDED,UNAVAILABLE,UNAVAILABLE,,UNAVAILABLE,INSUFFICIENT,KBS_CURRENT_LISTING,INSUFFICIENT_DISCOVERY_EVIDENCE,listing evidence exclusion
3158,,CTG12215,,,corpbond,INSUFFICIENT_DISCOVERY_EVIDENCE,EXCLUDED,UNAVAILABLE,UNAVAILABLE,,UNAVAILABLE,INSUFFICIENT,KBS_CURRENT_LISTING,INSUFFICIENT_DISCOVERY_EVIDENCE,listing evidence exclusion
3159,,CTG12304,,,corpbond,INSUFFICIENT_DISCOVERY_EVIDENCE,EXCLUDED,UNAVAILABLE,UNAVAILABLE,,UNAVAILABLE,INSUFFICIENT,KBS_CURRENT_LISTING,INSUFFICIENT_DISCOVERY_EVIDENCE,listing evidence exclusion
3160,,TCB12505,,,corpbond,INSUFFICIENT_DISCOVERY_EVIDENCE,EXCLUDED,UNAVAILABLE,UNAVAILABLE,,UNAVAILABLE,INSUFFICIENT,KBS_CURRENT_LISTING,INSUFFICIENT_DISCOVERY_EVIDENCE,listing evidence exclusion
3161,,TOC12502,,,corpbond,INSUFFICIENT_DISCOVERY_EVIDENCE,EXCLUDED,UNAVAILABLE,UNAVAILABLE,,UNAVAILABLE,INSUFFICIENT,KBS_CURRENT_LISTING,INSUFFICIENT_DISCOVERY_EVIDENCE,listing evidence exclusion
3162,,VJC12407,,,corpbond,INSUFFICIENT_DISCOVERY_EVIDENCE,EXCLUDED,UNAVAILABLE,UNAVAILABLE,,UNAVAILABLE,INSUFFICIENT,KBS_CURRENT_LISTING,INSUFFICIENT_DISCOVERY_EVIDENCE,listing evidence exclusion
3163,,NLG12402,,,corpbond,INSUFFICIENT_DISCOVERY_EVIDENCE,EXCLUDED,UNAVAILABLE,UNAVAILABLE,,UNAVAILABLE,INSUFFICIENT,KBS_CURRENT_LISTING,INSUFFICIENT_DISCOVERY_EVIDENCE,listing evidence exclusion
3164,,IPA12404,,,corpbond,INSUFFICIENT_DISCOVERY_EVIDENCE,EXCLUDED,UNAVAILABLE,UNAVAILABLE,,UNAVAILABLE,INSUFFICIENT,KBS_CURRENT_LISTING,INSUFFICIENT_DISCOVERY_EVIDENCE,listing evidence exclusion
3165,,HDB12508,,,corpbond,INSUFFICIENT_DISCOVERY_EVIDENCE,EXCLUDED,UNAVAILABLE,UNAVAILABLE,,UNAVAILABLE,INSUFFICIENT,KBS_CURRENT_LISTING,INSUFFICIENT_DISCOVERY_EVIDENCE,listing evidence exclusion
3166,,CII12401,,,corpbond,INSUFFICIENT_DISCOVERY_EVIDENCE,EXCLUDED,UNAVAILABLE,UNAVAILABLE,,UNAVAILABLE,INSUFFICIENT,KBS_CURRENT_LISTING,INSUFFICIENT_DISCOVERY_EVIDENCE,listing evidence exclusion
3167,,VDS12601,,,corpbond,INSUFFICIENT_DISCOVERY_EVIDENCE,EXCLUDED,UNAVAILABLE,UNAVAILABLE,,UNAVAILABLE,INSUFFICIENT,KBS_CURRENT_LISTING,INSUFFICIENT_DISCOVERY_EVIDENCE,listing evidence exclusion
3168,,NPM12305,,,corpbond,INSUFFICIENT_DISCOVERY_EVIDENCE,EXCLUDED,UNAVAILABLE,UNAVAILABLE,,UNAVAILABLE,INSUFFICIENT,KBS_CURRENT_LISTING,INSUFFICIENT_DISCOVERY_EVIDENCE,listing evidence exclusion
3169,,VHA32102,,,corpbond,INSUFFICIENT_DISCOVERY_EVIDENCE,EXCLUDED,UNAVAILABLE,UNAVAILABLE,,UNAVAILABLE,INSUFFICIENT,KBS_CURRENT_LISTING,INSUFFICIENT_DISCOVERY_EVIDENCE,listing evidence exclusion
3170,,CTG12212,,,corpbond,INSUFFICIENT_DISCOVERY_EVIDENCE,EXCLUDED,UNAVAILABLE,UNAVAILABLE,,UNAVAILABLE,INSUFFICIENT,KBS_CURRENT_LISTING,INSUFFICIENT_DISCOVERY_EVIDENCE,listing evidence exclusion
3171,,VAB12402,,,corpbond,INSUFFICIENT_DISCOVERY_EVIDENCE,EXCLUDED,UNAVAILABLE,UNAVAILABLE,,UNAVAILABLE,INSUFFICIENT,KBS_CURRENT_LISTING,INSUFFICIENT_DISCOVERY_EVIDENCE,listing evidence exclusion
3172,,CTG12108,,,corpbond,INSUFFICIENT_DISCOVERY_EVIDENCE,EXCLUDED,UNAVAILABLE,UNAVAILABLE,,UNAVAILABLE,INSUFFICIENT,KBS_CURRENT_LISTING,INSUFFICIENT_DISCOVERY_EVIDENCE,listing evidence exclusion
3173,,HDB12223,,,corpbond,INSUFFICIENT_DISCOVERY_EVIDENCE,EXCLUDED,UNAVAILABLE,UNAVAILABLE,,UNAVAILABLE,INSUFFICIENT,KBS_CURRENT_LISTING,INSUFFICIENT_DISCOVERY_EVIDENCE,listing evidence exclusion
3174,,BID12410,,,corpbond,INSUFFICIENT_DISCOVERY_EVIDENCE,EXCLUDED,UNAVAILABLE,UNAVAILABLE,,UNAVAILABLE,INSUFFICIENT,KBS_CURRENT_LISTING,INSUFFICIENT_DISCOVERY_EVIDENCE,listing evidence exclusion
3175,,BID12608,,,corpbond,INSUFFICIENT_DISCOVERY_EVIDENCE,EXCLUDED,UNAVAILABLE,UNAVAILABLE,,UNAVAILABLE,INSUFFICIENT,KBS_CURRENT_LISTING,INSUFFICIENT_DISCOVERY_EVIDENCE,listing evidence exclusion
3176,,HDB12417,,,corpbond,INSUFFICIENT_DISCOVERY_EVIDENCE,EXCLUDED,UNAVAILABLE,UNAVAILABLE,,UNAVAILABLE,INSUFFICIENT,KBS_CURRENT_LISTING,INSUFFICIENT_DISCOVERY_EVIDENCE,listing evidence exclusion
3177,,ATL12501,,,corpbond,INSUFFICIENT_DISCOVERY_EVIDENCE,EXCLUDED,UNAVAILABLE,UNAVAILABLE,,UNAVAILABLE,INSUFFICIENT,KBS_CURRENT_LISTING,INSUFFICIENT_DISCOVERY_EVIDENCE,listing evidence exclusion
3178,,OCB12528,,,corpbond,INSUFFICIENT_DISCOVERY_EVIDENCE,EXCLUDED,UNAVAILABLE,UNAVAILABLE,,UNAVAILABLE,INSUFFICIENT,KBS_CURRENT_LISTING,INSUFFICIENT_DISCOVERY_EVIDENCE,listing evidence exclusion
3179,,VHA32101,,,corpbond,INSUFFICIENT_DISCOVERY_EVIDENCE,EXCLUDED,UNAVAILABLE,UNAVAILABLE,,UNAVAILABLE,INSUFFICIENT,KBS_CURRENT_LISTING,INSUFFICIENT_DISCOVERY_EVIDENCE,listing evidence exclusion
3180,,MBB12234,,,corpbond,INSUFFICIENT_DISCOVERY_EVIDENCE,EXCLUDED,UNAVAILABLE,UNAVAILABLE,,UNAVAILABLE,INSUFFICIENT,KBS_CURRENT_LISTING,INSUFFICIENT_DISCOVERY_EVIDENCE,listing evidence exclusion
3181,,TCB12521,,,corpbond,INSUFFICIENT_DISCOVERY_EVIDENCE,EXCLUDED,UNAVAILABLE,UNAVAILABLE,,UNAVAILABLE,INSUFFICIENT,KBS_CURRENT_LISTING,INSUFFICIENT_DISCOVERY_EVIDENCE,listing evidence exclusion
3182,,VPB12513,,,corpbond,INSUFFICIENT_DISCOVERY_EVIDENCE,EXCLUDED,UNAVAILABLE,UNAVAILABLE,,UNAVAILABLE,INSUFFICIENT,KBS_CURRENT_LISTING,INSUFFICIENT_DISCOVERY_EVIDENCE,listing evidence exclusion
3183,,VIB12504,,,corpbond,INSUFFICIENT_DISCOVERY_EVIDENCE,EXCLUDED,UNAVAILABLE,UNAVAILABLE,,UNAVAILABLE,INSUFFICIENT,KBS_CURRENT_LISTING,INSUFFICIENT_DISCOVERY_EVIDENCE,listing evidence exclusion
3184,,CTG12335,,,corpbond,INSUFFICIENT_DISCOVERY_EVIDENCE,EXCLUDED,UNAVAILABLE,UNAVAILABLE,,UNAVAILABLE,INSUFFICIENT,KBS_CURRENT_LISTING,INSUFFICIENT_DISCOVERY_EVIDENCE,listing evidence exclusion
3185,,CII12403,,,corpbond,INSUFFICIENT_DISCOVERY_EVIDENCE,EXCLUDED,UNAVAILABLE,UNAVAILABLE,,UNAVAILABLE,INSUFFICIENT,KBS_CURRENT_LISTING,INSUFFICIENT_DISCOVERY_EVIDENCE,listing evidence exclusion
3186,,BID12365,,,corpbond,INSUFFICIENT_DISCOVERY_EVIDENCE,EXCLUDED,UNAVAILABLE,UNAVAILABLE,,UNAVAILABLE,INSUFFICIENT,KBS_CURRENT_LISTING,INSUFFICIENT_DISCOVERY_EVIDENCE,listing evidence exclusion
3187,,BID12560,,,corpbond,INSUFFICIENT_DISCOVERY_EVIDENCE,EXCLUDED,UNAVAILABLE,UNAVAILABLE,,UNAVAILABLE,INSUFFICIENT,KBS_CURRENT_LISTING,INSUFFICIENT_DISCOVERY_EVIDENCE,listing evidence exclusion
3188,,BID12429,,,corpbond,INSUFFICIENT_DISCOVERY_EVIDENCE,EXCLUDED,UNAVAILABLE,UNAVAILABLE,,UNAVAILABLE,INSUFFICIENT,KBS_CURRENT_LISTING,INSUFFICIENT_DISCOVERY_EVIDENCE,listing evidence exclusion
3189,,HCV12508,,,corpbond,INSUFFICIENT_DISCOVERY_EVIDENCE,EXCLUDED,UNAVAILABLE,UNAVAILABLE,,UNAVAILABLE,INSUFFICIENT,KBS_CURRENT_LISTING,INSUFFICIENT_DISCOVERY_EVIDENCE,listing evidence exclusion
3190,,TPB12535,,,corpbond,INSUFFICIENT_DISCOVERY_EVIDENCE,EXCLUDED,UNAVAILABLE,UNAVAILABLE,,UNAVAILABLE,INSUFFICIENT,KBS_CURRENT_LISTING,INSUFFICIENT_DISCOVERY_EVIDENCE,listing evidence exclusion
3191,,VIB12506,,,corpbond,INSUFFICIENT_DISCOVERY_EVIDENCE,EXCLUDED,UNAVAILABLE,UNAVAILABLE,,UNAVAILABLE,INSUFFICIENT,KBS_CURRENT_LISTING,INSUFFICIENT_DISCOVERY_EVIDENCE,listing evidence exclusion
3192,,HDB12601,,,corpbond,INSUFFICIENT_DISCOVERY_EVIDENCE,EXCLUDED,UNAVAILABLE,UNAVAILABLE,,UNAVAILABLE,INSUFFICIENT,KBS_CURRENT_LISTING,INSUFFICIENT_DISCOVERY_EVIDENCE,listing evidence exclusion
3193,,WCL12101,,,corpbond,INSUFFICIENT_DISCOVERY_EVIDENCE,EXCLUDED,UNAVAILABLE,UNAVAILABLE,,UNAVAILABLE,INSUFFICIENT,KBS_CURRENT_LISTING,INSUFFICIENT_DISCOVERY_EVIDENCE,listing evidence exclusion
3194,,CTG12216,,,corpbond,INSUFFICIENT_DISCOVERY_EVIDENCE,EXCLUDED,UNAVAILABLE,UNAVAILABLE,,UNAVAILABLE,INSUFFICIENT,KBS_CURRENT_LISTING,INSUFFICIENT_DISCOVERY_EVIDENCE,listing evidence exclusion
3195,,PKA12404,,,corpbond,INSUFFICIENT_DISCOVERY_EVIDENCE,EXCLUDED,UNAVAILABLE,UNAVAILABLE,,UNAVAILABLE,INSUFFICIENT,KBS_CURRENT_LISTING,INSUFFICIENT_DISCOVERY_EVIDENCE,listing evidence exclusion
3196,,KNCL12601,,,corpbond,INSUFFICIENT_DISCOVERY_EVIDENCE,EXCLUDED,UNAVAILABLE,UNAVAILABLE,,UNAVAILABLE,INSUFFICIENT,KBS_CURRENT_LISTING,INSUFFICIENT_DISCOVERY_EVIDENCE,listing evidence exclusion
3197,,VIB12322,,,corpbond,INSUFFICIENT_DISCOVERY_EVIDENCE,EXCLUDED,UNAVAILABLE,UNAVAILABLE,,UNAVAILABLE,INSUFFICIENT,KBS_CURRENT_LISTING,INSUFFICIENT_DISCOVERY_EVIDENCE,listing evidence exclusion
3198,,TDK12102,,,corpbond,INSUFFICIENT_DISCOVERY_EVIDENCE,EXCLUDED,UNAVAILABLE,UNAVAILABLE,,UNAVAILABLE,INSUFFICIENT,KBS_CURRENT_LISTING,INSUFFICIENT_DISCOVERY_EVIDENCE,listing evidence exclusion
3199,,OCB12502,,,corpbond,INSUFFICIENT_DISCOVERY_EVIDENCE,EXCLUDED,UNAVAILABLE,UNAVAILABLE,,UNAVAILABLE,INSUFFICIENT,KBS_CURRENT_LISTING,INSUFFICIENT_DISCOVERY_EVIDENCE,listing evidence exclusion
3200,,CTG12130,,,corpbond,INSUFFICIENT_DISCOVERY_EVIDENCE,EXCLUDED,UNAVAILABLE,UNAVAILABLE,,UNAVAILABLE,INSUFFICIENT,KBS_CURRENT_LISTING,INSUFFICIENT_DISCOVERY_EVIDENCE,listing evidence exclusion
3201,,SBP12203,,,corpbond,INSUFFICIENT_DISCOVERY_EVIDENCE,EXCLUDED,UNAVAILABLE,UNAVAILABLE,,UNAVAILABLE,INSUFFICIENT,KBS_CURRENT_LISTING,INSUFFICIENT_DISCOVERY_EVIDENCE,listing evidence exclusion
3202,,BID12375,,,corpbond,INSUFFICIENT_DISCOVERY_EVIDENCE,EXCLUDED,UNAVAILABLE,UNAVAILABLE,,UNAVAILABLE,INSUFFICIENT,KBS_CURRENT_LISTING,INSUFFICIENT_DISCOVERY_EVIDENCE,listing evidence exclusion
3203,,NLG12501,,,corpbond,INSUFFICIENT_DISCOVERY_EVIDENCE,EXCLUDED,UNAVAILABLE,UNAVAILABLE,,UNAVAILABLE,INSUFFICIENT,KBS_CURRENT_LISTING,INSUFFICIENT_DISCOVERY_EVIDENCE,listing evidence exclusion
3204,,DPW12304,,,corpbond,INSUFFICIENT_DISCOVERY_EVIDENCE,EXCLUDED,UNAVAILABLE,UNAVAILABLE,,UNAVAILABLE,INSUFFICIENT,KBS_CURRENT_LISTING,INSUFFICIENT_DISCOVERY_EVIDENCE,listing evidence exclusion
3205,,HDQ12402,,,corpbond,INSUFFICIENT_DISCOVERY_EVIDENCE,EXCLUDED,UNAVAILABLE,UNAVAILABLE,,UNAVAILABLE,INSUFFICIENT,KBS_CURRENT_LISTING,INSUFFICIENT_DISCOVERY_EVIDENCE,listing evidence exclusion
3206,,TMI12303,,,corpbond,INSUFFICIENT_DISCOVERY_EVIDENCE,EXCLUDED,UNAVAILABLE,UNAVAILABLE,,UNAVAILABLE,INSUFFICIENT,KBS_CURRENT_LISTING,INSUFFICIENT_DISCOVERY_EVIDENCE,listing evidence exclusion
3207,,NPM12303,,,corpbond,INSUFFICIENT_DISCOVERY_EVIDENCE,EXCLUDED,UNAVAILABLE,UNAVAILABLE,,UNAVAILABLE,INSUFFICIENT,KBS_CURRENT_LISTING,INSUFFICIENT_DISCOVERY_EVIDENCE,listing evidence exclusion
3208,,BID12561,,,corpbond,INSUFFICIENT_DISCOVERY_EVIDENCE,EXCLUDED,UNAVAILABLE,UNAVAILABLE,,UNAVAILABLE,INSUFFICIENT,KBS_CURRENT_LISTING,INSUFFICIENT_DISCOVERY_EVIDENCE,listing evidence exclusion
3209,,BID12326,,,corpbond,INSUFFICIENT_DISCOVERY_EVIDENCE,EXCLUDED,UNAVAILABLE,UNAVAILABLE,,UNAVAILABLE,INSUFFICIENT,KBS_CURRENT_LISTING,INSUFFICIENT_DISCOVERY_EVIDENCE,listing evidence exclusion
3210,,TDG12401,,,corpbond,INSUFFICIENT_DISCOVERY_EVIDENCE,EXCLUDED,UNAVAILABLE,UNAVAILABLE,,UNAVAILABLE,INSUFFICIENT,KBS_CURRENT_LISTING,INSUFFICIENT_DISCOVERY_EVIDENCE,listing evidence exclusion
3211,,NAB12603,,,corpbond,INSUFFICIENT_DISCOVERY_EVIDENCE,EXCLUDED,UNAVAILABLE,UNAVAILABLE,,UNAVAILABLE,INSUFFICIENT,KBS_CURRENT_LISTING,INSUFFICIENT_DISCOVERY_EVIDENCE,listing evidence exclusion
3212,,MBB12511,,,corpbond,INSUFFICIENT_DISCOVERY_EVIDENCE,EXCLUDED,UNAVAILABLE,UNAVAILABLE,,UNAVAILABLE,INSUFFICIENT,KBS_CURRENT_LISTING,INSUFFICIENT_DISCOVERY_EVIDENCE,listing evidence exclusion
3213,,BID12363,,,corpbond,INSUFFICIENT_DISCOVERY_EVIDENCE,EXCLUDED,UNAVAILABLE,UNAVAILABLE,,UNAVAILABLE,INSUFFICIENT,KBS_CURRENT_LISTING,INSUFFICIENT_DISCOVERY_EVIDENCE,listing evidence exclusion
3214,,TMI12304,,,corpbond,INSUFFICIENT_DISCOVERY_EVIDENCE,EXCLUDED,UNAVAILABLE,UNAVAILABLE,,UNAVAILABLE,INSUFFICIENT,KBS_CURRENT_LISTING,INSUFFICIENT_DISCOVERY_EVIDENCE,listing evidence exclusion
3215,,ABB12511,,,corpbond,INSUFFICIENT_DISCOVERY_EVIDENCE,EXCLUDED,UNAVAILABLE,UNAVAILABLE,,UNAVAILABLE,INSUFFICIENT,KBS_CURRENT_LISTING,INSUFFICIENT_DISCOVERY_EVIDENCE,listing evidence exclusion
3216,,VCB12209,,,corpbond,INSUFFICIENT_DISCOVERY_EVIDENCE,EXCLUDED,UNAVAILABLE,UNAVAILABLE,,UNAVAILABLE,INSUFFICIENT,KBS_CURRENT_LISTING,INSUFFICIENT_DISCOVERY_EVIDENCE,listing evidence exclusion
3217,,VIC12502,,,corpbond,INSUFFICIENT_DISCOVERY_EVIDENCE,EXCLUDED,UNAVAILABLE,UNAVAILABLE,,UNAVAILABLE,INSUFFICIENT,KBS_CURRENT_LISTING,INSUFFICIENT_DISCOVERY_EVIDENCE,listing evidence exclusion
3218,,CTG12213,,,corpbond,INSUFFICIENT_DISCOVERY_EVIDENCE,EXCLUDED,UNAVAILABLE,UNAVAILABLE,,UNAVAILABLE,INSUFFICIENT,KBS_CURRENT_LISTING,INSUFFICIENT_DISCOVERY_EVIDENCE,listing evidence exclusion
3219,,HCV12604,,,corpbond,INSUFFICIENT_DISCOVERY_EVIDENCE,EXCLUDED,UNAVAILABLE,UNAVAILABLE,,UNAVAILABLE,INSUFFICIENT,KBS_CURRENT_LISTING,INSUFFICIENT_DISCOVERY_EVIDENCE,listing evidence exclusion
3220,,LPB12608,,,corpbond,INSUFFICIENT_DISCOVERY_EVIDENCE,EXCLUDED,UNAVAILABLE,UNAVAILABLE,,UNAVAILABLE,INSUFFICIENT,KBS_CURRENT_LISTING,INSUFFICIENT_DISCOVERY_EVIDENCE,listing evidence exclusion
3221,,ACB12519,,,corpbond,INSUFFICIENT_DISCOVERY_EVIDENCE,EXCLUDED,UNAVAILABLE,UNAVAILABLE,,UNAVAILABLE,INSUFFICIENT,KBS_CURRENT_LISTING,INSUFFICIENT_DISCOVERY_EVIDENCE,listing evidence exclusion
3222,,RHG12101,,,corpbond,INSUFFICIENT_DISCOVERY_EVIDENCE,EXCLUDED,UNAVAILABLE,UNAVAILABLE,,UNAVAILABLE,INSUFFICIENT,KBS_CURRENT_LISTING,INSUFFICIENT_DISCOVERY_EVIDENCE,listing evidence exclusion
3223,,VHM12605,,,corpbond,INSUFFICIENT_DISCOVERY_EVIDENCE,EXCLUDED,UNAVAILABLE,UNAVAILABLE,,UNAVAILABLE,INSUFFICIENT,KBS_CURRENT_LISTING,INSUFFICIENT_DISCOVERY_EVIDENCE,listing evidence exclusion
3224,,VDS12603,,,corpbond,INSUFFICIENT_DISCOVERY_EVIDENCE,EXCLUDED,UNAVAILABLE,UNAVAILABLE,,UNAVAILABLE,INSUFFICIENT,KBS_CURRENT_LISTING,INSUFFICIENT_DISCOVERY_EVIDENCE,listing evidence exclusion
3225,,OCB12519,,,corpbond,INSUFFICIENT_DISCOVERY_EVIDENCE,EXCLUDED,UNAVAILABLE,UNAVAILABLE,,UNAVAILABLE,INSUFFICIENT,KBS_CURRENT_LISTING,INSUFFICIENT_DISCOVERY_EVIDENCE,listing evidence exclusion
3226,,HTX12301,,,corpbond,INSUFFICIENT_DISCOVERY_EVIDENCE,EXCLUDED,UNAVAILABLE,UNAVAILABLE,,UNAVAILABLE,INSUFFICIENT,KBS_CURRENT_LISTING,INSUFFICIENT_DISCOVERY_EVIDENCE,listing evidence exclusion
3227,,HCV12504,,,corpbond,INSUFFICIENT_DISCOVERY_EVIDENCE,EXCLUDED,UNAVAILABLE,UNAVAILABLE,,UNAVAILABLE,INSUFFICIENT,KBS_CURRENT_LISTING,INSUFFICIENT_DISCOVERY_EVIDENCE,listing evidence exclusion
3228,,HDL12106,,,corpbond,INSUFFICIENT_DISCOVERY_EVIDENCE,EXCLUDED,UNAVAILABLE,UNAVAILABLE,,UNAVAILABLE,INSUFFICIENT,KBS_CURRENT_LISTING,INSUFFICIENT_DISCOVERY_EVIDENCE,listing evidence exclusion
3229,,BAB12103,,,corpbond,INSUFFICIENT_DISCOVERY_EVIDENCE,EXCLUDED,UNAVAILABLE,UNAVAILABLE,,UNAVAILABLE,INSUFFICIENT,KBS_CURRENT_LISTING,INSUFFICIENT_DISCOVERY_EVIDENCE,listing evidence exclusion
3230,,SHL12503,,,corpbond,INSUFFICIENT_DISCOVERY_EVIDENCE,EXCLUDED,UNAVAILABLE,UNAVAILABLE,,UNAVAILABLE,INSUFFICIENT,KBS_CURRENT_LISTING,INSUFFICIENT_DISCOVERY_EVIDENCE,listing evidence exclusion
3231,,BID12558,,,corpbond,INSUFFICIENT_DISCOVERY_EVIDENCE,EXCLUDED,UNAVAILABLE,UNAVAILABLE,,UNAVAILABLE,INSUFFICIENT,KBS_CURRENT_LISTING,INSUFFICIENT_DISCOVERY_EVIDENCE,listing evidence exclusion
3232,,BID12308,,,corpbond,INSUFFICIENT_DISCOVERY_EVIDENCE,EXCLUDED,UNAVAILABLE,UNAVAILABLE,,UNAVAILABLE,INSUFFICIENT,KBS_CURRENT_LISTING,INSUFFICIENT_DISCOVERY_EVIDENCE,listing evidence exclusion
3233,,STB12608,,,corpbond,INSUFFICIENT_DISCOVERY_EVIDENCE,EXCLUDED,UNAVAILABLE,UNAVAILABLE,,UNAVAILABLE,INSUFFICIENT,KBS_CURRENT_LISTING,INSUFFICIENT_DISCOVERY_EVIDENCE,listing evidence exclusion
3234,,CGG12101,,,corpbond,INSUFFICIENT_DISCOVERY_EVIDENCE,EXCLUDED,UNAVAILABLE,UNAVAILABLE,,UNAVAILABLE,INSUFFICIENT,KBS_CURRENT_LISTING,INSUFFICIENT_DISCOVERY_EVIDENCE,listing evidence exclusion
3235,,EVF12504,,,corpbond,INSUFFICIENT_DISCOVERY_EVIDENCE,EXCLUDED,UNAVAILABLE,UNAVAILABLE,,UNAVAILABLE,INSUFFICIENT,KBS_CURRENT_LISTING,INSUFFICIENT_DISCOVERY_EVIDENCE,listing evidence exclusion
3236,,MBB12522,,,corpbond,INSUFFICIENT_DISCOVERY_EVIDENCE,EXCLUDED,UNAVAILABLE,UNAVAILABLE,,UNAVAILABLE,INSUFFICIENT,KBS_CURRENT_LISTING,INSUFFICIENT_DISCOVERY_EVIDENCE,listing evidence exclusion
3237,,MBB12526,,,corpbond,INSUFFICIENT_DISCOVERY_EVIDENCE,EXCLUDED,UNAVAILABLE,UNAVAILABLE,,UNAVAILABLE,INSUFFICIENT,KBS_CURRENT_LISTING,INSUFFICIENT_DISCOVERY_EVIDENCE,listing evidence exclusion
3238,,VDI12101,,,corpbond,INSUFFICIENT_DISCOVERY_EVIDENCE,EXCLUDED,UNAVAILABLE,UNAVAILABLE,,UNAVAILABLE,INSUFFICIENT,KBS_CURRENT_LISTING,INSUFFICIENT_DISCOVERY_EVIDENCE,listing evidence exclusion
3239,,BID12540,,,corpbond,INSUFFICIENT_DISCOVERY_EVIDENCE,EXCLUDED,UNAVAILABLE,UNAVAILABLE,,UNAVAILABLE,INSUFFICIENT,KBS_CURRENT_LISTING,INSUFFICIENT_DISCOVERY_EVIDENCE,listing evidence exclusion
3240,,MSG32505,,,corpbond,INSUFFICIENT_DISCOVERY_EVIDENCE,EXCLUDED,UNAVAILABLE,UNAVAILABLE,,UNAVAILABLE,INSUFFICIENT,KBS_CURRENT_LISTING,INSUFFICIENT_DISCOVERY_EVIDENCE,listing evidence exclusion
3241,,VCB12107,,,corpbond,INSUFFICIENT_DISCOVERY_EVIDENCE,EXCLUDED,UNAVAILABLE,UNAVAILABLE,,UNAVAILABLE,INSUFFICIENT,KBS_CURRENT_LISTING,INSUFFICIENT_DISCOVERY_EVIDENCE,listing evidence exclusion
3242,,MBB12409,,,corpbond,INSUFFICIENT_DISCOVERY_EVIDENCE,EXCLUDED,UNAVAILABLE,UNAVAILABLE,,UNAVAILABLE,INSUFFICIENT,KBS_CURRENT_LISTING,INSUFFICIENT_DISCOVERY_EVIDENCE,listing evidence exclusion
3243,,VPB12512,,,corpbond,INSUFFICIENT_DISCOVERY_EVIDENCE,EXCLUDED,UNAVAILABLE,UNAVAILABLE,,UNAVAILABLE,INSUFFICIENT,KBS_CURRENT_LISTING,INSUFFICIENT_DISCOVERY_EVIDENCE,listing evidence exclusion
3244,,DIG12301,,,corpbond,INSUFFICIENT_DISCOVERY_EVIDENCE,EXCLUDED,UNAVAILABLE,UNAVAILABLE,,UNAVAILABLE,INSUFFICIENT,KBS_CURRENT_LISTING,INSUFFICIENT_DISCOVERY_EVIDENCE,listing evidence exclusion
3245,,CSP12501,,,corpbond,INSUFFICIENT_DISCOVERY_EVIDENCE,EXCLUDED,UNAVAILABLE,UNAVAILABLE,,UNAVAILABLE,INSUFFICIENT,KBS_CURRENT_LISTING,INSUFFICIENT_DISCOVERY_EVIDENCE,listing evidence exclusion
3246,,BNC12502,,,corpbond,INSUFFICIENT_DISCOVERY_EVIDENCE,EXCLUDED,UNAVAILABLE,UNAVAILABLE,,UNAVAILABLE,INSUFFICIENT,KBS_CURRENT_LISTING,INSUFFICIENT_DISCOVERY_EVIDENCE,listing evidence exclusion
3247,,MBB12106,,,corpbond,INSUFFICIENT_DISCOVERY_EVIDENCE,EXCLUDED,UNAVAILABLE,UNAVAILABLE,,UNAVAILABLE,INSUFFICIENT,KBS_CURRENT_LISTING,INSUFFICIENT_DISCOVERY_EVIDENCE,listing evidence exclusion
3248,,MBB12607,,,corpbond,INSUFFICIENT_DISCOVERY_EVIDENCE,EXCLUDED,UNAVAILABLE,UNAVAILABLE,,UNAVAILABLE,INSUFFICIENT,KBS_CURRENT_LISTING,INSUFFICIENT_DISCOVERY_EVIDENCE,listing evidence exclusion
3249,,BID12522,,,corpbond,INSUFFICIENT_DISCOVERY_EVIDENCE,EXCLUDED,UNAVAILABLE,UNAVAILABLE,,UNAVAILABLE,INSUFFICIENT,KBS_CURRENT_LISTING,INSUFFICIENT_DISCOVERY_EVIDENCE,listing evidence exclusion
3250,,LPB12409,,,corpbond,INSUFFICIENT_DISCOVERY_EVIDENCE,EXCLUDED,UNAVAILABLE,UNAVAILABLE,,UNAVAILABLE,INSUFFICIENT,KBS_CURRENT_LISTING,INSUFFICIENT_DISCOVERY_EVIDENCE,listing evidence exclusion
3251,,TPB12409,,,corpbond,INSUFFICIENT_DISCOVERY_EVIDENCE,EXCLUDED,UNAVAILABLE,UNAVAILABLE,,UNAVAILABLE,INSUFFICIENT,KBS_CURRENT_LISTING,INSUFFICIENT_DISCOVERY_EVIDENCE,listing evidence exclusion
3252,,MZN12501,,,corpbond,INSUFFICIENT_DISCOVERY_EVIDENCE,EXCLUDED,UNAVAILABLE,UNAVAILABLE,,UNAVAILABLE,INSUFFICIENT,KBS_CURRENT_LISTING,INSUFFICIENT_DISCOVERY_EVIDENCE,listing evidence exclusion
3253,,VEB12601,,,corpbond,INSUFFICIENT_DISCOVERY_EVIDENCE,EXCLUDED,UNAVAILABLE,UNAVAILABLE,,UNAVAILABLE,INSUFFICIENT,KBS_CURRENT_LISTING,INSUFFICIENT_DISCOVERY_EVIDENCE,listing evidence exclusion
3254,,OCB12511,,,corpbond,INSUFFICIENT_DISCOVERY_EVIDENCE,EXCLUDED,UNAVAILABLE,UNAVAILABLE,,UNAVAILABLE,INSUFFICIENT,KBS_CURRENT_LISTING,INSUFFICIENT_DISCOVERY_EVIDENCE,listing evidence exclusion
3255,,VJC12321,,,corpbond,INSUFFICIENT_DISCOVERY_EVIDENCE,EXCLUDED,UNAVAILABLE,UNAVAILABLE,,UNAVAILABLE,INSUFFICIENT,KBS_CURRENT_LISTING,INSUFFICIENT_DISCOVERY_EVIDENCE,listing evidence exclusion
3256,,VHM12612,,,corpbond,INSUFFICIENT_DISCOVERY_EVIDENCE,EXCLUDED,UNAVAILABLE,UNAVAILABLE,,UNAVAILABLE,INSUFFICIENT,KBS_CURRENT_LISTING,INSUFFICIENT_DISCOVERY_EVIDENCE,listing evidence exclusion
3257,,MBB12425,,,corpbond,INSUFFICIENT_DISCOVERY_EVIDENCE,EXCLUDED,UNAVAILABLE,UNAVAILABLE,,UNAVAILABLE,INSUFFICIENT,KBS_CURRENT_LISTING,INSUFFICIENT_DISCOVERY_EVIDENCE,listing evidence exclusion
3258,,VBA12101,,,corpbond,INSUFFICIENT_DISCOVERY_EVIDENCE,EXCLUDED,UNAVAILABLE,UNAVAILABLE,,UNAVAILABLE,INSUFFICIENT,KBS_CURRENT_LISTING,INSUFFICIENT_DISCOVERY_EVIDENCE,listing evidence exclusion
3259,,VPB12603,,,corpbond,INSUFFICIENT_DISCOVERY_EVIDENCE,EXCLUDED,UNAVAILABLE,UNAVAILABLE,,UNAVAILABLE,INSUFFICIENT,KBS_CURRENT_LISTING,INSUFFICIENT_DISCOVERY_EVIDENCE,listing evidence exclusion
3260,,TPB12517,,,corpbond,INSUFFICIENT_DISCOVERY_EVIDENCE,EXCLUDED,UNAVAILABLE,UNAVAILABLE,,UNAVAILABLE,INSUFFICIENT,KBS_CURRENT_LISTING,INSUFFICIENT_DISCOVERY_EVIDENCE,listing evidence exclusion
3261,,VEV12601,,,corpbond,INSUFFICIENT_DISCOVERY_EVIDENCE,EXCLUDED,UNAVAILABLE,UNAVAILABLE,,UNAVAILABLE,INSUFFICIENT,KBS_CURRENT_LISTING,INSUFFICIENT_DISCOVERY_EVIDENCE,listing evidence exclusion
3262,,BID12303,,,corpbond,INSUFFICIENT_DISCOVERY_EVIDENCE,EXCLUDED,UNAVAILABLE,UNAVAILABLE,,UNAVAILABLE,INSUFFICIENT,KBS_CURRENT_LISTING,INSUFFICIENT_DISCOVERY_EVIDENCE,listing evidence exclusion
3263,,BIDL12618,,,corpbond,INSUFFICIENT_DISCOVERY_EVIDENCE,EXCLUDED,UNAVAILABLE,UNAVAILABLE,,UNAVAILABLE,INSUFFICIENT,KBS_CURRENT_LISTING,INSUFFICIENT_DISCOVERY_EVIDENCE,listing evidence exclusion
3264,,TPQ12101,,,corpbond,INSUFFICIENT_DISCOVERY_EVIDENCE,EXCLUDED,UNAVAILABLE,UNAVAILABLE,,UNAVAILABLE,INSUFFICIENT,KBS_CURRENT_LISTING,INSUFFICIENT_DISCOVERY_EVIDENCE,listing evidence exclusion
3265,,NTJ32502,,,corpbond,INSUFFICIENT_DISCOVERY_EVIDENCE,EXCLUDED,UNAVAILABLE,UNAVAILABLE,,UNAVAILABLE,INSUFFICIENT,KBS_CURRENT_LISTING,INSUFFICIENT_DISCOVERY_EVIDENCE,listing evidence exclusion
3266,,KNV12101,,,corpbond,INSUFFICIENT_DISCOVERY_EVIDENCE,EXCLUDED,UNAVAILABLE,UNAVAILABLE,,UNAVAILABLE,INSUFFICIENT,KBS_CURRENT_LISTING,INSUFFICIENT_DISCOVERY_EVIDENCE,listing evidence exclusion
3267,,BID12536,,,corpbond,INSUFFICIENT_DISCOVERY_EVIDENCE,EXCLUDED,UNAVAILABLE,UNAVAILABLE,,UNAVAILABLE,INSUFFICIENT,KBS_CURRENT_LISTING,INSUFFICIENT_DISCOVERY_EVIDENCE,listing evidence exclusion
3268,,HNV32202,,,corpbond,INSUFFICIENT_DISCOVERY_EVIDENCE,EXCLUDED,UNAVAILABLE,UNAVAILABLE,,UNAVAILABLE,INSUFFICIENT,KBS_CURRENT_LISTING,INSUFFICIENT_DISCOVERY_EVIDENCE,listing evidence exclusion
3269,,HDB12224,,,corpbond,INSUFFICIENT_DISCOVERY_EVIDENCE,EXCLUDED,UNAVAILABLE,UNAVAILABLE,,UNAVAILABLE,INSUFFICIENT,KBS_CURRENT_LISTING,INSUFFICIENT_DISCOVERY_EVIDENCE,listing evidence exclusion
3270,,ACB12416,,,corpbond,INSUFFICIENT_DISCOVERY_EVIDENCE,EXCLUDED,UNAVAILABLE,UNAVAILABLE,,UNAVAILABLE,INSUFFICIENT,KBS_CURRENT_LISTING,INSUFFICIENT_DISCOVERY_EVIDENCE,listing evidence exclusion
3271,,VAB12301,,,corpbond,INSUFFICIENT_DISCOVERY_EVIDENCE,EXCLUDED,UNAVAILABLE,UNAVAILABLE,,UNAVAILABLE,INSUFFICIENT,KBS_CURRENT_LISTING,INSUFFICIENT_DISCOVERY_EVIDENCE,listing evidence exclusion
3272,,NTJ12501,,,corpbond,INSUFFICIENT_DISCOVERY_EVIDENCE,EXCLUDED,UNAVAILABLE,UNAVAILABLE,,UNAVAILABLE,INSUFFICIENT,KBS_CURRENT_LISTING,INSUFFICIENT_DISCOVERY_EVIDENCE,listing evidence exclusion
3273,,XMH12501,,,corpbond,INSUFFICIENT_DISCOVERY_EVIDENCE,EXCLUDED,UNAVAILABLE,UNAVAILABLE,,UNAVAILABLE,INSUFFICIENT,KBS_CURRENT_LISTING,INSUFFICIENT_DISCOVERY_EVIDENCE,listing evidence exclusion
3274,,MRE12101,,,corpbond,INSUFFICIENT_DISCOVERY_EVIDENCE,EXCLUDED,UNAVAILABLE,UNAVAILABLE,,UNAVAILABLE,INSUFFICIENT,KBS_CURRENT_LISTING,INSUFFICIENT_DISCOVERY_EVIDENCE,listing evidence exclusion
3275,,ABB12506,,,corpbond,INSUFFICIENT_DISCOVERY_EVIDENCE,EXCLUDED,UNAVAILABLE,UNAVAILABLE,,UNAVAILABLE,INSUFFICIENT,KBS_CURRENT_LISTING,INSUFFICIENT_DISCOVERY_EVIDENCE,listing evidence exclusion
3276,,KNC12102,,,corpbond,INSUFFICIENT_DISCOVERY_EVIDENCE,EXCLUDED,UNAVAILABLE,UNAVAILABLE,,UNAVAILABLE,INSUFFICIENT,KBS_CURRENT_LISTING,INSUFFICIENT_DISCOVERY_EVIDENCE,listing evidence exclusion
3277,,HDB12305,,,corpbond,INSUFFICIENT_DISCOVERY_EVIDENCE,EXCLUDED,UNAVAILABLE,UNAVAILABLE,,UNAVAILABLE,INSUFFICIENT,KBS_CURRENT_LISTING,INSUFFICIENT_DISCOVERY_EVIDENCE,listing evidence exclusion
3278,,HDR32501,,,corpbond,INSUFFICIENT_DISCOVERY_EVIDENCE,EXCLUDED,UNAVAILABLE,UNAVAILABLE,,UNAVAILABLE,INSUFFICIENT,KBS_CURRENT_LISTING,INSUFFICIENT_DISCOVERY_EVIDENCE,listing evidence exclusion
3279,,OCB12514,,,corpbond,INSUFFICIENT_DISCOVERY_EVIDENCE,EXCLUDED,UNAVAILABLE,UNAVAILABLE,,UNAVAILABLE,INSUFFICIENT,KBS_CURRENT_LISTING,INSUFFICIENT_DISCOVERY_EVIDENCE,listing evidence exclusion
3280,,VKS12101,,,corpbond,INSUFFICIENT_DISCOVERY_EVIDENCE,EXCLUDED,UNAVAILABLE,UNAVAILABLE,,UNAVAILABLE,INSUFFICIENT,KBS_CURRENT_LISTING,INSUFFICIENT_DISCOVERY_EVIDENCE,listing evidence exclusion
3281,,BID12615,,,corpbond,INSUFFICIENT_DISCOVERY_EVIDENCE,EXCLUDED,UNAVAILABLE,UNAVAILABLE,,UNAVAILABLE,INSUFFICIENT,KBS_CURRENT_LISTING,INSUFFICIENT_DISCOVERY_EVIDENCE,listing evidence exclusion
3282,,ATL12401,,,corpbond,INSUFFICIENT_DISCOVERY_EVIDENCE,EXCLUDED,UNAVAILABLE,UNAVAILABLE,,UNAVAILABLE,INSUFFICIENT,KBS_CURRENT_LISTING,INSUFFICIENT_DISCOVERY_EVIDENCE,listing evidence exclusion
3283,,ASP12601,,,corpbond,INSUFFICIENT_DISCOVERY_EVIDENCE,EXCLUDED,UNAVAILABLE,UNAVAILABLE,,UNAVAILABLE,INSUFFICIENT,KBS_CURRENT_LISTING,INSUFFICIENT_DISCOVERY_EVIDENCE,listing evidence exclusion
3284,,TPB12424,,,corpbond,INSUFFICIENT_DISCOVERY_EVIDENCE,EXCLUDED,UNAVAILABLE,UNAVAILABLE,,UNAVAILABLE,INSUFFICIENT,KBS_CURRENT_LISTING,INSUFFICIENT_DISCOVERY_EVIDENCE,listing evidence exclusion
3285,,VPI12601,,,corpbond,INSUFFICIENT_DISCOVERY_EVIDENCE,EXCLUDED,UNAVAILABLE,UNAVAILABLE,,UNAVAILABLE,INSUFFICIENT,KBS_CURRENT_LISTING,INSUFFICIENT_DISCOVERY_EVIDENCE,listing evidence exclusion
3286,,HCH12401,,,corpbond,INSUFFICIENT_DISCOVERY_EVIDENCE,EXCLUDED,UNAVAILABLE,UNAVAILABLE,,UNAVAILABLE,INSUFFICIENT,KBS_CURRENT_LISTING,INSUFFICIENT_DISCOVERY_EVIDENCE,listing evidence exclusion
3287,,ABB12404,,,corpbond,INSUFFICIENT_DISCOVERY_EVIDENCE,EXCLUDED,UNAVAILABLE,UNAVAILABLE,,UNAVAILABLE,INSUFFICIENT,KBS_CURRENT_LISTING,INSUFFICIENT_DISCOVERY_EVIDENCE,listing evidence exclusion
3288,,BID12518,,,corpbond,INSUFFICIENT_DISCOVERY_EVIDENCE,EXCLUDED,UNAVAILABLE,UNAVAILABLE,,UNAVAILABLE,INSUFFICIENT,KBS_CURRENT_LISTING,INSUFFICIENT_DISCOVERY_EVIDENCE,listing evidence exclusion
3289,,VJC12507,,,corpbond,INSUFFICIENT_DISCOVERY_EVIDENCE,EXCLUDED,UNAVAILABLE,UNAVAILABLE,,UNAVAILABLE,INSUFFICIENT,KBS_CURRENT_LISTING,INSUFFICIENT_DISCOVERY_EVIDENCE,listing evidence exclusion
3290,,HDB12429,,,corpbond,INSUFFICIENT_DISCOVERY_EVIDENCE,EXCLUDED,UNAVAILABLE,UNAVAILABLE,,UNAVAILABLE,INSUFFICIENT,KBS_CURRENT_LISTING,INSUFFICIENT_DISCOVERY_EVIDENCE,listing evidence exclusion
3291,,MBB12236,,,corpbond,INSUFFICIENT_DISCOVERY_EVIDENCE,EXCLUDED,UNAVAILABLE,UNAVAILABLE,,UNAVAILABLE,INSUFFICIENT,KBS_CURRENT_LISTING,INSUFFICIENT_DISCOVERY_EVIDENCE,listing evidence exclusion
3292,,MSF12405,,,corpbond,INSUFFICIENT_DISCOVERY_EVIDENCE,EXCLUDED,UNAVAILABLE,UNAVAILABLE,,UNAVAILABLE,INSUFFICIENT,KBS_CURRENT_LISTING,INSUFFICIENT_DISCOVERY_EVIDENCE,listing evidence exclusion
3293,,OCB12427,,,corpbond,INSUFFICIENT_DISCOVERY_EVIDENCE,EXCLUDED,UNAVAILABLE,UNAVAILABLE,,UNAVAILABLE,INSUFFICIENT,KBS_CURRENT_LISTING,INSUFFICIENT_DISCOVERY_EVIDENCE,listing evidence exclusion
3294,,VBA12505,,,corpbond,INSUFFICIENT_DISCOVERY_EVIDENCE,EXCLUDED,UNAVAILABLE,UNAVAILABLE,,UNAVAILABLE,INSUFFICIENT,KBS_CURRENT_LISTING,INSUFFICIENT_DISCOVERY_EVIDENCE,listing evidence exclusion
3295,,TPB12313,,,corpbond,INSUFFICIENT_DISCOVERY_EVIDENCE,EXCLUDED,UNAVAILABLE,UNAVAILABLE,,UNAVAILABLE,INSUFFICIENT,KBS_CURRENT_LISTING,INSUFFICIENT_DISCOVERY_EVIDENCE,listing evidence exclusion
3296,,BNC12302,,,corpbond,INSUFFICIENT_DISCOVERY_EVIDENCE,EXCLUDED,UNAVAILABLE,UNAVAILABLE,,UNAVAILABLE,INSUFFICIENT,KBS_CURRENT_LISTING,INSUFFICIENT_DISCOVERY_EVIDENCE,listing evidence exclusion
3297,,MBB12517,,,corpbond,INSUFFICIENT_DISCOVERY_EVIDENCE,EXCLUDED,UNAVAILABLE,UNAVAILABLE,,UNAVAILABLE,INSUFFICIENT,KBS_CURRENT_LISTING,INSUFFICIENT_DISCOVERY_EVIDENCE,listing evidence exclusion
3298,,VJC12313,,,corpbond,INSUFFICIENT_DISCOVERY_EVIDENCE,EXCLUDED,UNAVAILABLE,UNAVAILABLE,,UNAVAILABLE,INSUFFICIENT,KBS_CURRENT_LISTING,INSUFFICIENT_DISCOVERY_EVIDENCE,listing evidence exclusion
3299,,HNH12401,,,corpbond,INSUFFICIENT_DISCOVERY_EVIDENCE,EXCLUDED,UNAVAILABLE,UNAVAILABLE,,UNAVAILABLE,INSUFFICIENT,KBS_CURRENT_LISTING,INSUFFICIENT_DISCOVERY_EVIDENCE,listing evidence exclusion
3300,,OCB12523,,,corpbond,INSUFFICIENT_DISCOVERY_EVIDENCE,EXCLUDED,UNAVAILABLE,UNAVAILABLE,,UNAVAILABLE,INSUFFICIENT,KBS_CURRENT_LISTING,INSUFFICIENT_DISCOVERY_EVIDENCE,listing evidence exclusion
3301,,SG112401,,,corpbond,INSUFFICIENT_DISCOVERY_EVIDENCE,EXCLUDED,UNAVAILABLE,UNAVAILABLE,,UNAVAILABLE,INSUFFICIENT,KBS_CURRENT_LISTING,INSUFFICIENT_DISCOVERY_EVIDENCE,listing evidence exclusion
3302,,HCV12603,,,corpbond,INSUFFICIENT_DISCOVERY_EVIDENCE,EXCLUDED,UNAVAILABLE,UNAVAILABLE,,UNAVAILABLE,INSUFFICIENT,KBS_CURRENT_LISTING,INSUFFICIENT_DISCOVERY_EVIDENCE,listing evidence exclusion
3303,,BID12506,,,corpbond,INSUFFICIENT_DISCOVERY_EVIDENCE,EXCLUDED,UNAVAILABLE,UNAVAILABLE,,UNAVAILABLE,INSUFFICIENT,KBS_CURRENT_LISTING,INSUFFICIENT_DISCOVERY_EVIDENCE,listing evidence exclusion
3304,,SHS12503,,,corpbond,INSUFFICIENT_DISCOVERY_EVIDENCE,EXCLUDED,UNAVAILABLE,UNAVAILABLE,,UNAVAILABLE,INSUFFICIENT,KBS_CURRENT_LISTING,INSUFFICIENT_DISCOVERY_EVIDENCE,listing evidence exclusion
3305,,VT912101,,,corpbond,INSUFFICIENT_DISCOVERY_EVIDENCE,EXCLUDED,UNAVAILABLE,UNAVAILABLE,,UNAVAILABLE,INSUFFICIENT,KBS_CURRENT_LISTING,INSUFFICIENT_DISCOVERY_EVIDENCE,listing evidence exclusion
3306,,OCB12508,,,corpbond,INSUFFICIENT_DISCOVERY_EVIDENCE,EXCLUDED,UNAVAILABLE,UNAVAILABLE,,UNAVAILABLE,INSUFFICIENT,KBS_CURRENT_LISTING,INSUFFICIENT_DISCOVERY_EVIDENCE,listing evidence exclusion
3307,,HTL12501,,,corpbond,INSUFFICIENT_DISCOVERY_EVIDENCE,EXCLUDED,UNAVAILABLE,UNAVAILABLE,,UNAVAILABLE,INSUFFICIENT,KBS_CURRENT_LISTING,INSUFFICIENT_DISCOVERY_EVIDENCE,listing evidence exclusion
3308,,MBBL12623,,,corpbond,INSUFFICIENT_DISCOVERY_EVIDENCE,EXCLUDED,UNAVAILABLE,UNAVAILABLE,,UNAVAILABLE,INSUFFICIENT,KBS_CURRENT_LISTING,INSUFFICIENT_DISCOVERY_EVIDENCE,listing evidence exclusion
3309,,VBB12601,,,corpbond,INSUFFICIENT_DISCOVERY_EVIDENCE,EXCLUDED,UNAVAILABLE,UNAVAILABLE,,UNAVAILABLE,INSUFFICIENT,KBS_CURRENT_LISTING,INSUFFICIENT_DISCOVERY_EVIDENCE,listing evidence exclusion
3310,,CTG12105,,,corpbond,INSUFFICIENT_DISCOVERY_EVIDENCE,EXCLUDED,UNAVAILABLE,UNAVAILABLE,,UNAVAILABLE,INSUFFICIENT,KBS_CURRENT_LISTING,INSUFFICIENT_DISCOVERY_EVIDENCE,listing evidence exclusion
3311,,PGB12401,,,corpbond,INSUFFICIENT_DISCOVERY_EVIDENCE,EXCLUDED,UNAVAILABLE,UNAVAILABLE,,UNAVAILABLE,INSUFFICIENT,KBS_CURRENT_LISTING,INSUFFICIENT_DISCOVERY_EVIDENCE,listing evidence exclusion
3312,,WTO12107,,,corpbond,INSUFFICIENT_DISCOVERY_EVIDENCE,EXCLUDED,UNAVAILABLE,UNAVAILABLE,,UNAVAILABLE,INSUFFICIENT,KBS_CURRENT_LISTING,INSUFFICIENT_DISCOVERY_EVIDENCE,listing evidence exclusion
3313,,ACB12517,,,corpbond,INSUFFICIENT_DISCOVERY_EVIDENCE,EXCLUDED,UNAVAILABLE,UNAVAILABLE,,UNAVAILABLE,INSUFFICIENT,KBS_CURRENT_LISTING,INSUFFICIENT_DISCOVERY_EVIDENCE,listing evidence exclusion
3314,,OCB12426,,,corpbond,INSUFFICIENT_DISCOVERY_EVIDENCE,EXCLUDED,UNAVAILABLE,UNAVAILABLE,,UNAVAILABLE,INSUFFICIENT,KBS_CURRENT_LISTING,INSUFFICIENT_DISCOVERY_EVIDENCE,listing evidence exclusion
3315,,FCN12501,,,corpbond,INSUFFICIENT_DISCOVERY_EVIDENCE,EXCLUDED,UNAVAILABLE,UNAVAILABLE,,UNAVAILABLE,INSUFFICIENT,KBS_CURRENT_LISTING,INSUFFICIENT_DISCOVERY_EVIDENCE,listing evidence exclusion
3316,,CPL12301,,,corpbond,INSUFFICIENT_DISCOVERY_EVIDENCE,EXCLUDED,UNAVAILABLE,UNAVAILABLE,,UNAVAILABLE,INSUFFICIENT,KBS_CURRENT_LISTING,INSUFFICIENT_DISCOVERY_EVIDENCE,listing evidence exclusion
3317,,VJC12316,,,corpbond,INSUFFICIENT_DISCOVERY_EVIDENCE,EXCLUDED,UNAVAILABLE,UNAVAILABLE,,UNAVAILABLE,INSUFFICIENT,KBS_CURRENT_LISTING,INSUFFICIENT_DISCOVERY_EVIDENCE,listing evidence exclusion
3318,,BID12309,,,corpbond,INSUFFICIENT_DISCOVERY_EVIDENCE,EXCLUDED,UNAVAILABLE,UNAVAILABLE,,UNAVAILABLE,INSUFFICIENT,KBS_CURRENT_LISTING,INSUFFICIENT_DISCOVERY_EVIDENCE,listing evidence exclusion
3319,,BID12507,,,corpbond,INSUFFICIENT_DISCOVERY_EVIDENCE,EXCLUDED,UNAVAILABLE,UNAVAILABLE,,UNAVAILABLE,INSUFFICIENT,KBS_CURRENT_LISTING,INSUFFICIENT_DISCOVERY_EVIDENCE,listing evidence exclusion
3320,,HDB12512,,,corpbond,INSUFFICIENT_DISCOVERY_EVIDENCE,EXCLUDED,UNAVAILABLE,UNAVAILABLE,,UNAVAILABLE,INSUFFICIENT,KBS_CURRENT_LISTING,INSUFFICIENT_DISCOVERY_EVIDENCE,listing evidence exclusion
3321,,ORS12203,,,corpbond,INSUFFICIENT_DISCOVERY_EVIDENCE,EXCLUDED,UNAVAILABLE,UNAVAILABLE,,UNAVAILABLE,INSUFFICIENT,KBS_CURRENT_LISTING,INSUFFICIENT_DISCOVERY_EVIDENCE,listing evidence exclusion
3322,,BID12610,,,corpbond,INSUFFICIENT_DISCOVERY_EVIDENCE,EXCLUDED,UNAVAILABLE,UNAVAILABLE,,UNAVAILABLE,INSUFFICIENT,KBS_CURRENT_LISTING,INSUFFICIENT_DISCOVERY_EVIDENCE,listing evidence exclusion
3323,,ACB12601,,,corpbond,INSUFFICIENT_DISCOVERY_EVIDENCE,EXCLUDED,UNAVAILABLE,UNAVAILABLE,,UNAVAILABLE,INSUFFICIENT,KBS_CURRENT_LISTING,INSUFFICIENT_DISCOVERY_EVIDENCE,listing evidence exclusion
3324,,MBB12118,,,corpbond,INSUFFICIENT_DISCOVERY_EVIDENCE,EXCLUDED,UNAVAILABLE,UNAVAILABLE,,UNAVAILABLE,INSUFFICIENT,KBS_CURRENT_LISTING,INSUFFICIENT_DISCOVERY_EVIDENCE,listing evidence exclusion
3325,,TCB12504,,,corpbond,INSUFFICIENT_DISCOVERY_EVIDENCE,EXCLUDED,UNAVAILABLE,UNAVAILABLE,,UNAVAILABLE,INSUFFICIENT,KBS_CURRENT_LISTING,INSUFFICIENT_DISCOVERY_EVIDENCE,listing evidence exclusion
3326,,BAB12501,,,corpbond,INSUFFICIENT_DISCOVERY_EVIDENCE,EXCLUDED,UNAVAILABLE,UNAVAILABLE,,UNAVAILABLE,INSUFFICIENT,KBS_CURRENT_LISTING,INSUFFICIENT_DISCOVERY_EVIDENCE,listing evidence exclusion
3327,,VBB12502,,,corpbond,INSUFFICIENT_DISCOVERY_EVIDENCE,EXCLUDED,UNAVAILABLE,UNAVAILABLE,,UNAVAILABLE,INSUFFICIENT,KBS_CURRENT_LISTING,INSUFFICIENT_DISCOVERY_EVIDENCE,listing evidence exclusion
3328,,HDB12607,,,corpbond,INSUFFICIENT_DISCOVERY_EVIDENCE,EXCLUDED,UNAVAILABLE,UNAVAILABLE,,UNAVAILABLE,INSUFFICIENT,KBS_CURRENT_LISTING,INSUFFICIENT_DISCOVERY_EVIDENCE,listing evidence exclusion
3329,,LPB12605,,,corpbond,INSUFFICIENT_DISCOVERY_EVIDENCE,EXCLUDED,UNAVAILABLE,UNAVAILABLE,,UNAVAILABLE,INSUFFICIENT,KBS_CURRENT_LISTING,INSUFFICIENT_DISCOVERY_EVIDENCE,listing evidence exclusion
3330,,TCB12403,,,corpbond,INSUFFICIENT_DISCOVERY_EVIDENCE,EXCLUDED,UNAVAILABLE,UNAVAILABLE,,UNAVAILABLE,INSUFFICIENT,KBS_CURRENT_LISTING,INSUFFICIENT_DISCOVERY_EVIDENCE,listing evidence exclusion
3331,,VIC12503,,,corpbond,INSUFFICIENT_DISCOVERY_EVIDENCE,EXCLUDED,UNAVAILABLE,UNAVAILABLE,,UNAVAILABLE,INSUFFICIENT,KBS_CURRENT_LISTING,INSUFFICIENT_DISCOVERY_EVIDENCE,listing evidence exclusion
3332,,BID12307,,,corpbond,INSUFFICIENT_DISCOVERY_EVIDENCE,EXCLUDED,UNAVAILABLE,UNAVAILABLE,,UNAVAILABLE,INSUFFICIENT,KBS_CURRENT_LISTING,INSUFFICIENT_DISCOVERY_EVIDENCE,listing evidence exclusion
3333,,BID12246,,,corpbond,INSUFFICIENT_DISCOVERY_EVIDENCE,EXCLUDED,UNAVAILABLE,UNAVAILABLE,,UNAVAILABLE,INSUFFICIENT,KBS_CURRENT_LISTING,INSUFFICIENT_DISCOVERY_EVIDENCE,listing evidence exclusion
3334,,MBB12112,,,corpbond,INSUFFICIENT_DISCOVERY_EVIDENCE,EXCLUDED,UNAVAILABLE,UNAVAILABLE,,UNAVAILABLE,INSUFFICIENT,KBS_CURRENT_LISTING,INSUFFICIENT_DISCOVERY_EVIDENCE,listing evidence exclusion
3335,,BID12436,,,corpbond,INSUFFICIENT_DISCOVERY_EVIDENCE,EXCLUDED,UNAVAILABLE,UNAVAILABLE,,UNAVAILABLE,INSUFFICIENT,KBS_CURRENT_LISTING,INSUFFICIENT_DISCOVERY_EVIDENCE,listing evidence exclusion
3336,,TPB12412,,,corpbond,INSUFFICIENT_DISCOVERY_EVIDENCE,EXCLUDED,UNAVAILABLE,UNAVAILABLE,,UNAVAILABLE,INSUFFICIENT,KBS_CURRENT_LISTING,INSUFFICIENT_DISCOVERY_EVIDENCE,listing evidence exclusion
3337,,BID12563,,,corpbond,INSUFFICIENT_DISCOVERY_EVIDENCE,EXCLUDED,UNAVAILABLE,UNAVAILABLE,,UNAVAILABLE,INSUFFICIENT,KBS_CURRENT_LISTING,INSUFFICIENT_DISCOVERY_EVIDENCE,listing evidence exclusion
3338,,TNR32101,,,corpbond,INSUFFICIENT_DISCOVERY_EVIDENCE,EXCLUDED,UNAVAILABLE,UNAVAILABLE,,UNAVAILABLE,INSUFFICIENT,KBS_CURRENT_LISTING,INSUFFICIENT_DISCOVERY_EVIDENCE,listing evidence exclusion
3339,,P5332601,,,corpbond,INSUFFICIENT_DISCOVERY_EVIDENCE,EXCLUDED,UNAVAILABLE,UNAVAILABLE,,UNAVAILABLE,INSUFFICIENT,KBS_CURRENT_LISTING,INSUFFICIENT_DISCOVERY_EVIDENCE,listing evidence exclusion
3340,,ABB12505,,,corpbond,INSUFFICIENT_DISCOVERY_EVIDENCE,EXCLUDED,UNAVAILABLE,UNAVAILABLE,,UNAVAILABLE,INSUFFICIENT,KBS_CURRENT_LISTING,INSUFFICIENT_DISCOVERY_EVIDENCE,listing evidence exclusion
3341,,TPB12447,,,corpbond,INSUFFICIENT_DISCOVERY_EVIDENCE,EXCLUDED,UNAVAILABLE,UNAVAILABLE,,UNAVAILABLE,INSUFFICIENT,KBS_CURRENT_LISTING,INSUFFICIENT_DISCOVERY_EVIDENCE,listing evidence exclusion
3342,,MAD32601,,,corpbond,INSUFFICIENT_DISCOVERY_EVIDENCE,EXCLUDED,UNAVAILABLE,UNAVAILABLE,,UNAVAILABLE,INSUFFICIENT,KBS_CURRENT_LISTING,INSUFFICIENT_DISCOVERY_EVIDENCE,listing evidence exclusion
3343,,BCM12501,,,corpbond,INSUFFICIENT_DISCOVERY_EVIDENCE,EXCLUDED,UNAVAILABLE,UNAVAILABLE,,UNAVAILABLE,INSUFFICIENT,KBS_CURRENT_LISTING,INSUFFICIENT_DISCOVERY_EVIDENCE,listing evidence exclusion
3344,,TPB12528,,,corpbond,INSUFFICIENT_DISCOVERY_EVIDENCE,EXCLUDED,UNAVAILABLE,UNAVAILABLE,,UNAVAILABLE,INSUFFICIENT,KBS_CURRENT_LISTING,INSUFFICIENT_DISCOVERY_EVIDENCE,listing evidence exclusion
3345,,MBS12302,,,corpbond,INSUFFICIENT_DISCOVERY_EVIDENCE,EXCLUDED,UNAVAILABLE,UNAVAILABLE,,UNAVAILABLE,INSUFFICIENT,KBS_CURRENT_LISTING,INSUFFICIENT_DISCOVERY_EVIDENCE,listing evidence exclusion
3346,,HDBL12610,,,corpbond,INSUFFICIENT_DISCOVERY_EVIDENCE,EXCLUDED,UNAVAILABLE,UNAVAILABLE,,UNAVAILABLE,INSUFFICIENT,KBS_CURRENT_LISTING,INSUFFICIENT_DISCOVERY_EVIDENCE,listing evidence exclusion
3347,,VBB12104,,,corpbond,INSUFFICIENT_DISCOVERY_EVIDENCE,EXCLUDED,UNAVAILABLE,UNAVAILABLE,,UNAVAILABLE,INSUFFICIENT,KBS_CURRENT_LISTING,INSUFFICIENT_DISCOVERY_EVIDENCE,listing evidence exclusion
3348,,ABB12507,,,corpbond,INSUFFICIENT_DISCOVERY_EVIDENCE,EXCLUDED,UNAVAILABLE,UNAVAILABLE,,UNAVAILABLE,INSUFFICIENT,KBS_CURRENT_LISTING,INSUFFICIENT_DISCOVERY_EVIDENCE,listing evidence exclusion
3349,,MSB12603,,,corpbond,INSUFFICIENT_DISCOVERY_EVIDENCE,EXCLUDED,UNAVAILABLE,UNAVAILABLE,,UNAVAILABLE,INSUFFICIENT,KBS_CURRENT_LISTING,INSUFFICIENT_DISCOVERY_EVIDENCE,listing evidence exclusion
3350,,BAB12602,,,corpbond,INSUFFICIENT_DISCOVERY_EVIDENCE,EXCLUDED,UNAVAILABLE,UNAVAILABLE,,UNAVAILABLE,INSUFFICIENT,KBS_CURRENT_LISTING,INSUFFICIENT_DISCOVERY_EVIDENCE,listing evidence exclusion
3351,,MBB12238,,,corpbond,INSUFFICIENT_DISCOVERY_EVIDENCE,EXCLUDED,UNAVAILABLE,UNAVAILABLE,,UNAVAILABLE,INSUFFICIENT,KBS_CURRENT_LISTING,INSUFFICIENT_DISCOVERY_EVIDENCE,listing evidence exclusion
3352,,MBB12303,,,corpbond,INSUFFICIENT_DISCOVERY_EVIDENCE,EXCLUDED,UNAVAILABLE,UNAVAILABLE,,UNAVAILABLE,INSUFFICIENT,KBS_CURRENT_LISTING,INSUFFICIENT_DISCOVERY_EVIDENCE,listing evidence exclusion
3353,,MBB12429,,,corpbond,INSUFFICIENT_DISCOVERY_EVIDENCE,EXCLUDED,UNAVAILABLE,UNAVAILABLE,,UNAVAILABLE,INSUFFICIENT,KBS_CURRENT_LISTING,INSUFFICIENT_DISCOVERY_EVIDENCE,listing evidence exclusion
3354,,LPB12509,,,corpbond,INSUFFICIENT_DISCOVERY_EVIDENCE,EXCLUDED,UNAVAILABLE,UNAVAILABLE,,UNAVAILABLE,INSUFFICIENT,KBS_CURRENT_LISTING,INSUFFICIENT_DISCOVERY_EVIDENCE,listing evidence exclusion
3355,,BID12349,,,corpbond,INSUFFICIENT_DISCOVERY_EVIDENCE,EXCLUDED,UNAVAILABLE,UNAVAILABLE,,UNAVAILABLE,INSUFFICIENT,KBS_CURRENT_LISTING,INSUFFICIENT_DISCOVERY_EVIDENCE,listing evidence exclusion
3356,,TPB12502,,,corpbond,INSUFFICIENT_DISCOVERY_EVIDENCE,EXCLUDED,UNAVAILABLE,UNAVAILABLE,,UNAVAILABLE,INSUFFICIENT,KBS_CURRENT_LISTING,INSUFFICIENT_DISCOVERY_EVIDENCE,listing evidence exclusion
3357,,TNR32103,,,corpbond,INSUFFICIENT_DISCOVERY_EVIDENCE,EXCLUDED,UNAVAILABLE,UNAVAILABLE,,UNAVAILABLE,INSUFFICIENT,KBS_CURRENT_LISTING,INSUFFICIENT_DISCOVERY_EVIDENCE,listing evidence exclusion
3358,,BID12373,,,corpbond,INSUFFICIENT_DISCOVERY_EVIDENCE,EXCLUDED,UNAVAILABLE,UNAVAILABLE,,UNAVAILABLE,INSUFFICIENT,KBS_CURRENT_LISTING,INSUFFICIENT_DISCOVERY_EVIDENCE,listing evidence exclusion
3359,,DPQ12204,,,corpbond,INSUFFICIENT_DISCOVERY_EVIDENCE,EXCLUDED,UNAVAILABLE,UNAVAILABLE,,UNAVAILABLE,INSUFFICIENT,KBS_CURRENT_LISTING,INSUFFICIENT_DISCOVERY_EVIDENCE,listing evidence exclusion
3360,,VIC12501,,,corpbond,INSUFFICIENT_DISCOVERY_EVIDENCE,EXCLUDED,UNAVAILABLE,UNAVAILABLE,,UNAVAILABLE,INSUFFICIENT,KBS_CURRENT_LISTING,INSUFFICIENT_DISCOVERY_EVIDENCE,listing evidence exclusion
3361,,MBB12224,,,corpbond,INSUFFICIENT_DISCOVERY_EVIDENCE,EXCLUDED,UNAVAILABLE,UNAVAILABLE,,UNAVAILABLE,INSUFFICIENT,KBS_CURRENT_LISTING,INSUFFICIENT_DISCOVERY_EVIDENCE,listing evidence exclusion
3362,,BIDL12616,,,corpbond,INSUFFICIENT_DISCOVERY_EVIDENCE,EXCLUDED,UNAVAILABLE,UNAVAILABLE,,UNAVAILABLE,INSUFFICIENT,KBS_CURRENT_LISTING,INSUFFICIENT_DISCOVERY_EVIDENCE,listing evidence exclusion
3363,,TDK12108,,,corpbond,INSUFFICIENT_DISCOVERY_EVIDENCE,EXCLUDED,UNAVAILABLE,UNAVAILABLE,,UNAVAILABLE,INSUFFICIENT,KBS_CURRENT_LISTING,INSUFFICIENT_DISCOVERY_EVIDENCE,listing evidence exclusion
3364,,GEG12403,,,corpbond,INSUFFICIENT_DISCOVERY_EVIDENCE,EXCLUDED,UNAVAILABLE,UNAVAILABLE,,UNAVAILABLE,INSUFFICIENT,KBS_CURRENT_LISTING,INSUFFICIENT_DISCOVERY_EVIDENCE,listing evidence exclusion
3365,,TDK12106,,,corpbond,INSUFFICIENT_DISCOVERY_EVIDENCE,EXCLUDED,UNAVAILABLE,UNAVAILABLE,,UNAVAILABLE,INSUFFICIENT,KBS_CURRENT_LISTING,INSUFFICIENT_DISCOVERY_EVIDENCE,listing evidence exclusion
3366,,LPB12502,,,corpbond,INSUFFICIENT_DISCOVERY_EVIDENCE,EXCLUDED,UNAVAILABLE,UNAVAILABLE,,UNAVAILABLE,INSUFFICIENT,KBS_CURRENT_LISTING,INSUFFICIENT_DISCOVERY_EVIDENCE,listing evidence exclusion
3367,,BNC12503,,,corpbond,INSUFFICIENT_DISCOVERY_EVIDENCE,EXCLUDED,UNAVAILABLE,UNAVAILABLE,,UNAVAILABLE,INSUFFICIENT,KBS_CURRENT_LISTING,INSUFFICIENT_DISCOVERY_EVIDENCE,listing evidence exclusion
3368,,HDB12431,,,corpbond,INSUFFICIENT_DISCOVERY_EVIDENCE,EXCLUDED,UNAVAILABLE,UNAVAILABLE,,UNAVAILABLE,INSUFFICIENT,KBS_CURRENT_LISTING,INSUFFICIENT_DISCOVERY_EVIDENCE,listing evidence exclusion
3369,,ACB12510,,,corpbond,INSUFFICIENT_DISCOVERY_EVIDENCE,EXCLUDED,UNAVAILABLE,UNAVAILABLE,,UNAVAILABLE,INSUFFICIENT,KBS_CURRENT_LISTING,INSUFFICIENT_DISCOVERY_EVIDENCE,listing evidence exclusion
3370,,PCBL12602,,,corpbond,INSUFFICIENT_DISCOVERY_EVIDENCE,EXCLUDED,UNAVAILABLE,UNAVAILABLE,,UNAVAILABLE,INSUFFICIENT,KBS_CURRENT_LISTING,INSUFFICIENT_DISCOVERY_EVIDENCE,listing evidence exclusion
3371,,TPB12421,,,corpbond,INSUFFICIENT_DISCOVERY_EVIDENCE,EXCLUDED,UNAVAILABLE,UNAVAILABLE,,UNAVAILABLE,INSUFFICIENT,KBS_CURRENT_LISTING,INSUFFICIENT_DISCOVERY_EVIDENCE,listing evidence exclusion
3372,,BCM12402,,,corpbond,INSUFFICIENT_DISCOVERY_EVIDENCE,EXCLUDED,UNAVAILABLE,UNAVAILABLE,,UNAVAILABLE,INSUFFICIENT,KBS_CURRENT_LISTING,INSUFFICIENT_DISCOVERY_EVIDENCE,listing evidence exclusion
3373,,NAB12504,,,corpbond,INSUFFICIENT_DISCOVERY_EVIDENCE,EXCLUDED,UNAVAILABLE,UNAVAILABLE,,UNAVAILABLE,INSUFFICIENT,KBS_CURRENT_LISTING,INSUFFICIENT_DISCOVERY_EVIDENCE,listing evidence exclusion
3374,,TPB12541,,,corpbond,INSUFFICIENT_DISCOVERY_EVIDENCE,EXCLUDED,UNAVAILABLE,UNAVAILABLE,,UNAVAILABLE,INSUFFICIENT,KBS_CURRENT_LISTING,INSUFFICIENT_DISCOVERY_EVIDENCE,listing evidence exclusion
3375,,LPB12412,,,corpbond,INSUFFICIENT_DISCOVERY_EVIDENCE,EXCLUDED,UNAVAILABLE,UNAVAILABLE,,UNAVAILABLE,INSUFFICIENT,KBS_CURRENT_LISTING,INSUFFICIENT_DISCOVERY_EVIDENCE,listing evidence exclusion
3376,,MBB12518,,,corpbond,INSUFFICIENT_DISCOVERY_EVIDENCE,EXCLUDED,UNAVAILABLE,UNAVAILABLE,,UNAVAILABLE,INSUFFICIENT,KBS_CURRENT_LISTING,INSUFFICIENT_DISCOVERY_EVIDENCE,listing evidence exclusion
3377,,MBS12501,,,corpbond,INSUFFICIENT_DISCOVERY_EVIDENCE,EXCLUDED,UNAVAILABLE,UNAVAILABLE,,UNAVAILABLE,INSUFFICIENT,KBS_CURRENT_LISTING,INSUFFICIENT_DISCOVERY_EVIDENCE,listing evidence exclusion
3378,,VHM12615,,,corpbond,INSUFFICIENT_DISCOVERY_EVIDENCE,EXCLUDED,UNAVAILABLE,UNAVAILABLE,,UNAVAILABLE,INSUFFICIENT,KBS_CURRENT_LISTING,INSUFFICIENT_DISCOVERY_EVIDENCE,listing evidence exclusion
3379,,TPB12543,,,corpbond,INSUFFICIENT_DISCOVERY_EVIDENCE,EXCLUDED,UNAVAILABLE,UNAVAILABLE,,UNAVAILABLE,INSUFFICIENT,KBS_CURRENT_LISTING,INSUFFICIENT_DISCOVERY_EVIDENCE,listing evidence exclusion
3380,,HDB12608,,,corpbond,INSUFFICIENT_DISCOVERY_EVIDENCE,EXCLUDED,UNAVAILABLE,UNAVAILABLE,,UNAVAILABLE,INSUFFICIENT,KBS_CURRENT_LISTING,INSUFFICIENT_DISCOVERY_EVIDENCE,listing evidence exclusion
3381,,TRE32602,,,corpbond,INSUFFICIENT_DISCOVERY_EVIDENCE,EXCLUDED,UNAVAILABLE,UNAVAILABLE,,UNAVAILABLE,INSUFFICIENT,KBS_CURRENT_LISTING,INSUFFICIENT_DISCOVERY_EVIDENCE,listing evidence exclusion
3382,,F8812508,,,corpbond,INSUFFICIENT_DISCOVERY_EVIDENCE,EXCLUDED,UNAVAILABLE,UNAVAILABLE,,UNAVAILABLE,INSUFFICIENT,KBS_CURRENT_LISTING,INSUFFICIENT_DISCOVERY_EVIDENCE,listing evidence exclusion
3383,,BID12505,,,corpbond,INSUFFICIENT_DISCOVERY_EVIDENCE,EXCLUDED,UNAVAILABLE,UNAVAILABLE,,UNAVAILABLE,INSUFFICIENT,KBS_CURRENT_LISTING,INSUFFICIENT_DISCOVERY_EVIDENCE,listing evidence exclusion
3384,,MSG32504,,,corpbond,INSUFFICIENT_DISCOVERY_EVIDENCE,EXCLUDED,UNAVAILABLE,UNAVAILABLE,,UNAVAILABLE,INSUFFICIENT,KBS_CURRENT_LISTING,INSUFFICIENT_DISCOVERY_EVIDENCE,listing evidence exclusion
3385,,TPB12314,,,corpbond,INSUFFICIENT_DISCOVERY_EVIDENCE,EXCLUDED,UNAVAILABLE,UNAVAILABLE,,UNAVAILABLE,INSUFFICIENT,KBS_CURRENT_LISTING,INSUFFICIENT_DISCOVERY_EVIDENCE,listing evidence exclusion
3386,,HDB12331,,,corpbond,INSUFFICIENT_DISCOVERY_EVIDENCE,EXCLUDED,UNAVAILABLE,UNAVAILABLE,,UNAVAILABLE,INSUFFICIENT,KBS_CURRENT_LISTING,INSUFFICIENT_DISCOVERY_EVIDENCE,listing evidence exclusion
3387,,OCB12512,,,corpbond,INSUFFICIENT_DISCOVERY_EVIDENCE,EXCLUDED,UNAVAILABLE,UNAVAILABLE,,UNAVAILABLE,INSUFFICIENT,KBS_CURRENT_LISTING,INSUFFICIENT_DISCOVERY_EVIDENCE,listing evidence exclusion
3388,,TNF32104,,,corpbond,INSUFFICIENT_DISCOVERY_EVIDENCE,EXCLUDED,UNAVAILABLE,UNAVAILABLE,,UNAVAILABLE,INSUFFICIENT,KBS_CURRENT_LISTING,INSUFFICIENT_DISCOVERY_EVIDENCE,listing evidence exclusion
3389,,DRT12402,,,corpbond,INSUFFICIENT_DISCOVERY_EVIDENCE,EXCLUDED,UNAVAILABLE,UNAVAILABLE,,UNAVAILABLE,INSUFFICIENT,KBS_CURRENT_LISTING,INSUFFICIENT_DISCOVERY_EVIDENCE,listing evidence exclusion
3390,,TCB12512,,,corpbond,INSUFFICIENT_DISCOVERY_EVIDENCE,EXCLUDED,UNAVAILABLE,UNAVAILABLE,,UNAVAILABLE,INSUFFICIENT,KBS_CURRENT_LISTING,INSUFFICIENT_DISCOVERY_EVIDENCE,listing evidence exclusion
3391,,TPB12415,,,corpbond,INSUFFICIENT_DISCOVERY_EVIDENCE,EXCLUDED,UNAVAILABLE,UNAVAILABLE,,UNAVAILABLE,INSUFFICIENT,KBS_CURRENT_LISTING,INSUFFICIENT_DISCOVERY_EVIDENCE,listing evidence exclusion
3392,,ABB12516,,,corpbond,INSUFFICIENT_DISCOVERY_EVIDENCE,EXCLUDED,UNAVAILABLE,UNAVAILABLE,,UNAVAILABLE,INSUFFICIENT,KBS_CURRENT_LISTING,INSUFFICIENT_DISCOVERY_EVIDENCE,listing evidence exclusion
3393,,TP112601,,,corpbond,INSUFFICIENT_DISCOVERY_EVIDENCE,EXCLUDED,UNAVAILABLE,UNAVAILABLE,,UNAVAILABLE,INSUFFICIENT,KBS_CURRENT_LISTING,INSUFFICIENT_DISCOVERY_EVIDENCE,listing evidence exclusion
3394,,BID12101,,,corpbond,INSUFFICIENT_DISCOVERY_EVIDENCE,EXCLUDED,UNAVAILABLE,UNAVAILABLE,,UNAVAILABLE,INSUFFICIENT,KBS_CURRENT_LISTING,INSUFFICIENT_DISCOVERY_EVIDENCE,listing evidence exclusion
3395,,WCL12104,,,corpbond,INSUFFICIENT_DISCOVERY_EVIDENCE,EXCLUDED,UNAVAILABLE,UNAVAILABLE,,UNAVAILABLE,INSUFFICIENT,KBS_CURRENT_LISTING,INSUFFICIENT_DISCOVERY_EVIDENCE,listing evidence exclusion
3396,,TCB12501,,,corpbond,INSUFFICIENT_DISCOVERY_EVIDENCE,EXCLUDED,UNAVAILABLE,UNAVAILABLE,,UNAVAILABLE,INSUFFICIENT,KBS_CURRENT_LISTING,INSUFFICIENT_DISCOVERY_EVIDENCE,listing evidence exclusion
3397,,DRT12101,,,corpbond,INSUFFICIENT_DISCOVERY_EVIDENCE,EXCLUDED,UNAVAILABLE,UNAVAILABLE,,UNAVAILABLE,INSUFFICIENT,KBS_CURRENT_LISTING,INSUFFICIENT_DISCOVERY_EVIDENCE,listing evidence exclusion
3398,,SHBL12601,,,corpbond,INSUFFICIENT_DISCOVERY_EVIDENCE,EXCLUDED,UNAVAILABLE,UNAVAILABLE,,UNAVAILABLE,INSUFFICIENT,KBS_CURRENT_LISTING,INSUFFICIENT_DISCOVERY_EVIDENCE,listing evidence exclusion
3399,,ABB12501,,,corpbond,INSUFFICIENT_DISCOVERY_EVIDENCE,EXCLUDED,UNAVAILABLE,UNAVAILABLE,,UNAVAILABLE,INSUFFICIENT,KBS_CURRENT_LISTING,INSUFFICIENT_DISCOVERY_EVIDENCE,listing evidence exclusion
3400,,BID12503,,,corpbond,INSUFFICIENT_DISCOVERY_EVIDENCE,EXCLUDED,UNAVAILABLE,UNAVAILABLE,,UNAVAILABLE,INSUFFICIENT,KBS_CURRENT_LISTING,INSUFFICIENT_DISCOVERY_EVIDENCE,listing evidence exclusion
3401,,TPB12331,,,corpbond,INSUFFICIENT_DISCOVERY_EVIDENCE,EXCLUDED,UNAVAILABLE,UNAVAILABLE,,UNAVAILABLE,INSUFFICIENT,KBS_CURRENT_LISTING,INSUFFICIENT_DISCOVERY_EVIDENCE,listing evidence exclusion
3402,,MTD12501,,,corpbond,INSUFFICIENT_DISCOVERY_EVIDENCE,EXCLUDED,UNAVAILABLE,UNAVAILABLE,,UNAVAILABLE,INSUFFICIENT,KBS_CURRENT_LISTING,INSUFFICIENT_DISCOVERY_EVIDENCE,listing evidence exclusion
3403,,BAB12502,,,corpbond,INSUFFICIENT_DISCOVERY_EVIDENCE,EXCLUDED,UNAVAILABLE,UNAVAILABLE,,UNAVAILABLE,INSUFFICIENT,KBS_CURRENT_LISTING,INSUFFICIENT_DISCOVERY_EVIDENCE,listing evidence exclusion
3404,,ASS12501,,,corpbond,INSUFFICIENT_DISCOVERY_EVIDENCE,EXCLUDED,UNAVAILABLE,UNAVAILABLE,,UNAVAILABLE,INSUFFICIENT,KBS_CURRENT_LISTING,INSUFFICIENT_DISCOVERY_EVIDENCE,listing evidence exclusion
3405,,IPA12405,,,corpbond,INSUFFICIENT_DISCOVERY_EVIDENCE,EXCLUDED,UNAVAILABLE,UNAVAILABLE,,UNAVAILABLE,INSUFFICIENT,KBS_CURRENT_LISTING,INSUFFICIENT_DISCOVERY_EVIDENCE,listing evidence exclusion
3406,,HDB12510,,,corpbond,INSUFFICIENT_DISCOVERY_EVIDENCE,EXCLUDED,UNAVAILABLE,UNAVAILABLE,,UNAVAILABLE,INSUFFICIENT,KBS_CURRENT_LISTING,INSUFFICIENT_DISCOVERY_EVIDENCE,listing evidence exclusion
3407,,BAB12410,,,corpbond,INSUFFICIENT_DISCOVERY_EVIDENCE,EXCLUDED,UNAVAILABLE,UNAVAILABLE,,UNAVAILABLE,INSUFFICIENT,KBS_CURRENT_LISTING,INSUFFICIENT_DISCOVERY_EVIDENCE,listing evidence exclusion
3408,,ACB12504,,,corpbond,INSUFFICIENT_DISCOVERY_EVIDENCE,EXCLUDED,UNAVAILABLE,UNAVAILABLE,,UNAVAILABLE,INSUFFICIENT,KBS_CURRENT_LISTING,INSUFFICIENT_DISCOVERY_EVIDENCE,listing evidence exclusion
3409,,SHB12504,,,corpbond,INSUFFICIENT_DISCOVERY_EVIDENCE,EXCLUDED,UNAVAILABLE,UNAVAILABLE,,UNAVAILABLE,INSUFFICIENT,KBS_CURRENT_LISTING,INSUFFICIENT_DISCOVERY_EVIDENCE,listing evidence exclusion
3410,,VHM12607,,,corpbond,INSUFFICIENT_DISCOVERY_EVIDENCE,EXCLUDED,UNAVAILABLE,UNAVAILABLE,,UNAVAILABLE,INSUFFICIENT,KBS_CURRENT_LISTING,INSUFFICIENT_DISCOVERY_EVIDENCE,listing evidence exclusion
3411,,BID12369,,,corpbond,INSUFFICIENT_DISCOVERY_EVIDENCE,EXCLUDED,UNAVAILABLE,UNAVAILABLE,,UNAVAILABLE,INSUFFICIENT,KBS_CURRENT_LISTING,INSUFFICIENT_DISCOVERY_EVIDENCE,listing evidence exclusion
3412,,SHB12505,,,corpbond,INSUFFICIENT_DISCOVERY_EVIDENCE,EXCLUDED,UNAVAILABLE,UNAVAILABLE,,UNAVAILABLE,INSUFFICIENT,KBS_CURRENT_LISTING,INSUFFICIENT_DISCOVERY_EVIDENCE,listing evidence exclusion
3413,,CTG12101,,,corpbond,INSUFFICIENT_DISCOVERY_EVIDENCE,EXCLUDED,UNAVAILABLE,UNAVAILABLE,,UNAVAILABLE,INSUFFICIENT,KBS_CURRENT_LISTING,INSUFFICIENT_DISCOVERY_EVIDENCE,listing evidence exclusion
3414,,RES12401,,,corpbond,INSUFFICIENT_DISCOVERY_EVIDENCE,EXCLUDED,UNAVAILABLE,UNAVAILABLE,,UNAVAILABLE,INSUFFICIENT,KBS_CURRENT_LISTING,INSUFFICIENT_DISCOVERY_EVIDENCE,listing evidence exclusion
3415,,BID12409,,,corpbond,INSUFFICIENT_DISCOVERY_EVIDENCE,EXCLUDED,UNAVAILABLE,UNAVAILABLE,,UNAVAILABLE,INSUFFICIENT,KBS_CURRENT_LISTING,INSUFFICIENT_DISCOVERY_EVIDENCE,listing evidence exclusion
3416,,MBBL12625,,,corpbond,INSUFFICIENT_DISCOVERY_EVIDENCE,EXCLUDED,UNAVAILABLE,UNAVAILABLE,,UNAVAILABLE,INSUFFICIENT,KBS_CURRENT_LISTING,INSUFFICIENT_DISCOVERY_EVIDENCE,listing evidence exclusion
3417,,VJC12315,,,corpbond,INSUFFICIENT_DISCOVERY_EVIDENCE,EXCLUDED,UNAVAILABLE,UNAVAILABLE,,UNAVAILABLE,INSUFFICIENT,KBS_CURRENT_LISTING,INSUFFICIENT_DISCOVERY_EVIDENCE,listing evidence exclusion
3418,,TCB12605,,,corpbond,INSUFFICIENT_DISCOVERY_EVIDENCE,EXCLUDED,UNAVAILABLE,UNAVAILABLE,,UNAVAILABLE,INSUFFICIENT,KBS_CURRENT_LISTING,INSUFFICIENT_DISCOVERY_EVIDENCE,listing evidence exclusion
3419,,TRE32501,,,corpbond,INSUFFICIENT_DISCOVERY_EVIDENCE,EXCLUDED,UNAVAILABLE,UNAVAILABLE,,UNAVAILABLE,INSUFFICIENT,KBS_CURRENT_LISTING,INSUFFICIENT_DISCOVERY_EVIDENCE,listing evidence exclusion
3420,,HDB12418,,,corpbond,INSUFFICIENT_DISCOVERY_EVIDENCE,EXCLUDED,UNAVAILABLE,UNAVAILABLE,,UNAVAILABLE,INSUFFICIENT,KBS_CURRENT_LISTING,INSUFFICIENT_DISCOVERY_EVIDENCE,listing evidence exclusion
3421,,TPB12505,,,corpbond,INSUFFICIENT_DISCOVERY_EVIDENCE,EXCLUDED,UNAVAILABLE,UNAVAILABLE,,UNAVAILABLE,INSUFFICIENT,KBS_CURRENT_LISTING,INSUFFICIENT_DISCOVERY_EVIDENCE,listing evidence exclusion
3422,,BAB12607,,,corpbond,INSUFFICIENT_DISCOVERY_EVIDENCE,EXCLUDED,UNAVAILABLE,UNAVAILABLE,,UNAVAILABLE,INSUFFICIENT,KBS_CURRENT_LISTING,INSUFFICIENT_DISCOVERY_EVIDENCE,listing evidence exclusion
3423,,MSF12402,,,corpbond,INSUFFICIENT_DISCOVERY_EVIDENCE,EXCLUDED,UNAVAILABLE,UNAVAILABLE,,UNAVAILABLE,INSUFFICIENT,KBS_CURRENT_LISTING,INSUFFICIENT_DISCOVERY_EVIDENCE,listing evidence exclusion
3424,,BID12206,,,corpbond,INSUFFICIENT_DISCOVERY_EVIDENCE,EXCLUDED,UNAVAILABLE,UNAVAILABLE,,UNAVAILABLE,INSUFFICIENT,KBS_CURRENT_LISTING,INSUFFICIENT_DISCOVERY_EVIDENCE,listing evidence exclusion
3425,,VHA32104,,,corpbond,INSUFFICIENT_DISCOVERY_EVIDENCE,EXCLUDED,UNAVAILABLE,UNAVAILABLE,,UNAVAILABLE,INSUFFICIENT,KBS_CURRENT_LISTING,INSUFFICIENT_DISCOVERY_EVIDENCE,listing evidence exclusion
3426,,HDL12109,,,corpbond,INSUFFICIENT_DISCOVERY_EVIDENCE,EXCLUDED,UNAVAILABLE,UNAVAILABLE,,UNAVAILABLE,INSUFFICIENT,KBS_CURRENT_LISTING,INSUFFICIENT_DISCOVERY_EVIDENCE,listing evidence exclusion
3427,,VCBL12610,,,corpbond,INSUFFICIENT_DISCOVERY_EVIDENCE,EXCLUDED,UNAVAILABLE,UNAVAILABLE,,UNAVAILABLE,INSUFFICIENT,KBS_CURRENT_LISTING,INSUFFICIENT_DISCOVERY_EVIDENCE,listing evidence exclusion
3428,,AVN32401,,,corpbond,INSUFFICIENT_DISCOVERY_EVIDENCE,EXCLUDED,UNAVAILABLE,UNAVAILABLE,,UNAVAILABLE,INSUFFICIENT,KBS_CURRENT_LISTING,INSUFFICIENT_DISCOVERY_EVIDENCE,listing evidence exclusion
3429,,SHD12402,,,corpbond,INSUFFICIENT_DISCOVERY_EVIDENCE,EXCLUDED,UNAVAILABLE,UNAVAILABLE,,UNAVAILABLE,INSUFFICIENT,KBS_CURRENT_LISTING,INSUFFICIENT_DISCOVERY_EVIDENCE,listing evidence exclusion
3430,,TDK12107,,,corpbond,INSUFFICIENT_DISCOVERY_EVIDENCE,EXCLUDED,UNAVAILABLE,UNAVAILABLE,,UNAVAILABLE,INSUFFICIENT,KBS_CURRENT_LISTING,INSUFFICIENT_DISCOVERY_EVIDENCE,listing evidence exclusion
3431,,CTG12219,,,corpbond,INSUFFICIENT_DISCOVERY_EVIDENCE,EXCLUDED,UNAVAILABLE,UNAVAILABLE,,UNAVAILABLE,INSUFFICIENT,KBS_CURRENT_LISTING,INSUFFICIENT_DISCOVERY_EVIDENCE,listing evidence exclusion
3432,,BID12514,,,corpbond,INSUFFICIENT_DISCOVERY_EVIDENCE,EXCLUDED,UNAVAILABLE,UNAVAILABLE,,UNAVAILABLE,INSUFFICIENT,KBS_CURRENT_LISTING,INSUFFICIENT_DISCOVERY_EVIDENCE,listing evidence exclusion
3433,,MBB12605,,,corpbond,INSUFFICIENT_DISCOVERY_EVIDENCE,EXCLUDED,UNAVAILABLE,UNAVAILABLE,,UNAVAILABLE,INSUFFICIENT,KBS_CURRENT_LISTING,INSUFFICIENT_DISCOVERY_EVIDENCE,listing evidence exclusion
3434,,VPB12504,,,corpbond,INSUFFICIENT_DISCOVERY_EVIDENCE,EXCLUDED,UNAVAILABLE,UNAVAILABLE,,UNAVAILABLE,INSUFFICIENT,KBS_CURRENT_LISTING,INSUFFICIENT_DISCOVERY_EVIDENCE,listing evidence exclusion
3435,,MBB12405,,,corpbond,INSUFFICIENT_DISCOVERY_EVIDENCE,EXCLUDED,UNAVAILABLE,UNAVAILABLE,,UNAVAILABLE,INSUFFICIENT,KBS_CURRENT_LISTING,INSUFFICIENT_DISCOVERY_EVIDENCE,listing evidence exclusion
3436,,MSB12404,,,corpbond,INSUFFICIENT_DISCOVERY_EVIDENCE,EXCLUDED,UNAVAILABLE,UNAVAILABLE,,UNAVAILABLE,INSUFFICIENT,KBS_CURRENT_LISTING,INSUFFICIENT_DISCOVERY_EVIDENCE,listing evidence exclusion
3437,,BID12554,,,corpbond,INSUFFICIENT_DISCOVERY_EVIDENCE,EXCLUDED,UNAVAILABLE,UNAVAILABLE,,UNAVAILABLE,INSUFFICIENT,KBS_CURRENT_LISTING,INSUFFICIENT_DISCOVERY_EVIDENCE,listing evidence exclusion
3438,,VJC12405,,,corpbond,INSUFFICIENT_DISCOVERY_EVIDENCE,EXCLUDED,UNAVAILABLE,UNAVAILABLE,,UNAVAILABLE,INSUFFICIENT,KBS_CURRENT_LISTING,INSUFFICIENT_DISCOVERY_EVIDENCE,listing evidence exclusion
3439,,TDK12103,,,corpbond,INSUFFICIENT_DISCOVERY_EVIDENCE,EXCLUDED,UNAVAILABLE,UNAVAILABLE,,UNAVAILABLE,INSUFFICIENT,KBS_CURRENT_LISTING,INSUFFICIENT_DISCOVERY_EVIDENCE,listing evidence exclusion
3440,,VHM12608,,,corpbond,INSUFFICIENT_DISCOVERY_EVIDENCE,EXCLUDED,UNAVAILABLE,UNAVAILABLE,,UNAVAILABLE,INSUFFICIENT,KBS_CURRENT_LISTING,INSUFFICIENT_DISCOVERY_EVIDENCE,listing evidence exclusion
3441,,CTG12502,,,corpbond,INSUFFICIENT_DISCOVERY_EVIDENCE,EXCLUDED,UNAVAILABLE,UNAVAILABLE,,UNAVAILABLE,INSUFFICIENT,KBS_CURRENT_LISTING,INSUFFICIENT_DISCOVERY_EVIDENCE,listing evidence exclusion
3442,,BID12405,,,corpbond,INSUFFICIENT_DISCOVERY_EVIDENCE,EXCLUDED,UNAVAILABLE,UNAVAILABLE,,UNAVAILABLE,INSUFFICIENT,KBS_CURRENT_LISTING,INSUFFICIENT_DISCOVERY_EVIDENCE,listing evidence exclusion
3443,,ACB12503,,,corpbond,INSUFFICIENT_DISCOVERY_EVIDENCE,EXCLUDED,UNAVAILABLE,UNAVAILABLE,,UNAVAILABLE,INSUFFICIENT,KBS_CURRENT_LISTING,INSUFFICIENT_DISCOVERY_EVIDENCE,listing evidence exclusion
3444,,VJC12314,,,corpbond,INSUFFICIENT_DISCOVERY_EVIDENCE,EXCLUDED,UNAVAILABLE,UNAVAILABLE,,UNAVAILABLE,INSUFFICIENT,KBS_CURRENT_LISTING,INSUFFICIENT_DISCOVERY_EVIDENCE,listing evidence exclusion
3445,,BID12119,,,corpbond,INSUFFICIENT_DISCOVERY_EVIDENCE,EXCLUDED,UNAVAILABLE,UNAVAILABLE,,UNAVAILABLE,INSUFFICIENT,KBS_CURRENT_LISTING,INSUFFICIENT_DISCOVERY_EVIDENCE,listing evidence exclusion
3446,,ABB12503,,,corpbond,INSUFFICIENT_DISCOVERY_EVIDENCE,EXCLUDED,UNAVAILABLE,UNAVAILABLE,,UNAVAILABLE,INSUFFICIENT,KBS_CURRENT_LISTING,INSUFFICIENT_DISCOVERY_EVIDENCE,listing evidence exclusion
3447,,HDB12427,,,corpbond,INSUFFICIENT_DISCOVERY_EVIDENCE,EXCLUDED,UNAVAILABLE,UNAVAILABLE,,UNAVAILABLE,INSUFFICIENT,KBS_CURRENT_LISTING,INSUFFICIENT_DISCOVERY_EVIDENCE,listing evidence exclusion
3448,,VJC12332,,,corpbond,INSUFFICIENT_DISCOVERY_EVIDENCE,EXCLUDED,UNAVAILABLE,UNAVAILABLE,,UNAVAILABLE,INSUFFICIENT,KBS_CURRENT_LISTING,INSUFFICIENT_DISCOVERY_EVIDENCE,listing evidence exclusion
3449,,BNC12501,,,corpbond,INSUFFICIENT_DISCOVERY_EVIDENCE,EXCLUDED,UNAVAILABLE,UNAVAILABLE,,UNAVAILABLE,INSUFFICIENT,KBS_CURRENT_LISTING,INSUFFICIENT_DISCOVERY_EVIDENCE,listing evidence exclusion
3450,,TPB12607,,,corpbond,INSUFFICIENT_DISCOVERY_EVIDENCE,EXCLUDED,UNAVAILABLE,UNAVAILABLE,,UNAVAILABLE,INSUFFICIENT,KBS_CURRENT_LISTING,INSUFFICIENT_DISCOVERY_EVIDENCE,listing evidence exclusion
3451,,MSR12304,,,corpbond,INSUFFICIENT_DISCOVERY_EVIDENCE,EXCLUDED,UNAVAILABLE,UNAVAILABLE,,UNAVAILABLE,INSUFFICIENT,KBS_CURRENT_LISTING,INSUFFICIENT_DISCOVERY_EVIDENCE,listing evidence exclusion
3452,,IMG12203,,,corpbond,INSUFFICIENT_DISCOVERY_EVIDENCE,EXCLUDED,UNAVAILABLE,UNAVAILABLE,,UNAVAILABLE,INSUFFICIENT,KBS_CURRENT_LISTING,INSUFFICIENT_DISCOVERY_EVIDENCE,listing evidence exclusion
3453,,LPB12407,,,corpbond,INSUFFICIENT_DISCOVERY_EVIDENCE,EXCLUDED,UNAVAILABLE,UNAVAILABLE,,UNAVAILABLE,INSUFFICIENT,KBS_CURRENT_LISTING,INSUFFICIENT_DISCOVERY_EVIDENCE,listing evidence exclusion
3454,,NLG12404,,,corpbond,INSUFFICIENT_DISCOVERY_EVIDENCE,EXCLUDED,UNAVAILABLE,UNAVAILABLE,,UNAVAILABLE,INSUFFICIENT,KBS_CURRENT_LISTING,INSUFFICIENT_DISCOVERY_EVIDENCE,listing evidence exclusion
